2026/09/17 19:23:09.948, 4.80, 0, 41
2026/09/17 19:23:10.959, 4.90, 0, 41
2026/09/17 19:23:11.959, 4.97, 0, 41
2026/09/17 19:23:12.959, 5.72, 0, 41
2026/09/17 19:23:13.987, 13.36, 0, 983
2026/09/17 19:23:14.987, 16.84, 0, 1085
2026/09/17 19:23:15.987, 17.31, 0, 1085
2026/09/17 19:23:16.987, 17.06, 0, 1275
2026/09/17 19:23:17.988, 91.95, 98, 5203
2026/09/17 19:23:18.988, 146.79, 100, 5203
2026/09/17 19:23:19.988, 147.03, 100, 5203
2026/09/17 19:23:20.988, 146.71, 98, 5203
2026/09/17 19:23:21.988, 147.86, 100, 5203
2026/09/17 19:23:22.988, 147.93, 100, 5203
2026/09/17 19:23:23.989, 147.87, 98, 5203
2026/09/17 19:23:24.989, 148.30, 100, 5203
2026/09/17 19:23:25.989, 148.49, 100, 5223
2026/09/17 19:23:26.989, 148.91, 98, 5223
2026/09/17 19:23:27.990, 148.81, 100, 5223
2026/09/17 19:23:28.990, 149.10, 100, 5223
2026/09/17 19:23:29.990, 149.73, 98, 5223
2026/09/17 19:23:30.990, 149.50, 99, 5223
2026/09/17 19:23:31.990, 148.63, 100, 5223
2026/09/17 19:23:32.991, 149.94, 98, 5223
2026/09/17 19:23:33.991, 150.23, 98, 5223
2026/09/17 19:23:34.991, 149.81, 100, 5223
2026/09/17 19:23:35.991, 150.67, 100, 5223
2026/09/17 19:23:36.991, 150.46, 98, 5223
2026/09/17 19:23:37.992, 149.86, 100, 5223
2026/09/17 19:23:38.992, 150.53, 100, 5223
2026/09/17 19:23:39.992, 151.60, 98, 5223
2026/09/17 19:23:40.992, 150.82, 100, 5223
2026/09/17 19:23:41.992, 151.48, 100, 5223
2026/09/17 19:23:42.993, 150.54, 98, 5223
2026/09/17 19:23:43.993, 151.01, 100, 5223
2026/09/17 19:23:44.993, 151.90, 100, 5223
2026/09/17 19:23:45.993, 152.01, 98, 5223
2026/09/17 19:23:46.993, 152.01, 100, 5223
2026/09/17 19:23:47.994, 150.86, 100, 5223
2026/09/17 19:23:48.994, 152.18, 98, 5223
2026/09/17 19:23:49.994, 151.97, 100, 5223
2026/09/17 19:23:50.994, 151.83, 100, 5223
2026/09/17 19:23:51.995, 152.68, 98, 5223
2026/09/17 19:23:52.995, 152.63, 100, 5223
2026/09/17 19:23:53.995, 152.80, 100, 5223
2026/09/17 19:23:54.995, 153.00, 98, 5223
2026/09/17 19:23:55.995, 152.97, 100, 5223
2026/09/17 19:23:56.996, 152.28, 100, 5223
2026/09/17 19:23:57.996, 152.25, 90, 5223
2026/09/17 19:23:58.996, 153.14, 100, 5223
2026/09/17 19:23:59.996, 152.73, 100, 5223
2026/09/17 19:24:00.997, 154.25, 98, 5223
2026/09/17 19:24:01.997, 153.53, 100, 5223
2026/09/17 19:24:02.997, 151.68, 100, 5223
2026/09/17 19:24:03.997, 152.29, 98, 5223
2026/09/17 19:24:04.997, 153.48, 100, 5223
2026/09/17 19:24:05.998, 152.95, 100, 5223
2026/09/17 19:24:06.998, 154.55, 100, 5223
2026/09/17 19:24:07.998, 153.95, 100, 5223
2026/09/17 19:24:08.998, 154.04, 98, 5223
2026/09/17 19:24:09.999, 153.37, 100, 5223
2026/09/17 19:24:10.999, 153.99, 100, 5223
2026/09/17 19:24:11.999, 153.38, 98, 5223
2026/09/17 19:24:12.999, 154.18, 100, 5223
2026/09/17 19:24:14.000, 154.79, 100, 5223
2026/09/17 19:24:15.000, 154.20, 100, 5223
2026/09/17 19:24:16.000, 154.93, 100, 5223
2026/09/17 19:24:17.000, 154.65, 100, 5223
2026/09/17 19:24:18.000, 154.71, 98, 5223
2026/09/17 19:24:19.009, 154.53, 100, 5223
2026/09/17 19:24:20.009, 155.14, 100, 5223
2026/09/17 19:24:21.010, 155.02, 98, 5223
2026/09/17 19:24:22.010, 154.93, 100, 5223
2026/09/17 19:24:23.010, 155.42, 100, 5223
2026/09/17 19:24:24.010, 154.73, 98, 5223
2026/09/17 19:24:25.010, 154.81, 100, 5223
2026/09/17 19:24:26.011, 155.45, 100, 5223
2026/09/17 19:24:27.011, 155.19, 98, 5223
2026/09/17 19:24:28.011, 155.14, 100, 5223
2026/09/17 19:24:29.020, 155.60, 100, 5223
2026/09/17 19:24:30.020, 155.67, 98, 5223
2026/09/17 19:24:31.020, 154.86, 98, 5223
2026/09/17 19:24:32.021, 155.52, 100, 5223
2026/09/17 19:24:33.021, 154.98, 99, 5223
2026/09/17 19:24:34.021, 154.55, 98, 5223
2026/09/17 19:24:35.021, 156.05, 100, 5223
2026/09/17 19:24:36.022, 156.13, 100, 5223
2026/09/17 19:24:37.022, 155.57, 98, 5223
2026/09/17 19:24:38.022, 156.75, 100, 5223
2026/09/17 19:24:39.031, 155.97, 100, 5223
2026/09/17 19:24:40.031, 156.05, 98, 5223
2026/09/17 19:24:41.031, 156.49, 100, 5223
2026/09/17 19:24:42.031, 155.98, 100, 5223
2026/09/17 19:24:43.032, 155.77, 98, 5223
2026/09/17 19:24:44.032, 156.67, 100, 5223
2026/09/17 19:24:45.032, 156.38, 100, 5223
2026/09/17 19:24:46.032, 155.46, 98, 5223
2026/09/17 19:24:47.032, 157.13, 100, 5223
2026/09/17 19:24:48.033, 156.44, 100, 5223
2026/09/17 19:24:49.033, 155.36, 98, 5223
2026/09/17 19:24:50.033, 156.15, 100, 5223
2026/09/17 19:24:51.033, 156.43, 100, 5223
2026/09/17 19:24:52.033, 156.20, 98, 5223
2026/09/17 19:24:53.034, 156.98, 100, 5223
2026/09/17 19:24:54.034, 156.51, 100, 5223
2026/09/17 19:24:55.034, 156.23, 98, 5223
2026/09/17 19:24:56.034, 156.74, 100, 5223
2026/09/17 19:24:57.034, 157.11, 100, 5223
2026/09/17 19:24:58.035, 155.75, 98, 5223
2026/09/17 19:24:59.035, 156.15, 100, 5223
2026/09/17 19:25:00.035, 156.97, 100, 5223
2026/09/17 19:25:01.035, 156.73, 98, 5223
2026/09/17 19:25:02.036, 157.26, 100, 5223
2026/09/17 19:25:03.036, 156.78, 100, 5223
2026/09/17 19:25:04.036, 155.91, 98, 5223
2026/09/17 19:25:05.036, 156.65, 100, 5223
2026/09/17 19:25:06.036, 156.89, 100, 5223
2026/09/17 19:25:07.037, 155.71, 98, 5223
2026/09/17 19:25:08.037, 156.79, 100, 5223
2026/09/17 19:25:09.037, 157.13, 100, 5223
2026/09/17 19:25:10.037, 156.42, 98, 5223
2026/09/17 19:25:11.038, 156.77, 100, 5223
2026/09/17 19:25:12.038, 157.02, 100, 5223
2026/09/17 19:25:13.038, 156.12, 98, 5223
2026/09/17 19:25:14.038, 156.89, 100, 5223
2026/09/17 19:25:15.038, 156.09, 100, 5223
2026/09/17 19:25:16.039, 156.52, 98, 5223
2026/09/17 19:25:17.039, 157.21, 100, 5223
2026/09/17 19:25:18.039, 157.06, 100, 5223
2026/09/17 19:25:19.039, 156.62, 98, 5223
2026/09/17 19:25:20.039, 156.81, 100, 5223
2026/09/17 19:25:21.040, 157.05, 100, 5223
2026/09/17 19:25:22.040, 156.81, 98, 5223
2026/09/17 19:25:23.040, 157.11, 100, 5223
2026/09/17 19:25:24.040, 156.99, 100, 5223
2026/09/17 19:25:25.049, 156.04, 98, 5223
2026/09/17 19:25:26.049, 156.88, 100, 5223
2026/09/17 19:25:27.049, 156.82, 100, 5223
2026/09/17 19:25:28.050, 156.03, 98, 5223
2026/09/17 19:25:29.050, 157.87, 100, 5223
2026/09/17 19:25:30.050, 157.24, 100, 5223
2026/09/17 19:25:31.050, 156.35, 98, 5223
2026/09/17 19:25:32.051, 157.10, 100, 5223
2026/09/17 19:25:33.051, 157.79, 100, 5223
2026/09/17 19:25:34.051, 157.35, 98, 5223
2026/09/17 19:25:35.051, 157.82, 100, 5223
2026/09/17 19:25:36.051, 157.47, 100, 5223
2026/09/17 19:25:37.051, 156.23, 98, 5223
2026/09/17 19:25:38.052, 157.33, 100, 5223
2026/09/17 19:25:39.052, 157.04, 100, 5223
2026/09/17 19:25:40.052, 156.59, 98, 5223
2026/09/17 19:25:41.052, 157.77, 100, 5223
2026/09/17 19:25:42.052, 157.42, 100, 5223
2026/09/17 19:25:43.053, 156.78, 98, 5223
2026/09/17 19:25:44.053, 157.34, 100, 5223
2026/09/17 19:25:45.062, 157.33, 100, 5223
2026/09/17 19:25:46.062, 156.13, 98, 5223
2026/09/17 19:25:47.062, 157.51, 100, 5223
2026/09/17 19:25:48.062, 157.69, 100, 5223
2026/09/17 19:25:49.062, 157.21, 98, 5223
2026/09/17 19:25:50.063, 158.13, 100, 5223
2026/09/17 19:25:51.063, 157.56, 100, 5223
2026/09/17 19:25:52.063, 156.62, 98, 5223
2026/09/17 19:25:53.063, 157.45, 100, 5223
2026/09/17 19:25:54.064, 157.62, 100, 5223
2026/09/17 19:25:55.064, 156.88, 98, 5223
2026/09/17 19:25:56.064, 158.05, 100, 5223
2026/09/17 19:25:57.065, 157.63, 100, 5223
2026/09/17 19:25:58.065, 157.30, 98, 5223
2026/09/17 19:25:59.065, 158.11, 100, 5223
2026/09/17 19:26:00.074, 157.82, 100, 5223
2026/09/17 19:26:01.074, 157.75, 98, 5223
2026/09/17 19:26:02.074, 157.53, 100, 5223
2026/09/17 19:26:03.074, 157.67, 100, 5223
2026/09/17 19:26:04.075, 156.85, 98, 5223
2026/09/17 19:26:05.075, 157.74, 100, 5223
2026/09/17 19:26:06.075, 157.86, 100, 5223
2026/09/17 19:26:07.075, 156.85, 98, 5223
2026/09/17 19:26:08.076, 157.56, 100, 5223
2026/09/17 19:26:09.076, 157.59, 100, 5223
2026/09/17 19:26:10.084, 156.63, 98, 5223
2026/09/17 19:26:11.085, 157.41, 100, 5223
2026/09/17 19:26:12.085, 157.83, 100, 5223
2026/09/17 19:26:13.085, 156.51, 98, 5223
2026/09/17 19:26:14.085, 158.43, 100, 5223
2026/09/17 19:26:15.094, 157.63, 100, 5223
2026/09/17 19:26:16.094, 157.00, 98, 5223
2026/09/17 19:26:17.094, 157.76, 100, 5223
2026/09/17 19:26:18.095, 157.52, 100, 5223
2026/09/17 19:26:19.095, 156.60, 98, 5223
2026/09/17 19:26:20.103, 157.28, 100, 5223
2026/09/17 19:26:21.104, 157.70, 100, 5223
2026/09/17 19:26:22.104, 156.44, 98, 5223
2026/09/17 19:26:23.104, 157.40, 100, 5223
2026/09/17 19:26:24.104, 157.75, 100, 5223
2026/09/17 19:26:25.105, 156.70, 98, 5223
2026/09/17 19:26:26.105, 157.74, 100, 5223
2026/09/17 19:26:27.105, 157.44, 100, 5223
2026/09/17 19:26:28.105, 156.98, 98, 5223
2026/09/17 19:26:29.105, 157.53, 100, 5223
2026/09/17 19:26:30.106, 156.37, 100, 5223
2026/09/17 19:26:31.106, 156.30, 98, 5223
2026/09/17 19:26:32.106, 157.21, 100, 5223
2026/09/17 19:26:33.106, 157.45, 100, 5223
2026/09/17 19:26:34.106, 156.39, 98, 5223
2026/09/17 19:26:35.107, 156.46, 100, 5223
2026/09/17 19:26:36.107, 157.62, 100, 5223
2026/09/17 19:26:37.107, 156.61, 98, 5223
2026/09/17 19:26:38.107, 157.70, 100, 5223
2026/09/17 19:26:39.108, 157.87, 100, 5223
2026/09/17 19:26:40.108, 156.33, 98, 5223
2026/09/17 19:26:41.108, 158.59, 100, 5223
2026/09/17 19:26:42.108, 157.84, 100, 5223
2026/09/17 19:26:43.108, 157.09, 98, 5223
2026/09/17 19:26:44.109, 158.00, 100, 5223
2026/09/17 19:26:45.109, 156.39, 97, 5223
2026/09/17 19:26:46.109, 157.09, 98, 5223
2026/09/17 19:26:47.109, 157.88, 100, 5223
2026/09/17 19:26:48.109, 157.95, 99, 5223
2026/09/17 19:26:49.110, 156.98, 98, 5223
2026/09/17 19:26:50.110, 158.54, 100, 5223
2026/09/17 19:26:51.110, 156.55, 98, 5223
2026/09/17 19:26:52.110, 157.07, 100, 5223
2026/09/17 19:26:53.111, 157.81, 100, 5223
2026/09/17 19:26:54.111, 157.23, 98, 5223
2026/09/17 19:26:55.111, 157.28, 100, 5223
2026/09/17 19:26:56.111, 157.91, 100, 5223
2026/09/17 19:26:57.111, 157.33, 98, 5223
2026/09/17 19:26:58.111, 157.33, 100, 5223
2026/09/17 19:26:59.112, 157.72, 100, 5223
2026/09/17 19:27:00.112, 157.25, 98, 5223
2026/09/17 19:27:01.112, 157.19, 100, 5223
2026/09/17 19:27:02.112, 157.67, 100, 5223
2026/09/17 19:27:03.112, 157.79, 98, 5223
2026/09/17 19:27:04.113, 157.10, 100, 5223
2026/09/17 19:27:05.113, 158.00, 100, 5223
2026/09/17 19:27:06.113, 157.49, 98, 5223
2026/09/17 19:27:07.113, 158.08, 100, 5223
2026/09/17 19:27:08.114, 157.98, 100, 5223
2026/09/17 19:27:09.114, 157.58, 98, 5223
2026/09/17 19:27:10.114, 157.43, 100, 5223
2026/09/17 19:27:11.114, 157.90, 100, 5223
2026/09/17 19:27:12.115, 157.10, 98, 5223
2026/09/17 19:27:13.115, 157.63, 100, 5223
2026/09/17 19:27:14.115, 140.83, 0, 5223
2026/09/17 19:27:15.124, 28.06, 0, 5223
2026/09/17 19:27:16.124, 50.63, 0, 5223
2026/09/17 19:27:17.124, 50.58, 0, 5223
2026/09/17 19:27:18.124, 50.44, 0, 5223
2026/09/17 19:27:19.125, 49.15, 100, 5223
2026/09/17 19:27:20.125, 40.81, 0, 5223
2026/09/17 19:27:21.125, 48.08, 0, 5223
2026/09/17 19:27:22.125, 48.02, 0, 5223
2026/09/17 19:27:23.125, 67.50, 100, 5225
2026/09/17 19:27:24.125, 141.43, 100, 5225
2026/09/17 19:27:25.126, 152.71, 100, 5225
2026/09/17 19:27:26.126, 160.43, 100, 5225
2026/09/17 19:27:27.126, 155.51, 99, 5225
2026/09/17 19:27:28.126, 153.14, 100, 5225
2026/09/17 19:27:29.126, 158.79, 99, 5225
2026/09/17 19:27:30.127, 157.96, 99, 5225
2026/09/17 19:27:31.127, 153.26, 99, 5225
2026/09/17 19:27:32.127, 156.27, 99, 5225
2026/09/17 19:27:33.127, 160.57, 100, 5225
2026/09/17 19:27:34.127, 153.49, 99, 5225
2026/09/17 19:27:35.128, 154.16, 100, 5225
2026/09/17 19:27:36.128, 161.89, 99, 5225
2026/09/17 19:27:37.128, 154.56, 100, 5225
2026/09/17 19:27:38.128, 153.75, 99, 5225
2026/09/17 19:27:39.129, 159.95, 100, 5225
2026/09/17 19:27:40.129, 157.77, 100, 5225
2026/09/17 19:27:41.129, 153.90, 100, 5225
2026/09/17 19:27:42.129, 157.87, 99, 5225
2026/09/17 19:27:43.129, 160.06, 99, 5225
2026/09/17 19:27:44.130, 154.01, 100, 5225
2026/09/17 19:27:45.130, 155.41, 99, 5225
2026/09/17 19:27:46.130, 162.46, 99, 5225
2026/09/17 19:27:47.130, 154.85, 99, 5225
2026/09/17 19:27:48.131, 154.26, 100, 5225
2026/09/17 19:27:49.131, 161.54, 99, 5225
2026/09/17 19:27:50.131, 156.73, 99, 5225
2026/09/17 19:27:51.131, 154.51, 99, 5225
2026/09/17 19:27:52.131, 84.19, 0, 5225
2026/09/17 19:27:53.132, 125.60, 100, 5225
2026/09/17 19:27:54.132, 157.02, 100, 5225
2026/09/17 19:27:55.132, 157.13, 98, 5225
2026/09/17 19:27:56.133, 157.32, 100, 5225
2026/09/17 19:27:57.133, 156.93, 100, 5225
2026/09/17 19:27:58.133, 156.46, 98, 5225
2026/09/17 19:27:59.142, 157.12, 100, 5225
2026/09/17 19:28:00.142, 157.07, 100, 5225
2026/09/17 19:28:01.142, 156.65, 98, 5225
2026/09/17 19:28:02.142, 157.68, 100, 5225
2026/09/17 19:28:03.142, 156.92, 100, 5225
2026/09/17 19:28:04.143, 157.28, 98, 5225
2026/09/17 19:28:05.143, 158.10, 100, 5225
2026/09/17 19:28:06.143, 157.57, 100, 5225
2026/09/17 19:28:07.143, 156.80, 98, 5225
2026/09/17 19:28:08.143, 157.52, 100, 5225
2026/09/17 19:28:09.144, 156.05, 100, 5225
2026/09/17 19:28:10.144, 156.06, 98, 5225
2026/09/17 19:28:11.144, 157.07, 100, 5225
2026/09/17 19:28:12.144, 157.17, 100, 5225
2026/09/17 19:28:13.145, 156.65, 98, 5225
2026/09/17 19:28:14.145, 157.55, 100, 5225
2026/09/17 19:28:15.145, 157.36, 100, 5225
2026/09/17 19:28:16.145, 157.04, 98, 5225
2026/09/17 19:28:17.145, 157.34, 100, 5225
2026/09/17 19:28:18.146, 157.61, 100, 5225
2026/09/17 19:28:19.146, 155.77, 98, 5225
2026/09/17 19:28:20.146, 157.91, 100, 5225
2026/09/17 19:28:21.146, 157.20, 100, 5225
2026/09/17 19:28:22.146, 156.62, 97, 5225
2026/09/17 19:28:23.147, 157.54, 100, 5225
2026/09/17 19:28:24.147, 155.93, 100, 5225
2026/09/17 19:28:25.147, 156.59, 98, 5225
2026/09/17 19:28:26.147, 158.54, 100, 5225
2026/09/17 19:28:27.148, 157.66, 99, 5225
2026/09/17 19:28:28.148, 156.69, 98, 5225
2026/09/17 19:28:29.148, 156.50, 100, 5225
2026/09/17 19:28:30.148, 157.35, 98, 5225
2026/09/17 19:28:31.148, 157.41, 100, 5225
2026/09/17 19:28:32.149, 157.55, 100, 5225
2026/09/17 19:28:33.149, 157.10, 98, 5225
2026/09/17 19:28:34.149, 157.54, 100, 5225
2026/09/17 19:28:35.149, 156.90, 100, 5225
2026/09/17 19:28:36.150, 157.02, 98, 5225
2026/09/17 19:28:37.150, 156.99, 100, 5225
2026/09/17 19:28:38.150, 157.41, 100, 5225
2026/09/17 19:28:39.150, 156.64, 98, 5225
2026/09/17 19:28:40.150, 157.13, 100, 5225
2026/09/17 19:28:41.151, 157.87, 100, 5225
2026/09/17 19:28:42.151, 156.70, 98, 5225
2026/09/17 19:28:43.151, 157.22, 100, 5225
2026/09/17 19:28:44.151, 157.52, 100, 5225
2026/09/17 19:28:45.152, 156.59, 98, 5225
2026/09/17 19:28:46.152, 157.05, 100, 5225
2026/09/17 19:28:47.152, 157.35, 100, 5225
2026/09/17 19:28:48.152, 156.43, 98, 5225
2026/09/17 19:28:49.152, 157.00, 100, 5225
2026/09/17 19:28:50.153, 157.31, 100, 5225
2026/09/17 19:28:51.161, 156.37, 98, 5225
2026/09/17 19:28:52.162, 157.28, 100, 5225
2026/09/17 19:28:53.162, 157.46, 100, 5225
2026/09/17 19:28:54.162, 157.47, 98, 5225
2026/09/17 19:28:55.162, 157.96, 100, 5225
2026/09/17 19:28:56.171, 157.71, 100, 5225
2026/09/17 19:28:57.171, 156.71, 98, 5225
2026/09/17 19:28:58.171, 158.14, 100, 5225
2026/09/17 19:28:59.172, 157.43, 98, 5225
2026/09/17 19:29:00.172, 157.11, 98, 5225
2026/09/17 19:29:01.172, 157.31, 100, 5225
2026/09/17 19:29:02.173, 157.95, 98, 5225
2026/09/17 19:29:03.173, 157.70, 99, 5225
2026/09/17 19:29:04.173, 157.87, 100, 5225
2026/09/17 19:29:05.173, 158.37, 98, 5225
2026/09/17 19:29:06.182, 157.65, 99, 5225
2026/09/17 19:29:07.182, 157.40, 100, 5225
2026/09/17 19:29:08.182, 157.66, 98, 5225
2026/09/17 19:29:09.183, 157.75, 100, 5225
2026/09/17 19:29:10.183, 157.75, 100, 5225
2026/09/17 19:29:11.183, 157.41, 98, 5225
2026/09/17 19:29:12.183, 157.53, 100, 5225
2026/09/17 19:29:13.184, 158.02, 100, 5225
2026/09/17 19:29:14.184, 158.48, 98, 5225
2026/09/17 19:29:15.184, 158.12, 100, 5225
2026/09/17 19:29:16.184, 157.70, 100, 5225
2026/09/17 19:29:17.185, 158.33, 98, 5225
2026/09/17 19:29:18.185, 157.94, 99, 5225
2026/09/17 19:29:19.185, 157.60, 100, 5225
2026/09/17 19:29:20.185, 158.30, 98, 5225
2026/09/17 19:29:21.185, 158.13, 99, 5225
2026/09/17 19:29:22.186, 157.70, 100, 5225
2026/09/17 19:29:23.186, 157.94, 98, 5225
2026/09/17 19:29:24.186, 157.61, 99, 5225
2026/09/17 19:29:25.186, 157.67, 100, 5225
2026/09/17 19:29:26.195, 157.56, 98, 5225
2026/09/17 19:29:27.195, 157.76, 100, 5225
2026/09/17 19:29:28.196, 157.77, 100, 5225
2026/09/17 19:29:29.196, 158.10, 98, 5225
2026/09/17 19:29:30.196, 157.52, 100, 5225
2026/09/17 19:29:31.204, 156.39, 100, 5225
2026/09/17 19:29:32.204, 157.06, 98, 5225
2026/09/17 19:29:33.205, 157.61, 100, 5225
2026/09/17 19:29:34.205, 157.74, 100, 5225
2026/09/17 19:29:35.205, 157.51, 98, 5225
2026/09/17 19:29:36.205, 157.68, 100, 5225
2026/09/17 19:29:37.205, 157.33, 100, 5225
2026/09/17 19:29:38.206, 157.22, 98, 5225
2026/09/17 19:29:39.206, 157.35, 100, 5225
2026/09/17 19:29:40.206, 157.23, 100, 5225
2026/09/17 19:29:41.206, 156.86, 98, 5225
2026/09/17 19:29:42.206, 157.85, 100, 5225
2026/09/17 19:29:43.207, 157.49, 100, 5225
2026/09/17 19:29:44.207, 157.35, 98, 5225
2026/09/17 19:29:45.207, 157.65, 100, 5225
2026/09/17 19:29:46.207, 156.83, 100, 5225
2026/09/17 19:29:47.207, 156.94, 98, 5225
2026/09/17 19:29:48.208, 158.44, 100, 5225
2026/09/17 19:29:49.208, 157.68, 100, 5225
2026/09/17 19:29:50.208, 157.44, 98, 5225
2026/09/17 19:29:51.208, 156.71, 100, 5225
2026/09/17 19:29:52.209, 157.28, 98, 5225
2026/09/17 19:29:53.209, 157.80, 100, 5225
2026/09/17 19:29:54.209, 157.78, 100, 5225
2026/09/17 19:29:55.209, 157.50, 98, 5225
2026/09/17 19:29:56.209, 157.97, 100, 5225
2026/09/17 19:29:57.210, 157.68, 100, 5225
2026/09/17 19:29:58.210, 156.95, 98, 5225
2026/09/17 19:29:59.210, 157.56, 100, 5225
2026/09/17 19:30:00.210, 157.45, 100, 5225
2026/09/17 19:30:01.210, 156.80, 98, 5225
2026/09/17 19:30:02.211, 158.14, 100, 5225
2026/09/17 19:30:03.211, 157.34, 100, 5225
2026/09/17 19:30:04.211, 156.92, 98, 5225
2026/09/17 19:30:05.211, 157.62, 100, 5225
2026/09/17 19:30:06.212, 157.76, 100, 5225
2026/09/17 19:30:07.212, 156.97, 98, 5225
2026/09/17 19:30:08.212, 157.84, 100, 5225
2026/09/17 19:30:09.212, 157.86, 100, 5225
2026/09/17 19:30:10.212, 157.74, 98, 5225
2026/09/17 19:30:11.213, 157.82, 100, 5225
2026/09/17 19:30:12.221, 157.71, 100, 5225
2026/09/17 19:30:13.221, 157.04, 98, 5225
2026/09/17 19:30:14.222, 157.85, 100, 5225
2026/09/17 19:30:15.222, 157.76, 100, 5225
2026/09/17 19:30:16.222, 157.70, 98, 5225
2026/09/17 19:30:17.222, 158.60, 100, 5225
2026/09/17 19:30:18.223, 157.79, 100, 5225
2026/09/17 19:30:19.223, 157.50, 98, 5225
2026/09/17 19:30:20.223, 157.76, 100, 5225
2026/09/17 19:30:21.223, 157.53, 99, 5225
2026/09/17 19:30:22.232, 157.30, 97, 5225
2026/09/17 19:30:23.232, 157.86, 100, 5225
2026/09/17 19:30:24.232, 157.53, 98, 5225
2026/09/17 19:30:25.232, 157.40, 99, 5225
2026/09/17 19:30:26.233, 157.77, 100, 5225
2026/09/17 19:30:27.233, 157.50, 98, 5225
2026/09/17 19:30:28.233, 157.73, 100, 5225
2026/09/17 19:30:29.233, 157.91, 100, 5225
2026/09/17 19:30:30.234, 157.50, 98, 5225
2026/09/17 19:30:31.234, 157.64, 100, 5225
2026/09/17 19:30:32.234, 158.18, 100, 5225
2026/09/17 19:30:33.234, 157.04, 98, 5225
2026/09/17 19:30:34.234, 157.40, 100, 5225
2026/09/17 19:30:35.235, 157.99, 100, 5225
2026/09/17 19:30:36.235, 157.36, 98, 5225
2026/09/17 19:30:37.235, 157.45, 100, 5225
2026/09/17 19:30:38.235, 157.71, 100, 5225
2026/09/17 19:30:39.236, 156.90, 98, 5225
2026/09/17 19:30:40.236, 157.39, 100, 5225
2026/09/17 19:30:41.236, 157.75, 100, 5225
2026/09/17 19:30:42.245, 157.12, 98, 5225
2026/09/17 19:30:43.245, 157.25, 100, 5225
2026/09/17 19:30:44.245, 157.75, 100, 5225
2026/09/17 19:30:45.245, 157.69, 98, 5225
2026/09/17 19:30:46.245, 157.47, 100, 5225
2026/09/17 19:30:47.254, 157.26, 100, 5225
2026/09/17 19:30:48.254, 156.79, 98, 5225
2026/09/17 19:30:49.255, 158.16, 100, 5225
2026/09/17 19:30:50.255, 158.01, 100, 5225
2026/09/17 19:30:51.255, 157.67, 98, 5225
2026/09/17 19:30:52.264, 158.45, 100, 5225
2026/09/17 19:30:53.264, 158.19, 99, 5225
2026/09/17 19:30:54.264, 157.29, 98, 5225
2026/09/17 19:30:55.264, 158.22, 100, 5225
2026/09/17 19:30:56.265, 157.65, 98, 5225
2026/09/17 19:30:57.273, 157.91, 99, 5225
2026/09/17 19:30:58.273, 157.53, 100, 5225
2026/09/17 19:30:59.274, 157.77, 98, 5225
2026/09/17 19:31:00.274, 157.70, 100, 5225
2026/09/17 19:31:01.274, 157.61, 100, 5225
2026/09/17 19:31:02.274, 157.90, 98, 5225
2026/09/17 19:31:03.274, 158.12, 100, 5225
2026/09/17 19:31:04.275, 157.51, 100, 5225
2026/09/17 19:31:05.275, 157.54, 98, 5225
2026/09/17 19:31:06.275, 158.03, 100, 5225
2026/09/17 19:31:07.275, 157.99, 100, 5225
2026/09/17 19:31:08.276, 157.44, 98, 5225
2026/09/17 19:31:09.276, 157.66, 100, 5225
2026/09/17 19:31:10.276, 157.72, 100, 5225
2026/09/17 19:31:11.276, 157.10, 98, 5225
2026/09/17 19:31:12.285, 158.13, 100, 5225
2026/09/17 19:31:13.285, 157.31, 100, 5225
2026/09/17 19:31:14.285, 157.26, 98, 5225
2026/09/17 19:31:15.286, 157.62, 100, 5225
2026/09/17 19:31:16.286, 157.33, 100, 5225
2026/09/17 19:31:17.286, 157.13, 98, 5225
2026/09/17 19:31:18.286, 157.68, 100, 5225
2026/09/17 19:31:19.286, 157.68, 100, 5225
2026/09/17 19:31:20.286, 157.19, 98, 5225
2026/09/17 19:31:21.287, 157.87, 100, 5225
2026/09/17 19:31:22.287, 156.35, 100, 5225
2026/09/17 19:31:23.287, 157.26, 98, 5225
2026/09/17 19:31:24.287, 158.34, 100, 5225
2026/09/17 19:31:25.288, 157.49, 100, 5225
2026/09/17 19:31:26.288, 157.26, 98, 5225
2026/09/17 19:31:27.288, 157.37, 100, 5225
2026/09/17 19:31:28.288, 156.94, 98, 5225
2026/09/17 19:31:29.289, 157.55, 100, 5225
2026/09/17 19:31:30.289, 157.56, 100, 5225
2026/09/17 19:31:31.289, 156.97, 98, 5225
2026/09/17 19:31:32.289, 157.72, 100, 5225
2026/09/17 19:31:33.290, 156.53, 100, 5225
2026/09/17 19:31:34.290, 157.10, 98, 5225
2026/09/17 19:31:35.290, 157.73, 100, 5225
2026/09/17 19:31:36.290, 158.07, 100, 5225
2026/09/17 19:31:37.291, 157.33, 98, 5225
2026/09/17 19:31:38.291, 156.93, 100, 5225
2026/09/17 19:31:39.291, 157.65, 100, 5225
2026/09/17 19:31:40.291, 156.74, 98, 5225
2026/09/17 19:31:41.291, 157.46, 100, 5225
2026/09/17 19:31:42.292, 157.55, 100, 5225
2026/09/17 19:31:43.292, 156.79, 98, 5225
2026/09/17 19:31:44.292, 158.49, 100, 5225
2026/09/17 19:31:45.292, 157.79, 100, 5225
2026/09/17 19:31:46.293, 156.83, 98, 5225
2026/09/17 19:31:47.293, 157.60, 100, 5225
2026/09/17 19:31:48.293, 157.54, 100, 5225
2026/09/17 19:31:49.293, 156.60, 98, 5225
2026/09/17 19:31:50.294, 156.64, 99, 5225
2026/09/17 19:31:51.294, 163.26, 100, 5225
2026/09/17 19:31:52.294, 155.42, 99, 5225
2026/09/17 19:31:53.303, 155.27, 100, 5225
2026/09/17 19:31:54.303, 162.96, 99, 5225
2026/09/17 19:31:55.303, 158.50, 100, 5225
2026/09/17 19:31:56.303, 155.07, 99, 5225
2026/09/17 19:31:57.304, 159.37, 99, 5225
2026/09/17 19:31:58.304, 160.43, 100, 5225
2026/09/17 19:31:59.304, 155.47, 100, 5225
2026/09/17 19:32:00.304, 157.12, 100, 5225
2026/09/17 19:32:01.304, 162.62, 100, 5225
2026/09/17 19:32:02.305, 155.62, 100, 5225
2026/09/17 19:32:03.305, 155.26, 100, 5225
2026/09/17 19:32:04.305, 162.40, 100, 5225
2026/09/17 19:32:05.305, 157.34, 99, 5225
2026/09/17 19:32:06.305, 155.14, 100, 5225
2026/09/17 19:32:07.306, 160.48, 100, 5225
2026/09/17 19:32:08.306, 160.50, 99, 5225
2026/09/17 19:32:09.306, 155.04, 99, 5225
2026/09/17 19:32:10.306, 158.11, 99, 5225
2026/09/17 19:32:11.307, 162.63, 100, 5225
2026/09/17 19:32:12.307, 155.45, 99, 5225
2026/09/17 19:32:13.307, 155.51, 98, 5225
2026/09/17 19:32:14.307, 163.08, 99, 5225
2026/09/17 19:32:15.307, 156.39, 100, 5225
2026/09/17 19:32:16.308, 155.37, 100, 5225
2026/09/17 19:32:17.308, 161.17, 99, 5225
2026/09/17 19:32:18.308, 158.95, 100, 5225
2026/09/17 19:32:19.308, 155.13, 100, 5225
2026/09/17 19:32:20.309, 102.07, 0, 5225
2026/09/17 19:32:21.309, 108.25, 98, 5225
2026/09/17 19:32:22.317, 157.48, 100, 5225
2026/09/17 19:32:23.318, 157.60, 100, 5225
2026/09/17 19:32:24.318, 157.32, 98, 5225
2026/09/17 19:32:25.318, 157.53, 100, 5225
2026/09/17 19:32:26.318, 157.62, 100, 5225
2026/09/17 19:32:27.327, 157.40, 98, 5225
2026/09/17 19:32:28.327, 157.45, 100, 5225
2026/09/17 19:32:29.327, 157.47, 100, 5225
2026/09/17 19:32:30.328, 157.44, 98, 5225
2026/09/17 19:32:31.328, 157.59, 100, 5225
2026/09/17 19:32:32.336, 157.61, 100, 5225
2026/09/17 19:32:33.337, 157.49, 98, 5225
2026/09/17 19:32:34.337, 157.71, 100, 5225
2026/09/17 19:32:35.337, 157.49, 100, 5225
2026/09/17 19:32:36.337, 157.54, 98, 5225
2026/09/17 19:32:37.346, 158.26, 100, 5225
2026/09/17 19:32:38.346, 158.14, 100, 5225
2026/09/17 19:32:39.346, 157.57, 98, 5225
2026/09/17 19:32:40.347, 158.00, 100, 5225
2026/09/17 19:32:41.347, 157.83, 100, 5225
2026/09/17 19:32:42.355, 157.38, 98, 5225
2026/09/17 19:32:43.356, 157.68, 100, 5225
2026/09/17 19:32:44.356, 157.45, 100, 5225
2026/09/17 19:32:45.356, 157.25, 98, 5225
2026/09/17 19:32:46.356, 157.58, 100, 5225
2026/09/17 19:32:47.356, 157.48, 100, 5225
2026/09/17 19:32:48.357, 157.82, 98, 5225
2026/09/17 19:32:49.357, 157.70, 100, 5225
2026/09/17 19:32:50.357, 157.74, 100, 5225
2026/09/17 19:32:51.357, 157.17, 98, 5225
2026/09/17 19:32:52.358, 156.61, 100, 5225
2026/09/17 19:32:53.358, 157.36, 100, 5225
2026/09/17 19:32:54.358, 156.98, 98, 5225
2026/09/17 19:32:55.358, 157.61, 100, 5225
2026/09/17 19:32:56.358, 157.76, 100, 5225
2026/09/17 19:32:57.359, 156.65, 98, 5225
2026/09/17 19:32:58.359, 157.96, 100, 5225
2026/09/17 19:32:59.359, 157.26, 100, 5225
2026/09/17 19:33:00.359, 156.87, 98, 5225
2026/09/17 19:33:01.359, 157.66, 100, 5225
2026/09/17 19:33:02.360, 157.29, 98, 5225
2026/09/17 19:33:03.360, 157.45, 98, 5225
2026/09/17 19:33:04.360, 157.60, 100, 5225
2026/09/17 19:33:05.360, 157.40, 98, 5225
2026/09/17 19:33:06.361, 157.72, 99, 5225
2026/09/17 19:33:07.361, 156.58, 100, 5225
2026/09/17 19:33:08.361, 157.13, 98, 5225
2026/09/17 19:33:09.361, 158.19, 100, 5225
2026/09/17 19:33:10.361, 157.76, 100, 5225
2026/09/17 19:33:11.362, 157.06, 98, 5225
2026/09/17 19:33:12.362, 157.06, 100, 5225
2026/09/17 19:33:13.362, 157.72, 100, 5225
2026/09/17 19:33:14.362, 157.24, 98, 5225
2026/09/17 19:33:15.362, 157.73, 100, 5225
2026/09/17 19:33:16.363, 157.33, 100, 5225
2026/09/17 19:33:17.363, 155.57, 90, 5225
2026/09/17 19:33:18.363, 156.51, 100, 5225
2026/09/17 19:33:19.363, 157.27, 100, 5225
2026/09/17 19:33:20.364, 156.74, 98, 5225
2026/09/17 19:33:21.364, 157.70, 100, 5225
2026/09/17 19:33:22.364, 157.49, 100, 5225
2026/09/17 19:33:23.364, 155.79, 98, 5225
2026/09/17 19:33:24.364, 157.84, 100, 5225
2026/09/17 19:33:25.365, 157.79, 99, 5225
2026/09/17 19:33:26.365, 157.00, 98, 5225
2026/09/17 19:33:27.365, 158.32, 100, 5225
2026/09/17 19:33:28.365, 156.71, 98, 5225
2026/09/17 19:33:29.366, 157.49, 100, 5225
2026/09/17 19:33:30.366, 157.86, 100, 5225
2026/09/17 19:33:31.366, 157.80, 98, 5225
2026/09/17 19:33:32.366, 157.75, 100, 5225
2026/09/17 19:33:33.375, 158.09, 100, 5225
2026/09/17 19:33:34.375, 158.04, 98, 5225
2026/09/17 19:33:35.375, 157.74, 100, 5225
2026/09/17 19:33:36.376, 158.47, 100, 5225
2026/09/17 19:33:37.376, 157.42, 98, 5225
2026/09/17 19:33:38.384, 157.59, 100, 5225
2026/09/17 19:33:39.385, 158.16, 100, 5225
2026/09/17 19:33:40.385, 157.82, 98, 5225
2026/09/17 19:33:41.385, 158.14, 100, 5225
2026/09/17 19:33:42.385, 158.10, 100, 5225
2026/09/17 19:33:43.394, 157.75, 98, 5225
2026/09/17 19:33:44.394, 157.54, 100, 5225
2026/09/17 19:33:45.394, 157.68, 100, 5225
2026/09/17 19:33:46.395, 157.25, 98, 5225
2026/09/17 19:33:47.395, 157.62, 100, 5225
2026/09/17 19:33:48.395, 157.78, 100, 5225
2026/09/17 19:33:49.395, 157.14, 98, 5225
2026/09/17 19:33:50.396, 157.93, 100, 5225
2026/09/17 19:33:51.396, 157.91, 100, 5225
2026/09/17 19:33:52.396, 157.23, 98, 5225
2026/09/17 19:33:53.396, 157.39, 100, 5225
2026/09/17 19:33:54.397, 158.14, 100, 5225
2026/09/17 19:33:55.397, 157.03, 98, 5225
2026/09/17 19:33:56.397, 157.53, 100, 5225
2026/09/17 19:33:57.397, 157.78, 100, 5225
2026/09/17 19:33:58.397, 157.29, 98, 5225
2026/09/17 19:33:59.398, 157.50, 100, 5225
2026/09/17 19:34:00.398, 157.75, 100, 5225
2026/09/17 19:34:01.398, 156.82, 98, 5225
2026/09/17 19:34:02.398, 157.92, 100, 5225
2026/09/17 19:34:03.398, 157.69, 100, 5225
2026/09/17 19:34:04.399, 156.93, 98, 5225
2026/09/17 19:34:05.399, 158.12, 100, 5225
2026/09/17 19:34:06.399, 157.99, 100, 5225
2026/09/17 19:34:07.399, 157.13, 98, 5225
2026/09/17 19:34:08.399, 157.57, 100, 5225
2026/09/17 19:34:09.400, 157.88, 100, 5225
2026/09/17 19:34:10.400, 157.45, 98, 5225
2026/09/17 19:34:11.400, 158.10, 100, 5225
2026/09/17 19:34:12.400, 157.88, 100, 5225
2026/09/17 19:34:13.409, 157.22, 98, 5225
2026/09/17 19:34:14.409, 158.29, 100, 5225
2026/09/17 19:34:15.409, 158.02, 98, 5225
2026/09/17 19:34:16.410, 157.75, 99, 5225
2026/09/17 19:34:17.410, 157.33, 100, 5225
2026/09/17 19:34:18.418, 157.78, 98, 5225
2026/09/17 19:34:19.419, 157.69, 100, 5225
2026/09/17 19:34:20.419, 157.65, 100, 5225
2026/09/17 19:34:21.419, 157.32, 98, 5225
2026/09/17 19:34:22.419, 157.65, 100, 5225
2026/09/17 19:34:23.428, 157.74, 100, 5225
2026/09/17 19:34:24.428, 157.48, 98, 5225
2026/09/17 19:34:25.428, 157.99, 100, 5225
2026/09/17 19:34:26.429, 157.52, 100, 5225
2026/09/17 19:34:27.429, 157.47, 98, 5225
2026/09/17 19:34:28.429, 157.70, 100, 5225
2026/09/17 19:34:29.429, 157.76, 100, 5225
2026/09/17 19:34:30.429, 157.29, 98, 5225
2026/09/17 19:34:31.430, 157.64, 100, 5225
2026/09/17 19:34:32.430, 157.57, 100, 5225
2026/09/17 19:34:33.430, 156.12, 90, 5225
2026/09/17 19:34:34.430, 158.09, 100, 5225
2026/09/17 19:34:35.430, 157.29, 100, 5225
2026/09/17 19:34:36.431, 156.96, 98, 5225
2026/09/17 19:34:37.431, 157.67, 100, 5225
2026/09/17 19:34:38.431, 157.54, 100, 5225
2026/09/17 19:34:39.431, 156.86, 98, 5225
2026/09/17 19:34:40.432, 158.16, 100, 5225
2026/09/17 19:34:41.432, 157.37, 99, 5225
2026/09/17 19:34:42.432, 157.32, 98, 5225
2026/09/17 19:34:43.432, 158.19, 100, 5225
2026/09/17 19:34:44.432, 156.20, 98, 5225
2026/09/17 19:34:45.433, 157.80, 100, 5225
2026/09/17 19:34:46.433, 158.00, 100, 5225
2026/09/17 19:34:47.433, 157.61, 98, 5225
2026/09/17 19:34:48.433, 158.08, 100, 5225
2026/09/17 19:34:49.434, 158.08, 100, 5225
2026/09/17 19:34:50.434, 157.61, 98, 5225
2026/09/17 19:34:51.434, 158.13, 100, 5225
2026/09/17 19:34:52.434, 158.11, 100, 5225
2026/09/17 19:34:53.434, 157.34, 98, 5225
2026/09/17 19:34:54.435, 156.79, 100, 5225
2026/09/17 19:34:55.435, 157.78, 100, 5225
2026/09/17 19:34:56.435, 156.88, 98, 5225
2026/09/17 19:34:57.435, 157.55, 100, 5225
2026/09/17 19:34:58.435, 157.61, 100, 5225
2026/09/17 19:34:59.444, 156.88, 98, 5225
2026/09/17 19:35:00.444, 158.15, 100, 5225
2026/09/17 19:35:01.444, 157.62, 100, 5225
2026/09/17 19:35:02.445, 157.33, 98, 5225
2026/09/17 19:35:03.445, 157.51, 100, 5225
2026/09/17 19:35:04.445, 157.73, 100, 5225
2026/09/17 19:35:05.445, 156.62, 98, 5225
2026/09/17 19:35:06.446, 157.71, 100, 5225
2026/09/17 19:35:07.446, 157.56, 100, 5225
2026/09/17 19:35:08.446, 157.45, 98, 5225
2026/09/17 19:35:09.446, 158.29, 100, 5225
2026/09/17 19:35:10.446, 157.71, 99, 5225
2026/09/17 19:35:11.447, 157.25, 98, 5225
2026/09/17 19:35:12.447, 158.48, 100, 5225
2026/09/17 19:35:13.447, 157.79, 98, 5225
2026/09/17 19:35:14.447, 157.40, 100, 5225
2026/09/17 19:35:15.448, 157.74, 100, 5225
2026/09/17 19:35:16.448, 157.33, 98, 5225
2026/09/17 19:35:17.448, 157.50, 100, 5225
2026/09/17 19:35:18.448, 157.91, 100, 5225
2026/09/17 19:35:19.457, 157.54, 98, 5225
2026/09/17 19:35:20.457, 157.48, 100, 5225
2026/09/17 19:35:21.458, 157.99, 100, 5225
2026/09/17 19:35:22.458, 157.68, 98, 5225
2026/09/17 19:35:23.458, 157.91, 100, 5225
2026/09/17 19:35:24.467, 157.78, 100, 5225
2026/09/17 19:35:25.467, 157.09, 98, 5225
2026/09/17 19:35:26.467, 157.58, 100, 5225
2026/09/17 19:35:27.467, 157.64, 100, 5225
2026/09/17 19:35:28.468, 157.09, 98, 5225
2026/09/17 19:35:29.476, 157.66, 100, 5225
2026/09/17 19:35:30.476, 157.62, 100, 5225
2026/09/17 19:35:31.477, 156.86, 98, 5225
2026/09/17 19:35:32.477, 157.20, 100, 5225
2026/09/17 19:35:33.477, 157.65, 100, 5225
2026/09/17 19:35:34.486, 157.04, 98, 5225
2026/09/17 19:35:35.486, 157.39, 100, 5225
2026/09/17 19:35:36.486, 157.55, 100, 5225
2026/09/17 19:35:37.486, 157.91, 98, 5225
2026/09/17 19:35:38.487, 157.67, 100, 5225
2026/09/17 19:35:39.487, 157.59, 100, 5225
2026/09/17 19:35:40.487, 157.15, 98, 5225
2026/09/17 19:35:41.487, 158.20, 100, 5225
2026/09/17 19:35:42.488, 157.58, 99, 5225
2026/09/17 19:35:43.488, 157.15, 98, 5225
2026/09/17 19:35:44.488, 157.40, 100, 5225
2026/09/17 19:35:45.488, 157.39, 98, 5225
2026/09/17 19:35:46.489, 157.71, 99, 5225
2026/09/17 19:35:47.489, 157.62, 100, 5225
2026/09/17 19:35:48.489, 157.66, 98, 5225
2026/09/17 19:35:49.489, 157.75, 100, 5225
2026/09/17 19:35:50.489, 157.34, 100, 5225
2026/09/17 19:35:51.490, 157.34, 98, 5225
2026/09/17 19:35:52.490, 157.70, 100, 5225
2026/09/17 19:35:53.490, 157.65, 100, 5225
2026/09/17 19:35:54.490, 157.18, 98, 5225
2026/09/17 19:35:55.491, 157.68, 100, 5225
2026/09/17 19:35:56.491, 157.56, 100, 5225
2026/09/17 19:35:57.491, 157.18, 98, 5225
2026/09/17 19:35:58.491, 157.76, 100, 5225
2026/09/17 19:35:59.492, 157.34, 100, 5225
2026/09/17 19:36:00.492, 157.02, 98, 5225
2026/09/17 19:36:01.492, 157.67, 100, 5225
2026/09/17 19:36:02.492, 157.48, 100, 5225
2026/09/17 19:36:03.492, 157.05, 98, 5225
2026/09/17 19:36:04.493, 157.62, 100, 5225
2026/09/17 19:36:05.493, 157.51, 100, 5225
2026/09/17 19:36:06.493, 157.13, 98, 5225
2026/09/17 19:36:07.493, 157.67, 100, 5225
2026/09/17 19:36:08.493, 157.44, 100, 5225
2026/09/17 19:36:09.494, 156.89, 98, 5225
2026/09/17 19:36:10.494, 157.67, 100, 5225
2026/09/17 19:36:11.494, 157.07, 100, 5225
2026/09/17 19:36:12.494, 157.50, 98, 5225
2026/09/17 19:36:13.494, 157.63, 100, 5225
2026/09/17 19:36:14.495, 157.35, 100, 5225
2026/09/17 19:36:15.495, 157.28, 98, 5225
2026/09/17 19:36:16.495, 157.56, 100, 5225
2026/09/17 19:36:17.495, 157.49, 98, 5225
2026/09/17 19:36:18.495, 157.47, 99, 5225
2026/09/17 19:36:19.496, 160.69, 100, 5225
2026/09/17 19:36:20.496, 156.77, 99, 5225
2026/09/17 19:36:21.496, 154.96, 100, 5225
2026/09/17 19:36:22.496, 160.38, 100, 5225
2026/09/17 19:36:23.497, 159.01, 99, 5225
2026/09/17 19:36:24.497, 154.94, 99, 5225
2026/09/17 19:36:25.497, 157.65, 99, 5225
2026/09/17 19:36:26.497, 161.87, 100, 5225
2026/09/17 19:36:27.497, 155.16, 99, 5225
2026/09/17 19:36:28.498, 155.69, 98, 5225
2026/09/17 19:36:29.498, 163.17, 99, 5225
2026/09/17 19:36:30.498, 156.77, 100, 5225
2026/09/17 19:36:31.498, 154.90, 99, 5225
2026/09/17 19:36:32.498, 161.19, 99, 5225
2026/09/17 19:36:33.499, 158.49, 100, 5225
2026/09/17 19:36:34.499, 155.30, 100, 5225
2026/09/17 19:36:35.499, 158.48, 100, 5225
2026/09/17 19:36:36.499, 160.96, 99, 5225
2026/09/17 19:36:37.500, 155.02, 100, 5225
2026/09/17 19:36:38.500, 156.27, 100, 5225
2026/09/17 19:36:39.500, 163.16, 100, 5225
2026/09/17 19:36:40.509, 156.24, 99, 5225
2026/09/17 19:36:41.509, 155.21, 100, 5225
2026/09/17 19:36:42.509, 161.90, 99, 5225
2026/09/17 19:36:43.509, 157.51, 100, 5225
2026/09/17 19:36:44.510, 155.03, 99, 5225
2026/09/17 19:36:45.510, 160.13, 99, 5225
2026/09/17 19:36:46.510, 159.59, 100, 5225
2026/09/17 19:36:47.510, 155.06, 100, 5225
2026/09/17 19:36:48.510, 114.95, 29, 5225
2026/09/17 19:36:49.511, 87.11, 100, 5225
2026/09/17 19:36:50.511, 157.66, 98, 5225
2026/09/17 19:36:51.511, 156.86, 100, 5225
2026/09/17 19:36:52.511, 157.64, 100, 5225
2026/09/17 19:36:53.512, 157.46, 98, 5225
2026/09/17 19:36:54.512, 157.16, 100, 5225
2026/09/17 19:36:55.520, 157.07, 98, 5225
2026/09/17 19:36:56.520, 157.06, 100, 5225
2026/09/17 19:36:57.520, 157.43, 100, 5225
2026/09/17 19:36:58.520, 157.69, 98, 5225
2026/09/17 19:36:59.520, 157.66, 100, 5225
2026/09/17 19:37:00.521, 157.84, 100, 5225
2026/09/17 19:37:01.521, 157.75, 98, 5225
2026/09/17 19:37:02.521, 157.44, 100, 5225
2026/09/17 19:37:03.521, 157.71, 100, 5225
2026/09/17 19:37:04.521, 157.40, 98, 5225
2026/09/17 19:37:05.522, 157.43, 100, 5225
2026/09/17 19:37:06.522, 157.88, 100, 5225
2026/09/17 19:37:07.522, 156.65, 98, 5225
2026/09/17 19:37:08.522, 156.87, 100, 5225
2026/09/17 19:37:09.523, 157.30, 100, 5225
2026/09/17 19:37:10.523, 157.87, 98, 5225
2026/09/17 19:37:11.523, 157.10, 98, 5225
2026/09/17 19:37:12.523, 156.49, 100, 5225
2026/09/17 19:37:13.524, 157.84, 100, 5225
2026/09/17 19:37:14.524, 156.85, 100, 5225
2026/09/17 19:37:15.524, 157.66, 100, 5225
2026/09/17 19:37:16.524, 158.04, 100, 5225
2026/09/17 19:37:17.524, 156.65, 98, 5225
2026/09/17 19:37:18.525, 158.35, 100, 5225
2026/09/17 19:37:19.525, 158.03, 100, 5225
2026/09/17 19:37:20.525, 157.50, 98, 5225
2026/09/17 19:37:21.525, 157.52, 100, 5225
2026/09/17 19:37:22.526, 156.86, 100, 5225
2026/09/17 19:37:23.526, 156.45, 98, 5225
2026/09/17 19:37:24.526, 158.16, 100, 5225
2026/09/17 19:37:25.526, 157.54, 99, 5225
2026/09/17 19:37:26.526, 156.84, 98, 5225
2026/09/17 19:37:27.526, 157.76, 100, 5225
2026/09/17 19:37:28.527, 157.66, 98, 5225
2026/09/17 19:37:29.527, 157.34, 100, 5225
2026/09/17 19:37:30.527, 157.67, 100, 5225
2026/09/17 19:37:31.527, 157.53, 98, 5225
2026/09/17 19:37:32.528, 157.35, 100, 5225
2026/09/17 19:37:33.537, 157.17, 100, 5225
2026/09/17 19:37:34.537, 156.86, 98, 5225
2026/09/17 19:37:35.537, 157.35, 100, 5225
2026/09/17 19:37:36.537, 157.62, 100, 5225
2026/09/17 19:37:37.537, 157.60, 98, 5225
2026/09/17 19:37:38.538, 158.21, 100, 5225
2026/09/17 19:37:39.538, 158.11, 100, 5225
2026/09/17 19:37:40.538, 157.90, 98, 5225
2026/09/17 19:37:41.538, 157.63, 100, 5225
2026/09/17 19:37:42.539, 157.86, 100, 5225
2026/09/17 19:37:43.539, 156.41, 98, 5225
2026/09/17 19:37:44.539, 157.75, 100, 5225
2026/09/17 19:37:45.539, 157.67, 100, 5225
2026/09/17 19:37:46.540, 158.17, 98, 5225
2026/09/17 19:37:47.540, 157.63, 100, 5225
2026/09/17 19:37:48.540, 156.88, 100, 5225
2026/09/17 19:37:49.540, 157.43, 98, 5225
2026/09/17 19:37:50.540, 157.63, 100, 5225
2026/09/17 19:37:51.541, 157.66, 100, 5225
2026/09/17 19:37:52.541, 157.93, 98, 5225
2026/09/17 19:37:53.541, 157.13, 100, 5225
2026/09/17 19:37:54.541, 157.80, 100, 5225
2026/09/17 19:37:55.541, 157.06, 98, 5225
2026/09/17 19:37:56.542, 158.77, 100, 5225
2026/09/17 19:37:57.542, 157.70, 100, 5225
2026/09/17 19:37:58.542, 157.20, 98, 5225
2026/09/17 19:37:59.542, 158.13, 100, 5225
2026/09/17 19:38:00.543, 158.09, 100, 5225
2026/09/17 19:38:01.543, 157.27, 98, 5225
2026/09/17 19:38:02.543, 157.61, 100, 5225
2026/09/17 19:38:03.543, 157.70, 100, 5225
2026/09/17 19:38:04.552, 157.67, 98, 5225
2026/09/17 19:38:05.552, 158.04, 100, 5225
2026/09/17 19:38:06.553, 157.48, 99, 5225
2026/09/17 19:38:07.553, 157.28, 98, 5225
2026/09/17 19:38:08.553, 158.32, 100, 5225
2026/09/17 19:38:09.562, 157.83, 99, 5225
2026/09/17 19:38:10.562, 157.09, 98, 5225
2026/09/17 19:38:11.562, 158.24, 100, 5225
2026/09/17 19:38:12.562, 157.85, 98, 5225
2026/09/17 19:38:13.563, 157.44, 98, 5225
2026/09/17 19:38:14.571, 158.28, 100, 5225
2026/09/17 19:38:15.572, 157.85, 98, 5225
2026/09/17 19:38:16.572, 158.03, 98, 5225
2026/09/17 19:38:17.572, 157.66, 100, 5225
2026/09/17 19:38:18.572, 157.81, 98, 5225
2026/09/17 19:38:19.581, 157.61, 98, 5225
2026/09/17 19:38:20.581, 157.91, 100, 5225
2026/09/17 19:38:21.581, 157.74, 98, 5225
2026/09/17 19:38:22.581, 157.66, 99, 5225
2026/09/17 19:38:23.582, 157.30, 100, 5225
2026/09/17 19:38:24.582, 157.28, 98, 5225
2026/09/17 19:38:25.582, 156.80, 100, 5225
2026/09/17 19:38:26.582, 157.20, 100, 5225
2026/09/17 19:38:27.583, 157.30, 98, 5225
2026/09/17 19:38:28.583, 157.82, 100, 5225
2026/09/17 19:38:29.583, 157.42, 100, 5225
2026/09/17 19:38:30.583, 157.39, 98, 5225
2026/09/17 19:38:31.584, 157.91, 100, 5225
2026/09/17 19:38:32.584, 157.60, 100, 5225
2026/09/17 19:38:33.584, 157.41, 98, 5225
2026/09/17 19:38:34.584, 157.67, 100, 5225
2026/09/17 19:38:35.584, 156.24, 100, 5225
2026/09/17 19:38:36.585, 157.12, 98, 5225
2026/09/17 19:38:37.585, 157.96, 100, 5225
2026/09/17 19:38:38.585, 157.84, 100, 5225
2026/09/17 19:38:39.585, 157.23, 98, 5225
2026/09/17 19:38:40.586, 157.58, 100, 5225
2026/09/17 19:38:41.586, 156.57, 100, 5225
2026/09/17 19:38:42.586, 157.44, 98, 5225
2026/09/17 19:38:43.586, 158.02, 100, 5225
2026/09/17 19:38:44.586, 157.70, 100, 5225
2026/09/17 19:38:45.587, 157.13, 98, 5225
2026/09/17 19:38:46.595, 158.59, 100, 5225
2026/09/17 19:38:47.595, 157.98, 100, 5225
2026/09/17 19:38:48.596, 157.12, 98, 5225
2026/09/17 19:38:49.596, 158.10, 100, 5225
2026/09/17 19:38:50.596, 157.75, 100, 5225
2026/09/17 19:38:51.596, 157.16, 98, 5225
2026/09/17 19:38:52.597, 157.74, 100, 5225
2026/09/17 19:38:53.597, 157.41, 100, 5225
2026/09/17 19:38:54.597, 157.16, 98, 5225
2026/09/17 19:38:55.597, 157.61, 100, 5225
2026/09/17 19:38:56.606, 157.45, 100, 5225
2026/09/17 19:38:57.606, 156.85, 97, 5225
2026/09/17 19:38:58.606, 157.76, 100, 5225
2026/09/17 19:38:59.607, 157.13, 100, 5225
2026/09/17 19:39:00.607, 156.80, 98, 5225
2026/09/17 19:39:01.607, 158.17, 100, 5225
2026/09/17 19:39:02.607, 157.47, 100, 5225
2026/09/17 19:39:03.608, 156.60, 98, 5225
2026/09/17 19:39:04.608, 158.13, 100, 5225
2026/09/17 19:39:05.608, 157.41, 100, 5225
2026/09/17 19:39:06.617, 156.89, 98, 5225
2026/09/17 19:39:07.617, 157.68, 100, 5225
2026/09/17 19:39:08.617, 157.44, 100, 5225
2026/09/17 19:39:09.617, 156.58, 98, 5225
2026/09/17 19:39:10.617, 157.31, 100, 5225
2026/09/17 19:39:11.618, 157.25, 100, 5225
2026/09/17 19:39:12.618, 157.39, 98, 5225
2026/09/17 19:39:13.618, 158.48, 100, 5225
2026/09/17 19:39:14.618, 157.08, 100, 5225
2026/09/17 19:39:15.618, 157.47, 98, 5225
2026/09/17 19:39:16.619, 158.02, 100, 5225
2026/09/17 19:39:17.619, 157.59, 100, 5225
2026/09/17 19:39:18.619, 156.60, 98, 5225
2026/09/17 19:39:19.619, 157.73, 100, 5225
2026/09/17 19:39:20.619, 157.23, 100, 5225
2026/09/17 19:39:21.619, 156.45, 99, 5225
2026/09/17 19:39:22.620, 157.74, 100, 5225
2026/09/17 19:39:23.620, 157.28, 98, 5225
2026/09/17 19:39:24.620, 157.11, 100, 5225
2026/09/17 19:39:25.620, 157.80, 100, 5225
2026/09/17 19:39:26.620, 157.41, 98, 5225
2026/09/17 19:39:27.621, 157.59, 100, 5225
2026/09/17 19:39:28.621, 157.63, 100, 5225
2026/09/17 19:39:29.621, 157.12, 98, 5225
2026/09/17 19:39:30.621, 157.36, 100, 5225
2026/09/17 19:39:31.621, 156.79, 100, 5225
2026/09/17 19:39:32.621, 157.47, 98, 5225
2026/09/17 19:39:33.622, 157.29, 100, 5225
2026/09/17 19:39:34.622, 157.82, 100, 5225
2026/09/17 19:39:35.622, 156.83, 98, 5225
2026/09/17 19:39:36.622, 156.17, 100, 5225
2026/09/17 19:39:37.623, 157.44, 100, 5225
2026/09/17 19:39:38.623, 156.43, 98, 5225
2026/09/17 19:39:39.623, 156.83, 100, 5225
2026/09/17 19:39:40.623, 157.45, 100, 5225
2026/09/17 19:39:41.623, 157.19, 98, 5225
2026/09/17 19:39:42.624, 157.46, 100, 5225
2026/09/17 19:39:43.624, 157.70, 100, 5225
2026/09/17 19:39:44.624, 156.67, 98, 5225
2026/09/17 19:39:45.624, 157.26, 100, 5225
2026/09/17 19:39:46.624, 156.32, 100, 5225
2026/09/17 19:39:47.625, 157.62, 98, 5225
2026/09/17 19:39:48.625, 158.18, 100, 5225
2026/09/17 19:39:49.625, 157.74, 100, 5225
2026/09/17 19:39:50.625, 156.47, 98, 5225
2026/09/17 19:39:51.625, 158.15, 100, 5225
2026/09/17 19:39:52.626, 157.72, 100, 5225
2026/09/17 19:39:53.626, 156.56, 98, 5225
2026/09/17 19:39:54.626, 157.96, 100, 5225
2026/09/17 19:39:55.626, 157.57, 99, 5225
2026/09/17 19:39:56.626, 156.88, 98, 5225
2026/09/17 19:39:57.627, 158.01, 100, 5225
2026/09/17 19:39:58.627, 157.83, 99, 5225
2026/09/17 19:39:59.627, 157.05, 98, 5225
2026/09/17 19:40:00.627, 157.84, 100, 5225
2026/09/17 19:40:01.627, 157.79, 98, 5225
2026/09/17 19:40:02.628, 157.45, 97, 5225
2026/09/17 19:40:03.628, 158.00, 100, 5225
2026/09/17 19:40:04.628, 157.74, 98, 5225
2026/09/17 19:40:05.628, 157.37, 99, 5225
2026/09/17 19:40:06.629, 157.60, 100, 5225
2026/09/17 19:40:07.629, 157.70, 98, 5225
2026/09/17 19:40:08.629, 157.66, 100, 5225
2026/09/17 19:40:09.629, 157.58, 100, 5225
2026/09/17 19:40:10.629, 157.59, 98, 5225
2026/09/17 19:40:11.630, 157.89, 100, 5225
2026/09/17 19:40:12.630, 157.63, 100, 5225
2026/09/17 19:40:13.630, 157.54, 98, 5225
2026/09/17 19:40:14.630, 157.90, 99, 5225
2026/09/17 19:40:15.630, 157.22, 100, 5225
2026/09/17 19:40:16.631, 157.08, 98, 5225
2026/09/17 19:40:17.631, 157.55, 100, 5225
2026/09/17 19:40:18.631, 157.19, 100, 5225
2026/09/17 19:40:19.631, 157.40, 98, 5225
2026/09/17 19:40:20.632, 157.73, 100, 5225
2026/09/17 19:40:21.632, 157.60, 100, 5225
2026/09/17 19:40:22.640, 157.50, 98, 5225
2026/09/17 19:40:23.641, 157.24, 100, 5225
2026/09/17 19:40:24.641, 157.40, 100, 5225
2026/09/17 19:40:25.641, 157.14, 98, 5225
2026/09/17 19:40:26.641, 157.68, 100, 5225
2026/09/17 19:40:27.641, 157.68, 100, 5225
2026/09/17 19:40:28.642, 157.10, 98, 5225
2026/09/17 19:40:29.642, 157.42, 100, 5225
2026/09/17 19:40:30.642, 157.09, 100, 5225
2026/09/17 19:40:31.642, 157.44, 98, 5225
2026/09/17 19:40:32.650, 157.70, 100, 5225
2026/09/17 19:40:33.650, 157.26, 100, 5225
2026/09/17 19:40:34.651, 157.20, 98, 5225
2026/09/17 19:40:35.651, 157.53, 100, 5225
2026/09/17 19:40:36.651, 157.58, 100, 5225
2026/09/17 19:40:37.654, 155.90, 98, 5225
2026/09/17 19:40:38.654, 157.46, 100, 5225
2026/09/17 19:40:39.655, 157.61, 100, 5225
2026/09/17 19:40:40.655, 157.46, 98, 5225
2026/09/17 19:40:41.655, 157.49, 100, 5225
2026/09/17 19:40:42.656, 157.49, 100, 5225
2026/09/17 19:40:43.656, 157.60, 98, 5225
2026/09/17 19:40:44.656, 157.94, 100, 5225
2026/09/17 19:40:45.656, 157.19, 100, 5225
2026/09/17 19:40:46.656, 160.02, 100, 5225
2026/09/17 19:40:47.657, 158.13, 100, 5225
2026/09/17 19:40:48.657, 154.82, 99, 5225
2026/09/17 19:40:49.657, 158.42, 99, 5225
2026/09/17 19:40:50.657, 160.53, 100, 5225
2026/09/17 19:40:51.657, 155.16, 100, 5225
2026/09/17 19:40:52.658, 156.63, 99, 5225
2026/09/17 19:40:53.658, 162.59, 100, 5225
2026/09/17 19:40:54.658, 155.57, 99, 5225
2026/09/17 19:40:55.658, 155.27, 100, 5225
2026/09/17 19:40:56.659, 161.56, 99, 5225
2026/09/17 19:40:57.659, 157.75, 99, 5225
2026/09/17 19:40:58.668, 155.20, 99, 5225
2026/09/17 19:40:59.668, 159.37, 100, 5225
2026/09/17 19:41:00.668, 159.74, 100, 5225
2026/09/17 19:41:01.668, 154.92, 99, 5225
2026/09/17 19:41:02.668, 157.01, 100, 5225
2026/09/17 19:41:03.669, 162.14, 100, 5225
2026/09/17 19:41:04.669, 155.08, 100, 5225
2026/09/17 19:41:05.669, 154.96, 98, 5225
2026/09/17 19:41:06.669, 162.97, 100, 5225
2026/09/17 19:41:07.670, 156.70, 100, 5225
2026/09/17 19:41:08.670, 154.95, 100, 5225
2026/09/17 19:41:09.678, 159.80, 99, 5225
2026/09/17 19:41:10.679, 158.87, 99, 5225
2026/09/17 19:41:11.679, 155.05, 100, 5225
2026/09/17 19:41:12.679, 157.90, 99, 5225
2026/09/17 19:41:13.679, 161.61, 100, 5225
2026/09/17 19:41:14.680, 154.94, 99, 5225
2026/09/17 19:41:15.680, 144.28, 29, 5225
2026/09/17 19:41:16.680, 58.53, 100, 5225
2026/09/17 19:41:17.680, 157.74, 100, 5225
2026/09/17 19:41:18.680, 156.70, 98, 5225
2026/09/17 19:41:19.689, 157.55, 100, 5225
2026/09/17 19:41:20.691, 158.20, 100, 5225
2026/09/17 19:41:21.691, 157.00, 98, 5225
2026/09/17 19:41:22.691, 157.29, 100, 5225
2026/09/17 19:41:23.691, 158.00, 100, 5225
2026/09/17 19:41:24.700, 156.95, 98, 5225
2026/09/17 19:41:25.700, 157.69, 100, 5225
2026/09/17 19:41:26.700, 157.99, 100, 5225
2026/09/17 19:41:27.701, 157.60, 98, 5225
2026/09/17 19:41:28.701, 157.75, 100, 5225
2026/09/17 19:41:29.709, 157.60, 100, 5225
2026/09/17 19:41:30.710, 156.80, 98, 5225
2026/09/17 19:41:31.710, 157.79, 100, 5225
2026/09/17 19:41:32.710, 157.66, 100, 5225
2026/09/17 19:41:33.710, 157.10, 98, 5225
2026/09/17 19:41:34.710, 157.71, 100, 5225
2026/09/17 19:41:35.711, 157.94, 100, 5225
2026/09/17 19:41:36.711, 157.44, 98, 5225
2026/09/17 19:41:37.711, 157.90, 100, 5225
2026/09/17 19:41:38.711, 157.87, 100, 5225
2026/09/17 19:41:39.720, 157.01, 98, 5225
2026/09/17 19:41:40.720, 157.51, 100, 5225
2026/09/17 19:41:41.720, 157.58, 100, 5225
2026/09/17 19:41:42.720, 156.74, 98, 5225
2026/09/17 19:41:43.721, 157.24, 100, 5225
2026/09/17 19:41:44.729, 157.57, 100, 5225
2026/09/17 19:41:45.729, 156.32, 98, 5225
2026/09/17 19:41:46.730, 157.44, 100, 5225
2026/09/17 19:41:47.730, 157.51, 100, 5225
2026/09/17 19:41:48.730, 156.91, 98, 5225
2026/09/17 19:41:49.730, 157.77, 100, 5225
2026/09/17 19:41:50.731, 157.60, 100, 5225
2026/09/17 19:41:51.731, 156.82, 98, 5225
2026/09/17 19:41:52.731, 157.36, 100, 5225
2026/09/17 19:41:53.731, 157.78, 100, 5225
2026/09/17 19:41:54.731, 157.59, 98, 5225
2026/09/17 19:41:55.732, 157.62, 100, 5225
2026/09/17 19:41:56.732, 157.58, 100, 5225
2026/09/17 19:41:57.732, 157.20, 98, 5225
2026/09/17 19:41:58.732, 157.39, 100, 5225
2026/09/17 19:41:59.732, 157.74, 100, 5225
2026/09/17 19:42:00.733, 156.84, 97, 5225
2026/09/17 19:42:01.733, 157.58, 100, 5225
2026/09/17 19:42:02.733, 157.63, 100, 5225
2026/09/17 19:42:03.733, 156.87, 98, 5225
2026/09/17 19:42:04.734, 157.60, 100, 5225
2026/09/17 19:42:05.734, 157.75, 100, 5225
2026/09/17 19:42:06.734, 156.91, 98, 5225
2026/09/17 19:42:07.734, 157.38, 100, 5225
2026/09/17 19:42:08.734, 156.70, 100, 5225
2026/09/17 19:42:09.735, 157.00, 98, 5225
2026/09/17 19:42:10.735, 157.40, 100, 5225
2026/09/17 19:42:11.735, 157.66, 100, 5225
2026/09/17 19:42:12.735, 157.13, 98, 5225
2026/09/17 19:42:13.735, 156.96, 100, 5225
2026/09/17 19:42:14.736, 157.84, 100, 5225
2026/09/17 19:42:15.736, 156.46, 98, 5225
2026/09/17 19:42:16.736, 157.71, 100, 5225
2026/09/17 19:42:17.736, 157.81, 100, 5225
2026/09/17 19:42:18.736, 156.12, 90, 5225
2026/09/17 19:42:19.737, 158.12, 100, 5225
2026/09/17 19:42:20.737, 157.57, 99, 5225
2026/09/17 19:42:21.737, 156.76, 98, 5225
2026/09/17 19:42:22.737, 157.46, 100, 5225
2026/09/17 19:42:23.737, 157.49, 98, 5225
2026/09/17 19:42:24.738, 157.43, 100, 5225
2026/09/17 19:42:25.738, 157.42, 100, 5225
2026/09/17 19:42:26.738, 157.32, 98, 5225
2026/09/17 19:42:27.738, 156.96, 100, 5225
2026/09/17 19:42:28.739, 157.28, 100, 5225
2026/09/17 19:42:29.739, 156.91, 98, 5225
2026/09/17 19:42:30.739, 157.10, 100, 5225
2026/09/17 19:42:31.739, 157.40, 100, 5225
2026/09/17 19:42:32.739, 156.91, 98, 5225
2026/09/17 19:42:33.740, 157.15, 100, 5225
2026/09/17 19:42:34.740, 157.55, 100, 5225
2026/09/17 19:42:35.740, 157.18, 98, 5225
2026/09/17 19:42:36.740, 157.29, 100, 5225
2026/09/17 19:42:37.741, 157.37, 100, 5225
2026/09/17 19:42:38.741, 156.99, 98, 5225
2026/09/17 19:42:39.741, 157.25, 100, 5225
2026/09/17 19:42:40.741, 157.29, 100, 5225
2026/09/17 19:42:41.741, 157.66, 98, 5225
2026/09/17 19:42:42.741, 157.78, 100, 5225
2026/09/17 19:42:43.742, 157.49, 100, 5225
2026/09/17 19:42:44.742, 157.57, 98, 5225
2026/09/17 19:42:45.742, 157.79, 100, 5225
2026/09/17 19:42:46.742, 157.57, 100, 5225
2026/09/17 19:42:47.742, 156.84, 98, 5225
2026/09/17 19:42:48.743, 157.98, 100, 5225
2026/09/17 19:42:49.743, 157.49, 100, 5225
2026/09/17 19:42:50.743, 156.91, 98, 5225
2026/09/17 19:42:51.743, 157.13, 100, 5225
2026/09/17 19:42:52.743, 156.47, 98, 5225
2026/09/17 19:42:53.744, 157.59, 99, 5225
2026/09/17 19:42:54.744, 157.44, 100, 5225
2026/09/17 19:42:55.744, 156.82, 98, 5225
2026/09/17 19:42:56.744, 157.49, 100, 5225
2026/09/17 19:42:57.744, 157.48, 100, 5225
2026/09/17 19:42:58.745, 157.08, 98, 5225
2026/09/17 19:42:59.745, 157.85, 100, 5225
2026/09/17 19:43:00.745, 157.51, 100, 5225
2026/09/17 19:43:01.745, 156.87, 98, 5225
2026/09/17 19:43:02.746, 156.54, 100, 5225
2026/09/17 19:43:03.746, 157.51, 100, 5225
2026/09/17 19:43:04.746, 157.51, 98, 5225
2026/09/17 19:43:05.746, 157.45, 100, 5225
2026/09/17 19:43:06.746, 157.27, 100, 5225
2026/09/17 19:43:07.747, 156.45, 98, 5225
2026/09/17 19:43:08.747, 157.48, 100, 5225
2026/09/17 19:43:09.747, 157.21, 100, 5225
2026/09/17 19:43:10.747, 156.85, 98, 5225
2026/09/17 19:43:11.747, 158.62, 100, 5225
2026/09/17 19:43:12.748, 156.65, 100, 5225
2026/09/17 19:43:13.748, 157.09, 98, 5225
2026/09/17 19:43:14.748, 157.90, 100, 5225
2026/09/17 19:43:15.748, 157.35, 100, 5225
2026/09/17 19:43:16.749, 156.99, 98, 5225
2026/09/17 19:43:17.749, 158.19, 100, 5225
2026/09/17 19:43:18.749, 156.24, 100, 5225
2026/09/17 19:43:19.749, 156.58, 98, 5225
2026/09/17 19:43:20.750, 158.37, 100, 5225
2026/09/17 19:43:21.750, 157.20, 98, 5225
2026/09/17 19:43:22.750, 157.11, 98, 5225
2026/09/17 19:43:23.750, 158.07, 100, 5225
2026/09/17 19:43:24.750, 157.40, 98, 5225
2026/09/17 19:43:25.751, 157.48, 100, 5225
2026/09/17 19:43:26.751, 157.58, 100, 5225
2026/09/17 19:43:27.751, 157.22, 98, 5225
2026/09/17 19:43:28.751, 156.62, 100, 5225
2026/09/17 19:43:29.751, 158.02, 100, 5225
2026/09/17 19:43:30.751, 157.58, 98, 5225
2026/09/17 19:43:31.752, 157.74, 100, 5225
2026/09/17 19:43:32.752, 157.46, 100, 5225
2026/09/17 19:43:33.752, 156.70, 98, 5225
2026/09/17 19:43:34.752, 157.30, 100, 5225
2026/09/17 19:43:35.753, 157.65, 100, 5225
2026/09/17 19:43:36.753, 156.93, 98, 5225
2026/09/17 19:43:37.753, 157.43, 100, 5225
2026/09/17 19:43:38.753, 157.93, 100, 5225
2026/09/17 19:43:39.754, 157.53, 98, 5225
2026/09/17 19:43:40.754, 157.49, 100, 5225
2026/09/17 19:43:41.754, 157.69, 100, 5225
2026/09/17 19:43:42.754, 156.93, 98, 5225
2026/09/17 19:43:43.754, 157.73, 100, 5225
2026/09/17 19:43:44.755, 157.77, 100, 5225
2026/09/17 19:43:45.755, 156.74, 98, 5225
2026/09/17 19:43:46.755, 157.11, 100, 5225
2026/09/17 19:43:47.755, 157.71, 100, 5225
2026/09/17 19:43:48.755, 157.51, 98, 5225
2026/09/17 19:43:49.756, 157.49, 100, 5225
2026/09/17 19:43:50.756, 157.60, 100, 5225
2026/09/17 19:43:51.756, 157.36, 98, 5225
2026/09/17 19:43:52.756, 157.45, 100, 5225
2026/09/17 19:43:53.765, 157.52, 100, 5225
2026/09/17 19:43:54.765, 157.22, 98, 5225
2026/09/17 19:43:55.765, 158.06, 100, 5225
2026/09/17 19:43:56.765, 157.42, 99, 5225
2026/09/17 19:43:57.766, 157.11, 98, 5225
2026/09/17 19:43:58.766, 158.01, 100, 5225
2026/09/17 19:43:59.766, 157.69, 98, 5225
2026/09/17 19:44:00.766, 157.36, 100, 5225
2026/09/17 19:44:01.766, 157.28, 100, 5225
2026/09/17 19:44:02.767, 157.11, 98, 5225
2026/09/17 19:44:03.767, 157.21, 100, 5225
2026/09/17 19:44:04.767, 157.21, 100, 5225
2026/09/17 19:44:05.767, 157.28, 98, 5225
2026/09/17 19:44:06.768, 157.57, 100, 5225
2026/09/17 19:44:07.768, 157.41, 100, 5225
2026/09/17 19:44:08.768, 157.59, 98, 5225
2026/09/17 19:44:09.768, 157.58, 100, 5225
2026/09/17 19:44:10.768, 157.36, 100, 5225
2026/09/17 19:44:11.769, 157.64, 98, 5225
2026/09/17 19:44:12.769, 157.90, 100, 5225
2026/09/17 19:44:13.769, 156.27, 100, 5225
2026/09/17 19:44:14.769, 157.45, 98, 5225
2026/09/17 19:44:15.769, 157.62, 100, 5225
2026/09/17 19:44:16.770, 156.93, 100, 5225
2026/09/17 19:44:17.770, 156.78, 98, 5225
2026/09/17 19:44:18.770, 157.33, 100, 5225
2026/09/17 19:44:19.770, 155.91, 100, 5225
2026/09/17 19:44:20.771, 156.65, 98, 5225
2026/09/17 19:44:21.771, 157.19, 100, 5225
2026/09/17 19:44:22.771, 157.41, 100, 5225
2026/09/17 19:44:23.771, 156.80, 98, 5225
2026/09/17 19:44:24.771, 157.34, 100, 5225
2026/09/17 19:44:25.772, 157.24, 100, 5225
2026/09/17 19:44:26.772, 157.46, 98, 5225
2026/09/17 19:44:27.772, 158.02, 100, 5225
2026/09/17 19:44:28.772, 157.48, 98, 5225
2026/09/17 19:44:29.773, 156.32, 100, 5225
2026/09/17 19:44:30.773, 157.63, 100, 5225
2026/09/17 19:44:31.773, 157.15, 98, 5225
2026/09/17 19:44:32.773, 157.55, 100, 5225
2026/09/17 19:44:33.773, 157.41, 100, 5225
2026/09/17 19:44:34.782, 157.32, 98, 5225
2026/09/17 19:44:35.782, 157.92, 100, 5225
2026/09/17 19:44:36.782, 157.65, 100, 5225
2026/09/17 19:44:37.783, 157.63, 98, 5225
2026/09/17 19:44:38.783, 157.95, 100, 5225
2026/09/17 19:44:39.792, 157.79, 100, 5225
2026/09/17 19:44:40.792, 157.55, 98, 5225
2026/09/17 19:44:41.792, 157.87, 100, 5225
2026/09/17 19:44:42.792, 157.40, 100, 5225
2026/09/17 19:44:43.793, 157.67, 98, 5225
2026/09/17 19:44:44.793, 157.54, 100, 5225
2026/09/17 19:44:45.793, 157.68, 100, 5225
2026/09/17 19:44:46.793, 156.84, 98, 5225
2026/09/17 19:44:47.793, 157.96, 100, 5225
2026/09/17 19:44:48.794, 157.85, 100, 5225
2026/09/17 19:44:49.802, 156.86, 98, 5225
2026/09/17 19:44:50.803, 158.02, 100, 5225
2026/09/17 19:44:51.803, 157.76, 100, 5225
2026/09/17 19:44:52.803, 157.60, 98, 5225
2026/09/17 19:44:53.803, 157.62, 100, 5225
2026/09/17 19:44:54.812, 157.66, 100, 5225
2026/09/17 19:44:55.812, 157.36, 98, 5225
2026/09/17 19:44:56.813, 157.99, 100, 5225
2026/09/17 19:44:57.813, 157.89, 100, 5225
2026/09/17 19:44:58.813, 157.20, 98, 5225
2026/09/17 19:44:59.822, 158.11, 100, 5225
2026/09/17 19:45:00.822, 157.88, 100, 5225
2026/09/17 19:45:01.822, 157.02, 98, 5225
2026/09/17 19:45:02.822, 157.96, 100, 5225
2026/09/17 19:45:03.822, 157.62, 100, 5225
2026/09/17 19:45:04.831, 157.04, 97, 5225
2026/09/17 19:45:05.831, 157.75, 100, 5225
2026/09/17 19:45:06.832, 157.71, 100, 5225
2026/09/17 19:45:07.832, 157.08, 98, 5225
2026/09/17 19:45:08.832, 158.23, 100, 5225
2026/09/17 19:45:09.841, 157.91, 100, 5225
2026/09/17 19:45:10.841, 157.00, 98, 5225
2026/09/17 19:45:11.841, 157.60, 100, 5225
2026/09/17 19:45:12.842, 157.77, 100, 5225
2026/09/17 19:45:13.842, 156.90, 98, 5225
2026/09/17 19:45:14.842, 160.25, 99, 5225
2026/09/17 19:45:15.842, 159.18, 99, 5225
2026/09/17 19:45:16.843, 155.08, 100, 5225
2026/09/17 19:45:17.843, 158.49, 99, 5225
2026/09/17 19:45:18.843, 161.47, 99, 5225
2026/09/17 19:45:19.852, 154.94, 99, 5225
2026/09/17 19:45:20.852, 155.85, 100, 5225
2026/09/17 19:45:21.852, 163.09, 100, 5225
2026/09/17 19:45:22.852, 155.77, 99, 5225
2026/09/17 19:45:23.853, 154.95, 99, 5225
2026/09/17 19:45:24.861, 161.48, 100, 5225
2026/09/17 19:45:25.862, 158.17, 100, 5225
2026/09/17 19:45:26.862, 155.22, 100, 5225
2026/09/17 19:45:27.862, 159.30, 99, 5225
2026/09/17 19:45:28.862, 161.00, 99, 5225
2026/09/17 19:45:29.871, 155.18, 100, 5225
2026/09/17 19:45:30.871, 156.55, 99, 5225
2026/09/17 19:45:31.871, 163.01, 99, 5225
2026/09/17 19:45:32.871, 155.78, 99, 5225
2026/09/17 19:45:33.872, 155.00, 100, 5225
2026/09/17 19:45:34.872, 162.19, 99, 5225
2026/09/17 19:45:35.872, 157.78, 99, 5225
2026/09/17 19:45:36.872, 155.15, 99, 5225
2026/09/17 19:45:37.873, 159.52, 100, 5225
2026/09/17 19:45:38.873, 160.04, 100, 5225
2026/09/17 19:45:39.882, 154.99, 99, 5225
2026/09/17 19:45:40.882, 157.24, 100, 5225
2026/09/17 19:45:41.882, 162.24, 100, 5225
2026/09/17 19:45:42.882, 155.28, 100, 5225
2026/09/17 19:45:43.882, 154.54, 92, 5225
2026/09/17 19:45:44.883, 58.48, 100, 5225
2026/09/17 19:45:45.883, 157.34, 98, 5225
2026/09/17 19:45:46.883, 157.46, 100, 5225
2026/09/17 19:45:47.883, 157.58, 100, 5225
2026/09/17 19:45:48.883, 157.69, 98, 5225
2026/09/17 19:45:49.884, 156.77, 100, 5225
2026/09/17 19:45:50.884, 157.68, 100, 5225
2026/09/17 19:45:51.884, 158.01, 98, 5225
2026/09/17 19:45:52.884, 157.29, 100, 5225
2026/09/17 19:45:53.885, 157.26, 100, 5225
2026/09/17 19:45:54.885, 155.80, 89, 5225
2026/09/17 19:45:55.885, 156.30, 100, 5225
2026/09/17 19:45:56.885, 157.65, 100, 5225
2026/09/17 19:45:57.886, 157.26, 98, 5225
2026/09/17 19:45:58.886, 158.00, 100, 5225
2026/09/17 19:45:59.886, 157.65, 100, 5225
2026/09/17 19:46:00.886, 155.68, 98, 5225
2026/09/17 19:46:01.886, 157.88, 100, 5225
2026/09/17 19:46:02.887, 157.25, 100, 5225
2026/09/17 19:46:03.887, 157.48, 98, 5225
2026/09/17 19:46:04.887, 157.99, 100, 5225
2026/09/17 19:46:05.887, 156.26, 98, 5225
2026/09/17 19:46:06.888, 157.59, 98, 5225
2026/09/17 19:46:07.888, 158.18, 100, 5225
2026/09/17 19:46:08.888, 157.45, 98, 5225
2026/09/17 19:46:09.888, 157.55, 98, 5225
2026/09/17 19:46:10.888, 157.75, 100, 5225
2026/09/17 19:46:11.889, 157.43, 98, 5225
2026/09/17 19:46:12.889, 157.52, 100, 5225
2026/09/17 19:46:13.889, 157.85, 100, 5225
2026/09/17 19:46:14.889, 157.83, 98, 5225
2026/09/17 19:46:15.890, 157.85, 99, 5225
2026/09/17 19:46:16.890, 157.83, 100, 5225
2026/09/17 19:46:17.890, 157.66, 98, 5225
2026/09/17 19:46:18.890, 157.80, 99, 5225
2026/09/17 19:46:19.891, 157.93, 100, 5225
2026/09/17 19:46:20.899, 156.42, 98, 5225
2026/09/17 19:46:21.899, 157.69, 100, 5225
2026/09/17 19:46:22.899, 157.44, 100, 5225
2026/09/17 19:46:23.899, 157.67, 98, 5225
2026/09/17 19:46:24.899, 157.75, 100, 5225
2026/09/17 19:46:25.900, 158.03, 100, 5225
2026/09/17 19:46:26.900, 157.66, 98, 5225
2026/09/17 19:46:27.900, 157.63, 100, 5225
2026/09/17 19:46:28.900, 157.29, 100, 5225
2026/09/17 19:46:29.901, 156.99, 98, 5225
2026/09/17 19:46:30.901, 157.53, 100, 5225
2026/09/17 19:46:31.901, 157.15, 100, 5225
2026/09/17 19:46:32.901, 157.24, 98, 5225
2026/09/17 19:46:33.901, 157.21, 100, 5225
2026/09/17 19:46:34.902, 157.42, 100, 5225
2026/09/17 19:46:35.902, 157.04, 98, 5225
2026/09/17 19:46:36.902, 157.65, 100, 5225
2026/09/17 19:46:37.902, 157.38, 100, 5225
2026/09/17 19:46:38.903, 157.00, 98, 5225
2026/09/17 19:46:39.903, 157.47, 100, 5225
2026/09/17 19:46:40.912, 157.46, 100, 5225
2026/09/17 19:46:41.912, 156.77, 98, 5225
2026/09/17 19:46:42.912, 157.96, 100, 5225
2026/09/17 19:46:43.912, 157.33, 100, 5225
2026/09/17 19:46:44.913, 156.58, 98, 5225
2026/09/17 19:46:45.913, 157.48, 100, 5225
2026/09/17 19:46:46.913, 157.55, 100, 5225
2026/09/17 19:46:47.913, 157.16, 98, 5225
2026/09/17 19:46:48.914, 157.39, 100, 5225
2026/09/17 19:46:49.914, 157.48, 100, 5225
2026/09/17 19:46:50.922, 156.66, 98, 5225
2026/09/17 19:46:51.923, 157.49, 100, 5225
2026/09/17 19:46:52.923, 157.48, 100, 5225
2026/09/17 19:46:53.923, 157.60, 98, 5225
2026/09/17 19:46:54.923, 157.60, 100, 5225
2026/09/17 19:46:55.932, 157.28, 100, 5225
2026/09/17 19:46:56.932, 157.16, 98, 5225
2026/09/17 19:46:57.932, 158.25, 100, 5225
2026/09/17 19:46:58.933, 157.35, 99, 5225
2026/09/17 19:46:59.933, 157.01, 98, 5225
2026/09/17 19:47:00.942, 158.33, 100, 5225
2026/09/17 19:47:01.942, 157.27, 98, 5225
2026/09/17 19:47:02.942, 157.27, 98, 5225
2026/09/17 19:47:03.942, 157.47, 100, 5225
2026/09/17 19:47:04.942, 157.17, 98, 5225
2026/09/17 19:47:05.943, 157.51, 100, 5225
2026/09/17 19:47:06.943, 157.23, 100, 5225
2026/09/17 19:47:07.943, 157.02, 98, 5225
2026/09/17 19:47:08.943, 157.47, 100, 5225
2026/09/17 19:47:09.943, 156.46, 100, 5225
2026/09/17 19:47:10.944, 156.74, 98, 5225
2026/09/17 19:47:11.944, 157.67, 100, 5225
2026/09/17 19:47:12.944, 157.66, 100, 5225
2026/09/17 19:47:13.944, 157.20, 98, 5225
2026/09/17 19:47:14.944, 157.43, 100, 5225
2026/09/17 19:47:15.945, 156.67, 100, 5225
2026/09/17 19:47:16.945, 156.53, 98, 5225
2026/09/17 19:47:17.945, 157.99, 100, 5225
2026/09/17 19:47:18.945, 157.74, 100, 5225
2026/09/17 19:47:19.945, 156.92, 98, 5225
2026/09/17 19:47:20.946, 156.32, 100, 5225
2026/09/17 19:47:21.946, 157.48, 100, 5225
2026/09/17 19:47:22.946, 156.52, 98, 5225
2026/09/17 19:47:23.946, 157.58, 100, 5225
2026/09/17 19:47:24.947, 157.47, 100, 5225
2026/09/17 19:47:25.947, 156.28, 98, 5225
2026/09/17 19:47:26.947, 157.18, 100, 5225
2026/09/17 19:47:27.947, 157.49, 100, 5225
2026/09/17 19:47:28.947, 156.63, 98, 5225
2026/09/17 19:47:29.948, 156.53, 100, 5225
2026/09/17 19:47:30.948, 157.64, 98, 5225
2026/09/17 19:47:31.948, 157.32, 98, 5225
2026/09/17 19:47:32.948, 157.76, 100, 5225
2026/09/17 19:47:33.948, 157.67, 98, 5225
2026/09/17 19:47:34.949, 157.30, 99, 5225
2026/09/17 19:47:35.949, 157.71, 100, 5225
2026/09/17 19:47:36.949, 157.92, 98, 5225
2026/09/17 19:47:37.949, 157.74, 99, 5225
2026/09/17 19:47:38.949, 157.68, 100, 5225
2026/09/17 19:47:39.950, 157.88, 98, 5225
2026/09/17 19:47:40.950, 157.71, 99, 5225
2026/09/17 19:47:41.950, 157.27, 100, 5225
2026/09/17 19:47:42.950, 157.40, 98, 5225
2026/09/17 19:47:43.950, 157.73, 99, 5225
2026/09/17 19:47:44.951, 157.52, 100, 5225
2026/09/17 19:47:45.951, 157.63, 98, 5225
2026/09/17 19:47:46.951, 157.55, 100, 5225
2026/09/17 19:47:47.951, 157.36, 100, 5225
2026/09/17 19:47:48.951, 157.32, 98, 5225
2026/09/17 19:47:49.952, 157.89, 100, 5225
2026/09/17 19:47:50.952, 157.28, 100, 5225
2026/09/17 19:47:51.952, 157.90, 98, 5225
2026/09/17 19:47:52.952, 157.84, 100, 5225
2026/09/17 19:47:53.952, 157.58, 100, 5225
2026/09/17 19:47:54.953, 157.48, 98, 5225
2026/09/17 19:47:55.953, 157.51, 100, 5225
2026/09/17 19:47:56.953, 157.67, 100, 5225
2026/09/17 19:47:57.953, 157.25, 98, 5225
2026/09/17 19:47:58.953, 157.85, 100, 5225
2026/09/17 19:47:59.954, 157.59, 100, 5225
2026/09/17 19:48:00.954, 156.12, 98, 5225
2026/09/17 19:48:01.954, 157.65, 100, 5225
2026/09/17 19:48:02.954, 157.61, 100, 5225
2026/09/17 19:48:03.954, 157.85, 98, 5225
2026/09/17 19:48:04.955, 157.68, 100, 5225
2026/09/17 19:48:05.963, 158.06, 100, 5225
2026/09/17 19:48:06.964, 157.95, 98, 5225
2026/09/17 19:48:07.964, 158.09, 100, 5225
2026/09/17 19:48:08.964, 157.87, 100, 5225
2026/09/17 19:48:09.964, 157.43, 98, 5225
2026/09/17 19:48:10.973, 157.90, 100, 5225
2026/09/17 19:48:11.973, 157.58, 100, 5225
2026/09/17 19:48:12.973, 157.34, 98, 5225
2026/09/17 19:48:13.974, 157.60, 100, 5225
2026/09/17 19:48:14.974, 157.96, 100, 5225
2026/09/17 19:48:15.983, 157.19, 98, 5225
2026/09/17 19:48:16.983, 157.94, 100, 5225
2026/09/17 19:48:17.983, 157.84, 100, 5225
2026/09/17 19:48:18.983, 157.27, 98, 5225
2026/09/17 19:48:19.984, 157.57, 100, 5225
2026/09/17 19:48:20.992, 157.81, 100, 5225
2026/09/17 19:48:21.992, 158.00, 98, 5225
2026/09/17 19:48:22.993, 157.87, 100, 5225
2026/09/17 19:48:23.993, 157.51, 100, 5225
2026/09/17 19:48:24.993, 157.65, 98, 5225
2026/09/17 19:48:25.993, 157.92, 100, 5225
2026/09/17 19:48:26.994, 157.86, 100, 5225
2026/09/17 19:48:27.994, 157.93, 98, 5225
2026/09/17 19:48:28.994, 157.61, 100, 5225
2026/09/17 19:48:29.994, 157.64, 100, 5225
2026/09/17 19:48:31.003, 157.66, 98, 5225
2026/09/17 19:48:32.003, 157.63, 100, 5225
2026/09/17 19:48:33.004, 157.69, 100, 5225
2026/09/17 19:48:34.004, 157.66, 98, 5225
2026/09/17 19:48:35.004, 157.86, 100, 5225
2026/09/17 19:48:36.005, 157.56, 100, 5225
2026/09/17 19:48:37.005, 157.18, 98, 5225
2026/09/17 19:48:38.005, 157.41, 100, 5225
2026/09/17 19:48:39.005, 157.68, 100, 5225
2026/09/17 19:48:40.005, 158.05, 98, 5225
2026/09/17 19:48:41.006, 157.58, 100, 5225
2026/09/17 19:48:42.006, 157.55, 100, 5225
2026/09/17 19:48:43.006, 157.19, 98, 5225
2026/09/17 19:48:44.007, 157.68, 100, 5225
2026/09/17 19:48:45.007, 157.93, 100, 5225
2026/09/17 19:48:46.007, 157.47, 98, 5225
2026/09/17 19:48:47.007, 157.95, 100, 5225
2026/09/17 19:48:48.007, 158.13, 100, 5225
2026/09/17 19:48:49.008, 157.12, 98, 5225
2026/09/17 19:48:50.008, 157.62, 100, 5225
2026/09/17 19:48:51.008, 157.74, 100, 5225
2026/09/17 19:48:52.008, 158.08, 98, 5225
2026/09/17 19:48:53.009, 158.16, 100, 5225
2026/09/17 19:48:54.009, 157.74, 100, 5225
2026/09/17 19:48:55.009, 157.10, 97, 5225
2026/09/17 19:48:56.009, 157.76, 100, 5225
2026/09/17 19:48:57.009, 157.54, 100, 5225
2026/09/17 19:48:58.010, 157.08, 98, 5225
2026/09/17 19:48:59.010, 157.39, 100, 5225
2026/09/17 19:49:00.010, 157.54, 100, 5225
2026/09/17 19:49:01.010, 156.92, 98, 5225
2026/09/17 19:49:02.011, 157.63, 100, 5225
2026/09/17 19:49:03.011, 157.87, 100, 5225
2026/09/17 19:49:04.011, 157.28, 98, 5225
2026/09/17 19:49:05.011, 157.84, 100, 5225
2026/09/17 19:49:06.012, 157.82, 100, 5225
2026/09/17 19:49:07.012, 157.25, 98, 5225
2026/09/17 19:49:08.012, 157.62, 100, 5225
2026/09/17 19:49:09.012, 157.78, 100, 5225
2026/09/17 19:49:10.012, 156.87, 98, 5225
2026/09/17 19:49:11.013, 158.04, 100, 5225
2026/09/17 19:49:12.013, 157.58, 100, 5225
2026/09/17 19:49:13.013, 157.02, 98, 5225
2026/09/17 19:49:14.014, 157.87, 100, 5225
2026/09/17 19:49:15.014, 157.77, 100, 5225
2026/09/17 19:49:16.022, 157.62, 98, 5225
2026/09/17 19:49:17.023, 158.18, 100, 5225
2026/09/17 19:49:18.023, 157.68, 100, 5225
2026/09/17 19:49:19.023, 157.83, 98, 5225
2026/09/17 19:49:20.023, 157.69, 100, 5225
2026/09/17 19:49:21.032, 157.79, 100, 5225
2026/09/17 19:49:22.032, 156.95, 98, 5225
2026/09/17 19:49:23.032, 157.25, 100, 5225
2026/09/17 19:49:24.033, 157.63, 100, 5225
2026/09/17 19:49:25.033, 157.17, 98, 5225
2026/09/17 19:49:26.041, 157.48, 100, 5225
2026/09/17 19:49:27.042, 157.69, 99, 5225
2026/09/17 19:49:28.042, 157.15, 98, 5225
2026/09/17 19:49:29.042, 157.67, 100, 5225
2026/09/17 19:49:30.042, 157.42, 99, 5225
2026/09/17 19:49:31.051, 157.17, 98, 5225
2026/09/17 19:49:32.052, 158.34, 100, 5225
2026/09/17 19:49:33.052, 157.48, 98, 5225
2026/09/17 19:49:34.052, 157.95, 98, 5225
2026/09/17 19:49:35.052, 158.24, 100, 5225
2026/09/17 19:49:36.061, 157.77, 98, 5225
2026/09/17 19:49:37.061, 157.68, 98, 5225
2026/09/17 19:49:38.061, 157.88, 100, 5225
2026/09/17 19:49:39.061, 157.56, 98, 5225
2026/09/17 19:49:40.062, 157.82, 99, 5225
2026/09/17 19:49:41.070, 157.72, 100, 5225
2026/09/17 19:49:42.071, 157.60, 98, 5225
2026/09/17 19:49:43.071, 160.10, 100, 5225
2026/09/17 19:49:44.071, 158.50, 100, 5225
2026/09/17 19:49:45.071, 155.19, 100, 5225
2026/09/17 19:49:46.080, 158.70, 100, 5225
2026/09/17 19:49:47.080, 161.23, 99, 5225
2026/09/17 19:49:48.080, 155.24, 100, 5225
2026/09/17 19:49:49.081, 156.38, 99, 5225
2026/09/17 19:49:50.081, 163.14, 100, 5225
2026/09/17 19:49:51.090, 155.11, 99, 5225
2026/09/17 19:49:52.090, 155.07, 100, 5225
2026/09/17 19:49:53.090, 162.07, 99, 5225
2026/09/17 19:49:54.090, 158.47, 100, 5225
2026/09/17 19:49:55.090, 154.94, 99, 5225
2026/09/17 19:49:56.099, 159.16, 99, 5225
2026/09/17 19:49:57.099, 160.66, 100, 5225
2026/09/17 19:49:58.100, 155.13, 100, 5225
2026/09/17 19:49:59.100, 157.41, 100, 5225
2026/09/17 19:50:00.100, 162.61, 99, 5225
2026/09/17 19:50:01.109, 155.22, 100, 5225
2026/09/17 19:50:02.109, 155.31, 100, 5225
2026/09/17 19:50:03.109, 162.82, 100, 5225
2026/09/17 19:50:04.109, 157.60, 99, 5225
2026/09/17 19:50:05.110, 155.03, 100, 5225
2026/09/17 19:50:06.110, 160.59, 100, 5225
2026/09/17 19:50:07.110, 159.90, 99, 5225
2026/09/17 19:50:08.110, 155.25, 99, 5225
2026/09/17 19:50:09.110, 158.66, 99, 5225
2026/09/17 19:50:10.111, 161.22, 100, 5225
2026/09/17 19:50:11.111, 155.24, 99, 5225
2026/09/17 19:50:12.111, 136.67, 50, 5225
2026/09/17 19:50:13.111, 69.00, 100, 5225
2026/09/17 19:50:14.111, 157.85, 100, 5225
2026/09/17 19:50:15.112, 157.18, 98, 5225
2026/09/17 19:50:16.112, 157.62, 100, 5225
2026/09/17 19:50:17.112, 157.65, 100, 5225
2026/09/17 19:50:18.112, 157.20, 98, 5225
2026/09/17 19:50:19.113, 156.88, 100, 5225
2026/09/17 19:50:20.113, 158.04, 100, 5225
2026/09/17 19:50:21.113, 157.54, 98, 5225
2026/09/17 19:50:22.113, 157.13, 100, 5225
2026/09/17 19:50:23.114, 157.63, 100, 5225
2026/09/17 19:50:24.114, 157.30, 98, 5225
2026/09/17 19:50:25.114, 157.43, 100, 5225
2026/09/17 19:50:26.114, 158.30, 100, 5225
2026/09/17 19:50:27.115, 156.96, 98, 5225
2026/09/17 19:50:28.115, 156.73, 100, 5225
2026/09/17 19:50:29.115, 157.94, 100, 5225
2026/09/17 19:50:30.115, 157.44, 98, 5225
2026/09/17 19:50:31.124, 157.69, 100, 5225
2026/09/17 19:50:32.124, 157.81, 98, 5225
2026/09/17 19:50:33.124, 157.06, 100, 5225
2026/09/17 19:50:34.125, 157.76, 100, 5225
2026/09/17 19:50:35.125, 157.53, 98, 5225
2026/09/17 19:50:36.125, 157.31, 100, 5225
2026/09/17 19:50:37.125, 157.71, 100, 5225
2026/09/17 19:50:38.125, 157.66, 98, 5225
2026/09/17 19:50:39.126, 157.68, 100, 5225
2026/09/17 19:50:40.126, 158.02, 100, 5225
2026/09/17 19:50:41.126, 157.50, 100, 5225
2026/09/17 19:50:42.126, 156.83, 100, 5225
2026/09/17 19:50:43.127, 157.81, 100, 5225
2026/09/17 19:50:44.127, 157.74, 100, 5225
2026/09/17 19:50:45.127, 156.90, 98, 5225
2026/09/17 19:50:46.127, 157.53, 100, 5225
2026/09/17 19:50:47.127, 157.73, 100, 5225
2026/09/17 19:50:48.128, 157.43, 98, 5225
2026/09/17 19:50:49.128, 157.88, 100, 5225
2026/09/17 19:50:50.128, 157.83, 100, 5225
2026/09/17 19:50:51.128, 157.61, 98, 5225
2026/09/17 19:50:52.128, 157.65, 100, 5225
2026/09/17 19:50:53.129, 157.81, 100, 5225
2026/09/17 19:50:54.129, 157.59, 100, 5225
2026/09/17 19:50:55.129, 157.64, 100, 5225
2026/09/17 19:50:56.138, 157.60, 100, 5225
2026/09/17 19:50:57.138, 156.59, 98, 5225
2026/09/17 19:50:58.138, 157.64, 100, 5225
2026/09/17 19:50:59.138, 157.96, 100, 5225
2026/09/17 19:51:00.139, 157.14, 98, 5225
2026/09/17 19:51:01.139, 158.35, 100, 5225
2026/09/17 19:51:02.139, 157.54, 100, 5225
2026/09/17 19:51:03.139, 156.65, 98, 5225
2026/09/17 19:51:04.140, 158.33, 100, 5225
2026/09/17 19:51:05.140, 157.50, 100, 5225
2026/09/17 19:51:06.140, 156.97, 98, 5225
2026/09/17 19:51:07.140, 157.93, 100, 5225
2026/09/17 19:51:08.140, 157.39, 100, 5225
2026/09/17 19:51:09.141, 156.75, 98, 5225
2026/09/17 19:51:10.141, 158.36, 100, 5225
2026/09/17 19:51:11.150, 157.32, 100, 5225
2026/09/17 19:51:12.150, 157.41, 98, 5225
2026/09/17 19:51:13.150, 157.58, 100, 5225
2026/09/17 19:51:14.150, 157.63, 100, 5225
2026/09/17 19:51:15.151, 157.43, 98, 5225
2026/09/17 19:51:16.151, 157.99, 100, 5225
2026/09/17 19:51:17.151, 157.72, 100, 5225
2026/09/17 19:51:18.151, 157.38, 98, 5225
2026/09/17 19:51:19.151, 157.79, 100, 5225
2026/09/17 19:51:20.152, 157.94, 100, 5225
2026/09/17 19:51:21.152, 157.60, 98, 5225
2026/09/17 19:51:22.152, 157.68, 100, 5225
2026/09/17 19:51:23.152, 157.75, 100, 5225
2026/09/17 19:51:24.152, 157.59, 98, 5225
2026/09/17 19:51:25.153, 157.85, 100, 5225
2026/09/17 19:51:26.153, 157.67, 100, 5225
2026/09/17 19:51:27.153, 157.06, 98, 5225
2026/09/17 19:51:28.153, 157.47, 100, 5225
2026/09/17 19:51:29.153, 157.42, 100, 5225
2026/09/17 19:51:30.154, 157.11, 98, 5225
2026/09/17 19:51:31.154, 157.85, 100, 5225
2026/09/17 19:51:32.154, 157.84, 100, 5225
2026/09/17 19:51:33.154, 157.06, 98, 5225
2026/09/17 19:51:34.154, 157.69, 100, 5225
2026/09/17 19:51:35.155, 158.04, 100, 5225
2026/09/17 19:51:36.163, 157.62, 98, 5225
2026/09/17 19:51:37.164, 157.66, 100, 5225
2026/09/17 19:51:38.164, 157.69, 100, 5225
2026/09/17 19:51:39.164, 157.20, 98, 5225
2026/09/17 19:51:40.164, 157.76, 100, 5225
2026/09/17 19:51:41.173, 157.78, 100, 5225
2026/09/17 19:51:42.173, 156.70, 98, 5225
2026/09/17 19:51:43.173, 158.02, 100, 5225
2026/09/17 19:51:44.173, 157.60, 100, 5225
2026/09/17 19:51:45.174, 157.03, 98, 5225
2026/09/17 19:51:46.174, 157.63, 100, 5225
2026/09/17 19:51:47.174, 157.62, 100, 5225
2026/09/17 19:51:48.174, 156.84, 98, 5225
2026/09/17 19:51:49.175, 157.72, 100, 5225
2026/09/17 19:51:50.175, 157.71, 100, 5225
2026/09/17 19:51:51.183, 157.81, 98, 5225
2026/09/17 19:51:52.184, 157.80, 100, 5225
2026/09/17 19:51:53.184, 158.05, 100, 5225
2026/09/17 19:51:54.184, 157.85, 98, 5225
2026/09/17 19:51:55.184, 158.04, 100, 5225
2026/09/17 19:51:56.193, 157.92, 100, 5225
2026/09/17 19:51:57.193, 157.15, 98, 5225
2026/09/17 19:51:58.193, 157.79, 100, 5225
2026/09/17 19:51:59.194, 157.98, 100, 5225
2026/09/17 19:52:00.194, 156.69, 98, 5225
2026/09/17 19:52:01.194, 157.84, 100, 5225
2026/09/17 19:52:02.194, 157.74, 100, 5225
2026/09/17 19:52:03.195, 156.70, 98, 5225
2026/09/17 19:52:04.195, 157.73, 100, 5225
2026/09/17 19:52:05.195, 157.20, 100, 5225
2026/09/17 19:52:06.195, 157.18, 98, 5225
2026/09/17 19:52:07.195, 157.55, 100, 5225
2026/09/17 19:52:08.196, 157.48, 100, 5225
2026/09/17 19:52:09.196, 157.22, 98, 5225
2026/09/17 19:52:10.196, 158.16, 100, 5225
2026/09/17 19:52:11.196, 157.74, 100, 5225
2026/09/17 19:52:12.196, 156.17, 98, 5225
2026/09/17 19:52:13.197, 157.54, 100, 5225
2026/09/17 19:52:14.197, 157.72, 100, 5225
2026/09/17 19:52:15.197, 156.88, 98, 5225
2026/09/17 19:52:16.197, 157.97, 100, 5225
2026/09/17 19:52:17.197, 156.68, 100, 5225
2026/09/17 19:52:18.198, 157.04, 98, 5225
2026/09/17 19:52:19.198, 158.10, 100, 5225
2026/09/17 19:52:20.198, 158.08, 100, 5225
2026/09/17 19:52:21.198, 157.02, 98, 5225
2026/09/17 19:52:22.198, 157.94, 100, 5225
2026/09/17 19:52:23.203, 156.58, 100, 5225
2026/09/17 19:52:24.203, 156.72, 98, 5225
2026/09/17 19:52:25.203, 157.58, 100, 5225
2026/09/17 19:52:26.203, 157.54, 99, 5225
2026/09/17 19:52:27.204, 156.91, 98, 5225
2026/09/17 19:52:28.204, 157.87, 100, 5225
2026/09/17 19:52:29.204, 157.51, 98, 5225
2026/09/17 19:52:30.204, 157.51, 99, 5225
2026/09/17 19:52:31.204, 157.88, 100, 5225
2026/09/17 19:52:32.204, 157.06, 98, 5225
2026/09/17 19:52:33.205, 156.31, 100, 5225
2026/09/17 19:52:34.205, 157.71, 100, 5225
2026/09/17 19:52:35.205, 157.18, 98, 5225
2026/09/17 19:52:36.205, 157.33, 100, 5225
2026/09/17 19:52:37.205, 157.89, 100, 5225
2026/09/17 19:52:38.206, 156.24, 98, 5225
2026/09/17 19:52:39.206, 157.87, 100, 5225
2026/09/17 19:52:40.206, 157.93, 100, 5225
2026/09/17 19:52:41.206, 157.26, 98, 5225
2026/09/17 19:52:42.206, 157.52, 100, 5225
2026/09/17 19:52:43.207, 156.52, 100, 5225
2026/09/17 19:52:44.207, 156.89, 98, 5225
2026/09/17 19:52:45.207, 157.57, 100, 5225
2026/09/17 19:52:46.207, 157.79, 100, 5225
2026/09/17 19:52:47.207, 157.49, 98, 5225
2026/09/17 19:52:48.208, 157.52, 100, 5225
2026/09/17 19:52:49.208, 156.63, 100, 5225
2026/09/17 19:52:50.208, 156.96, 98, 5225
2026/09/17 19:52:51.208, 157.43, 100, 5225
2026/09/17 19:52:52.208, 157.66, 100, 5225
2026/09/17 19:52:53.209, 157.13, 98, 5225
2026/09/17 19:52:54.209, 157.67, 100, 5225
2026/09/17 19:52:55.209, 157.35, 99, 5225
2026/09/17 19:52:56.209, 157.12, 98, 5225
2026/09/17 19:52:57.209, 157.79, 100, 5225
2026/09/17 19:52:58.210, 157.62, 98, 5225
2026/09/17 19:52:59.218, 157.37, 99, 5225
2026/09/17 19:53:00.219, 157.06, 100, 5225
2026/09/17 19:53:01.219, 157.05, 98, 5225
2026/09/17 19:53:02.219, 157.27, 100, 5225
2026/09/17 19:53:03.219, 157.55, 100, 5225
2026/09/17 19:53:04.228, 156.90, 98, 5225
2026/09/17 19:53:05.228, 157.48, 100, 5225
2026/09/17 19:53:06.228, 157.33, 100, 5225
2026/09/17 19:53:07.229, 157.10, 98, 5225
2026/09/17 19:53:08.229, 157.58, 100, 5225
2026/09/17 19:53:09.229, 157.50, 100, 5225
2026/09/17 19:53:10.229, 157.70, 98, 5225
2026/09/17 19:53:11.229, 157.79, 100, 5225
2026/09/17 19:53:12.230, 157.57, 100, 5225
2026/09/17 19:53:13.230, 157.45, 98, 5225
2026/09/17 19:53:14.238, 157.50, 100, 5225
2026/09/17 19:53:15.239, 157.66, 100, 5225
2026/09/17 19:53:16.239, 157.26, 98, 5225
2026/09/17 19:53:17.239, 157.65, 100, 5225
2026/09/17 19:53:18.239, 157.28, 100, 5225
2026/09/17 19:53:19.240, 157.17, 98, 5225
2026/09/17 19:53:20.240, 157.61, 100, 5225
2026/09/17 19:53:21.240, 157.56, 100, 5225
2026/09/17 19:53:22.240, 157.18, 98, 5225
2026/09/17 19:53:23.240, 157.57, 100, 5225
2026/09/17 19:53:24.249, 157.34, 100, 5225
2026/09/17 19:53:25.249, 157.16, 98, 5225
2026/09/17 19:53:26.250, 157.53, 100, 5225
2026/09/17 19:53:27.250, 157.65, 100, 5225
2026/09/17 19:53:28.250, 157.08, 98, 5225
2026/09/17 19:53:29.250, 158.18, 100, 5225
2026/09/17 19:53:30.251, 157.42, 100, 5225
2026/09/17 19:53:31.251, 156.59, 98, 5225
2026/09/17 19:53:32.251, 157.92, 100, 5225
2026/09/17 19:53:33.251, 157.35, 100, 5225
2026/09/17 19:53:34.260, 156.91, 98, 5225
2026/09/17 19:53:35.260, 157.41, 100, 5225
2026/09/17 19:53:36.260, 157.38, 98, 5225
2026/09/17 19:53:37.261, 157.16, 98, 5225
2026/09/17 19:53:38.261, 157.93, 100, 5225
2026/09/17 19:53:39.261, 157.14, 98, 5225
2026/09/17 19:53:40.262, 157.43, 99, 5225
2026/09/17 19:53:41.262, 157.48, 100, 5225
2026/09/17 19:53:42.262, 156.85, 98, 5225
2026/09/17 19:53:43.262, 157.29, 100, 5225
2026/09/17 19:53:44.262, 157.33, 100, 5225
2026/09/17 19:53:45.263, 157.24, 98, 5225
2026/09/17 19:53:46.263, 156.78, 100, 5225
2026/09/17 19:53:47.263, 158.13, 100, 5225
2026/09/17 19:53:48.263, 156.71, 97, 5225
2026/09/17 19:53:49.264, 157.38, 100, 5225
2026/09/17 19:53:50.264, 158.00, 100, 5225
2026/09/17 19:53:51.264, 155.37, 98, 5225
2026/09/17 19:53:52.264, 157.43, 100, 5225
2026/09/17 19:53:53.264, 157.25, 100, 5225
2026/09/17 19:53:54.265, 156.64, 98, 5225
2026/09/17 19:53:55.265, 157.59, 100, 5225
2026/09/17 19:53:56.265, 157.26, 100, 5225
2026/09/17 19:53:57.265, 156.41, 98, 5225
2026/09/17 19:53:58.266, 157.31, 100, 5225
2026/09/17 19:53:59.266, 157.50, 100, 5225
2026/09/17 19:54:00.266, 156.36, 98, 5225
2026/09/17 19:54:01.266, 156.33, 100, 5225
2026/09/17 19:54:02.267, 157.23, 100, 5225
2026/09/17 19:54:03.267, 156.27, 98, 5225
2026/09/17 19:54:04.267, 157.06, 100, 5225
2026/09/17 19:54:05.267, 157.30, 100, 5225
2026/09/17 19:54:06.268, 155.96, 90, 5225
2026/09/17 19:54:07.268, 157.63, 100, 5225
2026/09/17 19:54:08.268, 157.58, 98, 5225
2026/09/17 19:54:09.268, 157.13, 100, 5225
2026/09/17 19:54:10.268, 158.18, 99, 5225
2026/09/17 19:54:11.269, 161.33, 99, 5225
2026/09/17 19:54:12.277, 155.01, 99, 5225
2026/09/17 19:54:13.277, 155.93, 100, 5225
2026/09/17 19:54:14.278, 162.87, 100, 5225
2026/09/17 19:54:15.278, 156.35, 100, 5225
2026/09/17 19:54:16.278, 155.00, 99, 5225
2026/09/17 19:54:17.278, 161.52, 100, 5225
2026/09/17 19:54:18.278, 158.09, 100, 5225
2026/09/17 19:54:19.279, 155.12, 100, 5225
2026/09/17 19:54:20.279, 158.93, 99, 5225
2026/09/17 19:54:21.279, 160.68, 99, 5225
2026/09/17 19:54:22.279, 155.19, 100, 5225
2026/09/17 19:54:23.279, 156.79, 99, 5225
2026/09/17 19:54:24.279, 162.97, 99, 5225
2026/09/17 19:54:25.280, 155.09, 99, 5225
2026/09/17 19:54:26.280, 155.21, 100, 5225
2026/09/17 19:54:27.289, 162.24, 99, 5225
2026/09/17 19:54:28.289, 157.84, 99, 5225
2026/09/17 19:54:29.289, 155.07, 99, 5225
2026/09/17 19:54:30.289, 159.67, 100, 5225
2026/09/17 19:54:31.289, 160.58, 100, 5225
2026/09/17 19:54:32.298, 155.02, 99, 5225
2026/09/17 19:54:33.298, 157.31, 100, 5225
2026/09/17 19:54:34.299, 161.92, 100, 5225
2026/09/17 19:54:35.299, 155.02, 100, 5225
2026/09/17 19:54:36.299, 154.78, 98, 5225
2026/09/17 19:54:37.308, 162.32, 100, 5225
2026/09/17 19:54:38.308, 156.58, 100, 5225
2026/09/17 19:54:39.308, 155.18, 100, 5225
2026/09/17 19:54:40.308, 73.72, 0, 5225
2026/09/17 19:54:41.308, 138.49, 98, 5225
2026/09/17 19:54:42.309, 157.20, 100, 5225
2026/09/17 19:54:43.309, 157.75, 100, 5225
2026/09/17 19:54:44.309, 156.91, 98, 5225
2026/09/17 19:54:45.309, 157.21, 100, 5225
2026/09/17 19:54:46.310, 157.93, 100, 5225
2026/09/17 19:54:47.318, 157.33, 98, 5225
2026/09/17 19:54:48.319, 157.42, 100, 5225
2026/09/17 19:54:49.319, 157.34, 100, 5225
2026/09/17 19:54:50.319, 157.50, 98, 5225
2026/09/17 19:54:51.319, 157.80, 100, 5225
2026/09/17 19:54:52.328, 157.75, 100, 5225
2026/09/17 19:54:53.328, 157.10, 98, 5225
2026/09/17 19:54:54.329, 158.24, 100, 5225
2026/09/17 19:54:55.329, 157.36, 100, 5225
2026/09/17 19:54:56.329, 157.46, 98, 5225
2026/09/17 19:54:57.329, 157.67, 100, 5225
2026/09/17 19:54:58.329, 157.62, 100, 5225
2026/09/17 19:54:59.330, 157.76, 98, 5225
2026/09/17 19:55:00.330, 157.59, 100, 5225
2026/09/17 19:55:01.330, 157.83, 100, 5225
2026/09/17 19:55:02.339, 157.71, 98, 5225
2026/09/17 19:55:03.339, 158.31, 100, 5225
2026/09/17 19:55:04.340, 157.57, 100, 5225
2026/09/17 19:55:05.340, 157.64, 98, 5225
2026/09/17 19:55:06.340, 157.20, 100, 5225
2026/09/17 19:55:07.340, 157.66, 100, 5225
2026/09/17 19:55:08.341, 157.40, 98, 5225
2026/09/17 19:55:09.341, 157.54, 100, 5225
2026/09/17 19:55:10.341, 157.52, 100, 5225
2026/09/17 19:55:11.341, 157.29, 98, 5225
2026/09/17 19:55:12.341, 157.49, 100, 5225
2026/09/17 19:55:13.342, 157.44, 100, 5225
2026/09/17 19:55:14.342, 156.99, 98, 5225
2026/09/17 19:55:15.342, 157.21, 100, 5225
2026/09/17 19:55:16.342, 157.77, 100, 5225
2026/09/17 19:55:17.342, 157.77, 98, 5225
2026/09/17 19:55:18.343, 157.41, 100, 5225
2026/09/17 19:55:19.343, 157.29, 100, 5225
2026/09/17 19:55:20.343, 157.03, 98, 5225
2026/09/17 19:55:21.343, 157.43, 100, 5225
2026/09/17 19:55:22.344, 157.33, 100, 5225
2026/09/17 19:55:23.344, 157.37, 98, 5225
2026/09/17 19:55:24.344, 157.58, 100, 5225
2026/09/17 19:55:25.344, 157.27, 100, 5225
2026/09/17 19:55:26.344, 157.21, 98, 5225
2026/09/17 19:55:27.345, 157.30, 100, 5225
2026/09/17 19:55:28.345, 157.51, 100, 5225
2026/09/17 19:55:29.345, 157.08, 98, 5225
2026/09/17 19:55:30.345, 157.54, 100, 5225
2026/09/17 19:55:31.345, 158.00, 100, 5225
2026/09/17 19:55:32.346, 157.78, 98, 5225
2026/09/17 19:55:33.346, 157.57, 100, 5225
2026/09/17 19:55:34.346, 157.54, 100, 5225
2026/09/17 19:55:35.346, 157.19, 98, 5225
2026/09/17 19:55:36.347, 157.85, 100, 5225
2026/09/17 19:55:37.347, 157.56, 100, 5225
2026/09/17 19:55:38.347, 157.24, 98, 5225
2026/09/17 19:55:39.347, 157.71, 100, 5225
2026/09/17 19:55:40.348, 157.49, 100, 5225
2026/09/17 19:55:41.348, 157.63, 98, 5225
2026/09/17 19:55:42.348, 157.41, 100, 5225
2026/09/17 19:55:43.348, 157.77, 100, 5225
2026/09/17 19:55:44.349, 157.68, 98, 5225
2026/09/17 19:55:45.349, 158.35, 100, 5225
2026/09/17 19:55:46.349, 157.78, 100, 5225
2026/09/17 19:55:47.349, 157.18, 98, 5225
2026/09/17 19:55:48.349, 157.68, 100, 5225
2026/09/17 19:55:49.350, 157.50, 100, 5225
2026/09/17 19:55:50.350, 157.30, 98, 5225
2026/09/17 19:55:51.350, 157.57, 100, 5225
2026/09/17 19:55:52.350, 157.35, 100, 5225
2026/09/17 19:55:53.350, 156.92, 98, 5225
2026/09/17 19:55:54.351, 158.53, 100, 5225
2026/09/17 19:55:55.351, 157.55, 100, 5225
2026/09/17 19:55:56.351, 157.05, 98, 5225
2026/09/17 19:55:57.351, 157.52, 100, 5225
2026/09/17 19:55:58.351, 157.65, 100, 5225
2026/09/17 19:55:59.352, 157.26, 98, 5225
2026/09/17 19:56:00.352, 158.23, 100, 5225
2026/09/17 19:56:01.352, 157.70, 100, 5225
2026/09/17 19:56:02.352, 157.95, 98, 5225
2026/09/17 19:56:03.352, 157.99, 100, 5225
2026/09/17 19:56:04.353, 157.66, 100, 5225
2026/09/17 19:56:05.353, 157.35, 98, 5225
2026/09/17 19:56:06.353, 157.76, 100, 5225
2026/09/17 19:56:07.362, 157.49, 100, 5225
2026/09/17 19:56:08.362, 156.96, 98, 5225
2026/09/17 19:56:09.362, 157.87, 100, 5225
2026/09/17 19:56:10.363, 157.55, 100, 5225
2026/09/17 19:56:11.363, 157.22, 98, 5225
2026/09/17 19:56:12.365, 156.52, 100, 5225
2026/09/17 19:56:13.366, 157.56, 100, 5225
2026/09/17 19:56:14.366, 156.96, 98, 5225
2026/09/17 19:56:15.366, 157.37, 100, 5225
2026/09/17 19:56:16.366, 157.32, 100, 5225
2026/09/17 19:56:17.375, 157.01, 98, 5225
2026/09/17 19:56:18.375, 158.29, 100, 5225
2026/09/17 19:56:19.375, 157.83, 100, 5225
2026/09/17 19:56:20.376, 157.11, 98, 5225
2026/09/17 19:56:21.376, 157.56, 100, 5225
2026/09/17 19:56:22.376, 157.44, 100, 5225
2026/09/17 19:56:23.376, 156.85, 98, 5225
2026/09/17 19:56:24.376, 157.27, 100, 5225
2026/09/17 19:56:25.377, 157.35, 98, 5225
2026/09/17 19:56:26.377, 157.67, 99, 5225
2026/09/17 19:56:27.377, 157.80, 100, 5225
2026/09/17 19:56:28.377, 157.38, 98, 5225
2026/09/17 19:56:29.377, 157.49, 100, 5225
2026/09/17 19:56:30.378, 157.46, 100, 5225
2026/09/17 19:56:31.378, 157.46, 98, 5225
2026/09/17 19:56:32.378, 157.42, 100, 5225
2026/09/17 19:56:33.379, 157.72, 100, 5225
2026/09/17 19:56:34.379, 156.93, 98, 5225
2026/09/17 19:56:35.379, 157.78, 100, 5225
2026/09/17 19:56:36.379, 157.47, 100, 5225
2026/09/17 19:56:37.388, 156.78, 98, 5225
2026/09/17 19:56:38.388, 157.40, 100, 5225
2026/09/17 19:56:39.388, 157.58, 100, 5225
2026/09/17 19:56:40.389, 156.81, 98, 5225
2026/09/17 19:56:41.389, 157.60, 100, 5225
2026/09/17 19:56:42.389, 157.56, 100, 5225
2026/09/17 19:56:43.389, 156.69, 98, 5225
2026/09/17 19:56:44.390, 157.73, 100, 5225
2026/09/17 19:56:45.390, 157.76, 100, 5225
2026/09/17 19:56:46.390, 156.96, 98, 5225
2026/09/17 19:56:47.390, 157.69, 100, 5225
2026/09/17 19:56:48.390, 157.65, 100, 5225
2026/09/17 19:56:49.391, 156.63, 98, 5225
2026/09/17 19:56:50.391, 157.60, 100, 5225
2026/09/17 19:56:51.391, 157.51, 100, 5225
2026/09/17 19:56:52.391, 156.90, 98, 5225
2026/09/17 19:56:53.392, 157.58, 100, 5225
2026/09/17 19:56:54.392, 157.63, 100, 5225
2026/09/17 19:56:55.392, 157.08, 98, 5225
2026/09/17 19:56:56.392, 158.33, 100, 5225
2026/09/17 19:56:57.392, 157.43, 100, 5225
2026/09/17 19:56:58.393, 156.90, 98, 5225
2026/09/17 19:56:59.393, 157.65, 100, 5225
2026/09/17 19:57:00.393, 157.41, 99, 5225
2026/09/17 19:57:01.393, 156.94, 98, 5225
2026/09/17 19:57:02.393, 156.96, 100, 5225
2026/09/17 19:57:03.394, 158.07, 98, 5225
2026/09/17 19:57:04.394, 157.59, 99, 5225
2026/09/17 19:57:05.394, 157.88, 100, 5225
2026/09/17 19:57:06.394, 157.96, 98, 5225
2026/09/17 19:57:07.395, 156.77, 100, 5225
2026/09/17 19:57:08.395, 157.79, 100, 5225
2026/09/17 19:57:09.395, 157.26, 98, 5225
2026/09/17 19:57:10.395, 157.38, 100, 5225
2026/09/17 19:57:11.395, 157.81, 100, 5225
2026/09/17 19:57:12.396, 157.30, 98, 5225
2026/09/17 19:57:13.396, 157.78, 100, 5225
2026/09/17 19:57:14.396, 156.72, 100, 5225
2026/09/17 19:57:15.396, 157.65, 98, 5225
2026/09/17 19:57:16.396, 157.81, 100, 5225
2026/09/17 19:57:17.397, 158.55, 100, 5225
2026/09/17 19:57:18.397, 157.89, 98, 5225
2026/09/17 19:57:19.397, 157.05, 100, 5225
2026/09/17 19:57:20.397, 158.24, 100, 5225
2026/09/17 19:57:21.397, 157.00, 98, 5225
2026/09/17 19:57:22.398, 157.44, 100, 5225
2026/09/17 19:57:23.398, 158.31, 100, 5225
2026/09/17 19:57:24.398, 157.35, 98, 5225
2026/09/17 19:57:25.398, 157.41, 100, 5225
2026/09/17 19:57:26.398, 157.78, 100, 5225
2026/09/17 19:57:27.399, 157.22, 98, 5225
2026/09/17 19:57:28.399, 158.04, 100, 5225
2026/09/17 19:57:29.399, 157.74, 100, 5225
2026/09/17 19:57:30.399, 157.27, 98, 5225
2026/09/17 19:57:31.399, 158.29, 100, 5225
2026/09/17 19:57:32.400, 157.89, 100, 5225
2026/09/17 19:57:33.400, 156.83, 98, 5225
2026/09/17 19:57:34.400, 157.40, 100, 5225
2026/09/17 19:57:35.400, 157.73, 100, 5225
2026/09/17 19:57:36.400, 157.75, 98, 5225
2026/09/17 19:57:37.401, 157.79, 100, 5225
2026/09/17 19:57:38.401, 157.54, 100, 5225
2026/09/17 19:57:39.401, 156.84, 98, 5225
2026/09/17 19:57:40.401, 157.49, 100, 5225
2026/09/17 19:57:41.402, 158.13, 100, 5225
2026/09/17 19:57:42.402, 157.12, 98, 5225
2026/09/17 19:57:43.402, 157.98, 100, 5225
2026/09/17 19:57:44.411, 157.65, 100, 5225
2026/09/17 19:57:45.411, 157.13, 98, 5225
2026/09/17 19:57:46.411, 157.60, 100, 5225
2026/09/17 19:57:47.411, 158.57, 100, 5225
2026/09/17 19:57:48.411, 157.05, 98, 5225
2026/09/17 19:57:49.420, 157.48, 100, 5225
2026/09/17 19:57:50.420, 157.85, 100, 5225
2026/09/17 19:57:51.421, 157.04, 98, 5225
2026/09/17 19:57:52.421, 157.45, 100, 5225
2026/09/17 19:57:53.421, 157.76, 100, 5225
2026/09/17 19:57:54.421, 156.98, 98, 5225
2026/09/17 19:57:55.421, 157.33, 100, 5225
2026/09/17 19:57:56.422, 157.83, 98, 5225
2026/09/17 19:57:57.422, 156.68, 100, 5225
2026/09/17 19:57:58.422, 157.26, 100, 5225
2026/09/17 19:57:59.422, 157.40, 98, 5225
2026/09/17 19:58:00.422, 157.65, 100, 5225
2026/09/17 19:58:01.423, 157.58, 100, 5225
2026/09/17 19:58:02.423, 157.57, 98, 5225
2026/09/17 19:58:03.423, 157.84, 100, 5225
2026/09/17 19:58:04.423, 157.59, 100, 5225
2026/09/17 19:58:05.423, 157.71, 98, 5225
2026/09/17 19:58:06.424, 157.51, 100, 5225
2026/09/17 19:58:07.424, 157.33, 100, 5225
2026/09/17 19:58:08.424, 157.20, 98, 5225
2026/09/17 19:58:09.424, 157.56, 100, 5225
2026/09/17 19:58:10.425, 157.43, 100, 5225
2026/09/17 19:58:11.425, 157.05, 98, 5225
2026/09/17 19:58:12.425, 157.32, 100, 5225
2026/09/17 19:58:13.425, 157.35, 100, 5225
2026/09/17 19:58:14.426, 157.25, 98, 5225
2026/09/17 19:58:15.426, 157.69, 100, 5225
2026/09/17 19:58:16.426, 157.24, 100, 5225
2026/09/17 19:58:17.435, 157.21, 98, 5225
2026/09/17 19:58:18.435, 157.75, 100, 5225
2026/09/17 19:58:19.435, 157.46, 100, 5225
2026/09/17 19:58:20.435, 156.91, 98, 5225
2026/09/17 19:58:21.436, 157.69, 100, 5225
2026/09/17 19:58:22.441, 157.40, 100, 5225
2026/09/17 19:58:23.441, 156.99, 98, 5225
2026/09/17 19:58:24.441, 157.67, 100, 5225
2026/09/17 19:58:25.441, 157.49, 100, 5225
2026/09/17 19:58:26.442, 157.23, 98, 5225
2026/09/17 19:58:27.442, 157.61, 100, 5225
2026/09/17 19:58:28.442, 157.52, 100, 5225
2026/09/17 19:58:29.442, 157.16, 98, 5225
2026/09/17 19:58:30.443, 157.68, 100, 5225
2026/09/17 19:58:31.443, 157.31, 98, 5225
2026/09/17 19:58:32.443, 157.38, 98, 5225
2026/09/17 19:58:33.443, 157.48, 100, 5225
2026/09/17 19:58:34.443, 157.40, 98, 5225
2026/09/17 19:58:35.444, 157.66, 99, 5225
2026/09/17 19:58:36.444, 157.74, 100, 5225
2026/09/17 19:58:37.444, 156.49, 98, 5225
2026/09/17 19:58:38.444, 158.63, 99, 5225
2026/09/17 19:58:39.444, 160.53, 99, 5225
2026/09/17 19:58:40.445, 155.17, 100, 5225
2026/09/17 19:58:41.445, 156.74, 99, 5225
2026/09/17 19:58:42.445, 163.08, 100, 5225
2026/09/17 19:58:43.445, 156.00, 99, 5225
2026/09/17 19:58:44.445, 155.28, 100, 5225
2026/09/17 19:58:45.446, 161.94, 99, 5225
2026/09/17 19:58:46.446, 157.50, 99, 5225
2026/09/17 19:58:47.446, 155.02, 99, 5225
2026/09/17 19:58:48.446, 159.22, 99, 5225
2026/09/17 19:58:49.446, 159.95, 100, 5225
2026/09/17 19:58:50.447, 155.10, 99, 5225
2026/09/17 19:58:51.447, 157.90, 100, 5225
2026/09/17 19:58:52.447, 162.69, 100, 5225
2026/09/17 19:58:53.456, 155.38, 100, 5225
2026/09/17 19:58:54.456, 155.47, 98, 5225
2026/09/17 19:58:55.456, 163.29, 100, 5225
2026/09/17 19:58:56.456, 156.99, 100, 5225
2026/09/17 19:58:57.456, 155.18, 100, 5225
2026/09/17 19:58:58.465, 161.00, 99, 5225
2026/09/17 19:58:59.465, 159.60, 99, 5225
2026/09/17 19:59:00.466, 155.22, 100, 5225
2026/09/17 19:59:01.466, 157.97, 99, 5225
2026/09/17 19:59:02.466, 161.63, 100, 5225
2026/09/17 19:59:03.475, 155.10, 99, 5225
2026/09/17 19:59:04.475, 155.71, 100, 5225
2026/09/17 19:59:05.475, 162.74, 99, 5225
2026/09/17 19:59:06.475, 156.03, 100, 5225
2026/09/17 19:59:07.476, 154.91, 99, 5225
2026/09/17 19:59:08.476, 64.10, 0, 5225
2026/09/17 19:59:09.476, 150.07, 100, 5225
2026/09/17 19:59:10.476, 157.10, 98, 5225
2026/09/17 19:59:11.477, 157.62, 100, 5225
2026/09/17 19:59:12.477, 157.15, 100, 5225
2026/09/17 19:59:13.477, 156.40, 98, 5225
2026/09/17 19:59:14.477, 157.30, 100, 5225
2026/09/17 19:59:15.477, 157.73, 100, 5225
2026/09/17 19:59:16.478, 156.62, 98, 5225
2026/09/17 19:59:17.478, 157.36, 100, 5225
2026/09/17 19:59:18.487, 157.84, 100, 5225
2026/09/17 19:59:19.487, 156.99, 98, 5225
2026/09/17 19:59:20.487, 157.40, 100, 5225
2026/09/17 19:59:21.487, 157.60, 100, 5225
2026/09/17 19:59:22.487, 156.64, 98, 5225
2026/09/17 19:59:23.488, 157.23, 100, 5225
2026/09/17 19:59:24.488, 157.71, 100, 5225
2026/09/17 19:59:25.488, 156.78, 98, 5225
2026/09/17 19:59:26.488, 157.36, 100, 5225
2026/09/17 19:59:27.489, 157.76, 100, 5225
2026/09/17 19:59:28.497, 156.71, 98, 5225
2026/09/17 19:59:29.497, 157.40, 100, 5225
2026/09/17 19:59:30.498, 157.58, 100, 5225
2026/09/17 19:59:31.498, 156.60, 98, 5225
2026/09/17 19:59:32.498, 157.47, 100, 5225
2026/09/17 19:59:33.507, 157.72, 100, 5225
2026/09/17 19:59:34.507, 156.78, 98, 5225
2026/09/17 19:59:35.507, 157.47, 100, 5225
2026/09/17 19:59:36.507, 157.84, 100, 5225
2026/09/17 19:59:37.508, 156.90, 98, 5225
2026/09/17 19:59:38.508, 157.35, 100, 5225
2026/09/17 19:59:39.508, 157.42, 100, 5225
2026/09/17 19:59:40.508, 157.36, 98, 5225
2026/09/17 19:59:41.508, 157.46, 100, 5225
2026/09/17 19:59:42.509, 157.86, 100, 5225
2026/09/17 19:59:43.509, 156.81, 98, 5225
2026/09/17 19:59:44.509, 157.68, 100, 5225
2026/09/17 19:59:45.509, 157.82, 100, 5225
2026/09/17 19:59:46.510, 157.61, 98, 5225
2026/09/17 19:59:47.510, 158.12, 100, 5225
2026/09/17 19:59:48.518, 157.78, 100, 5225
2026/09/17 19:59:49.519, 156.82, 98, 5225
2026/09/17 19:59:50.519, 157.59, 100, 5225
2026/09/17 19:59:51.519, 157.71, 99, 5225
2026/09/17 19:59:52.519, 157.19, 98, 5225
2026/09/17 19:59:53.520, 158.52, 100, 5225
2026/09/17 19:59:54.520, 157.80, 98, 5225
2026/09/17 19:59:55.520, 157.22, 98, 5225
2026/09/17 19:59:56.520, 157.95, 100, 5225
2026/09/17 19:59:57.521, 157.86, 98, 5225
2026/09/17 19:59:58.529, 157.47, 100, 5225
2026/09/17 19:59:59.530, 157.66, 100, 5225
2026/09/17 20:00:00.530, 157.80, 98, 5225
2026/09/17 20:00:01.530, 157.87, 100, 5225
2026/09/17 20:00:02.530, 157.65, 100, 5225
2026/09/17 20:00:03.530, 157.34, 98, 5225
2026/09/17 20:00:04.531, 157.57, 100, 5225
2026/09/17 20:00:05.531, 157.53, 100, 5225
2026/09/17 20:00:06.531, 157.36, 98, 5225
2026/09/17 20:00:07.532, 157.94, 100, 5225
2026/09/17 20:00:08.532, 157.75, 100, 5225
2026/09/17 20:00:09.532, 157.38, 98, 5225
2026/09/17 20:00:10.532, 157.66, 100, 5225
2026/09/17 20:00:11.532, 157.79, 100, 5225
2026/09/17 20:00:12.533, 157.75, 98, 5225
2026/09/17 20:00:13.533, 156.49, 100, 5225
2026/09/17 20:00:14.533, 157.74, 100, 5225
2026/09/17 20:00:15.533, 157.87, 98, 5225
2026/09/17 20:00:16.533, 158.09, 100, 5225
2026/09/17 20:00:17.534, 157.66, 100, 5225
2026/09/17 20:00:18.534, 156.18, 89, 5225
2026/09/17 20:00:19.534, 156.74, 100, 5225
2026/09/17 20:00:20.534, 157.43, 100, 5225
2026/09/17 20:00:21.534, 157.03, 98, 5225
2026/09/17 20:00:22.535, 157.49, 100, 5225
2026/09/17 20:00:23.535, 157.36, 100, 5225
2026/09/17 20:00:24.535, 155.92, 98, 5225
2026/09/17 20:00:25.535, 157.57, 100, 5225
2026/09/17 20:00:26.536, 157.30, 98, 5225
2026/09/17 20:00:27.536, 157.45, 98, 5225
2026/09/17 20:00:28.536, 157.95, 100, 5225
2026/09/17 20:00:29.536, 157.51, 98, 5225
2026/09/17 20:00:30.537, 157.70, 99, 5225
2026/09/17 20:00:31.537, 157.79, 100, 5225
2026/09/17 20:00:32.537, 157.92, 98, 5225
2026/09/17 20:00:33.537, 157.93, 100, 5225
2026/09/17 20:00:34.538, 156.68, 100, 5225
2026/09/17 20:00:35.538, 157.35, 98, 5225
2026/09/17 20:00:36.538, 158.22, 100, 5225
2026/09/17 20:00:37.538, 158.05, 100, 5225
2026/09/17 20:00:38.538, 157.09, 98, 5225
2026/09/17 20:00:39.539, 158.10, 100, 5225
2026/09/17 20:00:40.539, 157.76, 100, 5225
2026/09/17 20:00:41.539, 157.00, 98, 5225
2026/09/17 20:00:42.539, 157.80, 100, 5225
2026/09/17 20:00:43.539, 157.92, 100, 5225
2026/09/17 20:00:44.548, 157.02, 98, 5225
2026/09/17 20:00:45.548, 157.52, 100, 5225
2026/09/17 20:00:46.548, 157.66, 100, 5225
2026/09/17 20:00:47.549, 157.18, 98, 5225
2026/09/17 20:00:48.549, 157.58, 100, 5225
2026/09/17 20:00:49.557, 158.12, 100, 5225
2026/09/17 20:00:50.558, 157.34, 98, 5225
2026/09/17 20:00:51.558, 157.90, 100, 5225
2026/09/17 20:00:52.558, 157.78, 100, 5225
2026/09/17 20:00:53.558, 157.13, 98, 5225
2026/09/17 20:00:54.559, 158.34, 100, 5225
2026/09/17 20:00:55.559, 157.76, 100, 5225
2026/09/17 20:00:56.559, 156.88, 98, 5225
2026/09/17 20:00:57.559, 157.96, 100, 5225
2026/09/17 20:00:58.559, 157.70, 100, 5225
2026/09/17 20:00:59.560, 157.11, 98, 5225
2026/09/17 20:01:00.561, 157.58, 100, 5225
2026/09/17 20:01:01.561, 157.74, 100, 5225
2026/09/17 20:01:02.561, 157.22, 98, 5225
2026/09/17 20:01:03.561, 158.01, 100, 5225
2026/09/17 20:01:04.562, 157.63, 100, 5225
2026/09/17 20:01:05.562, 156.67, 98, 5225
2026/09/17 20:01:06.562, 157.85, 100, 5225
2026/09/17 20:01:07.562, 157.73, 100, 5225
2026/09/17 20:01:08.563, 158.05, 98, 5225
2026/09/17 20:01:09.571, 158.41, 100, 5225
2026/09/17 20:01:10.572, 157.49, 100, 5225
2026/09/17 20:01:11.572, 156.97, 98, 5225
2026/09/17 20:01:12.572, 158.16, 100, 5225
2026/09/17 20:01:13.572, 157.49, 100, 5225
2026/09/17 20:01:14.572, 157.62, 98, 5225
2026/09/17 20:01:15.573, 158.29, 100, 5225
2026/09/17 20:01:16.573, 157.69, 100, 5225
2026/09/17 20:01:17.573, 157.53, 98, 5225
2026/09/17 20:01:18.573, 158.25, 100, 5225
2026/09/17 20:01:19.573, 157.87, 100, 5225
2026/09/17 20:01:20.574, 157.85, 98, 5225
2026/09/17 20:01:21.574, 158.88, 100, 5225
2026/09/17 20:01:22.574, 158.51, 100, 5225
2026/09/17 20:01:23.574, 157.70, 98, 5225
2026/09/17 20:01:24.583, 157.88, 100, 5225
2026/09/17 20:01:25.583, 157.73, 100, 5225
2026/09/17 20:01:26.583, 156.93, 98, 5225
2026/09/17 20:01:27.584, 157.80, 100, 5225
2026/09/17 20:01:28.584, 157.98, 100, 5225
2026/09/17 20:01:29.584, 156.85, 98, 5225
2026/09/17 20:01:30.584, 158.60, 100, 5225
2026/09/17 20:01:31.585, 157.72, 100, 5225
2026/09/17 20:01:32.585, 157.72, 98, 5225
2026/09/17 20:01:33.585, 158.92, 100, 5225
2026/09/17 20:01:34.585, 157.69, 100, 5225
2026/09/17 20:01:35.585, 157.17, 98, 5225
2026/09/17 20:01:36.586, 158.06, 100, 5225
2026/09/17 20:01:37.586, 158.25, 100, 5225
2026/09/17 20:01:38.586, 157.23, 98, 5225
2026/09/17 20:01:39.586, 158.01, 100, 5225
2026/09/17 20:01:40.587, 157.71, 100, 5225
2026/09/17 20:01:41.587, 156.90, 98, 5225
2026/09/17 20:01:42.587, 157.97, 100, 5225
2026/09/17 20:01:43.587, 158.25, 100, 5225
2026/09/17 20:01:44.588, 157.93, 98, 5225
2026/09/17 20:01:45.588, 158.00, 100, 5225
2026/09/17 20:01:46.588, 157.96, 100, 5225
2026/09/17 20:01:47.588, 157.69, 98, 5225
2026/09/17 20:01:48.589, 158.69, 100, 5225
2026/09/17 20:01:49.589, 156.97, 92, 5225
2026/09/17 20:01:50.589, 156.80, 99, 5225
2026/09/17 20:01:51.589, 157.79, 100, 5225
2026/09/17 20:01:52.590, 157.19, 98, 5225
2026/09/17 20:01:53.590, 157.56, 100, 5225
2026/09/17 20:01:54.590, 157.88, 100, 5225
2026/09/17 20:01:55.590, 157.25, 98, 5225
2026/09/17 20:01:56.590, 157.52, 100, 5225
2026/09/17 20:01:57.591, 158.12, 100, 5225
2026/09/17 20:01:58.591, 157.72, 98, 5225
2026/09/17 20:01:59.591, 157.60, 100, 5225
2026/09/17 20:02:00.591, 156.85, 100, 5225
2026/09/17 20:02:01.592, 157.10, 98, 5225
2026/09/17 20:02:02.592, 157.80, 100, 5225
2026/09/17 20:02:03.592, 157.93, 100, 5225
2026/09/17 20:02:04.592, 157.24, 98, 5225
2026/09/17 20:02:05.593, 156.70, 100, 5225
2026/09/17 20:02:06.593, 158.54, 100, 5225
2026/09/17 20:02:07.593, 157.43, 98, 5225
2026/09/17 20:02:08.593, 157.90, 100, 5225
2026/09/17 20:02:09.593, 158.08, 100, 5225
2026/09/17 20:02:10.594, 157.16, 98, 5225
2026/09/17 20:02:11.594, 157.96, 100, 5225
2026/09/17 20:02:12.594, 157.99, 100, 5225
2026/09/17 20:02:13.594, 157.05, 98, 5225
2026/09/17 20:02:14.595, 157.57, 100, 5225
2026/09/17 20:02:15.595, 156.77, 100, 5225
2026/09/17 20:02:16.595, 156.90, 98, 5225
2026/09/17 20:02:17.595, 157.57, 100, 5225
2026/09/17 20:02:18.596, 157.71, 100, 5225
2026/09/17 20:02:19.596, 157.69, 98, 5225
2026/09/17 20:02:20.596, 158.09, 100, 5225
2026/09/17 20:02:21.596, 157.50, 99, 5225
2026/09/17 20:02:22.596, 157.26, 98, 5225
2026/09/17 20:02:23.597, 157.50, 100, 5225
2026/09/17 20:02:24.597, 157.77, 98, 5225
2026/09/17 20:02:25.597, 156.59, 100, 5225
2026/09/17 20:02:26.597, 157.53, 100, 5225
2026/09/17 20:02:27.597, 157.79, 98, 5225
2026/09/17 20:02:28.598, 157.95, 100, 5225
2026/09/17 20:02:29.598, 157.46, 100, 5225
2026/09/17 20:02:30.598, 156.21, 90, 5225
2026/09/17 20:02:31.598, 156.95, 100, 5225
2026/09/17 20:02:32.599, 157.45, 100, 5225
2026/09/17 20:02:33.599, 157.55, 98, 5225
2026/09/17 20:02:34.599, 157.48, 100, 5225
2026/09/17 20:02:35.599, 157.57, 100, 5225
2026/09/17 20:02:36.600, 157.42, 98, 5225
2026/09/17 20:02:37.600, 157.51, 100, 5225
2026/09/17 20:02:38.600, 157.69, 100, 5225
2026/09/17 20:02:39.600, 157.74, 98, 5225
2026/09/17 20:02:40.601, 157.93, 100, 5225
2026/09/17 20:02:41.601, 156.41, 100, 5225
2026/09/17 20:02:42.601, 156.91, 98, 5225
2026/09/17 20:02:43.601, 158.30, 100, 5225
2026/09/17 20:02:44.601, 157.45, 100, 5225
2026/09/17 20:02:45.602, 157.01, 98, 5225
2026/09/17 20:02:46.602, 158.16, 100, 5225
2026/09/17 20:02:47.602, 157.40, 100, 5225
2026/09/17 20:02:48.602, 156.86, 98, 5225
2026/09/17 20:02:49.603, 157.70, 100, 5225
2026/09/17 20:02:50.603, 157.32, 100, 5225
2026/09/17 20:02:51.612, 157.15, 98, 5225
2026/09/17 20:02:52.612, 158.07, 100, 5225
2026/09/17 20:02:53.612, 157.23, 98, 5225
2026/09/17 20:02:54.612, 157.08, 98, 5225
2026/09/17 20:02:55.612, 157.32, 100, 5225
2026/09/17 20:02:56.621, 157.14, 98, 5225
2026/09/17 20:02:57.621, 157.36, 100, 5225
2026/09/17 20:02:58.622, 157.43, 100, 5225
2026/09/17 20:02:59.622, 156.96, 98, 5225
2026/09/17 20:03:00.622, 157.63, 100, 5225
2026/09/17 20:03:01.622, 157.61, 100, 5225
2026/09/17 20:03:02.622, 156.97, 98, 5225
2026/09/17 20:03:03.623, 157.52, 100, 5225
2026/09/17 20:03:04.623, 157.65, 100, 5225
2026/09/17 20:03:05.623, 156.76, 98, 5225
2026/09/17 20:03:06.632, 158.39, 100, 5225
2026/09/17 20:03:07.632, 160.62, 99, 5225
2026/09/17 20:03:08.632, 155.39, 100, 5225
2026/09/17 20:03:09.632, 156.82, 99, 5225
2026/09/17 20:03:10.632, 163.33, 100, 5225
2026/09/17 20:03:11.641, 155.19, 99, 5225
2026/09/17 20:03:12.641, 154.76, 100, 5225
2026/09/17 20:03:13.642, 162.12, 99, 5225
2026/09/17 20:03:14.642, 158.33, 100, 5225
2026/09/17 20:03:15.642, 155.11, 99, 5225
2026/09/17 20:03:16.642, 159.68, 99, 5225
2026/09/17 20:03:17.643, 160.02, 100, 5225
2026/09/17 20:03:18.643, 154.90, 100, 5225
2026/09/17 20:03:19.643, 156.95, 100, 5225
2026/09/17 20:03:20.643, 162.24, 99, 5225
2026/09/17 20:03:21.652, 155.16, 100, 5225
2026/09/17 20:03:22.652, 154.71, 100, 5225
2026/09/17 20:03:23.652, 162.64, 100, 5225
2026/09/17 20:03:24.652, 157.65, 99, 5225
2026/09/17 20:03:25.653, 155.40, 100, 5225
2026/09/17 20:03:26.661, 159.74, 100, 5225
2026/09/17 20:03:27.662, 159.47, 100, 5225
2026/09/17 20:03:28.662, 154.68, 99, 5225
2026/09/17 20:03:29.662, 157.26, 99, 5225
2026/09/17 20:03:30.662, 161.82, 100, 5225
2026/09/17 20:03:31.671, 155.20, 100, 5225
2026/09/17 20:03:32.671, 155.46, 98, 5225
2026/09/17 20:03:33.671, 162.43, 99, 5225
2026/09/17 20:03:34.672, 157.05, 100, 5225
2026/09/17 20:03:35.672, 155.21, 100, 5225
2026/09/17 20:03:36.672, 70.07, 0, 5225
2026/09/17 20:03:37.672, 142.90, 98, 5225
2026/09/17 20:03:38.672, 157.51, 100, 5225
2026/09/17 20:03:39.673, 157.41, 100, 5225
2026/09/17 20:03:40.673, 157.54, 98, 5225
2026/09/17 20:03:41.682, 157.76, 100, 5225
2026/09/17 20:03:42.682, 157.46, 100, 5225
2026/09/17 20:03:43.682, 157.62, 98, 5225
2026/09/17 20:03:44.682, 157.28, 100, 5225
2026/09/17 20:03:45.682, 157.48, 100, 5225
2026/09/17 20:03:46.683, 157.05, 98, 5225
2026/09/17 20:03:47.683, 157.87, 100, 5225
2026/09/17 20:03:48.683, 157.26, 100, 5225
2026/09/17 20:03:49.683, 157.38, 98, 5225
2026/09/17 20:03:50.684, 157.39, 100, 5225
2026/09/17 20:03:51.684, 157.34, 100, 5225
2026/09/17 20:03:52.684, 157.80, 98, 5225
2026/09/17 20:03:53.684, 157.48, 100, 5225
2026/09/17 20:03:54.685, 157.90, 100, 5225
2026/09/17 20:03:55.685, 157.41, 98, 5225
2026/09/17 20:03:56.693, 157.07, 100, 5225
2026/09/17 20:03:57.694, 157.33, 100, 5225
2026/09/17 20:03:58.694, 157.81, 98, 5225
2026/09/17 20:03:59.694, 157.28, 100, 5225
2026/09/17 20:04:00.694, 157.00, 100, 5225
2026/09/17 20:04:01.703, 157.21, 98, 5225
2026/09/17 20:04:02.703, 156.83, 100, 5225
2026/09/17 20:04:03.703, 157.19, 100, 5225
2026/09/17 20:04:04.704, 157.58, 98, 5225
2026/09/17 20:04:05.704, 157.25, 100, 5225
2026/09/17 20:04:06.704, 157.35, 100, 5225
2026/09/17 20:04:07.704, 157.55, 98, 5225
2026/09/17 20:04:08.705, 156.80, 100, 5225
2026/09/17 20:04:09.705, 157.38, 100, 5225
2026/09/17 20:04:10.705, 157.69, 98, 5225
2026/09/17 20:04:11.714, 156.93, 100, 5225
2026/09/17 20:04:12.714, 157.39, 100, 5225
2026/09/17 20:04:13.714, 157.80, 98, 5225
2026/09/17 20:04:14.714, 156.86, 100, 5225
2026/09/17 20:04:15.715, 157.48, 100, 5225
2026/09/17 20:04:16.715, 157.88, 98, 5225
2026/09/17 20:04:17.715, 156.94, 100, 5225
2026/09/17 20:04:18.715, 157.46, 100, 5225
2026/09/17 20:04:19.716, 157.66, 100, 5225
2026/09/17 20:04:20.716, 156.55, 100, 5225
2026/09/17 20:04:21.716, 157.37, 100, 5225
2026/09/17 20:04:22.716, 157.37, 100, 5225
2026/09/17 20:04:23.717, 156.76, 100, 5225
2026/09/17 20:04:24.717, 157.80, 100, 5225
2026/09/17 20:04:25.717, 157.52, 100, 5225
2026/09/17 20:04:26.726, 156.64, 98, 5225
2026/09/17 20:04:27.726, 158.17, 100, 5225
2026/09/17 20:04:28.726, 157.53, 100, 5225
2026/09/17 20:04:29.726, 156.69, 98, 5225
2026/09/17 20:04:30.727, 157.27, 100, 5225
2026/09/17 20:04:31.735, 157.43, 98, 5225
2026/09/17 20:04:32.736, 157.04, 100, 5225
2026/09/17 20:04:33.736, 157.34, 100, 5225
2026/09/17 20:04:34.736, 156.57, 98, 5225
2026/09/17 20:04:35.736, 157.12, 100, 5225
2026/09/17 20:04:36.736, 157.24, 100, 5225
2026/09/17 20:04:37.737, 156.50, 98, 5225
2026/09/17 20:04:38.737, 157.21, 100, 5225
2026/09/17 20:04:39.737, 157.47, 100, 5225
2026/09/17 20:04:40.737, 157.49, 98, 5225
2026/09/17 20:04:41.746, 157.68, 100, 5225
2026/09/17 20:04:42.746, 157.61, 100, 5225
2026/09/17 20:04:43.746, 156.90, 98, 5225
2026/09/17 20:04:44.746, 157.62, 100, 5225
2026/09/17 20:04:45.747, 157.47, 100, 5225
2026/09/17 20:04:46.747, 156.59, 98, 5225
2026/09/17 20:04:47.747, 157.13, 100, 5225
2026/09/17 20:04:48.747, 157.51, 100, 5225
2026/09/17 20:04:49.747, 157.59, 98, 5225
2026/09/17 20:04:50.748, 157.32, 100, 5225
2026/09/17 20:04:51.756, 157.49, 100, 5225
2026/09/17 20:04:52.756, 156.88, 98, 5225
2026/09/17 20:04:53.757, 157.05, 100, 5225
2026/09/17 20:04:54.757, 157.29, 100, 5225
2026/09/17 20:04:55.757, 157.32, 98, 5225
2026/09/17 20:04:56.757, 157.83, 100, 5225
2026/09/17 20:04:57.757, 157.35, 100, 5225
2026/09/17 20:04:58.758, 157.09, 98, 5225
2026/09/17 20:04:59.758, 157.41, 100, 5225
2026/09/17 20:05:00.758, 157.44, 99, 5225
2026/09/17 20:05:01.758, 156.34, 100, 5225
2026/09/17 20:05:02.758, 157.41, 100, 5225
2026/09/17 20:05:03.759, 157.10, 98, 5225
2026/09/17 20:05:04.759, 157.19, 100, 5225
2026/09/17 20:05:05.759, 157.54, 100, 5225
2026/09/17 20:05:06.759, 157.65, 98, 5225
2026/09/17 20:05:07.760, 157.89, 100, 5225
2026/09/17 20:05:08.760, 157.45, 100, 5225
2026/09/17 20:05:09.760, 157.59, 98, 5225
2026/09/17 20:05:10.760, 157.58, 100, 5225
2026/09/17 20:05:11.760, 156.27, 100, 5225
2026/09/17 20:05:12.761, 157.07, 98, 5225
2026/09/17 20:05:13.761, 157.57, 100, 5225
2026/09/17 20:05:14.761, 157.04, 100, 5225
2026/09/17 20:05:15.761, 156.80, 98, 5225
2026/09/17 20:05:16.761, 157.58, 100, 5225
2026/09/17 20:05:17.770, 157.46, 100, 5225
2026/09/17 20:05:18.770, 157.11, 98, 5225
2026/09/17 20:05:19.771, 157.72, 100, 5225
2026/09/17 20:05:20.771, 157.65, 100, 5225
2026/09/17 20:05:21.771, 157.31, 98, 5225
2026/09/17 20:05:22.771, 157.66, 100, 5225
2026/09/17 20:05:23.771, 157.39, 100, 5225
2026/09/17 20:05:24.772, 155.92, 98, 5225
2026/09/17 20:05:25.772, 158.19, 100, 5225
2026/09/17 20:05:26.772, 157.32, 100, 5225
2026/09/17 20:05:27.772, 157.26, 98, 5225
2026/09/17 20:05:28.773, 157.48, 100, 5225
2026/09/17 20:05:29.773, 157.05, 100, 5225
2026/09/17 20:05:30.773, 157.14, 98, 5225
2026/09/17 20:05:31.773, 157.58, 100, 5225
2026/09/17 20:05:32.774, 157.69, 100, 5225
2026/09/17 20:05:33.774, 157.68, 98, 5225
2026/09/17 20:05:34.774, 156.80, 100, 5225
2026/09/17 20:05:35.774, 157.12, 100, 5225
2026/09/17 20:05:36.775, 156.66, 98, 5225
2026/09/17 20:05:37.775, 157.46, 100, 5225
2026/09/17 20:05:38.775, 156.88, 100, 5225
2026/09/17 20:05:39.775, 157.25, 98, 5225
2026/09/17 20:05:40.776, 157.87, 100, 5225
2026/09/17 20:05:41.776, 157.12, 100, 5225
2026/09/17 20:05:42.776, 156.32, 98, 5225
2026/09/17 20:05:43.776, 157.30, 100, 5225
2026/09/17 20:05:44.776, 157.25, 98, 5225
2026/09/17 20:05:45.777, 156.87, 99, 5225
2026/09/17 20:05:46.777, 157.13, 100, 5225
2026/09/17 20:05:47.777, 156.85, 98, 5225
2026/09/17 20:05:48.777, 157.07, 100, 5225
2026/09/17 20:05:49.777, 157.44, 100, 5225
2026/09/17 20:05:50.778, 157.13, 98, 5225
2026/09/17 20:05:51.778, 156.85, 100, 5225
2026/09/17 20:05:52.778, 157.49, 100, 5225
2026/09/17 20:05:53.778, 156.93, 98, 5225
2026/09/17 20:05:54.779, 157.32, 100, 5225
2026/09/17 20:05:55.779, 157.70, 100, 5225
2026/09/17 20:05:56.779, 157.33, 98, 5225
2026/09/17 20:05:57.779, 157.50, 100, 5225
2026/09/17 20:05:58.779, 157.52, 100, 5225
2026/09/17 20:05:59.780, 156.68, 98, 5225
2026/09/17 20:06:00.788, 157.14, 100, 5225
2026/09/17 20:06:01.789, 157.41, 100, 5225
2026/09/17 20:06:02.789, 156.54, 98, 5225
2026/09/17 20:06:03.789, 157.17, 100, 5225
2026/09/17 20:06:04.789, 157.53, 100, 5225
2026/09/17 20:06:05.790, 156.24, 98, 5225
2026/09/17 20:06:06.790, 157.63, 100, 5225
2026/09/17 20:06:07.790, 157.31, 100, 5225
2026/09/17 20:06:08.790, 156.49, 98, 5225
2026/09/17 20:06:09.790, 157.97, 100, 5225
2026/09/17 20:06:10.799, 156.55, 100, 5225
2026/09/17 20:06:11.799, 157.24, 98, 5225
2026/09/17 20:06:12.800, 157.25, 100, 5225
2026/09/17 20:06:13.800, 157.20, 100, 5225
2026/09/17 20:06:14.800, 156.48, 98, 5225
2026/09/17 20:06:15.800, 157.08, 100, 5225
2026/09/17 20:06:16.801, 157.50, 100, 5225
2026/09/17 20:06:17.801, 156.36, 98, 5225
2026/09/17 20:06:18.801, 157.30, 100, 5225
2026/09/17 20:06:19.801, 157.42, 98, 5225
2026/09/17 20:06:20.810, 157.21, 99, 5225
2026/09/17 20:06:21.810, 158.14, 100, 5225
2026/09/17 20:06:22.810, 157.61, 98, 5225
2026/09/17 20:06:23.811, 157.39, 100, 5225
2026/09/17 20:06:24.811, 157.50, 100, 5225
2026/09/17 20:06:25.819, 157.56, 98, 5225
2026/09/17 20:06:26.820, 157.33, 100, 5225
2026/09/17 20:06:27.820, 157.69, 100, 5225
2026/09/17 20:06:28.820, 157.75, 98, 5225
2026/09/17 20:06:29.820, 157.71, 100, 5225
2026/09/17 20:06:30.821, 157.71, 100, 5225
2026/09/17 20:06:31.821, 157.59, 98, 5225
2026/09/17 20:06:32.821, 157.33, 100, 5225
2026/09/17 20:06:33.821, 157.71, 100, 5225
2026/09/17 20:06:34.821, 157.05, 98, 5225
2026/09/17 20:06:35.822, 156.08, 100, 5225
2026/09/17 20:06:36.822, 157.49, 100, 5225
2026/09/17 20:06:37.822, 157.09, 98, 5225
2026/09/17 20:06:38.822, 157.34, 100, 5225
2026/09/17 20:06:39.823, 157.59, 100, 5225
2026/09/17 20:06:40.823, 156.69, 98, 5225
2026/09/17 20:06:41.823, 157.09, 100, 5225
2026/09/17 20:06:42.823, 157.32, 100, 5225
2026/09/17 20:06:43.823, 156.82, 98, 5225
2026/09/17 20:06:44.824, 157.15, 100, 5225
2026/09/17 20:06:45.824, 156.14, 100, 5225
2026/09/17 20:06:46.824, 157.85, 98, 5225
2026/09/17 20:06:47.824, 158.05, 100, 5225
2026/09/17 20:06:48.824, 157.83, 100, 5225
2026/09/17 20:06:49.825, 157.83, 98, 5225
2026/09/17 20:06:50.825, 158.44, 100, 5225
2026/09/17 20:06:51.825, 156.84, 98, 5225
2026/09/17 20:06:52.825, 157.01, 98, 5225
2026/09/17 20:06:53.826, 157.60, 100, 5225
2026/09/17 20:06:54.826, 157.43, 98, 5225
2026/09/17 20:06:55.826, 157.39, 100, 5225
2026/09/17 20:06:56.826, 157.53, 100, 5225
2026/09/17 20:06:57.827, 157.45, 98, 5225
2026/09/17 20:06:58.827, 157.51, 100, 5225
2026/09/17 20:06:59.827, 157.26, 100, 5225
2026/09/17 20:07:00.827, 156.81, 98, 5225
2026/09/17 20:07:01.836, 157.58, 100, 5225
2026/09/17 20:07:02.836, 157.50, 100, 5225
2026/09/17 20:07:03.837, 156.77, 98, 5225
2026/09/17 20:07:04.837, 157.65, 100, 5225
2026/09/17 20:07:05.837, 157.32, 100, 5225
2026/09/17 20:07:06.846, 157.06, 98, 5225
2026/09/17 20:07:07.846, 157.46, 100, 5225
2026/09/17 20:07:08.846, 157.25, 100, 5225
2026/09/17 20:07:09.846, 156.61, 98, 5225
2026/09/17 20:07:10.847, 157.48, 100, 5225
2026/09/17 20:07:11.847, 157.29, 100, 5225
2026/09/17 20:07:12.847, 157.60, 98, 5225
2026/09/17 20:07:13.847, 157.55, 100, 5225
2026/09/17 20:07:14.848, 157.47, 100, 5225
2026/09/17 20:07:15.848, 156.74, 98, 5225
2026/09/17 20:07:16.848, 157.52, 100, 5225
2026/09/17 20:07:17.848, 157.49, 100, 5225
2026/09/17 20:07:18.849, 157.70, 98, 5225
2026/09/17 20:07:19.849, 158.18, 100, 5225
2026/09/17 20:07:20.849, 157.47, 100, 5225
2026/09/17 20:07:21.849, 156.84, 98, 5225
2026/09/17 20:07:22.850, 157.65, 100, 5225
2026/09/17 20:07:23.850, 157.24, 100, 5225
2026/09/17 20:07:24.850, 157.37, 98, 5225
2026/09/17 20:07:25.850, 158.29, 100, 5225
2026/09/17 20:07:26.851, 156.24, 98, 5225
2026/09/17 20:07:27.851, 157.61, 99, 5225
2026/09/17 20:07:28.851, 157.60, 100, 5225
2026/09/17 20:07:29.851, 157.11, 98, 5225
2026/09/17 20:07:30.851, 157.43, 100, 5225
2026/09/17 20:07:31.852, 157.82, 100, 5225
2026/09/17 20:07:32.852, 157.19, 98, 5225
2026/09/17 20:07:33.852, 157.83, 100, 5225
2026/09/17 20:07:34.852, 160.75, 100, 5225
2026/09/17 20:07:35.852, 156.88, 99, 5225
2026/09/17 20:07:36.853, 155.15, 100, 5225
2026/09/17 20:07:37.853, 160.58, 100, 5225
2026/09/17 20:07:38.853, 159.29, 99, 5225
2026/09/17 20:07:39.853, 155.22, 99, 5225
2026/09/17 20:07:40.854, 157.85, 99, 5225
2026/09/17 20:07:41.854, 161.74, 100, 5225
2026/09/17 20:07:42.854, 155.17, 99, 5225
2026/09/17 20:07:43.854, 155.51, 98, 5225
2026/09/17 20:07:44.855, 163.13, 99, 5225
2026/09/17 20:07:45.855, 156.62, 100, 5225
2026/09/17 20:07:46.855, 155.16, 100, 5225
2026/09/17 20:07:47.855, 160.58, 99, 5225
2026/09/17 20:07:48.856, 159.06, 100, 5225
2026/09/17 20:07:49.856, 155.24, 100, 5225
2026/09/17 20:07:50.864, 158.30, 100, 5225
2026/09/17 20:07:51.865, 161.00, 99, 5225
2026/09/17 20:07:52.865, 155.11, 99, 5225
2026/09/17 20:07:53.865, 156.16, 100, 5225
2026/09/17 20:07:54.865, 163.12, 100, 5225
2026/09/17 20:07:55.866, 155.44, 99, 5225
2026/09/17 20:07:56.866, 155.04, 99, 5225
2026/09/17 20:07:57.866, 161.85, 99, 5225
2026/09/17 20:07:58.866, 158.46, 100, 5225
2026/09/17 20:07:59.867, 154.91, 99, 5225
2026/09/17 20:08:00.875, 158.77, 99, 5225
2026/09/17 20:08:01.876, 160.42, 100, 5225
2026/09/17 20:08:02.876, 155.17, 100, 5225
2026/09/17 20:08:03.876, 124.81, 29, 5225
2026/09/17 20:08:04.876, 78.74, 100, 5225
2026/09/17 20:08:05.877, 157.21, 98, 5225
2026/09/17 20:08:06.877, 157.36, 100, 5225
2026/09/17 20:08:07.877, 157.38, 100, 5225
2026/09/17 20:08:08.877, 157.00, 98, 5225
2026/09/17 20:08:09.877, 158.23, 100, 5225
2026/09/17 20:08:10.878, 156.52, 100, 5225
2026/09/17 20:08:11.878, 157.03, 98, 5225
2026/09/17 20:08:12.878, 157.17, 100, 5225
2026/09/17 20:08:13.878, 157.55, 100, 5225
2026/09/17 20:08:14.878, 156.71, 98, 5225
2026/09/17 20:08:15.879, 156.95, 100, 5225
2026/09/17 20:08:16.879, 157.27, 98, 5225
2026/09/17 20:08:17.879, 157.51, 100, 5225
2026/09/17 20:08:18.879, 156.99, 100, 5225
2026/09/17 20:08:19.880, 157.12, 98, 5225
2026/09/17 20:08:20.880, 156.68, 100, 5225
2026/09/17 20:08:21.880, 157.37, 100, 5225
2026/09/17 20:08:22.880, 157.64, 98, 5225
2026/09/17 20:08:23.881, 157.56, 100, 5225
2026/09/17 20:08:24.881, 157.30, 100, 5225
2026/09/17 20:08:25.881, 156.05, 90, 5225
2026/09/17 20:08:26.881, 156.86, 100, 5225
2026/09/17 20:08:27.881, 157.36, 100, 5225
2026/09/17 20:08:28.882, 156.93, 98, 5225
2026/09/17 20:08:29.882, 157.37, 100, 5225
2026/09/17 20:08:30.882, 157.34, 100, 5225
2026/09/17 20:08:31.882, 157.90, 98, 5225
2026/09/17 20:08:32.882, 157.67, 100, 5225
2026/09/17 20:08:33.883, 157.42, 100, 5225
2026/09/17 20:08:34.883, 157.57, 98, 5225
2026/09/17 20:08:35.883, 157.94, 100, 5225
2026/09/17 20:08:36.884, 157.48, 100, 5225
2026/09/17 20:08:37.884, 156.87, 98, 5225
2026/09/17 20:08:38.884, 157.73, 100, 5225
2026/09/17 20:08:39.884, 157.32, 100, 5225
2026/09/17 20:08:40.884, 157.52, 98, 5225
2026/09/17 20:08:41.893, 157.68, 100, 5225
2026/09/17 20:08:42.893, 157.32, 100, 5225
2026/09/17 20:08:43.894, 157.39, 98, 5225
2026/09/17 20:08:44.894, 158.16, 100, 5225
2026/09/17 20:08:45.894, 157.49, 98, 5225
2026/09/17 20:08:46.894, 157.39, 98, 5225
2026/09/17 20:08:47.895, 157.61, 100, 5225
2026/09/17 20:08:48.895, 157.36, 98, 5225
2026/09/17 20:08:49.895, 157.78, 100, 5225
2026/09/17 20:08:50.895, 157.89, 100, 5225
2026/09/17 20:08:51.895, 157.40, 98, 5225
2026/09/17 20:08:52.896, 157.43, 100, 5225
2026/09/17 20:08:53.896, 157.75, 100, 5225
2026/09/17 20:08:54.896, 156.97, 98, 5225
2026/09/17 20:08:55.896, 157.68, 100, 5225
2026/09/17 20:08:56.905, 157.65, 100, 5225
2026/09/17 20:08:57.905, 156.68, 98, 5225
2026/09/17 20:08:58.905, 157.84, 100, 5225
2026/09/17 20:08:59.906, 157.64, 100, 5225
2026/09/17 20:09:00.906, 156.80, 98, 5225
2026/09/17 20:09:01.906, 157.42, 100, 5225
2026/09/17 20:09:02.906, 157.66, 100, 5225
2026/09/17 20:09:03.906, 157.34, 98, 5225
2026/09/17 20:09:04.907, 157.71, 100, 5225
2026/09/17 20:09:05.907, 157.88, 100, 5225
2026/09/17 20:09:06.907, 157.41, 98, 5225
2026/09/17 20:09:07.907, 158.13, 100, 5225
2026/09/17 20:09:08.907, 157.72, 100, 5225
2026/09/17 20:09:09.908, 156.61, 98, 5225
2026/09/17 20:09:10.908, 157.47, 100, 5225
2026/09/17 20:09:11.917, 157.60, 100, 5225
2026/09/17 20:09:12.917, 156.60, 98, 5225
2026/09/17 20:09:13.917, 157.58, 100, 5225
2026/09/17 20:09:14.917, 157.64, 100, 5225
2026/09/17 20:09:15.918, 156.68, 98, 5225
2026/09/17 20:09:16.918, 157.68, 100, 5225
2026/09/17 20:09:17.918, 157.75, 100, 5225
2026/09/17 20:09:18.918, 157.40, 98, 5225
2026/09/17 20:09:19.919, 158.40, 100, 5225
2026/09/17 20:09:20.919, 157.96, 99, 5225
2026/09/17 20:09:21.927, 157.29, 98, 5225
2026/09/17 20:09:22.928, 158.04, 100, 5225
2026/09/17 20:09:23.928, 157.88, 98, 5225
2026/09/17 20:09:24.928, 157.52, 100, 5225
2026/09/17 20:09:25.928, 157.66, 100, 5225
2026/09/17 20:09:26.937, 157.52, 98, 5225
2026/09/17 20:09:27.937, 157.52, 100, 5225
2026/09/17 20:09:28.937, 157.43, 100, 5225
2026/09/17 20:09:29.938, 157.72, 98, 5225
2026/09/17 20:09:30.938, 157.23, 100, 5225
2026/09/17 20:09:31.947, 157.53, 100, 5225
2026/09/17 20:09:32.947, 157.60, 98, 5225
2026/09/17 20:09:33.947, 157.08, 100, 5225
2026/09/17 20:09:34.947, 157.62, 100, 5225
2026/09/17 20:09:35.947, 156.90, 98, 5225
2026/09/17 20:09:36.948, 157.01, 100, 5225
2026/09/17 20:09:37.948, 157.40, 100, 5225
2026/09/17 20:09:38.948, 157.05, 98, 5225
2026/09/17 20:09:39.948, 157.12, 100, 5225
2026/09/17 20:09:40.949, 157.01, 100, 5225
2026/09/17 20:09:41.949, 157.26, 98, 5225
2026/09/17 20:09:42.949, 157.55, 100, 5225
2026/09/17 20:09:43.949, 157.42, 100, 5225
2026/09/17 20:09:44.949, 156.75, 98, 5225
2026/09/17 20:09:45.950, 157.71, 100, 5225
2026/09/17 20:09:46.950, 156.35, 100, 5225
2026/09/17 20:09:47.950, 158.30, 98, 5225
2026/09/17 20:09:48.950, 157.57, 100, 5225
2026/09/17 20:09:49.950, 157.81, 100, 5225
2026/09/17 20:09:50.951, 157.14, 98, 5225
2026/09/17 20:09:51.951, 156.47, 100, 5225
2026/09/17 20:09:52.951, 157.43, 100, 5225
2026/09/17 20:09:53.951, 156.66, 98, 5225
2026/09/17 20:09:54.951, 157.22, 100, 5225
2026/09/17 20:09:55.952, 157.34, 99, 5225
2026/09/17 20:09:56.952, 157.05, 98, 5225
2026/09/17 20:09:57.952, 158.39, 100, 5225
2026/09/17 20:09:58.952, 157.85, 99, 5225
2026/09/17 20:09:59.952, 156.98, 98, 5225
2026/09/17 20:10:00.953, 158.14, 100, 5225
2026/09/17 20:10:01.953, 157.35, 99, 5225
2026/09/17 20:10:02.953, 156.42, 100, 5225
2026/09/17 20:10:03.953, 157.29, 100, 5225
2026/09/17 20:10:04.953, 157.72, 98, 5225
2026/09/17 20:10:05.954, 157.86, 100, 5225
2026/09/17 20:10:06.954, 157.75, 100, 5225
2026/09/17 20:10:07.954, 157.67, 98, 5225
2026/09/17 20:10:08.954, 157.99, 100, 5225
2026/09/17 20:10:09.954, 157.89, 100, 5225
2026/09/17 20:10:10.955, 157.42, 98, 5225
2026/09/17 20:10:11.955, 157.82, 100, 5225
2026/09/17 20:10:12.964, 157.98, 100, 5225
2026/09/17 20:10:13.964, 157.41, 98, 5225
2026/09/17 20:10:14.964, 157.89, 100, 5225
2026/09/17 20:10:15.964, 157.26, 100, 5225
2026/09/17 20:10:16.965, 157.64, 98, 5225
2026/09/17 20:10:17.973, 158.00, 100, 5225
2026/09/17 20:10:18.974, 157.28, 100, 5225
2026/09/17 20:10:19.974, 157.23, 98, 5225
2026/09/17 20:10:20.974, 157.73, 100, 5225
2026/09/17 20:10:21.974, 157.64, 100, 5225
2026/09/17 20:10:22.983, 157.05, 98, 5225
2026/09/17 20:10:23.983, 157.65, 100, 5225
2026/09/17 20:10:24.983, 157.53, 100, 5225
2026/09/17 20:10:25.984, 157.53, 98, 5225
2026/09/17 20:10:26.984, 157.98, 100, 5225
2026/09/17 20:10:27.984, 157.26, 100, 5225
2026/09/17 20:10:28.984, 156.89, 98, 5225
2026/09/17 20:10:29.985, 157.76, 100, 5225
2026/09/17 20:10:30.985, 157.56, 100, 5225
2026/09/17 20:10:31.985, 157.12, 98, 5225
2026/09/17 20:10:32.994, 157.90, 100, 5225
2026/09/17 20:10:33.994, 157.43, 100, 5225
2026/09/17 20:10:34.994, 157.00, 98, 5225
2026/09/17 20:10:35.995, 157.95, 100, 5225
2026/09/17 20:10:36.995, 157.46, 100, 5225
2026/09/17 20:10:38.004, 157.27, 98, 5225
2026/09/17 20:10:39.004, 157.78, 100, 5225
2026/09/17 20:10:40.004, 157.51, 100, 5225
2026/09/17 20:10:41.004, 157.14, 98, 5225
2026/09/17 20:10:42.004, 158.00, 100, 5225
2026/09/17 20:10:43.005, 157.53, 100, 5225
2026/09/17 20:10:44.005, 157.23, 98, 5225
2026/09/17 20:10:45.005, 158.18, 100, 5225
2026/09/17 20:10:46.005, 157.70, 100, 5225
2026/09/17 20:10:47.006, 157.20, 98, 5225
2026/09/17 20:10:48.006, 157.97, 100, 5225
2026/09/17 20:10:49.006, 157.37, 100, 5225
2026/09/17 20:10:50.006, 157.19, 98, 5225
2026/09/17 20:10:51.007, 157.82, 100, 5225
2026/09/17 20:10:52.007, 157.82, 100, 5225
2026/09/17 20:10:53.016, 156.97, 98, 5225
2026/09/17 20:10:54.016, 157.80, 100, 5225
2026/09/17 20:10:55.016, 157.33, 100, 5225
2026/09/17 20:10:56.016, 157.21, 98, 5225
2026/09/17 20:10:57.017, 157.66, 100, 5225
2026/09/17 20:10:58.017, 157.87, 100, 5225
2026/09/17 20:10:59.017, 157.05, 98, 5225
2026/09/17 20:11:00.017, 157.50, 100, 5225
2026/09/17 20:11:01.017, 157.40, 100, 5225
2026/09/17 20:11:02.018, 157.41, 98, 5225
2026/09/17 20:11:03.018, 158.12, 100, 5225
2026/09/17 20:11:04.018, 157.73, 100, 5225
2026/09/17 20:11:05.018, 157.41, 98, 5225
2026/09/17 20:11:06.018, 158.15, 100, 5225
2026/09/17 20:11:07.019, 157.73, 100, 5225
2026/09/17 20:11:08.027, 156.83, 98, 5225
2026/09/17 20:11:09.027, 157.51, 100, 5225
2026/09/17 20:11:10.028, 157.58, 100, 5225
2026/09/17 20:11:11.028, 157.13, 98, 5225
2026/09/17 20:11:12.028, 158.15, 100, 5225
2026/09/17 20:11:13.028, 157.52, 100, 5225
2026/09/17 20:11:14.029, 157.33, 98, 5225
2026/09/17 20:11:15.029, 157.97, 100, 5225
2026/09/17 20:11:16.029, 157.27, 100, 5225
2026/09/17 20:11:17.029, 156.70, 98, 5225
2026/09/17 20:11:18.030, 157.71, 100, 5225
2026/09/17 20:11:19.030, 157.38, 100, 5225
2026/09/17 20:11:20.030, 156.90, 98, 5225
2026/09/17 20:11:21.030, 158.27, 100, 5225
2026/09/17 20:11:22.031, 157.80, 100, 5225
2026/09/17 20:11:23.031, 157.13, 98, 5225
2026/09/17 20:11:24.031, 158.19, 100, 5225
2026/09/17 20:11:25.031, 157.40, 100, 5225
2026/09/17 20:11:26.032, 156.87, 98, 5225
2026/09/17 20:11:27.032, 158.59, 100, 5225
2026/09/17 20:11:28.032, 156.13, 100, 5225
2026/09/17 20:11:29.032, 156.37, 98, 5225
2026/09/17 20:11:30.032, 157.90, 100, 5225
2026/09/17 20:11:31.032, 157.27, 99, 5225
2026/09/17 20:11:32.033, 156.84, 98, 5225
2026/09/17 20:11:33.033, 156.88, 100, 5225
2026/09/17 20:11:34.033, 157.16, 98, 5225
2026/09/17 20:11:35.033, 157.39, 100, 5225
2026/09/17 20:11:36.034, 157.46, 100, 5225
2026/09/17 20:11:37.034, 156.98, 98, 5225
2026/09/17 20:11:38.034, 157.34, 100, 5225
2026/09/17 20:11:39.034, 156.67, 100, 5225
2026/09/17 20:11:40.034, 157.29, 98, 5225
2026/09/17 20:11:41.035, 157.69, 100, 5225
2026/09/17 20:11:42.035, 157.65, 100, 5225
2026/09/17 20:11:43.035, 157.33, 98, 5225
2026/09/17 20:11:44.035, 157.17, 100, 5225
2026/09/17 20:11:45.035, 157.78, 100, 5225
2026/09/17 20:11:46.036, 156.77, 98, 5225
2026/09/17 20:11:47.036, 157.58, 100, 5225
2026/09/17 20:11:48.036, 157.56, 100, 5225
2026/09/17 20:11:49.036, 156.83, 98, 5225
2026/09/17 20:11:50.036, 157.36, 100, 5225
2026/09/17 20:11:51.037, 157.69, 100, 5225
2026/09/17 20:11:52.037, 157.43, 98, 5225
2026/09/17 20:11:53.037, 157.75, 100, 5225
2026/09/17 20:11:54.037, 157.27, 100, 5225
2026/09/17 20:11:55.038, 156.54, 98, 5225
2026/09/17 20:11:56.038, 157.45, 100, 5225
2026/09/17 20:11:57.038, 157.93, 100, 5225
2026/09/17 20:11:58.038, 156.81, 98, 5225
2026/09/17 20:11:59.038, 157.55, 100, 5225
2026/09/17 20:12:00.039, 157.68, 100, 5225
2026/09/17 20:12:01.039, 156.78, 98, 5225
2026/09/17 20:12:02.039, 157.38, 100, 5225
2026/09/17 20:12:03.039, 160.06, 99, 5225
2026/09/17 20:12:04.040, 156.80, 99, 5225
2026/09/17 20:12:05.040, 154.69, 99, 5225
2026/09/17 20:12:06.040, 160.02, 100, 5225
2026/09/17 20:12:07.040, 159.43, 100, 5225
2026/09/17 20:12:08.040, 154.74, 99, 5225
2026/09/17 20:12:09.049, 157.23, 100, 5225
2026/09/17 20:12:10.049, 161.48, 100, 5225
2026/09/17 20:12:11.049, 154.76, 100, 5225
2026/09/17 20:12:12.050, 154.78, 98, 5225
2026/09/17 20:12:13.050, 162.08, 99, 5225
2026/09/17 20:12:14.050, 155.98, 100, 5225
2026/09/17 20:12:15.050, 154.75, 100, 5225
2026/09/17 20:12:16.051, 160.41, 99, 5225
2026/09/17 20:12:17.051, 158.88, 99, 5225
2026/09/17 20:12:18.051, 154.89, 100, 5225
2026/09/17 20:12:19.051, 157.75, 99, 5225
2026/09/17 20:12:20.052, 160.93, 100, 5225
2026/09/17 20:12:21.052, 154.67, 99, 5225
2026/09/17 20:12:22.052, 155.73, 100, 5225
2026/09/17 20:12:23.052, 163.05, 100, 5225
2026/09/17 20:12:24.052, 155.49, 100, 5225
2026/09/17 20:12:25.053, 154.84, 99, 5225
2026/09/17 20:12:26.053, 161.24, 100, 5225
2026/09/17 20:12:27.053, 157.48, 100, 5225
2026/09/17 20:12:28.053, 154.91, 100, 5225
2026/09/17 20:12:29.054, 158.54, 99, 5225
2026/09/17 20:12:30.054, 160.49, 99, 5225
2026/09/17 20:12:31.054, 154.99, 100, 5225
2026/09/17 20:12:32.054, 130.15, 30, 5225
2026/09/17 20:12:33.055, 77.10, 100, 5225
2026/09/17 20:12:34.055, 157.21, 98, 5225
2026/09/17 20:12:35.055, 156.86, 100, 5225
2026/09/17 20:12:36.055, 157.28, 100, 5225
2026/09/17 20:12:37.055, 156.88, 98, 5225
2026/09/17 20:12:38.056, 157.08, 100, 5225
2026/09/17 20:12:39.056, 157.34, 100, 5225
2026/09/17 20:12:40.056, 156.48, 98, 5225
2026/09/17 20:12:41.056, 157.00, 100, 5225
2026/09/17 20:12:42.057, 157.38, 98, 5225
2026/09/17 20:12:43.057, 157.29, 98, 5225
2026/09/17 20:12:44.057, 157.14, 100, 5225
2026/09/17 20:12:45.057, 157.79, 98, 5225
2026/09/17 20:12:46.057, 157.29, 99, 5225
2026/09/17 20:12:47.058, 157.12, 100, 5225
2026/09/17 20:12:48.058, 157.45, 98, 5225
2026/09/17 20:12:49.058, 157.30, 98, 5225
2026/09/17 20:12:50.058, 156.79, 100, 5225
2026/09/17 20:12:51.058, 157.26, 98, 5225
2026/09/17 20:12:52.059, 157.54, 98, 5225
2026/09/17 20:12:53.059, 157.14, 100, 5225
2026/09/17 20:12:54.059, 157.26, 98, 5225
2026/09/17 20:12:55.059, 157.38, 98, 5225
2026/09/17 20:12:56.060, 157.45, 100, 5225
2026/09/17 20:12:57.060, 157.63, 98, 5225
2026/09/17 20:12:58.060, 157.46, 99, 5225
2026/09/17 20:12:59.060, 157.08, 100, 5225
2026/09/17 20:13:00.060, 157.25, 98, 5225
2026/09/17 20:13:01.061, 157.66, 100, 5225
2026/09/17 20:13:02.061, 157.52, 100, 5225
2026/09/17 20:13:03.061, 157.63, 98, 5225
2026/09/17 20:13:04.061, 157.45, 100, 5225
2026/09/17 20:13:05.061, 157.65, 100, 5225
2026/09/17 20:13:06.061, 155.84, 97, 5225
2026/09/17 20:13:07.062, 157.31, 100, 5225
2026/09/17 20:13:08.062, 157.27, 100, 5225
2026/09/17 20:13:09.062, 156.84, 98, 5225
2026/09/17 20:13:10.062, 157.86, 100, 5225
2026/09/17 20:13:11.063, 156.13, 100, 5225
2026/09/17 20:13:12.063, 157.05, 98, 5225
2026/09/17 20:13:13.063, 157.34, 100, 5225
2026/09/17 20:13:14.063, 157.24, 100, 5225
2026/09/17 20:13:15.063, 157.19, 98, 5225
2026/09/17 20:13:16.064, 157.66, 100, 5225
2026/09/17 20:13:17.064, 156.20, 100, 5225
2026/09/17 20:13:18.064, 156.99, 98, 5225
2026/09/17 20:13:19.064, 157.92, 100, 5225
2026/09/17 20:13:20.065, 157.19, 100, 5225
2026/09/17 20:13:21.065, 156.68, 98, 5225
2026/09/17 20:13:22.065, 157.46, 100, 5225
2026/09/17 20:13:23.065, 157.28, 100, 5225
2026/09/17 20:13:24.065, 156.73, 98, 5225
2026/09/17 20:13:25.066, 157.49, 100, 5225
2026/09/17 20:13:26.066, 157.23, 100, 5225
2026/09/17 20:13:27.075, 157.23, 98, 5225
2026/09/17 20:13:28.075, 158.44, 100, 5225
2026/09/17 20:13:29.075, 157.33, 98, 5225
2026/09/17 20:13:30.075, 156.99, 98, 5225
2026/09/17 20:13:31.076, 157.84, 100, 5225
2026/09/17 20:13:32.076, 156.91, 98, 5225
2026/09/17 20:13:33.076, 157.37, 100, 5225
2026/09/17 20:13:34.076, 157.83, 100, 5225
2026/09/17 20:13:35.076, 156.92, 98, 5225
2026/09/17 20:13:36.077, 157.27, 100, 5225
2026/09/17 20:13:37.077, 157.71, 100, 5225
2026/09/17 20:13:38.077, 157.20, 98, 5225
2026/09/17 20:13:39.077, 157.83, 100, 5225
2026/09/17 20:13:40.078, 157.64, 100, 5225
2026/09/17 20:13:41.078, 157.36, 98, 5225
2026/09/17 20:13:42.078, 157.54, 100, 5225
2026/09/17 20:13:43.078, 157.61, 100, 5225
2026/09/17 20:13:44.079, 156.79, 98, 5225
2026/09/17 20:13:45.079, 157.06, 100, 5225
2026/09/17 20:13:46.079, 157.36, 100, 5225
2026/09/17 20:13:47.079, 156.62, 98, 5225
2026/09/17 20:13:48.080, 157.33, 100, 5225
2026/09/17 20:13:49.080, 157.70, 100, 5225
2026/09/17 20:13:50.080, 157.56, 98, 5225
2026/09/17 20:13:51.080, 157.52, 100, 5225
2026/09/17 20:13:52.081, 157.63, 100, 5225
2026/09/17 20:13:53.081, 156.52, 98, 5225
2026/09/17 20:13:54.081, 157.38, 100, 5225
2026/09/17 20:13:55.081, 157.64, 100, 5225
2026/09/17 20:13:56.082, 156.51, 98, 5225
2026/09/17 20:13:57.090, 157.40, 100, 5225
2026/09/17 20:13:58.090, 157.50, 99, 5225
2026/09/17 20:13:59.091, 156.65, 98, 5225
2026/09/17 20:14:00.091, 157.11, 100, 5225
2026/09/17 20:14:01.091, 157.49, 98, 5225
2026/09/17 20:14:02.092, 157.20, 100, 5225
2026/09/17 20:14:03.092, 157.39, 100, 5225
2026/09/17 20:14:04.092, 157.36, 98, 5225
2026/09/17 20:14:05.092, 157.38, 100, 5225
2026/09/17 20:14:06.092, 157.33, 100, 5225
2026/09/17 20:14:07.093, 157.51, 98, 5225
2026/09/17 20:14:08.093, 157.30, 100, 5225
2026/09/17 20:14:09.093, 157.17, 100, 5225
2026/09/17 20:14:10.093, 157.02, 98, 5225
2026/09/17 20:14:11.094, 157.45, 100, 5225
2026/09/17 20:14:12.102, 157.61, 100, 5225
2026/09/17 20:14:13.102, 156.98, 98, 5225
2026/09/17 20:14:14.103, 157.21, 100, 5225
2026/09/17 20:14:15.103, 157.42, 100, 5225
2026/09/17 20:14:16.103, 157.16, 98, 5225
2026/09/17 20:14:17.112, 157.45, 100, 5225
2026/09/17 20:14:18.112, 157.41, 100, 5225
2026/09/17 20:14:19.112, 157.34, 98, 5225
2026/09/17 20:14:20.113, 157.29, 100, 5225
2026/09/17 20:14:21.113, 157.55, 100, 5225
2026/09/17 20:14:22.113, 157.26, 98, 5225
2026/09/17 20:14:23.113, 157.93, 100, 5225
2026/09/17 20:14:24.113, 157.38, 100, 5225
2026/09/17 20:14:25.114, 157.03, 98, 5225
2026/09/17 20:14:26.114, 158.05, 100, 5225
2026/09/17 20:14:27.114, 157.59, 100, 5225
2026/09/17 20:14:28.114, 156.99, 98, 5225
2026/09/17 20:14:29.114, 158.11, 100, 5225
2026/09/17 20:14:30.115, 157.42, 100, 5225
2026/09/17 20:14:31.115, 157.40, 98, 5225
2026/09/17 20:14:32.123, 158.07, 100, 5225
2026/09/17 20:14:33.124, 157.57, 98, 5225
2026/09/17 20:14:34.124, 157.25, 98, 5225
2026/09/17 20:14:35.124, 157.79, 100, 5225
2026/09/17 20:14:36.124, 157.24, 98, 5225
2026/09/17 20:14:37.124, 157.52, 100, 5225
2026/09/17 20:14:38.125, 157.45, 100, 5225
2026/09/17 20:14:39.125, 157.00, 98, 5225
2026/09/17 20:14:40.125, 157.36, 100, 5225
2026/09/17 20:14:41.125, 157.40, 100, 5225
2026/09/17 20:14:42.125, 157.26, 98, 5225
2026/09/17 20:14:43.126, 157.54, 100, 5225
2026/09/17 20:14:44.126, 157.37, 100, 5225
2026/09/17 20:14:45.126, 157.38, 98, 5225
2026/09/17 20:14:46.126, 157.46, 100, 5225
2026/09/17 20:14:47.126, 157.43, 100, 5225
2026/09/17 20:14:48.127, 156.79, 98, 5225
2026/09/17 20:14:49.127, 157.44, 100, 5225
2026/09/17 20:14:50.127, 157.32, 100, 5225
2026/09/17 20:14:51.127, 156.69, 98, 5225
2026/09/17 20:14:52.127, 156.18, 100, 5225
2026/09/17 20:14:53.128, 157.59, 100, 5225
2026/09/17 20:14:54.128, 156.95, 98, 5225
2026/09/17 20:14:55.128, 157.47, 100, 5225
2026/09/17 20:14:56.128, 157.46, 100, 5225
2026/09/17 20:14:57.128, 156.92, 93, 5225
2026/09/17 20:14:58.129, 157.05, 100, 5225
2026/09/17 20:14:59.129, 157.50, 100, 5225
2026/09/17 20:15:00.129, 156.69, 98, 5225
2026/09/17 20:15:01.129, 157.62, 100, 5225
2026/09/17 20:15:02.129, 157.24, 100, 5225
2026/09/17 20:15:03.130, 155.89, 98, 5225
2026/09/17 20:15:04.130, 157.68, 100, 5225
2026/09/17 20:15:05.130, 156.95, 100, 5225
2026/09/17 20:15:06.130, 156.60, 98, 5225
2026/09/17 20:15:07.130, 158.02, 100, 5225
2026/09/17 20:15:08.131, 156.04, 98, 5225
2026/09/17 20:15:09.131, 157.14, 100, 5225
2026/09/17 20:15:10.131, 157.12, 100, 5225
2026/09/17 20:15:11.131, 156.39, 98, 5225
2026/09/17 20:15:12.132, 156.74, 100, 5225
2026/09/17 20:15:13.132, 157.18, 100, 5225
2026/09/17 20:15:14.132, 156.83, 98, 5225
2026/09/17 20:15:15.132, 157.15, 100, 5225
2026/09/17 20:15:16.132, 157.14, 100, 5225
2026/09/17 20:15:17.133, 156.49, 98, 5225
2026/09/17 20:15:18.141, 156.73, 100, 5225
2026/09/17 20:15:19.142, 157.37, 100, 5225
2026/09/17 20:15:20.142, 156.87, 98, 5225
2026/09/17 20:15:21.142, 157.01, 100, 5225
2026/09/17 20:15:22.142, 157.56, 100, 5225
2026/09/17 20:15:23.150, 155.28, 98, 5225
2026/09/17 20:15:24.150, 157.00, 100, 5225
2026/09/17 20:15:25.150, 157.29, 100, 5225
2026/09/17 20:15:26.151, 156.54, 98, 5225
2026/09/17 20:15:27.151, 157.57, 100, 5225
2026/09/17 20:15:28.151, 157.40, 100, 5225
2026/09/17 20:15:29.151, 156.66, 98, 5225
2026/09/17 20:15:30.152, 157.14, 100, 5225
2026/09/17 20:15:31.152, 157.40, 100, 5225
2026/09/17 20:15:32.152, 156.44, 98, 5225
2026/09/17 20:15:33.161, 157.15, 100, 5225
2026/09/17 20:15:34.161, 157.39, 100, 5225
2026/09/17 20:15:35.161, 156.79, 98, 5225
2026/09/17 20:15:36.162, 157.81, 100, 5225
2026/09/17 20:15:37.162, 157.33, 98, 5225
2026/09/17 20:15:38.171, 157.04, 99, 5225
2026/09/17 20:15:39.171, 157.15, 100, 5225
2026/09/17 20:15:40.171, 157.22, 98, 5225
2026/09/17 20:15:41.171, 157.31, 100, 5225
2026/09/17 20:15:42.172, 157.37, 100, 5225
2026/09/17 20:15:43.180, 157.04, 98, 5225
2026/09/17 20:15:44.180, 157.24, 100, 5225
2026/09/17 20:15:45.181, 157.50, 100, 5225
2026/09/17 20:15:46.181, 157.11, 98, 5225
2026/09/17 20:15:47.181, 157.56, 100, 5225
2026/09/17 20:15:48.190, 157.29, 100, 5225
2026/09/17 20:15:49.190, 156.74, 98, 5225
2026/09/17 20:15:50.190, 157.25, 100, 5225
2026/09/17 20:15:51.190, 157.15, 100, 5225
2026/09/17 20:15:52.191, 156.93, 98, 5225
2026/09/17 20:15:53.191, 157.30, 100, 5225
2026/09/17 20:15:54.191, 157.20, 100, 5225
2026/09/17 20:15:55.191, 157.07, 98, 5225
2026/09/17 20:15:56.191, 157.33, 100, 5225
2026/09/17 20:15:57.192, 157.15, 100, 5225
2026/09/17 20:15:58.192, 156.88, 98, 5225
2026/09/17 20:15:59.192, 157.13, 100, 5225
2026/09/17 20:16:00.192, 157.02, 100, 5225
2026/09/17 20:16:01.193, 156.92, 98, 5225
2026/09/17 20:16:02.193, 157.30, 100, 5225
2026/09/17 20:16:03.201, 157.16, 100, 5225
2026/09/17 20:16:04.202, 157.36, 98, 5225
2026/09/17 20:16:05.202, 157.15, 100, 5225
2026/09/17 20:16:06.202, 156.94, 100, 5225
2026/09/17 20:16:07.202, 156.60, 98, 5225
2026/09/17 20:16:08.202, 157.03, 100, 5225
2026/09/17 20:16:09.203, 157.05, 100, 5225
2026/09/17 20:16:10.203, 156.70, 98, 5225
2026/09/17 20:16:11.203, 157.14, 100, 5225
2026/09/17 20:16:12.203, 157.16, 100, 5225
2026/09/17 20:16:13.203, 155.54, 98, 5225
2026/09/17 20:16:14.204, 157.60, 100, 5225
2026/09/17 20:16:15.204, 157.22, 98, 5225
2026/09/17 20:16:16.204, 157.30, 98, 5225
2026/09/17 20:16:17.204, 157.70, 100, 5225
2026/09/17 20:16:18.204, 156.89, 98, 5225
2026/09/17 20:16:19.204, 157.26, 100, 5225
2026/09/17 20:16:20.205, 157.55, 100, 5225
2026/09/17 20:16:21.205, 157.24, 98, 5225
2026/09/17 20:16:22.205, 157.54, 100, 5225
2026/09/17 20:16:23.205, 157.48, 100, 5225
2026/09/17 20:16:24.205, 157.06, 98, 5225
2026/09/17 20:16:25.206, 157.51, 100, 5225
2026/09/17 20:16:26.206, 157.55, 100, 5225
2026/09/17 20:16:27.206, 157.36, 98, 5225
2026/09/17 20:16:28.206, 157.56, 99, 5225
2026/09/17 20:16:29.206, 156.48, 100, 5225
2026/09/17 20:16:30.207, 157.23, 98, 5225
2026/09/17 20:16:31.207, 157.11, 99, 5225
2026/09/17 20:16:32.207, 162.47, 100, 5225
2026/09/17 20:16:33.207, 154.88, 100, 5225
2026/09/17 20:16:34.216, 154.94, 100, 5225
2026/09/17 20:16:35.216, 162.27, 99, 5225
2026/09/17 20:16:36.216, 157.39, 99, 5225
2026/09/17 20:16:37.216, 154.77, 100, 5225
2026/09/17 20:16:38.217, 159.46, 100, 5225
2026/09/17 20:16:39.225, 159.68, 100, 5225
2026/09/17 20:16:40.226, 155.01, 99, 5225
2026/09/17 20:16:41.226, 157.26, 100, 5225
2026/09/17 20:16:42.226, 161.93, 100, 5225
2026/09/17 20:16:43.226, 155.04, 100, 5225
2026/09/17 20:16:44.235, 155.00, 98, 5225
2026/09/17 20:16:45.235, 162.24, 99, 5225
2026/09/17 20:16:46.235, 156.51, 100, 5225
2026/09/17 20:16:47.235, 154.88, 100, 5225
2026/09/17 20:16:48.236, 160.10, 99, 5225
2026/09/17 20:16:49.244, 158.43, 99, 5225
2026/09/17 20:16:50.245, 154.82, 100, 5225
2026/09/17 20:16:51.245, 158.44, 99, 5225
2026/09/17 20:16:52.245, 161.11, 99, 5225
2026/09/17 20:16:53.245, 154.69, 99, 5225
2026/09/17 20:16:54.246, 155.78, 100, 5225
2026/09/17 20:16:55.246, 163.26, 100, 5225
2026/09/17 20:16:56.246, 156.26, 99, 5225
2026/09/17 20:16:57.246, 154.76, 99, 5225
2026/09/17 20:16:58.246, 162.14, 100, 5225
2026/09/17 20:16:59.247, 157.77, 100, 5225
2026/09/17 20:17:00.247, 154.65, 99, 5225
2026/09/17 20:17:01.247, 93.75, 0, 5225
2026/09/17 20:17:02.247, 108.63, 100, 5225
2026/09/17 20:17:03.248, 156.64, 98, 5225
2026/09/17 20:17:04.248, 157.40, 100, 5225
2026/09/17 20:17:05.248, 157.24, 100, 5225
2026/09/17 20:17:06.248, 156.80, 98, 5225
2026/09/17 20:17:07.249, 157.16, 100, 5225
2026/09/17 20:17:08.249, 157.19, 100, 5225
2026/09/17 20:17:09.249, 157.27, 98, 5225
2026/09/17 20:17:10.249, 157.10, 100, 5225
2026/09/17 20:17:11.250, 157.40, 100, 5225
2026/09/17 20:17:12.250, 157.35, 98, 5225
2026/09/17 20:17:13.250, 157.26, 100, 5225
2026/09/17 20:17:14.250, 157.46, 100, 5225
2026/09/17 20:17:15.250, 157.08, 98, 5225
2026/09/17 20:17:16.251, 157.23, 100, 5225
2026/09/17 20:17:17.251, 157.27, 100, 5225
2026/09/17 20:17:18.251, 156.77, 98, 5225
2026/09/17 20:17:19.251, 156.79, 100, 5225
2026/09/17 20:17:20.252, 157.07, 100, 5225
2026/09/17 20:17:21.252, 156.87, 97, 5225
2026/09/17 20:17:22.252, 156.82, 100, 5225
2026/09/17 20:17:23.252, 157.33, 100, 5225
2026/09/17 20:17:24.252, 156.81, 98, 5225
2026/09/17 20:17:25.253, 157.52, 100, 5225
2026/09/17 20:17:26.253, 157.28, 100, 5225
2026/09/17 20:17:27.253, 157.12, 98, 5225
2026/09/17 20:17:28.253, 157.49, 100, 5225
2026/09/17 20:17:29.254, 157.42, 100, 5225
2026/09/17 20:17:30.254, 156.96, 98, 5225
2026/09/17 20:17:31.254, 155.99, 100, 5225
2026/09/17 20:17:32.254, 157.34, 100, 5225
2026/09/17 20:17:33.254, 157.04, 98, 5225
2026/09/17 20:17:34.255, 156.91, 100, 5225
2026/09/17 20:17:35.255, 157.62, 100, 5225
2026/09/17 20:17:36.255, 156.87, 98, 5225
2026/09/17 20:17:37.255, 156.78, 100, 5225
2026/09/17 20:17:38.256, 157.50, 100, 5225
2026/09/17 20:17:39.256, 156.99, 98, 5225
2026/09/17 20:17:40.256, 156.59, 100, 5225
2026/09/17 20:17:41.256, 157.51, 100, 5225
2026/09/17 20:17:42.256, 156.93, 98, 5225
2026/09/17 20:17:43.257, 156.73, 100, 5225
2026/09/17 20:17:44.257, 157.46, 100, 5225
2026/09/17 20:17:45.257, 157.22, 100, 5225
2026/09/17 20:17:46.257, 157.11, 100, 5225
2026/09/17 20:17:47.257, 156.34, 100, 5225
2026/09/17 20:17:48.258, 156.87, 100, 5225
2026/09/17 20:17:49.258, 156.46, 100, 5225
2026/09/17 20:17:50.258, 157.30, 100, 5225
2026/09/17 20:17:51.258, 156.88, 100, 5225
2026/09/17 20:17:52.259, 156.45, 98, 5225
2026/09/17 20:17:53.259, 157.33, 100, 5225
2026/09/17 20:17:54.259, 156.70, 100, 5225
2026/09/17 20:17:55.259, 156.63, 98, 5225
2026/09/17 20:17:56.259, 157.15, 100, 5225
2026/09/17 20:17:57.260, 157.02, 99, 5225
2026/09/17 20:17:58.260, 156.68, 98, 5225
2026/09/17 20:17:59.260, 157.35, 100, 5225
2026/09/17 20:18:00.260, 157.42, 98, 5225
2026/09/17 20:18:01.261, 157.22, 99, 5225
2026/09/17 20:18:02.261, 156.45, 100, 5225
2026/09/17 20:18:03.261, 156.86, 98, 5225
2026/09/17 20:18:04.261, 157.05, 100, 5225
2026/09/17 20:18:05.261, 157.29, 100, 5225
2026/09/17 20:18:06.261, 156.95, 98, 5225
2026/09/17 20:18:07.262, 156.90, 100, 5225
2026/09/17 20:18:08.262, 156.29, 100, 5225
2026/09/17 20:18:09.262, 156.22, 98, 5225
2026/09/17 20:18:10.262, 157.08, 100, 5225
2026/09/17 20:18:11.263, 157.36, 100, 5225
2026/09/17 20:18:12.263, 156.65, 98, 5225
2026/09/17 20:18:13.263, 156.75, 100, 5225
2026/09/17 20:18:14.263, 157.52, 100, 5225
2026/09/17 20:18:15.263, 156.41, 98, 5225
2026/09/17 20:18:16.264, 157.73, 100, 5225
2026/09/17 20:18:17.264, 157.79, 100, 5225
2026/09/17 20:18:18.264, 157.30, 98, 5225
2026/09/17 20:18:19.264, 158.18, 100, 5225
2026/09/17 20:18:20.265, 157.85, 100, 5225
2026/09/17 20:18:21.265, 156.94, 98, 5225
2026/09/17 20:18:22.265, 158.10, 100, 5225
2026/09/17 20:18:23.265, 157.40, 100, 5225
2026/09/17 20:18:24.266, 157.60, 98, 5225
2026/09/17 20:18:25.266, 157.31, 100, 5225
2026/09/17 20:18:26.266, 157.85, 100, 5225
2026/09/17 20:18:27.266, 157.16, 98, 5225
2026/09/17 20:18:28.266, 157.23, 100, 5225
2026/09/17 20:18:29.267, 157.74, 100, 5225
2026/09/17 20:18:30.267, 157.34, 98, 5225
2026/09/17 20:18:31.267, 158.11, 100, 5225
2026/09/17 20:18:32.267, 157.75, 100, 5225
2026/09/17 20:18:33.276, 156.55, 98, 5225
2026/09/17 20:18:34.276, 157.38, 100, 5225
2026/09/17 20:18:35.276, 157.72, 100, 5225
2026/09/17 20:18:36.277, 156.98, 98, 5225
2026/09/17 20:18:37.277, 157.91, 100, 5225
2026/09/17 20:18:38.277, 156.98, 100, 5225
2026/09/17 20:18:39.277, 156.51, 98, 5225
2026/09/17 20:18:40.277, 158.13, 100, 5225
2026/09/17 20:18:41.278, 157.59, 100, 5225
2026/09/17 20:18:42.278, 156.41, 98, 5225
2026/09/17 20:18:43.278, 157.62, 100, 5225
2026/09/17 20:18:44.278, 157.59, 100, 5225
2026/09/17 20:18:45.279, 156.81, 98, 5225
2026/09/17 20:18:46.279, 157.56, 100, 5225
2026/09/17 20:18:47.279, 157.58, 100, 5225
2026/09/17 20:18:48.288, 156.63, 98, 5225
2026/09/17 20:18:49.288, 157.78, 100, 5225
2026/09/17 20:18:50.288, 157.57, 98, 5225
2026/09/17 20:18:51.288, 157.27, 98, 5225
2026/09/17 20:18:52.288, 157.55, 100, 5225
2026/09/17 20:18:53.297, 157.78, 99, 5225
2026/09/17 20:18:54.297, 156.74, 98, 5225
2026/09/17 20:18:55.298, 158.05, 100, 5225
2026/09/17 20:18:56.298, 158.08, 99, 5225
2026/09/17 20:18:57.298, 156.61, 98, 5225
2026/09/17 20:18:58.298, 157.82, 100, 5225
2026/09/17 20:18:59.298, 157.82, 98, 5225
2026/09/17 20:19:00.299, 156.98, 99, 5225
2026/09/17 20:19:01.299, 157.95, 100, 5225
2026/09/17 20:19:02.299, 157.72, 98, 5225
2026/09/17 20:19:03.299, 157.12, 98, 5225
2026/09/17 20:19:04.300, 158.07, 100, 5225
2026/09/17 20:19:05.300, 157.75, 98, 5225
2026/09/17 20:19:06.300, 157.50, 98, 5225
2026/09/17 20:19:07.300, 158.05, 100, 5225
2026/09/17 20:19:08.309, 157.77, 98, 5225
2026/09/17 20:19:09.309, 157.44, 99, 5225
2026/09/17 20:19:10.309, 157.26, 100, 5225
2026/09/17 20:19:11.310, 157.87, 98, 5225
2026/09/17 20:19:12.310, 157.70, 100, 5225
2026/09/17 20:19:13.310, 157.68, 100, 5225
2026/09/17 20:19:14.310, 157.27, 98, 5225
2026/09/17 20:19:15.311, 157.53, 100, 5225
2026/09/17 20:19:16.311, 157.92, 100, 5225
2026/09/17 20:19:17.311, 157.69, 98, 5225
2026/09/17 20:19:18.311, 157.68, 100, 5225
2026/09/17 20:19:19.311, 157.79, 100, 5225
2026/09/17 20:19:20.312, 158.04, 98, 5225
2026/09/17 20:19:21.312, 157.59, 100, 5225
2026/09/17 20:19:22.312, 157.38, 100, 5225
2026/09/17 20:19:23.312, 157.47, 98, 5225
2026/09/17 20:19:24.313, 157.50, 100, 5225
2026/09/17 20:19:25.313, 157.55, 100, 5225
2026/09/17 20:19:26.313, 157.80, 98, 5225
2026/09/17 20:19:27.313, 157.77, 100, 5225
2026/09/17 20:19:28.313, 156.48, 100, 5225
2026/09/17 20:19:29.314, 156.90, 98, 5225
2026/09/17 20:19:30.314, 157.64, 100, 5225
2026/09/17 20:19:31.314, 157.22, 100, 5225
2026/09/17 20:19:32.314, 157.16, 98, 5225
2026/09/17 20:19:33.315, 157.35, 100, 5225
2026/09/17 20:19:34.315, 157.71, 100, 5225
2026/09/17 20:19:35.315, 156.89, 98, 5225
2026/09/17 20:19:36.315, 157.54, 100, 5225
2026/09/17 20:19:37.315, 157.73, 100, 5225
2026/09/17 20:19:38.316, 157.00, 98, 5225
2026/09/17 20:19:39.316, 157.56, 100, 5225
2026/09/17 20:19:40.316, 157.78, 100, 5225
2026/09/17 20:19:41.316, 157.08, 98, 5225
2026/09/17 20:19:42.316, 157.55, 100, 5225
2026/09/17 20:19:43.317, 157.46, 100, 5225
2026/09/17 20:19:44.317, 157.08, 98, 5225
2026/09/17 20:19:45.317, 157.37, 100, 5225
2026/09/17 20:19:46.317, 157.52, 100, 5225
2026/09/17 20:19:47.317, 156.93, 98, 5225
2026/09/17 20:19:48.318, 157.24, 100, 5225
2026/09/17 20:19:49.318, 157.49, 100, 5225
2026/09/17 20:19:50.318, 157.15, 98, 5225
2026/09/17 20:19:51.318, 157.40, 100, 5225
2026/09/17 20:19:52.318, 157.26, 98, 5225
2026/09/17 20:19:53.319, 157.50, 99, 5225
2026/09/17 20:19:54.319, 157.54, 100, 5225
2026/09/17 20:19:55.319, 157.30, 98, 5225
2026/09/17 20:19:56.319, 157.61, 100, 5225
2026/09/17 20:19:57.320, 157.42, 100, 5225
2026/09/17 20:19:58.320, 156.99, 98, 5225
2026/09/17 20:19:59.329, 157.33, 100, 5225
2026/09/17 20:20:00.329, 157.15, 100, 5225
2026/09/17 20:20:01.329, 156.96, 98, 5225
2026/09/17 20:20:02.329, 157.67, 100, 5225
2026/09/17 20:20:03.329, 157.54, 100, 5225
2026/09/17 20:20:04.329, 157.04, 98, 5225
2026/09/17 20:20:05.330, 158.04, 100, 5225
2026/09/17 20:20:06.330, 157.53, 100, 5225
2026/09/17 20:20:07.330, 157.68, 98, 5225
2026/09/17 20:20:08.330, 157.63, 100, 5225
2026/09/17 20:20:09.330, 157.43, 100, 5225
2026/09/17 20:20:10.331, 156.78, 98, 5225
2026/09/17 20:20:11.331, 157.69, 100, 5225
2026/09/17 20:20:12.331, 157.52, 100, 5225
2026/09/17 20:20:13.331, 156.88, 98, 5225
2026/09/17 20:20:14.332, 157.54, 100, 5225
2026/09/17 20:20:15.332, 157.43, 100, 5225
2026/09/17 20:20:16.332, 156.88, 98, 5225
2026/09/17 20:20:17.332, 157.66, 100, 5225
2026/09/17 20:20:18.332, 157.61, 100, 5225
2026/09/17 20:20:19.333, 157.59, 98, 5225
2026/09/17 20:20:20.333, 158.29, 100, 5225
2026/09/17 20:20:21.333, 157.72, 100, 5225
2026/09/17 20:20:22.333, 156.77, 98, 5225
2026/09/17 20:20:23.333, 157.64, 100, 5225
2026/09/17 20:20:24.342, 157.31, 100, 5225
2026/09/17 20:20:25.342, 156.79, 98, 5225
2026/09/17 20:20:26.343, 157.71, 100, 5225
2026/09/17 20:20:27.343, 157.20, 98, 5225
2026/09/17 20:20:28.343, 157.29, 99, 5225
2026/09/17 20:20:29.352, 157.65, 100, 5225
2026/09/17 20:20:30.352, 157.37, 98, 5225
2026/09/17 20:20:31.352, 157.46, 100, 5225
2026/09/17 20:20:32.352, 157.88, 100, 5225
2026/09/17 20:20:33.352, 157.05, 98, 5225
2026/09/17 20:20:34.361, 157.50, 100, 5225
2026/09/17 20:20:35.361, 157.77, 100, 5225
2026/09/17 20:20:36.362, 157.26, 98, 5225
2026/09/17 20:20:37.362, 157.52, 100, 5225
2026/09/17 20:20:38.362, 157.60, 100, 5225
2026/09/17 20:20:39.371, 156.83, 98, 5225
2026/09/17 20:20:40.371, 157.76, 100, 5225
2026/09/17 20:20:41.371, 157.55, 99, 5225
2026/09/17 20:20:42.372, 157.00, 98, 5225
2026/09/17 20:20:43.372, 157.66, 100, 5225
2026/09/17 20:20:44.381, 157.62, 98, 5225
2026/09/17 20:20:45.381, 157.58, 100, 5225
2026/09/17 20:20:46.381, 157.79, 100, 5225
2026/09/17 20:20:47.381, 157.60, 98, 5225
2026/09/17 20:20:48.382, 157.21, 100, 5225
2026/09/17 20:20:49.382, 157.84, 100, 5225
2026/09/17 20:20:50.382, 157.42, 98, 5225
2026/09/17 20:20:51.382, 157.36, 100, 5225
2026/09/17 20:20:52.383, 157.82, 100, 5225
2026/09/17 20:20:53.383, 157.43, 98, 5225
2026/09/17 20:20:54.383, 157.43, 100, 5225
2026/09/17 20:20:55.383, 157.67, 100, 5225
2026/09/17 20:20:56.383, 157.23, 98, 5225
2026/09/17 20:20:57.384, 157.51, 100, 5225
2026/09/17 20:20:58.384, 157.69, 100, 5225
2026/09/17 20:20:59.384, 159.31, 99, 5225
2026/09/17 20:21:00.384, 160.56, 100, 5225
2026/09/17 20:21:01.384, 155.36, 100, 5225
2026/09/17 20:21:02.385, 157.32, 100, 5225
2026/09/17 20:21:03.385, 162.52, 99, 5225
2026/09/17 20:21:04.385, 155.31, 100, 5225
2026/09/17 20:21:05.385, 155.25, 100, 5225
2026/09/17 20:21:06.386, 162.82, 100, 5225
2026/09/17 20:21:07.386, 157.16, 99, 5225
2026/09/17 20:21:08.386, 155.24, 100, 5225
2026/09/17 20:21:09.386, 159.92, 100, 5225
2026/09/17 20:21:10.386, 159.23, 99, 5225
2026/09/17 20:21:11.387, 155.12, 99, 5225
2026/09/17 20:21:12.387, 157.79, 99, 5225
2026/09/17 20:21:13.387, 162.07, 100, 5225
2026/09/17 20:21:14.387, 155.19, 99, 5225
2026/09/17 20:21:15.387, 155.37, 98, 5225
2026/09/17 20:21:16.388, 162.81, 99, 5225
2026/09/17 20:21:17.388, 156.36, 100, 5225
2026/09/17 20:21:18.388, 154.93, 100, 5225
2026/09/17 20:21:19.388, 160.31, 99, 5225
2026/09/17 20:21:20.388, 158.96, 99, 5225
2026/09/17 20:21:21.397, 155.28, 100, 5225
2026/09/17 20:21:22.397, 158.51, 100, 5225
2026/09/17 20:21:23.398, 161.44, 99, 5225
2026/09/17 20:21:24.398, 155.55, 99, 5225
2026/09/17 20:21:25.398, 156.05, 100, 5225
2026/09/17 20:21:26.398, 163.37, 100, 5225
2026/09/17 20:21:27.399, 155.55, 99, 5225
2026/09/17 20:21:28.399, 154.88, 99, 5225
2026/09/17 20:21:29.399, 60.06, 7, 5225
2026/09/17 20:21:30.399, 154.58, 100, 5225
2026/09/17 20:21:31.400, 157.10, 98, 5225
2026/09/17 20:21:32.400, 157.82, 100, 5225
2026/09/17 20:21:33.400, 158.00, 100, 5225
2026/09/17 20:21:34.400, 157.20, 98, 5225
2026/09/17 20:21:35.400, 157.74, 100, 5225
2026/09/17 20:21:36.409, 157.99, 100, 5225
2026/09/17 20:21:37.409, 157.96, 98, 5225
2026/09/17 20:21:38.409, 157.84, 100, 5225
2026/09/17 20:21:39.410, 157.73, 100, 5225
2026/09/17 20:21:40.410, 157.80, 98, 5225
2026/09/17 20:21:41.419, 158.15, 100, 5225
2026/09/17 20:21:42.419, 158.09, 100, 5225
2026/09/17 20:21:43.419, 157.09, 98, 5225
2026/09/17 20:21:44.419, 157.84, 100, 5225
2026/09/17 20:21:45.419, 158.05, 100, 5225
2026/09/17 20:21:46.428, 157.07, 98, 5225
2026/09/17 20:21:47.428, 158.10, 100, 5225
2026/09/17 20:21:48.429, 157.65, 100, 5225
2026/09/17 20:21:49.429, 157.11, 98, 5225
2026/09/17 20:21:50.429, 157.69, 100, 5225
2026/09/17 20:21:51.438, 158.03, 100, 5225
2026/09/17 20:21:52.438, 157.44, 98, 5225
2026/09/17 20:21:53.438, 158.27, 100, 5225
2026/09/17 20:21:54.438, 157.79, 100, 5225
2026/09/17 20:21:55.439, 157.36, 98, 5225
2026/09/17 20:21:56.439, 157.89, 100, 5225
2026/09/17 20:21:57.439, 157.84, 100, 5225
2026/09/17 20:21:58.439, 157.12, 98, 5225
2026/09/17 20:21:59.439, 158.10, 100, 5225
2026/09/17 20:22:00.440, 157.84, 100, 5225
2026/09/17 20:22:01.440, 157.42, 98, 5225
2026/09/17 20:22:02.440, 158.24, 100, 5225
2026/09/17 20:22:03.440, 157.90, 100, 5225
2026/09/17 20:22:04.441, 157.19, 98, 5225
2026/09/17 20:22:05.441, 158.32, 100, 5225
2026/09/17 20:22:06.449, 157.88, 100, 5225
2026/09/17 20:22:07.450, 158.05, 98, 5225
2026/09/17 20:22:08.450, 158.73, 100, 5225
2026/09/17 20:22:09.450, 158.12, 100, 5225
2026/09/17 20:22:10.450, 158.02, 98, 5225
2026/09/17 20:22:11.451, 158.57, 100, 5225
2026/09/17 20:22:12.451, 158.23, 100, 5225
2026/09/17 20:22:13.451, 157.13, 98, 5225
2026/09/17 20:22:14.451, 158.34, 100, 5225
2026/09/17 20:22:15.451, 157.78, 100, 5225
2026/09/17 20:22:16.452, 157.78, 98, 5225
2026/09/17 20:22:17.452, 157.85, 100, 5225
2026/09/17 20:22:18.452, 158.20, 100, 5225
2026/09/17 20:22:19.452, 157.20, 98, 5225
2026/09/17 20:22:20.453, 157.84, 100, 5225
2026/09/17 20:22:21.453, 158.14, 100, 5225
2026/09/17 20:22:22.453, 158.07, 98, 5225
2026/09/17 20:22:23.453, 157.75, 100, 5225
2026/09/17 20:22:24.453, 157.86, 100, 5225
2026/09/17 20:22:25.454, 157.18, 98, 5225
2026/09/17 20:22:26.454, 157.99, 100, 5225
2026/09/17 20:22:27.462, 157.76, 100, 5225
2026/09/17 20:22:28.463, 157.24, 98, 5225
2026/09/17 20:22:29.463, 157.89, 100, 5225
2026/09/17 20:22:30.463, 157.94, 100, 5225
2026/09/17 20:22:31.463, 157.37, 98, 5225
2026/09/17 20:22:32.464, 157.91, 100, 5225
2026/09/17 20:22:33.464, 158.31, 100, 5225
2026/09/17 20:22:34.464, 157.32, 98, 5225
2026/09/17 20:22:35.464, 158.06, 100, 5225
2026/09/17 20:22:36.464, 158.22, 100, 5225
2026/09/17 20:22:37.465, 156.26, 98, 5225
2026/09/17 20:22:38.465, 158.26, 100, 5225
2026/09/17 20:22:39.465, 157.91, 100, 5225
2026/09/17 20:22:40.465, 157.85, 98, 5225
2026/09/17 20:22:41.466, 158.05, 100, 5225
2026/09/17 20:22:42.466, 156.63, 100, 5225
2026/09/17 20:22:43.466, 157.35, 98, 5225
2026/09/17 20:22:44.466, 158.51, 100, 5225
2026/09/17 20:22:45.467, 157.40, 99, 5225
2026/09/17 20:22:46.467, 156.78, 98, 5225
2026/09/17 20:22:47.467, 157.14, 100, 5225
2026/09/17 20:22:48.467, 157.26, 98, 5225
2026/09/17 20:22:49.467, 157.44, 100, 5225
2026/09/17 20:22:50.468, 158.16, 100, 5225
2026/09/17 20:22:51.468, 157.82, 98, 5225
2026/09/17 20:22:52.468, 157.68, 100, 5225
2026/09/17 20:22:53.468, 156.71, 100, 5225
2026/09/17 20:22:54.468, 157.15, 98, 5225
2026/09/17 20:22:55.469, 158.21, 100, 5225
2026/09/17 20:22:56.469, 157.92, 100, 5225
2026/09/17 20:22:57.469, 158.11, 98, 5225
2026/09/17 20:22:58.469, 157.76, 100, 5225
2026/09/17 20:22:59.469, 158.13, 100, 5225
2026/09/17 20:23:00.470, 157.18, 98, 5225
2026/09/17 20:23:01.470, 157.49, 100, 5225
2026/09/17 20:23:02.470, 157.89, 100, 5225
2026/09/17 20:23:03.470, 157.17, 98, 5225
2026/09/17 20:23:04.470, 157.37, 100, 5225
2026/09/17 20:23:05.471, 157.76, 100, 5225
2026/09/17 20:23:06.471, 157.67, 98, 5225
2026/09/17 20:23:07.471, 157.92, 100, 5225
2026/09/17 20:23:08.471, 157.90, 100, 5225
2026/09/17 20:23:09.472, 157.38, 98, 5225
2026/09/17 20:23:10.472, 157.78, 100, 5225
2026/09/17 20:23:11.472, 158.18, 100, 5225
2026/09/17 20:23:12.472, 156.08, 98, 5225
2026/09/17 20:23:13.472, 157.48, 100, 5225
2026/09/17 20:23:14.473, 157.84, 100, 5225
2026/09/17 20:23:15.473, 157.02, 98, 5225
2026/09/17 20:23:16.473, 157.50, 100, 5225
2026/09/17 20:23:17.473, 157.83, 100, 5225
2026/09/17 20:23:18.474, 156.64, 98, 5225
2026/09/17 20:23:19.474, 157.24, 100, 5225
2026/09/17 20:23:20.474, 157.49, 100, 5225
2026/09/17 20:23:21.474, 157.54, 98, 5225
2026/09/17 20:23:22.475, 157.35, 100, 5225
2026/09/17 20:23:23.475, 157.82, 100, 5225
2026/09/17 20:23:24.475, 156.91, 98, 5225
2026/09/17 20:23:25.475, 157.42, 100, 5225
2026/09/17 20:23:26.475, 157.72, 98, 5225
2026/09/17 20:23:27.484, 157.46, 98, 5225
2026/09/17 20:23:28.484, 157.92, 100, 5225
2026/09/17 20:23:29.485, 157.69, 98, 5225
2026/09/17 20:23:30.485, 157.69, 100, 5225
2026/09/17 20:23:31.485, 157.36, 100, 5225
2026/09/17 20:23:32.485, 157.70, 98, 5225
2026/09/17 20:23:33.485, 157.60, 100, 5225
2026/09/17 20:23:34.486, 157.51, 100, 5225
2026/09/17 20:23:35.486, 157.57, 98, 5225
2026/09/17 20:23:36.486, 157.90, 100, 5225
2026/09/17 20:23:37.486, 157.43, 100, 5225
2026/09/17 20:23:38.487, 157.12, 98, 5225
2026/09/17 20:23:39.487, 157.63, 100, 5225
2026/09/17 20:23:40.487, 157.46, 100, 5225
2026/09/17 20:23:41.487, 157.48, 98, 5225
2026/09/17 20:23:42.487, 158.05, 100, 5225
2026/09/17 20:23:43.488, 157.53, 100, 5225
2026/09/17 20:23:44.488, 157.44, 98, 5225
2026/09/17 20:23:45.488, 157.93, 100, 5225
2026/09/17 20:23:46.488, 157.50, 100, 5225
2026/09/17 20:23:47.489, 157.39, 98, 5225
2026/09/17 20:23:48.489, 158.24, 100, 5225
2026/09/17 20:23:49.489, 157.42, 100, 5225
2026/09/17 20:23:50.489, 157.42, 98, 5225
2026/09/17 20:23:51.490, 157.86, 100, 5225
2026/09/17 20:23:52.490, 157.33, 100, 5225
2026/09/17 20:23:53.490, 157.16, 98, 5225
2026/09/17 20:23:54.490, 157.82, 100, 5225
2026/09/17 20:23:55.490, 157.49, 100, 5225
2026/09/17 20:23:56.491, 157.12, 98, 5225
2026/09/17 20:23:57.491, 158.32, 100, 5225
2026/09/17 20:23:58.491, 157.30, 100, 5225
2026/09/17 20:23:59.492, 157.06, 98, 5225
2026/09/17 20:24:00.492, 157.62, 100, 5225
2026/09/17 20:24:01.492, 157.53, 99, 5225
2026/09/17 20:24:02.492, 157.31, 98, 5225
2026/09/17 20:24:03.493, 158.31, 100, 5225
2026/09/17 20:24:04.493, 157.30, 98, 5225
2026/09/17 20:24:05.493, 157.80, 99, 5225
2026/09/17 20:24:06.493, 157.84, 100, 5225
2026/09/17 20:24:07.494, 157.11, 98, 5225
2026/09/17 20:24:08.494, 157.74, 100, 5225
2026/09/17 20:24:09.494, 157.90, 100, 5225
2026/09/17 20:24:10.494, 157.05, 98, 5225
2026/09/17 20:24:11.494, 157.85, 100, 5225
2026/09/17 20:24:12.495, 157.83, 100, 5225
2026/09/17 20:24:13.495, 157.46, 98, 5225
2026/09/17 20:24:14.495, 158.05, 100, 5225
2026/09/17 20:24:15.495, 157.88, 100, 5225
2026/09/17 20:24:16.495, 157.37, 98, 5225
2026/09/17 20:24:17.496, 157.10, 100, 5225
2026/09/17 20:24:18.496, 157.68, 100, 5225
2026/09/17 20:24:19.496, 156.79, 98, 5225
2026/09/17 20:24:20.496, 158.36, 100, 5225
2026/09/17 20:24:21.496, 157.50, 100, 5225
2026/09/17 20:24:22.497, 155.70, 98, 5225
2026/09/17 20:24:23.497, 158.30, 100, 5225
2026/09/17 20:24:24.497, 158.11, 100, 5225
2026/09/17 20:24:25.497, 157.22, 98, 5225
2026/09/17 20:24:26.497, 158.08, 100, 5225
2026/09/17 20:24:27.498, 156.97, 100, 5225
2026/09/17 20:24:28.498, 156.90, 98, 5225
2026/09/17 20:24:29.498, 158.02, 100, 5225
2026/09/17 20:24:30.498, 157.69, 97, 5225
2026/09/17 20:24:31.498, 157.61, 99, 5225
2026/09/17 20:24:32.499, 158.03, 100, 5225
2026/09/17 20:24:33.499, 156.64, 98, 5225
2026/09/17 20:24:34.499, 157.45, 100, 5225
2026/09/17 20:24:35.499, 157.69, 100, 5225
2026/09/17 20:24:36.499, 157.29, 98, 5225
2026/09/17 20:24:37.500, 157.65, 100, 5225
2026/09/17 20:24:38.500, 157.55, 100, 5225
2026/09/17 20:24:39.500, 157.28, 98, 5225
2026/09/17 20:24:40.500, 157.38, 100, 5225
2026/09/17 20:24:41.501, 157.79, 100, 5225
2026/09/17 20:24:42.501, 157.28, 98, 5225
2026/09/17 20:24:43.501, 157.86, 100, 5225
2026/09/17 20:24:44.501, 157.60, 100, 5225
2026/09/17 20:24:45.502, 157.28, 98, 5225
2026/09/17 20:24:46.502, 157.31, 100, 5225
2026/09/17 20:24:47.502, 157.61, 100, 5225
2026/09/17 20:24:48.502, 156.95, 98, 5225
2026/09/17 20:24:49.503, 157.42, 100, 5225
2026/09/17 20:24:50.503, 157.94, 100, 5225
2026/09/17 20:24:51.503, 157.11, 98, 5225
2026/09/17 20:24:52.503, 157.55, 100, 5225
2026/09/17 20:24:53.512, 157.75, 100, 5225
2026/09/17 20:24:54.512, 157.17, 98, 5225
2026/09/17 20:24:55.512, 157.55, 100, 5225
2026/09/17 20:24:56.513, 157.94, 100, 5225
2026/09/17 20:24:57.513, 157.16, 98, 5225
2026/09/17 20:24:58.513, 157.60, 100, 5225
2026/09/17 20:24:59.513, 157.65, 99, 5225
2026/09/17 20:25:00.514, 157.13, 98, 5225
2026/09/17 20:25:01.514, 157.60, 100, 5225
2026/09/17 20:25:02.514, 157.63, 98, 5225
2026/09/17 20:25:03.523, 158.02, 99, 5225
2026/09/17 20:25:04.523, 157.38, 100, 5225
2026/09/17 20:25:05.523, 157.76, 98, 5225
2026/09/17 20:25:06.524, 157.84, 100, 5225
2026/09/17 20:25:07.524, 157.69, 100, 5225
2026/09/17 20:25:08.524, 157.22, 97, 5225
2026/09/17 20:25:09.524, 157.69, 100, 5225
2026/09/17 20:25:10.524, 157.42, 100, 5225
2026/09/17 20:25:11.525, 157.39, 98, 5225
2026/09/17 20:25:12.525, 157.79, 100, 5225
2026/09/17 20:25:13.534, 157.32, 100, 5225
2026/09/17 20:25:14.534, 157.21, 98, 5225
2026/09/17 20:25:15.534, 158.21, 100, 5225
2026/09/17 20:25:16.534, 157.44, 100, 5225
2026/09/17 20:25:17.534, 157.22, 98, 5225
2026/09/17 20:25:18.535, 157.79, 100, 5225
2026/09/17 20:25:19.535, 157.89, 100, 5225
2026/09/17 20:25:20.535, 158.04, 98, 5225
2026/09/17 20:25:21.535, 158.24, 100, 5225
2026/09/17 20:25:22.535, 157.60, 100, 5225
2026/09/17 20:25:23.544, 157.17, 98, 5225
2026/09/17 20:25:24.544, 157.75, 100, 5225
2026/09/17 20:25:25.545, 157.54, 100, 5225
2026/09/17 20:25:26.545, 157.29, 98, 5225
2026/09/17 20:25:27.545, 159.30, 100, 5225
2026/09/17 20:25:28.545, 161.31, 99, 5225
2026/09/17 20:25:29.546, 154.98, 99, 5225
2026/09/17 20:25:30.546, 156.49, 100, 5225
2026/09/17 20:25:31.546, 163.43, 100, 5225
2026/09/17 20:25:32.546, 155.79, 99, 5225
2026/09/17 20:25:33.555, 155.30, 99, 5225
2026/09/17 20:25:34.555, 162.18, 99, 5225
2026/09/17 20:25:35.555, 158.48, 100, 5225
2026/09/17 20:25:36.556, 155.34, 99, 5225
2026/09/17 20:25:37.556, 159.51, 99, 5225
2026/09/17 20:25:38.564, 160.62, 100, 5225
2026/09/17 20:25:39.565, 155.39, 100, 5225
2026/09/17 20:25:40.565, 157.37, 99, 5225
2026/09/17 20:25:41.565, 164.04, 99, 5225
2026/09/17 20:25:42.565, 155.70, 100, 5225
2026/09/17 20:25:43.566, 155.57, 100, 5225
2026/09/17 20:25:44.566, 162.34, 100, 5225
2026/09/17 20:25:45.566, 157.21, 99, 5225
2026/09/17 20:25:46.566, 155.44, 100, 5225
2026/09/17 20:25:47.566, 161.25, 100, 5225
2026/09/17 20:25:48.567, 160.45, 99, 5225
2026/09/17 20:25:49.567, 155.43, 99, 5225
2026/09/17 20:25:50.567, 158.27, 99, 5225
2026/09/17 20:25:51.567, 162.32, 100, 5225
2026/09/17 20:25:52.567, 155.40, 100, 5225
2026/09/17 20:25:53.568, 155.41, 98, 5225
2026/09/17 20:25:54.568, 163.01, 99, 5225
2026/09/17 20:25:55.568, 156.49, 100, 5225
2026/09/17 20:25:56.568, 155.32, 100, 5225
2026/09/17 20:25:57.568, 69.32, 0, 5225
2026/09/17 20:25:58.569, 134.11, 98, 5225
2026/09/17 20:25:59.569, 156.61, 100, 5225
2026/09/17 20:26:00.569, 158.02, 100, 5225
2026/09/17 20:26:01.569, 157.27, 98, 5225
2026/09/17 20:26:02.570, 157.66, 100, 5225
2026/09/17 20:26:03.570, 158.08, 100, 5225
2026/09/17 20:26:04.579, 157.12, 98, 5225
2026/09/17 20:26:05.579, 157.35, 100, 5225
2026/09/17 20:26:06.579, 157.60, 100, 5225
2026/09/17 20:26:07.579, 156.95, 98, 5225
2026/09/17 20:26:08.579, 157.42, 100, 5225
2026/09/17 20:26:09.580, 157.77, 100, 5225
2026/09/17 20:26:10.580, 157.23, 98, 5225
2026/09/17 20:26:11.580, 157.78, 100, 5225
2026/09/17 20:26:12.580, 157.92, 100, 5225
2026/09/17 20:26:13.581, 157.57, 98, 5225
2026/09/17 20:26:14.581, 156.76, 100, 5225
2026/09/17 20:26:15.581, 157.81, 100, 5225
2026/09/17 20:26:16.581, 157.25, 98, 5225
2026/09/17 20:26:17.581, 157.63, 100, 5225
2026/09/17 20:26:18.582, 158.13, 100, 5225
2026/09/17 20:26:19.582, 156.17, 98, 5225
2026/09/17 20:26:20.582, 157.38, 100, 5225
2026/09/17 20:26:21.582, 157.86, 100, 5225
2026/09/17 20:26:22.582, 157.66, 98, 5225
2026/09/17 20:26:23.583, 158.14, 100, 5225
2026/09/17 20:26:24.583, 156.76, 92, 5225
2026/09/17 20:26:25.583, 157.78, 99, 5225
2026/09/17 20:26:26.583, 158.08, 100, 5225
2026/09/17 20:26:27.583, 158.11, 98, 5225
2026/09/17 20:26:28.583, 157.74, 99, 5225
2026/09/17 20:26:29.584, 158.04, 100, 5225
2026/09/17 20:26:30.584, 156.59, 98, 5225
2026/09/17 20:26:31.584, 157.50, 100, 5225
2026/09/17 20:26:32.584, 157.31, 100, 5225
2026/09/17 20:26:33.585, 157.58, 98, 5225
2026/09/17 20:26:34.585, 157.72, 100, 5225
2026/09/17 20:26:35.585, 157.33, 100, 5225
2026/09/17 20:26:36.585, 157.42, 98, 5225
2026/09/17 20:26:37.585, 157.79, 100, 5225
2026/09/17 20:26:38.586, 157.43, 100, 5225
2026/09/17 20:26:39.586, 157.43, 98, 5225
2026/09/17 20:26:40.586, 157.56, 100, 5225
2026/09/17 20:26:41.586, 157.61, 100, 5225
2026/09/17 20:26:42.586, 157.18, 98, 5225
2026/09/17 20:26:43.587, 157.99, 100, 5225
2026/09/17 20:26:44.587, 157.54, 100, 5225
2026/09/17 20:26:45.587, 157.28, 98, 5225
2026/09/17 20:26:46.587, 157.73, 100, 5225
2026/09/17 20:26:47.588, 157.70, 100, 5225
2026/09/17 20:26:48.588, 157.91, 98, 5225
2026/09/17 20:26:49.588, 157.76, 100, 5225
2026/09/17 20:26:50.588, 157.37, 100, 5225
2026/09/17 20:26:51.589, 157.04, 97, 5225
2026/09/17 20:26:52.589, 157.68, 100, 5225
2026/09/17 20:26:53.589, 157.52, 100, 5225
2026/09/17 20:26:54.589, 157.75, 98, 5225
2026/09/17 20:26:55.598, 157.56, 100, 5225
2026/09/17 20:26:56.598, 157.51, 99, 5225
2026/09/17 20:26:57.598, 157.23, 98, 5225
2026/09/17 20:26:58.599, 157.85, 100, 5225
2026/09/17 20:26:59.599, 157.86, 98, 5225
2026/09/17 20:27:00.607, 157.60, 98, 5225
2026/09/17 20:27:01.608, 157.73, 100, 5225
2026/09/17 20:27:02.608, 157.40, 98, 5225
2026/09/17 20:27:03.608, 157.89, 100, 5225
2026/09/17 20:27:04.608, 157.83, 100, 5225
2026/09/17 20:27:05.609, 157.03, 98, 5225
2026/09/17 20:27:06.609, 157.85, 100, 5225
2026/09/17 20:27:07.609, 157.72, 100, 5225
2026/09/17 20:27:08.609, 156.81, 98, 5225
2026/09/17 20:27:09.610, 157.55, 100, 5225
2026/09/17 20:27:10.610, 157.79, 100, 5225
2026/09/17 20:27:11.610, 157.04, 98, 5225
2026/09/17 20:27:12.610, 157.73, 100, 5225
2026/09/17 20:27:13.610, 157.90, 100, 5225
2026/09/17 20:27:14.611, 157.50, 98, 5225
2026/09/17 20:27:15.611, 157.65, 100, 5225
2026/09/17 20:27:16.611, 157.80, 100, 5225
2026/09/17 20:27:17.611, 157.24, 98, 5225
2026/09/17 20:27:18.611, 158.34, 100, 5225
2026/09/17 20:27:19.612, 157.92, 100, 5225
2026/09/17 20:27:20.612, 156.91, 98, 5225
2026/09/17 20:27:21.612, 157.66, 100, 5225
2026/09/17 20:27:22.612, 157.84, 100, 5225
2026/09/17 20:27:23.612, 157.06, 98, 5225
2026/09/17 20:27:24.612, 157.82, 100, 5225
2026/09/17 20:27:25.613, 157.79, 100, 5225
2026/09/17 20:27:26.613, 156.77, 98, 5225
2026/09/17 20:27:27.613, 157.24, 100, 5225
2026/09/17 20:27:28.613, 157.76, 100, 5225
2026/09/17 20:27:29.613, 156.98, 98, 5225
2026/09/17 20:27:30.614, 157.73, 100, 5225
2026/09/17 20:27:31.614, 157.92, 99, 5225
2026/09/17 20:27:32.614, 156.92, 98, 5225
2026/09/17 20:27:33.614, 157.66, 100, 5225
2026/09/17 20:27:34.614, 157.68, 98, 5225
2026/09/17 20:27:35.615, 157.50, 99, 5225
2026/09/17 20:27:36.615, 157.76, 100, 5225
2026/09/17 20:27:37.615, 157.94, 98, 5225
2026/09/17 20:27:38.615, 157.52, 100, 5225
2026/09/17 20:27:39.615, 157.86, 100, 5225
2026/09/17 20:27:40.615, 157.52, 98, 5225
2026/09/17 20:27:41.616, 157.43, 100, 5225
2026/09/17 20:27:42.616, 157.84, 100, 5225
2026/09/17 20:27:43.616, 157.66, 98, 5225
2026/09/17 20:27:44.616, 157.66, 100, 5225
2026/09/17 20:27:45.616, 158.21, 100, 5225
2026/09/17 20:27:46.616, 157.11, 98, 5225
2026/09/17 20:27:47.617, 157.40, 100, 5225
2026/09/17 20:27:48.617, 158.01, 100, 5225
2026/09/17 20:27:49.617, 157.90, 98, 5225
2026/09/17 20:27:50.617, 157.96, 100, 5225
2026/09/17 20:27:51.617, 158.09, 100, 5225
2026/09/17 20:27:52.618, 156.20, 90, 5225
2026/09/17 20:27:53.618, 156.76, 100, 5225
2026/09/17 20:27:54.618, 157.93, 100, 5225
2026/09/17 20:27:55.618, 157.60, 98, 5225
2026/09/17 20:27:56.618, 158.17, 100, 5225
2026/09/17 20:27:57.618, 157.82, 100, 5225
2026/09/17 20:27:58.619, 156.32, 98, 5225
2026/09/17 20:27:59.619, 157.68, 100, 5225
2026/09/17 20:28:00.619, 157.93, 100, 5225
2026/09/17 20:28:01.619, 157.35, 98, 5225
2026/09/17 20:28:02.619, 157.86, 100, 5225
2026/09/17 20:28:03.625, 158.11, 100, 5225
2026/09/17 20:28:04.625, 157.03, 98, 5225
2026/09/17 20:28:05.625, 157.70, 100, 5225
2026/09/17 20:28:06.625, 157.62, 100, 5225
2026/09/17 20:28:07.625, 156.95, 98, 5225
2026/09/17 20:28:08.626, 157.47, 100, 5225
2026/09/17 20:28:09.626, 157.92, 99, 5225
2026/09/17 20:28:10.626, 157.22, 98, 5225
2026/09/17 20:28:11.626, 158.38, 100, 5225
2026/09/17 20:28:12.626, 157.90, 98, 5225
2026/09/17 20:28:13.635, 157.68, 99, 5225
2026/09/17 20:28:14.635, 157.73, 100, 5225
2026/09/17 20:28:15.635, 157.89, 98, 5225
2026/09/17 20:28:16.636, 157.89, 100, 5225
2026/09/17 20:28:17.636, 157.68, 100, 5225
2026/09/17 20:28:18.636, 157.32, 98, 5225
2026/09/17 20:28:19.636, 158.08, 100, 5225
2026/09/17 20:28:20.637, 157.70, 100, 5225
2026/09/17 20:28:21.637, 157.37, 98, 5225
2026/09/17 20:28:22.637, 157.81, 100, 5225
2026/09/17 20:28:23.637, 157.71, 100, 5225
2026/09/17 20:28:24.637, 157.54, 98, 5225
2026/09/17 20:28:25.638, 157.78, 100, 5225
2026/09/17 20:28:26.638, 157.84, 100, 5225
2026/09/17 20:28:27.638, 157.80, 98, 5225
2026/09/17 20:28:28.647, 158.12, 100, 5225
2026/09/17 20:28:29.647, 157.72, 100, 5225
2026/09/17 20:28:30.647, 156.93, 98, 5225
2026/09/17 20:28:31.647, 157.93, 100, 5225
2026/09/17 20:28:32.648, 157.55, 100, 5225
2026/09/17 20:28:33.648, 156.91, 98, 5225
2026/09/17 20:28:34.648, 158.18, 100, 5225
2026/09/17 20:28:35.648, 157.64, 100, 5225
2026/09/17 20:28:36.649, 157.12, 98, 5225
2026/09/17 20:28:37.649, 157.83, 100, 5225
2026/09/17 20:28:38.657, 157.55, 100, 5225
2026/09/17 20:28:39.658, 156.95, 98, 5225
2026/09/17 20:28:40.658, 157.89, 100, 5225
2026/09/17 20:28:41.658, 157.43, 100, 5225
2026/09/17 20:28:42.658, 156.93, 98, 5225
2026/09/17 20:28:43.667, 158.52, 100, 5225
2026/09/17 20:28:44.667, 157.35, 100, 5225
2026/09/17 20:28:45.667, 157.46, 98, 5225
2026/09/17 20:28:46.668, 157.74, 100, 5225
2026/09/17 20:28:47.668, 157.55, 99, 5225
2026/09/17 20:28:48.668, 157.28, 98, 5225
2026/09/17 20:28:49.668, 157.99, 100, 5225
2026/09/17 20:28:50.668, 157.63, 98, 5225
2026/09/17 20:28:51.669, 157.50, 99, 5225
2026/09/17 20:28:52.669, 157.91, 100, 5225
2026/09/17 20:28:53.677, 157.31, 98, 5225
2026/09/17 20:28:54.678, 157.61, 100, 5225
2026/09/17 20:28:55.678, 157.91, 100, 5225
2026/09/17 20:28:56.678, 157.49, 98, 5225
2026/09/17 20:28:57.678, 157.49, 100, 5225
2026/09/17 20:28:58.679, 157.51, 100, 5225
2026/09/17 20:28:59.679, 156.87, 98, 5225
2026/09/17 20:29:00.679, 157.67, 100, 5225
2026/09/17 20:29:01.679, 157.65, 100, 5225
2026/09/17 20:29:02.680, 156.93, 98, 5225
2026/09/17 20:29:03.680, 156.41, 100, 5225
2026/09/17 20:29:04.680, 157.66, 100, 5225
2026/09/17 20:29:05.680, 156.82, 98, 5225
2026/09/17 20:29:06.680, 157.51, 100, 5225
2026/09/17 20:29:07.681, 157.73, 100, 5225
2026/09/17 20:29:08.681, 155.76, 90, 5225
2026/09/17 20:29:09.681, 156.49, 100, 5225
2026/09/17 20:29:10.681, 157.84, 100, 5225
2026/09/17 20:29:11.681, 156.74, 98, 5225
2026/09/17 20:29:12.682, 157.71, 100, 5225
2026/09/17 20:29:13.682, 157.87, 100, 5225
2026/09/17 20:29:14.682, 156.53, 98, 5225
2026/09/17 20:29:15.682, 158.40, 100, 5225
2026/09/17 20:29:16.682, 157.86, 100, 5225
2026/09/17 20:29:17.683, 157.32, 98, 5225
2026/09/17 20:29:18.683, 156.45, 100, 5225
2026/09/17 20:29:19.683, 157.41, 98, 5225
2026/09/17 20:29:20.683, 157.55, 100, 5225
2026/09/17 20:29:21.683, 157.80, 100, 5225
2026/09/17 20:29:22.684, 157.18, 98, 5225
2026/09/17 20:29:23.684, 156.24, 100, 5225
2026/09/17 20:29:24.684, 157.77, 100, 5225
2026/09/17 20:29:25.684, 157.28, 98, 5225
2026/09/17 20:29:26.685, 157.76, 100, 5225
2026/09/17 20:29:27.685, 157.70, 100, 5225
2026/09/17 20:29:28.685, 156.13, 90, 5225
2026/09/17 20:29:29.685, 156.46, 100, 5225
2026/09/17 20:29:30.685, 157.85, 100, 5225
2026/09/17 20:29:31.686, 157.12, 98, 5225
2026/09/17 20:29:32.686, 157.36, 100, 5225
2026/09/17 20:29:33.686, 157.47, 100, 5225
2026/09/17 20:29:34.686, 156.14, 98, 5225
2026/09/17 20:29:35.686, 158.34, 100, 5225
2026/09/17 20:29:36.687, 157.75, 100, 5225
2026/09/17 20:29:37.687, 157.03, 98, 5225
2026/09/17 20:29:38.687, 157.64, 100, 5225
2026/09/17 20:29:39.688, 157.56, 99, 5225
2026/09/17 20:29:40.688, 157.11, 98, 5225
2026/09/17 20:29:41.688, 157.54, 100, 5225
2026/09/17 20:29:42.688, 157.68, 98, 5225
2026/09/17 20:29:43.689, 157.98, 99, 5225
2026/09/17 20:29:44.697, 157.69, 100, 5225
2026/09/17 20:29:45.697, 157.61, 98, 5225
2026/09/17 20:29:46.698, 157.91, 100, 5225
2026/09/17 20:29:47.698, 157.55, 100, 5225
2026/09/17 20:29:48.698, 157.16, 98, 5225
2026/09/17 20:29:49.698, 157.88, 100, 5225
2026/09/17 20:29:50.699, 157.84, 100, 5225
2026/09/17 20:29:51.699, 157.71, 98, 5225
2026/09/17 20:29:52.699, 158.11, 100, 5225
2026/09/17 20:29:53.699, 157.54, 100, 5225
2026/09/17 20:29:54.700, 157.04, 98, 5225
2026/09/17 20:29:55.700, 157.09, 99, 5225
2026/09/17 20:29:56.700, 163.36, 99, 5225
2026/09/17 20:29:57.700, 155.53, 99, 5225
2026/09/17 20:29:58.701, 155.06, 100, 5225
2026/09/17 20:29:59.701, 161.95, 99, 5225
2026/09/17 20:30:00.701, 157.73, 99, 5225
2026/09/17 20:30:01.701, 155.34, 99, 5225
2026/09/17 20:30:02.701, 159.44, 99, 5225
2026/09/17 20:30:03.702, 160.36, 100, 5225
2026/09/17 20:30:04.702, 155.15, 99, 5225
2026/09/17 20:30:05.702, 157.97, 100, 5225
2026/09/17 20:30:06.702, 162.43, 100, 5225
2026/09/17 20:30:07.702, 155.46, 100, 5225
2026/09/17 20:30:08.703, 155.46, 100, 5225
2026/09/17 20:30:09.703, 162.45, 100, 5225
2026/09/17 20:30:10.703, 156.95, 99, 5225
2026/09/17 20:30:11.703, 155.10, 100, 5225
2026/09/17 20:30:12.704, 160.19, 99, 5225
2026/09/17 20:30:13.704, 159.23, 99, 5225
2026/09/17 20:30:14.704, 155.12, 99, 5225
2026/09/17 20:30:15.704, 157.94, 99, 5225
2026/09/17 20:30:16.704, 162.09, 100, 5225
2026/09/17 20:30:17.705, 155.12, 99, 5225
2026/09/17 20:30:18.705, 155.59, 98, 5225
2026/09/17 20:30:19.713, 162.91, 99, 5225
2026/09/17 20:30:20.714, 156.22, 100, 5225
2026/09/17 20:30:21.714, 155.39, 99, 5225
2026/09/17 20:30:22.714, 160.26, 99, 5225
2026/09/17 20:30:23.714, 158.83, 100, 5225
2026/09/17 20:30:24.715, 154.94, 100, 5225
2026/09/17 20:30:25.715, 98.39, 0, 5225
2026/09/17 20:30:26.715, 106.37, 98, 5225
2026/09/17 20:30:27.715, 157.36, 100, 5225
2026/09/17 20:30:28.715, 157.28, 100, 5225
2026/09/17 20:30:29.724, 157.68, 98, 5225
2026/09/17 20:30:30.725, 157.03, 100, 5225
2026/09/17 20:30:31.725, 157.68, 100, 5225
2026/09/17 20:30:32.725, 157.79, 98, 5225
2026/09/17 20:30:33.725, 157.46, 100, 5225
2026/09/17 20:30:34.725, 157.93, 100, 5225
2026/09/17 20:30:35.726, 157.80, 98, 5225
2026/09/17 20:30:36.726, 156.68, 100, 5225
2026/09/17 20:30:37.726, 157.58, 100, 5225
2026/09/17 20:30:38.726, 157.97, 98, 5225
2026/09/17 20:30:39.726, 155.93, 100, 5225
2026/09/17 20:30:40.727, 157.53, 100, 5225
2026/09/17 20:30:41.727, 157.65, 98, 5225
2026/09/17 20:30:42.727, 156.70, 100, 5225
2026/09/17 20:30:43.727, 157.63, 100, 5225
2026/09/17 20:30:44.727, 157.44, 98, 5225
2026/09/17 20:30:45.728, 156.52, 100, 5225
2026/09/17 20:30:46.728, 158.12, 100, 5225
2026/09/17 20:30:47.728, 157.57, 98, 5225
2026/09/17 20:30:48.728, 156.83, 100, 5225
2026/09/17 20:30:49.728, 156.79, 100, 5225
2026/09/17 20:30:50.729, 157.78, 98, 5225
2026/09/17 20:30:51.729, 157.47, 100, 5225
2026/09/17 20:30:52.729, 158.33, 99, 5225
2026/09/17 20:30:53.729, 157.77, 98, 5225
2026/09/17 20:30:54.729, 157.29, 98, 5225
2026/09/17 20:30:55.730, 158.53, 100, 5225
2026/09/17 20:30:56.730, 157.60, 99, 5225
2026/09/17 20:30:57.730, 157.24, 98, 5225
2026/09/17 20:30:58.730, 158.36, 100, 5225
2026/09/17 20:30:59.731, 157.53, 98, 5225
2026/09/17 20:31:00.731, 156.87, 100, 5225
2026/09/17 20:31:01.731, 157.91, 100, 5225
2026/09/17 20:31:02.731, 157.82, 97, 5225
2026/09/17 20:31:03.731, 157.77, 100, 5225
2026/09/17 20:31:04.732, 157.75, 100, 5225
2026/09/17 20:31:05.732, 157.48, 98, 5225
2026/09/17 20:31:06.732, 157.79, 100, 5225
2026/09/17 20:31:07.732, 157.86, 100, 5225
2026/09/17 20:31:08.733, 158.10, 98, 5225
2026/09/17 20:31:09.733, 158.04, 100, 5225
2026/09/17 20:31:10.733, 158.06, 100, 5225
2026/09/17 20:31:11.733, 157.38, 97, 5225
2026/09/17 20:31:12.733, 157.33, 100, 5225
2026/09/17 20:31:13.734, 157.90, 100, 5225
2026/09/17 20:31:14.734, 157.28, 98, 5225
2026/09/17 20:31:15.743, 157.25, 100, 5225
2026/09/17 20:31:16.743, 157.74, 100, 5225
2026/09/17 20:31:17.743, 157.32, 98, 5225
2026/09/17 20:31:18.743, 157.28, 100, 5225
2026/09/17 20:31:19.744, 157.85, 100, 5225
2026/09/17 20:31:20.744, 157.99, 98, 5225
2026/09/17 20:31:21.744, 157.43, 100, 5225
2026/09/17 20:31:22.744, 157.95, 100, 5225
2026/09/17 20:31:23.744, 157.04, 98, 5225
2026/09/17 20:31:24.744, 157.94, 100, 5225
2026/09/17 20:31:25.745, 157.77, 100, 5225
2026/09/17 20:31:26.745, 157.88, 98, 5225
2026/09/17 20:31:27.745, 157.92, 100, 5225
2026/09/17 20:31:28.745, 157.90, 100, 5225
2026/09/17 20:31:29.746, 158.02, 98, 5225
2026/09/17 20:31:30.746, 157.56, 100, 5225
2026/09/17 20:31:31.746, 157.56, 100, 5225
2026/09/17 20:31:32.746, 157.39, 98, 5225
2026/09/17 20:31:33.746, 157.34, 100, 5225
2026/09/17 20:31:34.747, 158.03, 100, 5225
2026/09/17 20:31:35.755, 157.31, 98, 5225
2026/09/17 20:31:36.756, 158.15, 100, 5225
2026/09/17 20:31:37.756, 158.08, 100, 5225
2026/09/17 20:31:38.756, 157.30, 98, 5225
2026/09/17 20:31:39.756, 157.43, 100, 5225
2026/09/17 20:31:40.757, 157.45, 100, 5225
2026/09/17 20:31:41.757, 157.85, 98, 5225
2026/09/17 20:31:42.757, 158.18, 100, 5225
2026/09/17 20:31:43.757, 157.54, 100, 5225
2026/09/17 20:31:44.758, 157.03, 98, 5225
2026/09/17 20:31:45.758, 157.77, 100, 5225
2026/09/17 20:31:46.758, 157.90, 100, 5225
2026/09/17 20:31:47.758, 157.19, 98, 5225
2026/09/17 20:31:48.758, 157.52, 100, 5225
2026/09/17 20:31:49.759, 157.75, 100, 5225
2026/09/17 20:31:50.767, 157.11, 98, 5225
2026/09/17 20:31:51.768, 157.22, 100, 5225
2026/09/17 20:31:52.768, 157.72, 100, 5225
2026/09/17 20:31:53.768, 157.32, 98, 5225
2026/09/17 20:31:54.768, 157.49, 100, 5225
2026/09/17 20:31:55.777, 157.94, 100, 5225
2026/09/17 20:31:56.777, 157.21, 98, 5225
2026/09/17 20:31:57.777, 158.12, 100, 5225
2026/09/17 20:31:58.778, 157.58, 100, 5225
2026/09/17 20:31:59.778, 157.57, 98, 5225
2026/09/17 20:32:00.778, 158.11, 100, 5225
2026/09/17 20:32:01.778, 158.08, 100, 5225
2026/09/17 20:32:02.779, 157.59, 98, 5225
2026/09/17 20:32:03.779, 157.99, 100, 5225
2026/09/17 20:32:04.779, 157.80, 100, 5225
2026/09/17 20:32:05.788, 157.07, 98, 5225
2026/09/17 20:32:06.788, 157.49, 100, 5225
2026/09/17 20:32:07.788, 157.80, 99, 5225
2026/09/17 20:32:08.789, 157.45, 98, 5225
2026/09/17 20:32:09.789, 158.42, 100, 5225
2026/09/17 20:32:10.789, 157.88, 99, 5225
2026/09/17 20:32:11.789, 157.27, 98, 5225
2026/09/17 20:32:12.789, 157.99, 100, 5225
2026/09/17 20:32:13.790, 157.62, 98, 5225
2026/09/17 20:32:14.790, 157.57, 98, 5225
2026/09/17 20:32:15.790, 157.94, 100, 5225
2026/09/17 20:32:16.790, 157.47, 98, 5225
2026/09/17 20:32:17.790, 158.16, 98, 5225
2026/09/17 20:32:18.791, 157.66, 100, 5225
2026/09/17 20:32:19.791, 157.70, 98, 5225
2026/09/17 20:32:20.791, 157.83, 100, 5225
2026/09/17 20:32:21.791, 157.40, 100, 5225
2026/09/17 20:32:22.792, 157.82, 98, 5225
2026/09/17 20:32:23.792, 158.07, 100, 5225
2026/09/17 20:32:24.792, 157.89, 100, 5225
2026/09/17 20:32:25.792, 156.26, 98, 5225
2026/09/17 20:32:26.792, 157.95, 100, 5225
2026/09/17 20:32:27.793, 157.43, 100, 5225
2026/09/17 20:32:28.793, 157.26, 98, 5225
2026/09/17 20:32:29.793, 157.62, 100, 5225
2026/09/17 20:32:30.793, 157.48, 100, 5225
2026/09/17 20:32:31.793, 156.94, 98, 5225
2026/09/17 20:32:32.794, 157.60, 100, 5225
2026/09/17 20:32:33.794, 157.20, 100, 5225
2026/09/17 20:32:34.794, 156.95, 98, 5225
2026/09/17 20:32:35.794, 156.79, 100, 5225
2026/09/17 20:32:36.794, 157.50, 100, 5225
2026/09/17 20:32:37.795, 157.39, 98, 5225
2026/09/17 20:32:38.795, 158.47, 100, 5225
2026/09/17 20:32:39.795, 157.65, 100, 5225
2026/09/17 20:32:40.795, 157.15, 98, 5225
2026/09/17 20:32:41.795, 158.01, 100, 5225
2026/09/17 20:32:42.796, 157.64, 100, 5225
2026/09/17 20:32:43.796, 156.89, 98, 5225
2026/09/17 20:32:44.796, 157.66, 100, 5225
2026/09/17 20:32:45.796, 157.80, 100, 5225
2026/09/17 20:32:46.797, 157.15, 98, 5225
2026/09/17 20:32:47.797, 157.99, 100, 5225
2026/09/17 20:32:48.797, 158.07, 100, 5225
2026/09/17 20:32:49.797, 157.15, 98, 5225
2026/09/17 20:32:50.797, 157.72, 100, 5225
2026/09/17 20:32:51.798, 157.51, 100, 5225
2026/09/17 20:32:52.798, 157.20, 98, 5225
2026/09/17 20:32:53.798, 158.60, 100, 5225
2026/09/17 20:32:54.798, 157.60, 99, 5225
2026/09/17 20:32:55.798, 157.38, 98, 5225
2026/09/17 20:32:56.799, 158.46, 100, 5225
2026/09/17 20:32:57.799, 157.23, 98, 5225
2026/09/17 20:32:58.799, 157.38, 98, 5225
2026/09/17 20:32:59.799, 158.11, 100, 5225
2026/09/17 20:33:00.799, 157.43, 98, 5225
2026/09/17 20:33:01.800, 157.89, 99, 5225
2026/09/17 20:33:02.800, 158.05, 100, 5225
2026/09/17 20:33:03.800, 157.38, 98, 5225
2026/09/17 20:33:04.800, 158.03, 99, 5225
2026/09/17 20:33:05.801, 158.14, 100, 5225
2026/09/17 20:33:06.801, 157.52, 98, 5225
2026/09/17 20:33:07.801, 157.91, 100, 5225
2026/09/17 20:33:08.801, 158.13, 100, 5225
2026/09/17 20:33:09.802, 157.63, 97, 5225
2026/09/17 20:33:10.802, 158.09, 100, 5225
2026/09/17 20:33:11.802, 158.11, 100, 5225
2026/09/17 20:33:12.802, 157.19, 98, 5225
2026/09/17 20:33:13.803, 158.12, 100, 5225
2026/09/17 20:33:14.803, 157.91, 100, 5225
2026/09/17 20:33:15.803, 157.06, 98, 5225
2026/09/17 20:33:16.804, 158.21, 100, 5225
2026/09/17 20:33:17.804, 158.31, 100, 5225
2026/09/17 20:33:18.804, 156.89, 98, 5225
2026/09/17 20:33:19.804, 157.82, 100, 5225
2026/09/17 20:33:20.804, 158.00, 100, 5225
2026/09/17 20:33:21.805, 157.19, 98, 5225
2026/09/17 20:33:22.805, 158.13, 100, 5225
2026/09/17 20:33:23.805, 157.91, 100, 5225
2026/09/17 20:33:24.805, 157.12, 97, 5225
2026/09/17 20:33:25.806, 157.71, 100, 5225
2026/09/17 20:33:26.814, 158.24, 100, 5225
2026/09/17 20:33:27.815, 157.38, 98, 5225
2026/09/17 20:33:28.815, 157.69, 100, 5225
2026/09/17 20:33:29.815, 157.93, 100, 5225
2026/09/17 20:33:30.815, 157.14, 98, 5225
2026/09/17 20:33:31.817, 157.70, 100, 5225
2026/09/17 20:33:32.817, 157.87, 100, 5225
2026/09/17 20:33:33.817, 156.98, 98, 5225
2026/09/17 20:33:34.817, 157.72, 100, 5225
2026/09/17 20:33:35.817, 158.12, 100, 5225
2026/09/17 20:33:36.818, 157.74, 98, 5225
2026/09/17 20:33:37.818, 158.25, 100, 5225
2026/09/17 20:33:38.818, 158.01, 100, 5225
2026/09/17 20:33:39.818, 157.05, 98, 5225
2026/09/17 20:33:40.819, 157.74, 100, 5225
2026/09/17 20:33:41.819, 158.09, 100, 5225
2026/09/17 20:33:42.819, 157.13, 98, 5225
2026/09/17 20:33:43.819, 158.49, 100, 5225
2026/09/17 20:33:44.820, 158.08, 100, 5225
2026/09/17 20:33:45.820, 156.98, 98, 5225
2026/09/17 20:33:46.828, 157.87, 100, 5225
2026/09/17 20:33:47.829, 158.13, 100, 5225
2026/09/17 20:33:48.829, 156.90, 98, 5225
2026/09/17 20:33:49.829, 157.59, 100, 5225
2026/09/17 20:33:50.829, 157.77, 100, 5225
2026/09/17 20:33:51.829, 156.82, 98, 5225
2026/09/17 20:33:52.830, 157.77, 100, 5225
2026/09/17 20:33:53.830, 158.07, 100, 5225
2026/09/17 20:33:54.830, 156.97, 98, 5225
2026/09/17 20:33:55.830, 157.60, 100, 5225
2026/09/17 20:33:56.831, 156.88, 100, 5225
2026/09/17 20:33:57.831, 157.31, 98, 5225
2026/09/17 20:33:58.831, 158.54, 100, 5225
2026/09/17 20:33:59.831, 157.54, 99, 5225
2026/09/17 20:34:00.831, 157.26, 98, 5225
2026/09/17 20:34:01.832, 156.85, 100, 5225
2026/09/17 20:34:02.832, 157.95, 98, 5225
2026/09/17 20:34:03.832, 157.77, 100, 5225
2026/09/17 20:34:04.832, 157.66, 100, 5225
2026/09/17 20:34:05.833, 157.76, 98, 5225
2026/09/17 20:34:06.833, 157.74, 100, 5225
2026/09/17 20:34:07.833, 156.70, 100, 5225
2026/09/17 20:34:08.833, 157.58, 98, 5225
2026/09/17 20:34:09.834, 157.99, 100, 5225
2026/09/17 20:34:10.834, 157.65, 100, 5225
2026/09/17 20:34:11.834, 157.19, 98, 5225
2026/09/17 20:34:12.834, 156.83, 100, 5225
2026/09/17 20:34:13.834, 157.51, 100, 5225
2026/09/17 20:34:14.835, 157.60, 98, 5225
2026/09/17 20:34:15.835, 157.90, 100, 5225
2026/09/17 20:34:16.835, 157.67, 100, 5225
2026/09/17 20:34:17.835, 157.07, 98, 5225
2026/09/17 20:34:18.836, 157.48, 100, 5225
2026/09/17 20:34:19.836, 157.68, 100, 5225
2026/09/17 20:34:20.836, 157.11, 98, 5225
2026/09/17 20:34:21.836, 157.60, 100, 5225
2026/09/17 20:34:22.845, 157.79, 100, 5225
2026/09/17 20:34:23.845, 159.28, 99, 5225
2026/09/17 20:34:24.845, 160.81, 100, 5225
2026/09/17 20:34:25.846, 155.39, 100, 5225
2026/09/17 20:34:26.846, 157.13, 99, 5225
2026/09/17 20:34:27.846, 163.17, 100, 5225
2026/09/17 20:34:28.846, 155.30, 100, 5225
2026/09/17 20:34:29.847, 155.37, 100, 5225
2026/09/17 20:34:30.847, 162.19, 99, 5225
2026/09/17 20:34:31.847, 157.99, 99, 5225
2026/09/17 20:34:32.856, 155.20, 100, 5225
2026/09/17 20:34:33.856, 159.78, 100, 5225
2026/09/17 20:34:34.856, 160.34, 100, 5225
2026/09/17 20:34:35.856, 155.30, 99, 5225
2026/09/17 20:34:36.857, 157.92, 100, 5225
2026/09/17 20:34:37.865, 162.86, 100, 5225
2026/09/17 20:34:38.866, 155.51, 100, 5225
2026/09/17 20:34:39.866, 155.45, 98, 5225
2026/09/17 20:34:40.866, 162.85, 100, 5225
2026/09/17 20:34:41.866, 156.88, 100, 5225
2026/09/17 20:34:42.866, 155.20, 100, 5225
2026/09/17 20:34:43.867, 160.48, 99, 5225
2026/09/17 20:34:44.867, 159.13, 99, 5225
2026/09/17 20:34:45.867, 155.20, 100, 5225
2026/09/17 20:34:46.867, 158.00, 99, 5225
2026/09/17 20:34:47.868, 162.13, 100, 5225
2026/09/17 20:34:48.868, 155.43, 99, 5225
2026/09/17 20:34:49.868, 156.30, 100, 5225
2026/09/17 20:34:50.868, 163.53, 99, 5225
2026/09/17 20:34:51.868, 156.27, 100, 5225
2026/09/17 20:34:52.877, 155.16, 99, 5225
2026/09/17 20:34:53.877, 64.15, 0, 5225
2026/09/17 20:34:54.878, 150.62, 100, 5225
2026/09/17 20:34:55.878, 156.65, 98, 5225
2026/09/17 20:34:56.878, 157.90, 100, 5225
2026/09/17 20:34:57.878, 157.88, 100, 5225
2026/09/17 20:34:58.879, 157.00, 98, 5225
2026/09/17 20:34:59.879, 157.80, 100, 5225
2026/09/17 20:35:00.879, 157.86, 100, 5225
2026/09/17 20:35:01.879, 156.73, 98, 5225
2026/09/17 20:35:02.879, 157.70, 100, 5225
2026/09/17 20:35:03.879, 157.57, 100, 5225
2026/09/17 20:35:04.880, 156.71, 98, 5225
2026/09/17 20:35:05.880, 157.49, 100, 5225
2026/09/17 20:35:06.880, 157.63, 100, 5225
2026/09/17 20:35:07.880, 156.40, 97, 5225
2026/09/17 20:35:08.880, 157.38, 100, 5225
2026/09/17 20:35:09.881, 157.38, 100, 5225
2026/09/17 20:35:10.881, 156.71, 98, 5225
2026/09/17 20:35:11.881, 157.64, 100, 5225
2026/09/17 20:35:12.881, 157.76, 100, 5225
2026/09/17 20:35:13.882, 156.87, 98, 5225
2026/09/17 20:35:14.882, 157.70, 100, 5225
2026/09/17 20:35:15.882, 157.54, 98, 5225
2026/09/17 20:35:16.882, 157.29, 98, 5225
2026/09/17 20:35:17.882, 158.14, 100, 5225
2026/09/17 20:35:18.883, 157.92, 98, 5225
2026/09/17 20:35:19.883, 157.48, 99, 5225
2026/09/17 20:35:20.883, 157.77, 100, 5225
2026/09/17 20:35:21.883, 157.45, 98, 5225
2026/09/17 20:35:22.884, 157.32, 100, 5225
2026/09/17 20:35:23.884, 157.86, 100, 5225
2026/09/17 20:35:24.884, 158.30, 98, 5225
2026/09/17 20:35:25.884, 157.35, 100, 5225
2026/09/17 20:35:26.884, 157.82, 100, 5225
2026/09/17 20:35:27.885, 157.68, 98, 5225
2026/09/17 20:35:28.885, 157.49, 100, 5225
2026/09/17 20:35:29.885, 157.75, 100, 5225
2026/09/17 20:35:30.885, 157.38, 98, 5225
2026/09/17 20:35:31.886, 157.60, 100, 5225
2026/09/17 20:35:32.886, 157.53, 100, 5225
2026/09/17 20:35:33.886, 156.93, 98, 5225
2026/09/17 20:35:34.886, 157.28, 100, 5225
2026/09/17 20:35:35.886, 157.66, 100, 5225
2026/09/17 20:35:36.886, 157.31, 98, 5225
2026/09/17 20:35:37.887, 156.62, 100, 5225
2026/09/17 20:35:38.887, 157.63, 100, 5225
2026/09/17 20:35:39.887, 157.01, 98, 5225
2026/09/17 20:35:40.887, 157.37, 100, 5225
2026/09/17 20:35:41.888, 157.65, 100, 5225
2026/09/17 20:35:42.888, 155.90, 90, 5225
2026/09/17 20:35:43.888, 156.33, 100, 5225
2026/09/17 20:35:44.888, 157.71, 100, 5225
2026/09/17 20:35:45.888, 156.87, 98, 5225
2026/09/17 20:35:46.888, 157.64, 100, 5225
2026/09/17 20:35:47.889, 157.60, 99, 5225
2026/09/17 20:35:48.889, 157.00, 98, 5225
2026/09/17 20:35:49.889, 157.55, 100, 5225
2026/09/17 20:35:50.889, 157.84, 98, 5225
2026/09/17 20:35:51.889, 157.49, 98, 5225
2026/09/17 20:35:52.890, 158.45, 100, 5225
2026/09/17 20:35:53.890, 156.59, 98, 5225
2026/09/17 20:35:54.890, 157.54, 100, 5225
2026/09/17 20:35:55.890, 157.56, 100, 5225
2026/09/17 20:35:56.890, 157.75, 98, 5225
2026/09/17 20:35:57.891, 157.65, 100, 5225
2026/09/17 20:35:58.891, 157.54, 100, 5225
2026/09/17 20:35:59.891, 157.01, 98, 5225
2026/09/17 20:36:00.891, 157.72, 100, 5225
2026/09/17 20:36:01.891, 157.41, 100, 5225
2026/09/17 20:36:02.892, 157.26, 98, 5225
2026/09/17 20:36:03.892, 157.67, 100, 5225
2026/09/17 20:36:04.892, 157.60, 100, 5225
2026/09/17 20:36:05.892, 157.30, 98, 5225
2026/09/17 20:36:06.892, 157.93, 100, 5225
2026/09/17 20:36:07.893, 157.73, 100, 5225
2026/09/17 20:36:08.893, 155.89, 98, 5225
2026/09/17 20:36:09.893, 157.81, 100, 5225
2026/09/17 20:36:10.893, 157.55, 100, 5225
2026/09/17 20:36:11.893, 157.15, 98, 5225
2026/09/17 20:36:12.894, 157.66, 100, 5225
2026/09/17 20:36:13.894, 157.46, 100, 5225
2026/09/17 20:36:14.894, 157.82, 98, 5225
2026/09/17 20:36:15.894, 158.36, 100, 5225
2026/09/17 20:36:16.894, 157.64, 100, 5225
2026/09/17 20:36:17.895, 157.13, 98, 5225
2026/09/17 20:36:18.895, 158.57, 100, 5225
2026/09/17 20:36:19.895, 157.62, 98, 5225
2026/09/17 20:36:20.895, 157.98, 98, 5225
2026/09/17 20:36:21.895, 158.26, 100, 5225
2026/09/17 20:36:22.896, 157.63, 98, 5225
2026/09/17 20:36:23.896, 157.84, 100, 5225
2026/09/17 20:36:24.896, 158.12, 100, 5225
2026/09/17 20:36:25.896, 157.57, 98, 5225
2026/09/17 20:36:26.896, 157.72, 100, 5225
2026/09/17 20:36:27.897, 158.01, 100, 5225
2026/09/17 20:36:28.897, 157.11, 98, 5225
2026/09/17 20:36:29.897, 157.79, 100, 5225
2026/09/17 20:36:30.897, 158.01, 100, 5225
2026/09/17 20:36:31.898, 157.03, 98, 5225
2026/09/17 20:36:32.898, 158.29, 100, 5225
2026/09/17 20:36:33.898, 157.97, 100, 5225
2026/09/17 20:36:34.898, 157.13, 98, 5225
2026/09/17 20:36:35.898, 157.85, 100, 5225
2026/09/17 20:36:36.899, 157.75, 100, 5225
2026/09/17 20:36:37.899, 156.89, 98, 5225
2026/09/17 20:36:38.899, 157.96, 100, 5225
2026/09/17 20:36:39.899, 157.68, 100, 5225
2026/09/17 20:36:40.899, 156.87, 98, 5225
2026/09/17 20:36:41.900, 157.74, 100, 5225
2026/09/17 20:36:42.900, 157.79, 100, 5225
2026/09/17 20:36:43.900, 156.66, 98, 5225
2026/09/17 20:36:44.900, 157.68, 100, 5225
2026/09/17 20:36:45.901, 157.85, 100, 5225
2026/09/17 20:36:46.901, 156.54, 98, 5225
2026/09/17 20:36:47.901, 157.41, 100, 5225
2026/09/17 20:36:48.901, 157.78, 100, 5225
2026/09/17 20:36:49.901, 156.55, 98, 5225
2026/09/17 20:36:50.902, 157.50, 100, 5225
2026/09/17 20:36:51.902, 157.79, 100, 5225
2026/09/17 20:36:52.902, 156.96, 98, 5225
2026/09/17 20:36:53.902, 157.73, 100, 5225
2026/09/17 20:36:54.902, 157.85, 100, 5225
2026/09/17 20:36:55.903, 157.49, 98, 5225
2026/09/17 20:36:56.903, 158.39, 100, 5225
2026/09/17 20:36:57.903, 157.83, 99, 5225
2026/09/17 20:36:58.903, 156.87, 98, 5225
2026/09/17 20:36:59.903, 157.38, 100, 5225
2026/09/17 20:37:00.904, 157.51, 98, 5225
2026/09/17 20:37:01.904, 157.21, 99, 5225
2026/09/17 20:37:02.904, 157.62, 100, 5225
2026/09/17 20:37:03.904, 156.08, 89, 5225
2026/09/17 20:37:04.905, 156.56, 100, 5225
2026/09/17 20:37:05.905, 157.73, 100, 5225
2026/09/17 20:37:06.905, 157.47, 98, 5225
2026/09/17 20:37:07.905, 157.57, 100, 5225
2026/09/17 20:37:08.905, 157.67, 100, 5225
2026/09/17 20:37:09.906, 156.32, 98, 5225
2026/09/17 20:37:10.906, 157.55, 100, 5225
2026/09/17 20:37:11.906, 157.39, 100, 5225
2026/09/17 20:37:12.906, 156.96, 98, 5225
2026/09/17 20:37:13.907, 157.30, 100, 5225
2026/09/17 20:37:14.907, 156.05, 100, 5225
2026/09/17 20:37:15.907, 156.83, 98, 5225
2026/09/17 20:37:16.907, 157.19, 100, 5225
2026/09/17 20:37:17.907, 157.30, 100, 5225
2026/09/17 20:37:18.908, 156.99, 98, 5225
2026/09/17 20:37:19.916, 157.24, 100, 5225
2026/09/17 20:37:20.916, 157.29, 100, 5225
2026/09/17 20:37:21.917, 156.97, 98, 5225
2026/09/17 20:37:22.917, 157.48, 100, 5225
2026/09/17 20:37:23.917, 157.37, 100, 5225
2026/09/17 20:37:24.917, 156.85, 98, 5225
2026/09/17 20:37:25.917, 157.91, 100, 5225
2026/09/17 20:37:26.918, 156.20, 90, 5225
2026/09/17 20:37:27.918, 156.56, 99, 5225
2026/09/17 20:37:28.918, 157.29, 100, 5225
2026/09/17 20:37:29.918, 157.17, 98, 5225
2026/09/17 20:37:30.918, 157.48, 100, 5225
2026/09/17 20:37:31.919, 157.16, 100, 5225
2026/09/17 20:37:32.919, 155.84, 98, 5225
2026/09/17 20:37:33.919, 157.44, 100, 5225
2026/09/17 20:37:34.919, 157.48, 100, 5225
2026/09/17 20:37:35.920, 157.16, 98, 5225
2026/09/17 20:37:36.920, 157.76, 100, 5225
2026/09/17 20:37:37.920, 157.88, 100, 5225
2026/09/17 20:37:38.920, 156.77, 98, 5225
2026/09/17 20:37:39.920, 158.19, 100, 5225
2026/09/17 20:37:40.921, 157.46, 100, 5225
2026/09/17 20:37:41.921, 157.18, 98, 5225
2026/09/17 20:37:42.921, 157.68, 100, 5225
2026/09/17 20:37:43.921, 157.75, 100, 5225
2026/09/17 20:37:44.921, 157.12, 98, 5225
2026/09/17 20:37:45.930, 158.18, 100, 5225
2026/09/17 20:37:46.930, 157.87, 100, 5225
2026/09/17 20:37:47.930, 157.14, 98, 5225
2026/09/17 20:37:48.931, 157.79, 100, 5225
2026/09/17 20:37:49.931, 157.73, 100, 5225
2026/09/17 20:37:50.940, 157.15, 98, 5225
2026/09/17 20:37:51.940, 158.16, 100, 5225
2026/09/17 20:37:52.940, 158.07, 100, 5225
2026/09/17 20:37:53.940, 157.37, 98, 5225
2026/09/17 20:37:54.941, 158.12, 100, 5225
2026/09/17 20:37:55.949, 157.90, 100, 5225
2026/09/17 20:37:56.949, 157.39, 98, 5225
2026/09/17 20:37:57.950, 158.41, 100, 5225
2026/09/17 20:37:58.950, 157.69, 100, 5225
2026/09/17 20:37:59.950, 156.96, 98, 5225
2026/09/17 20:38:00.959, 157.22, 100, 5225
2026/09/17 20:38:01.959, 157.78, 100, 5225
2026/09/17 20:38:02.959, 156.98, 98, 5225
2026/09/17 20:38:03.959, 158.24, 100, 5225
2026/09/17 20:38:04.959, 157.56, 100, 5225
2026/09/17 20:38:05.960, 156.87, 98, 5225
2026/09/17 20:38:06.960, 157.80, 100, 5225
2026/09/17 20:38:07.960, 157.89, 100, 5225
2026/09/17 20:38:08.960, 157.34, 98, 5225
2026/09/17 20:38:09.960, 157.73, 100, 5225
2026/09/17 20:38:10.961, 157.71, 100, 5225
2026/09/17 20:38:11.961, 156.98, 98, 5225
2026/09/17 20:38:12.961, 157.82, 100, 5225
2026/09/17 20:38:13.961, 157.40, 100, 5225
2026/09/17 20:38:14.962, 157.01, 98, 5225
2026/09/17 20:38:15.962, 158.15, 100, 5225
2026/09/17 20:38:16.962, 157.64, 100, 5225
2026/09/17 20:38:17.962, 157.63, 98, 5225
2026/09/17 20:38:18.962, 158.52, 100, 5225
2026/09/17 20:38:19.963, 157.53, 100, 5225
2026/09/17 20:38:20.963, 157.13, 98, 5225
2026/09/17 20:38:21.963, 158.64, 100, 5225
2026/09/17 20:38:22.963, 157.74, 99, 5225
2026/09/17 20:38:23.963, 157.41, 98, 5225
2026/09/17 20:38:24.964, 158.58, 100, 5225
2026/09/17 20:38:25.964, 157.53, 98, 5225
2026/09/17 20:38:26.964, 157.58, 99, 5225
2026/09/17 20:38:27.964, 158.10, 100, 5225
2026/09/17 20:38:28.965, 157.30, 98, 5225
2026/09/17 20:38:29.965, 157.57, 99, 5225
2026/09/17 20:38:30.973, 157.79, 100, 5225
2026/09/17 20:38:31.974, 157.33, 98, 5225
2026/09/17 20:38:32.974, 158.05, 100, 5225
2026/09/17 20:38:33.974, 158.42, 100, 5225
2026/09/17 20:38:34.974, 157.43, 98, 5225
2026/09/17 20:38:35.974, 157.77, 100, 5225
2026/09/17 20:38:36.975, 158.15, 100, 5225
2026/09/17 20:38:37.975, 157.49, 98, 5225
2026/09/17 20:38:38.975, 157.53, 100, 5225
2026/09/17 20:38:39.975, 157.83, 100, 5225
2026/09/17 20:38:40.976, 156.32, 98, 5225
2026/09/17 20:38:41.976, 157.74, 100, 5225
2026/09/17 20:38:42.976, 157.83, 100, 5225
2026/09/17 20:38:43.976, 158.13, 98, 5225
2026/09/17 20:38:44.977, 157.74, 100, 5225
2026/09/17 20:38:45.977, 156.68, 100, 5225
2026/09/17 20:38:46.977, 157.05, 97, 5225
2026/09/17 20:38:47.977, 157.74, 100, 5225
2026/09/17 20:38:48.977, 158.05, 100, 5225
2026/09/17 20:38:49.978, 157.12, 98, 5225
2026/09/17 20:38:50.978, 157.79, 100, 5225
2026/09/17 20:38:51.978, 156.98, 100, 5225
2026/09/17 20:38:52.978, 163.09, 99, 5225
2026/09/17 20:38:53.979, 156.35, 100, 5225
2026/09/17 20:38:54.979, 154.97, 99, 5225
2026/09/17 20:38:55.979, 161.59, 100, 5225
2026/09/17 20:38:56.979, 158.14, 100, 5225
2026/09/17 20:38:57.979, 155.15, 100, 5225
2026/09/17 20:38:58.980, 158.91, 100, 5225
2026/09/17 20:38:59.980, 161.26, 99, 5225
2026/09/17 20:39:00.980, 155.11, 100, 5225
2026/09/17 20:39:01.989, 156.63, 99, 5225
2026/09/17 20:39:02.989, 163.55, 100, 5225
2026/09/17 20:39:03.989, 156.06, 99, 5225
2026/09/17 20:39:04.989, 155.15, 100, 5225
2026/09/17 20:39:05.990, 162.38, 99, 5225
2026/09/17 20:39:06.998, 158.40, 100, 5225
2026/09/17 20:39:07.999, 155.26, 99, 5225
2026/09/17 20:39:08.999, 159.68, 99, 5225
2026/09/17 20:39:09.999, 160.41, 100, 5225
2026/09/17 20:39:10.999, 155.21, 100, 5225
2026/09/17 20:39:11.999, 157.12, 100, 5225
2026/09/17 20:39:13.000, 162.72, 100, 5225
2026/09/17 20:39:14.000, 155.23, 100, 5225
2026/09/17 20:39:15.000, 154.99, 100, 5225
2026/09/17 20:39:16.000, 162.12, 100, 5225
2026/09/17 20:39:17.009, 157.24, 99, 5225
2026/09/17 20:39:18.009, 155.18, 100, 5225
2026/09/17 20:39:19.009, 160.39, 100, 5225
2026/09/17 20:39:20.010, 160.04, 100, 5225
2026/09/17 20:39:21.010, 154.80, 99, 5225
2026/09/17 20:39:22.010, 115.45, 29, 5225
2026/09/17 20:39:23.010, 87.85, 100, 5225
2026/09/17 20:39:24.010, 157.51, 100, 5225
2026/09/17 20:39:25.011, 156.74, 97, 5225
2026/09/17 20:39:26.011, 157.62, 100, 5225
2026/09/17 20:39:27.020, 157.27, 98, 5225
2026/09/17 20:39:28.020, 157.67, 99, 5225
2026/09/17 20:39:29.020, 158.06, 100, 5225
2026/09/17 20:39:30.020, 157.61, 98, 5225
2026/09/17 20:39:31.020, 157.59, 99, 5225
2026/09/17 20:39:32.029, 157.28, 100, 5225
2026/09/17 20:39:33.029, 157.23, 98, 5225
2026/09/17 20:39:34.029, 157.77, 100, 5225
2026/09/17 20:39:35.030, 158.02, 100, 5225
2026/09/17 20:39:36.030, 157.71, 98, 5225
2026/09/17 20:39:37.039, 158.33, 100, 5225
2026/09/17 20:39:38.039, 158.24, 100, 5225
2026/09/17 20:39:39.039, 157.94, 97, 5225
2026/09/17 20:39:40.039, 157.74, 100, 5225
2026/09/17 20:39:41.039, 158.22, 100, 5225
2026/09/17 20:39:42.048, 157.90, 98, 5225
2026/09/17 20:39:43.048, 157.83, 100, 5225
2026/09/17 20:39:44.048, 158.35, 100, 5225
2026/09/17 20:39:45.049, 157.41, 98, 5225
2026/09/17 20:39:46.049, 158.05, 100, 5225
2026/09/17 20:39:47.058, 157.91, 100, 5225
2026/09/17 20:39:48.058, 157.36, 98, 5225
2026/09/17 20:39:49.058, 158.02, 100, 5225
2026/09/17 20:39:50.058, 157.48, 100, 5225
2026/09/17 20:39:51.058, 156.98, 98, 5225
2026/09/17 20:39:52.067, 157.69, 100, 5225
2026/09/17 20:39:53.067, 157.95, 100, 5225
2026/09/17 20:39:54.068, 157.70, 98, 5225
2026/09/17 20:39:55.068, 157.90, 100, 5225
2026/09/17 20:39:56.068, 157.57, 100, 5225
2026/09/17 20:39:57.076, 156.07, 98, 5225
2026/09/17 20:39:58.076, 158.15, 100, 5225
2026/09/17 20:39:59.076, 157.62, 100, 5225
2026/09/17 20:40:00.076, 157.09, 98, 5225
2026/09/17 20:40:01.077, 157.48, 100, 5225
2026/09/17 20:40:02.085, 158.01, 100, 5225
2026/09/17 20:40:03.085, 157.79, 98, 5225
2026/09/17 20:40:04.086, 157.78, 100, 5225
2026/09/17 20:40:05.086, 157.78, 100, 5225
2026/09/17 20:40:06.086, 157.06, 98, 5225
2026/09/17 20:40:07.087, 158.53, 100, 5225
2026/09/17 20:40:08.087, 157.72, 100, 5225
2026/09/17 20:40:09.087, 157.53, 98, 5225
2026/09/17 20:40:10.087, 158.40, 100, 5225
2026/09/17 20:40:11.088, 157.53, 100, 5225
2026/09/17 20:40:12.088, 156.66, 98, 5225
2026/09/17 20:40:13.088, 158.05, 100, 5225
2026/09/17 20:40:14.088, 157.83, 100, 5225
2026/09/17 20:40:15.088, 157.23, 98, 5225
2026/09/17 20:40:16.089, 158.10, 100, 5225
2026/09/17 20:40:17.089, 156.76, 100, 5225
2026/09/17 20:40:18.089, 156.72, 98, 5225
2026/09/17 20:40:19.089, 157.57, 100, 5225
2026/09/17 20:40:20.089, 157.34, 100, 5225
2026/09/17 20:40:21.090, 156.91, 98, 5225
2026/09/17 20:40:22.090, 156.55, 100, 5225
2026/09/17 20:40:23.090, 157.15, 98, 5225
2026/09/17 20:40:24.090, 157.37, 99, 5225
2026/09/17 20:40:25.091, 157.87, 100, 5225
2026/09/17 20:40:26.091, 157.42, 98, 5225
2026/09/17 20:40:27.091, 156.60, 100, 5225
2026/09/17 20:40:28.091, 157.61, 100, 5225
2026/09/17 20:40:29.091, 157.49, 98, 5225
2026/09/17 20:40:30.092, 157.64, 100, 5225
2026/09/17 20:40:31.092, 157.80, 100, 5225
2026/09/17 20:40:32.092, 157.22, 98, 5225
2026/09/17 20:40:33.092, 157.37, 100, 5225
2026/09/17 20:40:34.093, 157.69, 100, 5225
2026/09/17 20:40:35.093, 157.00, 98, 5225
2026/09/17 20:40:36.093, 157.79, 100, 5225
2026/09/17 20:40:37.093, 157.91, 100, 5225
2026/09/17 20:40:38.093, 157.18, 98, 5225
2026/09/17 20:40:39.094, 157.47, 100, 5225
2026/09/17 20:40:40.094, 157.82, 100, 5225
2026/09/17 20:40:41.094, 157.15, 98, 5225
2026/09/17 20:40:42.094, 157.56, 100, 5225
2026/09/17 20:40:43.094, 157.87, 100, 5225
2026/09/17 20:40:44.095, 157.86, 98, 5225
2026/09/17 20:40:45.095, 157.68, 100, 5225
2026/09/17 20:40:46.095, 157.80, 100, 5225
2026/09/17 20:40:47.095, 157.60, 98, 5225
2026/09/17 20:40:48.104, 157.45, 100, 5225
2026/09/17 20:40:49.104, 157.49, 100, 5225
2026/09/17 20:40:50.104, 157.58, 98, 5225
2026/09/17 20:40:51.105, 158.19, 100, 5225
2026/09/17 20:40:52.105, 158.01, 99, 5225
2026/09/17 20:40:53.113, 157.34, 98, 5225
2026/09/17 20:40:54.114, 158.02, 100, 5225
2026/09/17 20:40:55.114, 157.36, 98, 5225
2026/09/17 20:40:56.114, 157.57, 99, 5225
2026/09/17 20:40:57.114, 157.39, 100, 5225
2026/09/17 20:40:58.115, 157.61, 98, 5225
2026/09/17 20:40:59.115, 157.64, 100, 5225
2026/09/17 20:41:00.115, 157.56, 100, 5225
2026/09/17 20:41:01.115, 157.47, 98, 5225
2026/09/17 20:41:02.115, 157.94, 100, 5225
2026/09/17 20:41:03.115, 157.71, 100, 5225
2026/09/17 20:41:04.116, 157.91, 98, 5225
2026/09/17 20:41:05.116, 157.95, 100, 5225
2026/09/17 20:41:06.116, 157.33, 100, 5225
2026/09/17 20:41:07.116, 157.40, 98, 5225
2026/09/17 20:41:08.117, 157.63, 100, 5225
2026/09/17 20:41:09.117, 157.82, 100, 5225
2026/09/17 20:41:10.117, 157.35, 98, 5225
2026/09/17 20:41:11.117, 157.92, 100, 5225
2026/09/17 20:41:12.117, 157.75, 100, 5225
2026/09/17 20:41:13.118, 157.22, 98, 5225
2026/09/17 20:41:14.118, 158.34, 100, 5225
2026/09/17 20:41:15.118, 157.71, 100, 5225
2026/09/17 20:41:16.118, 157.35, 98, 5225
2026/09/17 20:41:17.118, 157.74, 100, 5225
2026/09/17 20:41:18.127, 157.53, 100, 5225
2026/09/17 20:41:19.127, 157.22, 98, 5225
2026/09/17 20:41:20.127, 157.72, 100, 5225
2026/09/17 20:41:21.127, 157.39, 100, 5225
2026/09/17 20:41:22.128, 157.02, 98, 5225
2026/09/17 20:41:23.136, 157.81, 100, 5225
2026/09/17 20:41:24.137, 157.49, 99, 5225
2026/09/17 20:41:25.137, 157.56, 98, 5225
2026/09/17 20:41:26.137, 157.79, 100, 5225
2026/09/17 20:41:27.137, 157.44, 98, 5225
2026/09/17 20:41:28.145, 156.59, 100, 5225
2026/09/17 20:41:29.145, 157.63, 100, 5225
2026/09/17 20:41:30.145, 157.38, 98, 5225
2026/09/17 20:41:31.145, 158.42, 100, 5225
2026/09/17 20:41:32.145, 158.00, 100, 5225
2026/09/17 20:41:33.154, 157.57, 98, 5225
2026/09/17 20:41:34.154, 158.19, 100, 5225
2026/09/17 20:41:35.155, 157.76, 100, 5225
2026/09/17 20:41:36.155, 157.15, 98, 5225
2026/09/17 20:41:37.155, 158.02, 100, 5225
2026/09/17 20:41:38.164, 157.90, 100, 5225
2026/09/17 20:41:39.164, 157.15, 98, 5225
2026/09/17 20:41:40.164, 157.63, 100, 5225
2026/09/17 20:41:41.164, 157.78, 100, 5225
2026/09/17 20:41:42.165, 157.09, 98, 5225
2026/09/17 20:41:43.165, 157.81, 100, 5225
2026/09/17 20:41:44.165, 157.95, 100, 5225
2026/09/17 20:41:45.165, 157.66, 98, 5225
2026/09/17 20:41:46.166, 158.30, 100, 5225
2026/09/17 20:41:47.166, 157.79, 100, 5225
2026/09/17 20:41:48.166, 157.46, 98, 5225
2026/09/17 20:41:49.166, 157.31, 100, 5225
2026/09/17 20:41:50.167, 157.62, 100, 5225
2026/09/17 20:41:51.167, 156.89, 98, 5225
2026/09/17 20:41:52.167, 157.15, 100, 5225
2026/09/17 20:41:53.167, 158.08, 99, 5225
2026/09/17 20:41:54.167, 157.78, 98, 5225
2026/09/17 20:41:55.168, 157.69, 100, 5225
2026/09/17 20:41:56.168, 158.41, 98, 5225
2026/09/17 20:41:57.168, 157.92, 98, 5225
2026/09/17 20:41:58.168, 157.21, 100, 5225
2026/09/17 20:41:59.169, 158.56, 98, 5225
2026/09/17 20:42:00.169, 157.64, 100, 5225
2026/09/17 20:42:01.169, 157.72, 98, 5225
2026/09/17 20:42:02.169, 157.98, 98, 5225
2026/09/17 20:42:03.169, 157.63, 98, 5225
2026/09/17 20:42:04.170, 157.84, 100, 5225
2026/09/17 20:42:05.170, 158.29, 100, 5225
2026/09/17 20:42:06.170, 157.26, 98, 5225
2026/09/17 20:42:07.170, 157.72, 100, 5225
2026/09/17 20:42:08.170, 156.80, 100, 5225
2026/09/17 20:42:09.171, 157.04, 98, 5225
2026/09/17 20:42:10.171, 157.85, 100, 5225
2026/09/17 20:42:11.171, 158.01, 100, 5225
2026/09/17 20:42:12.171, 157.03, 98, 5225
2026/09/17 20:42:13.171, 158.31, 100, 5225
2026/09/17 20:42:14.172, 157.26, 100, 5225
2026/09/17 20:42:15.172, 157.06, 98, 5225
2026/09/17 20:42:16.172, 157.99, 100, 5225
2026/09/17 20:42:17.172, 157.94, 100, 5225
2026/09/17 20:42:18.173, 157.01, 97, 5225
2026/09/17 20:42:19.181, 158.27, 100, 5225
2026/09/17 20:42:20.181, 158.19, 100, 5225
2026/09/17 20:42:21.182, 156.99, 98, 5225
2026/09/17 20:42:22.182, 157.95, 100, 5225
2026/09/17 20:42:23.182, 158.12, 100, 5225
2026/09/17 20:42:24.182, 157.17, 98, 5225
2026/09/17 20:42:25.182, 157.92, 100, 5225
2026/09/17 20:42:26.183, 157.82, 100, 5225
2026/09/17 20:42:27.183, 156.85, 98, 5225
2026/09/17 20:42:28.183, 158.72, 100, 5225
2026/09/17 20:42:29.183, 158.18, 100, 5225
2026/09/17 20:42:30.183, 156.97, 98, 5225
2026/09/17 20:42:31.184, 157.93, 100, 5225
2026/09/17 20:42:32.184, 158.12, 100, 5225
2026/09/17 20:42:33.184, 156.02, 98, 5225
2026/09/17 20:42:34.184, 157.69, 100, 5225
2026/09/17 20:42:35.185, 157.90, 100, 5225
2026/09/17 20:42:36.185, 157.42, 98, 5225
2026/09/17 20:42:37.185, 158.43, 100, 5225
2026/09/17 20:42:38.185, 156.59, 90, 5225
2026/09/17 20:42:39.186, 156.44, 100, 5225
2026/09/17 20:42:40.186, 157.46, 100, 5225
2026/09/17 20:42:41.186, 157.31, 98, 5225
2026/09/17 20:42:42.186, 157.63, 100, 5225
2026/09/17 20:42:43.186, 157.62, 100, 5225
2026/09/17 20:42:44.187, 156.04, 98, 5225
2026/09/17 20:42:45.187, 157.59, 100, 5225
2026/09/17 20:42:46.187, 158.00, 100, 5225
2026/09/17 20:42:47.187, 157.10, 98, 5225
2026/09/17 20:42:48.187, 157.71, 100, 5225
2026/09/17 20:42:49.188, 158.08, 100, 5225
2026/09/17 20:42:50.188, 157.14, 98, 5225
2026/09/17 20:42:51.188, 157.65, 100, 5225
2026/09/17 20:42:52.188, 157.65, 100, 5225
2026/09/17 20:42:53.188, 157.40, 98, 5225
2026/09/17 20:42:54.197, 158.00, 100, 5225
2026/09/17 20:42:55.197, 157.97, 100, 5225
2026/09/17 20:42:56.197, 157.49, 98, 5225
2026/09/17 20:42:57.198, 157.47, 100, 5225
2026/09/17 20:42:58.198, 157.76, 100, 5225
2026/09/17 20:42:59.198, 157.07, 98, 5225
2026/09/17 20:43:00.198, 157.63, 100, 5225
2026/09/17 20:43:01.199, 157.77, 100, 5225
2026/09/17 20:43:02.199, 157.68, 98, 5225
2026/09/17 20:43:03.199, 157.73, 100, 5225
2026/09/17 20:43:04.199, 158.11, 100, 5225
2026/09/17 20:43:05.199, 157.61, 98, 5225
2026/09/17 20:43:06.200, 157.64, 100, 5225
2026/09/17 20:43:07.200, 158.32, 100, 5225
2026/09/17 20:43:08.200, 157.22, 98, 5225
2026/09/17 20:43:09.209, 158.20, 100, 5225
2026/09/17 20:43:10.209, 158.08, 100, 5225
2026/09/17 20:43:11.209, 158.26, 98, 5225
2026/09/17 20:43:12.209, 157.52, 100, 5225
2026/09/17 20:43:13.209, 157.63, 100, 5225
2026/09/17 20:43:14.211, 155.96, 98, 5225
2026/09/17 20:43:15.211, 157.94, 100, 5225
2026/09/17 20:43:16.211, 158.55, 100, 5225
2026/09/17 20:43:17.212, 157.36, 98, 5225
2026/09/17 20:43:18.212, 157.49, 100, 5225
2026/09/17 20:43:19.220, 157.80, 100, 5225
2026/09/17 20:43:20.221, 161.26, 100, 5225
2026/09/17 20:43:21.221, 158.44, 100, 5225
2026/09/17 20:43:22.221, 155.28, 100, 5225
2026/09/17 20:43:23.221, 159.00, 99, 5225
2026/09/17 20:43:24.221, 161.27, 99, 5225
2026/09/17 20:43:25.222, 155.32, 100, 5225
2026/09/17 20:43:26.222, 156.78, 99, 5225
2026/09/17 20:43:27.222, 163.41, 100, 5225
2026/09/17 20:43:28.222, 155.37, 99, 5225
2026/09/17 20:43:29.222, 155.29, 100, 5225
2026/09/17 20:43:30.223, 161.71, 99, 5225
2026/09/17 20:43:31.223, 158.40, 99, 5225
2026/09/17 20:43:32.223, 155.41, 99, 5225
2026/09/17 20:43:33.223, 160.31, 99, 5225
2026/09/17 20:43:34.224, 160.34, 100, 5225
2026/09/17 20:43:35.224, 155.44, 100, 5225
2026/09/17 20:43:36.224, 157.26, 100, 5225
2026/09/17 20:43:37.224, 162.70, 100, 5225
2026/09/17 20:43:38.224, 155.43, 100, 5225
2026/09/17 20:43:39.225, 155.21, 100, 5225
2026/09/17 20:43:40.225, 163.09, 100, 5225
2026/09/17 20:43:41.225, 157.62, 99, 5225
2026/09/17 20:43:42.225, 155.13, 100, 5225
2026/09/17 20:43:43.225, 160.60, 100, 5225
2026/09/17 20:43:44.226, 159.30, 99, 5225
2026/09/17 20:43:45.226, 155.15, 99, 5225
2026/09/17 20:43:46.226, 157.97, 99, 5225
2026/09/17 20:43:47.226, 162.13, 100, 5225
2026/09/17 20:43:48.227, 154.97, 99, 5225
2026/09/17 20:43:49.227, 146.37, 47, 5225
2026/09/17 20:43:50.227, 56.66, 100, 5225
2026/09/17 20:43:51.227, 157.38, 100, 5225
2026/09/17 20:43:52.227, 156.71, 98, 5225
2026/09/17 20:43:53.228, 157.51, 100, 5225
2026/09/17 20:43:54.228, 157.30, 100, 5225
2026/09/17 20:43:55.228, 156.38, 98, 5225
2026/09/17 20:43:56.228, 157.31, 100, 5225
2026/09/17 20:43:57.229, 157.32, 100, 5225
2026/09/17 20:43:58.229, 156.50, 98, 5225
2026/09/17 20:43:59.229, 157.47, 100, 5225
2026/09/17 20:44:00.229, 157.32, 100, 5225
2026/09/17 20:44:01.230, 156.65, 89, 5225
2026/09/17 20:44:02.230, 157.94, 100, 5225
2026/09/17 20:44:03.230, 156.94, 98, 5225
2026/09/17 20:44:04.230, 157.53, 99, 5225
2026/09/17 20:44:05.230, 157.53, 100, 5225
2026/09/17 20:44:06.231, 157.57, 98, 5225
2026/09/17 20:44:07.239, 157.37, 100, 5225
2026/09/17 20:44:08.240, 157.65, 100, 5225
2026/09/17 20:44:09.240, 157.46, 98, 5225
2026/09/17 20:44:10.240, 157.34, 100, 5225
2026/09/17 20:44:11.240, 157.80, 100, 5225
2026/09/17 20:44:12.249, 157.65, 98, 5225
2026/09/17 20:44:13.249, 157.45, 100, 5225
2026/09/17 20:44:14.249, 157.77, 100, 5225
2026/09/17 20:44:15.250, 156.95, 98, 5225
2026/09/17 20:44:16.250, 157.09, 100, 5225
2026/09/17 20:44:17.258, 157.47, 100, 5225
2026/09/17 20:44:18.259, 157.36, 98, 5225
2026/09/17 20:44:19.259, 157.26, 100, 5225
2026/09/17 20:44:20.259, 157.62, 100, 5225
2026/09/17 20:44:21.259, 157.09, 98, 5225
2026/09/17 20:44:22.260, 157.34, 100, 5225
2026/09/17 20:44:23.260, 158.14, 100, 5225
2026/09/17 20:44:24.260, 157.75, 98, 5225
2026/09/17 20:44:25.260, 157.96, 100, 5225
2026/09/17 20:44:26.260, 157.99, 100, 5225
2026/09/17 20:44:27.261, 157.62, 98, 5225
2026/09/17 20:44:28.261, 157.41, 100, 5225
2026/09/17 20:44:29.261, 157.73, 100, 5225
2026/09/17 20:44:30.261, 157.10, 98, 5225
2026/09/17 20:44:31.262, 157.49, 100, 5225
2026/09/17 20:44:32.270, 157.87, 100, 5225
2026/09/17 20:44:33.270, 157.05, 98, 5225
2026/09/17 20:44:34.271, 158.46, 100, 5225
2026/09/17 20:44:35.271, 158.07, 100, 5225
2026/09/17 20:44:36.271, 157.07, 98, 5225
2026/09/17 20:44:37.280, 156.58, 100, 5225
2026/09/17 20:44:38.280, 157.80, 100, 5225
2026/09/17 20:44:39.281, 157.22, 98, 5225
2026/09/17 20:44:40.281, 157.09, 100, 5225
2026/09/17 20:44:41.281, 157.63, 100, 5225
2026/09/17 20:44:42.281, 156.73, 98, 5225
2026/09/17 20:44:43.281, 157.29, 100, 5225
2026/09/17 20:44:44.281, 157.59, 100, 5225
2026/09/17 20:44:45.282, 157.71, 98, 5225
2026/09/17 20:44:46.282, 157.17, 100, 5225
2026/09/17 20:44:47.282, 157.93, 100, 5225
2026/09/17 20:44:48.282, 157.52, 98, 5225
2026/09/17 20:44:49.282, 157.14, 100, 5225
2026/09/17 20:44:50.283, 157.70, 100, 5225
2026/09/17 20:44:51.283, 156.77, 98, 5225
2026/09/17 20:44:52.283, 157.39, 100, 5225
2026/09/17 20:44:53.283, 157.74, 100, 5225
2026/09/17 20:44:54.283, 156.92, 98, 5225
2026/09/17 20:44:55.284, 157.40, 100, 5225
2026/09/17 20:44:56.284, 157.63, 100, 5225
2026/09/17 20:44:57.284, 156.90, 98, 5225
2026/09/17 20:44:58.284, 157.62, 100, 5225
2026/09/17 20:44:59.285, 157.73, 99, 5225
2026/09/17 20:45:00.285, 157.29, 98, 5225
2026/09/17 20:45:01.285, 157.67, 100, 5225
2026/09/17 20:45:02.285, 157.65, 98, 5225
2026/09/17 20:45:03.285, 157.55, 98, 5225
2026/09/17 20:45:04.286, 158.46, 100, 5225
2026/09/17 20:45:05.286, 158.21, 99, 5225
2026/09/17 20:45:06.286, 157.19, 98, 5225
2026/09/17 20:45:07.286, 156.54, 100, 5225
2026/09/17 20:45:08.286, 157.24, 98, 5225
2026/09/17 20:45:09.287, 157.65, 100, 5225
2026/09/17 20:45:10.287, 157.23, 100, 5225
2026/09/17 20:45:11.287, 156.92, 98, 5225
2026/09/17 20:45:12.287, 157.27, 100, 5225
2026/09/17 20:45:13.287, 157.27, 100, 5225
2026/09/17 20:45:14.288, 157.15, 98, 5225
2026/09/17 20:45:15.288, 157.66, 100, 5225
2026/09/17 20:45:16.288, 157.19, 100, 5225
2026/09/17 20:45:17.288, 155.82, 89, 5225
2026/09/17 20:45:18.288, 157.93, 100, 5225
2026/09/17 20:45:19.289, 157.23, 100, 5225
2026/09/17 20:45:20.289, 156.99, 98, 5225
2026/09/17 20:45:21.289, 157.84, 100, 5225
2026/09/17 20:45:22.289, 157.46, 100, 5225
2026/09/17 20:45:23.290, 155.91, 98, 5225
2026/09/17 20:45:24.290, 157.51, 100, 5225
2026/09/17 20:45:25.290, 157.48, 100, 5225
2026/09/17 20:45:26.290, 157.48, 98, 5225
2026/09/17 20:45:27.291, 157.74, 100, 5225
2026/09/17 20:45:28.299, 157.43, 98, 5225
2026/09/17 20:45:29.299, 157.49, 98, 5225
2026/09/17 20:45:30.300, 157.94, 100, 5225
2026/09/17 20:45:31.300, 157.42, 98, 5225
2026/09/17 20:45:32.300, 157.84, 100, 5225
2026/09/17 20:45:33.300, 157.73, 100, 5225
2026/09/17 20:45:34.301, 157.24, 98, 5225
2026/09/17 20:45:35.301, 157.76, 100, 5225
2026/09/17 20:45:36.301, 157.90, 100, 5225
2026/09/17 20:45:37.301, 157.18, 98, 5225
2026/09/17 20:45:38.302, 157.76, 100, 5225
2026/09/17 20:45:39.302, 157.94, 100, 5225
2026/09/17 20:45:40.302, 157.27, 97, 5225
2026/09/17 20:45:41.302, 157.65, 100, 5225
2026/09/17 20:45:42.303, 158.23, 100, 5225
2026/09/17 20:45:43.311, 156.65, 98, 5225
2026/09/17 20:45:44.311, 157.77, 100, 5225
2026/09/17 20:45:45.312, 158.18, 100, 5225
2026/09/17 20:45:46.312, 157.35, 98, 5225
2026/09/17 20:45:47.312, 157.75, 100, 5225
2026/09/17 20:45:48.312, 158.02, 100, 5225
2026/09/17 20:45:49.312, 156.75, 98, 5225
2026/09/17 20:45:50.313, 157.84, 100, 5225
2026/09/17 20:45:51.313, 157.77, 100, 5225
2026/09/17 20:45:52.313, 157.18, 98, 5225
2026/09/17 20:45:53.313, 157.75, 100, 5225
2026/09/17 20:45:54.314, 158.32, 100, 5225
2026/09/17 20:45:55.314, 156.99, 98, 5225
2026/09/17 20:45:56.314, 158.44, 100, 5225
2026/09/17 20:45:57.314, 157.88, 100, 5225
2026/09/17 20:45:58.323, 157.12, 98, 5225
2026/09/17 20:45:59.323, 158.26, 100, 5225
2026/09/17 20:46:00.323, 157.87, 100, 5225
2026/09/17 20:46:01.324, 157.85, 98, 5225
2026/09/17 20:46:02.324, 157.76, 100, 5225
2026/09/17 20:46:03.324, 157.75, 100, 5225
2026/09/17 20:46:04.324, 156.76, 98, 5225
2026/09/17 20:46:05.325, 157.76, 100, 5225
2026/09/17 20:46:06.325, 157.99, 100, 5225
2026/09/17 20:46:07.325, 156.86, 98, 5225
2026/09/17 20:46:08.325, 158.50, 100, 5225
2026/09/17 20:46:09.326, 158.05, 100, 5225
2026/09/17 20:46:10.326, 156.78, 98, 5225
2026/09/17 20:46:11.326, 158.41, 100, 5225
2026/09/17 20:46:12.326, 158.23, 100, 5225
2026/09/17 20:46:13.326, 156.87, 98, 5225
2026/09/17 20:46:14.327, 157.87, 100, 5225
2026/09/17 20:46:15.327, 157.78, 100, 5225
2026/09/17 20:46:16.327, 157.06, 98, 5225
2026/09/17 20:46:17.327, 158.45, 100, 5225
2026/09/17 20:46:18.328, 157.93, 100, 5225
2026/09/17 20:46:19.328, 156.65, 97, 5225
2026/09/17 20:46:20.328, 157.72, 100, 5225
2026/09/17 20:46:21.328, 157.94, 100, 5225
2026/09/17 20:46:22.329, 157.37, 98, 5225
2026/09/17 20:46:23.329, 158.35, 100, 5225
2026/09/17 20:46:24.329, 157.68, 98, 5225
2026/09/17 20:46:25.329, 157.39, 99, 5225
2026/09/17 20:46:26.330, 157.77, 100, 5225
2026/09/17 20:46:27.330, 157.55, 98, 5225
2026/09/17 20:46:28.330, 157.68, 100, 5225
2026/09/17 20:46:29.330, 158.01, 100, 5225
2026/09/17 20:46:30.331, 157.49, 98, 5225
2026/09/17 20:46:31.331, 157.42, 100, 5225
2026/09/17 20:46:32.331, 157.79, 100, 5225
2026/09/17 20:46:33.340, 157.37, 98, 5225
2026/09/17 20:46:34.340, 157.61, 100, 5225
2026/09/17 20:46:35.340, 157.87, 100, 5225
2026/09/17 20:46:36.340, 157.34, 98, 5225
2026/09/17 20:46:37.341, 157.58, 100, 5225
2026/09/17 20:46:38.341, 158.45, 100, 5225
2026/09/17 20:46:39.341, 157.87, 98, 5225
2026/09/17 20:46:40.341, 157.99, 100, 5225
2026/09/17 20:46:41.342, 158.02, 100, 5225
2026/09/17 20:46:42.342, 157.55, 98, 5225
2026/09/17 20:46:43.342, 156.70, 100, 5225
2026/09/17 20:46:44.342, 157.91, 100, 5225
2026/09/17 20:46:45.342, 157.35, 98, 5225
2026/09/17 20:46:46.343, 157.80, 100, 5225
2026/09/17 20:46:47.343, 158.16, 100, 5225
2026/09/17 20:46:48.343, 156.15, 98, 5225
2026/09/17 20:46:49.343, 157.55, 100, 5225
2026/09/17 20:46:50.344, 157.61, 100, 5225
2026/09/17 20:46:51.344, 156.93, 98, 5225
2026/09/17 20:46:52.344, 157.29, 100, 5225
2026/09/17 20:46:53.344, 156.66, 97, 5225
2026/09/17 20:46:54.344, 157.22, 98, 5225
2026/09/17 20:46:55.345, 158.20, 100, 5225
2026/09/17 20:46:56.345, 157.97, 98, 5225
2026/09/17 20:46:57.345, 157.46, 99, 5225
2026/09/17 20:46:58.345, 157.62, 100, 5225
2026/09/17 20:46:59.345, 157.82, 98, 5225
2026/09/17 20:47:00.346, 157.74, 100, 5225
2026/09/17 20:47:01.346, 157.57, 100, 5225
2026/09/17 20:47:02.346, 157.26, 98, 5225
2026/09/17 20:47:03.346, 157.70, 100, 5225
2026/09/17 20:47:04.347, 157.60, 100, 5225
2026/09/17 20:47:05.347, 157.41, 98, 5225
2026/09/17 20:47:06.347, 157.69, 100, 5225
2026/09/17 20:47:07.347, 157.69, 100, 5225
2026/09/17 20:47:08.347, 157.74, 98, 5225
2026/09/17 20:47:09.348, 157.96, 100, 5225
2026/09/17 20:47:10.348, 158.11, 100, 5225
2026/09/17 20:47:11.348, 157.83, 98, 5225
2026/09/17 20:47:12.348, 157.85, 100, 5225
2026/09/17 20:47:13.349, 157.88, 100, 5225
2026/09/17 20:47:14.349, 158.06, 98, 5225
2026/09/17 20:47:15.349, 158.01, 100, 5225
2026/09/17 20:47:16.349, 157.59, 100, 5225
2026/09/17 20:47:17.350, 157.08, 98, 5225
2026/09/17 20:47:18.350, 158.04, 100, 5225
2026/09/17 20:47:19.350, 157.55, 100, 5225
2026/09/17 20:47:20.350, 157.46, 98, 5225
2026/09/17 20:47:21.351, 158.23, 100, 5225
2026/09/17 20:47:22.351, 158.04, 100, 5225
2026/09/17 20:47:23.351, 157.45, 98, 5225
2026/09/17 20:47:24.351, 157.53, 100, 5225
2026/09/17 20:47:25.352, 157.63, 100, 5225
2026/09/17 20:47:26.352, 156.96, 98, 5225
2026/09/17 20:47:27.352, 157.74, 100, 5225
2026/09/17 20:47:28.352, 157.48, 100, 5225
2026/09/17 20:47:29.352, 157.52, 97, 5225
2026/09/17 20:47:30.353, 157.86, 100, 5225
2026/09/17 20:47:31.353, 157.97, 100, 5225
2026/09/17 20:47:32.353, 157.73, 98, 5225
2026/09/17 20:47:33.353, 157.76, 100, 5225
2026/09/17 20:47:34.354, 157.80, 100, 5225
2026/09/17 20:47:35.362, 157.63, 98, 5225
2026/09/17 20:47:36.362, 157.84, 100, 5225
2026/09/17 20:47:37.363, 158.02, 100, 5225
2026/09/17 20:47:38.363, 157.59, 98, 5225
2026/09/17 20:47:39.363, 158.03, 100, 5225
2026/09/17 20:47:40.372, 157.01, 100, 5225
2026/09/17 20:47:41.372, 157.02, 98, 5225
2026/09/17 20:47:42.372, 157.58, 100, 5225
2026/09/17 20:47:43.373, 157.33, 100, 5225
2026/09/17 20:47:44.373, 157.00, 98, 5225
2026/09/17 20:47:45.373, 157.69, 100, 5225
2026/09/17 20:47:46.373, 157.46, 100, 5225
2026/09/17 20:47:47.373, 156.57, 94, 5225
2026/09/17 20:47:48.374, 161.05, 100, 5225
2026/09/17 20:47:49.374, 157.21, 100, 5225
2026/09/17 20:47:50.374, 155.27, 100, 5225
2026/09/17 20:47:51.374, 160.62, 99, 5225
2026/09/17 20:47:52.375, 159.20, 99, 5225
2026/09/17 20:47:53.375, 155.02, 100, 5225
2026/09/17 20:47:54.375, 157.94, 99, 5225
2026/09/17 20:47:55.375, 161.85, 100, 5225
2026/09/17 20:47:56.376, 155.05, 99, 5225
2026/09/17 20:47:57.376, 155.82, 98, 5225
2026/09/17 20:47:58.376, 163.01, 99, 5225
2026/09/17 20:47:59.376, 156.62, 100, 5225
2026/09/17 20:48:00.385, 155.02, 99, 5225
2026/09/17 20:48:01.385, 161.32, 100, 5225
2026/09/17 20:48:02.386, 158.80, 100, 5225
2026/09/17 20:48:03.386, 155.32, 100, 5225
2026/09/17 20:48:04.386, 158.64, 100, 5225
2026/09/17 20:48:05.386, 161.36, 99, 5225
2026/09/17 20:48:06.386, 155.26, 100, 5225
2026/09/17 20:48:07.387, 156.52, 99, 5225
2026/09/17 20:48:08.395, 163.38, 100, 5225
2026/09/17 20:48:09.396, 155.37, 99, 5225
2026/09/17 20:48:10.396, 155.11, 100, 5225
2026/09/17 20:48:11.396, 161.80, 99, 5225
2026/09/17 20:48:12.396, 158.61, 100, 5225
2026/09/17 20:48:13.396, 155.22, 99, 5225
2026/09/17 20:48:14.397, 159.69, 99, 5225
2026/09/17 20:48:15.397, 160.34, 100, 5225
2026/09/17 20:48:16.397, 154.93, 100, 5225
2026/09/17 20:48:17.397, 125.75, 29, 5225
2026/09/17 20:48:18.397, 76.95, 100, 5225
2026/09/17 20:48:19.398, 156.99, 98, 5225
2026/09/17 20:48:20.398, 157.07, 100, 5225
2026/09/17 20:48:21.398, 157.63, 100, 5225
2026/09/17 20:48:22.398, 157.54, 98, 5225
2026/09/17 20:48:23.398, 156.98, 100, 5225
2026/09/17 20:48:24.399, 156.37, 100, 5225
2026/09/17 20:48:25.399, 156.68, 98, 5225
2026/09/17 20:48:26.399, 157.13, 100, 5225
2026/09/17 20:48:27.399, 157.31, 100, 5225
2026/09/17 20:48:28.399, 157.24, 98, 5225
2026/09/17 20:48:29.400, 156.08, 100, 5225
2026/09/17 20:48:30.400, 158.18, 100, 5225
2026/09/17 20:48:31.400, 157.43, 98, 5225
2026/09/17 20:48:32.400, 157.61, 100, 5225
2026/09/17 20:48:33.401, 158.01, 100, 5225
2026/09/17 20:48:34.401, 155.85, 89, 5225
2026/09/17 20:48:35.401, 158.01, 100, 5225
2026/09/17 20:48:36.401, 157.95, 100, 5225
2026/09/17 20:48:37.402, 157.07, 98, 5225
2026/09/17 20:48:38.402, 157.53, 100, 5225
2026/09/17 20:48:39.402, 157.78, 99, 5225
2026/09/17 20:48:40.402, 156.58, 99, 5225
2026/09/17 20:48:41.403, 157.11, 100, 5225
2026/09/17 20:48:42.403, 157.20, 98, 5225
2026/09/17 20:48:43.403, 157.63, 100, 5225
2026/09/17 20:48:44.403, 157.36, 100, 5225
2026/09/17 20:48:45.412, 157.28, 98, 5225
2026/09/17 20:48:46.412, 157.37, 100, 5225
2026/09/17 20:48:47.412, 157.29, 100, 5225
2026/09/17 20:48:48.413, 157.70, 98, 5225
2026/09/17 20:48:49.413, 157.84, 100, 5225
2026/09/17 20:48:50.413, 157.66, 100, 5225
2026/09/17 20:48:51.413, 157.63, 98, 5225
2026/09/17 20:48:52.414, 157.92, 100, 5225
2026/09/17 20:48:53.414, 157.20, 100, 5225
2026/09/17 20:48:54.414, 157.15, 98, 5225
2026/09/17 20:48:55.423, 157.42, 100, 5225
2026/09/17 20:48:56.423, 157.49, 100, 5225
2026/09/17 20:48:57.423, 157.47, 98, 5225
2026/09/17 20:48:58.423, 158.00, 100, 5225
2026/09/17 20:48:59.424, 157.40, 100, 5225
2026/09/17 20:49:00.424, 157.16, 98, 5225
2026/09/17 20:49:01.424, 157.57, 100, 5225
2026/09/17 20:49:02.424, 157.71, 100, 5225
2026/09/17 20:49:03.425, 157.09, 98, 5225
2026/09/17 20:49:04.425, 157.97, 100, 5225
2026/09/17 20:49:05.425, 157.46, 100, 5225
2026/09/17 20:49:06.425, 157.19, 98, 5225
2026/09/17 20:49:07.425, 157.62, 100, 5225
2026/09/17 20:49:08.426, 157.28, 100, 5225
2026/09/17 20:49:09.426, 156.89, 98, 5225
2026/09/17 20:49:10.426, 157.51, 100, 5225
2026/09/17 20:49:11.426, 157.43, 100, 5225
2026/09/17 20:49:12.435, 157.56, 98, 5225
2026/09/17 20:49:13.435, 156.74, 100, 5225
2026/09/17 20:49:14.436, 157.58, 100, 5225
2026/09/17 20:49:15.436, 157.85, 98, 5225
2026/09/17 20:49:16.436, 156.56, 100, 5225
2026/09/17 20:49:17.436, 157.82, 98, 5225
2026/09/17 20:49:18.436, 157.61, 98, 5225
2026/09/17 20:49:19.437, 156.77, 100, 5225
2026/09/17 20:49:20.437, 157.34, 98, 5225
2026/09/17 20:49:21.437, 157.44, 100, 5225
2026/09/17 20:49:22.446, 157.31, 100, 5225
2026/09/17 20:49:23.446, 157.38, 98, 5225
2026/09/17 20:49:24.446, 157.77, 100, 5225
2026/09/17 20:49:25.446, 157.57, 100, 5225
2026/09/17 20:49:26.447, 157.53, 98, 5225
2026/09/17 20:49:27.455, 157.35, 100, 5225
2026/09/17 20:49:28.455, 157.51, 100, 5225
2026/09/17 20:49:29.456, 157.65, 100, 5225
2026/09/17 20:49:30.456, 157.49, 98, 5225
2026/09/17 20:49:31.456, 157.76, 100, 5225
2026/09/17 20:49:32.459, 156.28, 100, 5225
2026/09/17 20:49:33.460, 157.82, 98, 5225
2026/09/17 20:49:34.460, 157.89, 100, 5225
2026/09/17 20:49:35.460, 157.32, 100, 5225
2026/09/17 20:49:36.460, 157.24, 98, 5225
2026/09/17 20:49:37.469, 157.99, 100, 5225
2026/09/17 20:49:38.469, 157.43, 100, 5225
2026/09/17 20:49:39.469, 157.74, 98, 5225
2026/09/17 20:49:40.469, 157.83, 100, 5225
2026/09/17 20:49:41.470, 157.71, 100, 5225
2026/09/17 20:49:42.478, 157.12, 98, 5225
2026/09/17 20:49:43.478, 157.62, 100, 5225
2026/09/17 20:49:44.479, 157.60, 100, 5225
2026/09/17 20:49:45.479, 157.05, 98, 5225
2026/09/17 20:49:46.479, 157.55, 100, 5225
2026/09/17 20:49:47.479, 157.19, 100, 5225
2026/09/17 20:49:48.480, 156.69, 98, 5225
2026/09/17 20:49:49.480, 157.98, 100, 5225
2026/09/17 20:49:50.480, 157.42, 100, 5225
2026/09/17 20:49:51.480, 156.95, 98, 5225
2026/09/17 20:49:52.481, 156.57, 100, 5225
2026/09/17 20:49:53.481, 157.52, 99, 5225
2026/09/17 20:49:54.481, 157.34, 98, 5225
2026/09/17 20:49:55.481, 158.28, 100, 5225
2026/09/17 20:49:56.482, 157.39, 98, 5225
2026/09/17 20:49:57.482, 157.71, 99, 5225
2026/09/17 20:49:58.482, 157.65, 100, 5225
2026/09/17 20:49:59.482, 157.08, 98, 5225
2026/09/17 20:50:00.482, 157.60, 100, 5225
2026/09/17 20:50:01.483, 157.42, 100, 5225
2026/09/17 20:50:02.483, 155.96, 98, 5225
2026/09/17 20:50:03.483, 157.39, 100, 5225
2026/09/17 20:50:04.483, 157.30, 100, 5225
2026/09/17 20:50:05.483, 156.53, 98, 5225
2026/09/17 20:50:06.484, 157.19, 100, 5225
2026/09/17 20:50:07.484, 157.20, 100, 5225
2026/09/17 20:50:08.484, 156.66, 97, 5225
2026/09/17 20:50:09.484, 157.18, 100, 5225
2026/09/17 20:50:10.484, 157.22, 100, 5225
2026/09/17 20:50:11.485, 156.62, 98, 5225
2026/09/17 20:50:12.485, 157.20, 100, 5225
2026/09/17 20:50:13.485, 157.76, 100, 5225
2026/09/17 20:50:14.485, 156.37, 98, 5225
2026/09/17 20:50:15.486, 157.38, 100, 5225
2026/09/17 20:50:16.486, 157.46, 100, 5225
2026/09/17 20:50:17.486, 156.98, 94, 5225
2026/09/17 20:50:18.486, 157.41, 100, 5225
2026/09/17 20:50:19.487, 157.83, 98, 5225
2026/09/17 20:50:20.487, 157.44, 100, 5225
2026/09/17 20:50:21.487, 157.71, 100, 5225
2026/09/17 20:50:22.487, 157.41, 98, 5225
2026/09/17 20:50:23.487, 156.49, 100, 5225
2026/09/17 20:50:24.488, 157.64, 100, 5225
2026/09/17 20:50:25.488, 157.31, 98, 5225
2026/09/17 20:50:26.488, 157.47, 100, 5225
2026/09/17 20:50:27.488, 157.79, 100, 5225
2026/09/17 20:50:28.489, 157.35, 98, 5225
2026/09/17 20:50:29.489, 157.53, 100, 5225
2026/09/17 20:50:30.489, 157.48, 100, 5225
2026/09/17 20:50:31.489, 156.87, 98, 5225
2026/09/17 20:50:32.490, 157.21, 100, 5225
2026/09/17 20:50:33.498, 157.62, 100, 5225
2026/09/17 20:50:34.499, 157.04, 98, 5225
2026/09/17 20:50:35.499, 157.32, 100, 5225
2026/09/17 20:50:36.499, 157.59, 100, 5225
2026/09/17 20:50:37.499, 156.91, 98, 5225
2026/09/17 20:50:38.499, 157.37, 100, 5225
2026/09/17 20:50:39.500, 157.65, 100, 5225
2026/09/17 20:50:40.500, 156.84, 98, 5225
2026/09/17 20:50:41.500, 157.38, 100, 5225
2026/09/17 20:50:42.500, 157.58, 100, 5225
2026/09/17 20:50:43.501, 156.70, 98, 5225
2026/09/17 20:50:44.501, 157.88, 100, 5225
2026/09/17 20:50:45.501, 157.46, 100, 5225
2026/09/17 20:50:46.501, 156.87, 98, 5225
2026/09/17 20:50:47.502, 157.40, 100, 5225
2026/09/17 20:50:48.502, 157.17, 98, 5225
2026/09/17 20:50:49.502, 157.46, 99, 5225
2026/09/17 20:50:50.502, 157.46, 100, 5225
2026/09/17 20:50:51.503, 157.28, 98, 5225
2026/09/17 20:50:52.503, 157.74, 100, 5225
2026/09/17 20:50:53.503, 157.77, 100, 5225
2026/09/17 20:50:54.503, 157.28, 98, 5225
2026/09/17 20:50:55.504, 157.53, 100, 5225
2026/09/17 20:50:56.504, 157.14, 100, 5225
2026/09/17 20:50:57.504, 157.27, 98, 5225
2026/09/17 20:50:58.513, 157.75, 100, 5225
2026/09/17 20:50:59.513, 157.54, 100, 5225
2026/09/17 20:51:00.513, 157.10, 98, 5225
2026/09/17 20:51:01.514, 157.68, 100, 5225
2026/09/17 20:51:02.514, 157.43, 100, 5225
2026/09/17 20:51:03.522, 157.52, 98, 5225
2026/09/17 20:51:04.523, 157.91, 100, 5225
2026/09/17 20:51:05.523, 157.29, 100, 5225
2026/09/17 20:51:06.523, 156.93, 98, 5225
2026/09/17 20:51:07.523, 157.57, 100, 5225
2026/09/17 20:51:08.524, 157.26, 100, 5225
2026/09/17 20:51:09.524, 156.90, 98, 5225
2026/09/17 20:51:10.524, 157.71, 100, 5225
2026/09/17 20:51:11.524, 157.46, 100, 5225
2026/09/17 20:51:12.524, 157.04, 98, 5225
2026/09/17 20:51:13.525, 157.75, 100, 5225
2026/09/17 20:51:14.525, 157.15, 100, 5225
2026/09/17 20:51:15.525, 156.74, 98, 5225
2026/09/17 20:51:16.525, 157.54, 100, 5225
2026/09/17 20:51:17.526, 157.32, 100, 5225
2026/09/17 20:51:18.526, 156.96, 98, 5225
2026/09/17 20:51:19.526, 157.68, 100, 5225
2026/09/17 20:51:20.526, 157.39, 98, 5225
2026/09/17 20:51:21.526, 157.29, 99, 5225
2026/09/17 20:51:22.527, 157.47, 100, 5225
2026/09/17 20:51:23.527, 157.13, 98, 5225
2026/09/17 20:51:24.527, 157.76, 100, 5225
2026/09/17 20:51:25.527, 157.67, 100, 5225
2026/09/17 20:51:26.528, 156.90, 98, 5225
2026/09/17 20:51:27.528, 157.34, 100, 5225
2026/09/17 20:51:28.528, 156.62, 100, 5225
2026/09/17 20:51:29.528, 156.66, 98, 5225
2026/09/17 20:51:30.529, 157.42, 100, 5225
2026/09/17 20:51:31.529, 157.63, 100, 5225
2026/09/17 20:51:32.529, 156.80, 98, 5225
2026/09/17 20:51:33.529, 157.45, 100, 5225
2026/09/17 20:51:34.530, 157.75, 100, 5225
2026/09/17 20:51:35.530, 156.80, 98, 5225
2026/09/17 20:51:36.530, 158.12, 100, 5225
2026/09/17 20:51:37.530, 157.92, 100, 5225
2026/09/17 20:51:38.530, 156.40, 90, 5225
2026/09/17 20:51:39.531, 156.37, 100, 5225
2026/09/17 20:51:40.531, 157.49, 100, 5225
2026/09/17 20:51:41.531, 156.60, 98, 5225
2026/09/17 20:51:42.531, 157.48, 100, 5225
2026/09/17 20:51:43.532, 157.51, 100, 5225
2026/09/17 20:51:44.532, 156.70, 99, 5225
2026/09/17 20:51:45.532, 157.41, 100, 5225
2026/09/17 20:51:46.532, 157.26, 98, 5225
2026/09/17 20:51:47.532, 157.36, 100, 5225
2026/09/17 20:51:48.533, 157.65, 100, 5225
2026/09/17 20:51:49.540, 156.24, 98, 5225
2026/09/17 20:51:50.541, 157.48, 100, 5225
2026/09/17 20:51:51.541, 157.47, 100, 5225
2026/09/17 20:51:52.541, 157.36, 98, 5225
2026/09/17 20:51:53.541, 157.59, 100, 5225
2026/09/17 20:51:54.541, 157.65, 100, 5225
2026/09/17 20:51:55.542, 157.74, 98, 5225
2026/09/17 20:51:56.542, 157.83, 100, 5225
2026/09/17 20:51:57.542, 157.40, 100, 5225
2026/09/17 20:51:58.542, 157.29, 98, 5225
2026/09/17 20:51:59.543, 157.26, 100, 5225
2026/09/17 20:52:00.543, 157.62, 100, 5225
2026/09/17 20:52:01.543, 157.46, 98, 5225
2026/09/17 20:52:02.543, 157.88, 100, 5225
2026/09/17 20:52:03.544, 157.86, 100, 5225
2026/09/17 20:52:04.552, 157.59, 98, 5225
2026/09/17 20:52:05.552, 157.71, 100, 5225
2026/09/17 20:52:06.553, 157.87, 100, 5225
2026/09/17 20:52:07.553, 157.41, 98, 5225
2026/09/17 20:52:08.553, 157.84, 100, 5225
2026/09/17 20:52:09.562, 157.74, 100, 5225
2026/09/17 20:52:10.562, 157.33, 98, 5225
2026/09/17 20:52:11.562, 157.65, 100, 5225
2026/09/17 20:52:12.563, 157.85, 100, 5225
2026/09/17 20:52:13.563, 157.81, 98, 5225
2026/09/17 20:52:14.563, 157.60, 100, 5225
2026/09/17 20:52:15.563, 158.01, 100, 5225
2026/09/17 20:52:16.564, 158.97, 99, 5225
2026/09/17 20:52:17.564, 160.24, 100, 5225
2026/09/17 20:52:18.564, 155.16, 100, 5225
2026/09/17 20:52:19.564, 157.18, 99, 5225
2026/09/17 20:52:20.564, 162.47, 99, 5225
2026/09/17 20:52:21.565, 155.27, 100, 5225
2026/09/17 20:52:22.565, 155.19, 100, 5225
2026/09/17 20:52:23.565, 162.12, 100, 5225
2026/09/17 20:52:24.565, 157.66, 99, 5225
2026/09/17 20:52:25.566, 155.14, 100, 5225
2026/09/17 20:52:26.566, 160.37, 100, 5225
2026/09/17 20:52:27.566, 159.94, 100, 5225
2026/09/17 20:52:28.566, 154.94, 99, 5225
2026/09/17 20:52:29.567, 157.47, 99, 5225
2026/09/17 20:52:30.567, 162.12, 100, 5225
2026/09/17 20:52:31.567, 155.42, 100, 5225
2026/09/17 20:52:32.567, 155.32, 98, 5225
2026/09/17 20:52:33.568, 162.76, 99, 5225
2026/09/17 20:52:34.568, 156.20, 100, 5225
2026/09/17 20:52:35.568, 154.99, 100, 5225
2026/09/17 20:52:36.568, 161.03, 99, 5225
2026/09/17 20:52:37.568, 158.85, 99, 5225
2026/09/17 20:52:38.569, 154.98, 100, 5225
2026/09/17 20:52:39.569, 158.59, 100, 5225
2026/09/17 20:52:40.569, 161.13, 99, 5225
2026/09/17 20:52:41.569, 155.10, 99, 5225
2026/09/17 20:52:42.569, 156.07, 100, 5225
2026/09/17 20:52:43.570, 163.09, 100, 5225
2026/09/17 20:52:44.570, 155.26, 99, 5225
2026/09/17 20:52:45.570, 155.05, 99, 5225
2026/09/17 20:52:46.570, 49.43, 8, 5225
2026/09/17 20:52:47.571, 143.82, 100, 5225
2026/09/17 20:52:48.571, 157.10, 98, 5225
2026/09/17 20:52:49.571, 157.73, 100, 5225
2026/09/17 20:52:50.571, 157.65, 100, 5225
2026/09/17 20:52:51.571, 156.67, 98, 5225
2026/09/17 20:52:52.572, 157.61, 100, 5225
2026/09/17 20:52:53.572, 158.15, 100, 5225
2026/09/17 20:52:54.572, 157.56, 98, 5225
2026/09/17 20:52:55.572, 157.75, 100, 5225
2026/09/17 20:52:56.573, 157.84, 100, 5225
2026/09/17 20:52:57.581, 157.24, 98, 5225
2026/09/17 20:52:58.582, 157.96, 100, 5225
2026/09/17 20:52:59.582, 157.69, 100, 5225
2026/09/17 20:53:00.582, 157.52, 98, 5225
2026/09/17 20:53:01.582, 157.85, 100, 5225
2026/09/17 20:53:02.583, 157.82, 100, 5225
2026/09/17 20:53:03.583, 157.51, 98, 5225
2026/09/17 20:53:04.583, 157.94, 100, 5225
2026/09/17 20:53:05.583, 157.95, 100, 5225
2026/09/17 20:53:06.583, 157.05, 98, 5225
2026/09/17 20:53:07.584, 156.87, 100, 5225
2026/09/17 20:53:08.584, 157.33, 100, 5225
2026/09/17 20:53:09.584, 157.20, 98, 5225
2026/09/17 20:53:10.584, 157.55, 100, 5225
2026/09/17 20:53:11.585, 157.60, 100, 5225
2026/09/17 20:53:12.585, 155.37, 89, 5225
2026/09/17 20:53:13.585, 156.46, 100, 5225
2026/09/17 20:53:14.585, 157.73, 100, 5225
2026/09/17 20:53:15.586, 157.19, 97, 5225
2026/09/17 20:53:16.586, 157.64, 100, 5225
2026/09/17 20:53:17.586, 158.01, 100, 5225
2026/09/17 20:53:18.586, 155.60, 98, 5225
2026/09/17 20:53:19.586, 157.93, 100, 5225
2026/09/17 20:53:20.587, 157.57, 100, 5225
2026/09/17 20:53:21.587, 157.40, 98, 5225
2026/09/17 20:53:22.587, 158.10, 100, 5225
2026/09/17 20:53:23.587, 156.54, 100, 5225
2026/09/17 20:53:24.588, 156.34, 98, 5225
2026/09/17 20:53:25.588, 157.11, 100, 5225
2026/09/17 20:53:26.588, 157.12, 100, 5225
2026/09/17 20:53:27.588, 156.78, 98, 5225
2026/09/17 20:53:28.589, 157.42, 100, 5225
2026/09/17 20:53:29.589, 157.16, 98, 5225
2026/09/17 20:53:30.589, 157.12, 99, 5225
2026/09/17 20:53:31.589, 157.26, 100, 5225
2026/09/17 20:53:32.590, 157.08, 98, 5225
2026/09/17 20:53:33.598, 157.26, 100, 5225
2026/09/17 20:53:34.599, 157.33, 100, 5225
2026/09/17 20:53:35.599, 156.86, 98, 5225
2026/09/17 20:53:36.599, 157.14, 100, 5225
2026/09/17 20:53:37.599, 157.43, 100, 5225
2026/09/17 20:53:38.608, 157.00, 98, 5225
2026/09/17 20:53:39.608, 157.21, 100, 5225
2026/09/17 20:53:40.608, 157.49, 100, 5225
2026/09/17 20:53:41.609, 157.12, 98, 5225
2026/09/17 20:53:42.609, 157.38, 100, 5225
2026/09/17 20:53:43.609, 157.63, 100, 5225
2026/09/17 20:53:44.609, 156.94, 98, 5225
2026/09/17 20:53:45.609, 157.46, 100, 5225
2026/09/17 20:53:46.610, 157.37, 100, 5225
2026/09/17 20:53:47.610, 156.92, 98, 5225
2026/09/17 20:53:48.619, 156.97, 100, 5225
2026/09/17 20:53:49.619, 157.25, 100, 5225
2026/09/17 20:53:50.619, 156.69, 98, 5225
2026/09/17 20:53:51.619, 157.12, 100, 5225
2026/09/17 20:53:52.619, 157.32, 100, 5225
2026/09/17 20:53:53.619, 156.74, 98, 5225
2026/09/17 20:53:54.620, 157.35, 100, 5225
2026/09/17 20:53:55.620, 157.40, 100, 5225
2026/09/17 20:53:56.620, 156.62, 98, 5225
2026/09/17 20:53:57.620, 157.88, 100, 5225
2026/09/17 20:53:58.621, 157.46, 100, 5225
2026/09/17 20:53:59.621, 156.62, 98, 5225
2026/09/17 20:54:00.621, 157.24, 100, 5225
2026/09/17 20:54:01.621, 157.34, 99, 5225
2026/09/17 20:54:02.621, 157.07, 98, 5225
2026/09/17 20:54:03.630, 157.60, 100, 5225
2026/09/17 20:54:04.630, 157.49, 98, 5225
2026/09/17 20:54:05.630, 157.53, 100, 5225
2026/09/17 20:54:06.631, 157.31, 100, 5225
2026/09/17 20:54:07.631, 157.44, 98, 5225
2026/09/17 20:54:08.635, 156.62, 100, 5225
2026/09/17 20:54:09.635, 157.51, 100, 5225
2026/09/17 20:54:10.636, 157.55, 98, 5225
2026/09/17 20:54:11.636, 157.59, 100, 5225
2026/09/17 20:54:12.636, 157.28, 100, 5225
2026/09/17 20:54:13.636, 156.85, 98, 5225
2026/09/17 20:54:14.637, 157.46, 100, 5225
2026/09/17 20:54:15.637, 156.96, 100, 5225
2026/09/17 20:54:16.637, 157.31, 98, 5225
2026/09/17 20:54:17.637, 158.00, 100, 5225
2026/09/17 20:54:18.637, 157.34, 100, 5225
2026/09/17 20:54:19.638, 157.54, 98, 5225
2026/09/17 20:54:20.638, 158.06, 100, 5225
2026/09/17 20:54:21.638, 157.12, 100, 5225
2026/09/17 20:54:22.638, 156.71, 98, 5225
2026/09/17 20:54:23.647, 157.47, 100, 5225
2026/09/17 20:54:24.647, 157.00, 100, 5225
2026/09/17 20:54:25.647, 156.78, 98, 5225
2026/09/17 20:54:26.648, 158.25, 100, 5225
2026/09/17 20:54:27.648, 157.34, 100, 5225
2026/09/17 20:54:28.656, 157.26, 98, 5225
2026/09/17 20:54:29.657, 157.75, 100, 5225
2026/09/17 20:54:30.657, 157.28, 98, 5225
2026/09/17 20:54:31.657, 157.35, 98, 5225
2026/09/17 20:54:32.657, 157.91, 100, 5225
2026/09/17 20:54:33.666, 157.33, 98, 5225
2026/09/17 20:54:34.666, 157.77, 100, 5225
2026/09/17 20:54:35.666, 157.76, 100, 5225
2026/09/17 20:54:36.667, 157.23, 98, 5225
2026/09/17 20:54:37.667, 157.62, 100, 5225
2026/09/17 20:54:38.675, 157.53, 100, 5225
2026/09/17 20:54:39.676, 156.93, 98, 5225
2026/09/17 20:54:40.676, 157.23, 100, 5225
2026/09/17 20:54:41.676, 157.92, 100, 5225
2026/09/17 20:54:42.676, 157.15, 98, 5225
2026/09/17 20:54:43.677, 157.70, 100, 5225
2026/09/17 20:54:44.677, 157.26, 100, 5225
2026/09/17 20:54:45.677, 156.60, 98, 5225
2026/09/17 20:54:46.677, 157.32, 100, 5225
2026/09/17 20:54:47.677, 157.70, 100, 5225
2026/09/17 20:54:48.678, 155.60, 90, 5225
2026/09/17 20:54:49.678, 156.31, 100, 5225
2026/09/17 20:54:50.678, 157.63, 100, 5225
2026/09/17 20:54:51.678, 156.45, 98, 5225
2026/09/17 20:54:52.678, 157.24, 100, 5225
2026/09/17 20:54:53.679, 157.52, 100, 5225
2026/09/17 20:54:54.679, 155.36, 98, 5225
2026/09/17 20:54:55.679, 158.24, 100, 5225
2026/09/17 20:54:56.679, 157.57, 100, 5225
2026/09/17 20:54:57.679, 156.57, 98, 5225
2026/09/17 20:54:58.680, 157.68, 100, 5225
2026/09/17 20:54:59.680, 157.56, 99, 5225
2026/09/17 20:55:00.680, 157.10, 98, 5225
2026/09/17 20:55:01.680, 157.74, 100, 5225
2026/09/17 20:55:02.681, 157.98, 99, 5225
2026/09/17 20:55:03.681, 156.85, 98, 5225
2026/09/17 20:55:04.681, 157.95, 100, 5225
2026/09/17 20:55:05.681, 157.90, 98, 5225
2026/09/17 20:55:06.682, 157.12, 98, 5225
2026/09/17 20:55:07.682, 157.57, 100, 5225
2026/09/17 20:55:08.682, 157.79, 98, 5225
2026/09/17 20:55:09.691, 157.49, 99, 5225
2026/09/17 20:55:10.691, 157.55, 100, 5225
2026/09/17 20:55:11.691, 157.71, 98, 5225
2026/09/17 20:55:12.691, 157.45, 100, 5225
2026/09/17 20:55:13.692, 157.66, 100, 5225
2026/09/17 20:55:14.692, 157.94, 98, 5225
2026/09/17 20:55:15.692, 157.40, 100, 5225
2026/09/17 20:55:16.692, 158.00, 100, 5225
2026/09/17 20:55:17.693, 157.56, 97, 5225
2026/09/17 20:55:18.693, 157.40, 100, 5225
2026/09/17 20:55:19.693, 157.96, 100, 5225
2026/09/17 20:55:20.693, 157.74, 98, 5225
2026/09/17 20:55:21.694, 157.56, 100, 5225
2026/09/17 20:55:22.697, 157.62, 100, 5225
2026/09/17 20:55:23.697, 157.79, 98, 5225
2026/09/17 20:55:24.706, 157.75, 100, 5225
2026/09/17 20:55:25.706, 157.66, 100, 5225
2026/09/17 20:55:26.706, 157.54, 98, 5225
2026/09/17 20:55:27.706, 157.65, 100, 5225
2026/09/17 20:55:28.707, 157.79, 100, 5225
2026/09/17 20:55:29.707, 157.84, 98, 5225
2026/09/17 20:55:30.707, 157.74, 100, 5225
2026/09/17 20:55:31.707, 157.49, 100, 5225
2026/09/17 20:55:32.708, 157.05, 98, 5225
2026/09/17 20:55:33.708, 157.71, 100, 5225
2026/09/17 20:55:34.708, 157.65, 100, 5225
2026/09/17 20:55:35.708, 157.52, 98, 5225
2026/09/17 20:55:36.708, 157.38, 100, 5225
2026/09/17 20:55:37.709, 157.51, 100, 5225
2026/09/17 20:55:38.709, 157.45, 98, 5225
2026/09/17 20:55:39.717, 157.43, 100, 5225
2026/09/17 20:55:40.718, 158.01, 100, 5225
2026/09/17 20:55:41.718, 157.44, 98, 5225
2026/09/17 20:55:42.718, 157.84, 100, 5225
2026/09/17 20:55:43.718, 157.58, 100, 5225
2026/09/17 20:55:44.727, 157.13, 98, 5225
2026/09/17 20:55:45.727, 157.38, 100, 5225
2026/09/17 20:55:46.727, 157.61, 100, 5225
2026/09/17 20:55:47.728, 157.24, 98, 5225
2026/09/17 20:55:48.728, 157.50, 100, 5225
2026/09/17 20:55:49.732, 156.18, 100, 5225
2026/09/17 20:55:50.732, 156.82, 98, 5225
2026/09/17 20:55:51.732, 157.17, 100, 5225
2026/09/17 20:55:52.732, 157.55, 100, 5225
2026/09/17 20:55:53.732, 157.42, 98, 5225
2026/09/17 20:55:54.741, 157.01, 100, 5225
2026/09/17 20:55:55.741, 157.27, 98, 5225
2026/09/17 20:55:56.741, 157.20, 99, 5225
2026/09/17 20:55:57.742, 157.68, 100, 5225
2026/09/17 20:55:58.742, 157.58, 98, 5225
2026/09/17 20:55:59.751, 157.08, 100, 5225
2026/09/17 20:56:00.751, 157.32, 100, 5225
2026/09/17 20:56:01.751, 157.46, 98, 5225
2026/09/17 20:56:02.751, 157.64, 100, 5225
2026/09/17 20:56:03.751, 157.51, 100, 5225
2026/09/17 20:56:04.760, 157.14, 98, 5225
2026/09/17 20:56:05.760, 157.36, 100, 5225
2026/09/17 20:56:06.760, 157.45, 100, 5225
2026/09/17 20:56:07.761, 157.14, 98, 5225
2026/09/17 20:56:08.761, 157.71, 100, 5225
2026/09/17 20:56:09.761, 157.32, 100, 5225
2026/09/17 20:56:10.761, 157.05, 98, 5225
2026/09/17 20:56:11.761, 157.48, 100, 5225
2026/09/17 20:56:12.762, 157.59, 100, 5225
2026/09/17 20:56:13.762, 156.96, 98, 5225
2026/09/17 20:56:14.762, 157.35, 100, 5225
2026/09/17 20:56:15.762, 157.51, 100, 5225
2026/09/17 20:56:16.762, 157.10, 98, 5225
2026/09/17 20:56:17.763, 157.69, 100, 5225
2026/09/17 20:56:18.763, 157.29, 100, 5225
2026/09/17 20:56:19.763, 156.84, 98, 5225
2026/09/17 20:56:20.763, 157.18, 100, 5225
2026/09/17 20:56:21.763, 157.13, 100, 5225
2026/09/17 20:56:22.764, 157.40, 98, 5225
2026/09/17 20:56:23.764, 157.38, 100, 5225
2026/09/17 20:56:24.764, 157.26, 100, 5225
2026/09/17 20:56:25.764, 157.64, 98, 5225
2026/09/17 20:56:26.764, 157.37, 100, 5225
2026/09/17 20:56:27.764, 157.24, 100, 5225
2026/09/17 20:56:28.765, 156.69, 98, 5225
2026/09/17 20:56:29.765, 156.49, 100, 5225
2026/09/17 20:56:30.765, 157.14, 99, 5225
2026/09/17 20:56:31.765, 156.85, 98, 5225
2026/09/17 20:56:32.766, 157.39, 100, 5225
2026/09/17 20:56:33.766, 157.16, 98, 5225
2026/09/17 20:56:34.766, 157.47, 99, 5225
2026/09/17 20:56:35.766, 157.55, 100, 5225
2026/09/17 20:56:36.766, 157.26, 98, 5225
2026/09/17 20:56:37.767, 157.13, 100, 5225
2026/09/17 20:56:38.767, 157.53, 100, 5225
2026/09/17 20:56:39.767, 157.16, 98, 5225
2026/09/17 20:56:40.767, 157.51, 100, 5225
2026/09/17 20:56:41.768, 157.50, 100, 5225
2026/09/17 20:56:42.768, 156.96, 98, 5225
2026/09/17 20:56:43.768, 157.37, 100, 5225
2026/09/17 20:56:44.768, 160.45, 100, 5225
2026/09/17 20:56:45.768, 157.04, 99, 5225
2026/09/17 20:56:46.769, 154.90, 100, 5225
2026/09/17 20:56:47.769, 159.81, 100, 5225
2026/09/17 20:56:48.769, 159.41, 100, 5225
2026/09/17 20:56:49.769, 154.78, 99, 5225
2026/09/17 20:56:50.769, 157.37, 99, 5225
2026/09/17 20:56:51.770, 161.85, 100, 5225
2026/09/17 20:56:52.770, 155.05, 100, 5225
2026/09/17 20:56:53.770, 154.98, 98, 5225
2026/09/17 20:56:54.770, 163.27, 99, 5225
2026/09/17 20:56:55.770, 156.94, 100, 5225
2026/09/17 20:56:56.771, 154.90, 100, 5225
2026/09/17 20:56:57.771, 160.12, 99, 5225
2026/09/17 20:56:58.771, 157.93, 99, 5225
2026/09/17 20:56:59.771, 154.89, 100, 5225
2026/09/17 20:57:00.780, 158.72, 99, 5225
2026/09/17 20:57:01.780, 160.45, 99, 5225
2026/09/17 20:57:02.780, 155.04, 99, 5225
2026/09/17 20:57:03.780, 156.63, 100, 5225
2026/09/17 20:57:04.781, 162.74, 100, 5225
2026/09/17 20:57:05.789, 155.15, 99, 5225
2026/09/17 20:57:06.789, 155.12, 99, 5225
2026/09/17 20:57:07.790, 161.92, 100, 5225
2026/09/17 20:57:08.790, 157.60, 100, 5225
2026/09/17 20:57:09.790, 155.21, 100, 5225
2026/09/17 20:57:10.799, 159.64, 99, 5225
2026/09/17 20:57:11.799, 160.14, 100, 5225
2026/09/17 20:57:12.799, 154.99, 100, 5225
2026/09/17 20:57:13.799, 115.18, 29, 5225
2026/09/17 20:57:14.800, 88.79, 100, 5225
2026/09/17 20:57:15.800, 157.05, 98, 5225
2026/09/17 20:57:16.800, 156.95, 100, 5225
2026/09/17 20:57:17.800, 157.68, 99, 5225
2026/09/17 20:57:18.801, 157.37, 100, 5225
2026/09/17 20:57:19.801, 157.61, 100, 5225
2026/09/17 20:57:20.801, 158.48, 99, 5225
2026/09/17 20:57:21.801, 157.63, 98, 5225
2026/09/17 20:57:22.801, 157.90, 100, 5225
2026/09/17 20:57:23.802, 158.35, 100, 5225
2026/09/17 20:57:24.802, 157.88, 100, 5225
2026/09/17 20:57:25.810, 156.99, 100, 5225
2026/09/17 20:57:26.811, 158.57, 100, 5225
2026/09/17 20:57:27.811, 157.50, 100, 5225
2026/09/17 20:57:28.811, 156.36, 98, 5225
2026/09/17 20:57:29.811, 157.67, 100, 5225
2026/09/17 20:57:30.811, 158.06, 100, 5225
2026/09/17 20:57:31.812, 156.77, 98, 5225
2026/09/17 20:57:32.812, 156.51, 100, 5225
2026/09/17 20:57:33.812, 157.23, 99, 5225
2026/09/17 20:57:34.812, 156.61, 98, 5225
2026/09/17 20:57:35.812, 158.56, 100, 5225
2026/09/17 20:57:36.813, 157.42, 99, 5225
2026/09/17 20:57:37.813, 156.35, 99, 5225
2026/09/17 20:57:38.813, 157.25, 100, 5225
2026/09/17 20:57:39.813, 157.16, 98, 5225
2026/09/17 20:57:40.813, 157.48, 100, 5225
2026/09/17 20:57:41.814, 157.73, 100, 5225
2026/09/17 20:57:42.814, 156.43, 90, 5225
2026/09/17 20:57:43.814, 157.45, 100, 5225
2026/09/17 20:57:44.814, 157.70, 100, 5225
2026/09/17 20:57:45.814, 156.67, 98, 5225
2026/09/17 20:57:46.815, 157.26, 100, 5225
2026/09/17 20:57:47.815, 157.30, 100, 5225
2026/09/17 20:57:48.824, 156.49, 98, 5225
2026/09/17 20:57:49.824, 157.80, 100, 5225
2026/09/17 20:57:50.824, 157.55, 100, 5225
2026/09/17 20:57:51.824, 156.73, 98, 5225
2026/09/17 20:57:52.824, 157.30, 100, 5225
2026/09/17 20:57:53.824, 157.56, 100, 5225
2026/09/17 20:57:54.825, 156.70, 98, 5225
2026/09/17 20:57:55.825, 157.32, 100, 5225
2026/09/17 20:57:56.825, 157.46, 100, 5225
2026/09/17 20:57:57.825, 156.78, 98, 5225
2026/09/17 20:57:58.826, 156.54, 100, 5225
2026/09/17 20:57:59.826, 157.84, 100, 5225
2026/09/17 20:58:00.826, 157.11, 98, 5225
2026/09/17 20:58:01.826, 157.61, 100, 5225
2026/09/17 20:58:02.826, 157.69, 100, 5225
2026/09/17 20:58:03.827, 157.00, 98, 5225
2026/09/17 20:58:04.827, 157.60, 100, 5225
2026/09/17 20:58:05.827, 157.44, 100, 5225
2026/09/17 20:58:06.827, 156.59, 98, 5225
2026/09/17 20:58:07.827, 158.43, 100, 5225
2026/09/17 20:58:08.828, 156.56, 100, 5225
2026/09/17 20:58:09.828, 156.64, 98, 5225
2026/09/17 20:58:10.828, 157.30, 100, 5225
2026/09/17 20:58:11.828, 157.72, 100, 5225
2026/09/17 20:58:12.828, 157.08, 98, 5225
2026/09/17 20:58:13.829, 156.64, 100, 5225
2026/09/17 20:58:14.829, 157.71, 99, 5225
2026/09/17 20:58:15.829, 156.88, 98, 5225
2026/09/17 20:58:16.829, 157.24, 100, 5225
2026/09/17 20:58:17.829, 157.49, 98, 5225
2026/09/17 20:58:18.830, 157.53, 99, 5225
2026/09/17 20:58:19.830, 157.38, 100, 5225
2026/09/17 20:58:20.830, 157.87, 98, 5225
2026/09/17 20:58:21.830, 157.43, 100, 5225
2026/09/17 20:58:22.831, 157.58, 100, 5225
2026/09/17 20:58:23.831, 157.15, 98, 5225
2026/09/17 20:58:24.831, 157.24, 100, 5225
2026/09/17 20:58:25.831, 157.96, 100, 5225
2026/09/17 20:58:26.831, 157.44, 98, 5225
2026/09/17 20:58:27.832, 157.27, 100, 5225
2026/09/17 20:58:28.832, 157.56, 100, 5225
2026/09/17 20:58:29.832, 157.21, 98, 5225
2026/09/17 20:58:30.832, 157.64, 100, 5225
2026/09/17 20:58:31.833, 157.10, 100, 5225
2026/09/17 20:58:32.833, 156.90, 98, 5225
2026/09/17 20:58:33.833, 157.67, 100, 5225
2026/09/17 20:58:34.833, 156.57, 100, 5225
2026/09/17 20:58:35.834, 156.90, 98, 5225
2026/09/17 20:58:36.834, 157.18, 100, 5225
2026/09/17 20:58:37.834, 157.16, 100, 5225
2026/09/17 20:58:38.834, 157.25, 98, 5225
2026/09/17 20:58:39.835, 156.61, 100, 5225
2026/09/17 20:58:40.835, 157.00, 100, 5225
2026/09/17 20:58:41.835, 156.95, 98, 5225
2026/09/17 20:58:42.835, 157.23, 100, 5225
2026/09/17 20:58:43.835, 157.14, 100, 5225
2026/09/17 20:58:44.836, 156.19, 98, 5225
2026/09/17 20:58:45.836, 157.87, 100, 5225
2026/09/17 20:58:46.836, 157.60, 100, 5225
2026/09/17 20:58:47.836, 157.44, 98, 5225
2026/09/17 20:58:48.837, 157.92, 100, 5225
2026/09/17 20:58:49.837, 157.19, 99, 5225
2026/09/17 20:58:50.837, 156.73, 98, 5225
2026/09/17 20:58:51.837, 157.99, 100, 5225
2026/09/17 20:58:52.837, 157.50, 98, 5225
2026/09/17 20:58:53.838, 157.35, 99, 5225
2026/09/17 20:58:54.838, 157.23, 100, 5225
2026/09/17 20:58:55.838, 157.22, 98, 5225
2026/09/17 20:58:56.838, 157.39, 100, 5225
2026/09/17 20:58:57.838, 157.44, 100, 5225
2026/09/17 20:58:58.839, 157.12, 98, 5225
2026/09/17 20:58:59.839, 157.31, 100, 5225
2026/09/17 20:59:00.848, 157.26, 100, 5225
2026/09/17 20:59:01.848, 156.88, 98, 5225
2026/09/17 20:59:02.848, 157.64, 100, 5225
2026/09/17 20:59:03.848, 157.58, 100, 5225
2026/09/17 20:59:04.848, 156.97, 98, 5225
2026/09/17 20:59:05.849, 157.14, 100, 5225
2026/09/17 20:59:06.849, 157.48, 100, 5225
2026/09/17 20:59:07.849, 156.31, 98, 5225
2026/09/17 20:59:08.849, 157.45, 100, 5225
2026/09/17 20:59:09.850, 157.61, 100, 5225
2026/09/17 20:59:10.850, 156.93, 98, 5225
2026/09/17 20:59:11.850, 157.58, 100, 5225
2026/09/17 20:59:12.850, 157.25, 100, 5225
2026/09/17 20:59:13.851, 156.84, 98, 5225
2026/09/17 20:59:14.851, 157.59, 100, 5225
2026/09/17 20:59:15.860, 157.34, 100, 5225
2026/09/17 20:59:16.860, 156.64, 98, 5225
2026/09/17 20:59:17.860, 157.99, 100, 5225
2026/09/17 20:59:18.860, 157.35, 100, 5225
2026/09/17 20:59:19.860, 156.43, 98, 5225
2026/09/17 20:59:20.869, 157.44, 100, 5225
2026/09/17 20:59:21.869, 157.26, 100, 5225
2026/09/17 20:59:22.869, 156.66, 98, 5225
2026/09/17 20:59:23.870, 157.39, 100, 5225
2026/09/17 20:59:24.870, 157.09, 100, 5225
2026/09/17 20:59:25.870, 156.50, 98, 5225
2026/09/17 20:59:26.870, 157.99, 100, 5225
2026/09/17 20:59:27.870, 157.43, 100, 5225
2026/09/17 20:59:28.871, 156.49, 98, 5225
2026/09/17 20:59:29.871, 158.20, 100, 5225
2026/09/17 20:59:30.871, 156.50, 98, 5225
2026/09/17 20:59:31.871, 157.36, 99, 5225
2026/09/17 20:59:32.871, 157.78, 100, 5225
2026/09/17 20:59:33.872, 157.12, 97, 5225
2026/09/17 20:59:34.872, 157.50, 100, 5225
2026/09/17 20:59:35.872, 156.60, 100, 5225
2026/09/17 20:59:36.872, 157.62, 98, 5225
2026/09/17 20:59:37.873, 157.57, 100, 5225
2026/09/17 20:59:38.873, 157.64, 100, 5225
2026/09/17 20:59:39.873, 156.93, 98, 5225
2026/09/17 20:59:40.873, 156.32, 100, 5225
2026/09/17 20:59:41.873, 158.07, 100, 5225
2026/09/17 20:59:42.874, 157.70, 98, 5225
2026/09/17 20:59:43.874, 157.38, 100, 5225
2026/09/17 20:59:44.874, 157.53, 100, 5225
2026/09/17 20:59:45.874, 155.59, 89, 5225
2026/09/17 20:59:46.874, 156.13, 100, 5225
2026/09/17 20:59:47.875, 157.60, 100, 5225
2026/09/17 20:59:48.875, 156.80, 98, 5225
2026/09/17 20:59:49.875, 157.20, 100, 5225
2026/09/17 20:59:50.875, 157.73, 100, 5225
2026/09/17 20:59:51.875, 156.64, 98, 5225
2026/09/17 20:59:52.876, 157.92, 100, 5225
2026/09/17 20:59:53.876, 157.36, 100, 5225
2026/09/17 20:59:54.876, 157.17, 98, 5225
2026/09/17 20:59:55.876, 157.74, 100, 5225
2026/09/17 20:59:56.876, 156.40, 98, 5225
2026/09/17 20:59:57.877, 157.46, 100, 5225
2026/09/17 20:59:58.877, 157.31, 100, 5225
2026/09/17 20:59:59.877, 157.63, 98, 5225
2026/09/17 21:00:00.877, 157.83, 100, 5225
2026/09/17 21:00:01.878, 157.25, 100, 5225
2026/09/17 21:00:02.878, 157.35, 98, 5225
2026/09/17 21:00:03.878, 157.36, 100, 5225
2026/09/17 21:00:04.878, 157.34, 100, 5225
2026/09/17 21:00:05.879, 157.51, 98, 5225
2026/09/17 21:00:06.879, 157.74, 100, 5225
2026/09/17 21:00:07.879, 157.61, 100, 5225
2026/09/17 21:00:08.879, 157.14, 98, 5225
2026/09/17 21:00:09.879, 157.29, 100, 5225
2026/09/17 21:00:10.880, 157.35, 100, 5225
2026/09/17 21:00:11.887, 156.47, 98, 5225
2026/09/17 21:00:12.887, 157.23, 100, 5225
2026/09/17 21:00:13.887, 157.36, 100, 5225
2026/09/17 21:00:14.888, 156.84, 98, 5225
2026/09/17 21:00:15.888, 157.24, 100, 5225
2026/09/17 21:00:16.888, 157.17, 100, 5225
2026/09/17 21:00:17.888, 156.77, 98, 5225
2026/09/17 21:00:18.888, 157.82, 100, 5225
2026/09/17 21:00:19.889, 157.20, 100, 5225
2026/09/17 21:00:20.889, 156.75, 98, 5225
2026/09/17 21:00:21.889, 157.87, 100, 5225
2026/09/17 21:00:22.889, 157.26, 100, 5225
2026/09/17 21:00:23.890, 157.41, 98, 5225
2026/09/17 21:00:24.890, 157.94, 100, 5225
2026/09/17 21:00:25.890, 157.01, 100, 5225
2026/09/17 21:00:26.899, 156.70, 98, 5225
2026/09/17 21:00:27.899, 157.34, 100, 5225
2026/09/17 21:00:28.899, 156.88, 98, 5225
2026/09/17 21:00:29.899, 157.05, 99, 5225
2026/09/17 21:00:30.899, 157.76, 100, 5225
2026/09/17 21:00:31.908, 156.73, 98, 5225
2026/09/17 21:00:32.908, 157.32, 100, 5225
2026/09/17 21:00:33.908, 157.45, 100, 5225
2026/09/17 21:00:34.909, 157.26, 98, 5225
2026/09/17 21:00:35.909, 157.49, 100, 5225
2026/09/17 21:00:36.909, 157.36, 100, 5225
2026/09/17 21:00:37.909, 157.01, 98, 5225
2026/09/17 21:00:38.910, 157.54, 100, 5225
2026/09/17 21:00:39.910, 157.68, 100, 5225
2026/09/17 21:00:40.910, 156.96, 98, 5225
2026/09/17 21:00:41.911, 157.53, 100, 5225
2026/09/17 21:00:42.911, 157.59, 100, 5225
2026/09/17 21:00:43.911, 156.69, 98, 5225
2026/09/17 21:00:44.911, 157.38, 100, 5225
2026/09/17 21:00:45.911, 157.74, 100, 5225
2026/09/17 21:00:46.912, 156.66, 98, 5225
2026/09/17 21:00:47.912, 157.46, 100, 5225
2026/09/17 21:00:48.912, 157.37, 100, 5225
2026/09/17 21:00:49.912, 156.35, 98, 5225
2026/09/17 21:00:50.913, 158.04, 100, 5225
2026/09/17 21:00:51.913, 157.54, 100, 5225
2026/09/17 21:00:52.913, 156.30, 98, 5225
2026/09/17 21:00:53.913, 158.12, 100, 5225
2026/09/17 21:00:54.913, 157.42, 100, 5225
2026/09/17 21:00:55.914, 157.15, 98, 5225
2026/09/17 21:00:56.914, 158.35, 100, 5225
2026/09/17 21:00:57.914, 157.50, 100, 5225
2026/09/17 21:00:58.914, 157.07, 98, 5225
2026/09/17 21:00:59.915, 158.12, 100, 5225
2026/09/17 21:01:00.915, 157.49, 99, 5225
2026/09/17 21:01:01.915, 157.06, 99, 5225
2026/09/17 21:01:02.915, 157.24, 100, 5225
2026/09/17 21:01:03.915, 157.32, 98, 5225
2026/09/17 21:01:04.916, 157.21, 100, 5225
2026/09/17 21:01:05.916, 157.34, 100, 5225
2026/09/17 21:01:06.916, 155.88, 98, 5225
2026/09/17 21:01:07.916, 157.22, 100, 5225
2026/09/17 21:01:08.916, 157.57, 100, 5225
2026/09/17 21:01:09.917, 157.02, 98, 5225
2026/09/17 21:01:10.917, 157.46, 100, 5225
2026/09/17 21:01:11.917, 156.35, 100, 5225
2026/09/17 21:01:12.917, 160.33, 100, 5225
2026/09/17 21:01:13.918, 158.37, 100, 5225
2026/09/17 21:01:14.918, 154.95, 99, 5225
2026/09/17 21:01:15.918, 159.36, 99, 5225
2026/09/17 21:01:16.918, 161.08, 100, 5225
2026/09/17 21:01:17.918, 154.82, 100, 5225
2026/09/17 21:01:18.919, 156.64, 99, 5225
2026/09/17 21:01:19.919, 163.50, 99, 5225
2026/09/17 21:01:20.919, 154.81, 100, 5225
2026/09/17 21:01:21.919, 154.76, 100, 5225
2026/09/17 21:01:22.920, 162.72, 100, 5225
2026/09/17 21:01:23.920, 157.11, 99, 5225
2026/09/17 21:01:24.920, 154.99, 100, 5225
2026/09/17 21:01:25.920, 160.28, 100, 5225
2026/09/17 21:01:26.920, 160.05, 100, 5225
2026/09/17 21:01:27.921, 154.57, 99, 5225
2026/09/17 21:01:28.921, 157.33, 99, 5225
2026/09/17 21:01:29.921, 161.76, 100, 5225
2026/09/17 21:01:30.921, 155.10, 100, 5225
2026/09/17 21:01:31.921, 155.11, 98, 5225
2026/09/17 21:01:32.922, 162.61, 99, 5225
2026/09/17 21:01:33.930, 156.42, 100, 5225
2026/09/17 21:01:34.930, 155.22, 100, 5225
2026/09/17 21:01:35.931, 160.55, 99, 5225
2026/09/17 21:01:36.931, 158.80, 99, 5225
2026/09/17 21:01:37.931, 155.06, 100, 5225
2026/09/17 21:01:38.940, 158.27, 100, 5225
2026/09/17 21:01:39.940, 161.35, 99, 5225
2026/09/17 21:01:40.940, 155.25, 99, 5225
2026/09/17 21:01:41.940, 138.19, 30, 5225
2026/09/17 21:01:42.941, 64.73, 98, 5225
2026/09/17 21:01:43.941, 158.14, 100, 5225
2026/09/17 21:01:44.941, 157.43, 100, 5225
2026/09/17 21:01:45.941, 157.27, 98, 5225
2026/09/17 21:01:46.942, 157.84, 100, 5225
2026/09/17 21:01:47.942, 157.12, 100, 5225
2026/09/17 21:01:48.951, 156.90, 98, 5225
2026/09/17 21:01:49.951, 157.34, 100, 5225
2026/09/17 21:01:50.951, 157.51, 100, 5225
2026/09/17 21:01:51.951, 157.13, 98, 5225
2026/09/17 21:01:52.951, 158.11, 100, 5225
2026/09/17 21:01:53.952, 157.06, 99, 5225
2026/09/17 21:01:54.952, 157.34, 98, 5225
2026/09/17 21:01:55.952, 158.03, 100, 5225
2026/09/17 21:01:56.952, 157.46, 100, 5225
2026/09/17 21:01:57.952, 156.85, 98, 5225
2026/09/17 21:01:58.953, 158.55, 100, 5225
2026/09/17 21:01:59.953, 157.81, 100, 5225
2026/09/17 21:02:00.953, 157.62, 98, 5225
2026/09/17 21:02:01.953, 158.15, 100, 5225
2026/09/17 21:02:02.954, 157.55, 100, 5225
2026/09/17 21:02:03.954, 157.67, 98, 5225
2026/09/17 21:02:04.954, 157.99, 100, 5225
2026/09/17 21:02:05.954, 157.57, 100, 5225
2026/09/17 21:02:06.954, 157.33, 98, 5225
2026/09/17 21:02:07.955, 158.13, 100, 5225
2026/09/17 21:02:08.963, 157.20, 100, 5225
2026/09/17 21:02:09.964, 157.00, 98, 5225
2026/09/17 21:02:10.964, 157.47, 100, 5225
2026/09/17 21:02:11.964, 157.56, 100, 5225
2026/09/17 21:02:12.964, 157.31, 98, 5225
2026/09/17 21:02:13.973, 157.51, 100, 5225
2026/09/17 21:02:14.973, 157.38, 100, 5225
2026/09/17 21:02:15.973, 157.20, 98, 5225
2026/09/17 21:02:16.974, 158.33, 100, 5225
2026/09/17 21:02:17.974, 157.43, 100, 5225
2026/09/17 21:02:18.983, 157.52, 98, 5225
2026/09/17 21:02:19.983, 157.34, 100, 5225
2026/09/17 21:02:20.983, 157.65, 100, 5225
2026/09/17 21:02:21.983, 157.35, 98, 5225
2026/09/17 21:02:22.984, 157.77, 100, 5225
2026/09/17 21:02:23.984, 156.88, 98, 5225
2026/09/17 21:02:24.984, 157.05, 98, 5225
2026/09/17 21:02:25.984, 157.95, 100, 5225
2026/09/17 21:02:26.984, 157.10, 98, 5225
2026/09/17 21:02:27.985, 157.70, 98, 5225
2026/09/17 21:02:28.985, 157.83, 100, 5225
2026/09/17 21:02:29.985, 157.28, 98, 5225
2026/09/17 21:02:30.985, 157.63, 99, 5225
2026/09/17 21:02:31.986, 157.42, 100, 5225
2026/09/17 21:02:32.986, 157.62, 98, 5225
2026/09/17 21:02:33.986, 157.89, 100, 5225
2026/09/17 21:02:34.995, 157.59, 100, 5225
2026/09/17 21:02:35.995, 157.37, 98, 5225
2026/09/17 21:02:36.995, 157.92, 100, 5225
2026/09/17 21:02:37.995, 157.62, 100, 5225
2026/09/17 21:02:38.996, 157.43, 98, 5225
2026/09/17 21:02:39.996, 157.94, 100, 5225
2026/09/17 21:02:40.996, 157.61, 100, 5225
2026/09/17 21:02:41.996, 156.87, 97, 5225
2026/09/17 21:02:42.997, 157.57, 100, 5225
2026/09/17 21:02:43.997, 157.64, 100, 5225
2026/09/17 21:02:44.997, 157.59, 98, 5225
2026/09/17 21:02:45.997, 157.59, 100, 5225
2026/09/17 21:02:46.997, 157.56, 100, 5225
2026/09/17 21:02:47.998, 156.95, 98, 5225
2026/09/17 21:02:48.998, 157.54, 100, 5225
2026/09/17 21:02:49.998, 157.62, 100, 5225
2026/09/17 21:02:50.998, 156.99, 98, 5225
2026/09/17 21:02:51.999, 157.61, 100, 5225
2026/09/17 21:02:52.999, 157.33, 100, 5225
2026/09/17 21:02:53.999, 156.75, 98, 5225
2026/09/17 21:02:54.999, 157.70, 100, 5225
2026/09/17 21:02:56.000, 157.68, 100, 5225
2026/09/17 21:02:57.000, 156.96, 98, 5225
2026/09/17 21:02:58.000, 157.49, 100, 5225
2026/09/17 21:02:59.000, 157.48, 100, 5225
2026/09/17 21:03:00.000, 156.79, 98, 5225
2026/09/17 21:03:01.001, 157.57, 100, 5225
2026/09/17 21:03:02.001, 157.42, 100, 5225
2026/09/17 21:03:03.001, 156.43, 98, 5225
2026/09/17 21:03:04.002, 157.53, 100, 5225
2026/09/17 21:03:05.002, 157.27, 100, 5225
2026/09/17 21:03:06.002, 156.84, 98, 5225
2026/09/17 21:03:07.002, 157.64, 100, 5225
2026/09/17 21:03:08.003, 157.44, 100, 5225
2026/09/17 21:03:09.003, 156.51, 98, 5225
2026/09/17 21:03:10.003, 157.64, 100, 5225
2026/09/17 21:03:11.012, 157.38, 100, 5225
2026/09/17 21:03:12.012, 156.25, 98, 5225
2026/09/17 21:03:13.012, 157.92, 100, 5225
2026/09/17 21:03:14.012, 157.60, 100, 5225
2026/09/17 21:03:15.013, 156.70, 98, 5225
2026/09/17 21:03:16.021, 158.31, 100, 5225
2026/09/17 21:03:17.022, 157.42, 98, 5225
2026/09/17 21:03:18.022, 157.04, 98, 5225
2026/09/17 21:03:19.022, 158.15, 100, 5225
2026/09/17 21:03:20.022, 157.76, 98, 5225
2026/09/17 21:03:21.031, 157.31, 99, 5225
2026/09/17 21:03:22.031, 157.39, 100, 5225
2026/09/17 21:03:23.031, 157.24, 98, 5225
2026/09/17 21:03:24.032, 157.25, 100, 5225
2026/09/17 21:03:25.032, 157.66, 100, 5225
2026/09/17 21:03:26.041, 156.89, 98, 5225
2026/09/17 21:03:27.041, 157.07, 100, 5225
2026/09/17 21:03:28.041, 157.74, 100, 5225
2026/09/17 21:03:29.041, 157.37, 98, 5225
2026/09/17 21:03:30.041, 157.32, 100, 5225
2026/09/17 21:03:31.042, 157.27, 100, 5225
2026/09/17 21:03:32.042, 156.69, 98, 5225
2026/09/17 21:03:33.042, 157.39, 100, 5225
2026/09/17 21:03:34.042, 157.75, 100, 5225
2026/09/17 21:03:35.043, 156.98, 98, 5225
2026/09/17 21:03:36.043, 157.15, 100, 5225
2026/09/17 21:03:37.043, 157.70, 100, 5225
2026/09/17 21:03:38.043, 156.94, 98, 5225
2026/09/17 21:03:39.043, 157.34, 100, 5225
2026/09/17 21:03:40.044, 157.84, 100, 5225
2026/09/17 21:03:41.044, 156.73, 98, 5225
2026/09/17 21:03:42.044, 157.24, 100, 5225
2026/09/17 21:03:43.044, 157.75, 100, 5225
2026/09/17 21:03:44.045, 156.54, 98, 5225
2026/09/17 21:03:45.045, 156.96, 100, 5225
2026/09/17 21:03:46.045, 157.31, 100, 5225
2026/09/17 21:03:47.045, 157.21, 98, 5225
2026/09/17 21:03:48.045, 157.92, 100, 5225
2026/09/17 21:03:49.046, 157.83, 100, 5225
2026/09/17 21:03:50.046, 156.62, 98, 5225
2026/09/17 21:03:51.046, 157.26, 100, 5225
2026/09/17 21:03:52.046, 157.38, 98, 5225
2026/09/17 21:03:53.047, 157.40, 100, 5225
2026/09/17 21:03:54.047, 157.25, 100, 5225
2026/09/17 21:03:55.047, 157.41, 98, 5225
2026/09/17 21:03:56.047, 157.73, 100, 5225
2026/09/17 21:03:57.048, 157.54, 100, 5225
2026/09/17 21:03:58.048, 157.46, 98, 5225
2026/09/17 21:03:59.048, 157.60, 100, 5225
2026/09/17 21:04:00.057, 157.35, 100, 5225
2026/09/17 21:04:01.057, 157.28, 98, 5225
2026/09/17 21:04:02.057, 157.38, 100, 5225
2026/09/17 21:04:03.057, 157.21, 100, 5225
2026/09/17 21:04:04.058, 156.97, 98, 5225
2026/09/17 21:04:05.058, 157.76, 100, 5225
2026/09/17 21:04:06.058, 157.14, 100, 5225
2026/09/17 21:04:07.058, 156.99, 98, 5225
2026/09/17 21:04:08.058, 157.35, 100, 5225
2026/09/17 21:04:09.059, 157.29, 100, 5225
2026/09/17 21:04:10.067, 157.07, 98, 5225
2026/09/17 21:04:11.068, 157.38, 100, 5225
2026/09/17 21:04:12.068, 157.04, 100, 5225
2026/09/17 21:04:13.068, 156.92, 98, 5225
2026/09/17 21:04:14.068, 157.63, 100, 5225
2026/09/17 21:04:15.069, 157.23, 100, 5225
2026/09/17 21:04:16.069, 157.52, 98, 5225
2026/09/17 21:04:17.069, 157.70, 100, 5225
2026/09/17 21:04:18.069, 157.20, 100, 5225
2026/09/17 21:04:19.069, 157.02, 98, 5225
2026/09/17 21:04:20.070, 157.10, 100, 5225
2026/09/17 21:04:21.070, 157.31, 98, 5225
2026/09/17 21:04:22.070, 157.33, 99, 5225
2026/09/17 21:04:23.070, 157.49, 100, 5225
2026/09/17 21:04:24.070, 156.94, 98, 5225
2026/09/17 21:04:25.071, 156.47, 100, 5225
2026/09/17 21:04:26.071, 157.55, 100, 5225
2026/09/17 21:04:27.071, 156.96, 98, 5225
2026/09/17 21:04:28.071, 157.48, 100, 5225
2026/09/17 21:04:29.071, 157.71, 100, 5225
2026/09/17 21:04:30.072, 155.49, 90, 5225
2026/09/17 21:04:31.072, 156.59, 100, 5225
2026/09/17 21:04:32.072, 158.26, 100, 5225
2026/09/17 21:04:33.072, 156.86, 98, 5225
2026/09/17 21:04:34.073, 157.35, 100, 5225
2026/09/17 21:04:35.073, 157.71, 100, 5225
2026/09/17 21:04:36.073, 155.64, 98, 5225
2026/09/17 21:04:37.073, 157.38, 100, 5225
2026/09/17 21:04:38.074, 157.57, 100, 5225
2026/09/17 21:04:39.074, 156.53, 98, 5225
2026/09/17 21:04:40.074, 157.52, 100, 5225
2026/09/17 21:04:41.083, 157.59, 100, 5225
2026/09/17 21:04:42.083, 156.60, 98, 5225
2026/09/17 21:04:43.083, 157.61, 100, 5225
2026/09/17 21:04:44.084, 157.51, 100, 5225
2026/09/17 21:04:45.084, 157.39, 98, 5225
2026/09/17 21:04:46.084, 157.08, 100, 5225
2026/09/17 21:04:47.084, 157.70, 100, 5225
2026/09/17 21:04:48.084, 156.99, 98, 5225
2026/09/17 21:04:49.085, 157.29, 100, 5225
2026/09/17 21:04:50.085, 158.24, 98, 5225
2026/09/17 21:04:51.085, 157.14, 100, 5225
2026/09/17 21:04:52.085, 157.29, 100, 5225
2026/09/17 21:04:53.085, 157.60, 98, 5225
2026/09/17 21:04:54.086, 157.22, 100, 5225
2026/09/17 21:04:55.086, 157.63, 100, 5225
2026/09/17 21:04:56.086, 157.70, 98, 5225
2026/09/17 21:04:57.086, 157.31, 100, 5225
2026/09/17 21:04:58.087, 157.50, 100, 5225
2026/09/17 21:04:59.087, 157.76, 98, 5225
2026/09/17 21:05:00.087, 157.16, 100, 5225
2026/09/17 21:05:01.096, 157.63, 100, 5225
2026/09/17 21:05:02.096, 157.73, 100, 5225
2026/09/17 21:05:03.096, 157.20, 98, 5225
2026/09/17 21:05:04.097, 157.77, 100, 5225
2026/09/17 21:05:05.097, 157.66, 100, 5225
2026/09/17 21:05:06.105, 156.85, 98, 5225
2026/09/17 21:05:07.106, 157.86, 100, 5225
2026/09/17 21:05:08.106, 157.56, 100, 5225
2026/09/17 21:05:09.106, 156.95, 98, 5225
2026/09/17 21:05:10.106, 157.68, 100, 5225
2026/09/17 21:05:11.115, 157.75, 100, 5225
2026/09/17 21:05:12.115, 156.70, 98, 5225
2026/09/17 21:05:13.115, 158.13, 100, 5225
2026/09/17 21:05:14.116, 157.63, 100, 5225
2026/09/17 21:05:15.116, 157.31, 98, 5225
2026/09/17 21:05:16.116, 157.83, 100, 5225
2026/09/17 21:05:17.116, 157.29, 100, 5225
2026/09/17 21:05:18.116, 156.50, 98, 5225
2026/09/17 21:05:19.117, 157.28, 100, 5225
2026/09/17 21:05:20.117, 157.33, 100, 5225
2026/09/17 21:05:21.125, 156.32, 98, 5225
2026/09/17 21:05:22.126, 157.40, 100, 5225
2026/09/17 21:05:23.126, 157.32, 100, 5225
2026/09/17 21:05:24.126, 157.31, 98, 5225
2026/09/17 21:05:25.126, 158.13, 100, 5225
2026/09/17 21:05:26.126, 157.30, 100, 5225
2026/09/17 21:05:27.127, 156.44, 98, 5225
2026/09/17 21:05:28.127, 158.12, 100, 5225
2026/09/17 21:05:29.127, 157.03, 98, 5225
2026/09/17 21:05:30.127, 156.88, 99, 5225
2026/09/17 21:05:31.136, 157.36, 100, 5225
2026/09/17 21:05:32.136, 157.29, 98, 5225
2026/09/17 21:05:33.136, 157.11, 100, 5225
2026/09/17 21:05:34.137, 157.45, 100, 5225
2026/09/17 21:05:35.137, 156.81, 98, 5225
2026/09/17 21:05:36.137, 156.98, 100, 5225
2026/09/17 21:05:37.137, 157.65, 100, 5225
2026/09/17 21:05:38.138, 156.83, 98, 5225
2026/09/17 21:05:39.138, 157.27, 100, 5225
2026/09/17 21:05:40.138, 157.39, 100, 5225
2026/09/17 21:05:41.147, 159.01, 99, 5225
2026/09/17 21:05:42.147, 159.70, 100, 5225
2026/09/17 21:05:43.147, 154.99, 100, 5225
2026/09/17 21:05:44.148, 157.05, 100, 5225
2026/09/17 21:05:45.148, 161.93, 99, 5225
2026/09/17 21:05:46.148, 155.00, 100, 5225
2026/09/17 21:05:47.148, 154.77, 100, 5225
2026/09/17 21:05:48.148, 162.23, 100, 5225
2026/09/17 21:05:49.149, 156.19, 99, 5225
2026/09/17 21:05:50.149, 154.65, 100, 5225
2026/09/17 21:05:51.149, 160.03, 100, 5225
2026/09/17 21:05:52.149, 159.78, 99, 5225
2026/09/17 21:05:53.149, 154.93, 99, 5225
2026/09/17 21:05:54.150, 157.55, 99, 5225
2026/09/17 21:05:55.150, 161.63, 100, 5225
2026/09/17 21:05:56.150, 155.00, 99, 5225
2026/09/17 21:05:57.150, 155.38, 98, 5225
2026/09/17 21:05:58.150, 163.21, 99, 5225
2026/09/17 21:05:59.151, 156.62, 100, 5225
2026/09/17 21:06:00.151, 154.58, 100, 5225
2026/09/17 21:06:01.151, 160.36, 99, 5225
2026/09/17 21:06:02.160, 158.32, 99, 5225
2026/09/17 21:06:03.160, 154.80, 100, 5225
2026/09/17 21:06:04.160, 158.14, 100, 5225
2026/09/17 21:06:05.160, 161.15, 99, 5225
2026/09/17 21:06:06.161, 154.88, 99, 5225
2026/09/17 21:06:07.161, 155.79, 100, 5225
2026/09/17 21:06:08.161, 163.19, 100, 5225
2026/09/17 21:06:09.161, 156.18, 99, 5225
2026/09/17 21:06:10.162, 155.07, 99, 5225
2026/09/17 21:06:11.162, 49.20, 8, 5225
2026/09/17 21:06:12.170, 143.82, 100, 5225
2026/09/17 21:06:13.171, 156.62, 98, 5225
2026/09/17 21:06:14.171, 157.46, 100, 5225
2026/09/17 21:06:15.171, 157.37, 100, 5225
2026/09/17 21:06:16.171, 157.62, 98, 5225
2026/09/17 21:06:17.180, 157.40, 100, 5225
2026/09/17 21:06:18.180, 157.66, 100, 5225
2026/09/17 21:06:19.181, 157.10, 98, 5225
2026/09/17 21:06:20.181, 157.12, 100, 5225
2026/09/17 21:06:21.181, 157.63, 100, 5225
2026/09/17 21:06:22.190, 156.67, 98, 5225
2026/09/17 21:06:23.190, 157.38, 100, 5225
2026/09/17 21:06:24.190, 157.68, 100, 5225
2026/09/17 21:06:25.190, 157.35, 98, 5225
2026/09/17 21:06:26.191, 157.49, 100, 5225
2026/09/17 21:06:27.191, 157.31, 100, 5225
2026/09/17 21:06:28.191, 156.80, 98, 5225
2026/09/17 21:06:29.191, 157.30, 100, 5225
2026/09/17 21:06:30.191, 157.56, 100, 5225
2026/09/17 21:06:31.192, 157.19, 98, 5225
2026/09/17 21:06:32.200, 157.75, 100, 5225
2026/09/17 21:06:33.201, 158.01, 100, 5225
2026/09/17 21:06:34.201, 156.80, 98, 5225
2026/09/17 21:06:35.201, 157.43, 100, 5225
2026/09/17 21:06:36.201, 157.09, 100, 5225
2026/09/17 21:06:37.210, 156.96, 98, 5225
2026/09/17 21:06:38.210, 157.36, 100, 5225
2026/09/17 21:06:39.210, 157.46, 100, 5225
2026/09/17 21:06:40.210, 156.96, 98, 5225
2026/09/17 21:06:41.211, 158.18, 100, 5225
2026/09/17 21:06:42.219, 157.36, 100, 5225
2026/09/17 21:06:43.220, 156.77, 98, 5225
2026/09/17 21:06:44.220, 158.07, 100, 5225
2026/09/17 21:06:45.220, 157.38, 100, 5225
2026/09/17 21:06:46.220, 156.66, 98, 5225
2026/09/17 21:06:47.221, 157.18, 100, 5225
2026/09/17 21:06:48.221, 157.79, 100, 5225
2026/09/17 21:06:49.221, 157.70, 98, 5225
2026/09/17 21:06:50.221, 157.49, 100, 5225
2026/09/17 21:06:51.221, 157.67, 100, 5225
2026/09/17 21:06:52.222, 156.81, 98, 5225
2026/09/17 21:06:53.222, 157.67, 100, 5225
2026/09/17 21:06:54.222, 157.51, 100, 5225
2026/09/17 21:06:55.222, 157.58, 98, 5225
2026/09/17 21:06:56.223, 157.87, 100, 5225
2026/09/17 21:06:57.223, 157.31, 100, 5225
2026/09/17 21:06:58.223, 156.38, 98, 5225
2026/09/17 21:06:59.223, 157.59, 100, 5225
2026/09/17 21:07:00.224, 157.45, 100, 5225
2026/09/17 21:07:01.224, 156.76, 98, 5225
2026/09/17 21:07:02.224, 157.72, 100, 5225
2026/09/17 21:07:03.224, 157.21, 100, 5225
2026/09/17 21:07:04.224, 156.73, 98, 5225
2026/09/17 21:07:05.225, 157.51, 100, 5225
2026/09/17 21:07:06.225, 157.51, 100, 5225
2026/09/17 21:07:07.225, 156.97, 98, 5225
2026/09/17 21:07:08.225, 157.66, 100, 5225
2026/09/17 21:07:09.226, 157.38, 100, 5225
2026/09/17 21:07:10.226, 157.14, 98, 5225
2026/09/17 21:07:11.226, 157.62, 100, 5225
2026/09/17 21:07:12.226, 157.71, 100, 5225
2026/09/17 21:07:13.226, 156.82, 98, 5225
2026/09/17 21:07:14.227, 157.76, 100, 5225
2026/09/17 21:07:15.227, 157.47, 100, 5225
2026/09/17 21:07:16.227, 156.68, 98, 5225
2026/09/17 21:07:17.227, 157.89, 100, 5225
2026/09/17 21:07:18.228, 157.37, 100, 5225
2026/09/17 21:07:19.228, 156.52, 98, 5225
2026/09/17 21:07:20.228, 157.81, 100, 5225
2026/09/17 21:07:21.228, 157.76, 100, 5225
2026/09/17 21:07:22.237, 156.66, 98, 5225
2026/09/17 21:07:23.237, 157.66, 100, 5225
2026/09/17 21:07:24.237, 157.12, 100, 5225
2026/09/17 21:07:25.238, 156.79, 98, 5225
2026/09/17 21:07:26.238, 157.65, 100, 5225
2026/09/17 21:07:27.238, 157.40, 100, 5225
2026/09/17 21:07:28.238, 157.39, 98, 5225
2026/09/17 21:07:29.238, 158.36, 100, 5225
2026/09/17 21:07:30.239, 157.61, 100, 5225
2026/09/17 21:07:31.239, 156.76, 98, 5225
2026/09/17 21:07:32.239, 158.29, 100, 5225
2026/09/17 21:07:33.239, 157.65, 100, 5225
2026/09/17 21:07:34.240, 157.24, 98, 5225
2026/09/17 21:07:35.240, 158.36, 100, 5225
2026/09/17 21:07:36.240, 157.74, 100, 5225
2026/09/17 21:07:37.240, 157.02, 98, 5225
2026/09/17 21:07:38.240, 157.47, 100, 5225
2026/09/17 21:07:39.241, 157.75, 100, 5225
2026/09/17 21:07:40.241, 156.83, 98, 5225
2026/09/17 21:07:41.241, 157.01, 100, 5225
2026/09/17 21:07:42.241, 157.55, 100, 5225
2026/09/17 21:07:43.242, 157.35, 98, 5225
2026/09/17 21:07:44.242, 158.62, 100, 5225
2026/09/17 21:07:45.242, 158.05, 100, 5225
2026/09/17 21:07:46.242, 156.68, 89, 5225
2026/09/17 21:07:47.243, 158.34, 100, 5225
2026/09/17 21:07:48.243, 157.96, 99, 5225
2026/09/17 21:07:49.243, 157.22, 98, 5225
2026/09/17 21:07:50.243, 158.32, 100, 5225
2026/09/17 21:07:51.244, 158.15, 98, 5225
2026/09/17 21:07:52.244, 157.40, 99, 5225
2026/09/17 21:07:53.244, 157.97, 100, 5225
2026/09/17 21:07:54.244, 157.70, 98, 5225
2026/09/17 21:07:55.244, 157.36, 99, 5225
2026/09/17 21:07:56.245, 157.88, 100, 5225
2026/09/17 21:07:57.245, 156.75, 98, 5225
2026/09/17 21:07:58.245, 157.53, 100, 5225
2026/09/17 21:07:59.245, 157.73, 100, 5225
2026/09/17 21:08:00.246, 157.06, 98, 5225
2026/09/17 21:08:01.246, 157.71, 100, 5225
2026/09/17 21:08:02.246, 158.02, 100, 5225
2026/09/17 21:08:03.246, 157.82, 98, 5225
2026/09/17 21:08:04.246, 157.83, 100, 5225
2026/09/17 21:08:05.247, 158.04, 100, 5225
2026/09/17 21:08:06.247, 158.04, 98, 5225
2026/09/17 21:08:07.256, 157.61, 100, 5225
2026/09/17 21:08:08.256, 157.63, 100, 5225
2026/09/17 21:08:09.256, 157.82, 98, 5225
2026/09/17 21:08:10.256, 157.67, 100, 5225
2026/09/17 21:08:11.257, 157.94, 100, 5225
2026/09/17 21:08:12.257, 156.95, 98, 5225
2026/09/17 21:08:13.257, 157.38, 100, 5225
2026/09/17 21:08:14.257, 157.86, 100, 5225
2026/09/17 21:08:15.257, 157.41, 98, 5225
2026/09/17 21:08:16.258, 157.50, 100, 5225
2026/09/17 21:08:17.266, 157.90, 100, 5225
2026/09/17 21:08:18.266, 157.52, 98, 5225
2026/09/17 21:08:19.267, 157.29, 100, 5225
2026/09/17 21:08:20.267, 158.13, 100, 5225
2026/09/17 21:08:21.267, 157.20, 98, 5225
2026/09/17 21:08:22.276, 157.57, 100, 5225
2026/09/17 21:08:23.276, 157.95, 100, 5225
2026/09/17 21:08:24.276, 157.30, 98, 5225
2026/09/17 21:08:25.276, 157.68, 100, 5225
2026/09/17 21:08:26.277, 157.66, 100, 5225
2026/09/17 21:08:27.285, 157.03, 98, 5225
2026/09/17 21:08:28.286, 157.18, 100, 5225
2026/09/17 21:08:29.286, 157.57, 100, 5225
2026/09/17 21:08:30.286, 156.94, 98, 5225
2026/09/17 21:08:31.286, 157.41, 100, 5225
2026/09/17 21:08:32.295, 157.80, 100, 5225
2026/09/17 21:08:33.295, 157.33, 98, 5225
2026/09/17 21:08:34.295, 157.58, 100, 5225
2026/09/17 21:08:35.296, 157.51, 100, 5225
2026/09/17 21:08:36.296, 156.89, 98, 5225
2026/09/17 21:08:37.296, 157.51, 100, 5225
2026/09/17 21:08:38.296, 157.68, 100, 5225
2026/09/17 21:08:39.297, 157.06, 98, 5225
2026/09/17 21:08:40.297, 157.28, 100, 5225
2026/09/17 21:08:41.297, 157.49, 100, 5225
2026/09/17 21:08:42.297, 157.38, 98, 5225
2026/09/17 21:08:43.298, 156.86, 100, 5225
2026/09/17 21:08:44.298, 157.41, 100, 5225
2026/09/17 21:08:45.298, 156.85, 98, 5225
2026/09/17 21:08:46.298, 157.88, 100, 5225
2026/09/17 21:08:47.299, 157.72, 100, 5225
2026/09/17 21:08:48.299, 157.24, 98, 5225
2026/09/17 21:08:49.299, 157.37, 100, 5225
2026/09/17 21:08:50.299, 157.49, 100, 5225
2026/09/17 21:08:51.300, 156.61, 98, 5225
2026/09/17 21:08:52.309, 157.23, 100, 5225
2026/09/17 21:08:53.309, 157.92, 100, 5225
2026/09/17 21:08:54.309, 157.32, 98, 5225
2026/09/17 21:08:55.309, 157.58, 100, 5225
2026/09/17 21:08:56.309, 157.61, 100, 5225
2026/09/17 21:08:57.310, 156.87, 98, 5225
2026/09/17 21:08:58.310, 157.21, 100, 5225
2026/09/17 21:08:59.310, 157.65, 100, 5225
2026/09/17 21:09:00.310, 156.67, 98, 5225
2026/09/17 21:09:01.311, 157.33, 100, 5225
2026/09/17 21:09:02.311, 156.50, 100, 5225
2026/09/17 21:09:03.311, 156.73, 98, 5225
2026/09/17 21:09:04.311, 157.02, 100, 5225
2026/09/17 21:09:05.312, 157.41, 100, 5225
2026/09/17 21:09:06.312, 156.39, 98, 5225
2026/09/17 21:09:07.312, 157.78, 100, 5225
2026/09/17 21:09:08.312, 157.21, 100, 5225
2026/09/17 21:09:09.312, 156.33, 98, 5225
2026/09/17 21:09:10.313, 156.89, 100, 5225
2026/09/17 21:09:11.313, 157.43, 100, 5225
2026/09/17 21:09:12.313, 156.68, 98, 5225
2026/09/17 21:09:13.313, 157.22, 100, 5225
2026/09/17 21:09:14.314, 157.67, 100, 5225
2026/09/17 21:09:15.314, 156.63, 98, 5225
2026/09/17 21:09:16.314, 158.08, 100, 5225
2026/09/17 21:09:17.314, 157.73, 98, 5225
2026/09/17 21:09:18.314, 157.29, 98, 5225
2026/09/17 21:09:19.315, 158.24, 100, 5225
2026/09/17 21:09:20.315, 157.97, 99, 5225
2026/09/17 21:09:21.315, 156.70, 98, 5225
2026/09/17 21:09:22.315, 156.78, 100, 5225
2026/09/17 21:09:23.316, 156.94, 98, 5225
2026/09/17 21:09:24.316, 157.89, 100, 5225
2026/09/17 21:09:25.316, 157.09, 100, 5225
2026/09/17 21:09:26.316, 157.27, 98, 5225
2026/09/17 21:09:27.317, 157.79, 100, 5225
2026/09/17 21:09:28.317, 157.57, 100, 5225
2026/09/17 21:09:29.317, 157.82, 98, 5225
2026/09/17 21:09:30.317, 157.54, 100, 5225
2026/09/17 21:09:31.318, 157.29, 100, 5225
2026/09/17 21:09:32.318, 156.82, 90, 5225
2026/09/17 21:09:33.318, 156.06, 100, 5225
2026/09/17 21:09:34.318, 157.17, 100, 5225
2026/09/17 21:09:35.319, 157.35, 98, 5225
2026/09/17 21:09:36.319, 157.57, 100, 5225
2026/09/17 21:09:37.319, 157.34, 100, 5225
2026/09/17 21:09:38.319, 155.76, 98, 5225
2026/09/17 21:09:39.320, 157.35, 100, 5225
2026/09/17 21:09:40.320, 157.12, 100, 5225
2026/09/17 21:09:41.320, 156.87, 98, 5225
2026/09/17 21:09:42.320, 157.73, 100, 5225
2026/09/17 21:09:43.320, 156.21, 100, 5225
2026/09/17 21:09:44.321, 156.82, 98, 5225
2026/09/17 21:09:45.321, 157.16, 100, 5225
2026/09/17 21:09:46.321, 157.12, 100, 5225
2026/09/17 21:09:47.321, 157.00, 98, 5225
2026/09/17 21:09:48.322, 157.39, 100, 5225
2026/09/17 21:09:49.322, 157.11, 100, 5225
2026/09/17 21:09:50.322, 156.96, 98, 5225
2026/09/17 21:09:51.322, 157.32, 100, 5225
2026/09/17 21:09:52.322, 157.02, 100, 5225
2026/09/17 21:09:53.323, 156.77, 98, 5225
2026/09/17 21:09:54.323, 157.42, 100, 5225
2026/09/17 21:09:55.323, 157.16, 100, 5225
2026/09/17 21:09:56.323, 156.63, 98, 5225
2026/09/17 21:09:57.323, 157.44, 100, 5225
2026/09/17 21:09:58.324, 157.29, 100, 5225
2026/09/17 21:09:59.324, 156.71, 98, 5225
2026/09/17 21:10:00.324, 158.08, 100, 5225
2026/09/17 21:10:01.324, 157.44, 99, 5225
2026/09/17 21:10:02.325, 156.90, 98, 5225
2026/09/17 21:10:03.333, 157.31, 100, 5225
2026/09/17 21:10:04.333, 157.20, 98, 5225
2026/09/17 21:10:05.334, 157.35, 99, 5225
2026/09/17 21:10:06.334, 157.11, 100, 5225
2026/09/17 21:10:07.334, 156.87, 98, 5225
2026/09/17 21:10:08.337, 156.47, 100, 5225
2026/09/17 21:10:09.338, 159.65, 99, 5225
2026/09/17 21:10:10.338, 159.47, 99, 5225
2026/09/17 21:10:11.338, 155.04, 99, 5225
2026/09/17 21:10:12.338, 158.01, 99, 5225
2026/09/17 21:10:13.347, 162.51, 100, 5225
2026/09/17 21:10:14.347, 154.93, 99, 5225
2026/09/17 21:10:15.347, 155.72, 99, 5225
2026/09/17 21:10:16.348, 162.80, 99, 5225
2026/09/17 21:10:17.348, 155.90, 100, 5225
2026/09/17 21:10:18.357, 155.00, 99, 5225
2026/09/17 21:10:19.357, 160.80, 100, 5225
2026/09/17 21:10:20.357, 158.68, 100, 5225
2026/09/17 21:10:21.357, 155.09, 100, 5225
2026/09/17 21:10:22.357, 158.44, 100, 5225
2026/09/17 21:10:23.358, 160.42, 99, 5225
2026/09/17 21:10:24.358, 155.07, 100, 5225
2026/09/17 21:10:25.358, 156.30, 99, 5225
2026/09/17 21:10:26.358, 163.39, 100, 5225
2026/09/17 21:10:27.358, 155.07, 99, 5225
2026/09/17 21:10:28.367, 155.03, 100, 5225
2026/09/17 21:10:29.367, 162.11, 99, 5225
2026/09/17 21:10:30.368, 157.45, 100, 5225
2026/09/17 21:10:31.368, 154.85, 99, 5225
2026/09/17 21:10:32.368, 158.94, 99, 5225
2026/09/17 21:10:33.377, 160.22, 100, 5225
2026/09/17 21:10:34.377, 155.17, 100, 5225
2026/09/17 21:10:35.377, 156.87, 100, 5225
2026/09/17 21:10:36.377, 162.66, 99, 5225
2026/09/17 21:10:37.377, 155.22, 100, 5225
2026/09/17 21:10:38.378, 155.25, 100, 5225
2026/09/17 21:10:39.378, 49.42, 100, 5225
2026/09/17 21:10:40.378, 157.34, 98, 5225
2026/09/17 21:10:41.378, 157.36, 100, 5225
2026/09/17 21:10:42.379, 157.58, 100, 5225
2026/09/17 21:10:43.379, 156.48, 98, 5225
2026/09/17 21:10:44.379, 157.30, 100, 5225
2026/09/17 21:10:45.379, 157.40, 100, 5225
2026/09/17 21:10:46.379, 157.00, 98, 5225
2026/09/17 21:10:47.380, 157.18, 100, 5225
2026/09/17 21:10:48.380, 157.43, 100, 5225
2026/09/17 21:10:49.380, 155.81, 98, 5225
2026/09/17 21:10:50.380, 157.51, 100, 5225
2026/09/17 21:10:51.380, 157.60, 100, 5225
2026/09/17 21:10:52.381, 156.72, 98, 5225
2026/09/17 21:10:53.381, 157.15, 100, 5225
2026/09/17 21:10:54.381, 157.46, 100, 5225
2026/09/17 21:10:55.381, 156.58, 97, 5225
2026/09/17 21:10:56.382, 156.97, 100, 5225
2026/09/17 21:10:57.382, 157.53, 100, 5225
2026/09/17 21:10:58.382, 157.30, 97, 5225
2026/09/17 21:10:59.382, 155.98, 100, 5225
2026/09/17 21:11:00.382, 157.38, 100, 5225
2026/09/17 21:11:01.383, 157.27, 98, 5225
2026/09/17 21:11:02.383, 157.23, 100, 5225
2026/09/17 21:11:03.383, 157.18, 100, 5225
2026/09/17 21:11:04.383, 156.19, 98, 5225
2026/09/17 21:11:05.384, 157.15, 100, 5225
2026/09/17 21:11:06.384, 157.61, 100, 5225
2026/09/17 21:11:07.384, 156.72, 98, 5225
2026/09/17 21:11:08.384, 157.25, 100, 5225
2026/09/17 21:11:09.385, 157.32, 100, 5225
2026/09/17 21:11:10.385, 155.99, 98, 5225
2026/09/17 21:11:11.385, 157.82, 100, 5225
2026/09/17 21:11:12.385, 157.45, 100, 5225
2026/09/17 21:11:13.385, 157.33, 98, 5225
2026/09/17 21:11:14.386, 157.23, 100, 5225
2026/09/17 21:11:15.386, 157.52, 100, 5225
2026/09/17 21:11:16.386, 156.40, 98, 5225
2026/09/17 21:11:17.386, 157.09, 100, 5225
2026/09/17 21:11:18.387, 157.50, 100, 5225
2026/09/17 21:11:19.387, 156.47, 98, 5225
2026/09/17 21:11:20.387, 157.26, 100, 5225
2026/09/17 21:11:21.387, 157.27, 100, 5225
2026/09/17 21:11:22.388, 156.08, 98, 5225
2026/09/17 21:11:23.388, 157.26, 100, 5225
2026/09/17 21:11:24.397, 157.63, 100, 5225
2026/09/17 21:11:25.397, 156.70, 98, 5225
2026/09/17 21:11:26.397, 157.71, 100, 5225
2026/09/17 21:11:27.397, 157.35, 100, 5225
2026/09/17 21:11:28.397, 156.50, 98, 5225
2026/09/17 21:11:29.405, 156.01, 100, 5225
2026/09/17 21:11:30.405, 157.50, 99, 5225
2026/09/17 21:11:31.405, 156.54, 98, 5225
2026/09/17 21:11:32.405, 158.00, 100, 5225
2026/09/17 21:11:33.406, 157.58, 99, 5225
2026/09/17 21:11:34.406, 156.60, 98, 5225
2026/09/17 21:11:35.406, 158.06, 100, 5225
2026/09/17 21:11:36.406, 157.47, 99, 5225
2026/09/17 21:11:37.407, 156.67, 98, 5225
2026/09/17 21:11:38.407, 157.29, 100, 5225
2026/09/17 21:11:39.416, 157.41, 99, 5225
2026/09/17 21:11:40.416, 156.77, 98, 5225
2026/09/17 21:11:41.416, 157.10, 100, 5225
2026/09/17 21:11:42.416, 157.33, 99, 5225
2026/09/17 21:11:43.416, 156.65, 98, 5225
2026/09/17 21:11:44.420, 156.57, 100, 5225
2026/09/17 21:11:45.420, 157.06, 98, 5225
2026/09/17 21:11:46.420, 157.07, 100, 5225
2026/09/17 21:11:47.421, 156.97, 100, 5225
2026/09/17 21:11:48.421, 157.35, 98, 5225
2026/09/17 21:11:49.430, 156.75, 100, 5225
2026/09/17 21:11:50.430, 157.05, 100, 5225
2026/09/17 21:11:51.430, 157.32, 98, 5225
2026/09/17 21:11:52.430, 156.68, 100, 5225
2026/09/17 21:11:53.431, 156.82, 100, 5225
2026/09/17 21:11:54.439, 156.98, 98, 5225
2026/09/17 21:11:55.440, 156.20, 100, 5225
2026/09/17 21:11:56.440, 156.86, 100, 5225
2026/09/17 21:11:57.440, 157.20, 98, 5225
2026/09/17 21:11:58.440, 157.00, 100, 5225
2026/09/17 21:11:59.449, 157.35, 100, 5225
2026/09/17 21:12:00.449, 157.35, 98, 5225
2026/09/17 21:12:01.449, 156.30, 100, 5225
2026/09/17 21:12:02.450, 157.04, 100, 5225
2026/09/17 21:12:03.450, 157.21, 98, 5225
2026/09/17 21:12:04.450, 156.79, 98, 5225
2026/09/17 21:12:05.450, 156.67, 100, 5225
2026/09/17 21:12:06.450, 157.22, 100, 5225
2026/09/17 21:12:07.451, 156.32, 98, 5225
2026/09/17 21:12:08.451, 156.96, 100, 5225
2026/09/17 21:12:09.451, 157.12, 100, 5225
2026/09/17 21:12:10.451, 156.38, 98, 5225
2026/09/17 21:12:11.452, 156.94, 100, 5225
2026/09/17 21:12:12.452, 157.27, 100, 5225
2026/09/17 21:12:13.452, 156.30, 98, 5225
2026/09/17 21:12:14.452, 156.85, 100, 5225
2026/09/17 21:12:15.452, 157.32, 100, 5225
2026/09/17 21:12:16.453, 156.85, 98, 5225
2026/09/17 21:12:17.453, 157.66, 100, 5225
2026/09/17 21:12:18.453, 157.41, 99, 5225
2026/09/17 21:12:19.453, 156.62, 98, 5225
2026/09/17 21:12:20.454, 156.96, 100, 5225
2026/09/17 21:12:21.454, 156.96, 98, 5225
2026/09/17 21:12:22.454, 156.91, 100, 5225
2026/09/17 21:12:23.454, 156.90, 100, 5225
2026/09/17 21:12:24.454, 155.95, 90, 5225
2026/09/17 21:12:25.455, 156.98, 100, 5225
2026/09/17 21:12:26.455, 156.82, 100, 5225
2026/09/17 21:12:27.455, 156.69, 98, 5225
2026/09/17 21:12:28.455, 157.11, 100, 5225
2026/09/17 21:12:29.456, 157.49, 100, 5225
2026/09/17 21:12:30.456, 156.44, 98, 5225
2026/09/17 21:12:31.456, 156.95, 100, 5225
2026/09/17 21:12:32.456, 156.94, 100, 5225
2026/09/17 21:12:33.456, 156.66, 98, 5225
2026/09/17 21:12:34.457, 156.96, 100, 5225
2026/09/17 21:12:35.457, 156.82, 100, 5225
2026/09/17 21:12:36.457, 156.56, 98, 5225
2026/09/17 21:12:37.457, 157.21, 100, 5225
2026/09/17 21:12:38.458, 156.95, 100, 5225
2026/09/17 21:12:39.458, 156.55, 98, 5225
2026/09/17 21:12:40.458, 156.87, 100, 5225
2026/09/17 21:12:41.458, 157.25, 100, 5225
2026/09/17 21:12:42.458, 156.56, 98, 5225
2026/09/17 21:12:43.459, 155.87, 100, 5225
2026/09/17 21:12:44.459, 157.60, 100, 5225
2026/09/17 21:12:45.459, 156.61, 98, 5225
2026/09/17 21:12:46.459, 157.03, 100, 5225
2026/09/17 21:12:47.460, 157.15, 100, 5225
2026/09/17 21:12:48.460, 155.24, 90, 5225
2026/09/17 21:12:49.460, 156.11, 100, 5225
2026/09/17 21:12:50.460, 157.10, 100, 5225
2026/09/17 21:12:51.460, 156.59, 98, 5225
2026/09/17 21:12:52.461, 157.44, 100, 5225
2026/09/17 21:12:53.461, 157.09, 99, 5225
2026/09/17 21:12:54.461, 155.98, 99, 5225
2026/09/17 21:12:55.461, 156.74, 100, 5225
2026/09/17 21:12:56.461, 156.62, 98, 5225
2026/09/17 21:12:57.462, 157.22, 100, 5225
2026/09/17 21:12:58.462, 157.37, 100, 5225
2026/09/17 21:12:59.462, 155.42, 98, 5225
2026/09/17 21:13:00.462, 157.07, 100, 5225
2026/09/17 21:13:01.462, 157.14, 100, 5225
2026/09/17 21:13:02.463, 156.43, 98, 5225
2026/09/17 21:13:03.463, 157.23, 100, 5225
2026/09/17 21:13:04.471, 156.86, 100, 5225
2026/09/17 21:13:05.472, 156.49, 98, 5225
2026/09/17 21:13:06.472, 157.06, 100, 5225
2026/09/17 21:13:07.472, 157.00, 100, 5225
2026/09/17 21:13:08.472, 156.98, 98, 5225
2026/09/17 21:13:09.473, 157.17, 100, 5225
2026/09/17 21:13:10.473, 156.88, 100, 5225
2026/09/17 21:13:11.473, 156.34, 98, 5225
2026/09/17 21:13:12.473, 157.08, 100, 5225
2026/09/17 21:13:13.473, 155.86, 100, 5225
2026/09/17 21:13:14.474, 155.90, 98, 5225
2026/09/17 21:13:15.474, 156.96, 100, 5225
2026/09/17 21:13:16.474, 156.91, 100, 5225
2026/09/17 21:13:17.474, 156.20, 98, 5225
2026/09/17 21:13:18.483, 157.10, 100, 5225
2026/09/17 21:13:19.483, 157.07, 100, 5225
2026/09/17 21:13:20.484, 156.63, 98, 5225
2026/09/17 21:13:21.484, 157.88, 100, 5225
2026/09/17 21:13:22.484, 157.35, 98, 5225
2026/09/17 21:13:23.493, 157.00, 100, 5225
2026/09/17 21:13:24.493, 157.24, 100, 5225
2026/09/17 21:13:25.493, 156.08, 98, 5225
2026/09/17 21:13:26.493, 157.13, 100, 5225
2026/09/17 21:13:27.493, 157.20, 100, 5225
2026/09/17 21:13:28.502, 156.18, 98, 5225
2026/09/17 21:13:29.502, 157.74, 100, 5225
2026/09/17 21:13:30.503, 157.48, 100, 5225
2026/09/17 21:13:31.503, 156.14, 98, 5225
2026/09/17 21:13:32.503, 157.11, 100, 5225
2026/09/17 21:13:33.512, 157.20, 100, 5225
2026/09/17 21:13:34.512, 156.74, 98, 5225
2026/09/17 21:13:35.512, 157.72, 100, 5225
2026/09/17 21:13:36.512, 157.09, 99, 5225
2026/09/17 21:13:37.513, 156.78, 99, 5225
2026/09/17 21:13:38.513, 157.12, 100, 5225
2026/09/17 21:13:39.513, 157.40, 98, 5225
2026/09/17 21:13:40.513, 157.24, 100, 5225
2026/09/17 21:13:41.513, 157.22, 100, 5225
2026/09/17 21:13:42.514, 156.76, 98, 5225
2026/09/17 21:13:43.514, 156.87, 100, 5225
2026/09/17 21:13:44.514, 157.11, 100, 5225
2026/09/17 21:13:45.514, 156.68, 98, 5225
2026/09/17 21:13:46.514, 156.92, 100, 5225
2026/09/17 21:13:47.515, 157.13, 100, 5225
2026/09/17 21:13:48.523, 157.02, 98, 5225
2026/09/17 21:13:49.524, 156.86, 100, 5225
2026/09/17 21:13:50.524, 157.08, 100, 5225
2026/09/17 21:13:51.524, 156.70, 98, 5225
2026/09/17 21:13:52.524, 157.09, 100, 5225
2026/09/17 21:13:53.524, 155.76, 100, 5225
2026/09/17 21:13:54.525, 157.18, 98, 5225
2026/09/17 21:13:55.525, 156.81, 100, 5225
2026/09/17 21:13:56.525, 157.07, 100, 5225
2026/09/17 21:13:57.525, 157.24, 98, 5225
2026/09/17 21:13:58.526, 157.55, 100, 5225
2026/09/17 21:13:59.526, 157.47, 100, 5225
2026/09/17 21:14:00.526, 156.55, 98, 5225
2026/09/17 21:14:01.526, 157.14, 100, 5225
2026/09/17 21:14:02.527, 156.98, 100, 5225
2026/09/17 21:14:03.527, 156.36, 98, 5225
2026/09/17 21:14:04.527, 157.48, 100, 5225
2026/09/17 21:14:05.527, 157.13, 99, 5225
2026/09/17 21:14:06.527, 156.89, 98, 5225
2026/09/17 21:14:07.528, 157.92, 100, 5225
2026/09/17 21:14:08.528, 156.15, 98, 5225
2026/09/17 21:14:09.528, 157.37, 100, 5225
2026/09/17 21:14:10.528, 157.38, 100, 5225
2026/09/17 21:14:11.528, 156.91, 98, 5225
2026/09/17 21:14:12.529, 157.06, 100, 5225
2026/09/17 21:14:13.529, 157.19, 100, 5225
2026/09/17 21:14:14.529, 157.15, 98, 5225
2026/09/17 21:14:15.529, 157.43, 100, 5225
2026/09/17 21:14:16.529, 157.17, 100, 5225
2026/09/17 21:14:17.530, 157.29, 98, 5225
2026/09/17 21:14:18.530, 156.77, 100, 5225
2026/09/17 21:14:19.530, 157.19, 100, 5225
2026/09/17 21:14:20.530, 156.93, 98, 5225
2026/09/17 21:14:21.531, 157.54, 100, 5225
2026/09/17 21:14:22.531, 157.34, 100, 5225
2026/09/17 21:14:23.531, 155.24, 89, 5225
2026/09/17 21:14:24.531, 155.65, 100, 5225
2026/09/17 21:14:25.531, 156.70, 100, 5225
2026/09/17 21:14:26.531, 156.61, 98, 5225
2026/09/17 21:14:27.532, 157.05, 100, 5225
2026/09/17 21:14:28.532, 156.91, 100, 5225
2026/09/17 21:14:29.532, 156.38, 98, 5225
2026/09/17 21:14:30.533, 157.15, 100, 5225
2026/09/17 21:14:31.533, 157.24, 100, 5225
2026/09/17 21:14:32.533, 156.37, 98, 5225
2026/09/17 21:14:33.533, 157.30, 100, 5225
2026/09/17 21:14:34.542, 156.81, 100, 5225
2026/09/17 21:14:35.542, 156.43, 98, 5225
2026/09/17 21:14:36.542, 157.23, 100, 5225
2026/09/17 21:14:37.542, 160.46, 99, 5225
2026/09/17 21:14:38.543, 157.49, 99, 5225
2026/09/17 21:14:39.543, 154.87, 99, 5225
2026/09/17 21:14:40.543, 159.07, 99, 5225
2026/09/17 21:14:41.543, 159.74, 100, 5225
2026/09/17 21:14:42.544, 154.80, 99, 5225
2026/09/17 21:14:43.544, 157.21, 100, 5225
2026/09/17 21:14:44.544, 163.22, 100, 5225
2026/09/17 21:14:45.544, 155.08, 100, 5225
2026/09/17 21:14:46.545, 154.87, 98, 5225
2026/09/17 21:14:47.545, 164.10, 100, 5225
2026/09/17 21:14:48.545, 156.49, 100, 5225
2026/09/17 21:14:49.554, 154.88, 100, 5225
2026/09/17 21:14:50.554, 160.08, 99, 5225
2026/09/17 21:14:51.554, 158.80, 99, 5225
2026/09/17 21:14:52.554, 154.85, 100, 5225
2026/09/17 21:14:53.555, 157.88, 99, 5225
2026/09/17 21:14:54.563, 161.40, 100, 5225
2026/09/17 21:14:55.564, 154.72, 99, 5225
2026/09/17 21:14:56.564, 155.64, 100, 5225
2026/09/17 21:14:57.564, 163.22, 99, 5225
2026/09/17 21:14:58.564, 156.34, 100, 5225
2026/09/17 21:14:59.564, 154.88, 99, 5225
2026/09/17 21:15:00.565, 161.41, 100, 5225
2026/09/17 21:15:01.565, 158.60, 100, 5225
2026/09/17 21:15:02.565, 155.04, 100, 5225
2026/09/17 21:15:03.565, 158.97, 100, 5225
2026/09/17 21:15:04.566, 160.90, 99, 5225
2026/09/17 21:15:05.566, 154.91, 100, 5225
2026/09/17 21:15:06.566, 130.33, 29, 5225
2026/09/17 21:15:07.566, 40.56, 8, 5225
2026/09/17 21:15:08.567, 26.11, 0, 5225
2026/09/17 21:15:09.567, 22.13, 0, 41
