2026/08/26 05:01:36.136, 14.06, 0, 33
2026/08/26 05:01:37.140, 14.06, 0, 33
2026/08/26 05:01:38.140, 10.39, 0, 33
2026/08/26 05:01:39.140, 10.22, 0, 50
2026/08/26 05:01:40.144, 13.29, 0, 255
2026/08/26 05:01:41.144, 20.15, 0, 337
2026/08/26 05:01:42.144, 20.05, 0, 337
2026/08/26 05:01:43.144, 20.04, 0, 337
2026/08/26 05:01:44.144, 19.74, 0, 337
2026/08/26 05:01:45.145, 19.71, 0, 1051
2026/08/26 05:01:46.145, 104.31, 86, 6629
2026/08/26 05:01:47.145, 132.67, 100, 6629
2026/08/26 05:01:48.145, 155.32, 100, 6629
2026/08/26 05:01:49.145, 155.66, 100, 6649
2026/08/26 05:01:50.145, 157.19, 100, 6649
2026/08/26 05:01:51.146, 156.48, 100, 6649
2026/08/26 05:01:52.146, 156.54, 100, 6649
2026/08/26 05:01:53.146, 157.56, 100, 6649
2026/08/26 05:01:54.146, 156.56, 100, 6649
2026/08/26 05:01:55.146, 156.75, 100, 6649
2026/08/26 05:01:56.146, 158.41, 100, 6649
2026/08/26 05:01:57.146, 156.91, 100, 6649
2026/08/26 05:01:58.147, 157.22, 100, 6649
2026/08/26 05:01:59.147, 158.06, 100, 6649
2026/08/26 05:02:00.147, 157.49, 100, 6649
2026/08/26 05:02:01.147, 157.70, 100, 6649
2026/08/26 05:02:02.147, 158.65, 100, 6649
2026/08/26 05:02:03.147, 158.12, 100, 6649
2026/08/26 05:02:04.147, 158.45, 100, 6649
2026/08/26 05:02:05.148, 159.18, 100, 6649
2026/08/26 05:02:06.148, 158.09, 100, 6649
2026/08/26 05:02:07.148, 158.50, 100, 6649
2026/08/26 05:02:08.148, 158.90, 100, 6649
2026/08/26 05:02:09.148, 157.88, 100, 6649
2026/08/26 05:02:10.148, 157.37, 100, 6649
2026/08/26 05:02:11.149, 159.43, 100, 6649
2026/08/26 05:02:12.149, 158.16, 100, 6649
2026/08/26 05:02:13.149, 158.62, 100, 6649
2026/08/26 05:02:14.149, 159.32, 100, 6649
2026/08/26 05:02:15.149, 158.56, 100, 6649
2026/08/26 05:02:16.149, 159.04, 100, 6649
2026/08/26 05:02:17.150, 159.57, 100, 6649
2026/08/26 05:02:18.150, 158.62, 100, 6649
2026/08/26 05:02:19.150, 159.06, 100, 6649
2026/08/26 05:02:20.150, 159.86, 100, 6649
2026/08/26 05:02:21.150, 158.62, 100, 6649
2026/08/26 05:02:22.150, 158.99, 100, 6649
2026/08/26 05:02:23.151, 159.80, 100, 6649
2026/08/26 05:02:24.151, 158.27, 100, 6649
2026/08/26 05:02:25.151, 157.76, 100, 6649
2026/08/26 05:02:26.151, 160.62, 100, 6649
2026/08/26 05:02:27.151, 158.96, 100, 6649
2026/08/26 05:02:28.151, 159.30, 100, 6649
2026/08/26 05:02:29.152, 160.42, 100, 6649
2026/08/26 05:02:30.152, 158.78, 100, 6649
2026/08/26 05:02:31.152, 158.94, 100, 6649
2026/08/26 05:02:32.152, 160.04, 100, 6649
2026/08/26 05:02:33.152, 158.93, 100, 6649
2026/08/26 05:02:34.152, 159.14, 100, 6649
2026/08/26 05:02:35.153, 159.93, 100, 6649
2026/08/26 05:02:36.153, 159.12, 100, 6649
2026/08/26 05:02:37.153, 158.88, 100, 6649
2026/08/26 05:02:38.153, 160.10, 100, 6649
2026/08/26 05:02:39.153, 159.31, 100, 6649
2026/08/26 05:02:40.153, 157.91, 97, 6649
2026/08/26 05:02:41.153, 159.07, 100, 6649
2026/08/26 05:02:42.154, 158.88, 100, 6649
2026/08/26 05:02:43.154, 159.11, 99, 6649
2026/08/26 05:02:44.154, 159.94, 100, 6649
2026/08/26 05:02:45.154, 159.27, 100, 6649
2026/08/26 05:02:46.154, 158.88, 98, 6649
2026/08/26 05:02:47.154, 159.95, 100, 6649
2026/08/26 05:02:48.154, 159.53, 100, 6649
2026/08/26 05:02:49.155, 159.00, 98, 6649
2026/08/26 05:02:50.155, 159.85, 100, 6649
2026/08/26 05:02:51.155, 159.32, 100, 6649
2026/08/26 05:02:52.155, 158.68, 99, 6649
2026/08/26 05:02:53.155, 160.10, 100, 6649
2026/08/26 05:02:54.156, 159.54, 100, 6649
2026/08/26 05:02:55.156, 158.99, 98, 6649
2026/08/26 05:02:56.156, 159.66, 100, 6649
2026/08/26 05:02:57.156, 159.20, 100, 6649
2026/08/26 05:02:58.156, 159.13, 98, 6649
2026/08/26 05:02:59.156, 159.93, 100, 6649
2026/08/26 05:03:00.157, 159.91, 100, 6649
2026/08/26 05:03:01.157, 159.04, 98, 6649
2026/08/26 05:03:02.157, 160.06, 100, 6649
2026/08/26 05:03:03.157, 159.37, 100, 6649
2026/08/26 05:03:04.157, 158.94, 98, 6649
2026/08/26 05:03:05.157, 159.99, 100, 6649
2026/08/26 05:03:06.158, 159.41, 100, 6649
2026/08/26 05:03:07.158, 158.89, 98, 6649
2026/08/26 05:03:08.158, 159.53, 100, 6649
2026/08/26 05:03:09.158, 159.63, 100, 6649
2026/08/26 05:03:10.158, 157.57, 90, 6649
2026/08/26 05:03:11.158, 158.52, 100, 6649
2026/08/26 05:03:12.159, 159.47, 100, 6649
2026/08/26 05:03:13.159, 158.82, 98, 6649
2026/08/26 05:03:14.159, 160.11, 100, 6649
2026/08/26 05:03:15.159, 159.88, 100, 6649
2026/08/26 05:03:16.159, 158.42, 98, 6649
2026/08/26 05:03:17.159, 159.50, 100, 6649
2026/08/26 05:03:18.160, 159.48, 100, 6649
2026/08/26 05:03:19.160, 158.24, 98, 6649
2026/08/26 05:03:20.160, 159.31, 100, 6649
2026/08/26 05:03:21.160, 160.35, 100, 6649
2026/08/26 05:03:22.160, 158.34, 98, 6649
2026/08/26 05:03:23.160, 160.59, 100, 6649
2026/08/26 05:03:24.161, 160.48, 100, 6649
2026/08/26 05:03:25.161, 158.95, 98, 6649
2026/08/26 05:03:26.161, 159.10, 100, 6649
2026/08/26 05:03:27.161, 160.57, 100, 6649
2026/08/26 05:03:28.161, 159.11, 100, 6649
2026/08/26 05:03:29.162, 159.02, 100, 6649
2026/08/26 05:03:30.162, 159.98, 100, 6649
2026/08/26 05:03:31.162, 159.50, 100, 6649
2026/08/26 05:03:32.162, 158.14, 100, 6649
2026/08/26 05:03:33.162, 160.78, 100, 6649
2026/08/26 05:03:34.162, 159.43, 100, 6649
2026/08/26 05:03:35.163, 158.97, 100, 6649
2026/08/26 05:03:36.163, 160.04, 100, 6649
2026/08/26 05:03:37.163, 159.73, 100, 6649
2026/08/26 05:03:38.163, 159.51, 98, 6649
2026/08/26 05:03:39.163, 160.24, 100, 6649
2026/08/26 05:03:40.163, 159.40, 100, 6649
2026/08/26 05:03:41.163, 159.33, 98, 6649
2026/08/26 05:03:42.164, 160.05, 100, 6649
2026/08/26 05:03:43.164, 159.25, 100, 6649
2026/08/26 05:03:44.164, 159.33, 98, 6649
2026/08/26 05:03:45.164, 159.89, 100, 6649
2026/08/26 05:03:46.164, 159.27, 100, 6649
2026/08/26 05:03:47.164, 159.14, 98, 6649
2026/08/26 05:03:48.165, 160.05, 100, 6649
2026/08/26 05:03:49.165, 159.33, 100, 6649
2026/08/26 05:03:50.165, 159.18, 98, 6649
2026/08/26 05:03:51.165, 159.85, 100, 6649
2026/08/26 05:03:52.165, 159.97, 100, 6649
2026/08/26 05:03:53.165, 159.24, 98, 6649
2026/08/26 05:03:54.165, 160.48, 100, 6649
2026/08/26 05:03:55.166, 160.15, 100, 6649
2026/08/26 05:03:56.166, 159.15, 98, 6649
2026/08/26 05:03:57.166, 159.60, 100, 6649
2026/08/26 05:03:58.166, 160.06, 100, 6649
2026/08/26 05:03:59.166, 158.71, 98, 6649
2026/08/26 05:04:00.166, 159.49, 100, 6649
2026/08/26 05:04:01.167, 159.88, 100, 6649
2026/08/26 05:04:02.167, 158.77, 98, 6649
2026/08/26 05:04:03.167, 159.38, 100, 6649
2026/08/26 05:04:04.167, 159.47, 100, 6649
2026/08/26 05:04:05.167, 158.67, 98, 6649
2026/08/26 05:04:06.167, 159.62, 100, 6649
2026/08/26 05:04:07.168, 160.17, 100, 6649
2026/08/26 05:04:08.168, 158.63, 98, 6649
2026/08/26 05:04:09.168, 159.53, 100, 6649
2026/08/26 05:04:10.168, 160.16, 100, 6649
2026/08/26 05:04:11.168, 158.51, 98, 6649
2026/08/26 05:04:12.168, 159.42, 100, 6649
2026/08/26 05:04:13.169, 159.96, 100, 6649
2026/08/26 05:04:14.169, 159.44, 99, 6649
2026/08/26 05:04:15.169, 159.37, 100, 6649
2026/08/26 05:04:16.169, 159.99, 100, 6649
2026/08/26 05:04:17.169, 159.51, 100, 6649
2026/08/26 05:04:18.169, 159.70, 100, 6649
2026/08/26 05:04:19.170, 159.95, 100, 6649
2026/08/26 05:04:20.170, 159.48, 100, 6649
2026/08/26 05:04:21.177, 159.32, 100, 6649
2026/08/26 05:04:22.177, 160.70, 100, 6649
2026/08/26 05:04:23.178, 159.71, 100, 6649
2026/08/26 05:04:24.178, 159.54, 100, 6649
2026/08/26 05:04:25.178, 160.60, 100, 6649
2026/08/26 05:04:26.178, 159.66, 100, 6649
2026/08/26 05:04:27.178, 159.35, 100, 6649
2026/08/26 05:04:28.178, 160.79, 100, 6649
2026/08/26 05:04:29.179, 159.88, 100, 6649
2026/08/26 05:04:30.179, 159.72, 100, 6649
2026/08/26 05:04:31.180, 160.95, 100, 6649
2026/08/26 05:04:32.180, 159.23, 100, 6649
2026/08/26 05:04:33.180, 159.08, 100, 6649
2026/08/26 05:04:34.180, 160.47, 100, 6649
2026/08/26 05:04:35.180, 159.26, 100, 6649
2026/08/26 05:04:36.180, 159.46, 99, 6649
2026/08/26 05:04:37.181, 160.23, 100, 6649
2026/08/26 05:04:38.181, 159.82, 100, 6649
2026/08/26 05:04:39.181, 159.06, 98, 6649
2026/08/26 05:04:40.181, 160.22, 100, 6649
2026/08/26 05:04:41.181, 159.30, 100, 6649
2026/08/26 05:04:42.182, 157.87, 98, 6649
2026/08/26 05:04:43.182, 159.58, 100, 6649
2026/08/26 05:04:44.182, 159.54, 100, 6649
2026/08/26 05:04:45.182, 159.06, 98, 6649
2026/08/26 05:04:46.182, 159.47, 100, 6649
2026/08/26 05:04:47.182, 159.69, 100, 6649
2026/08/26 05:04:48.183, 158.93, 98, 6649
2026/08/26 05:04:49.183, 159.67, 100, 6649
2026/08/26 05:04:50.183, 159.55, 100, 6649
2026/08/26 05:04:51.183, 158.95, 98, 6649
2026/08/26 05:04:52.183, 159.61, 100, 6649
2026/08/26 05:04:53.183, 159.93, 100, 6649
2026/08/26 05:04:54.184, 158.66, 98, 6649
2026/08/26 05:04:55.184, 160.26, 100, 6649
2026/08/26 05:04:56.184, 160.07, 100, 6649
2026/08/26 05:04:57.184, 158.74, 98, 6649
2026/08/26 05:04:58.184, 159.71, 100, 6649
2026/08/26 05:04:59.184, 160.39, 100, 6649
2026/08/26 05:05:00.185, 158.68, 98, 6649
2026/08/26 05:05:01.185, 159.67, 100, 6649
2026/08/26 05:05:02.185, 160.24, 100, 6649
2026/08/26 05:05:03.185, 102.07, 0, 6649
2026/08/26 05:05:04.185, 35.63, 0, 6649
2026/08/26 05:05:05.185, 26.46, 0, 6649
2026/08/26 05:05:06.186, 41.62, 100, 6649
2026/08/26 05:05:07.186, 161.85, 100, 6649
2026/08/26 05:05:08.186, 162.18, 100, 6649
2026/08/26 05:05:09.186, 162.26, 100, 6649
2026/08/26 05:05:10.186, 162.43, 100, 6649
2026/08/26 05:05:11.186, 162.19, 99, 6649
2026/08/26 05:05:12.187, 162.51, 100, 6649
2026/08/26 05:05:13.187, 162.09, 100, 6649
2026/08/26 05:05:14.187, 162.04, 99, 6649
2026/08/26 05:05:15.187, 162.32, 100, 6649
2026/08/26 05:05:16.187, 162.55, 100, 6649
2026/08/26 05:05:17.187, 162.60, 100, 6649
2026/08/26 05:05:18.187, 162.71, 100, 6649
2026/08/26 05:05:19.188, 162.64, 100, 6649
2026/08/26 05:05:20.188, 162.65, 100, 6649
2026/08/26 05:05:21.188, 162.76, 100, 6649
2026/08/26 05:05:22.188, 163.02, 100, 6649
2026/08/26 05:05:23.188, 163.01, 99, 6649
2026/08/26 05:05:24.188, 162.88, 100, 6649
2026/08/26 05:05:25.189, 162.91, 100, 6649
2026/08/26 05:05:26.189, 163.14, 99, 6649
2026/08/26 05:05:27.189, 163.15, 100, 6649
2026/08/26 05:05:28.189, 162.94, 100, 6649
2026/08/26 05:05:29.189, 163.39, 100, 6649
2026/08/26 05:05:30.189, 162.74, 100, 6649
2026/08/26 05:05:31.190, 162.65, 100, 6649
2026/08/26 05:05:32.190, 162.47, 99, 6649
2026/08/26 05:05:33.190, 162.31, 100, 6649
2026/08/26 05:05:34.190, 162.60, 100, 6649
2026/08/26 05:05:35.190, 162.64, 99, 6649
2026/08/26 05:05:36.190, 162.71, 100, 6649
2026/08/26 05:05:37.191, 162.57, 100, 6649
2026/08/26 05:05:38.191, 162.78, 100, 6649
2026/08/26 05:05:39.191, 162.79, 100, 6649
2026/08/26 05:05:40.191, 162.82, 100, 6649
2026/08/26 05:05:41.191, 162.57, 99, 6649
2026/08/26 05:05:42.191, 162.93, 100, 6649
2026/08/26 05:05:43.191, 162.90, 100, 6649
2026/08/26 05:05:44.192, 162.75, 99, 6649
2026/08/26 05:05:45.192, 163.15, 100, 6649
2026/08/26 05:05:46.192, 162.89, 99, 6649
2026/08/26 05:05:47.192, 163.01, 100, 6649
2026/08/26 05:05:48.192, 163.04, 100, 6649
2026/08/26 05:05:49.193, 163.12, 100, 6649
2026/08/26 05:05:50.193, 162.97, 100, 6649
2026/08/26 05:05:51.193, 163.10, 100, 6649
2026/08/26 05:05:52.193, 163.10, 99, 6649
2026/08/26 05:05:53.193, 163.10, 100, 6649
2026/08/26 05:05:54.193, 163.09, 100, 6649
2026/08/26 05:05:55.194, 162.90, 99, 6649
2026/08/26 05:05:56.194, 163.05, 100, 6649
2026/08/26 05:05:57.194, 163.08, 100, 6649
2026/08/26 05:05:58.194, 163.07, 99, 6649
2026/08/26 05:05:59.194, 162.98, 100, 6649
2026/08/26 05:06:00.194, 163.21, 100, 6649
2026/08/26 05:06:01.195, 163.32, 100, 6649
2026/08/26 05:06:02.195, 163.41, 100, 6649
2026/08/26 05:06:03.195, 164.04, 100, 6649
2026/08/26 05:06:04.195, 164.53, 100, 6649
2026/08/26 05:06:05.195, 164.57, 100, 6649
2026/08/26 05:06:06.195, 164.65, 100, 6649
2026/08/26 05:06:07.196, 164.25, 99, 6649
2026/08/26 05:06:08.196, 163.43, 100, 6649
2026/08/26 05:06:09.196, 163.20, 100, 6649
2026/08/26 05:06:10.196, 163.15, 99, 6649
2026/08/26 05:06:11.196, 163.30, 100, 6649
2026/08/26 05:06:12.196, 162.91, 100, 6649
2026/08/26 05:06:13.197, 163.15, 100, 6649
2026/08/26 05:06:14.197, 163.21, 100, 6649
2026/08/26 05:06:15.197, 163.26, 100, 6649
2026/08/26 05:06:16.197, 163.06, 99, 6649
2026/08/26 05:06:17.197, 163.19, 100, 6649
2026/08/26 05:06:18.198, 163.20, 100, 6649
2026/08/26 05:06:19.198, 162.79, 99, 6649
2026/08/26 05:06:20.198, 163.00, 100, 6649
2026/08/26 05:06:21.198, 162.87, 100, 6649
2026/08/26 05:06:22.198, 163.19, 99, 6649
2026/08/26 05:06:23.198, 163.18, 100, 6649
2026/08/26 05:06:24.199, 163.24, 100, 6649
2026/08/26 05:06:25.199, 163.12, 99, 6649
2026/08/26 05:06:26.199, 163.42, 100, 6649
2026/08/26 05:06:27.199, 163.15, 100, 6649
2026/08/26 05:06:28.199, 163.21, 100, 6649
2026/08/26 05:06:29.199, 163.11, 100, 6649
2026/08/26 05:06:30.200, 163.23, 100, 6649
2026/08/26 05:06:31.200, 163.45, 99, 6649
2026/08/26 05:06:32.200, 163.27, 100, 6649
2026/08/26 05:06:33.200, 163.37, 100, 6649
2026/08/26 05:06:34.200, 163.13, 100, 6649
2026/08/26 05:06:35.200, 163.05, 100, 6649
2026/08/26 05:06:36.201, 163.28, 100, 6649
2026/08/26 05:06:37.201, 163.33, 100, 6649
2026/08/26 05:06:38.201, 163.45, 100, 6649
2026/08/26 05:06:39.201, 163.25, 99, 6649
2026/08/26 05:06:40.201, 163.32, 100, 6649
2026/08/26 05:06:41.201, 163.44, 100, 6649
2026/08/26 05:06:42.201, 154.39, 43, 6649
2026/08/26 05:06:43.202, 153.07, 100, 6649
2026/08/26 05:06:44.202, 160.05, 100, 6649
2026/08/26 05:06:45.202, 158.95, 98, 6649
2026/08/26 05:06:46.202, 159.84, 100, 6649
2026/08/26 05:06:47.202, 160.43, 100, 6649
2026/08/26 05:06:48.202, 159.25, 98, 6649
2026/08/26 05:06:49.203, 160.19, 100, 6649
2026/08/26 05:06:50.203, 160.04, 100, 6649
2026/08/26 05:06:51.203, 158.95, 98, 6649
2026/08/26 05:06:52.203, 159.75, 100, 6649
2026/08/26 05:06:53.203, 160.25, 100, 6649
2026/08/26 05:06:54.203, 159.05, 98, 6649
2026/08/26 05:06:55.204, 159.49, 100, 6649
2026/08/26 05:06:56.204, 159.91, 100, 6649
2026/08/26 05:06:57.204, 159.10, 100, 6649
2026/08/26 05:06:58.204, 159.39, 100, 6649
2026/08/26 05:06:59.205, 159.86, 100, 6649
2026/08/26 05:07:00.205, 159.20, 100, 6649
2026/08/26 05:07:01.205, 159.09, 100, 6649
2026/08/26 05:07:02.205, 159.91, 100, 6649
2026/08/26 05:07:03.205, 159.45, 100, 6649
2026/08/26 05:07:04.205, 159.48, 100, 6649
2026/08/26 05:07:05.206, 160.65, 100, 6649
2026/08/26 05:07:06.206, 159.40, 100, 6649
2026/08/26 05:07:07.206, 159.32, 100, 6649
2026/08/26 05:07:08.206, 160.13, 100, 6649
2026/08/26 05:07:09.206, 159.77, 100, 6649
2026/08/26 05:07:10.206, 159.58, 100, 6649
2026/08/26 05:07:11.207, 160.48, 100, 6649
2026/08/26 05:07:12.207, 159.89, 100, 6649
2026/08/26 05:07:13.207, 158.93, 99, 6649
2026/08/26 05:07:14.207, 158.95, 100, 6649
2026/08/26 05:07:15.207, 159.46, 100, 6649
2026/08/26 05:07:16.207, 159.27, 98, 6649
2026/08/26 05:07:17.208, 159.90, 100, 6649
2026/08/26 05:07:18.208, 159.50, 100, 6649
2026/08/26 05:07:19.208, 158.82, 98, 6649
2026/08/26 05:07:20.208, 160.09, 100, 6649
2026/08/26 05:07:21.208, 159.73, 100, 6649
2026/08/26 05:07:22.208, 159.09, 98, 6649
2026/08/26 05:07:23.209, 159.51, 100, 6649
2026/08/26 05:07:24.209, 159.80, 100, 6649
2026/08/26 05:07:25.209, 158.84, 98, 6649
2026/08/26 05:07:26.209, 159.81, 100, 6649
2026/08/26 05:07:27.209, 159.37, 100, 6649
2026/08/26 05:07:28.209, 158.82, 98, 6649
2026/08/26 05:07:29.210, 160.28, 100, 6649
2026/08/26 05:07:30.210, 159.80, 100, 6649
2026/08/26 05:07:31.210, 158.87, 98, 6649
2026/08/26 05:07:32.210, 159.53, 100, 6649
2026/08/26 05:07:33.210, 160.19, 100, 6649
2026/08/26 05:07:34.211, 158.50, 98, 6649
2026/08/26 05:07:35.211, 160.35, 100, 6649
2026/08/26 05:07:36.211, 160.37, 100, 6649
2026/08/26 05:07:37.211, 158.60, 98, 6649
2026/08/26 05:07:38.211, 159.43, 100, 6649
2026/08/26 05:07:39.211, 159.83, 100, 6649
2026/08/26 05:07:40.212, 158.43, 98, 6649
2026/08/26 05:07:41.212, 160.21, 100, 6649
2026/08/26 05:07:42.212, 159.91, 100, 6649
2026/08/26 05:07:43.212, 158.44, 100, 6649
2026/08/26 05:07:44.212, 159.20, 100, 6649
2026/08/26 05:07:45.212, 160.68, 100, 6649
2026/08/26 05:07:46.213, 159.12, 100, 6649
2026/08/26 05:07:47.213, 159.26, 100, 6649
2026/08/26 05:07:48.213, 160.82, 100, 6649
2026/08/26 05:07:49.213, 159.26, 100, 6649
2026/08/26 05:07:50.213, 159.27, 100, 6649
2026/08/26 05:07:51.214, 160.60, 100, 6649
2026/08/26 05:07:52.214, 159.25, 100, 6649
2026/08/26 05:07:53.214, 159.29, 100, 6649
2026/08/26 05:07:54.214, 160.23, 100, 6649
2026/08/26 05:07:55.214, 159.77, 100, 6649
2026/08/26 05:07:56.214, 159.63, 98, 6649
2026/08/26 05:07:57.215, 160.23, 100, 6649
2026/08/26 05:07:58.215, 160.04, 100, 6649
2026/08/26 05:07:59.215, 159.66, 98, 6649
2026/08/26 05:08:00.215, 160.41, 100, 6649
2026/08/26 05:08:01.215, 160.05, 100, 6649
2026/08/26 05:08:02.215, 160.17, 98, 6649
2026/08/26 05:08:03.216, 160.32, 100, 6649
2026/08/26 05:08:04.216, 160.09, 100, 6649
2026/08/26 05:08:05.216, 159.50, 98, 6649
2026/08/26 05:08:06.216, 160.04, 100, 6649
2026/08/26 05:08:07.216, 160.07, 100, 6649
2026/08/26 05:08:08.216, 158.96, 98, 6649
2026/08/26 05:08:09.217, 159.96, 100, 6649
2026/08/26 05:08:10.217, 159.64, 100, 6649
2026/08/26 05:08:11.217, 159.34, 98, 6649
2026/08/26 05:08:12.217, 160.25, 100, 6649
2026/08/26 05:08:13.217, 158.46, 100, 6649
2026/08/26 05:08:14.217, 158.78, 98, 6649
2026/08/26 05:08:15.218, 159.59, 100, 6649
2026/08/26 05:08:16.218, 159.85, 100, 6649
2026/08/26 05:08:17.218, 158.98, 98, 6649
2026/08/26 05:08:18.218, 160.08, 100, 6649
2026/08/26 05:08:19.218, 160.31, 100, 6649
2026/08/26 05:08:20.218, 158.90, 98, 6649
2026/08/26 05:08:21.219, 159.86, 100, 6649
2026/08/26 05:08:22.219, 160.17, 100, 6649
2026/08/26 05:08:23.219, 158.94, 98, 6649
2026/08/26 05:08:24.219, 159.58, 100, 6649
2026/08/26 05:08:25.219, 160.70, 100, 6649
2026/08/26 05:08:26.220, 159.01, 98, 6649
2026/08/26 05:08:27.220, 159.70, 100, 6649
2026/08/26 05:08:28.220, 160.00, 100, 6649
2026/08/26 05:08:29.220, 158.82, 98, 6649
2026/08/26 05:08:30.220, 160.84, 100, 6649
2026/08/26 05:08:31.220, 160.54, 100, 6649
2026/08/26 05:08:32.221, 159.17, 98, 6649
2026/08/26 05:08:33.221, 159.74, 100, 6649
2026/08/26 05:08:34.221, 160.09, 100, 6649
2026/08/26 05:08:35.221, 158.90, 98, 6649
2026/08/26 05:08:36.221, 160.16, 100, 6649
2026/08/26 05:08:37.221, 160.31, 100, 6649
2026/08/26 05:08:38.222, 159.04, 99, 6649
2026/08/26 05:08:39.222, 160.15, 100, 6649
2026/08/26 05:08:40.222, 160.57, 100, 6649
2026/08/26 05:08:41.222, 159.26, 100, 6649
2026/08/26 05:08:42.222, 159.40, 100, 6649
2026/08/26 05:08:43.222, 160.68, 100, 6649
2026/08/26 05:08:44.222, 159.55, 100, 6649
2026/08/26 05:08:45.223, 159.38, 100, 6649
2026/08/26 05:08:46.223, 160.33, 100, 6649
2026/08/26 05:08:47.223, 159.57, 100, 6649
2026/08/26 05:08:48.223, 159.72, 100, 6649
2026/08/26 05:08:49.223, 160.14, 100, 6649
2026/08/26 05:08:50.224, 159.56, 100, 6649
2026/08/26 05:08:51.224, 159.44, 100, 6649
2026/08/26 05:08:52.224, 160.25, 100, 6649
2026/08/26 05:08:53.224, 159.43, 100, 6649
2026/08/26 05:08:54.224, 159.27, 100, 6649
2026/08/26 05:08:55.224, 160.60, 100, 6649
2026/08/26 05:08:56.225, 159.59, 100, 6649
2026/08/26 05:08:57.225, 159.30, 100, 6649
2026/08/26 05:08:58.225, 160.86, 100, 6649
2026/08/26 05:08:59.225, 159.55, 100, 6649
2026/08/26 05:09:00.225, 159.21, 100, 6649
2026/08/26 05:09:01.225, 160.52, 100, 6649
2026/08/26 05:09:02.225, 159.35, 100, 6649
2026/08/26 05:09:03.226, 159.06, 99, 6649
2026/08/26 05:09:04.226, 160.15, 100, 6649
2026/08/26 05:09:05.226, 159.70, 100, 6649
2026/08/26 05:09:06.226, 159.41, 98, 6649
2026/08/26 05:09:07.226, 160.15, 100, 6649
2026/08/26 05:09:08.226, 159.45, 100, 6649
2026/08/26 05:09:09.227, 159.33, 98, 6649
2026/08/26 05:09:10.227, 160.09, 100, 6649
2026/08/26 05:09:11.227, 159.94, 100, 6649
2026/08/26 05:09:12.227, 159.43, 98, 6649
2026/08/26 05:09:13.227, 160.16, 100, 6649
2026/08/26 05:09:14.227, 159.67, 100, 6649
2026/08/26 05:09:15.228, 159.44, 98, 6649
2026/08/26 05:09:16.228, 160.05, 100, 6649
2026/08/26 05:09:17.228, 159.72, 100, 6649
2026/08/26 05:09:18.228, 159.33, 98, 6649
2026/08/26 05:09:19.228, 160.55, 100, 6649
2026/08/26 05:09:20.228, 159.54, 100, 6649
2026/08/26 05:09:21.228, 159.23, 98, 6649
2026/08/26 05:09:22.229, 160.05, 100, 6649
2026/08/26 05:09:23.229, 159.63, 100, 6649
2026/08/26 05:09:24.229, 159.13, 98, 6649
2026/08/26 05:09:25.229, 159.97, 100, 6649
2026/08/26 05:09:26.229, 159.54, 100, 6649
2026/08/26 05:09:27.229, 159.01, 98, 6649
2026/08/26 05:09:28.230, 160.16, 100, 6649
2026/08/26 05:09:29.230, 160.48, 100, 6649
2026/08/26 05:09:30.230, 158.83, 98, 6649
2026/08/26 05:09:31.230, 159.90, 100, 6649
2026/08/26 05:09:32.230, 159.62, 100, 6649
2026/08/26 05:09:33.230, 159.15, 98, 6649
2026/08/26 05:09:34.230, 161.02, 100, 6649
2026/08/26 05:09:35.231, 159.41, 100, 6649
2026/08/26 05:09:36.231, 159.24, 98, 6649
2026/08/26 05:09:37.231, 160.06, 100, 6649
2026/08/26 05:09:38.231, 159.72, 100, 6649
2026/08/26 05:09:39.231, 158.85, 98, 6649
2026/08/26 05:09:40.231, 159.87, 100, 6649
2026/08/26 05:09:41.232, 159.54, 100, 6649
2026/08/26 05:09:42.232, 158.92, 98, 6649
2026/08/26 05:09:43.232, 159.87, 100, 6649
2026/08/26 05:09:44.232, 159.78, 100, 6649
2026/08/26 05:09:45.232, 158.77, 98, 6649
2026/08/26 05:09:46.233, 159.66, 100, 6649
2026/08/26 05:09:47.233, 159.29, 100, 6649
2026/08/26 05:09:48.233, 158.72, 98, 6649
2026/08/26 05:09:49.233, 159.74, 100, 6649
2026/08/26 05:09:50.233, 159.71, 100, 6649
2026/08/26 05:09:51.233, 158.86, 98, 6649
2026/08/26 05:09:52.234, 159.99, 100, 6649
2026/08/26 05:09:53.234, 159.43, 100, 6649
2026/08/26 05:09:54.234, 158.78, 98, 6649
2026/08/26 05:09:55.234, 159.62, 100, 6649
2026/08/26 05:09:56.234, 160.49, 100, 6649
2026/08/26 05:09:57.234, 158.97, 98, 6649
2026/08/26 05:09:58.235, 159.78, 100, 6649
2026/08/26 05:09:59.235, 158.38, 100, 6649
2026/08/26 05:10:00.235, 163.83, 100, 6649
2026/08/26 05:10:01.235, 164.01, 100, 6649
2026/08/26 05:10:02.235, 163.91, 100, 6649
2026/08/26 05:10:03.235, 164.07, 100, 6649
2026/08/26 05:10:04.236, 163.94, 100, 6649
2026/08/26 05:10:05.236, 163.91, 99, 6649
2026/08/26 05:10:06.236, 164.15, 100, 6649
2026/08/26 05:10:07.236, 164.21, 100, 6649
2026/08/26 05:10:08.236, 163.89, 99, 6649
2026/08/26 05:10:09.236, 164.07, 99, 6649
2026/08/26 05:10:10.237, 163.95, 100, 6649
2026/08/26 05:10:11.237, 164.36, 100, 6649
2026/08/26 05:10:12.237, 163.96, 100, 6649
2026/08/26 05:10:13.237, 164.21, 100, 6649
2026/08/26 05:10:14.237, 164.05, 100, 6649
2026/08/26 05:10:15.237, 164.07, 100, 6649
2026/08/26 05:10:16.238, 164.14, 100, 6649
2026/08/26 05:10:17.238, 164.09, 100, 6649
2026/08/26 05:10:18.238, 164.18, 100, 6649
2026/08/26 05:10:19.238, 164.18, 100, 6649
2026/08/26 05:10:20.238, 164.27, 100, 6649
2026/08/26 05:10:21.238, 162.92, 99, 6649
2026/08/26 05:10:22.238, 162.96, 100, 6649
2026/08/26 05:10:23.239, 162.99, 100, 6649
2026/08/26 05:10:24.239, 163.04, 100, 6649
2026/08/26 05:10:25.239, 162.96, 100, 6649
2026/08/26 05:10:26.239, 162.95, 100, 6649
2026/08/26 05:10:27.239, 162.93, 100, 6649
2026/08/26 05:10:28.240, 162.94, 100, 6649
2026/08/26 05:10:29.240, 163.10, 100, 6649
2026/08/26 05:10:30.240, 163.01, 100, 6649
2026/08/26 05:10:31.240, 162.88, 100, 6649
2026/08/26 05:10:32.240, 162.95, 100, 6649
2026/08/26 05:10:33.240, 163.01, 99, 6649
2026/08/26 05:10:34.240, 162.62, 100, 6649
2026/08/26 05:10:35.241, 162.74, 100, 6649
2026/08/26 05:10:36.241, 162.96, 100, 6649
2026/08/26 05:10:37.241, 162.91, 100, 6649
2026/08/26 05:10:38.241, 162.77, 100, 6649
2026/08/26 05:10:39.241, 163.08, 100, 6649
2026/08/26 05:10:40.242, 163.06, 100, 6649
2026/08/26 05:10:41.242, 163.23, 100, 6649
2026/08/26 05:10:42.242, 163.03, 99, 6649
2026/08/26 05:10:43.242, 162.94, 100, 6649
2026/08/26 05:10:44.242, 162.91, 100, 6649
2026/08/26 05:10:45.242, 163.00, 99, 6649
2026/08/26 05:10:46.243, 163.16, 100, 6649
2026/08/26 05:10:47.243, 162.91, 100, 6649
2026/08/26 05:10:48.243, 162.99, 100, 6649
2026/08/26 05:10:49.243, 162.91, 100, 6649
2026/08/26 05:10:50.243, 162.79, 100, 6649
2026/08/26 05:10:51.243, 162.89, 99, 6649
2026/08/26 05:10:52.244, 162.74, 100, 6649
2026/08/26 05:10:53.244, 162.87, 100, 6649
2026/08/26 05:10:54.244, 162.95, 100, 6649
2026/08/26 05:10:55.244, 162.77, 100, 6649
2026/08/26 05:10:56.244, 162.80, 99, 6649
2026/08/26 05:10:57.244, 162.91, 100, 6649
2026/08/26 05:10:58.245, 162.73, 100, 6649
2026/08/26 05:10:59.245, 162.70, 99, 6649
2026/08/26 05:11:00.245, 162.65, 100, 6649
2026/08/26 05:11:01.245, 162.82, 100, 6649
2026/08/26 05:11:02.245, 162.84, 100, 6649
2026/08/26 05:11:03.246, 162.80, 100, 6649
2026/08/26 05:11:04.246, 162.79, 100, 6649
2026/08/26 05:11:05.246, 162.87, 99, 6649
2026/08/26 05:11:06.246, 162.79, 100, 6649
2026/08/26 05:11:07.246, 162.89, 100, 6649
2026/08/26 05:11:08.246, 162.83, 99, 6649
2026/08/26 05:11:09.247, 162.94, 100, 6649
2026/08/26 05:11:10.247, 162.90, 100, 6649
2026/08/26 05:11:11.247, 162.92, 99, 6649
2026/08/26 05:11:12.247, 162.98, 100, 6649
2026/08/26 05:11:13.247, 162.96, 100, 6649
2026/08/26 05:11:14.247, 162.96, 99, 6649
2026/08/26 05:11:15.248, 162.90, 100, 6649
2026/08/26 05:11:16.248, 163.16, 100, 6649
2026/08/26 05:11:17.248, 162.93, 99, 6649
2026/08/26 05:11:18.248, 162.96, 100, 6649
2026/08/26 05:11:19.248, 163.07, 100, 6649
2026/08/26 05:11:20.248, 162.76, 99, 6649
2026/08/26 05:11:21.249, 162.92, 100, 6649
2026/08/26 05:11:22.249, 162.76, 100, 6649
2026/08/26 05:11:23.249, 163.11, 100, 6649
2026/08/26 05:11:24.249, 163.02, 100, 6649
2026/08/26 05:11:25.249, 162.94, 100, 6649
2026/08/26 05:11:26.249, 162.84, 99, 6649
2026/08/26 05:11:27.250, 162.84, 100, 6649
2026/08/26 05:11:28.250, 162.88, 99, 6649
2026/08/26 05:11:29.250, 162.83, 100, 6649
2026/08/26 05:11:30.250, 163.06, 100, 6649
2026/08/26 05:11:31.250, 162.94, 100, 6649
2026/08/26 05:11:32.250, 163.14, 100, 6649
2026/08/26 05:11:33.251, 162.88, 100, 6649
2026/08/26 05:11:34.251, 162.87, 100, 6649
2026/08/26 05:11:35.251, 157.06, 100, 6649
2026/08/26 05:11:36.251, 159.53, 100, 6649
2026/08/26 05:11:37.251, 159.41, 98, 6649
2026/08/26 05:11:38.251, 160.35, 100, 6649
2026/08/26 05:11:39.252, 159.69, 100, 6649
2026/08/26 05:11:40.252, 158.73, 98, 6649
2026/08/26 05:11:41.252, 159.74, 100, 6649
2026/08/26 05:11:42.252, 160.14, 100, 6649
2026/08/26 05:11:43.252, 159.09, 98, 6649
2026/08/26 05:11:44.253, 159.81, 100, 6649
2026/08/26 05:11:45.253, 159.64, 100, 6649
2026/08/26 05:11:46.253, 157.80, 98, 6649
2026/08/26 05:11:47.253, 160.35, 100, 6649
2026/08/26 05:11:48.253, 159.77, 100, 6649
2026/08/26 05:11:49.253, 159.47, 98, 6649
2026/08/26 05:11:50.253, 159.88, 100, 6649
2026/08/26 05:11:51.254, 159.23, 100, 6649
2026/08/26 05:11:52.254, 159.96, 98, 6649
2026/08/26 05:11:53.254, 160.62, 100, 6649
2026/08/26 05:11:54.254, 159.27, 100, 6649
2026/08/26 05:11:55.254, 159.60, 98, 6649
2026/08/26 05:11:56.255, 160.82, 100, 6649
2026/08/26 05:11:57.255, 159.29, 100, 6649
2026/08/26 05:11:58.255, 159.43, 98, 6649
2026/08/26 05:11:59.255, 160.69, 100, 6649
2026/08/26 05:12:00.255, 159.40, 100, 6649
2026/08/26 05:12:01.255, 159.25, 98, 6649
2026/08/26 05:12:02.256, 160.74, 100, 6649
2026/08/26 05:12:03.256, 159.21, 100, 6649
2026/08/26 05:12:04.256, 159.33, 98, 6649
2026/08/26 05:12:05.256, 160.60, 100, 6649
2026/08/26 05:12:06.256, 159.40, 100, 6649
2026/08/26 05:12:07.256, 159.46, 98, 6649
2026/08/26 05:12:08.257, 160.19, 100, 6649
2026/08/26 05:12:09.257, 159.81, 100, 6649
2026/08/26 05:12:10.257, 159.48, 98, 6649
2026/08/26 05:12:11.257, 160.30, 100, 6649
2026/08/26 05:12:12.257, 159.79, 100, 6649
2026/08/26 05:12:13.257, 159.06, 99, 6649
2026/08/26 05:12:14.258, 160.20, 100, 6649
2026/08/26 05:12:15.258, 159.28, 100, 6649
2026/08/26 05:12:16.258, 159.19, 100, 6649
2026/08/26 05:12:17.258, 160.42, 100, 6649
2026/08/26 05:12:18.258, 159.79, 100, 6649
2026/08/26 05:12:19.258, 159.28, 98, 6649
2026/08/26 05:12:20.259, 159.98, 100, 6649
2026/08/26 05:12:21.259, 159.37, 100, 6649
2026/08/26 05:12:22.259, 159.30, 98, 6649
2026/08/26 05:12:23.259, 160.15, 100, 6649
2026/08/26 05:12:24.259, 159.74, 100, 6649
2026/08/26 05:12:25.259, 159.26, 98, 6649
2026/08/26 05:12:26.260, 159.72, 100, 6649
2026/08/26 05:12:27.260, 159.82, 100, 6649
2026/08/26 05:12:28.260, 159.09, 98, 6649
2026/08/26 05:12:29.260, 159.81, 100, 6649
2026/08/26 05:12:30.260, 159.77, 100, 6649
2026/08/26 05:12:31.260, 159.16, 98, 6649
2026/08/26 05:12:32.261, 160.39, 100, 6649
2026/08/26 05:12:33.261, 159.87, 100, 6649
2026/08/26 05:12:34.261, 159.22, 98, 6649
2026/08/26 05:12:35.261, 159.61, 100, 6649
2026/08/26 05:12:36.261, 158.78, 100, 6649
2026/08/26 05:12:37.262, 158.70, 98, 6649
2026/08/26 05:12:38.262, 159.61, 100, 6649
2026/08/26 05:12:39.262, 160.06, 100, 6649
2026/08/26 05:12:40.262, 158.49, 98, 6649
2026/08/26 05:12:41.262, 160.28, 100, 6649
2026/08/26 05:12:42.262, 159.88, 100, 6649
2026/08/26 05:12:43.262, 158.40, 98, 6649
2026/08/26 05:12:44.263, 159.37, 100, 6649
2026/08/26 05:12:45.263, 159.96, 100, 6649
2026/08/26 05:12:46.263, 157.51, 98, 6649
2026/08/26 05:12:47.263, 159.66, 100, 6649
2026/08/26 05:12:48.263, 160.22, 100, 6649
2026/08/26 05:12:49.264, 158.59, 98, 6649
2026/08/26 05:12:50.264, 160.33, 100, 6649
2026/08/26 05:12:51.264, 160.43, 100, 6649
2026/08/26 05:12:52.264, 158.96, 98, 6649
2026/08/26 05:12:53.264, 159.62, 100, 6649
2026/08/26 05:12:54.264, 160.49, 100, 6649
2026/08/26 05:12:55.265, 158.88, 98, 6649
2026/08/26 05:12:56.265, 160.50, 100, 6649
2026/08/26 05:12:57.265, 160.10, 100, 6649
2026/08/26 05:12:58.265, 159.27, 98, 6649
2026/08/26 05:12:59.265, 160.52, 100, 6649
2026/08/26 05:13:00.265, 160.43, 100, 6649
2026/08/26 05:13:01.265, 158.65, 98, 6649
2026/08/26 05:13:02.266, 159.57, 100, 6649
2026/08/26 05:13:03.266, 160.57, 100, 6649
2026/08/26 05:13:04.266, 159.10, 98, 6649
2026/08/26 05:13:05.266, 160.16, 100, 6649
2026/08/26 05:13:06.266, 160.71, 100, 6649
2026/08/26 05:13:07.266, 159.33, 98, 6649
2026/08/26 05:13:08.267, 160.13, 100, 6649
2026/08/26 05:13:09.267, 160.51, 100, 6649
2026/08/26 05:13:10.267, 159.63, 99, 6649
2026/08/26 05:13:11.267, 159.94, 100, 6649
2026/08/26 05:13:12.267, 161.15, 100, 6649
2026/08/26 05:13:13.267, 159.61, 98, 6649
2026/08/26 05:13:14.268, 160.42, 100, 6649
2026/08/26 05:13:15.268, 160.81, 100, 6649
2026/08/26 05:13:16.268, 158.60, 100, 6649
2026/08/26 05:13:17.268, 159.88, 100, 6649
2026/08/26 05:13:18.268, 160.60, 100, 6649
2026/08/26 05:13:19.268, 159.03, 100, 6649
2026/08/26 05:13:20.269, 159.81, 100, 6649
2026/08/26 05:13:21.269, 160.30, 100, 6649
2026/08/26 05:13:22.269, 159.24, 100, 6649
2026/08/26 05:13:23.269, 159.25, 100, 6649
2026/08/26 05:13:24.269, 160.57, 100, 6649
2026/08/26 05:13:25.269, 159.50, 100, 6649
2026/08/26 05:13:26.270, 159.50, 100, 6649
2026/08/26 05:13:27.270, 160.20, 100, 6649
2026/08/26 05:13:28.270, 159.23, 100, 6649
2026/08/26 05:13:29.270, 159.56, 100, 6649
2026/08/26 05:13:30.270, 160.41, 100, 6649
2026/08/26 05:13:31.270, 158.99, 100, 6649
2026/08/26 05:13:32.271, 159.30, 100, 6649
2026/08/26 05:13:33.271, 159.81, 100, 6649
2026/08/26 05:13:34.271, 159.25, 100, 6649
2026/08/26 05:13:35.271, 159.32, 100, 6649
2026/08/26 05:13:36.271, 160.35, 100, 6649
2026/08/26 05:13:37.271, 159.24, 100, 6649
2026/08/26 05:13:38.272, 159.38, 100, 6649
2026/08/26 05:13:39.272, 160.39, 100, 6649
2026/08/26 05:13:40.272, 159.12, 100, 6649
2026/08/26 05:13:41.272, 159.20, 100, 6649
2026/08/26 05:13:42.272, 160.68, 100, 6649
2026/08/26 05:13:43.272, 159.53, 100, 6649
2026/08/26 05:13:44.273, 159.41, 100, 6649
2026/08/26 05:13:45.273, 160.02, 100, 6649
2026/08/26 05:13:46.273, 159.47, 100, 6649
2026/08/26 05:13:47.273, 158.10, 99, 6649
2026/08/26 05:13:48.273, 160.26, 100, 6649
2026/08/26 05:13:49.274, 159.46, 100, 6649
2026/08/26 05:13:50.274, 159.33, 98, 6649
2026/08/26 05:13:51.274, 159.79, 100, 6649
2026/08/26 05:13:52.274, 159.32, 100, 6649
2026/08/26 05:13:53.274, 158.87, 98, 6649
2026/08/26 05:13:54.274, 160.19, 100, 6649
2026/08/26 05:13:55.274, 159.82, 100, 6649
2026/08/26 05:13:56.275, 159.33, 98, 6649
2026/08/26 05:13:57.275, 159.82, 100, 6649
2026/08/26 05:13:58.275, 159.60, 100, 6649
2026/08/26 05:13:59.275, 159.06, 98, 6649
2026/08/26 05:14:00.275, 160.49, 100, 6649
2026/08/26 05:14:01.276, 160.20, 100, 6649
2026/08/26 05:14:02.276, 159.15, 98, 6649
2026/08/26 05:14:03.276, 159.84, 100, 6649
2026/08/26 05:14:04.276, 159.40, 100, 6649
2026/08/26 05:14:05.276, 158.56, 98, 6649
2026/08/26 05:14:06.276, 160.25, 100, 6649
2026/08/26 05:14:07.277, 158.46, 100, 6649
2026/08/26 05:14:08.277, 159.06, 98, 6649
2026/08/26 05:14:09.277, 159.80, 100, 6649
2026/08/26 05:14:10.277, 160.16, 100, 6649
2026/08/26 05:14:11.277, 158.89, 98, 6649
2026/08/26 05:14:12.278, 159.92, 100, 6649
2026/08/26 05:14:13.278, 160.49, 100, 6649
2026/08/26 05:14:14.278, 159.19, 98, 6649
2026/08/26 05:14:15.278, 160.03, 100, 6649
2026/08/26 05:14:16.278, 159.88, 100, 6649
2026/08/26 05:14:17.278, 157.69, 98, 6649
2026/08/26 05:14:18.279, 160.33, 100, 6649
2026/08/26 05:14:19.279, 160.06, 100, 6649
2026/08/26 05:14:20.279, 159.33, 98, 6649
2026/08/26 05:14:21.279, 160.08, 100, 6649
2026/08/26 05:14:22.279, 160.39, 100, 6649
2026/08/26 05:14:23.280, 158.91, 98, 6649
2026/08/26 05:14:24.280, 160.15, 100, 6649
2026/08/26 05:14:25.280, 160.27, 100, 6649
2026/08/26 05:14:26.280, 159.10, 98, 6649
2026/08/26 05:14:27.280, 159.95, 100, 6649
2026/08/26 05:14:28.280, 159.75, 100, 6649
2026/08/26 05:14:29.281, 158.95, 98, 6649
2026/08/26 05:14:30.281, 159.90, 100, 6649
2026/08/26 05:14:31.281, 159.50, 100, 6649
2026/08/26 05:14:32.281, 158.87, 98, 6649
2026/08/26 05:14:33.281, 159.47, 100, 6649
2026/08/26 05:14:34.281, 159.30, 100, 6649
2026/08/26 05:14:35.282, 158.84, 98, 6649
2026/08/26 05:14:36.282, 159.65, 100, 6649
2026/08/26 05:14:37.282, 159.94, 100, 6649
2026/08/26 05:14:38.282, 158.77, 98, 6649
2026/08/26 05:14:39.282, 159.49, 100, 6649
2026/08/26 05:14:40.282, 160.23, 100, 6649
2026/08/26 05:14:41.283, 158.89, 98, 6649
2026/08/26 05:14:42.283, 159.62, 100, 6649
2026/08/26 05:14:43.283, 159.98, 100, 6649
2026/08/26 05:14:44.283, 158.85, 98, 6649
2026/08/26 05:14:45.283, 159.74, 100, 6649
2026/08/26 05:14:46.283, 160.29, 100, 6649
2026/08/26 05:14:47.284, 157.54, 98, 6649
2026/08/26 05:14:48.284, 159.68, 100, 6649
2026/08/26 05:14:49.284, 159.78, 100, 6649
2026/08/26 05:14:50.284, 158.62, 98, 6649
2026/08/26 05:14:51.284, 160.31, 100, 6649
2026/08/26 05:14:52.284, 160.02, 100, 6649
2026/08/26 05:14:53.285, 162.61, 99, 6649
2026/08/26 05:14:54.285, 162.89, 100, 6649
2026/08/26 05:14:55.285, 162.71, 100, 6649
2026/08/26 05:14:56.285, 162.67, 100, 6649
2026/08/26 05:14:57.285, 162.82, 100, 6649
2026/08/26 05:14:58.285, 162.96, 100, 6649
2026/08/26 05:14:59.286, 163.01, 100, 6649
2026/08/26 05:15:00.286, 162.94, 100, 6649
2026/08/26 05:15:01.286, 162.76, 100, 6649
2026/08/26 05:15:02.286, 163.11, 100, 6649
2026/08/26 05:15:03.286, 162.84, 100, 6649
2026/08/26 05:15:04.286, 162.85, 100, 6649
2026/08/26 05:15:05.287, 162.81, 99, 6649
2026/08/26 05:15:06.287, 162.91, 100, 6649
2026/08/26 05:15:07.287, 162.94, 100, 6649
2026/08/26 05:15:08.287, 162.95, 99, 6649
2026/08/26 05:15:09.287, 162.90, 99, 6649
2026/08/26 05:15:10.287, 162.88, 100, 6649
2026/08/26 05:15:11.288, 162.84, 99, 6649
2026/08/26 05:15:12.288, 162.74, 99, 6649
2026/08/26 05:15:13.288, 162.72, 100, 6649
2026/08/26 05:15:14.288, 162.35, 100, 6649
2026/08/26 05:15:15.288, 162.80, 100, 6649
2026/08/26 05:15:16.289, 162.88, 100, 6649
2026/08/26 05:15:17.289, 162.97, 99, 6649
2026/08/26 05:15:18.289, 162.59, 99, 6649
2026/08/26 05:15:19.289, 162.76, 100, 6649
2026/08/26 05:15:20.289, 162.47, 100, 6649
2026/08/26 05:15:21.289, 162.46, 99, 6649
2026/08/26 05:15:22.290, 162.31, 100, 6649
2026/08/26 05:15:23.290, 162.70, 99, 6649
2026/08/26 05:15:24.290, 162.78, 100, 6649
2026/08/26 05:15:25.290, 162.46, 100, 6649
2026/08/26 05:15:26.290, 162.56, 100, 6649
2026/08/26 05:15:27.290, 162.37, 100, 6649
2026/08/26 05:15:28.291, 162.37, 100, 6649
2026/08/26 05:15:29.291, 162.51, 100, 6649
2026/08/26 05:15:30.291, 162.60, 100, 6649
2026/08/26 05:15:31.291, 162.49, 100, 6649
2026/08/26 05:15:32.291, 162.61, 99, 6649
2026/08/26 05:15:33.291, 162.72, 100, 6649
2026/08/26 05:15:34.292, 162.70, 100, 6649
2026/08/26 05:15:35.292, 162.68, 99, 6649
2026/08/26 05:15:36.292, 162.62, 100, 6649
2026/08/26 05:15:37.292, 162.62, 100, 6649
2026/08/26 05:15:38.292, 162.77, 100, 6649
2026/08/26 05:15:39.292, 162.71, 100, 6649
2026/08/26 05:15:40.293, 162.58, 100, 6649
2026/08/26 05:15:41.293, 162.73, 99, 6649
2026/08/26 05:15:42.293, 162.88, 100, 6649
2026/08/26 05:15:43.293, 162.53, 100, 6649
2026/08/26 05:15:44.293, 162.62, 99, 6649
2026/08/26 05:15:45.293, 162.58, 100, 6649
2026/08/26 05:15:46.294, 162.70, 100, 6649
2026/08/26 05:15:47.294, 162.68, 100, 6649
2026/08/26 05:15:48.294, 162.60, 100, 6649
2026/08/26 05:15:49.294, 162.62, 100, 6649
2026/08/26 05:15:50.294, 162.76, 100, 6649
2026/08/26 05:15:51.294, 162.79, 100, 6649
2026/08/26 05:15:52.295, 162.91, 100, 6649
2026/08/26 05:15:53.295, 162.51, 100, 6649
2026/08/26 05:15:54.295, 162.71, 100, 6649
2026/08/26 05:15:55.295, 162.68, 100, 6649
2026/08/26 05:15:56.295, 162.69, 100, 6649
2026/08/26 05:15:57.295, 162.76, 100, 6649
2026/08/26 05:15:58.296, 162.80, 100, 6649
2026/08/26 05:15:59.296, 162.61, 100, 6649
2026/08/26 05:16:00.296, 162.63, 100, 6649
2026/08/26 05:16:01.296, 162.52, 99, 6649
2026/08/26 05:16:02.296, 162.65, 100, 6649
2026/08/26 05:16:03.296, 162.83, 100, 6649
2026/08/26 05:16:04.297, 162.74, 100, 6649
2026/08/26 05:16:05.297, 162.67, 100, 6649
2026/08/26 05:16:06.297, 162.58, 100, 6649
2026/08/26 05:16:07.297, 162.61, 99, 6649
2026/08/26 05:16:08.297, 162.85, 100, 6649
2026/08/26 05:16:09.298, 162.81, 100, 6649
2026/08/26 05:16:10.298, 162.69, 99, 6649
2026/08/26 05:16:11.298, 162.68, 100, 6649
2026/08/26 05:16:12.298, 162.78, 100, 6649
2026/08/26 05:16:13.298, 162.76, 100, 6649
2026/08/26 05:16:14.298, 162.59, 100, 6649
2026/08/26 05:16:15.299, 162.46, 100, 6649
2026/08/26 05:16:16.299, 162.64, 99, 6649
2026/08/26 05:16:17.299, 162.54, 100, 6649
2026/08/26 05:16:18.299, 162.66, 100, 6649
2026/08/26 05:16:19.299, 162.55, 99, 6649
2026/08/26 05:16:20.299, 162.83, 100, 6649
2026/08/26 05:16:21.300, 162.82, 100, 6649
2026/08/26 05:16:22.300, 162.90, 100, 6649
2026/08/26 05:16:23.300, 162.90, 100, 6649
2026/08/26 05:16:24.300, 162.72, 100, 6649
2026/08/26 05:16:25.300, 162.60, 100, 6649
2026/08/26 05:16:26.300, 162.80, 100, 6649
2026/08/26 05:16:27.301, 162.69, 100, 6649
2026/08/26 05:16:28.301, 154.90, 100, 6649
2026/08/26 05:16:29.301, 160.44, 100, 6649
2026/08/26 05:16:30.301, 159.51, 100, 6649
2026/08/26 05:16:31.301, 159.55, 99, 6649
2026/08/26 05:16:32.301, 160.01, 100, 6649
2026/08/26 05:16:33.302, 159.81, 100, 6649
2026/08/26 05:16:34.302, 159.33, 98, 6649
2026/08/26 05:16:35.302, 160.12, 100, 6649
2026/08/26 05:16:36.302, 159.61, 100, 6649
2026/08/26 05:16:37.302, 159.57, 98, 6649
2026/08/26 05:16:38.302, 160.66, 100, 6649
2026/08/26 05:16:39.303, 159.68, 100, 6649
2026/08/26 05:16:40.303, 159.29, 98, 6649
2026/08/26 05:16:41.303, 160.73, 100, 6649
2026/08/26 05:16:42.303, 159.88, 100, 6649
2026/08/26 05:16:43.303, 159.24, 98, 6649
2026/08/26 05:16:44.304, 160.15, 100, 6649
2026/08/26 05:16:45.304, 159.65, 100, 6649
2026/08/26 05:16:46.304, 159.51, 98, 6649
2026/08/26 05:16:47.304, 160.32, 100, 6649
2026/08/26 05:16:48.304, 159.11, 100, 6649
2026/08/26 05:16:49.304, 159.32, 98, 6649
2026/08/26 05:16:50.305, 160.15, 100, 6649
2026/08/26 05:16:51.305, 160.25, 100, 6649
2026/08/26 05:16:52.305, 159.69, 98, 6649
2026/08/26 05:16:53.305, 160.17, 100, 6649
2026/08/26 05:16:54.305, 160.40, 100, 6649
2026/08/26 05:16:55.305, 159.23, 98, 6649
2026/08/26 05:16:56.306, 160.14, 100, 6649
2026/08/26 05:16:57.306, 160.12, 100, 6649
2026/08/26 05:16:58.306, 159.53, 98, 6649
2026/08/26 05:16:59.306, 160.57, 100, 6649
2026/08/26 05:17:00.306, 159.79, 100, 6649
2026/08/26 05:17:01.306, 159.43, 98, 6649
2026/08/26 05:17:02.307, 160.15, 100, 6649
2026/08/26 05:17:03.307, 160.17, 100, 6649
2026/08/26 05:17:04.307, 159.29, 98, 6649
2026/08/26 05:17:05.307, 160.29, 100, 6649
2026/08/26 05:17:06.307, 160.07, 100, 6649
2026/08/26 05:17:07.307, 159.10, 98, 6649
2026/08/26 05:17:08.308, 159.91, 100, 6649
2026/08/26 05:17:09.308, 160.18, 100, 6649
2026/08/26 05:17:10.308, 159.14, 98, 6649
2026/08/26 05:17:11.308, 159.41, 100, 6649
2026/08/26 05:17:12.308, 159.63, 100, 6649
2026/08/26 05:17:13.309, 158.90, 98, 6649
2026/08/26 05:17:14.309, 159.95, 100, 6649
2026/08/26 05:17:15.309, 159.98, 100, 6649
2026/08/26 05:17:16.309, 159.21, 98, 6649
2026/08/26 05:17:17.309, 159.77, 100, 6649
2026/08/26 05:17:18.310, 159.51, 100, 6649
2026/08/26 05:17:19.310, 158.87, 98, 6649
2026/08/26 05:17:20.310, 159.92, 100, 6649
2026/08/26 05:17:21.310, 160.19, 100, 6649
2026/08/26 05:17:22.310, 158.66, 98, 6649
2026/08/26 05:17:23.311, 159.73, 100, 6649
2026/08/26 05:17:24.311, 159.93, 100, 6649
2026/08/26 05:17:25.311, 158.55, 98, 6649
2026/08/26 05:17:26.311, 159.67, 100, 6649
2026/08/26 05:17:27.311, 160.63, 100, 6649
2026/08/26 05:17:28.311, 158.86, 97, 6649
2026/08/26 05:17:29.312, 159.43, 100, 6649
2026/08/26 05:17:30.312, 160.45, 100, 6649
2026/08/26 05:17:31.312, 159.01, 98, 6649
2026/08/26 05:17:32.312, 160.33, 100, 6649
2026/08/26 05:17:33.312, 160.32, 100, 6649
2026/08/26 05:17:34.312, 158.92, 98, 6649
2026/08/26 05:17:35.313, 159.80, 100, 6649
2026/08/26 05:17:36.313, 160.24, 100, 6649
2026/08/26 05:17:37.313, 159.55, 98, 6649
2026/08/26 05:17:38.313, 159.74, 100, 6649
2026/08/26 05:17:39.313, 159.19, 100, 6649
2026/08/26 05:17:40.313, 159.29, 100, 6649
2026/08/26 05:17:41.314, 159.82, 100, 6649
2026/08/26 05:17:42.314, 160.91, 100, 6649
2026/08/26 05:17:43.314, 159.79, 100, 6649
2026/08/26 05:17:44.314, 159.59, 100, 6649
2026/08/26 05:17:45.314, 160.34, 100, 6649
2026/08/26 05:17:46.314, 159.79, 100, 6649
2026/08/26 05:17:47.315, 159.44, 100, 6649
2026/08/26 05:17:48.315, 160.57, 100, 6649
2026/08/26 05:17:49.315, 158.15, 100, 6649
2026/08/26 05:17:50.315, 159.21, 100, 6649
2026/08/26 05:17:51.315, 160.68, 100, 6649
2026/08/26 05:17:52.316, 159.12, 100, 6649
2026/08/26 05:17:53.316, 159.49, 100, 6649
2026/08/26 05:17:54.316, 160.60, 100, 6649
2026/08/26 05:17:55.316, 159.74, 100, 6649
2026/08/26 05:17:56.316, 159.28, 100, 6649
2026/08/26 05:17:57.316, 160.34, 100, 6649
2026/08/26 05:17:58.317, 159.45, 100, 6649
2026/08/26 05:17:59.317, 159.57, 99, 6649
2026/08/26 05:18:00.317, 160.21, 100, 6649
2026/08/26 05:18:01.317, 159.61, 100, 6649
2026/08/26 05:18:02.317, 159.71, 98, 6649
2026/08/26 05:18:03.317, 160.30, 100, 6649
2026/08/26 05:18:04.318, 159.76, 100, 6649
2026/08/26 05:18:05.318, 159.52, 98, 6649
2026/08/26 05:18:06.318, 160.17, 100, 6649
2026/08/26 05:18:07.318, 159.47, 100, 6649
2026/08/26 05:18:08.318, 159.18, 98, 6649
2026/08/26 05:18:09.318, 160.48, 100, 6649
2026/08/26 05:18:10.319, 159.74, 100, 6649
2026/08/26 05:18:11.319, 159.40, 98, 6649
2026/08/26 05:18:12.319, 159.96, 100, 6649
2026/08/26 05:18:13.319, 160.22, 100, 6649
2026/08/26 05:18:14.319, 159.28, 98, 6649
2026/08/26 05:18:15.319, 160.10, 100, 6649
2026/08/26 05:18:16.320, 159.79, 100, 6649
2026/08/26 05:18:17.320, 159.55, 98, 6649
2026/08/26 05:18:18.320, 160.29, 100, 6649
2026/08/26 05:18:19.320, 158.91, 100, 6649
2026/08/26 05:18:20.320, 159.39, 98, 6649
2026/08/26 05:18:21.321, 160.76, 100, 6649
2026/08/26 05:18:22.321, 160.58, 100, 6649
2026/08/26 05:18:23.321, 159.20, 98, 6649
2026/08/26 05:18:24.321, 160.74, 100, 6649
2026/08/26 05:18:25.321, 160.15, 100, 6649
2026/08/26 05:18:26.322, 159.15, 98, 6649
2026/08/26 05:18:27.322, 159.94, 100, 6649
2026/08/26 05:18:28.322, 159.83, 100, 6649
2026/08/26 05:18:29.322, 159.42, 98, 6649
2026/08/26 05:18:30.322, 160.09, 100, 6649
2026/08/26 05:18:31.322, 159.80, 100, 6649
2026/08/26 05:18:32.323, 159.07, 98, 6649
2026/08/26 05:18:33.323, 160.45, 100, 6649
2026/08/26 05:18:34.323, 160.58, 100, 6649
2026/08/26 05:18:35.323, 159.00, 98, 6649
2026/08/26 05:18:36.323, 160.08, 100, 6649
2026/08/26 05:18:37.323, 159.97, 100, 6649
2026/08/26 05:18:38.324, 159.04, 98, 6649
2026/08/26 05:18:39.324, 159.76, 100, 6649
2026/08/26 05:18:40.324, 159.63, 100, 6649
2026/08/26 05:18:41.324, 159.15, 98, 6649
2026/08/26 05:18:42.324, 159.71, 100, 6649
2026/08/26 05:18:43.325, 160.15, 100, 6649
2026/08/26 05:18:44.325, 159.13, 98, 6649
2026/08/26 05:18:45.325, 160.12, 100, 6649
2026/08/26 05:18:46.325, 160.15, 100, 6649
2026/08/26 05:18:47.325, 158.92, 98, 6649
2026/08/26 05:18:48.325, 159.80, 100, 6649
2026/08/26 05:18:49.326, 160.29, 100, 6649
2026/08/26 05:18:50.326, 158.94, 98, 6649
2026/08/26 05:18:51.326, 159.63, 100, 6649
2026/08/26 05:18:52.326, 160.26, 100, 6649
2026/08/26 05:18:53.326, 158.69, 98, 6649
2026/08/26 05:18:54.326, 159.65, 100, 6649
2026/08/26 05:18:55.327, 159.92, 100, 6649
2026/08/26 05:18:56.327, 158.87, 98, 6649
2026/08/26 05:18:57.327, 159.55, 100, 6649
2026/08/26 05:18:58.327, 159.75, 100, 6649
2026/08/26 05:18:59.327, 158.77, 98, 6649
2026/08/26 05:19:00.327, 159.62, 100, 6649
2026/08/26 05:19:01.328, 159.85, 100, 6649
2026/08/26 05:19:02.328, 158.55, 98, 6649
2026/08/26 05:19:03.328, 159.71, 100, 6649
2026/08/26 05:19:04.328, 160.79, 100, 6649
2026/08/26 05:19:05.328, 158.75, 98, 6649
2026/08/26 05:19:06.328, 159.83, 100, 6649
2026/08/26 05:19:07.329, 160.10, 100, 6649
2026/08/26 05:19:08.329, 158.72, 98, 6649
2026/08/26 05:19:09.329, 159.65, 100, 6649
2026/08/26 05:19:10.329, 159.66, 100, 6649
2026/08/26 05:19:11.329, 158.72, 98, 6649
2026/08/26 05:19:12.329, 159.66, 100, 6649
2026/08/26 05:19:13.330, 160.25, 100, 6649
2026/08/26 05:19:14.330, 158.93, 98, 6649
2026/08/26 05:19:15.330, 160.07, 100, 6649
2026/08/26 05:19:16.330, 159.67, 100, 6649
2026/08/26 05:19:17.330, 158.86, 98, 6649
2026/08/26 05:19:18.330, 159.52, 100, 6649
2026/08/26 05:19:19.331, 160.50, 100, 6649
2026/08/26 05:19:20.331, 159.00, 98, 6649
2026/08/26 05:19:21.331, 159.24, 100, 6649
2026/08/26 05:19:22.331, 160.38, 100, 6649
2026/08/26 05:19:23.331, 159.24, 98, 6649
2026/08/26 05:19:24.331, 160.04, 100, 6649
2026/08/26 05:19:25.332, 160.03, 100, 6649
2026/08/26 05:19:26.332, 159.02, 99, 6649
2026/08/26 05:19:27.332, 159.29, 100, 6649
2026/08/26 05:19:28.332, 160.63, 100, 6649
2026/08/26 05:19:29.332, 159.41, 100, 6649
2026/08/26 05:19:30.333, 159.61, 100, 6649
2026/08/26 05:19:31.333, 160.24, 100, 6649
2026/08/26 05:19:32.333, 159.25, 100, 6649
2026/08/26 05:19:33.333, 159.57, 100, 6649
2026/08/26 05:19:34.333, 160.07, 100, 6649
2026/08/26 05:19:35.333, 159.49, 100, 6649
2026/08/26 05:19:36.334, 159.52, 100, 6649
2026/08/26 05:19:37.334, 160.49, 100, 6649
2026/08/26 05:19:38.334, 159.01, 100, 6649
2026/08/26 05:19:39.334, 159.17, 100, 6649
2026/08/26 05:19:40.334, 160.29, 100, 6649
2026/08/26 05:19:41.334, 159.54, 100, 6649
2026/08/26 05:19:42.335, 159.60, 100, 6649
2026/08/26 05:19:43.335, 160.59, 100, 6649
2026/08/26 05:19:44.335, 159.34, 100, 6649
2026/08/26 05:19:45.335, 160.01, 100, 6649
2026/08/26 05:19:46.335, 162.43, 99, 6649
2026/08/26 05:19:47.335, 162.50, 100, 6649
2026/08/26 05:19:48.336, 162.50, 100, 6649
2026/08/26 05:19:49.336, 162.72, 100, 6649
2026/08/26 05:19:50.336, 162.54, 100, 6649
2026/08/26 05:19:51.336, 162.55, 100, 6649
2026/08/26 05:19:52.336, 163.67, 99, 6649
2026/08/26 05:19:53.337, 163.63, 100, 6649
2026/08/26 05:19:54.337, 163.63, 100, 6649
2026/08/26 05:19:55.337, 163.82, 99, 6649
2026/08/26 05:19:56.337, 163.74, 100, 6649
2026/08/26 05:19:57.337, 163.74, 100, 6649
2026/08/26 05:19:58.337, 163.55, 100, 6649
2026/08/26 05:19:59.338, 163.78, 100, 6649
2026/08/26 05:20:00.338, 163.60, 100, 6649
2026/08/26 05:20:01.338, 163.86, 100, 6649
2026/08/26 05:20:02.338, 163.67, 100, 6649
2026/08/26 05:20:03.338, 163.99, 100, 6649
2026/08/26 05:20:04.338, 163.88, 100, 6649
2026/08/26 05:20:05.339, 162.88, 100, 6649
2026/08/26 05:20:06.339, 162.59, 100, 6649
2026/08/26 05:20:07.339, 162.59, 100, 6649
2026/08/26 05:20:08.339, 162.71, 99, 6649
2026/08/26 05:20:09.339, 162.81, 100, 6649
2026/08/26 05:20:10.340, 162.69, 99, 6649
2026/08/26 05:20:11.340, 162.59, 100, 6649
2026/08/26 05:20:12.340, 162.82, 100, 6649
2026/08/26 05:20:13.340, 162.91, 100, 6649
2026/08/26 05:20:14.340, 162.72, 100, 6649
2026/08/26 05:20:15.340, 162.76, 100, 6649
2026/08/26 05:20:16.341, 162.86, 100, 6649
2026/08/26 05:20:17.341, 162.62, 100, 6649
2026/08/26 05:20:18.341, 162.72, 100, 6649
2026/08/26 05:20:19.341, 162.58, 99, 6649
2026/08/26 05:20:20.341, 162.65, 100, 6649
2026/08/26 05:20:21.341, 162.73, 100, 6649
2026/08/26 05:20:22.342, 162.57, 100, 6649
2026/08/26 05:20:23.342, 162.80, 100, 6649
2026/08/26 05:20:24.342, 162.74, 100, 6649
2026/08/26 05:20:25.342, 162.80, 99, 6649
2026/08/26 05:20:26.342, 162.88, 100, 6649
2026/08/26 05:20:27.342, 162.81, 100, 6649
2026/08/26 05:20:28.343, 162.50, 99, 6649
2026/08/26 05:20:29.343, 162.79, 100, 6649
2026/08/26 05:20:30.343, 162.72, 100, 6649
2026/08/26 05:20:31.343, 162.67, 99, 6649
2026/08/26 05:20:32.343, 162.68, 100, 6649
2026/08/26 05:20:33.343, 162.76, 100, 6649
2026/08/26 05:20:34.344, 162.65, 100, 6649
2026/08/26 05:20:35.344, 162.59, 100, 6649
2026/08/26 05:20:36.344, 162.79, 100, 6649
2026/08/26 05:20:37.344, 162.80, 100, 6649
2026/08/26 05:20:38.344, 162.73, 100, 6649
2026/08/26 05:20:39.344, 162.94, 100, 6649
2026/08/26 05:20:40.345, 162.80, 100, 6649
2026/08/26 05:20:41.345, 162.69, 100, 6649
2026/08/26 05:20:42.345, 162.86, 100, 6649
2026/08/26 05:20:43.345, 162.66, 100, 6649
2026/08/26 05:20:44.345, 162.74, 99, 6649
2026/08/26 05:20:45.345, 162.65, 100, 6649
2026/08/26 05:20:46.346, 162.70, 100, 6649
2026/08/26 05:20:47.346, 162.81, 99, 6649
2026/08/26 05:20:48.346, 162.92, 100, 6649
2026/08/26 05:20:49.346, 162.84, 99, 6649
2026/08/26 05:20:50.346, 162.66, 99, 6649
2026/08/26 05:20:51.346, 162.71, 100, 6649
2026/08/26 05:20:52.347, 162.65, 99, 6649
2026/08/26 05:20:53.347, 162.89, 100, 6649
2026/08/26 05:20:54.347, 162.73, 100, 6649
2026/08/26 05:20:55.347, 162.91, 100, 6649
2026/08/26 05:20:56.347, 162.81, 100, 6649
2026/08/26 05:20:57.347, 162.89, 100, 6649
2026/08/26 05:20:58.348, 162.85, 100, 6649
2026/08/26 05:20:59.348, 162.76, 100, 6649
2026/08/26 05:21:00.348, 162.54, 100, 6649
2026/08/26 05:21:01.348, 162.69, 100, 6649
2026/08/26 05:21:02.348, 162.87, 100, 6649
2026/08/26 05:21:03.348, 162.95, 100, 6649
2026/08/26 05:21:04.349, 162.88, 100, 6649
2026/08/26 05:21:05.349, 162.89, 100, 6649
2026/08/26 05:21:06.349, 162.98, 100, 6649
2026/08/26 05:21:07.349, 162.82, 99, 6649
2026/08/26 05:21:08.349, 162.96, 100, 6649
2026/08/26 05:21:09.349, 162.74, 100, 6649
2026/08/26 05:21:10.350, 162.52, 99, 6649
2026/08/26 05:21:11.350, 162.59, 100, 6649
2026/08/26 05:21:12.350, 162.57, 100, 6649
2026/08/26 05:21:13.350, 162.92, 99, 6649
2026/08/26 05:21:14.350, 162.98, 100, 6649
2026/08/26 05:21:15.350, 162.71, 100, 6649
2026/08/26 05:21:16.351, 162.71, 100, 6649
2026/08/26 05:21:17.351, 162.79, 100, 6649
2026/08/26 05:21:18.351, 162.83, 100, 6649
2026/08/26 05:21:19.351, 162.74, 99, 6649
2026/08/26 05:21:20.351, 162.74, 100, 6649
2026/08/26 05:21:21.351, 153.49, 98, 6649
2026/08/26 05:21:22.352, 159.70, 100, 6649
2026/08/26 05:21:23.352, 160.36, 100, 6649
2026/08/26 05:21:24.352, 158.63, 98, 6649
2026/08/26 05:21:25.352, 159.68, 100, 6649
2026/08/26 05:21:26.352, 160.56, 100, 6649
2026/08/26 05:21:27.352, 159.04, 98, 6649
2026/08/26 05:21:28.353, 160.75, 100, 6649
2026/08/26 05:21:29.353, 160.65, 100, 6649
2026/08/26 05:21:30.353, 159.22, 98, 6649
2026/08/26 05:21:31.353, 160.25, 100, 6649
2026/08/26 05:21:32.353, 160.55, 100, 6649
2026/08/26 05:21:33.354, 159.88, 99, 6649
2026/08/26 05:21:34.354, 160.78, 100, 6649
2026/08/26 05:21:35.354, 160.43, 100, 6649
2026/08/26 05:21:36.354, 159.22, 99, 6649
2026/08/26 05:21:37.354, 159.29, 100, 6649
2026/08/26 05:21:38.354, 160.57, 100, 6649
2026/08/26 05:21:39.355, 159.47, 100, 6649
2026/08/26 05:21:40.355, 159.49, 100, 6649
2026/08/26 05:21:41.355, 160.25, 100, 6649
2026/08/26 05:21:42.355, 159.73, 100, 6649
2026/08/26 05:21:43.355, 159.85, 100, 6649
2026/08/26 05:21:44.355, 160.60, 100, 6649
2026/08/26 05:21:45.356, 159.17, 100, 6649
2026/08/26 05:21:46.356, 159.65, 100, 6649
2026/08/26 05:21:47.356, 160.45, 100, 6649
2026/08/26 05:21:48.356, 159.42, 100, 6649
2026/08/26 05:21:49.356, 159.71, 100, 6649
2026/08/26 05:21:50.357, 159.96, 100, 6649
2026/08/26 05:21:51.357, 159.08, 100, 6649
2026/08/26 05:21:52.357, 159.33, 100, 6649
2026/08/26 05:21:53.357, 160.52, 100, 6649
2026/08/26 05:21:54.357, 159.57, 100, 6649
2026/08/26 05:21:55.357, 159.42, 100, 6649
2026/08/26 05:21:56.358, 160.22, 100, 6649
2026/08/26 05:21:57.358, 159.41, 100, 6649
2026/08/26 05:21:58.358, 159.01, 100, 6649
2026/08/26 05:21:59.358, 159.93, 100, 6649
2026/08/26 05:22:00.358, 159.93, 100, 6649
2026/08/26 05:22:01.358, 159.08, 100, 6649
2026/08/26 05:22:02.359, 160.76, 100, 6649
2026/08/26 05:22:03.359, 159.39, 100, 6649
2026/08/26 05:22:04.359, 159.20, 100, 6649
2026/08/26 05:22:05.359, 160.27, 100, 6649
2026/08/26 05:22:06.359, 159.05, 100, 6649
2026/08/26 05:22:07.359, 159.17, 99, 6649
2026/08/26 05:22:08.359, 160.02, 100, 6649
2026/08/26 05:22:09.360, 159.60, 100, 6649
2026/08/26 05:22:10.360, 159.32, 98, 6649
2026/08/26 05:22:11.360, 160.08, 100, 6649
2026/08/26 05:22:12.360, 159.40, 100, 6649
2026/08/26 05:22:13.360, 157.85, 98, 6649
2026/08/26 05:22:14.360, 159.87, 100, 6649
2026/08/26 05:22:15.361, 159.62, 100, 6649
2026/08/26 05:22:16.361, 159.00, 98, 6649
2026/08/26 05:22:17.361, 160.03, 100, 6649
2026/08/26 05:22:18.361, 159.37, 100, 6649
2026/08/26 05:22:19.361, 158.95, 98, 6649
2026/08/26 05:22:20.361, 160.25, 100, 6649
2026/08/26 05:22:21.362, 158.67, 100, 6649
2026/08/26 05:22:22.362, 159.07, 98, 6649
2026/08/26 05:22:23.362, 159.84, 100, 6649
2026/08/26 05:22:24.362, 159.39, 100, 6649
2026/08/26 05:22:25.362, 159.01, 98, 6649
2026/08/26 05:22:26.362, 158.89, 100, 6649
2026/08/26 05:22:27.363, 160.00, 100, 6649
2026/08/26 05:22:28.363, 159.07, 98, 6649
2026/08/26 05:22:29.363, 159.78, 100, 6649
2026/08/26 05:22:30.363, 159.92, 100, 6649
2026/08/26 05:22:31.363, 159.12, 98, 6649
2026/08/26 05:22:32.363, 159.80, 100, 6649
2026/08/26 05:22:33.364, 159.57, 100, 6649
2026/08/26 05:22:34.364, 158.71, 98, 6649
2026/08/26 05:22:35.364, 160.27, 100, 6649
2026/08/26 05:22:36.364, 160.12, 100, 6649
2026/08/26 05:22:37.364, 158.95, 98, 6649
2026/08/26 05:22:38.364, 159.64, 100, 6649
2026/08/26 05:22:39.365, 159.46, 100, 6649
2026/08/26 05:22:40.365, 158.92, 98, 6649
2026/08/26 05:22:41.365, 159.74, 100, 6649
2026/08/26 05:22:42.365, 160.09, 100, 6649
2026/08/26 05:22:43.365, 158.80, 98, 6649
2026/08/26 05:22:44.365, 159.86, 100, 6649
2026/08/26 05:22:45.366, 160.07, 100, 6649
2026/08/26 05:22:46.366, 158.48, 98, 6649
2026/08/26 05:22:47.366, 159.49, 100, 6649
2026/08/26 05:22:48.366, 159.57, 100, 6649
2026/08/26 05:22:49.366, 158.52, 98, 6649
2026/08/26 05:22:50.366, 160.46, 100, 6649
2026/08/26 05:22:51.366, 160.25, 100, 6649
2026/08/26 05:22:52.367, 158.56, 98, 6649
2026/08/26 05:22:53.367, 159.34, 100, 6649
2026/08/26 05:22:54.367, 160.17, 100, 6649
2026/08/26 05:22:55.367, 158.62, 98, 6649
2026/08/26 05:22:56.367, 160.19, 100, 6649
2026/08/26 05:22:57.368, 160.06, 100, 6649
2026/08/26 05:22:58.368, 158.35, 98, 6649
2026/08/26 05:22:59.368, 159.47, 100, 6649
2026/08/26 05:23:00.368, 160.25, 100, 6649
2026/08/26 05:23:01.368, 158.70, 98, 6649
2026/08/26 05:23:02.368, 159.60, 100, 6649
2026/08/26 05:23:03.369, 159.83, 100, 6649
2026/08/26 05:23:04.369, 158.44, 98, 6649
2026/08/26 05:23:05.369, 159.29, 100, 6649
2026/08/26 05:23:06.369, 159.88, 100, 6649
2026/08/26 05:23:07.369, 158.84, 98, 6649
2026/08/26 05:23:08.369, 159.40, 100, 6649
2026/08/26 05:23:09.370, 160.63, 100, 6649
2026/08/26 05:23:10.370, 159.14, 99, 6649
2026/08/26 05:23:11.370, 159.27, 100, 6649
2026/08/26 05:23:12.370, 160.29, 100, 6649
2026/08/26 05:23:13.370, 158.99, 100, 6649
2026/08/26 05:23:14.370, 159.38, 100, 6649
2026/08/26 05:23:15.371, 160.56, 100, 6649
2026/08/26 05:23:16.371, 159.30, 100, 6649
2026/08/26 05:23:17.371, 159.71, 100, 6649
2026/08/26 05:23:18.371, 160.41, 100, 6649
2026/08/26 05:23:19.371, 158.81, 100, 6649
2026/08/26 05:23:20.371, 159.19, 100, 6649
2026/08/26 05:23:21.372, 159.92, 100, 6649
2026/08/26 05:23:22.372, 159.25, 100, 6649
2026/08/26 05:23:23.372, 159.38, 100, 6649
2026/08/26 05:23:24.372, 160.51, 100, 6649
2026/08/26 05:23:25.372, 159.43, 100, 6649
2026/08/26 05:23:26.372, 159.50, 100, 6649
2026/08/26 05:23:27.373, 160.54, 100, 6649
2026/08/26 05:23:28.373, 159.20, 100, 6649
2026/08/26 05:23:29.373, 159.24, 100, 6649
2026/08/26 05:23:30.373, 160.26, 100, 6649
2026/08/26 05:23:31.373, 159.70, 100, 6649
2026/08/26 05:23:32.373, 159.29, 100, 6649
2026/08/26 05:23:33.374, 160.33, 100, 6649
2026/08/26 05:23:34.374, 159.25, 100, 6649
2026/08/26 05:23:35.374, 159.24, 99, 6649
2026/08/26 05:23:36.374, 159.96, 100, 6649
2026/08/26 05:23:37.374, 159.23, 100, 6649
2026/08/26 05:23:38.374, 159.21, 98, 6649
2026/08/26 05:23:39.374, 159.93, 100, 6649
2026/08/26 05:23:40.375, 159.63, 100, 6649
2026/08/26 05:23:41.375, 159.25, 98, 6649
2026/08/26 05:23:42.375, 159.81, 100, 6649
2026/08/26 05:23:43.375, 159.33, 100, 6649
2026/08/26 05:23:44.375, 159.37, 98, 6649
2026/08/26 05:23:45.375, 159.90, 100, 6649
2026/08/26 05:23:46.376, 159.90, 100, 6649
2026/08/26 05:23:47.376, 159.19, 98, 6649
2026/08/26 05:23:48.376, 160.27, 100, 6649
2026/08/26 05:23:49.376, 159.86, 100, 6649
2026/08/26 05:23:50.376, 158.98, 98, 6649
2026/08/26 05:23:51.376, 160.48, 100, 6649
2026/08/26 05:23:52.377, 158.91, 100, 6649
2026/08/26 05:23:53.377, 159.60, 98, 6649
2026/08/26 05:23:54.377, 159.72, 100, 6649
2026/08/26 05:23:55.377, 160.04, 100, 6649
2026/08/26 05:23:56.377, 158.96, 98, 6649
2026/08/26 05:23:57.378, 158.80, 100, 6649
2026/08/26 05:23:58.378, 159.86, 100, 6649
2026/08/26 05:23:59.378, 159.04, 98, 6649
2026/08/26 05:24:00.378, 159.73, 100, 6649
2026/08/26 05:24:01.378, 159.99, 100, 6649
2026/08/26 05:24:02.378, 158.72, 98, 6649
2026/08/26 05:24:03.379, 159.82, 100, 6649
2026/08/26 05:24:04.379, 159.68, 100, 6649
2026/08/26 05:24:05.379, 158.59, 98, 6649
2026/08/26 05:24:06.379, 159.78, 100, 6649
2026/08/26 05:24:07.379, 159.81, 100, 6649
2026/08/26 05:24:08.379, 159.09, 98, 6649
2026/08/26 05:24:09.380, 160.12, 100, 6649
2026/08/26 05:24:10.380, 159.81, 100, 6649
2026/08/26 05:24:11.380, 158.84, 98, 6649
2026/08/26 05:24:12.380, 159.60, 100, 6649
2026/08/26 05:24:13.380, 160.22, 100, 6649
2026/08/26 05:24:14.381, 158.73, 98, 6649
2026/08/26 05:24:15.381, 159.73, 100, 6649
2026/08/26 05:24:16.381, 160.10, 100, 6649
2026/08/26 05:24:17.381, 158.97, 98, 6649
2026/08/26 05:24:18.381, 160.59, 100, 6649
2026/08/26 05:24:19.381, 160.35, 100, 6649
2026/08/26 05:24:20.382, 158.99, 98, 6649
2026/08/26 05:24:21.382, 159.82, 100, 6649
2026/08/26 05:24:22.382, 159.54, 100, 6649
2026/08/26 05:24:23.382, 159.10, 99, 6649
2026/08/26 05:24:24.382, 159.85, 100, 6649
2026/08/26 05:24:25.383, 160.62, 100, 6649
2026/08/26 05:24:26.383, 159.51, 98, 6649
2026/08/26 05:24:27.383, 158.53, 100, 6649
2026/08/26 05:24:28.383, 160.22, 100, 6649
2026/08/26 05:24:29.383, 159.48, 100, 6649
2026/08/26 05:24:30.383, 159.74, 100, 6649
2026/08/26 05:24:31.384, 160.74, 100, 6649
2026/08/26 05:24:32.384, 159.27, 100, 6649
2026/08/26 05:24:33.384, 159.30, 100, 6649
2026/08/26 05:24:34.384, 160.37, 100, 6649
2026/08/26 05:24:35.384, 159.59, 100, 6649
2026/08/26 05:24:36.384, 159.85, 100, 6649
2026/08/26 05:24:37.384, 159.37, 100, 6649
2026/08/26 05:24:38.385, 164.16, 100, 6649
2026/08/26 05:24:39.385, 164.27, 100, 6649
2026/08/26 05:24:40.385, 163.70, 100, 6649
2026/08/26 05:24:41.385, 162.57, 100, 6649
2026/08/26 05:24:42.385, 162.73, 99, 6649
2026/08/26 05:24:43.385, 163.00, 99, 6649
2026/08/26 05:24:44.386, 162.82, 100, 6649
2026/08/26 05:24:45.386, 162.85, 99, 6649
2026/08/26 05:24:46.386, 162.80, 100, 6649
2026/08/26 05:24:47.386, 162.99, 100, 6649
2026/08/26 05:24:48.386, 162.92, 99, 6649
2026/08/26 05:24:49.387, 162.95, 99, 6649
2026/08/26 05:24:50.387, 162.99, 100, 6649
2026/08/26 05:24:51.387, 163.11, 100, 6649
2026/08/26 05:24:52.387, 162.90, 100, 6649
2026/08/26 05:24:53.387, 163.13, 100, 6649
2026/08/26 05:24:54.387, 163.19, 100, 6649
2026/08/26 05:24:55.388, 162.88, 100, 6649
2026/08/26 05:24:56.388, 162.98, 100, 6649
2026/08/26 05:24:57.388, 163.11, 100, 6649
2026/08/26 05:24:58.388, 163.03, 100, 6649
2026/08/26 05:24:59.388, 162.87, 100, 6649
2026/08/26 05:25:00.388, 163.07, 100, 6649
2026/08/26 05:25:01.389, 162.85, 99, 6649
2026/08/26 05:25:02.389, 163.04, 100, 6649
2026/08/26 05:25:03.389, 162.82, 100, 6649
2026/08/26 05:25:04.389, 162.81, 99, 6649
2026/08/26 05:25:05.389, 162.88, 100, 6649
2026/08/26 05:25:06.389, 162.65, 100, 6649
2026/08/26 05:25:07.390, 162.71, 99, 6649
2026/08/26 05:25:08.390, 162.83, 100, 6649
2026/08/26 05:25:09.390, 163.19, 100, 6649
2026/08/26 05:25:10.390, 163.09, 100, 6649
2026/08/26 05:25:11.390, 163.01, 100, 6649
2026/08/26 05:25:12.390, 162.96, 100, 6649
2026/08/26 05:25:13.391, 163.04, 99, 6649
2026/08/26 05:25:14.391, 163.14, 100, 6649
2026/08/26 05:25:15.391, 163.10, 100, 6649
2026/08/26 05:25:16.391, 163.05, 99, 6649
2026/08/26 05:25:17.391, 162.79, 100, 6649
2026/08/26 05:25:18.392, 163.12, 100, 6649
2026/08/26 05:25:19.392, 162.81, 99, 6649
2026/08/26 05:25:20.392, 162.98, 100, 6649
2026/08/26 05:25:21.392, 162.98, 100, 6649
2026/08/26 05:25:22.392, 163.13, 99, 6649
2026/08/26 05:25:23.392, 163.23, 100, 6649
2026/08/26 05:25:24.393, 163.12, 100, 6649
2026/08/26 05:25:25.393, 162.88, 100, 6649
2026/08/26 05:25:26.393, 163.01, 100, 6649
2026/08/26 05:25:27.393, 162.90, 100, 6649
2026/08/26 05:25:28.393, 162.95, 99, 6649
2026/08/26 05:25:29.393, 163.12, 100, 6649
2026/08/26 05:25:30.394, 163.07, 100, 6649
2026/08/26 05:25:31.394, 163.01, 99, 6649
2026/08/26 05:25:32.394, 162.99, 100, 6649
2026/08/26 05:25:33.394, 163.01, 100, 6649
2026/08/26 05:25:34.394, 163.00, 100, 6649
2026/08/26 05:25:35.395, 162.93, 100, 6649
2026/08/26 05:25:36.395, 163.02, 100, 6649
2026/08/26 05:25:37.395, 163.17, 99, 6649
2026/08/26 05:25:38.395, 163.07, 100, 6649
2026/08/26 05:25:39.395, 162.88, 100, 6649
2026/08/26 05:25:40.395, 162.90, 100, 6649
2026/08/26 05:25:41.396, 162.81, 100, 6649
2026/08/26 05:25:42.396, 162.77, 100, 6649
2026/08/26 05:25:43.396, 162.70, 100, 6649
2026/08/26 05:25:44.396, 162.80, 100, 6649
2026/08/26 05:25:45.396, 162.70, 100, 6649
2026/08/26 05:25:46.396, 162.82, 100, 6649
2026/08/26 05:25:47.397, 162.72, 100, 6649
2026/08/26 05:25:48.397, 162.85, 100, 6649
2026/08/26 05:25:49.397, 162.69, 100, 6649
2026/08/26 05:25:50.397, 162.73, 100, 6649
2026/08/26 05:25:51.397, 162.57, 99, 6649
2026/08/26 05:25:52.397, 162.68, 100, 6649
2026/08/26 05:25:53.398, 162.75, 100, 6649
2026/08/26 05:25:54.398, 162.81, 100, 6649
2026/08/26 05:25:55.398, 162.86, 100, 6649
2026/08/26 05:25:56.398, 162.71, 100, 6649
2026/08/26 05:25:57.398, 162.72, 100, 6649
2026/08/26 05:25:58.398, 162.78, 100, 6649
2026/08/26 05:25:59.399, 162.72, 100, 6649
2026/08/26 05:26:00.399, 162.61, 99, 6649
2026/08/26 05:26:01.399, 162.84, 100, 6649
2026/08/26 05:26:02.399, 162.72, 100, 6649
2026/08/26 05:26:03.399, 162.57, 100, 6649
2026/08/26 05:26:04.399, 162.70, 100, 6649
2026/08/26 05:26:05.400, 162.66, 100, 6649
2026/08/26 05:26:06.400, 162.70, 99, 6649
2026/08/26 05:26:07.400, 162.80, 100, 6649
2026/08/26 05:26:08.400, 162.69, 100, 6649
2026/08/26 05:26:09.400, 162.50, 100, 6649
2026/08/26 05:26:10.400, 162.75, 100, 6649
2026/08/26 05:26:11.401, 162.76, 100, 6649
2026/08/26 05:26:12.401, 162.63, 100, 6649
2026/08/26 05:26:13.401, 157.12, 100, 6649
2026/08/26 05:26:14.401, 160.22, 100, 6649
2026/08/26 05:26:15.401, 159.01, 98, 6649
2026/08/26 05:26:16.401, 159.68, 100, 6649
2026/08/26 05:26:17.402, 160.26, 100, 6649
2026/08/26 05:26:18.402, 159.15, 98, 6649
2026/08/26 05:26:19.402, 160.24, 100, 6649
2026/08/26 05:26:20.402, 160.72, 100, 6649
2026/08/26 05:26:21.402, 159.28, 99, 6649
2026/08/26 05:26:22.402, 159.81, 100, 6649
2026/08/26 05:26:23.403, 159.61, 100, 6649
2026/08/26 05:26:24.403, 159.59, 100, 6649
2026/08/26 05:26:25.403, 159.81, 100, 6649
2026/08/26 05:26:26.403, 160.52, 100, 6649
2026/08/26 05:26:27.403, 159.42, 100, 6649
2026/08/26 05:26:28.404, 158.58, 100, 6649
2026/08/26 05:26:29.404, 161.02, 100, 6649
2026/08/26 05:26:30.404, 159.55, 100, 6649
2026/08/26 05:26:31.404, 159.50, 100, 6649
2026/08/26 05:26:32.404, 160.40, 100, 6649
2026/08/26 05:26:33.404, 159.96, 100, 6649
2026/08/26 05:26:34.405, 159.60, 100, 6649
2026/08/26 05:26:35.405, 160.74, 100, 6649
2026/08/26 05:26:36.405, 159.85, 100, 6649
2026/08/26 05:26:37.405, 159.44, 99, 6649
2026/08/26 05:26:38.405, 160.32, 100, 6649
2026/08/26 05:26:39.405, 160.08, 100, 6649
2026/08/26 05:26:40.406, 159.24, 99, 6649
2026/08/26 05:26:41.406, 160.50, 100, 6649
2026/08/26 05:26:42.406, 159.45, 100, 6649
2026/08/26 05:26:43.406, 159.21, 98, 6649
2026/08/26 05:26:44.406, 160.02, 100, 6649
2026/08/26 05:26:45.406, 159.30, 100, 6649
2026/08/26 05:26:46.407, 158.76, 98, 6649
2026/08/26 05:26:47.407, 160.34, 100, 6649
2026/08/26 05:26:48.407, 159.48, 100, 6649
2026/08/26 05:26:49.407, 159.18, 98, 6649
2026/08/26 05:26:50.407, 160.27, 100, 6649
2026/08/26 05:26:51.407, 159.64, 100, 6649
2026/08/26 05:26:52.408, 159.10, 98, 6649
2026/08/26 05:26:53.408, 159.73, 100, 6649
2026/08/26 05:26:54.408, 159.67, 100, 6649
2026/08/26 05:26:55.408, 159.24, 98, 6649
2026/08/26 05:26:56.408, 159.85, 100, 6649
2026/08/26 05:26:57.409, 159.30, 100, 6649
2026/08/26 05:26:58.409, 158.97, 98, 6649
2026/08/26 05:26:59.409, 159.99, 100, 6649
2026/08/26 05:27:00.409, 160.00, 100, 6649
2026/08/26 05:27:01.409, 159.11, 97, 6649
2026/08/26 05:27:02.410, 160.04, 100, 6649
2026/08/26 05:27:03.410, 159.68, 100, 6649
2026/08/26 05:27:04.410, 159.27, 98, 6649
2026/08/26 05:27:05.410, 159.87, 100, 6649
2026/08/26 05:27:06.410, 160.05, 100, 6649
2026/08/26 05:27:07.410, 159.10, 98, 6649
2026/08/26 05:27:08.411, 159.89, 100, 6649
2026/08/26 05:27:09.411, 159.81, 100, 6649
2026/08/26 05:27:10.411, 158.85, 98, 6649
2026/08/26 05:27:11.411, 159.57, 100, 6649
2026/08/26 05:27:12.411, 159.82, 100, 6649
2026/08/26 05:27:13.411, 159.04, 98, 6649
2026/08/26 05:27:14.412, 159.73, 100, 6649
2026/08/26 05:27:15.412, 160.27, 100, 6649
2026/08/26 05:27:16.412, 159.07, 98, 6649
2026/08/26 05:27:17.412, 159.59, 100, 6649
2026/08/26 05:27:18.412, 159.65, 100, 6649
2026/08/26 05:27:19.413, 158.58, 98, 6649
2026/08/26 05:27:20.413, 159.40, 100, 6649
2026/08/26 05:27:21.413, 159.74, 100, 6649
2026/08/26 05:27:22.413, 158.93, 98, 6649
2026/08/26 05:27:23.413, 159.87, 100, 6649
2026/08/26 05:27:24.413, 160.21, 100, 6649
2026/08/26 05:27:25.414, 158.87, 98, 6649
2026/08/26 05:27:26.414, 159.71, 100, 6649
2026/08/26 05:27:27.414, 159.36, 100, 6649
2026/08/26 05:27:28.414, 158.59, 98, 6649
2026/08/26 05:27:29.423, 159.46, 100, 6649
2026/08/26 05:27:30.423, 160.25, 100, 6649
2026/08/26 05:27:31.423, 158.81, 98, 6649
2026/08/26 05:27:32.423, 159.59, 100, 6649
2026/08/26 05:27:33.423, 159.81, 100, 6649
2026/08/26 05:27:34.424, 158.85, 98, 6649
2026/08/26 05:27:35.424, 159.69, 100, 6649
2026/08/26 05:27:36.424, 159.76, 100, 6649
2026/08/26 05:27:37.424, 158.83, 98, 6649
2026/08/26 05:27:38.424, 159.73, 100, 6649
2026/08/26 05:27:39.424, 160.56, 100, 6649
2026/08/26 05:27:40.425, 158.76, 98, 6649
2026/08/26 05:27:41.425, 159.39, 100, 6649
2026/08/26 05:27:42.425, 160.26, 100, 6649
2026/08/26 05:27:43.425, 158.80, 98, 6649
2026/08/26 05:27:44.425, 159.80, 100, 6649
2026/08/26 05:27:45.425, 159.96, 100, 6649
2026/08/26 05:27:46.426, 158.73, 98, 6649
2026/08/26 05:27:47.426, 159.58, 100, 6649
2026/08/26 05:27:48.426, 159.83, 100, 6649
2026/08/26 05:27:49.426, 158.45, 98, 6649
2026/08/26 05:27:50.426, 159.55, 100, 6649
2026/08/26 05:27:51.426, 160.44, 100, 6649
2026/08/26 05:27:52.427, 158.98, 98, 6649
2026/08/26 05:27:53.427, 159.77, 100, 6649
2026/08/26 05:27:54.427, 159.95, 100, 6649
2026/08/26 05:27:55.427, 159.20, 98, 6649
2026/08/26 05:27:56.427, 160.55, 100, 6649
2026/08/26 05:27:57.428, 160.05, 100, 6649
2026/08/26 05:27:58.428, 159.05, 98, 6649
2026/08/26 05:27:59.428, 160.14, 100, 6649
2026/08/26 05:28:00.428, 160.25, 100, 6649
2026/08/26 05:28:01.428, 159.12, 99, 6649
2026/08/26 05:28:02.428, 159.47, 100, 6649
2026/08/26 05:28:03.429, 160.61, 100, 6649
2026/08/26 05:28:04.429, 159.20, 100, 6649
2026/08/26 05:28:05.429, 159.74, 100, 6649
2026/08/26 05:28:06.429, 160.65, 100, 6649
2026/08/26 05:28:07.429, 159.62, 100, 6649
2026/08/26 05:28:08.429, 159.65, 100, 6649
2026/08/26 05:28:09.430, 160.22, 100, 6649
2026/08/26 05:28:10.430, 159.40, 100, 6649
2026/08/26 05:28:11.430, 159.53, 100, 6649
2026/08/26 05:28:12.430, 160.56, 100, 6649
2026/08/26 05:28:13.430, 159.26, 100, 6649
2026/08/26 05:28:14.430, 159.41, 100, 6649
2026/08/26 05:28:15.431, 159.96, 100, 6649
2026/08/26 05:28:16.431, 159.26, 100, 6649
2026/08/26 05:28:17.431, 160.17, 100, 6649
2026/08/26 05:28:18.431, 159.22, 100, 6649
2026/08/26 05:28:19.431, 158.79, 100, 6649
2026/08/26 05:28:20.432, 160.49, 100, 6649
2026/08/26 05:28:21.432, 160.04, 100, 6649
2026/08/26 05:28:22.432, 159.09, 100, 6649
2026/08/26 05:28:23.432, 159.70, 100, 6649
2026/08/26 05:28:24.432, 158.93, 100, 6649
2026/08/26 05:28:25.432, 159.02, 100, 6649
2026/08/26 05:28:26.433, 159.82, 99, 6649
2026/08/26 05:28:27.433, 159.40, 100, 6649
2026/08/26 05:28:28.433, 159.17, 100, 6649
2026/08/26 05:28:29.433, 160.04, 98, 6649
2026/08/26 05:28:30.433, 160.08, 100, 6649
2026/08/26 05:28:31.433, 158.92, 100, 6649
2026/08/26 05:28:32.434, 160.49, 98, 6649
2026/08/26 05:28:33.434, 160.23, 100, 6649
2026/08/26 05:28:34.434, 159.36, 100, 6649
2026/08/26 05:28:35.434, 160.17, 100, 6649
2026/08/26 05:28:36.434, 159.54, 100, 6649
2026/08/26 05:28:37.435, 158.89, 98, 6649
2026/08/26 05:28:38.435, 159.68, 100, 6649
2026/08/26 05:28:39.435, 159.63, 100, 6649
2026/08/26 05:28:40.435, 158.99, 98, 6649
2026/08/26 05:28:41.435, 159.83, 100, 6649
2026/08/26 05:28:42.435, 160.05, 100, 6649
2026/08/26 05:28:43.436, 158.98, 98, 6649
2026/08/26 05:28:44.436, 159.67, 100, 6649
2026/08/26 05:28:45.436, 160.35, 100, 6649
2026/08/26 05:28:46.436, 158.92, 98, 6649
2026/08/26 05:28:47.436, 159.97, 100, 6649
2026/08/26 05:28:48.436, 160.71, 100, 6649
2026/08/26 05:28:49.437, 158.92, 98, 6649
2026/08/26 05:28:50.437, 160.18, 100, 6649
2026/08/26 05:28:51.437, 160.37, 100, 6649
2026/08/26 05:28:52.437, 159.15, 98, 6649
2026/08/26 05:28:53.437, 160.00, 100, 6649
2026/08/26 05:28:54.437, 159.48, 100, 6649
2026/08/26 05:28:55.438, 159.27, 98, 6649
2026/08/26 05:28:56.438, 159.61, 100, 6649
2026/08/26 05:28:57.438, 160.01, 100, 6649
2026/08/26 05:28:58.438, 159.02, 98, 6649
2026/08/26 05:28:59.438, 159.93, 100, 6649
2026/08/26 05:29:00.438, 159.76, 100, 6649
2026/08/26 05:29:01.439, 158.93, 98, 6649
2026/08/26 05:29:02.439, 159.67, 100, 6649
2026/08/26 05:29:03.439, 160.10, 100, 6649
2026/08/26 05:29:04.439, 158.86, 98, 6649
2026/08/26 05:29:05.439, 159.75, 100, 6649
2026/08/26 05:29:06.439, 159.58, 100, 6649
2026/08/26 05:29:07.440, 158.80, 98, 6649
2026/08/26 05:29:08.440, 159.87, 100, 6649
2026/08/26 05:29:09.440, 160.24, 100, 6649
2026/08/26 05:29:10.440, 158.39, 98, 6649
2026/08/26 05:29:11.440, 160.01, 100, 6649
2026/08/26 05:29:12.440, 160.78, 100, 6649
2026/08/26 05:29:13.441, 159.26, 98, 6649
2026/08/26 05:29:14.441, 160.77, 100, 6649
2026/08/26 05:29:15.441, 160.48, 100, 6649
2026/08/26 05:29:16.441, 159.22, 98, 6649
2026/08/26 05:29:17.441, 159.73, 100, 6649
2026/08/26 05:29:18.441, 159.68, 100, 6649
2026/08/26 05:29:19.442, 158.84, 98, 6649
2026/08/26 05:29:20.442, 160.13, 100, 6649
2026/08/26 05:29:21.442, 160.33, 100, 6649
2026/08/26 05:29:22.442, 159.10, 98, 6649
2026/08/26 05:29:23.442, 160.28, 100, 6649
2026/08/26 05:29:24.442, 160.36, 100, 6649
2026/08/26 05:29:25.443, 158.66, 98, 6649
2026/08/26 05:29:26.443, 160.83, 100, 6649
2026/08/26 05:29:27.443, 160.26, 100, 6649
2026/08/26 05:29:28.443, 159.00, 98, 6649
2026/08/26 05:29:29.443, 159.93, 100, 6649
2026/08/26 05:29:30.443, 160.38, 100, 6649
2026/08/26 05:29:31.444, 164.41, 100, 6649
2026/08/26 05:29:32.444, 164.43, 99, 6649
2026/08/26 05:29:33.444, 164.42, 100, 6649
2026/08/26 05:29:34.444, 162.90, 100, 6649
2026/08/26 05:29:35.444, 162.76, 100, 6649
2026/08/26 05:29:36.444, 162.95, 100, 6649
2026/08/26 05:29:37.445, 162.81, 100, 6649
2026/08/26 05:29:38.445, 162.70, 99, 6649
2026/08/26 05:29:39.445, 162.85, 100, 6649
2026/08/26 05:29:40.445, 162.84, 100, 6649
2026/08/26 05:29:41.445, 162.78, 99, 6649
2026/08/26 05:29:42.446, 162.78, 100, 6649
2026/08/26 05:29:43.446, 162.67, 100, 6649
2026/08/26 05:29:44.446, 162.73, 100, 6649
2026/08/26 05:29:45.446, 162.64, 100, 6649
2026/08/26 05:29:46.446, 162.62, 100, 6649
2026/08/26 05:29:47.446, 162.63, 99, 6649
2026/08/26 05:29:48.447, 162.82, 100, 6649
2026/08/26 05:29:49.447, 162.78, 100, 6649
2026/08/26 05:29:50.447, 162.86, 99, 6649
2026/08/26 05:29:51.447, 162.84, 100, 6649
2026/08/26 05:29:52.447, 162.68, 100, 6649
2026/08/26 05:29:53.448, 162.76, 100, 6649
2026/08/26 05:29:54.448, 162.59, 100, 6649
2026/08/26 05:29:55.448, 162.57, 99, 6649
2026/08/26 05:29:56.448, 162.71, 100, 6649
2026/08/26 05:29:57.448, 162.94, 100, 6649
2026/08/26 05:29:58.448, 162.87, 100, 6649
2026/08/26 05:29:59.449, 162.87, 100, 6649
2026/08/26 05:30:00.449, 162.76, 100, 6649
2026/08/26 05:30:01.449, 162.92, 100, 6649
2026/08/26 05:30:02.449, 162.98, 100, 6649
2026/08/26 05:30:03.449, 163.02, 100, 6649
2026/08/26 05:30:04.449, 162.73, 100, 6649
2026/08/26 05:30:05.450, 162.70, 100, 6649
2026/08/26 05:30:06.450, 162.86, 100, 6649
2026/08/26 05:30:07.450, 162.65, 99, 6649
2026/08/26 05:30:08.450, 162.87, 100, 6649
2026/08/26 05:30:09.450, 162.78, 100, 6649
2026/08/26 05:30:10.450, 162.88, 99, 6649
2026/08/26 05:30:11.451, 162.98, 100, 6649
2026/08/26 05:30:12.451, 162.65, 100, 6649
2026/08/26 05:30:13.451, 162.73, 99, 6649
2026/08/26 05:30:14.451, 162.69, 100, 6649
2026/08/26 05:30:15.451, 162.69, 100, 6649
2026/08/26 05:30:16.452, 162.73, 99, 6649
2026/08/26 05:30:17.452, 162.82, 100, 6649
2026/08/26 05:30:18.452, 162.75, 100, 6649
2026/08/26 05:30:19.452, 162.98, 99, 6649
2026/08/26 05:30:20.452, 162.94, 100, 6649
2026/08/26 05:30:21.452, 162.82, 100, 6649
2026/08/26 05:30:22.453, 162.56, 99, 6649
2026/08/26 05:30:23.453, 162.87, 100, 6649
2026/08/26 05:30:24.453, 162.80, 100, 6649
2026/08/26 05:30:25.453, 162.72, 99, 6649
2026/08/26 05:30:26.453, 162.90, 100, 6649
2026/08/26 05:30:27.453, 162.61, 99, 6649
2026/08/26 05:30:28.454, 162.96, 100, 6649
2026/08/26 05:30:29.454, 162.84, 100, 6649
2026/08/26 05:30:30.454, 162.75, 99, 6649
2026/08/26 05:30:31.454, 162.79, 100, 6649
2026/08/26 05:30:32.454, 162.95, 100, 6649
2026/08/26 05:30:33.454, 162.74, 99, 6649
2026/08/26 05:30:34.455, 162.76, 100, 6649
2026/08/26 05:30:35.455, 162.60, 100, 6649
2026/08/26 05:30:36.455, 162.94, 99, 6649
2026/08/26 05:30:37.455, 163.08, 100, 6649
2026/08/26 05:30:38.455, 162.76, 100, 6649
2026/08/26 05:30:39.455, 162.74, 99, 6649
2026/08/26 05:30:40.456, 162.59, 100, 6649
2026/08/26 05:30:41.456, 162.75, 100, 6649
2026/08/26 05:30:42.456, 162.84, 100, 6649
2026/08/26 05:30:43.456, 162.81, 100, 6649
2026/08/26 05:30:44.456, 162.77, 100, 6649
2026/08/26 05:30:45.456, 162.91, 100, 6649
2026/08/26 05:30:46.457, 162.89, 100, 6649
2026/08/26 05:30:47.457, 162.90, 100, 6649
2026/08/26 05:30:48.457, 162.85, 99, 6649
2026/08/26 05:30:49.457, 162.79, 100, 6649
2026/08/26 05:30:50.457, 162.76, 100, 6649
2026/08/26 05:30:51.457, 162.95, 99, 6649
2026/08/26 05:30:52.458, 162.74, 100, 6649
2026/08/26 05:30:53.458, 162.60, 100, 6649
2026/08/26 05:30:54.458, 162.99, 99, 6649
2026/08/26 05:30:55.458, 162.91, 100, 6649
2026/08/26 05:30:56.458, 162.84, 100, 6649
2026/08/26 05:30:57.458, 162.68, 100, 6649
2026/08/26 05:30:58.459, 162.95, 100, 6649
2026/08/26 05:30:59.459, 162.96, 100, 6649
2026/08/26 05:31:00.459, 162.80, 99, 6649
2026/08/26 05:31:01.459, 162.96, 100, 6649
2026/08/26 05:31:02.459, 162.78, 100, 6649
2026/08/26 05:31:03.459, 162.66, 100, 6649
2026/08/26 05:31:04.459, 162.83, 100, 6649
2026/08/26 05:31:05.460, 162.78, 100, 6649
2026/08/26 05:31:06.460, 155.63, 98, 6649
2026/08/26 05:31:07.460, 160.50, 100, 6649
2026/08/26 05:31:08.460, 160.23, 100, 6649
2026/08/26 05:31:09.460, 159.30, 98, 6649
2026/08/26 05:31:10.461, 160.32, 100, 6649
2026/08/26 05:31:11.461, 159.68, 100, 6649
2026/08/26 05:31:12.461, 159.43, 98, 6649
2026/08/26 05:31:13.461, 160.38, 100, 6649
2026/08/26 05:31:14.461, 159.54, 100, 6649
2026/08/26 05:31:15.461, 159.00, 98, 6649
2026/08/26 05:31:16.462, 159.75, 100, 6649
2026/08/26 05:31:17.462, 159.85, 100, 6649
2026/08/26 05:31:18.462, 159.46, 98, 6649
2026/08/26 05:31:19.462, 160.42, 100, 6649
2026/08/26 05:31:20.462, 160.72, 100, 6649
2026/08/26 05:31:21.462, 159.65, 98, 6649
2026/08/26 05:31:22.463, 160.06, 100, 6649
2026/08/26 05:31:23.463, 159.54, 100, 6649
2026/08/26 05:31:24.463, 159.23, 98, 6649
2026/08/26 05:31:25.463, 160.02, 100, 6649
2026/08/26 05:31:26.463, 159.95, 100, 6649
2026/08/26 05:31:27.463, 159.35, 98, 6649
2026/08/26 05:31:28.464, 160.48, 100, 6649
2026/08/26 05:31:29.464, 160.13, 100, 6649
2026/08/26 05:31:30.464, 159.30, 98, 6649
2026/08/26 05:31:31.464, 158.87, 100, 6649
2026/08/26 05:31:32.464, 160.14, 100, 6649
2026/08/26 05:31:33.464, 158.97, 98, 6649
2026/08/26 05:31:34.465, 159.59, 100, 6649
2026/08/26 05:31:35.465, 159.87, 100, 6649
2026/08/26 05:31:36.465, 158.85, 98, 6649
2026/08/26 05:31:37.465, 159.66, 100, 6649
2026/08/26 05:31:38.465, 160.19, 100, 6649
2026/08/26 05:31:39.465, 159.08, 98, 6649
2026/08/26 05:31:40.466, 160.03, 100, 6649
2026/08/26 05:31:41.466, 160.29, 100, 6649
2026/08/26 05:31:42.466, 158.84, 98, 6649
2026/08/26 05:31:43.466, 159.65, 100, 6649
2026/08/26 05:31:44.466, 160.37, 100, 6649
2026/08/26 05:31:45.466, 159.02, 98, 6649
2026/08/26 05:31:46.467, 159.73, 100, 6649
2026/08/26 05:31:47.467, 159.87, 100, 6649
2026/08/26 05:31:48.467, 158.87, 98, 6649
2026/08/26 05:31:49.467, 160.12, 100, 6649
2026/08/26 05:31:50.467, 160.54, 100, 6649
2026/08/26 05:31:51.468, 158.79, 98, 6649
2026/08/26 05:31:52.468, 160.71, 100, 6649
2026/08/26 05:31:53.468, 160.60, 100, 6649
2026/08/26 05:31:54.468, 158.99, 98, 6649
2026/08/26 05:31:55.468, 159.77, 100, 6649
2026/08/26 05:31:56.468, 160.15, 100, 6649
2026/08/26 05:31:57.469, 159.11, 98, 6649
2026/08/26 05:31:58.469, 160.40, 100, 6649
2026/08/26 05:31:59.469, 160.46, 100, 6649
2026/08/26 05:32:00.469, 159.12, 98, 6649
2026/08/26 05:32:01.469, 159.68, 100, 6649
2026/08/26 05:32:02.469, 160.15, 100, 6649
2026/08/26 05:32:03.470, 159.26, 99, 6649
2026/08/26 05:32:04.470, 160.00, 100, 6649
2026/08/26 05:32:05.470, 160.55, 100, 6649
2026/08/26 05:32:06.470, 159.23, 100, 6649
2026/08/26 05:32:07.470, 159.81, 100, 6649
2026/08/26 05:32:08.470, 160.85, 100, 6649
2026/08/26 05:32:09.471, 159.27, 100, 6649
2026/08/26 05:32:10.471, 159.78, 100, 6649
2026/08/26 05:32:11.471, 160.75, 100, 6649
2026/08/26 05:32:12.471, 159.23, 100, 6649
2026/08/26 05:32:13.471, 158.59, 100, 6649
2026/08/26 05:32:14.471, 160.51, 100, 6649
2026/08/26 05:32:15.472, 159.05, 100, 6649
2026/08/26 05:32:16.472, 159.14, 100, 6649
2026/08/26 05:32:17.472, 160.47, 100, 6649
2026/08/26 05:32:18.472, 159.45, 100, 6649
2026/08/26 05:32:19.472, 159.52, 100, 6649
2026/08/26 05:32:20.472, 160.24, 100, 6649
2026/08/26 05:32:21.472, 159.27, 100, 6649
2026/08/26 05:32:22.473, 159.41, 98, 6649
2026/08/26 05:32:23.473, 160.09, 100, 6649
2026/08/26 05:32:24.473, 159.50, 100, 6649
2026/08/26 05:32:25.473, 159.26, 98, 6649
2026/08/26 05:32:26.473, 160.05, 100, 6649
2026/08/26 05:32:27.473, 159.07, 100, 6649
2026/08/26 05:32:28.474, 159.03, 98, 6649
2026/08/26 05:32:29.474, 160.11, 100, 6649
2026/08/26 05:32:30.474, 159.30, 100, 6649
2026/08/26 05:32:31.474, 159.15, 98, 6649
2026/08/26 05:32:32.483, 160.16, 100, 6649
2026/08/26 05:32:33.483, 159.63, 100, 6649
2026/08/26 05:32:34.483, 159.02, 98, 6649
2026/08/26 05:32:35.483, 159.61, 100, 6649
2026/08/26 05:32:36.483, 159.43, 100, 6649
2026/08/26 05:32:37.484, 158.98, 98, 6649
2026/08/26 05:32:38.484, 159.76, 100, 6649
2026/08/26 05:32:39.484, 159.40, 100, 6649
2026/08/26 05:32:40.484, 159.17, 98, 6649
2026/08/26 05:32:41.484, 159.79, 100, 6649
2026/08/26 05:32:42.485, 159.67, 100, 6649
2026/08/26 05:32:43.485, 158.85, 98, 6649
2026/08/26 05:32:44.485, 159.80, 100, 6649
2026/08/26 05:32:45.485, 159.64, 100, 6649
2026/08/26 05:32:46.485, 159.04, 98, 6649
2026/08/26 05:32:47.485, 159.62, 100, 6649
2026/08/26 05:32:48.486, 159.96, 100, 6649
2026/08/26 05:32:49.486, 158.95, 98, 6649
2026/08/26 05:32:50.486, 159.46, 100, 6649
2026/08/26 05:32:51.486, 159.57, 100, 6649
2026/08/26 05:32:52.486, 158.91, 98, 6649
2026/08/26 05:32:53.487, 159.79, 100, 6649
2026/08/26 05:32:54.487, 160.07, 100, 6649
2026/08/26 05:32:55.487, 158.83, 98, 6649
2026/08/26 05:32:56.487, 159.71, 100, 6649
2026/08/26 05:32:57.487, 159.65, 100, 6649
2026/08/26 05:32:58.487, 158.58, 98, 6649
2026/08/26 05:32:59.488, 159.36, 100, 6649
2026/08/26 05:33:00.488, 159.75, 100, 6649
2026/08/26 05:33:01.488, 159.13, 98, 6649
2026/08/26 05:33:02.497, 159.73, 100, 6649
2026/08/26 05:33:03.497, 159.82, 100, 6649
2026/08/26 05:33:04.497, 158.70, 98, 6649
2026/08/26 05:33:05.497, 159.75, 100, 6649
2026/08/26 05:33:06.497, 159.87, 100, 6649
2026/08/26 05:33:07.497, 159.16, 98, 6649
2026/08/26 05:33:08.498, 159.77, 100, 6649
2026/08/26 05:33:09.498, 160.32, 100, 6649
2026/08/26 05:33:10.498, 158.66, 98, 6649
2026/08/26 05:33:11.498, 159.66, 100, 6649
2026/08/26 05:33:12.498, 160.48, 100, 6649
2026/08/26 05:33:13.498, 158.93, 98, 6649
2026/08/26 05:33:14.499, 159.84, 100, 6649
2026/08/26 05:33:15.499, 159.91, 100, 6649
2026/08/26 05:33:16.499, 158.92, 98, 6649
2026/08/26 05:33:17.499, 159.86, 100, 6649
2026/08/26 05:33:18.499, 160.45, 100, 6649
2026/08/26 05:33:19.499, 158.96, 98, 6649
2026/08/26 05:33:20.500, 159.95, 100, 6649
2026/08/26 05:33:21.500, 159.95, 100, 6649
2026/08/26 05:33:22.500, 159.08, 98, 6649
2026/08/26 05:33:23.500, 159.70, 100, 6649
2026/08/26 05:33:24.500, 160.33, 100, 6649
2026/08/26 05:33:25.501, 158.46, 98, 6649
2026/08/26 05:33:26.501, 160.67, 100, 6649
2026/08/26 05:33:27.501, 160.52, 100, 6649
2026/08/26 05:33:28.501, 158.66, 98, 6649
2026/08/26 05:33:29.501, 159.54, 100, 6649
2026/08/26 05:33:30.501, 160.00, 100, 6649
2026/08/26 05:33:31.502, 158.66, 98, 6649
2026/08/26 05:33:32.510, 159.32, 100, 6649
2026/08/26 05:33:33.510, 159.81, 100, 6649
2026/08/26 05:33:34.510, 158.75, 98, 6649
2026/08/26 05:33:35.511, 159.58, 100, 6649
2026/08/26 05:33:36.511, 159.95, 100, 6649
2026/08/26 05:33:37.511, 158.67, 98, 6649
2026/08/26 05:33:38.511, 160.34, 100, 6649
2026/08/26 05:33:39.511, 160.01, 100, 6649
2026/08/26 05:33:40.511, 158.80, 98, 6649
2026/08/26 05:33:41.512, 160.33, 100, 6649
2026/08/26 05:33:42.512, 160.34, 100, 6649
2026/08/26 05:33:43.512, 158.92, 99, 6649
2026/08/26 05:33:44.512, 159.34, 100, 6649
2026/08/26 05:33:45.512, 159.91, 100, 6649
2026/08/26 05:33:46.513, 159.11, 100, 6649
2026/08/26 05:33:47.513, 159.36, 100, 6649
2026/08/26 05:33:48.513, 160.24, 100, 6649
2026/08/26 05:33:49.513, 159.57, 100, 6649
2026/08/26 05:33:50.513, 159.80, 100, 6649
2026/08/26 05:33:51.513, 160.64, 100, 6649
2026/08/26 05:33:52.514, 159.13, 100, 6649
2026/08/26 05:33:53.514, 159.47, 100, 6649
2026/08/26 05:33:54.514, 160.57, 100, 6649
2026/08/26 05:33:55.514, 159.60, 100, 6649
2026/08/26 05:33:56.514, 159.76, 100, 6649
2026/08/26 05:33:57.514, 160.60, 100, 6649
2026/08/26 05:33:58.515, 159.40, 100, 6649
2026/08/26 05:33:59.515, 159.45, 100, 6649
2026/08/26 05:34:00.515, 160.12, 100, 6649
2026/08/26 05:34:01.515, 159.70, 100, 6649
2026/08/26 05:34:02.515, 159.13, 100, 6649
2026/08/26 05:34:03.516, 160.34, 100, 6649
2026/08/26 05:34:04.516, 159.74, 100, 6649
2026/08/26 05:34:05.516, 159.30, 100, 6649
2026/08/26 05:34:06.516, 160.27, 100, 6649
2026/08/26 05:34:07.516, 159.85, 100, 6649
2026/08/26 05:34:08.516, 159.20, 100, 6649
2026/08/26 05:34:09.517, 160.28, 100, 6649
2026/08/26 05:34:10.517, 159.27, 100, 6649
2026/08/26 05:34:11.517, 157.88, 98, 6649
2026/08/26 05:34:12.517, 160.32, 100, 6649
2026/08/26 05:34:13.517, 159.39, 100, 6649
2026/08/26 05:34:14.517, 159.35, 98, 6649
2026/08/26 05:34:15.518, 160.22, 100, 6649
2026/08/26 05:34:16.518, 158.79, 100, 6649
2026/08/26 05:34:17.518, 159.33, 98, 6649
2026/08/26 05:34:18.518, 160.01, 100, 6649
2026/08/26 05:34:19.518, 159.36, 100, 6649
2026/08/26 05:34:20.518, 159.20, 98, 6649
2026/08/26 05:34:21.519, 159.95, 100, 6649
2026/08/26 05:34:22.519, 159.70, 100, 6649
2026/08/26 05:34:23.519, 160.44, 100, 6649
2026/08/26 05:34:24.519, 162.46, 99, 6649
2026/08/26 05:34:25.519, 162.47, 100, 6649
2026/08/26 05:34:26.520, 162.64, 100, 6649
2026/08/26 05:34:27.520, 162.27, 99, 6649
2026/08/26 05:34:28.520, 162.57, 100, 6649
2026/08/26 05:34:29.520, 163.25, 100, 6649
2026/08/26 05:34:30.520, 163.73, 99, 6649
2026/08/26 05:34:31.521, 164.01, 100, 6649
2026/08/26 05:34:32.521, 163.90, 100, 6649
2026/08/26 05:34:33.521, 163.71, 100, 6649
2026/08/26 05:34:34.521, 163.80, 100, 6649
2026/08/26 05:34:35.521, 163.89, 100, 6649
2026/08/26 05:34:36.522, 163.74, 99, 6649
2026/08/26 05:34:37.522, 164.13, 100, 6649
2026/08/26 05:34:38.522, 163.95, 100, 6649
2026/08/26 05:34:39.522, 163.91, 100, 6649
2026/08/26 05:34:40.522, 163.26, 100, 6649
2026/08/26 05:34:41.522, 162.68, 100, 6649
2026/08/26 05:34:42.523, 162.43, 99, 6649
2026/08/26 05:34:43.523, 162.57, 100, 6649
2026/08/26 05:34:44.523, 162.22, 100, 6649
2026/08/26 05:34:45.523, 162.48, 100, 6649
2026/08/26 05:34:46.523, 162.52, 100, 6649
2026/08/26 05:34:47.523, 162.53, 100, 6649
2026/08/26 05:34:48.524, 162.46, 100, 6649
2026/08/26 05:34:49.524, 162.26, 100, 6649
2026/08/26 05:34:50.524, 162.56, 100, 6649
2026/08/26 05:34:51.524, 162.63, 100, 6649
2026/08/26 05:34:52.524, 162.50, 100, 6649
2026/08/26 05:34:53.524, 162.52, 100, 6649
2026/08/26 05:34:54.525, 162.55, 100, 6649
2026/08/26 05:34:55.525, 162.66, 100, 6649
2026/08/26 05:34:56.525, 162.59, 100, 6649
2026/08/26 05:34:57.525, 162.40, 99, 6649
2026/08/26 05:34:58.525, 162.55, 100, 6649
2026/08/26 05:34:59.526, 162.48, 100, 6649
2026/08/26 05:35:00.526, 162.82, 100, 6649
2026/08/26 05:35:01.526, 162.72, 100, 6649
2026/08/26 05:35:02.526, 162.56, 100, 6649
2026/08/26 05:35:03.526, 162.82, 100, 6649
2026/08/26 05:35:04.527, 162.95, 100, 6649
2026/08/26 05:35:05.527, 162.84, 100, 6649
2026/08/26 05:35:06.527, 162.41, 99, 6649
2026/08/26 05:35:07.527, 162.72, 100, 6649
2026/08/26 05:35:08.527, 162.65, 99, 6649
2026/08/26 05:35:09.527, 162.66, 100, 6649
2026/08/26 05:35:10.528, 162.69, 100, 6649
2026/08/26 05:35:11.528, 162.54, 100, 6649
2026/08/26 05:35:12.528, 162.85, 100, 6649
2026/08/26 05:35:13.528, 162.76, 100, 6649
2026/08/26 05:35:14.528, 162.86, 100, 6649
2026/08/26 05:35:15.528, 162.57, 100, 6649
2026/08/26 05:35:16.529, 162.84, 100, 6649
2026/08/26 05:35:17.529, 162.75, 99, 6649
2026/08/26 05:35:18.529, 162.88, 100, 6649
2026/08/26 05:35:19.529, 162.73, 100, 6649
2026/08/26 05:35:20.529, 162.88, 100, 6649
2026/08/26 05:35:21.529, 162.98, 100, 6649
2026/08/26 05:35:22.530, 162.82, 100, 6649
2026/08/26 05:35:23.530, 162.86, 100, 6649
2026/08/26 05:35:24.530, 162.62, 100, 6649
2026/08/26 05:35:25.530, 162.93, 100, 6649
2026/08/26 05:35:26.530, 162.79, 100, 6649
2026/08/26 05:35:27.530, 162.93, 100, 6649
2026/08/26 05:35:28.531, 162.64, 100, 6649
2026/08/26 05:35:29.531, 162.74, 100, 6649
2026/08/26 05:35:30.531, 162.72, 100, 6649
2026/08/26 05:35:31.531, 162.78, 100, 6649
2026/08/26 05:35:32.531, 162.87, 99, 6649
2026/08/26 05:35:33.540, 162.77, 100, 6649
2026/08/26 05:35:34.540, 162.60, 100, 6649
2026/08/26 05:35:35.540, 162.76, 100, 6649
2026/08/26 05:35:36.541, 162.69, 100, 6649
2026/08/26 05:35:37.541, 162.73, 100, 6649
2026/08/26 05:35:38.541, 162.95, 99, 6649
2026/08/26 05:35:39.541, 162.92, 100, 6649
2026/08/26 05:35:40.541, 163.01, 100, 6649
2026/08/26 05:35:41.541, 162.73, 100, 6649
2026/08/26 05:35:42.542, 162.89, 100, 6649
2026/08/26 05:35:43.542, 163.02, 100, 6649
2026/08/26 05:35:44.542, 162.91, 99, 6649
2026/08/26 05:35:45.542, 162.90, 100, 6649
2026/08/26 05:35:46.542, 162.76, 100, 6649
2026/08/26 05:35:47.542, 162.88, 99, 6649
2026/08/26 05:35:48.543, 162.69, 100, 6649
2026/08/26 05:35:49.543, 162.84, 100, 6649
2026/08/26 05:35:50.543, 162.78, 100, 6649
2026/08/26 05:35:51.543, 162.82, 100, 6649
2026/08/26 05:35:52.543, 162.66, 100, 6649
2026/08/26 05:35:53.543, 162.89, 100, 6649
2026/08/26 05:35:54.544, 162.72, 100, 6649
2026/08/26 05:35:55.544, 162.81, 100, 6649
2026/08/26 05:35:56.544, 162.80, 100, 6649
2026/08/26 05:35:57.544, 162.68, 100, 6649
2026/08/26 05:35:58.544, 162.67, 100, 6649
2026/08/26 05:35:59.545, 154.14, 100, 6649
2026/08/26 05:36:00.545, 159.64, 98, 6649
2026/08/26 05:36:01.545, 160.27, 100, 6649
2026/08/26 05:36:02.545, 159.95, 100, 6649
2026/08/26 05:36:03.554, 160.13, 98, 6649
2026/08/26 05:36:04.554, 160.90, 100, 6649
2026/08/26 05:36:05.554, 159.56, 100, 6649
2026/08/26 05:36:06.554, 159.80, 98, 6649
2026/08/26 05:36:07.554, 161.16, 100, 6649
2026/08/26 05:36:08.555, 159.58, 100, 6649
2026/08/26 05:36:09.555, 159.57, 98, 6649
2026/08/26 05:36:10.555, 160.83, 100, 6649
2026/08/26 05:36:11.555, 160.08, 100, 6649
2026/08/26 05:36:12.555, 159.98, 98, 6649
2026/08/26 05:36:13.555, 160.99, 100, 6649
2026/08/26 05:36:14.556, 159.67, 100, 6649
2026/08/26 05:36:15.556, 159.88, 100, 6649
2026/08/26 05:36:16.556, 160.71, 100, 6649
2026/08/26 05:36:17.556, 160.05, 100, 6649
2026/08/26 05:36:18.556, 159.50, 99, 6649
2026/08/26 05:36:19.557, 160.15, 100, 6649
2026/08/26 05:36:20.557, 159.80, 100, 6649
2026/08/26 05:36:21.557, 159.53, 98, 6649
2026/08/26 05:36:22.557, 160.88, 100, 6649
2026/08/26 05:36:23.557, 159.76, 100, 6649
2026/08/26 05:36:24.557, 159.52, 98, 6649
2026/08/26 05:36:25.558, 160.71, 100, 6649
2026/08/26 05:36:26.558, 159.57, 100, 6649
2026/08/26 05:36:27.558, 159.15, 98, 6649
2026/08/26 05:36:28.558, 160.16, 100, 6649
2026/08/26 05:36:29.558, 160.12, 100, 6649
2026/08/26 05:36:30.558, 159.44, 98, 6649
2026/08/26 05:36:31.559, 159.92, 100, 6649
2026/08/26 05:36:32.559, 159.90, 100, 6649
2026/08/26 05:36:33.559, 159.24, 98, 6649
2026/08/26 05:36:34.559, 160.65, 100, 6649
2026/08/26 05:36:35.559, 159.57, 100, 6649
2026/08/26 05:36:36.559, 159.12, 98, 6649
2026/08/26 05:36:37.560, 160.55, 100, 6649
2026/08/26 05:36:38.560, 159.54, 100, 6649
2026/08/26 05:36:39.560, 159.03, 98, 6649
2026/08/26 05:36:40.560, 159.88, 100, 6649
2026/08/26 05:36:41.560, 159.98, 100, 6649
2026/08/26 05:36:42.560, 159.01, 98, 6649
2026/08/26 05:36:43.561, 159.83, 100, 6649
2026/08/26 05:36:44.561, 159.69, 100, 6649
2026/08/26 05:36:45.561, 158.96, 98, 6649
2026/08/26 05:36:46.561, 159.64, 100, 6649
2026/08/26 05:36:47.561, 160.16, 100, 6649
2026/08/26 05:36:48.561, 158.79, 98, 6649
2026/08/26 05:36:49.561, 159.54, 100, 6649
2026/08/26 05:36:50.562, 159.74, 100, 6649
2026/08/26 05:36:51.562, 158.96, 98, 6649
2026/08/26 05:36:52.562, 159.53, 100, 6649
2026/08/26 05:36:53.562, 160.70, 100, 6649
2026/08/26 05:36:54.562, 158.96, 98, 6649
2026/08/26 05:36:55.562, 159.88, 100, 6649
2026/08/26 05:36:56.563, 160.13, 100, 6649
2026/08/26 05:36:57.563, 158.62, 98, 6649
2026/08/26 05:36:58.563, 159.65, 100, 6649
2026/08/26 05:36:59.563, 160.56, 100, 6649
2026/08/26 05:37:00.563, 159.06, 98, 6649
2026/08/26 05:37:01.564, 159.91, 100, 6649
2026/08/26 05:37:02.564, 160.65, 100, 6649
2026/08/26 05:37:03.564, 158.96, 98, 6649
2026/08/26 05:37:04.573, 159.68, 100, 6649
2026/08/26 05:37:05.573, 160.55, 100, 6649
2026/08/26 05:37:06.573, 158.76, 98, 6649
2026/08/26 05:37:07.573, 159.85, 100, 6649
2026/08/26 05:37:08.573, 160.00, 100, 6649
2026/08/26 05:37:09.573, 158.82, 98, 6649
2026/08/26 05:37:10.574, 160.46, 100, 6649
2026/08/26 05:37:11.574, 160.35, 100, 6649
2026/08/26 05:37:12.574, 158.95, 98, 6649
2026/08/26 05:37:13.574, 159.61, 100, 6649
2026/08/26 05:37:14.574, 159.82, 100, 6649
2026/08/26 05:37:15.575, 159.05, 99, 6649
2026/08/26 05:37:16.575, 159.57, 100, 6649
2026/08/26 05:37:17.575, 160.38, 100, 6649
2026/08/26 05:37:18.575, 159.36, 100, 6649
2026/08/26 05:37:19.575, 160.13, 100, 6649
2026/08/26 05:37:20.575, 160.38, 100, 6649
2026/08/26 05:37:21.576, 159.29, 100, 6649
2026/08/26 05:37:22.576, 159.72, 100, 6649
2026/08/26 05:37:23.576, 160.62, 100, 6649
2026/08/26 05:37:24.576, 159.05, 100, 6649
2026/08/26 05:37:25.576, 159.69, 100, 6649
2026/08/26 05:37:26.576, 160.73, 100, 6649
2026/08/26 05:37:27.577, 159.21, 100, 6649
2026/08/26 05:37:28.577, 159.54, 100, 6649
2026/08/26 05:37:29.577, 160.56, 100, 6649
2026/08/26 05:37:30.577, 159.45, 100, 6649
2026/08/26 05:37:31.577, 159.16, 100, 6649
2026/08/26 05:37:32.578, 160.49, 100, 6649
2026/08/26 05:37:33.578, 159.33, 100, 6649
2026/08/26 05:37:34.586, 159.37, 100, 6649
2026/08/26 05:37:35.587, 160.42, 100, 6649
2026/08/26 05:37:36.587, 159.63, 100, 6649
2026/08/26 05:37:37.587, 159.41, 100, 6649
2026/08/26 05:37:38.587, 160.54, 100, 6649
2026/08/26 05:37:39.587, 159.21, 100, 6649
2026/08/26 05:37:40.587, 159.09, 100, 6649
2026/08/26 05:37:41.588, 160.56, 100, 6649
2026/08/26 05:37:42.588, 159.17, 100, 6649
2026/08/26 05:37:43.588, 159.40, 100, 6649
2026/08/26 05:37:44.588, 160.44, 100, 6649
2026/08/26 05:37:45.588, 159.19, 100, 6649
2026/08/26 05:37:46.588, 159.40, 100, 6649
2026/08/26 05:37:47.589, 160.08, 100, 6649
2026/08/26 05:37:48.589, 159.45, 100, 6649
2026/08/26 05:37:49.589, 159.05, 99, 6649
2026/08/26 05:37:50.589, 160.17, 100, 6649
2026/08/26 05:37:51.589, 159.15, 100, 6649
2026/08/26 05:37:52.589, 158.93, 98, 6649
2026/08/26 05:37:53.590, 160.20, 100, 6649
2026/08/26 05:37:54.590, 159.79, 100, 6649
2026/08/26 05:37:55.590, 159.19, 98, 6649
2026/08/26 05:37:56.590, 160.20, 100, 6649
2026/08/26 05:37:57.590, 159.26, 100, 6649
2026/08/26 05:37:58.590, 158.81, 98, 6649
2026/08/26 05:37:59.591, 158.84, 100, 6649
2026/08/26 05:38:00.591, 159.71, 100, 6649
2026/08/26 05:38:01.591, 159.03, 98, 6649
2026/08/26 05:38:02.591, 159.87, 100, 6649
2026/08/26 05:38:03.591, 159.82, 100, 6649
2026/08/26 05:38:04.592, 159.01, 98, 6649
2026/08/26 05:38:05.592, 159.90, 100, 6649
2026/08/26 05:38:06.592, 159.42, 100, 6649
2026/08/26 05:38:07.592, 158.79, 98, 6649
2026/08/26 05:38:08.592, 160.66, 100, 6649
2026/08/26 05:38:09.592, 160.34, 100, 6649
2026/08/26 05:38:10.593, 158.86, 98, 6649
2026/08/26 05:38:11.593, 160.43, 100, 6649
2026/08/26 05:38:12.593, 159.56, 100, 6649
2026/08/26 05:38:13.593, 159.27, 98, 6649
2026/08/26 05:38:14.593, 159.96, 100, 6649
2026/08/26 05:38:15.594, 159.54, 100, 6649
2026/08/26 05:38:16.594, 159.22, 98, 6649
2026/08/26 05:38:17.594, 159.73, 100, 6649
2026/08/26 05:38:18.594, 159.74, 100, 6649
2026/08/26 05:38:19.594, 158.56, 98, 6649
2026/08/26 05:38:20.594, 160.35, 100, 6649
2026/08/26 05:38:21.595, 160.04, 100, 6649
2026/08/26 05:38:22.595, 158.93, 98, 6649
2026/08/26 05:38:23.595, 159.84, 100, 6649
2026/08/26 05:38:24.595, 159.65, 100, 6649
2026/08/26 05:38:25.595, 158.95, 98, 6649
2026/08/26 05:38:26.595, 159.74, 100, 6649
2026/08/26 05:38:27.596, 160.25, 100, 6649
2026/08/26 05:38:28.596, 158.85, 98, 6649
2026/08/26 05:38:29.596, 159.68, 100, 6649
2026/08/26 05:38:30.596, 159.84, 100, 6649
2026/08/26 05:38:31.596, 159.50, 98, 6649
2026/08/26 05:38:32.596, 159.90, 100, 6649
2026/08/26 05:38:33.597, 159.65, 100, 6649
2026/08/26 05:38:34.597, 158.88, 98, 6649
2026/08/26 05:38:35.605, 159.66, 100, 6649
2026/08/26 05:38:36.605, 160.12, 100, 6649
2026/08/26 05:38:37.606, 158.68, 98, 6649
2026/08/26 05:38:38.606, 159.76, 100, 6649
2026/08/26 05:38:39.606, 159.68, 100, 6649
2026/08/26 05:38:40.606, 158.40, 98, 6649
2026/08/26 05:38:41.606, 159.51, 100, 6649
2026/08/26 05:38:42.607, 159.76, 100, 6649
2026/08/26 05:38:43.607, 158.62, 98, 6649
2026/08/26 05:38:44.607, 159.76, 100, 6649
2026/08/26 05:38:45.607, 160.54, 100, 6649
2026/08/26 05:38:46.607, 158.71, 98, 6649
2026/08/26 05:38:47.607, 160.66, 100, 6649
2026/08/26 05:38:48.608, 159.43, 100, 6649
2026/08/26 05:38:49.608, 159.06, 98, 6649
2026/08/26 05:38:50.608, 159.54, 100, 6649
2026/08/26 05:38:51.608, 159.77, 100, 6649
2026/08/26 05:38:52.608, 158.19, 98, 6649
2026/08/26 05:38:53.608, 160.43, 100, 6649
2026/08/26 05:38:54.608, 160.22, 100, 6649
2026/08/26 05:38:55.609, 158.48, 98, 6649
2026/08/26 05:38:56.609, 159.32, 100, 6649
2026/08/26 05:38:57.609, 160.03, 100, 6649
2026/08/26 05:38:58.609, 159.04, 98, 6649
2026/08/26 05:38:59.609, 160.24, 100, 6649
2026/08/26 05:39:00.609, 159.76, 100, 6649
2026/08/26 05:39:01.610, 158.45, 98, 6649
2026/08/26 05:39:02.610, 159.57, 100, 6649
2026/08/26 05:39:03.610, 159.55, 100, 6649
2026/08/26 05:39:04.610, 158.68, 98, 6649
2026/08/26 05:39:05.619, 159.46, 100, 6649
2026/08/26 05:39:06.619, 159.94, 100, 6649
2026/08/26 05:39:07.619, 158.46, 98, 6649
2026/08/26 05:39:08.619, 160.26, 100, 6649
2026/08/26 05:39:09.619, 159.98, 100, 6649
2026/08/26 05:39:10.620, 158.31, 98, 6649
2026/08/26 05:39:11.620, 159.33, 100, 6649
2026/08/26 05:39:12.620, 159.71, 100, 6649
2026/08/26 05:39:13.620, 158.66, 98, 6649
2026/08/26 05:39:14.620, 159.46, 100, 6649
2026/08/26 05:39:15.620, 157.88, 99, 6649
2026/08/26 05:39:16.621, 162.31, 100, 6649
2026/08/26 05:39:17.621, 162.34, 99, 6649
2026/08/26 05:39:18.621, 162.50, 100, 6649
2026/08/26 05:39:19.621, 162.61, 100, 6649
2026/08/26 05:39:20.621, 162.67, 100, 6649
2026/08/26 05:39:21.622, 162.55, 100, 6649
2026/08/26 05:39:22.622, 162.52, 100, 6649
2026/08/26 05:39:23.622, 162.33, 99, 6649
2026/08/26 05:39:24.622, 162.40, 100, 6649
2026/08/26 05:39:25.622, 162.57, 100, 6649
2026/08/26 05:39:26.622, 162.63, 100, 6649
2026/08/26 05:39:27.622, 162.60, 100, 6649
2026/08/26 05:39:28.623, 162.53, 100, 6649
2026/08/26 05:39:29.623, 162.53, 99, 6649
2026/08/26 05:39:30.623, 162.68, 100, 6649
2026/08/26 05:39:31.623, 162.53, 100, 6649
2026/08/26 05:39:32.623, 162.50, 100, 6649
2026/08/26 05:39:33.624, 162.42, 100, 6649
2026/08/26 05:39:34.624, 162.52, 100, 6649
2026/08/26 05:39:35.632, 162.49, 100, 6649
2026/08/26 05:39:36.632, 162.49, 100, 6649
2026/08/26 05:39:37.633, 162.27, 100, 6649
2026/08/26 05:39:38.633, 162.40, 100, 6649
2026/08/26 05:39:39.633, 162.59, 100, 6649
2026/08/26 05:39:40.633, 162.40, 100, 6649
2026/08/26 05:39:41.633, 162.22, 99, 6649
2026/08/26 05:39:42.634, 162.26, 100, 6649
2026/08/26 05:39:43.634, 162.25, 100, 6649
2026/08/26 05:39:44.634, 162.33, 99, 6649
2026/08/26 05:39:45.634, 162.35, 100, 6649
2026/08/26 05:39:46.634, 162.13, 100, 6649
2026/08/26 05:39:47.634, 162.35, 99, 6649
2026/08/26 05:39:48.635, 162.32, 100, 6649
2026/08/26 05:39:49.635, 162.49, 100, 6649
2026/08/26 05:39:50.635, 162.37, 100, 6649
2026/08/26 05:39:51.635, 162.60, 100, 6649
2026/08/26 05:39:52.635, 162.60, 100, 6649
2026/08/26 05:39:53.635, 162.51, 100, 6649
2026/08/26 05:39:54.636, 162.58, 100, 6649
2026/08/26 05:39:55.636, 162.66, 100, 6649
2026/08/26 05:39:56.636, 162.55, 100, 6649
2026/08/26 05:39:57.636, 162.59, 100, 6649
2026/08/26 05:39:58.636, 162.47, 99, 6649
2026/08/26 05:39:59.637, 162.36, 100, 6649
2026/08/26 05:40:00.637, 162.49, 100, 6649
2026/08/26 05:40:01.637, 162.49, 99, 6649
2026/08/26 05:40:02.637, 162.68, 100, 6649
2026/08/26 05:40:03.637, 162.50, 100, 6649
2026/08/26 05:40:04.637, 162.74, 99, 6649
2026/08/26 05:40:05.638, 162.61, 100, 6649
2026/08/26 05:40:06.638, 162.69, 100, 6649
2026/08/26 05:40:07.638, 162.67, 100, 6649
2026/08/26 05:40:08.638, 162.52, 100, 6649
2026/08/26 05:40:09.638, 162.61, 100, 6649
2026/08/26 05:40:10.639, 162.59, 99, 6649
2026/08/26 05:40:11.639, 162.71, 100, 6649
2026/08/26 05:40:12.639, 162.36, 100, 6649
2026/08/26 05:40:13.639, 162.57, 100, 6649
2026/08/26 05:40:14.639, 162.50, 100, 6649
2026/08/26 05:40:15.639, 162.68, 100, 6649
2026/08/26 05:40:16.640, 162.78, 99, 6649
2026/08/26 05:40:17.640, 162.79, 100, 6649
2026/08/26 05:40:18.640, 162.81, 100, 6649
2026/08/26 05:40:19.640, 162.86, 99, 6649
2026/08/26 05:40:20.640, 162.82, 100, 6649
2026/08/26 05:40:21.640, 162.58, 100, 6649
2026/08/26 05:40:22.640, 162.67, 100, 6649
2026/08/26 05:40:23.641, 162.72, 100, 6649
2026/08/26 05:40:24.641, 162.62, 100, 6649
2026/08/26 05:40:25.641, 162.57, 99, 6649
2026/08/26 05:40:26.641, 162.44, 100, 6649
2026/08/26 05:40:27.641, 162.56, 100, 6649
2026/08/26 05:40:28.641, 162.63, 100, 6649
2026/08/26 05:40:29.642, 162.46, 100, 6649
2026/08/26 05:40:30.642, 162.52, 100, 6649
2026/08/26 05:40:31.642, 162.68, 100, 6649
2026/08/26 05:40:32.642, 162.75, 100, 6649
2026/08/26 05:40:33.642, 162.76, 99, 6649
2026/08/26 05:40:34.643, 162.88, 100, 6649
2026/08/26 05:40:35.643, 163.02, 100, 6649
2026/08/26 05:40:36.651, 162.85, 99, 6649
2026/08/26 05:40:37.651, 162.79, 100, 6649
2026/08/26 05:40:38.652, 162.73, 100, 6649
2026/08/26 05:40:39.652, 162.86, 100, 6649
2026/08/26 05:40:40.652, 162.82, 100, 6649
2026/08/26 05:40:41.652, 162.69, 100, 6649
2026/08/26 05:40:42.652, 162.81, 100, 6649
2026/08/26 05:40:43.652, 162.76, 100, 6649
2026/08/26 05:40:44.653, 162.97, 100, 6649
2026/08/26 05:40:45.653, 162.82, 100, 6649
2026/08/26 05:40:46.653, 162.92, 100, 6649
2026/08/26 05:40:47.653, 162.58, 100, 6649
2026/08/26 05:40:48.653, 162.54, 100, 6649
2026/08/26 05:40:49.653, 162.47, 100, 6649
2026/08/26 05:40:50.653, 162.54, 100, 6649
2026/08/26 05:40:51.654, 158.91, 74, 6649
2026/08/26 05:40:52.654, 154.34, 100, 6649
2026/08/26 05:40:53.654, 160.10, 100, 6649
2026/08/26 05:40:54.654, 159.09, 100, 6649
2026/08/26 05:40:55.654, 159.38, 100, 6649
2026/08/26 05:40:56.654, 160.58, 100, 6649
2026/08/26 05:40:57.654, 159.09, 100, 6649
2026/08/26 05:40:58.655, 159.55, 100, 6649
2026/08/26 05:40:59.655, 160.19, 100, 6649
2026/08/26 05:41:00.655, 159.26, 100, 6649
2026/08/26 05:41:01.655, 157.97, 98, 6649
2026/08/26 05:41:02.655, 159.99, 100, 6649
2026/08/26 05:41:03.655, 159.36, 100, 6649
2026/08/26 05:41:04.656, 158.79, 98, 6649
2026/08/26 05:41:05.656, 160.19, 100, 6649
2026/08/26 05:41:06.664, 158.72, 98, 6649
2026/08/26 05:41:07.664, 159.46, 100, 6649
2026/08/26 05:41:08.665, 160.35, 100, 6649
2026/08/26 05:41:09.665, 158.82, 98, 6649
2026/08/26 05:41:10.665, 160.11, 100, 6649
2026/08/26 05:41:11.665, 159.66, 100, 6649
2026/08/26 05:41:12.665, 158.29, 98, 6649
2026/08/26 05:41:13.665, 160.09, 100, 6649
2026/08/26 05:41:14.666, 160.25, 100, 6649
2026/08/26 05:41:15.666, 158.88, 98, 6649
2026/08/26 05:41:16.666, 160.02, 100, 6649
2026/08/26 05:41:17.666, 160.20, 100, 6649
2026/08/26 05:41:18.666, 158.44, 98, 6649
2026/08/26 05:41:19.666, 159.83, 100, 6649
2026/08/26 05:41:20.667, 160.19, 100, 6649
2026/08/26 05:41:21.667, 158.82, 99, 6649
2026/08/26 05:41:22.667, 159.42, 100, 6649
2026/08/26 05:41:23.667, 160.39, 100, 6649
2026/08/26 05:41:24.667, 159.00, 100, 6649
2026/08/26 05:41:25.667, 159.37, 100, 6649
2026/08/26 05:41:26.668, 160.20, 100, 6649
2026/08/26 05:41:27.668, 159.19, 100, 6649
2026/08/26 05:41:28.668, 159.33, 100, 6649
2026/08/26 05:41:29.668, 160.05, 100, 6649
2026/08/26 05:41:30.668, 159.59, 100, 6649
2026/08/26 05:41:31.668, 158.18, 100, 6649
2026/08/26 05:41:32.669, 159.79, 100, 6649
2026/08/26 05:41:33.669, 158.91, 100, 6649
2026/08/26 05:41:34.669, 158.87, 100, 6649
2026/08/26 05:41:35.669, 160.45, 100, 6649
2026/08/26 05:41:36.669, 159.26, 100, 6649
2026/08/26 05:41:37.669, 159.29, 100, 6649
2026/08/26 05:41:38.670, 160.41, 100, 6649
2026/08/26 05:41:39.670, 159.32, 100, 6649
2026/08/26 05:41:40.670, 158.87, 100, 6649
2026/08/26 05:41:41.670, 160.09, 100, 6649
2026/08/26 05:41:42.670, 159.40, 100, 6649
2026/08/26 05:41:43.670, 159.22, 99, 6649
2026/08/26 05:41:44.671, 159.80, 100, 6649
2026/08/26 05:41:45.671, 159.55, 100, 6649
2026/08/26 05:41:46.671, 159.17, 98, 6649
2026/08/26 05:41:47.671, 159.57, 100, 6649
2026/08/26 05:41:48.671, 159.56, 100, 6649
2026/08/26 05:41:49.671, 158.59, 98, 6649
2026/08/26 05:41:50.672, 159.91, 100, 6649
2026/08/26 05:41:51.672, 159.27, 100, 6649
2026/08/26 05:41:52.672, 158.94, 98, 6649
2026/08/26 05:41:53.672, 159.69, 100, 6649
2026/08/26 05:41:54.672, 159.40, 100, 6649
2026/08/26 05:41:55.672, 158.86, 98, 6649
2026/08/26 05:41:56.673, 159.28, 100, 6649
2026/08/26 05:41:57.673, 159.44, 100, 6649
2026/08/26 05:41:58.673, 158.35, 98, 6649
2026/08/26 05:41:59.673, 159.29, 100, 6649
2026/08/26 05:42:00.673, 159.20, 100, 6649
2026/08/26 05:42:01.673, 157.52, 89, 6649
2026/08/26 05:42:02.674, 158.38, 100, 6649
2026/08/26 05:42:03.674, 159.86, 100, 6649
2026/08/26 05:42:04.674, 158.42, 98, 6649
2026/08/26 05:42:05.674, 159.51, 100, 6649
2026/08/26 05:42:06.674, 159.49, 100, 6649
2026/08/26 05:42:07.683, 158.65, 98, 6649
2026/08/26 05:42:08.683, 160.04, 100, 6649
2026/08/26 05:42:09.683, 159.79, 100, 6649
2026/08/26 05:42:10.683, 158.71, 98, 6649
2026/08/26 05:42:11.684, 159.29, 100, 6649
2026/08/26 05:42:12.684, 159.37, 100, 6649
2026/08/26 05:42:13.684, 158.34, 98, 6649
2026/08/26 05:42:14.684, 159.32, 100, 6649
2026/08/26 05:42:15.684, 159.16, 100, 6649
2026/08/26 05:42:16.684, 158.46, 98, 6649
2026/08/26 05:42:17.685, 159.57, 100, 6649
2026/08/26 05:42:18.685, 159.84, 100, 6649
2026/08/26 05:42:19.685, 158.51, 98, 6649
2026/08/26 05:42:20.685, 159.41, 100, 6649
2026/08/26 05:42:21.685, 159.82, 100, 6649
2026/08/26 05:42:22.685, 158.28, 98, 6649
2026/08/26 05:42:23.686, 160.10, 100, 6649
2026/08/26 05:42:24.686, 159.76, 100, 6649
2026/08/26 05:42:25.686, 158.23, 98, 6649
2026/08/26 05:42:26.686, 158.99, 100, 6649
2026/08/26 05:42:27.686, 160.21, 100, 6649
2026/08/26 05:42:28.686, 158.72, 98, 6649
2026/08/26 05:42:29.687, 160.06, 100, 6649
2026/08/26 05:42:30.687, 159.56, 100, 6649
2026/08/26 05:42:31.687, 158.69, 97, 6649
2026/08/26 05:42:32.687, 158.49, 100, 6649
2026/08/26 05:42:33.687, 160.32, 100, 6649
2026/08/26 05:42:34.687, 159.23, 100, 6649
2026/08/26 05:42:35.688, 159.27, 100, 6649
2026/08/26 05:42:36.688, 159.77, 100, 6649
2026/08/26 05:42:37.688, 159.28, 100, 6649
2026/08/26 05:42:38.688, 159.11, 100, 6649
2026/08/26 05:42:39.688, 159.83, 100, 6649
2026/08/26 05:42:40.689, 159.50, 100, 6649
2026/08/26 05:42:41.689, 159.43, 100, 6649
2026/08/26 05:42:42.689, 160.17, 100, 6649
2026/08/26 05:42:43.689, 159.62, 100, 6649
2026/08/26 05:42:44.689, 159.14, 100, 6649
2026/08/26 05:42:45.689, 158.88, 100, 6649
2026/08/26 05:42:46.690, 159.46, 100, 6649
2026/08/26 05:42:47.690, 159.31, 100, 6649
2026/08/26 05:42:48.690, 160.20, 100, 6649
2026/08/26 05:42:49.690, 159.48, 100, 6649
2026/08/26 05:42:50.690, 157.77, 90, 6649
2026/08/26 05:42:51.690, 158.90, 100, 6649
2026/08/26 05:42:52.691, 159.67, 100, 6649
2026/08/26 05:42:53.691, 159.36, 98, 6649
2026/08/26 05:42:54.691, 160.45, 100, 6649
2026/08/26 05:42:55.691, 159.66, 100, 6649
2026/08/26 05:42:56.691, 159.37, 98, 6649
2026/08/26 05:42:57.691, 159.89, 100, 6649
2026/08/26 05:42:58.692, 159.68, 100, 6649
2026/08/26 05:42:59.692, 158.73, 98, 6649
2026/08/26 05:43:00.692, 159.91, 100, 6649
2026/08/26 05:43:01.692, 159.58, 100, 6649
2026/08/26 05:43:02.692, 157.55, 98, 6649
2026/08/26 05:43:03.692, 159.68, 100, 6649
2026/08/26 05:43:04.693, 159.34, 100, 6649
2026/08/26 05:43:05.693, 158.83, 98, 6649
2026/08/26 05:43:06.693, 159.78, 100, 6649
2026/08/26 05:43:07.702, 159.78, 100, 6649
2026/08/26 05:43:08.702, 159.11, 98, 6649
2026/08/26 05:43:09.702, 160.22, 100, 6649
2026/08/26 05:43:10.702, 159.97, 100, 6649
2026/08/26 05:43:11.702, 158.93, 98, 6649
2026/08/26 05:43:12.703, 159.80, 100, 6649
2026/08/26 05:43:13.703, 159.74, 100, 6649
2026/08/26 05:43:14.703, 158.96, 98, 6649
2026/08/26 05:43:15.703, 159.59, 100, 6649
2026/08/26 05:43:16.703, 159.61, 100, 6649
2026/08/26 05:43:17.703, 158.57, 98, 6649
2026/08/26 05:43:18.703, 159.81, 100, 6649
2026/08/26 05:43:19.704, 159.62, 100, 6649
2026/08/26 05:43:20.704, 159.18, 98, 6649
2026/08/26 05:43:21.704, 160.21, 100, 6649
2026/08/26 05:43:22.704, 159.74, 100, 6649
2026/08/26 05:43:23.704, 158.96, 98, 6649
2026/08/26 05:43:24.705, 160.08, 100, 6649
2026/08/26 05:43:25.705, 159.12, 100, 6649
2026/08/26 05:43:26.705, 158.78, 98, 6649
2026/08/26 05:43:27.705, 160.01, 100, 6649
2026/08/26 05:43:28.705, 159.21, 100, 6649
2026/08/26 05:43:29.705, 158.77, 98, 6649
2026/08/26 05:43:30.706, 159.77, 100, 6649
2026/08/26 05:43:31.706, 159.77, 100, 6649
2026/08/26 05:43:32.706, 157.87, 98, 6649
2026/08/26 05:43:33.706, 159.55, 100, 6649
2026/08/26 05:43:34.706, 159.75, 100, 6649
2026/08/26 05:43:35.706, 158.88, 98, 6649
2026/08/26 05:43:36.707, 159.85, 100, 6649
2026/08/26 05:43:37.707, 159.68, 100, 6649
2026/08/26 05:43:38.707, 159.12, 98, 6649
2026/08/26 05:43:39.707, 159.80, 100, 6649
2026/08/26 05:43:40.707, 158.43, 100, 6649
2026/08/26 05:43:41.708, 160.63, 98, 6649
2026/08/26 05:43:42.708, 160.12, 100, 6649
2026/08/26 05:43:43.708, 158.75, 100, 6649
2026/08/26 05:43:44.708, 160.18, 98, 6649
2026/08/26 05:43:45.708, 160.24, 100, 6649
2026/08/26 05:43:46.709, 158.55, 100, 6649
2026/08/26 05:43:47.709, 159.46, 98, 6649
2026/08/26 05:43:48.709, 159.70, 100, 6649
2026/08/26 05:43:49.709, 158.54, 100, 6649
2026/08/26 05:43:50.709, 160.33, 98, 6649
2026/08/26 05:43:51.709, 159.96, 100, 6649
2026/08/26 05:43:52.709, 158.36, 100, 6649
2026/08/26 05:43:53.710, 159.26, 100, 6649
2026/08/26 05:43:54.710, 160.51, 100, 6649
2026/08/26 05:43:55.710, 158.57, 98, 6649
2026/08/26 05:43:56.710, 159.26, 100, 6649
2026/08/26 05:43:57.710, 160.20, 100, 6649
2026/08/26 05:43:58.710, 158.58, 98, 6649
2026/08/26 05:43:59.711, 160.51, 100, 6649
2026/08/26 05:44:00.711, 160.76, 100, 6649
2026/08/26 05:44:01.711, 158.80, 98, 6649
2026/08/26 05:44:02.711, 159.24, 100, 6649
2026/08/26 05:44:03.711, 160.22, 100, 6649
2026/08/26 05:44:04.712, 158.50, 98, 6649
2026/08/26 05:44:05.712, 160.65, 100, 6649
2026/08/26 05:44:06.712, 160.13, 100, 6649
2026/08/26 05:44:07.712, 158.35, 91, 6649
2026/08/26 05:44:08.721, 161.60, 100, 6649
2026/08/26 05:44:09.721, 162.26, 100, 6649
2026/08/26 05:44:10.721, 162.28, 100, 6649
2026/08/26 05:44:11.721, 162.42, 100, 6649
2026/08/26 05:44:12.721, 162.14, 99, 6649
2026/08/26 05:44:13.722, 162.23, 100, 6649
2026/08/26 05:44:14.722, 162.41, 100, 6649
2026/08/26 05:44:15.722, 162.32, 100, 6649
2026/08/26 05:44:16.722, 162.16, 100, 6649
2026/08/26 05:44:17.722, 162.48, 100, 6649
2026/08/26 05:44:18.722, 162.25, 99, 6649
2026/08/26 05:44:19.723, 162.46, 100, 6649
2026/08/26 05:44:20.723, 162.37, 100, 6649
2026/08/26 05:44:21.723, 162.42, 100, 6649
2026/08/26 05:44:22.723, 162.27, 100, 6649
2026/08/26 05:44:23.723, 162.27, 100, 6649
2026/08/26 05:44:24.723, 162.42, 99, 6649
2026/08/26 05:44:25.724, 162.34, 100, 6649
2026/08/26 05:44:26.724, 162.44, 100, 6649
2026/08/26 05:44:27.724, 162.38, 100, 6649
2026/08/26 05:44:28.724, 162.48, 100, 6649
2026/08/26 05:44:29.724, 162.27, 100, 6649
2026/08/26 05:44:30.724, 162.38, 100, 6649
2026/08/26 05:44:31.725, 162.24, 100, 6649
2026/08/26 05:44:32.725, 162.27, 100, 6649
2026/08/26 05:44:33.725, 162.40, 99, 6649
2026/08/26 05:44:34.725, 162.38, 100, 6649
2026/08/26 05:44:35.725, 162.65, 100, 6649
2026/08/26 05:44:36.725, 162.32, 100, 6649
2026/08/26 05:44:37.726, 162.30, 100, 6649
2026/08/26 05:44:38.734, 162.07, 100, 6649
2026/08/26 05:44:39.734, 162.50, 100, 6649
2026/08/26 05:44:40.735, 162.52, 100, 6649
2026/08/26 05:44:41.735, 162.54, 100, 6649
2026/08/26 05:44:42.735, 162.48, 99, 6649
2026/08/26 05:44:43.735, 162.37, 100, 6649
2026/08/26 05:44:44.735, 162.66, 99, 6649
2026/08/26 05:44:45.735, 162.52, 100, 6649
2026/08/26 05:44:46.736, 162.55, 100, 6649
2026/08/26 05:44:47.736, 162.43, 100, 6649
2026/08/26 05:44:48.736, 162.46, 100, 6649
2026/08/26 05:44:49.736, 162.45, 100, 6649
2026/08/26 05:44:50.736, 162.54, 100, 6649
2026/08/26 05:44:51.736, 162.45, 100, 6649
2026/08/26 05:44:52.737, 162.51, 100, 6649
2026/08/26 05:44:53.737, 162.57, 100, 6649
2026/08/26 05:44:54.737, 162.54, 100, 6649
2026/08/26 05:44:55.737, 162.40, 100, 6649
2026/08/26 05:44:56.737, 162.43, 100, 6649
2026/08/26 05:44:57.737, 162.55, 100, 6649
2026/08/26 05:44:58.738, 162.38, 100, 6649
2026/08/26 05:44:59.738, 162.45, 99, 6649
2026/08/26 05:45:00.738, 162.39, 100, 6649
2026/08/26 05:45:01.738, 162.45, 100, 6649
2026/08/26 05:45:02.738, 162.24, 100, 6649
2026/08/26 05:45:03.738, 162.60, 100, 6649
2026/08/26 05:45:04.739, 162.50, 100, 6649
2026/08/26 05:45:05.739, 162.43, 99, 6649
2026/08/26 05:45:06.739, 162.53, 100, 6649
2026/08/26 05:45:07.739, 162.68, 100, 6649
2026/08/26 05:45:08.748, 162.59, 100, 6649
2026/08/26 05:45:09.748, 162.53, 100, 6649
2026/08/26 05:45:10.748, 162.67, 100, 6649
2026/08/26 05:45:11.748, 162.61, 100, 6649
2026/08/26 05:45:12.748, 162.38, 100, 6649
2026/08/26 05:45:13.749, 162.52, 100, 6649
2026/08/26 05:45:14.749, 162.49, 99, 6649
2026/08/26 05:45:15.749, 162.72, 100, 6649
2026/08/26 05:45:16.749, 162.68, 100, 6649
2026/08/26 05:45:17.749, 162.62, 99, 6649
2026/08/26 05:45:18.749, 162.91, 100, 6649
2026/08/26 05:45:19.750, 163.89, 100, 6649
2026/08/26 05:45:20.750, 163.70, 99, 6649
2026/08/26 05:45:21.750, 163.92, 100, 6649
2026/08/26 05:45:22.750, 163.74, 100, 6649
2026/08/26 05:45:23.750, 163.84, 100, 6649
2026/08/26 05:45:24.750, 164.03, 100, 6649
2026/08/26 05:45:25.751, 163.84, 100, 6649
2026/08/26 05:45:26.751, 163.77, 99, 6649
2026/08/26 05:45:27.751, 163.74, 100, 6649
2026/08/26 05:45:28.751, 163.96, 100, 6649
2026/08/26 05:45:29.751, 163.81, 100, 6649
2026/08/26 05:45:30.751, 164.08, 99, 6649
2026/08/26 05:45:31.752, 163.84, 100, 6649
2026/08/26 05:45:32.752, 164.13, 100, 6649
2026/08/26 05:45:33.752, 164.02, 100, 6649
2026/08/26 05:45:34.752, 163.81, 100, 6649
2026/08/26 05:45:35.752, 163.61, 100, 6649
2026/08/26 05:45:36.753, 163.81, 99, 6649
2026/08/26 05:45:37.753, 163.92, 100, 6649
2026/08/26 05:45:38.761, 163.94, 100, 6649
2026/08/26 05:45:39.761, 163.61, 100, 6649
2026/08/26 05:45:40.762, 163.74, 100, 6649
2026/08/26 05:45:41.762, 163.65, 100, 6649
2026/08/26 05:45:42.762, 163.71, 99, 6649
2026/08/26 05:45:43.762, 163.71, 100, 6649
2026/08/26 05:45:44.762, 154.62, 98, 6649
2026/08/26 05:45:45.762, 160.54, 100, 6649
2026/08/26 05:45:46.763, 159.30, 100, 6649
2026/08/26 05:45:47.763, 158.93, 98, 6649
2026/08/26 05:45:48.763, 159.94, 100, 6649
2026/08/26 05:45:49.763, 159.68, 100, 6649
2026/08/26 05:45:50.763, 159.02, 98, 6649
2026/08/26 05:45:51.763, 159.70, 100, 6649
2026/08/26 05:45:52.764, 160.21, 100, 6649
2026/08/26 05:45:53.764, 159.13, 98, 6649
2026/08/26 05:45:54.764, 159.38, 100, 6649
2026/08/26 05:45:55.764, 160.33, 100, 6649
2026/08/26 05:45:56.764, 158.83, 98, 6649
2026/08/26 05:45:57.765, 160.28, 100, 6649
2026/08/26 05:45:58.765, 160.21, 100, 6649
2026/08/26 05:45:59.765, 158.89, 98, 6649
2026/08/26 05:46:00.765, 159.89, 100, 6649
2026/08/26 05:46:01.765, 160.08, 100, 6649
2026/08/26 05:46:02.765, 158.86, 98, 6649
2026/08/26 05:46:03.765, 159.77, 100, 6649
2026/08/26 05:46:04.766, 160.40, 100, 6649
2026/08/26 05:46:05.766, 158.87, 98, 6649
2026/08/26 05:46:06.766, 159.86, 100, 6649
2026/08/26 05:46:07.766, 160.40, 100, 6649
2026/08/26 05:46:08.766, 158.72, 98, 6649
2026/08/26 05:46:09.775, 159.75, 100, 6649
2026/08/26 05:46:10.775, 159.70, 100, 6649
2026/08/26 05:46:11.775, 159.00, 98, 6649
2026/08/26 05:46:12.775, 159.88, 100, 6649
2026/08/26 05:46:13.776, 160.39, 100, 6649
2026/08/26 05:46:14.776, 158.94, 98, 6649
2026/08/26 05:46:15.776, 159.94, 100, 6649
2026/08/26 05:46:16.776, 159.87, 100, 6649
2026/08/26 05:46:17.776, 159.50, 98, 6649
2026/08/26 05:46:18.776, 159.78, 100, 6649
2026/08/26 05:46:19.777, 160.21, 100, 6649
2026/08/26 05:46:20.777, 158.98, 98, 6649
2026/08/26 05:46:21.777, 160.00, 100, 6649
2026/08/26 05:46:22.777, 160.22, 100, 6649
2026/08/26 05:46:23.777, 157.91, 98, 6649
2026/08/26 05:46:24.777, 159.27, 100, 6649
2026/08/26 05:46:25.778, 159.58, 100, 6649
2026/08/26 05:46:26.778, 158.68, 98, 6649
2026/08/26 05:46:27.778, 159.57, 100, 6649
2026/08/26 05:46:28.778, 159.90, 100, 6649
2026/08/26 05:46:29.778, 158.67, 98, 6649
2026/08/26 05:46:30.778, 159.65, 100, 6649
2026/08/26 05:46:31.779, 159.87, 100, 6649
2026/08/26 05:46:32.779, 158.77, 98, 6649
2026/08/26 05:46:33.779, 159.60, 100, 6649
2026/08/26 05:46:34.779, 159.79, 100, 6649
2026/08/26 05:46:35.779, 158.48, 98, 6649
2026/08/26 05:46:36.780, 159.57, 100, 6649
2026/08/26 05:46:37.780, 160.05, 100, 6649
2026/08/26 05:46:38.780, 158.66, 93, 6649
2026/08/26 05:46:39.780, 158.88, 100, 6649
2026/08/26 05:46:40.780, 160.01, 100, 6649
2026/08/26 05:46:41.780, 159.41, 99, 6649
2026/08/26 05:46:42.781, 159.58, 100, 6649
2026/08/26 05:46:43.781, 160.35, 100, 6649
2026/08/26 05:46:44.781, 159.19, 100, 6649
2026/08/26 05:46:45.781, 159.53, 100, 6649
2026/08/26 05:46:46.781, 160.56, 100, 6649
2026/08/26 05:46:47.781, 159.30, 100, 6649
2026/08/26 05:46:48.782, 160.10, 100, 6649
2026/08/26 05:46:49.782, 160.94, 100, 6649
2026/08/26 05:46:50.782, 159.32, 100, 6649
2026/08/26 05:46:51.782, 160.15, 100, 6649
2026/08/26 05:46:52.782, 160.34, 100, 6649
2026/08/26 05:46:53.782, 159.33, 100, 6649
2026/08/26 05:46:54.783, 160.00, 100, 6649
2026/08/26 05:46:55.783, 160.27, 100, 6649
2026/08/26 05:46:56.783, 159.34, 100, 6649
2026/08/26 05:46:57.783, 159.57, 100, 6649
2026/08/26 05:46:58.783, 160.51, 100, 6649
2026/08/26 05:46:59.783, 158.88, 100, 6649
2026/08/26 05:47:00.784, 159.35, 100, 6649
2026/08/26 05:47:01.784, 160.66, 100, 6649
2026/08/26 05:47:02.784, 159.14, 100, 6649
2026/08/26 05:47:03.784, 159.55, 100, 6649
2026/08/26 05:47:04.784, 160.30, 100, 6649
2026/08/26 05:47:05.784, 159.52, 100, 6649
2026/08/26 05:47:06.785, 160.09, 100, 6649
2026/08/26 05:47:07.785, 160.48, 100, 6649
2026/08/26 05:47:08.785, 159.75, 98, 6649
2026/08/26 05:47:09.794, 160.14, 100, 6649
2026/08/26 05:47:10.794, 160.40, 100, 6649
2026/08/26 05:47:11.794, 159.11, 99, 6649
2026/08/26 05:47:12.794, 159.60, 100, 6649
2026/08/26 05:47:13.794, 160.42, 100, 6649
2026/08/26 05:47:14.794, 159.01, 100, 6649
2026/08/26 05:47:15.795, 159.40, 100, 6649
2026/08/26 05:47:16.795, 160.12, 100, 6649
2026/08/26 05:47:17.795, 159.05, 100, 6649
2026/08/26 05:47:18.795, 159.24, 100, 6649
2026/08/26 05:47:19.795, 159.84, 100, 6649
2026/08/26 05:47:20.795, 158.88, 100, 6649
2026/08/26 05:47:21.796, 159.29, 100, 6649
2026/08/26 05:47:22.796, 160.48, 100, 6649
2026/08/26 05:47:23.796, 159.18, 100, 6649
2026/08/26 05:47:24.796, 159.39, 100, 6649
2026/08/26 05:47:25.796, 160.64, 100, 6649
2026/08/26 05:47:26.797, 159.23, 100, 6649
2026/08/26 05:47:27.797, 159.65, 100, 6649
2026/08/26 05:47:28.797, 160.11, 100, 6649
2026/08/26 05:47:29.797, 159.54, 100, 6649
2026/08/26 05:47:30.797, 159.60, 100, 6649
2026/08/26 05:47:31.797, 160.01, 100, 6649
2026/08/26 05:47:32.798, 158.78, 100, 6649
2026/08/26 05:47:33.798, 158.87, 100, 6649
2026/08/26 05:47:34.798, 159.70, 100, 6649
2026/08/26 05:47:35.798, 159.53, 100, 6649
2026/08/26 05:47:36.798, 159.39, 100, 6649
2026/08/26 05:47:37.798, 160.66, 100, 6649
2026/08/26 05:47:38.799, 159.24, 100, 6649
2026/08/26 05:47:39.799, 158.96, 100, 6649
2026/08/26 05:47:40.799, 161.21, 100, 6649
2026/08/26 05:47:41.799, 159.35, 100, 6649
2026/08/26 05:47:42.799, 159.23, 100, 6649
2026/08/26 05:47:43.800, 160.10, 100, 6649
2026/08/26 05:47:44.800, 159.58, 100, 6649
2026/08/26 05:47:45.800, 159.68, 100, 6649
2026/08/26 05:47:46.800, 160.09, 100, 6649
2026/08/26 05:47:47.800, 159.36, 100, 6649
2026/08/26 05:47:48.800, 159.27, 100, 6649
2026/08/26 05:47:49.801, 160.13, 100, 6649
2026/08/26 05:47:50.801, 158.98, 100, 6649
2026/08/26 05:47:51.801, 159.32, 100, 6649
2026/08/26 05:47:52.801, 160.26, 100, 6649
2026/08/26 05:47:53.801, 159.20, 100, 6649
2026/08/26 05:47:54.801, 159.15, 100, 6649
2026/08/26 05:47:55.802, 160.52, 100, 6649
2026/08/26 05:47:56.802, 158.96, 100, 6649
2026/08/26 05:47:57.802, 158.97, 100, 6649
2026/08/26 05:47:58.802, 159.96, 100, 6649
2026/08/26 05:47:59.802, 158.97, 100, 6649
2026/08/26 05:48:00.802, 158.92, 99, 6649
2026/08/26 05:48:01.803, 159.88, 100, 6649
2026/08/26 05:48:02.803, 159.49, 100, 6649
2026/08/26 05:48:03.803, 159.40, 99, 6649
2026/08/26 05:48:04.803, 160.23, 100, 6649
2026/08/26 05:48:05.803, 160.07, 100, 6649
2026/08/26 05:48:06.804, 159.57, 99, 6649
2026/08/26 05:48:07.804, 160.74, 100, 6649
2026/08/26 05:48:08.804, 159.32, 100, 6649
2026/08/26 05:48:09.804, 159.15, 99, 6649
2026/08/26 05:48:10.813, 159.90, 100, 6649
2026/08/26 05:48:11.813, 159.19, 100, 6649
2026/08/26 05:48:12.813, 159.04, 98, 6649
2026/08/26 05:48:13.813, 160.39, 100, 6649
2026/08/26 05:48:14.813, 159.98, 100, 6649
2026/08/26 05:48:15.814, 159.45, 98, 6649
2026/08/26 05:48:16.814, 160.46, 100, 6649
2026/08/26 05:48:17.814, 159.73, 100, 6649
2026/08/26 05:48:18.814, 159.35, 98, 6649
2026/08/26 05:48:19.814, 160.62, 100, 6649
2026/08/26 05:48:20.814, 159.38, 100, 6649
2026/08/26 05:48:21.814, 159.32, 98, 6649
2026/08/26 05:48:22.815, 160.07, 100, 6649
2026/08/26 05:48:23.815, 159.78, 100, 6649
2026/08/26 05:48:24.815, 158.91, 98, 6649
2026/08/26 05:48:25.815, 160.07, 100, 6649
2026/08/26 05:48:26.815, 159.65, 100, 6649
2026/08/26 05:48:27.815, 159.71, 98, 6649
2026/08/26 05:48:28.816, 160.10, 100, 6649
2026/08/26 05:48:29.816, 159.87, 100, 6649
2026/08/26 05:48:30.816, 159.23, 98, 6649
2026/08/26 05:48:31.816, 160.09, 100, 6649
2026/08/26 05:48:32.816, 159.10, 100, 6649
2026/08/26 05:48:33.816, 158.77, 98, 6649
2026/08/26 05:48:34.817, 159.79, 100, 6649
2026/08/26 05:48:35.817, 159.45, 100, 6649
2026/08/26 05:48:36.817, 159.15, 98, 6649
2026/08/26 05:48:37.817, 159.98, 100, 6649
2026/08/26 05:48:38.817, 159.53, 100, 6649
2026/08/26 05:48:39.817, 158.93, 98, 6649
2026/08/26 05:48:40.826, 160.09, 100, 6649
2026/08/26 05:48:41.826, 159.48, 100, 6649
2026/08/26 05:48:42.826, 158.78, 98, 6649
2026/08/26 05:48:43.827, 159.83, 100, 6649
2026/08/26 05:48:44.827, 159.54, 100, 6649
2026/08/26 05:48:45.827, 158.64, 98, 6649
2026/08/26 05:48:46.827, 159.79, 100, 6649
2026/08/26 05:48:47.827, 159.29, 100, 6649
2026/08/26 05:48:48.827, 158.93, 98, 6649
2026/08/26 05:48:49.828, 159.66, 100, 6649
2026/08/26 05:48:50.828, 159.59, 100, 6649
2026/08/26 05:48:51.828, 159.12, 98, 6649
2026/08/26 05:48:52.828, 159.66, 100, 6649
2026/08/26 05:48:53.828, 159.77, 100, 6649
2026/08/26 05:48:54.829, 157.71, 89, 6649
2026/08/26 05:48:55.829, 158.65, 100, 6649
2026/08/26 05:48:56.829, 159.32, 100, 6649
2026/08/26 05:48:57.829, 158.89, 98, 6649
2026/08/26 05:48:58.829, 159.59, 100, 6649
2026/08/26 05:48:59.829, 159.58, 100, 6649
2026/08/26 05:49:00.830, 158.47, 100, 6649
2026/08/26 05:49:01.830, 162.80, 100, 6649
2026/08/26 05:49:02.830, 162.72, 100, 6649
2026/08/26 05:49:03.830, 162.92, 100, 6649
2026/08/26 05:49:04.830, 162.74, 100, 6649
2026/08/26 05:49:05.830, 162.86, 99, 6649
2026/08/26 05:49:06.831, 163.02, 100, 6649
2026/08/26 05:49:07.831, 162.91, 100, 6649
2026/08/26 05:49:08.831, 162.73, 100, 6649
2026/08/26 05:49:09.831, 162.67, 100, 6649
2026/08/26 05:49:10.840, 162.44, 100, 6649
2026/08/26 05:49:11.840, 162.48, 100, 6649
2026/08/26 05:49:12.840, 162.39, 100, 6649
2026/08/26 05:49:13.840, 162.38, 100, 6649
2026/08/26 05:49:14.840, 162.35, 99, 6649
2026/08/26 05:49:15.841, 162.41, 100, 6649
2026/08/26 05:49:16.841, 162.25, 100, 6649
2026/08/26 05:49:17.841, 162.38, 99, 6649
2026/08/26 05:49:18.841, 162.41, 100, 6649
2026/08/26 05:49:19.841, 162.62, 100, 6649
2026/08/26 05:49:20.842, 162.60, 100, 6649
2026/08/26 05:49:21.842, 162.51, 100, 6649
2026/08/26 05:49:22.842, 162.47, 100, 6649
2026/08/26 05:49:23.842, 162.61, 100, 6649
2026/08/26 05:49:24.842, 162.64, 100, 6649
2026/08/26 05:49:25.842, 162.44, 100, 6649
2026/08/26 05:49:26.843, 162.29, 100, 6649
2026/08/26 05:49:27.843, 162.48, 100, 6649
2026/08/26 05:49:28.843, 162.42, 99, 6649
2026/08/26 05:49:29.843, 162.65, 100, 6649
2026/08/26 05:49:30.843, 162.64, 100, 6649
2026/08/26 05:49:31.844, 162.48, 100, 6649
2026/08/26 05:49:32.844, 162.65, 100, 6649
2026/08/26 05:49:33.844, 162.51, 100, 6649
2026/08/26 05:49:34.844, 162.61, 100, 6649
2026/08/26 05:49:35.844, 162.50, 100, 6649
2026/08/26 05:49:36.844, 162.71, 100, 6649
2026/08/26 05:49:37.844, 162.50, 99, 6649
2026/08/26 05:49:38.845, 162.55, 100, 6649
2026/08/26 05:49:39.845, 162.42, 100, 6649
2026/08/26 05:49:40.853, 162.51, 100, 6649
2026/08/26 05:49:41.854, 162.56, 100, 6649
2026/08/26 05:49:42.854, 162.41, 100, 6649
2026/08/26 05:49:43.854, 162.46, 99, 6649
2026/08/26 05:49:44.854, 162.26, 100, 6649
2026/08/26 05:49:45.854, 162.51, 100, 6649
2026/08/26 05:49:46.854, 162.35, 99, 6649
2026/08/26 05:49:47.855, 162.60, 100, 6649
2026/08/26 05:49:48.855, 162.34, 100, 6649
2026/08/26 05:49:49.855, 162.48, 100, 6649
2026/08/26 05:49:50.855, 162.45, 100, 6649
2026/08/26 05:49:51.855, 162.74, 99, 6649
2026/08/26 05:49:52.855, 162.60, 99, 6649
2026/08/26 05:49:53.856, 162.36, 100, 6649
2026/08/26 05:49:54.856, 162.59, 100, 6649
2026/08/26 05:49:55.856, 162.43, 100, 6649
2026/08/26 05:49:56.856, 162.54, 100, 6649
2026/08/26 05:49:57.856, 162.52, 100, 6649
2026/08/26 05:49:58.857, 162.69, 100, 6649
2026/08/26 05:49:59.857, 162.70, 100, 6649
2026/08/26 05:50:00.857, 162.52, 100, 6649
2026/08/26 05:50:01.857, 162.55, 100, 6649
2026/08/26 05:50:02.857, 162.55, 100, 6649
2026/08/26 05:50:03.857, 162.47, 99, 6649
2026/08/26 05:50:04.858, 162.57, 100, 6649
2026/08/26 05:50:05.858, 162.61, 100, 6649
2026/08/26 05:50:06.858, 162.55, 99, 6649
2026/08/26 05:50:07.858, 162.63, 100, 6649
2026/08/26 05:50:08.858, 162.71, 100, 6649
2026/08/26 05:50:09.858, 162.75, 100, 6649
2026/08/26 05:50:10.859, 162.49, 100, 6649
2026/08/26 05:50:11.867, 162.58, 100, 6649
2026/08/26 05:50:12.867, 162.58, 99, 6649
2026/08/26 05:50:13.868, 162.35, 100, 6649
2026/08/26 05:50:14.868, 162.64, 100, 6649
2026/08/26 05:50:15.868, 162.55, 99, 6649
2026/08/26 05:50:16.868, 162.47, 100, 6649
2026/08/26 05:50:17.868, 162.52, 100, 6649
2026/08/26 05:50:18.868, 162.49, 99, 6649
2026/08/26 05:50:19.869, 162.45, 100, 6649
2026/08/26 05:50:20.869, 162.41, 100, 6649
2026/08/26 05:50:21.869, 162.52, 99, 6649
2026/08/26 05:50:22.869, 162.51, 100, 6649
2026/08/26 05:50:23.869, 162.75, 100, 6649
2026/08/26 05:50:24.869, 162.65, 99, 6649
2026/08/26 05:50:25.870, 162.53, 100, 6649
2026/08/26 05:50:26.870, 162.42, 100, 6649
2026/08/26 05:50:27.870, 162.52, 99, 6649
2026/08/26 05:50:28.870, 162.41, 100, 6649
2026/08/26 05:50:29.870, 162.60, 100, 6649
2026/08/26 05:50:30.870, 162.53, 100, 6649
2026/08/26 05:50:31.871, 162.51, 100, 6649
2026/08/26 05:50:32.871, 162.17, 99, 6649
2026/08/26 05:50:33.871, 162.40, 100, 6649
2026/08/26 05:50:34.871, 162.45, 100, 6649
2026/08/26 05:50:35.871, 162.54, 100, 6649
2026/08/26 05:50:36.871, 156.41, 100, 6649
2026/08/26 05:50:37.872, 159.49, 100, 6649
2026/08/26 05:50:38.872, 158.97, 98, 6649
2026/08/26 05:50:39.872, 159.48, 100, 6649
2026/08/26 05:50:40.872, 159.26, 100, 6649
2026/08/26 05:50:41.881, 158.55, 98, 6649
2026/08/26 05:50:42.881, 159.61, 100, 6649
2026/08/26 05:50:43.881, 159.90, 100, 6649
2026/08/26 05:50:44.881, 158.76, 98, 6649
2026/08/26 05:50:45.882, 159.41, 100, 6649
2026/08/26 05:50:46.882, 159.02, 100, 6649
2026/08/26 05:50:47.882, 158.33, 98, 6649
2026/08/26 05:50:48.882, 159.43, 100, 6649
2026/08/26 05:50:49.882, 160.03, 100, 6649
2026/08/26 05:50:50.882, 158.66, 98, 6649
2026/08/26 05:50:51.883, 159.57, 100, 6649
2026/08/26 05:50:52.883, 159.61, 100, 6649
2026/08/26 05:50:53.883, 158.78, 98, 6649
2026/08/26 05:50:54.883, 159.26, 100, 6649
2026/08/26 05:50:55.883, 159.59, 100, 6649
2026/08/26 05:50:56.883, 158.61, 98, 6649
2026/08/26 05:50:57.884, 160.08, 100, 6649
2026/08/26 05:50:58.884, 159.95, 100, 6649
2026/08/26 05:50:59.884, 158.64, 98, 6649
2026/08/26 05:51:00.884, 160.27, 100, 6649
2026/08/26 05:51:01.884, 159.74, 100, 6649
2026/08/26 05:51:02.884, 158.56, 98, 6649
2026/08/26 05:51:03.884, 159.34, 100, 6649
2026/08/26 05:51:04.885, 160.31, 100, 6649
2026/08/26 05:51:05.885, 158.47, 98, 6649
2026/08/26 05:51:06.885, 159.15, 100, 6649
2026/08/26 05:51:07.885, 159.51, 100, 6649
2026/08/26 05:51:08.885, 158.30, 98, 6649
2026/08/26 05:51:09.886, 159.34, 100, 6649
2026/08/26 05:51:10.886, 159.55, 100, 6649
2026/08/26 05:51:11.886, 158.58, 98, 6649
2026/08/26 05:51:12.886, 159.34, 100, 6649
2026/08/26 05:51:13.886, 160.19, 100, 6649
2026/08/26 05:51:14.886, 158.84, 98, 6649
2026/08/26 05:51:15.887, 159.93, 100, 6649
2026/08/26 05:51:16.887, 160.39, 100, 6649
2026/08/26 05:51:17.887, 158.79, 99, 6649
2026/08/26 05:51:18.887, 159.62, 100, 6649
2026/08/26 05:51:19.887, 160.20, 100, 6649
2026/08/26 05:51:20.887, 159.06, 100, 6649
2026/08/26 05:51:21.888, 159.06, 100, 6649
2026/08/26 05:51:22.888, 160.39, 100, 6649
2026/08/26 05:51:23.888, 159.45, 99, 6649
2026/08/26 05:51:24.888, 159.63, 100, 6649
2026/08/26 05:51:25.888, 159.93, 100, 6649
2026/08/26 05:51:26.889, 158.69, 99, 6649
2026/08/26 05:51:27.889, 159.37, 100, 6649
2026/08/26 05:51:28.889, 160.32, 100, 6649
2026/08/26 05:51:29.889, 158.72, 100, 6649
2026/08/26 05:51:30.889, 159.47, 100, 6649
2026/08/26 05:51:31.889, 159.74, 100, 6649
2026/08/26 05:51:32.890, 159.40, 100, 6649
2026/08/26 05:51:33.890, 159.60, 100, 6649
2026/08/26 05:51:34.890, 160.17, 100, 6649
2026/08/26 05:51:35.890, 159.15, 100, 6649
2026/08/26 05:51:36.890, 159.27, 100, 6649
2026/08/26 05:51:37.891, 160.04, 100, 6649
2026/08/26 05:51:38.891, 159.18, 100, 6649
2026/08/26 05:51:39.891, 159.57, 100, 6649
2026/08/26 05:51:40.891, 159.38, 100, 6649
2026/08/26 05:51:41.891, 159.41, 100, 6649
2026/08/26 05:51:42.900, 159.74, 100, 6649
2026/08/26 05:51:43.900, 158.98, 100, 6649
2026/08/26 05:51:44.900, 158.82, 100, 6649
2026/08/26 05:51:45.900, 159.82, 100, 6649
2026/08/26 05:51:46.901, 159.60, 100, 6649
2026/08/26 05:51:47.901, 158.51, 100, 6649
2026/08/26 05:51:48.901, 160.06, 100, 6649
2026/08/26 05:51:49.901, 159.24, 100, 6649
2026/08/26 05:51:50.901, 159.23, 100, 6649
2026/08/26 05:51:51.901, 159.81, 100, 6649
2026/08/26 05:51:52.902, 159.46, 100, 6649
2026/08/26 05:51:53.902, 159.00, 100, 6649
2026/08/26 05:51:54.902, 159.80, 100, 6649
2026/08/26 05:51:55.902, 159.13, 100, 6649
2026/08/26 05:51:56.902, 158.94, 100, 6649
2026/08/26 05:51:57.902, 159.71, 100, 6649
2026/08/26 05:51:58.903, 159.52, 100, 6649
2026/08/26 05:51:59.903, 158.93, 98, 6649
2026/08/26 05:52:00.903, 159.47, 100, 6649
2026/08/26 05:52:01.903, 158.97, 100, 6649
2026/08/26 05:52:02.903, 158.87, 98, 6649
2026/08/26 05:52:03.903, 159.34, 100, 6649
2026/08/26 05:52:04.904, 159.38, 100, 6649
2026/08/26 05:52:05.904, 158.78, 98, 6649
2026/08/26 05:52:06.904, 159.43, 100, 6649
2026/08/26 05:52:07.904, 159.18, 100, 6649
2026/08/26 05:52:08.904, 158.61, 98, 6649
2026/08/26 05:52:09.904, 159.95, 100, 6649
2026/08/26 05:52:10.905, 159.40, 100, 6649
2026/08/26 05:52:11.905, 158.90, 98, 6649
2026/08/26 05:52:12.914, 159.84, 100, 6649
2026/08/26 05:52:13.914, 160.05, 100, 6649
2026/08/26 05:52:14.914, 158.61, 98, 6649
2026/08/26 05:52:15.914, 159.92, 100, 6649
2026/08/26 05:52:16.914, 159.60, 100, 6649
2026/08/26 05:52:17.914, 159.35, 98, 6649
2026/08/26 05:52:18.915, 159.79, 100, 6649
2026/08/26 05:52:19.915, 159.99, 100, 6649
2026/08/26 05:52:20.915, 158.73, 98, 6649
2026/08/26 05:52:21.915, 159.70, 100, 6649
2026/08/26 05:52:22.915, 159.37, 100, 6649
2026/08/26 05:52:23.915, 158.96, 98, 6649
2026/08/26 05:52:24.916, 160.43, 100, 6649
2026/08/26 05:52:25.916, 160.16, 100, 6649
2026/08/26 05:52:26.916, 158.86, 98, 6649
2026/08/26 05:52:27.916, 159.66, 100, 6649
2026/08/26 05:52:28.916, 159.51, 100, 6649
2026/08/26 05:52:29.916, 158.97, 98, 6649
2026/08/26 05:52:30.917, 159.63, 100, 6649
2026/08/26 05:52:31.917, 159.34, 100, 6649
2026/08/26 05:52:32.917, 158.99, 98, 6649
2026/08/26 05:52:33.917, 159.86, 100, 6649
2026/08/26 05:52:34.917, 159.89, 100, 6649
2026/08/26 05:52:35.917, 158.84, 98, 6649
2026/08/26 05:52:36.918, 159.63, 100, 6649
2026/08/26 05:52:37.918, 160.30, 100, 6649
2026/08/26 05:52:38.918, 158.93, 98, 6649
2026/08/26 05:52:39.918, 159.90, 100, 6649
2026/08/26 05:52:40.918, 159.61, 100, 6649
2026/08/26 05:52:41.919, 158.95, 98, 6649
2026/08/26 05:52:42.919, 159.63, 100, 6649
2026/08/26 05:52:43.919, 159.98, 100, 6649
2026/08/26 05:52:44.919, 159.08, 98, 6649
2026/08/26 05:52:45.919, 159.54, 100, 6649
2026/08/26 05:52:46.919, 159.69, 100, 6649
2026/08/26 05:52:47.920, 158.82, 98, 6649
2026/08/26 05:52:48.920, 159.55, 100, 6649
2026/08/26 05:52:49.920, 159.54, 100, 6649
2026/08/26 05:52:50.920, 158.77, 98, 6649
2026/08/26 05:52:51.920, 160.22, 100, 6649
2026/08/26 05:52:52.920, 160.21, 100, 6649
2026/08/26 05:52:53.920, 159.06, 98, 6649
2026/08/26 05:52:54.921, 159.69, 100, 6649
2026/08/26 05:52:55.921, 160.09, 100, 6649
2026/08/26 05:52:56.921, 158.57, 98, 6649
2026/08/26 05:52:57.921, 159.90, 100, 6649
2026/08/26 05:52:58.921, 159.60, 100, 6649
2026/08/26 05:52:59.921, 158.72, 98, 6649
2026/08/26 05:53:00.922, 159.63, 100, 6649
2026/08/26 05:53:01.922, 160.22, 100, 6649
2026/08/26 05:53:02.922, 158.72, 98, 6649
2026/08/26 05:53:03.922, 159.63, 100, 6649
2026/08/26 05:53:04.922, 160.16, 100, 6649
2026/08/26 05:53:05.922, 158.55, 98, 6649
2026/08/26 05:53:06.923, 159.60, 100, 6649
2026/08/26 05:53:07.923, 160.19, 100, 6649
2026/08/26 05:53:08.923, 158.73, 98, 6649
2026/08/26 05:53:09.923, 159.68, 100, 6649
2026/08/26 05:53:10.923, 160.05, 100, 6649
2026/08/26 05:53:11.923, 158.43, 98, 6649
2026/08/26 05:53:12.924, 159.58, 100, 6649
2026/08/26 05:53:13.924, 159.85, 100, 6649
2026/08/26 05:53:14.924, 158.70, 98, 6649
2026/08/26 05:53:15.924, 159.37, 100, 6649
2026/08/26 05:53:16.924, 159.62, 100, 6649
2026/08/26 05:53:17.925, 158.31, 98, 6649
2026/08/26 05:53:18.925, 159.33, 100, 6649
2026/08/26 05:53:19.925, 160.26, 100, 6649
2026/08/26 05:53:20.925, 158.43, 98, 6649
2026/08/26 05:53:21.925, 159.09, 100, 6649
2026/08/26 05:53:22.925, 159.91, 100, 6649
2026/08/26 05:53:23.926, 158.55, 98, 6649
2026/08/26 05:53:24.926, 159.26, 100, 6649
2026/08/26 05:53:25.926, 159.74, 100, 6649
2026/08/26 05:53:26.926, 158.41, 98, 6649
2026/08/26 05:53:27.926, 159.51, 100, 6649
2026/08/26 05:53:28.927, 159.83, 100, 6649
2026/08/26 05:53:29.927, 158.48, 98, 6649
2026/08/26 05:53:30.927, 159.29, 100, 6649
2026/08/26 05:53:31.927, 159.74, 100, 6649
2026/08/26 05:53:32.927, 158.80, 98, 6649
2026/08/26 05:53:33.927, 159.65, 100, 6649
2026/08/26 05:53:34.928, 159.82, 100, 6649
2026/08/26 05:53:35.928, 158.85, 98, 6649
2026/08/26 05:53:36.928, 159.37, 100, 6649
2026/08/26 05:53:37.928, 159.96, 100, 6649
2026/08/26 05:53:38.928, 159.13, 98, 6649
2026/08/26 05:53:39.928, 159.35, 100, 6649
2026/08/26 05:53:40.929, 159.73, 100, 6649
2026/08/26 05:53:41.929, 159.20, 100, 6649
2026/08/26 05:53:42.929, 159.26, 100, 6649
2026/08/26 05:53:43.938, 160.35, 100, 6649
2026/08/26 05:53:44.938, 159.43, 99, 6649
2026/08/26 05:53:45.938, 159.77, 100, 6649
2026/08/26 05:53:46.938, 159.81, 100, 6649
2026/08/26 05:53:47.938, 159.14, 100, 6649
2026/08/26 05:53:48.938, 159.85, 100, 6649
2026/08/26 05:53:49.939, 160.45, 100, 6649
2026/08/26 05:53:50.939, 159.23, 100, 6649
2026/08/26 05:53:51.939, 160.25, 100, 6649
2026/08/26 05:53:52.939, 160.55, 100, 6649
2026/08/26 05:53:53.939, 159.94, 100, 6649
2026/08/26 05:53:54.939, 163.20, 100, 6649
2026/08/26 05:53:55.940, 163.24, 100, 6649
2026/08/26 05:53:56.940, 163.06, 99, 6649
2026/08/26 05:53:57.940, 163.09, 100, 6649
2026/08/26 05:53:58.940, 163.16, 100, 6649
2026/08/26 05:53:59.940, 163.28, 100, 6649
2026/08/26 05:54:00.940, 163.31, 100, 6649
2026/08/26 05:54:01.941, 163.20, 100, 6649
2026/08/26 05:54:02.941, 163.22, 100, 6649
2026/08/26 05:54:03.941, 163.29, 100, 6649
2026/08/26 05:54:04.941, 163.12, 100, 6649
2026/08/26 05:54:05.941, 163.44, 100, 6649
2026/08/26 05:54:06.941, 163.29, 100, 6649
2026/08/26 05:54:07.942, 163.30, 100, 6649
2026/08/26 05:54:08.942, 163.24, 99, 6649
2026/08/26 05:54:09.942, 163.32, 100, 6649
2026/08/26 05:54:10.942, 163.17, 100, 6649
2026/08/26 05:54:11.942, 163.28, 100, 6649
2026/08/26 05:54:12.942, 163.05, 100, 6649
2026/08/26 05:54:13.951, 162.47, 100, 6649
2026/08/26 05:54:14.951, 162.96, 99, 6649
2026/08/26 05:54:15.951, 163.20, 100, 6649
2026/08/26 05:54:16.952, 163.14, 100, 6649
2026/08/26 05:54:17.952, 162.76, 100, 6649
2026/08/26 05:54:18.952, 162.83, 100, 6649
2026/08/26 05:54:19.952, 162.89, 100, 6649
2026/08/26 05:54:20.952, 163.23, 99, 6649
2026/08/26 05:54:21.952, 162.87, 100, 6649
2026/08/26 05:54:22.953, 162.69, 100, 6649
2026/08/26 05:54:23.953, 162.71, 99, 6649
2026/08/26 05:54:24.953, 162.85, 100, 6649
2026/08/26 05:54:25.953, 162.62, 100, 6649
2026/08/26 05:54:26.953, 162.63, 100, 6649
2026/08/26 05:54:27.953, 162.66, 100, 6649
2026/08/26 05:54:28.953, 162.50, 100, 6649
2026/08/26 05:54:29.954, 162.70, 100, 6649
2026/08/26 05:54:30.954, 162.71, 100, 6649
2026/08/26 05:54:31.954, 162.82, 100, 6649
2026/08/26 05:54:32.954, 162.67, 100, 6649
2026/08/26 05:54:33.954, 162.79, 100, 6649
2026/08/26 05:54:34.954, 162.68, 99, 6649
2026/08/26 05:54:35.954, 162.70, 100, 6649
2026/08/26 05:54:36.955, 162.55, 100, 6649
2026/08/26 05:54:37.955, 162.81, 100, 6649
2026/08/26 05:54:38.955, 162.85, 100, 6649
2026/08/26 05:54:39.955, 162.75, 100, 6649
2026/08/26 05:54:40.955, 162.82, 100, 6649
2026/08/26 05:54:41.955, 162.64, 100, 6649
2026/08/26 05:54:42.956, 162.77, 100, 6649
2026/08/26 05:54:43.956, 162.95, 100, 6649
2026/08/26 05:54:44.956, 162.88, 100, 6649
2026/08/26 05:54:45.956, 162.91, 100, 6649
2026/08/26 05:54:46.956, 162.83, 99, 6649
2026/08/26 05:54:47.956, 162.98, 100, 6649
2026/08/26 05:54:48.957, 162.74, 100, 6649
2026/08/26 05:54:49.957, 162.80, 99, 6649
2026/08/26 05:54:50.957, 162.89, 100, 6649
2026/08/26 05:54:51.957, 162.74, 100, 6649
2026/08/26 05:54:52.957, 162.82, 100, 6649
2026/08/26 05:54:53.957, 162.84, 100, 6649
2026/08/26 05:54:54.958, 162.77, 100, 6649
2026/08/26 05:54:55.958, 162.83, 100, 6649
2026/08/26 05:54:56.958, 162.93, 100, 6649
2026/08/26 05:54:57.958, 162.63, 100, 6649
2026/08/26 05:54:58.958, 162.50, 100, 6649
2026/08/26 05:54:59.958, 162.82, 100, 6649
2026/08/26 05:55:00.959, 162.54, 100, 6649
2026/08/26 05:55:01.959, 162.74, 99, 6649
2026/08/26 05:55:02.959, 163.03, 100, 6649
2026/08/26 05:55:03.959, 162.63, 99, 6649
2026/08/26 05:55:04.959, 162.97, 99, 6649
2026/08/26 05:55:05.959, 162.93, 100, 6649
2026/08/26 05:55:06.960, 163.02, 99, 6649
2026/08/26 05:55:07.960, 162.96, 100, 6649
2026/08/26 05:55:08.960, 162.98, 100, 6649
2026/08/26 05:55:09.960, 162.95, 100, 6649
2026/08/26 05:55:10.960, 162.88, 100, 6649
2026/08/26 05:55:11.960, 162.87, 100, 6649
2026/08/26 05:55:12.961, 162.92, 100, 6649
2026/08/26 05:55:13.961, 163.03, 100, 6649
2026/08/26 05:55:14.961, 162.80, 100, 6649
2026/08/26 05:55:15.961, 162.80, 99, 6649
2026/08/26 05:55:16.961, 162.67, 100, 6649
2026/08/26 05:55:17.961, 162.85, 100, 6649
2026/08/26 05:55:18.962, 162.86, 100, 6649
2026/08/26 05:55:19.962, 162.97, 100, 6649
2026/08/26 05:55:20.962, 162.65, 100, 6649
2026/08/26 05:55:21.962, 162.84, 99, 6649
2026/08/26 05:55:22.962, 162.73, 100, 6649
2026/08/26 05:55:23.962, 162.79, 100, 6649
2026/08/26 05:55:24.963, 162.55, 99, 6649
2026/08/26 05:55:25.963, 162.33, 100, 6649
2026/08/26 05:55:26.963, 162.54, 100, 6649
2026/08/26 05:55:27.963, 162.53, 100, 6649
2026/08/26 05:55:28.963, 162.58, 100, 6649
2026/08/26 05:55:29.963, 155.75, 100, 6649
2026/08/26 05:55:30.964, 159.52, 100, 6649
2026/08/26 05:55:31.964, 158.87, 98, 6649
2026/08/26 05:55:32.964, 159.68, 100, 6649
2026/08/26 05:55:33.964, 160.06, 100, 6649
2026/08/26 05:55:34.964, 159.32, 98, 6649
2026/08/26 05:55:35.965, 159.89, 100, 6649
2026/08/26 05:55:36.965, 159.64, 100, 6649
2026/08/26 05:55:37.965, 159.45, 98, 6649
2026/08/26 05:55:38.965, 160.70, 100, 6649
2026/08/26 05:55:39.965, 160.11, 100, 6649
2026/08/26 05:55:40.965, 158.91, 98, 6649
2026/08/26 05:55:41.965, 159.45, 100, 6649
2026/08/26 05:55:42.966, 160.62, 100, 6649
2026/08/26 05:55:43.966, 159.39, 98, 6649
2026/08/26 05:55:44.966, 159.82, 100, 6649
2026/08/26 05:55:45.966, 159.65, 100, 6649
2026/08/26 05:55:46.966, 159.18, 98, 6649
2026/08/26 05:55:47.967, 159.63, 100, 6649
2026/08/26 05:55:48.967, 159.89, 100, 6649
2026/08/26 05:55:49.967, 158.96, 98, 6649
2026/08/26 05:55:50.967, 159.85, 100, 6649
2026/08/26 05:55:51.967, 160.05, 100, 6649
2026/08/26 05:55:52.967, 158.90, 98, 6649
2026/08/26 05:55:53.968, 159.75, 100, 6649
2026/08/26 05:55:54.968, 159.49, 100, 6649
2026/08/26 05:55:55.968, 158.62, 98, 6649
2026/08/26 05:55:56.968, 159.62, 100, 6649
2026/08/26 05:55:57.968, 159.48, 100, 6649
2026/08/26 05:55:58.968, 158.66, 98, 6649
2026/08/26 05:55:59.969, 159.40, 100, 6649
2026/08/26 05:56:00.969, 160.45, 100, 6649
2026/08/26 05:56:01.969, 157.79, 98, 6649
2026/08/26 05:56:02.969, 159.39, 100, 6649
2026/08/26 05:56:03.969, 160.00, 100, 6649
2026/08/26 05:56:04.969, 158.62, 98, 6649
2026/08/26 05:56:05.970, 159.77, 100, 6649
2026/08/26 05:56:06.970, 159.58, 100, 6649
2026/08/26 05:56:07.970, 158.66, 98, 6649
2026/08/26 05:56:08.970, 159.40, 100, 6649
2026/08/26 05:56:09.970, 159.74, 100, 6649
2026/08/26 05:56:10.970, 158.63, 98, 6649
2026/08/26 05:56:11.971, 159.38, 100, 6649
2026/08/26 05:56:12.971, 159.73, 100, 6649
2026/08/26 05:56:13.971, 158.60, 98, 6649
2026/08/26 05:56:14.971, 158.44, 100, 6649
2026/08/26 05:56:15.971, 160.24, 100, 6649
2026/08/26 05:56:16.971, 159.19, 98, 6649
2026/08/26 05:56:17.972, 160.09, 100, 6649
2026/08/26 05:56:18.972, 160.10, 100, 6649
2026/08/26 05:56:19.972, 158.98, 98, 6649
2026/08/26 05:56:20.972, 160.43, 100, 6649
2026/08/26 05:56:21.972, 160.22, 100, 6649
2026/08/26 05:56:22.972, 158.71, 98, 6649
2026/08/26 05:56:23.972, 160.43, 100, 6649
2026/08/26 05:56:24.973, 160.47, 100, 6649
2026/08/26 05:56:25.973, 158.47, 98, 6649
2026/08/26 05:56:26.973, 159.46, 100, 6649
2026/08/26 05:56:27.973, 160.03, 100, 6649
2026/08/26 05:56:28.973, 159.06, 98, 6649
2026/08/26 05:56:29.974, 160.38, 100, 6649
2026/08/26 05:56:30.974, 159.92, 100, 6649
2026/08/26 05:56:31.974, 158.96, 98, 6649
2026/08/26 05:56:32.974, 159.93, 100, 6649
2026/08/26 05:56:33.974, 160.13, 100, 6649
2026/08/26 05:56:34.974, 158.99, 99, 6649
2026/08/26 05:56:35.975, 159.33, 100, 6649
2026/08/26 05:56:36.975, 160.04, 100, 6649
2026/08/26 05:56:37.975, 159.29, 100, 6649
2026/08/26 05:56:38.975, 159.65, 100, 6649
2026/08/26 05:56:39.975, 160.12, 100, 6649
2026/08/26 05:56:40.975, 159.25, 100, 6649
2026/08/26 05:56:41.976, 159.16, 100, 6649
2026/08/26 05:56:42.976, 159.95, 100, 6649
2026/08/26 05:56:43.976, 159.31, 100, 6649
2026/08/26 05:56:44.985, 159.36, 100, 6649
2026/08/26 05:56:45.985, 160.38, 100, 6649
2026/08/26 05:56:46.985, 158.84, 100, 6649
2026/08/26 05:56:47.985, 159.50, 100, 6649
2026/08/26 05:56:48.985, 160.59, 100, 6649
2026/08/26 05:56:49.985, 159.91, 100, 6649
2026/08/26 05:56:50.986, 159.29, 100, 6649
2026/08/26 05:56:51.986, 160.52, 100, 6649
2026/08/26 05:56:52.986, 159.16, 100, 6649
2026/08/26 05:56:53.986, 159.02, 100, 6649
2026/08/26 05:56:54.986, 160.54, 100, 6649
2026/08/26 05:56:55.986, 159.01, 100, 6649
2026/08/26 05:56:56.987, 159.25, 100, 6649
2026/08/26 05:56:57.987, 160.80, 100, 6649
2026/08/26 05:56:58.987, 159.52, 100, 6649
2026/08/26 05:56:59.987, 159.23, 100, 6649
2026/08/26 05:57:00.987, 159.92, 100, 6649
2026/08/26 05:57:01.987, 159.29, 100, 6649
2026/08/26 05:57:02.988, 159.13, 100, 6649
2026/08/26 05:57:03.988, 160.08, 100, 6649
2026/08/26 05:57:04.988, 159.12, 100, 6649
2026/08/26 05:57:05.988, 159.05, 100, 6649
2026/08/26 05:57:06.988, 160.41, 100, 6649
2026/08/26 05:57:07.989, 159.30, 100, 6649
2026/08/26 05:57:08.989, 159.13, 100, 6649
2026/08/26 05:57:09.989, 160.03, 100, 6649
2026/08/26 05:57:10.989, 159.30, 100, 6649
2026/08/26 05:57:11.989, 159.11, 100, 6649
2026/08/26 05:57:12.989, 160.12, 100, 6649
2026/08/26 05:57:13.990, 159.56, 100, 6649
2026/08/26 05:57:14.990, 158.88, 100, 6649
2026/08/26 05:57:15.990, 160.04, 100, 6649
2026/08/26 05:57:16.990, 159.48, 100, 6649
2026/08/26 05:57:17.990, 159.00, 100, 6649
2026/08/26 05:57:18.990, 160.34, 100, 6649
2026/08/26 05:57:19.991, 159.30, 100, 6649
2026/08/26 05:57:20.991, 159.22, 100, 6649
2026/08/26 05:57:21.991, 160.26, 100, 6649
2026/08/26 05:57:22.991, 159.23, 100, 6649
2026/08/26 05:57:23.991, 158.77, 100, 6649
2026/08/26 05:57:24.991, 159.90, 100, 6649
2026/08/26 05:57:25.992, 159.76, 100, 6649
2026/08/26 05:57:26.992, 159.40, 99, 6649
2026/08/26 05:57:27.992, 160.09, 100, 6649
2026/08/26 05:57:28.992, 159.36, 100, 6649
2026/08/26 05:57:29.992, 159.19, 99, 6649
2026/08/26 05:57:30.992, 160.21, 100, 6649
2026/08/26 05:57:31.993, 159.25, 100, 6649
2026/08/26 05:57:32.993, 158.99, 98, 6649
2026/08/26 05:57:33.993, 159.96, 100, 6649
2026/08/26 05:57:34.993, 159.23, 100, 6649
2026/08/26 05:57:35.993, 159.37, 98, 6649
2026/08/26 05:57:36.994, 159.96, 100, 6649
2026/08/26 05:57:37.994, 159.71, 100, 6649
2026/08/26 05:57:38.994, 158.92, 98, 6649
2026/08/26 05:57:39.994, 159.87, 100, 6649
2026/08/26 05:57:40.994, 159.65, 100, 6649
2026/08/26 05:57:41.995, 160.44, 99, 6649
2026/08/26 05:57:42.995, 160.35, 100, 6649
2026/08/26 05:57:43.995, 158.90, 100, 6649
2026/08/26 05:57:44.995, 158.57, 99, 6649
2026/08/26 05:57:45.995, 158.80, 100, 6649
2026/08/26 05:57:46.995, 159.58, 100, 6649
2026/08/26 05:57:47.996, 159.10, 98, 6649
2026/08/26 05:57:48.996, 159.99, 100, 6649
2026/08/26 05:57:49.996, 159.23, 100, 6649
2026/08/26 05:57:50.996, 158.74, 98, 6649
2026/08/26 05:57:51.996, 160.17, 100, 6649
2026/08/26 05:57:52.996, 159.23, 100, 6649
2026/08/26 05:57:53.997, 159.07, 98, 6649
2026/08/26 05:57:54.997, 160.06, 100, 6649
2026/08/26 05:57:55.997, 159.46, 100, 6649
2026/08/26 05:57:56.997, 158.43, 98, 6649
2026/08/26 05:57:57.997, 160.19, 100, 6649
2026/08/26 05:57:58.997, 159.20, 100, 6649
2026/08/26 05:57:59.998, 158.94, 98, 6649
2026/08/26 05:58:00.998, 160.36, 100, 6649
2026/08/26 05:58:01.998, 159.51, 100, 6649
2026/08/26 05:58:02.998, 159.02, 98, 6649
2026/08/26 05:58:03.998, 159.76, 100, 6649
2026/08/26 05:58:04.998, 159.33, 100, 6649
2026/08/26 05:58:05.999, 158.82, 98, 6649
2026/08/26 05:58:06.999, 159.63, 100, 6649
2026/08/26 05:58:07.999, 159.40, 100, 6649
2026/08/26 05:58:08.999, 158.35, 98, 6649
2026/08/26 05:58:09.999, 159.93, 100, 6649
2026/08/26 05:58:11.000, 159.63, 100, 6649
2026/08/26 05:58:12.000, 158.85, 98, 6649
2026/08/26 05:58:13.000, 159.55, 100, 6649
2026/08/26 05:58:14.000, 159.31, 100, 6649
2026/08/26 05:58:15.000, 159.13, 98, 6649
2026/08/26 05:58:16.009, 159.58, 100, 6649
2026/08/26 05:58:17.009, 159.43, 100, 6649
2026/08/26 05:58:18.009, 159.01, 98, 6649
2026/08/26 05:58:19.009, 159.76, 100, 6649
2026/08/26 05:58:20.009, 159.30, 100, 6649
2026/08/26 05:58:21.010, 158.78, 98, 6649
2026/08/26 05:58:22.010, 159.53, 100, 6649
2026/08/26 05:58:23.010, 159.37, 100, 6649
2026/08/26 05:58:24.010, 158.56, 98, 6649
2026/08/26 05:58:25.010, 159.52, 100, 6649
2026/08/26 05:58:26.010, 159.33, 100, 6649
2026/08/26 05:58:27.011, 158.60, 98, 6649
2026/08/26 05:58:28.011, 159.50, 100, 6649
2026/08/26 05:58:29.011, 159.34, 100, 6649
2026/08/26 05:58:30.011, 158.43, 98, 6649
2026/08/26 05:58:31.011, 159.16, 100, 6649
2026/08/26 05:58:32.020, 159.49, 100, 6649
2026/08/26 05:58:33.020, 158.43, 98, 6649
2026/08/26 05:58:34.020, 159.24, 100, 6649
2026/08/26 05:58:35.020, 159.53, 100, 6649
2026/08/26 05:58:36.021, 158.40, 98, 6649
2026/08/26 05:58:37.021, 159.32, 100, 6649
2026/08/26 05:58:38.021, 159.51, 100, 6649
2026/08/26 05:58:39.021, 158.48, 98, 6649
2026/08/26 05:58:40.021, 159.32, 100, 6649
2026/08/26 05:58:41.021, 159.99, 100, 6649
2026/08/26 05:58:42.022, 158.34, 98, 6649
2026/08/26 05:58:43.022, 160.07, 100, 6649
2026/08/26 05:58:44.022, 160.12, 100, 6649
2026/08/26 05:58:45.022, 158.78, 98, 6649
2026/08/26 05:58:46.031, 158.46, 100, 6649
2026/08/26 05:58:47.031, 162.71, 99, 6649
2026/08/26 05:58:48.031, 163.72, 100, 6649
2026/08/26 05:58:49.031, 163.91, 100, 6649
2026/08/26 05:58:50.031, 164.03, 100, 6649
2026/08/26 05:58:51.032, 164.12, 100, 6649
2026/08/26 05:58:52.032, 164.19, 100, 6649
2026/08/26 05:58:53.032, 164.30, 100, 6649
2026/08/26 05:58:54.032, 164.04, 100, 6649
2026/08/26 05:58:55.032, 163.88, 100, 6649
2026/08/26 05:58:56.032, 164.08, 100, 6649
2026/08/26 05:58:57.033, 164.15, 100, 6649
2026/08/26 05:58:58.033, 164.25, 100, 6649
2026/08/26 05:58:59.033, 163.99, 100, 6649
2026/08/26 05:59:00.033, 164.09, 100, 6649
2026/08/26 05:59:01.033, 164.30, 100, 6649
2026/08/26 05:59:02.033, 164.24, 100, 6649
2026/08/26 05:59:03.034, 164.09, 100, 6649
2026/08/26 05:59:04.034, 163.47, 100, 6649
2026/08/26 05:59:05.034, 162.41, 100, 6649
2026/08/26 05:59:06.034, 162.51, 100, 6649
2026/08/26 05:59:07.034, 163.90, 100, 6649
2026/08/26 05:59:08.034, 163.85, 100, 6649
2026/08/26 05:59:09.035, 163.60, 100, 6649
2026/08/26 05:59:10.035, 162.57, 100, 6649
2026/08/26 05:59:11.035, 162.77, 100, 6649
2026/08/26 05:59:12.035, 162.70, 100, 6649
2026/08/26 05:59:13.035, 162.54, 99, 6649
2026/08/26 05:59:14.035, 162.65, 100, 6649
2026/08/26 05:59:15.036, 162.61, 100, 6649
2026/08/26 05:59:16.036, 162.30, 99, 6649
2026/08/26 05:59:17.036, 162.28, 100, 6649
2026/08/26 05:59:18.036, 162.64, 100, 6649
2026/08/26 05:59:19.036, 162.57, 100, 6649
2026/08/26 05:59:20.036, 162.49, 100, 6649
2026/08/26 05:59:21.037, 162.71, 100, 6649
2026/08/26 05:59:22.037, 162.54, 100, 6649
2026/08/26 05:59:23.037, 162.50, 100, 6649
2026/08/26 05:59:24.037, 162.61, 100, 6649
2026/08/26 05:59:25.037, 162.37, 99, 6649
2026/08/26 05:59:26.037, 162.27, 100, 6649
2026/08/26 05:59:27.038, 162.55, 99, 6649
2026/08/26 05:59:28.038, 162.73, 100, 6649
2026/08/26 05:59:29.038, 162.70, 100, 6649
2026/08/26 05:59:30.038, 162.59, 99, 6649
2026/08/26 05:59:31.038, 162.76, 100, 6649
2026/08/26 05:59:32.038, 162.92, 100, 6649
2026/08/26 05:59:33.039, 162.83, 99, 6649
2026/08/26 05:59:34.039, 162.77, 100, 6649
2026/08/26 05:59:35.039, 162.68, 100, 6649
2026/08/26 05:59:36.039, 162.74, 100, 6649
2026/08/26 05:59:37.039, 162.77, 100, 6649
2026/08/26 05:59:38.039, 162.67, 100, 6649
2026/08/26 05:59:39.040, 162.59, 99, 6649
2026/08/26 05:59:40.040, 162.45, 100, 6649
2026/08/26 05:59:41.040, 162.46, 100, 6649
2026/08/26 05:59:42.040, 162.63, 100, 6649
2026/08/26 05:59:43.040, 162.62, 100, 6649
2026/08/26 05:59:44.040, 162.69, 100, 6649
2026/08/26 05:59:45.041, 162.54, 100, 6649
2026/08/26 05:59:46.041, 162.64, 99, 6649
2026/08/26 05:59:47.041, 162.63, 100, 6649
2026/08/26 05:59:48.041, 162.68, 100, 6649
2026/08/26 05:59:49.041, 162.60, 99, 6649
2026/08/26 05:59:50.042, 162.71, 100, 6649
2026/08/26 05:59:51.042, 162.67, 100, 6649
2026/08/26 05:59:52.042, 162.56, 100, 6649
2026/08/26 05:59:53.042, 162.68, 100, 6649
2026/08/26 05:59:54.042, 162.65, 100, 6649
2026/08/26 05:59:55.042, 162.60, 99, 6649
2026/08/26 05:59:56.043, 162.52, 100, 6649
2026/08/26 05:59:57.043, 162.51, 100, 6649
2026/08/26 05:59:58.043, 162.54, 100, 6649
2026/08/26 05:59:59.043, 162.63, 100, 6649
2026/08/26 06:00:00.043, 162.52, 100, 6649
2026/08/26 06:00:01.043, 162.50, 99, 6649
2026/08/26 06:00:02.044, 162.72, 100, 6649
2026/08/26 06:00:03.044, 162.65, 100, 6649
2026/08/26 06:00:04.044, 162.62, 100, 6649
2026/08/26 06:00:05.044, 162.39, 100, 6649
2026/08/26 06:00:06.044, 162.60, 100, 6649
2026/08/26 06:00:07.044, 162.57, 100, 6649
2026/08/26 06:00:08.045, 162.49, 100, 6649
2026/08/26 06:00:09.045, 162.31, 100, 6649
2026/08/26 06:00:10.045, 162.64, 100, 6649
2026/08/26 06:00:11.045, 162.76, 100, 6649
2026/08/26 06:00:12.045, 162.71, 100, 6649
2026/08/26 06:00:13.045, 162.71, 100, 6649
2026/08/26 06:00:14.046, 162.38, 100, 6649
2026/08/26 06:00:15.046, 162.72, 99, 6649
2026/08/26 06:00:16.046, 162.56, 100, 6649
2026/08/26 06:00:17.055, 162.70, 100, 6649
2026/08/26 06:00:18.055, 162.43, 100, 6649
2026/08/26 06:00:19.055, 162.64, 100, 6649
2026/08/26 06:00:20.055, 162.58, 100, 6649
2026/08/26 06:00:21.055, 162.57, 100, 6649
2026/08/26 06:00:22.056, 156.56, 100, 6649
2026/08/26 06:00:23.056, 160.24, 100, 6649
2026/08/26 06:00:24.056, 158.77, 98, 6649
2026/08/26 06:00:25.056, 159.77, 100, 6649
2026/08/26 06:00:26.056, 160.21, 100, 6649
2026/08/26 06:00:27.056, 158.57, 98, 6649
2026/08/26 06:00:28.057, 159.77, 100, 6649
2026/08/26 06:00:29.057, 159.59, 100, 6649
2026/08/26 06:00:30.057, 158.41, 98, 6649
2026/08/26 06:00:31.057, 160.14, 100, 6649
2026/08/26 06:00:32.057, 160.19, 100, 6649
2026/08/26 06:00:33.057, 158.58, 98, 6649
2026/08/26 06:00:34.058, 159.73, 100, 6649
2026/08/26 06:00:35.058, 159.94, 100, 6649
2026/08/26 06:00:36.058, 158.94, 98, 6649
2026/08/26 06:00:37.058, 160.26, 100, 6649
2026/08/26 06:00:38.058, 160.18, 100, 6649
2026/08/26 06:00:39.059, 158.51, 98, 6649
2026/08/26 06:00:40.059, 160.24, 100, 6649
2026/08/26 06:00:41.059, 160.07, 100, 6649
2026/08/26 06:00:42.059, 158.24, 100, 6649
2026/08/26 06:00:43.059, 159.51, 100, 6649
2026/08/26 06:00:44.059, 160.56, 100, 6649
2026/08/26 06:00:45.060, 159.40, 100, 6649
2026/08/26 06:00:46.060, 159.44, 100, 6649
2026/08/26 06:00:47.060, 159.81, 100, 6649
2026/08/26 06:00:48.060, 159.46, 100, 6649
2026/08/26 06:00:49.060, 159.08, 100, 6649
2026/08/26 06:00:50.060, 159.86, 100, 6649
2026/08/26 06:00:51.061, 158.95, 100, 6649
2026/08/26 06:00:52.061, 159.35, 100, 6649
2026/08/26 06:00:53.061, 159.78, 100, 6649
2026/08/26 06:00:54.061, 159.34, 100, 6649
2026/08/26 06:00:55.061, 159.35, 100, 6649
2026/08/26 06:00:56.061, 160.05, 100, 6649
2026/08/26 06:00:57.062, 159.57, 100, 6649
2026/08/26 06:00:58.062, 159.38, 100, 6649
2026/08/26 06:00:59.062, 160.76, 100, 6649
2026/08/26 06:01:00.062, 158.82, 100, 6649
2026/08/26 06:01:01.062, 159.17, 100, 6649
2026/08/26 06:01:02.062, 160.32, 100, 6649
2026/08/26 06:01:03.063, 158.82, 100, 6649
2026/08/26 06:01:04.063, 159.20, 100, 6649
2026/08/26 06:01:05.063, 160.12, 100, 6649
2026/08/26 06:01:06.063, 159.26, 100, 6649
2026/08/26 06:01:07.063, 158.94, 100, 6649
2026/08/26 06:01:08.064, 160.03, 100, 6649
2026/08/26 06:01:09.064, 159.16, 100, 6649
2026/08/26 06:01:10.064, 159.06, 100, 6649
2026/08/26 06:01:11.064, 160.67, 100, 6649
2026/08/26 06:01:12.064, 160.00, 100, 6649
2026/08/26 06:01:13.065, 159.64, 100, 6649
2026/08/26 06:01:14.065, 160.30, 100, 6649
2026/08/26 06:01:15.065, 159.46, 100, 6649
2026/08/26 06:01:16.065, 158.99, 100, 6649
2026/08/26 06:01:17.074, 160.55, 100, 6649
2026/08/26 06:01:18.074, 158.84, 100, 6649
2026/08/26 06:01:19.074, 158.70, 100, 6649
2026/08/26 06:01:20.074, 159.97, 100, 6649
2026/08/26 06:01:21.074, 159.51, 100, 6649
2026/08/26 06:01:22.075, 158.72, 100, 6649
2026/08/26 06:01:23.075, 160.19, 100, 6649
2026/08/26 06:01:24.075, 159.13, 100, 6649
2026/08/26 06:01:25.075, 159.27, 100, 6649
2026/08/26 06:01:26.075, 159.95, 100, 6649
2026/08/26 06:01:27.076, 159.01, 100, 6649
2026/08/26 06:01:28.076, 159.01, 99, 6649
2026/08/26 06:01:29.076, 160.68, 100, 6649
2026/08/26 06:01:30.076, 159.53, 100, 6649
2026/08/26 06:01:31.076, 159.10, 99, 6649
2026/08/26 06:01:32.076, 159.58, 100, 6649
2026/08/26 06:01:33.077, 159.40, 100, 6649
2026/08/26 06:01:34.077, 159.06, 98, 6649
2026/08/26 06:01:35.077, 158.79, 100, 6649
2026/08/26 06:01:36.077, 159.06, 100, 6649
2026/08/26 06:01:37.077, 159.10, 98, 6649
2026/08/26 06:01:38.078, 159.77, 100, 6649
2026/08/26 06:01:39.078, 159.65, 100, 6649
2026/08/26 06:01:40.078, 159.16, 98, 6649
2026/08/26 06:01:41.078, 159.76, 100, 6649
2026/08/26 06:01:42.078, 159.16, 100, 6649
2026/08/26 06:01:43.078, 159.07, 98, 6649
2026/08/26 06:01:44.079, 160.19, 100, 6649
2026/08/26 06:01:45.079, 158.96, 100, 6649
2026/08/26 06:01:46.079, 158.97, 98, 6649
2026/08/26 06:01:47.079, 159.51, 100, 6649
2026/08/26 06:01:48.079, 159.90, 100, 6649
2026/08/26 06:01:49.080, 158.78, 98, 6649
2026/08/26 06:01:50.080, 159.52, 100, 6649
2026/08/26 06:01:51.080, 159.38, 100, 6649
2026/08/26 06:01:52.080, 158.59, 98, 6649
2026/08/26 06:01:53.080, 159.82, 100, 6649
2026/08/26 06:01:54.080, 159.97, 100, 6649
2026/08/26 06:01:55.081, 158.95, 98, 6649
2026/08/26 06:01:56.081, 160.05, 100, 6649
2026/08/26 06:01:57.081, 159.82, 100, 6649
2026/08/26 06:01:58.081, 157.62, 89, 6649
2026/08/26 06:01:59.081, 158.47, 100, 6649
2026/08/26 06:02:00.081, 159.23, 100, 6649
2026/08/26 06:02:01.082, 158.48, 98, 6649
2026/08/26 06:02:02.082, 159.27, 100, 6649
2026/08/26 06:02:03.082, 159.65, 100, 6649
2026/08/26 06:02:04.082, 157.36, 98, 6649
2026/08/26 06:02:05.082, 159.29, 100, 6649
2026/08/26 06:02:06.082, 159.20, 100, 6649
2026/08/26 06:02:07.083, 158.58, 98, 6649
2026/08/26 06:02:08.083, 159.77, 100, 6649
2026/08/26 06:02:09.083, 159.73, 100, 6649
2026/08/26 06:02:10.083, 158.61, 98, 6649
2026/08/26 06:02:11.083, 159.22, 100, 6649
2026/08/26 06:02:12.083, 159.11, 100, 6649
2026/08/26 06:02:13.084, 158.34, 98, 6649
2026/08/26 06:02:14.084, 159.25, 100, 6649
2026/08/26 06:02:15.084, 159.31, 100, 6649
2026/08/26 06:02:16.084, 158.09, 98, 6649
2026/08/26 06:02:17.084, 159.45, 100, 6649
2026/08/26 06:02:18.093, 159.91, 100, 6649
2026/08/26 06:02:19.093, 158.39, 98, 6649
2026/08/26 06:02:20.093, 159.27, 100, 6649
2026/08/26 06:02:21.093, 159.82, 100, 6649
2026/08/26 06:02:22.093, 158.44, 98, 6649
2026/08/26 06:02:23.094, 159.49, 100, 6649
2026/08/26 06:02:24.094, 159.25, 100, 6649
2026/08/26 06:02:25.094, 158.43, 98, 6649
2026/08/26 06:02:26.094, 158.96, 100, 6649
2026/08/26 06:02:27.094, 159.38, 100, 6649
2026/08/26 06:02:28.094, 158.51, 98, 6649
2026/08/26 06:02:29.095, 159.47, 100, 6649
2026/08/26 06:02:30.095, 159.88, 100, 6649
2026/08/26 06:02:31.095, 158.13, 98, 6649
2026/08/26 06:02:32.095, 160.00, 100, 6649
2026/08/26 06:02:33.095, 159.65, 100, 6649
2026/08/26 06:02:34.095, 158.30, 98, 6649
2026/08/26 06:02:35.096, 159.45, 100, 6649
2026/08/26 06:02:36.096, 160.49, 100, 6649
2026/08/26 06:02:37.096, 158.26, 98, 6649
2026/08/26 06:02:38.096, 160.01, 100, 6649
2026/08/26 06:02:39.096, 159.78, 100, 6649
2026/08/26 06:02:40.096, 158.32, 98, 6649
2026/08/26 06:02:41.097, 159.32, 100, 6649
2026/08/26 06:02:42.097, 159.52, 100, 6649
2026/08/26 06:02:43.097, 158.43, 98, 6649
2026/08/26 06:02:44.097, 159.34, 100, 6649
2026/08/26 06:02:45.097, 159.44, 100, 6649
2026/08/26 06:02:46.097, 158.50, 98, 6649
2026/08/26 06:02:47.098, 159.21, 100, 6649
2026/08/26 06:02:48.098, 159.21, 100, 6649
2026/08/26 06:02:49.098, 159.20, 100, 6649
2026/08/26 06:02:50.098, 159.37, 100, 6649
2026/08/26 06:02:51.098, 160.29, 100, 6649
2026/08/26 06:02:52.098, 158.93, 100, 6649
2026/08/26 06:02:53.099, 159.06, 100, 6649
2026/08/26 06:02:54.099, 159.77, 100, 6649
2026/08/26 06:02:55.099, 158.87, 100, 6649
2026/08/26 06:02:56.099, 158.90, 100, 6649
2026/08/26 06:02:57.099, 160.43, 100, 6649
2026/08/26 06:02:58.099, 159.04, 100, 6649
2026/08/26 06:02:59.100, 159.49, 100, 6649
2026/08/26 06:03:00.100, 160.87, 100, 6649
2026/08/26 06:03:01.100, 159.10, 100, 6649
2026/08/26 06:03:02.100, 158.99, 100, 6649
2026/08/26 06:03:03.100, 159.98, 100, 6649
2026/08/26 06:03:04.101, 158.80, 100, 6649
2026/08/26 06:03:05.101, 158.96, 100, 6649
2026/08/26 06:03:06.101, 160.43, 100, 6649
2026/08/26 06:03:07.101, 158.86, 100, 6649
2026/08/26 06:03:08.101, 158.90, 100, 6649
2026/08/26 06:03:09.101, 160.55, 100, 6649
2026/08/26 06:03:10.102, 158.80, 100, 6649
2026/08/26 06:03:11.102, 159.02, 100, 6649
2026/08/26 06:03:12.102, 160.35, 100, 6649
2026/08/26 06:03:13.102, 157.38, 100, 6649
2026/08/26 06:03:14.102, 158.92, 100, 6649
2026/08/26 06:03:15.102, 159.93, 100, 6649
2026/08/26 06:03:16.103, 159.19, 100, 6649
2026/08/26 06:03:17.103, 158.68, 99, 6649
2026/08/26 06:03:18.111, 159.57, 100, 6649
2026/08/26 06:03:19.111, 159.30, 100, 6649
2026/08/26 06:03:20.112, 158.85, 98, 6649
2026/08/26 06:03:21.112, 159.39, 100, 6649
2026/08/26 06:03:22.112, 159.23, 100, 6649
2026/08/26 06:03:23.112, 158.61, 98, 6649
2026/08/26 06:03:24.112, 159.76, 100, 6649
2026/08/26 06:03:25.113, 158.77, 100, 6649
2026/08/26 06:03:26.113, 158.76, 98, 6649
2026/08/26 06:03:27.113, 159.39, 100, 6649
2026/08/26 06:03:28.113, 158.83, 100, 6649
2026/08/26 06:03:29.113, 158.39, 98, 6649
2026/08/26 06:03:30.113, 159.32, 100, 6649
2026/08/26 06:03:31.114, 158.95, 100, 6649
2026/08/26 06:03:32.114, 158.42, 98, 6649
2026/08/26 06:03:33.114, 159.22, 100, 6649
2026/08/26 06:03:34.114, 159.51, 100, 6649
2026/08/26 06:03:35.114, 158.76, 98, 6649
2026/08/26 06:03:36.114, 159.33, 100, 6649
2026/08/26 06:03:37.115, 159.53, 100, 6649
2026/08/26 06:03:38.115, 158.34, 98, 6649
2026/08/26 06:03:39.115, 159.25, 100, 6649
2026/08/26 06:03:40.115, 162.87, 100, 6649
2026/08/26 06:03:41.115, 162.84, 100, 6649
2026/08/26 06:03:42.115, 162.80, 100, 6649
2026/08/26 06:03:43.116, 162.89, 100, 6649
2026/08/26 06:03:44.116, 162.77, 100, 6649
2026/08/26 06:03:45.116, 162.71, 99, 6649
2026/08/26 06:03:46.116, 162.88, 100, 6649
2026/08/26 06:03:47.116, 162.99, 100, 6649
2026/08/26 06:03:48.116, 163.02, 100, 6649
2026/08/26 06:03:49.117, 163.03, 100, 6649
2026/08/26 06:03:50.125, 163.08, 100, 6649
2026/08/26 06:03:51.125, 163.05, 100, 6649
2026/08/26 06:03:52.126, 163.25, 100, 6649
2026/08/26 06:03:53.126, 164.37, 100, 6649
2026/08/26 06:03:54.126, 164.37, 100, 6649
2026/08/26 06:03:55.126, 164.11, 99, 6649
2026/08/26 06:03:56.126, 163.76, 100, 6649
2026/08/26 06:03:57.127, 162.67, 100, 6649
2026/08/26 06:03:58.127, 162.55, 100, 6649
2026/08/26 06:03:59.127, 162.69, 100, 6649
2026/08/26 06:04:00.127, 162.61, 100, 6649
2026/08/26 06:04:01.127, 162.54, 100, 6649
2026/08/26 06:04:02.127, 162.60, 100, 6649
2026/08/26 06:04:03.128, 162.53, 100, 6649
2026/08/26 06:04:04.128, 162.51, 100, 6649
2026/08/26 06:04:05.128, 162.44, 100, 6649
2026/08/26 06:04:06.128, 162.46, 100, 6649
2026/08/26 06:04:07.128, 162.64, 100, 6649
2026/08/26 06:04:08.128, 162.49, 100, 6649
2026/08/26 06:04:09.129, 162.25, 99, 6649
2026/08/26 06:04:10.129, 162.54, 100, 6649
2026/08/26 06:04:11.129, 162.41, 100, 6649
2026/08/26 06:04:12.129, 162.46, 100, 6649
2026/08/26 06:04:13.129, 162.35, 100, 6649
2026/08/26 06:04:14.129, 162.19, 100, 6649
2026/08/26 06:04:15.129, 162.36, 99, 6649
2026/08/26 06:04:16.130, 162.46, 100, 6649
2026/08/26 06:04:17.130, 162.57, 100, 6649
2026/08/26 06:04:18.130, 162.13, 99, 6649
2026/08/26 06:04:19.130, 162.21, 100, 6649
2026/08/26 06:04:20.130, 162.44, 100, 6649
2026/08/26 06:04:21.130, 162.52, 100, 6649
2026/08/26 06:04:22.131, 162.69, 100, 6649
2026/08/26 06:04:23.131, 162.51, 100, 6649
2026/08/26 06:04:24.131, 162.65, 100, 6649
2026/08/26 06:04:25.131, 162.50, 100, 6649
2026/08/26 06:04:26.131, 162.56, 100, 6649
2026/08/26 06:04:27.132, 162.58, 100, 6649
2026/08/26 06:04:28.132, 162.59, 100, 6649
2026/08/26 06:04:29.132, 162.51, 100, 6649
2026/08/26 06:04:30.132, 162.47, 100, 6649
2026/08/26 06:04:31.132, 162.70, 100, 6649
2026/08/26 06:04:32.132, 162.57, 100, 6649
2026/08/26 06:04:33.132, 162.82, 100, 6649
2026/08/26 06:04:34.133, 162.77, 100, 6649
2026/08/26 06:04:35.133, 162.75, 100, 6649
2026/08/26 06:04:36.133, 162.75, 99, 6649
2026/08/26 06:04:37.133, 162.86, 100, 6649
2026/08/26 06:04:38.133, 162.64, 100, 6649
2026/08/26 06:04:39.134, 162.72, 100, 6649
2026/08/26 06:04:40.134, 162.76, 100, 6649
2026/08/26 06:04:41.134, 162.76, 100, 6649
2026/08/26 06:04:42.134, 162.78, 99, 6649
2026/08/26 06:04:43.134, 162.68, 100, 6649
2026/08/26 06:04:44.134, 162.50, 99, 6649
2026/08/26 06:04:45.135, 162.51, 100, 6649
2026/08/26 06:04:46.135, 162.47, 100, 6649
2026/08/26 06:04:47.135, 162.28, 99, 6649
2026/08/26 06:04:48.135, 162.39, 100, 6649
2026/08/26 06:04:49.144, 162.34, 100, 6649
2026/08/26 06:04:50.144, 162.57, 99, 6649
2026/08/26 06:04:51.144, 162.77, 100, 6649
2026/08/26 06:04:52.144, 162.67, 100, 6649
2026/08/26 06:04:53.144, 162.69, 99, 6649
2026/08/26 06:04:54.145, 162.96, 100, 6649
2026/08/26 06:04:55.145, 162.72, 100, 6649
2026/08/26 06:04:56.145, 162.77, 100, 6649
2026/08/26 06:04:57.145, 162.86, 100, 6649
2026/08/26 06:04:58.145, 162.79, 100, 6649
2026/08/26 06:04:59.145, 162.71, 99, 6649
2026/08/26 06:05:00.146, 162.66, 100, 6649
2026/08/26 06:05:01.146, 162.89, 100, 6649
2026/08/26 06:05:02.146, 162.71, 99, 6649
2026/08/26 06:05:03.146, 162.81, 100, 6649
2026/08/26 06:05:04.146, 162.83, 100, 6649
2026/08/26 06:05:05.146, 162.98, 100, 6649
2026/08/26 06:05:06.147, 162.78, 100, 6649
2026/08/26 06:05:07.147, 162.80, 100, 6649
2026/08/26 06:05:08.147, 162.92, 99, 6649
2026/08/26 06:05:09.147, 162.90, 100, 6649
2026/08/26 06:05:10.147, 162.91, 100, 6649
2026/08/26 06:05:11.148, 162.54, 99, 6649
2026/08/26 06:05:12.148, 162.74, 100, 6649
2026/08/26 06:05:13.148, 162.90, 100, 6649
2026/08/26 06:05:14.148, 162.84, 99, 6649
2026/08/26 06:05:15.148, 156.20, 100, 6649
2026/08/26 06:05:16.148, 159.61, 100, 6649
2026/08/26 06:05:17.149, 159.98, 100, 6649
2026/08/26 06:05:18.149, 159.20, 100, 6649
2026/08/26 06:05:19.149, 159.44, 100, 6649
2026/08/26 06:05:20.149, 159.95, 100, 6649
2026/08/26 06:05:21.149, 158.92, 100, 6649
2026/08/26 06:05:22.149, 159.11, 100, 6649
2026/08/26 06:05:23.150, 160.15, 100, 6649
2026/08/26 06:05:24.150, 159.25, 100, 6649
2026/08/26 06:05:25.150, 158.75, 100, 6649
2026/08/26 06:05:26.150, 159.99, 100, 6649
2026/08/26 06:05:27.150, 158.92, 100, 6649
2026/08/26 06:05:28.151, 158.80, 100, 6649
2026/08/26 06:05:29.151, 159.66, 100, 6649
2026/08/26 06:05:30.151, 159.26, 100, 6649
2026/08/26 06:05:31.151, 158.77, 99, 6649
2026/08/26 06:05:32.151, 159.85, 100, 6649
2026/08/26 06:05:33.151, 159.00, 100, 6649
2026/08/26 06:05:34.152, 159.08, 98, 6649
2026/08/26 06:05:35.152, 159.84, 100, 6649
2026/08/26 06:05:36.152, 159.80, 100, 6649
2026/08/26 06:05:37.152, 159.06, 98, 6649
2026/08/26 06:05:38.152, 160.02, 100, 6649
2026/08/26 06:05:39.152, 159.54, 100, 6649
2026/08/26 06:05:40.153, 159.01, 98, 6649
2026/08/26 06:05:41.153, 159.79, 100, 6649
2026/08/26 06:05:42.153, 159.75, 100, 6649
2026/08/26 06:05:43.153, 159.35, 98, 6649
2026/08/26 06:05:44.153, 159.88, 100, 6649
2026/08/26 06:05:45.153, 159.53, 100, 6649
2026/08/26 06:05:46.154, 158.86, 98, 6649
2026/08/26 06:05:47.154, 160.15, 100, 6649
2026/08/26 06:05:48.154, 159.46, 100, 6649
2026/08/26 06:05:49.154, 158.68, 98, 6649
2026/08/26 06:05:50.154, 160.10, 100, 6649
2026/08/26 06:05:51.154, 159.75, 100, 6649
2026/08/26 06:05:52.155, 159.55, 98, 6649
2026/08/26 06:05:53.155, 159.85, 100, 6649
2026/08/26 06:05:54.155, 159.35, 100, 6649
2026/08/26 06:05:55.155, 158.87, 98, 6649
2026/08/26 06:05:56.155, 159.33, 100, 6649
2026/08/26 06:05:57.155, 159.17, 100, 6649
2026/08/26 06:05:58.155, 158.44, 98, 6649
2026/08/26 06:05:59.156, 159.37, 100, 6649
2026/08/26 06:06:00.156, 159.46, 100, 6649
2026/08/26 06:06:01.156, 158.92, 98, 6649
2026/08/26 06:06:02.156, 159.51, 100, 6649
2026/08/26 06:06:03.156, 159.30, 100, 6649
2026/08/26 06:06:04.157, 159.01, 98, 6649
2026/08/26 06:06:05.157, 159.63, 100, 6649
2026/08/26 06:06:06.157, 159.30, 100, 6649
2026/08/26 06:06:07.157, 159.24, 98, 6649
2026/08/26 06:06:08.157, 160.05, 100, 6649
2026/08/26 06:06:09.157, 159.20, 100, 6649
2026/08/26 06:06:10.158, 158.98, 98, 6649
2026/08/26 06:06:11.158, 159.59, 100, 6649
2026/08/26 06:06:12.158, 159.01, 100, 6649
2026/08/26 06:06:13.158, 158.71, 98, 6649
2026/08/26 06:06:14.158, 159.46, 100, 6649
2026/08/26 06:06:15.158, 158.02, 100, 6649
2026/08/26 06:06:16.158, 158.39, 98, 6649
2026/08/26 06:06:17.159, 159.51, 100, 6649
2026/08/26 06:06:18.159, 159.63, 100, 6649
2026/08/26 06:06:19.159, 158.27, 98, 6649
2026/08/26 06:06:20.159, 158.09, 100, 6649
2026/08/26 06:06:21.159, 159.85, 100, 6649
2026/08/26 06:06:22.160, 158.60, 98, 6649
2026/08/26 06:06:23.160, 159.76, 100, 6649
2026/08/26 06:06:24.160, 159.91, 100, 6649
2026/08/26 06:06:25.160, 159.29, 98, 6649
2026/08/26 06:06:26.160, 159.44, 100, 6649
2026/08/26 06:06:27.160, 160.06, 100, 6649
2026/08/26 06:06:28.161, 158.61, 98, 6649
2026/08/26 06:06:29.161, 159.09, 100, 6649
2026/08/26 06:06:30.161, 159.38, 100, 6649
2026/08/26 06:06:31.161, 158.56, 98, 6649
2026/08/26 06:06:32.161, 160.09, 100, 6649
2026/08/26 06:06:33.161, 159.94, 100, 6649
2026/08/26 06:06:34.162, 158.33, 98, 6649
2026/08/26 06:06:35.162, 159.42, 100, 6649
2026/08/26 06:06:36.162, 160.19, 100, 6649
2026/08/26 06:06:37.162, 158.61, 98, 6649
2026/08/26 06:06:38.162, 159.46, 100, 6649
2026/08/26 06:06:39.162, 160.00, 100, 6649
2026/08/26 06:06:40.163, 158.32, 98, 6649
2026/08/26 06:06:41.163, 159.88, 100, 6649
2026/08/26 06:06:42.163, 159.70, 100, 6649
2026/08/26 06:06:43.163, 158.23, 98, 6649
2026/08/26 06:06:44.163, 160.21, 100, 6649
2026/08/26 06:06:45.163, 158.52, 100, 6649
2026/08/26 06:06:46.164, 158.23, 98, 6649
2026/08/26 06:06:47.164, 158.79, 100, 6649
2026/08/26 06:06:48.164, 159.89, 100, 6649
2026/08/26 06:06:49.164, 158.58, 98, 6649
2026/08/26 06:06:50.164, 159.55, 100, 6649
2026/08/26 06:06:51.164, 159.36, 100, 6649
2026/08/26 06:06:52.165, 158.80, 99, 6649
2026/08/26 06:06:53.165, 159.19, 100, 6649
2026/08/26 06:06:54.165, 159.84, 100, 6649
2026/08/26 06:06:55.165, 158.65, 100, 6649
2026/08/26 06:06:56.165, 159.18, 100, 6649
2026/08/26 06:06:57.165, 160.17, 100, 6649
2026/08/26 06:06:58.166, 159.03, 100, 6649
2026/08/26 06:06:59.166, 159.04, 100, 6649
2026/08/26 06:07:00.166, 160.13, 100, 6649
2026/08/26 06:07:01.166, 158.63, 100, 6649
2026/08/26 06:07:02.166, 159.01, 100, 6649
2026/08/26 06:07:03.166, 160.05, 100, 6649
2026/08/26 06:07:04.167, 158.55, 100, 6649
2026/08/26 06:07:05.167, 158.48, 100, 6649
2026/08/26 06:07:06.167, 159.75, 100, 6649
2026/08/26 06:07:07.167, 158.90, 100, 6649
2026/08/26 06:07:08.167, 158.68, 100, 6649
2026/08/26 06:07:09.167, 160.22, 100, 6649
2026/08/26 06:07:10.168, 158.78, 100, 6649
2026/08/26 06:07:11.168, 159.20, 100, 6649
2026/08/26 06:07:12.168, 160.03, 100, 6649
2026/08/26 06:07:13.168, 158.92, 100, 6649
2026/08/26 06:07:14.168, 158.89, 100, 6649
2026/08/26 06:07:15.168, 158.59, 100, 6649
2026/08/26 06:07:16.169, 158.94, 100, 6649
2026/08/26 06:07:17.169, 158.72, 99, 6649
2026/08/26 06:07:18.169, 159.94, 100, 6649
2026/08/26 06:07:19.169, 159.30, 100, 6649
2026/08/26 06:07:20.169, 157.68, 98, 6649
2026/08/26 06:07:21.169, 160.38, 100, 6649
2026/08/26 06:07:22.170, 159.61, 100, 6649
2026/08/26 06:07:23.170, 158.95, 98, 6649
2026/08/26 06:07:24.170, 159.68, 100, 6649
2026/08/26 06:07:25.170, 159.15, 100, 6649
2026/08/26 06:07:26.170, 158.93, 98, 6649
2026/08/26 06:07:27.171, 159.75, 100, 6649
2026/08/26 06:07:28.171, 159.29, 100, 6649
2026/08/26 06:07:29.171, 159.14, 98, 6649
2026/08/26 06:07:30.171, 159.71, 100, 6649
2026/08/26 06:07:31.171, 159.39, 100, 6649
2026/08/26 06:07:32.171, 159.24, 98, 6649
2026/08/26 06:07:33.172, 159.21, 100, 6649
2026/08/26 06:07:34.172, 158.97, 100, 6649
2026/08/26 06:07:35.172, 160.10, 98, 6649
2026/08/26 06:07:36.172, 160.28, 100, 6649
2026/08/26 06:07:37.172, 158.73, 100, 6649
2026/08/26 06:07:38.172, 159.57, 98, 6649
2026/08/26 06:07:39.173, 159.71, 100, 6649
2026/08/26 06:07:40.173, 158.64, 100, 6649
2026/08/26 06:07:41.173, 159.69, 98, 6649
2026/08/26 06:07:42.173, 159.65, 100, 6649
2026/08/26 06:07:43.173, 158.37, 100, 6649
2026/08/26 06:07:44.173, 159.38, 98, 6649
2026/08/26 06:07:45.174, 159.91, 100, 6649
2026/08/26 06:07:46.174, 158.48, 100, 6649
2026/08/26 06:07:47.174, 159.41, 98, 6649
2026/08/26 06:07:48.174, 159.80, 100, 6649
2026/08/26 06:07:49.174, 158.65, 98, 6649
2026/08/26 06:07:50.174, 159.31, 100, 6649
2026/08/26 06:07:51.175, 158.37, 100, 6649
2026/08/26 06:07:52.175, 158.43, 98, 6649
2026/08/26 06:07:53.175, 159.59, 100, 6649
2026/08/26 06:07:54.175, 160.10, 100, 6649
2026/08/26 06:07:55.175, 158.23, 98, 6649
2026/08/26 06:07:56.176, 159.35, 100, 6649
2026/08/26 06:07:57.176, 159.88, 100, 6649
2026/08/26 06:07:58.176, 158.46, 98, 6649
2026/08/26 06:07:59.176, 159.24, 100, 6649
2026/08/26 06:08:00.176, 159.72, 100, 6649
2026/08/26 06:08:01.176, 158.40, 98, 6649
2026/08/26 06:08:02.177, 159.38, 100, 6649
2026/08/26 06:08:03.177, 159.75, 100, 6649
2026/08/26 06:08:04.177, 158.14, 98, 6649
2026/08/26 06:08:05.177, 159.40, 100, 6649
2026/08/26 06:08:06.177, 159.50, 100, 6649
2026/08/26 06:08:07.178, 158.32, 98, 6649
2026/08/26 06:08:08.178, 159.19, 100, 6649
2026/08/26 06:08:09.178, 159.20, 100, 6649
2026/08/26 06:08:10.178, 158.46, 98, 6649
2026/08/26 06:08:11.178, 159.18, 100, 6649
2026/08/26 06:08:12.179, 159.98, 100, 6649
2026/08/26 06:08:13.179, 158.16, 98, 6649
2026/08/26 06:08:14.179, 159.90, 100, 6649
2026/08/26 06:08:15.179, 159.97, 100, 6649
2026/08/26 06:08:16.179, 158.59, 98, 6649
2026/08/26 06:08:17.179, 159.24, 100, 6649
2026/08/26 06:08:18.180, 159.89, 100, 6649
2026/08/26 06:08:19.180, 158.19, 98, 6649
2026/08/26 06:08:20.180, 159.79, 100, 6649
2026/08/26 06:08:21.180, 159.70, 100, 6649
2026/08/26 06:08:22.180, 158.87, 98, 6649
2026/08/26 06:08:23.180, 159.27, 100, 6649
2026/08/26 06:08:24.181, 159.09, 100, 6649
2026/08/26 06:08:25.181, 158.36, 98, 6649
2026/08/26 06:08:26.181, 160.22, 100, 6649
2026/08/26 06:08:27.181, 159.67, 100, 6649
2026/08/26 06:08:28.181, 158.36, 98, 6649
2026/08/26 06:08:29.181, 159.14, 100, 6649
2026/08/26 06:08:30.182, 159.32, 100, 6649
2026/08/26 06:08:31.182, 158.71, 99, 6649
2026/08/26 06:08:32.182, 161.52, 100, 6649
2026/08/26 06:08:33.182, 162.47, 99, 6649
2026/08/26 06:08:34.182, 162.43, 100, 6649
2026/08/26 06:08:35.182, 162.37, 100, 6649
2026/08/26 06:08:36.183, 162.27, 99, 6649
2026/08/26 06:08:37.183, 162.47, 100, 6649
2026/08/26 06:08:38.183, 162.41, 100, 6649
2026/08/26 06:08:39.183, 162.47, 100, 6649
2026/08/26 06:08:40.183, 162.45, 100, 6649
2026/08/26 06:08:41.183, 162.57, 100, 6649
2026/08/26 06:08:42.184, 162.51, 99, 6649
2026/08/26 06:08:43.184, 162.65, 100, 6649
2026/08/26 06:08:44.184, 162.80, 100, 6649
2026/08/26 06:08:45.184, 162.47, 99, 6649
2026/08/26 06:08:46.184, 162.63, 100, 6649
2026/08/26 06:08:47.185, 162.60, 100, 6649
2026/08/26 06:08:48.185, 162.54, 100, 6649
2026/08/26 06:08:49.185, 162.53, 100, 6649
2026/08/26 06:08:50.185, 162.67, 100, 6649
2026/08/26 06:08:51.185, 162.77, 99, 6649
2026/08/26 06:08:52.185, 162.91, 100, 6649
2026/08/26 06:08:53.185, 162.66, 100, 6649
2026/08/26 06:08:54.186, 162.88, 100, 6649
2026/08/26 06:08:55.186, 162.83, 100, 6649
2026/08/26 06:08:56.186, 162.66, 100, 6649
2026/08/26 06:08:57.186, 162.62, 99, 6649
2026/08/26 06:08:58.186, 162.47, 100, 6649
2026/08/26 06:08:59.186, 162.62, 100, 6649
2026/08/26 06:09:00.187, 162.70, 99, 6649
2026/08/26 06:09:01.187, 162.84, 100, 6649
2026/08/26 06:09:02.187, 162.42, 100, 6649
2026/08/26 06:09:03.187, 162.57, 99, 6649
2026/08/26 06:09:04.187, 162.64, 100, 6649
2026/08/26 06:09:05.187, 162.80, 100, 6649
2026/08/26 06:09:06.188, 162.71, 100, 6649
2026/08/26 06:09:07.188, 162.67, 100, 6649
2026/08/26 06:09:08.188, 162.90, 100, 6649
2026/08/26 06:09:09.188, 162.76, 100, 6649
2026/08/26 06:09:10.188, 162.58, 100, 6649
2026/08/26 06:09:11.188, 162.56, 100, 6649
2026/08/26 06:09:12.189, 162.62, 100, 6649
2026/08/26 06:09:13.189, 162.60, 100, 6649
2026/08/26 06:09:14.189, 162.56, 99, 6649
2026/08/26 06:09:15.189, 162.65, 100, 6649
2026/08/26 06:09:16.189, 162.86, 100, 6649
2026/08/26 06:09:17.189, 163.01, 99, 6649
2026/08/26 06:09:18.190, 163.00, 100, 6649
2026/08/26 06:09:19.190, 163.16, 100, 6649
2026/08/26 06:09:20.190, 162.70, 99, 6649
2026/08/26 06:09:21.190, 162.76, 100, 6649
2026/08/26 06:09:22.190, 163.10, 100, 6649
2026/08/26 06:09:23.190, 162.90, 100, 6649
2026/08/26 06:09:24.191, 162.70, 100, 6649
2026/08/26 06:09:25.191, 162.77, 100, 6649
2026/08/26 06:09:26.191, 162.70, 100, 6649
2026/08/26 06:09:27.191, 162.75, 100, 6649
2026/08/26 06:09:28.191, 162.54, 100, 6649
2026/08/26 06:09:29.191, 162.83, 100, 6649
2026/08/26 06:09:30.192, 163.06, 100, 6649
2026/08/26 06:09:31.192, 162.90, 100, 6649
2026/08/26 06:09:32.192, 162.88, 100, 6649
2026/08/26 06:09:33.192, 162.92, 100, 6649
2026/08/26 06:09:34.192, 162.84, 100, 6649
2026/08/26 06:09:35.192, 162.78, 99, 6649
2026/08/26 06:09:36.193, 162.85, 100, 6649
2026/08/26 06:09:37.193, 162.91, 100, 6649
2026/08/26 06:09:38.193, 162.77, 99, 6649
2026/08/26 06:09:39.193, 162.94, 100, 6649
2026/08/26 06:09:40.193, 162.79, 100, 6649
2026/08/26 06:09:41.193, 162.93, 99, 6649
2026/08/26 06:09:42.194, 162.62, 100, 6649
2026/08/26 06:09:43.194, 162.81, 100, 6649
2026/08/26 06:09:44.194, 162.82, 100, 6649
2026/08/26 06:09:45.194, 162.78, 100, 6649
2026/08/26 06:09:46.194, 162.62, 99, 6649
2026/08/26 06:09:47.195, 162.82, 100, 6649
2026/08/26 06:09:48.195, 162.89, 100, 6649
2026/08/26 06:09:49.195, 162.78, 100, 6649
2026/08/26 06:09:50.195, 162.52, 100, 6649
2026/08/26 06:09:51.195, 162.60, 100, 6649
2026/08/26 06:09:52.195, 162.75, 99, 6649
2026/08/26 06:09:53.196, 162.93, 100, 6649
2026/08/26 06:09:54.196, 162.56, 100, 6649
2026/08/26 06:09:55.196, 162.52, 100, 6649
2026/08/26 06:09:56.196, 162.94, 100, 6649
2026/08/26 06:09:57.196, 162.79, 100, 6649
2026/08/26 06:09:58.196, 162.60, 99, 6649
2026/08/26 06:09:59.197, 162.55, 100, 6649
2026/08/26 06:10:00.197, 163.02, 100, 6649
2026/08/26 06:10:01.197, 162.74, 99, 6649
2026/08/26 06:10:02.197, 162.83, 100, 6649
2026/08/26 06:10:03.197, 162.72, 100, 6649
2026/08/26 06:10:04.198, 162.80, 100, 6649
2026/08/26 06:10:05.198, 163.06, 100, 6649
2026/08/26 06:10:06.198, 162.98, 100, 6649
2026/08/26 06:10:07.198, 162.84, 100, 6649
2026/08/26 06:10:08.198, 154.70, 100, 6649
2026/08/26 06:10:09.198, 159.06, 100, 6649
2026/08/26 06:10:10.199, 159.52, 100, 6649
2026/08/26 06:10:11.199, 160.35, 100, 6649
2026/08/26 06:10:12.199, 159.08, 100, 6649
2026/08/26 06:10:13.199, 159.67, 100, 6649
2026/08/26 06:10:14.199, 160.54, 100, 6649
2026/08/26 06:10:15.199, 159.19, 100, 6649
2026/08/26 06:10:16.200, 159.29, 100, 6649
2026/08/26 06:10:17.200, 160.19, 100, 6649
2026/08/26 06:10:18.200, 159.16, 100, 6649
2026/08/26 06:10:19.200, 159.19, 100, 6649
2026/08/26 06:10:20.200, 160.10, 100, 6649
2026/08/26 06:10:21.200, 159.66, 100, 6649
2026/08/26 06:10:22.201, 159.05, 100, 6649
2026/08/26 06:10:23.201, 160.20, 100, 6649
2026/08/26 06:10:24.201, 159.76, 100, 6649
2026/08/26 06:10:25.201, 159.26, 100, 6649
2026/08/26 06:10:26.201, 160.33, 100, 6649
2026/08/26 06:10:27.201, 159.19, 100, 6649
2026/08/26 06:10:28.202, 159.26, 99, 6649
2026/08/26 06:10:29.202, 159.78, 100, 6649
2026/08/26 06:10:30.202, 159.62, 100, 6649
2026/08/26 06:10:31.202, 158.70, 98, 6649
2026/08/26 06:10:32.202, 160.14, 100, 6649
2026/08/26 06:10:33.202, 159.64, 100, 6649
2026/08/26 06:10:34.203, 158.99, 98, 6649
2026/08/26 06:10:35.203, 159.74, 100, 6649
2026/08/26 06:10:36.203, 159.18, 100, 6649
2026/08/26 06:10:37.203, 159.00, 98, 6649
2026/08/26 06:10:38.203, 159.96, 100, 6649
2026/08/26 06:10:39.204, 159.19, 100, 6649
2026/08/26 06:10:40.204, 159.10, 98, 6649
2026/08/26 06:10:41.204, 159.80, 100, 6649
2026/08/26 06:10:42.204, 159.17, 100, 6649
2026/08/26 06:10:43.204, 159.10, 98, 6649
2026/08/26 06:10:44.204, 159.64, 100, 6649
2026/08/26 06:10:45.204, 159.26, 100, 6649
2026/08/26 06:10:46.205, 158.89, 98, 6649
2026/08/26 06:10:47.205, 158.95, 100, 6649
2026/08/26 06:10:48.205, 159.92, 100, 6649
2026/08/26 06:10:49.205, 158.75, 98, 6649
2026/08/26 06:10:50.205, 160.27, 100, 6649
2026/08/26 06:10:51.205, 159.82, 100, 6649
2026/08/26 06:10:52.206, 157.56, 98, 6649
2026/08/26 06:10:53.206, 159.54, 100, 6649
2026/08/26 06:10:54.206, 159.85, 100, 6649
2026/08/26 06:10:55.206, 158.60, 98, 6649
2026/08/26 06:10:56.206, 159.49, 100, 6649
2026/08/26 06:10:57.207, 159.63, 100, 6649
2026/08/26 06:10:58.207, 158.53, 98, 6649
2026/08/26 06:10:59.207, 159.29, 100, 6649
2026/08/26 06:11:00.207, 159.40, 100, 6649
2026/08/26 06:11:01.207, 158.28, 98, 6649
2026/08/26 06:11:02.208, 159.40, 100, 6649
2026/08/26 06:11:03.208, 159.96, 100, 6649
2026/08/26 06:11:04.208, 158.59, 98, 6649
2026/08/26 06:11:05.208, 159.23, 100, 6649
2026/08/26 06:11:06.208, 160.06, 100, 6649
2026/08/26 06:11:07.208, 158.52, 98, 6649
2026/08/26 06:11:08.209, 160.30, 100, 6649
2026/08/26 06:11:09.209, 160.04, 100, 6649
2026/08/26 06:11:10.209, 158.53, 98, 6649
2026/08/26 06:11:11.209, 159.67, 100, 6649
2026/08/26 06:11:12.209, 159.97, 100, 6649
2026/08/26 06:11:13.209, 158.70, 98, 6649
2026/08/26 06:11:14.210, 159.35, 100, 6649
2026/08/26 06:11:15.210, 159.83, 100, 6649
2026/08/26 06:11:16.210, 158.43, 98, 6649
2026/08/26 06:11:17.210, 158.90, 100, 6649
2026/08/26 06:11:18.210, 159.58, 100, 6649
2026/08/26 06:11:19.211, 158.96, 99, 6649
2026/08/26 06:11:20.211, 159.57, 100, 6649
2026/08/26 06:11:21.211, 160.04, 100, 6649
2026/08/26 06:11:22.211, 157.95, 100, 6649
2026/08/26 06:11:23.211, 159.39, 100, 6649
2026/08/26 06:11:24.211, 159.76, 100, 6649
2026/08/26 06:11:25.211, 159.29, 100, 6649
2026/08/26 06:11:26.212, 159.23, 100, 6649
2026/08/26 06:11:27.212, 158.89, 100, 6649
2026/08/26 06:11:28.212, 159.88, 100, 6649
2026/08/26 06:11:29.212, 159.46, 100, 6649
2026/08/26 06:11:30.212, 160.50, 100, 6649
2026/08/26 06:11:31.213, 158.85, 100, 6649
2026/08/26 06:11:32.213, 159.37, 100, 6649
2026/08/26 06:11:33.213, 160.54, 100, 6649
2026/08/26 06:11:34.213, 159.42, 100, 6649
2026/08/26 06:11:35.213, 159.29, 100, 6649
2026/08/26 06:11:36.213, 160.10, 100, 6649
2026/08/26 06:11:37.214, 159.48, 100, 6649
2026/08/26 06:11:38.214, 159.71, 100, 6649
2026/08/26 06:11:39.214, 160.44, 100, 6649
2026/08/26 06:11:40.214, 158.94, 100, 6649
2026/08/26 06:11:41.214, 159.43, 100, 6649
2026/08/26 06:11:42.214, 160.74, 100, 6649
2026/08/26 06:11:43.215, 159.69, 100, 6649
2026/08/26 06:11:44.215, 159.47, 100, 6649
2026/08/26 06:11:45.215, 160.73, 100, 6649
2026/08/26 06:11:46.215, 159.39, 100, 6649
2026/08/26 06:11:47.215, 159.26, 100, 6649
2026/08/26 06:11:48.215, 158.93, 100, 6649
2026/08/26 06:11:49.216, 159.38, 100, 6649
2026/08/26 06:11:50.216, 159.13, 100, 6649
2026/08/26 06:11:51.216, 160.00, 100, 6649
2026/08/26 06:11:52.216, 158.87, 100, 6649
2026/08/26 06:11:53.216, 159.32, 100, 6649
2026/08/26 06:11:54.217, 159.86, 100, 6649
2026/08/26 06:11:55.217, 158.83, 100, 6649
2026/08/26 06:11:56.217, 159.50, 100, 6649
2026/08/26 06:11:57.217, 160.26, 100, 6649
2026/08/26 06:11:58.217, 159.05, 100, 6649
2026/08/26 06:11:59.217, 159.60, 100, 6649
2026/08/26 06:12:00.218, 160.11, 100, 6649
2026/08/26 06:12:01.218, 159.67, 100, 6649
2026/08/26 06:12:02.218, 159.67, 100, 6649
2026/08/26 06:12:03.218, 160.85, 100, 6649
2026/08/26 06:12:04.218, 158.87, 100, 6649
2026/08/26 06:12:05.218, 159.97, 100, 6649
2026/08/26 06:12:06.218, 160.05, 100, 6649
2026/08/26 06:12:07.219, 158.58, 100, 6649
2026/08/26 06:12:08.219, 158.89, 100, 6649
2026/08/26 06:12:09.219, 160.23, 100, 6649
2026/08/26 06:12:10.219, 158.84, 100, 6649
2026/08/26 06:12:11.219, 159.16, 100, 6649
2026/08/26 06:12:12.219, 159.99, 100, 6649
2026/08/26 06:12:13.220, 159.09, 100, 6649
2026/08/26 06:12:14.220, 159.50, 100, 6649
2026/08/26 06:12:15.220, 160.10, 100, 6649
2026/08/26 06:12:16.220, 159.13, 100, 6649
2026/08/26 06:12:17.220, 159.33, 100, 6649
2026/08/26 06:12:18.220, 160.47, 100, 6649
2026/08/26 06:12:19.221, 158.76, 100, 6649
2026/08/26 06:12:20.221, 159.31, 100, 6649
2026/08/26 06:12:21.221, 160.54, 100, 6649
2026/08/26 06:12:22.221, 159.14, 100, 6649
2026/08/26 06:12:23.221, 159.41, 100, 6649
2026/08/26 06:12:24.221, 160.29, 100, 6649
2026/08/26 06:12:25.222, 159.04, 100, 6649
2026/08/26 06:12:26.222, 159.23, 100, 6649
2026/08/26 06:12:27.222, 160.07, 100, 6649
2026/08/26 06:12:28.222, 159.18, 100, 6649
2026/08/26 06:12:29.222, 158.88, 100, 6649
2026/08/26 06:12:30.222, 160.54, 100, 6649
2026/08/26 06:12:31.223, 159.24, 100, 6649
2026/08/26 06:12:32.223, 158.91, 100, 6649
2026/08/26 06:12:33.223, 159.71, 100, 6649
2026/08/26 06:12:34.223, 158.93, 100, 6649
2026/08/26 06:12:35.223, 159.02, 100, 6649
2026/08/26 06:12:36.223, 160.58, 100, 6649
2026/08/26 06:12:37.224, 159.32, 100, 6649
2026/08/26 06:12:38.224, 159.27, 100, 6649
2026/08/26 06:12:39.224, 160.62, 100, 6649
2026/08/26 06:12:40.224, 159.03, 100, 6649
2026/08/26 06:12:41.224, 159.39, 100, 6649
2026/08/26 06:12:42.224, 160.41, 100, 6649
2026/08/26 06:12:43.225, 159.21, 100, 6649
2026/08/26 06:12:44.225, 159.37, 100, 6649
2026/08/26 06:12:45.225, 160.43, 100, 6649
2026/08/26 06:12:46.225, 159.43, 100, 6649
2026/08/26 06:12:47.225, 158.99, 100, 6649
2026/08/26 06:12:48.226, 159.20, 100, 6649
2026/08/26 06:12:49.226, 159.54, 100, 6649
2026/08/26 06:12:50.226, 159.33, 98, 6649
2026/08/26 06:12:51.226, 160.25, 100, 6649
2026/08/26 06:12:52.226, 160.01, 100, 6649
2026/08/26 06:12:53.226, 158.50, 98, 6649
2026/08/26 06:12:54.227, 159.72, 100, 6649
2026/08/26 06:12:55.227, 159.35, 100, 6649
2026/08/26 06:12:56.227, 158.89, 98, 6649
2026/08/26 06:12:57.227, 159.70, 100, 6649
2026/08/26 06:12:58.227, 158.39, 100, 6649
2026/08/26 06:12:59.227, 158.81, 98, 6649
2026/08/26 06:13:00.228, 159.28, 100, 6649
2026/08/26 06:13:01.228, 159.06, 100, 6649
2026/08/26 06:13:02.228, 158.71, 98, 6649
2026/08/26 06:13:03.228, 159.90, 100, 6649
2026/08/26 06:13:04.228, 159.09, 100, 6649
2026/08/26 06:13:05.228, 158.51, 98, 6649
2026/08/26 06:13:06.229, 159.35, 100, 6649
2026/08/26 06:13:07.229, 159.20, 100, 6649
2026/08/26 06:13:08.229, 158.62, 98, 6649
2026/08/26 06:13:09.229, 160.12, 100, 6649
2026/08/26 06:13:10.229, 159.78, 100, 6649
2026/08/26 06:13:11.230, 158.90, 98, 6649
2026/08/26 06:13:12.230, 159.63, 100, 6649
2026/08/26 06:13:13.230, 159.27, 100, 6649
2026/08/26 06:13:14.230, 158.84, 98, 6649
2026/08/26 06:13:15.230, 159.62, 100, 6649
2026/08/26 06:13:16.230, 159.17, 100, 6649
2026/08/26 06:13:17.230, 158.55, 98, 6649
2026/08/26 06:13:18.231, 158.50, 100, 6649
2026/08/26 06:13:19.231, 159.72, 100, 6649
2026/08/26 06:13:20.231, 158.67, 98, 6649
2026/08/26 06:13:21.231, 159.64, 100, 6649
2026/08/26 06:13:22.231, 159.80, 100, 6649
2026/08/26 06:13:23.231, 157.61, 98, 6649
2026/08/26 06:13:24.232, 158.10, 100, 6649
2026/08/26 06:13:25.232, 162.53, 100, 6649
2026/08/26 06:13:26.232, 162.54, 100, 6649
2026/08/26 06:13:27.232, 162.48, 100, 6649
2026/08/26 06:13:28.232, 162.47, 100, 6649
2026/08/26 06:13:29.233, 162.61, 100, 6649
2026/08/26 06:13:30.233, 163.09, 100, 6649
2026/08/26 06:13:31.233, 163.15, 100, 6649
2026/08/26 06:13:32.233, 163.31, 100, 6649
2026/08/26 06:13:33.233, 162.91, 100, 6649
2026/08/26 06:13:34.233, 162.77, 99, 6649
2026/08/26 06:13:35.234, 162.72, 100, 6649
2026/08/26 06:13:36.234, 162.64, 100, 6649
2026/08/26 06:13:37.234, 162.43, 99, 6649
2026/08/26 06:13:38.234, 162.52, 100, 6649
2026/08/26 06:13:39.234, 162.52, 100, 6649
2026/08/26 06:13:40.234, 162.68, 99, 6649
2026/08/26 06:13:41.235, 162.62, 100, 6649
2026/08/26 06:13:42.235, 162.53, 100, 6649
2026/08/26 06:13:43.235, 162.69, 100, 6649
2026/08/26 06:13:44.235, 162.64, 100, 6649
2026/08/26 06:13:45.235, 162.79, 100, 6649
2026/08/26 06:13:46.235, 162.65, 100, 6649
2026/08/26 06:13:47.236, 162.65, 100, 6649
2026/08/26 06:13:48.236, 162.88, 100, 6649
2026/08/26 06:13:49.236, 162.96, 99, 6649
2026/08/26 06:13:50.236, 162.72, 100, 6649
2026/08/26 06:13:51.236, 162.67, 100, 6649
2026/08/26 06:13:52.236, 162.61, 99, 6649
2026/08/26 06:13:53.237, 162.86, 100, 6649
2026/08/26 06:13:54.237, 162.85, 100, 6649
2026/08/26 06:13:55.237, 163.95, 100, 6649
2026/08/26 06:13:56.237, 164.04, 100, 6649
2026/08/26 06:13:57.237, 164.04, 100, 6649
2026/08/26 06:13:58.237, 163.94, 99, 6649
2026/08/26 06:13:59.238, 163.68, 100, 6649
2026/08/26 06:14:00.238, 162.60, 100, 6649
2026/08/26 06:14:01.238, 162.73, 99, 6649
2026/08/26 06:14:02.238, 162.97, 100, 6649
2026/08/26 06:14:03.238, 162.71, 100, 6649
2026/08/26 06:14:04.238, 162.54, 100, 6649
2026/08/26 06:14:05.239, 162.83, 100, 6649
2026/08/26 06:14:06.239, 162.70, 100, 6649
2026/08/26 06:14:07.239, 162.59, 99, 6649
2026/08/26 06:14:08.239, 162.64, 100, 6649
2026/08/26 06:14:09.239, 162.81, 100, 6649
2026/08/26 06:14:10.239, 162.65, 99, 6649
2026/08/26 06:14:11.240, 162.74, 100, 6649
2026/08/26 06:14:12.240, 162.69, 99, 6649
2026/08/26 06:14:13.240, 162.81, 99, 6649
2026/08/26 06:14:14.240, 162.77, 100, 6649
2026/08/26 06:14:15.240, 162.80, 99, 6649
2026/08/26 06:14:16.240, 162.62, 100, 6649
2026/08/26 06:14:17.240, 162.63, 100, 6649
2026/08/26 06:14:18.241, 162.56, 99, 6649
2026/08/26 06:14:19.241, 162.41, 100, 6649
2026/08/26 06:14:20.241, 162.45, 100, 6649
2026/08/26 06:14:21.241, 162.61, 99, 6649
2026/08/26 06:14:22.241, 162.52, 100, 6649
2026/08/26 06:14:23.241, 162.69, 100, 6649
2026/08/26 06:14:24.242, 162.77, 100, 6649
2026/08/26 06:14:25.242, 162.88, 100, 6649
2026/08/26 06:14:26.242, 162.46, 100, 6649
2026/08/26 06:14:27.242, 162.90, 99, 6649
2026/08/26 06:14:28.242, 163.00, 100, 6649
2026/08/26 06:14:29.243, 163.03, 100, 6649
2026/08/26 06:14:30.243, 162.84, 99, 6649
2026/08/26 06:14:31.243, 163.18, 100, 6649
2026/08/26 06:14:32.243, 162.78, 100, 6649
2026/08/26 06:14:33.243, 163.05, 100, 6649
2026/08/26 06:14:34.243, 162.88, 100, 6649
2026/08/26 06:14:35.244, 162.93, 100, 6649
2026/08/26 06:14:36.244, 162.80, 100, 6649
2026/08/26 06:14:37.244, 162.85, 100, 6649
2026/08/26 06:14:38.244, 162.89, 100, 6649
2026/08/26 06:14:39.244, 162.61, 100, 6649
2026/08/26 06:14:40.244, 162.75, 100, 6649
2026/08/26 06:14:41.245, 162.79, 100, 6649
2026/08/26 06:14:42.245, 162.98, 100, 6649
2026/08/26 06:14:43.245, 162.67, 100, 6649
2026/08/26 06:14:44.245, 162.82, 100, 6649
2026/08/26 06:14:45.245, 162.76, 100, 6649
2026/08/26 06:14:46.245, 162.85, 100, 6649
2026/08/26 06:14:47.246, 162.62, 100, 6649
2026/08/26 06:14:48.246, 162.43, 100, 6649
2026/08/26 06:14:49.246, 162.79, 100, 6649
2026/08/26 06:14:50.246, 162.80, 100, 6649
2026/08/26 06:14:51.246, 162.82, 100, 6649
2026/08/26 06:14:52.246, 162.72, 100, 6649
2026/08/26 06:14:53.247, 162.72, 99, 6649
2026/08/26 06:14:54.247, 162.76, 100, 6649
2026/08/26 06:14:55.247, 162.94, 100, 6649
2026/08/26 06:14:56.247, 162.70, 99, 6649
2026/08/26 06:14:57.247, 162.82, 100, 6649
2026/08/26 06:14:58.247, 162.79, 100, 6649
2026/08/26 06:14:59.248, 162.73, 99, 6649
2026/08/26 06:15:00.248, 162.84, 100, 6649
2026/08/26 06:15:01.248, 154.72, 98, 6649
2026/08/26 06:15:02.248, 160.15, 100, 6649
2026/08/26 06:15:03.248, 159.69, 100, 6649
2026/08/26 06:15:04.248, 159.21, 98, 6649
2026/08/26 06:15:05.249, 159.98, 100, 6649
2026/08/26 06:15:06.249, 159.56, 100, 6649
2026/08/26 06:15:07.249, 159.05, 98, 6649
2026/08/26 06:15:08.249, 160.02, 100, 6649
2026/08/26 06:15:09.249, 159.39, 100, 6649
2026/08/26 06:15:10.250, 159.61, 98, 6649
2026/08/26 06:15:11.250, 160.24, 100, 6649
2026/08/26 06:15:12.250, 159.74, 100, 6649
2026/08/26 06:15:13.250, 159.16, 98, 6649
2026/08/26 06:15:14.250, 160.34, 100, 6649
2026/08/26 06:15:15.250, 159.84, 100, 6649
2026/08/26 06:15:16.250, 158.88, 98, 6649
2026/08/26 06:15:17.251, 159.66, 100, 6649
2026/08/26 06:15:18.251, 159.85, 100, 6649
2026/08/26 06:15:19.251, 159.11, 98, 6649
2026/08/26 06:15:20.251, 158.57, 100, 6649
2026/08/26 06:15:21.251, 159.43, 100, 6649
2026/08/26 06:15:22.251, 158.98, 98, 6649
2026/08/26 06:15:23.252, 160.32, 100, 6649
2026/08/26 06:15:24.252, 159.65, 100, 6649
2026/08/26 06:15:25.252, 158.10, 91, 6649
2026/08/26 06:15:26.252, 160.23, 100, 6649
2026/08/26 06:15:27.252, 159.26, 100, 6649
2026/08/26 06:15:28.252, 160.11, 98, 6649
2026/08/26 06:15:29.253, 160.01, 100, 6649
2026/08/26 06:15:30.253, 159.36, 100, 6649
2026/08/26 06:15:31.253, 159.66, 98, 6649
2026/08/26 06:15:32.253, 160.42, 100, 6649
2026/08/26 06:15:33.253, 159.23, 100, 6649
2026/08/26 06:15:34.253, 159.61, 98, 6649
2026/08/26 06:15:35.254, 160.41, 100, 6649
2026/08/26 06:15:36.254, 159.16, 100, 6649
2026/08/26 06:15:37.254, 159.45, 98, 6649
2026/08/26 06:15:38.254, 160.12, 100, 6649
2026/08/26 06:15:39.254, 158.92, 100, 6649
2026/08/26 06:15:40.255, 159.16, 98, 6649
2026/08/26 06:15:41.255, 160.30, 100, 6649
2026/08/26 06:15:42.255, 158.94, 100, 6649
2026/08/26 06:15:43.255, 159.27, 100, 6649
2026/08/26 06:15:44.255, 160.39, 100, 6649
2026/08/26 06:15:45.255, 158.97, 100, 6649
2026/08/26 06:15:46.256, 159.01, 100, 6649
2026/08/26 06:15:47.256, 160.46, 100, 6649
2026/08/26 06:15:48.256, 158.78, 100, 6649
2026/08/26 06:15:49.256, 159.16, 100, 6649
2026/08/26 06:15:50.256, 158.76, 100, 6649
2026/08/26 06:15:51.256, 159.68, 100, 6649
2026/08/26 06:15:52.257, 159.11, 100, 6649
2026/08/26 06:15:53.257, 159.99, 100, 6649
2026/08/26 06:15:54.257, 159.40, 100, 6649
2026/08/26 06:15:55.257, 158.90, 100, 6649
2026/08/26 06:15:56.257, 160.07, 100, 6649
2026/08/26 06:15:57.258, 159.48, 100, 6649
2026/08/26 06:15:58.258, 159.07, 99, 6649
2026/08/26 06:15:59.258, 159.79, 100, 6649
2026/08/26 06:16:00.258, 157.98, 100, 6649
2026/08/26 06:16:01.258, 159.19, 98, 6649
2026/08/26 06:16:02.259, 160.24, 100, 6649
2026/08/26 06:16:03.259, 159.22, 100, 6649
2026/08/26 06:16:04.259, 159.02, 98, 6649
2026/08/26 06:16:05.259, 159.90, 100, 6649
2026/08/26 06:16:06.259, 159.36, 100, 6649
2026/08/26 06:16:07.259, 158.84, 98, 6649
2026/08/26 06:16:08.260, 159.99, 100, 6649
2026/08/26 06:16:09.260, 158.86, 100, 6649
2026/08/26 06:16:10.260, 158.94, 98, 6649
2026/08/26 06:16:11.260, 159.77, 100, 6649
2026/08/26 06:16:12.260, 159.57, 100, 6649
2026/08/26 06:16:13.269, 158.74, 98, 6649
2026/08/26 06:16:14.269, 159.64, 100, 6649
2026/08/26 06:16:15.269, 159.41, 100, 6649
2026/08/26 06:16:16.269, 159.14, 98, 6649
2026/08/26 06:16:17.270, 160.57, 100, 6649
2026/08/26 06:16:18.270, 159.71, 100, 6649
2026/08/26 06:16:19.270, 159.49, 98, 6649
2026/08/26 06:16:20.270, 158.86, 100, 6649
2026/08/26 06:16:21.270, 159.43, 100, 6649
2026/08/26 06:16:22.271, 159.05, 98, 6649
2026/08/26 06:16:23.271, 160.03, 100, 6649
2026/08/26 06:16:24.271, 159.70, 100, 6649
2026/08/26 06:16:25.271, 158.12, 98, 6649
2026/08/26 06:16:26.271, 159.40, 100, 6649
2026/08/26 06:16:27.272, 159.62, 100, 6649
2026/08/26 06:16:28.272, 158.69, 98, 6649
2026/08/26 06:16:29.272, 159.92, 100, 6649
2026/08/26 06:16:30.272, 158.58, 100, 6649
2026/08/26 06:16:31.272, 158.79, 98, 6649
2026/08/26 06:16:32.272, 159.59, 100, 6649
2026/08/26 06:16:33.273, 159.38, 100, 6649
2026/08/26 06:16:34.273, 158.91, 98, 6649
2026/08/26 06:16:35.273, 159.47, 100, 6649
2026/08/26 06:16:36.273, 159.70, 100, 6649
2026/08/26 06:16:37.273, 158.82, 98, 6649
2026/08/26 06:16:38.273, 159.66, 100, 6649
2026/08/26 06:16:39.274, 159.06, 100, 6649
2026/08/26 06:16:40.274, 158.43, 98, 6649
2026/08/26 06:16:41.274, 160.07, 100, 6649
2026/08/26 06:16:42.274, 159.54, 100, 6649
2026/08/26 06:16:43.274, 159.20, 98, 6649
2026/08/26 06:16:44.274, 159.58, 100, 6649
2026/08/26 06:16:45.275, 159.79, 100, 6649
2026/08/26 06:16:46.275, 158.97, 98, 6649
2026/08/26 06:16:47.275, 159.56, 100, 6649
2026/08/26 06:16:48.275, 159.13, 100, 6649
2026/08/26 06:16:49.275, 158.72, 98, 6649
2026/08/26 06:16:50.275, 158.46, 100, 6649
2026/08/26 06:16:51.276, 159.86, 100, 6649
2026/08/26 06:16:52.276, 158.61, 98, 6649
2026/08/26 06:16:53.276, 159.80, 100, 6649
2026/08/26 06:16:54.276, 159.74, 100, 6649
2026/08/26 06:16:55.276, 157.57, 98, 6649
2026/08/26 06:16:56.276, 159.24, 100, 6649
2026/08/26 06:16:57.277, 159.83, 100, 6649
2026/08/26 06:16:58.277, 158.44, 98, 6649
2026/08/26 06:16:59.277, 159.10, 100, 6649
2026/08/26 06:17:00.277, 158.30, 100, 6649
2026/08/26 06:17:01.277, 158.63, 98, 6649
2026/08/26 06:17:02.278, 160.04, 100, 6649
2026/08/26 06:17:03.278, 160.10, 100, 6649
2026/08/26 06:17:04.278, 158.43, 98, 6649
2026/08/26 06:17:05.278, 159.22, 100, 6649
2026/08/26 06:17:06.278, 159.92, 100, 6649
2026/08/26 06:17:07.278, 158.59, 98, 6649
2026/08/26 06:17:08.279, 160.09, 100, 6649
2026/08/26 06:17:09.279, 159.86, 100, 6649
2026/08/26 06:17:10.279, 158.42, 98, 6649
2026/08/26 06:17:11.279, 159.26, 100, 6649
2026/08/26 06:17:12.279, 159.68, 100, 6649
2026/08/26 06:17:13.280, 158.45, 98, 6649
2026/08/26 06:17:14.280, 159.28, 100, 6649
2026/08/26 06:17:15.280, 159.97, 100, 6649
2026/08/26 06:17:16.280, 158.26, 98, 6649
2026/08/26 06:17:17.280, 159.34, 100, 6649
2026/08/26 06:17:18.280, 159.59, 100, 6649
2026/08/26 06:17:19.281, 158.18, 98, 6649
2026/08/26 06:17:20.281, 159.29, 100, 6649
2026/08/26 06:17:21.281, 159.03, 100, 6649
2026/08/26 06:17:22.281, 158.09, 98, 6649
2026/08/26 06:17:23.281, 159.03, 100, 6649
2026/08/26 06:17:24.281, 159.49, 100, 6649
2026/08/26 06:17:25.282, 158.69, 98, 6649
2026/08/26 06:17:26.282, 157.81, 100, 6649
2026/08/26 06:17:27.282, 160.19, 100, 6649
2026/08/26 06:17:28.282, 158.93, 100, 6649
2026/08/26 06:17:29.282, 159.14, 100, 6649
2026/08/26 06:17:30.283, 159.67, 100, 6649
2026/08/26 06:17:31.283, 159.05, 100, 6649
2026/08/26 06:17:32.283, 159.23, 100, 6649
2026/08/26 06:17:33.283, 160.81, 100, 6649
2026/08/26 06:17:34.283, 159.40, 99, 6649
2026/08/26 06:17:35.283, 159.62, 100, 6649
2026/08/26 06:17:36.284, 160.43, 100, 6649
2026/08/26 06:17:37.284, 159.10, 99, 6649
2026/08/26 06:17:38.284, 159.25, 100, 6649
2026/08/26 06:17:39.284, 160.34, 100, 6649
2026/08/26 06:17:40.284, 159.17, 99, 6649
2026/08/26 06:17:41.284, 159.72, 100, 6649
2026/08/26 06:17:42.285, 160.28, 100, 6649
2026/08/26 06:17:43.285, 158.80, 99, 6649
2026/08/26 06:17:44.285, 158.99, 100, 6649
2026/08/26 06:17:45.285, 160.11, 100, 6649
2026/08/26 06:17:46.285, 158.78, 100, 6649
2026/08/26 06:17:47.286, 159.28, 100, 6649
2026/08/26 06:17:48.286, 160.26, 100, 6649
2026/08/26 06:17:49.286, 159.50, 99, 6649
2026/08/26 06:17:50.286, 159.44, 100, 6649
2026/08/26 06:17:51.286, 158.99, 100, 6649
2026/08/26 06:17:52.286, 158.83, 100, 6649
2026/08/26 06:17:53.287, 158.78, 100, 6649
2026/08/26 06:17:54.287, 159.54, 100, 6649
2026/08/26 06:17:55.287, 158.85, 100, 6649
2026/08/26 06:17:56.287, 158.88, 100, 6649
2026/08/26 06:17:57.287, 160.09, 100, 6649
2026/08/26 06:17:58.287, 159.28, 100, 6649
2026/08/26 06:17:59.288, 159.23, 100, 6649
2026/08/26 06:18:00.288, 160.18, 100, 6649
2026/08/26 06:18:01.288, 159.30, 100, 6649
2026/08/26 06:18:02.288, 159.22, 100, 6649
2026/08/26 06:18:03.288, 160.15, 100, 6649
2026/08/26 06:18:04.289, 159.09, 100, 6649
2026/08/26 06:18:05.289, 158.90, 100, 6649
2026/08/26 06:18:06.289, 160.39, 100, 6649
2026/08/26 06:18:07.289, 159.26, 100, 6649
2026/08/26 06:18:08.289, 159.03, 100, 6649
2026/08/26 06:18:09.289, 160.16, 100, 6649
2026/08/26 06:18:10.290, 159.56, 100, 6649
2026/08/26 06:18:11.290, 159.01, 100, 6649
2026/08/26 06:18:12.290, 160.25, 100, 6649
2026/08/26 06:18:13.290, 159.62, 100, 6649
2026/08/26 06:18:14.290, 159.29, 100, 6649
2026/08/26 06:18:15.290, 159.98, 100, 6649
2026/08/26 06:18:16.291, 159.31, 100, 6649
2026/08/26 06:18:17.291, 158.94, 100, 6649
2026/08/26 06:18:18.291, 162.17, 100, 6649
2026/08/26 06:18:19.291, 161.97, 99, 6649
2026/08/26 06:18:20.291, 162.18, 100, 6649
2026/08/26 06:18:21.291, 162.16, 100, 6649
2026/08/26 06:18:22.292, 162.23, 100, 6649
2026/08/26 06:18:23.292, 162.17, 100, 6649
2026/08/26 06:18:24.292, 162.06, 100, 6649
2026/08/26 06:18:25.292, 162.26, 100, 6649
2026/08/26 06:18:26.292, 162.28, 100, 6649
2026/08/26 06:18:27.292, 162.39, 100, 6649
2026/08/26 06:18:28.293, 162.27, 99, 6649
2026/08/26 06:18:29.293, 162.36, 100, 6649
2026/08/26 06:18:30.293, 162.47, 100, 6649
2026/08/26 06:18:31.293, 162.85, 99, 6649
2026/08/26 06:18:32.293, 162.91, 100, 6649
2026/08/26 06:18:33.293, 162.87, 100, 6649
2026/08/26 06:18:34.294, 162.54, 99, 6649
2026/08/26 06:18:35.294, 162.52, 100, 6649
2026/08/26 06:18:36.294, 162.71, 100, 6649
2026/08/26 06:18:37.294, 162.79, 99, 6649
2026/08/26 06:18:38.294, 162.81, 100, 6649
2026/08/26 06:18:39.294, 162.48, 100, 6649
2026/08/26 06:18:40.294, 162.37, 99, 6649
2026/08/26 06:18:41.295, 162.30, 100, 6649
2026/08/26 06:18:42.295, 162.20, 100, 6649
2026/08/26 06:18:43.295, 162.26, 99, 6649
2026/08/26 06:18:44.295, 162.49, 100, 6649
2026/08/26 06:18:45.295, 162.46, 100, 6649
2026/08/26 06:18:46.295, 162.49, 100, 6649
2026/08/26 06:18:47.296, 162.50, 100, 6649
2026/08/26 06:18:48.296, 162.48, 100, 6649
2026/08/26 06:18:49.296, 162.33, 100, 6649
2026/08/26 06:18:50.296, 162.40, 100, 6649
2026/08/26 06:18:51.296, 162.19, 100, 6649
2026/08/26 06:18:52.296, 162.26, 100, 6649
2026/08/26 06:18:53.297, 162.48, 100, 6649
2026/08/26 06:18:54.297, 162.17, 99, 6649
2026/08/26 06:18:55.297, 162.48, 100, 6649
2026/08/26 06:18:56.297, 162.25, 100, 6649
2026/08/26 06:18:57.297, 162.22, 100, 6649
2026/08/26 06:18:58.297, 162.48, 100, 6649
2026/08/26 06:18:59.298, 162.34, 100, 6649
2026/08/26 06:19:00.298, 162.38, 99, 6649
2026/08/26 06:19:01.298, 162.37, 100, 6649
2026/08/26 06:19:02.298, 162.41, 100, 6649
2026/08/26 06:19:03.298, 162.42, 100, 6649
2026/08/26 06:19:04.298, 162.35, 100, 6649
2026/08/26 06:19:05.299, 162.22, 100, 6649
2026/08/26 06:19:06.299, 162.34, 100, 6649
2026/08/26 06:19:07.299, 162.34, 100, 6649
2026/08/26 06:19:08.299, 162.32, 100, 6649
2026/08/26 06:19:09.299, 162.27, 99, 6649
2026/08/26 06:19:10.300, 162.30, 100, 6649
2026/08/26 06:19:11.300, 162.44, 100, 6649
2026/08/26 06:19:12.300, 162.19, 100, 6649
2026/08/26 06:19:13.300, 162.32, 100, 6649
2026/08/26 06:19:14.300, 162.34, 100, 6649
2026/08/26 06:19:15.300, 162.41, 100, 6649
2026/08/26 06:19:16.301, 162.32, 100, 6649
2026/08/26 06:19:17.301, 162.38, 100, 6649
2026/08/26 06:19:18.301, 162.14, 99, 6649
2026/08/26 06:19:19.301, 162.40, 100, 6649
2026/08/26 06:19:20.301, 162.32, 100, 6649
2026/08/26 06:19:21.301, 162.52, 100, 6649
2026/08/26 06:19:22.302, 162.20, 100, 6649
2026/08/26 06:19:23.302, 162.09, 100, 6649
2026/08/26 06:19:24.302, 162.13, 99, 6649
2026/08/26 06:19:25.302, 162.41, 100, 6649
2026/08/26 06:19:26.302, 162.41, 100, 6649
2026/08/26 06:19:27.302, 162.11, 99, 6649
2026/08/26 06:19:28.303, 162.25, 100, 6649
2026/08/26 06:19:29.303, 162.17, 100, 6649
2026/08/26 06:19:30.303, 162.39, 100, 6649
2026/08/26 06:19:31.303, 162.12, 100, 6649
2026/08/26 06:19:32.303, 162.19, 99, 6649
2026/08/26 06:19:33.303, 162.16, 99, 6649
2026/08/26 06:19:34.304, 162.43, 100, 6649
2026/08/26 06:19:35.304, 162.34, 100, 6649
2026/08/26 06:19:36.304, 162.25, 100, 6649
2026/08/26 06:19:37.304, 162.34, 100, 6649
2026/08/26 06:19:38.304, 162.54, 100, 6649
2026/08/26 06:19:39.304, 162.50, 100, 6649
2026/08/26 06:19:40.304, 162.37, 100, 6649
2026/08/26 06:19:41.305, 162.45, 99, 6649
2026/08/26 06:19:42.305, 162.60, 100, 6649
2026/08/26 06:19:43.305, 162.46, 100, 6649
2026/08/26 06:19:44.305, 162.19, 99, 6649
2026/08/26 06:19:45.305, 162.65, 100, 6649
2026/08/26 06:19:46.306, 162.51, 100, 6649
2026/08/26 06:19:47.306, 162.61, 100, 6649
2026/08/26 06:19:48.306, 162.70, 100, 6649
2026/08/26 06:19:49.306, 162.20, 100, 6649
2026/08/26 06:19:50.306, 162.33, 100, 6649
2026/08/26 06:19:51.306, 162.34, 100, 6649
2026/08/26 06:19:52.307, 162.11, 100, 6649
2026/08/26 06:19:53.307, 156.07, 100, 6649
2026/08/26 06:19:54.307, 159.02, 100, 6649
2026/08/26 06:19:55.307, 159.65, 100, 6649
2026/08/26 06:19:56.307, 160.42, 100, 6649
2026/08/26 06:19:57.307, 159.26, 100, 6649
2026/08/26 06:19:58.308, 159.48, 100, 6649
2026/08/26 06:19:59.308, 160.33, 100, 6649
2026/08/26 06:20:00.308, 159.04, 100, 6649
2026/08/26 06:20:01.308, 158.93, 100, 6649
2026/08/26 06:20:02.308, 160.58, 100, 6649
2026/08/26 06:20:03.309, 159.40, 100, 6649
2026/08/26 06:20:04.309, 159.32, 100, 6649
2026/08/26 06:20:05.309, 160.22, 100, 6649
2026/08/26 06:20:06.309, 158.96, 100, 6649
2026/08/26 06:20:07.309, 158.60, 100, 6649
2026/08/26 06:20:08.309, 159.81, 100, 6649
2026/08/26 06:20:09.310, 158.88, 100, 6649
2026/08/26 06:20:10.310, 158.76, 100, 6649
2026/08/26 06:20:11.310, 159.96, 100, 6649
2026/08/26 06:20:12.310, 159.27, 100, 6649
2026/08/26 06:20:13.310, 158.85, 100, 6649
2026/08/26 06:20:14.310, 159.96, 100, 6649
2026/08/26 06:20:15.311, 159.04, 100, 6649
2026/08/26 06:20:16.311, 158.73, 99, 6649
2026/08/26 06:20:17.311, 159.62, 100, 6649
2026/08/26 06:20:18.311, 159.22, 100, 6649
2026/08/26 06:20:19.311, 158.77, 98, 6649
2026/08/26 06:20:20.311, 160.08, 100, 6649
2026/08/26 06:20:21.312, 159.41, 100, 6649
2026/08/26 06:20:22.312, 158.05, 98, 6649
2026/08/26 06:20:23.312, 159.55, 100, 6649
2026/08/26 06:20:24.312, 159.03, 100, 6649
2026/08/26 06:20:25.312, 158.97, 98, 6649
2026/08/26 06:20:26.312, 159.71, 100, 6649
2026/08/26 06:20:27.313, 159.54, 100, 6649
2026/08/26 06:20:28.313, 158.71, 98, 6649
2026/08/26 06:20:29.313, 159.97, 100, 6649
2026/08/26 06:20:30.313, 159.62, 100, 6649
2026/08/26 06:20:31.313, 158.45, 98, 6649
2026/08/26 06:20:32.314, 159.76, 100, 6649
2026/08/26 06:20:33.314, 159.60, 100, 6649
2026/08/26 06:20:34.314, 159.00, 98, 6649
2026/08/26 06:20:35.314, 159.52, 100, 6649
2026/08/26 06:20:36.314, 159.30, 100, 6649
2026/08/26 06:20:37.314, 158.60, 98, 6649
2026/08/26 06:20:38.315, 159.38, 100, 6649
2026/08/26 06:20:39.315, 159.42, 100, 6649
2026/08/26 06:20:40.315, 159.03, 98, 6649
2026/08/26 06:20:41.315, 159.92, 100, 6649
2026/08/26 06:20:42.315, 159.46, 100, 6649
2026/08/26 06:20:43.315, 158.48, 98, 6649
2026/08/26 06:20:44.316, 159.51, 100, 6649
2026/08/26 06:20:45.316, 159.28, 100, 6649
2026/08/26 06:20:46.316, 158.71, 98, 6649
2026/08/26 06:20:47.316, 159.71, 100, 6649
2026/08/26 06:20:48.316, 159.13, 100, 6649
2026/08/26 06:20:49.316, 158.80, 98, 6649
2026/08/26 06:20:50.317, 159.30, 100, 6649
2026/08/26 06:20:51.317, 158.99, 100, 6649
2026/08/26 06:20:52.317, 157.93, 98, 6649
2026/08/26 06:20:53.317, 159.62, 100, 6649
2026/08/26 06:20:54.317, 159.39, 100, 6649
2026/08/26 06:20:55.318, 158.95, 98, 6649
2026/08/26 06:20:56.318, 159.53, 100, 6649
2026/08/26 06:20:57.318, 159.70, 100, 6649
2026/08/26 06:20:58.318, 158.55, 98, 6649
2026/08/26 06:20:59.318, 159.31, 100, 6649
2026/08/26 06:21:00.318, 159.56, 100, 6649
2026/08/26 06:21:01.319, 158.61, 98, 6649
2026/08/26 06:21:02.319, 159.51, 100, 6649
2026/08/26 06:21:03.319, 159.69, 100, 6649
2026/08/26 06:21:04.319, 159.07, 98, 6649
2026/08/26 06:21:05.319, 159.34, 100, 6649
2026/08/26 06:21:06.319, 159.34, 100, 6649
2026/08/26 06:21:07.320, 158.55, 98, 6649
2026/08/26 06:21:08.320, 159.18, 100, 6649
2026/08/26 06:21:09.320, 159.19, 100, 6649
2026/08/26 06:21:10.320, 158.77, 98, 6649
2026/08/26 06:21:11.320, 160.27, 100, 6649
2026/08/26 06:21:12.320, 159.45, 100, 6649
2026/08/26 06:21:13.321, 159.77, 98, 6649
2026/08/26 06:21:14.321, 159.86, 100, 6649
2026/08/26 06:21:15.321, 159.60, 100, 6649
2026/08/26 06:21:16.321, 158.53, 98, 6649
2026/08/26 06:21:17.321, 160.40, 100, 6649
2026/08/26 06:21:18.321, 158.95, 100, 6649
2026/08/26 06:21:19.322, 158.76, 98, 6649
2026/08/26 06:21:20.322, 159.58, 100, 6649
2026/08/26 06:21:21.322, 159.56, 100, 6649
2026/08/26 06:21:22.322, 158.72, 98, 6649
2026/08/26 06:21:23.322, 158.81, 100, 6649
2026/08/26 06:21:24.322, 159.91, 100, 6649
2026/08/26 06:21:25.323, 158.97, 98, 6649
2026/08/26 06:21:26.323, 159.47, 100, 6649
2026/08/26 06:21:27.323, 159.65, 100, 6649
2026/08/26 06:21:28.323, 158.04, 89, 6649
2026/08/26 06:21:29.323, 159.93, 100, 6649
2026/08/26 06:21:30.323, 159.06, 100, 6649
2026/08/26 06:21:31.324, 158.33, 98, 6649
2026/08/26 06:21:32.324, 159.29, 100, 6649
2026/08/26 06:21:33.324, 159.42, 100, 6649
2026/08/26 06:21:34.324, 158.76, 98, 6649
2026/08/26 06:21:35.324, 159.22, 100, 6649
2026/08/26 06:21:36.324, 159.00, 100, 6649
2026/08/26 06:21:37.325, 158.70, 98, 6649
2026/08/26 06:21:38.325, 159.56, 100, 6649
2026/08/26 06:21:39.325, 159.32, 100, 6649
2026/08/26 06:21:40.325, 158.46, 98, 6649
2026/08/26 06:21:41.325, 159.94, 100, 6649
2026/08/26 06:21:42.325, 159.15, 100, 6649
2026/08/26 06:21:43.326, 158.45, 98, 6649
2026/08/26 06:21:44.326, 159.81, 100, 6649
2026/08/26 06:21:45.326, 159.36, 100, 6649
2026/08/26 06:21:46.326, 158.38, 98, 6649
2026/08/26 06:21:47.326, 159.28, 100, 6649
2026/08/26 06:21:48.326, 159.28, 100, 6649
2026/08/26 06:21:49.327, 158.36, 98, 6649
2026/08/26 06:21:50.327, 159.34, 100, 6649
2026/08/26 06:21:51.327, 159.81, 100, 6649
2026/08/26 06:21:52.327, 158.52, 98, 6649
2026/08/26 06:21:53.327, 159.40, 100, 6649
2026/08/26 06:21:54.327, 159.36, 100, 6649
2026/08/26 06:21:55.328, 158.60, 98, 6649
2026/08/26 06:21:56.328, 159.48, 100, 6649
2026/08/26 06:21:57.328, 159.57, 100, 6649
2026/08/26 06:21:58.328, 157.60, 90, 6649
2026/08/26 06:21:59.328, 158.49, 100, 6649
2026/08/26 06:22:00.329, 159.69, 100, 6649
2026/08/26 06:22:01.329, 158.20, 98, 6649
2026/08/26 06:22:02.329, 159.35, 100, 6649
2026/08/26 06:22:03.329, 159.71, 100, 6649
2026/08/26 06:22:04.329, 158.38, 98, 6649
2026/08/26 06:22:05.329, 159.00, 100, 6649
2026/08/26 06:22:06.330, 159.52, 100, 6649
2026/08/26 06:22:07.330, 158.13, 98, 6649
2026/08/26 06:22:08.330, 159.12, 100, 6649
2026/08/26 06:22:09.330, 159.31, 100, 6649
2026/08/26 06:22:10.330, 158.23, 98, 6649
2026/08/26 06:22:11.330, 159.14, 100, 6649
2026/08/26 06:22:12.331, 160.12, 100, 6649
2026/08/26 06:22:13.331, 158.43, 98, 6649
2026/08/26 06:22:14.331, 159.15, 100, 6649
2026/08/26 06:22:15.331, 159.95, 100, 6649
2026/08/26 06:22:16.331, 158.38, 98, 6649
2026/08/26 06:22:17.331, 159.03, 100, 6649
2026/08/26 06:22:18.332, 159.39, 100, 6649
2026/08/26 06:22:19.332, 158.05, 98, 6649
2026/08/26 06:22:20.332, 159.15, 100, 6649
2026/08/26 06:22:21.332, 159.77, 100, 6649
2026/08/26 06:22:22.332, 158.40, 98, 6649
2026/08/26 06:22:23.333, 159.06, 100, 6649
2026/08/26 06:22:24.333, 159.77, 100, 6649
2026/08/26 06:22:25.333, 158.62, 98, 6649
2026/08/26 06:22:26.333, 158.84, 100, 6649
2026/08/26 06:22:27.333, 159.38, 100, 6649
2026/08/26 06:22:28.333, 158.75, 100, 6649
2026/08/26 06:22:29.334, 159.20, 100, 6649
2026/08/26 06:22:30.334, 159.98, 100, 6649
2026/08/26 06:22:31.334, 159.04, 100, 6649
2026/08/26 06:22:32.334, 159.02, 100, 6649
2026/08/26 06:22:33.334, 159.68, 100, 6649
2026/08/26 06:22:34.334, 158.93, 100, 6649
2026/08/26 06:22:35.335, 159.12, 100, 6649
2026/08/26 06:22:36.335, 160.27, 100, 6649
2026/08/26 06:22:37.335, 158.92, 100, 6649
2026/08/26 06:22:38.335, 158.95, 100, 6649
2026/08/26 06:22:39.335, 160.31, 100, 6649
2026/08/26 06:22:40.335, 158.80, 100, 6649
2026/08/26 06:22:41.336, 160.17, 100, 6649
2026/08/26 06:22:42.336, 159.17, 100, 6649
2026/08/26 06:22:43.336, 158.59, 100, 6649
2026/08/26 06:22:44.336, 159.62, 100, 6649
2026/08/26 06:22:45.336, 159.16, 100, 6649
2026/08/26 06:22:46.336, 158.84, 100, 6649
2026/08/26 06:22:47.337, 160.12, 100, 6649
2026/08/26 06:22:48.337, 158.97, 100, 6649
2026/08/26 06:22:49.337, 158.53, 100, 6649
2026/08/26 06:22:50.337, 159.54, 100, 6649
2026/08/26 06:22:51.337, 159.20, 100, 6649
2026/08/26 06:22:52.337, 158.82, 100, 6649
2026/08/26 06:22:53.338, 158.45, 94, 6649
2026/08/26 06:22:54.338, 159.43, 100, 6649
2026/08/26 06:22:55.338, 159.18, 100, 6649
2026/08/26 06:22:56.338, 160.20, 99, 6649
2026/08/26 06:22:57.338, 159.65, 100, 6649
2026/08/26 06:22:58.338, 158.83, 100, 6649
2026/08/26 06:22:59.339, 159.58, 99, 6649
2026/08/26 06:23:00.339, 159.33, 100, 6649
2026/08/26 06:23:01.339, 158.63, 100, 6649
2026/08/26 06:23:02.339, 160.13, 98, 6649
2026/08/26 06:23:03.339, 159.15, 100, 6649
2026/08/26 06:23:04.339, 159.18, 100, 6649
2026/08/26 06:23:05.340, 160.07, 100, 6649
2026/08/26 06:23:06.340, 159.83, 100, 6649
2026/08/26 06:23:07.340, 159.07, 100, 6649
2026/08/26 06:23:08.340, 160.12, 100, 6649
2026/08/26 06:23:09.340, 159.56, 100, 6649
2026/08/26 06:23:10.340, 159.80, 99, 6649
2026/08/26 06:23:11.340, 162.55, 100, 6649
2026/08/26 06:23:12.341, 162.20, 100, 6649
2026/08/26 06:23:13.341, 162.53, 100, 6649
2026/08/26 06:23:14.341, 162.60, 100, 6649
2026/08/26 06:23:15.341, 162.82, 100, 6649
2026/08/26 06:23:16.341, 162.98, 100, 6649
2026/08/26 06:23:17.341, 162.81, 100, 6649
2026/08/26 06:23:18.342, 162.65, 100, 6649
2026/08/26 06:23:19.342, 162.84, 100, 6649
2026/08/26 06:23:20.342, 162.82, 100, 6649
2026/08/26 06:23:21.342, 162.82, 100, 6649
2026/08/26 06:23:22.342, 162.99, 100, 6649
2026/08/26 06:23:23.342, 162.51, 100, 6649
2026/08/26 06:23:24.342, 162.81, 100, 6649
2026/08/26 06:23:25.343, 162.76, 100, 6649
2026/08/26 06:23:26.343, 162.71, 99, 6649
2026/08/26 06:23:27.343, 162.68, 100, 6649
2026/08/26 06:23:28.343, 162.80, 100, 6649
2026/08/26 06:23:29.343, 162.83, 100, 6649
2026/08/26 06:23:30.343, 162.96, 100, 6649
2026/08/26 06:23:31.344, 162.90, 100, 6649
2026/08/26 06:23:32.344, 162.82, 99, 6649
2026/08/26 06:23:33.344, 162.84, 100, 6649
2026/08/26 06:23:34.344, 162.82, 100, 6649
2026/08/26 06:23:35.344, 163.43, 100, 6649
2026/08/26 06:23:36.344, 163.95, 100, 6649
2026/08/26 06:23:37.345, 164.04, 100, 6649
2026/08/26 06:23:38.345, 164.04, 99, 6649
2026/08/26 06:23:39.345, 164.09, 100, 6649
2026/08/26 06:23:40.345, 164.19, 100, 6649
2026/08/26 06:23:41.345, 164.16, 100, 6649
2026/08/26 06:23:42.345, 164.29, 100, 6649
2026/08/26 06:23:43.345, 164.06, 100, 6649
2026/08/26 06:23:44.346, 163.97, 100, 6649
2026/08/26 06:23:45.346, 164.18, 100, 6649
2026/08/26 06:23:46.346, 164.20, 100, 6649
2026/08/26 06:23:47.346, 164.25, 100, 6649
2026/08/26 06:23:48.346, 163.81, 99, 6649
2026/08/26 06:23:49.346, 162.51, 100, 6649
2026/08/26 06:23:50.347, 162.57, 100, 6649
2026/08/26 06:23:51.347, 162.40, 99, 6649
2026/08/26 06:23:52.347, 162.41, 100, 6649
2026/08/26 06:23:53.347, 162.37, 100, 6649
2026/08/26 06:23:54.347, 162.36, 99, 6649
2026/08/26 06:23:55.347, 162.58, 100, 6649
2026/08/26 06:23:56.348, 162.55, 100, 6649
2026/08/26 06:23:57.348, 162.17, 99, 6649
2026/08/26 06:23:58.348, 162.46, 100, 6649
2026/08/26 06:23:59.348, 162.53, 100, 6649
2026/08/26 06:24:00.348, 162.37, 100, 6649
2026/08/26 06:24:01.348, 162.73, 100, 6649
2026/08/26 06:24:02.349, 162.35, 100, 6649
2026/08/26 06:24:03.349, 162.43, 99, 6649
2026/08/26 06:24:04.349, 162.44, 100, 6649
2026/08/26 06:24:05.349, 162.44, 100, 6649
2026/08/26 06:24:06.349, 162.37, 100, 6649
2026/08/26 06:24:07.349, 162.66, 100, 6649
2026/08/26 06:24:08.350, 162.65, 100, 6649
2026/08/26 06:24:09.350, 162.29, 99, 6649
2026/08/26 06:24:10.350, 162.39, 100, 6649
2026/08/26 06:24:11.350, 162.24, 100, 6649
2026/08/26 06:24:12.350, 162.51, 100, 6649
2026/08/26 06:24:13.350, 162.34, 100, 6649
2026/08/26 06:24:14.351, 162.16, 100, 6649
2026/08/26 06:24:15.351, 162.18, 100, 6649
2026/08/26 06:24:16.351, 162.32, 100, 6649
2026/08/26 06:24:17.351, 162.43, 100, 6649
2026/08/26 06:24:18.351, 162.37, 100, 6649
2026/08/26 06:24:19.351, 162.05, 100, 6649
2026/08/26 06:24:20.352, 162.36, 100, 6649
2026/08/26 06:24:21.352, 162.45, 100, 6649
2026/08/26 06:24:22.352, 162.31, 100, 6649
2026/08/26 06:24:23.352, 162.24, 99, 6649
2026/08/26 06:24:24.352, 162.17, 100, 6649
2026/08/26 06:24:25.352, 162.37, 100, 6649
2026/08/26 06:24:26.353, 162.26, 99, 6649
2026/08/26 06:24:27.353, 162.39, 100, 6649
2026/08/26 06:24:28.353, 162.21, 100, 6649
2026/08/26 06:24:29.353, 162.53, 100, 6649
2026/08/26 06:24:30.353, 162.55, 100, 6649
2026/08/26 06:24:31.353, 162.38, 100, 6649
2026/08/26 06:24:32.354, 162.34, 99, 6649
2026/08/26 06:24:33.354, 162.56, 100, 6649
2026/08/26 06:24:34.354, 162.52, 100, 6649
2026/08/26 06:24:35.354, 162.54, 100, 6649
2026/08/26 06:24:36.354, 162.42, 100, 6649
2026/08/26 06:24:37.355, 162.45, 100, 6649
2026/08/26 06:24:38.355, 162.52, 100, 6649
2026/08/26 06:24:39.355, 162.38, 100, 6649
2026/08/26 06:24:40.355, 162.47, 100, 6649
2026/08/26 06:24:41.355, 162.21, 99, 6649
2026/08/26 06:24:42.355, 162.25, 100, 6649
2026/08/26 06:24:43.356, 162.34, 100, 6649
2026/08/26 06:24:44.356, 162.31, 100, 6649
2026/08/26 06:24:45.356, 162.37, 100, 6649
2026/08/26 06:24:46.356, 154.50, 98, 6649
2026/08/26 06:24:47.356, 159.98, 100, 6649
2026/08/26 06:24:48.356, 160.09, 100, 6649
2026/08/26 06:24:49.357, 159.36, 98, 6649
2026/08/26 06:24:50.357, 159.79, 100, 6649
2026/08/26 06:24:51.357, 159.71, 100, 6649
2026/08/26 06:24:52.357, 159.05, 98, 6649
2026/08/26 06:24:53.357, 159.87, 100, 6649
2026/08/26 06:24:54.357, 158.44, 100, 6649
2026/08/26 06:24:55.357, 158.47, 98, 6649
2026/08/26 06:24:56.358, 159.43, 100, 6649
2026/08/26 06:24:57.358, 159.63, 100, 6649
2026/08/26 06:24:58.358, 158.53, 98, 6649
2026/08/26 06:24:59.358, 158.38, 100, 6649
2026/08/26 06:25:00.358, 160.02, 100, 6649
2026/08/26 06:25:01.358, 158.42, 98, 6649
2026/08/26 06:25:02.359, 159.38, 100, 6649
2026/08/26 06:25:03.359, 160.02, 100, 6649
2026/08/26 06:25:04.359, 158.68, 98, 6649
2026/08/26 06:25:05.359, 159.52, 100, 6649
2026/08/26 06:25:06.359, 160.31, 100, 6649
2026/08/26 06:25:07.359, 158.79, 98, 6649
2026/08/26 06:25:08.360, 159.59, 100, 6649
2026/08/26 06:25:09.360, 159.88, 100, 6649
2026/08/26 06:25:10.360, 159.04, 98, 6649
2026/08/26 06:25:11.360, 159.53, 100, 6649
2026/08/26 06:25:12.360, 160.63, 100, 6649
2026/08/26 06:25:13.361, 159.08, 99, 6649
2026/08/26 06:25:14.361, 159.52, 100, 6649
2026/08/26 06:25:15.361, 160.54, 100, 6649
2026/08/26 06:25:16.361, 159.42, 99, 6649
2026/08/26 06:25:17.361, 159.77, 100, 6649
2026/08/26 06:25:18.362, 160.16, 100, 6649
2026/08/26 06:25:19.362, 159.02, 100, 6649
2026/08/26 06:25:20.362, 159.28, 100, 6649
2026/08/26 06:25:21.362, 159.98, 100, 6649
2026/08/26 06:25:22.362, 159.42, 100, 6649
2026/08/26 06:25:23.363, 159.48, 100, 6649
2026/08/26 06:25:24.363, 160.16, 100, 6649
2026/08/26 06:25:25.363, 159.27, 100, 6649
2026/08/26 06:25:26.363, 159.54, 100, 6649
2026/08/26 06:25:27.363, 160.63, 100, 6649
2026/08/26 06:25:28.363, 159.43, 100, 6649
2026/08/26 06:25:29.364, 159.32, 100, 6649
2026/08/26 06:25:30.364, 160.47, 100, 6649
2026/08/26 06:25:31.364, 159.04, 100, 6649
2026/08/26 06:25:32.364, 159.38, 100, 6649
2026/08/26 06:25:33.364, 159.84, 100, 6649
2026/08/26 06:25:34.364, 159.60, 100, 6649
2026/08/26 06:25:35.365, 159.38, 100, 6649
2026/08/26 06:25:36.365, 160.15, 100, 6649
2026/08/26 06:25:37.365, 159.18, 100, 6649
2026/08/26 06:25:38.365, 159.05, 100, 6649
2026/08/26 06:25:39.365, 159.93, 100, 6649
2026/08/26 06:25:40.365, 158.96, 100, 6649
2026/08/26 06:25:41.366, 159.05, 100, 6649
2026/08/26 06:25:42.366, 160.43, 100, 6649
2026/08/26 06:25:43.366, 159.08, 100, 6649
2026/08/26 06:25:44.366, 159.38, 100, 6649
2026/08/26 06:25:45.366, 160.63, 100, 6649
2026/08/26 06:25:46.366, 158.88, 100, 6649
2026/08/26 06:25:47.367, 158.79, 100, 6649
2026/08/26 06:25:48.367, 160.33, 100, 6649
2026/08/26 06:25:49.367, 159.65, 100, 6649
2026/08/26 06:25:50.367, 159.18, 100, 6649
2026/08/26 06:25:51.367, 160.26, 100, 6649
2026/08/26 06:25:52.368, 159.60, 100, 6649
2026/08/26 06:25:53.368, 159.19, 99, 6649
2026/08/26 06:25:54.368, 159.83, 100, 6649
2026/08/26 06:25:55.368, 158.50, 100, 6649
2026/08/26 06:25:56.368, 158.68, 98, 6649
2026/08/26 06:25:57.368, 160.06, 100, 6649
2026/08/26 06:25:58.369, 159.22, 100, 6649
2026/08/26 06:25:59.369, 158.99, 98, 6649
2026/08/26 06:26:00.369, 160.98, 100, 6649
2026/08/26 06:26:01.369, 159.67, 100, 6649
2026/08/26 06:26:02.369, 157.82, 98, 6649
2026/08/26 06:26:03.369, 159.63, 100, 6649
2026/08/26 06:26:04.370, 159.65, 100, 6649
2026/08/26 06:26:05.370, 159.12, 98, 6649
2026/08/26 06:26:06.370, 159.47, 100, 6649
2026/08/26 06:26:07.370, 159.81, 100, 6649
2026/08/26 06:26:08.370, 158.76, 98, 6649
2026/08/26 06:26:09.371, 159.55, 100, 6649
2026/08/26 06:26:10.371, 159.94, 100, 6649
2026/08/26 06:26:11.371, 158.61, 98, 6649
2026/08/26 06:26:12.371, 159.46, 100, 6649
2026/08/26 06:26:13.371, 159.56, 100, 6649
2026/08/26 06:26:14.371, 159.01, 98, 6649
2026/08/26 06:26:15.372, 159.73, 100, 6649
2026/08/26 06:26:16.372, 159.66, 100, 6649
2026/08/26 06:26:17.372, 158.72, 98, 6649
2026/08/26 06:26:18.372, 159.42, 100, 6649
2026/08/26 06:26:19.372, 159.53, 100, 6649
2026/08/26 06:26:20.372, 158.64, 98, 6649
2026/08/26 06:26:21.373, 160.11, 100, 6649
2026/08/26 06:26:22.373, 159.64, 100, 6649
2026/08/26 06:26:23.373, 158.34, 98, 6649
2026/08/26 06:26:24.373, 159.88, 100, 6649
2026/08/26 06:26:25.373, 159.62, 100, 6649
2026/08/26 06:26:26.373, 158.82, 98, 6649
2026/08/26 06:26:27.374, 159.99, 100, 6649
2026/08/26 06:26:28.374, 159.69, 100, 6649
2026/08/26 06:26:29.374, 158.63, 98, 6649
2026/08/26 06:26:30.374, 158.90, 100, 6649
2026/08/26 06:26:31.374, 159.75, 100, 6649
2026/08/26 06:26:32.374, 158.19, 98, 6649
2026/08/26 06:26:33.375, 159.31, 100, 6649
2026/08/26 06:26:34.375, 159.80, 100, 6649
2026/08/26 06:26:35.375, 158.68, 98, 6649
2026/08/26 06:26:36.375, 159.26, 100, 6649
2026/08/26 06:26:37.375, 159.94, 100, 6649
2026/08/26 06:26:38.375, 158.71, 98, 6649
2026/08/26 06:26:39.376, 159.44, 100, 6649
2026/08/26 06:26:40.376, 159.56, 100, 6649
2026/08/26 06:26:41.376, 158.31, 98, 6649
2026/08/26 06:26:42.376, 159.14, 100, 6649
2026/08/26 06:26:43.376, 159.84, 100, 6649
2026/08/26 06:26:44.377, 158.17, 98, 6649
2026/08/26 06:26:45.377, 159.39, 100, 6649
2026/08/26 06:26:46.377, 159.49, 100, 6649
2026/08/26 06:26:47.377, 158.38, 98, 6649
2026/08/26 06:26:48.377, 159.35, 100, 6649
2026/08/26 06:26:49.377, 159.86, 100, 6649
2026/08/26 06:26:50.378, 158.41, 98, 6649
2026/08/26 06:26:51.378, 159.28, 100, 6649
2026/08/26 06:26:52.378, 159.94, 100, 6649
2026/08/26 06:26:53.378, 158.38, 98, 6649
2026/08/26 06:26:54.378, 159.21, 100, 6649
2026/08/26 06:26:55.378, 158.38, 100, 6649
2026/08/26 06:26:56.379, 158.51, 98, 6649
2026/08/26 06:26:57.379, 158.95, 100, 6649
2026/08/26 06:26:58.379, 159.62, 100, 6649
2026/08/26 06:26:59.379, 158.79, 99, 6649
2026/08/26 06:27:00.379, 158.17, 100, 6649
2026/08/26 06:27:01.379, 160.16, 100, 6649
2026/08/26 06:27:02.380, 159.06, 100, 6649
2026/08/26 06:27:03.380, 159.60, 100, 6649
2026/08/26 06:27:04.380, 160.02, 100, 6649
2026/08/26 06:27:05.380, 159.22, 100, 6649
2026/08/26 06:27:06.380, 159.27, 100, 6649
2026/08/26 06:27:07.381, 160.14, 100, 6649
2026/08/26 06:27:08.381, 159.28, 100, 6649
2026/08/26 06:27:09.381, 159.71, 100, 6649
2026/08/26 06:27:10.381, 159.91, 100, 6649
2026/08/26 06:27:11.381, 159.41, 100, 6649
2026/08/26 06:27:12.381, 159.41, 100, 6649
2026/08/26 06:27:13.382, 159.94, 100, 6649
2026/08/26 06:27:14.382, 159.53, 100, 6649
2026/08/26 06:27:15.382, 159.12, 100, 6649
2026/08/26 06:27:16.382, 160.51, 100, 6649
2026/08/26 06:27:17.382, 158.96, 100, 6649
2026/08/26 06:27:18.383, 159.53, 100, 6649
2026/08/26 06:27:19.383, 160.38, 100, 6649
2026/08/26 06:27:20.383, 159.55, 100, 6649
2026/08/26 06:27:21.383, 159.39, 100, 6649
2026/08/26 06:27:22.383, 160.28, 100, 6649
2026/08/26 06:27:23.384, 158.96, 100, 6649
2026/08/26 06:27:24.384, 159.35, 100, 6649
2026/08/26 06:27:25.384, 159.93, 100, 6649
2026/08/26 06:27:26.384, 159.35, 100, 6649
2026/08/26 06:27:27.384, 158.99, 100, 6649
2026/08/26 06:27:28.384, 159.82, 100, 6649
2026/08/26 06:27:29.385, 159.27, 100, 6649
2026/08/26 06:27:30.385, 159.85, 100, 6649
2026/08/26 06:27:31.385, 159.54, 100, 6649
2026/08/26 06:27:32.385, 159.36, 100, 6649
2026/08/26 06:27:33.385, 159.25, 100, 6649
2026/08/26 06:27:34.385, 159.88, 100, 6649
2026/08/26 06:27:35.386, 158.92, 100, 6649
2026/08/26 06:27:36.386, 158.33, 100, 6649
2026/08/26 06:27:37.386, 160.65, 100, 6649
2026/08/26 06:27:38.386, 158.98, 100, 6649
2026/08/26 06:27:39.386, 158.85, 100, 6649
2026/08/26 06:27:40.387, 160.40, 100, 6649
2026/08/26 06:27:41.387, 158.94, 100, 6649
2026/08/26 06:27:42.387, 159.19, 100, 6649
2026/08/26 06:27:43.387, 160.09, 100, 6649
2026/08/26 06:27:44.387, 158.79, 100, 6649
2026/08/26 06:27:45.387, 158.38, 99, 6649
2026/08/26 06:27:46.388, 160.02, 100, 6649
2026/08/26 06:27:47.388, 159.44, 100, 6649
2026/08/26 06:27:48.388, 159.22, 99, 6649
2026/08/26 06:27:49.388, 160.00, 100, 6649
2026/08/26 06:27:50.389, 159.21, 100, 6649
2026/08/26 06:27:51.389, 158.96, 99, 6649
2026/08/26 06:27:52.389, 159.50, 100, 6649
2026/08/26 06:27:53.389, 158.77, 100, 6649
2026/08/26 06:27:54.389, 158.75, 98, 6649
2026/08/26 06:27:55.389, 159.79, 100, 6649
2026/08/26 06:27:56.390, 157.99, 100, 6649
2026/08/26 06:27:57.390, 158.86, 98, 6649
2026/08/26 06:27:58.390, 160.18, 100, 6649
2026/08/26 06:27:59.390, 159.43, 100, 6649
2026/08/26 06:28:00.390, 158.47, 98, 6649
2026/08/26 06:28:01.390, 158.73, 100, 6649
2026/08/26 06:28:02.391, 158.32, 100, 6649
2026/08/26 06:28:03.391, 162.07, 100, 6649
2026/08/26 06:28:04.391, 162.04, 100, 6649
2026/08/26 06:28:05.391, 162.10, 99, 6649
2026/08/26 06:28:06.391, 162.34, 100, 6649
2026/08/26 06:28:07.391, 162.04, 100, 6649
2026/08/26 06:28:08.392, 162.33, 100, 6649
2026/08/26 06:28:09.392, 162.17, 100, 6649
2026/08/26 06:28:10.392, 162.23, 100, 6649
2026/08/26 06:28:11.392, 161.87, 99, 6649
2026/08/26 06:28:12.392, 162.21, 100, 6649
2026/08/26 06:28:13.392, 162.40, 100, 6649
2026/08/26 06:28:14.393, 162.41, 100, 6649
2026/08/26 06:28:15.393, 162.16, 100, 6649
2026/08/26 06:28:16.393, 162.31, 100, 6649
2026/08/26 06:28:17.393, 162.14, 100, 6649
2026/08/26 06:28:18.393, 162.50, 100, 6649
2026/08/26 06:28:19.393, 162.40, 100, 6649
2026/08/26 06:28:20.394, 162.06, 100, 6649
2026/08/26 06:28:21.394, 162.24, 100, 6649
2026/08/26 06:28:22.394, 162.27, 100, 6649
2026/08/26 06:28:23.394, 162.20, 100, 6649
2026/08/26 06:28:24.394, 162.37, 100, 6649
2026/08/26 06:28:25.394, 162.20, 100, 6649
2026/08/26 06:28:26.395, 162.38, 100, 6649
2026/08/26 06:28:27.395, 162.29, 100, 6649
2026/08/26 06:28:28.395, 162.14, 100, 6649
2026/08/26 06:28:29.395, 162.20, 99, 6649
2026/08/26 06:28:30.395, 162.05, 100, 6649
2026/08/26 06:28:31.395, 162.03, 100, 6649
2026/08/26 06:28:32.396, 161.83, 100, 6649
2026/08/26 06:28:33.396, 161.90, 100, 6649
2026/08/26 06:28:34.396, 161.91, 100, 6649
2026/08/26 06:28:35.396, 162.22, 100, 6649
2026/08/26 06:28:36.396, 162.11, 100, 6649
2026/08/26 06:28:37.397, 161.93, 99, 6649
2026/08/26 06:28:38.397, 162.23, 100, 6649
2026/08/26 06:28:39.397, 162.24, 100, 6649
2026/08/26 06:28:40.397, 162.24, 100, 6649
2026/08/26 06:28:41.397, 162.34, 100, 6649
2026/08/26 06:28:42.397, 162.12, 100, 6649
2026/08/26 06:28:43.398, 162.37, 100, 6649
2026/08/26 06:28:44.398, 162.35, 100, 6649
2026/08/26 06:28:45.398, 162.30, 100, 6649
2026/08/26 06:28:46.398, 162.23, 99, 6649
2026/08/26 06:28:47.398, 162.35, 100, 6649
2026/08/26 06:28:48.399, 162.38, 100, 6649
2026/08/26 06:28:49.399, 162.48, 99, 6649
2026/08/26 06:28:50.399, 162.26, 100, 6649
2026/08/26 06:28:51.399, 162.36, 100, 6649
2026/08/26 06:28:52.399, 162.51, 99, 6649
2026/08/26 06:28:53.399, 162.47, 100, 6649
2026/08/26 06:28:54.400, 162.53, 100, 6649
2026/08/26 06:28:55.400, 162.00, 99, 6649
2026/08/26 06:28:56.400, 162.33, 100, 6649
2026/08/26 06:28:57.400, 162.38, 100, 6649
2026/08/26 06:28:58.400, 162.39, 99, 6649
2026/08/26 06:28:59.401, 162.30, 100, 6649
2026/08/26 06:29:00.401, 162.45, 100, 6649
2026/08/26 06:29:01.401, 162.32, 99, 6649
2026/08/26 06:29:02.401, 162.33, 100, 6649
2026/08/26 06:29:03.401, 162.29, 100, 6649
2026/08/26 06:29:04.401, 162.29, 99, 6649
2026/08/26 06:29:05.402, 162.46, 100, 6649
2026/08/26 06:29:06.402, 162.30, 100, 6649
2026/08/26 06:29:07.402, 162.40, 99, 6649
2026/08/26 06:29:08.402, 162.22, 100, 6649
2026/08/26 06:29:09.402, 162.26, 100, 6649
2026/08/26 06:29:10.402, 162.26, 99, 6649
2026/08/26 06:29:11.403, 162.29, 100, 6649
2026/08/26 06:29:12.403, 162.07, 99, 6649
2026/08/26 06:29:13.403, 162.32, 99, 6649
2026/08/26 06:29:14.403, 162.18, 100, 6649
2026/08/26 06:29:15.403, 162.24, 99, 6649
2026/08/26 06:29:16.404, 162.25, 100, 6649
2026/08/26 06:29:17.404, 161.95, 100, 6649
2026/08/26 06:29:18.404, 162.30, 100, 6649
2026/08/26 06:29:19.404, 162.10, 100, 6649
2026/08/26 06:29:20.404, 162.28, 100, 6649
2026/08/26 06:29:21.404, 162.02, 99, 6649
2026/08/26 06:29:22.405, 162.39, 100, 6649
2026/08/26 06:29:23.405, 162.37, 100, 6649
2026/08/26 06:29:24.405, 162.44, 100, 6649
2026/08/26 06:29:25.405, 162.27, 100, 6649
2026/08/26 06:29:26.405, 162.37, 100, 6649
2026/08/26 06:29:27.405, 162.49, 100, 6649
2026/08/26 06:29:28.406, 162.49, 100, 6649
2026/08/26 06:29:29.406, 162.49, 100, 6649
2026/08/26 06:29:30.406, 162.36, 99, 6649
2026/08/26 06:29:31.406, 162.47, 100, 6649
2026/08/26 06:29:32.406, 162.67, 100, 6649
2026/08/26 06:29:33.406, 162.52, 100, 6649
2026/08/26 06:29:34.407, 162.47, 100, 6649
2026/08/26 06:29:35.407, 162.36, 100, 6649
2026/08/26 06:29:36.407, 162.44, 100, 6649
2026/08/26 06:29:37.407, 162.25, 100, 6649
2026/08/26 06:29:38.407, 155.88, 83, 6649
2026/08/26 06:29:39.407, 157.35, 100, 6649
2026/08/26 06:29:40.408, 159.60, 100, 6649
2026/08/26 06:29:41.408, 158.77, 98, 6649
2026/08/26 06:29:42.408, 159.46, 100, 6649
2026/08/26 06:29:43.408, 159.20, 100, 6649
2026/08/26 06:29:44.408, 158.74, 98, 6649
2026/08/26 06:29:45.408, 159.78, 100, 6649
2026/08/26 06:29:46.409, 159.54, 100, 6649
2026/08/26 06:29:47.409, 158.86, 98, 6649
2026/08/26 06:29:48.409, 159.67, 100, 6649
2026/08/26 06:29:49.409, 159.58, 100, 6649
2026/08/26 06:29:50.409, 158.84, 98, 6649
2026/08/26 06:29:51.409, 159.55, 100, 6649
2026/08/26 06:29:52.410, 159.22, 100, 6649
2026/08/26 06:29:53.410, 158.88, 98, 6649
2026/08/26 06:29:54.410, 159.60, 100, 6649
2026/08/26 06:29:55.410, 159.30, 100, 6649
2026/08/26 06:29:56.410, 158.68, 98, 6649
2026/08/26 06:29:57.410, 159.23, 100, 6649
2026/08/26 06:29:58.411, 159.62, 100, 6649
2026/08/26 06:29:59.411, 158.43, 98, 6649
2026/08/26 06:30:00.411, 159.51, 100, 6649
2026/08/26 06:30:01.411, 159.20, 100, 6649
2026/08/26 06:30:02.411, 157.36, 90, 6649
2026/08/26 06:30:03.411, 157.99, 100, 6649
2026/08/26 06:30:04.412, 158.99, 100, 6649
2026/08/26 06:30:05.412, 158.27, 98, 6649
2026/08/26 06:30:06.412, 159.15, 100, 6649
2026/08/26 06:30:07.412, 159.11, 100, 6649
2026/08/26 06:30:08.412, 158.20, 98, 6649
2026/08/26 06:30:09.412, 160.01, 100, 6649
2026/08/26 06:30:10.413, 159.73, 100, 6649
2026/08/26 06:30:11.413, 158.05, 98, 6649
2026/08/26 06:30:12.413, 160.27, 100, 6649
2026/08/26 06:30:13.413, 159.01, 100, 6649
2026/08/26 06:30:14.413, 158.70, 98, 6649
2026/08/26 06:30:15.413, 159.93, 100, 6649
2026/08/26 06:30:16.414, 159.50, 100, 6649
2026/08/26 06:30:17.414, 159.27, 98, 6649
2026/08/26 06:30:18.414, 160.23, 100, 6649
2026/08/26 06:30:19.414, 159.22, 100, 6649
2026/08/26 06:30:20.414, 158.67, 99, 6649
2026/08/26 06:30:21.414, 159.69, 100, 6649
2026/08/26 06:30:22.415, 159.38, 100, 6649
2026/08/26 06:30:23.415, 159.10, 100, 6649
2026/08/26 06:30:24.415, 159.61, 100, 6649
2026/08/26 06:30:25.415, 159.13, 100, 6649
2026/08/26 06:30:26.415, 158.84, 100, 6649
2026/08/26 06:30:27.415, 158.75, 100, 6649
2026/08/26 06:30:28.416, 159.65, 100, 6649
2026/08/26 06:30:29.416, 158.67, 98, 6649
2026/08/26 06:30:30.416, 160.01, 100, 6649
2026/08/26 06:30:31.416, 159.48, 100, 6649
2026/08/26 06:30:32.416, 157.48, 89, 6649
2026/08/26 06:30:33.417, 158.11, 100, 6649
2026/08/26 06:30:34.417, 159.72, 100, 6649
2026/08/26 06:30:35.417, 158.52, 98, 6649
2026/08/26 06:30:36.417, 159.40, 100, 6649
2026/08/26 06:30:37.417, 159.50, 100, 6649
2026/08/26 06:30:38.417, 158.78, 98, 6649
2026/08/26 06:30:39.418, 159.31, 100, 6649
2026/08/26 06:30:40.418, 159.57, 100, 6649
2026/08/26 06:30:41.418, 158.67, 98, 6649
2026/08/26 06:30:42.418, 159.31, 100, 6649
2026/08/26 06:30:43.418, 159.53, 100, 6649
2026/08/26 06:30:44.418, 158.35, 98, 6649
2026/08/26 06:30:45.419, 159.33, 100, 6649
2026/08/26 06:30:46.419, 159.82, 100, 6649
2026/08/26 06:30:47.419, 158.37, 98, 6649
2026/08/26 06:30:48.419, 159.29, 100, 6649
2026/08/26 06:30:49.419, 159.71, 100, 6649
2026/08/26 06:30:50.419, 158.27, 98, 6649
2026/08/26 06:30:51.420, 159.20, 100, 6649
2026/08/26 06:30:52.420, 159.84, 100, 6649
2026/08/26 06:30:53.420, 158.08, 98, 6649
2026/08/26 06:30:54.420, 159.25, 100, 6649
2026/08/26 06:30:55.420, 159.98, 100, 6649
2026/08/26 06:30:56.420, 157.78, 98, 6649
2026/08/26 06:30:57.421, 158.98, 100, 6649
2026/08/26 06:30:58.421, 159.42, 100, 6649
2026/08/26 06:30:59.421, 158.40, 98, 6649
2026/08/26 06:31:00.421, 159.34, 100, 6649
2026/08/26 06:31:01.421, 159.87, 100, 6649
2026/08/26 06:31:02.421, 158.80, 100, 6649
2026/08/26 06:31:03.422, 158.16, 100, 6649
2026/08/26 06:31:04.422, 159.54, 100, 6649
2026/08/26 06:31:05.422, 158.80, 100, 6649
2026/08/26 06:31:06.422, 159.00, 100, 6649
2026/08/26 06:31:07.422, 159.55, 100, 6649
2026/08/26 06:31:08.422, 158.86, 100, 6649
2026/08/26 06:31:09.423, 158.77, 100, 6649
2026/08/26 06:31:10.423, 159.71, 100, 6649
2026/08/26 06:31:11.423, 159.02, 100, 6649
2026/08/26 06:31:12.423, 158.62, 100, 6649
2026/08/26 06:31:13.423, 159.44, 100, 6649
2026/08/26 06:31:14.423, 158.45, 100, 6649
2026/08/26 06:31:15.424, 159.00, 100, 6649
2026/08/26 06:31:16.424, 160.08, 100, 6649
2026/08/26 06:31:17.424, 158.71, 100, 6649
2026/08/26 06:31:18.424, 158.48, 100, 6649
2026/08/26 06:31:19.424, 159.67, 100, 6649
2026/08/26 06:31:20.424, 158.94, 100, 6649
2026/08/26 06:31:21.425, 158.85, 99, 6649
2026/08/26 06:31:22.425, 159.74, 100, 6649
2026/08/26 06:31:23.425, 159.17, 100, 6649
2026/08/26 06:31:24.425, 158.76, 98, 6649
2026/08/26 06:31:25.425, 159.33, 100, 6649
2026/08/26 06:31:26.425, 159.21, 100, 6649
2026/08/26 06:31:27.426, 158.94, 98, 6649
2026/08/26 06:31:28.426, 158.45, 100, 6649
2026/08/26 06:31:29.426, 159.20, 100, 6649
2026/08/26 06:31:30.426, 158.99, 98, 6649
2026/08/26 06:31:31.426, 159.96, 100, 6649
2026/08/26 06:31:32.426, 159.56, 100, 6649
2026/08/26 06:31:33.426, 157.65, 89, 6649
2026/08/26 06:31:34.427, 158.26, 100, 6649
2026/08/26 06:31:35.427, 159.57, 100, 6649
2026/08/26 06:31:36.427, 158.73, 98, 6649
2026/08/26 06:31:37.427, 159.44, 100, 6649
2026/08/26 06:31:38.427, 159.17, 100, 6649
2026/08/26 06:31:39.427, 158.72, 98, 6649
2026/08/26 06:31:40.428, 159.43, 100, 6649
2026/08/26 06:31:41.428, 159.49, 100, 6649
2026/08/26 06:31:42.428, 158.65, 98, 6649
2026/08/26 06:31:43.428, 159.13, 100, 6649
2026/08/26 06:31:44.428, 159.61, 100, 6649
2026/08/26 06:31:45.428, 158.55, 98, 6649
2026/08/26 06:31:46.429, 159.88, 100, 6649
2026/08/26 06:31:47.429, 159.63, 100, 6649
2026/08/26 06:31:48.429, 158.38, 97, 6649
2026/08/26 06:31:49.429, 159.41, 100, 6649
2026/08/26 06:31:50.429, 159.66, 100, 6649
2026/08/26 06:31:51.429, 158.43, 98, 6649
2026/08/26 06:31:52.430, 159.34, 100, 6649
2026/08/26 06:31:53.430, 159.20, 100, 6649
2026/08/26 06:31:54.430, 158.53, 98, 6649
2026/08/26 06:31:55.430, 159.70, 100, 6649
2026/08/26 06:31:56.430, 159.74, 100, 6649
2026/08/26 06:31:57.430, 158.37, 98, 6649
2026/08/26 06:31:58.431, 158.17, 100, 6649
2026/08/26 06:31:59.431, 159.94, 100, 6649
2026/08/26 06:32:00.431, 158.51, 98, 6649
2026/08/26 06:32:01.431, 159.15, 100, 6649
2026/08/26 06:32:02.431, 159.82, 100, 6649
2026/08/26 06:32:03.432, 157.33, 89, 6649
2026/08/26 06:32:04.432, 157.99, 100, 6649
2026/08/26 06:32:05.432, 159.44, 100, 6649
2026/08/26 06:32:06.432, 158.24, 98, 6649
2026/08/26 06:32:07.432, 159.99, 100, 6649
2026/08/26 06:32:08.432, 160.02, 100, 6649
2026/08/26 06:32:09.433, 158.64, 98, 6649
2026/08/26 06:32:10.433, 160.28, 100, 6649
2026/08/26 06:32:11.433, 159.94, 100, 6649
2026/08/26 06:32:12.433, 158.43, 98, 6649
2026/08/26 06:32:13.433, 160.11, 100, 6649
2026/08/26 06:32:14.434, 159.97, 100, 6649
2026/08/26 06:32:15.434, 158.38, 98, 6649
2026/08/26 06:32:16.434, 159.21, 100, 6649
2026/08/26 06:32:17.434, 159.80, 100, 6649
2026/08/26 06:32:18.434, 158.86, 99, 6649
2026/08/26 06:32:19.434, 159.20, 100, 6649
2026/08/26 06:32:20.435, 159.88, 100, 6649
2026/08/26 06:32:21.435, 158.94, 99, 6649
2026/08/26 06:32:22.435, 159.41, 100, 6649
2026/08/26 06:32:23.435, 160.57, 100, 6649
2026/08/26 06:32:24.435, 159.18, 99, 6649
2026/08/26 06:32:25.435, 159.80, 100, 6649
2026/08/26 06:32:26.436, 159.95, 100, 6649
2026/08/26 06:32:27.436, 158.85, 100, 6649
2026/08/26 06:32:28.436, 157.85, 100, 6649
2026/08/26 06:32:29.436, 160.05, 100, 6649
2026/08/26 06:32:30.436, 158.88, 100, 6649
2026/08/26 06:32:31.437, 159.43, 100, 6649
2026/08/26 06:32:32.437, 160.43, 100, 6649
2026/08/26 06:32:33.437, 159.26, 100, 6649
2026/08/26 06:32:34.437, 158.23, 100, 6649
2026/08/26 06:32:35.437, 159.72, 100, 6649
2026/08/26 06:32:36.437, 158.64, 100, 6649
2026/08/26 06:32:37.438, 158.72, 100, 6649
2026/08/26 06:32:38.438, 159.86, 100, 6649
2026/08/26 06:32:39.438, 158.99, 100, 6649
2026/08/26 06:32:40.438, 159.39, 100, 6649
2026/08/26 06:32:41.438, 160.51, 100, 6649
2026/08/26 06:32:42.438, 158.92, 100, 6649
2026/08/26 06:32:43.439, 158.82, 100, 6649
2026/08/26 06:32:44.439, 159.93, 100, 6649
2026/08/26 06:32:45.439, 159.14, 100, 6649
2026/08/26 06:32:46.439, 158.87, 100, 6649
2026/08/26 06:32:47.439, 160.35, 100, 6649
2026/08/26 06:32:48.439, 159.13, 100, 6649
2026/08/26 06:32:49.440, 158.92, 100, 6649
2026/08/26 06:32:50.440, 159.85, 100, 6649
2026/08/26 06:32:51.440, 158.68, 100, 6649
2026/08/26 06:32:52.440, 158.60, 100, 6649
2026/08/26 06:32:53.440, 159.88, 100, 6649
2026/08/26 06:32:54.441, 159.20, 100, 6649
2026/08/26 06:32:55.441, 158.86, 100, 6649
2026/08/26 06:32:56.441, 162.66, 100, 6649
2026/08/26 06:32:57.441, 162.46, 99, 6649
2026/08/26 06:32:58.441, 163.74, 100, 6649
2026/08/26 06:32:59.441, 163.69, 100, 6649
2026/08/26 06:33:00.441, 163.76, 99, 6649
2026/08/26 06:33:01.442, 163.83, 100, 6649
2026/08/26 06:33:02.442, 163.96, 100, 6649
2026/08/26 06:33:03.442, 163.70, 100, 6649
2026/08/26 06:33:04.442, 163.57, 100, 6649
2026/08/26 06:33:05.442, 163.27, 100, 6649
2026/08/26 06:33:06.443, 163.15, 100, 6649
2026/08/26 06:33:07.443, 163.87, 100, 6649
2026/08/26 06:33:08.443, 162.19, 100, 6649
2026/08/26 06:33:09.443, 162.43, 100, 6649
2026/08/26 06:33:10.443, 162.15, 100, 6649
2026/08/26 06:33:11.443, 162.34, 100, 6649
2026/08/26 06:33:12.443, 162.28, 100, 6649
2026/08/26 06:33:13.444, 162.18, 99, 6649
2026/08/26 06:33:14.444, 162.35, 100, 6649
2026/08/26 06:33:15.444, 162.33, 100, 6649
2026/08/26 06:33:16.444, 162.26, 99, 6649
2026/08/26 06:33:17.444, 162.14, 100, 6649
2026/08/26 06:33:18.444, 162.25, 100, 6649
2026/08/26 06:33:19.445, 162.10, 99, 6649
2026/08/26 06:33:20.445, 162.37, 100, 6649
2026/08/26 06:33:21.445, 162.23, 100, 6649
2026/08/26 06:33:22.445, 162.33, 99, 6649
2026/08/26 06:33:23.445, 162.26, 100, 6649
2026/08/26 06:33:24.446, 162.31, 100, 6649
2026/08/26 06:33:25.446, 162.52, 99, 6649
2026/08/26 06:33:26.446, 162.48, 100, 6649
2026/08/26 06:33:27.446, 162.39, 100, 6649
2026/08/26 06:33:28.446, 162.39, 99, 6649
2026/08/26 06:33:29.446, 162.46, 100, 6649
2026/08/26 06:33:30.447, 162.45, 100, 6649
2026/08/26 06:33:31.447, 162.70, 100, 6649
2026/08/26 06:33:32.447, 162.45, 100, 6649
2026/08/26 06:33:33.447, 162.34, 100, 6649
2026/08/26 06:33:34.447, 162.19, 100, 6649
2026/08/26 06:33:35.447, 162.54, 100, 6649
2026/08/26 06:33:36.448, 162.43, 99, 6649
2026/08/26 06:33:37.448, 162.49, 100, 6649
2026/08/26 06:33:38.448, 162.37, 100, 6649
2026/08/26 06:33:39.448, 162.46, 100, 6649
2026/08/26 06:33:40.448, 162.29, 100, 6649
2026/08/26 06:33:41.449, 162.38, 100, 6649
2026/08/26 06:33:42.449, 162.35, 99, 6649
2026/08/26 06:33:43.449, 162.26, 100, 6649
2026/08/26 06:33:44.449, 162.57, 100, 6649
2026/08/26 06:33:45.449, 162.46, 100, 6649
2026/08/26 06:33:46.449, 162.58, 100, 6649
2026/08/26 06:33:47.449, 162.48, 100, 6649
2026/08/26 06:33:48.450, 162.71, 100, 6649
2026/08/26 06:33:49.450, 162.55, 100, 6649
2026/08/26 06:33:50.450, 162.57, 100, 6649
2026/08/26 06:33:51.450, 162.37, 99, 6649
2026/08/26 06:33:52.450, 162.38, 100, 6649
2026/08/26 06:33:53.450, 162.46, 100, 6649
2026/08/26 06:33:54.451, 162.46, 99, 6649
2026/08/26 06:33:55.451, 162.63, 100, 6649
2026/08/26 06:33:56.451, 162.38, 100, 6649
2026/08/26 06:33:57.451, 162.37, 99, 6649
2026/08/26 06:33:58.451, 162.62, 100, 6649
2026/08/26 06:33:59.451, 162.57, 100, 6649
2026/08/26 06:34:00.452, 162.16, 99, 6649
2026/08/26 06:34:01.452, 162.18, 100, 6649
2026/08/26 06:34:02.452, 162.51, 100, 6649
2026/08/26 06:34:03.452, 162.29, 99, 6649
2026/08/26 06:34:04.452, 162.52, 100, 6649
2026/08/26 06:34:05.452, 162.44, 100, 6649
2026/08/26 06:34:06.453, 162.54, 100, 6649
2026/08/26 06:34:07.453, 162.48, 100, 6649
2026/08/26 06:34:08.453, 162.48, 100, 6649
2026/08/26 06:34:09.453, 162.43, 99, 6649
2026/08/26 06:34:10.453, 162.57, 100, 6649
2026/08/26 06:34:11.454, 162.36, 100, 6649
2026/08/26 06:34:12.454, 162.31, 99, 6649
2026/08/26 06:34:13.454, 162.39, 100, 6649
2026/08/26 06:34:14.454, 162.45, 100, 6649
2026/08/26 06:34:15.454, 162.45, 100, 6649
2026/08/26 06:34:16.454, 162.52, 100, 6649
2026/08/26 06:34:17.455, 162.45, 99, 6649
2026/08/26 06:34:18.455, 162.29, 100, 6649
2026/08/26 06:34:19.455, 162.53, 100, 6649
2026/08/26 06:34:20.455, 162.64, 100, 6649
2026/08/26 06:34:21.455, 162.47, 100, 6649
2026/08/26 06:34:22.455, 162.42, 100, 6649
2026/08/26 06:34:23.456, 162.52, 99, 6649
2026/08/26 06:34:24.456, 162.51, 100, 6649
2026/08/26 06:34:25.456, 162.62, 100, 6649
2026/08/26 06:34:26.456, 162.63, 99, 6649
2026/08/26 06:34:27.456, 162.37, 100, 6649
2026/08/26 06:34:28.456, 162.31, 100, 6649
2026/08/26 06:34:29.457, 162.19, 99, 6649
2026/08/26 06:34:30.457, 162.25, 100, 6649
2026/08/26 06:34:31.457, 156.19, 100, 6649
2026/08/26 06:34:32.457, 159.04, 98, 6649
2026/08/26 06:34:33.457, 159.87, 100, 6649
2026/08/26 06:34:34.457, 159.28, 100, 6649
2026/08/26 06:34:35.457, 158.90, 98, 6649
2026/08/26 06:34:36.458, 160.11, 100, 6649
2026/08/26 06:34:37.458, 159.88, 100, 6649
2026/08/26 06:34:38.458, 159.09, 98, 6649
2026/08/26 06:34:39.458, 160.07, 100, 6649
2026/08/26 06:34:40.458, 159.27, 100, 6649
2026/08/26 06:34:41.459, 158.91, 98, 6649
2026/08/26 06:34:42.459, 159.74, 100, 6649
2026/08/26 06:34:43.459, 159.49, 100, 6649
2026/08/26 06:34:44.459, 158.82, 98, 6649
2026/08/26 06:34:45.459, 159.84, 100, 6649
2026/08/26 06:34:46.459, 159.46, 100, 6649
2026/08/26 06:34:47.459, 159.10, 98, 6649
2026/08/26 06:34:48.460, 159.88, 100, 6649
2026/08/26 06:34:49.460, 159.59, 100, 6649
2026/08/26 06:34:50.460, 158.73, 98, 6649
2026/08/26 06:34:51.460, 160.26, 100, 6649
2026/08/26 06:34:52.460, 159.68, 100, 6649
2026/08/26 06:34:53.460, 159.03, 98, 6649
2026/08/26 06:34:54.461, 159.74, 100, 6649
2026/08/26 06:34:55.461, 159.11, 100, 6649
2026/08/26 06:34:56.461, 158.67, 98, 6649
2026/08/26 06:34:57.461, 160.17, 100, 6649
2026/08/26 06:34:58.461, 160.04, 100, 6649
2026/08/26 06:34:59.461, 159.29, 98, 6649
2026/08/26 06:35:00.462, 160.25, 100, 6649
2026/08/26 06:35:01.462, 159.81, 100, 6649
2026/08/26 06:35:02.462, 158.93, 98, 6649
2026/08/26 06:35:03.462, 159.73, 100, 6649
2026/08/26 06:35:04.462, 159.70, 100, 6649
2026/08/26 06:35:05.462, 157.55, 89, 6649
2026/08/26 06:35:06.463, 160.46, 100, 6649
2026/08/26 06:35:07.463, 159.45, 100, 6649
2026/08/26 06:35:08.463, 158.62, 98, 6649
2026/08/26 06:35:09.463, 159.67, 100, 6649
2026/08/26 06:35:10.463, 159.52, 100, 6649
2026/08/26 06:35:11.464, 158.84, 98, 6649
2026/08/26 06:35:12.464, 159.70, 100, 6649
2026/08/26 06:35:13.464, 159.75, 100, 6649
2026/08/26 06:35:14.464, 158.63, 98, 6649
2026/08/26 06:35:15.464, 159.46, 100, 6649
2026/08/26 06:35:16.464, 160.06, 100, 6649
2026/08/26 06:35:17.465, 158.45, 98, 6649
2026/08/26 06:35:18.465, 159.60, 100, 6649
2026/08/26 06:35:19.465, 159.89, 100, 6649
2026/08/26 06:35:20.465, 158.12, 98, 6649
2026/08/26 06:35:21.465, 159.27, 100, 6649
2026/08/26 06:35:22.466, 159.14, 100, 6649
2026/08/26 06:35:23.466, 158.16, 98, 6649
2026/08/26 06:35:24.466, 159.39, 100, 6649
2026/08/26 06:35:25.466, 159.87, 100, 6649
2026/08/26 06:35:26.466, 158.20, 98, 6649
2026/08/26 06:35:27.466, 159.37, 100, 6649
2026/08/26 06:35:28.467, 159.60, 100, 6649
2026/08/26 06:35:29.467, 158.54, 98, 6649
2026/08/26 06:35:30.467, 160.28, 100, 6649
2026/08/26 06:35:31.467, 159.77, 100, 6649
2026/08/26 06:35:32.467, 158.35, 98, 6649
2026/08/26 06:35:33.467, 160.36, 100, 6649
2026/08/26 06:35:34.467, 160.25, 100, 6649
2026/08/26 06:35:35.468, 158.25, 90, 6649
2026/08/26 06:35:36.468, 158.19, 100, 6649
2026/08/26 06:35:37.468, 159.81, 100, 6649
2026/08/26 06:35:38.468, 159.12, 100, 6649
2026/08/26 06:35:39.468, 159.45, 100, 6649
2026/08/26 06:35:40.468, 160.50, 100, 6649
2026/08/26 06:35:41.469, 159.17, 100, 6649
2026/08/26 06:35:42.469, 159.01, 100, 6649
2026/08/26 06:35:43.469, 159.84, 100, 6649
2026/08/26 06:35:44.469, 158.99, 100, 6649
2026/08/26 06:35:45.469, 159.51, 100, 6649
2026/08/26 06:35:46.470, 160.12, 100, 6649
2026/08/26 06:35:47.470, 159.01, 100, 6649
2026/08/26 06:35:48.470, 158.99, 100, 6649
2026/08/26 06:35:49.470, 160.28, 100, 6649
2026/08/26 06:35:50.472, 158.80, 100, 6649
2026/08/26 06:35:51.472, 159.10, 100, 6649
2026/08/26 06:35:52.472, 159.94, 100, 6649
2026/08/26 06:35:53.472, 158.82, 100, 6649
2026/08/26 06:35:54.472, 158.90, 100, 6649
2026/08/26 06:35:55.472, 160.14, 100, 6649
2026/08/26 06:35:56.473, 159.12, 100, 6649
2026/08/26 06:35:57.473, 158.97, 100, 6649
2026/08/26 06:35:58.473, 159.85, 100, 6649
2026/08/26 06:35:59.473, 159.16, 100, 6649
2026/08/26 06:36:00.473, 158.68, 98, 6649
2026/08/26 06:36:01.473, 159.77, 100, 6649
2026/08/26 06:36:02.473, 159.33, 100, 6649
2026/08/26 06:36:03.474, 158.54, 98, 6649
2026/08/26 06:36:04.474, 159.66, 100, 6649
2026/08/26 06:36:05.474, 159.58, 100, 6649
2026/08/26 06:36:06.474, 158.94, 98, 6649
2026/08/26 06:36:07.474, 159.72, 100, 6649
2026/08/26 06:36:08.474, 158.95, 100, 6649
2026/08/26 06:36:09.475, 158.78, 98, 6649
2026/08/26 06:36:10.475, 159.57, 100, 6649
2026/08/26 06:36:11.475, 159.47, 100, 6649
2026/08/26 06:36:12.475, 159.04, 98, 6649
2026/08/26 06:36:13.475, 159.62, 100, 6649
2026/08/26 06:36:14.475, 158.88, 100, 6649
2026/08/26 06:36:15.475, 158.97, 98, 6649
2026/08/26 06:36:16.476, 159.51, 100, 6649
2026/08/26 06:36:17.476, 158.88, 100, 6649
2026/08/26 06:36:18.476, 158.77, 98, 6649
2026/08/26 06:36:19.476, 159.62, 100, 6649
2026/08/26 06:36:20.476, 159.35, 100, 6649
2026/08/26 06:36:21.476, 159.21, 98, 6649
2026/08/26 06:36:22.477, 159.79, 100, 6649
2026/08/26 06:36:23.477, 159.18, 100, 6649
2026/08/26 06:36:24.477, 158.98, 98, 6649
2026/08/26 06:36:25.477, 159.46, 100, 6649
2026/08/26 06:36:26.477, 158.93, 100, 6649
2026/08/26 06:36:27.477, 158.63, 98, 6649
2026/08/26 06:36:28.478, 159.57, 100, 6649
2026/08/26 06:36:29.478, 159.01, 100, 6649
2026/08/26 06:36:30.478, 159.08, 98, 6649
2026/08/26 06:36:31.478, 159.82, 100, 6649
2026/08/26 06:36:32.478, 159.62, 100, 6649
2026/08/26 06:36:33.478, 158.89, 98, 6649
2026/08/26 06:36:34.479, 159.47, 100, 6649
2026/08/26 06:36:35.479, 159.26, 100, 6649
2026/08/26 06:36:36.479, 157.49, 98, 6649
2026/08/26 06:36:37.479, 159.56, 100, 6649
2026/08/26 06:36:38.479, 159.78, 100, 6649
2026/08/26 06:36:39.479, 158.75, 98, 6649
2026/08/26 06:36:40.480, 159.37, 100, 6649
2026/08/26 06:36:41.488, 159.49, 100, 6649
2026/08/26 06:36:42.488, 158.80, 98, 6649
2026/08/26 06:36:43.488, 159.40, 100, 6649
2026/08/26 06:36:44.489, 159.97, 100, 6649
2026/08/26 06:36:45.489, 158.64, 98, 6649
2026/08/26 06:36:46.489, 159.36, 100, 6649
2026/08/26 06:36:47.489, 159.64, 100, 6649
2026/08/26 06:36:48.489, 158.55, 98, 6649
2026/08/26 06:36:49.489, 159.32, 100, 6649
2026/08/26 06:36:50.490, 159.52, 100, 6649
2026/08/26 06:36:51.498, 158.74, 98, 6649
2026/08/26 06:36:52.498, 159.44, 100, 6649
2026/08/26 06:36:53.499, 160.02, 100, 6649
2026/08/26 06:36:54.499, 158.36, 98, 6649
2026/08/26 06:36:55.499, 159.40, 100, 6649
2026/08/26 06:36:56.499, 159.40, 100, 6649
2026/08/26 06:36:57.499, 158.53, 98, 6649
2026/08/26 06:36:58.499, 159.98, 100, 6649
2026/08/26 06:36:59.499, 160.10, 100, 6649
2026/08/26 06:37:00.500, 158.52, 98, 6649
2026/08/26 06:37:01.500, 158.83, 100, 6649
2026/08/26 06:37:02.500, 160.27, 100, 6649
2026/08/26 06:37:03.500, 158.49, 98, 6649
2026/08/26 06:37:04.500, 159.66, 100, 6649
2026/08/26 06:37:05.500, 160.23, 100, 6649
2026/08/26 06:37:06.501, 159.09, 99, 6649
2026/08/26 06:37:07.501, 159.58, 100, 6649
2026/08/26 06:37:08.501, 159.62, 100, 6649
2026/08/26 06:37:09.501, 159.12, 100, 6649
2026/08/26 06:37:10.501, 159.10, 100, 6649
2026/08/26 06:37:11.501, 159.65, 100, 6649
2026/08/26 06:37:12.502, 158.40, 100, 6649
2026/08/26 06:37:13.502, 159.24, 100, 6649
2026/08/26 06:37:14.502, 160.65, 100, 6649
2026/08/26 06:37:15.502, 158.82, 100, 6649
2026/08/26 06:37:16.502, 159.13, 100, 6649
2026/08/26 06:37:17.502, 159.89, 100, 6649
2026/08/26 06:37:18.503, 159.52, 100, 6649
2026/08/26 06:37:19.503, 159.35, 100, 6649
2026/08/26 06:37:20.503, 160.33, 100, 6649
2026/08/26 06:37:21.503, 158.83, 100, 6649
2026/08/26 06:37:22.503, 159.06, 100, 6649
2026/08/26 06:37:23.503, 160.39, 100, 6649
2026/08/26 06:37:24.504, 159.78, 100, 6649
2026/08/26 06:37:25.504, 159.21, 100, 6649
2026/08/26 06:37:26.504, 160.65, 100, 6649
2026/08/26 06:37:27.504, 158.92, 100, 6649
2026/08/26 06:37:28.504, 159.39, 100, 6649
2026/08/26 06:37:29.504, 160.89, 100, 6649
2026/08/26 06:37:30.505, 159.03, 100, 6649
2026/08/26 06:37:31.505, 158.92, 100, 6649
2026/08/26 06:37:32.505, 160.35, 100, 6649
2026/08/26 06:37:33.505, 159.42, 100, 6649
2026/08/26 06:37:34.505, 159.32, 100, 6649
2026/08/26 06:37:35.506, 160.46, 100, 6649
2026/08/26 06:37:36.506, 159.00, 100, 6649
2026/08/26 06:37:37.506, 157.98, 99, 6649
2026/08/26 06:37:38.506, 159.98, 100, 6649
2026/08/26 06:37:39.506, 158.96, 100, 6649
2026/08/26 06:37:40.506, 158.92, 99, 6649
2026/08/26 06:37:41.507, 159.76, 100, 6649
2026/08/26 06:37:42.515, 159.46, 100, 6649
2026/08/26 06:37:43.515, 159.14, 98, 6649
2026/08/26 06:37:44.516, 159.79, 100, 6649
2026/08/26 06:37:45.516, 159.54, 100, 6649
2026/08/26 06:37:46.516, 159.07, 98, 6649
2026/08/26 06:37:47.516, 159.88, 100, 6649
2026/08/26 06:37:48.516, 159.49, 100, 6649
2026/08/26 06:37:49.517, 162.30, 100, 6649
2026/08/26 06:37:50.517, 162.34, 100, 6649
2026/08/26 06:37:51.517, 162.38, 100, 6649
2026/08/26 06:37:52.517, 162.34, 100, 6649
2026/08/26 06:37:53.517, 162.64, 100, 6649
2026/08/26 06:37:54.518, 162.54, 100, 6649
2026/08/26 06:37:55.518, 162.55, 100, 6649
2026/08/26 06:37:56.518, 162.30, 99, 6649
2026/08/26 06:37:57.518, 162.69, 100, 6649
2026/08/26 06:37:58.518, 162.60, 100, 6649
2026/08/26 06:37:59.518, 162.71, 100, 6649
2026/08/26 06:38:00.518, 162.49, 100, 6649
2026/08/26 06:38:01.519, 162.48, 100, 6649
2026/08/26 06:38:02.519, 162.41, 99, 6649
2026/08/26 06:38:03.519, 162.65, 100, 6649
2026/08/26 06:38:04.519, 162.64, 100, 6649
2026/08/26 06:38:05.519, 162.40, 100, 6649
2026/08/26 06:38:06.520, 162.59, 100, 6649
2026/08/26 06:38:07.528, 162.62, 100, 6649
2026/08/26 06:38:08.528, 162.48, 99, 6649
2026/08/26 06:38:09.529, 162.32, 100, 6649
2026/08/26 06:38:10.529, 162.60, 100, 6649
2026/08/26 06:38:11.529, 162.63, 99, 6649
2026/08/26 06:38:12.532, 162.71, 100, 6649
2026/08/26 06:38:13.533, 162.76, 100, 6649
2026/08/26 06:38:14.533, 162.76, 99, 6649
2026/08/26 06:38:15.533, 163.85, 100, 6649
2026/08/26 06:38:16.533, 163.91, 100, 6649
2026/08/26 06:38:17.533, 164.00, 100, 6649
2026/08/26 06:38:18.534, 163.92, 99, 6649
2026/08/26 06:38:19.534, 164.06, 100, 6649
2026/08/26 06:38:20.534, 163.91, 100, 6649
2026/08/26 06:38:21.534, 163.87, 99, 6649
2026/08/26 06:38:22.534, 163.98, 100, 6649
2026/08/26 06:38:23.534, 163.83, 100, 6649
2026/08/26 06:38:24.535, 163.97, 100, 6649
2026/08/26 06:38:25.535, 163.95, 99, 6649
2026/08/26 06:38:26.535, 163.90, 100, 6649
2026/08/26 06:38:27.535, 163.33, 100, 6649
2026/08/26 06:38:28.535, 162.69, 99, 6649
2026/08/26 06:38:29.535, 162.93, 100, 6649
2026/08/26 06:38:30.536, 162.80, 100, 6649
2026/08/26 06:38:31.536, 162.74, 100, 6649
2026/08/26 06:38:32.539, 162.90, 100, 6649
2026/08/26 06:38:33.539, 162.65, 99, 6649
2026/08/26 06:38:34.539, 162.79, 100, 6649
2026/08/26 06:38:35.539, 162.91, 100, 6649
2026/08/26 06:38:36.540, 162.88, 100, 6649
2026/08/26 06:38:37.540, 162.99, 100, 6649
2026/08/26 06:38:38.540, 162.63, 100, 6649
2026/08/26 06:38:39.540, 162.85, 99, 6649
2026/08/26 06:38:40.540, 162.78, 100, 6649
2026/08/26 06:38:41.540, 162.92, 100, 6649
2026/08/26 06:38:42.542, 163.00, 100, 6649
2026/08/26 06:38:43.542, 162.91, 100, 6649
2026/08/26 06:38:44.543, 162.75, 100, 6649
2026/08/26 06:38:45.543, 162.80, 100, 6649
2026/08/26 06:38:46.543, 163.06, 100, 6649
2026/08/26 06:38:47.543, 162.87, 100, 6649
2026/08/26 06:38:48.543, 163.11, 100, 6649
2026/08/26 06:38:49.543, 162.77, 100, 6649
2026/08/26 06:38:50.544, 162.80, 100, 6649
2026/08/26 06:38:51.544, 162.80, 99, 6649
2026/08/26 06:38:52.549, 162.96, 100, 6649
2026/08/26 06:38:53.549, 162.65, 100, 6649
2026/08/26 06:38:54.549, 163.06, 100, 6649
2026/08/26 06:38:55.550, 162.74, 100, 6649
2026/08/26 06:38:56.550, 162.96, 100, 6649
2026/08/26 06:38:57.550, 162.79, 99, 6649
2026/08/26 06:38:58.550, 162.82, 100, 6649
2026/08/26 06:38:59.550, 162.83, 100, 6649
2026/08/26 06:39:00.550, 162.79, 100, 6649
2026/08/26 06:39:01.551, 162.87, 100, 6649
2026/08/26 06:39:02.551, 162.68, 100, 6649
2026/08/26 06:39:03.551, 162.77, 100, 6649
2026/08/26 06:39:04.551, 162.68, 100, 6649
2026/08/26 06:39:05.551, 162.81, 100, 6649
2026/08/26 06:39:06.552, 162.72, 99, 6649
2026/08/26 06:39:07.552, 162.83, 100, 6649
2026/08/26 06:39:08.552, 162.78, 100, 6649
2026/08/26 06:39:09.552, 162.72, 100, 6649
2026/08/26 06:39:10.552, 162.84, 100, 6649
2026/08/26 06:39:11.552, 162.84, 99, 6649
2026/08/26 06:39:12.553, 162.79, 99, 6649
2026/08/26 06:39:13.556, 162.94, 100, 6649
2026/08/26 06:39:14.556, 162.79, 99, 6649
2026/08/26 06:39:15.557, 162.75, 100, 6649
2026/08/26 06:39:16.557, 162.98, 100, 6649
2026/08/26 06:39:17.557, 162.94, 100, 6649
2026/08/26 06:39:18.557, 163.06, 100, 6649
2026/08/26 06:39:19.557, 162.89, 100, 6649
2026/08/26 06:39:20.557, 162.82, 99, 6649
2026/08/26 06:39:21.558, 162.88, 100, 6649
2026/08/26 06:39:22.558, 162.71, 100, 6649
2026/08/26 06:39:23.558, 162.83, 99, 6649
2026/08/26 06:39:24.558, 155.39, 100, 6649
2026/08/26 06:39:25.558, 158.63, 98, 6649
2026/08/26 06:39:26.559, 159.60, 100, 6649
2026/08/26 06:39:27.559, 160.32, 100, 6649
2026/08/26 06:39:28.559, 158.70, 98, 6649
2026/08/26 06:39:29.559, 159.55, 100, 6649
2026/08/26 06:39:30.559, 159.77, 100, 6649
2026/08/26 06:39:31.559, 158.82, 98, 6649
2026/08/26 06:39:32.559, 158.77, 100, 6649
2026/08/26 06:39:33.560, 160.98, 100, 6649
2026/08/26 06:39:34.560, 159.27, 98, 6649
2026/08/26 06:39:35.560, 160.30, 100, 6649
2026/08/26 06:39:36.560, 160.78, 100, 6649
2026/08/26 06:39:37.560, 159.18, 99, 6649
2026/08/26 06:39:38.560, 158.47, 100, 6649
2026/08/26 06:39:39.561, 160.76, 100, 6649
2026/08/26 06:39:40.561, 159.43, 100, 6649
2026/08/26 06:39:41.561, 159.49, 100, 6649
2026/08/26 06:39:42.561, 160.54, 100, 6649
2026/08/26 06:39:43.569, 159.00, 100, 6649
2026/08/26 06:39:44.569, 159.02, 100, 6649
2026/08/26 06:39:45.569, 159.74, 100, 6649
2026/08/26 06:39:46.569, 159.24, 100, 6649
2026/08/26 06:39:47.570, 159.32, 100, 6649
2026/08/26 06:39:48.570, 160.68, 100, 6649
2026/08/26 06:39:49.570, 159.16, 100, 6649
2026/08/26 06:39:50.570, 159.10, 100, 6649
2026/08/26 06:39:51.570, 160.11, 100, 6649
2026/08/26 06:39:52.570, 159.86, 100, 6649
2026/08/26 06:39:53.576, 159.51, 100, 6649
2026/08/26 06:39:54.576, 160.69, 100, 6649
2026/08/26 06:39:55.576, 159.52, 100, 6649
2026/08/26 06:39:56.576, 159.47, 100, 6649
2026/08/26 06:39:57.576, 160.21, 100, 6649
2026/08/26 06:39:58.577, 159.14, 100, 6649
2026/08/26 06:39:59.577, 159.12, 98, 6649
2026/08/26 06:40:00.577, 159.92, 100, 6649
2026/08/26 06:40:01.577, 159.52, 100, 6649
2026/08/26 06:40:02.577, 157.92, 90, 6649
2026/08/26 06:40:03.577, 161.25, 100, 6649
2026/08/26 06:40:04.578, 159.93, 100, 6649
2026/08/26 06:40:05.578, 158.96, 98, 6649
2026/08/26 06:40:06.578, 160.37, 100, 6649
2026/08/26 06:40:07.578, 159.39, 100, 6649
2026/08/26 06:40:08.578, 158.04, 98, 6649
2026/08/26 06:40:09.579, 159.70, 100, 6649
2026/08/26 06:40:10.579, 159.82, 100, 6649
2026/08/26 06:40:11.579, 159.23, 98, 6649
2026/08/26 06:40:12.579, 160.02, 100, 6649
2026/08/26 06:40:13.583, 159.56, 100, 6649
2026/08/26 06:40:14.583, 158.84, 98, 6649
2026/08/26 06:40:15.584, 159.95, 100, 6649
2026/08/26 06:40:16.584, 159.36, 100, 6649
2026/08/26 06:40:17.584, 158.71, 98, 6649
2026/08/26 06:40:18.584, 159.60, 100, 6649
2026/08/26 06:40:19.584, 159.34, 100, 6649
2026/08/26 06:40:20.584, 158.68, 98, 6649
2026/08/26 06:40:21.585, 160.03, 100, 6649
2026/08/26 06:40:22.585, 159.22, 100, 6649
2026/08/26 06:40:23.589, 158.78, 98, 6649
2026/08/26 06:40:24.589, 159.92, 100, 6649
2026/08/26 06:40:25.590, 159.62, 100, 6649
2026/08/26 06:40:26.590, 159.10, 98, 6649
2026/08/26 06:40:27.590, 160.03, 100, 6649
2026/08/26 06:40:28.590, 159.76, 100, 6649
2026/08/26 06:40:29.590, 158.94, 98, 6649
2026/08/26 06:40:30.590, 159.66, 100, 6649
2026/08/26 06:40:31.591, 159.88, 100, 6649
2026/08/26 06:40:32.591, 159.15, 98, 6649
2026/08/26 06:40:33.591, 159.86, 100, 6649
2026/08/26 06:40:34.591, 159.93, 100, 6649
2026/08/26 06:40:35.591, 158.74, 98, 6649
2026/08/26 06:40:36.591, 160.26, 100, 6649
2026/08/26 06:40:37.592, 159.50, 100, 6649
2026/08/26 06:40:38.592, 158.71, 98, 6649
2026/08/26 06:40:39.592, 160.17, 100, 6649
2026/08/26 06:40:40.592, 159.87, 100, 6649
2026/08/26 06:40:41.592, 159.24, 98, 6649
2026/08/26 06:40:42.592, 159.95, 100, 6649
2026/08/26 06:40:43.599, 159.76, 100, 6649
2026/08/26 06:40:44.599, 158.70, 98, 6649
2026/08/26 06:40:45.600, 159.70, 100, 6649
2026/08/26 06:40:46.600, 159.57, 100, 6649
2026/08/26 06:40:47.600, 158.85, 98, 6649
2026/08/26 06:40:48.600, 159.85, 100, 6649
2026/08/26 06:40:49.600, 159.55, 100, 6649
2026/08/26 06:40:50.600, 158.89, 98, 6649
2026/08/26 06:40:51.600, 159.88, 100, 6649
2026/08/26 06:40:52.601, 160.11, 100, 6649
2026/08/26 06:40:53.602, 158.87, 98, 6649
2026/08/26 06:40:54.603, 159.98, 100, 6649
2026/08/26 06:40:55.603, 159.61, 100, 6649
2026/08/26 06:40:56.603, 158.87, 98, 6649
2026/08/26 06:40:57.603, 159.86, 100, 6649
2026/08/26 06:40:58.603, 159.81, 100, 6649
2026/08/26 06:40:59.603, 159.13, 98, 6649
2026/08/26 06:41:00.604, 160.37, 100, 6649
2026/08/26 06:41:01.604, 160.22, 100, 6649
2026/08/26 06:41:02.604, 159.24, 98, 6649
2026/08/26 06:41:03.604, 158.75, 100, 6649
2026/08/26 06:41:04.604, 159.58, 100, 6649
2026/08/26 06:41:05.604, 159.19, 98, 6649
2026/08/26 06:41:06.605, 160.32, 100, 6649
2026/08/26 06:41:07.605, 160.74, 100, 6649
2026/08/26 06:41:08.605, 157.64, 90, 6649
2026/08/26 06:41:09.605, 160.57, 100, 6649
2026/08/26 06:41:10.605, 160.49, 100, 6649
2026/08/26 06:41:11.605, 158.78, 98, 6649
2026/08/26 06:41:12.606, 159.44, 100, 6649
2026/08/26 06:41:13.606, 159.54, 100, 6649
2026/08/26 06:41:14.606, 158.52, 98, 6649
2026/08/26 06:41:15.606, 159.40, 100, 6649
2026/08/26 06:41:16.606, 160.41, 100, 6649
2026/08/26 06:41:17.606, 158.58, 98, 6649
2026/08/26 06:41:18.607, 159.38, 100, 6649
2026/08/26 06:41:19.607, 160.48, 100, 6649
2026/08/26 06:41:20.607, 159.05, 98, 6649
2026/08/26 06:41:21.607, 160.05, 100, 6649
2026/08/26 06:41:22.607, 160.02, 100, 6649
2026/08/26 06:41:23.607, 159.58, 99, 6649
2026/08/26 06:41:24.608, 160.02, 100, 6649
2026/08/26 06:41:25.608, 160.60, 100, 6649
2026/08/26 06:41:26.608, 159.31, 100, 6649
2026/08/26 06:41:27.608, 159.69, 100, 6649
2026/08/26 06:41:28.608, 160.74, 100, 6649
2026/08/26 06:41:29.609, 159.29, 100, 6649
2026/08/26 06:41:30.609, 159.70, 100, 6649
2026/08/26 06:41:31.609, 160.36, 100, 6649
2026/08/26 06:41:32.609, 159.71, 100, 6649
2026/08/26 06:41:33.609, 158.27, 100, 6649
2026/08/26 06:41:34.609, 160.53, 100, 6649
2026/08/26 06:41:35.610, 159.42, 100, 6649
2026/08/26 06:41:36.610, 159.24, 100, 6649
2026/08/26 06:41:37.610, 160.68, 100, 6649
2026/08/26 06:41:38.610, 159.56, 100, 6649
2026/08/26 06:41:39.610, 158.21, 100, 6649
2026/08/26 06:41:40.610, 160.23, 100, 6649
2026/08/26 06:41:41.610, 159.82, 100, 6649
2026/08/26 06:41:42.611, 159.47, 100, 6649
2026/08/26 06:41:43.611, 160.34, 100, 6649
2026/08/26 06:41:44.619, 158.48, 100, 6649
2026/08/26 06:41:45.619, 159.05, 98, 6649
2026/08/26 06:41:46.620, 159.93, 100, 6649
2026/08/26 06:41:47.620, 159.27, 100, 6649
2026/08/26 06:41:48.620, 159.32, 98, 6649
2026/08/26 06:41:49.620, 160.11, 100, 6649
2026/08/26 06:41:50.620, 159.91, 100, 6649
2026/08/26 06:41:51.620, 159.20, 98, 6649
2026/08/26 06:41:52.621, 160.10, 100, 6649
2026/08/26 06:41:53.621, 159.59, 100, 6649
2026/08/26 06:41:54.628, 158.87, 98, 6649
2026/08/26 06:41:55.628, 159.85, 100, 6649
2026/08/26 06:41:56.628, 159.36, 100, 6649
2026/08/26 06:41:57.629, 159.32, 98, 6649
2026/08/26 06:41:58.629, 159.97, 100, 6649
2026/08/26 06:41:59.629, 159.72, 100, 6649
2026/08/26 06:42:00.629, 159.01, 98, 6649
2026/08/26 06:42:01.629, 159.77, 100, 6649
2026/08/26 06:42:02.629, 159.63, 100, 6649
2026/08/26 06:42:03.630, 157.98, 90, 6649
2026/08/26 06:42:04.630, 159.07, 100, 6649
2026/08/26 06:42:05.630, 160.09, 100, 6649
2026/08/26 06:42:06.630, 159.34, 98, 6649
2026/08/26 06:42:07.630, 160.03, 100, 6649
2026/08/26 06:42:08.630, 159.43, 100, 6649
2026/08/26 06:42:09.630, 157.93, 98, 6649
2026/08/26 06:42:10.631, 160.12, 100, 6649
2026/08/26 06:42:11.631, 159.71, 100, 6649
2026/08/26 06:42:12.631, 158.87, 98, 6649
2026/08/26 06:42:13.631, 159.79, 100, 6649
2026/08/26 06:42:14.631, 159.60, 100, 6649
2026/08/26 06:42:15.631, 159.49, 98, 6649
2026/08/26 06:42:16.632, 159.99, 100, 6649
2026/08/26 06:42:17.632, 159.65, 100, 6649
2026/08/26 06:42:18.632, 158.95, 98, 6649
2026/08/26 06:42:19.632, 159.97, 100, 6649
2026/08/26 06:42:20.632, 159.61, 100, 6649
2026/08/26 06:42:21.632, 159.07, 98, 6649
2026/08/26 06:42:22.632, 159.84, 100, 6649
2026/08/26 06:42:23.633, 160.24, 100, 6649
2026/08/26 06:42:24.633, 158.22, 98, 6649
2026/08/26 06:42:25.633, 160.12, 100, 6649
2026/08/26 06:42:26.633, 159.98, 100, 6649
2026/08/26 06:42:27.633, 158.87, 98, 6649
2026/08/26 06:42:28.633, 159.69, 100, 6649
2026/08/26 06:42:29.634, 159.52, 100, 6649
2026/08/26 06:42:30.634, 158.88, 98, 6649
2026/08/26 06:42:31.634, 160.07, 100, 6649
2026/08/26 06:42:32.634, 159.78, 100, 6649
2026/08/26 06:42:33.634, 158.19, 89, 6649
2026/08/26 06:42:34.634, 158.64, 100, 6649
2026/08/26 06:42:35.635, 160.28, 100, 6649
2026/08/26 06:42:36.635, 158.98, 98, 6649
2026/08/26 06:42:37.635, 159.55, 100, 6649
2026/08/26 06:42:38.635, 160.21, 100, 6649
2026/08/26 06:42:39.635, 157.54, 98, 6649
2026/08/26 06:42:40.635, 158.10, 100, 6649
2026/08/26 06:42:41.636, 162.79, 100, 6649
2026/08/26 06:42:42.636, 162.56, 100, 6649
2026/08/26 06:42:43.636, 162.57, 100, 6649
2026/08/26 06:42:44.636, 162.64, 99, 6649
2026/08/26 06:42:45.636, 162.63, 100, 6649
2026/08/26 06:42:46.637, 162.51, 100, 6649
2026/08/26 06:42:47.637, 162.54, 100, 6649
2026/08/26 06:42:48.637, 162.72, 100, 6649
2026/08/26 06:42:49.637, 162.65, 100, 6649
2026/08/26 06:42:50.637, 162.61, 100, 6649
2026/08/26 06:42:51.637, 162.51, 100, 6649
2026/08/26 06:42:52.637, 162.62, 100, 6649
2026/08/26 06:42:53.638, 162.55, 99, 6649
2026/08/26 06:42:54.638, 162.40, 100, 6649
2026/08/26 06:42:55.638, 162.54, 100, 6649
2026/08/26 06:42:56.638, 162.62, 100, 6649
2026/08/26 06:42:57.638, 162.63, 100, 6649
2026/08/26 06:42:58.638, 162.32, 100, 6649
2026/08/26 06:42:59.639, 162.53, 100, 6649
2026/08/26 06:43:00.639, 162.46, 100, 6649
2026/08/26 06:43:01.639, 162.63, 100, 6649
2026/08/26 06:43:02.639, 162.60, 100, 6649
2026/08/26 06:43:03.639, 162.73, 100, 6649
2026/08/26 06:43:04.639, 162.68, 100, 6649
2026/08/26 06:43:05.640, 162.78, 100, 6649
2026/08/26 06:43:06.640, 162.62, 100, 6649
2026/08/26 06:43:07.640, 162.59, 100, 6649
2026/08/26 06:43:08.640, 162.74, 100, 6649
2026/08/26 06:43:09.640, 162.55, 100, 6649
2026/08/26 06:43:10.640, 162.69, 100, 6649
2026/08/26 06:43:11.641, 162.46, 100, 6649
2026/08/26 06:43:12.641, 162.54, 100, 6649
2026/08/26 06:43:13.641, 162.50, 100, 6649
2026/08/26 06:43:14.641, 162.55, 100, 6649
2026/08/26 06:43:15.641, 162.60, 100, 6649
2026/08/26 06:43:16.641, 162.50, 99, 6649
2026/08/26 06:43:17.642, 162.65, 100, 6649
2026/08/26 06:43:18.642, 162.60, 100, 6649
2026/08/26 06:43:19.642, 162.70, 100, 6649
2026/08/26 06:43:20.642, 162.59, 100, 6649
2026/08/26 06:43:21.642, 162.73, 100, 6649
2026/08/26 06:43:22.642, 162.43, 100, 6649
2026/08/26 06:43:23.643, 162.57, 100, 6649
2026/08/26 06:43:24.643, 162.49, 100, 6649
2026/08/26 06:43:25.643, 162.63, 99, 6649
2026/08/26 06:43:26.643, 162.38, 100, 6649
2026/08/26 06:43:27.643, 162.53, 100, 6649
2026/08/26 06:43:28.643, 162.43, 99, 6649
2026/08/26 06:43:29.643, 162.53, 100, 6649
2026/08/26 06:43:30.644, 162.48, 100, 6649
2026/08/26 06:43:31.644, 162.37, 99, 6649
2026/08/26 06:43:32.644, 162.72, 100, 6649
2026/08/26 06:43:33.644, 162.52, 100, 6649
2026/08/26 06:43:34.644, 162.58, 99, 6649
2026/08/26 06:43:35.644, 162.60, 100, 6649
2026/08/26 06:43:36.645, 162.66, 100, 6649
2026/08/26 06:43:37.645, 162.29, 99, 6649
2026/08/26 06:43:38.645, 162.56, 100, 6649
2026/08/26 06:43:39.645, 162.57, 100, 6649
2026/08/26 06:43:40.645, 162.42, 100, 6649
2026/08/26 06:43:41.645, 162.60, 100, 6649
2026/08/26 06:43:42.646, 162.17, 100, 6649
2026/08/26 06:43:43.646, 162.62, 100, 6649
2026/08/26 06:43:44.646, 162.39, 100, 6649
2026/08/26 06:43:45.646, 162.52, 99, 6649
2026/08/26 06:43:46.646, 162.32, 100, 6649
2026/08/26 06:43:47.646, 162.34, 100, 6649
2026/08/26 06:43:48.647, 162.50, 100, 6649
2026/08/26 06:43:49.647, 162.61, 100, 6649
2026/08/26 06:43:50.647, 162.26, 100, 6649
2026/08/26 06:43:51.647, 162.54, 100, 6649
2026/08/26 06:43:52.647, 162.75, 100, 6649
2026/08/26 06:43:53.647, 162.55, 100, 6649
2026/08/26 06:43:54.648, 162.58, 100, 6649
2026/08/26 06:43:55.648, 162.30, 100, 6649
2026/08/26 06:43:56.648, 162.70, 100, 6649
2026/08/26 06:43:57.648, 162.51, 99, 6649
2026/08/26 06:43:58.648, 162.57, 100, 6649
2026/08/26 06:43:59.648, 162.58, 100, 6649
2026/08/26 06:44:00.649, 162.69, 99, 6649
2026/08/26 06:44:01.649, 162.48, 100, 6649
2026/08/26 06:44:02.649, 162.59, 100, 6649
2026/08/26 06:44:03.649, 162.47, 99, 6649
2026/08/26 06:44:04.649, 162.62, 100, 6649
2026/08/26 06:44:05.649, 162.55, 100, 6649
2026/08/26 06:44:06.650, 162.63, 100, 6649
2026/08/26 06:44:07.650, 162.46, 100, 6649
2026/08/26 06:44:08.650, 162.38, 100, 6649
2026/08/26 06:44:09.650, 162.52, 100, 6649
2026/08/26 06:44:10.659, 162.57, 100, 6649
2026/08/26 06:44:11.659, 162.54, 100, 6649
2026/08/26 06:44:12.659, 162.21, 99, 6649
2026/08/26 06:44:13.659, 162.51, 100, 6649
2026/08/26 06:44:14.659, 162.31, 100, 6649
2026/08/26 06:44:15.659, 162.46, 99, 6649
2026/08/26 06:44:16.660, 162.63, 100, 6649
2026/08/26 06:44:17.660, 153.90, 98, 6649
2026/08/26 06:44:18.660, 159.71, 100, 6649
2026/08/26 06:44:19.660, 160.00, 100, 6649
2026/08/26 06:44:20.660, 158.73, 98, 6649
2026/08/26 06:44:21.660, 159.53, 100, 6649
2026/08/26 06:44:22.661, 159.79, 100, 6649
2026/08/26 06:44:23.661, 158.85, 98, 6649
2026/08/26 06:44:24.661, 159.55, 100, 6649
2026/08/26 06:44:25.661, 160.17, 100, 6649
2026/08/26 06:44:26.661, 158.62, 98, 6649
2026/08/26 06:44:27.661, 159.38, 100, 6649
2026/08/26 06:44:28.662, 160.16, 100, 6649
2026/08/26 06:44:29.662, 158.48, 98, 6649
2026/08/26 06:44:30.662, 160.26, 100, 6649
2026/08/26 06:44:31.662, 159.98, 100, 6649
2026/08/26 06:44:32.662, 158.29, 98, 6649
2026/08/26 06:44:33.663, 159.49, 100, 6649
2026/08/26 06:44:34.663, 160.26, 100, 6649
2026/08/26 06:44:35.663, 158.48, 98, 6649
2026/08/26 06:44:36.663, 160.16, 100, 6649
2026/08/26 06:44:37.663, 160.32, 100, 6649
2026/08/26 06:44:38.663, 158.57, 98, 6649
2026/08/26 06:44:39.664, 160.41, 100, 6649
2026/08/26 06:44:40.664, 160.17, 100, 6649
2026/08/26 06:44:41.664, 158.23, 98, 6649
2026/08/26 06:44:42.664, 159.21, 100, 6649
2026/08/26 06:44:43.664, 159.86, 100, 6649
2026/08/26 06:44:44.664, 159.02, 98, 6649
2026/08/26 06:44:45.665, 160.20, 100, 6649
2026/08/26 06:44:46.665, 160.69, 100, 6649
2026/08/26 06:44:47.665, 158.48, 98, 6649
2026/08/26 06:44:48.665, 159.98, 100, 6649
2026/08/26 06:44:49.665, 160.36, 100, 6649
2026/08/26 06:44:50.665, 158.93, 98, 6649
2026/08/26 06:44:51.666, 159.17, 100, 6649
2026/08/26 06:44:52.666, 159.92, 100, 6649
2026/08/26 06:44:53.666, 158.30, 98, 6649
2026/08/26 06:44:54.666, 159.40, 100, 6649
2026/08/26 06:44:55.666, 160.21, 100, 6649
2026/08/26 06:44:56.666, 158.81, 98, 6649
2026/08/26 06:44:57.667, 159.81, 100, 6649
2026/08/26 06:44:58.667, 160.38, 100, 6649
2026/08/26 06:44:59.667, 158.97, 98, 6649
2026/08/26 06:45:00.667, 159.01, 100, 6649
2026/08/26 06:45:01.667, 159.88, 100, 6649
2026/08/26 06:45:02.667, 158.85, 99, 6649
2026/08/26 06:45:03.668, 159.55, 100, 6649
2026/08/26 06:45:04.668, 160.12, 100, 6649
2026/08/26 06:45:05.668, 158.74, 100, 6649
2026/08/26 06:45:06.668, 157.92, 100, 6649
2026/08/26 06:45:07.668, 160.27, 100, 6649
2026/08/26 06:45:08.668, 159.02, 100, 6649
2026/08/26 06:45:09.669, 159.08, 100, 6649
2026/08/26 06:45:10.669, 160.25, 100, 6649
2026/08/26 06:45:11.669, 159.01, 100, 6649
2026/08/26 06:45:12.669, 159.13, 100, 6649
2026/08/26 06:45:13.669, 160.36, 100, 6649
2026/08/26 06:45:14.669, 159.36, 100, 6649
2026/08/26 06:45:15.670, 159.41, 100, 6649
2026/08/26 06:45:16.670, 160.12, 100, 6649
2026/08/26 06:45:17.670, 158.70, 100, 6649
2026/08/26 06:45:18.670, 159.11, 100, 6649
2026/08/26 06:45:19.670, 160.05, 100, 6649
2026/08/26 06:45:20.670, 159.46, 100, 6649
2026/08/26 06:45:21.671, 158.97, 100, 6649
2026/08/26 06:45:22.671, 160.04, 100, 6649
2026/08/26 06:45:23.671, 159.24, 100, 6649
2026/08/26 06:45:24.671, 158.93, 98, 6649
2026/08/26 06:45:25.671, 159.77, 100, 6649
2026/08/26 06:45:26.671, 159.58, 100, 6649
2026/08/26 06:45:27.672, 158.90, 98, 6649
2026/08/26 06:45:28.672, 160.06, 100, 6649
2026/08/26 06:45:29.672, 159.52, 100, 6649
2026/08/26 06:45:30.672, 159.13, 98, 6649
2026/08/26 06:45:31.672, 159.75, 100, 6649
2026/08/26 06:45:32.672, 159.56, 100, 6649
2026/08/26 06:45:33.673, 159.17, 98, 6649
2026/08/26 06:45:34.673, 160.16, 100, 6649
2026/08/26 06:45:35.673, 159.37, 100, 6649
2026/08/26 06:45:36.673, 159.34, 98, 6649
2026/08/26 06:45:37.673, 159.66, 100, 6649
2026/08/26 06:45:38.673, 159.04, 100, 6649
2026/08/26 06:45:39.674, 158.99, 98, 6649
2026/08/26 06:45:40.674, 159.80, 100, 6649
2026/08/26 06:45:41.674, 157.79, 100, 6649
2026/08/26 06:45:42.674, 158.85, 98, 6649
2026/08/26 06:45:43.674, 159.59, 100, 6649
2026/08/26 06:45:44.674, 158.48, 100, 6649
2026/08/26 06:45:45.675, 159.27, 98, 6649
2026/08/26 06:45:46.683, 160.19, 100, 6649
2026/08/26 06:45:47.683, 158.35, 100, 6649
2026/08/26 06:45:48.683, 159.22, 98, 6649
2026/08/26 06:45:49.684, 160.18, 100, 6649
2026/08/26 06:45:50.684, 158.55, 100, 6649
2026/08/26 06:45:51.684, 159.68, 98, 6649
2026/08/26 06:45:52.684, 159.56, 100, 6649
2026/08/26 06:45:53.684, 158.29, 100, 6649
2026/08/26 06:45:54.685, 159.48, 98, 6649
2026/08/26 06:45:55.685, 159.55, 100, 6649
2026/08/26 06:45:56.685, 158.23, 100, 6649
2026/08/26 06:45:57.685, 161.21, 98, 6649
2026/08/26 06:45:58.685, 160.01, 100, 6649
2026/08/26 06:45:59.685, 158.72, 100, 6649
2026/08/26 06:46:00.686, 159.57, 98, 6649
2026/08/26 06:46:01.686, 159.24, 100, 6649
2026/08/26 06:46:02.686, 158.28, 100, 6649
2026/08/26 06:46:03.686, 159.24, 98, 6649
2026/08/26 06:46:04.686, 159.70, 100, 6649
2026/08/26 06:46:05.686, 158.24, 100, 6649
2026/08/26 06:46:06.686, 159.21, 100, 6649
2026/08/26 06:46:07.687, 159.29, 100, 6649
2026/08/26 06:46:08.687, 158.15, 98, 6649
2026/08/26 06:46:09.687, 159.71, 100, 6649
2026/08/26 06:46:10.687, 160.12, 100, 6649
2026/08/26 06:46:11.687, 157.03, 98, 6649
2026/08/26 06:46:12.687, 159.25, 100, 6649
2026/08/26 06:46:13.688, 160.40, 100, 6649
2026/08/26 06:46:14.688, 158.41, 98, 6649
2026/08/26 06:46:15.688, 159.42, 100, 6649
2026/08/26 06:46:16.697, 159.63, 100, 6649
2026/08/26 06:46:17.697, 158.36, 98, 6649
2026/08/26 06:46:18.697, 160.35, 100, 6649
2026/08/26 06:46:19.697, 160.13, 100, 6649
2026/08/26 06:46:20.697, 158.46, 98, 6649
2026/08/26 06:46:21.697, 159.90, 100, 6649
2026/08/26 06:46:22.698, 160.23, 100, 6649
2026/08/26 06:46:23.698, 158.66, 99, 6649
2026/08/26 06:46:24.698, 159.65, 100, 6649
2026/08/26 06:46:25.698, 160.02, 100, 6649
2026/08/26 06:46:26.698, 158.91, 99, 6649
2026/08/26 06:46:27.698, 159.39, 100, 6649
2026/08/26 06:46:28.699, 159.94, 100, 6649
2026/08/26 06:46:29.699, 158.81, 100, 6649
2026/08/26 06:46:30.699, 159.09, 100, 6649
2026/08/26 06:46:31.699, 159.94, 100, 6649
2026/08/26 06:46:32.699, 158.56, 100, 6649
2026/08/26 06:46:33.700, 159.39, 100, 6649
2026/08/26 06:46:34.700, 160.32, 100, 6649
2026/08/26 06:46:35.700, 159.21, 100, 6649
2026/08/26 06:46:36.700, 159.58, 100, 6649
2026/08/26 06:46:37.700, 159.77, 100, 6649
2026/08/26 06:46:38.700, 159.35, 100, 6649
2026/08/26 06:46:39.701, 159.40, 100, 6649
2026/08/26 06:46:40.701, 160.20, 100, 6649
2026/08/26 06:46:41.701, 158.83, 100, 6649
2026/08/26 06:46:42.701, 157.85, 100, 6649
2026/08/26 06:46:43.701, 160.25, 100, 6649
2026/08/26 06:46:44.701, 159.32, 100, 6649
2026/08/26 06:46:45.702, 159.79, 100, 6649
2026/08/26 06:46:46.702, 160.52, 100, 6649
2026/08/26 06:46:47.711, 158.58, 100, 6649
2026/08/26 06:46:48.711, 158.75, 100, 6649
2026/08/26 06:46:49.711, 159.87, 100, 6649
2026/08/26 06:46:50.711, 159.53, 100, 6649
2026/08/26 06:46:51.711, 159.03, 100, 6649
2026/08/26 06:46:52.711, 160.15, 100, 6649
2026/08/26 06:46:53.712, 159.18, 100, 6649
2026/08/26 06:46:54.712, 159.00, 100, 6649
2026/08/26 06:46:55.712, 159.93, 100, 6649
2026/08/26 06:46:56.712, 159.45, 100, 6649
2026/08/26 06:46:57.712, 158.68, 100, 6649
2026/08/26 06:46:58.712, 160.08, 100, 6649
2026/08/26 06:46:59.713, 158.96, 100, 6649
2026/08/26 06:47:00.713, 159.24, 100, 6649
2026/08/26 06:47:01.713, 160.17, 100, 6649
2026/08/26 06:47:02.713, 159.30, 100, 6649
2026/08/26 06:47:03.713, 159.90, 100, 6649
2026/08/26 06:47:04.713, 159.64, 100, 6649
2026/08/26 06:47:05.713, 159.37, 100, 6649
2026/08/26 06:47:06.714, 159.42, 100, 6649
2026/08/26 06:47:07.714, 161.09, 100, 6649
2026/08/26 06:47:08.714, 159.12, 100, 6649
2026/08/26 06:47:09.714, 159.18, 100, 6649
2026/08/26 06:47:10.714, 160.29, 100, 6649
2026/08/26 06:47:11.714, 159.12, 100, 6649
2026/08/26 06:47:12.715, 158.87, 100, 6649
2026/08/26 06:47:13.715, 159.32, 100, 6649
2026/08/26 06:47:14.715, 159.05, 100, 6649
2026/08/26 06:47:15.715, 159.02, 100, 6649
2026/08/26 06:47:16.715, 160.15, 100, 6649
2026/08/26 06:47:17.715, 159.93, 100, 6649
2026/08/26 06:47:18.716, 159.21, 100, 6649
2026/08/26 06:47:19.716, 160.28, 100, 6649
2026/08/26 06:47:20.716, 159.18, 100, 6649
2026/08/26 06:47:21.716, 158.76, 99, 6649
2026/08/26 06:47:22.716, 159.96, 100, 6649
2026/08/26 06:47:23.716, 159.07, 100, 6649
2026/08/26 06:47:24.716, 159.20, 99, 6649
2026/08/26 06:47:25.717, 160.17, 100, 6649
2026/08/26 06:47:26.717, 159.35, 100, 6649
2026/08/26 06:47:27.717, 159.40, 98, 6649
2026/08/26 06:47:28.717, 159.94, 100, 6649
2026/08/26 06:47:29.717, 158.95, 100, 6649
2026/08/26 06:47:30.717, 158.79, 98, 6649
2026/08/26 06:47:31.718, 159.79, 100, 6649
2026/08/26 06:47:32.718, 159.00, 100, 6649
2026/08/26 06:47:33.718, 158.82, 100, 6649
2026/08/26 06:47:34.718, 163.96, 100, 6649
2026/08/26 06:47:35.718, 163.40, 99, 6649
2026/08/26 06:47:36.718, 162.49, 100, 6649
2026/08/26 06:47:37.719, 162.09, 100, 6649
2026/08/26 06:47:38.719, 162.41, 99, 6649
2026/08/26 06:47:39.719, 162.42, 100, 6649
2026/08/26 06:47:40.719, 162.27, 100, 6649
2026/08/26 06:47:41.719, 162.26, 99, 6649
2026/08/26 06:47:42.720, 162.47, 100, 6649
2026/08/26 06:47:43.720, 162.35, 100, 6649
2026/08/26 06:47:44.720, 162.35, 100, 6649
2026/08/26 06:47:45.720, 162.42, 100, 6649
2026/08/26 06:47:46.720, 162.26, 100, 6649
2026/08/26 06:47:47.720, 162.40, 100, 6649
2026/08/26 06:47:48.721, 162.46, 100, 6649
2026/08/26 06:47:49.721, 162.62, 100, 6649
2026/08/26 06:47:50.721, 162.42, 99, 6649
2026/08/26 06:47:51.721, 162.25, 100, 6649
2026/08/26 06:47:52.721, 162.21, 100, 6649
2026/08/26 06:47:53.721, 162.51, 100, 6649
2026/08/26 06:47:54.722, 162.58, 100, 6649
2026/08/26 06:47:55.722, 162.34, 100, 6649
2026/08/26 06:47:56.722, 162.41, 100, 6649
2026/08/26 06:47:57.722, 162.62, 100, 6649
2026/08/26 06:47:58.722, 162.52, 100, 6649
2026/08/26 06:47:59.722, 162.23, 100, 6649
2026/08/26 06:48:00.723, 162.54, 100, 6649
2026/08/26 06:48:01.723, 162.52, 100, 6649
2026/08/26 06:48:02.723, 162.68, 100, 6649
2026/08/26 06:48:03.723, 162.59, 100, 6649
2026/08/26 06:48:04.723, 162.48, 100, 6649
2026/08/26 06:48:05.723, 162.80, 100, 6649
2026/08/26 06:48:06.724, 162.69, 100, 6649
2026/08/26 06:48:07.724, 162.74, 100, 6649
2026/08/26 06:48:08.724, 162.78, 100, 6649
2026/08/26 06:48:09.724, 162.65, 100, 6649
2026/08/26 06:48:10.724, 162.59, 99, 6649
2026/08/26 06:48:11.724, 162.82, 100, 6649
2026/08/26 06:48:12.725, 162.46, 100, 6649
2026/08/26 06:48:13.725, 162.62, 99, 6649
2026/08/26 06:48:14.725, 162.68, 100, 6649
2026/08/26 06:48:15.725, 162.78, 100, 6649
2026/08/26 06:48:16.725, 162.80, 99, 6649
2026/08/26 06:48:17.725, 162.54, 100, 6649
2026/08/26 06:48:18.726, 162.74, 100, 6649
2026/08/26 06:48:19.726, 162.83, 100, 6649
2026/08/26 06:48:20.726, 162.82, 100, 6649
2026/08/26 06:48:21.726, 162.66, 100, 6649
2026/08/26 06:48:22.726, 162.74, 100, 6649
2026/08/26 06:48:23.726, 162.84, 100, 6649
2026/08/26 06:48:24.727, 162.73, 100, 6649
2026/08/26 06:48:25.727, 162.74, 99, 6649
2026/08/26 06:48:26.727, 162.39, 100, 6649
2026/08/26 06:48:27.727, 162.75, 100, 6649
2026/08/26 06:48:28.727, 162.65, 100, 6649
2026/08/26 06:48:29.727, 162.90, 100, 6649
2026/08/26 06:48:30.728, 162.61, 100, 6649
2026/08/26 06:48:31.728, 162.84, 99, 6649
2026/08/26 06:48:32.728, 162.64, 100, 6649
2026/08/26 06:48:33.728, 162.85, 100, 6649
2026/08/26 06:48:34.728, 162.82, 100, 6649
2026/08/26 06:48:35.728, 163.07, 100, 6649
2026/08/26 06:48:36.729, 162.94, 100, 6649
2026/08/26 06:48:37.729, 162.76, 100, 6649
2026/08/26 06:48:38.729, 162.90, 100, 6649
2026/08/26 06:48:39.729, 162.73, 100, 6649
2026/08/26 06:48:40.729, 162.74, 100, 6649
2026/08/26 06:48:41.729, 162.87, 100, 6649
2026/08/26 06:48:42.730, 162.78, 100, 6649
2026/08/26 06:48:43.730, 162.82, 100, 6649
2026/08/26 06:48:44.730, 162.89, 100, 6649
2026/08/26 06:48:45.730, 162.78, 99, 6649
2026/08/26 06:48:46.730, 162.87, 100, 6649
2026/08/26 06:48:47.730, 162.72, 100, 6649
2026/08/26 06:48:48.730, 162.86, 100, 6649
2026/08/26 06:48:49.731, 162.99, 100, 6649
2026/08/26 06:48:50.731, 163.00, 100, 6649
2026/08/26 06:48:51.731, 162.67, 100, 6649
2026/08/26 06:48:52.731, 162.71, 100, 6649
2026/08/26 06:48:53.731, 162.83, 100, 6649
2026/08/26 06:48:54.731, 162.77, 100, 6649
2026/08/26 06:48:55.732, 162.96, 100, 6649
2026/08/26 06:48:56.732, 162.60, 100, 6649
2026/08/26 06:48:57.732, 162.71, 99, 6649
2026/08/26 06:48:58.732, 162.91, 100, 6649
2026/08/26 06:48:59.732, 162.88, 100, 6649
2026/08/26 06:49:00.733, 162.73, 99, 6649
2026/08/26 06:49:01.733, 162.67, 100, 6649
2026/08/26 06:49:02.733, 162.73, 100, 6649
2026/08/26 06:49:03.733, 162.67, 99, 6649
2026/08/26 06:49:04.733, 162.64, 100, 6649
2026/08/26 06:49:05.733, 162.43, 100, 6649
2026/08/26 06:49:06.734, 162.63, 99, 6649
2026/08/26 06:49:07.734, 162.75, 100, 6649
2026/08/26 06:49:08.734, 162.73, 100, 6649
2026/08/26 06:49:09.734, 156.85, 100, 6649
2026/08/26 06:49:10.734, 159.18, 100, 6649
2026/08/26 06:49:11.734, 158.93, 100, 6649
2026/08/26 06:49:12.735, 160.11, 100, 6649
2026/08/26 06:49:13.735, 159.57, 100, 6649
2026/08/26 06:49:14.735, 159.08, 99, 6649
2026/08/26 06:49:15.735, 160.36, 100, 6649
2026/08/26 06:49:16.735, 159.29, 100, 6649
2026/08/26 06:49:17.736, 159.07, 99, 6649
2026/08/26 06:49:18.744, 159.91, 100, 6649
2026/08/26 06:49:19.744, 159.95, 100, 6649
2026/08/26 06:49:20.744, 159.55, 98, 6649
2026/08/26 06:49:21.745, 160.25, 100, 6649
2026/08/26 06:49:22.745, 159.68, 100, 6649
2026/08/26 06:49:23.745, 158.98, 98, 6649
2026/08/26 06:49:24.745, 160.23, 100, 6649
2026/08/26 06:49:25.745, 159.23, 100, 6649
2026/08/26 06:49:26.745, 159.34, 98, 6649
2026/08/26 06:49:27.746, 159.79, 100, 6649
2026/08/26 06:49:28.746, 160.03, 100, 6649
2026/08/26 06:49:29.746, 159.51, 98, 6649
2026/08/26 06:49:30.746, 159.93, 100, 6649
2026/08/26 06:49:31.746, 159.33, 100, 6649
2026/08/26 06:49:32.747, 159.22, 98, 6649
2026/08/26 06:49:33.747, 160.54, 100, 6649
2026/08/26 06:49:34.747, 159.91, 100, 6649
2026/08/26 06:49:35.747, 159.18, 98, 6649
2026/08/26 06:49:36.747, 160.04, 100, 6649
2026/08/26 06:49:37.747, 159.47, 100, 6649
2026/08/26 06:49:38.748, 157.61, 98, 6649
2026/08/26 06:49:39.748, 160.42, 100, 6649
2026/08/26 06:49:40.748, 159.45, 100, 6649
2026/08/26 06:49:41.748, 158.80, 98, 6649
2026/08/26 06:49:42.748, 160.46, 100, 6649
2026/08/26 06:49:43.757, 159.47, 100, 6649
2026/08/26 06:49:44.757, 158.70, 98, 6649
2026/08/26 06:49:45.757, 159.66, 100, 6649
2026/08/26 06:49:46.757, 160.09, 100, 6649
2026/08/26 06:49:47.758, 158.98, 98, 6649
2026/08/26 06:49:48.766, 160.67, 100, 6649
2026/08/26 06:49:49.766, 160.29, 100, 6649
2026/08/26 06:49:50.766, 158.75, 98, 6649
2026/08/26 06:49:51.767, 159.46, 100, 6649
2026/08/26 06:49:52.767, 160.13, 100, 6649
2026/08/26 06:49:53.767, 159.01, 98, 6649
2026/08/26 06:49:54.767, 159.67, 100, 6649
2026/08/26 06:49:55.767, 159.67, 100, 6649
2026/08/26 06:49:56.768, 158.71, 98, 6649
2026/08/26 06:49:57.768, 159.68, 100, 6649
2026/08/26 06:49:58.768, 159.85, 100, 6649
2026/08/26 06:49:59.768, 158.80, 98, 6649
2026/08/26 06:50:00.768, 160.50, 100, 6649
2026/08/26 06:50:01.769, 160.31, 100, 6649
2026/08/26 06:50:02.769, 158.34, 98, 6649
2026/08/26 06:50:03.769, 159.26, 100, 6649
2026/08/26 06:50:04.769, 159.56, 100, 6649
2026/08/26 06:50:05.769, 158.61, 98, 6649
2026/08/26 06:50:06.769, 159.53, 100, 6649
2026/08/26 06:50:07.770, 159.98, 100, 6649
2026/08/26 06:50:08.770, 157.47, 98, 6649
2026/08/26 06:50:09.770, 159.09, 100, 6649
2026/08/26 06:50:10.770, 159.64, 100, 6649
2026/08/26 06:50:11.770, 159.02, 99, 6649
2026/08/26 06:50:12.770, 159.65, 100, 6649
2026/08/26 06:50:13.771, 159.90, 100, 6649
2026/08/26 06:50:14.771, 159.07, 99, 6649
2026/08/26 06:50:15.771, 159.63, 100, 6649
2026/08/26 06:50:16.771, 160.28, 100, 6649
2026/08/26 06:50:17.771, 158.92, 100, 6649
2026/08/26 06:50:18.771, 159.21, 100, 6649
2026/08/26 06:50:19.772, 159.73, 100, 6649
2026/08/26 06:50:20.772, 159.32, 100, 6649
2026/08/26 06:50:21.772, 159.32, 100, 6649
2026/08/26 06:50:22.772, 159.38, 100, 6649
2026/08/26 06:50:23.772, 159.07, 100, 6649
2026/08/26 06:50:24.773, 159.31, 100, 6649
2026/08/26 06:50:25.773, 159.66, 100, 6649
2026/08/26 06:50:26.773, 158.98, 100, 6649
2026/08/26 06:50:27.773, 158.95, 100, 6649
2026/08/26 06:50:28.773, 159.52, 100, 6649
2026/08/26 06:50:29.773, 158.39, 100, 6649
2026/08/26 06:50:30.774, 159.21, 100, 6649
2026/08/26 06:50:31.774, 160.74, 100, 6649
2026/08/26 06:50:32.774, 159.21, 100, 6649
2026/08/26 06:50:33.774, 159.18, 100, 6649
2026/08/26 06:50:34.774, 160.20, 100, 6649
2026/08/26 06:50:35.774, 159.51, 100, 6649
2026/08/26 06:50:36.775, 158.82, 100, 6649
2026/08/26 06:50:37.775, 160.32, 100, 6649
2026/08/26 06:50:38.775, 159.01, 100, 6649
2026/08/26 06:50:39.775, 157.74, 98, 6649
2026/08/26 06:50:40.775, 159.77, 100, 6649
2026/08/26 06:50:41.775, 159.25, 100, 6649
2026/08/26 06:50:42.776, 159.16, 98, 6649
2026/08/26 06:50:43.776, 159.72, 100, 6649
2026/08/26 06:50:44.776, 158.54, 100, 6649
2026/08/26 06:50:45.776, 159.19, 98, 6649
2026/08/26 06:50:46.776, 160.04, 100, 6649
2026/08/26 06:50:47.776, 159.62, 100, 6649
2026/08/26 06:50:48.777, 159.22, 98, 6649
2026/08/26 06:50:49.785, 159.79, 100, 6649
2026/08/26 06:50:50.785, 159.81, 100, 6649
2026/08/26 06:50:51.785, 158.89, 98, 6649
2026/08/26 06:50:52.786, 159.75, 100, 6649
2026/08/26 06:50:53.786, 159.21, 100, 6649
2026/08/26 06:50:54.786, 158.88, 98, 6649
2026/08/26 06:50:55.786, 159.73, 100, 6649
2026/08/26 06:50:56.786, 159.38, 100, 6649
2026/08/26 06:50:57.786, 159.01, 98, 6649
2026/08/26 06:50:58.787, 159.82, 100, 6649
2026/08/26 06:50:59.787, 159.78, 100, 6649
2026/08/26 06:51:00.787, 158.84, 98, 6649
2026/08/26 06:51:01.787, 159.55, 100, 6649
2026/08/26 06:51:02.787, 159.50, 100, 6649
2026/08/26 06:51:03.788, 159.08, 98, 6649
2026/08/26 06:51:04.788, 159.76, 100, 6649
2026/08/26 06:51:05.788, 159.20, 100, 6649
2026/08/26 06:51:06.788, 159.40, 98, 6649
2026/08/26 06:51:07.788, 159.66, 100, 6649
2026/08/26 06:51:08.788, 159.43, 100, 6649
2026/08/26 06:51:09.789, 158.19, 98, 6649
2026/08/26 06:51:10.789, 159.59, 100, 6649
2026/08/26 06:51:11.789, 159.79, 100, 6649
2026/08/26 06:51:12.789, 158.81, 98, 6649
2026/08/26 06:51:13.789, 159.71, 100, 6649
2026/08/26 06:51:14.789, 158.20, 100, 6649
2026/08/26 06:51:15.790, 159.13, 98, 6649
2026/08/26 06:51:16.790, 160.07, 100, 6649
2026/08/26 06:51:17.790, 159.71, 100, 6649
2026/08/26 06:51:18.790, 158.80, 98, 6649
2026/08/26 06:51:19.799, 159.84, 100, 6649
2026/08/26 06:51:20.799, 159.83, 100, 6649
2026/08/26 06:51:21.799, 159.61, 98, 6649
2026/08/26 06:51:22.799, 159.60, 100, 6649
2026/08/26 06:51:23.800, 159.73, 100, 6649
2026/08/26 06:51:24.800, 159.11, 98, 6649
2026/08/26 06:51:25.800, 160.16, 100, 6649
2026/08/26 06:51:26.800, 160.06, 100, 6649
2026/08/26 06:51:27.800, 159.15, 98, 6649
2026/08/26 06:51:28.800, 159.73, 100, 6649
2026/08/26 06:51:29.801, 160.18, 100, 6649
2026/08/26 06:51:30.801, 158.79, 98, 6649
2026/08/26 06:51:31.801, 159.91, 100, 6649
2026/08/26 06:51:32.801, 159.74, 100, 6649
2026/08/26 06:51:33.801, 158.91, 98, 6649
2026/08/26 06:51:34.802, 159.51, 100, 6649
2026/08/26 06:51:35.802, 159.72, 100, 6649
2026/08/26 06:51:36.802, 158.88, 98, 6649
2026/08/26 06:51:37.802, 159.80, 100, 6649
2026/08/26 06:51:38.802, 159.73, 100, 6649
2026/08/26 06:51:39.802, 157.93, 98, 6649
2026/08/26 06:51:40.803, 159.71, 100, 6649
2026/08/26 06:51:41.803, 159.68, 100, 6649
2026/08/26 06:51:42.803, 158.75, 98, 6649
2026/08/26 06:51:43.803, 159.59, 100, 6649
2026/08/26 06:51:44.803, 159.49, 100, 6649
2026/08/26 06:51:45.804, 158.92, 98, 6649
2026/08/26 06:51:46.804, 159.65, 100, 6649
2026/08/26 06:51:47.804, 159.93, 100, 6649
2026/08/26 06:51:48.804, 158.73, 98, 6649
2026/08/26 06:51:49.804, 159.52, 100, 6649
2026/08/26 06:51:50.805, 159.37, 100, 6649
2026/08/26 06:51:51.805, 159.08, 98, 6649
2026/08/26 06:51:52.805, 159.66, 100, 6649
2026/08/26 06:51:53.805, 159.66, 100, 6649
2026/08/26 06:51:54.805, 158.24, 98, 6649
2026/08/26 06:51:55.805, 159.60, 100, 6649
2026/08/26 06:51:56.806, 159.97, 100, 6649
2026/08/26 06:51:57.806, 159.05, 98, 6649
2026/08/26 06:51:58.806, 159.54, 100, 6649
2026/08/26 06:51:59.806, 159.53, 100, 6649
2026/08/26 06:52:00.806, 158.58, 98, 6649
2026/08/26 06:52:01.806, 159.69, 100, 6649
2026/08/26 06:52:02.807, 159.46, 100, 6649
2026/08/26 06:52:03.807, 158.64, 98, 6649
2026/08/26 06:52:04.807, 159.50, 100, 6649
2026/08/26 06:52:05.807, 159.58, 100, 6649
2026/08/26 06:52:06.807, 158.71, 98, 6649
2026/08/26 06:52:07.807, 159.62, 100, 6649
2026/08/26 06:52:08.808, 159.72, 100, 6649
2026/08/26 06:52:09.808, 157.36, 98, 6649
2026/08/26 06:52:10.808, 160.14, 100, 6649
2026/08/26 06:52:11.808, 160.34, 100, 6649
2026/08/26 06:52:12.808, 158.47, 98, 6649
2026/08/26 06:52:13.808, 159.66, 100, 6649
2026/08/26 06:52:14.809, 159.67, 100, 6649
2026/08/26 06:52:15.809, 158.90, 98, 6649
2026/08/26 06:52:16.809, 160.24, 100, 6649
2026/08/26 06:52:17.809, 160.41, 100, 6649
2026/08/26 06:52:18.809, 158.88, 98, 6649
2026/08/26 06:52:19.818, 159.75, 100, 6649
2026/08/26 06:52:20.818, 160.38, 100, 6649
2026/08/26 06:52:21.818, 159.11, 99, 6649
2026/08/26 06:52:22.818, 159.56, 100, 6649
2026/08/26 06:52:23.818, 160.11, 100, 6649
2026/08/26 06:52:24.827, 159.16, 100, 6649
2026/08/26 06:52:25.827, 159.62, 100, 6649
2026/08/26 06:52:26.827, 160.80, 100, 6649
2026/08/26 06:52:27.827, 162.25, 100, 6649
2026/08/26 06:52:28.828, 162.47, 100, 6649
2026/08/26 06:52:29.828, 162.40, 100, 6649
2026/08/26 06:52:30.828, 162.27, 99, 6649
2026/08/26 06:52:31.828, 162.31, 100, 6649
2026/08/26 06:52:32.828, 162.49, 100, 6649
2026/08/26 06:52:33.828, 162.58, 100, 6649
2026/08/26 06:52:34.829, 162.51, 100, 6649
2026/08/26 06:52:35.829, 162.39, 100, 6649
2026/08/26 06:52:36.829, 162.38, 99, 6649
2026/08/26 06:52:37.829, 162.44, 100, 6649
2026/08/26 06:52:38.829, 162.45, 100, 6649
2026/08/26 06:52:39.829, 162.31, 99, 6649
2026/08/26 06:52:40.830, 162.41, 100, 6649
2026/08/26 06:52:41.830, 162.50, 100, 6649
2026/08/26 06:52:42.830, 162.34, 99, 6649
2026/08/26 06:52:43.830, 162.23, 100, 6649
2026/08/26 06:52:44.830, 162.38, 100, 6649
2026/08/26 06:52:45.839, 162.45, 99, 6649
2026/08/26 06:52:46.839, 162.54, 100, 6649
2026/08/26 06:52:47.839, 162.39, 99, 6649
2026/08/26 06:52:48.839, 162.11, 99, 6649
2026/08/26 06:52:49.840, 162.32, 100, 6649
2026/08/26 06:52:50.848, 162.33, 100, 6649
2026/08/26 06:52:51.848, 162.31, 100, 6649
2026/08/26 06:52:52.848, 162.16, 100, 6649
2026/08/26 06:52:53.849, 162.38, 100, 6649
2026/08/26 06:52:54.849, 162.32, 100, 6649
2026/08/26 06:52:55.857, 162.17, 100, 6649
2026/08/26 06:52:56.858, 162.21, 99, 6649
2026/08/26 06:52:57.858, 162.23, 100, 6649
2026/08/26 06:52:58.858, 162.27, 100, 6649
2026/08/26 06:52:59.858, 162.51, 100, 6649
2026/08/26 06:53:00.858, 162.41, 100, 6649
2026/08/26 06:53:01.858, 162.47, 100, 6649
2026/08/26 06:53:02.859, 163.49, 100, 6649
2026/08/26 06:53:03.859, 163.43, 100, 6649
2026/08/26 06:53:04.859, 163.41, 100, 6649
2026/08/26 06:53:05.859, 163.22, 99, 6649
2026/08/26 06:53:06.859, 163.68, 100, 6649
2026/08/26 06:53:07.859, 163.66, 100, 6649
2026/08/26 06:53:08.860, 163.56, 100, 6649
2026/08/26 06:53:09.860, 163.55, 99, 6649
2026/08/26 06:53:10.860, 163.79, 100, 6649
2026/08/26 06:53:11.860, 163.76, 100, 6649
2026/08/26 06:53:12.860, 163.54, 99, 6649
2026/08/26 06:53:13.860, 163.43, 100, 6649
2026/08/26 06:53:14.861, 163.46, 100, 6649
2026/08/26 06:53:15.861, 163.55, 99, 6649
2026/08/26 06:53:16.861, 163.11, 100, 6649
2026/08/26 06:53:17.861, 162.57, 100, 6649
2026/08/26 06:53:18.861, 162.55, 100, 6649
2026/08/26 06:53:19.861, 162.68, 100, 6649
2026/08/26 06:53:20.862, 162.66, 100, 6649
2026/08/26 06:53:21.862, 162.60, 99, 6649
2026/08/26 06:53:22.862, 162.61, 100, 6649
2026/08/26 06:53:23.862, 162.46, 100, 6649
2026/08/26 06:53:24.862, 162.67, 100, 6649
2026/08/26 06:53:25.863, 162.52, 100, 6649
2026/08/26 06:53:26.863, 162.60, 100, 6649
2026/08/26 06:53:27.863, 162.34, 100, 6649
2026/08/26 06:53:28.863, 162.55, 100, 6649
2026/08/26 06:53:29.863, 162.50, 100, 6649
2026/08/26 06:53:30.863, 162.50, 99, 6649
2026/08/26 06:53:31.864, 162.34, 100, 6649
2026/08/26 06:53:32.864, 162.60, 100, 6649
2026/08/26 06:53:33.864, 162.64, 100, 6649
2026/08/26 06:53:34.864, 162.48, 100, 6649
2026/08/26 06:53:35.864, 162.62, 100, 6649
2026/08/26 06:53:36.865, 162.51, 99, 6649
2026/08/26 06:53:37.865, 162.73, 100, 6649
2026/08/26 06:53:38.865, 162.69, 100, 6649
2026/08/26 06:53:39.865, 162.50, 100, 6649
2026/08/26 06:53:40.865, 163.11, 100, 6649
2026/08/26 06:53:41.865, 163.93, 99, 6649
2026/08/26 06:53:42.866, 163.98, 99, 6649
2026/08/26 06:53:43.866, 162.92, 100, 6649
2026/08/26 06:53:44.866, 162.65, 99, 6649
2026/08/26 06:53:45.866, 162.62, 99, 6649
2026/08/26 06:53:46.866, 162.46, 100, 6649
2026/08/26 06:53:47.866, 162.54, 99, 6649
2026/08/26 06:53:48.867, 162.74, 100, 6649
2026/08/26 06:53:49.867, 162.50, 100, 6649
2026/08/26 06:53:50.875, 162.61, 100, 6649
2026/08/26 06:53:51.876, 162.60, 100, 6649
2026/08/26 06:53:52.876, 162.68, 100, 6649
2026/08/26 06:53:53.876, 163.14, 100, 6649
2026/08/26 06:53:54.876, 163.90, 99, 6649
2026/08/26 06:53:55.885, 163.84, 100, 6649
2026/08/26 06:53:56.885, 164.06, 100, 6649
2026/08/26 06:53:57.885, 163.67, 100, 6649
2026/08/26 06:53:58.885, 163.61, 99, 6649
2026/08/26 06:53:59.885, 163.91, 100, 6649
2026/08/26 06:54:00.886, 163.87, 100, 6649
2026/08/26 06:54:01.886, 163.83, 100, 6649
2026/08/26 06:54:02.886, 156.17, 100, 6649
2026/08/26 06:54:03.886, 158.60, 98, 6649
2026/08/26 06:54:04.886, 159.57, 100, 6649
2026/08/26 06:54:05.886, 160.31, 100, 6649
2026/08/26 06:54:06.887, 158.64, 98, 6649
2026/08/26 06:54:07.887, 159.58, 100, 6649
2026/08/26 06:54:08.887, 159.89, 100, 6649
2026/08/26 06:54:09.887, 159.09, 96, 6649
2026/08/26 06:54:10.887, 158.92, 100, 6649
2026/08/26 06:54:11.887, 160.83, 100, 6649
2026/08/26 06:54:12.888, 159.58, 100, 6649
2026/08/26 06:54:13.888, 159.86, 100, 6649
2026/08/26 06:54:14.888, 160.70, 100, 6649
2026/08/26 06:54:15.888, 158.91, 100, 6649
2026/08/26 06:54:16.888, 159.43, 100, 6649
2026/08/26 06:54:17.889, 160.62, 100, 6649
2026/08/26 06:54:18.889, 159.47, 100, 6649
2026/08/26 06:54:19.889, 159.29, 100, 6649
2026/08/26 06:54:20.897, 160.40, 100, 6649
2026/08/26 06:54:21.898, 159.16, 100, 6649
2026/08/26 06:54:22.898, 158.93, 100, 6649
2026/08/26 06:54:23.898, 160.42, 100, 6649
2026/08/26 06:54:24.898, 159.26, 100, 6649
2026/08/26 06:54:25.907, 159.17, 100, 6649
2026/08/26 06:54:26.907, 160.08, 100, 6649
2026/08/26 06:54:27.907, 159.57, 100, 6649
2026/08/26 06:54:28.907, 159.06, 99, 6649
2026/08/26 06:54:29.908, 159.79, 100, 6649
2026/08/26 06:54:30.908, 159.63, 100, 6649
2026/08/26 06:54:31.908, 158.93, 98, 6649
2026/08/26 06:54:32.908, 160.12, 100, 6649
2026/08/26 06:54:33.917, 159.42, 100, 6649
2026/08/26 06:54:34.917, 158.96, 98, 6649
2026/08/26 06:54:35.917, 159.44, 100, 6649
2026/08/26 06:54:36.917, 159.03, 100, 6649
2026/08/26 06:54:37.917, 159.19, 98, 6649
2026/08/26 06:54:38.917, 159.73, 100, 6649
2026/08/26 06:54:39.918, 159.17, 100, 6649
2026/08/26 06:54:40.918, 157.90, 89, 6649
2026/08/26 06:54:41.918, 159.12, 100, 6649
2026/08/26 06:54:42.918, 159.18, 100, 6649
2026/08/26 06:54:43.918, 158.77, 98, 6649
2026/08/26 06:54:44.918, 159.51, 100, 6649
2026/08/26 06:54:45.919, 159.73, 100, 6649
2026/08/26 06:54:46.919, 158.41, 98, 6649
2026/08/26 06:54:47.919, 160.04, 100, 6649
2026/08/26 06:54:48.919, 159.16, 100, 6649
2026/08/26 06:54:49.919, 158.74, 98, 6649
2026/08/26 06:54:50.920, 160.02, 100, 6649
2026/08/26 06:54:51.920, 158.71, 100, 6649
2026/08/26 06:54:52.920, 158.84, 98, 6649
2026/08/26 06:54:53.920, 159.78, 100, 6649
2026/08/26 06:54:54.920, 159.46, 100, 6649
2026/08/26 06:54:55.920, 159.01, 98, 6649
2026/08/26 06:54:56.929, 160.39, 100, 6649
2026/08/26 06:54:57.929, 159.56, 100, 6649
2026/08/26 06:54:58.929, 159.27, 98, 6649
2026/08/26 06:54:59.930, 160.20, 100, 6649
2026/08/26 06:55:00.930, 159.53, 100, 6649
2026/08/26 06:55:01.930, 158.74, 98, 6649
2026/08/26 06:55:02.930, 159.68, 100, 6649
2026/08/26 06:55:03.930, 159.31, 100, 6649
2026/08/26 06:55:04.930, 158.76, 98, 6649
2026/08/26 06:55:05.931, 159.70, 100, 6649
2026/08/26 06:55:06.931, 159.34, 100, 6649
2026/08/26 06:55:07.931, 158.64, 98, 6649
2026/08/26 06:55:08.931, 159.70, 100, 6649
2026/08/26 06:55:09.931, 159.87, 100, 6649
2026/08/26 06:55:10.932, 157.65, 90, 6649
2026/08/26 06:55:11.932, 158.59, 100, 6649
2026/08/26 06:55:12.932, 159.16, 100, 6649
2026/08/26 06:55:13.932, 158.43, 98, 6649
2026/08/26 06:55:14.932, 159.58, 100, 6649
2026/08/26 06:55:15.932, 159.90, 100, 6649
2026/08/26 06:55:16.933, 158.57, 98, 6649
2026/08/26 06:55:17.933, 159.76, 100, 6649
2026/08/26 06:55:18.933, 159.68, 100, 6649
2026/08/26 06:55:19.933, 158.55, 98, 6649
2026/08/26 06:55:20.933, 159.26, 100, 6649
2026/08/26 06:55:21.934, 158.22, 100, 6649
2026/08/26 06:55:22.934, 158.29, 98, 6649
2026/08/26 06:55:23.934, 159.16, 100, 6649
2026/08/26 06:55:24.934, 160.10, 100, 6649
2026/08/26 06:55:25.934, 158.33, 98, 6649
2026/08/26 06:55:26.943, 159.04, 100, 6649
2026/08/26 06:55:27.943, 159.99, 100, 6649
2026/08/26 06:55:28.943, 158.17, 98, 6649
2026/08/26 06:55:29.943, 159.19, 100, 6649
2026/08/26 06:55:30.943, 159.27, 100, 6649
2026/08/26 06:55:31.944, 157.98, 98, 6649
2026/08/26 06:55:32.944, 158.80, 100, 6649
2026/08/26 06:55:33.944, 159.62, 100, 6649
2026/08/26 06:55:34.944, 158.39, 98, 6649
2026/08/26 06:55:35.944, 159.66, 100, 6649
2026/08/26 06:55:36.944, 160.29, 100, 6649
2026/08/26 06:55:37.945, 158.98, 98, 6649
2026/08/26 06:55:38.945, 159.27, 100, 6649
2026/08/26 06:55:39.945, 159.67, 100, 6649
2026/08/26 06:55:40.945, 158.50, 97, 6649
2026/08/26 06:55:41.945, 157.79, 100, 6649
2026/08/26 06:55:42.945, 159.62, 100, 6649
2026/08/26 06:55:43.946, 158.67, 100, 6649
2026/08/26 06:55:44.946, 158.78, 100, 6649
2026/08/26 06:55:45.946, 159.56, 100, 6649
2026/08/26 06:55:46.946, 158.00, 100, 6649
2026/08/26 06:55:47.946, 158.73, 100, 6649
2026/08/26 06:55:48.946, 159.95, 100, 6649
2026/08/26 06:55:49.947, 159.49, 100, 6649
2026/08/26 06:55:50.947, 159.05, 100, 6649
2026/08/26 06:55:51.955, 159.63, 100, 6649
2026/08/26 06:55:52.955, 158.78, 100, 6649
2026/08/26 06:55:53.956, 158.60, 100, 6649
2026/08/26 06:55:54.956, 160.08, 100, 6649
2026/08/26 06:55:55.956, 159.28, 100, 6649
2026/08/26 06:55:56.956, 159.20, 100, 6649
2026/08/26 06:55:57.956, 160.17, 100, 6649
2026/08/26 06:55:58.956, 158.91, 100, 6649
2026/08/26 06:55:59.957, 158.71, 100, 6649
2026/08/26 06:56:00.957, 159.96, 100, 6649
2026/08/26 06:56:01.957, 159.18, 100, 6649
2026/08/26 06:56:02.957, 158.88, 99, 6649
2026/08/26 06:56:03.957, 159.71, 100, 6649
2026/08/26 06:56:04.957, 159.10, 100, 6649
2026/08/26 06:56:05.958, 158.81, 99, 6649
2026/08/26 06:56:06.958, 159.63, 100, 6649
2026/08/26 06:56:07.958, 158.96, 100, 6649
2026/08/26 06:56:08.958, 158.89, 98, 6649
2026/08/26 06:56:09.958, 159.58, 100, 6649
2026/08/26 06:56:10.959, 159.29, 100, 6649
2026/08/26 06:56:11.959, 158.58, 98, 6649
2026/08/26 06:56:12.959, 159.95, 100, 6649
2026/08/26 06:56:13.959, 159.18, 100, 6649
2026/08/26 06:56:14.959, 159.08, 98, 6649
2026/08/26 06:56:15.959, 159.66, 100, 6649
2026/08/26 06:56:16.960, 159.31, 100, 6649
2026/08/26 06:56:17.960, 157.78, 98, 6649
2026/08/26 06:56:18.960, 159.77, 100, 6649
2026/08/26 06:56:19.960, 159.66, 100, 6649
2026/08/26 06:56:20.960, 158.97, 98, 6649
2026/08/26 06:56:21.960, 159.52, 100, 6649
2026/08/26 06:56:22.961, 159.30, 100, 6649
2026/08/26 06:56:23.961, 158.66, 98, 6649
2026/08/26 06:56:24.961, 159.62, 100, 6649
2026/08/26 06:56:25.961, 159.10, 100, 6649
2026/08/26 06:56:26.961, 158.52, 98, 6649
2026/08/26 06:56:27.961, 159.45, 100, 6649
2026/08/26 06:56:28.962, 159.63, 100, 6649
2026/08/26 06:56:29.962, 158.68, 98, 6649
2026/08/26 06:56:30.962, 159.43, 100, 6649
2026/08/26 06:56:31.962, 159.54, 100, 6649
2026/08/26 06:56:32.962, 158.87, 98, 6649
2026/08/26 06:56:33.962, 159.86, 100, 6649
2026/08/26 06:56:34.963, 159.35, 100, 6649
2026/08/26 06:56:35.963, 158.91, 98, 6649
2026/08/26 06:56:36.963, 159.49, 100, 6649
2026/08/26 06:56:37.963, 159.93, 100, 6649
2026/08/26 06:56:38.963, 158.75, 98, 6649
2026/08/26 06:56:39.963, 159.45, 100, 6649
2026/08/26 06:56:40.964, 159.82, 100, 6649
2026/08/26 06:56:41.964, 157.77, 89, 6649
2026/08/26 06:56:42.964, 158.09, 100, 6649
2026/08/26 06:56:43.964, 159.48, 100, 6649
2026/08/26 06:56:44.964, 158.57, 98, 6649
2026/08/26 06:56:45.964, 159.25, 100, 6649
2026/08/26 06:56:46.965, 159.59, 100, 6649
2026/08/26 06:56:47.965, 157.10, 98, 6649
2026/08/26 06:56:48.965, 159.68, 100, 6649
2026/08/26 06:56:49.965, 159.73, 100, 6649
2026/08/26 06:56:50.965, 158.41, 98, 6649
2026/08/26 06:56:51.965, 159.30, 100, 6649
2026/08/26 06:56:52.966, 158.99, 100, 6649
2026/08/26 06:56:53.966, 158.27, 98, 6649
2026/08/26 06:56:54.966, 159.07, 100, 6649
2026/08/26 06:56:55.966, 160.14, 100, 6649
2026/08/26 06:56:56.966, 158.82, 98, 6649
2026/08/26 06:56:57.975, 159.66, 100, 6649
2026/08/26 06:56:58.975, 160.30, 100, 6649
2026/08/26 06:56:59.975, 158.88, 99, 6649
2026/08/26 06:57:00.975, 159.22, 100, 6649
2026/08/26 06:57:01.975, 160.35, 100, 6649
2026/08/26 06:57:02.976, 158.62, 100, 6649
2026/08/26 06:57:03.976, 158.89, 100, 6649
2026/08/26 06:57:04.976, 160.03, 100, 6649
2026/08/26 06:57:05.976, 159.03, 100, 6649
2026/08/26 06:57:06.976, 159.09, 100, 6649
2026/08/26 06:57:07.977, 159.99, 100, 6649
2026/08/26 06:57:08.977, 159.13, 100, 6649
2026/08/26 06:57:09.977, 159.67, 100, 6649
2026/08/26 06:57:10.977, 160.31, 100, 6649
2026/08/26 06:57:11.977, 159.11, 100, 6649
2026/08/26 06:57:12.977, 158.26, 100, 6649
2026/08/26 06:57:13.978, 160.66, 100, 6649
2026/08/26 06:57:14.978, 159.70, 100, 6649
2026/08/26 06:57:15.978, 160.20, 100, 6649
2026/08/26 06:57:16.978, 161.06, 100, 6649
2026/08/26 06:57:17.978, 158.65, 100, 6649
2026/08/26 06:57:18.978, 157.71, 100, 6649
2026/08/26 06:57:19.979, 162.42, 100, 6649
2026/08/26 06:57:20.979, 162.30, 100, 6649
2026/08/26 06:57:21.979, 162.11, 100, 6649
2026/08/26 06:57:22.988, 162.09, 100, 6649
2026/08/26 06:57:23.988, 162.29, 100, 6649
2026/08/26 06:57:24.988, 162.29, 100, 6649
2026/08/26 06:57:25.988, 162.29, 100, 6649
2026/08/26 06:57:26.988, 162.53, 100, 6649
2026/08/26 06:57:27.997, 162.37, 100, 6649
2026/08/26 06:57:28.997, 162.40, 99, 6649
2026/08/26 06:57:29.997, 162.16, 100, 6649
2026/08/26 06:57:30.997, 162.16, 99, 6649
2026/08/26 06:57:31.998, 162.34, 100, 6649
2026/08/26 06:57:32.998, 162.23, 100, 6649
2026/08/26 06:57:33.998, 162.35, 100, 6649
2026/08/26 06:57:34.998, 162.36, 100, 6649
2026/08/26 06:57:35.998, 162.35, 100, 6649
2026/08/26 06:57:36.998, 162.19, 99, 6649
2026/08/26 06:57:37.999, 162.39, 100, 6649
2026/08/26 06:57:38.999, 162.32, 100, 6649
2026/08/26 06:57:39.999, 162.21, 100, 6649
2026/08/26 06:57:40.999, 162.31, 100, 6649
2026/08/26 06:57:41.999, 162.42, 100, 6649
2026/08/26 06:57:42.999, 162.27, 100, 6649
2026/08/26 06:57:43.999, 162.55, 100, 6649
2026/08/26 06:57:45.000, 162.46, 100, 6649
2026/08/26 06:57:46.000, 162.08, 99, 6649
2026/08/26 06:57:47.000, 162.26, 100, 6649
2026/08/26 06:57:48.008, 162.30, 100, 6649
2026/08/26 06:57:49.009, 162.23, 99, 6649
2026/08/26 06:57:50.009, 162.25, 100, 6649
2026/08/26 06:57:51.009, 162.47, 100, 6649
2026/08/26 06:57:52.009, 162.42, 100, 6649
2026/08/26 06:57:53.010, 162.36, 100, 6649
2026/08/26 06:57:54.010, 162.39, 100, 6649
2026/08/26 06:57:55.010, 162.37, 99, 6649
2026/08/26 06:57:56.010, 162.62, 100, 6649
2026/08/26 06:57:57.010, 162.52, 100, 6649
2026/08/26 06:57:58.010, 162.45, 100, 6649
2026/08/26 06:57:59.011, 162.45, 100, 6649
2026/08/26 06:58:00.011, 162.60, 100, 6649
2026/08/26 06:58:01.011, 162.49, 100, 6649
2026/08/26 06:58:02.011, 162.51, 100, 6649
2026/08/26 06:58:03.011, 162.38, 100, 6649
2026/08/26 06:58:04.011, 162.51, 99, 6649
2026/08/26 06:58:05.012, 162.65, 100, 6649
2026/08/26 06:58:06.017, 162.63, 100, 6649
2026/08/26 06:58:07.017, 162.45, 99, 6649
2026/08/26 06:58:08.017, 162.35, 100, 6649
2026/08/26 06:58:09.018, 162.52, 100, 6649
2026/08/26 06:58:10.018, 162.73, 99, 6649
2026/08/26 06:58:11.018, 162.48, 100, 6649
2026/08/26 06:58:12.018, 162.45, 100, 6649
2026/08/26 06:58:13.018, 162.66, 100, 6649
2026/08/26 06:58:14.018, 162.57, 100, 6649
2026/08/26 06:58:15.019, 162.41, 100, 6649
2026/08/26 06:58:16.019, 162.53, 100, 6649
2026/08/26 06:58:17.019, 162.77, 100, 6649
2026/08/26 06:58:18.019, 162.59, 100, 6649
2026/08/26 06:58:19.019, 162.56, 100, 6649
2026/08/26 06:58:20.019, 162.60, 100, 6649
2026/08/26 06:58:21.020, 162.46, 99, 6649
2026/08/26 06:58:22.020, 162.65, 100, 6649
2026/08/26 06:58:23.020, 162.59, 100, 6649
2026/08/26 06:58:24.020, 162.62, 100, 6649
2026/08/26 06:58:25.020, 162.53, 100, 6649
2026/08/26 06:58:26.020, 162.65, 100, 6649
2026/08/26 06:58:27.021, 162.63, 100, 6649
2026/08/26 06:58:28.021, 162.57, 100, 6649
2026/08/26 06:58:29.029, 162.44, 100, 6649
2026/08/26 06:58:30.030, 162.30, 100, 6649
2026/08/26 06:58:31.030, 162.65, 100, 6649
2026/08/26 06:58:32.030, 162.50, 100, 6649
2026/08/26 06:58:33.030, 162.46, 99, 6649
2026/08/26 06:58:34.030, 162.42, 100, 6649
2026/08/26 06:58:35.030, 162.69, 100, 6649
2026/08/26 06:58:36.036, 162.54, 100, 6649
2026/08/26 06:58:37.036, 162.54, 100, 6649
2026/08/26 06:58:38.036, 162.30, 100, 6649
2026/08/26 06:58:39.036, 162.44, 99, 6649
2026/08/26 06:58:40.037, 162.48, 100, 6649
2026/08/26 06:58:41.037, 162.50, 100, 6649
2026/08/26 06:58:42.037, 162.48, 99, 6649
2026/08/26 06:58:43.037, 162.36, 100, 6649
2026/08/26 06:58:44.037, 162.52, 100, 6649
2026/08/26 06:58:45.037, 162.62, 100, 6649
2026/08/26 06:58:46.038, 162.55, 100, 6649
2026/08/26 06:58:47.038, 162.51, 99, 6649
2026/08/26 06:58:48.038, 162.59, 100, 6649
2026/08/26 06:58:49.041, 162.52, 100, 6649
2026/08/26 06:58:50.041, 162.60, 100, 6649
2026/08/26 06:58:51.041, 162.46, 100, 6649
2026/08/26 06:58:52.042, 162.51, 100, 6649
2026/08/26 06:58:53.042, 162.71, 100, 6649
2026/08/26 06:58:54.042, 162.70, 100, 6649
2026/08/26 06:58:55.042, 162.58, 100, 6649
2026/08/26 06:58:56.042, 154.44, 100, 6649
2026/08/26 06:58:57.042, 159.61, 100, 6649
2026/08/26 06:58:58.043, 160.45, 100, 6649
2026/08/26 06:58:59.044, 159.33, 100, 6649
2026/08/26 06:59:00.044, 159.55, 100, 6649
2026/08/26 06:59:01.044, 160.09, 100, 6649
2026/08/26 06:59:02.044, 159.61, 100, 6649
2026/08/26 06:59:03.044, 159.44, 100, 6649
2026/08/26 06:59:04.045, 160.25, 100, 6649
2026/08/26 06:59:05.045, 159.51, 100, 6649
2026/08/26 06:59:06.045, 159.31, 100, 6649
2026/08/26 06:59:07.045, 160.54, 100, 6649
2026/08/26 06:59:08.045, 159.34, 100, 6649
2026/08/26 06:59:09.045, 159.44, 100, 6649
2026/08/26 06:59:10.046, 160.46, 100, 6649
2026/08/26 06:59:11.046, 159.60, 100, 6649
2026/08/26 06:59:12.046, 159.38, 99, 6649
2026/08/26 06:59:13.046, 159.79, 100, 6649
2026/08/26 06:59:14.046, 158.87, 100, 6649
2026/08/26 06:59:15.046, 159.11, 98, 6649
2026/08/26 06:59:16.047, 159.88, 100, 6649
2026/08/26 06:59:17.047, 159.77, 100, 6649
2026/08/26 06:59:18.047, 159.01, 98, 6649
2026/08/26 06:59:19.047, 158.81, 100, 6649
2026/08/26 06:59:20.047, 159.59, 100, 6649
2026/08/26 06:59:21.047, 158.63, 98, 6649
2026/08/26 06:59:22.048, 159.96, 100, 6649
2026/08/26 06:59:23.048, 159.58, 100, 6649
2026/08/26 06:59:24.050, 158.86, 98, 6649
2026/08/26 06:59:25.051, 159.50, 100, 6649
2026/08/26 06:59:26.051, 159.46, 100, 6649
2026/08/26 06:59:27.051, 158.83, 98, 6649
2026/08/26 06:59:28.051, 159.77, 100, 6649
2026/08/26 06:59:29.052, 159.63, 100, 6649
2026/08/26 06:59:30.052, 158.78, 98, 6649
2026/08/26 06:59:31.052, 160.22, 100, 6649
2026/08/26 06:59:32.052, 159.66, 100, 6649
2026/08/26 06:59:33.053, 158.81, 98, 6649
2026/08/26 06:59:34.053, 159.54, 100, 6649
2026/08/26 06:59:35.053, 159.43, 100, 6649
2026/08/26 06:59:36.053, 158.51, 98, 6649
2026/08/26 06:59:37.053, 159.52, 100, 6649
2026/08/26 06:59:38.053, 160.05, 100, 6649
2026/08/26 06:59:39.054, 158.56, 98, 6649
2026/08/26 06:59:40.054, 159.47, 100, 6649
2026/08/26 06:59:41.054, 159.65, 100, 6649
2026/08/26 06:59:42.054, 158.63, 98, 6649
2026/08/26 06:59:43.054, 159.16, 100, 6649
2026/08/26 06:59:44.054, 159.43, 100, 6649
2026/08/26 06:59:45.054, 158.63, 98, 6649
2026/08/26 06:59:46.055, 159.24, 100, 6649
2026/08/26 06:59:47.055, 159.76, 100, 6649
2026/08/26 06:59:48.055, 158.60, 98, 6649
2026/08/26 06:59:49.061, 159.64, 100, 6649
2026/08/26 06:59:50.061, 159.65, 100, 6649
2026/08/26 06:59:51.061, 159.01, 100, 6649
2026/08/26 06:59:52.061, 159.71, 100, 6649
2026/08/26 06:59:53.061, 160.33, 100, 6649
2026/08/26 06:59:54.063, 158.82, 100, 6649
2026/08/26 06:59:55.064, 159.07, 100, 6649
2026/08/26 06:59:56.064, 160.37, 100, 6649
2026/08/26 06:59:57.064, 159.37, 100, 6649
2026/08/26 06:59:58.064, 159.76, 100, 6649
2026/08/26 06:59:59.065, 160.24, 100, 6649
2026/08/26 07:00:00.065, 159.21, 100, 6649
2026/08/26 07:00:01.065, 159.22, 100, 6649
2026/08/26 07:00:02.066, 160.13, 100, 6649
2026/08/26 07:00:03.066, 159.60, 100, 6649
2026/08/26 07:00:04.066, 159.55, 100, 6649
2026/08/26 07:00:05.066, 159.92, 100, 6649
2026/08/26 07:00:06.066, 159.63, 100, 6649
2026/08/26 07:00:07.066, 159.15, 100, 6649
2026/08/26 07:00:08.067, 159.77, 100, 6649
2026/08/26 07:00:09.067, 159.11, 100, 6649
2026/08/26 07:00:10.067, 158.89, 100, 6649
2026/08/26 07:00:11.067, 160.05, 100, 6649
2026/08/26 07:00:12.067, 159.51, 100, 6649
2026/08/26 07:00:13.067, 159.06, 100, 6649
2026/08/26 07:00:14.068, 160.24, 100, 6649
2026/08/26 07:00:15.068, 157.92, 100, 6649
2026/08/26 07:00:16.068, 159.00, 98, 6649
2026/08/26 07:00:17.068, 159.44, 100, 6649
2026/08/26 07:00:18.068, 159.55, 100, 6649
2026/08/26 07:00:19.068, 158.87, 98, 6649
2026/08/26 07:00:20.069, 158.32, 100, 6649
2026/08/26 07:00:21.069, 159.03, 100, 6649
2026/08/26 07:00:22.069, 158.79, 98, 6649
2026/08/26 07:00:23.069, 159.56, 100, 6649
2026/08/26 07:00:24.069, 159.95, 100, 6649
2026/08/26 07:00:25.069, 158.80, 98, 6649
2026/08/26 07:00:26.070, 159.63, 100, 6649
2026/08/26 07:00:27.070, 159.76, 100, 6649
2026/08/26 07:00:28.070, 158.45, 98, 6649
2026/08/26 07:00:29.070, 159.34, 100, 6649
2026/08/26 07:00:30.070, 159.77, 100, 6649
2026/08/26 07:00:31.070, 158.86, 98, 6649
2026/08/26 07:00:32.071, 159.68, 100, 6649
2026/08/26 07:00:33.071, 159.60, 100, 6649
2026/08/26 07:00:34.071, 158.63, 98, 6649
2026/08/26 07:00:35.071, 160.44, 100, 6649
2026/08/26 07:00:36.071, 159.70, 100, 6649
2026/08/26 07:00:37.071, 158.63, 98, 6649
2026/08/26 07:00:38.072, 159.44, 100, 6649
2026/08/26 07:00:39.072, 160.04, 100, 6649
2026/08/26 07:00:40.072, 158.49, 98, 6649
2026/08/26 07:00:41.072, 159.51, 100, 6649
2026/08/26 07:00:42.072, 160.23, 100, 6649
2026/08/26 07:00:43.073, 158.32, 98, 6649
2026/08/26 07:00:44.073, 160.43, 100, 6649
2026/08/26 07:00:45.073, 159.55, 100, 6649
2026/08/26 07:00:46.073, 158.59, 98, 6649
2026/08/26 07:00:47.073, 159.42, 100, 6649
2026/08/26 07:00:48.073, 159.70, 100, 6649
2026/08/26 07:00:49.073, 158.82, 98, 6649
2026/08/26 07:00:50.074, 159.26, 100, 6649
2026/08/26 07:00:51.074, 159.88, 100, 6649
2026/08/26 07:00:52.074, 159.11, 100, 6649
2026/08/26 07:00:53.074, 159.74, 100, 6649
2026/08/26 07:00:54.074, 160.43, 100, 6649
2026/08/26 07:00:55.075, 158.95, 100, 6649
2026/08/26 07:00:56.075, 159.28, 100, 6649
2026/08/26 07:00:57.075, 159.74, 100, 6649
2026/08/26 07:00:58.075, 159.11, 100, 6649
2026/08/26 07:00:59.075, 159.25, 100, 6649
2026/08/26 07:01:00.084, 160.27, 100, 6649
2026/08/26 07:01:01.084, 159.14, 100, 6649
2026/08/26 07:01:02.084, 158.83, 100, 6649
2026/08/26 07:01:03.084, 159.68, 100, 6649
2026/08/26 07:01:04.085, 159.10, 100, 6649
2026/08/26 07:01:05.085, 159.17, 100, 6649
2026/08/26 07:01:06.085, 160.42, 100, 6649
2026/08/26 07:01:07.085, 159.34, 100, 6649
2026/08/26 07:01:08.085, 158.80, 100, 6649
2026/08/26 07:01:09.085, 159.79, 100, 6649
2026/08/26 07:01:10.086, 159.20, 100, 6649
2026/08/26 07:01:11.086, 158.97, 98, 6649
2026/08/26 07:01:12.086, 159.65, 100, 6649
2026/08/26 07:01:13.086, 159.41, 100, 6649
2026/08/26 07:01:14.086, 159.21, 98, 6649
2026/08/26 07:01:15.086, 159.57, 100, 6649
2026/08/26 07:01:16.087, 159.47, 100, 6649
2026/08/26 07:01:17.087, 158.97, 98, 6649
2026/08/26 07:01:18.095, 159.75, 100, 6649
2026/08/26 07:01:19.095, 158.94, 100, 6649
2026/08/26 07:01:20.096, 159.77, 98, 6649
2026/08/26 07:01:21.096, 159.58, 100, 6649
2026/08/26 07:01:22.096, 158.66, 100, 6649
2026/08/26 07:01:23.096, 159.50, 98, 6649
2026/08/26 07:01:24.096, 159.60, 100, 6649
2026/08/26 07:01:25.097, 158.56, 100, 6649
2026/08/26 07:01:26.097, 159.92, 98, 6649
2026/08/26 07:01:27.097, 159.52, 100, 6649
2026/08/26 07:01:28.105, 158.72, 100, 6649
2026/08/26 07:01:29.106, 159.54, 98, 6649
2026/08/26 07:01:30.106, 159.86, 100, 6649
2026/08/26 07:01:31.106, 158.51, 100, 6649
2026/08/26 07:01:32.106, 160.31, 98, 6649
2026/08/26 07:01:33.115, 159.51, 100, 6649
2026/08/26 07:01:34.115, 158.96, 99, 6649
2026/08/26 07:01:35.115, 159.59, 100, 6649
2026/08/26 07:01:36.115, 160.26, 100, 6649
2026/08/26 07:01:37.115, 159.23, 100, 6649
2026/08/26 07:01:38.116, 159.53, 100, 6649
2026/08/26 07:01:39.116, 160.06, 100, 6649
2026/08/26 07:01:40.116, 159.59, 100, 6649
2026/08/26 07:01:41.116, 159.45, 100, 6649
2026/08/26 07:01:42.116, 160.00, 100, 6649
2026/08/26 07:01:43.116, 159.27, 100, 6649
2026/08/26 07:01:44.117, 159.35, 100, 6649
2026/08/26 07:01:45.117, 160.31, 100, 6649
2026/08/26 07:01:46.117, 159.10, 100, 6649
2026/08/26 07:01:47.117, 159.09, 100, 6649
2026/08/26 07:01:48.126, 160.02, 100, 6649
2026/08/26 07:01:49.126, 158.99, 100, 6649
2026/08/26 07:01:50.126, 159.38, 100, 6649
2026/08/26 07:01:51.126, 160.18, 100, 6649
2026/08/26 07:01:52.127, 159.21, 100, 6649
2026/08/26 07:01:53.127, 159.13, 99, 6649
2026/08/26 07:01:54.127, 159.72, 100, 6649
2026/08/26 07:01:55.127, 159.67, 100, 6649
2026/08/26 07:01:56.127, 158.95, 98, 6649
2026/08/26 07:01:57.127, 159.78, 100, 6649
2026/08/26 07:01:58.136, 158.98, 100, 6649
2026/08/26 07:01:59.136, 158.85, 98, 6649
2026/08/26 07:02:00.136, 160.09, 100, 6649
2026/08/26 07:02:01.137, 159.76, 100, 6649
2026/08/26 07:02:02.137, 159.00, 98, 6649
2026/08/26 07:02:03.145, 159.95, 100, 6649
2026/08/26 07:02:04.146, 159.64, 100, 6649
2026/08/26 07:02:05.146, 159.09, 98, 6649
2026/08/26 07:02:06.146, 159.74, 100, 6649
2026/08/26 07:02:07.146, 159.91, 100, 6649
2026/08/26 07:02:08.146, 159.01, 98, 6649
2026/08/26 07:02:09.146, 159.56, 100, 6649
2026/08/26 07:02:10.147, 159.44, 100, 6649
2026/08/26 07:02:11.147, 158.91, 98, 6649
2026/08/26 07:02:12.147, 158.60, 100, 6649
2026/08/26 07:02:13.147, 162.40, 99, 6649
2026/08/26 07:02:14.147, 162.57, 99, 6649
2026/08/26 07:02:15.147, 162.57, 100, 6649
2026/08/26 07:02:16.148, 162.43, 99, 6649
2026/08/26 07:02:17.148, 162.18, 100, 6649
2026/08/26 07:02:18.148, 162.60, 100, 6649
2026/08/26 07:02:19.148, 162.40, 100, 6649
2026/08/26 07:02:20.148, 162.52, 100, 6649
2026/08/26 07:02:21.153, 162.37, 100, 6649
2026/08/26 07:02:22.153, 162.63, 99, 6649
2026/08/26 07:02:23.154, 162.49, 100, 6649
2026/08/26 07:02:24.154, 162.45, 100, 6649
2026/08/26 07:02:25.154, 162.42, 99, 6649
2026/08/26 07:02:26.155, 162.62, 100, 6649
2026/08/26 07:02:27.156, 162.64, 100, 6649
2026/08/26 07:02:28.156, 162.63, 99, 6649
2026/08/26 07:02:29.156, 162.74, 100, 6649
2026/08/26 07:02:30.156, 162.57, 100, 6649
2026/08/26 07:02:31.156, 162.66, 100, 6649
2026/08/26 07:02:32.156, 162.74, 100, 6649
2026/08/26 07:02:33.157, 162.57, 100, 6649
2026/08/26 07:02:34.157, 162.74, 99, 6649
2026/08/26 07:02:35.157, 162.75, 100, 6649
2026/08/26 07:02:36.157, 162.69, 100, 6649
2026/08/26 07:02:37.157, 162.69, 100, 6649
2026/08/26 07:02:38.158, 162.68, 100, 6649
2026/08/26 07:02:39.158, 162.57, 100, 6649
2026/08/26 07:02:40.158, 162.53, 99, 6649
2026/08/26 07:02:41.158, 162.65, 100, 6649
2026/08/26 07:02:42.158, 162.65, 100, 6649
2026/08/26 07:02:43.158, 162.66, 100, 6649
2026/08/26 07:02:44.159, 162.57, 100, 6649
2026/08/26 07:02:45.159, 162.69, 100, 6649
2026/08/26 07:02:46.159, 162.50, 100, 6649
2026/08/26 07:02:47.159, 162.52, 100, 6649
2026/08/26 07:02:48.159, 162.55, 100, 6649
2026/08/26 07:02:49.159, 162.51, 100, 6649
2026/08/26 07:02:50.160, 162.72, 100, 6649
2026/08/26 07:02:51.165, 162.63, 99, 6649
2026/08/26 07:02:52.165, 162.57, 99, 6649
2026/08/26 07:02:53.165, 162.63, 100, 6649
2026/08/26 07:02:54.165, 162.73, 100, 6649
2026/08/26 07:02:55.166, 162.78, 100, 6649
2026/08/26 07:02:56.166, 162.67, 100, 6649
2026/08/26 07:02:57.166, 162.89, 99, 6649
2026/08/26 07:02:58.167, 162.71, 100, 6649
2026/08/26 07:02:59.167, 162.71, 100, 6649
2026/08/26 07:03:00.167, 162.70, 99, 6649
2026/08/26 07:03:01.168, 162.60, 100, 6649
2026/08/26 07:03:02.169, 162.70, 100, 6649
2026/08/26 07:03:03.169, 162.64, 99, 6649
2026/08/26 07:03:04.169, 162.70, 100, 6649
2026/08/26 07:03:05.169, 162.49, 100, 6649
2026/08/26 07:03:06.169, 162.55, 100, 6649
2026/08/26 07:03:07.170, 162.62, 100, 6649
2026/08/26 07:03:08.170, 162.64, 100, 6649
2026/08/26 07:03:09.170, 162.55, 99, 6649
2026/08/26 07:03:10.170, 162.62, 100, 6649
2026/08/26 07:03:11.170, 162.76, 100, 6649
2026/08/26 07:03:12.170, 162.71, 99, 6649
2026/08/26 07:03:13.171, 162.62, 100, 6649
2026/08/26 07:03:14.171, 162.56, 100, 6649
2026/08/26 07:03:15.171, 162.60, 100, 6649
2026/08/26 07:03:16.171, 162.68, 100, 6649
2026/08/26 07:03:17.171, 162.76, 100, 6649
2026/08/26 07:03:18.171, 162.40, 100, 6649
2026/08/26 07:03:19.172, 162.75, 100, 6649
2026/08/26 07:03:20.172, 162.67, 100, 6649
2026/08/26 07:03:21.175, 162.68, 100, 6649
2026/08/26 07:03:22.175, 162.37, 100, 6649
2026/08/26 07:03:23.175, 162.52, 100, 6649
2026/08/26 07:03:24.175, 162.63, 100, 6649
2026/08/26 07:03:25.176, 162.63, 100, 6649
2026/08/26 07:03:26.177, 162.60, 100, 6649
2026/08/26 07:03:27.178, 162.44, 100, 6649
2026/08/26 07:03:28.178, 162.73, 100, 6649
2026/08/26 07:03:29.178, 162.51, 99, 6649
2026/08/26 07:03:30.178, 162.58, 99, 6649
2026/08/26 07:03:31.179, 162.48, 100, 6649
2026/08/26 07:03:32.179, 162.56, 100, 6649
2026/08/26 07:03:33.179, 162.60, 100, 6649
2026/08/26 07:03:34.179, 162.64, 100, 6649
2026/08/26 07:03:35.180, 162.55, 99, 6649
2026/08/26 07:03:36.180, 162.69, 100, 6649
2026/08/26 07:03:37.180, 162.76, 100, 6649
2026/08/26 07:03:38.180, 162.67, 99, 6649
2026/08/26 07:03:39.180, 162.65, 100, 6649
2026/08/26 07:03:40.180, 162.52, 100, 6649
2026/08/26 07:03:41.181, 162.64, 100, 6649
2026/08/26 07:03:42.181, 162.62, 100, 6649
2026/08/26 07:03:43.181, 162.67, 100, 6649
2026/08/26 07:03:44.181, 162.51, 100, 6649
2026/08/26 07:03:45.181, 162.73, 100, 6649
2026/08/26 07:03:46.181, 162.69, 100, 6649
2026/08/26 07:03:47.182, 162.65, 100, 6649
2026/08/26 07:03:48.182, 162.71, 100, 6649
2026/08/26 07:03:49.182, 34.22, 0, 6649
2026/08/26 07:03:50.182, 27.55, 17, 33
