2026/08/25 19:01:30.141, 4.76, 0, 33
2026/08/25 19:01:31.152, 4.76, 0, 33
2026/08/25 19:01:32.152, 4.88, 0, 33
2026/08/25 19:01:33.153, 4.73, 0, 33
2026/08/25 19:01:34.153, 4.73, 0, 33
2026/08/25 19:01:35.160, 9.26, 0, 255
2026/08/25 19:01:36.160, 16.36, 0, 255
2026/08/25 19:01:37.160, 16.38, 0, 357
2026/08/25 19:01:38.160, 16.32, 0, 357
2026/08/25 19:01:39.160, 16.18, 0, 357
2026/08/25 19:01:40.161, 16.13, 0, 357
2026/08/25 19:01:41.161, 16.13, 0, 357
2026/08/25 19:01:42.161, 16.28, 0, 517
2026/08/25 19:01:43.162, 60.15, 39, 589
2026/08/25 19:01:44.162, 72.23, 0, 1089
2026/08/25 19:01:45.162, 37.35, 0, 1089
2026/08/25 19:01:46.162, 20.51, 0, 1089
2026/08/25 19:01:47.162, 18.38, 0, 1089
2026/08/25 19:01:48.163, 16.22, 0, 1089
2026/08/25 19:01:49.163, 16.21, 0, 1089
2026/08/25 19:01:50.164, 16.44, 0, 1089
2026/08/25 19:01:51.164, 17.01, 0, 1091
2026/08/25 19:01:52.164, 16.88, 0, 1091
2026/08/25 19:01:53.164, 33.36, 98, 1091
2026/08/25 19:01:54.165, 97.65, 97, 1093
2026/08/25 19:01:55.165, 111.19, 99, 1093
2026/08/25 19:01:56.165, 100.75, 98, 2635
2026/08/25 19:01:57.165, 100.18, 97, 4237
2026/08/25 19:01:58.165, 33.12, 0, 4237
2026/08/25 19:01:59.165, 22.41, 0, 4237
2026/08/25 19:02:00.166, 20.33, 0, 4237
2026/08/25 19:02:01.166, 19.98, 94, 4325
2026/08/25 19:02:02.166, 104.01, 98, 4331
2026/08/25 19:02:03.166, 90.15, 98, 4457
2026/08/25 19:02:04.166, 146.42, 98, 4457
2026/08/25 19:02:05.166, 149.16, 100, 4457
2026/08/25 19:02:06.167, 148.82, 100, 4457
2026/08/25 19:02:07.167, 148.36, 98, 4457
2026/08/25 19:02:08.167, 149.16, 100, 4457
2026/08/25 19:02:09.167, 149.05, 100, 4477
2026/08/25 19:02:10.167, 148.75, 98, 4477
2026/08/25 19:02:11.167, 150.12, 100, 4477
2026/08/25 19:02:12.168, 149.65, 100, 4477
2026/08/25 19:02:13.168, 149.48, 98, 4477
2026/08/25 19:02:14.168, 150.18, 100, 4477
2026/08/25 19:02:15.168, 150.18, 100, 4477
2026/08/25 19:02:16.168, 149.97, 98, 4477
2026/08/25 19:02:17.169, 150.68, 100, 4477
2026/08/25 19:02:18.169, 150.94, 100, 4477
2026/08/25 19:02:19.169, 150.29, 98, 4477
2026/08/25 19:02:20.169, 150.68, 100, 4477
2026/08/25 19:02:21.169, 151.54, 100, 4477
2026/08/25 19:02:22.169, 150.81, 98, 4477
2026/08/25 19:02:23.170, 150.73, 98, 4477
2026/08/25 19:02:24.170, 151.49, 100, 4477
2026/08/25 19:02:25.170, 151.65, 100, 4477
2026/08/25 19:02:26.170, 150.88, 98, 4477
2026/08/25 19:02:27.170, 151.82, 100, 4477
2026/08/25 19:02:28.170, 151.68, 100, 4477
2026/08/25 19:02:29.171, 151.85, 98, 4477
2026/08/25 19:02:30.171, 152.91, 100, 4477
2026/08/25 19:02:31.171, 151.99, 100, 4477
2026/08/25 19:02:32.171, 151.40, 98, 4477
2026/08/25 19:02:33.171, 152.16, 100, 4477
2026/08/25 19:02:34.171, 152.46, 100, 4477
2026/08/25 19:02:35.172, 151.92, 98, 4477
2026/08/25 19:02:36.172, 152.97, 100, 4477
2026/08/25 19:02:37.172, 153.13, 100, 4477
2026/08/25 19:02:38.172, 153.09, 98, 4477
2026/08/25 19:02:39.172, 152.99, 100, 4477
2026/08/25 19:02:40.172, 152.96, 100, 4477
2026/08/25 19:02:41.173, 152.77, 98, 4477
2026/08/25 19:02:42.173, 153.24, 100, 4477
2026/08/25 19:02:43.173, 153.56, 100, 4477
2026/08/25 19:02:44.173, 153.24, 98, 4477
2026/08/25 19:02:45.173, 153.28, 100, 4477
2026/08/25 19:02:46.173, 153.55, 100, 4477
2026/08/25 19:02:47.174, 152.98, 98, 4477
2026/08/25 19:02:48.174, 153.48, 100, 4477
2026/08/25 19:02:49.174, 153.80, 100, 4477
2026/08/25 19:02:50.174, 153.83, 98, 4477
2026/08/25 19:02:51.174, 154.44, 100, 4477
2026/08/25 19:02:52.174, 154.33, 100, 4477
2026/08/25 19:02:53.175, 154.59, 98, 4477
2026/08/25 19:02:54.175, 155.15, 100, 4477
2026/08/25 19:02:55.175, 154.37, 100, 4477
2026/08/25 19:02:56.175, 154.59, 98, 4477
2026/08/25 19:02:57.175, 154.66, 100, 4477
2026/08/25 19:02:58.176, 154.72, 100, 4477
2026/08/25 19:02:59.176, 154.38, 98, 4477
2026/08/25 19:03:00.176, 154.62, 99, 4477
2026/08/25 19:03:01.176, 155.36, 100, 4477
2026/08/25 19:03:02.176, 155.19, 99, 4477
2026/08/25 19:03:03.176, 154.66, 98, 4477
2026/08/25 19:03:04.177, 155.80, 100, 4477
2026/08/25 19:03:05.177, 155.42, 100, 4477
2026/08/25 19:03:06.177, 154.49, 98, 4477
2026/08/25 19:03:07.177, 155.15, 100, 4477
2026/08/25 19:03:08.177, 155.41, 100, 4477
2026/08/25 19:03:09.177, 154.35, 98, 4477
2026/08/25 19:03:10.178, 155.20, 100, 4477
2026/08/25 19:03:11.178, 155.26, 100, 4477
2026/08/25 19:03:12.178, 155.58, 98, 4477
2026/08/25 19:03:13.178, 155.40, 100, 4477
2026/08/25 19:03:14.178, 155.44, 100, 4477
2026/08/25 19:03:15.178, 155.02, 98, 4477
2026/08/25 19:03:16.179, 155.55, 100, 4477
2026/08/25 19:03:17.179, 155.42, 100, 4477
2026/08/25 19:03:18.179, 154.98, 99, 4477
2026/08/25 19:03:19.179, 155.38, 100, 4477
2026/08/25 19:03:20.179, 155.35, 100, 4477
2026/08/25 19:03:21.179, 154.81, 98, 4477
2026/08/25 19:03:22.180, 155.44, 100, 4477
2026/08/25 19:03:23.180, 155.82, 100, 4477
2026/08/25 19:03:24.180, 155.34, 98, 4477
2026/08/25 19:03:25.180, 156.14, 100, 4477
2026/08/25 19:03:26.180, 155.66, 100, 4477
2026/08/25 19:03:27.180, 155.01, 98, 4477
2026/08/25 19:03:28.181, 155.80, 100, 4477
2026/08/25 19:03:29.181, 155.72, 100, 4477
2026/08/25 19:03:30.181, 155.42, 98, 4477
2026/08/25 19:03:31.181, 156.38, 100, 4477
2026/08/25 19:03:32.181, 156.36, 100, 4477
2026/08/25 19:03:33.181, 156.24, 98, 4477
2026/08/25 19:03:34.182, 156.32, 100, 4477
2026/08/25 19:03:35.182, 156.36, 100, 4477
2026/08/25 19:03:36.182, 155.66, 98, 4477
2026/08/25 19:03:37.182, 156.34, 100, 4477
2026/08/25 19:03:38.182, 156.30, 100, 4477
2026/08/25 19:03:39.183, 155.77, 99, 4477
2026/08/25 19:03:40.183, 156.26, 100, 4477
2026/08/25 19:03:41.183, 156.02, 100, 4477
2026/08/25 19:03:42.183, 156.19, 98, 4477
2026/08/25 19:03:43.183, 156.29, 100, 4477
2026/08/25 19:03:44.183, 156.37, 100, 4477
2026/08/25 19:03:45.184, 156.61, 99, 4477
2026/08/25 19:03:46.184, 156.46, 98, 4477
2026/08/25 19:03:47.184, 156.42, 100, 4477
2026/08/25 19:03:48.184, 156.21, 98, 4477
2026/08/25 19:03:49.184, 155.88, 98, 4477
2026/08/25 19:03:50.185, 157.35, 100, 4477
2026/08/25 19:03:51.185, 156.80, 100, 4477
2026/08/25 19:03:52.185, 156.12, 98, 4477
2026/08/25 19:03:53.185, 156.58, 100, 4477
2026/08/25 19:03:54.185, 156.52, 100, 4477
2026/08/25 19:03:55.186, 156.08, 98, 4477
2026/08/25 19:03:56.186, 156.84, 100, 4477
2026/08/25 19:03:57.186, 156.59, 100, 4477
2026/08/25 19:03:58.186, 156.17, 98, 4477
2026/08/25 19:03:59.186, 157.17, 100, 4477
2026/08/25 19:04:00.186, 156.63, 100, 4477
2026/08/25 19:04:01.187, 156.37, 98, 4477
2026/08/25 19:04:02.187, 156.89, 100, 4477
2026/08/25 19:04:03.187, 156.72, 100, 4477
2026/08/25 19:04:04.187, 156.20, 98, 4477
2026/08/25 19:04:05.187, 156.69, 100, 4477
2026/08/25 19:04:06.188, 156.70, 100, 4477
2026/08/25 19:04:07.188, 155.89, 98, 4477
2026/08/25 19:04:08.188, 156.60, 100, 4477
2026/08/25 19:04:09.188, 156.59, 100, 4477
2026/08/25 19:04:10.188, 155.86, 98, 4477
2026/08/25 19:04:11.188, 157.24, 100, 4477
2026/08/25 19:04:12.189, 156.71, 100, 4477
2026/08/25 19:04:13.189, 155.88, 98, 4477
2026/08/25 19:04:14.189, 156.41, 100, 4477
2026/08/25 19:04:15.189, 156.60, 100, 4477
2026/08/25 19:04:16.189, 156.74, 98, 4477
2026/08/25 19:04:17.189, 157.49, 100, 4477
2026/08/25 19:04:18.190, 156.83, 100, 4477
2026/08/25 19:04:19.190, 156.23, 98, 4477
2026/08/25 19:04:20.190, 157.56, 100, 4477
2026/08/25 19:04:21.190, 157.15, 100, 4477
2026/08/25 19:04:22.190, 156.51, 98, 4477
2026/08/25 19:04:23.190, 156.88, 100, 4477
2026/08/25 19:04:24.191, 157.35, 100, 4477
2026/08/25 19:04:25.191, 156.53, 98, 4477
2026/08/25 19:04:26.191, 157.36, 100, 4477
2026/08/25 19:04:27.191, 157.19, 100, 4477
2026/08/25 19:04:28.191, 156.49, 98, 4477
2026/08/25 19:04:29.191, 156.89, 100, 4477
2026/08/25 19:04:30.192, 157.15, 100, 4477
2026/08/25 19:04:31.192, 157.16, 98, 4477
2026/08/25 19:04:32.192, 157.07, 100, 4477
2026/08/25 19:04:33.192, 157.04, 100, 4477
2026/08/25 19:04:34.192, 156.44, 98, 4477
2026/08/25 19:04:35.193, 157.16, 100, 4477
2026/08/25 19:04:36.193, 157.18, 100, 4477
2026/08/25 19:04:37.193, 156.44, 98, 4477
2026/08/25 19:04:38.193, 157.34, 100, 4477
2026/08/25 19:04:39.193, 157.29, 100, 4477
2026/08/25 19:04:40.194, 156.30, 98, 4477
2026/08/25 19:04:41.194, 157.29, 100, 4477
2026/08/25 19:04:42.194, 157.08, 100, 4477
2026/08/25 19:04:43.194, 156.57, 98, 4477
2026/08/25 19:04:44.194, 157.20, 100, 4477
2026/08/25 19:04:45.194, 157.24, 100, 4477
2026/08/25 19:04:46.195, 156.59, 98, 4477
2026/08/25 19:04:47.195, 157.17, 100, 4477
2026/08/25 19:04:48.195, 157.28, 100, 4477
2026/08/25 19:04:49.195, 156.73, 98, 4477
2026/08/25 19:04:50.195, 157.43, 100, 4477
2026/08/25 19:04:51.195, 157.15, 100, 4477
2026/08/25 19:04:52.196, 156.50, 98, 4477
2026/08/25 19:04:53.196, 157.21, 100, 4477
2026/08/25 19:04:54.196, 157.01, 100, 4477
2026/08/25 19:04:55.196, 156.85, 98, 4477
2026/08/25 19:04:56.196, 157.94, 100, 4477
2026/08/25 19:04:57.196, 157.52, 100, 4477
2026/08/25 19:04:58.197, 156.70, 98, 4477
2026/08/25 19:04:59.197, 157.88, 100, 4477
2026/08/25 19:05:00.197, 157.21, 100, 4477
2026/08/25 19:05:01.197, 156.78, 98, 4477
2026/08/25 19:05:02.197, 157.45, 100, 4477
2026/08/25 19:05:03.197, 157.54, 99, 4477
2026/08/25 19:05:04.198, 157.07, 98, 4477
2026/08/25 19:05:05.198, 157.20, 100, 4477
2026/08/25 19:05:06.198, 156.93, 98, 4477
2026/08/25 19:05:07.198, 157.50, 100, 4477
2026/08/25 19:05:08.198, 157.34, 100, 4477
2026/08/25 19:05:09.198, 157.43, 98, 4477
2026/08/25 19:05:10.199, 157.82, 100, 4477
2026/08/25 19:05:11.199, 157.64, 100, 4477
2026/08/25 19:05:12.199, 157.04, 98, 4477
2026/08/25 19:05:13.199, 157.32, 100, 4477
2026/08/25 19:05:14.199, 157.67, 100, 4477
2026/08/25 19:05:15.199, 157.50, 98, 4477
2026/08/25 19:05:16.199, 157.50, 100, 4477
2026/08/25 19:05:17.200, 157.30, 100, 4477
2026/08/25 19:05:18.200, 157.02, 98, 4477
2026/08/25 19:05:19.200, 157.92, 100, 4477
2026/08/25 19:05:20.200, 157.76, 100, 4477
2026/08/25 19:05:21.200, 156.94, 98, 4477
2026/08/25 19:05:22.201, 157.46, 100, 4477
2026/08/25 19:05:23.201, 157.65, 100, 4477
2026/08/25 19:05:24.201, 157.22, 98, 4477
2026/08/25 19:05:25.201, 157.74, 100, 4477
2026/08/25 19:05:26.201, 158.11, 100, 4477
2026/08/25 19:05:27.201, 157.38, 98, 4477
2026/08/25 19:05:28.202, 158.17, 100, 4477
2026/08/25 19:05:29.202, 157.71, 100, 4477
2026/08/25 19:05:30.202, 157.42, 98, 4477
2026/08/25 19:05:31.202, 157.83, 100, 4477
2026/08/25 19:05:32.202, 157.93, 100, 4477
2026/08/25 19:05:33.202, 157.08, 98, 4477
2026/08/25 19:05:34.203, 157.65, 100, 4477
2026/08/25 19:05:35.203, 157.85, 100, 4477
2026/08/25 19:05:36.203, 157.02, 98, 4477
2026/08/25 19:05:37.203, 157.72, 100, 4477
2026/08/25 19:05:38.203, 157.78, 100, 4477
2026/08/25 19:05:39.204, 157.66, 98, 4477
2026/08/25 19:05:40.204, 157.83, 100, 4477
2026/08/25 19:05:41.204, 157.83, 100, 4477
2026/08/25 19:05:42.204, 157.18, 98, 4477
2026/08/25 19:05:43.204, 158.56, 100, 4477
2026/08/25 19:05:44.205, 157.82, 100, 4477
2026/08/25 19:05:45.205, 157.63, 98, 4477
2026/08/25 19:05:46.205, 158.54, 100, 4477
2026/08/25 19:05:47.205, 157.85, 100, 4477
2026/08/25 19:05:48.205, 157.10, 98, 4477
2026/08/25 19:05:49.205, 158.51, 100, 4477
2026/08/25 19:05:50.206, 157.84, 99, 4477
2026/08/25 19:05:51.206, 157.54, 98, 4477
2026/08/25 19:05:52.206, 157.90, 100, 4477
2026/08/25 19:05:53.206, 157.68, 98, 4477
2026/08/25 19:05:54.206, 157.72, 100, 4477
2026/08/25 19:05:55.207, 158.12, 100, 4477
2026/08/25 19:05:56.207, 157.86, 98, 4477
2026/08/25 19:05:57.207, 157.97, 100, 4477
2026/08/25 19:05:58.207, 158.12, 100, 4477
2026/08/25 19:05:59.207, 157.88, 98, 4477
2026/08/25 19:06:00.207, 158.22, 100, 4477
2026/08/25 19:06:01.208, 157.89, 100, 4477
2026/08/25 19:06:02.208, 157.95, 98, 4477
2026/08/25 19:06:03.208, 158.12, 100, 4477
2026/08/25 19:06:04.208, 158.15, 100, 4477
2026/08/25 19:06:05.208, 158.21, 98, 4477
2026/08/25 19:06:06.209, 158.30, 100, 4477
2026/08/25 19:06:07.209, 158.20, 100, 4477
2026/08/25 19:06:08.209, 157.38, 98, 4477
2026/08/25 19:06:09.209, 157.78, 100, 4477
2026/08/25 19:06:10.209, 158.09, 100, 4477
2026/08/25 19:06:11.209, 157.63, 98, 4477
2026/08/25 19:06:12.210, 157.95, 100, 4477
2026/08/25 19:06:13.210, 158.06, 100, 4477
2026/08/25 19:06:14.210, 157.50, 98, 4477
2026/08/25 19:06:15.210, 158.12, 100, 4477
2026/08/25 19:06:16.210, 157.85, 100, 4477
2026/08/25 19:06:17.211, 157.34, 98, 4477
2026/08/25 19:06:18.211, 158.31, 100, 4477
2026/08/25 19:06:19.211, 157.92, 100, 4477
2026/08/25 19:06:20.211, 157.24, 98, 4477
2026/08/25 19:06:21.211, 158.05, 100, 4477
2026/08/25 19:06:22.211, 157.92, 100, 4477
2026/08/25 19:06:23.212, 157.56, 98, 4477
2026/08/25 19:06:24.212, 133.93, 0, 4477
2026/08/25 19:06:25.212, 39.42, 0, 4477
2026/08/25 19:06:26.212, 27.13, 0, 4477
2026/08/25 19:06:27.212, 21.57, 0, 4477
2026/08/25 19:06:28.212, 21.58, 0, 4477
2026/08/25 19:06:29.213, 21.01, 0, 4477
2026/08/25 19:06:30.213, 21.06, 0, 4477
2026/08/25 19:06:31.213, 21.07, 0, 4477
2026/08/25 19:06:32.213, 20.65, 0, 4477
2026/08/25 19:06:33.213, 20.46, 0, 4477
2026/08/25 19:06:34.213, 20.63, 0, 4477
2026/08/25 19:06:35.214, 77.86, 97, 4477
2026/08/25 19:06:36.214, 110.31, 98, 4477
2026/08/25 19:06:37.214, 119.13, 100, 4477
2026/08/25 19:06:38.214, 160.67, 100, 4477
2026/08/25 19:06:39.214, 160.48, 100, 4477
2026/08/25 19:06:40.214, 160.62, 100, 4477
2026/08/25 19:06:41.215, 161.02, 99, 4477
2026/08/25 19:06:42.215, 161.01, 100, 4477
2026/08/25 19:06:43.215, 161.10, 100, 4477
2026/08/25 19:06:44.215, 161.23, 99, 4477
2026/08/25 19:06:45.216, 161.19, 100, 4477
2026/08/25 19:06:46.216, 161.65, 100, 4477
2026/08/25 19:06:47.216, 161.87, 100, 4477
2026/08/25 19:06:48.216, 161.86, 100, 4477
2026/08/25 19:06:49.216, 161.73, 99, 4477
2026/08/25 19:06:50.216, 162.10, 100, 4477
2026/08/25 19:06:51.217, 162.01, 100, 4477
2026/08/25 19:06:52.217, 162.40, 100, 4477
2026/08/25 19:06:53.217, 162.36, 100, 4477
2026/08/25 19:06:54.217, 162.35, 100, 4477
2026/08/25 19:06:55.217, 162.55, 100, 4477
2026/08/25 19:06:56.217, 162.14, 99, 4477
2026/08/25 19:06:57.218, 161.97, 100, 4477
2026/08/25 19:06:58.218, 162.06, 100, 4477
2026/08/25 19:06:59.218, 161.97, 100, 4477
2026/08/25 19:07:00.218, 162.35, 100, 4477
2026/08/25 19:07:01.218, 162.36, 100, 4477
2026/08/25 19:07:02.218, 162.39, 100, 4477
2026/08/25 19:07:03.219, 162.79, 100, 4477
2026/08/25 19:07:04.219, 162.50, 99, 4477
2026/08/25 19:07:05.219, 162.74, 100, 4477
2026/08/25 19:07:06.219, 162.68, 100, 4477
2026/08/25 19:07:07.219, 152.63, 99, 4477
2026/08/25 19:07:08.220, 157.49, 100, 4477
2026/08/25 19:07:09.220, 157.17, 98, 4477
2026/08/25 19:07:10.220, 157.27, 100, 4477
2026/08/25 19:07:11.220, 157.67, 100, 4477
2026/08/25 19:07:12.220, 157.22, 98, 4477
2026/08/25 19:07:13.220, 157.61, 100, 4477
2026/08/25 19:07:14.221, 157.36, 100, 4477
2026/08/25 19:07:15.221, 157.12, 98, 4477
2026/08/25 19:07:16.221, 157.52, 100, 4477
2026/08/25 19:07:17.221, 157.36, 100, 4477
2026/08/25 19:07:18.221, 157.24, 98, 4477
2026/08/25 19:07:19.221, 157.13, 100, 4477
2026/08/25 19:07:20.222, 157.42, 100, 4477
2026/08/25 19:07:21.222, 157.42, 98, 4477
2026/08/25 19:07:22.222, 157.80, 100, 4477
2026/08/25 19:07:23.222, 157.61, 100, 4477
2026/08/25 19:07:24.222, 157.33, 98, 4477
2026/08/25 19:07:25.223, 157.67, 100, 4477
2026/08/25 19:07:26.223, 157.53, 100, 4477
2026/08/25 19:07:27.223, 156.77, 98, 4477
2026/08/25 19:07:28.223, 157.49, 100, 4477
2026/08/25 19:07:29.223, 157.87, 100, 4477
2026/08/25 19:07:30.224, 157.03, 98, 4477
2026/08/25 19:07:31.224, 157.69, 100, 4477
2026/08/25 19:07:32.224, 157.63, 100, 4477
2026/08/25 19:07:33.224, 157.39, 98, 4477
2026/08/25 19:07:34.224, 157.61, 100, 4477
2026/08/25 19:07:35.224, 157.51, 100, 4477
2026/08/25 19:07:36.225, 157.19, 98, 4477
2026/08/25 19:07:37.225, 157.75, 100, 4477
2026/08/25 19:07:38.225, 157.58, 100, 4477
2026/08/25 19:07:39.225, 157.12, 98, 4477
2026/08/25 19:07:40.225, 158.48, 100, 4477
2026/08/25 19:07:41.225, 157.98, 100, 4477
2026/08/25 19:07:42.226, 157.08, 98, 4477
2026/08/25 19:07:43.226, 158.60, 100, 4477
2026/08/25 19:07:44.226, 157.92, 100, 4477
2026/08/25 19:07:45.226, 157.63, 98, 4477
2026/08/25 19:07:46.226, 158.57, 100, 4477
2026/08/25 19:07:47.226, 157.80, 98, 4477
2026/08/25 19:07:48.226, 157.67, 99, 4477
2026/08/25 19:07:49.227, 157.76, 100, 4477
2026/08/25 19:07:50.227, 157.71, 98, 4477
2026/08/25 19:07:51.227, 157.93, 100, 4477
2026/08/25 19:07:52.227, 158.00, 100, 4477
2026/08/25 19:07:53.227, 157.90, 98, 4477
2026/08/25 19:07:54.227, 158.16, 100, 4477
2026/08/25 19:07:55.228, 158.15, 100, 4477
2026/08/25 19:07:56.228, 158.20, 98, 4477
2026/08/25 19:07:57.228, 158.22, 100, 4477
2026/08/25 19:07:58.228, 157.80, 100, 4477
2026/08/25 19:07:59.228, 157.98, 98, 4477
2026/08/25 19:08:00.228, 158.05, 100, 4477
2026/08/25 19:08:01.229, 158.05, 100, 4477
2026/08/25 19:08:02.229, 157.95, 98, 4477
2026/08/25 19:08:03.229, 158.46, 100, 4477
2026/08/25 19:08:04.229, 158.06, 100, 4477
2026/08/25 19:08:05.229, 157.44, 98, 4477
2026/08/25 19:08:06.230, 158.09, 100, 4477
2026/08/25 19:08:07.230, 158.00, 100, 4477
2026/08/25 19:08:08.230, 157.67, 98, 4477
2026/08/25 19:08:09.230, 157.92, 100, 4477
2026/08/25 19:08:10.230, 158.03, 100, 4477
2026/08/25 19:08:11.230, 157.36, 98, 4477
2026/08/25 19:08:12.231, 158.05, 100, 4477
2026/08/25 19:08:13.231, 158.12, 100, 4477
2026/08/25 19:08:14.231, 157.40, 98, 4477
2026/08/25 19:08:15.231, 158.70, 100, 4477
2026/08/25 19:08:16.231, 158.20, 100, 4477
2026/08/25 19:08:17.231, 157.69, 98, 4477
2026/08/25 19:08:18.232, 158.07, 100, 4477
2026/08/25 19:08:19.232, 157.91, 100, 4477
2026/08/25 19:08:20.232, 157.63, 98, 4477
2026/08/25 19:08:21.232, 158.27, 100, 4477
2026/08/25 19:08:22.232, 158.08, 100, 4477
2026/08/25 19:08:23.233, 157.44, 98, 4477
2026/08/25 19:08:24.233, 158.08, 100, 4477
2026/08/25 19:08:25.233, 158.34, 100, 4477
2026/08/25 19:08:26.233, 157.51, 98, 4477
2026/08/25 19:08:27.233, 158.22, 100, 4477
2026/08/25 19:08:28.233, 158.02, 100, 4477
2026/08/25 19:08:29.234, 157.76, 98, 4477
2026/08/25 19:08:30.234, 158.46, 100, 4477
2026/08/25 19:08:31.234, 157.94, 98, 4477
2026/08/25 19:08:32.234, 158.20, 98, 4477
2026/08/25 19:08:33.234, 158.75, 100, 4477
2026/08/25 19:08:34.234, 158.46, 98, 4477
2026/08/25 19:08:35.235, 158.23, 99, 4477
2026/08/25 19:08:36.235, 158.01, 100, 4477
2026/08/25 19:08:37.235, 157.99, 98, 4477
2026/08/25 19:08:38.235, 158.37, 100, 4477
2026/08/25 19:08:39.235, 158.58, 100, 4477
2026/08/25 19:08:40.235, 157.70, 98, 4477
2026/08/25 19:08:41.236, 158.29, 100, 4477
2026/08/25 19:08:42.236, 158.37, 100, 4477
2026/08/25 19:08:43.236, 158.49, 98, 4477
2026/08/25 19:08:44.236, 158.31, 100, 4477
2026/08/25 19:08:45.236, 158.20, 100, 4477
2026/08/25 19:08:46.237, 158.47, 98, 4477
2026/08/25 19:08:47.237, 158.34, 100, 4477
2026/08/25 19:08:48.237, 158.43, 100, 4477
2026/08/25 19:08:49.237, 158.36, 98, 4477
2026/08/25 19:08:50.237, 158.11, 100, 4477
2026/08/25 19:08:51.237, 158.32, 100, 4477
2026/08/25 19:08:52.238, 157.73, 98, 4477
2026/08/25 19:08:53.238, 158.08, 100, 4477
2026/08/25 19:08:54.238, 158.23, 100, 4477
2026/08/25 19:08:55.238, 157.73, 98, 4477
2026/08/25 19:08:56.238, 158.25, 100, 4477
2026/08/25 19:08:57.239, 158.23, 100, 4477
2026/08/25 19:08:58.239, 157.82, 98, 4477
2026/08/25 19:08:59.239, 158.31, 100, 4477
2026/08/25 19:09:00.239, 158.38, 100, 4477
2026/08/25 19:09:01.239, 157.95, 98, 4477
2026/08/25 19:09:02.240, 158.34, 100, 4477
2026/08/25 19:09:03.240, 158.27, 100, 4477
2026/08/25 19:09:04.240, 158.17, 98, 4477
2026/08/25 19:09:05.240, 158.39, 100, 4477
2026/08/25 19:09:06.240, 158.35, 100, 4477
2026/08/25 19:09:07.240, 157.86, 98, 4477
2026/08/25 19:09:08.241, 158.48, 100, 4477
2026/08/25 19:09:09.241, 158.39, 100, 4477
2026/08/25 19:09:10.241, 158.42, 98, 4477
2026/08/25 19:09:11.241, 159.24, 100, 4477
2026/08/25 19:09:12.241, 158.70, 100, 4477
2026/08/25 19:09:13.242, 158.18, 98, 4477
2026/08/25 19:09:14.242, 159.26, 100, 4477
2026/08/25 19:09:15.242, 157.95, 98, 4477
2026/08/25 19:09:16.242, 158.08, 98, 4477
2026/08/25 19:09:17.242, 158.30, 100, 4477
2026/08/25 19:09:18.242, 158.10, 98, 4477
2026/08/25 19:09:19.243, 158.33, 100, 4477
2026/08/25 19:09:20.243, 158.43, 100, 4477
2026/08/25 19:09:21.243, 158.51, 98, 4477
2026/08/25 19:09:22.243, 158.47, 100, 4477
2026/08/25 19:09:23.243, 158.63, 100, 4477
2026/08/25 19:09:24.244, 158.50, 98, 4477
2026/08/25 19:09:25.244, 158.89, 100, 4477
2026/08/25 19:09:26.244, 158.57, 100, 4477
2026/08/25 19:09:27.244, 158.15, 98, 4477
2026/08/25 19:09:28.244, 158.34, 100, 4477
2026/08/25 19:09:29.244, 158.19, 100, 4477
2026/08/25 19:09:30.245, 157.94, 98, 4477
2026/08/25 19:09:31.245, 158.86, 100, 4477
2026/08/25 19:09:32.245, 158.48, 100, 4477
2026/08/25 19:09:33.245, 157.74, 98, 4477
2026/08/25 19:09:34.245, 158.45, 100, 4477
2026/08/25 19:09:35.246, 158.55, 100, 4477
2026/08/25 19:09:36.246, 157.96, 98, 4477
2026/08/25 19:09:37.246, 158.68, 100, 4477
2026/08/25 19:09:38.246, 158.35, 100, 4477
2026/08/25 19:09:39.246, 157.89, 98, 4477
2026/08/25 19:09:40.247, 158.15, 100, 4477
2026/08/25 19:09:41.247, 158.17, 100, 4477
2026/08/25 19:09:42.247, 157.90, 98, 4477
2026/08/25 19:09:43.247, 158.42, 100, 4477
2026/08/25 19:09:44.247, 158.53, 100, 4477
2026/08/25 19:09:45.247, 157.87, 99, 4477
2026/08/25 19:09:46.248, 158.53, 100, 4477
2026/08/25 19:09:47.248, 158.82, 100, 4477
2026/08/25 19:09:48.248, 158.11, 99, 4477
2026/08/25 19:09:49.248, 158.75, 100, 4477
2026/08/25 19:09:50.248, 158.43, 100, 4477
2026/08/25 19:09:51.249, 157.90, 98, 4477
2026/08/25 19:09:52.249, 159.21, 100, 4477
2026/08/25 19:09:53.249, 158.71, 100, 4477
2026/08/25 19:09:54.249, 158.45, 98, 4477
2026/08/25 19:09:55.249, 159.43, 100, 4477
2026/08/25 19:09:56.249, 158.71, 99, 4477
2026/08/25 19:09:57.250, 158.07, 98, 4477
2026/08/25 19:09:58.250, 159.52, 100, 4477
2026/08/25 19:09:59.250, 158.62, 99, 4477
2026/08/25 19:10:00.250, 158.33, 98, 4477
2026/08/25 19:10:01.250, 158.78, 100, 4477
2026/08/25 19:10:02.250, 158.60, 98, 4477
2026/08/25 19:10:03.251, 158.74, 99, 4477
2026/08/25 19:10:04.251, 158.53, 100, 4477
2026/08/25 19:10:05.251, 158.42, 98, 4477
2026/08/25 19:10:06.251, 158.86, 100, 4477
2026/08/25 19:10:07.251, 158.76, 100, 4477
2026/08/25 19:10:08.251, 158.71, 98, 4477
2026/08/25 19:10:09.252, 158.99, 100, 4477
2026/08/25 19:10:10.252, 158.79, 100, 4477
2026/08/25 19:10:11.252, 158.33, 98, 4477
2026/08/25 19:10:12.252, 158.38, 100, 4477
2026/08/25 19:10:13.252, 158.53, 100, 4477
2026/08/25 19:10:14.252, 158.67, 98, 4477
2026/08/25 19:10:15.253, 158.83, 100, 4477
2026/08/25 19:10:16.253, 158.46, 100, 4477
2026/08/25 19:10:17.253, 158.46, 98, 4477
2026/08/25 19:10:18.253, 158.48, 100, 4477
2026/08/25 19:10:19.253, 158.56, 100, 4477
2026/08/25 19:10:20.254, 158.16, 98, 4477
2026/08/25 19:10:21.254, 158.78, 100, 4477
2026/08/25 19:10:22.254, 158.39, 100, 4477
2026/08/25 19:10:23.254, 157.90, 98, 4477
2026/08/25 19:10:24.254, 158.46, 100, 4477
2026/08/25 19:10:25.254, 158.52, 100, 4477
2026/08/25 19:10:26.255, 158.10, 98, 4477
2026/08/25 19:10:27.255, 158.53, 100, 4477
2026/08/25 19:10:28.255, 158.60, 100, 4477
2026/08/25 19:10:29.255, 157.88, 98, 4477
2026/08/25 19:10:30.255, 158.10, 100, 4477
2026/08/25 19:10:31.256, 158.41, 100, 4477
2026/08/25 19:10:32.256, 158.37, 98, 4477
2026/08/25 19:10:33.256, 158.64, 100, 4477
2026/08/25 19:10:34.256, 158.44, 100, 4477
2026/08/25 19:10:35.256, 157.76, 98, 4477
2026/08/25 19:10:36.257, 158.58, 100, 4477
2026/08/25 19:10:37.257, 158.51, 100, 4477
2026/08/25 19:10:38.257, 157.99, 98, 4477
2026/08/25 19:10:39.257, 158.51, 100, 4477
2026/08/25 19:10:40.257, 158.35, 99, 4477
2026/08/25 19:10:41.257, 158.23, 98, 4477
2026/08/25 19:10:42.258, 158.46, 100, 4477
2026/08/25 19:10:43.258, 158.32, 98, 4477
2026/08/25 19:10:44.258, 158.61, 99, 4477
2026/08/25 19:10:45.258, 158.70, 100, 4477
2026/08/25 19:10:46.258, 158.46, 98, 4477
2026/08/25 19:10:47.259, 158.71, 100, 4477
2026/08/25 19:10:48.259, 158.63, 100, 4477
2026/08/25 19:10:49.259, 158.36, 98, 4477
2026/08/25 19:10:50.259, 158.61, 100, 4477
2026/08/25 19:10:51.259, 158.19, 100, 4477
2026/08/25 19:10:52.259, 158.00, 98, 4477
2026/08/25 19:10:53.260, 158.53, 100, 4477
2026/08/25 19:10:54.260, 158.47, 100, 4477
2026/08/25 19:10:55.260, 158.11, 99, 4477
2026/08/25 19:10:56.260, 158.52, 100, 4477
2026/08/25 19:10:57.260, 158.35, 100, 4477
2026/08/25 19:10:58.260, 158.24, 98, 4477
2026/08/25 19:10:59.261, 158.88, 100, 4477
2026/08/25 19:11:00.261, 158.36, 100, 4477
2026/08/25 19:11:01.261, 158.01, 98, 4477
2026/08/25 19:11:02.261, 158.45, 100, 4477
2026/08/25 19:11:03.261, 158.68, 100, 4477
2026/08/25 19:11:04.261, 158.04, 98, 4477
2026/08/25 19:11:05.262, 158.56, 100, 4477
2026/08/25 19:11:06.262, 158.50, 100, 4477
2026/08/25 19:11:07.262, 158.10, 98, 4477
2026/08/25 19:11:08.262, 158.86, 100, 4477
2026/08/25 19:11:09.262, 158.36, 100, 4477
2026/08/25 19:11:10.262, 157.94, 98, 4477
2026/08/25 19:11:11.263, 158.63, 100, 4477
2026/08/25 19:11:12.263, 158.63, 100, 4477
2026/08/25 19:11:13.263, 157.98, 98, 4477
2026/08/25 19:11:14.263, 158.55, 100, 4477
2026/08/25 19:11:15.263, 158.01, 100, 4477
2026/08/25 19:11:16.263, 157.95, 98, 4477
2026/08/25 19:11:17.264, 158.54, 100, 4477
2026/08/25 19:11:18.264, 158.41, 100, 4477
2026/08/25 19:11:19.264, 157.85, 98, 4477
2026/08/25 19:11:20.264, 158.64, 100, 4477
2026/08/25 19:11:21.264, 158.48, 99, 4477
2026/08/25 19:11:22.264, 157.69, 98, 4477
2026/08/25 19:11:23.265, 159.17, 100, 4477
2026/08/25 19:11:24.265, 158.33, 98, 4477
2026/08/25 19:11:25.265, 158.37, 99, 4477
2026/08/25 19:11:26.265, 158.41, 100, 4477
2026/08/25 19:11:27.265, 158.13, 99, 4477
2026/08/25 19:11:28.265, 158.56, 100, 4477
2026/08/25 19:11:29.266, 158.41, 100, 4477
2026/08/25 19:11:30.266, 163.73, 100, 4477
2026/08/25 19:11:31.266, 163.93, 100, 4477
2026/08/25 19:11:32.266, 163.75, 100, 4477
2026/08/25 19:11:33.266, 164.12, 100, 4477
2026/08/25 19:11:34.266, 164.11, 100, 4477
2026/08/25 19:11:35.267, 163.92, 100, 4477
2026/08/25 19:11:36.267, 164.06, 100, 4477
2026/08/25 19:11:37.267, 163.90, 100, 4477
2026/08/25 19:11:38.267, 164.08, 100, 4477
2026/08/25 19:11:39.267, 164.04, 100, 4477
2026/08/25 19:11:40.267, 164.03, 100, 4477
2026/08/25 19:11:41.268, 164.10, 100, 4477
2026/08/25 19:11:42.268, 164.08, 100, 4477
2026/08/25 19:11:43.268, 164.17, 100, 4477
2026/08/25 19:11:44.268, 164.08, 99, 4477
2026/08/25 19:11:45.268, 163.90, 99, 4477
2026/08/25 19:11:46.268, 163.98, 100, 4477
2026/08/25 19:11:47.269, 164.14, 100, 4477
2026/08/25 19:11:48.269, 163.84, 100, 4477
2026/08/25 19:11:49.269, 163.90, 100, 4477
2026/08/25 19:11:50.269, 164.09, 99, 4477
2026/08/25 19:11:51.269, 163.90, 100, 4477
2026/08/25 19:11:52.269, 164.30, 100, 4477
2026/08/25 19:11:53.270, 164.43, 100, 4477
2026/08/25 19:11:54.270, 164.06, 100, 4477
2026/08/25 19:11:55.270, 164.20, 100, 4477
2026/08/25 19:11:56.270, 163.63, 100, 4477
2026/08/25 19:11:57.270, 164.11, 100, 4477
2026/08/25 19:11:58.271, 164.03, 100, 4477
2026/08/25 19:11:59.271, 155.25, 98, 4477
2026/08/25 19:12:00.271, 158.68, 100, 4477
2026/08/25 19:12:01.271, 158.68, 100, 4477
2026/08/25 19:12:02.271, 157.99, 98, 4477
2026/08/25 19:12:03.271, 158.58, 100, 4477
2026/08/25 19:12:04.271, 158.55, 100, 4477
2026/08/25 19:12:05.272, 158.65, 98, 4477
2026/08/25 19:12:06.272, 158.64, 100, 4477
2026/08/25 19:12:07.272, 158.63, 100, 4477
2026/08/25 19:12:08.272, 158.07, 98, 4477
2026/08/25 19:12:09.272, 158.60, 100, 4477
2026/08/25 19:12:10.273, 158.63, 100, 4477
2026/08/25 19:12:11.273, 157.98, 98, 4477
2026/08/25 19:12:12.273, 158.65, 100, 4477
2026/08/25 19:12:13.273, 158.58, 100, 4477
2026/08/25 19:12:14.273, 157.98, 98, 4477
2026/08/25 19:12:15.273, 158.62, 100, 4477
2026/08/25 19:12:16.274, 158.76, 100, 4477
2026/08/25 19:12:17.274, 158.13, 98, 4477
2026/08/25 19:12:18.274, 158.49, 100, 4477
2026/08/25 19:12:19.274, 158.53, 100, 4477
2026/08/25 19:12:20.274, 158.63, 98, 4477
2026/08/25 19:12:21.274, 159.29, 100, 4477
2026/08/25 19:12:22.275, 158.68, 99, 4477
2026/08/25 19:12:23.275, 158.25, 98, 4477
2026/08/25 19:12:24.275, 158.41, 100, 4477
2026/08/25 19:12:25.275, 158.33, 98, 4477
2026/08/25 19:12:26.275, 158.50, 99, 4477
2026/08/25 19:12:27.276, 158.49, 100, 4477
2026/08/25 19:12:28.276, 158.27, 98, 4477
2026/08/25 19:12:29.276, 158.51, 100, 4477
2026/08/25 19:12:30.276, 158.59, 100, 4477
2026/08/25 19:12:31.276, 158.06, 98, 4477
2026/08/25 19:12:32.276, 158.44, 100, 4477
2026/08/25 19:12:33.277, 158.46, 100, 4477
2026/08/25 19:12:34.277, 158.43, 98, 4477
2026/08/25 19:12:35.277, 158.77, 100, 4477
2026/08/25 19:12:36.277, 158.15, 100, 4477
2026/08/25 19:12:37.277, 158.40, 98, 4477
2026/08/25 19:12:38.278, 158.70, 100, 4477
2026/08/25 19:12:39.278, 158.49, 100, 4477
2026/08/25 19:12:40.278, 157.72, 98, 4477
2026/08/25 19:12:41.278, 158.77, 100, 4477
2026/08/25 19:12:42.278, 158.62, 100, 4477
2026/08/25 19:12:43.278, 157.92, 98, 4477
2026/08/25 19:12:44.279, 158.44, 100, 4477
2026/08/25 19:12:45.279, 158.42, 100, 4477
2026/08/25 19:12:46.279, 157.98, 98, 4477
2026/08/25 19:12:47.279, 158.69, 100, 4477
2026/08/25 19:12:48.279, 158.62, 100, 4477
2026/08/25 19:12:49.280, 157.87, 98, 4477
2026/08/25 19:12:50.280, 159.17, 100, 4477
2026/08/25 19:12:51.280, 158.68, 100, 4477
2026/08/25 19:12:52.280, 157.91, 98, 4477
2026/08/25 19:12:53.280, 158.61, 100, 4477
2026/08/25 19:12:54.280, 158.66, 100, 4477
2026/08/25 19:12:55.281, 158.29, 98, 4477
2026/08/25 19:12:56.281, 158.75, 100, 4477
2026/08/25 19:12:57.281, 158.71, 99, 4477
2026/08/25 19:12:58.281, 158.26, 98, 4477
2026/08/25 19:12:59.281, 159.49, 100, 4477
2026/08/25 19:13:00.281, 158.79, 98, 4477
2026/08/25 19:13:01.282, 158.82, 99, 4477
2026/08/25 19:13:02.282, 158.48, 100, 4477
2026/08/25 19:13:03.282, 158.56, 98, 4477
2026/08/25 19:13:04.282, 158.77, 100, 4477
2026/08/25 19:13:05.282, 158.76, 100, 4477
2026/08/25 19:13:06.290, 158.59, 98, 4477
2026/08/25 19:13:07.290, 158.67, 100, 4477
2026/08/25 19:13:08.291, 158.66, 100, 4477
2026/08/25 19:13:09.291, 158.29, 98, 4477
2026/08/25 19:13:10.291, 158.78, 100, 4477
2026/08/25 19:13:11.291, 158.56, 100, 4477
2026/08/25 19:13:12.291, 158.07, 98, 4477
2026/08/25 19:13:13.291, 159.10, 100, 4477
2026/08/25 19:13:14.292, 158.39, 100, 4477
2026/08/25 19:13:15.292, 158.15, 98, 4477
2026/08/25 19:13:16.292, 158.61, 100, 4477
2026/08/25 19:13:17.292, 158.62, 100, 4477
2026/08/25 19:13:18.292, 158.13, 98, 4477
2026/08/25 19:13:19.292, 158.72, 100, 4477
2026/08/25 19:13:20.293, 158.36, 100, 4477
2026/08/25 19:13:21.293, 158.30, 98, 4477
2026/08/25 19:13:22.293, 159.17, 100, 4477
2026/08/25 19:13:23.293, 158.45, 100, 4477
2026/08/25 19:13:24.293, 158.11, 98, 4477
2026/08/25 19:13:25.294, 158.51, 100, 4477
2026/08/25 19:13:26.294, 158.73, 100, 4477
2026/08/25 19:13:27.294, 157.91, 98, 4477
2026/08/25 19:13:28.294, 158.29, 100, 4477
2026/08/25 19:13:29.294, 158.41, 100, 4477
2026/08/25 19:13:30.294, 158.66, 98, 4477
2026/08/25 19:13:31.295, 158.39, 100, 4477
2026/08/25 19:13:32.295, 158.40, 100, 4477
2026/08/25 19:13:33.295, 157.85, 98, 4477
2026/08/25 19:13:34.295, 158.63, 100, 4477
2026/08/25 19:13:35.295, 158.53, 100, 4477
2026/08/25 19:13:36.296, 158.35, 98, 4477
2026/08/25 19:13:37.296, 159.29, 100, 4477
2026/08/25 19:13:38.296, 158.46, 98, 4477
2026/08/25 19:13:39.296, 158.16, 98, 4477
2026/08/25 19:13:40.296, 158.32, 100, 4477
2026/08/25 19:13:41.296, 158.37, 98, 4477
2026/08/25 19:13:42.297, 158.55, 100, 4477
2026/08/25 19:13:43.297, 158.73, 100, 4477
2026/08/25 19:13:44.297, 158.24, 98, 4477
2026/08/25 19:13:45.297, 158.93, 100, 4477
2026/08/25 19:13:46.297, 158.93, 100, 4477
2026/08/25 19:13:47.298, 158.34, 98, 4477
2026/08/25 19:13:48.298, 158.56, 100, 4477
2026/08/25 19:13:49.298, 158.69, 100, 4477
2026/08/25 19:13:50.298, 158.10, 98, 4477
2026/08/25 19:13:51.298, 158.55, 100, 4477
2026/08/25 19:13:52.299, 158.49, 100, 4477
2026/08/25 19:13:53.299, 158.28, 98, 4477
2026/08/25 19:13:54.299, 158.60, 100, 4477
2026/08/25 19:13:55.299, 158.47, 100, 4477
2026/08/25 19:13:56.299, 158.16, 98, 4477
2026/08/25 19:13:57.300, 158.54, 100, 4477
2026/08/25 19:13:58.300, 158.45, 100, 4477
2026/08/25 19:13:59.300, 157.72, 98, 4477
2026/08/25 19:14:00.300, 158.45, 100, 4477
2026/08/25 19:14:01.300, 158.33, 100, 4477
2026/08/25 19:14:02.300, 158.08, 98, 4477
2026/08/25 19:14:03.301, 158.28, 100, 4477
2026/08/25 19:14:04.301, 158.52, 100, 4477
2026/08/25 19:14:05.301, 157.80, 98, 4477
2026/08/25 19:14:06.301, 159.04, 100, 4477
2026/08/25 19:14:07.301, 157.36, 100, 4477
2026/08/25 19:14:08.302, 157.65, 98, 4477
2026/08/25 19:14:09.302, 158.45, 100, 4477
2026/08/25 19:14:10.302, 158.40, 100, 4477
2026/08/25 19:14:11.302, 157.95, 98, 4477
2026/08/25 19:14:12.302, 158.20, 100, 4477
2026/08/25 19:14:13.302, 158.40, 100, 4477
2026/08/25 19:14:14.303, 157.72, 99, 4477
2026/08/25 19:14:15.303, 158.27, 100, 4477
2026/08/25 19:14:16.303, 158.09, 100, 4477
2026/08/25 19:14:17.303, 157.94, 98, 4477
2026/08/25 19:14:18.303, 158.45, 100, 4477
2026/08/25 19:14:19.304, 158.24, 100, 4477
2026/08/25 19:14:20.304, 158.14, 98, 4477
2026/08/25 19:14:21.304, 158.95, 100, 4477
2026/08/25 19:14:22.312, 158.28, 99, 4477
2026/08/25 19:14:23.313, 158.12, 98, 4477
2026/08/25 19:14:24.313, 158.44, 100, 4477
2026/08/25 19:14:25.313, 158.17, 98, 4477
2026/08/25 19:14:26.313, 158.69, 99, 4477
2026/08/25 19:14:27.313, 158.56, 100, 4477
2026/08/25 19:14:28.314, 158.61, 98, 4477
2026/08/25 19:14:29.314, 158.34, 100, 4477
2026/08/25 19:14:30.314, 158.22, 100, 4477
2026/08/25 19:14:31.314, 158.09, 98, 4477
2026/08/25 19:14:32.314, 158.29, 100, 4477
2026/08/25 19:14:33.314, 158.33, 100, 4477
2026/08/25 19:14:34.314, 157.92, 98, 4477
2026/08/25 19:14:35.315, 158.33, 100, 4477
2026/08/25 19:14:36.315, 158.44, 100, 4477
2026/08/25 19:14:37.315, 157.77, 98, 4477
2026/08/25 19:14:38.315, 158.34, 100, 4477
2026/08/25 19:14:39.315, 158.38, 100, 4477
2026/08/25 19:14:40.316, 158.17, 98, 4477
2026/08/25 19:14:41.316, 158.54, 100, 4477
2026/08/25 19:14:42.316, 158.74, 100, 4477
2026/08/25 19:14:43.316, 157.79, 98, 4477
2026/08/25 19:14:44.316, 158.39, 100, 4477
2026/08/25 19:14:45.316, 158.37, 100, 4477
2026/08/25 19:14:46.317, 158.00, 98, 4477
2026/08/25 19:14:47.317, 158.37, 100, 4477
2026/08/25 19:14:48.317, 158.50, 100, 4477
2026/08/25 19:14:49.317, 157.88, 98, 4477
2026/08/25 19:14:50.317, 158.74, 100, 4477
2026/08/25 19:14:51.317, 158.29, 100, 4477
2026/08/25 19:14:52.318, 158.45, 98, 4477
2026/08/25 19:14:53.318, 157.82, 100, 4477
2026/08/25 19:14:54.318, 158.16, 100, 4477
2026/08/25 19:14:55.318, 158.24, 98, 4477
2026/08/25 19:14:56.318, 157.64, 100, 4477
2026/08/25 19:14:57.319, 158.02, 100, 4477
2026/08/25 19:14:58.319, 158.16, 98, 4477
2026/08/25 19:14:59.319, 157.61, 100, 4477
2026/08/25 19:15:00.319, 158.25, 100, 4477
2026/08/25 19:15:01.319, 158.45, 98, 4477
2026/08/25 19:15:02.319, 158.49, 100, 4477
2026/08/25 19:15:03.320, 158.29, 100, 4477
2026/08/25 19:15:04.320, 158.09, 98, 4477
2026/08/25 19:15:05.320, 157.50, 100, 4477
2026/08/25 19:15:06.320, 158.19, 98, 4477
2026/08/25 19:15:07.320, 158.34, 99, 4477
2026/08/25 19:15:08.321, 157.71, 100, 4477
2026/08/25 19:15:09.321, 158.10, 98, 4477
2026/08/25 19:15:10.321, 158.14, 100, 4477
2026/08/25 19:15:11.321, 158.12, 100, 4477
2026/08/25 19:15:12.321, 158.27, 98, 4477
2026/08/25 19:15:13.321, 158.35, 100, 4477
2026/08/25 19:15:14.322, 158.30, 100, 4477
2026/08/25 19:15:15.322, 158.33, 98, 4477
2026/08/25 19:15:16.322, 157.85, 100, 4477
2026/08/25 19:15:17.322, 158.17, 100, 4477
2026/08/25 19:15:18.322, 158.22, 100, 4477
2026/08/25 19:15:19.322, 158.51, 98, 4477
2026/08/25 19:15:20.323, 158.47, 100, 4477
2026/08/25 19:15:21.323, 158.44, 100, 4477
2026/08/25 19:15:22.323, 157.83, 98, 4477
2026/08/25 19:15:23.323, 158.47, 100, 4477
2026/08/25 19:15:24.323, 158.25, 100, 4477
2026/08/25 19:15:25.324, 157.78, 98, 4477
2026/08/25 19:15:26.324, 158.42, 100, 4477
2026/08/25 19:15:27.324, 158.33, 100, 4477
2026/08/25 19:15:28.324, 158.33, 98, 4477
2026/08/25 19:15:29.324, 158.29, 100, 4477
2026/08/25 19:15:30.324, 158.17, 100, 4477
2026/08/25 19:15:31.325, 157.72, 98, 4477
2026/08/25 19:15:32.325, 158.34, 100, 4477
2026/08/25 19:15:33.325, 158.34, 100, 4477
2026/08/25 19:15:34.325, 157.68, 98, 4477
2026/08/25 19:15:35.325, 158.12, 100, 4477
2026/08/25 19:15:36.325, 158.38, 100, 4477
2026/08/25 19:15:37.326, 158.35, 98, 4477
2026/08/25 19:15:38.326, 158.39, 100, 4477
2026/08/25 19:15:39.326, 158.40, 100, 4477
2026/08/25 19:15:40.326, 157.83, 98, 4477
2026/08/25 19:15:41.326, 158.44, 100, 4477
2026/08/25 19:15:42.326, 158.30, 100, 4477
2026/08/25 19:15:43.327, 157.71, 98, 4477
2026/08/25 19:15:44.327, 158.20, 100, 4477
2026/08/25 19:15:45.327, 158.36, 100, 4477
2026/08/25 19:15:46.327, 157.81, 98, 4477
2026/08/25 19:15:47.327, 158.28, 100, 4477
2026/08/25 19:15:48.328, 158.32, 100, 4477
2026/08/25 19:15:49.328, 157.74, 98, 4477
2026/08/25 19:15:50.328, 159.09, 100, 4477
2026/08/25 19:15:51.328, 158.08, 98, 4477
2026/08/25 19:15:52.328, 157.79, 98, 4477
2026/08/25 19:15:53.328, 158.63, 100, 4477
2026/08/25 19:15:54.329, 157.85, 98, 4477
2026/08/25 19:15:55.329, 158.36, 100, 4477
2026/08/25 19:15:56.329, 158.32, 100, 4477
2026/08/25 19:15:57.329, 158.33, 98, 4477
2026/08/25 19:15:58.329, 158.69, 100, 4477
2026/08/25 19:15:59.330, 158.52, 100, 4477
2026/08/25 19:16:00.330, 158.16, 98, 4477
2026/08/25 19:16:01.330, 158.26, 100, 4477
2026/08/25 19:16:02.330, 158.30, 100, 4477
2026/08/25 19:16:03.330, 157.80, 98, 4477
2026/08/25 19:16:04.331, 158.35, 100, 4477
2026/08/25 19:16:05.331, 157.94, 100, 4477
2026/08/25 19:16:06.331, 157.86, 99, 4477
2026/08/25 19:16:07.331, 158.42, 100, 4477
2026/08/25 19:16:08.331, 158.47, 100, 4477
2026/08/25 19:16:09.331, 158.19, 98, 4477
2026/08/25 19:16:10.332, 158.41, 100, 4477
2026/08/25 19:16:11.332, 158.32, 100, 4477
2026/08/25 19:16:12.332, 158.31, 98, 4477
2026/08/25 19:16:13.332, 158.77, 100, 4477
2026/08/25 19:16:14.332, 158.31, 100, 4477
2026/08/25 19:16:15.333, 157.71, 98, 4477
2026/08/25 19:16:16.333, 158.75, 100, 4477
2026/08/25 19:16:17.333, 158.45, 100, 4477
2026/08/25 19:16:18.333, 157.55, 98, 4477
2026/08/25 19:16:19.333, 157.88, 100, 4477
2026/08/25 19:16:20.333, 158.37, 100, 4477
2026/08/25 19:16:21.333, 159.43, 100, 4477
2026/08/25 19:16:22.334, 163.35, 100, 4477
2026/08/25 19:16:23.334, 163.41, 100, 4477
2026/08/25 19:16:24.334, 163.52, 100, 4477
2026/08/25 19:16:25.334, 163.46, 100, 4477
2026/08/25 19:16:26.334, 163.38, 100, 4477
2026/08/25 19:16:27.334, 163.55, 100, 4477
2026/08/25 19:16:28.335, 163.49, 99, 4477
2026/08/25 19:16:29.335, 163.36, 100, 4477
2026/08/25 19:16:30.335, 163.55, 100, 4477
2026/08/25 19:16:31.335, 163.46, 100, 4477
2026/08/25 19:16:32.335, 163.38, 100, 4477
2026/08/25 19:16:33.335, 163.71, 100, 4477
2026/08/25 19:16:34.336, 163.54, 100, 4477
2026/08/25 19:16:35.336, 163.38, 99, 4477
2026/08/25 19:16:36.336, 163.55, 99, 4477
2026/08/25 19:16:37.336, 163.56, 99, 4477
2026/08/25 19:16:38.336, 163.59, 100, 4477
2026/08/25 19:16:39.336, 163.58, 100, 4477
2026/08/25 19:16:40.337, 163.56, 100, 4477
2026/08/25 19:16:41.337, 163.85, 100, 4477
2026/08/25 19:16:42.337, 163.77, 100, 4477
2026/08/25 19:16:43.337, 163.29, 99, 4477
2026/08/25 19:16:44.337, 163.41, 99, 4477
2026/08/25 19:16:45.337, 163.67, 100, 4477
2026/08/25 19:16:46.337, 163.34, 100, 4477
2026/08/25 19:16:47.338, 163.52, 100, 4477
2026/08/25 19:16:48.338, 163.63, 100, 4477
2026/08/25 19:16:49.338, 163.55, 99, 4477
2026/08/25 19:16:50.338, 163.57, 100, 4477
2026/08/25 19:16:51.338, 155.65, 100, 4477
2026/08/25 19:16:52.338, 158.04, 98, 4477
2026/08/25 19:16:53.339, 158.20, 99, 4477
2026/08/25 19:16:54.339, 158.47, 100, 4477
2026/08/25 19:16:55.339, 158.21, 98, 4477
2026/08/25 19:16:56.339, 158.48, 100, 4477
2026/08/25 19:16:57.339, 158.35, 100, 4477
2026/08/25 19:16:58.339, 158.25, 98, 4477
2026/08/25 19:16:59.340, 158.58, 100, 4477
2026/08/25 19:17:00.340, 158.19, 100, 4477
2026/08/25 19:17:01.340, 157.62, 98, 4477
2026/08/25 19:17:02.340, 158.49, 100, 4477
2026/08/25 19:17:03.340, 158.46, 100, 4477
2026/08/25 19:17:04.341, 157.89, 98, 4477
2026/08/25 19:17:05.341, 158.46, 100, 4477
2026/08/25 19:17:06.341, 158.37, 100, 4477
2026/08/25 19:17:07.341, 158.51, 98, 4477
2026/08/25 19:17:08.341, 158.89, 100, 4477
2026/08/25 19:17:09.341, 158.32, 100, 4477
2026/08/25 19:17:10.342, 157.98, 98, 4477
2026/08/25 19:17:11.342, 158.55, 100, 4477
2026/08/25 19:17:12.342, 158.12, 100, 4477
2026/08/25 19:17:13.342, 157.72, 98, 4477
2026/08/25 19:17:14.342, 158.24, 100, 4477
2026/08/25 19:17:15.342, 158.18, 100, 4477
2026/08/25 19:17:16.343, 157.68, 98, 4477
2026/08/25 19:17:17.343, 158.21, 100, 4477
2026/08/25 19:17:18.343, 158.39, 100, 4477
2026/08/25 19:17:19.343, 157.65, 98, 4477
2026/08/25 19:17:20.343, 158.15, 100, 4477
2026/08/25 19:17:21.343, 158.48, 100, 4477
2026/08/25 19:17:22.344, 157.91, 99, 4477
2026/08/25 19:17:23.344, 158.45, 100, 4477
2026/08/25 19:17:24.344, 158.08, 100, 4477
2026/08/25 19:17:25.344, 157.61, 98, 4477
2026/08/25 19:17:26.344, 158.27, 100, 4477
2026/08/25 19:17:27.344, 158.11, 100, 4477
2026/08/25 19:17:28.345, 157.55, 98, 4477
2026/08/25 19:17:29.345, 158.37, 100, 4477
2026/08/25 19:17:30.345, 158.24, 99, 4477
2026/08/25 19:17:31.345, 157.88, 98, 4477
2026/08/25 19:17:32.345, 158.24, 100, 4477
2026/08/25 19:17:33.345, 158.42, 98, 4477
2026/08/25 19:17:34.346, 158.30, 99, 4477
2026/08/25 19:17:35.346, 158.71, 100, 4477
2026/08/25 19:17:36.346, 158.00, 98, 4477
2026/08/25 19:17:37.346, 158.46, 100, 4477
2026/08/25 19:17:38.346, 158.55, 100, 4477
2026/08/25 19:17:39.347, 158.31, 98, 4477
2026/08/25 19:17:40.347, 158.28, 100, 4477
2026/08/25 19:17:41.347, 158.15, 100, 4477
2026/08/25 19:17:42.347, 157.81, 98, 4477
2026/08/25 19:17:43.347, 158.53, 100, 4477
2026/08/25 19:17:44.348, 158.05, 100, 4477
2026/08/25 19:17:45.348, 158.18, 98, 4477
2026/08/25 19:17:46.348, 158.35, 100, 4477
2026/08/25 19:17:47.348, 158.16, 100, 4477
2026/08/25 19:17:48.348, 157.74, 98, 4477
2026/08/25 19:17:49.348, 158.38, 100, 4477
2026/08/25 19:17:50.349, 158.23, 100, 4477
2026/08/25 19:17:51.349, 157.72, 98, 4477
2026/08/25 19:17:52.349, 158.20, 100, 4477
2026/08/25 19:17:53.349, 158.23, 100, 4477
2026/08/25 19:17:54.349, 157.59, 98, 4477
2026/08/25 19:17:55.350, 158.32, 100, 4477
2026/08/25 19:17:56.350, 158.32, 100, 4477
2026/08/25 19:17:57.350, 157.49, 98, 4477
2026/08/25 19:17:58.350, 158.31, 100, 4477
2026/08/25 19:17:59.350, 158.27, 100, 4477
2026/08/25 19:18:00.351, 157.72, 98, 4477
2026/08/25 19:18:01.351, 158.33, 100, 4477
2026/08/25 19:18:02.351, 158.54, 100, 4477
2026/08/25 19:18:03.351, 157.90, 98, 4477
2026/08/25 19:18:04.351, 158.46, 100, 4477
2026/08/25 19:18:05.352, 158.76, 100, 4477
2026/08/25 19:18:06.352, 157.88, 98, 4477
2026/08/25 19:18:07.352, 158.66, 100, 4477
2026/08/25 19:18:08.352, 158.40, 99, 4477
2026/08/25 19:18:09.352, 158.00, 98, 4477
2026/08/25 19:18:10.352, 158.54, 100, 4477
2026/08/25 19:18:11.353, 158.16, 99, 4477
2026/08/25 19:18:12.353, 158.20, 99, 4477
2026/08/25 19:18:13.353, 158.50, 100, 4477
2026/08/25 19:18:14.353, 158.11, 98, 4477
2026/08/25 19:18:15.353, 158.32, 100, 4477
2026/08/25 19:18:16.354, 158.34, 100, 4477
2026/08/25 19:18:17.354, 158.05, 98, 4477
2026/08/25 19:18:18.354, 158.69, 100, 4477
2026/08/25 19:18:19.354, 158.46, 100, 4477
2026/08/25 19:18:20.354, 158.54, 98, 4477
2026/08/25 19:18:21.354, 158.40, 100, 4477
2026/08/25 19:18:22.355, 158.46, 100, 4477
2026/08/25 19:18:23.355, 158.09, 98, 4477
2026/08/25 19:18:24.355, 158.46, 100, 4477
2026/08/25 19:18:25.355, 158.26, 100, 4477
2026/08/25 19:18:26.355, 158.00, 98, 4477
2026/08/25 19:18:27.355, 158.82, 100, 4477
2026/08/25 19:18:28.356, 158.32, 100, 4477
2026/08/25 19:18:29.356, 157.77, 98, 4477
2026/08/25 19:18:30.356, 158.29, 100, 4477
2026/08/25 19:18:31.356, 158.28, 100, 4477
2026/08/25 19:18:32.356, 158.14, 98, 4477
2026/08/25 19:18:33.356, 158.04, 100, 4477
2026/08/25 19:18:34.357, 158.12, 100, 4477
2026/08/25 19:18:35.357, 157.81, 98, 4477
2026/08/25 19:18:36.357, 158.59, 100, 4477
2026/08/25 19:18:37.357, 158.57, 100, 4477
2026/08/25 19:18:38.357, 157.76, 98, 4477
2026/08/25 19:18:39.358, 158.40, 100, 4477
2026/08/25 19:18:40.358, 158.40, 100, 4477
2026/08/25 19:18:41.358, 157.61, 98, 4477
2026/08/25 19:18:42.358, 158.28, 100, 4477
2026/08/25 19:18:43.358, 158.00, 99, 4477
2026/08/25 19:18:44.359, 157.92, 98, 4477
2026/08/25 19:18:45.359, 158.26, 100, 4477
2026/08/25 19:18:46.359, 158.13, 98, 4477
2026/08/25 19:18:47.359, 158.32, 99, 4477
2026/08/25 19:18:48.359, 158.40, 100, 4477
2026/08/25 19:18:49.360, 158.41, 98, 4477
2026/08/25 19:18:50.360, 158.52, 100, 4477
2026/08/25 19:18:51.360, 158.57, 100, 4477
2026/08/25 19:18:52.360, 158.50, 98, 4477
2026/08/25 19:18:53.360, 158.39, 100, 4477
2026/08/25 19:18:54.361, 158.32, 100, 4477
2026/08/25 19:18:55.361, 158.33, 98, 4477
2026/08/25 19:18:56.361, 158.26, 100, 4477
2026/08/25 19:18:57.361, 158.48, 100, 4477
2026/08/25 19:18:58.361, 158.37, 98, 4477
2026/08/25 19:18:59.362, 158.26, 100, 4477
2026/08/25 19:19:00.362, 158.37, 100, 4477
2026/08/25 19:19:01.362, 157.95, 98, 4477
2026/08/25 19:19:02.362, 158.51, 100, 4477
2026/08/25 19:19:03.362, 158.46, 100, 4477
2026/08/25 19:19:04.362, 157.86, 98, 4477
2026/08/25 19:19:05.363, 158.28, 100, 4477
2026/08/25 19:19:06.363, 158.34, 100, 4477
2026/08/25 19:19:07.363, 157.80, 98, 4477
2026/08/25 19:19:08.363, 158.32, 100, 4477
2026/08/25 19:19:09.363, 158.35, 100, 4477
2026/08/25 19:19:10.363, 157.75, 98, 4477
2026/08/25 19:19:11.364, 158.47, 100, 4477
2026/08/25 19:19:12.364, 158.45, 100, 4477
2026/08/25 19:19:13.364, 157.66, 98, 4477
2026/08/25 19:19:14.364, 158.29, 100, 4477
2026/08/25 19:19:15.364, 158.38, 100, 4477
2026/08/25 19:19:16.365, 157.63, 98, 4477
2026/08/25 19:19:17.365, 158.36, 100, 4477
2026/08/25 19:19:18.365, 158.18, 100, 4477
2026/08/25 19:19:19.365, 157.71, 98, 4477
2026/08/25 19:19:20.365, 158.43, 100, 4477
2026/08/25 19:19:21.366, 158.15, 99, 4477
2026/08/25 19:19:22.366, 157.81, 98, 4477
2026/08/25 19:19:23.366, 158.10, 100, 4477
2026/08/25 19:19:24.366, 158.10, 98, 4477
2026/08/25 19:19:25.366, 158.49, 100, 4477
2026/08/25 19:19:26.367, 158.03, 100, 4477
2026/08/25 19:19:27.367, 158.08, 98, 4477
2026/08/25 19:19:28.367, 158.33, 100, 4477
2026/08/25 19:19:29.367, 158.37, 100, 4477
2026/08/25 19:19:30.367, 157.87, 98, 4477
2026/08/25 19:19:31.368, 158.31, 100, 4477
2026/08/25 19:19:32.368, 158.32, 100, 4477
2026/08/25 19:19:33.368, 157.90, 98, 4477
2026/08/25 19:19:34.368, 158.29, 100, 4477
2026/08/25 19:19:35.368, 158.13, 100, 4477
2026/08/25 19:19:36.369, 158.18, 98, 4477
2026/08/25 19:19:37.369, 158.67, 100, 4477
2026/08/25 19:19:38.369, 158.29, 100, 4477
2026/08/25 19:19:39.369, 157.67, 98, 4477
2026/08/25 19:19:40.369, 158.65, 100, 4477
2026/08/25 19:19:41.369, 158.37, 100, 4477
2026/08/25 19:19:42.370, 157.76, 98, 4477
2026/08/25 19:19:43.370, 158.04, 100, 4477
2026/08/25 19:19:44.370, 157.96, 100, 4477
2026/08/25 19:19:45.370, 157.75, 98, 4477
2026/08/25 19:19:46.370, 158.34, 100, 4477
2026/08/25 19:19:47.371, 158.18, 100, 4477
2026/08/25 19:19:48.371, 157.52, 98, 4477
2026/08/25 19:19:49.371, 158.26, 100, 4477
2026/08/25 19:19:50.371, 158.11, 100, 4477
2026/08/25 19:19:51.371, 158.27, 98, 4477
2026/08/25 19:19:52.372, 158.74, 100, 4477
2026/08/25 19:19:53.372, 157.81, 99, 4477
2026/08/25 19:19:54.372, 157.78, 98, 4477
2026/08/25 19:19:55.372, 158.60, 100, 4477
2026/08/25 19:19:56.372, 158.08, 97, 4477
2026/08/25 19:19:57.373, 158.01, 100, 4477
2026/08/25 19:19:58.373, 158.16, 100, 4477
2026/08/25 19:19:59.373, 157.93, 98, 4477
2026/08/25 19:20:00.373, 158.50, 100, 4477
2026/08/25 19:20:01.373, 158.15, 100, 4477
2026/08/25 19:20:02.374, 157.78, 98, 4477
2026/08/25 19:20:03.374, 158.54, 100, 4477
2026/08/25 19:20:04.374, 158.22, 100, 4477
2026/08/25 19:20:05.374, 157.88, 98, 4477
2026/08/25 19:20:06.374, 158.17, 100, 4477
2026/08/25 19:20:07.375, 158.37, 100, 4477
2026/08/25 19:20:08.375, 158.33, 98, 4477
2026/08/25 19:20:09.375, 158.49, 100, 4477
2026/08/25 19:20:10.375, 158.09, 100, 4477
2026/08/25 19:20:11.375, 157.54, 98, 4477
2026/08/25 19:20:12.376, 158.25, 100, 4477
2026/08/25 19:20:13.376, 158.19, 100, 4477
2026/08/25 19:20:14.376, 157.48, 98, 4477
2026/08/25 19:20:15.376, 157.98, 100, 4477
2026/08/25 19:20:16.376, 158.12, 100, 4477
2026/08/25 19:20:17.376, 157.69, 98, 4477
2026/08/25 19:20:18.377, 158.03, 100, 4477
2026/08/25 19:20:19.377, 158.20, 100, 4477
2026/08/25 19:20:20.377, 157.70, 99, 4477
2026/08/25 19:20:21.377, 158.90, 100, 4477
2026/08/25 19:20:22.377, 158.22, 100, 4477
2026/08/25 19:20:23.378, 157.66, 98, 4477
2026/08/25 19:20:24.378, 158.15, 100, 4477
2026/08/25 19:20:25.378, 157.94, 100, 4477
2026/08/25 19:20:26.378, 157.50, 99, 4477
2026/08/25 19:20:27.378, 158.10, 100, 4477
2026/08/25 19:20:28.378, 158.17, 100, 4477
2026/08/25 19:20:29.379, 157.87, 98, 4477
2026/08/25 19:20:30.379, 158.35, 100, 4477
2026/08/25 19:20:31.379, 157.84, 100, 4477
2026/08/25 19:20:32.379, 157.60, 98, 4477
2026/08/25 19:20:33.379, 158.32, 100, 4477
2026/08/25 19:20:34.380, 158.07, 99, 4477
2026/08/25 19:20:35.380, 157.72, 98, 4477
2026/08/25 19:20:36.380, 157.99, 100, 4477
2026/08/25 19:20:37.380, 158.01, 98, 4477
2026/08/25 19:20:38.380, 158.27, 99, 4477
2026/08/25 19:20:39.381, 158.15, 100, 4477
2026/08/25 19:20:40.381, 157.95, 98, 4477
2026/08/25 19:20:41.381, 158.24, 100, 4477
2026/08/25 19:20:42.381, 158.54, 100, 4477
2026/08/25 19:20:43.381, 157.98, 98, 4477
2026/08/25 19:20:44.381, 158.14, 100, 4477
2026/08/25 19:20:45.382, 158.26, 100, 4477
2026/08/25 19:20:46.382, 158.33, 99, 4477
2026/08/25 19:20:47.382, 158.25, 100, 4477
2026/08/25 19:20:48.382, 158.16, 100, 4477
2026/08/25 19:20:49.382, 157.69, 98, 4477
2026/08/25 19:20:50.383, 158.18, 100, 4477
2026/08/25 19:20:51.383, 158.22, 100, 4477
2026/08/25 19:20:52.383, 157.75, 99, 4477
2026/08/25 19:20:53.383, 158.29, 100, 4477
2026/08/25 19:20:54.383, 158.10, 100, 4477
2026/08/25 19:20:55.383, 157.73, 98, 4477
2026/08/25 19:20:56.384, 157.97, 100, 4477
2026/08/25 19:20:57.384, 158.12, 100, 4477
2026/08/25 19:20:58.384, 157.60, 99, 4477
2026/08/25 19:20:59.384, 158.26, 100, 4477
2026/08/25 19:21:00.384, 158.18, 100, 4477
2026/08/25 19:21:01.385, 157.66, 98, 4477
2026/08/25 19:21:02.385, 158.42, 100, 4477
2026/08/25 19:21:03.385, 158.08, 100, 4477
2026/08/25 19:21:04.385, 157.67, 98, 4477
2026/08/25 19:21:05.385, 158.25, 100, 4477
2026/08/25 19:21:06.386, 158.23, 100, 4477
2026/08/25 19:21:07.386, 157.62, 98, 4477
2026/08/25 19:21:08.386, 158.33, 100, 4477
2026/08/25 19:21:09.386, 158.27, 100, 4477
2026/08/25 19:21:10.386, 157.62, 98, 4477
2026/08/25 19:21:11.386, 158.22, 100, 4477
2026/08/25 19:21:12.387, 158.22, 100, 4477
2026/08/25 19:21:13.387, 159.16, 100, 4477
2026/08/25 19:21:14.387, 163.66, 99, 4477
2026/08/25 19:21:15.387, 163.64, 100, 4477
2026/08/25 19:21:16.387, 163.39, 100, 4477
2026/08/25 19:21:17.388, 163.59, 100, 4477
2026/08/25 19:21:18.388, 163.59, 99, 4477
2026/08/25 19:21:19.388, 163.63, 100, 4477
2026/08/25 19:21:20.388, 163.84, 100, 4477
2026/08/25 19:21:21.388, 163.88, 100, 4477
2026/08/25 19:21:22.389, 163.91, 100, 4477
2026/08/25 19:21:23.389, 163.84, 100, 4477
2026/08/25 19:21:24.389, 163.49, 100, 4477
2026/08/25 19:21:25.389, 163.89, 100, 4477
2026/08/25 19:21:26.389, 163.76, 100, 4477
2026/08/25 19:21:27.389, 163.69, 100, 4477
2026/08/25 19:21:28.390, 163.79, 100, 4477
2026/08/25 19:21:29.390, 163.73, 100, 4477
2026/08/25 19:21:30.390, 163.96, 100, 4477
2026/08/25 19:21:31.390, 163.80, 100, 4477
2026/08/25 19:21:32.390, 163.59, 99, 4477
2026/08/25 19:21:33.390, 163.77, 100, 4477
2026/08/25 19:21:34.391, 163.82, 100, 4477
2026/08/25 19:21:35.391, 163.75, 100, 4477
2026/08/25 19:21:36.391, 163.93, 100, 4477
2026/08/25 19:21:37.391, 163.83, 100, 4477
2026/08/25 19:21:38.391, 163.86, 100, 4477
2026/08/25 19:21:39.391, 163.79, 99, 4477
2026/08/25 19:21:40.392, 163.62, 100, 4477
2026/08/25 19:21:41.392, 163.90, 100, 4477
2026/08/25 19:21:42.392, 163.88, 100, 4477
2026/08/25 19:21:43.392, 155.19, 100, 4477
2026/08/25 19:21:44.392, 158.49, 98, 4477
2026/08/25 19:21:45.392, 158.63, 100, 4477
2026/08/25 19:21:46.393, 158.35, 100, 4477
2026/08/25 19:21:47.393, 158.18, 98, 4477
2026/08/25 19:21:48.393, 158.50, 100, 4477
2026/08/25 19:21:49.393, 158.53, 100, 4477
2026/08/25 19:21:50.393, 158.65, 98, 4477
2026/08/25 19:21:51.394, 158.66, 100, 4477
2026/08/25 19:21:52.394, 158.88, 100, 4477
2026/08/25 19:21:53.394, 158.34, 99, 4477
2026/08/25 19:21:54.394, 158.69, 100, 4477
2026/08/25 19:21:55.394, 158.71, 100, 4477
2026/08/25 19:21:56.395, 157.99, 98, 4477
2026/08/25 19:21:57.395, 158.14, 100, 4477
2026/08/25 19:21:58.395, 158.23, 100, 4477
2026/08/25 19:21:59.395, 157.73, 97, 4477
2026/08/25 19:22:00.395, 158.41, 100, 4477
2026/08/25 19:22:01.396, 158.65, 100, 4477
2026/08/25 19:22:02.396, 157.71, 98, 4477
2026/08/25 19:22:03.396, 158.16, 100, 4477
2026/08/25 19:22:04.396, 158.40, 100, 4477
2026/08/25 19:22:05.396, 158.43, 99, 4477
2026/08/25 19:22:06.397, 158.45, 100, 4477
2026/08/25 19:22:07.397, 158.52, 100, 4477
2026/08/25 19:22:08.403, 157.06, 98, 4477
2026/08/25 19:22:09.403, 158.89, 100, 4477
2026/08/25 19:22:10.403, 158.58, 98, 4477
2026/08/25 19:22:11.403, 158.29, 100, 4477
2026/08/25 19:22:12.404, 158.54, 100, 4477
2026/08/25 19:22:13.404, 158.33, 98, 4477
2026/08/25 19:22:14.404, 158.46, 100, 4477
2026/08/25 19:22:15.404, 158.50, 100, 4477
2026/08/25 19:22:16.405, 158.01, 98, 4477
2026/08/25 19:22:17.405, 158.58, 100, 4477
2026/08/25 19:22:18.405, 158.40, 100, 4477
2026/08/25 19:22:19.405, 158.14, 98, 4477
2026/08/25 19:22:20.405, 158.67, 100, 4477
2026/08/25 19:22:21.406, 158.37, 100, 4477
2026/08/25 19:22:22.406, 157.98, 98, 4477
2026/08/25 19:22:23.406, 158.29, 100, 4477
2026/08/25 19:22:24.406, 158.32, 100, 4477
2026/08/25 19:22:25.406, 157.54, 98, 4477
2026/08/25 19:22:26.407, 158.24, 100, 4477
2026/08/25 19:22:27.407, 158.19, 100, 4477
2026/08/25 19:22:28.407, 157.03, 98, 4477
2026/08/25 19:22:29.407, 158.49, 100, 4477
2026/08/25 19:22:30.407, 158.33, 100, 4477
2026/08/25 19:22:31.407, 157.91, 98, 4477
2026/08/25 19:22:32.408, 158.37, 100, 4477
2026/08/25 19:22:33.408, 158.42, 100, 4477
2026/08/25 19:22:34.408, 157.95, 98, 4477
2026/08/25 19:22:35.408, 158.50, 100, 4477
2026/08/25 19:22:36.408, 158.30, 100, 4477
2026/08/25 19:22:37.408, 157.86, 98, 4477
2026/08/25 19:22:38.409, 158.41, 100, 4477
2026/08/25 19:22:39.409, 158.29, 100, 4477
2026/08/25 19:22:40.409, 157.83, 98, 4477
2026/08/25 19:22:41.409, 158.43, 100, 4477
2026/08/25 19:22:42.409, 158.45, 99, 4477
2026/08/25 19:22:43.410, 157.91, 98, 4477
2026/08/25 19:22:44.410, 158.22, 100, 4477
2026/08/25 19:22:45.410, 158.16, 98, 4477
2026/08/25 19:22:46.410, 158.40, 100, 4477
2026/08/25 19:22:47.410, 158.51, 100, 4477
2026/08/25 19:22:48.410, 158.11, 98, 4477
2026/08/25 19:22:49.411, 158.36, 100, 4477
2026/08/25 19:22:50.411, 158.42, 100, 4477
2026/08/25 19:22:51.411, 158.18, 98, 4477
2026/08/25 19:22:52.411, 158.47, 100, 4477
2026/08/25 19:22:53.411, 158.53, 100, 4477
2026/08/25 19:22:54.412, 158.00, 98, 4477
2026/08/25 19:22:55.412, 158.34, 100, 4477
2026/08/25 19:22:56.412, 158.40, 100, 4477
2026/08/25 19:22:57.412, 157.84, 98, 4477
2026/08/25 19:22:58.412, 158.60, 100, 4477
2026/08/25 19:22:59.412, 158.35, 100, 4477
2026/08/25 19:23:00.413, 158.45, 98, 4477
2026/08/25 19:23:01.413, 158.31, 100, 4477
2026/08/25 19:23:02.413, 158.42, 100, 4477
2026/08/25 19:23:03.413, 157.94, 98, 4477
2026/08/25 19:23:04.413, 158.28, 100, 4477
2026/08/25 19:23:05.413, 158.35, 100, 4477
2026/08/25 19:23:06.414, 158.30, 98, 4477
2026/08/25 19:23:07.414, 158.65, 100, 4477
2026/08/25 19:23:08.414, 158.31, 100, 4477
2026/08/25 19:23:09.414, 157.61, 98, 4477
2026/08/25 19:23:10.414, 158.08, 100, 4477
2026/08/25 19:23:11.414, 158.20, 100, 4477
2026/08/25 19:23:12.415, 157.60, 98, 4477
2026/08/25 19:23:13.415, 158.86, 100, 4477
2026/08/25 19:23:14.415, 158.45, 100, 4477
2026/08/25 19:23:15.415, 157.83, 98, 4477
2026/08/25 19:23:16.415, 158.19, 100, 4477
2026/08/25 19:23:17.415, 157.24, 100, 4477
2026/08/25 19:23:18.416, 157.42, 98, 4477
2026/08/25 19:23:19.416, 158.01, 100, 4477
2026/08/25 19:23:20.416, 157.96, 98, 4477
2026/08/25 19:23:21.416, 157.85, 98, 4477
2026/08/25 19:23:22.416, 158.65, 100, 4477
2026/08/25 19:23:23.417, 157.24, 98, 4477
2026/08/25 19:23:24.417, 158.24, 100, 4477
2026/08/25 19:23:25.417, 158.35, 100, 4477
2026/08/25 19:23:26.417, 158.25, 98, 4477
2026/08/25 19:23:27.417, 158.19, 100, 4477
2026/08/25 19:23:28.418, 157.06, 100, 4477
2026/08/25 19:23:29.418, 157.51, 98, 4477
2026/08/25 19:23:30.418, 158.27, 100, 4477
2026/08/25 19:23:31.418, 158.18, 100, 4477
2026/08/25 19:23:32.418, 158.13, 98, 4477
2026/08/25 19:23:33.418, 158.42, 100, 4477
2026/08/25 19:23:34.419, 158.32, 100, 4477
2026/08/25 19:23:35.419, 158.35, 98, 4477
2026/08/25 19:23:36.419, 158.61, 100, 4477
2026/08/25 19:23:37.419, 158.17, 100, 4477
2026/08/25 19:23:38.419, 157.90, 98, 4477
2026/08/25 19:23:39.420, 158.28, 100, 4477
2026/08/25 19:23:40.420, 158.22, 100, 4477
2026/08/25 19:23:41.420, 157.99, 98, 4477
2026/08/25 19:23:42.420, 158.56, 100, 4477
2026/08/25 19:23:43.420, 158.41, 100, 4477
2026/08/25 19:23:44.420, 157.66, 98, 4477
2026/08/25 19:23:45.421, 158.02, 100, 4477
2026/08/25 19:23:46.421, 158.27, 100, 4477
2026/08/25 19:23:47.421, 157.56, 98, 4477
2026/08/25 19:23:48.421, 158.19, 100, 4477
2026/08/25 19:23:49.421, 158.07, 100, 4477
2026/08/25 19:23:50.422, 157.73, 98, 4477
2026/08/25 19:23:51.422, 158.22, 100, 4477
2026/08/25 19:23:52.422, 158.15, 99, 4477
2026/08/25 19:23:53.422, 157.77, 99, 4477
2026/08/25 19:23:54.422, 158.24, 100, 4477
2026/08/25 19:23:55.422, 157.02, 91, 4477
2026/08/25 19:23:56.423, 157.21, 99, 4477
2026/08/25 19:23:57.423, 158.26, 100, 4477
2026/08/25 19:23:58.423, 157.96, 99, 4477
2026/08/25 19:23:59.423, 158.14, 100, 4477
2026/08/25 19:24:00.423, 158.34, 100, 4477
2026/08/25 19:24:01.424, 156.73, 99, 4477
2026/08/25 19:24:02.424, 158.23, 100, 4477
2026/08/25 19:24:03.424, 158.29, 100, 4477
2026/08/25 19:24:04.424, 157.99, 98, 4477
2026/08/25 19:24:05.424, 158.41, 100, 4477
2026/08/25 19:24:06.424, 157.37, 100, 4477
2026/08/25 19:24:07.425, 157.99, 98, 4477
2026/08/25 19:24:08.425, 158.33, 100, 4477
2026/08/25 19:24:09.425, 158.04, 100, 4477
2026/08/25 19:24:10.425, 157.79, 98, 4477
2026/08/25 19:24:11.425, 158.63, 100, 4477
2026/08/25 19:24:12.425, 158.28, 100, 4477
2026/08/25 19:24:13.426, 157.65, 98, 4477
2026/08/25 19:24:14.426, 158.12, 100, 4477
2026/08/25 19:24:15.426, 158.13, 100, 4477
2026/08/25 19:24:16.426, 158.31, 98, 4477
2026/08/25 19:24:17.426, 158.54, 100, 4477
2026/08/25 19:24:18.426, 158.33, 100, 4477
2026/08/25 19:24:19.427, 157.71, 98, 4477
2026/08/25 19:24:20.427, 158.33, 100, 4477
2026/08/25 19:24:21.427, 158.49, 100, 4477
2026/08/25 19:24:22.427, 157.79, 98, 4477
2026/08/25 19:24:23.427, 158.42, 100, 4477
2026/08/25 19:24:24.427, 158.15, 99, 4477
2026/08/25 19:24:25.428, 157.79, 98, 4477
2026/08/25 19:24:26.428, 157.34, 100, 4477
2026/08/25 19:24:27.428, 157.99, 99, 4477
2026/08/25 19:24:28.428, 158.62, 100, 4477
2026/08/25 19:24:29.428, 158.38, 100, 4477
2026/08/25 19:24:30.429, 158.06, 98, 4477
2026/08/25 19:24:31.429, 158.38, 100, 4477
2026/08/25 19:24:32.429, 157.52, 100, 4477
2026/08/25 19:24:33.429, 158.12, 98, 4477
2026/08/25 19:24:34.429, 158.48, 100, 4477
2026/08/25 19:24:35.430, 158.68, 100, 4477
2026/08/25 19:24:36.430, 158.18, 98, 4477
2026/08/25 19:24:37.430, 157.26, 100, 4477
2026/08/25 19:24:38.430, 158.43, 100, 4477
2026/08/25 19:24:39.430, 157.70, 98, 4477
2026/08/25 19:24:40.430, 158.62, 100, 4477
2026/08/25 19:24:41.431, 158.19, 100, 4477
2026/08/25 19:24:42.431, 156.59, 98, 4477
2026/08/25 19:24:43.431, 158.23, 100, 4477
2026/08/25 19:24:44.431, 158.27, 100, 4477
2026/08/25 19:24:45.431, 157.71, 99, 4477
2026/08/25 19:24:46.432, 158.32, 100, 4477
2026/08/25 19:24:47.440, 158.41, 100, 4477
2026/08/25 19:24:48.441, 157.77, 98, 4477
2026/08/25 19:24:49.441, 158.46, 100, 4477
2026/08/25 19:24:50.441, 158.43, 100, 4477
2026/08/25 19:24:51.441, 157.78, 98, 4477
2026/08/25 19:24:52.450, 158.50, 100, 4477
2026/08/25 19:24:53.450, 158.42, 99, 4477
2026/08/25 19:24:54.450, 157.93, 98, 4477
2026/08/25 19:24:55.450, 158.56, 100, 4477
2026/08/25 19:24:56.450, 158.22, 98, 4477
2026/08/25 19:24:57.451, 158.33, 98, 4477
2026/08/25 19:24:58.451, 158.71, 100, 4477
2026/08/25 19:24:59.451, 158.23, 98, 4477
2026/08/25 19:25:00.451, 158.37, 100, 4477
2026/08/25 19:25:01.451, 158.44, 100, 4477
2026/08/25 19:25:02.451, 158.20, 99, 4477
2026/08/25 19:25:03.452, 158.15, 100, 4477
2026/08/25 19:25:04.452, 158.70, 100, 4477
2026/08/25 19:25:05.452, 158.51, 98, 4477
2026/08/25 19:25:06.452, 158.47, 100, 4477
2026/08/25 19:25:07.452, 158.62, 100, 4477
2026/08/25 19:25:08.453, 158.12, 98, 4477
2026/08/25 19:25:09.453, 158.86, 100, 4477
2026/08/25 19:25:10.453, 158.45, 100, 4477
2026/08/25 19:25:11.453, 158.07, 98, 4477
2026/08/25 19:25:12.453, 158.30, 100, 4477
2026/08/25 19:25:13.454, 158.46, 100, 4477
2026/08/25 19:25:14.454, 157.94, 98, 4477
2026/08/25 19:25:15.454, 158.38, 100, 4477
2026/08/25 19:25:16.454, 158.31, 100, 4477
2026/08/25 19:25:17.463, 157.83, 98, 4477
2026/08/25 19:25:18.463, 158.62, 100, 4477
2026/08/25 19:25:19.463, 158.50, 100, 4477
2026/08/25 19:25:20.463, 157.63, 98, 4477
2026/08/25 19:25:21.463, 158.58, 100, 4477
2026/08/25 19:25:22.464, 158.30, 100, 4477
2026/08/25 19:25:23.464, 157.64, 98, 4477
2026/08/25 19:25:24.464, 158.24, 100, 4477
2026/08/25 19:25:25.464, 158.15, 100, 4477
2026/08/25 19:25:26.464, 157.60, 98, 4477
2026/08/25 19:25:27.464, 158.29, 100, 4477
2026/08/25 19:25:28.465, 158.21, 100, 4477
2026/08/25 19:25:29.465, 157.82, 98, 4477
2026/08/25 19:25:30.465, 158.44, 100, 4477
2026/08/25 19:25:31.465, 158.39, 100, 4477
2026/08/25 19:25:32.465, 158.46, 98, 4477
2026/08/25 19:25:33.466, 158.81, 100, 4477
2026/08/25 19:25:34.466, 158.32, 100, 4477
2026/08/25 19:25:35.466, 157.73, 98, 4477
2026/08/25 19:25:36.466, 158.36, 100, 4477
2026/08/25 19:25:37.466, 158.22, 100, 4477
2026/08/25 19:25:38.466, 157.74, 99, 4477
2026/08/25 19:25:39.467, 158.27, 100, 4477
2026/08/25 19:25:40.467, 158.25, 98, 4477
2026/08/25 19:25:41.467, 158.25, 98, 4477
2026/08/25 19:25:42.467, 159.02, 100, 4477
2026/08/25 19:25:43.467, 158.13, 98, 4477
2026/08/25 19:25:44.467, 158.47, 99, 4477
2026/08/25 19:25:45.468, 158.29, 100, 4477
2026/08/25 19:25:46.468, 158.60, 98, 4477
2026/08/25 19:25:47.468, 158.55, 100, 4477
2026/08/25 19:25:48.468, 158.30, 100, 4477
2026/08/25 19:25:49.468, 158.08, 98, 4477
2026/08/25 19:25:50.469, 158.48, 100, 4477
2026/08/25 19:25:51.469, 158.40, 100, 4477
2026/08/25 19:25:52.469, 158.34, 98, 4477
2026/08/25 19:25:53.469, 158.28, 100, 4477
2026/08/25 19:25:54.469, 158.39, 100, 4477
2026/08/25 19:25:55.469, 158.27, 98, 4477
2026/08/25 19:25:56.469, 158.51, 100, 4477
2026/08/25 19:25:57.470, 158.20, 100, 4477
2026/08/25 19:25:58.470, 157.70, 98, 4477
2026/08/25 19:25:59.470, 158.41, 100, 4477
2026/08/25 19:26:00.470, 158.47, 100, 4477
2026/08/25 19:26:01.470, 157.89, 98, 4477
2026/08/25 19:26:02.470, 158.50, 100, 4477
2026/08/25 19:26:03.471, 158.67, 100, 4477
2026/08/25 19:26:04.471, 158.39, 98, 4477
2026/08/25 19:26:05.471, 158.88, 100, 4477
2026/08/25 19:26:06.471, 163.88, 100, 4477
2026/08/25 19:26:07.471, 164.02, 100, 4477
2026/08/25 19:26:08.472, 163.82, 100, 4477
2026/08/25 19:26:09.472, 164.10, 100, 4477
2026/08/25 19:26:10.472, 164.00, 98, 4477
2026/08/25 19:26:11.472, 164.11, 100, 4477
2026/08/25 19:26:12.472, 164.15, 100, 4477
2026/08/25 19:26:13.473, 164.05, 100, 4477
2026/08/25 19:26:14.473, 164.15, 100, 4477
2026/08/25 19:26:15.473, 164.05, 100, 4477
2026/08/25 19:26:16.473, 163.88, 100, 4477
2026/08/25 19:26:17.473, 163.99, 100, 4477
2026/08/25 19:26:18.473, 164.25, 100, 4477
2026/08/25 19:26:19.474, 163.80, 100, 4477
2026/08/25 19:26:20.474, 164.24, 100, 4477
2026/08/25 19:26:21.474, 164.13, 99, 4477
2026/08/25 19:26:22.474, 163.94, 99, 4477
2026/08/25 19:26:23.483, 164.02, 100, 4477
2026/08/25 19:26:24.483, 164.09, 100, 4477
2026/08/25 19:26:25.483, 164.23, 100, 4477
2026/08/25 19:26:26.483, 164.18, 100, 4477
2026/08/25 19:26:27.484, 164.09, 100, 4477
2026/08/25 19:26:28.484, 164.20, 99, 4477
2026/08/25 19:26:29.484, 164.13, 100, 4477
2026/08/25 19:26:30.484, 164.30, 100, 4477
2026/08/25 19:26:31.484, 164.26, 100, 4477
2026/08/25 19:26:32.485, 164.29, 100, 4477
2026/08/25 19:26:33.485, 164.29, 100, 4477
2026/08/25 19:26:34.485, 164.27, 100, 4477
2026/08/25 19:26:35.485, 155.63, 100, 4477
2026/08/25 19:26:36.485, 158.12, 98, 4477
2026/08/25 19:26:37.486, 158.55, 100, 4477
2026/08/25 19:26:38.486, 158.35, 99, 4477
2026/08/25 19:26:39.486, 158.03, 98, 4477
2026/08/25 19:26:40.486, 158.62, 100, 4477
2026/08/25 19:26:41.486, 158.42, 99, 4477
2026/08/25 19:26:42.487, 158.43, 98, 4477
2026/08/25 19:26:43.487, 158.43, 100, 4477
2026/08/25 19:26:44.487, 158.27, 98, 4477
2026/08/25 19:26:45.487, 158.66, 100, 4477
2026/08/25 19:26:46.487, 158.47, 100, 4477
2026/08/25 19:26:47.488, 158.23, 98, 4477
2026/08/25 19:26:48.488, 158.61, 100, 4477
2026/08/25 19:26:49.488, 158.49, 100, 4477
2026/08/25 19:26:50.488, 158.26, 98, 4477
2026/08/25 19:26:51.488, 158.51, 100, 4477
2026/08/25 19:26:52.489, 158.48, 100, 4477
2026/08/25 19:26:53.489, 158.57, 98, 4477
2026/08/25 19:26:54.489, 158.84, 100, 4477
2026/08/25 19:26:55.489, 158.37, 100, 4477
2026/08/25 19:26:56.489, 158.39, 98, 4477
2026/08/25 19:26:57.490, 158.96, 100, 4477
2026/08/25 19:26:58.490, 158.51, 100, 4477
2026/08/25 19:26:59.490, 158.65, 98, 4477
2026/08/25 19:27:00.490, 158.87, 100, 4477
2026/08/25 19:27:01.490, 158.51, 100, 4477
2026/08/25 19:27:02.490, 157.88, 99, 4477
2026/08/25 19:27:03.491, 158.54, 100, 4477
2026/08/25 19:27:04.491, 158.41, 100, 4477
2026/08/25 19:27:05.491, 157.75, 98, 4477
2026/08/25 19:27:06.491, 158.44, 100, 4477
2026/08/25 19:27:07.491, 158.66, 100, 4477
2026/08/25 19:27:08.500, 157.82, 98, 4477
2026/08/25 19:27:09.500, 158.98, 100, 4477
2026/08/25 19:27:10.501, 158.55, 100, 4477
2026/08/25 19:27:11.501, 157.88, 98, 4477
2026/08/25 19:27:12.501, 159.12, 100, 4477
2026/08/25 19:27:13.501, 158.55, 100, 4477
2026/08/25 19:27:14.501, 157.64, 98, 4477
2026/08/25 19:27:15.501, 158.54, 100, 4477
2026/08/25 19:27:16.502, 158.46, 100, 4477
2026/08/25 19:27:17.502, 157.78, 98, 4477
2026/08/25 19:27:18.502, 158.18, 100, 4477
2026/08/25 19:27:19.502, 158.33, 100, 4477
2026/08/25 19:27:20.502, 157.85, 98, 4477
2026/08/25 19:27:21.502, 158.39, 100, 4477
2026/08/25 19:27:22.503, 158.51, 100, 4477
2026/08/25 19:27:23.503, 157.93, 98, 4477
2026/08/25 19:27:24.503, 158.54, 100, 4477
2026/08/25 19:27:25.503, 158.32, 99, 4477
2026/08/25 19:27:26.503, 157.73, 98, 4477
2026/08/25 19:27:27.503, 158.95, 100, 4477
2026/08/25 19:27:28.503, 158.15, 98, 4477
2026/08/25 19:27:29.504, 158.33, 99, 4477
2026/08/25 19:27:30.504, 158.75, 100, 4477
2026/08/25 19:27:31.504, 158.39, 98, 4477
2026/08/25 19:27:32.504, 158.59, 100, 4477
2026/08/25 19:27:33.504, 158.53, 100, 4477
2026/08/25 19:27:34.504, 158.09, 98, 4477
2026/08/25 19:27:35.505, 158.29, 100, 4477
2026/08/25 19:27:36.505, 158.65, 100, 4477
2026/08/25 19:27:37.505, 158.19, 98, 4477
2026/08/25 19:27:38.505, 158.53, 100, 4477
2026/08/25 19:27:39.505, 158.48, 100, 4477
2026/08/25 19:27:40.505, 157.93, 98, 4477
2026/08/25 19:27:41.506, 158.68, 100, 4477
2026/08/25 19:27:42.506, 158.80, 100, 4477
2026/08/25 19:27:43.506, 158.19, 98, 4477
2026/08/25 19:27:44.506, 158.64, 100, 4477
2026/08/25 19:27:45.506, 158.51, 100, 4477
2026/08/25 19:27:46.506, 158.04, 98, 4477
2026/08/25 19:27:47.507, 158.46, 100, 4477
2026/08/25 19:27:48.507, 158.29, 100, 4477
2026/08/25 19:27:49.507, 158.09, 98, 4477
2026/08/25 19:27:50.507, 158.51, 100, 4477
2026/08/25 19:27:51.507, 158.22, 100, 4477
2026/08/25 19:27:52.508, 157.92, 98, 4477
2026/08/25 19:27:53.508, 158.57, 100, 4477
2026/08/25 19:27:54.508, 158.43, 100, 4477
2026/08/25 19:27:55.508, 157.93, 98, 4477
2026/08/25 19:27:56.508, 158.28, 100, 4477
2026/08/25 19:27:57.508, 158.57, 100, 4477
2026/08/25 19:27:58.509, 158.53, 98, 4477
2026/08/25 19:27:59.509, 158.16, 100, 4477
2026/08/25 19:28:00.509, 158.71, 100, 4477
2026/08/25 19:28:01.509, 158.60, 98, 4477
2026/08/25 19:28:02.509, 157.90, 100, 4477
2026/08/25 19:28:03.509, 158.62, 100, 4477
2026/08/25 19:28:04.510, 158.56, 98, 4477
2026/08/25 19:28:05.510, 157.78, 100, 4477
2026/08/25 19:28:06.510, 158.26, 99, 4477
2026/08/25 19:28:07.510, 158.55, 98, 4477
2026/08/25 19:28:08.510, 157.91, 100, 4477
2026/08/25 19:28:09.510, 158.54, 98, 4477
2026/08/25 19:28:10.511, 158.36, 99, 4477
2026/08/25 19:28:11.511, 157.88, 100, 4477
2026/08/25 19:28:12.511, 158.38, 98, 4477
2026/08/25 19:28:13.511, 158.12, 100, 4477
2026/08/25 19:28:14.511, 158.17, 100, 4477
2026/08/25 19:28:15.511, 158.54, 98, 4477
2026/08/25 19:28:16.512, 158.49, 100, 4477
2026/08/25 19:28:17.512, 158.71, 100, 4477
2026/08/25 19:28:18.512, 158.56, 98, 4477
2026/08/25 19:28:19.512, 156.74, 100, 4477
2026/08/25 19:28:20.512, 158.57, 100, 4477
2026/08/25 19:28:21.512, 158.46, 98, 4477
2026/08/25 19:28:22.513, 158.26, 98, 4477
2026/08/25 19:28:23.513, 158.40, 100, 4477
2026/08/25 19:28:24.513, 157.34, 100, 4477
2026/08/25 19:28:25.513, 157.82, 100, 4477
2026/08/25 19:28:26.513, 158.35, 100, 4477
2026/08/25 19:28:27.513, 158.34, 100, 4477
2026/08/25 19:28:28.514, 157.70, 98, 4477
2026/08/25 19:28:29.514, 158.13, 100, 4477
2026/08/25 19:28:30.514, 158.34, 100, 4477
2026/08/25 19:28:31.514, 158.07, 99, 4477
2026/08/25 19:28:32.514, 158.49, 100, 4477
2026/08/25 19:28:33.515, 158.34, 100, 4477
2026/08/25 19:28:34.515, 158.37, 98, 4477
2026/08/25 19:28:35.515, 158.53, 100, 4477
2026/08/25 19:28:36.515, 158.36, 100, 4477
2026/08/25 19:28:37.515, 157.71, 98, 4477
2026/08/25 19:28:38.515, 158.30, 100, 4477
2026/08/25 19:28:39.515, 158.26, 100, 4477
2026/08/25 19:28:40.516, 158.45, 98, 4477
2026/08/25 19:28:41.516, 158.46, 100, 4477
2026/08/25 19:28:42.516, 158.11, 99, 4477
2026/08/25 19:28:43.516, 158.02, 98, 4477
2026/08/25 19:28:44.516, 158.89, 100, 4477
2026/08/25 19:28:45.517, 158.20, 98, 4477
2026/08/25 19:28:46.517, 158.31, 99, 4477
2026/08/25 19:28:47.517, 158.68, 100, 4477
2026/08/25 19:28:48.517, 158.29, 98, 4477
2026/08/25 19:28:49.517, 157.74, 100, 4477
2026/08/25 19:28:50.518, 158.52, 100, 4477
2026/08/25 19:28:51.518, 158.59, 98, 4477
2026/08/25 19:28:52.518, 158.78, 100, 4477
2026/08/25 19:28:53.518, 158.48, 100, 4477
2026/08/25 19:28:54.518, 158.51, 98, 4477
2026/08/25 19:28:55.518, 158.92, 100, 4477
2026/08/25 19:28:56.519, 158.48, 100, 4477
2026/08/25 19:28:57.519, 158.15, 98, 4477
2026/08/25 19:28:58.519, 158.43, 100, 4477
2026/08/25 19:28:59.519, 158.35, 100, 4477
2026/08/25 19:29:00.519, 157.91, 98, 4477
2026/08/25 19:29:01.519, 158.32, 100, 4477
2026/08/25 19:29:02.520, 158.35, 100, 4477
2026/08/25 19:29:03.520, 157.98, 98, 4477
2026/08/25 19:29:04.520, 158.24, 100, 4477
2026/08/25 19:29:05.520, 158.38, 100, 4477
2026/08/25 19:29:06.520, 157.56, 98, 4477
2026/08/25 19:29:07.520, 159.03, 100, 4477
2026/08/25 19:29:08.521, 158.29, 100, 4477
2026/08/25 19:29:09.521, 156.91, 98, 4477
2026/08/25 19:29:10.521, 158.96, 100, 4477
2026/08/25 19:29:11.521, 158.43, 100, 4477
2026/08/25 19:29:12.521, 158.38, 98, 4477
2026/08/25 19:29:13.522, 159.02, 100, 4477
2026/08/25 19:29:14.522, 157.23, 97, 4477
2026/08/25 19:29:15.522, 157.70, 98, 4477
2026/08/25 19:29:16.522, 158.40, 100, 4477
2026/08/25 19:29:17.522, 158.30, 98, 4477
2026/08/25 19:29:18.522, 158.34, 99, 4477
2026/08/25 19:29:19.523, 158.62, 100, 4477
2026/08/25 19:29:20.523, 156.78, 98, 4477
2026/08/25 19:29:21.523, 158.33, 100, 4477
2026/08/25 19:29:22.523, 158.32, 100, 4477
2026/08/25 19:29:23.523, 158.56, 98, 4477
2026/08/25 19:29:24.523, 158.48, 100, 4477
2026/08/25 19:29:25.524, 157.36, 100, 4477
2026/08/25 19:29:26.524, 157.99, 98, 4477
2026/08/25 19:29:27.524, 158.79, 100, 4477
2026/08/25 19:29:28.524, 158.25, 100, 4477
2026/08/25 19:29:29.524, 158.01, 98, 4477
2026/08/25 19:29:30.525, 158.31, 100, 4477
2026/08/25 19:29:31.525, 158.65, 100, 4477
2026/08/25 19:29:32.525, 157.94, 98, 4477
2026/08/25 19:29:33.525, 158.22, 100, 4477
2026/08/25 19:29:34.525, 158.30, 100, 4477
2026/08/25 19:29:35.526, 157.97, 98, 4477
2026/08/25 19:29:36.526, 158.27, 100, 4477
2026/08/25 19:29:37.526, 158.27, 100, 4477
2026/08/25 19:29:38.526, 157.82, 98, 4477
2026/08/25 19:29:39.527, 159.12, 100, 4477
2026/08/25 19:29:40.527, 158.36, 100, 4477
2026/08/25 19:29:41.527, 158.33, 98, 4477
2026/08/25 19:29:42.527, 158.95, 100, 4477
2026/08/25 19:29:43.527, 158.40, 100, 4477
2026/08/25 19:29:44.528, 158.54, 99, 4477
2026/08/25 19:29:45.528, 159.15, 100, 4477
2026/08/25 19:29:46.528, 158.55, 100, 4477
2026/08/25 19:29:47.528, 158.48, 98, 4477
2026/08/25 19:29:48.528, 158.46, 100, 4477
2026/08/25 19:29:49.528, 158.65, 100, 4477
2026/08/25 19:29:50.529, 158.31, 98, 4477
2026/08/25 19:29:51.529, 159.23, 100, 4477
2026/08/25 19:29:52.529, 158.32, 99, 4477
2026/08/25 19:29:53.529, 158.16, 98, 4477
2026/08/25 19:29:54.529, 159.32, 100, 4477
2026/08/25 19:29:55.530, 158.40, 98, 4477
2026/08/25 19:29:56.530, 158.58, 99, 4477
2026/08/25 19:29:57.530, 158.52, 100, 4477
2026/08/25 19:29:58.530, 158.45, 98, 4477
2026/08/25 19:29:59.530, 158.78, 100, 4477
2026/08/25 19:30:00.530, 158.51, 100, 4477
2026/08/25 19:30:01.531, 158.16, 98, 4477
2026/08/25 19:30:02.531, 158.32, 100, 4477
2026/08/25 19:30:03.531, 158.62, 100, 4477
2026/08/25 19:30:04.531, 157.99, 98, 4477
2026/08/25 19:30:05.531, 158.60, 100, 4477
2026/08/25 19:30:06.531, 158.63, 100, 4477
2026/08/25 19:30:07.532, 158.63, 98, 4477
2026/08/25 19:30:08.532, 158.72, 100, 4477
2026/08/25 19:30:09.532, 158.42, 100, 4477
2026/08/25 19:30:10.532, 157.64, 98, 4477
2026/08/25 19:30:11.532, 158.29, 100, 4477
2026/08/25 19:30:12.532, 158.41, 100, 4477
2026/08/25 19:30:13.533, 156.62, 98, 4477
2026/08/25 19:30:14.533, 158.15, 100, 4477
2026/08/25 19:30:15.533, 158.52, 100, 4477
2026/08/25 19:30:16.533, 157.81, 98, 4477
2026/08/25 19:30:17.533, 158.18, 100, 4477
2026/08/25 19:30:18.534, 157.07, 100, 4477
2026/08/25 19:30:19.534, 157.79, 98, 4477
2026/08/25 19:30:20.534, 158.48, 100, 4477
2026/08/25 19:30:21.534, 158.54, 100, 4477
2026/08/25 19:30:22.534, 158.03, 98, 4477
2026/08/25 19:30:23.543, 158.54, 100, 4477
2026/08/25 19:30:24.543, 158.40, 100, 4477
2026/08/25 19:30:25.543, 158.59, 98, 4477
2026/08/25 19:30:26.543, 159.22, 100, 4477
2026/08/25 19:30:27.544, 158.41, 100, 4477
2026/08/25 19:30:28.544, 157.71, 98, 4477
2026/08/25 19:30:29.544, 158.95, 100, 4477
2026/08/25 19:30:30.544, 158.14, 99, 4477
2026/08/25 19:30:31.544, 157.95, 98, 4477
2026/08/25 19:30:32.544, 158.38, 100, 4477
2026/08/25 19:30:33.545, 158.50, 98, 4477
2026/08/25 19:30:34.545, 158.27, 99, 4477
2026/08/25 19:30:35.545, 158.77, 100, 4477
2026/08/25 19:30:36.545, 158.65, 98, 4477
2026/08/25 19:30:37.545, 158.64, 100, 4477
2026/08/25 19:30:38.545, 157.19, 100, 4477
2026/08/25 19:30:39.546, 157.82, 98, 4477
2026/08/25 19:30:40.546, 158.74, 100, 4477
2026/08/25 19:30:41.546, 158.21, 100, 4477
2026/08/25 19:30:42.546, 157.84, 98, 4477
2026/08/25 19:30:43.546, 158.53, 100, 4477
2026/08/25 19:30:44.546, 157.37, 100, 4477
2026/08/25 19:30:45.547, 157.83, 98, 4477
2026/08/25 19:30:46.547, 158.35, 100, 4477
2026/08/25 19:30:47.547, 158.25, 100, 4477
2026/08/25 19:30:48.547, 157.99, 98, 4477
2026/08/25 19:30:49.547, 157.40, 100, 4477
2026/08/25 19:30:50.547, 158.57, 100, 4477
2026/08/25 19:30:51.548, 157.92, 98, 4477
2026/08/25 19:30:52.548, 158.24, 100, 4477
2026/08/25 19:30:53.548, 158.38, 100, 4477
2026/08/25 19:30:54.548, 157.32, 98, 4477
2026/08/25 19:30:55.548, 159.09, 100, 4477
2026/08/25 19:30:56.549, 158.50, 100, 4477
2026/08/25 19:30:57.549, 159.37, 99, 4477
2026/08/25 19:30:58.549, 163.79, 100, 4477
2026/08/25 19:30:59.557, 163.60, 100, 4477
2026/08/25 19:31:00.558, 163.69, 100, 4477
2026/08/25 19:31:01.558, 163.52, 100, 4477
2026/08/25 19:31:02.558, 163.61, 99, 4477
2026/08/25 19:31:03.558, 163.62, 100, 4477
2026/08/25 19:31:04.558, 163.71, 99, 4477
2026/08/25 19:31:05.558, 163.54, 100, 4477
2026/08/25 19:31:06.559, 163.74, 100, 4477
2026/08/25 19:31:07.559, 163.77, 100, 4477
2026/08/25 19:31:08.559, 163.66, 100, 4477
2026/08/25 19:31:09.559, 163.74, 100, 4477
2026/08/25 19:31:10.559, 163.73, 100, 4477
2026/08/25 19:31:11.559, 163.65, 100, 4477
2026/08/25 19:31:12.560, 163.94, 100, 4477
2026/08/25 19:31:13.560, 163.83, 100, 4477
2026/08/25 19:31:14.560, 163.91, 100, 4477
2026/08/25 19:31:15.560, 163.62, 100, 4477
2026/08/25 19:31:16.560, 163.75, 99, 4477
2026/08/25 19:31:17.560, 163.65, 100, 4477
2026/08/25 19:31:18.560, 163.79, 100, 4477
2026/08/25 19:31:19.561, 163.65, 99, 4477
2026/08/25 19:31:20.561, 164.00, 100, 4477
2026/08/25 19:31:21.561, 164.09, 100, 4477
2026/08/25 19:31:22.561, 163.75, 100, 4477
2026/08/25 19:31:23.561, 163.94, 99, 4477
2026/08/25 19:31:24.561, 163.54, 99, 4477
2026/08/25 19:31:25.562, 163.78, 99, 4477
2026/08/25 19:31:26.562, 163.88, 99, 4477
2026/08/25 19:31:27.562, 155.83, 100, 4477
2026/08/25 19:31:28.562, 158.44, 98, 4477
2026/08/25 19:31:29.562, 158.62, 100, 4477
2026/08/25 19:31:30.563, 158.54, 100, 4477
2026/08/25 19:31:31.563, 158.30, 98, 4477
2026/08/25 19:31:32.563, 158.58, 100, 4477
2026/08/25 19:31:33.563, 158.59, 100, 4477
2026/08/25 19:31:34.563, 158.06, 98, 4477
2026/08/25 19:31:35.563, 158.56, 100, 4477
2026/08/25 19:31:36.564, 158.68, 100, 4477
2026/08/25 19:31:37.564, 158.63, 98, 4477
2026/08/25 19:31:38.564, 158.82, 100, 4477
2026/08/25 19:31:39.564, 158.62, 100, 4477
2026/08/25 19:31:40.564, 157.83, 98, 4477
2026/08/25 19:31:41.565, 158.46, 100, 4477
2026/08/25 19:31:42.565, 158.52, 100, 4477
2026/08/25 19:31:43.565, 158.10, 98, 4477
2026/08/25 19:31:44.565, 158.54, 100, 4477
2026/08/25 19:31:45.565, 158.71, 100, 4477
2026/08/25 19:31:46.565, 158.62, 98, 4477
2026/08/25 19:31:47.566, 158.55, 100, 4477
2026/08/25 19:31:48.566, 158.62, 100, 4477
2026/08/25 19:31:49.574, 158.10, 98, 4477
2026/08/25 19:31:50.575, 158.52, 100, 4477
2026/08/25 19:31:51.575, 158.46, 100, 4477
2026/08/25 19:31:52.575, 158.04, 98, 4477
2026/08/25 19:31:53.575, 158.54, 100, 4477
2026/08/25 19:31:54.575, 158.46, 100, 4477
2026/08/25 19:31:55.576, 158.01, 98, 4477
2026/08/25 19:31:56.576, 158.71, 100, 4477
2026/08/25 19:31:57.576, 158.48, 100, 4477
2026/08/25 19:31:58.576, 157.77, 98, 4477
2026/08/25 19:31:59.576, 158.24, 100, 4477
2026/08/25 19:32:00.576, 158.47, 100, 4477
2026/08/25 19:32:01.577, 158.66, 98, 4477
2026/08/25 19:32:02.577, 158.54, 100, 4477
2026/08/25 19:32:03.577, 158.40, 100, 4477
2026/08/25 19:32:04.577, 157.77, 98, 4477
2026/08/25 19:32:05.577, 158.47, 100, 4477
2026/08/25 19:32:06.577, 158.49, 99, 4477
2026/08/25 19:32:07.578, 158.00, 98, 4477
2026/08/25 19:32:08.578, 158.53, 100, 4477
2026/08/25 19:32:09.578, 158.33, 98, 4477
2026/08/25 19:32:10.578, 158.41, 99, 4477
2026/08/25 19:32:11.578, 158.39, 100, 4477
2026/08/25 19:32:12.579, 158.40, 98, 4477
2026/08/25 19:32:13.579, 158.31, 100, 4477
2026/08/25 19:32:14.579, 157.37, 100, 4477
2026/08/25 19:32:15.579, 158.43, 98, 4477
2026/08/25 19:32:16.579, 158.36, 100, 4477
2026/08/25 19:32:17.580, 158.37, 100, 4477
2026/08/25 19:32:18.580, 158.04, 98, 4477
2026/08/25 19:32:19.580, 158.54, 100, 4477
2026/08/25 19:32:20.580, 157.05, 100, 4477
2026/08/25 19:32:21.580, 157.90, 98, 4477
2026/08/25 19:32:22.580, 158.39, 100, 4477
2026/08/25 19:32:23.581, 158.18, 100, 4477
2026/08/25 19:32:24.581, 157.61, 97, 4477
2026/08/25 19:32:25.581, 157.11, 100, 4477
2026/08/25 19:32:26.581, 158.25, 100, 4477
2026/08/25 19:32:27.581, 157.69, 98, 4477
2026/08/25 19:32:28.581, 158.12, 100, 4477
2026/08/25 19:32:29.582, 158.04, 100, 4477
2026/08/25 19:32:30.582, 157.64, 98, 4477
2026/08/25 19:32:31.582, 158.90, 100, 4477
2026/08/25 19:32:32.582, 158.10, 99, 4477
2026/08/25 19:32:33.582, 157.96, 98, 4477
2026/08/25 19:32:34.582, 158.69, 100, 4477
2026/08/25 19:32:35.582, 158.30, 98, 4477
2026/08/25 19:32:36.583, 158.34, 99, 4477
2026/08/25 19:32:37.583, 158.10, 100, 4477
2026/08/25 19:32:38.583, 157.60, 98, 4477
2026/08/25 19:32:39.583, 157.89, 100, 4477
2026/08/25 19:32:40.583, 158.18, 100, 4477
2026/08/25 19:32:41.583, 157.94, 98, 4477
2026/08/25 19:32:42.584, 158.06, 100, 4477
2026/08/25 19:32:43.584, 158.37, 100, 4477
2026/08/25 19:32:44.584, 157.71, 98, 4477
2026/08/25 19:32:45.584, 158.11, 100, 4477
2026/08/25 19:32:46.584, 158.31, 100, 4477
2026/08/25 19:32:47.584, 157.66, 97, 4477
2026/08/25 19:32:48.585, 157.92, 100, 4477
2026/08/25 19:32:49.585, 158.07, 100, 4477
2026/08/25 19:32:50.585, 157.70, 98, 4477
2026/08/25 19:32:51.585, 158.04, 100, 4477
2026/08/25 19:32:52.585, 158.08, 100, 4477
2026/08/25 19:32:53.585, 157.75, 98, 4477
2026/08/25 19:32:54.586, 158.25, 100, 4477
2026/08/25 19:32:55.586, 158.09, 100, 4477
2026/08/25 19:32:56.586, 157.54, 98, 4477
2026/08/25 19:32:57.586, 158.63, 100, 4477
2026/08/25 19:32:58.586, 158.35, 100, 4477
2026/08/25 19:32:59.586, 157.57, 98, 4477
2026/08/25 19:33:00.587, 158.67, 100, 4477
2026/08/25 19:33:01.587, 158.28, 100, 4477
2026/08/25 19:33:02.587, 157.61, 98, 4477
2026/08/25 19:33:03.587, 158.29, 100, 4477
2026/08/25 19:33:04.587, 158.16, 100, 4477
2026/08/25 19:33:05.587, 157.61, 97, 4477
2026/08/25 19:33:06.588, 158.30, 100, 4477
2026/08/25 19:33:07.588, 158.22, 100, 4477
2026/08/25 19:33:08.588, 157.57, 98, 4477
2026/08/25 19:33:09.588, 158.16, 100, 4477
2026/08/25 19:33:10.588, 158.09, 100, 4477
2026/08/25 19:33:11.588, 157.84, 98, 4477
2026/08/25 19:33:12.589, 159.16, 100, 4477
2026/08/25 19:33:13.589, 158.12, 99, 4477
2026/08/25 19:33:14.589, 158.15, 98, 4477
2026/08/25 19:33:15.589, 158.44, 100, 4477
2026/08/25 19:33:16.589, 158.06, 98, 4477
2026/08/25 19:33:17.589, 158.31, 100, 4477
2026/08/25 19:33:18.589, 158.28, 100, 4477
2026/08/25 19:33:19.590, 157.84, 98, 4477
2026/08/25 19:33:20.590, 157.15, 100, 4477
2026/08/25 19:33:21.590, 158.22, 100, 4477
2026/08/25 19:33:22.590, 157.92, 98, 4477
2026/08/25 19:33:23.590, 157.93, 100, 4477
2026/08/25 19:33:24.590, 158.09, 100, 4477
2026/08/25 19:33:25.591, 156.52, 98, 4477
2026/08/25 19:33:26.591, 157.95, 100, 4477
2026/08/25 19:33:27.591, 158.33, 100, 4477
2026/08/25 19:33:28.591, 157.46, 98, 4477
2026/08/25 19:33:29.591, 157.99, 100, 4477
2026/08/25 19:33:30.591, 158.02, 100, 4477
2026/08/25 19:33:31.592, 157.35, 98, 4477
2026/08/25 19:33:32.592, 158.64, 100, 4477
2026/08/25 19:33:33.592, 158.16, 100, 4477
2026/08/25 19:33:34.592, 157.38, 98, 4477
2026/08/25 19:33:35.592, 158.18, 100, 4477
2026/08/25 19:33:36.592, 158.12, 100, 4477
2026/08/25 19:33:37.593, 157.76, 98, 4477
2026/08/25 19:33:38.593, 158.29, 100, 4477
2026/08/25 19:33:39.593, 158.35, 100, 4477
2026/08/25 19:33:40.593, 158.35, 98, 4477
2026/08/25 19:33:41.593, 158.87, 100, 4477
2026/08/25 19:33:42.594, 158.15, 100, 4477
2026/08/25 19:33:43.594, 157.98, 98, 4477
2026/08/25 19:33:44.594, 158.88, 100, 4477
2026/08/25 19:33:45.594, 158.16, 98, 4477
2026/08/25 19:33:46.594, 158.01, 98, 4477
2026/08/25 19:33:47.594, 158.59, 100, 4477
2026/08/25 19:33:48.595, 158.02, 98, 4477
2026/08/25 19:33:49.595, 158.25, 99, 4477
2026/08/25 19:33:50.595, 158.16, 100, 4477
2026/08/25 19:33:51.595, 157.65, 98, 4477
2026/08/25 19:33:52.595, 158.13, 100, 4477
2026/08/25 19:33:53.595, 158.12, 100, 4477
2026/08/25 19:33:54.596, 158.10, 98, 4477
2026/08/25 19:33:55.596, 158.16, 100, 4477
2026/08/25 19:33:56.596, 158.17, 100, 4477
2026/08/25 19:33:57.596, 158.25, 98, 4477
2026/08/25 19:33:58.596, 158.51, 100, 4477
2026/08/25 19:33:59.596, 158.42, 100, 4477
2026/08/25 19:34:00.597, 157.96, 98, 4477
2026/08/25 19:34:01.597, 158.26, 100, 4477
2026/08/25 19:34:02.597, 158.39, 100, 4477
2026/08/25 19:34:03.597, 158.12, 98, 4477
2026/08/25 19:34:04.597, 158.58, 100, 4477
2026/08/25 19:34:05.598, 158.11, 100, 4477
2026/08/25 19:34:06.598, 157.59, 98, 4477
2026/08/25 19:34:07.598, 158.08, 100, 4477
2026/08/25 19:34:08.598, 158.29, 100, 4477
2026/08/25 19:34:09.598, 157.70, 98, 4477
2026/08/25 19:34:10.598, 158.73, 100, 4477
2026/08/25 19:34:11.599, 158.26, 100, 4477
2026/08/25 19:34:12.599, 157.80, 98, 4477
2026/08/25 19:34:13.599, 158.43, 100, 4477
2026/08/25 19:34:14.599, 158.41, 100, 4477
2026/08/25 19:34:15.599, 157.93, 98, 4477
2026/08/25 19:34:16.599, 158.50, 100, 4477
2026/08/25 19:34:17.600, 158.29, 100, 4477
2026/08/25 19:34:18.600, 157.70, 98, 4477
2026/08/25 19:34:19.600, 158.95, 100, 4477
2026/08/25 19:34:20.600, 158.44, 100, 4477
2026/08/25 19:34:21.600, 158.54, 98, 4477
2026/08/25 19:34:22.601, 158.32, 100, 4477
2026/08/25 19:34:23.601, 157.57, 100, 4477
2026/08/25 19:34:24.601, 158.54, 98, 4477
2026/08/25 19:34:25.601, 159.29, 100, 4477
2026/08/25 19:34:26.601, 158.21, 100, 4477
2026/08/25 19:34:27.601, 157.71, 98, 4477
2026/08/25 19:34:28.602, 158.33, 100, 4477
2026/08/25 19:34:29.602, 158.32, 99, 4477
2026/08/25 19:34:30.602, 157.73, 98, 4477
2026/08/25 19:34:31.602, 158.83, 100, 4477
2026/08/25 19:34:32.602, 158.38, 98, 4477
2026/08/25 19:34:33.602, 158.08, 99, 4477
2026/08/25 19:34:34.602, 158.68, 100, 4477
2026/08/25 19:34:35.603, 158.26, 98, 4477
2026/08/25 19:34:36.603, 158.31, 100, 4477
2026/08/25 19:34:37.603, 158.18, 100, 4477
2026/08/25 19:34:38.603, 157.21, 98, 4477
2026/08/25 19:34:39.603, 158.54, 100, 4477
2026/08/25 19:34:40.604, 158.15, 100, 4477
2026/08/25 19:34:41.604, 157.60, 98, 4477
2026/08/25 19:34:42.604, 157.93, 100, 4477
2026/08/25 19:34:43.604, 158.10, 100, 4477
2026/08/25 19:34:44.604, 157.64, 98, 4477
2026/08/25 19:34:45.604, 158.02, 100, 4477
2026/08/25 19:34:46.605, 158.04, 100, 4477
2026/08/25 19:34:47.605, 157.46, 98, 4477
2026/08/25 19:34:48.605, 157.83, 100, 4477
2026/08/25 19:34:49.605, 157.88, 100, 4477
2026/08/25 19:34:50.605, 157.30, 97, 4477
2026/08/25 19:34:51.605, 157.80, 100, 4477
2026/08/25 19:34:52.605, 158.00, 100, 4477
2026/08/25 19:34:53.606, 157.23, 98, 4477
2026/08/25 19:34:54.606, 157.94, 100, 4477
2026/08/25 19:34:55.606, 158.11, 100, 4477
2026/08/25 19:34:56.606, 157.46, 98, 4477
2026/08/25 19:34:57.606, 158.15, 100, 4477
2026/08/25 19:34:58.606, 158.02, 100, 4477
2026/08/25 19:34:59.607, 157.69, 98, 4477
2026/08/25 19:35:00.607, 158.77, 100, 4477
2026/08/25 19:35:01.607, 157.77, 99, 4477
2026/08/25 19:35:02.607, 157.87, 98, 4477
2026/08/25 19:35:03.607, 158.83, 100, 4477
2026/08/25 19:35:04.607, 158.10, 98, 4477
2026/08/25 19:35:05.608, 157.98, 99, 4477
2026/08/25 19:35:06.608, 158.08, 100, 4477
2026/08/25 19:35:07.608, 157.90, 98, 4477
2026/08/25 19:35:08.608, 158.24, 100, 4477
2026/08/25 19:35:09.608, 158.07, 100, 4477
2026/08/25 19:35:10.608, 158.01, 98, 4477
2026/08/25 19:35:11.609, 158.50, 100, 4477
2026/08/25 19:35:12.609, 158.08, 100, 4477
2026/08/25 19:35:13.609, 157.71, 98, 4477
2026/08/25 19:35:14.609, 158.38, 100, 4477
2026/08/25 19:35:15.609, 158.12, 100, 4477
2026/08/25 19:35:16.610, 157.46, 98, 4477
2026/08/25 19:35:17.610, 158.07, 100, 4477
2026/08/25 19:35:18.610, 157.98, 100, 4477
2026/08/25 19:35:19.610, 157.64, 98, 4477
2026/08/25 19:35:20.611, 157.99, 100, 4477
2026/08/25 19:35:21.611, 157.95, 100, 4477
2026/08/25 19:35:22.611, 157.35, 98, 4477
2026/08/25 19:35:23.611, 157.77, 100, 4477
2026/08/25 19:35:24.611, 158.19, 100, 4477
2026/08/25 19:35:25.612, 157.55, 99, 4477
2026/08/25 19:35:26.612, 158.02, 100, 4477
2026/08/25 19:35:27.612, 158.04, 100, 4477
2026/08/25 19:35:28.612, 157.39, 98, 4477
2026/08/25 19:35:29.612, 158.06, 100, 4477
2026/08/25 19:35:30.613, 158.02, 100, 4477
2026/08/25 19:35:31.613, 157.98, 98, 4477
2026/08/25 19:35:32.613, 157.79, 100, 4477
2026/08/25 19:35:33.613, 158.06, 100, 4477
2026/08/25 19:35:34.613, 157.27, 98, 4477
2026/08/25 19:35:35.613, 158.05, 100, 4477
2026/08/25 19:35:36.614, 157.98, 100, 4477
2026/08/25 19:35:37.614, 158.12, 98, 4477
2026/08/25 19:35:38.614, 158.80, 100, 4477
2026/08/25 19:35:39.614, 157.79, 100, 4477
2026/08/25 19:35:40.614, 157.47, 97, 4477
2026/08/25 19:35:41.615, 157.79, 100, 4477
2026/08/25 19:35:42.615, 157.93, 98, 4477
2026/08/25 19:35:43.615, 157.73, 99, 4477
2026/08/25 19:35:44.615, 157.98, 100, 4477
2026/08/25 19:35:45.615, 157.81, 98, 4477
2026/08/25 19:35:46.615, 157.94, 100, 4477
2026/08/25 19:35:47.616, 157.90, 100, 4477
2026/08/25 19:35:48.616, 156.63, 90, 4477
2026/08/25 19:35:49.616, 157.62, 100, 4477
2026/08/25 19:35:50.616, 163.47, 100, 4477
2026/08/25 19:35:51.616, 163.55, 100, 4477
2026/08/25 19:35:52.617, 163.38, 100, 4477
2026/08/25 19:35:53.617, 163.47, 99, 4477
2026/08/25 19:35:54.617, 163.44, 99, 4477
2026/08/25 19:35:55.617, 163.44, 100, 4477
2026/08/25 19:35:56.617, 163.69, 100, 4477
2026/08/25 19:35:57.617, 163.46, 100, 4477
2026/08/25 19:35:58.618, 163.74, 100, 4477
2026/08/25 19:35:59.618, 163.66, 100, 4477
2026/08/25 19:36:00.618, 163.62, 100, 4477
2026/08/25 19:36:01.618, 163.79, 99, 4477
2026/08/25 19:36:02.618, 163.73, 100, 4477
2026/08/25 19:36:03.619, 163.71, 100, 4477
2026/08/25 19:36:04.619, 163.63, 100, 4477
2026/08/25 19:36:05.619, 163.62, 100, 4477
2026/08/25 19:36:06.619, 163.75, 100, 4477
2026/08/25 19:36:07.619, 163.74, 100, 4477
2026/08/25 19:36:08.620, 163.46, 100, 4477
2026/08/25 19:36:09.620, 163.67, 99, 4477
2026/08/25 19:36:10.620, 163.76, 100, 4477
2026/08/25 19:36:11.620, 163.58, 100, 4477
2026/08/25 19:36:12.620, 163.80, 100, 4477
2026/08/25 19:36:13.621, 163.81, 100, 4477
2026/08/25 19:36:14.621, 163.57, 99, 4477
2026/08/25 19:36:15.621, 163.70, 100, 4477
2026/08/25 19:36:16.621, 163.34, 99, 4477
2026/08/25 19:36:17.621, 163.63, 100, 4477
2026/08/25 19:36:18.622, 163.63, 100, 4477
2026/08/25 19:36:19.629, 153.93, 100, 4477
2026/08/25 19:36:20.629, 157.66, 98, 4477
2026/08/25 19:36:21.629, 158.32, 100, 4477
2026/08/25 19:36:22.629, 158.38, 100, 4477
2026/08/25 19:36:23.630, 157.99, 98, 4477
2026/08/25 19:36:24.630, 158.98, 100, 4477
2026/08/25 19:36:25.630, 158.34, 100, 4477
2026/08/25 19:36:26.630, 157.70, 98, 4477
2026/08/25 19:36:27.630, 158.34, 100, 4477
2026/08/25 19:36:28.630, 158.40, 100, 4477
2026/08/25 19:36:29.631, 157.59, 98, 4477
2026/08/25 19:36:30.631, 158.31, 100, 4477
2026/08/25 19:36:31.631, 158.25, 100, 4477
2026/08/25 19:36:32.631, 157.82, 98, 4477
2026/08/25 19:36:33.631, 159.15, 100, 4477
2026/08/25 19:36:34.632, 158.27, 100, 4477
2026/08/25 19:36:35.632, 157.69, 98, 4477
2026/08/25 19:36:36.632, 159.05, 100, 4477
2026/08/25 19:36:37.632, 158.34, 99, 4477
2026/08/25 19:36:38.632, 157.85, 98, 4477
2026/08/25 19:36:39.633, 159.05, 100, 4477
2026/08/25 19:36:40.633, 158.18, 98, 4477
2026/08/25 19:36:41.633, 158.23, 99, 4477
2026/08/25 19:36:42.633, 158.32, 100, 4477
2026/08/25 19:36:43.633, 158.02, 98, 4477
2026/08/25 19:36:44.633, 158.08, 100, 4477
2026/08/25 19:36:45.634, 158.10, 100, 4477
2026/08/25 19:36:46.634, 158.26, 98, 4477
2026/08/25 19:36:47.634, 158.64, 100, 4477
2026/08/25 19:36:48.634, 158.30, 100, 4477
2026/08/25 19:36:49.634, 158.23, 98, 4477
2026/08/25 19:36:50.634, 158.57, 100, 4477
2026/08/25 19:36:51.634, 158.45, 100, 4477
2026/08/25 19:36:52.635, 158.43, 98, 4477
2026/08/25 19:36:53.635, 158.68, 100, 4477
2026/08/25 19:36:54.635, 158.27, 100, 4477
2026/08/25 19:36:55.635, 158.24, 98, 4477
2026/08/25 19:36:56.635, 158.68, 100, 4477
2026/08/25 19:36:57.635, 158.43, 100, 4477
2026/08/25 19:36:58.636, 158.45, 98, 4477
2026/08/25 19:36:59.636, 158.21, 100, 4477
2026/08/25 19:37:00.636, 158.34, 100, 4477
2026/08/25 19:37:01.636, 157.88, 98, 4477
2026/08/25 19:37:02.636, 158.62, 100, 4477
2026/08/25 19:37:03.637, 158.57, 100, 4477
2026/08/25 19:37:04.637, 157.86, 98, 4477
2026/08/25 19:37:05.637, 158.23, 100, 4477
2026/08/25 19:37:06.637, 158.44, 100, 4477
2026/08/25 19:37:07.637, 157.70, 98, 4477
2026/08/25 19:37:08.637, 158.23, 100, 4477
2026/08/25 19:37:09.638, 158.24, 100, 4477
2026/08/25 19:37:10.638, 157.90, 98, 4477
2026/08/25 19:37:11.638, 158.49, 100, 4477
2026/08/25 19:37:12.638, 158.63, 100, 4477
2026/08/25 19:37:13.638, 157.83, 98, 4477
2026/08/25 19:37:14.639, 158.13, 100, 4477
2026/08/25 19:37:15.639, 158.25, 100, 4477
2026/08/25 19:37:16.639, 157.80, 98, 4477
2026/08/25 19:37:17.639, 158.38, 100, 4477
2026/08/25 19:37:18.639, 158.67, 100, 4477
2026/08/25 19:37:19.639, 158.55, 98, 4477
2026/08/25 19:37:20.640, 158.41, 100, 4477
2026/08/25 19:37:21.640, 158.23, 100, 4477
2026/08/25 19:37:22.640, 158.18, 98, 4477
2026/08/25 19:37:23.640, 159.20, 100, 4477
2026/08/25 19:37:24.640, 158.44, 100, 4477
2026/08/25 19:37:25.641, 158.28, 98, 4477
2026/08/25 19:37:26.641, 159.21, 100, 4477
2026/08/25 19:37:27.641, 158.43, 100, 4477
2026/08/25 19:37:28.641, 157.43, 98, 4477
2026/08/25 19:37:29.641, 159.12, 100, 4477
2026/08/25 19:37:30.641, 158.45, 100, 4477
2026/08/25 19:37:31.642, 157.94, 98, 4477
2026/08/25 19:37:32.642, 158.70, 100, 4477
2026/08/25 19:37:33.642, 157.72, 98, 4477
2026/08/25 19:37:34.642, 156.97, 100, 4477
2026/08/25 19:37:35.642, 158.29, 100, 4477
2026/08/25 19:37:36.643, 157.87, 98, 4477
2026/08/25 19:37:37.643, 158.14, 100, 4477
2026/08/25 19:37:38.643, 158.40, 100, 4477
2026/08/25 19:37:39.643, 156.54, 89, 4477
2026/08/25 19:37:40.643, 157.04, 100, 4477
2026/08/25 19:37:41.644, 158.11, 100, 4477
2026/08/25 19:37:42.644, 157.67, 98, 4477
2026/08/25 19:37:43.644, 158.15, 100, 4477
2026/08/25 19:37:44.644, 158.22, 100, 4477
2026/08/25 19:37:45.644, 156.54, 98, 4477
2026/08/25 19:37:46.644, 158.61, 100, 4477
2026/08/25 19:37:47.645, 158.27, 100, 4477
2026/08/25 19:37:48.645, 157.50, 98, 4477
2026/08/25 19:37:49.645, 158.29, 100, 4477
2026/08/25 19:37:50.645, 157.29, 100, 4477
2026/08/25 19:37:51.645, 157.82, 98, 4477
2026/08/25 19:37:52.646, 158.59, 100, 4477
2026/08/25 19:37:53.646, 158.64, 100, 4477
2026/08/25 19:37:54.646, 157.64, 98, 4477
2026/08/25 19:37:55.646, 157.48, 100, 4477
2026/08/25 19:37:56.646, 158.05, 100, 4477
2026/08/25 19:37:57.646, 158.09, 98, 4477
2026/08/25 19:37:58.647, 158.21, 100, 4477
2026/08/25 19:37:59.647, 157.86, 99, 4477
2026/08/25 19:38:00.647, 157.62, 98, 4477
2026/08/25 19:38:01.647, 158.27, 100, 4477
2026/08/25 19:38:02.647, 158.06, 98, 4477
2026/08/25 19:38:03.647, 158.25, 99, 4477
2026/08/25 19:38:04.648, 158.17, 100, 4477
2026/08/25 19:38:05.648, 158.12, 98, 4477
2026/08/25 19:38:06.648, 158.51, 100, 4477
2026/08/25 19:38:07.648, 158.34, 100, 4477
2026/08/25 19:38:08.648, 158.46, 98, 4477
2026/08/25 19:38:09.649, 158.38, 100, 4477
2026/08/25 19:38:10.649, 158.24, 100, 4477
2026/08/25 19:38:11.649, 157.77, 98, 4477
2026/08/25 19:38:12.649, 158.27, 100, 4477
2026/08/25 19:38:13.649, 158.16, 100, 4477
2026/08/25 19:38:14.650, 158.06, 98, 4477
2026/08/25 19:38:15.650, 158.48, 100, 4477
2026/08/25 19:38:16.650, 158.18, 100, 4477
2026/08/25 19:38:17.650, 158.34, 98, 4477
2026/08/25 19:38:18.650, 158.33, 100, 4477
2026/08/25 19:38:19.651, 158.24, 100, 4477
2026/08/25 19:38:20.651, 157.51, 98, 4477
2026/08/25 19:38:21.651, 158.01, 100, 4477
2026/08/25 19:38:22.651, 158.05, 100, 4477
2026/08/25 19:38:23.651, 157.48, 98, 4477
2026/08/25 19:38:24.652, 158.09, 100, 4477
2026/08/25 19:38:25.652, 158.26, 100, 4477
2026/08/25 19:38:26.652, 156.61, 98, 4477
2026/08/25 19:38:27.652, 158.37, 100, 4477
2026/08/25 19:38:28.652, 158.49, 100, 4477
2026/08/25 19:38:29.653, 157.75, 98, 4477
2026/08/25 19:38:30.653, 158.25, 100, 4477
2026/08/25 19:38:31.653, 158.47, 100, 4477
2026/08/25 19:38:32.653, 157.70, 98, 4477
2026/08/25 19:38:33.653, 157.04, 100, 4477
2026/08/25 19:38:34.654, 158.05, 99, 4477
2026/08/25 19:38:35.654, 158.09, 98, 4477
2026/08/25 19:38:36.654, 158.09, 100, 4477
2026/08/25 19:38:37.654, 159.03, 98, 4477
2026/08/25 19:38:38.654, 156.74, 99, 4477
2026/08/25 19:38:39.655, 157.04, 100, 4477
2026/08/25 19:38:40.655, 158.36, 98, 4477
2026/08/25 19:38:41.655, 158.06, 100, 4477
2026/08/25 19:38:42.655, 158.34, 100, 4477
2026/08/25 19:38:43.655, 158.22, 98, 4477
2026/08/25 19:38:44.655, 157.82, 100, 4477
2026/08/25 19:38:45.656, 158.38, 100, 4477
2026/08/25 19:38:46.656, 158.50, 100, 4477
2026/08/25 19:38:47.656, 158.26, 98, 4477
2026/08/25 19:38:48.656, 158.04, 100, 4477
2026/08/25 19:38:49.656, 158.26, 100, 4477
2026/08/25 19:38:50.657, 158.20, 98, 4477
2026/08/25 19:38:51.657, 158.59, 100, 4477
2026/08/25 19:38:52.657, 158.24, 100, 4477
2026/08/25 19:38:53.657, 157.83, 98, 4477
2026/08/25 19:38:54.657, 157.30, 100, 4477
2026/08/25 19:38:55.658, 158.27, 100, 4477
2026/08/25 19:38:56.658, 157.68, 100, 4477
2026/08/25 19:38:57.658, 158.51, 100, 4477
2026/08/25 19:38:58.658, 158.37, 100, 4477
2026/08/25 19:38:59.658, 157.63, 100, 4477
2026/08/25 19:39:00.659, 158.27, 100, 4477
2026/08/25 19:39:01.659, 158.36, 100, 4477
2026/08/25 19:39:02.659, 157.68, 98, 4477
2026/08/25 19:39:03.659, 158.94, 100, 4477
2026/08/25 19:39:04.659, 157.02, 100, 4477
2026/08/25 19:39:05.659, 158.31, 98, 4477
2026/08/25 19:39:06.660, 158.33, 100, 4477
2026/08/25 19:39:07.660, 157.97, 100, 4477
2026/08/25 19:39:08.660, 158.29, 98, 4477
2026/08/25 19:39:09.660, 158.97, 100, 4477
2026/08/25 19:39:10.660, 158.39, 99, 4477
2026/08/25 19:39:11.661, 157.48, 98, 4477
2026/08/25 19:39:12.661, 158.84, 100, 4477
2026/08/25 19:39:13.661, 158.16, 98, 4477
2026/08/25 19:39:14.661, 157.99, 99, 4477
2026/08/25 19:39:15.661, 158.21, 100, 4477
2026/08/25 19:39:16.662, 157.80, 98, 4477
2026/08/25 19:39:17.662, 158.12, 100, 4477
2026/08/25 19:39:18.662, 158.15, 100, 4477
2026/08/25 19:39:19.662, 157.85, 98, 4477
2026/08/25 19:39:20.662, 158.23, 100, 4477
2026/08/25 19:39:21.663, 158.19, 100, 4477
2026/08/25 19:39:22.663, 157.60, 98, 4477
2026/08/25 19:39:23.663, 158.04, 100, 4477
2026/08/25 19:39:24.672, 158.25, 100, 4477
2026/08/25 19:39:25.672, 158.13, 98, 4477
2026/08/25 19:39:26.672, 157.88, 100, 4477
2026/08/25 19:39:27.672, 158.16, 100, 4477
2026/08/25 19:39:28.672, 157.86, 98, 4477
2026/08/25 19:39:29.672, 158.38, 100, 4477
2026/08/25 19:39:30.673, 158.26, 100, 4477
2026/08/25 19:39:31.673, 157.89, 98, 4477
2026/08/25 19:39:32.673, 158.11, 100, 4477
2026/08/25 19:39:33.673, 158.12, 100, 4477
2026/08/25 19:39:34.682, 158.30, 99, 4477
2026/08/25 19:39:35.682, 158.20, 100, 4477
2026/08/25 19:39:36.682, 157.85, 98, 4477
2026/08/25 19:39:37.682, 158.13, 100, 4477
2026/08/25 19:39:38.682, 158.13, 100, 4477
2026/08/25 19:39:39.683, 158.20, 98, 4477
2026/08/25 19:39:40.683, 158.01, 100, 4477
2026/08/25 19:39:41.683, 158.35, 100, 4477
2026/08/25 19:39:42.683, 158.01, 98, 4477
2026/08/25 19:39:43.683, 158.04, 100, 4477
2026/08/25 19:39:44.684, 158.07, 100, 4477
2026/08/25 19:39:45.684, 157.44, 98, 4477
2026/08/25 19:39:46.684, 158.19, 100, 4477
2026/08/25 19:39:47.684, 158.62, 100, 4477
2026/08/25 19:39:48.684, 157.83, 98, 4477
2026/08/25 19:39:49.684, 158.20, 100, 4477
2026/08/25 19:39:50.685, 158.21, 100, 4477
2026/08/25 19:39:51.685, 157.87, 98, 4477
2026/08/25 19:39:52.685, 158.03, 100, 4477
2026/08/25 19:39:53.685, 158.39, 100, 4477
2026/08/25 19:39:54.685, 157.83, 98, 4477
2026/08/25 19:39:55.686, 158.22, 100, 4477
2026/08/25 19:39:56.686, 158.15, 100, 4477
2026/08/25 19:39:57.686, 157.70, 98, 4477
2026/08/25 19:39:58.686, 158.41, 100, 4477
2026/08/25 19:39:59.686, 158.33, 100, 4477
2026/08/25 19:40:00.687, 158.04, 98, 4477
2026/08/25 19:40:01.687, 158.16, 100, 4477
2026/08/25 19:40:02.687, 158.38, 100, 4477
2026/08/25 19:40:03.687, 157.62, 98, 4477
2026/08/25 19:40:04.687, 158.26, 100, 4477
2026/08/25 19:40:05.687, 158.30, 100, 4477
2026/08/25 19:40:06.688, 157.63, 98, 4477
2026/08/25 19:40:07.688, 158.28, 100, 4477
2026/08/25 19:40:08.688, 158.12, 100, 4477
2026/08/25 19:40:09.688, 157.61, 98, 4477
2026/08/25 19:40:10.688, 158.18, 100, 4477
2026/08/25 19:40:11.688, 158.04, 100, 4477
2026/08/25 19:40:12.689, 158.18, 98, 4477
2026/08/25 19:40:13.689, 158.94, 100, 4477
2026/08/25 19:40:14.689, 158.31, 99, 4477
2026/08/25 19:40:15.689, 157.78, 98, 4477
2026/08/25 19:40:16.689, 159.09, 100, 4477
2026/08/25 19:40:17.689, 158.26, 98, 4477
2026/08/25 19:40:18.690, 158.27, 98, 4477
2026/08/25 19:40:19.690, 158.35, 100, 4477
2026/08/25 19:40:20.690, 158.22, 98, 4477
2026/08/25 19:40:21.690, 158.18, 100, 4477
2026/08/25 19:40:22.690, 158.25, 100, 4477
2026/08/25 19:40:23.690, 158.16, 98, 4477
2026/08/25 19:40:24.691, 157.24, 100, 4477
2026/08/25 19:40:25.691, 158.19, 100, 4477
2026/08/25 19:40:26.691, 158.38, 98, 4477
2026/08/25 19:40:27.691, 158.47, 100, 4477
2026/08/25 19:40:28.691, 158.30, 100, 4477
2026/08/25 19:40:29.691, 156.61, 98, 4477
2026/08/25 19:40:30.692, 158.45, 100, 4477
2026/08/25 19:40:31.692, 158.14, 100, 4477
2026/08/25 19:40:32.692, 157.85, 98, 4477
2026/08/25 19:40:33.692, 158.27, 100, 4477
2026/08/25 19:40:34.692, 157.03, 100, 4477
2026/08/25 19:40:35.692, 157.56, 98, 4477
2026/08/25 19:40:36.693, 158.17, 100, 4477
2026/08/25 19:40:37.693, 158.41, 100, 4477
2026/08/25 19:40:38.693, 157.59, 98, 4477
2026/08/25 19:40:39.693, 158.18, 100, 4477
2026/08/25 19:40:40.693, 157.16, 100, 4477
2026/08/25 19:40:41.693, 159.35, 99, 4477
2026/08/25 19:40:42.694, 163.85, 99, 4477
2026/08/25 19:40:43.694, 163.69, 100, 4477
2026/08/25 19:40:44.694, 163.80, 100, 4477
2026/08/25 19:40:45.694, 163.78, 100, 4477
2026/08/25 19:40:46.694, 163.58, 100, 4477
2026/08/25 19:40:47.694, 163.88, 100, 4477
2026/08/25 19:40:48.695, 163.78, 99, 4477
2026/08/25 19:40:49.695, 163.77, 100, 4477
2026/08/25 19:40:50.695, 163.91, 100, 4477
2026/08/25 19:40:51.695, 163.85, 100, 4477
2026/08/25 19:40:52.695, 163.99, 100, 4477
2026/08/25 19:40:53.695, 163.81, 100, 4477
2026/08/25 19:40:54.696, 163.81, 100, 4477
2026/08/25 19:40:55.696, 163.85, 100, 4477
2026/08/25 19:40:56.696, 163.93, 100, 4477
2026/08/25 19:40:57.696, 163.79, 100, 4477
2026/08/25 19:40:58.697, 164.02, 100, 4477
2026/08/25 19:40:59.697, 163.93, 100, 4477
2026/08/25 19:41:00.697, 163.57, 100, 4477
2026/08/25 19:41:01.698, 163.87, 99, 4477
2026/08/25 19:41:02.698, 163.65, 99, 4477
2026/08/25 19:41:03.698, 163.73, 100, 4477
2026/08/25 19:41:04.698, 163.82, 99, 4477
2026/08/25 19:41:05.698, 163.78, 100, 4477
2026/08/25 19:41:06.698, 164.05, 100, 4477
2026/08/25 19:41:07.699, 164.08, 100, 4477
2026/08/25 19:41:08.699, 163.99, 99, 4477
2026/08/25 19:41:09.699, 163.93, 99, 4477
2026/08/25 19:41:10.699, 159.55, 69, 4477
2026/08/25 19:41:11.699, 154.97, 100, 4477
2026/08/25 19:41:12.699, 158.40, 100, 4477
2026/08/25 19:41:13.700, 157.70, 98, 4477
2026/08/25 19:41:14.700, 158.87, 100, 4477
2026/08/25 19:41:15.700, 158.27, 100, 4477
2026/08/25 19:41:16.700, 157.29, 98, 4477
2026/08/25 19:41:17.700, 158.14, 100, 4477
2026/08/25 19:41:18.700, 158.42, 100, 4477
2026/08/25 19:41:19.701, 157.67, 98, 4477
2026/08/25 19:41:20.709, 157.26, 100, 4477
2026/08/25 19:41:21.709, 157.81, 98, 4477
2026/08/25 19:41:22.709, 158.30, 100, 4477
2026/08/25 19:41:23.709, 158.45, 100, 4477
2026/08/25 19:41:24.710, 157.95, 98, 4477
2026/08/25 19:41:25.710, 158.46, 100, 4477
2026/08/25 19:41:26.710, 158.22, 100, 4477
2026/08/25 19:41:27.710, 157.79, 98, 4477
2026/08/25 19:41:28.710, 158.54, 100, 4477
2026/08/25 19:41:29.710, 158.47, 100, 4477
2026/08/25 19:41:30.711, 158.43, 98, 4477
2026/08/25 19:41:31.711, 158.37, 100, 4477
2026/08/25 19:41:32.711, 158.42, 100, 4477
2026/08/25 19:41:33.711, 157.41, 98, 4477
2026/08/25 19:41:34.711, 158.19, 100, 4477
2026/08/25 19:41:35.711, 158.16, 100, 4477
2026/08/25 19:41:36.712, 157.59, 98, 4477
2026/08/25 19:41:37.712, 158.32, 100, 4477
2026/08/25 19:41:38.712, 158.09, 100, 4477
2026/08/25 19:41:39.712, 158.13, 98, 4477
2026/08/25 19:41:40.712, 158.99, 100, 4477
2026/08/25 19:41:41.712, 158.25, 99, 4477
2026/08/25 19:41:42.713, 158.15, 98, 4477
2026/08/25 19:41:43.713, 158.86, 100, 4477
2026/08/25 19:41:44.713, 158.08, 98, 4477
2026/08/25 19:41:45.713, 158.29, 99, 4477
2026/08/25 19:41:46.713, 158.14, 100, 4477
2026/08/25 19:41:47.713, 157.96, 98, 4477
2026/08/25 19:41:48.714, 158.46, 100, 4477
2026/08/25 19:41:49.714, 158.41, 100, 4477
2026/08/25 19:41:50.714, 158.07, 98, 4477
2026/08/25 19:41:51.714, 158.40, 100, 4477
2026/08/25 19:41:52.714, 158.46, 100, 4477
2026/08/25 19:41:53.714, 158.21, 98, 4477
2026/08/25 19:41:54.715, 158.60, 100, 4477
2026/08/25 19:41:55.715, 157.50, 100, 4477
2026/08/25 19:41:56.715, 157.91, 98, 4477
2026/08/25 19:41:57.715, 158.79, 100, 4477
2026/08/25 19:41:58.715, 158.34, 100, 4477
2026/08/25 19:41:59.715, 158.49, 98, 4477
2026/08/25 19:42:00.716, 157.77, 100, 4477
2026/08/25 19:42:01.716, 158.43, 100, 4477
2026/08/25 19:42:02.716, 157.84, 98, 4477
2026/08/25 19:42:03.716, 158.45, 100, 4477
2026/08/25 19:42:04.716, 158.40, 100, 4477
2026/08/25 19:42:05.716, 156.48, 98, 4477
2026/08/25 19:42:06.717, 158.26, 100, 4477
2026/08/25 19:42:07.717, 158.47, 100, 4477
2026/08/25 19:42:08.717, 158.40, 98, 4477
2026/08/25 19:42:09.717, 158.18, 100, 4477
2026/08/25 19:42:10.717, 157.14, 100, 4477
2026/08/25 19:42:11.717, 157.93, 98, 4477
2026/08/25 19:42:12.718, 159.12, 100, 4477
2026/08/25 19:42:13.718, 158.29, 99, 4477
2026/08/25 19:42:14.718, 157.90, 98, 4477
2026/08/25 19:42:15.718, 158.03, 100, 4477
2026/08/25 19:42:16.718, 157.73, 98, 4477
2026/08/25 19:42:17.718, 158.03, 99, 4477
2026/08/25 19:42:18.719, 158.31, 100, 4477
2026/08/25 19:42:19.719, 158.20, 98, 4477
2026/08/25 19:42:20.719, 158.30, 100, 4477
2026/08/25 19:42:21.719, 158.09, 100, 4477
2026/08/25 19:42:22.719, 157.85, 98, 4477
2026/08/25 19:42:23.720, 158.35, 100, 4477
2026/08/25 19:42:24.720, 158.52, 100, 4477
2026/08/25 19:42:25.720, 158.41, 98, 4477
2026/08/25 19:42:26.729, 158.00, 100, 4477
2026/08/25 19:42:27.729, 158.29, 100, 4477
2026/08/25 19:42:28.729, 158.08, 98, 4477
2026/08/25 19:42:29.729, 158.33, 100, 4477
2026/08/25 19:42:30.729, 158.21, 100, 4477
2026/08/25 19:42:31.735, 157.84, 98, 4477
2026/08/25 19:42:32.736, 158.15, 100, 4477
2026/08/25 19:42:33.736, 158.32, 100, 4477
2026/08/25 19:42:34.736, 157.66, 98, 4477
2026/08/25 19:42:35.736, 158.19, 100, 4477
2026/08/25 19:42:36.737, 158.23, 100, 4477
2026/08/25 19:42:37.737, 157.79, 98, 4477
2026/08/25 19:42:38.738, 158.20, 100, 4477
2026/08/25 19:42:39.738, 158.02, 100, 4477
2026/08/25 19:42:40.738, 157.68, 98, 4477
2026/08/25 19:42:41.738, 158.21, 100, 4477
2026/08/25 19:42:42.738, 158.29, 100, 4477
2026/08/25 19:42:43.738, 157.56, 98, 4477
2026/08/25 19:42:44.739, 158.15, 100, 4477
2026/08/25 19:42:45.739, 158.32, 100, 4477
2026/08/25 19:42:46.739, 157.71, 98, 4477
2026/08/25 19:42:47.739, 158.39, 100, 4477
2026/08/25 19:42:48.739, 158.08, 100, 4477
2026/08/25 19:42:49.740, 157.39, 98, 4477
2026/08/25 19:42:50.740, 158.21, 100, 4477
2026/08/25 19:42:51.740, 158.08, 100, 4477
2026/08/25 19:42:52.740, 157.70, 98, 4477
2026/08/25 19:42:53.740, 158.43, 100, 4477
2026/08/25 19:42:54.740, 158.18, 100, 4477
2026/08/25 19:42:55.741, 158.14, 98, 4477
2026/08/25 19:42:56.741, 158.23, 100, 4477
2026/08/25 19:42:57.741, 158.06, 100, 4477
2026/08/25 19:42:58.741, 157.52, 98, 4477
2026/08/25 19:42:59.741, 158.29, 100, 4477
2026/08/25 19:43:00.742, 157.99, 100, 4477
2026/08/25 19:43:01.742, 157.62, 98, 4477
2026/08/25 19:43:02.742, 158.76, 100, 4477
2026/08/25 19:43:03.742, 158.16, 98, 4477
2026/08/25 19:43:04.742, 157.92, 98, 4477
2026/08/25 19:43:05.743, 158.60, 100, 4477
2026/08/25 19:43:06.743, 158.15, 98, 4477
2026/08/25 19:43:07.743, 158.23, 99, 4477
2026/08/25 19:43:08.743, 158.21, 100, 4477
2026/08/25 19:43:09.743, 158.04, 98, 4477
2026/08/25 19:43:10.743, 158.36, 100, 4477
2026/08/25 19:43:11.744, 158.26, 100, 4477
2026/08/25 19:43:12.744, 157.99, 98, 4477
2026/08/25 19:43:13.744, 158.22, 100, 4477
2026/08/25 19:43:14.744, 158.36, 100, 4477
2026/08/25 19:43:15.744, 158.18, 98, 4477
2026/08/25 19:43:16.745, 158.06, 100, 4477
2026/08/25 19:43:17.745, 157.93, 100, 4477
2026/08/25 19:43:18.745, 157.65, 98, 4477
2026/08/25 19:43:19.745, 158.41, 100, 4477
2026/08/25 19:43:20.745, 158.16, 100, 4477
2026/08/25 19:43:21.746, 156.34, 98, 4477
2026/08/25 19:43:22.746, 157.72, 100, 4477
2026/08/25 19:43:23.746, 157.92, 100, 4477
2026/08/25 19:43:24.746, 157.14, 98, 4477
2026/08/25 19:43:25.746, 157.79, 100, 4477
2026/08/25 19:43:26.746, 156.68, 100, 4477
2026/08/25 19:43:27.747, 157.24, 97, 4477
2026/08/25 19:43:28.747, 158.68, 100, 4477
2026/08/25 19:43:29.747, 158.40, 100, 4477
2026/08/25 19:43:30.747, 158.35, 98, 4477
2026/08/25 19:43:31.747, 158.03, 100, 4477
2026/08/25 19:43:32.747, 157.99, 100, 4477
2026/08/25 19:43:33.748, 158.22, 98, 4477
2026/08/25 19:43:34.748, 158.13, 100, 4477
2026/08/25 19:43:35.748, 158.35, 100, 4477
2026/08/25 19:43:36.748, 157.49, 98, 4477
2026/08/25 19:43:37.748, 158.09, 100, 4477
2026/08/25 19:43:38.748, 158.10, 99, 4477
2026/08/25 19:43:39.749, 157.52, 98, 4477
2026/08/25 19:43:40.749, 157.91, 100, 4477
2026/08/25 19:43:41.749, 158.19, 98, 4477
2026/08/25 19:43:42.749, 157.86, 99, 4477
2026/08/25 19:43:43.749, 158.19, 100, 4477
2026/08/25 19:43:44.749, 157.65, 98, 4477
2026/08/25 19:43:45.750, 158.29, 100, 4477
2026/08/25 19:43:46.750, 158.11, 100, 4477
2026/08/25 19:43:47.750, 157.99, 98, 4477
2026/08/25 19:43:48.750, 158.08, 100, 4477
2026/08/25 19:43:49.750, 158.27, 100, 4477
2026/08/25 19:43:50.750, 157.73, 98, 4477
2026/08/25 19:43:51.751, 158.16, 100, 4477
2026/08/25 19:43:52.751, 158.12, 100, 4477
2026/08/25 19:43:53.751, 158.19, 98, 4477
2026/08/25 19:43:54.751, 158.53, 100, 4477
2026/08/25 19:43:55.751, 158.13, 100, 4477
2026/08/25 19:43:56.751, 158.18, 98, 4477
2026/08/25 19:43:57.752, 158.50, 100, 4477
2026/08/25 19:43:58.752, 158.12, 100, 4477
2026/08/25 19:43:59.752, 158.13, 98, 4477
2026/08/25 19:44:00.752, 158.55, 100, 4477
2026/08/25 19:44:01.752, 158.04, 100, 4477
2026/08/25 19:44:02.753, 157.98, 98, 4477
2026/08/25 19:44:03.753, 157.98, 100, 4477
2026/08/25 19:44:04.753, 158.20, 100, 4477
2026/08/25 19:44:05.753, 157.54, 98, 4477
2026/08/25 19:44:06.753, 157.93, 100, 4477
2026/08/25 19:44:07.753, 158.17, 100, 4477
2026/08/25 19:44:08.754, 157.56, 98, 4477
2026/08/25 19:44:09.754, 157.78, 100, 4477
2026/08/25 19:44:10.754, 157.91, 100, 4477
2026/08/25 19:44:11.754, 157.41, 98, 4477
2026/08/25 19:44:12.754, 158.17, 100, 4477
2026/08/25 19:44:13.754, 157.99, 100, 4477
2026/08/25 19:44:14.755, 157.86, 98, 4477
2026/08/25 19:44:15.755, 158.07, 100, 4477
2026/08/25 19:44:16.755, 157.95, 100, 4477
2026/08/25 19:44:17.755, 157.37, 98, 4477
2026/08/25 19:44:18.755, 158.20, 100, 4477
2026/08/25 19:44:19.755, 158.26, 100, 4477
2026/08/25 19:44:20.756, 157.42, 98, 4477
2026/08/25 19:44:21.756, 157.96, 100, 4477
2026/08/25 19:44:22.756, 158.09, 100, 4477
2026/08/25 19:44:23.756, 157.87, 98, 4477
2026/08/25 19:44:24.756, 158.73, 100, 4477
2026/08/25 19:44:25.756, 158.09, 98, 4477
2026/08/25 19:44:26.757, 157.64, 98, 4477
2026/08/25 19:44:27.757, 158.45, 100, 4477
2026/08/25 19:44:28.757, 157.97, 98, 4477
2026/08/25 19:44:29.757, 158.08, 100, 4477
2026/08/25 19:44:30.757, 158.18, 100, 4477
2026/08/25 19:44:31.758, 158.04, 98, 4477
2026/08/25 19:44:32.761, 158.18, 100, 4477
2026/08/25 19:44:33.761, 158.13, 100, 4477
2026/08/25 19:44:34.762, 158.20, 98, 4477
2026/08/25 19:44:35.762, 158.46, 100, 4477
2026/08/25 19:44:36.762, 158.10, 100, 4477
2026/08/25 19:44:37.762, 157.78, 98, 4477
2026/08/25 19:44:38.762, 158.09, 100, 4477
2026/08/25 19:44:39.763, 158.24, 100, 4477
2026/08/25 19:44:40.763, 158.19, 98, 4477
2026/08/25 19:44:41.763, 158.22, 100, 4477
2026/08/25 19:44:42.763, 158.18, 100, 4477
2026/08/25 19:44:43.763, 157.87, 98, 4477
2026/08/25 19:44:44.763, 158.95, 100, 4477
2026/08/25 19:44:45.764, 158.20, 100, 4477
2026/08/25 19:44:46.764, 157.72, 98, 4477
2026/08/25 19:44:47.764, 158.22, 100, 4477
2026/08/25 19:44:48.764, 158.18, 100, 4477
2026/08/25 19:44:49.764, 157.74, 98, 4477
2026/08/25 19:44:50.765, 158.22, 100, 4477
2026/08/25 19:44:51.765, 158.03, 100, 4477
2026/08/25 19:44:52.765, 157.70, 98, 4477
2026/08/25 19:44:53.765, 158.58, 100, 4477
2026/08/25 19:44:54.765, 157.15, 100, 4477
2026/08/25 19:44:55.765, 158.14, 98, 4477
2026/08/25 19:44:56.766, 158.05, 100, 4477
2026/08/25 19:44:57.766, 158.05, 100, 4477
2026/08/25 19:44:58.766, 157.86, 98, 4477
2026/08/25 19:44:59.766, 158.84, 100, 4477
2026/08/25 19:45:00.766, 158.01, 99, 4477
2026/08/25 19:45:01.767, 157.69, 98, 4477
2026/08/25 19:45:02.767, 158.52, 100, 4477
2026/08/25 19:45:03.767, 157.89, 98, 4477
2026/08/25 19:45:04.767, 158.25, 99, 4477
2026/08/25 19:45:05.767, 158.15, 100, 4477
2026/08/25 19:45:06.767, 158.15, 98, 4477
2026/08/25 19:45:07.767, 158.19, 100, 4477
2026/08/25 19:45:08.768, 158.20, 100, 4477
2026/08/25 19:45:09.768, 157.79, 98, 4477
2026/08/25 19:45:10.768, 158.02, 100, 4477
2026/08/25 19:45:11.768, 158.10, 100, 4477
2026/08/25 19:45:12.768, 157.57, 98, 4477
2026/08/25 19:45:13.769, 158.05, 100, 4477
2026/08/25 19:45:14.769, 157.99, 100, 4477
2026/08/25 19:45:15.769, 158.00, 98, 4477
2026/08/25 19:45:16.769, 158.42, 100, 4477
2026/08/25 19:45:17.769, 158.14, 100, 4477
2026/08/25 19:45:18.769, 157.77, 98, 4477
2026/08/25 19:45:19.770, 158.01, 100, 4477
2026/08/25 19:45:20.770, 158.09, 100, 4477
2026/08/25 19:45:21.770, 157.21, 98, 4477
2026/08/25 19:45:22.770, 157.71, 100, 4477
2026/08/25 19:45:23.770, 157.87, 100, 4477
2026/08/25 19:45:24.770, 157.35, 98, 4477
2026/08/25 19:45:25.771, 157.65, 100, 4477
2026/08/25 19:45:26.771, 158.06, 100, 4477
2026/08/25 19:45:27.771, 157.24, 98, 4477
2026/08/25 19:45:28.771, 157.96, 100, 4477
2026/08/25 19:45:29.771, 158.16, 100, 4477
2026/08/25 19:45:30.772, 157.91, 98, 4477
2026/08/25 19:45:31.772, 157.87, 100, 4477
2026/08/25 19:45:32.772, 156.29, 93, 4477
2026/08/25 19:45:33.772, 162.96, 99, 4477
2026/08/25 19:45:34.772, 163.15, 99, 4477
2026/08/25 19:45:35.772, 163.16, 99, 4477
2026/08/25 19:45:36.773, 163.44, 100, 4477
2026/08/25 19:45:37.773, 163.33, 100, 4477
2026/08/25 19:45:38.773, 163.26, 100, 4477
2026/08/25 19:45:39.773, 163.37, 100, 4477
2026/08/25 19:45:40.773, 163.20, 99, 4477
2026/08/25 19:45:41.773, 163.30, 100, 4477
2026/08/25 19:45:42.774, 163.38, 100, 4477
2026/08/25 19:45:43.774, 163.43, 100, 4477
2026/08/25 19:45:44.774, 163.46, 100, 4477
2026/08/25 19:45:45.774, 163.45, 100, 4477
2026/08/25 19:45:46.774, 163.34, 100, 4477
2026/08/25 19:45:47.775, 163.35, 99, 4477
2026/08/25 19:45:48.775, 163.38, 100, 4477
2026/08/25 19:45:49.775, 163.42, 99, 4477
2026/08/25 19:45:50.775, 163.59, 100, 4477
2026/08/25 19:45:51.775, 163.46, 100, 4477
2026/08/25 19:45:52.775, 163.35, 100, 4477
2026/08/25 19:45:53.776, 163.22, 100, 4477
2026/08/25 19:45:54.776, 163.24, 100, 4477
2026/08/25 19:45:55.784, 163.33, 99, 4477
2026/08/25 19:45:56.785, 163.45, 99, 4477
2026/08/25 19:45:57.785, 163.34, 100, 4477
2026/08/25 19:45:58.785, 163.37, 100, 4477
2026/08/25 19:45:59.785, 163.35, 100, 4477
2026/08/25 19:46:00.794, 163.34, 100, 4477
2026/08/25 19:46:01.794, 163.33, 99, 4477
2026/08/25 19:46:02.794, 157.10, 69, 4477
2026/08/25 19:46:03.794, 158.25, 100, 4477
2026/08/25 19:46:04.794, 158.12, 98, 4477
2026/08/25 19:46:05.795, 157.68, 100, 4477
2026/08/25 19:46:06.795, 158.08, 100, 4477
2026/08/25 19:46:07.795, 158.23, 98, 4477
2026/08/25 19:46:08.795, 157.52, 100, 4477
2026/08/25 19:46:09.795, 158.05, 100, 4477
2026/08/25 19:46:10.795, 158.25, 98, 4477
2026/08/25 19:46:11.796, 158.32, 98, 4477
2026/08/25 19:46:12.796, 158.57, 100, 4477
2026/08/25 19:46:13.796, 158.01, 98, 4477
2026/08/25 19:46:14.796, 157.55, 98, 4477
2026/08/25 19:46:15.796, 158.04, 100, 4477
2026/08/25 19:46:16.796, 158.25, 100, 4477
2026/08/25 19:46:17.797, 158.26, 100, 4477
2026/08/25 19:46:18.797, 158.71, 100, 4477
2026/08/25 19:46:19.797, 158.18, 100, 4477
2026/08/25 19:46:20.797, 157.57, 98, 4477
2026/08/25 19:46:21.797, 158.13, 100, 4477
2026/08/25 19:46:22.798, 158.32, 100, 4477
2026/08/25 19:46:23.798, 158.39, 98, 4477
2026/08/25 19:46:24.798, 158.64, 100, 4477
2026/08/25 19:46:25.798, 157.91, 100, 4477
2026/08/25 19:46:26.798, 157.62, 98, 4477
2026/08/25 19:46:27.798, 158.05, 100, 4477
2026/08/25 19:46:28.799, 158.04, 100, 4477
2026/08/25 19:46:29.799, 157.61, 98, 4477
2026/08/25 19:46:30.799, 157.65, 100, 4477
2026/08/25 19:46:31.799, 158.28, 100, 4477
2026/08/25 19:46:32.799, 158.02, 98, 4477
2026/08/25 19:46:33.799, 158.21, 100, 4477
2026/08/25 19:46:34.800, 158.05, 100, 4477
2026/08/25 19:46:35.800, 156.65, 99, 4477
2026/08/25 19:46:36.800, 157.96, 100, 4477
2026/08/25 19:46:37.800, 157.51, 98, 4477
2026/08/25 19:46:38.800, 157.90, 100, 4477
2026/08/25 19:46:39.801, 158.10, 100, 4477
2026/08/25 19:46:40.801, 156.65, 98, 4477
2026/08/25 19:46:41.801, 157.94, 100, 4477
2026/08/25 19:46:42.801, 158.15, 100, 4477
2026/08/25 19:46:43.801, 157.84, 97, 4477
2026/08/25 19:46:44.801, 158.01, 100, 4477
2026/08/25 19:46:45.802, 156.74, 100, 4477
2026/08/25 19:46:46.802, 157.52, 98, 4477
2026/08/25 19:46:47.802, 158.06, 100, 4477
2026/08/25 19:46:48.802, 158.31, 100, 4477
2026/08/25 19:46:49.802, 157.54, 98, 4477
2026/08/25 19:46:50.802, 158.29, 100, 4477
2026/08/25 19:46:51.803, 157.91, 100, 4477
2026/08/25 19:46:52.803, 157.87, 98, 4477
2026/08/25 19:46:53.803, 157.97, 100, 4477
2026/08/25 19:46:54.803, 157.97, 100, 4477
2026/08/25 19:46:55.803, 156.89, 94, 4477
2026/08/25 19:46:56.803, 157.38, 100, 4477
2026/08/25 19:46:57.804, 157.91, 100, 4477
2026/08/25 19:46:58.804, 157.51, 98, 4477
2026/08/25 19:46:59.804, 157.95, 100, 4477
2026/08/25 19:47:00.804, 158.10, 100, 4477
2026/08/25 19:47:01.804, 157.60, 98, 4477
2026/08/25 19:47:02.805, 157.93, 100, 4477
2026/08/25 19:47:03.805, 157.71, 97, 4477
2026/08/25 19:47:04.805, 157.94, 99, 4477
2026/08/25 19:47:05.805, 157.96, 100, 4477
2026/08/25 19:47:06.805, 157.74, 98, 4477
2026/08/25 19:47:07.806, 157.85, 100, 4477
2026/08/25 19:47:08.806, 157.85, 100, 4477
2026/08/25 19:47:09.806, 157.54, 98, 4477
2026/08/25 19:47:10.806, 158.12, 100, 4477
2026/08/25 19:47:11.806, 157.94, 100, 4477
2026/08/25 19:47:12.806, 157.66, 98, 4477
2026/08/25 19:47:13.807, 157.87, 100, 4477
2026/08/25 19:47:14.807, 157.83, 100, 4477
2026/08/25 19:47:15.807, 157.58, 98, 4477
2026/08/25 19:47:16.807, 158.03, 100, 4477
2026/08/25 19:47:17.807, 158.14, 100, 4477
2026/08/25 19:47:18.808, 157.87, 97, 4477
2026/08/25 19:47:19.808, 158.51, 100, 4477
2026/08/25 19:47:20.808, 158.10, 100, 4477
2026/08/25 19:47:21.808, 157.61, 98, 4477
2026/08/25 19:47:22.808, 158.00, 100, 4477
2026/08/25 19:47:23.808, 157.97, 100, 4477
2026/08/25 19:47:24.808, 157.20, 98, 4477
2026/08/25 19:47:25.809, 158.36, 100, 4477
2026/08/25 19:47:26.809, 157.99, 100, 4477
2026/08/25 19:47:27.809, 157.38, 98, 4477
2026/08/25 19:47:28.809, 158.30, 100, 4477
2026/08/25 19:47:29.809, 158.18, 100, 4477
2026/08/25 19:47:30.810, 157.34, 98, 4477
2026/08/25 19:47:31.810, 158.14, 100, 4477
2026/08/25 19:47:32.810, 158.19, 100, 4477
2026/08/25 19:47:33.810, 157.30, 98, 4477
2026/08/25 19:47:34.810, 157.99, 100, 4477
2026/08/25 19:47:35.810, 157.96, 100, 4477
2026/08/25 19:47:36.811, 157.40, 98, 4477
2026/08/25 19:47:37.811, 158.02, 100, 4477
2026/08/25 19:47:38.811, 157.90, 99, 4477
2026/08/25 19:47:39.811, 157.61, 98, 4477
2026/08/25 19:47:40.811, 158.06, 100, 4477
2026/08/25 19:47:41.820, 157.99, 98, 4477
2026/08/25 19:47:42.820, 157.99, 99, 4477
2026/08/25 19:47:43.820, 158.06, 100, 4477
2026/08/25 19:47:44.821, 158.03, 98, 4477
2026/08/25 19:47:45.821, 158.02, 100, 4477
2026/08/25 19:47:46.821, 158.03, 100, 4477
2026/08/25 19:47:47.821, 157.83, 98, 4477
2026/08/25 19:47:48.821, 158.07, 100, 4477
2026/08/25 19:47:49.822, 158.40, 100, 4477
2026/08/25 19:47:50.822, 157.68, 98, 4477
2026/08/25 19:47:51.822, 157.98, 100, 4477
2026/08/25 19:47:52.822, 158.03, 100, 4477
2026/08/25 19:47:53.822, 157.61, 98, 4477
2026/08/25 19:47:54.822, 157.92, 100, 4477
2026/08/25 19:47:55.823, 158.23, 100, 4477
2026/08/25 19:47:56.823, 157.86, 98, 4477
2026/08/25 19:47:57.823, 157.96, 100, 4477
2026/08/25 19:47:58.823, 158.20, 100, 4477
2026/08/25 19:47:59.823, 157.54, 98, 4477
2026/08/25 19:48:00.824, 157.81, 100, 4477
2026/08/25 19:48:01.824, 157.85, 100, 4477
2026/08/25 19:48:02.824, 157.28, 98, 4477
2026/08/25 19:48:03.824, 157.66, 100, 4477
2026/08/25 19:48:04.824, 157.91, 100, 4477
2026/08/25 19:48:05.824, 157.42, 97, 4477
2026/08/25 19:48:06.825, 156.93, 100, 4477
2026/08/25 19:48:07.825, 157.99, 100, 4477
2026/08/25 19:48:08.825, 157.48, 98, 4477
2026/08/25 19:48:09.825, 158.10, 100, 4477
2026/08/25 19:48:10.825, 157.97, 100, 4477
2026/08/25 19:48:11.825, 158.01, 98, 4477
2026/08/25 19:48:12.826, 158.73, 100, 4477
2026/08/25 19:48:13.826, 158.05, 100, 4477
2026/08/25 19:48:14.826, 157.27, 98, 4477
2026/08/25 19:48:15.826, 158.12, 100, 4477
2026/08/25 19:48:16.826, 156.52, 98, 4477
2026/08/25 19:48:17.827, 157.95, 99, 4477
2026/08/25 19:48:18.827, 158.17, 100, 4477
2026/08/25 19:48:19.827, 157.96, 98, 4477
2026/08/25 19:48:20.827, 158.21, 100, 4477
2026/08/25 19:48:21.827, 158.21, 100, 4477
2026/08/25 19:48:22.827, 156.59, 89, 4477
2026/08/25 19:48:23.828, 156.85, 100, 4477
2026/08/25 19:48:24.828, 157.81, 100, 4477
2026/08/25 19:48:25.828, 158.06, 98, 4477
2026/08/25 19:48:26.828, 157.88, 100, 4477
2026/08/25 19:48:27.828, 157.97, 100, 4477
2026/08/25 19:48:28.828, 157.85, 98, 4477
2026/08/25 19:48:29.829, 157.67, 100, 4477
2026/08/25 19:48:30.829, 157.82, 100, 4477
2026/08/25 19:48:31.829, 157.99, 98, 4477
2026/08/25 19:48:32.829, 158.39, 100, 4477
2026/08/25 19:48:33.829, 158.08, 100, 4477
2026/08/25 19:48:34.830, 157.40, 98, 4477
2026/08/25 19:48:35.830, 157.93, 100, 4477
2026/08/25 19:48:36.830, 158.24, 100, 4477
2026/08/25 19:48:37.830, 157.49, 98, 4477
2026/08/25 19:48:38.830, 157.88, 100, 4477
2026/08/25 19:48:39.830, 157.76, 100, 4477
2026/08/25 19:48:40.830, 158.02, 98, 4477
2026/08/25 19:48:41.831, 158.18, 100, 4477
2026/08/25 19:48:42.831, 158.04, 100, 4477
2026/08/25 19:48:43.831, 157.16, 98, 4477
2026/08/25 19:48:44.831, 157.69, 100, 4477
2026/08/25 19:48:45.831, 157.98, 100, 4477
2026/08/25 19:48:46.832, 157.92, 98, 4477
2026/08/25 19:48:47.832, 157.93, 100, 4477
2026/08/25 19:48:48.832, 158.07, 100, 4477
2026/08/25 19:48:49.832, 157.52, 98, 4477
2026/08/25 19:48:50.832, 157.89, 100, 4477
2026/08/25 19:48:51.832, 157.73, 100, 4477
2026/08/25 19:48:52.833, 157.23, 98, 4477
2026/08/25 19:48:53.833, 157.93, 100, 4477
2026/08/25 19:48:54.833, 157.60, 98, 4477
2026/08/25 19:48:55.833, 157.48, 98, 4477
2026/08/25 19:48:56.833, 158.09, 100, 4477
2026/08/25 19:48:57.834, 157.87, 98, 4477
2026/08/25 19:48:58.834, 158.00, 100, 4477
2026/08/25 19:48:59.834, 158.04, 100, 4477
2026/08/25 19:49:00.834, 156.50, 97, 4477
2026/08/25 19:49:01.834, 158.23, 100, 4477
2026/08/25 19:49:02.834, 157.95, 100, 4477
2026/08/25 19:49:03.835, 157.63, 98, 4477
2026/08/25 19:49:04.835, 157.93, 100, 4477
2026/08/25 19:49:05.835, 156.79, 100, 4477
2026/08/25 19:49:06.835, 157.19, 98, 4477
2026/08/25 19:49:07.835, 157.76, 100, 4477
2026/08/25 19:49:08.836, 157.91, 100, 4477
2026/08/25 19:49:09.836, 157.59, 98, 4477
2026/08/25 19:49:10.836, 157.97, 100, 4477
2026/08/25 19:49:11.836, 158.05, 100, 4477
2026/08/25 19:49:12.836, 158.07, 98, 4477
2026/08/25 19:49:13.836, 158.32, 100, 4477
2026/08/25 19:49:14.837, 157.75, 100, 4477
2026/08/25 19:49:15.837, 156.14, 98, 4477
2026/08/25 19:49:16.837, 158.15, 100, 4477
2026/08/25 19:49:17.837, 157.75, 100, 4477
2026/08/25 19:49:18.837, 157.76, 98, 4477
2026/08/25 19:49:19.837, 157.76, 100, 4477
2026/08/25 19:49:20.838, 156.76, 97, 4477
2026/08/25 19:49:21.838, 157.36, 98, 4477
2026/08/25 19:49:22.838, 157.91, 100, 4477
2026/08/25 19:49:23.838, 157.71, 98, 4477
2026/08/25 19:49:24.838, 157.56, 98, 4477
2026/08/25 19:49:25.839, 158.29, 100, 4477
2026/08/25 19:49:26.839, 157.88, 98, 4477
2026/08/25 19:49:27.839, 157.52, 100, 4477
2026/08/25 19:49:28.839, 157.91, 100, 4477
2026/08/25 19:49:29.839, 158.02, 98, 4477
2026/08/25 19:49:30.839, 158.09, 100, 4477
2026/08/25 19:49:31.840, 156.82, 100, 4477
2026/08/25 19:49:32.840, 157.46, 98, 4477
2026/08/25 19:49:33.840, 158.09, 100, 4477
2026/08/25 19:49:34.840, 157.94, 100, 4477
2026/08/25 19:49:35.840, 157.23, 98, 4477
2026/08/25 19:49:36.841, 157.70, 100, 4477
2026/08/25 19:49:37.841, 157.72, 100, 4477
2026/08/25 19:49:38.841, 157.06, 98, 4477
2026/08/25 19:49:39.841, 158.07, 100, 4477
2026/08/25 19:49:40.841, 157.76, 100, 4477
2026/08/25 19:49:41.841, 157.42, 98, 4477
2026/08/25 19:49:42.842, 158.03, 100, 4477
2026/08/25 19:49:43.842, 157.75, 100, 4477
2026/08/25 19:49:44.842, 157.87, 98, 4477
2026/08/25 19:49:45.842, 157.79, 100, 4477
2026/08/25 19:49:46.842, 156.71, 100, 4477
2026/08/25 19:49:47.843, 157.60, 98, 4477
2026/08/25 19:49:48.843, 158.10, 100, 4477
2026/08/25 19:49:49.843, 157.81, 100, 4477
2026/08/25 19:49:50.843, 157.17, 98, 4477
2026/08/25 19:49:51.843, 156.71, 100, 4477
2026/08/25 19:49:52.843, 157.63, 99, 4477
2026/08/25 19:49:53.844, 157.33, 98, 4477
2026/08/25 19:49:54.844, 158.36, 100, 4477
2026/08/25 19:49:55.844, 157.52, 98, 4477
2026/08/25 19:49:56.844, 156.76, 100, 4477
2026/08/25 19:49:57.844, 158.01, 100, 4477
2026/08/25 19:49:58.844, 157.23, 98, 4477
2026/08/25 19:49:59.845, 157.63, 100, 4477
2026/08/25 19:50:00.845, 157.97, 100, 4477
2026/08/25 19:50:01.845, 157.15, 98, 4477
2026/08/25 19:50:02.845, 157.44, 100, 4477
2026/08/25 19:50:03.845, 157.60, 100, 4477
2026/08/25 19:50:04.846, 157.87, 98, 4477
2026/08/25 19:50:05.846, 157.64, 100, 4477
2026/08/25 19:50:06.846, 156.51, 100, 4477
2026/08/25 19:50:07.846, 157.37, 98, 4477
2026/08/25 19:50:08.846, 157.92, 100, 4477
2026/08/25 19:50:09.847, 157.82, 100, 4477
2026/08/25 19:50:10.847, 157.03, 98, 4477
2026/08/25 19:50:11.847, 158.07, 100, 4477
2026/08/25 19:50:12.847, 157.90, 100, 4477
2026/08/25 19:50:13.847, 157.21, 98, 4477
2026/08/25 19:50:14.847, 157.71, 100, 4477
2026/08/25 19:50:15.848, 157.83, 100, 4477
2026/08/25 19:50:16.848, 156.17, 90, 4477
2026/08/25 19:50:17.848, 156.96, 100, 4477
2026/08/25 19:50:18.848, 157.89, 100, 4477
2026/08/25 19:50:19.848, 157.08, 98, 4477
2026/08/25 19:50:20.849, 157.70, 100, 4477
2026/08/25 19:50:21.849, 157.70, 99, 4477
2026/08/25 19:50:22.849, 157.33, 98, 4477
2026/08/25 19:50:23.849, 158.29, 100, 4477
2026/08/25 19:50:24.849, 155.90, 87, 4477
2026/08/25 19:50:25.849, 161.09, 100, 4477
2026/08/25 19:50:26.850, 163.16, 99, 4477
2026/08/25 19:50:27.850, 163.03, 99, 4477
2026/08/25 19:50:28.850, 163.32, 100, 4477
2026/08/25 19:50:29.850, 163.26, 100, 4477
2026/08/25 19:50:30.850, 163.02, 100, 4477
2026/08/25 19:50:31.850, 163.18, 100, 4477
2026/08/25 19:50:32.851, 163.18, 100, 4477
2026/08/25 19:50:33.851, 163.21, 99, 4477
2026/08/25 19:50:34.851, 163.45, 100, 4477
2026/08/25 19:50:35.851, 163.33, 100, 4477
2026/08/25 19:50:36.851, 163.24, 100, 4477
2026/08/25 19:50:37.851, 163.47, 100, 4477
2026/08/25 19:50:38.852, 163.36, 100, 4477
2026/08/25 19:50:39.852, 163.44, 100, 4477
2026/08/25 19:50:40.852, 163.42, 100, 4477
2026/08/25 19:50:41.852, 163.36, 100, 4477
2026/08/25 19:50:42.852, 163.58, 100, 4477
2026/08/25 19:50:43.853, 163.46, 100, 4477
2026/08/25 19:50:44.853, 163.08, 99, 4477
2026/08/25 19:50:45.853, 163.35, 100, 4477
2026/08/25 19:50:46.853, 163.39, 99, 4477
2026/08/25 19:50:47.853, 163.50, 100, 4477
2026/08/25 19:50:48.853, 163.60, 100, 4477
2026/08/25 19:50:49.854, 163.30, 100, 4477
2026/08/25 19:50:50.854, 163.73, 100, 4477
2026/08/25 19:50:51.854, 163.70, 100, 4477
2026/08/25 19:50:52.863, 163.39, 100, 4477
2026/08/25 19:50:53.863, 163.45, 100, 4477
2026/08/25 19:50:54.863, 161.27, 83, 4477
2026/08/25 19:50:55.863, 153.01, 100, 4477
2026/08/25 19:50:56.863, 157.65, 98, 4477
2026/08/25 19:50:57.864, 158.11, 100, 4477
2026/08/25 19:50:58.864, 158.08, 100, 4477
2026/08/25 19:50:59.864, 157.72, 98, 4477
2026/08/25 19:51:00.864, 158.05, 100, 4477
2026/08/25 19:51:01.864, 158.29, 100, 4477
2026/08/25 19:51:02.864, 157.57, 98, 4477
2026/08/25 19:51:03.865, 158.34, 100, 4477
2026/08/25 19:51:04.865, 158.04, 100, 4477
2026/08/25 19:51:05.865, 156.25, 98, 4477
2026/08/25 19:51:06.865, 158.02, 100, 4477
2026/08/25 19:51:07.865, 157.98, 100, 4477
2026/08/25 19:51:08.866, 157.25, 98, 4477
2026/08/25 19:51:09.866, 157.74, 100, 4477
2026/08/25 19:51:10.866, 156.90, 98, 4477
2026/08/25 19:51:11.866, 157.64, 98, 4477
2026/08/25 19:51:12.866, 158.31, 100, 4477
2026/08/25 19:51:13.866, 157.96, 98, 4477
2026/08/25 19:51:14.867, 157.99, 100, 4477
2026/08/25 19:51:15.867, 156.88, 100, 4477
2026/08/25 19:51:16.867, 157.70, 98, 4477
2026/08/25 19:51:17.867, 158.13, 100, 4477
2026/08/25 19:51:18.867, 158.02, 100, 4477
2026/08/25 19:51:19.867, 157.37, 98, 4477
2026/08/25 19:51:20.868, 157.80, 100, 4477
2026/08/25 19:51:21.868, 157.93, 100, 4477
2026/08/25 19:51:22.868, 157.70, 98, 4477
2026/08/25 19:51:23.868, 158.37, 100, 4477
2026/08/25 19:51:24.868, 157.87, 100, 4477
2026/08/25 19:51:25.869, 157.99, 98, 4477
2026/08/25 19:51:26.869, 157.25, 100, 4477
2026/08/25 19:51:27.869, 158.03, 100, 4477
2026/08/25 19:51:28.869, 158.10, 98, 4477
2026/08/25 19:51:29.869, 157.86, 100, 4477
2026/08/25 19:51:30.870, 157.60, 100, 4477
2026/08/25 19:51:31.870, 157.08, 98, 4477
2026/08/25 19:51:32.870, 157.65, 100, 4477
2026/08/25 19:51:33.870, 157.64, 100, 4477
2026/08/25 19:51:34.870, 157.05, 98, 4477
2026/08/25 19:51:35.870, 156.77, 100, 4477
2026/08/25 19:51:36.871, 157.45, 98, 4477
2026/08/25 19:51:37.871, 157.68, 98, 4477
2026/08/25 19:51:38.871, 158.09, 100, 4477
2026/08/25 19:51:39.871, 157.32, 98, 4477
2026/08/25 19:51:40.871, 157.66, 100, 4477
2026/08/25 19:51:41.872, 157.61, 100, 4477
2026/08/25 19:51:42.872, 157.50, 98, 4477
2026/08/25 19:51:43.872, 157.61, 100, 4477
2026/08/25 19:51:44.872, 157.60, 100, 4477
2026/08/25 19:51:45.872, 157.18, 98, 4477
2026/08/25 19:51:46.873, 157.48, 100, 4477
2026/08/25 19:51:47.873, 157.92, 100, 4477
2026/08/25 19:51:48.873, 157.67, 98, 4477
2026/08/25 19:51:49.873, 157.87, 100, 4477
2026/08/25 19:51:50.873, 157.73, 100, 4477
2026/08/25 19:51:51.874, 157.71, 98, 4477
2026/08/25 19:51:52.874, 158.25, 100, 4477
2026/08/25 19:51:53.874, 157.93, 100, 4477
2026/08/25 19:51:54.874, 157.32, 98, 4477
2026/08/25 19:51:55.874, 157.46, 100, 4477
2026/08/25 19:51:56.875, 157.85, 100, 4477
2026/08/25 19:51:57.875, 155.99, 89, 4477
2026/08/25 19:51:58.875, 156.88, 100, 4477
2026/08/25 19:51:59.875, 157.87, 100, 4477
2026/08/25 19:52:00.875, 157.05, 98, 4477
2026/08/25 19:52:01.875, 158.58, 100, 4477
2026/08/25 19:52:02.876, 157.90, 100, 4477
2026/08/25 19:52:03.876, 157.38, 98, 4477
2026/08/25 19:52:04.876, 157.80, 100, 4477
2026/08/25 19:52:05.876, 156.68, 89, 4477
2026/08/25 19:52:06.876, 156.70, 100, 4477
2026/08/25 19:52:07.877, 158.05, 100, 4477
2026/08/25 19:52:08.877, 157.61, 98, 4477
2026/08/25 19:52:09.877, 157.70, 100, 4477
2026/08/25 19:52:10.877, 157.61, 100, 4477
2026/08/25 19:52:11.877, 157.17, 98, 4477
2026/08/25 19:52:12.878, 157.75, 100, 4477
2026/08/25 19:52:13.878, 157.95, 100, 4477
2026/08/25 19:52:14.878, 157.20, 98, 4477
2026/08/25 19:52:15.878, 158.09, 100, 4477
2026/08/25 19:52:16.878, 157.94, 100, 4477
2026/08/25 19:52:17.879, 157.17, 98, 4477
2026/08/25 19:52:18.879, 157.70, 100, 4477
2026/08/25 19:52:19.879, 158.08, 100, 4477
2026/08/25 19:52:20.879, 157.32, 98, 4477
2026/08/25 19:52:21.879, 157.77, 100, 4477
2026/08/25 19:52:22.880, 157.63, 100, 4477
2026/08/25 19:52:23.880, 157.60, 98, 4477
2026/08/25 19:52:24.880, 157.57, 100, 4477
2026/08/25 19:52:25.880, 157.54, 100, 4477
2026/08/25 19:52:26.880, 157.10, 98, 4477
2026/08/25 19:52:27.881, 157.68, 100, 4477
2026/08/25 19:52:28.881, 157.49, 100, 4477
2026/08/25 19:52:29.881, 157.31, 98, 4477
2026/08/25 19:52:30.881, 158.47, 100, 4477
2026/08/25 19:52:31.881, 157.54, 98, 4477
2026/08/25 19:52:32.881, 157.80, 99, 4477
2026/08/25 19:52:33.882, 157.64, 100, 4477
2026/08/25 19:52:34.882, 157.29, 98, 4477
2026/08/25 19:52:35.882, 156.73, 100, 4477
2026/08/25 19:52:36.882, 157.50, 100, 4477
2026/08/25 19:52:37.882, 157.30, 98, 4477
2026/08/25 19:52:38.883, 157.83, 100, 4477
2026/08/25 19:52:39.883, 157.80, 100, 4477
2026/08/25 19:52:40.883, 156.47, 89, 4477
2026/08/25 19:52:41.883, 156.87, 100, 4477
2026/08/25 19:52:42.883, 157.89, 100, 4477
2026/08/25 19:52:43.884, 157.29, 98, 4477
2026/08/25 19:52:44.884, 157.71, 100, 4477
2026/08/25 19:52:45.884, 157.95, 100, 4477
2026/08/25 19:52:46.884, 157.67, 98, 4477
2026/08/25 19:52:47.884, 158.20, 100, 4477
2026/08/25 19:52:48.884, 158.10, 100, 4477
2026/08/25 19:52:49.885, 157.43, 97, 4477
2026/08/25 19:52:50.885, 157.83, 100, 4477
2026/08/25 19:52:51.885, 158.09, 100, 4477
2026/08/25 19:52:52.885, 157.57, 98, 4477
2026/08/25 19:52:53.885, 158.05, 100, 4477
2026/08/25 19:52:54.886, 157.70, 100, 4477
2026/08/25 19:52:55.886, 157.84, 98, 4477
2026/08/25 19:52:56.886, 158.09, 100, 4477
2026/08/25 19:52:57.886, 156.49, 90, 4477
2026/08/25 19:52:58.886, 156.76, 100, 4477
2026/08/25 19:52:59.886, 157.86, 100, 4477
2026/08/25 19:53:00.887, 157.50, 98, 4477
2026/08/25 19:53:01.887, 157.98, 100, 4477
2026/08/25 19:53:02.887, 158.05, 100, 4477
2026/08/25 19:53:03.887, 157.41, 98, 4477
2026/08/25 19:53:04.887, 157.87, 100, 4477
2026/08/25 19:53:05.888, 156.76, 100, 4477
2026/08/25 19:53:06.888, 158.10, 98, 4477
2026/08/25 19:53:07.888, 158.24, 100, 4477
2026/08/25 19:53:08.888, 157.82, 100, 4477
2026/08/25 19:53:09.888, 157.53, 98, 4477
2026/08/25 19:53:10.888, 158.07, 100, 4477
2026/08/25 19:53:11.889, 157.85, 100, 4477
2026/08/25 19:53:12.889, 157.34, 97, 4477
2026/08/25 19:53:13.889, 157.78, 100, 4477
2026/08/25 19:53:14.889, 157.63, 100, 4477
2026/08/25 19:53:15.889, 157.18, 98, 4477
2026/08/25 19:53:16.890, 157.77, 100, 4477
2026/08/25 19:53:17.890, 157.77, 100, 4477
2026/08/25 19:53:18.890, 157.86, 98, 4477
2026/08/25 19:53:19.890, 158.30, 100, 4477
2026/08/25 19:53:20.890, 157.66, 100, 4477
2026/08/25 19:53:21.890, 157.16, 98, 4477
2026/08/25 19:53:22.891, 157.90, 100, 4477
2026/08/25 19:53:23.891, 158.16, 100, 4477
2026/08/25 19:53:24.891, 157.35, 97, 4477
2026/08/25 19:53:25.891, 158.05, 100, 4477
2026/08/25 19:53:26.891, 157.62, 99, 4477
2026/08/25 19:53:27.892, 157.57, 94, 4477
2026/08/25 19:53:28.892, 157.60, 100, 4477
2026/08/25 19:53:29.892, 157.76, 98, 4477
2026/08/25 19:53:30.892, 158.28, 100, 4477
2026/08/25 19:53:31.892, 158.28, 100, 4477
2026/08/25 19:53:32.893, 157.96, 98, 4477
2026/08/25 19:53:33.893, 157.94, 100, 4477
2026/08/25 19:53:34.893, 157.97, 100, 4477
2026/08/25 19:53:35.893, 158.13, 98, 4477
2026/08/25 19:53:36.893, 156.85, 100, 4477
2026/08/25 19:53:37.894, 158.07, 100, 4477
2026/08/25 19:53:38.894, 157.88, 98, 4477
2026/08/25 19:53:39.894, 157.80, 100, 4477
2026/08/25 19:53:40.894, 158.08, 100, 4477
2026/08/25 19:53:41.894, 156.63, 89, 4477
2026/08/25 19:53:42.895, 156.95, 100, 4477
2026/08/25 19:53:43.895, 157.84, 100, 4477
2026/08/25 19:53:44.895, 157.72, 98, 4477
2026/08/25 19:53:45.895, 157.53, 100, 4477
2026/08/25 19:53:46.895, 157.72, 100, 4477
2026/08/25 19:53:47.895, 157.73, 100, 4477
2026/08/25 19:53:48.896, 156.96, 98, 4477
2026/08/25 19:53:49.896, 157.54, 100, 4477
2026/08/25 19:53:50.896, 157.90, 100, 4477
2026/08/25 19:53:51.896, 156.98, 98, 4477
2026/08/25 19:53:52.896, 157.63, 100, 4477
2026/08/25 19:53:53.897, 157.66, 100, 4477
2026/08/25 19:53:54.897, 157.10, 98, 4477
2026/08/25 19:53:55.897, 157.71, 100, 4477
2026/08/25 19:53:56.897, 157.64, 98, 4477
2026/08/25 19:53:57.897, 157.79, 99, 4477
2026/08/25 19:53:58.897, 156.77, 100, 4477
2026/08/25 19:53:59.898, 157.62, 98, 4477
2026/08/25 19:54:00.898, 157.72, 100, 4477
2026/08/25 19:54:01.898, 157.95, 100, 4477
2026/08/25 19:54:02.898, 157.92, 98, 4477
2026/08/25 19:54:03.898, 158.16, 100, 4477
2026/08/25 19:54:04.899, 157.91, 100, 4477
2026/08/25 19:54:05.899, 158.03, 98, 4477
2026/08/25 19:54:06.899, 157.20, 100, 4477
2026/08/25 19:54:07.899, 157.72, 100, 4477
2026/08/25 19:54:08.899, 157.11, 98, 4477
2026/08/25 19:54:09.899, 157.79, 100, 4477
2026/08/25 19:54:10.900, 157.90, 100, 4477
2026/08/25 19:54:11.900, 157.37, 98, 4477
2026/08/25 19:54:12.900, 157.99, 100, 4477
2026/08/25 19:54:13.900, 158.14, 100, 4477
2026/08/25 19:54:14.900, 157.49, 98, 4477
2026/08/25 19:54:15.901, 157.82, 100, 4477
2026/08/25 19:54:16.901, 158.10, 100, 4477
2026/08/25 19:54:17.901, 157.51, 98, 4477
2026/08/25 19:54:18.901, 157.90, 100, 4477
2026/08/25 19:54:19.901, 157.80, 100, 4477
2026/08/25 19:54:20.901, 157.25, 98, 4477
2026/08/25 19:54:21.902, 158.02, 100, 4477
2026/08/25 19:54:22.902, 158.03, 99, 4477
2026/08/25 19:54:23.902, 157.55, 98, 4477
2026/08/25 19:54:24.902, 158.40, 100, 4477
2026/08/25 19:54:25.902, 157.48, 98, 4477
2026/08/25 19:54:26.903, 157.55, 100, 4477
2026/08/25 19:54:27.903, 158.01, 100, 4477
2026/08/25 19:54:28.903, 156.51, 89, 4477
2026/08/25 19:54:29.903, 156.89, 100, 4477
2026/08/25 19:54:30.903, 157.92, 100, 4477
2026/08/25 19:54:31.904, 157.48, 98, 4477
2026/08/25 19:54:32.904, 157.96, 100, 4477
2026/08/25 19:54:33.904, 157.96, 100, 4477
2026/08/25 19:54:34.904, 157.38, 98, 4477
2026/08/25 19:54:35.904, 157.75, 100, 4477
2026/08/25 19:54:36.905, 157.77, 100, 4477
2026/08/25 19:54:37.905, 157.61, 98, 4477
2026/08/25 19:54:38.905, 157.82, 100, 4477
2026/08/25 19:54:39.905, 157.93, 100, 4477
2026/08/25 19:54:40.905, 157.12, 98, 4477
2026/08/25 19:54:41.905, 156.57, 100, 4477
2026/08/25 19:54:42.906, 157.69, 100, 4477
2026/08/25 19:54:43.906, 157.55, 98, 4477
2026/08/25 19:54:44.906, 158.76, 100, 4477
2026/08/25 19:54:45.906, 158.06, 100, 4477
2026/08/25 19:54:46.906, 157.36, 98, 4477
2026/08/25 19:54:47.906, 157.88, 100, 4477
2026/08/25 19:54:48.907, 157.89, 100, 4477
2026/08/25 19:54:49.907, 157.25, 98, 4477
2026/08/25 19:54:50.907, 157.91, 100, 4477
2026/08/25 19:54:51.907, 157.71, 100, 4477
2026/08/25 19:54:52.907, 158.05, 98, 4477
2026/08/25 19:54:53.907, 157.97, 100, 4477
2026/08/25 19:54:54.908, 157.98, 100, 4477
2026/08/25 19:54:55.908, 157.51, 98, 4477
2026/08/25 19:54:56.908, 157.94, 100, 4477
2026/08/25 19:54:57.908, 157.61, 98, 4477
2026/08/25 19:54:58.908, 157.07, 100, 4477
2026/08/25 19:54:59.909, 157.81, 100, 4477
2026/08/25 19:55:00.909, 157.68, 98, 4477
2026/08/25 19:55:01.909, 158.24, 100, 4477
2026/08/25 19:55:02.909, 158.01, 100, 4477
2026/08/25 19:55:03.909, 157.46, 98, 4477
2026/08/25 19:55:04.910, 157.97, 100, 4477
2026/08/25 19:55:05.910, 158.02, 100, 4477
2026/08/25 19:55:06.910, 157.56, 98, 4477
2026/08/25 19:55:07.910, 157.24, 100, 4477
2026/08/25 19:55:08.910, 157.95, 100, 4477
2026/08/25 19:55:09.910, 157.63, 98, 4477
2026/08/25 19:55:10.911, 158.04, 100, 4477
2026/08/25 19:55:11.911, 157.79, 100, 4477
2026/08/25 19:55:12.911, 157.31, 98, 4477
2026/08/25 19:55:13.911, 157.88, 100, 4477
2026/08/25 19:55:14.911, 158.10, 100, 4477
2026/08/25 19:55:15.911, 157.51, 98, 4477
2026/08/25 19:55:16.912, 158.00, 100, 4477
2026/08/25 19:55:17.912, 160.48, 100, 4477
2026/08/25 19:55:18.912, 163.50, 100, 4477
2026/08/25 19:55:19.912, 163.30, 99, 4477
2026/08/25 19:55:20.912, 163.68, 100, 4477
2026/08/25 19:55:21.912, 163.58, 100, 4477
2026/08/25 19:55:22.913, 163.71, 100, 4477
2026/08/25 19:55:23.913, 163.45, 99, 4477
2026/08/25 19:55:24.913, 163.33, 99, 4477
2026/08/25 19:55:25.913, 163.40, 99, 4477
2026/08/25 19:55:26.913, 163.48, 99, 4477
2026/08/25 19:55:27.914, 163.69, 100, 4477
2026/08/25 19:55:28.914, 163.60, 100, 4477
2026/08/25 19:55:29.914, 163.60, 100, 4477
2026/08/25 19:55:30.914, 163.41, 100, 4477
2026/08/25 19:55:31.914, 163.37, 99, 4477
2026/08/25 19:55:32.914, 163.43, 99, 4477
2026/08/25 19:55:33.915, 163.47, 99, 4477
2026/08/25 19:55:34.915, 163.64, 100, 4477
2026/08/25 19:55:35.915, 163.62, 100, 4477
2026/08/25 19:55:36.915, 163.55, 100, 4477
2026/08/25 19:55:37.915, 163.74, 99, 4477
2026/08/25 19:55:38.916, 163.54, 98, 4477
2026/08/25 19:55:39.916, 163.69, 100, 4477
2026/08/25 19:55:40.916, 163.79, 100, 4477
2026/08/25 19:55:41.916, 163.58, 100, 4477
2026/08/25 19:55:42.916, 163.65, 100, 4477
2026/08/25 19:55:43.916, 163.88, 100, 4477
2026/08/25 19:55:44.917, 163.59, 99, 4477
2026/08/25 19:55:45.917, 163.75, 99, 4477
2026/08/25 19:55:46.917, 163.62, 99, 4477
2026/08/25 19:55:47.917, 152.85, 100, 4477
2026/08/25 19:55:48.917, 158.29, 100, 4477
2026/08/25 19:55:49.917, 157.70, 98, 4477
2026/08/25 19:55:50.918, 158.04, 100, 4477
2026/08/25 19:55:51.918, 158.51, 100, 4477
2026/08/25 19:55:52.918, 157.59, 98, 4477
2026/08/25 19:55:53.918, 158.43, 100, 4477
2026/08/25 19:55:54.918, 158.33, 100, 4477
2026/08/25 19:55:55.918, 157.81, 98, 4477
2026/08/25 19:55:56.919, 158.16, 100, 4477
2026/08/25 19:55:57.919, 158.03, 100, 4477
2026/08/25 19:55:58.919, 157.57, 98, 4477
2026/08/25 19:55:59.919, 156.82, 100, 4477
2026/08/25 19:56:00.919, 158.00, 100, 4477
2026/08/25 19:56:01.920, 157.52, 98, 4477
2026/08/25 19:56:02.920, 158.17, 100, 4477
2026/08/25 19:56:03.920, 157.89, 100, 4477
2026/08/25 19:56:04.920, 157.34, 98, 4477
2026/08/25 19:56:05.920, 158.00, 100, 4477
2026/08/25 19:56:06.920, 157.89, 100, 4477
2026/08/25 19:56:07.921, 157.43, 98, 4477
2026/08/25 19:56:08.921, 157.08, 100, 4477
2026/08/25 19:56:09.921, 157.80, 98, 4477
2026/08/25 19:56:10.921, 158.06, 99, 4477
2026/08/25 19:56:11.921, 157.91, 100, 4477
2026/08/25 19:56:12.922, 157.87, 98, 4477
2026/08/25 19:56:13.922, 158.10, 100, 4477
2026/08/25 19:56:14.922, 158.07, 100, 4477
2026/08/25 19:56:15.922, 157.91, 100, 4477
2026/08/25 19:56:16.922, 157.13, 98, 4477
2026/08/25 19:56:17.922, 158.18, 100, 4477
2026/08/25 19:56:18.923, 157.90, 100, 4477
2026/08/25 19:56:19.923, 157.38, 98, 4477
2026/08/25 19:56:20.923, 157.89, 100, 4477
2026/08/25 19:56:21.923, 158.01, 100, 4477
2026/08/25 19:56:22.923, 158.13, 98, 4477
2026/08/25 19:56:23.923, 158.01, 100, 4477
2026/08/25 19:56:24.924, 158.11, 100, 4477
2026/08/25 19:56:25.924, 157.48, 98, 4477
2026/08/25 19:56:26.924, 157.95, 100, 4477
2026/08/25 19:56:27.924, 158.13, 98, 4477
2026/08/25 19:56:28.924, 157.85, 99, 4477
2026/08/25 19:56:29.924, 158.00, 100, 4477
2026/08/25 19:56:30.925, 157.59, 98, 4477
2026/08/25 19:56:31.925, 158.19, 100, 4477
2026/08/25 19:56:32.925, 158.18, 100, 4477
2026/08/25 19:56:33.925, 158.07, 98, 4477
2026/08/25 19:56:34.925, 158.26, 100, 4477
2026/08/25 19:56:35.925, 158.04, 100, 4477
2026/08/25 19:56:36.926, 158.02, 98, 4477
2026/08/25 19:56:37.926, 157.95, 100, 4477
2026/08/25 19:56:38.926, 158.00, 100, 4477
2026/08/25 19:56:39.926, 156.28, 98, 4477
2026/08/25 19:56:40.926, 157.89, 100, 4477
2026/08/25 19:56:41.926, 158.13, 100, 4477
2026/08/25 19:56:42.926, 157.78, 98, 4477
2026/08/25 19:56:43.927, 158.07, 100, 4477
2026/08/25 19:56:44.927, 158.19, 100, 4477
2026/08/25 19:56:45.927, 157.30, 98, 4477
2026/08/25 19:56:46.927, 158.52, 100, 4477
2026/08/25 19:56:47.927, 158.09, 100, 4477
2026/08/25 19:56:48.927, 157.51, 98, 4477
2026/08/25 19:56:49.928, 157.99, 100, 4477
2026/08/25 19:56:50.928, 158.11, 100, 4477
2026/08/25 19:56:51.928, 157.27, 98, 4477
2026/08/25 19:56:52.928, 158.54, 100, 4477
2026/08/25 19:56:53.928, 157.71, 100, 4477
2026/08/25 19:56:54.928, 157.35, 98, 4477
2026/08/25 19:56:55.929, 158.07, 100, 4477
2026/08/25 19:56:56.929, 158.14, 100, 4477
2026/08/25 19:56:57.929, 157.26, 98, 4477
2026/08/25 19:56:58.929, 157.98, 100, 4477
2026/08/25 19:56:59.929, 158.21, 98, 4477
2026/08/25 19:57:00.930, 158.08, 99, 4477
2026/08/25 19:57:01.930, 156.94, 100, 4477
2026/08/25 19:57:02.930, 158.00, 98, 4477
2026/08/25 19:57:03.930, 158.39, 100, 4477
2026/08/25 19:57:04.930, 158.50, 100, 4477
2026/08/25 19:57:05.931, 157.97, 98, 4477
2026/08/25 19:57:06.931, 158.07, 100, 4477
2026/08/25 19:57:07.931, 158.41, 100, 4477
2026/08/25 19:57:08.931, 157.62, 98, 4477
2026/08/25 19:57:09.931, 157.11, 100, 4477
2026/08/25 19:57:10.931, 158.06, 100, 4477
2026/08/25 19:57:11.932, 157.40, 98, 4477
2026/08/25 19:57:12.932, 158.02, 100, 4477
2026/08/25 19:57:13.932, 158.21, 100, 4477
2026/08/25 19:57:14.932, 157.56, 98, 4477
2026/08/25 19:57:15.932, 157.92, 100, 4477
2026/08/25 19:57:16.933, 158.07, 100, 4477
2026/08/25 19:57:17.933, 157.66, 98, 4477
2026/08/25 19:57:18.933, 157.98, 100, 4477
2026/08/25 19:57:19.933, 157.18, 100, 4477
2026/08/25 19:57:20.933, 157.59, 98, 4477
2026/08/25 19:57:21.934, 158.15, 100, 4477
2026/08/25 19:57:22.934, 158.19, 100, 4477
2026/08/25 19:57:23.934, 157.52, 98, 4477
2026/08/25 19:57:24.934, 158.10, 100, 4477
2026/08/25 19:57:25.934, 158.10, 100, 4477
2026/08/25 19:57:26.934, 157.39, 98, 4477
2026/08/25 19:57:27.935, 157.78, 100, 4477
2026/08/25 19:57:28.935, 157.88, 99, 4477
2026/08/25 19:57:29.935, 157.51, 98, 4477
2026/08/25 19:57:30.935, 157.74, 100, 4477
2026/08/25 19:57:31.935, 157.76, 98, 4477
2026/08/25 19:57:32.936, 157.81, 99, 4477
2026/08/25 19:57:33.936, 158.00, 100, 4477
2026/08/25 19:57:34.936, 157.88, 98, 4477
2026/08/25 19:57:35.936, 158.15, 100, 4477
2026/08/25 19:57:36.936, 158.02, 100, 4477
2026/08/25 19:57:37.937, 158.09, 98, 4477
2026/08/25 19:57:38.937, 158.09, 100, 4477
2026/08/25 19:57:39.937, 158.05, 100, 4477
2026/08/25 19:57:40.937, 156.72, 98, 4477
2026/08/25 19:57:41.937, 157.77, 100, 4477
2026/08/25 19:57:42.937, 157.88, 100, 4477
2026/08/25 19:57:43.938, 157.49, 98, 4477
2026/08/25 19:57:44.938, 157.90, 100, 4477
2026/08/25 19:57:45.938, 157.47, 100, 4477
2026/08/25 19:57:46.938, 157.07, 98, 4477
2026/08/25 19:57:47.938, 158.14, 100, 4477
2026/08/25 19:57:48.939, 157.71, 100, 4477
2026/08/25 19:57:49.939, 157.08, 98, 4477
2026/08/25 19:57:50.939, 157.74, 100, 4477
2026/08/25 19:57:51.939, 157.79, 100, 4477
2026/08/25 19:57:52.939, 157.26, 98, 4477
2026/08/25 19:57:53.939, 157.74, 100, 4477
2026/08/25 19:57:54.940, 157.80, 100, 4477
2026/08/25 19:57:55.940, 157.37, 98, 4477
2026/08/25 19:57:56.940, 157.80, 100, 4477
2026/08/25 19:57:57.940, 157.80, 100, 4477
2026/08/25 19:57:58.940, 157.21, 98, 4477
2026/08/25 19:57:59.941, 157.68, 100, 4477
2026/08/25 19:58:00.941, 157.67, 100, 4477
2026/08/25 19:58:01.941, 157.60, 98, 4477
2026/08/25 19:58:02.941, 156.99, 100, 4477
2026/08/25 19:58:03.941, 157.43, 98, 4477
2026/08/25 19:58:04.941, 157.38, 100, 4477
2026/08/25 19:58:05.942, 157.72, 100, 4477
2026/08/25 19:58:06.942, 156.95, 97, 4477
2026/08/25 19:58:07.942, 158.07, 100, 4477
2026/08/25 19:58:08.942, 157.66, 100, 4477
2026/08/25 19:58:09.942, 157.46, 98, 4477
2026/08/25 19:58:10.942, 157.00, 100, 4477
2026/08/25 19:58:11.943, 157.89, 100, 4477
2026/08/25 19:58:12.943, 157.45, 98, 4477
2026/08/25 19:58:13.943, 157.98, 100, 4477
2026/08/25 19:58:14.943, 157.99, 100, 4477
2026/08/25 19:58:15.943, 157.33, 98, 4477
2026/08/25 19:58:16.944, 157.94, 100, 4477
2026/08/25 19:58:17.944, 157.75, 100, 4477
2026/08/25 19:58:18.944, 157.28, 98, 4477
2026/08/25 19:58:19.944, 158.60, 100, 4477
2026/08/25 19:58:20.945, 158.21, 100, 4477
2026/08/25 19:58:21.945, 157.36, 98, 4477
2026/08/25 19:58:22.945, 157.80, 100, 4477
2026/08/25 19:58:23.945, 157.97, 100, 4477
2026/08/25 19:58:24.945, 157.25, 98, 4477
2026/08/25 19:58:25.945, 157.86, 100, 4477
2026/08/25 19:58:26.946, 157.94, 100, 4477
2026/08/25 19:58:27.946, 157.23, 98, 4477
2026/08/25 19:58:28.946, 157.91, 100, 4477
2026/08/25 19:58:29.946, 157.85, 99, 4477
2026/08/25 19:58:30.946, 157.43, 98, 4477
2026/08/25 19:58:31.947, 158.64, 100, 4477
2026/08/25 19:58:32.947, 157.34, 98, 4477
2026/08/25 19:58:33.947, 157.90, 100, 4477
2026/08/25 19:58:34.947, 157.91, 100, 4477
2026/08/25 19:58:35.947, 157.74, 98, 4477
2026/08/25 19:58:36.948, 157.97, 100, 4477
2026/08/25 19:58:37.948, 158.27, 100, 4477
2026/08/25 19:58:38.948, 157.52, 97, 4477
2026/08/25 19:58:39.948, 157.92, 100, 4477
2026/08/25 19:58:40.948, 156.87, 100, 4477
2026/08/25 19:58:41.949, 157.39, 98, 4477
2026/08/25 19:58:42.949, 157.69, 100, 4477
2026/08/25 19:58:43.949, 157.72, 100, 4477
2026/08/25 19:58:44.949, 157.32, 97, 4477
2026/08/25 19:58:45.949, 157.87, 100, 4477
2026/08/25 19:58:46.950, 157.83, 100, 4477
2026/08/25 19:58:47.950, 157.32, 98, 4477
2026/08/25 19:58:48.950, 157.88, 100, 4477
2026/08/25 19:58:49.950, 157.83, 100, 4477
2026/08/25 19:58:50.950, 157.04, 98, 4477
2026/08/25 19:58:51.950, 157.67, 100, 4477
2026/08/25 19:58:52.951, 157.81, 100, 4477
2026/08/25 19:58:53.951, 157.73, 98, 4477
2026/08/25 19:58:54.951, 158.72, 100, 4477
2026/08/25 19:58:55.951, 157.85, 100, 4477
2026/08/25 19:58:56.951, 156.75, 98, 4477
2026/08/25 19:58:57.951, 157.75, 100, 4477
2026/08/25 19:58:58.951, 157.46, 98, 4477
2026/08/25 19:58:59.952, 157.84, 99, 4477
2026/08/25 19:59:00.952, 157.54, 100, 4477
2026/08/25 19:59:01.952, 157.58, 98, 4477
2026/08/25 19:59:02.952, 157.85, 100, 4477
2026/08/25 19:59:03.952, 158.05, 100, 4477
2026/08/25 19:59:04.953, 158.04, 98, 4477
2026/08/25 19:59:05.953, 157.66, 100, 4477
2026/08/25 19:59:06.953, 157.87, 100, 4477
2026/08/25 19:59:07.953, 157.27, 98, 4477
2026/08/25 19:59:08.953, 157.77, 100, 4477
2026/08/25 19:59:09.953, 157.81, 100, 4477
2026/08/25 19:59:10.954, 157.36, 98, 4477
2026/08/25 19:59:11.954, 157.82, 100, 4477
2026/08/25 19:59:12.954, 158.00, 100, 4477
2026/08/25 19:59:13.954, 157.93, 98, 4477
2026/08/25 19:59:14.954, 158.37, 100, 4477
2026/08/25 19:59:15.955, 157.75, 100, 4477
2026/08/25 19:59:16.955, 157.28, 98, 4477
2026/08/25 19:59:17.955, 158.11, 100, 4477
2026/08/25 19:59:18.955, 157.88, 100, 4477
2026/08/25 19:59:19.955, 157.97, 98, 4477
2026/08/25 19:59:20.956, 158.70, 100, 4477
2026/08/25 19:59:21.956, 157.93, 100, 4477
2026/08/25 19:59:22.956, 157.99, 98, 4477
2026/08/25 19:59:23.956, 158.84, 100, 4477
2026/08/25 19:59:24.956, 158.34, 100, 4477
2026/08/25 19:59:25.956, 157.82, 98, 4477
2026/08/25 19:59:26.957, 158.73, 100, 4477
2026/08/25 19:59:27.957, 158.05, 98, 4477
2026/08/25 19:59:28.957, 157.84, 99, 4477
2026/08/25 19:59:29.957, 157.87, 100, 4477
2026/08/25 19:59:30.957, 157.73, 98, 4477
2026/08/25 19:59:31.958, 158.16, 100, 4477
2026/08/25 19:59:32.958, 156.86, 100, 4477
2026/08/25 19:59:33.958, 157.85, 98, 4477
2026/08/25 19:59:34.958, 158.23, 100, 4477
2026/08/25 19:59:35.958, 158.26, 100, 4477
2026/08/25 19:59:36.959, 157.62, 98, 4477
2026/08/25 19:59:37.959, 157.91, 100, 4477
2026/08/25 19:59:38.959, 157.95, 100, 4477
2026/08/25 19:59:39.959, 158.34, 98, 4477
2026/08/25 19:59:40.959, 158.58, 100, 4477
2026/08/25 19:59:41.959, 157.08, 100, 4477
2026/08/25 19:59:42.960, 157.44, 98, 4477
2026/08/25 19:59:43.960, 158.33, 100, 4477
2026/08/25 19:59:44.960, 158.08, 100, 4477
2026/08/25 19:59:45.960, 157.47, 98, 4477
2026/08/25 19:59:46.960, 156.96, 100, 4477
2026/08/25 19:59:47.961, 157.86, 100, 4477
2026/08/25 19:59:48.961, 158.32, 98, 4477
2026/08/25 19:59:49.961, 159.01, 100, 4477
2026/08/25 19:59:50.961, 158.15, 100, 4477
2026/08/25 19:59:51.961, 157.88, 98, 4477
2026/08/25 19:59:52.962, 158.05, 100, 4477
2026/08/25 19:59:53.962, 157.88, 98, 4477
2026/08/25 19:59:54.962, 157.93, 98, 4477
2026/08/25 19:59:55.962, 157.92, 100, 4477
2026/08/25 19:59:56.962, 158.03, 98, 4477
2026/08/25 19:59:57.963, 158.23, 100, 4477
2026/08/25 19:59:58.963, 158.02, 100, 4477
2026/08/25 19:59:59.963, 157.68, 98, 4477
2026/08/25 20:00:00.963, 157.98, 100, 4477
2026/08/25 20:00:01.963, 158.47, 100, 4477
2026/08/25 20:00:02.963, 157.75, 98, 4477
2026/08/25 20:00:03.964, 158.09, 100, 4477
2026/08/25 20:00:04.964, 158.29, 100, 4477
2026/08/25 20:00:05.964, 157.66, 98, 4477
2026/08/25 20:00:06.964, 158.12, 100, 4477
2026/08/25 20:00:07.964, 158.29, 100, 4477
2026/08/25 20:00:08.965, 157.72, 98, 4477
2026/08/25 20:00:09.965, 157.20, 99, 4477
2026/08/25 20:00:10.965, 163.26, 99, 4477
2026/08/25 20:00:11.965, 163.58, 99, 4477
2026/08/25 20:00:12.973, 163.39, 100, 4477
2026/08/25 20:00:13.973, 163.59, 100, 4477
2026/08/25 20:00:14.973, 163.63, 100, 4477
2026/08/25 20:00:15.974, 163.47, 100, 4477
2026/08/25 20:00:16.974, 163.47, 100, 4477
2026/08/25 20:00:17.974, 163.21, 99, 4477
2026/08/25 20:00:18.974, 163.41, 99, 4477
2026/08/25 20:00:19.975, 163.56, 100, 4477
2026/08/25 20:00:20.975, 163.52, 100, 4477
2026/08/25 20:00:21.975, 163.47, 100, 4477
2026/08/25 20:00:22.975, 163.64, 100, 4477
2026/08/25 20:00:23.975, 163.46, 99, 4477
2026/08/25 20:00:24.975, 163.44, 99, 4477
2026/08/25 20:00:25.976, 163.59, 100, 4477
2026/08/25 20:00:26.976, 163.44, 100, 4477
2026/08/25 20:00:27.976, 163.44, 100, 4477
2026/08/25 20:00:28.976, 163.52, 99, 4477
2026/08/25 20:00:29.976, 163.77, 100, 4477
2026/08/25 20:00:30.976, 163.86, 99, 4477
2026/08/25 20:00:31.977, 163.62, 99, 4477
2026/08/25 20:00:32.977, 163.95, 100, 4477
2026/08/25 20:00:33.977, 163.82, 100, 4477
2026/08/25 20:00:34.977, 163.57, 100, 4477
2026/08/25 20:00:35.977, 163.52, 99, 4477
2026/08/25 20:00:36.978, 163.76, 99, 4477
2026/08/25 20:00:37.978, 163.70, 100, 4477
2026/08/25 20:00:38.978, 163.67, 99, 4477
2026/08/25 20:00:39.978, 156.77, 100, 4477
2026/08/25 20:00:40.978, 158.26, 98, 4477
2026/08/25 20:00:41.979, 159.02, 100, 4477
2026/08/25 20:00:42.979, 158.66, 100, 4477
2026/08/25 20:00:43.979, 157.70, 98, 4477
2026/08/25 20:00:44.979, 158.70, 100, 4477
2026/08/25 20:00:45.980, 158.37, 99, 4477
2026/08/25 20:00:46.980, 158.26, 98, 4477
2026/08/25 20:00:47.980, 158.42, 100, 4477
2026/08/25 20:00:48.980, 158.18, 98, 4477
2026/08/25 20:00:49.980, 158.36, 100, 4477
2026/08/25 20:00:50.980, 158.41, 100, 4477
2026/08/25 20:00:51.981, 158.71, 98, 4477
2026/08/25 20:00:52.981, 158.58, 100, 4477
2026/08/25 20:00:53.981, 158.40, 100, 4477
2026/08/25 20:00:54.981, 158.17, 98, 4477
2026/08/25 20:00:55.981, 158.42, 100, 4477
2026/08/25 20:00:56.982, 158.57, 100, 4477
2026/08/25 20:00:57.982, 158.12, 98, 4477
2026/08/25 20:00:58.982, 158.68, 100, 4477
2026/08/25 20:00:59.982, 158.26, 100, 4477
2026/08/25 20:01:00.982, 158.05, 98, 4477
2026/08/25 20:01:01.982, 158.37, 100, 4477
2026/08/25 20:01:02.983, 158.30, 100, 4477
2026/08/25 20:01:03.983, 156.62, 98, 4477
2026/08/25 20:01:04.983, 158.26, 100, 4477
2026/08/25 20:01:05.983, 158.29, 100, 4477
2026/08/25 20:01:06.983, 157.64, 98, 4477
2026/08/25 20:01:07.983, 158.13, 100, 4477
2026/08/25 20:01:08.984, 158.25, 100, 4477
2026/08/25 20:01:09.984, 157.54, 98, 4477
2026/08/25 20:01:10.984, 158.45, 100, 4477
2026/08/25 20:01:11.984, 158.38, 100, 4477
2026/08/25 20:01:12.984, 157.25, 98, 4477
2026/08/25 20:01:13.985, 158.05, 100, 4477
2026/08/25 20:01:14.985, 158.87, 99, 4477
2026/08/25 20:01:15.985, 158.17, 98, 4477
2026/08/25 20:01:16.985, 157.97, 100, 4477
2026/08/25 20:01:17.986, 159.07, 98, 4477
2026/08/25 20:01:18.986, 158.29, 100, 4477
2026/08/25 20:01:19.987, 157.96, 100, 4477
2026/08/25 20:01:20.987, 158.46, 98, 4477
2026/08/25 20:01:21.987, 158.10, 100, 4477
2026/08/25 20:01:22.987, 158.25, 100, 4477
2026/08/25 20:01:23.988, 158.18, 98, 4477
2026/08/25 20:01:24.988, 157.74, 100, 4477
2026/08/25 20:01:25.988, 157.91, 100, 4477
2026/08/25 20:01:26.988, 158.05, 98, 4477
2026/08/25 20:01:27.988, 157.68, 98, 4477
2026/08/25 20:01:28.989, 158.29, 100, 4477
2026/08/25 20:01:29.989, 158.35, 100, 4477
2026/08/25 20:01:30.989, 157.58, 98, 4477
2026/08/25 20:01:31.989, 157.97, 100, 4477
2026/08/25 20:01:32.989, 158.23, 100, 4477
2026/08/25 20:01:33.990, 157.71, 99, 4477
2026/08/25 20:01:34.993, 157.75, 100, 4477
2026/08/25 20:01:35.993, 158.18, 100, 4477
2026/08/25 20:01:36.993, 157.56, 98, 4477
2026/08/25 20:01:37.993, 158.32, 100, 4477
2026/08/25 20:01:38.993, 158.21, 100, 4477
2026/08/25 20:01:39.994, 157.53, 98, 4477
2026/08/25 20:01:40.994, 157.97, 100, 4477
2026/08/25 20:01:41.994, 158.07, 100, 4477
2026/08/25 20:01:42.994, 157.11, 98, 4477
2026/08/25 20:01:43.994, 158.07, 100, 4477
2026/08/25 20:01:44.994, 157.82, 100, 4477
2026/08/25 20:01:45.995, 157.43, 98, 4477
2026/08/25 20:01:46.995, 158.79, 100, 4477
2026/08/25 20:01:47.997, 157.95, 98, 4477
2026/08/25 20:01:48.997, 158.15, 99, 4477
2026/08/25 20:01:49.997, 158.02, 100, 4477
2026/08/25 20:01:50.997, 157.67, 98, 4477
2026/08/25 20:01:51.997, 157.73, 100, 4477
2026/08/25 20:01:52.999, 157.90, 100, 4477
2026/08/25 20:01:53.999, 157.35, 98, 4477
2026/08/25 20:01:54.999, 158.14, 100, 4477
2026/08/25 20:01:55.999, 158.08, 100, 4477
2026/08/25 20:01:57.000, 157.49, 98, 4477
2026/08/25 20:01:58.000, 158.10, 100, 4477
2026/08/25 20:01:59.000, 158.00, 100, 4477
2026/08/25 20:02:00.001, 157.60, 98, 4477
2026/08/25 20:02:01.001, 157.77, 100, 4477
2026/08/25 20:02:02.001, 157.95, 100, 4477
2026/08/25 20:02:03.001, 157.51, 98, 4477
2026/08/25 20:02:04.001, 157.96, 100, 4477
2026/08/25 20:02:05.002, 156.68, 100, 4477
2026/08/25 20:02:06.002, 157.15, 98, 4477
2026/08/25 20:02:07.002, 157.89, 100, 4477
2026/08/25 20:02:08.002, 158.03, 100, 4477
2026/08/25 20:02:09.002, 158.13, 98, 4477
2026/08/25 20:02:10.002, 158.66, 100, 4477
2026/08/25 20:02:11.002, 157.93, 100, 4477
2026/08/25 20:02:12.003, 157.72, 98, 4477
2026/08/25 20:02:13.003, 158.04, 100, 4477
2026/08/25 20:02:14.003, 157.89, 99, 4477
2026/08/25 20:02:15.003, 157.83, 98, 4477
2026/08/25 20:02:16.003, 158.01, 100, 4477
2026/08/25 20:02:17.003, 157.72, 98, 4477
2026/08/25 20:02:18.004, 158.07, 100, 4477
2026/08/25 20:02:19.009, 158.17, 100, 4477
2026/08/25 20:02:20.009, 157.49, 98, 4477
2026/08/25 20:02:21.009, 158.10, 100, 4477
2026/08/25 20:02:22.009, 157.95, 100, 4477
2026/08/25 20:02:23.009, 157.41, 98, 4477
2026/08/25 20:02:24.010, 158.07, 100, 4477
2026/08/25 20:02:25.010, 158.09, 100, 4477
2026/08/25 20:02:26.010, 158.22, 98, 4477
2026/08/25 20:02:27.010, 158.80, 100, 4477
2026/08/25 20:02:28.010, 158.37, 100, 4477
2026/08/25 20:02:29.011, 157.50, 98, 4477
2026/08/25 20:02:30.011, 157.96, 100, 4477
2026/08/25 20:02:31.011, 157.85, 98, 4477
2026/08/25 20:02:32.011, 158.10, 99, 4477
2026/08/25 20:02:33.011, 158.04, 100, 4477
2026/08/25 20:02:34.011, 158.34, 98, 4477
2026/08/25 20:02:35.012, 158.27, 100, 4477
2026/08/25 20:02:36.012, 158.34, 100, 4477
2026/08/25 20:02:37.012, 157.96, 98, 4477
2026/08/25 20:02:38.012, 157.40, 98, 4477
2026/08/25 20:02:39.012, 157.81, 100, 4477
2026/08/25 20:02:40.012, 158.01, 100, 4477
2026/08/25 20:02:41.013, 158.07, 98, 4477
2026/08/25 20:02:42.013, 158.20, 100, 4477
2026/08/25 20:02:43.013, 157.70, 98, 4477
2026/08/25 20:02:44.013, 158.18, 98, 4477
2026/08/25 20:02:45.013, 158.05, 100, 4477
2026/08/25 20:02:46.014, 157.87, 99, 4477
2026/08/25 20:02:47.014, 157.77, 98, 4477
2026/08/25 20:02:48.014, 158.56, 100, 4477
2026/08/25 20:02:49.014, 156.99, 89, 4477
2026/08/25 20:02:50.014, 158.15, 100, 4477
2026/08/25 20:02:51.014, 158.34, 100, 4477
2026/08/25 20:02:52.015, 158.14, 98, 4477
2026/08/25 20:02:53.015, 158.31, 100, 4477
2026/08/25 20:02:54.015, 158.17, 100, 4477
2026/08/25 20:02:55.015, 156.49, 98, 4477
2026/08/25 20:02:56.015, 158.24, 100, 4477
2026/08/25 20:02:57.015, 158.17, 100, 4477
2026/08/25 20:02:58.016, 157.41, 98, 4477
2026/08/25 20:02:59.016, 158.00, 100, 4477
2026/08/25 20:03:00.016, 158.21, 100, 4477
2026/08/25 20:03:01.016, 157.51, 98, 4477
2026/08/25 20:03:02.016, 158.48, 100, 4477
2026/08/25 20:03:03.016, 157.85, 100, 4477
2026/08/25 20:03:04.017, 157.34, 98, 4477
2026/08/25 20:03:05.017, 157.73, 100, 4477
2026/08/25 20:03:06.017, 156.91, 100, 4477
2026/08/25 20:03:07.017, 158.07, 98, 4477
2026/08/25 20:03:08.017, 158.06, 100, 4477
2026/08/25 20:03:09.017, 157.55, 98, 4477
2026/08/25 20:03:10.017, 157.36, 98, 4477
2026/08/25 20:03:11.018, 158.52, 100, 4477
2026/08/25 20:03:12.018, 158.07, 98, 4477
2026/08/25 20:03:13.018, 157.90, 100, 4477
2026/08/25 20:03:14.018, 158.26, 100, 4477
2026/08/25 20:03:15.018, 158.20, 98, 4477
2026/08/25 20:03:16.019, 158.72, 100, 4477
2026/08/25 20:03:17.019, 158.21, 100, 4477
2026/08/25 20:03:18.019, 158.28, 98, 4477
2026/08/25 20:03:19.019, 158.20, 100, 4477
2026/08/25 20:03:20.019, 158.08, 100, 4477
2026/08/25 20:03:21.019, 157.69, 98, 4477
2026/08/25 20:03:22.020, 157.99, 100, 4477
2026/08/25 20:03:23.020, 158.36, 100, 4477
2026/08/25 20:03:24.020, 157.67, 98, 4477
2026/08/25 20:03:25.020, 158.08, 100, 4477
2026/08/25 20:03:26.020, 157.93, 100, 4477
2026/08/25 20:03:27.021, 157.49, 98, 4477
2026/08/25 20:03:28.021, 157.81, 100, 4477
2026/08/25 20:03:29.021, 158.13, 100, 4477
2026/08/25 20:03:30.021, 157.46, 98, 4477
2026/08/25 20:03:31.021, 157.78, 100, 4477
2026/08/25 20:03:32.022, 157.92, 100, 4477
2026/08/25 20:03:33.022, 156.21, 98, 4477
2026/08/25 20:03:34.022, 158.26, 100, 4477
2026/08/25 20:03:35.022, 158.02, 100, 4477
2026/08/25 20:03:36.022, 157.32, 98, 4477
2026/08/25 20:03:37.023, 158.02, 100, 4477
2026/08/25 20:03:38.023, 157.84, 100, 4477
2026/08/25 20:03:39.023, 156.01, 98, 4477
2026/08/25 20:03:40.023, 157.71, 100, 4477
2026/08/25 20:03:41.023, 157.71, 100, 4477
2026/08/25 20:03:42.023, 157.09, 98, 4477
2026/08/25 20:03:43.024, 157.75, 100, 4477
2026/08/25 20:03:44.024, 156.48, 90, 4477
2026/08/25 20:03:45.024, 157.61, 99, 4477
2026/08/25 20:03:46.024, 158.06, 100, 4477
2026/08/25 20:03:47.024, 157.94, 98, 4477
2026/08/25 20:03:48.024, 157.96, 100, 4477
2026/08/25 20:03:49.025, 157.90, 100, 4477
2026/08/25 20:03:50.025, 156.07, 98, 4477
2026/08/25 20:03:51.025, 157.91, 100, 4477
2026/08/25 20:03:52.025, 157.74, 100, 4477
2026/08/25 20:03:53.025, 157.26, 97, 4477
2026/08/25 20:03:54.025, 157.86, 100, 4477
2026/08/25 20:03:55.026, 157.88, 100, 4477
2026/08/25 20:03:56.026, 157.58, 98, 4477
2026/08/25 20:03:57.026, 157.73, 100, 4477
2026/08/25 20:03:58.026, 157.91, 100, 4477
2026/08/25 20:03:59.026, 157.23, 98, 4477
2026/08/25 20:04:00.026, 157.93, 100, 4477
2026/08/25 20:04:01.027, 158.04, 100, 4477
2026/08/25 20:04:02.027, 157.48, 98, 4477
2026/08/25 20:04:03.027, 157.88, 100, 4477
2026/08/25 20:04:04.027, 158.18, 100, 4477
2026/08/25 20:04:05.027, 157.43, 98, 4477
2026/08/25 20:04:06.028, 157.82, 100, 4477
2026/08/25 20:04:07.028, 157.91, 100, 4477
2026/08/25 20:04:08.028, 157.36, 98, 4477
2026/08/25 20:04:09.028, 157.84, 100, 4477
2026/08/25 20:04:10.028, 157.85, 100, 4477
2026/08/25 20:04:11.028, 157.19, 98, 4477
2026/08/25 20:04:12.029, 157.76, 100, 4477
2026/08/25 20:04:13.029, 157.70, 100, 4477
2026/08/25 20:04:14.029, 157.30, 98, 4477
2026/08/25 20:04:15.029, 157.85, 100, 4477
2026/08/25 20:04:16.029, 157.91, 99, 4477
2026/08/25 20:04:17.030, 157.27, 93, 4477
2026/08/25 20:04:18.030, 157.26, 100, 4477
2026/08/25 20:04:19.030, 157.90, 98, 4477
2026/08/25 20:04:20.030, 157.87, 100, 4477
2026/08/25 20:04:21.030, 157.84, 100, 4477
2026/08/25 20:04:22.030, 157.52, 98, 4477
2026/08/25 20:04:23.031, 156.79, 100, 4477
2026/08/25 20:04:24.031, 157.75, 100, 4477
2026/08/25 20:04:25.031, 157.35, 98, 4477
2026/08/25 20:04:26.031, 157.78, 100, 4477
2026/08/25 20:04:27.031, 157.99, 100, 4477
2026/08/25 20:04:28.032, 156.06, 98, 4477
2026/08/25 20:04:29.032, 157.75, 100, 4477
2026/08/25 20:04:30.032, 157.68, 100, 4477
2026/08/25 20:04:31.032, 157.29, 98, 4477
2026/08/25 20:04:32.032, 157.92, 100, 4477
2026/08/25 20:04:33.032, 157.79, 100, 4477
2026/08/25 20:04:34.033, 156.94, 98, 4477
2026/08/25 20:04:35.033, 158.31, 100, 4477
2026/08/25 20:04:36.033, 156.53, 100, 4477
2026/08/25 20:04:37.033, 156.93, 98, 4477
2026/08/25 20:04:38.033, 158.58, 100, 4477
2026/08/25 20:04:39.033, 157.93, 99, 4477
2026/08/25 20:04:40.034, 157.46, 98, 4477
2026/08/25 20:04:41.034, 158.34, 100, 4477
2026/08/25 20:04:42.034, 157.58, 98, 4477
2026/08/25 20:04:43.034, 157.93, 100, 4477
2026/08/25 20:04:44.034, 158.02, 100, 4477
2026/08/25 20:04:45.035, 157.59, 98, 4477
2026/08/25 20:04:46.035, 157.80, 100, 4477
2026/08/25 20:04:47.035, 157.97, 100, 4477
2026/08/25 20:04:48.035, 157.54, 98, 4477
2026/08/25 20:04:49.035, 157.91, 100, 4477
2026/08/25 20:04:50.036, 157.80, 100, 4477
2026/08/25 20:04:51.036, 157.91, 98, 4477
2026/08/25 20:04:52.036, 158.00, 100, 4477
2026/08/25 20:04:53.036, 157.76, 100, 4477
2026/08/25 20:04:54.036, 157.98, 98, 4477
2026/08/25 20:04:55.037, 158.08, 100, 4477
2026/08/25 20:04:56.037, 157.88, 100, 4477
2026/08/25 20:04:57.037, 157.46, 98, 4477
2026/08/25 20:04:58.037, 157.79, 100, 4477
2026/08/25 20:04:59.037, 158.26, 100, 4477
2026/08/25 20:05:00.037, 157.75, 98, 4477
2026/08/25 20:05:01.038, 158.05, 100, 4477
2026/08/25 20:05:02.038, 156.39, 100, 4477
2026/08/25 20:05:03.038, 163.40, 100, 4477
2026/08/25 20:05:04.038, 163.33, 99, 4477
2026/08/25 20:05:05.038, 163.18, 99, 4477
2026/08/25 20:05:06.039, 163.29, 100, 4477
2026/08/25 20:05:07.039, 163.63, 99, 4477
2026/08/25 20:05:08.039, 163.24, 100, 4477
2026/08/25 20:05:09.039, 163.52, 100, 4477
2026/08/25 20:05:10.039, 163.34, 100, 4477
2026/08/25 20:05:11.040, 163.34, 99, 4477
2026/08/25 20:05:12.040, 163.46, 99, 4477
2026/08/25 20:05:13.040, 163.44, 99, 4477
2026/08/25 20:05:14.040, 163.76, 100, 4477
2026/08/25 20:05:15.040, 163.65, 100, 4477
2026/08/25 20:05:16.040, 163.31, 100, 4477
2026/08/25 20:05:17.041, 163.48, 100, 4477
2026/08/25 20:05:18.041, 163.69, 99, 4477
2026/08/25 20:05:19.041, 163.58, 99, 4477
2026/08/25 20:05:20.041, 163.57, 99, 4477
2026/08/25 20:05:21.041, 163.58, 100, 4477
2026/08/25 20:05:22.042, 163.38, 100, 4477
2026/08/25 20:05:23.042, 163.45, 100, 4477
2026/08/25 20:05:24.042, 163.38, 99, 4477
2026/08/25 20:05:25.042, 163.61, 99, 4477
2026/08/25 20:05:26.042, 163.49, 99, 4477
2026/08/25 20:05:27.042, 163.27, 99, 4477
2026/08/25 20:05:28.043, 163.59, 100, 4477
2026/08/25 20:05:29.043, 163.67, 100, 4477
2026/08/25 20:05:30.043, 163.17, 100, 4477
2026/08/25 20:05:31.043, 163.40, 99, 4477
2026/08/25 20:05:32.043, 156.30, 56, 4477
2026/08/25 20:05:33.044, 152.74, 100, 4477
2026/08/25 20:05:34.044, 158.20, 98, 4477
2026/08/25 20:05:35.044, 157.89, 98, 4477
2026/08/25 20:05:36.044, 158.32, 100, 4477
2026/08/25 20:05:37.044, 157.26, 98, 4477
2026/08/25 20:05:38.044, 158.47, 100, 4477
2026/08/25 20:05:39.045, 158.17, 100, 4477
2026/08/25 20:05:40.045, 158.16, 98, 4477
2026/08/25 20:05:41.045, 158.33, 100, 4477
2026/08/25 20:05:42.045, 158.35, 100, 4477
2026/08/25 20:05:43.045, 157.79, 98, 4477
2026/08/25 20:05:44.045, 158.40, 100, 4477
2026/08/25 20:05:45.046, 158.40, 100, 4477
2026/08/25 20:05:46.046, 156.67, 98, 4477
2026/08/25 20:05:47.046, 158.22, 100, 4477
2026/08/25 20:05:48.046, 158.16, 100, 4477
2026/08/25 20:05:49.046, 157.73, 98, 4477
2026/08/25 20:05:50.047, 158.14, 100, 4477
2026/08/25 20:05:51.047, 158.38, 100, 4477
2026/08/25 20:05:52.047, 157.61, 98, 4477
2026/08/25 20:05:53.047, 158.76, 100, 4477
2026/08/25 20:05:54.047, 158.41, 100, 4477
2026/08/25 20:05:55.047, 157.22, 98, 4477
2026/08/25 20:05:56.048, 157.85, 100, 4477
2026/08/25 20:05:57.048, 158.07, 100, 4477
2026/08/25 20:05:58.048, 158.19, 98, 4477
2026/08/25 20:05:59.048, 158.70, 100, 4477
2026/08/25 20:06:00.048, 158.59, 99, 4477
2026/08/25 20:06:01.048, 157.98, 98, 4477
2026/08/25 20:06:02.049, 158.97, 100, 4477
2026/08/25 20:06:03.049, 158.16, 98, 4477
2026/08/25 20:06:04.049, 157.96, 98, 4477
2026/08/25 20:06:05.049, 158.62, 100, 4477
2026/08/25 20:06:06.049, 158.28, 98, 4477
2026/08/25 20:06:07.049, 157.16, 100, 4477
2026/08/25 20:06:08.050, 158.01, 100, 4477
2026/08/25 20:06:09.050, 157.73, 98, 4477
2026/08/25 20:06:10.050, 157.89, 100, 4477
2026/08/25 20:06:11.050, 157.69, 100, 4477
2026/08/25 20:06:12.050, 157.30, 98, 4477
2026/08/25 20:06:13.051, 157.79, 100, 4477
2026/08/25 20:06:14.051, 158.06, 100, 4477
2026/08/25 20:06:15.051, 157.55, 98, 4477
2026/08/25 20:06:16.051, 156.95, 100, 4477
2026/08/25 20:06:17.051, 158.18, 100, 4477
2026/08/25 20:06:18.052, 157.48, 98, 4477
2026/08/25 20:06:19.052, 157.83, 100, 4477
2026/08/25 20:06:20.052, 158.21, 100, 4477
2026/08/25 20:06:21.052, 157.48, 98, 4477
2026/08/25 20:06:22.052, 158.05, 100, 4477
2026/08/25 20:06:23.053, 157.93, 100, 4477
2026/08/25 20:06:24.053, 158.16, 98, 4477
2026/08/25 20:06:25.053, 158.70, 100, 4477
2026/08/25 20:06:26.053, 157.89, 100, 4477
2026/08/25 20:06:27.053, 157.73, 98, 4477
2026/08/25 20:06:28.053, 158.78, 100, 4477
2026/08/25 20:06:29.054, 158.09, 98, 4477
2026/08/25 20:06:30.054, 157.88, 99, 4477
2026/08/25 20:06:31.054, 158.19, 100, 4477
2026/08/25 20:06:32.054, 157.96, 98, 4477
2026/08/25 20:06:33.054, 158.13, 100, 4477
2026/08/25 20:06:34.055, 158.21, 100, 4477
2026/08/25 20:06:35.055, 157.77, 98, 4477
2026/08/25 20:06:36.055, 157.95, 100, 4477
2026/08/25 20:06:37.055, 158.21, 100, 4477
2026/08/25 20:06:38.055, 156.32, 98, 4477
2026/08/25 20:06:39.056, 157.93, 100, 4477
2026/08/25 20:06:40.056, 158.26, 100, 4477
2026/08/25 20:06:41.056, 157.42, 98, 4477
2026/08/25 20:06:42.056, 158.01, 100, 4477
2026/08/25 20:06:43.056, 158.16, 100, 4477
2026/08/25 20:06:44.057, 157.51, 98, 4477
2026/08/25 20:06:45.057, 158.60, 100, 4477
2026/08/25 20:06:46.057, 157.96, 100, 4477
2026/08/25 20:06:47.057, 156.40, 98, 4477
2026/08/25 20:06:48.057, 158.01, 100, 4477
2026/08/25 20:06:49.058, 157.88, 100, 4477
2026/08/25 20:06:50.058, 157.64, 98, 4477
2026/08/25 20:06:51.058, 158.66, 100, 4477
2026/08/25 20:06:52.058, 158.14, 100, 4477
2026/08/25 20:06:53.058, 158.23, 98, 4477
2026/08/25 20:06:54.058, 158.13, 100, 4477
2026/08/25 20:06:55.059, 157.92, 99, 4477
2026/08/25 20:06:56.059, 157.61, 98, 4477
2026/08/25 20:06:57.059, 157.74, 100, 4477
2026/08/25 20:06:58.059, 157.97, 98, 4477
2026/08/25 20:06:59.059, 158.00, 99, 4477
2026/08/25 20:07:00.060, 157.98, 100, 4477
2026/08/25 20:07:01.060, 157.76, 98, 4477
2026/08/25 20:07:02.060, 157.90, 100, 4477
2026/08/25 20:07:03.060, 157.84, 100, 4477
2026/08/25 20:07:04.060, 157.76, 98, 4477
2026/08/25 20:07:05.061, 158.09, 100, 4477
2026/08/25 20:07:06.061, 157.72, 100, 4477
2026/08/25 20:07:07.061, 157.95, 98, 4477
2026/08/25 20:07:08.061, 156.91, 100, 4477
2026/08/25 20:07:09.061, 158.01, 100, 4477
2026/08/25 20:07:10.061, 157.61, 98, 4477
2026/08/25 20:07:11.062, 158.05, 100, 4477
2026/08/25 20:07:12.062, 157.91, 100, 4477
2026/08/25 20:07:13.062, 157.44, 98, 4477
2026/08/25 20:07:14.062, 157.63, 100, 4477
2026/08/25 20:07:15.062, 158.13, 100, 4477
2026/08/25 20:07:16.063, 157.59, 98, 4477
2026/08/25 20:07:17.063, 157.51, 100, 4477
2026/08/25 20:07:18.063, 158.06, 100, 4477
2026/08/25 20:07:19.063, 157.80, 98, 4477
2026/08/25 20:07:20.063, 158.86, 100, 4477
2026/08/25 20:07:21.064, 158.05, 100, 4477
2026/08/25 20:07:22.064, 157.87, 98, 4477
2026/08/25 20:07:23.064, 158.73, 100, 4477
2026/08/25 20:07:24.064, 158.25, 99, 4477
2026/08/25 20:07:25.064, 157.41, 98, 4477
2026/08/25 20:07:26.064, 158.07, 100, 4477
2026/08/25 20:07:27.065, 157.95, 98, 4477
2026/08/25 20:07:28.065, 157.92, 99, 4477
2026/08/25 20:07:29.065, 157.51, 100, 4477
2026/08/25 20:07:30.065, 158.21, 98, 4477
2026/08/25 20:07:31.065, 158.10, 100, 4477
2026/08/25 20:07:32.066, 158.05, 100, 4477
2026/08/25 20:07:33.066, 157.82, 98, 4477
2026/08/25 20:07:34.066, 157.51, 100, 4477
2026/08/25 20:07:35.066, 157.94, 100, 4477
2026/08/25 20:07:36.066, 158.12, 98, 4477
2026/08/25 20:07:37.067, 157.93, 100, 4477
2026/08/25 20:07:38.067, 158.45, 100, 4477
2026/08/25 20:07:39.067, 157.39, 98, 4477
2026/08/25 20:07:40.067, 157.80, 100, 4477
2026/08/25 20:07:41.067, 158.47, 100, 4477
2026/08/25 20:07:42.067, 158.42, 98, 4477
2026/08/25 20:07:43.067, 157.73, 100, 4477
2026/08/25 20:07:44.068, 158.42, 100, 4477
2026/08/25 20:07:45.068, 158.17, 100, 4477
2026/08/25 20:07:46.068, 158.00, 100, 4477
2026/08/25 20:07:47.068, 158.24, 100, 4477
2026/08/25 20:07:48.068, 157.97, 100, 4477
2026/08/25 20:07:49.069, 157.53, 100, 4477
2026/08/25 20:07:50.069, 157.97, 100, 4477
2026/08/25 20:07:51.069, 157.85, 100, 4477
2026/08/25 20:07:52.069, 158.18, 98, 4477
2026/08/25 20:07:53.069, 158.65, 100, 4477
2026/08/25 20:07:54.070, 157.92, 100, 4477
2026/08/25 20:07:55.070, 157.55, 98, 4477
2026/08/25 20:07:56.070, 158.59, 100, 4477
2026/08/25 20:07:57.070, 158.08, 100, 4477
2026/08/25 20:07:58.070, 157.45, 98, 4477
2026/08/25 20:07:59.071, 158.26, 100, 4477
2026/08/25 20:08:00.071, 158.08, 100, 4477
2026/08/25 20:08:01.071, 157.90, 98, 4477
2026/08/25 20:08:02.071, 158.87, 100, 4477
2026/08/25 20:08:03.071, 158.10, 99, 4477
2026/08/25 20:08:04.072, 158.01, 98, 4477
2026/08/25 20:08:05.072, 159.13, 100, 4477
2026/08/25 20:08:06.072, 158.26, 98, 4477
2026/08/25 20:08:07.072, 157.89, 98, 4477
2026/08/25 20:08:08.072, 158.29, 100, 4477
2026/08/25 20:08:09.073, 158.09, 98, 4477
2026/08/25 20:08:10.073, 156.87, 100, 4477
2026/08/25 20:08:11.073, 158.28, 100, 4477
2026/08/25 20:08:12.073, 157.54, 98, 4477
2026/08/25 20:08:13.073, 157.74, 100, 4477
2026/08/25 20:08:14.073, 158.11, 100, 4477
2026/08/25 20:08:15.074, 158.05, 98, 4477
2026/08/25 20:08:16.074, 158.32, 100, 4477
2026/08/25 20:08:17.074, 158.18, 100, 4477
2026/08/25 20:08:18.074, 156.94, 98, 4477
2026/08/25 20:08:19.074, 158.64, 100, 4477
2026/08/25 20:08:20.075, 157.86, 100, 4477
2026/08/25 20:08:21.075, 158.03, 98, 4477
2026/08/25 20:08:22.075, 158.32, 100, 4477
2026/08/25 20:08:23.075, 158.37, 100, 4477
2026/08/25 20:08:24.075, 157.46, 98, 4477
2026/08/25 20:08:25.076, 158.13, 100, 4477
2026/08/25 20:08:26.076, 158.21, 100, 4477
2026/08/25 20:08:27.076, 157.73, 98, 4477
2026/08/25 20:08:28.076, 158.78, 100, 4477
2026/08/25 20:08:29.076, 156.84, 99, 4477
2026/08/25 20:08:30.077, 157.69, 98, 4477
2026/08/25 20:08:31.077, 158.16, 100, 4477
2026/08/25 20:08:32.077, 158.20, 98, 4477
2026/08/25 20:08:33.077, 158.05, 99, 4477
2026/08/25 20:08:34.077, 158.32, 100, 4477
2026/08/25 20:08:35.077, 158.23, 98, 4477
2026/08/25 20:08:36.078, 158.31, 100, 4477
2026/08/25 20:08:37.078, 158.08, 100, 4477
2026/08/25 20:08:38.078, 158.18, 98, 4477
2026/08/25 20:08:39.078, 158.10, 100, 4477
2026/08/25 20:08:40.079, 158.30, 100, 4477
2026/08/25 20:08:41.079, 158.34, 98, 4477
2026/08/25 20:08:42.079, 158.36, 100, 4477
2026/08/25 20:08:43.079, 158.27, 100, 4477
2026/08/25 20:08:44.079, 158.00, 98, 4477
2026/08/25 20:08:45.079, 158.28, 100, 4477
2026/08/25 20:08:46.080, 158.18, 100, 4477
2026/08/25 20:08:47.080, 157.70, 98, 4477
2026/08/25 20:08:48.080, 157.95, 100, 4477
2026/08/25 20:08:49.080, 158.04, 100, 4477
2026/08/25 20:08:50.080, 157.64, 98, 4477
2026/08/25 20:08:51.081, 158.22, 100, 4477
2026/08/25 20:08:52.081, 158.27, 100, 4477
2026/08/25 20:08:53.081, 156.31, 98, 4477
2026/08/25 20:08:54.081, 157.88, 100, 4477
2026/08/25 20:08:55.081, 158.15, 100, 4477
2026/08/25 20:08:56.081, 157.61, 98, 4477
2026/08/25 20:08:57.082, 158.14, 100, 4477
2026/08/25 20:08:58.082, 158.15, 100, 4477
2026/08/25 20:08:59.082, 157.61, 98, 4477
2026/08/25 20:09:00.082, 158.33, 100, 4477
2026/08/25 20:09:01.082, 157.86, 100, 4477
2026/08/25 20:09:02.083, 157.91, 98, 4477
2026/08/25 20:09:03.083, 159.04, 100, 4477
2026/08/25 20:09:04.083, 158.08, 100, 4477
2026/08/25 20:09:05.083, 157.67, 97, 4477
2026/08/25 20:09:06.083, 158.79, 100, 4477
2026/08/25 20:09:07.083, 157.81, 97, 4477
2026/08/25 20:09:08.084, 157.90, 100, 4477
2026/08/25 20:09:09.084, 158.16, 100, 4477
2026/08/25 20:09:10.084, 156.62, 98, 4477
2026/08/25 20:09:11.084, 157.85, 100, 4477
2026/08/25 20:09:12.084, 158.10, 100, 4477
2026/08/25 20:09:13.084, 157.51, 98, 4477
2026/08/25 20:09:14.085, 158.07, 100, 4477
2026/08/25 20:09:15.085, 158.12, 100, 4477
2026/08/25 20:09:16.085, 157.85, 98, 4477
2026/08/25 20:09:17.085, 158.45, 100, 4477
2026/08/25 20:09:18.085, 158.06, 100, 4477
2026/08/25 20:09:19.086, 156.24, 98, 4477
2026/08/25 20:09:20.086, 157.65, 100, 4477
2026/08/25 20:09:21.086, 158.23, 100, 4477
2026/08/25 20:09:22.086, 157.27, 98, 4477
2026/08/25 20:09:23.086, 158.09, 100, 4477
2026/08/25 20:09:24.087, 158.20, 100, 4477
2026/08/25 20:09:25.087, 158.19, 98, 4477
2026/08/25 20:09:26.087, 158.74, 100, 4477
2026/08/25 20:09:27.087, 158.10, 99, 4477
2026/08/25 20:09:28.087, 157.50, 98, 4477
2026/08/25 20:09:29.088, 157.98, 100, 4477
2026/08/25 20:09:30.088, 157.84, 98, 4477
2026/08/25 20:09:31.088, 158.28, 99, 4477
2026/08/25 20:09:32.088, 157.90, 100, 4477
2026/08/25 20:09:33.088, 158.05, 98, 4477
2026/08/25 20:09:34.088, 157.96, 100, 4477
2026/08/25 20:09:35.089, 158.21, 100, 4477
2026/08/25 20:09:36.089, 157.96, 97, 4477
2026/08/25 20:09:37.089, 158.25, 100, 4477
2026/08/25 20:09:38.089, 157.86, 100, 4477
2026/08/25 20:09:39.090, 157.78, 98, 4477
2026/08/25 20:09:40.090, 157.46, 100, 4477
2026/08/25 20:09:41.090, 158.25, 100, 4477
2026/08/25 20:09:42.090, 157.57, 98, 4477
2026/08/25 20:09:43.090, 158.09, 100, 4477
2026/08/25 20:09:44.090, 158.19, 100, 4477
2026/08/25 20:09:45.091, 157.98, 98, 4477
2026/08/25 20:09:46.091, 158.33, 100, 4477
2026/08/25 20:09:47.091, 158.33, 100, 4477
2026/08/25 20:09:48.091, 157.72, 98, 4477
2026/08/25 20:09:49.091, 158.28, 100, 4477
2026/08/25 20:09:50.092, 158.24, 100, 4477
2026/08/25 20:09:51.092, 157.62, 98, 4477
2026/08/25 20:09:52.092, 157.97, 100, 4477
2026/08/25 20:09:53.092, 158.23, 100, 4477
2026/08/25 20:09:54.092, 155.95, 88, 4477
2026/08/25 20:09:55.093, 161.38, 100, 4477
2026/08/25 20:09:56.093, 163.73, 100, 4477
2026/08/25 20:09:57.093, 163.58, 100, 4477
2026/08/25 20:09:58.093, 163.85, 99, 4477
2026/08/25 20:09:59.093, 163.82, 99, 4477
2026/08/25 20:10:00.094, 163.66, 100, 4477
2026/08/25 20:10:01.094, 163.95, 100, 4477
2026/08/25 20:10:02.094, 164.07, 100, 4477
2026/08/25 20:10:03.094, 163.73, 100, 4477
2026/08/25 20:10:04.094, 163.90, 100, 4477
2026/08/25 20:10:05.095, 163.99, 98, 4477
2026/08/25 20:10:06.095, 164.06, 100, 4477
2026/08/25 20:10:07.095, 164.18, 100, 4477
2026/08/25 20:10:08.095, 164.17, 99, 4477
2026/08/25 20:10:09.095, 164.17, 100, 4477
2026/08/25 20:10:10.095, 164.37, 100, 4477
2026/08/25 20:10:11.096, 164.28, 100, 4477
2026/08/25 20:10:12.096, 164.28, 100, 4477
2026/08/25 20:10:13.096, 164.10, 100, 4477
2026/08/25 20:10:14.096, 164.02, 100, 4477
2026/08/25 20:10:15.096, 164.18, 100, 4477
2026/08/25 20:10:16.097, 163.89, 100, 4477
2026/08/25 20:10:17.097, 164.14, 100, 4477
2026/08/25 20:10:18.097, 163.90, 100, 4477
2026/08/25 20:10:19.097, 163.80, 99, 4477
2026/08/25 20:10:20.097, 164.10, 100, 4477
2026/08/25 20:10:21.098, 164.04, 100, 4477
2026/08/25 20:10:22.098, 164.00, 100, 4477
2026/08/25 20:10:23.098, 164.14, 100, 4477
2026/08/25 20:10:24.098, 164.23, 100, 4477
2026/08/25 20:10:25.098, 152.43, 98, 4477
2026/08/25 20:10:26.098, 158.41, 100, 4477
2026/08/25 20:10:27.099, 158.55, 100, 4477
2026/08/25 20:10:28.099, 158.34, 98, 4477
2026/08/25 20:10:29.099, 158.69, 100, 4477
2026/08/25 20:10:30.099, 158.30, 100, 4477
2026/08/25 20:10:31.100, 157.85, 98, 4477
2026/08/25 20:10:32.100, 158.66, 100, 4477
2026/08/25 20:10:33.100, 158.30, 100, 4477
2026/08/25 20:10:34.100, 157.68, 98, 4477
2026/08/25 20:10:35.100, 158.12, 100, 4477
2026/08/25 20:10:36.100, 157.96, 100, 4477
2026/08/25 20:10:37.101, 157.71, 98, 4477
2026/08/25 20:10:38.101, 158.12, 100, 4477
2026/08/25 20:10:39.101, 158.39, 100, 4477
2026/08/25 20:10:40.101, 158.25, 98, 4477
2026/08/25 20:10:41.101, 157.14, 100, 4477
2026/08/25 20:10:42.101, 158.19, 100, 4477
2026/08/25 20:10:43.102, 157.65, 98, 4477
2026/08/25 20:10:44.102, 158.21, 100, 4477
2026/08/25 20:10:45.102, 158.21, 100, 4477
2026/08/25 20:10:46.102, 157.37, 98, 4477
2026/08/25 20:10:47.102, 158.10, 100, 4477
2026/08/25 20:10:48.102, 158.21, 100, 4477
2026/08/25 20:10:49.103, 157.83, 97, 4477
2026/08/25 20:10:50.103, 158.86, 100, 4477
2026/08/25 20:10:51.103, 158.18, 99, 4477
2026/08/25 20:10:52.103, 157.84, 98, 4477
2026/08/25 20:10:53.103, 158.66, 100, 4477
2026/08/25 20:10:54.104, 157.59, 98, 4477
2026/08/25 20:10:55.104, 157.85, 100, 4477
2026/08/25 20:10:56.104, 158.06, 100, 4477
2026/08/25 20:10:57.104, 157.88, 98, 4477
2026/08/25 20:10:58.105, 157.94, 100, 4477
2026/08/25 20:10:59.105, 158.22, 100, 4477
2026/08/25 20:11:00.105, 157.74, 98, 4477
2026/08/25 20:11:01.105, 158.09, 100, 4477
2026/08/25 20:11:02.105, 158.06, 100, 4477
2026/08/25 20:11:03.105, 158.23, 98, 4477
2026/08/25 20:11:04.106, 158.54, 100, 4477
2026/08/25 20:11:05.106, 158.40, 100, 4477
2026/08/25 20:11:06.106, 158.23, 98, 4477
2026/08/25 20:11:07.106, 158.05, 100, 4477
2026/08/25 20:11:08.106, 158.14, 100, 4477
2026/08/25 20:11:09.107, 157.43, 98, 4477
2026/08/25 20:11:10.107, 157.75, 100, 4477
2026/08/25 20:11:11.107, 158.03, 100, 4477
2026/08/25 20:11:12.107, 157.17, 98, 4477
2026/08/25 20:11:13.107, 157.73, 100, 4477
2026/08/25 20:11:14.108, 158.09, 100, 4477
2026/08/25 20:11:15.108, 157.26, 98, 4477
2026/08/25 20:11:16.108, 158.10, 100, 4477
2026/08/25 20:11:17.108, 158.09, 100, 4477
2026/08/25 20:11:18.108, 157.38, 98, 4477
2026/08/25 20:11:19.109, 158.28, 100, 4477
2026/08/25 20:11:20.109, 158.00, 100, 4477
2026/08/25 20:11:21.109, 157.44, 98, 4477
2026/08/25 20:11:22.109, 157.92, 100, 4477
2026/08/25 20:11:23.109, 157.92, 99, 4477
2026/08/25 20:11:24.110, 157.81, 98, 4477
2026/08/25 20:11:25.110, 158.80, 100, 4477
2026/08/25 20:11:26.110, 158.17, 98, 4477
2026/08/25 20:11:27.110, 158.30, 99, 4477
2026/08/25 20:11:28.110, 158.29, 100, 4477
2026/08/25 20:11:29.110, 158.38, 98, 4477
2026/08/25 20:11:30.111, 158.07, 100, 4477
2026/08/25 20:11:31.111, 158.17, 100, 4477
2026/08/25 20:11:32.111, 157.76, 98, 4477
2026/08/25 20:11:33.111, 158.04, 100, 4477
2026/08/25 20:11:34.111, 158.16, 100, 4477
2026/08/25 20:11:35.112, 158.32, 98, 4477
2026/08/25 20:11:36.112, 158.49, 100, 4477
2026/08/25 20:11:37.112, 158.22, 100, 4477
2026/08/25 20:11:38.112, 157.79, 98, 4477
2026/08/25 20:11:39.112, 158.19, 100, 4477
2026/08/25 20:11:40.113, 158.01, 100, 4477
2026/08/25 20:11:41.113, 157.35, 98, 4477
2026/08/25 20:11:42.113, 156.74, 100, 4477
2026/08/25 20:11:43.113, 158.24, 100, 4477
2026/08/25 20:11:44.113, 157.54, 98, 4477
2026/08/25 20:11:45.113, 158.06, 100, 4477
2026/08/25 20:11:46.114, 158.26, 100, 4477
2026/08/25 20:11:47.114, 157.37, 98, 4477
2026/08/25 20:11:48.114, 157.96, 100, 4477
2026/08/25 20:11:49.114, 158.26, 100, 4477
2026/08/25 20:11:50.114, 156.98, 98, 4477
2026/08/25 20:11:51.115, 158.75, 100, 4477
2026/08/25 20:11:52.115, 158.26, 98, 4477
2026/08/25 20:11:53.115, 157.86, 98, 4477
2026/08/25 20:11:54.115, 157.99, 100, 4477
2026/08/25 20:11:55.115, 157.80, 98, 4477
2026/08/25 20:11:56.116, 158.17, 100, 4477
2026/08/25 20:11:57.116, 157.89, 100, 4477
2026/08/25 20:11:58.116, 157.81, 98, 4477
2026/08/25 20:11:59.116, 157.98, 100, 4477
2026/08/25 20:12:00.125, 158.08, 100, 4477
2026/08/25 20:12:01.125, 157.60, 98, 4477
2026/08/25 20:12:02.126, 158.00, 100, 4477
2026/08/25 20:12:03.126, 157.85, 100, 4477
2026/08/25 20:12:04.126, 157.45, 98, 4477
2026/08/25 20:12:05.126, 158.04, 100, 4477
2026/08/25 20:12:06.126, 157.92, 100, 4477
2026/08/25 20:12:07.127, 157.49, 98, 4477
2026/08/25 20:12:08.127, 158.07, 100, 4477
2026/08/25 20:12:09.127, 157.99, 100, 4477
2026/08/25 20:12:10.127, 157.57, 98, 4477
2026/08/25 20:12:11.127, 158.11, 100, 4477
2026/08/25 20:12:12.128, 157.97, 100, 4477
2026/08/25 20:12:13.128, 158.17, 98, 4477
2026/08/25 20:12:14.128, 158.14, 100, 4477
2026/08/25 20:12:15.128, 158.04, 100, 4477
2026/08/25 20:12:16.128, 158.21, 98, 4477
2026/08/25 20:12:17.129, 158.10, 100, 4477
2026/08/25 20:12:18.129, 158.25, 100, 4477
2026/08/25 20:12:19.129, 157.82, 98, 4477
2026/08/25 20:12:20.129, 158.29, 100, 4477
2026/08/25 20:12:21.129, 158.21, 100, 4477
2026/08/25 20:12:22.130, 158.12, 98, 4477
2026/08/25 20:12:23.130, 158.96, 100, 4477
2026/08/25 20:12:24.130, 158.45, 98, 4477
2026/08/25 20:12:25.130, 157.96, 98, 4477
2026/08/25 20:12:26.130, 158.46, 100, 4477
2026/08/25 20:12:27.131, 157.98, 98, 4477
2026/08/25 20:12:28.131, 158.03, 99, 4477
2026/08/25 20:12:29.131, 158.16, 100, 4477
2026/08/25 20:12:30.131, 158.27, 98, 4477
2026/08/25 20:12:31.131, 158.27, 100, 4477
2026/08/25 20:12:32.132, 158.16, 100, 4477
2026/08/25 20:12:33.132, 157.80, 98, 4477
2026/08/25 20:12:34.132, 158.06, 100, 4477
2026/08/25 20:12:35.132, 158.05, 100, 4477
2026/08/25 20:12:36.132, 157.73, 98, 4477
2026/08/25 20:12:37.132, 158.06, 100, 4477
2026/08/25 20:12:38.133, 158.18, 100, 4477
2026/08/25 20:12:39.133, 158.02, 98, 4477
2026/08/25 20:12:40.133, 157.99, 100, 4477
2026/08/25 20:12:41.133, 158.00, 100, 4477
2026/08/25 20:12:42.133, 157.63, 98, 4477
2026/08/25 20:12:43.134, 157.91, 100, 4477
2026/08/25 20:12:44.134, 157.97, 100, 4477
2026/08/25 20:12:45.134, 157.53, 98, 4477
2026/08/25 20:12:46.134, 157.82, 100, 4477
2026/08/25 20:12:47.134, 158.05, 100, 4477
2026/08/25 20:12:48.135, 157.55, 98, 4477
2026/08/25 20:12:49.135, 158.21, 100, 4477
2026/08/25 20:12:50.135, 158.25, 100, 4477
2026/08/25 20:12:51.135, 156.27, 98, 4477
2026/08/25 20:12:52.135, 157.89, 100, 4477
2026/08/25 20:12:53.135, 157.84, 100, 4477
2026/08/25 20:12:54.136, 157.75, 98, 4477
2026/08/25 20:12:55.136, 157.87, 100, 4477
2026/08/25 20:12:56.136, 157.69, 99, 4477
2026/08/25 20:12:57.136, 157.32, 98, 4477
2026/08/25 20:12:58.136, 157.91, 100, 4477
2026/08/25 20:12:59.137, 157.65, 98, 4477
2026/08/25 20:13:00.137, 158.04, 100, 4477
2026/08/25 20:13:01.137, 158.03, 100, 4477
2026/08/25 20:13:02.137, 157.51, 98, 4477
2026/08/25 20:13:03.137, 157.73, 100, 4477
2026/08/25 20:13:04.138, 157.82, 100, 4477
2026/08/25 20:13:05.138, 157.41, 98, 4477
2026/08/25 20:13:06.138, 157.82, 100, 4477
2026/08/25 20:13:07.138, 158.01, 100, 4477
2026/08/25 20:13:08.138, 157.48, 98, 4477
2026/08/25 20:13:09.139, 157.97, 100, 4477
2026/08/25 20:13:10.139, 157.85, 100, 4477
2026/08/25 20:13:11.139, 157.38, 98, 4477
2026/08/25 20:13:12.139, 157.86, 100, 4477
2026/08/25 20:13:13.140, 157.94, 100, 4477
2026/08/25 20:13:14.140, 157.39, 98, 4477
2026/08/25 20:13:15.140, 157.88, 100, 4477
2026/08/25 20:13:16.140, 157.51, 100, 4477
2026/08/25 20:13:17.140, 157.28, 98, 4477
2026/08/25 20:13:18.140, 158.09, 100, 4477
2026/08/25 20:13:19.141, 158.01, 100, 4477
2026/08/25 20:13:20.141, 157.22, 98, 4477
2026/08/25 20:13:21.141, 157.94, 100, 4477
2026/08/25 20:13:22.141, 157.82, 100, 4477
2026/08/25 20:13:23.142, 157.39, 98, 4477
2026/08/25 20:13:24.142, 157.84, 100, 4477
2026/08/25 20:13:25.142, 157.62, 100, 4477
2026/08/25 20:13:26.142, 157.59, 98, 4477
2026/08/25 20:13:27.142, 157.99, 100, 4477
2026/08/25 20:13:28.142, 157.85, 98, 4477
2026/08/25 20:13:29.143, 157.97, 99, 4477
2026/08/25 20:13:30.143, 157.83, 100, 4477
2026/08/25 20:13:31.143, 157.13, 98, 4477
2026/08/25 20:13:32.143, 157.74, 100, 4477
2026/08/25 20:13:33.143, 158.29, 100, 4477
2026/08/25 20:13:34.143, 157.80, 98, 4477
2026/08/25 20:13:35.144, 158.08, 100, 4477
2026/08/25 20:13:36.144, 157.08, 100, 4477
2026/08/25 20:13:37.144, 157.50, 98, 4477
2026/08/25 20:13:38.144, 158.18, 100, 4477
2026/08/25 20:13:39.144, 158.15, 100, 4477
2026/08/25 20:13:40.145, 157.42, 98, 4477
2026/08/25 20:13:41.145, 158.65, 100, 4477
2026/08/25 20:13:42.145, 158.10, 100, 4477
2026/08/25 20:13:43.145, 157.53, 98, 4477
2026/08/25 20:13:44.145, 158.07, 100, 4477
2026/08/25 20:13:45.146, 158.03, 100, 4477
2026/08/25 20:13:46.146, 157.54, 98, 4477
2026/08/25 20:13:47.146, 158.92, 100, 4477
2026/08/25 20:13:48.146, 158.61, 100, 4477
2026/08/25 20:13:49.146, 157.77, 98, 4477
2026/08/25 20:13:50.146, 158.88, 100, 4477
2026/08/25 20:13:51.147, 158.36, 100, 4477
2026/08/25 20:13:52.147, 157.69, 98, 4477
2026/08/25 20:13:53.147, 158.03, 100, 4477
2026/08/25 20:13:54.147, 158.10, 100, 4477
2026/08/25 20:13:55.147, 157.89, 98, 4477
2026/08/25 20:13:56.147, 158.35, 100, 4477
2026/08/25 20:13:57.148, 158.24, 98, 4477
2026/08/25 20:13:58.148, 157.71, 99, 4477
2026/08/25 20:13:59.148, 158.35, 100, 4477
2026/08/25 20:14:00.148, 158.09, 98, 4477
2026/08/25 20:14:01.148, 158.07, 100, 4477
2026/08/25 20:14:02.149, 158.41, 100, 4477
2026/08/25 20:14:03.149, 158.10, 98, 4477
2026/08/25 20:14:04.149, 158.14, 100, 4477
2026/08/25 20:14:05.149, 158.37, 100, 4477
2026/08/25 20:14:06.149, 158.34, 98, 4477
2026/08/25 20:14:07.149, 158.67, 100, 4477
2026/08/25 20:14:08.150, 158.47, 100, 4477
2026/08/25 20:14:09.150, 157.85, 98, 4477
2026/08/25 20:14:10.150, 158.26, 100, 4477
2026/08/25 20:14:11.150, 158.36, 100, 4477
2026/08/25 20:14:12.150, 158.24, 98, 4477
2026/08/25 20:14:13.150, 158.60, 100, 4477
2026/08/25 20:14:14.151, 158.41, 100, 4477
2026/08/25 20:14:15.151, 158.44, 98, 4477
2026/08/25 20:14:16.151, 158.22, 100, 4477
2026/08/25 20:14:17.151, 158.29, 100, 4477
2026/08/25 20:14:18.151, 157.68, 98, 4477
2026/08/25 20:14:19.152, 158.20, 100, 4477
2026/08/25 20:14:20.152, 158.29, 100, 4477
2026/08/25 20:14:21.152, 158.27, 98, 4477
2026/08/25 20:14:22.152, 157.68, 100, 4477
2026/08/25 20:14:23.153, 158.02, 100, 4477
2026/08/25 20:14:24.153, 158.24, 98, 4477
2026/08/25 20:14:25.153, 157.73, 100, 4477
2026/08/25 20:14:26.153, 158.37, 100, 4477
2026/08/25 20:14:27.153, 158.27, 98, 4477
2026/08/25 20:14:28.162, 157.70, 100, 4477
2026/08/25 20:14:29.162, 158.02, 100, 4477
2026/08/25 20:14:30.162, 158.26, 98, 4477
2026/08/25 20:14:31.163, 157.62, 100, 4477
2026/08/25 20:14:32.163, 158.17, 99, 4477
2026/08/25 20:14:33.171, 157.97, 100, 4477
2026/08/25 20:14:34.172, 157.99, 98, 4477
2026/08/25 20:14:35.172, 158.95, 100, 4477
2026/08/25 20:14:36.172, 158.45, 99, 4477
2026/08/25 20:14:37.172, 157.90, 98, 4477
2026/08/25 20:14:38.173, 158.67, 100, 4477
2026/08/25 20:14:39.173, 158.41, 98, 4477
2026/08/25 20:14:40.173, 158.48, 100, 4477
2026/08/25 20:14:41.173, 158.62, 100, 4477
2026/08/25 20:14:42.173, 157.93, 98, 4477
2026/08/25 20:14:43.174, 158.21, 100, 4477
2026/08/25 20:14:44.174, 158.45, 100, 4477
2026/08/25 20:14:45.174, 156.67, 98, 4477
2026/08/25 20:14:46.174, 158.77, 100, 4477
2026/08/25 20:14:47.174, 160.90, 100, 4477
2026/08/25 20:14:48.174, 163.54, 99, 4477
2026/08/25 20:14:49.175, 163.46, 99, 4477
2026/08/25 20:14:50.175, 163.55, 99, 4477
2026/08/25 20:14:51.175, 163.62, 99, 4477
2026/08/25 20:14:52.175, 163.26, 100, 4477
2026/08/25 20:14:53.176, 163.72, 100, 4477
2026/08/25 20:14:54.176, 163.88, 100, 4477
2026/08/25 20:14:55.176, 163.41, 99, 4477
2026/08/25 20:14:56.176, 163.80, 99, 4477
2026/08/25 20:14:57.176, 163.54, 98, 4477
2026/08/25 20:14:58.176, 163.64, 100, 4477
2026/08/25 20:14:59.177, 163.74, 100, 4477
2026/08/25 20:15:00.177, 163.39, 100, 4477
2026/08/25 20:15:01.177, 163.53, 100, 4477
2026/08/25 20:15:02.177, 163.50, 99, 4477
2026/08/25 20:15:03.177, 163.56, 100, 4477
2026/08/25 20:15:04.178, 163.95, 100, 4477
2026/08/25 20:15:05.178, 163.88, 100, 4477
2026/08/25 20:15:06.178, 163.74, 100, 4477
2026/08/25 20:15:07.178, 163.87, 100, 4477
2026/08/25 20:15:08.178, 163.80, 99, 4477
2026/08/25 20:15:09.179, 163.83, 100, 4477
2026/08/25 20:15:10.179, 163.75, 100, 4477
2026/08/25 20:15:11.179, 163.64, 99, 4477
2026/08/25 20:15:12.179, 163.81, 100, 4477
2026/08/25 20:15:13.179, 163.88, 100, 4477
2026/08/25 20:15:14.180, 163.46, 100, 4477
2026/08/25 20:15:15.180, 163.90, 99, 4477
2026/08/25 20:15:16.180, 163.78, 99, 4477
2026/08/25 20:15:17.180, 152.34, 98, 4477
2026/08/25 20:15:18.180, 158.62, 100, 4477
2026/08/25 20:15:19.180, 158.49, 100, 4477
2026/08/25 20:15:20.181, 157.91, 98, 4477
2026/08/25 20:15:21.181, 158.61, 100, 4477
2026/08/25 20:15:22.181, 158.34, 98, 4477
2026/08/25 20:15:23.181, 157.49, 100, 4477
2026/08/25 20:15:24.181, 158.65, 100, 4477
2026/08/25 20:15:25.182, 158.12, 98, 4477
2026/08/25 20:15:26.182, 159.05, 100, 4477
2026/08/25 20:15:27.182, 158.65, 100, 4477
2026/08/25 20:15:28.182, 158.25, 98, 4477
2026/08/25 20:15:29.182, 158.54, 100, 4477
2026/08/25 20:15:30.182, 158.80, 100, 4477
2026/08/25 20:15:31.183, 158.05, 98, 4477
2026/08/25 20:15:32.183, 158.46, 100, 4477
2026/08/25 20:15:33.183, 158.49, 100, 4477
2026/08/25 20:15:34.183, 158.09, 98, 4477
2026/08/25 20:15:35.183, 158.72, 100, 4477
2026/08/25 20:15:36.183, 158.50, 100, 4477
2026/08/25 20:15:37.184, 158.14, 98, 4477
2026/08/25 20:15:38.184, 158.36, 100, 4477
2026/08/25 20:15:39.184, 158.40, 100, 4477
2026/08/25 20:15:40.184, 157.74, 98, 4477
2026/08/25 20:15:41.184, 158.39, 100, 4477
2026/08/25 20:15:42.185, 158.48, 100, 4477
2026/08/25 20:15:43.185, 157.80, 97, 4477
2026/08/25 20:15:44.185, 158.45, 100, 4477
2026/08/25 20:15:45.185, 158.74, 100, 4477
2026/08/25 20:15:46.185, 156.52, 98, 4477
2026/08/25 20:15:47.186, 158.41, 100, 4477
2026/08/25 20:15:48.186, 158.21, 100, 4477
2026/08/25 20:15:49.186, 158.21, 98, 4477
2026/08/25 20:15:50.186, 158.72, 100, 4477
2026/08/25 20:15:51.186, 158.42, 98, 4477
2026/08/25 20:15:52.186, 158.01, 98, 4477
2026/08/25 20:15:53.187, 158.63, 100, 4477
2026/08/25 20:15:54.187, 158.01, 98, 4477
2026/08/25 20:15:55.187, 158.30, 100, 4477
2026/08/25 20:15:56.187, 158.33, 100, 4477
2026/08/25 20:15:57.188, 157.86, 98, 4477
2026/08/25 20:15:58.188, 158.25, 100, 4477
2026/08/25 20:15:59.188, 158.45, 100, 4477
2026/08/25 20:16:00.188, 157.88, 98, 4477
2026/08/25 20:16:01.188, 158.16, 100, 4477
2026/08/25 20:16:02.189, 158.11, 100, 4477
2026/08/25 20:16:03.189, 157.96, 98, 4477
2026/08/25 20:16:04.189, 158.28, 100, 4477
2026/08/25 20:16:05.189, 157.97, 100, 4477
2026/08/25 20:16:06.189, 157.53, 98, 4477
2026/08/25 20:16:07.189, 157.97, 100, 4477
2026/08/25 20:16:08.190, 158.27, 100, 4477
2026/08/25 20:16:09.190, 157.50, 97, 4477
2026/08/25 20:16:10.190, 158.03, 100, 4477
2026/08/25 20:16:11.190, 157.72, 100, 4477
2026/08/25 20:16:12.190, 157.35, 98, 4477
2026/08/25 20:16:13.191, 158.11, 100, 4477
2026/08/25 20:16:14.191, 157.97, 100, 4477
2026/08/25 20:16:15.191, 157.26, 98, 4477
2026/08/25 20:16:16.191, 157.96, 100, 4477
2026/08/25 20:16:17.191, 158.01, 100, 4477
2026/08/25 20:16:18.192, 157.64, 98, 4477
2026/08/25 20:16:19.192, 158.22, 100, 4477
2026/08/25 20:16:20.192, 158.13, 99, 4477
2026/08/25 20:16:21.192, 157.75, 98, 4477
2026/08/25 20:16:22.192, 158.20, 100, 4477
2026/08/25 20:16:23.192, 158.07, 98, 4477
2026/08/25 20:16:24.193, 157.20, 100, 4477
2026/08/25 20:16:25.193, 158.09, 100, 4477
2026/08/25 20:16:26.193, 158.03, 98, 4477
2026/08/25 20:16:27.193, 158.47, 100, 4477
2026/08/25 20:16:28.193, 157.95, 100, 4477
2026/08/25 20:16:29.194, 158.14, 98, 4477
2026/08/25 20:16:30.194, 158.99, 100, 4477
2026/08/25 20:16:31.194, 158.37, 100, 4477
2026/08/25 20:16:32.194, 157.89, 98, 4477
2026/08/25 20:16:33.194, 158.44, 100, 4477
2026/08/25 20:16:34.195, 158.61, 100, 4477
2026/08/25 20:16:35.195, 157.95, 98, 4477
2026/08/25 20:16:36.195, 158.72, 100, 4477
2026/08/25 20:16:37.195, 158.42, 100, 4477
2026/08/25 20:16:38.195, 157.98, 98, 4477
2026/08/25 20:16:39.196, 158.36, 100, 4477
2026/08/25 20:16:40.196, 158.22, 100, 4477
2026/08/25 20:16:41.196, 157.71, 98, 4477
2026/08/25 20:16:42.196, 158.57, 100, 4477
2026/08/25 20:16:43.196, 158.58, 100, 4477
2026/08/25 20:16:44.197, 158.40, 98, 4477
2026/08/25 20:16:45.197, 158.34, 100, 4477
2026/08/25 20:16:46.197, 158.43, 100, 4477
2026/08/25 20:16:47.197, 157.87, 98, 4477
2026/08/25 20:16:48.197, 158.77, 100, 4477
2026/08/25 20:16:49.198, 158.29, 100, 4477
2026/08/25 20:16:50.198, 157.33, 97, 4477
2026/08/25 20:16:51.198, 158.18, 100, 4477
2026/08/25 20:16:52.198, 158.24, 100, 4477
2026/08/25 20:16:53.198, 157.66, 97, 4477
2026/08/25 20:16:54.199, 159.10, 100, 4477
2026/08/25 20:16:55.199, 158.37, 98, 4477
2026/08/25 20:16:56.199, 158.35, 99, 4477
2026/08/25 20:16:57.199, 158.40, 100, 4477
2026/08/25 20:16:58.199, 158.01, 98, 4477
2026/08/25 20:16:59.200, 158.12, 100, 4477
2026/08/25 20:17:00.200, 158.38, 100, 4477
2026/08/25 20:17:01.200, 158.32, 98, 4477
2026/08/25 20:17:02.200, 158.29, 100, 4477
2026/08/25 20:17:03.200, 158.63, 100, 4477
2026/08/25 20:17:04.201, 157.98, 98, 4477
2026/08/25 20:17:05.201, 158.35, 100, 4477
2026/08/25 20:17:06.201, 158.59, 100, 4477
2026/08/25 20:17:07.201, 157.86, 97, 4477
2026/08/25 20:17:08.201, 158.13, 100, 4477
2026/08/25 20:17:09.202, 158.55, 100, 4477
2026/08/25 20:17:10.202, 157.83, 98, 4477
2026/08/25 20:17:11.202, 158.17, 100, 4477
2026/08/25 20:17:12.202, 158.46, 100, 4477
2026/08/25 20:17:13.202, 158.45, 98, 4477
2026/08/25 20:17:14.202, 158.42, 100, 4477
2026/08/25 20:17:15.203, 158.55, 100, 4477
2026/08/25 20:17:16.203, 158.01, 98, 4477
2026/08/25 20:17:17.203, 157.47, 100, 4477
2026/08/25 20:17:18.203, 158.61, 100, 4477
2026/08/25 20:17:19.203, 157.90, 98, 4477
2026/08/25 20:17:20.203, 158.43, 100, 4477
2026/08/25 20:17:21.204, 158.42, 100, 4477
2026/08/25 20:17:22.204, 157.87, 98, 4477
2026/08/25 20:17:23.204, 158.34, 100, 4477
2026/08/25 20:17:24.204, 158.66, 100, 4477
2026/08/25 20:17:25.204, 157.75, 98, 4477
2026/08/25 20:17:26.204, 158.42, 100, 4477
2026/08/25 20:17:27.205, 158.37, 100, 4477
2026/08/25 20:17:28.205, 157.60, 97, 4477
2026/08/25 20:17:29.205, 158.40, 100, 4477
2026/08/25 20:17:30.205, 158.50, 99, 4477
2026/08/25 20:17:31.205, 158.06, 98, 4477
2026/08/25 20:17:32.206, 158.80, 100, 4477
2026/08/25 20:17:33.206, 158.13, 98, 4477
2026/08/25 20:17:34.206, 158.54, 100, 4477
2026/08/25 20:17:35.206, 158.64, 100, 4477
2026/08/25 20:17:36.206, 158.55, 98, 4477
2026/08/25 20:17:37.207, 158.72, 100, 4477
2026/08/25 20:17:38.207, 158.31, 100, 4477
2026/08/25 20:17:39.207, 158.18, 98, 4477
2026/08/25 20:17:40.207, 158.78, 100, 4477
2026/08/25 20:17:41.207, 158.30, 100, 4477
2026/08/25 20:17:42.207, 158.41, 98, 4477
2026/08/25 20:17:43.208, 158.39, 100, 4477
2026/08/25 20:17:44.208, 158.42, 100, 4477
2026/08/25 20:17:45.208, 157.70, 98, 4477
2026/08/25 20:17:46.208, 158.36, 100, 4477
2026/08/25 20:17:47.208, 158.27, 100, 4477
2026/08/25 20:17:48.209, 157.86, 98, 4477
2026/08/25 20:17:49.209, 158.33, 100, 4477
2026/08/25 20:17:50.209, 158.48, 100, 4477
2026/08/25 20:17:51.209, 157.91, 98, 4477
2026/08/25 20:17:52.209, 158.38, 100, 4477
2026/08/25 20:17:53.210, 158.46, 100, 4477
2026/08/25 20:17:54.210, 157.83, 98, 4477
2026/08/25 20:17:55.210, 158.32, 100, 4477
2026/08/25 20:17:56.210, 158.46, 100, 4477
2026/08/25 20:17:57.210, 157.67, 98, 4477
2026/08/25 20:17:58.210, 158.25, 100, 4477
2026/08/25 20:17:59.211, 158.11, 100, 4477
2026/08/25 20:18:00.211, 157.70, 98, 4477
2026/08/25 20:18:01.211, 158.26, 100, 4477
2026/08/25 20:18:02.211, 158.42, 100, 4477
2026/08/25 20:18:03.211, 158.00, 98, 4477
2026/08/25 20:18:04.212, 158.51, 100, 4477
2026/08/25 20:18:05.212, 158.21, 100, 4477
2026/08/25 20:18:06.212, 157.71, 98, 4477
2026/08/25 20:18:07.212, 158.50, 100, 4477
2026/08/25 20:18:08.212, 158.39, 99, 4477
2026/08/25 20:18:09.212, 158.15, 98, 4477
2026/08/25 20:18:10.213, 158.99, 100, 4477
2026/08/25 20:18:11.213, 158.38, 98, 4477
2026/08/25 20:18:12.213, 158.46, 100, 4477
2026/08/25 20:18:13.213, 158.56, 100, 4477
2026/08/25 20:18:14.214, 158.65, 98, 4477
2026/08/25 20:18:15.214, 158.75, 100, 4477
2026/08/25 20:18:16.214, 158.90, 100, 4477
2026/08/25 20:18:17.214, 158.30, 98, 4477
2026/08/25 20:18:18.214, 158.55, 100, 4477
2026/08/25 20:18:19.214, 158.69, 100, 4477
2026/08/25 20:18:20.215, 158.08, 98, 4477
2026/08/25 20:18:21.215, 158.47, 100, 4477
2026/08/25 20:18:22.215, 158.57, 100, 4477
2026/08/25 20:18:23.215, 157.96, 98, 4477
2026/08/25 20:18:24.215, 158.59, 100, 4477
2026/08/25 20:18:25.216, 158.60, 100, 4477
2026/08/25 20:18:26.216, 158.04, 98, 4477
2026/08/25 20:18:27.216, 158.66, 100, 4477
2026/08/25 20:18:28.216, 158.61, 100, 4477
2026/08/25 20:18:29.216, 158.50, 98, 4477
2026/08/25 20:18:30.217, 158.85, 100, 4477
2026/08/25 20:18:31.217, 157.31, 100, 4477
2026/08/25 20:18:32.217, 157.77, 98, 4477
2026/08/25 20:18:33.217, 158.67, 100, 4477
2026/08/25 20:18:34.217, 158.37, 100, 4477
2026/08/25 20:18:35.218, 157.81, 98, 4477
2026/08/25 20:18:36.218, 158.29, 100, 4477
2026/08/25 20:18:37.218, 157.28, 100, 4477
2026/08/25 20:18:38.218, 157.50, 98, 4477
2026/08/25 20:18:39.219, 158.03, 100, 4477
2026/08/25 20:18:40.219, 158.01, 100, 4477
2026/08/25 20:18:41.219, 157.68, 97, 4477
2026/08/25 20:18:42.219, 158.68, 100, 4477
2026/08/25 20:18:43.219, 158.16, 98, 4477
2026/08/25 20:18:44.220, 158.16, 99, 4477
2026/08/25 20:18:45.220, 158.34, 100, 4477
2026/08/25 20:18:46.220, 157.85, 98, 4477
2026/08/25 20:18:47.220, 158.26, 100, 4477
2026/08/25 20:18:48.220, 158.43, 100, 4477
2026/08/25 20:18:49.220, 157.88, 98, 4477
2026/08/25 20:18:50.221, 158.45, 100, 4477
2026/08/25 20:18:51.221, 158.43, 100, 4477
2026/08/25 20:18:52.221, 158.43, 98, 4477
2026/08/25 20:18:53.221, 158.60, 100, 4477
2026/08/25 20:18:54.221, 158.20, 100, 4477
2026/08/25 20:18:55.222, 157.79, 98, 4477
2026/08/25 20:18:56.222, 158.14, 100, 4477
2026/08/25 20:18:57.222, 158.27, 100, 4477
2026/08/25 20:18:58.222, 158.20, 98, 4477
2026/08/25 20:18:59.223, 158.07, 100, 4477
2026/08/25 20:19:00.223, 158.28, 100, 4477
2026/08/25 20:19:01.223, 157.72, 98, 4477
2026/08/25 20:19:02.223, 158.27, 100, 4477
2026/08/25 20:19:03.223, 158.38, 100, 4477
2026/08/25 20:19:04.223, 157.68, 98, 4477
2026/08/25 20:19:05.224, 158.03, 100, 4477
2026/08/25 20:19:06.224, 158.42, 100, 4477
2026/08/25 20:19:07.224, 157.73, 98, 4477
2026/08/25 20:19:08.224, 158.12, 100, 4477
2026/08/25 20:19:09.224, 158.14, 100, 4477
2026/08/25 20:19:10.225, 157.51, 98, 4477
2026/08/25 20:19:11.225, 158.16, 100, 4477
2026/08/25 20:19:12.225, 158.23, 100, 4477
2026/08/25 20:19:13.225, 157.57, 98, 4477
2026/08/25 20:19:14.225, 158.16, 100, 4477
2026/08/25 20:19:15.226, 158.15, 100, 4477
2026/08/25 20:19:16.226, 157.38, 98, 4477
2026/08/25 20:19:17.226, 158.29, 100, 4477
2026/08/25 20:19:18.226, 158.08, 100, 4477
2026/08/25 20:19:19.226, 157.71, 98, 4477
2026/08/25 20:19:20.226, 158.21, 100, 4477
2026/08/25 20:19:21.227, 157.76, 99, 4477
2026/08/25 20:19:22.227, 157.60, 98, 4477
2026/08/25 20:19:23.227, 158.18, 100, 4477
2026/08/25 20:19:24.227, 157.87, 98, 4477
2026/08/25 20:19:25.227, 158.09, 99, 4477
2026/08/25 20:19:26.228, 158.23, 100, 4477
2026/08/25 20:19:27.228, 157.80, 98, 4477
2026/08/25 20:19:28.228, 158.20, 100, 4477
2026/08/25 20:19:29.228, 158.29, 100, 4477
2026/08/25 20:19:30.228, 157.98, 98, 4477
2026/08/25 20:19:31.229, 158.25, 100, 4477
2026/08/25 20:19:32.229, 158.33, 100, 4477
2026/08/25 20:19:33.229, 158.14, 98, 4477
2026/08/25 20:19:34.229, 158.33, 100, 4477
2026/08/25 20:19:35.229, 158.40, 100, 4477
2026/08/25 20:19:36.229, 156.65, 98, 4477
2026/08/25 20:19:37.230, 158.35, 100, 4477
2026/08/25 20:19:38.230, 158.33, 100, 4477
2026/08/25 20:19:39.230, 160.54, 99, 4477
2026/08/25 20:19:40.230, 163.64, 100, 4477
2026/08/25 20:19:41.230, 163.40, 100, 4477
2026/08/25 20:19:42.231, 163.79, 100, 4477
2026/08/25 20:19:43.231, 163.76, 100, 4477
2026/08/25 20:19:44.231, 163.61, 99, 4477
2026/08/25 20:19:45.231, 163.69, 99, 4477
2026/08/25 20:19:46.231, 163.79, 99, 4477
2026/08/25 20:19:47.231, 163.69, 100, 4477
2026/08/25 20:19:48.232, 163.71, 100, 4477
2026/08/25 20:19:49.232, 163.79, 100, 4477
2026/08/25 20:19:50.232, 163.60, 99, 4477
2026/08/25 20:19:51.232, 163.66, 99, 4477
2026/08/25 20:19:52.232, 163.59, 99, 4477
2026/08/25 20:19:53.233, 163.65, 100, 4477
2026/08/25 20:19:54.233, 163.63, 100, 4477
2026/08/25 20:19:55.233, 163.67, 100, 4477
2026/08/25 20:19:56.233, 163.72, 100, 4477
2026/08/25 20:19:57.233, 163.69, 100, 4477
2026/08/25 20:19:58.234, 163.52, 99, 4477
2026/08/25 20:19:59.234, 163.74, 99, 4477
2026/08/25 20:20:00.234, 163.81, 99, 4477
2026/08/25 20:20:01.234, 163.32, 100, 4477
2026/08/25 20:20:02.234, 163.62, 100, 4477
2026/08/25 20:20:03.234, 163.71, 100, 4477
2026/08/25 20:20:04.235, 163.82, 99, 4477
2026/08/25 20:20:05.235, 163.86, 99, 4477
2026/08/25 20:20:06.235, 163.56, 99, 4477
2026/08/25 20:20:07.235, 163.77, 99, 4477
2026/08/25 20:20:08.235, 163.85, 100, 4477
2026/08/25 20:20:09.235, 153.37, 100, 4477
2026/08/25 20:20:10.236, 158.32, 100, 4477
2026/08/25 20:20:11.236, 157.75, 98, 4477
2026/08/25 20:20:12.236, 158.56, 100, 4477
2026/08/25 20:20:13.236, 158.16, 100, 4477
2026/08/25 20:20:14.236, 157.64, 98, 4477
2026/08/25 20:20:15.237, 158.43, 100, 4477
2026/08/25 20:20:16.237, 158.27, 99, 4477
2026/08/25 20:20:17.237, 157.78, 98, 4477
2026/08/25 20:20:18.237, 158.11, 100, 4477
2026/08/25 20:20:19.237, 158.22, 98, 4477
2026/08/25 20:20:20.237, 158.34, 100, 4477
2026/08/25 20:20:21.238, 158.22, 100, 4477
2026/08/25 20:20:22.238, 158.22, 98, 4477
2026/08/25 20:20:23.238, 158.09, 100, 4477
2026/08/25 20:20:24.238, 158.45, 100, 4477
2026/08/25 20:20:25.238, 158.44, 98, 4477
2026/08/25 20:20:26.238, 158.33, 100, 4477
2026/08/25 20:20:27.239, 158.37, 100, 4477
2026/08/25 20:20:28.239, 157.79, 98, 4477
2026/08/25 20:20:29.239, 158.20, 100, 4477
2026/08/25 20:20:30.239, 158.16, 100, 4477
2026/08/25 20:20:31.239, 157.78, 98, 4477
2026/08/25 20:20:32.239, 158.13, 100, 4477
2026/08/25 20:20:33.240, 158.10, 100, 4477
2026/08/25 20:20:34.240, 157.71, 97, 4477
2026/08/25 20:20:35.240, 158.20, 100, 4477
2026/08/25 20:20:36.240, 158.25, 100, 4477
2026/08/25 20:20:37.240, 157.55, 98, 4477
2026/08/25 20:20:38.241, 158.18, 100, 4477
2026/08/25 20:20:39.241, 158.18, 100, 4477
2026/08/25 20:20:40.241, 157.79, 98, 4477
2026/08/25 20:20:41.241, 158.32, 100, 4477
2026/08/25 20:20:42.241, 157.27, 100, 4477
2026/08/25 20:20:43.242, 157.53, 98, 4477
2026/08/25 20:20:44.242, 158.17, 100, 4477
2026/08/25 20:20:45.242, 157.93, 100, 4477
2026/08/25 20:20:46.242, 157.35, 98, 4477
2026/08/25 20:20:47.242, 157.98, 100, 4477
2026/08/25 20:20:48.243, 157.98, 98, 4477
2026/08/25 20:20:49.243, 158.05, 99, 4477
2026/08/25 20:20:50.243, 158.47, 100, 4477
2026/08/25 20:20:51.243, 158.12, 97, 4477
2026/08/25 20:20:52.243, 158.13, 100, 4477
2026/08/25 20:20:53.244, 158.21, 100, 4477
2026/08/25 20:20:54.244, 157.68, 98, 4477
2026/08/25 20:20:55.244, 158.12, 100, 4477
2026/08/25 20:20:56.244, 158.11, 100, 4477
2026/08/25 20:20:57.244, 158.16, 98, 4477
2026/08/25 20:20:58.244, 158.44, 100, 4477
2026/08/25 20:20:59.245, 158.40, 100, 4477
2026/08/25 20:21:00.245, 158.13, 98, 4477
2026/08/25 20:21:01.245, 158.20, 100, 4477
2026/08/25 20:21:02.245, 158.13, 100, 4477
2026/08/25 20:21:03.245, 157.45, 97, 4477
2026/08/25 20:21:04.246, 158.18, 100, 4477
2026/08/25 20:21:05.246, 158.00, 100, 4477
2026/08/25 20:21:06.246, 157.17, 97, 4477
2026/08/25 20:21:07.246, 158.08, 100, 4477
2026/08/25 20:21:08.246, 157.18, 100, 4477
2026/08/25 20:21:09.247, 157.41, 98, 4477
2026/08/25 20:21:10.247, 158.72, 100, 4477
2026/08/25 20:21:11.247, 158.19, 100, 4477
2026/08/25 20:21:12.247, 157.74, 98, 4477
2026/08/25 20:21:13.247, 157.93, 100, 4477
2026/08/25 20:21:14.247, 157.92, 98, 4477
2026/08/25 20:21:15.248, 157.99, 98, 4477
2026/08/25 20:21:16.248, 158.34, 100, 4477
2026/08/25 20:21:17.248, 157.93, 98, 4477
2026/08/25 20:21:18.248, 158.32, 100, 4477
2026/08/25 20:21:19.248, 158.27, 100, 4477
2026/08/25 20:21:20.249, 158.27, 98, 4477
2026/08/25 20:21:21.249, 158.58, 100, 4477
2026/08/25 20:21:22.249, 158.35, 100, 4477
2026/08/25 20:21:23.249, 158.20, 98, 4477
2026/08/25 20:21:24.249, 158.25, 100, 4477
2026/08/25 20:21:25.250, 158.26, 100, 4477
2026/08/25 20:21:26.250, 157.85, 98, 4477
2026/08/25 20:21:27.250, 158.07, 100, 4477
2026/08/25 20:21:28.250, 158.17, 100, 4477
2026/08/25 20:21:29.250, 157.87, 98, 4477
2026/08/25 20:21:30.250, 158.43, 100, 4477
2026/08/25 20:21:31.251, 158.16, 100, 4477
2026/08/25 20:21:32.251, 157.70, 98, 4477
2026/08/25 20:21:33.251, 158.14, 100, 4477
2026/08/25 20:21:34.251, 157.99, 100, 4477
2026/08/25 20:21:35.251, 157.79, 98, 4477
2026/08/25 20:21:36.252, 158.11, 100, 4477
2026/08/25 20:21:37.252, 158.14, 100, 4477
2026/08/25 20:21:38.252, 158.41, 98, 4477
2026/08/25 20:21:39.252, 157.56, 100, 4477
2026/08/25 20:21:40.252, 158.46, 100, 4477
2026/08/25 20:21:41.252, 158.13, 98, 4477
2026/08/25 20:21:42.253, 157.54, 100, 4477
2026/08/25 20:21:43.253, 158.53, 100, 4477
2026/08/25 20:21:44.253, 158.30, 98, 4477
2026/08/25 20:21:45.253, 157.47, 100, 4477
2026/08/25 20:21:46.253, 158.24, 100, 4477
2026/08/25 20:21:47.254, 157.91, 98, 4477
2026/08/25 20:21:48.254, 157.48, 100, 4477
2026/08/25 20:21:49.254, 158.04, 100, 4477
2026/08/25 20:21:50.254, 157.93, 98, 4477
2026/08/25 20:21:51.254, 157.25, 100, 4477
2026/08/25 20:21:52.254, 157.93, 99, 4477
2026/08/25 20:21:53.255, 157.90, 98, 4477
2026/08/25 20:21:54.255, 157.05, 100, 4477
2026/08/25 20:21:55.255, 158.17, 100, 4477
2026/08/25 20:21:56.255, 157.98, 99, 4477
2026/08/25 20:21:57.255, 157.54, 98, 4477
2026/08/25 20:21:58.256, 158.26, 100, 4477
2026/08/25 20:21:59.256, 158.26, 98, 4477
2026/08/25 20:22:00.256, 157.96, 98, 4477
2026/08/25 20:22:01.256, 158.74, 100, 4477
2026/08/25 20:22:02.256, 157.84, 98, 4477
2026/08/25 20:22:03.256, 158.13, 99, 4477
2026/08/25 20:22:04.257, 158.30, 100, 4477
2026/08/25 20:22:05.257, 158.09, 98, 4477
2026/08/25 20:22:06.257, 158.10, 100, 4477
2026/08/25 20:22:07.257, 158.01, 100, 4477
2026/08/25 20:22:08.257, 156.67, 98, 4477
2026/08/25 20:22:09.258, 158.21, 100, 4477
2026/08/25 20:22:10.258, 158.17, 100, 4477
2026/08/25 20:22:11.258, 158.39, 98, 4477
2026/08/25 20:22:12.258, 158.60, 100, 4477
2026/08/25 20:22:13.258, 158.06, 100, 4477
2026/08/25 20:22:14.258, 158.03, 98, 4477
2026/08/25 20:22:15.259, 158.17, 100, 4477
2026/08/25 20:22:16.259, 158.01, 100, 4477
2026/08/25 20:22:17.259, 157.45, 98, 4477
2026/08/25 20:22:18.259, 158.16, 100, 4477
2026/08/25 20:22:19.259, 158.00, 100, 4477
2026/08/25 20:22:20.259, 157.31, 98, 4477
2026/08/25 20:22:21.260, 156.91, 100, 4477
2026/08/25 20:22:22.260, 158.04, 100, 4477
2026/08/25 20:22:23.260, 157.91, 98, 4477
2026/08/25 20:22:24.260, 158.13, 100, 4477
2026/08/25 20:22:25.260, 157.83, 100, 4477
2026/08/25 20:22:26.261, 157.30, 98, 4477
2026/08/25 20:22:27.261, 158.05, 100, 4477
2026/08/25 20:22:28.261, 158.26, 99, 4477
2026/08/25 20:22:29.261, 157.93, 98, 4477
2026/08/25 20:22:30.261, 158.42, 100, 4477
2026/08/25 20:22:31.261, 158.04, 98, 4477
2026/08/25 20:22:32.261, 158.21, 99, 4477
2026/08/25 20:22:33.262, 157.45, 100, 4477
2026/08/25 20:22:34.262, 157.68, 98, 4477
2026/08/25 20:22:35.262, 158.02, 100, 4477
2026/08/25 20:22:36.262, 158.26, 100, 4477
2026/08/25 20:22:37.262, 158.13, 98, 4477
2026/08/25 20:22:38.263, 158.14, 100, 4477
2026/08/25 20:22:39.263, 157.98, 100, 4477
2026/08/25 20:22:40.263, 158.14, 98, 4477
2026/08/25 20:22:41.263, 158.54, 100, 4477
2026/08/25 20:22:42.263, 158.04, 100, 4477
2026/08/25 20:22:43.263, 156.16, 98, 4477
2026/08/25 20:22:44.264, 157.93, 100, 4477
2026/08/25 20:22:45.264, 158.21, 100, 4477
2026/08/25 20:22:46.264, 157.68, 98, 4477
2026/08/25 20:22:47.264, 158.28, 100, 4477
2026/08/25 20:22:48.264, 158.19, 100, 4477
2026/08/25 20:22:49.265, 157.28, 98, 4477
2026/08/25 20:22:50.265, 157.98, 100, 4477
2026/08/25 20:22:51.265, 158.17, 100, 4477
2026/08/25 20:22:52.265, 157.46, 97, 4477
2026/08/25 20:22:53.265, 158.01, 100, 4477
2026/08/25 20:22:54.265, 158.36, 100, 4477
2026/08/25 20:22:55.266, 157.36, 98, 4477
2026/08/25 20:22:56.266, 158.03, 100, 4477
2026/08/25 20:22:57.266, 157.89, 100, 4477
2026/08/25 20:22:58.266, 157.58, 98, 4477
2026/08/25 20:22:59.266, 158.27, 100, 4477
2026/08/25 20:23:00.267, 156.74, 98, 4477
2026/08/25 20:23:01.267, 158.51, 100, 4477
2026/08/25 20:23:02.267, 158.15, 100, 4477
2026/08/25 20:23:03.267, 158.33, 98, 4477
2026/08/25 20:23:04.267, 158.48, 100, 4477
2026/08/25 20:23:05.267, 158.10, 100, 4477
2026/08/25 20:23:06.268, 158.05, 98, 4477
2026/08/25 20:23:07.268, 158.32, 100, 4477
2026/08/25 20:23:08.268, 158.26, 100, 4477
2026/08/25 20:23:09.268, 157.83, 98, 4477
2026/08/25 20:23:10.268, 158.23, 100, 4477
2026/08/25 20:23:11.268, 158.29, 100, 4477
2026/08/25 20:23:12.268, 157.31, 98, 4477
2026/08/25 20:23:13.269, 157.85, 100, 4477
2026/08/25 20:23:14.269, 156.93, 100, 4477
2026/08/25 20:23:15.269, 157.53, 98, 4477
2026/08/25 20:23:16.269, 157.89, 100, 4477
2026/08/25 20:23:17.269, 157.98, 100, 4477
2026/08/25 20:23:18.270, 157.36, 98, 4477
2026/08/25 20:23:19.270, 157.84, 100, 4477
2026/08/25 20:23:20.270, 157.91, 100, 4477
2026/08/25 20:23:21.270, 157.37, 98, 4477
2026/08/25 20:23:22.270, 156.99, 100, 4477
2026/08/25 20:23:23.271, 158.05, 100, 4477
2026/08/25 20:23:24.271, 157.57, 98, 4477
2026/08/25 20:23:25.271, 157.80, 100, 4477
2026/08/25 20:23:26.271, 158.10, 100, 4477
2026/08/25 20:23:27.271, 157.32, 98, 4477
2026/08/25 20:23:28.271, 158.10, 100, 4477
2026/08/25 20:23:29.271, 157.74, 99, 4477
2026/08/25 20:23:30.272, 157.69, 98, 4477
2026/08/25 20:23:31.272, 158.15, 100, 4477
2026/08/25 20:23:32.272, 157.80, 98, 4477
2026/08/25 20:23:33.272, 157.04, 100, 4477
2026/08/25 20:23:34.272, 158.20, 100, 4477
2026/08/25 20:23:35.273, 157.81, 98, 4477
2026/08/25 20:23:36.273, 158.23, 100, 4477
2026/08/25 20:23:37.273, 157.84, 100, 4477
2026/08/25 20:23:38.273, 156.36, 98, 4477
2026/08/25 20:23:39.273, 158.61, 100, 4477
2026/08/25 20:23:40.274, 158.06, 100, 4477
2026/08/25 20:23:41.274, 158.09, 98, 4477
2026/08/25 20:23:42.274, 157.96, 100, 4477
2026/08/25 20:23:43.274, 158.08, 100, 4477
2026/08/25 20:23:44.274, 157.66, 98, 4477
2026/08/25 20:23:45.274, 158.57, 100, 4477
2026/08/25 20:23:46.275, 158.40, 100, 4477
2026/08/25 20:23:47.275, 157.54, 97, 4477
2026/08/25 20:23:48.275, 158.82, 100, 4477
2026/08/25 20:23:49.275, 158.27, 100, 4477
2026/08/25 20:23:50.275, 157.45, 98, 4477
2026/08/25 20:23:51.275, 157.12, 100, 4477
2026/08/25 20:23:52.276, 158.08, 100, 4477
2026/08/25 20:23:53.276, 157.28, 98, 4477
2026/08/25 20:23:54.276, 157.83, 100, 4477
2026/08/25 20:23:55.276, 157.83, 100, 4477
2026/08/25 20:23:56.276, 156.86, 98, 4477
2026/08/25 20:23:57.277, 158.73, 100, 4477
2026/08/25 20:23:58.277, 157.67, 98, 4477
2026/08/25 20:23:59.277, 157.56, 98, 4477
2026/08/25 20:24:00.277, 158.55, 100, 4477
2026/08/25 20:24:01.277, 157.90, 98, 4477
2026/08/25 20:24:02.278, 158.31, 99, 4477
2026/08/25 20:24:03.278, 157.80, 100, 4477
2026/08/25 20:24:04.278, 157.66, 98, 4477
2026/08/25 20:24:05.278, 158.03, 100, 4477
2026/08/25 20:24:06.278, 157.94, 100, 4477
2026/08/25 20:24:07.279, 157.79, 98, 4477
2026/08/25 20:24:08.279, 157.93, 100, 4477
2026/08/25 20:24:09.279, 158.10, 100, 4477
2026/08/25 20:24:10.279, 157.47, 98, 4477
2026/08/25 20:24:11.288, 158.38, 100, 4477
2026/08/25 20:24:12.288, 158.21, 100, 4477
2026/08/25 20:24:13.288, 158.24, 98, 4477
2026/08/25 20:24:14.288, 158.63, 100, 4477
2026/08/25 20:24:15.289, 158.49, 100, 4477
2026/08/25 20:24:16.289, 157.75, 98, 4477
2026/08/25 20:24:17.289, 158.18, 100, 4477
2026/08/25 20:24:18.289, 158.26, 100, 4477
2026/08/25 20:24:19.289, 157.59, 98, 4477
2026/08/25 20:24:20.290, 158.00, 100, 4477
2026/08/25 20:24:21.290, 158.31, 100, 4477
2026/08/25 20:24:22.290, 157.35, 98, 4477
2026/08/25 20:24:23.290, 157.85, 100, 4477
2026/08/25 20:24:24.290, 158.10, 100, 4477
2026/08/25 20:24:25.291, 157.58, 98, 4477
2026/08/25 20:24:26.291, 158.27, 100, 4477
2026/08/25 20:24:27.291, 158.23, 100, 4477
2026/08/25 20:24:28.291, 157.48, 98, 4477
2026/08/25 20:24:29.291, 158.01, 100, 4477
2026/08/25 20:24:30.291, 157.94, 100, 4477
2026/08/25 20:24:31.292, 160.65, 100, 4477
2026/08/25 20:24:32.292, 163.39, 100, 4477
2026/08/25 20:24:33.292, 163.55, 99, 4477
2026/08/25 20:24:34.292, 163.52, 99, 4477
2026/08/25 20:24:35.292, 163.78, 100, 4477
2026/08/25 20:24:36.292, 163.47, 99, 4477
2026/08/25 20:24:37.293, 163.74, 100, 4477
2026/08/25 20:24:38.293, 163.79, 100, 4477
2026/08/25 20:24:39.293, 163.42, 100, 4477
2026/08/25 20:24:40.293, 163.92, 99, 4477
2026/08/25 20:24:41.293, 163.72, 100, 4477
2026/08/25 20:24:42.294, 163.56, 99, 4477
2026/08/25 20:24:43.294, 163.66, 99, 4477
2026/08/25 20:24:44.294, 163.77, 100, 4477
2026/08/25 20:24:45.294, 164.02, 100, 4477
2026/08/25 20:24:46.294, 164.04, 100, 4477
2026/08/25 20:24:47.294, 163.88, 100, 4477
2026/08/25 20:24:48.295, 163.85, 100, 4477
2026/08/25 20:24:49.295, 164.02, 100, 4477
2026/08/25 20:24:50.295, 163.94, 100, 4477
2026/08/25 20:24:51.295, 164.10, 100, 4477
2026/08/25 20:24:52.295, 164.23, 100, 4477
2026/08/25 20:24:53.295, 163.93, 100, 4477
2026/08/25 20:24:54.296, 164.09, 100, 4477
2026/08/25 20:24:55.296, 163.95, 100, 4477
2026/08/25 20:24:56.296, 164.11, 100, 4477
2026/08/25 20:24:57.296, 164.21, 100, 4477
2026/08/25 20:24:58.296, 164.06, 100, 4477
2026/08/25 20:24:59.296, 163.94, 100, 4477
2026/08/25 20:25:00.297, 164.07, 100, 4477
2026/08/25 20:25:01.297, 154.82, 100, 4477
2026/08/25 20:25:02.297, 158.54, 98, 4477
2026/08/25 20:25:03.297, 158.71, 100, 4477
2026/08/25 20:25:04.297, 157.36, 100, 4477
2026/08/25 20:25:05.297, 158.21, 98, 4477
2026/08/25 20:25:06.298, 158.71, 100, 4477
2026/08/25 20:25:07.298, 158.31, 100, 4477
2026/08/25 20:25:08.298, 158.29, 97, 4477
2026/08/25 20:25:09.298, 158.74, 100, 4477
2026/08/25 20:25:10.298, 158.44, 100, 4477
2026/08/25 20:25:11.299, 157.88, 98, 4477
2026/08/25 20:25:12.299, 159.16, 100, 4477
2026/08/25 20:25:13.299, 158.86, 100, 4477
2026/08/25 20:25:14.299, 158.00, 98, 4477
2026/08/25 20:25:15.299, 158.59, 100, 4477
2026/08/25 20:25:16.299, 158.61, 100, 4477
2026/08/25 20:25:17.300, 158.53, 98, 4477
2026/08/25 20:25:18.300, 158.85, 100, 4477
2026/08/25 20:25:19.300, 158.43, 100, 4477
2026/08/25 20:25:20.300, 157.78, 98, 4477
2026/08/25 20:25:21.301, 158.55, 100, 4477
2026/08/25 20:25:22.301, 158.38, 100, 4477
2026/08/25 20:25:23.301, 157.70, 98, 4477
2026/08/25 20:25:24.301, 158.31, 100, 4477
2026/08/25 20:25:25.301, 158.37, 100, 4477
2026/08/25 20:25:26.301, 157.62, 98, 4477
2026/08/25 20:25:27.302, 158.54, 100, 4477
2026/08/25 20:25:28.302, 158.61, 100, 4477
2026/08/25 20:25:29.302, 157.94, 98, 4477
2026/08/25 20:25:30.302, 158.41, 100, 4477
2026/08/25 20:25:31.302, 157.45, 98, 4477
2026/08/25 20:25:32.303, 158.33, 100, 4477
2026/08/25 20:25:33.303, 158.49, 100, 4477
2026/08/25 20:25:34.303, 157.89, 98, 4477
2026/08/25 20:25:35.303, 158.55, 100, 4477
2026/08/25 20:25:36.304, 157.60, 100, 4477
2026/08/25 20:25:37.304, 158.32, 98, 4477
2026/08/25 20:25:38.304, 158.52, 100, 4477
2026/08/25 20:25:39.304, 158.37, 100, 4477
2026/08/25 20:25:40.304, 157.73, 98, 4477
2026/08/25 20:25:41.304, 158.52, 100, 4477
2026/08/25 20:25:42.305, 158.30, 100, 4477
2026/08/25 20:25:43.305, 157.88, 98, 4477
2026/08/25 20:25:44.305, 158.52, 100, 4477
2026/08/25 20:25:45.305, 158.36, 100, 4477
2026/08/25 20:25:46.305, 157.60, 97, 4477
2026/08/25 20:25:47.306, 158.34, 100, 4477
2026/08/25 20:25:48.306, 158.60, 100, 4477
2026/08/25 20:25:49.306, 158.12, 98, 4477
2026/08/25 20:25:50.306, 158.43, 100, 4477
2026/08/25 20:25:51.306, 158.79, 100, 4477
2026/08/25 20:25:52.306, 158.06, 98, 4477
2026/08/25 20:25:53.307, 158.57, 100, 4477
2026/08/25 20:25:54.307, 157.42, 100, 4477
2026/08/25 20:25:55.307, 157.58, 98, 4477
2026/08/25 20:25:56.307, 158.15, 100, 4477
2026/08/25 20:25:57.307, 158.21, 100, 4477
2026/08/25 20:25:58.308, 157.59, 98, 4477
2026/08/25 20:25:59.308, 158.31, 100, 4477
2026/08/25 20:26:00.308, 158.19, 99, 4477
2026/08/25 20:26:01.308, 157.20, 100, 4477
2026/08/25 20:26:02.308, 158.29, 100, 4477
2026/08/25 20:26:03.309, 158.05, 98, 4477
2026/08/25 20:26:04.309, 158.05, 100, 4477
2026/08/25 20:26:05.309, 158.38, 100, 4477
2026/08/25 20:26:06.309, 157.94, 98, 4477
2026/08/25 20:26:07.309, 158.30, 100, 4477
2026/08/25 20:26:08.310, 158.41, 100, 4477
2026/08/25 20:26:09.310, 158.10, 98, 4477
2026/08/25 20:26:10.310, 158.79, 100, 4477
2026/08/25 20:26:11.310, 158.40, 100, 4477
2026/08/25 20:26:12.310, 158.33, 98, 4477
2026/08/25 20:26:13.311, 158.60, 100, 4477
2026/08/25 20:26:14.311, 158.33, 100, 4477
2026/08/25 20:26:15.311, 157.98, 98, 4477
2026/08/25 20:26:16.311, 158.33, 100, 4477
2026/08/25 20:26:17.311, 158.25, 100, 4477
2026/08/25 20:26:18.312, 158.19, 97, 4477
2026/08/25 20:26:19.312, 158.83, 100, 4477
2026/08/25 20:26:20.312, 158.04, 100, 4477
2026/08/25 20:26:21.312, 157.76, 98, 4477
2026/08/25 20:26:22.312, 158.24, 100, 4477
2026/08/25 20:26:23.313, 158.42, 100, 4477
2026/08/25 20:26:24.313, 156.31, 98, 4477
2026/08/25 20:26:25.313, 158.17, 100, 4477
2026/08/25 20:26:26.313, 158.16, 100, 4477
2026/08/25 20:26:27.313, 158.16, 98, 4477
2026/08/25 20:26:28.314, 158.57, 100, 4477
2026/08/25 20:26:29.314, 158.59, 99, 4477
2026/08/25 20:26:30.314, 157.89, 98, 4477
2026/08/25 20:26:31.314, 158.34, 100, 4477
2026/08/25 20:26:32.314, 158.26, 98, 4477
2026/08/25 20:26:33.315, 158.28, 98, 4477
2026/08/25 20:26:34.315, 158.61, 100, 4477
2026/08/25 20:26:35.315, 158.33, 98, 4477
2026/08/25 20:26:36.315, 158.45, 100, 4477
2026/08/25 20:26:37.315, 157.90, 100, 4477
2026/08/25 20:26:38.315, 157.97, 98, 4477
2026/08/25 20:26:39.316, 158.14, 100, 4477
2026/08/25 20:26:40.316, 158.23, 100, 4477
2026/08/25 20:26:41.316, 158.11, 98, 4477
2026/08/25 20:26:42.316, 158.46, 100, 4477
2026/08/25 20:26:43.316, 158.39, 100, 4477
2026/08/25 20:26:44.317, 158.04, 98, 4477
2026/08/25 20:26:45.317, 158.35, 100, 4477
2026/08/25 20:26:46.317, 158.61, 100, 4477
2026/08/25 20:26:47.317, 158.01, 98, 4477
2026/08/25 20:26:48.317, 158.48, 100, 4477
2026/08/25 20:26:49.317, 158.45, 100, 4477
2026/08/25 20:26:50.318, 157.93, 98, 4477
2026/08/25 20:26:51.318, 158.12, 100, 4477
2026/08/25 20:26:52.318, 158.60, 100, 4477
2026/08/25 20:26:53.318, 158.32, 98, 4477
2026/08/25 20:26:54.318, 157.09, 100, 4477
2026/08/25 20:26:55.319, 158.28, 100, 4477
2026/08/25 20:26:56.319, 157.65, 98, 4477
2026/08/25 20:26:57.319, 158.26, 100, 4477
2026/08/25 20:26:58.319, 158.25, 100, 4477
2026/08/25 20:26:59.319, 158.41, 98, 4477
2026/08/25 20:27:00.320, 159.06, 100, 4477
2026/08/25 20:27:01.320, 158.47, 100, 4477
2026/08/25 20:27:02.320, 157.69, 98, 4477
2026/08/25 20:27:03.320, 158.39, 100, 4477
2026/08/25 20:27:04.320, 158.31, 100, 4477
2026/08/25 20:27:05.320, 157.64, 98, 4477
2026/08/25 20:27:06.321, 158.38, 100, 4477
2026/08/25 20:27:07.321, 158.33, 99, 4477
2026/08/25 20:27:08.321, 157.49, 98, 4477
2026/08/25 20:27:09.321, 158.40, 100, 4477
2026/08/25 20:27:10.322, 157.92, 98, 4477
2026/08/25 20:27:11.322, 158.05, 98, 4477
2026/08/25 20:27:12.322, 158.20, 100, 4477
2026/08/25 20:27:13.322, 158.05, 98, 4477
2026/08/25 20:27:14.322, 158.36, 100, 4477
2026/08/25 20:27:15.322, 158.64, 100, 4477
2026/08/25 20:27:16.323, 158.30, 98, 4477
2026/08/25 20:27:17.323, 158.30, 100, 4477
2026/08/25 20:27:18.323, 158.33, 100, 4477
2026/08/25 20:27:19.323, 157.75, 98, 4477
2026/08/25 20:27:20.323, 158.46, 100, 4477
2026/08/25 20:27:21.324, 158.48, 100, 4477
2026/08/25 20:27:22.324, 158.55, 98, 4477
2026/08/25 20:27:23.324, 158.60, 100, 4477
2026/08/25 20:27:24.324, 158.55, 100, 4477
2026/08/25 20:27:25.324, 156.74, 98, 4477
2026/08/25 20:27:26.325, 158.48, 100, 4477
2026/08/25 20:27:27.325, 158.60, 100, 4477
2026/08/25 20:27:28.325, 158.02, 98, 4477
2026/08/25 20:27:29.325, 158.54, 100, 4477
2026/08/25 20:27:30.325, 158.50, 100, 4477
2026/08/25 20:27:31.325, 157.98, 98, 4477
2026/08/25 20:27:32.326, 158.39, 100, 4477
2026/08/25 20:27:33.326, 157.45, 100, 4477
2026/08/25 20:27:34.326, 157.70, 98, 4477
2026/08/25 20:27:35.326, 158.28, 100, 4477
2026/08/25 20:27:36.326, 158.24, 100, 4477
2026/08/25 20:27:37.327, 157.41, 98, 4477
2026/08/25 20:27:38.327, 158.40, 100, 4477
2026/08/25 20:27:39.327, 158.10, 100, 4477
2026/08/25 20:27:40.327, 158.15, 98, 4477
2026/08/25 20:27:41.327, 158.49, 100, 4477
2026/08/25 20:27:42.327, 158.12, 99, 4477
2026/08/25 20:27:43.328, 157.95, 98, 4477
2026/08/25 20:27:44.328, 158.26, 100, 4477
2026/08/25 20:27:45.328, 158.53, 98, 4477
2026/08/25 20:27:46.328, 158.52, 99, 4477
2026/08/25 20:27:47.328, 158.42, 100, 4477
2026/08/25 20:27:48.329, 158.45, 98, 4477
2026/08/25 20:27:49.329, 158.23, 100, 4477
2026/08/25 20:27:50.329, 158.53, 100, 4477
2026/08/25 20:27:51.329, 157.87, 98, 4477
2026/08/25 20:27:52.329, 158.16, 100, 4477
2026/08/25 20:27:53.330, 158.25, 100, 4477
2026/08/25 20:27:54.330, 158.41, 98, 4477
2026/08/25 20:27:55.330, 157.49, 100, 4477
2026/08/25 20:27:56.330, 158.26, 100, 4477
2026/08/25 20:27:57.330, 157.86, 98, 4477
2026/08/25 20:27:58.331, 158.23, 100, 4477
2026/08/25 20:27:59.331, 158.47, 100, 4477
2026/08/25 20:28:00.331, 157.89, 98, 4477
2026/08/25 20:28:01.331, 158.87, 100, 4477
2026/08/25 20:28:02.331, 158.57, 100, 4477
2026/08/25 20:28:03.331, 157.03, 98, 4477
2026/08/25 20:28:04.332, 158.03, 100, 4477
2026/08/25 20:28:05.332, 158.40, 100, 4477
2026/08/25 20:28:06.332, 157.70, 98, 4477
2026/08/25 20:28:07.332, 158.44, 100, 4477
2026/08/25 20:28:08.332, 158.17, 100, 4477
2026/08/25 20:28:09.333, 157.65, 98, 4477
2026/08/25 20:28:10.333, 158.28, 100, 4477
2026/08/25 20:28:11.333, 158.27, 100, 4477
2026/08/25 20:28:12.333, 157.87, 98, 4477
2026/08/25 20:28:13.333, 158.26, 100, 4477
2026/08/25 20:28:14.333, 158.20, 99, 4477
2026/08/25 20:28:15.334, 157.69, 98, 4477
2026/08/25 20:28:16.334, 158.26, 100, 4477
2026/08/25 20:28:17.334, 158.03, 98, 4477
2026/08/25 20:28:18.334, 158.32, 99, 4477
2026/08/25 20:28:19.335, 158.55, 100, 4477
2026/08/25 20:28:20.335, 158.39, 98, 4477
2026/08/25 20:28:21.335, 158.45, 100, 4477
2026/08/25 20:28:22.335, 158.48, 100, 4477
2026/08/25 20:28:23.335, 158.26, 98, 4477
2026/08/25 20:28:24.335, 158.69, 100, 4477
2026/08/25 20:28:25.336, 157.29, 100, 4477
2026/08/25 20:28:26.336, 157.80, 98, 4477
2026/08/25 20:28:27.336, 158.46, 100, 4477
2026/08/25 20:28:28.336, 158.28, 100, 4477
2026/08/25 20:28:29.336, 158.12, 98, 4477
2026/08/25 20:28:30.336, 158.39, 100, 4477
2026/08/25 20:28:31.337, 158.49, 100, 4477
2026/08/25 20:28:32.337, 157.96, 98, 4477
2026/08/25 20:28:33.337, 158.43, 100, 4477
2026/08/25 20:28:34.337, 157.22, 100, 4477
2026/08/25 20:28:35.337, 158.27, 98, 4477
2026/08/25 20:28:36.338, 158.91, 100, 4477
2026/08/25 20:28:37.338, 158.27, 100, 4477
2026/08/25 20:28:38.338, 158.28, 98, 4477
2026/08/25 20:28:39.338, 158.76, 100, 4477
2026/08/25 20:28:40.339, 158.12, 100, 4477
2026/08/25 20:28:41.339, 158.13, 98, 4477
2026/08/25 20:28:42.339, 157.67, 100, 4477
2026/08/25 20:28:43.339, 158.32, 100, 4477
2026/08/25 20:28:44.339, 157.37, 98, 4477
2026/08/25 20:28:45.339, 157.72, 100, 4477
2026/08/25 20:28:46.340, 158.07, 98, 4477
2026/08/25 20:28:47.340, 158.05, 100, 4477
2026/08/25 20:28:48.340, 158.25, 100, 4477
2026/08/25 20:28:49.340, 158.35, 98, 4477
2026/08/25 20:28:50.340, 157.92, 100, 4477
2026/08/25 20:28:51.341, 158.33, 100, 4477
2026/08/25 20:28:52.341, 158.09, 100, 4477
2026/08/25 20:28:53.341, 158.05, 98, 4477
2026/08/25 20:28:54.341, 158.40, 100, 4477
2026/08/25 20:28:55.341, 157.13, 100, 4477
2026/08/25 20:28:56.342, 157.83, 98, 4477
2026/08/25 20:28:57.342, 158.22, 100, 4477
2026/08/25 20:28:58.342, 158.25, 100, 4477
2026/08/25 20:28:59.342, 157.86, 98, 4477
2026/08/25 20:29:00.342, 158.25, 100, 4477
2026/08/25 20:29:01.343, 158.08, 100, 4477
2026/08/25 20:29:02.343, 157.69, 98, 4477
2026/08/25 20:29:03.343, 157.98, 100, 4477
2026/08/25 20:29:04.343, 158.14, 100, 4477
2026/08/25 20:29:05.343, 157.69, 98, 4477
2026/08/25 20:29:06.344, 158.14, 100, 4477
2026/08/25 20:29:07.344, 157.97, 100, 4477
2026/08/25 20:29:08.344, 158.01, 98, 4477
2026/08/25 20:29:09.344, 158.33, 100, 4477
2026/08/25 20:29:10.344, 158.15, 100, 4477
2026/08/25 20:29:11.344, 157.49, 98, 4477
2026/08/25 20:29:12.345, 157.99, 100, 4477
2026/08/25 20:29:13.345, 158.10, 100, 4477
2026/08/25 20:29:14.345, 157.49, 98, 4477
2026/08/25 20:29:15.345, 157.94, 100, 4477
2026/08/25 20:29:16.345, 157.96, 100, 4477
2026/08/25 20:29:17.346, 157.45, 98, 4477
2026/08/25 20:29:18.346, 158.07, 100, 4477
2026/08/25 20:29:19.346, 158.23, 99, 4477
2026/08/25 20:29:20.346, 157.81, 98, 4477
2026/08/25 20:29:21.346, 158.71, 100, 4477
2026/08/25 20:29:22.347, 158.01, 98, 4477
2026/08/25 20:29:23.347, 159.74, 100, 4477
2026/08/25 20:29:24.347, 163.42, 99, 4477
2026/08/25 20:29:25.347, 163.15, 99, 4477
2026/08/25 20:29:26.347, 163.14, 99, 4477
2026/08/25 20:29:27.347, 163.22, 99, 4477
2026/08/25 20:29:28.348, 163.49, 100, 4477
2026/08/25 20:29:29.348, 163.53, 100, 4477
2026/08/25 20:29:30.348, 163.42, 100, 4477
2026/08/25 20:29:31.348, 163.52, 99, 4477
2026/08/25 20:29:32.348, 163.50, 100, 4477
2026/08/25 20:29:33.348, 163.55, 99, 4477
2026/08/25 20:29:34.349, 163.39, 100, 4477
2026/08/25 20:29:35.349, 163.68, 100, 4477
2026/08/25 20:29:36.349, 163.27, 100, 4477
2026/08/25 20:29:37.349, 163.42, 100, 4477
2026/08/25 20:29:38.349, 163.58, 100, 4477
2026/08/25 20:29:39.350, 163.32, 99, 4477
2026/08/25 20:29:40.350, 163.68, 100, 4477
2026/08/25 20:29:41.350, 163.41, 100, 4477
2026/08/25 20:29:42.350, 163.57, 100, 4477
2026/08/25 20:29:43.350, 163.89, 100, 4477
2026/08/25 20:29:44.350, 163.94, 100, 4477
2026/08/25 20:29:45.350, 163.77, 100, 4477
2026/08/25 20:29:46.351, 163.51, 99, 4477
2026/08/25 20:29:47.351, 163.61, 99, 4477
2026/08/25 20:29:48.351, 163.60, 100, 4477
2026/08/25 20:29:49.351, 163.92, 100, 4477
2026/08/25 20:29:50.351, 163.70, 100, 4477
2026/08/25 20:29:51.351, 163.62, 100, 4477
2026/08/25 20:29:52.352, 163.62, 100, 4477
2026/08/25 20:29:53.352, 153.73, 100, 4477
2026/08/25 20:29:54.352, 157.85, 98, 4477
2026/08/25 20:29:55.352, 158.33, 100, 4477
2026/08/25 20:29:56.352, 157.17, 100, 4477
2026/08/25 20:29:57.352, 157.95, 98, 4477
2026/08/25 20:29:58.353, 159.07, 100, 4477
2026/08/25 20:29:59.353, 158.52, 100, 4477
2026/08/25 20:30:00.353, 157.95, 98, 4477
2026/08/25 20:30:01.353, 158.39, 100, 4477
2026/08/25 20:30:02.353, 158.61, 100, 4477
2026/08/25 20:30:03.353, 157.90, 98, 4477
2026/08/25 20:30:04.354, 158.69, 100, 4477
2026/08/25 20:30:05.354, 157.32, 100, 4477
2026/08/25 20:30:06.354, 158.30, 98, 4477
2026/08/25 20:30:07.354, 159.10, 100, 4477
2026/08/25 20:30:08.354, 158.29, 99, 4477
2026/08/25 20:30:09.355, 158.07, 97, 4477
2026/08/25 20:30:10.355, 157.23, 100, 4477
2026/08/25 20:30:11.355, 158.10, 98, 4477
2026/08/25 20:30:12.355, 158.30, 100, 4477
2026/08/25 20:30:13.355, 158.56, 100, 4477
2026/08/25 20:30:14.356, 158.05, 98, 4477
2026/08/25 20:30:15.356, 158.29, 100, 4477
2026/08/25 20:30:16.356, 158.64, 100, 4477
2026/08/25 20:30:17.356, 158.68, 98, 4477
2026/08/25 20:30:18.356, 158.57, 100, 4477
2026/08/25 20:30:19.357, 158.50, 100, 4477
2026/08/25 20:30:20.357, 158.11, 98, 4477
2026/08/25 20:30:21.357, 158.69, 100, 4477
2026/08/25 20:30:22.357, 158.22, 100, 4477
2026/08/25 20:30:23.357, 157.71, 98, 4477
2026/08/25 20:30:24.357, 158.20, 100, 4477
2026/08/25 20:30:25.358, 158.47, 100, 4477
2026/08/25 20:30:26.358, 156.40, 98, 4477
2026/08/25 20:30:27.358, 157.96, 100, 4477
2026/08/25 20:30:28.358, 158.01, 100, 4477
2026/08/25 20:30:29.358, 157.37, 98, 4477
2026/08/25 20:30:30.359, 158.15, 100, 4477
2026/08/25 20:30:31.359, 157.90, 100, 4477
2026/08/25 20:30:32.359, 157.64, 98, 4477
2026/08/25 20:30:33.359, 157.96, 100, 4477
2026/08/25 20:30:34.359, 158.13, 100, 4477
2026/08/25 20:30:35.359, 157.07, 98, 4477
2026/08/25 20:30:36.360, 158.90, 100, 4477
2026/08/25 20:30:37.360, 157.89, 99, 4477
2026/08/25 20:30:38.360, 157.72, 98, 4477
2026/08/25 20:30:39.360, 158.09, 100, 4477
2026/08/25 20:30:40.360, 157.68, 98, 4477
2026/08/25 20:30:41.361, 158.09, 100, 4477
2026/08/25 20:30:42.361, 158.10, 100, 4477
2026/08/25 20:30:43.361, 157.84, 98, 4477
2026/08/25 20:30:44.361, 158.07, 100, 4477
2026/08/25 20:30:45.361, 158.12, 100, 4477
2026/08/25 20:30:46.362, 158.25, 98, 4477
2026/08/25 20:30:47.362, 158.27, 100, 4477
2026/08/25 20:30:48.362, 158.25, 100, 4477
2026/08/25 20:30:49.362, 157.79, 98, 4477
2026/08/25 20:30:50.362, 158.56, 100, 4477
2026/08/25 20:30:51.362, 158.34, 100, 4477
2026/08/25 20:30:52.363, 158.08, 98, 4477
2026/08/25 20:30:53.363, 158.24, 100, 4477
2026/08/25 20:30:54.363, 157.84, 100, 4477
2026/08/25 20:30:55.363, 157.40, 98, 4477
2026/08/25 20:30:56.363, 158.54, 100, 4477
2026/08/25 20:30:57.363, 158.12, 100, 4477
2026/08/25 20:30:58.364, 157.48, 98, 4477
2026/08/25 20:30:59.364, 158.18, 100, 4477
2026/08/25 20:31:00.364, 158.08, 100, 4477
2026/08/25 20:31:01.364, 157.72, 98, 4477
2026/08/25 20:31:02.364, 158.21, 100, 4477
2026/08/25 20:31:03.365, 158.13, 100, 4477
2026/08/25 20:31:04.365, 157.68, 98, 4477
2026/08/25 20:31:05.365, 158.25, 100, 4477
2026/08/25 20:31:06.365, 158.12, 100, 4477
2026/08/25 20:31:07.365, 158.36, 98, 4477
2026/08/25 20:31:08.366, 158.87, 100, 4477
2026/08/25 20:31:09.366, 157.97, 100, 4477
2026/08/25 20:31:10.366, 158.15, 98, 4477
2026/08/25 20:31:11.366, 158.42, 100, 4477
2026/08/25 20:31:12.366, 157.90, 99, 4477
2026/08/25 20:31:13.367, 157.91, 98, 4477
2026/08/25 20:31:14.367, 158.41, 100, 4477
2026/08/25 20:31:15.367, 158.27, 98, 4477
2026/08/25 20:31:16.367, 158.26, 100, 4477
2026/08/25 20:31:17.367, 158.22, 100, 4477
2026/08/25 20:31:18.368, 158.18, 98, 4477
2026/08/25 20:31:19.368, 158.33, 100, 4477
2026/08/25 20:31:20.368, 158.24, 100, 4477
2026/08/25 20:31:21.368, 157.32, 98, 4477
2026/08/25 20:31:22.368, 157.83, 100, 4477
2026/08/25 20:31:23.369, 158.15, 100, 4477
2026/08/25 20:31:24.369, 157.45, 98, 4477
2026/08/25 20:31:25.369, 158.12, 100, 4477
2026/08/25 20:31:26.369, 157.98, 100, 4477
2026/08/25 20:31:27.369, 156.40, 98, 4477
2026/08/25 20:31:28.370, 158.12, 100, 4477
2026/08/25 20:31:29.370, 158.13, 100, 4477
2026/08/25 20:31:30.370, 157.43, 98, 4477
2026/08/25 20:31:31.370, 158.04, 100, 4477
2026/08/25 20:31:32.370, 158.08, 100, 4477
2026/08/25 20:31:33.370, 157.14, 98, 4477
2026/08/25 20:31:34.371, 157.90, 100, 4477
2026/08/25 20:31:35.371, 158.18, 100, 4477
2026/08/25 20:31:36.371, 156.57, 98, 4477
2026/08/25 20:31:37.371, 158.04, 100, 4477
2026/08/25 20:31:38.371, 158.04, 99, 4477
2026/08/25 20:31:39.371, 157.79, 98, 4477
2026/08/25 20:31:40.372, 158.43, 100, 4477
2026/08/25 20:31:41.372, 157.79, 98, 4477
2026/08/25 20:31:42.372, 158.23, 99, 4477
2026/08/25 20:31:43.372, 158.17, 100, 4477
2026/08/25 20:31:44.372, 157.82, 98, 4477
2026/08/25 20:31:45.372, 158.02, 100, 4477
2026/08/25 20:31:46.373, 158.20, 100, 4477
2026/08/25 20:31:47.373, 157.66, 98, 4477
2026/08/25 20:31:48.373, 158.09, 100, 4477
2026/08/25 20:31:49.373, 158.17, 100, 4477
2026/08/25 20:31:50.374, 157.82, 98, 4477
2026/08/25 20:31:51.374, 158.35, 100, 4477
2026/08/25 20:31:52.374, 158.10, 100, 4477
2026/08/25 20:31:53.374, 158.09, 98, 4477
2026/08/25 20:31:54.374, 158.35, 100, 4477
2026/08/25 20:31:55.374, 157.67, 100, 4477
2026/08/25 20:31:56.375, 157.47, 98, 4477
2026/08/25 20:31:57.375, 156.97, 100, 4477
2026/08/25 20:31:58.375, 158.17, 100, 4477
2026/08/25 20:31:59.375, 158.09, 98, 4477
2026/08/25 20:32:00.375, 158.06, 100, 4477
2026/08/25 20:32:01.375, 158.27, 100, 4477
2026/08/25 20:32:02.376, 158.26, 98, 4477
2026/08/25 20:32:03.376, 158.57, 100, 4477
2026/08/25 20:32:04.376, 158.18, 100, 4477
2026/08/25 20:32:05.376, 157.69, 98, 4477
2026/08/25 20:32:06.376, 157.03, 100, 4477
2026/08/25 20:32:07.376, 157.94, 100, 4477
2026/08/25 20:32:08.377, 158.06, 98, 4477
2026/08/25 20:32:09.377, 157.83, 100, 4477
2026/08/25 20:32:10.377, 157.92, 100, 4477
2026/08/25 20:32:11.377, 157.78, 98, 4477
2026/08/25 20:32:12.377, 157.80, 100, 4477
2026/08/25 20:32:13.378, 157.86, 98, 4477
2026/08/25 20:32:14.378, 157.87, 98, 4477
2026/08/25 20:32:15.378, 158.05, 100, 4477
2026/08/25 20:32:16.378, 157.82, 98, 4477
2026/08/25 20:32:17.378, 158.05, 100, 4477
2026/08/25 20:32:18.378, 158.01, 100, 4477
2026/08/25 20:32:19.379, 158.17, 98, 4477
2026/08/25 20:32:20.379, 158.01, 100, 4477
2026/08/25 20:32:21.379, 158.25, 100, 4477
2026/08/25 20:32:22.379, 157.97, 98, 4477
2026/08/25 20:32:23.379, 158.00, 100, 4477
2026/08/25 20:32:24.379, 158.10, 100, 4477
2026/08/25 20:32:25.380, 157.65, 98, 4477
2026/08/25 20:32:26.380, 158.18, 100, 4477
2026/08/25 20:32:27.380, 158.23, 100, 4477
2026/08/25 20:32:28.380, 157.82, 98, 4477
2026/08/25 20:32:29.380, 158.30, 100, 4477
2026/08/25 20:32:30.381, 158.05, 100, 4477
2026/08/25 20:32:31.381, 157.60, 98, 4477
2026/08/25 20:32:32.381, 158.17, 100, 4477
2026/08/25 20:32:33.381, 158.36, 100, 4477
2026/08/25 20:32:34.381, 157.45, 98, 4477
2026/08/25 20:32:35.382, 158.17, 100, 4477
2026/08/25 20:32:36.382, 158.02, 100, 4477
2026/08/25 20:32:37.382, 156.28, 98, 4477
2026/08/25 20:32:38.382, 157.96, 100, 4477
2026/08/25 20:32:39.382, 158.05, 100, 4477
2026/08/25 20:32:40.383, 157.72, 98, 4477
2026/08/25 20:32:41.383, 158.16, 100, 4477
2026/08/25 20:32:42.383, 158.04, 100, 4477
2026/08/25 20:32:43.383, 157.76, 98, 4477
2026/08/25 20:32:44.383, 158.72, 100, 4477
2026/08/25 20:32:45.384, 157.83, 98, 4477
2026/08/25 20:32:46.384, 158.04, 99, 4477
2026/08/25 20:32:47.384, 158.23, 100, 4477
2026/08/25 20:32:48.384, 158.13, 98, 4477
2026/08/25 20:32:49.384, 158.14, 100, 4477
2026/08/25 20:32:50.384, 158.19, 100, 4477
2026/08/25 20:32:51.385, 157.94, 98, 4477
2026/08/25 20:32:52.385, 158.03, 100, 4477
2026/08/25 20:32:53.385, 158.13, 100, 4477
2026/08/25 20:32:54.385, 158.01, 98, 4477
2026/08/25 20:32:55.385, 158.15, 100, 4477
2026/08/25 20:32:56.386, 158.10, 100, 4477
2026/08/25 20:32:57.386, 157.69, 98, 4477
2026/08/25 20:32:58.386, 157.34, 100, 4477
2026/08/25 20:32:59.386, 158.30, 100, 4477
2026/08/25 20:33:00.386, 157.81, 98, 4477
2026/08/25 20:33:01.387, 158.04, 100, 4477
2026/08/25 20:33:02.387, 157.94, 100, 4477
2026/08/25 20:33:03.387, 157.49, 98, 4477
2026/08/25 20:33:04.387, 157.91, 100, 4477
2026/08/25 20:33:05.387, 158.01, 100, 4477
2026/08/25 20:33:06.388, 157.76, 98, 4477
2026/08/25 20:33:07.388, 157.05, 100, 4477
2026/08/25 20:33:08.388, 157.98, 100, 4477
2026/08/25 20:33:09.388, 158.12, 98, 4477
2026/08/25 20:33:10.388, 158.71, 100, 4477
2026/08/25 20:33:11.389, 157.98, 100, 4477
2026/08/25 20:33:12.389, 158.02, 98, 4477
2026/08/25 20:33:13.389, 158.80, 100, 4477
2026/08/25 20:33:14.389, 158.14, 99, 4477
2026/08/25 20:33:15.389, 157.95, 98, 4477
2026/08/25 20:33:16.390, 158.02, 100, 4477
2026/08/25 20:33:17.390, 157.82, 98, 4477
2026/08/25 20:33:18.390, 158.47, 99, 4477
2026/08/25 20:33:19.390, 158.03, 100, 4477
2026/08/25 20:33:20.391, 158.05, 98, 4477
2026/08/25 20:33:21.391, 157.91, 100, 4477
2026/08/25 20:33:22.391, 157.95, 100, 4477
2026/08/25 20:33:23.391, 157.96, 98, 4477
2026/08/25 20:33:24.391, 158.39, 100, 4477
2026/08/25 20:33:25.391, 158.29, 100, 4477
2026/08/25 20:33:26.392, 158.25, 98, 4477
2026/08/25 20:33:27.392, 158.42, 100, 4477
2026/08/25 20:33:28.392, 158.23, 100, 4477
2026/08/25 20:33:29.392, 157.54, 98, 4477
2026/08/25 20:33:30.392, 158.12, 100, 4477
2026/08/25 20:33:31.392, 158.18, 100, 4477
2026/08/25 20:33:32.393, 157.77, 98, 4477
2026/08/25 20:33:33.393, 158.13, 100, 4477
2026/08/25 20:33:34.393, 158.03, 100, 4477
2026/08/25 20:33:35.393, 157.74, 98, 4477
2026/08/25 20:33:36.393, 158.16, 100, 4477
2026/08/25 20:33:37.394, 156.99, 100, 4477
2026/08/25 20:33:38.394, 157.34, 98, 4477
2026/08/25 20:33:39.394, 158.99, 100, 4477
2026/08/25 20:33:40.394, 158.19, 100, 4477
2026/08/25 20:33:41.394, 157.83, 98, 4477
2026/08/25 20:33:42.394, 158.09, 100, 4477
2026/08/25 20:33:43.395, 158.21, 100, 4477
2026/08/25 20:33:44.395, 157.64, 98, 4477
2026/08/25 20:33:45.395, 158.23, 100, 4477
2026/08/25 20:33:46.395, 158.33, 100, 4477
2026/08/25 20:33:47.395, 157.70, 98, 4477
2026/08/25 20:33:48.395, 158.18, 100, 4477
2026/08/25 20:33:49.396, 158.23, 100, 4477
2026/08/25 20:33:50.396, 158.31, 98, 4477
2026/08/25 20:33:51.396, 158.82, 100, 4477
2026/08/25 20:33:52.396, 158.30, 100, 4477
2026/08/25 20:33:53.396, 157.49, 98, 4477
2026/08/25 20:33:54.397, 158.22, 100, 4477
2026/08/25 20:33:55.397, 157.99, 99, 4477
2026/08/25 20:33:56.397, 157.91, 98, 4477
2026/08/25 20:33:57.397, 158.69, 100, 4477
2026/08/25 20:33:58.397, 158.21, 98, 4477
2026/08/25 20:33:59.397, 158.10, 98, 4477
2026/08/25 20:34:00.398, 158.67, 100, 4477
2026/08/25 20:34:01.398, 158.34, 98, 4477
2026/08/25 20:34:02.398, 158.05, 99, 4477
2026/08/25 20:34:03.398, 158.22, 100, 4477
2026/08/25 20:34:04.398, 157.79, 98, 4477
2026/08/25 20:34:05.399, 158.37, 100, 4477
2026/08/25 20:34:06.399, 158.49, 100, 4477
2026/08/25 20:34:07.399, 157.94, 98, 4477
2026/08/25 20:34:08.399, 156.90, 100, 4477
2026/08/25 20:34:09.399, 158.10, 100, 4477
2026/08/25 20:34:10.399, 157.90, 98, 4477
2026/08/25 20:34:11.400, 158.29, 100, 4477
2026/08/25 20:34:12.400, 158.31, 100, 4477
2026/08/25 20:34:13.400, 157.51, 98, 4477
2026/08/25 20:34:14.400, 157.97, 100, 4477
2026/08/25 20:34:15.400, 159.55, 100, 4477
2026/08/25 20:34:16.401, 163.54, 100, 4477
2026/08/25 20:34:17.401, 163.54, 100, 4477
2026/08/25 20:34:18.401, 163.43, 100, 4477
2026/08/25 20:34:19.401, 163.51, 100, 4477
2026/08/25 20:34:20.401, 163.32, 99, 4477
2026/08/25 20:34:21.401, 163.56, 99, 4477
2026/08/25 20:34:22.402, 163.49, 100, 4477
2026/08/25 20:34:23.402, 163.50, 100, 4477
2026/08/25 20:34:24.402, 163.70, 100, 4477
2026/08/25 20:34:25.402, 163.70, 100, 4477
2026/08/25 20:34:26.402, 163.61, 99, 4477
2026/08/25 20:34:27.402, 163.74, 99, 4477
2026/08/25 20:34:28.403, 163.59, 99, 4477
2026/08/25 20:34:29.403, 163.98, 100, 4477
2026/08/25 20:34:30.403, 163.87, 100, 4477
2026/08/25 20:34:31.403, 163.65, 100, 4477
2026/08/25 20:34:32.403, 163.73, 100, 4477
2026/08/25 20:34:33.403, 163.71, 100, 4477
2026/08/25 20:34:34.404, 163.62, 100, 4477
2026/08/25 20:34:35.404, 163.64, 99, 4477
2026/08/25 20:34:36.404, 163.81, 100, 4477
2026/08/25 20:34:37.404, 163.68, 100, 4477
2026/08/25 20:34:38.404, 163.84, 100, 4477
2026/08/25 20:34:39.404, 163.75, 99, 4477
2026/08/25 20:34:40.405, 163.62, 100, 4477
2026/08/25 20:34:41.405, 163.66, 100, 4477
2026/08/25 20:34:42.405, 163.58, 99, 4477
2026/08/25 20:34:43.405, 163.54, 100, 4477
2026/08/25 20:34:44.405, 163.82, 100, 4477
2026/08/25 20:34:45.405, 153.55, 98, 4477
2026/08/25 20:34:46.406, 158.43, 100, 4477
2026/08/25 20:34:47.406, 158.27, 100, 4477
2026/08/25 20:34:48.406, 158.34, 98, 4477
2026/08/25 20:34:49.406, 159.07, 100, 4477
2026/08/25 20:34:50.406, 158.41, 100, 4477
2026/08/25 20:34:51.407, 157.55, 98, 4477
2026/08/25 20:34:52.407, 158.37, 100, 4477
2026/08/25 20:34:53.407, 157.95, 98, 4477
2026/08/25 20:34:54.407, 158.11, 98, 4477
2026/08/25 20:34:55.407, 158.92, 100, 4477
2026/08/25 20:34:56.408, 158.60, 98, 4477
2026/08/25 20:34:57.408, 158.18, 99, 4477
2026/08/25 20:34:58.408, 158.21, 100, 4477
2026/08/25 20:34:59.408, 158.18, 98, 4477
2026/08/25 20:35:00.408, 158.20, 100, 4477
2026/08/25 20:35:01.409, 158.14, 100, 4477
2026/08/25 20:35:02.409, 157.94, 98, 4477
2026/08/25 20:35:03.409, 158.48, 100, 4477
2026/08/25 20:35:04.409, 158.10, 100, 4477
2026/08/25 20:35:05.409, 157.84, 98, 4477
2026/08/25 20:35:06.409, 157.89, 100, 4477
2026/08/25 20:35:07.410, 158.21, 100, 4477
2026/08/25 20:35:08.410, 157.98, 98, 4477
2026/08/25 20:35:09.410, 158.46, 100, 4477
2026/08/25 20:35:10.410, 158.38, 100, 4477
2026/08/25 20:35:11.410, 157.88, 98, 4477
2026/08/25 20:35:12.411, 158.35, 100, 4477
2026/08/25 20:35:13.411, 158.48, 100, 4477
2026/08/25 20:35:14.411, 157.58, 98, 4477
2026/08/25 20:35:15.411, 158.04, 100, 4477
2026/08/25 20:35:16.411, 158.18, 100, 4477
2026/08/25 20:35:17.411, 157.58, 98, 4477
2026/08/25 20:35:18.412, 158.16, 100, 4477
2026/08/25 20:35:19.412, 158.08, 100, 4477
2026/08/25 20:35:20.412, 157.76, 98, 4477
2026/08/25 20:35:21.412, 158.18, 100, 4477
2026/08/25 20:35:22.412, 158.15, 100, 4477
2026/08/25 20:35:23.413, 157.47, 98, 4477
2026/08/25 20:35:24.413, 158.17, 100, 4477
2026/08/25 20:35:25.413, 158.19, 100, 4477
2026/08/25 20:35:26.413, 157.60, 98, 4477
2026/08/25 20:35:27.413, 158.18, 100, 4477
2026/08/25 20:35:28.413, 158.29, 100, 4477
2026/08/25 20:35:29.414, 157.63, 98, 4477
2026/08/25 20:35:30.414, 158.31, 100, 4477
2026/08/25 20:35:31.414, 157.96, 100, 4477
2026/08/25 20:35:32.414, 158.13, 98, 4477
2026/08/25 20:35:33.414, 158.12, 100, 4477
2026/08/25 20:35:34.414, 158.03, 100, 4477
2026/08/25 20:35:35.415, 157.85, 98, 4477
2026/08/25 20:35:36.415, 158.11, 100, 4477
2026/08/25 20:35:37.415, 157.83, 98, 4477
2026/08/25 20:35:38.415, 157.76, 98, 4477
2026/08/25 20:35:39.415, 157.26, 100, 4477
2026/08/25 20:35:40.416, 157.91, 98, 4477
2026/08/25 20:35:41.416, 158.00, 100, 4477
2026/08/25 20:35:42.416, 158.29, 100, 4477
2026/08/25 20:35:43.416, 158.14, 98, 4477
2026/08/25 20:35:44.416, 158.21, 100, 4477
2026/08/25 20:35:45.416, 158.09, 100, 4477
2026/08/25 20:35:46.417, 157.57, 98, 4477
2026/08/25 20:35:47.417, 158.10, 100, 4477
2026/08/25 20:35:48.417, 158.08, 100, 4477
2026/08/25 20:35:49.417, 157.64, 98, 4477
2026/08/25 20:35:50.417, 157.96, 100, 4477
2026/08/25 20:35:51.418, 158.04, 100, 4477
2026/08/25 20:35:52.418, 157.27, 97, 4477
2026/08/25 20:35:53.418, 157.76, 100, 4477
2026/08/25 20:35:54.418, 157.97, 100, 4477
2026/08/25 20:35:55.418, 157.70, 98, 4477
2026/08/25 20:35:56.419, 158.01, 100, 4477
2026/08/25 20:35:57.419, 157.64, 100, 4477
2026/08/25 20:35:58.419, 157.42, 98, 4477
2026/08/25 20:35:59.419, 157.08, 100, 4477
2026/08/25 20:36:00.419, 158.45, 100, 4477
2026/08/25 20:36:01.420, 157.45, 98, 4477
2026/08/25 20:36:02.420, 158.36, 100, 4477
2026/08/25 20:36:03.420, 158.20, 100, 4477
2026/08/25 20:36:04.420, 158.05, 98, 4477
2026/08/25 20:36:05.420, 159.29, 100, 4477
2026/08/25 20:36:06.421, 158.35, 100, 4477
2026/08/25 20:36:07.421, 157.41, 98, 4477
2026/08/25 20:36:08.421, 159.03, 100, 4477
2026/08/25 20:36:09.421, 157.43, 91, 4477
2026/08/25 20:36:10.421, 157.19, 99, 4477
2026/08/25 20:36:11.421, 158.22, 100, 4477
2026/08/25 20:36:12.422, 158.21, 98, 4477
2026/08/25 20:36:13.422, 158.29, 100, 4477
2026/08/25 20:36:14.422, 158.33, 100, 4477
2026/08/25 20:36:15.422, 158.09, 98, 4477
2026/08/25 20:36:16.422, 158.37, 100, 4477
2026/08/25 20:36:17.423, 158.32, 100, 4477
2026/08/25 20:36:18.423, 158.27, 98, 4477
2026/08/25 20:36:19.423, 158.23, 100, 4477
2026/08/25 20:36:20.423, 157.90, 100, 4477
2026/08/25 20:36:21.423, 158.05, 98, 4477
2026/08/25 20:36:22.424, 158.01, 100, 4477
2026/08/25 20:36:23.424, 158.41, 100, 4477
2026/08/25 20:36:24.424, 158.35, 98, 4477
2026/08/25 20:36:25.424, 158.21, 100, 4477
2026/08/25 20:36:26.424, 158.23, 100, 4477
2026/08/25 20:36:27.425, 158.19, 98, 4477
2026/08/25 20:36:28.425, 157.62, 100, 4477
2026/08/25 20:36:29.425, 158.18, 100, 4477
2026/08/25 20:36:30.425, 158.26, 98, 4477
2026/08/25 20:36:31.425, 157.85, 100, 4477
2026/08/25 20:36:32.425, 158.07, 100, 4477
2026/08/25 20:36:33.426, 158.13, 100, 4477
2026/08/25 20:36:34.426, 157.66, 100, 4477
2026/08/25 20:36:35.426, 158.14, 100, 4477
2026/08/25 20:36:36.426, 158.38, 100, 4477
2026/08/25 20:36:37.426, 157.69, 98, 4477
2026/08/25 20:36:38.427, 158.15, 100, 4477
2026/08/25 20:36:39.427, 158.14, 100, 4477
2026/08/25 20:36:40.427, 157.29, 98, 4477
2026/08/25 20:36:41.427, 157.99, 100, 4477
2026/08/25 20:36:42.427, 157.97, 100, 4477
2026/08/25 20:36:43.428, 158.24, 98, 4477
2026/08/25 20:36:44.428, 158.23, 100, 4477
2026/08/25 20:36:45.428, 158.33, 100, 4477
2026/08/25 20:36:46.428, 157.49, 98, 4477
2026/08/25 20:36:47.428, 159.08, 100, 4477
2026/08/25 20:36:48.429, 158.27, 99, 4477
2026/08/25 20:36:49.429, 157.38, 98, 4477
2026/08/25 20:36:50.429, 157.88, 100, 4477
2026/08/25 20:36:51.429, 157.76, 98, 4477
2026/08/25 20:36:52.429, 158.07, 99, 4477
2026/08/25 20:36:53.429, 158.39, 100, 4477
2026/08/25 20:36:54.430, 157.90, 98, 4477
2026/08/25 20:36:55.430, 157.93, 100, 4477
2026/08/25 20:36:56.430, 158.15, 100, 4477
2026/08/25 20:36:57.430, 157.74, 98, 4477
2026/08/25 20:36:58.430, 158.05, 100, 4477
2026/08/25 20:36:59.431, 158.13, 100, 4477
2026/08/25 20:37:00.431, 157.59, 98, 4477
2026/08/25 20:37:01.431, 157.98, 100, 4477
2026/08/25 20:37:02.431, 158.08, 100, 4477
2026/08/25 20:37:03.431, 157.60, 98, 4477
2026/08/25 20:37:04.432, 157.95, 100, 4477
2026/08/25 20:37:05.432, 157.85, 100, 4477
2026/08/25 20:37:06.432, 157.35, 98, 4477
2026/08/25 20:37:07.432, 157.76, 100, 4477
2026/08/25 20:37:08.432, 157.99, 100, 4477
2026/08/25 20:37:09.432, 157.70, 98, 4477
2026/08/25 20:37:10.433, 157.42, 100, 4477
2026/08/25 20:37:11.433, 157.99, 100, 4477
2026/08/25 20:37:12.433, 157.22, 98, 4477
2026/08/25 20:37:13.433, 158.27, 100, 4477
2026/08/25 20:37:14.434, 157.96, 100, 4477
2026/08/25 20:37:15.434, 157.97, 98, 4477
2026/08/25 20:37:16.434, 158.66, 100, 4477
2026/08/25 20:37:17.434, 157.64, 99, 4477
2026/08/25 20:37:18.434, 157.59, 98, 4477
2026/08/25 20:37:19.434, 158.73, 100, 4477
2026/08/25 20:37:20.435, 158.18, 98, 4477
2026/08/25 20:37:21.435, 157.98, 99, 4477
2026/08/25 20:37:22.435, 158.24, 100, 4477
2026/08/25 20:37:23.435, 158.12, 98, 4477
2026/08/25 20:37:24.435, 158.03, 100, 4477
2026/08/25 20:37:25.436, 158.07, 100, 4477
2026/08/25 20:37:26.436, 158.08, 98, 4477
2026/08/25 20:37:27.436, 158.08, 100, 4477
2026/08/25 20:37:28.436, 157.98, 100, 4477
2026/08/25 20:37:29.436, 157.54, 98, 4477
2026/08/25 20:37:30.437, 156.98, 100, 4477
2026/08/25 20:37:31.437, 157.89, 100, 4477
2026/08/25 20:37:32.437, 157.75, 98, 4477
2026/08/25 20:37:33.437, 158.17, 100, 4477
2026/08/25 20:37:34.437, 158.15, 100, 4477
2026/08/25 20:37:35.437, 157.43, 98, 4477
2026/08/25 20:37:36.438, 157.83, 100, 4477
2026/08/25 20:37:37.438, 158.20, 100, 4477
2026/08/25 20:37:38.438, 158.04, 98, 4477
2026/08/25 20:37:39.438, 158.57, 100, 4477
2026/08/25 20:37:40.438, 157.95, 100, 4477
2026/08/25 20:37:41.439, 157.35, 98, 4477
2026/08/25 20:37:42.439, 158.09, 100, 4477
2026/08/25 20:37:43.439, 158.21, 100, 4477
2026/08/25 20:37:44.439, 157.37, 98, 4477
2026/08/25 20:37:45.439, 157.84, 100, 4477
2026/08/25 20:37:46.439, 157.97, 100, 4477
2026/08/25 20:37:47.440, 157.29, 98, 4477
2026/08/25 20:37:48.440, 158.20, 100, 4477
2026/08/25 20:37:49.440, 157.67, 99, 4477
2026/08/25 20:37:50.440, 157.43, 98, 4477
2026/08/25 20:37:51.440, 157.88, 100, 4477
2026/08/25 20:37:52.441, 157.91, 98, 4477
2026/08/25 20:37:53.441, 157.88, 99, 4477
2026/08/25 20:37:54.441, 157.89, 100, 4477
2026/08/25 20:37:55.441, 157.71, 98, 4477
2026/08/25 20:37:56.441, 158.09, 100, 4477
2026/08/25 20:37:57.441, 158.00, 100, 4477
2026/08/25 20:37:58.442, 157.94, 98, 4477
2026/08/25 20:37:59.442, 158.19, 100, 4477
2026/08/25 20:38:00.442, 157.94, 100, 4477
2026/08/25 20:38:01.442, 157.33, 98, 4477
2026/08/25 20:38:02.442, 158.02, 100, 4477
2026/08/25 20:38:03.443, 157.91, 100, 4477
2026/08/25 20:38:04.443, 157.48, 98, 4477
2026/08/25 20:38:05.443, 158.08, 100, 4477
2026/08/25 20:38:06.443, 157.98, 100, 4477
2026/08/25 20:38:07.443, 158.04, 98, 4477
2026/08/25 20:38:08.444, 158.46, 100, 4477
2026/08/25 20:38:09.444, 158.27, 100, 4477
2026/08/25 20:38:10.444, 158.15, 98, 4477
2026/08/25 20:38:11.444, 158.05, 100, 4477
2026/08/25 20:38:12.444, 158.14, 100, 4477
2026/08/25 20:38:13.444, 157.38, 98, 4477
2026/08/25 20:38:14.445, 157.87, 100, 4477
2026/08/25 20:38:15.445, 157.88, 100, 4477
2026/08/25 20:38:16.445, 157.23, 98, 4477
2026/08/25 20:38:17.445, 157.92, 100, 4477
2026/08/25 20:38:18.445, 158.10, 100, 4477
2026/08/25 20:38:19.446, 157.27, 98, 4477
2026/08/25 20:38:20.446, 157.62, 100, 4477
2026/08/25 20:38:21.446, 157.90, 100, 4477
2026/08/25 20:38:22.446, 157.20, 98, 4477
2026/08/25 20:38:23.446, 158.05, 100, 4477
2026/08/25 20:38:24.446, 158.13, 100, 4477
2026/08/25 20:38:25.447, 157.48, 98, 4477
2026/08/25 20:38:26.447, 158.15, 100, 4477
2026/08/25 20:38:27.447, 157.95, 99, 4477
2026/08/25 20:38:28.447, 157.48, 98, 4477
2026/08/25 20:38:29.447, 157.76, 100, 4477
2026/08/25 20:38:30.448, 157.79, 98, 4477
2026/08/25 20:38:31.448, 157.98, 99, 4477
2026/08/25 20:38:32.448, 157.91, 100, 4477
2026/08/25 20:38:33.448, 157.85, 98, 4477
2026/08/25 20:38:34.448, 157.86, 100, 4477
2026/08/25 20:38:35.448, 158.09, 100, 4477
2026/08/25 20:38:36.449, 157.73, 98, 4477
2026/08/25 20:38:37.449, 158.11, 100, 4477
2026/08/25 20:38:38.449, 157.68, 100, 4477
2026/08/25 20:38:39.449, 157.62, 98, 4477
2026/08/25 20:38:40.449, 157.90, 100, 4477
2026/08/25 20:38:41.450, 158.08, 100, 4477
2026/08/25 20:38:42.450, 157.57, 98, 4477
2026/08/25 20:38:43.450, 157.85, 100, 4477
2026/08/25 20:38:44.450, 158.19, 100, 4477
2026/08/25 20:38:45.450, 157.46, 98, 4477
2026/08/25 20:38:46.451, 157.78, 100, 4477
2026/08/25 20:38:47.451, 158.11, 100, 4477
2026/08/25 20:38:48.451, 157.70, 98, 4477
2026/08/25 20:38:49.451, 157.76, 100, 4477
2026/08/25 20:38:50.451, 158.11, 100, 4477
2026/08/25 20:38:51.451, 157.45, 98, 4477
2026/08/25 20:38:52.452, 158.00, 100, 4477
2026/08/25 20:38:53.452, 158.15, 100, 4477
2026/08/25 20:38:54.452, 157.23, 98, 4477
2026/08/25 20:38:55.452, 157.97, 100, 4477
2026/08/25 20:38:56.452, 158.06, 100, 4477
2026/08/25 20:38:57.453, 157.50, 98, 4477
2026/08/25 20:38:58.453, 157.96, 100, 4477
2026/08/25 20:38:59.453, 158.10, 100, 4477
2026/08/25 20:39:00.453, 157.78, 98, 4477
2026/08/25 20:39:01.453, 158.39, 100, 4477
2026/08/25 20:39:02.453, 157.72, 100, 4477
2026/08/25 20:39:03.454, 157.77, 98, 4477
2026/08/25 20:39:04.454, 158.46, 100, 4477
2026/08/25 20:39:05.454, 157.75, 100, 4477
2026/08/25 20:39:06.454, 157.67, 98, 4477
2026/08/25 20:39:07.454, 159.52, 100, 4477
2026/08/25 20:39:08.454, 163.51, 99, 4477
2026/08/25 20:39:09.455, 163.57, 100, 4477
2026/08/25 20:39:10.455, 163.58, 100, 4477
2026/08/25 20:39:11.455, 163.77, 100, 4477
2026/08/25 20:39:12.455, 163.70, 100, 4477
2026/08/25 20:39:13.455, 163.93, 99, 4477
2026/08/25 20:39:14.455, 163.74, 100, 4477
2026/08/25 20:39:15.456, 163.66, 99, 4477
2026/08/25 20:39:16.456, 163.81, 100, 4477
2026/08/25 20:39:17.456, 163.78, 100, 4477
2026/08/25 20:39:18.456, 163.61, 100, 4477
2026/08/25 20:39:19.456, 163.85, 99, 4477
2026/08/25 20:39:20.457, 163.67, 99, 4477
2026/08/25 20:39:21.457, 163.71, 100, 4477
2026/08/25 20:39:22.457, 164.01, 99, 4477
2026/08/25 20:39:23.457, 163.84, 100, 4477
2026/08/25 20:39:24.457, 163.95, 100, 4477
2026/08/25 20:39:25.458, 163.84, 100, 4477
2026/08/25 20:39:26.458, 163.99, 99, 4477
2026/08/25 20:39:27.458, 163.83, 99, 4477
2026/08/25 20:39:28.458, 164.16, 100, 4477
2026/08/25 20:39:29.458, 163.83, 99, 4477
2026/08/25 20:39:30.458, 163.77, 100, 4477
2026/08/25 20:39:31.459, 163.56, 100, 4477
2026/08/25 20:39:32.459, 163.92, 100, 4477
2026/08/25 20:39:33.459, 163.99, 99, 4477
2026/08/25 20:39:34.459, 163.68, 99, 4477
2026/08/25 20:39:35.459, 163.85, 100, 4477
2026/08/25 20:39:36.459, 163.90, 100, 4477
2026/08/25 20:39:37.460, 153.37, 98, 4477
2026/08/25 20:39:38.460, 158.42, 100, 4477
2026/08/25 20:39:39.460, 158.13, 100, 4477
2026/08/25 20:39:40.460, 157.63, 98, 4477
2026/08/25 20:39:41.460, 157.58, 100, 4477
2026/08/25 20:39:42.461, 158.26, 100, 4477
2026/08/25 20:39:43.461, 157.80, 98, 4477
2026/08/25 20:39:44.461, 158.44, 100, 4477
2026/08/25 20:39:45.461, 158.45, 100, 4477
2026/08/25 20:39:46.461, 157.79, 98, 4477
2026/08/25 20:39:47.461, 158.60, 100, 4477
2026/08/25 20:39:48.462, 158.71, 100, 4477
2026/08/25 20:39:49.462, 158.01, 98, 4477
2026/08/25 20:39:50.462, 158.54, 100, 4477
2026/08/25 20:39:51.462, 157.21, 96, 4477
2026/08/25 20:39:52.462, 157.49, 98, 4477
2026/08/25 20:39:53.462, 159.22, 100, 4477
2026/08/25 20:39:54.463, 158.42, 98, 4477
2026/08/25 20:39:55.463, 158.44, 99, 4477
2026/08/25 20:39:56.463, 158.37, 100, 4477
2026/08/25 20:39:57.463, 158.44, 98, 4477
2026/08/25 20:39:58.463, 158.58, 100, 4477
2026/08/25 20:39:59.464, 158.74, 100, 4477
2026/08/25 20:40:00.464, 158.15, 98, 4477
2026/08/25 20:40:01.464, 158.49, 100, 4477
2026/08/25 20:40:02.464, 157.52, 100, 4477
2026/08/25 20:40:03.464, 158.15, 98, 4477
2026/08/25 20:40:04.465, 158.33, 100, 4477
2026/08/25 20:40:05.465, 158.45, 100, 4477
2026/08/25 20:40:06.465, 158.10, 98, 4477
2026/08/25 20:40:07.465, 158.52, 100, 4477
2026/08/25 20:40:08.465, 158.24, 100, 4477
2026/08/25 20:40:09.466, 157.90, 97, 4477
2026/08/25 20:40:10.466, 158.78, 100, 4477
2026/08/25 20:40:11.466, 158.22, 100, 4477
2026/08/25 20:40:12.466, 157.74, 98, 4477
2026/08/25 20:40:13.466, 158.77, 100, 4477
2026/08/25 20:40:14.467, 158.38, 100, 4477
2026/08/25 20:40:15.467, 157.60, 98, 4477
2026/08/25 20:40:16.467, 158.41, 100, 4477
2026/08/25 20:40:17.467, 158.27, 100, 4477
2026/08/25 20:40:18.467, 157.57, 98, 4477
2026/08/25 20:40:19.467, 158.15, 100, 4477
2026/08/25 20:40:20.468, 158.60, 100, 4477
2026/08/25 20:40:21.468, 157.59, 98, 4477
2026/08/25 20:40:22.468, 158.18, 100, 4477
2026/08/25 20:40:23.468, 158.17, 100, 4477
2026/08/25 20:40:24.469, 157.47, 97, 4477
2026/08/25 20:40:25.469, 158.36, 100, 4477
2026/08/25 20:40:26.469, 158.41, 99, 4477
2026/08/25 20:40:27.469, 157.74, 98, 4477
2026/08/25 20:40:28.469, 158.84, 100, 4477
2026/08/25 20:40:29.469, 158.20, 98, 4477
2026/08/25 20:40:30.470, 158.25, 99, 4477
2026/08/25 20:40:31.470, 158.30, 100, 4477
2026/08/25 20:40:32.470, 158.35, 98, 4477
2026/08/25 20:40:33.470, 158.53, 100, 4477
2026/08/25 20:40:34.470, 158.54, 100, 4477
2026/08/25 20:40:35.470, 157.96, 98, 4477
2026/08/25 20:40:36.471, 158.27, 100, 4477
2026/08/25 20:40:37.471, 158.54, 100, 4477
2026/08/25 20:40:38.471, 158.53, 98, 4477
2026/08/25 20:40:39.471, 158.67, 100, 4477
2026/08/25 20:40:40.471, 158.38, 100, 4477
2026/08/25 20:40:41.472, 158.24, 98, 4477
2026/08/25 20:40:42.472, 158.46, 100, 4477
2026/08/25 20:40:43.472, 158.00, 100, 4477
2026/08/25 20:40:44.472, 157.81, 98, 4477
2026/08/25 20:40:45.472, 158.06, 100, 4477
2026/08/25 20:40:46.472, 158.20, 100, 4477
2026/08/25 20:40:47.473, 158.12, 98, 4477
2026/08/25 20:40:48.473, 158.37, 100, 4477
2026/08/25 20:40:49.473, 158.23, 100, 4477
2026/08/25 20:40:50.473, 158.06, 98, 4477
2026/08/25 20:40:51.473, 158.49, 100, 4477
2026/08/25 20:40:52.473, 158.25, 100, 4477
2026/08/25 20:40:53.474, 157.46, 98, 4477
2026/08/25 20:40:54.474, 158.10, 100, 4477
2026/08/25 20:40:55.474, 158.21, 100, 4477
2026/08/25 20:40:56.474, 157.31, 98, 4477
2026/08/25 20:40:57.474, 158.12, 100, 4477
2026/08/25 20:40:58.475, 158.21, 100, 4477
2026/08/25 20:40:59.475, 157.34, 98, 4477
2026/08/25 20:41:00.475, 157.92, 100, 4477
2026/08/25 20:41:01.475, 158.29, 100, 4477
2026/08/25 20:41:02.475, 156.38, 98, 4477
2026/08/25 20:41:03.476, 158.17, 100, 4477
2026/08/25 20:41:04.476, 158.15, 100, 4477
2026/08/25 20:41:05.476, 157.44, 98, 4477
2026/08/25 20:41:06.476, 158.93, 100, 4477
2026/08/25 20:41:07.476, 158.15, 99, 4477
2026/08/25 20:41:08.476, 157.74, 98, 4477
2026/08/25 20:41:09.476, 158.80, 100, 4477
2026/08/25 20:41:10.477, 157.68, 98, 4477
2026/08/25 20:41:11.477, 157.91, 99, 4477
2026/08/25 20:41:12.477, 158.09, 100, 4477
2026/08/25 20:41:13.477, 158.09, 98, 4477
2026/08/25 20:41:14.477, 158.02, 100, 4477
2026/08/25 20:41:15.478, 157.96, 100, 4477
2026/08/25 20:41:16.478, 157.65, 98, 4477
2026/08/25 20:41:17.478, 157.72, 100, 4477
2026/08/25 20:41:18.478, 158.16, 100, 4477
2026/08/25 20:41:19.478, 157.79, 98, 4477
2026/08/25 20:41:20.478, 158.28, 100, 4477
2026/08/25 20:41:21.479, 158.15, 100, 4477
2026/08/25 20:41:22.479, 157.60, 98, 4477
2026/08/25 20:41:23.479, 158.09, 100, 4477
2026/08/25 20:41:24.479, 158.07, 100, 4477
2026/08/25 20:41:25.479, 158.00, 98, 4477
2026/08/25 20:41:26.480, 157.79, 100, 4477
2026/08/25 20:41:27.480, 158.18, 100, 4477
2026/08/25 20:41:28.480, 157.61, 98, 4477
2026/08/25 20:41:29.480, 158.10, 100, 4477
2026/08/25 20:41:30.480, 158.29, 100, 4477
2026/08/25 20:41:31.480, 158.17, 98, 4477
2026/08/25 20:41:32.481, 157.92, 100, 4477
2026/08/25 20:41:33.481, 156.91, 100, 4477
2026/08/25 20:41:34.481, 157.35, 98, 4477
2026/08/25 20:41:35.481, 158.03, 100, 4477
2026/08/25 20:41:36.481, 157.69, 100, 4477
2026/08/25 20:41:37.482, 157.05, 98, 4477
2026/08/25 20:41:38.482, 158.04, 100, 4477
2026/08/25 20:41:39.482, 157.68, 100, 4477
2026/08/25 20:41:40.482, 157.57, 98, 4477
2026/08/25 20:41:41.482, 158.55, 100, 4477
2026/08/25 20:41:42.483, 157.78, 99, 4477
2026/08/25 20:41:43.483, 157.65, 98, 4477
2026/08/25 20:41:44.483, 157.91, 100, 4477
2026/08/25 20:41:45.483, 157.93, 98, 4477
2026/08/25 20:41:46.483, 157.87, 99, 4477
2026/08/25 20:41:47.483, 158.15, 100, 4477
2026/08/25 20:41:48.484, 158.21, 98, 4477
2026/08/25 20:41:49.484, 158.21, 100, 4477
2026/08/25 20:41:50.484, 158.00, 100, 4477
2026/08/25 20:41:51.484, 157.99, 98, 4477
2026/08/25 20:41:52.484, 158.41, 100, 4477
2026/08/25 20:41:53.485, 157.99, 100, 4477
2026/08/25 20:41:54.485, 157.57, 98, 4477
2026/08/25 20:41:55.485, 157.91, 100, 4477
2026/08/25 20:41:56.485, 158.12, 100, 4477
2026/08/25 20:41:57.485, 157.94, 98, 4477
2026/08/25 20:41:58.485, 158.35, 100, 4477
2026/08/25 20:41:59.486, 158.04, 100, 4477
2026/08/25 20:42:00.486, 157.46, 98, 4477
2026/08/25 20:42:01.486, 157.96, 100, 4477
2026/08/25 20:42:02.486, 158.30, 100, 4477
2026/08/25 20:42:03.486, 156.26, 90, 4477
2026/08/25 20:42:04.487, 157.05, 100, 4477
2026/08/25 20:42:05.487, 158.12, 100, 4477
2026/08/25 20:42:06.487, 157.48, 98, 4477
2026/08/25 20:42:07.487, 157.92, 100, 4477
2026/08/25 20:42:08.487, 158.20, 100, 4477
2026/08/25 20:42:09.488, 157.10, 98, 4477
2026/08/25 20:42:10.488, 158.24, 100, 4477
2026/08/25 20:42:11.488, 157.85, 100, 4477
2026/08/25 20:42:12.488, 157.10, 98, 4477
2026/08/25 20:42:13.488, 156.76, 100, 4477
2026/08/25 20:42:14.489, 157.94, 98, 4477
2026/08/25 20:42:15.489, 158.05, 99, 4477
2026/08/25 20:42:16.489, 158.07, 100, 4477
2026/08/25 20:42:17.489, 157.62, 98, 4477
2026/08/25 20:42:18.489, 157.96, 100, 4477
2026/08/25 20:42:19.490, 157.98, 100, 4477
2026/08/25 20:42:20.490, 157.98, 98, 4477
2026/08/25 20:42:21.490, 158.10, 100, 4477
2026/08/25 20:42:22.490, 158.18, 100, 4477
2026/08/25 20:42:23.490, 157.95, 98, 4477
2026/08/25 20:42:24.490, 158.26, 100, 4477
2026/08/25 20:42:25.491, 158.02, 100, 4477
2026/08/25 20:42:26.491, 157.53, 98, 4477
2026/08/25 20:42:27.491, 158.49, 100, 4477
2026/08/25 20:42:28.491, 158.23, 100, 4477
2026/08/25 20:42:29.491, 158.01, 98, 4477
2026/08/25 20:42:30.492, 158.52, 100, 4477
2026/08/25 20:42:31.492, 158.16, 100, 4477
2026/08/25 20:42:32.492, 157.55, 98, 4477
2026/08/25 20:42:33.492, 157.97, 100, 4477
2026/08/25 20:42:34.492, 157.86, 100, 4477
2026/08/25 20:42:35.493, 157.49, 98, 4477
2026/08/25 20:42:36.493, 158.00, 100, 4477
2026/08/25 20:42:37.493, 158.17, 100, 4477
2026/08/25 20:42:38.493, 157.38, 98, 4477
2026/08/25 20:42:39.493, 158.53, 100, 4477
2026/08/25 20:42:40.494, 157.93, 100, 4477
2026/08/25 20:42:41.494, 157.38, 98, 4477
2026/08/25 20:42:42.494, 157.98, 100, 4477
2026/08/25 20:42:43.494, 156.85, 100, 4477
2026/08/25 20:42:44.494, 157.79, 98, 4477
2026/08/25 20:42:45.495, 157.86, 100, 4477
2026/08/25 20:42:46.495, 157.97, 100, 4477
2026/08/25 20:42:47.495, 157.02, 98, 4477
2026/08/25 20:42:48.495, 157.79, 100, 4477
2026/08/25 20:42:49.495, 157.82, 100, 4477
2026/08/25 20:42:50.496, 157.65, 98, 4477
2026/08/25 20:42:51.496, 157.86, 100, 4477
2026/08/25 20:42:52.496, 157.57, 98, 4477
2026/08/25 20:42:53.496, 157.55, 98, 4477
2026/08/25 20:42:54.496, 157.79, 100, 4477
2026/08/25 20:42:55.496, 157.86, 98, 4477
2026/08/25 20:42:56.497, 157.89, 99, 4477
2026/08/25 20:42:57.497, 157.78, 100, 4477
2026/08/25 20:42:58.497, 157.55, 98, 4477
2026/08/25 20:42:59.497, 158.13, 100, 4477
2026/08/25 20:43:00.497, 158.03, 100, 4477
2026/08/25 20:43:01.498, 157.89, 98, 4477
2026/08/25 20:43:02.498, 157.76, 100, 4477
2026/08/25 20:43:03.498, 156.77, 100, 4477
2026/08/25 20:43:04.498, 157.50, 98, 4477
2026/08/25 20:43:05.498, 157.66, 100, 4477
2026/08/25 20:43:06.498, 157.54, 100, 4477
2026/08/25 20:43:07.499, 157.92, 98, 4477
2026/08/25 20:43:08.499, 157.38, 100, 4477
2026/08/25 20:43:09.499, 157.91, 100, 4477
2026/08/25 20:43:10.499, 157.90, 98, 4477
2026/08/25 20:43:11.499, 157.31, 100, 4477
2026/08/25 20:43:12.500, 157.99, 100, 4477
2026/08/25 20:43:13.500, 157.71, 98, 4477
2026/08/25 20:43:14.500, 157.24, 100, 4477
2026/08/25 20:43:15.500, 157.83, 100, 4477
2026/08/25 20:43:16.500, 157.68, 98, 4477
2026/08/25 20:43:17.501, 157.07, 100, 4477
2026/08/25 20:43:18.501, 158.57, 100, 4477
2026/08/25 20:43:19.501, 158.01, 98, 4477
2026/08/25 20:43:20.501, 157.20, 100, 4477
2026/08/25 20:43:21.501, 157.90, 100, 4477
2026/08/25 20:43:22.502, 158.01, 98, 4477
2026/08/25 20:43:23.502, 157.28, 100, 4477
2026/08/25 20:43:24.502, 157.97, 98, 4477
2026/08/25 20:43:25.502, 157.84, 98, 4477
2026/08/25 20:43:26.502, 157.60, 98, 4477
2026/08/25 20:43:27.502, 158.15, 98, 4477
2026/08/25 20:43:28.503, 157.89, 100, 4477
2026/08/25 20:43:29.503, 157.94, 98, 4477
2026/08/25 20:43:30.503, 158.35, 100, 4477
2026/08/25 20:43:31.503, 157.93, 98, 4477
2026/08/25 20:43:32.503, 158.10, 100, 4477
2026/08/25 20:43:33.504, 158.10, 100, 4477
2026/08/25 20:43:34.504, 158.02, 98, 4477
2026/08/25 20:43:35.504, 158.07, 100, 4477
2026/08/25 20:43:36.504, 158.04, 100, 4477
2026/08/25 20:43:37.504, 157.97, 98, 4477
2026/08/25 20:43:38.505, 157.96, 100, 4477
2026/08/25 20:43:39.505, 157.94, 100, 4477
2026/08/25 20:43:40.505, 157.32, 98, 4477
2026/08/25 20:43:41.505, 158.11, 100, 4477
2026/08/25 20:43:42.505, 157.96, 100, 4477
2026/08/25 20:43:43.505, 157.91, 98, 4477
2026/08/25 20:43:44.506, 156.91, 100, 4477
2026/08/25 20:43:45.506, 157.91, 100, 4477
2026/08/25 20:43:46.506, 157.46, 98, 4477
2026/08/25 20:43:47.506, 158.08, 100, 4477
2026/08/25 20:43:48.506, 157.69, 100, 4477
2026/08/25 20:43:49.507, 157.33, 98, 4477
2026/08/25 20:43:50.507, 157.77, 100, 4477
2026/08/25 20:43:51.507, 157.87, 100, 4477
2026/08/25 20:43:52.507, 157.00, 97, 4477
2026/08/25 20:43:53.507, 157.72, 100, 4477
2026/08/25 20:43:54.507, 156.90, 97, 4477
2026/08/25 20:43:55.508, 157.40, 98, 4477
2026/08/25 20:43:56.508, 158.52, 100, 4477
2026/08/25 20:43:57.508, 158.04, 98, 4477
2026/08/25 20:43:58.508, 157.94, 99, 4477
2026/08/25 20:43:59.509, 159.30, 99, 4477
2026/08/25 20:44:00.509, 163.27, 99, 4477
2026/08/25 20:44:01.509, 163.23, 100, 4477
2026/08/25 20:44:02.509, 163.22, 100, 4477
2026/08/25 20:44:03.509, 163.23, 100, 4477
2026/08/25 20:44:04.509, 163.01, 100, 4477
2026/08/25 20:44:05.510, 163.20, 99, 4477
2026/08/25 20:44:06.510, 163.28, 99, 4477
2026/08/25 20:44:07.510, 163.25, 99, 4477
2026/08/25 20:44:08.510, 163.48, 100, 4477
2026/08/25 20:44:09.510, 163.29, 100, 4477
2026/08/25 20:44:10.510, 163.28, 99, 4477
2026/08/25 20:44:11.511, 163.29, 99, 4477
2026/08/25 20:44:12.511, 163.30, 98, 4477
2026/08/25 20:44:13.511, 163.08, 99, 4477
2026/08/25 20:44:14.511, 163.46, 100, 4477
2026/08/25 20:44:15.511, 163.19, 100, 4477
2026/08/25 20:44:16.511, 163.37, 100, 4477
2026/08/25 20:44:17.512, 163.38, 99, 4477
2026/08/25 20:44:18.512, 163.29, 99, 4477
2026/08/25 20:44:19.512, 163.54, 99, 4477
2026/08/25 20:44:20.512, 163.53, 99, 4477
2026/08/25 20:44:21.512, 163.41, 100, 4477
2026/08/25 20:44:22.512, 163.52, 100, 4477
2026/08/25 20:44:23.513, 163.46, 100, 4477
2026/08/25 20:44:24.513, 163.34, 100, 4477
2026/08/25 20:44:25.513, 163.30, 100, 4477
2026/08/25 20:44:26.513, 163.39, 99, 4477
2026/08/25 20:44:27.513, 163.35, 99, 4477
2026/08/25 20:44:28.514, 163.49, 100, 4477
2026/08/25 20:44:29.514, 153.65, 98, 4477
2026/08/25 20:44:30.514, 158.41, 100, 4477
2026/08/25 20:44:31.514, 158.33, 100, 4477
2026/08/25 20:44:32.514, 157.54, 98, 4477
2026/08/25 20:44:33.514, 157.82, 100, 4477
2026/08/25 20:44:34.515, 157.00, 100, 4477
2026/08/25 20:44:35.515, 157.57, 98, 4477
2026/08/25 20:44:36.515, 158.27, 100, 4477
2026/08/25 20:44:37.515, 158.25, 100, 4477
2026/08/25 20:44:38.515, 158.13, 98, 4477
2026/08/25 20:44:39.515, 158.31, 100, 4477
2026/08/25 20:44:40.516, 157.99, 100, 4477
2026/08/25 20:44:41.516, 157.70, 98, 4477
2026/08/25 20:44:42.516, 158.23, 100, 4477
2026/08/25 20:44:43.516, 157.90, 98, 4477
2026/08/25 20:44:44.516, 158.02, 99, 4477
2026/08/25 20:44:45.517, 157.44, 100, 4477
2026/08/25 20:44:46.517, 158.20, 98, 4477
2026/08/25 20:44:47.517, 158.23, 100, 4477
2026/08/25 20:44:48.517, 158.28, 100, 4477
2026/08/25 20:44:49.517, 157.86, 98, 4477
2026/08/25 20:44:50.518, 158.10, 100, 4477
2026/08/25 20:44:51.518, 158.28, 100, 4477
2026/08/25 20:44:52.518, 158.04, 98, 4477
2026/08/25 20:44:53.518, 158.32, 100, 4477
2026/08/25 20:44:54.518, 158.30, 100, 4477
2026/08/25 20:44:55.518, 156.60, 89, 4477
2026/08/25 20:44:56.519, 156.96, 100, 4477
2026/08/25 20:44:57.519, 158.15, 100, 4477
2026/08/25 20:44:58.519, 158.32, 98, 4477
2026/08/25 20:44:59.519, 159.09, 100, 4477
2026/08/25 20:45:00.519, 158.24, 100, 4477
2026/08/25 20:45:01.519, 157.62, 98, 4477
2026/08/25 20:45:02.520, 158.27, 100, 4477
2026/08/25 20:45:03.520, 158.25, 100, 4477
2026/08/25 20:45:04.520, 157.63, 98, 4477
2026/08/25 20:45:05.520, 158.22, 100, 4477
2026/08/25 20:45:06.521, 158.24, 100, 4477
2026/08/25 20:45:07.521, 156.26, 98, 4477
2026/08/25 20:45:08.521, 158.03, 100, 4477
2026/08/25 20:45:09.521, 158.13, 100, 4477
2026/08/25 20:45:10.521, 157.87, 98, 4477
2026/08/25 20:45:11.521, 158.29, 100, 4477
2026/08/25 20:45:12.522, 157.96, 98, 4477
2026/08/25 20:45:13.522, 157.91, 98, 4477
2026/08/25 20:45:14.522, 158.67, 100, 4477
2026/08/25 20:45:15.522, 157.24, 92, 4477
2026/08/25 20:45:16.523, 157.40, 100, 4477
2026/08/25 20:45:17.523, 158.24, 100, 4477
2026/08/25 20:45:18.523, 158.17, 98, 4477
2026/08/25 20:45:19.523, 158.35, 100, 4477
2026/08/25 20:45:20.523, 158.31, 100, 4477
2026/08/25 20:45:21.523, 157.83, 98, 4477
2026/08/25 20:45:22.524, 157.99, 100, 4477
2026/08/25 20:45:23.524, 158.28, 100, 4477
2026/08/25 20:45:24.524, 157.89, 98, 4477
2026/08/25 20:45:25.524, 158.08, 100, 4477
2026/08/25 20:45:26.524, 158.29, 100, 4477
2026/08/25 20:45:27.525, 157.76, 98, 4477
2026/08/25 20:45:28.525, 158.78, 100, 4477
2026/08/25 20:45:29.525, 158.46, 100, 4477
2026/08/25 20:45:30.525, 157.70, 98, 4477
2026/08/25 20:45:31.525, 158.23, 100, 4477
2026/08/25 20:45:32.526, 158.14, 100, 4477
2026/08/25 20:45:33.526, 157.62, 98, 4477
2026/08/25 20:45:34.526, 158.41, 100, 4477
2026/08/25 20:45:35.526, 158.51, 100, 4477
2026/08/25 20:45:36.526, 157.60, 98, 4477
2026/08/25 20:45:37.526, 158.28, 100, 4477
2026/08/25 20:45:38.527, 158.26, 100, 4477
2026/08/25 20:45:39.527, 157.95, 98, 4477
2026/08/25 20:45:40.527, 158.52, 100, 4477
2026/08/25 20:45:41.527, 158.19, 100, 4477
2026/08/25 20:45:42.527, 157.38, 98, 4477
2026/08/25 20:45:43.528, 158.19, 100, 4477
2026/08/25 20:45:44.528, 158.13, 100, 4477
2026/08/25 20:45:45.528, 157.66, 98, 4477
2026/08/25 20:45:46.528, 158.26, 100, 4477
2026/08/25 20:45:47.528, 158.13, 100, 4477
2026/08/25 20:45:48.528, 157.39, 97, 4477
2026/08/25 20:45:49.529, 158.19, 100, 4477
2026/08/25 20:45:50.529, 158.07, 100, 4477
2026/08/25 20:45:51.529, 157.53, 98, 4477
2026/08/25 20:45:52.529, 158.12, 100, 4477
2026/08/25 20:45:53.529, 158.50, 99, 4477
2026/08/25 20:45:54.529, 157.66, 98, 4477
2026/08/25 20:45:55.530, 158.80, 100, 4477
2026/08/25 20:45:56.530, 158.10, 98, 4477
2026/08/25 20:45:57.530, 157.93, 99, 4477
2026/08/25 20:45:58.530, 158.10, 100, 4477
2026/08/25 20:45:59.530, 158.04, 98, 4477
2026/08/25 20:46:00.531, 158.05, 100, 4477
2026/08/25 20:46:01.531, 158.32, 100, 4477
2026/08/25 20:46:02.531, 157.92, 98, 4477
2026/08/25 20:46:03.531, 158.23, 100, 4477
2026/08/25 20:46:04.531, 158.05, 100, 4477
2026/08/25 20:46:05.531, 157.98, 98, 4477
2026/08/25 20:46:06.532, 158.12, 100, 4477
2026/08/25 20:46:07.532, 158.18, 100, 4477
2026/08/25 20:46:08.532, 158.05, 98, 4477
2026/08/25 20:46:09.532, 158.43, 100, 4477
2026/08/25 20:46:10.532, 158.11, 100, 4477
2026/08/25 20:46:11.533, 157.95, 98, 4477
2026/08/25 20:46:12.533, 158.41, 100, 4477
2026/08/25 20:46:13.533, 158.48, 100, 4477
2026/08/25 20:46:14.533, 157.58, 98, 4477
2026/08/25 20:46:15.533, 158.04, 100, 4477
2026/08/25 20:46:16.533, 157.26, 100, 4477
2026/08/25 20:46:17.534, 157.49, 98, 4477
2026/08/25 20:46:18.534, 158.16, 100, 4477
2026/08/25 20:46:19.534, 158.29, 100, 4477
2026/08/25 20:46:20.534, 157.34, 98, 4477
2026/08/25 20:46:21.534, 158.05, 100, 4477
2026/08/25 20:46:22.535, 158.32, 100, 4477
2026/08/25 20:46:23.535, 157.46, 98, 4477
2026/08/25 20:46:24.535, 157.99, 100, 4477
2026/08/25 20:46:25.535, 158.05, 100, 4477
2026/08/25 20:46:26.535, 157.44, 98, 4477
2026/08/25 20:46:27.536, 158.17, 100, 4477
2026/08/25 20:46:28.536, 158.33, 100, 4477
2026/08/25 20:46:29.536, 157.56, 98, 4477
2026/08/25 20:46:30.536, 158.05, 100, 4477
2026/08/25 20:46:31.536, 158.26, 100, 4477
2026/08/25 20:46:32.537, 157.45, 98, 4477
2026/08/25 20:46:33.537, 158.94, 100, 4477
2026/08/25 20:46:34.537, 158.34, 100, 4477
2026/08/25 20:46:35.537, 157.63, 98, 4477
2026/08/25 20:46:36.537, 158.22, 100, 4477
2026/08/25 20:46:37.537, 158.33, 100, 4477
2026/08/25 20:46:38.538, 157.67, 98, 4477
2026/08/25 20:46:39.538, 158.74, 100, 4477
2026/08/25 20:46:40.538, 158.25, 98, 4477
2026/08/25 20:46:41.538, 158.29, 99, 4477
2026/08/25 20:46:42.538, 158.29, 100, 4477
2026/08/25 20:46:43.538, 157.91, 98, 4477
2026/08/25 20:46:44.539, 158.12, 100, 4477
2026/08/25 20:46:45.539, 158.22, 100, 4477
2026/08/25 20:46:46.539, 157.67, 94, 4477
2026/08/25 20:46:47.539, 157.58, 100, 4477
2026/08/25 20:46:48.539, 158.16, 100, 4477
2026/08/25 20:46:49.540, 157.88, 98, 4477
2026/08/25 20:46:50.540, 157.91, 100, 4477
2026/08/25 20:46:51.540, 158.11, 100, 4477
2026/08/25 20:46:52.540, 158.08, 98, 4477
2026/08/25 20:46:53.540, 158.50, 100, 4477
2026/08/25 20:46:54.541, 158.35, 100, 4477
2026/08/25 20:46:55.541, 158.23, 98, 4477
2026/08/25 20:46:56.541, 158.15, 100, 4477
2026/08/25 20:46:57.541, 158.13, 100, 4477
2026/08/25 20:46:58.541, 158.13, 98, 4477
2026/08/25 20:46:59.541, 158.34, 100, 4477
2026/08/25 20:47:00.542, 158.07, 100, 4477
2026/08/25 20:47:01.542, 157.31, 98, 4477
2026/08/25 20:47:02.542, 158.01, 100, 4477
2026/08/25 20:47:03.542, 158.23, 100, 4477
2026/08/25 20:47:04.542, 157.20, 98, 4477
2026/08/25 20:47:05.543, 157.72, 100, 4477
2026/08/25 20:47:06.543, 156.88, 100, 4477
2026/08/25 20:47:07.543, 157.76, 98, 4477
2026/08/25 20:47:08.543, 157.97, 100, 4477
2026/08/25 20:47:09.543, 157.98, 100, 4477
2026/08/25 20:47:10.544, 157.50, 98, 4477
2026/08/25 20:47:11.544, 158.00, 100, 4477
2026/08/25 20:47:12.544, 157.92, 99, 4477
2026/08/25 20:47:13.544, 157.54, 98, 4477
2026/08/25 20:47:14.544, 157.90, 100, 4477
2026/08/25 20:47:15.544, 158.07, 98, 4477
2026/08/25 20:47:16.545, 158.09, 99, 4477
2026/08/25 20:47:17.545, 157.92, 100, 4477
2026/08/25 20:47:18.545, 157.83, 98, 4477
2026/08/25 20:47:19.545, 158.47, 100, 4477
2026/08/25 20:47:20.545, 158.08, 100, 4477
2026/08/25 20:47:21.546, 157.62, 98, 4477
2026/08/25 20:47:22.546, 158.09, 100, 4477
2026/08/25 20:47:23.546, 158.19, 100, 4477
2026/08/25 20:47:24.546, 158.28, 98, 4477
2026/08/25 20:47:25.546, 157.91, 100, 4477
2026/08/25 20:47:26.547, 158.23, 100, 4477
2026/08/25 20:47:27.547, 157.53, 98, 4477
2026/08/25 20:47:28.547, 158.10, 100, 4477
2026/08/25 20:47:29.547, 158.06, 100, 4477
2026/08/25 20:47:30.547, 158.06, 98, 4477
2026/08/25 20:47:31.547, 158.08, 100, 4477
2026/08/25 20:47:32.548, 158.13, 100, 4477
2026/08/25 20:47:33.548, 157.41, 98, 4477
2026/08/25 20:47:34.548, 157.96, 100, 4477
2026/08/25 20:47:35.548, 158.03, 100, 4477
2026/08/25 20:47:36.548, 157.30, 98, 4477
2026/08/25 20:47:37.549, 157.84, 100, 4477
2026/08/25 20:47:38.549, 158.06, 100, 4477
2026/08/25 20:47:39.549, 158.04, 98, 4477
2026/08/25 20:47:40.549, 157.79, 100, 4477
2026/08/25 20:47:41.549, 157.75, 100, 4477
2026/08/25 20:47:42.550, 157.90, 98, 4477
2026/08/25 20:47:43.550, 157.98, 100, 4477
2026/08/25 20:47:44.550, 157.55, 98, 4477
2026/08/25 20:47:45.550, 157.83, 99, 4477
2026/08/25 20:47:46.550, 158.29, 100, 4477
2026/08/25 20:47:47.550, 158.14, 98, 4477
2026/08/25 20:47:48.551, 158.37, 100, 4477
2026/08/25 20:47:49.551, 158.01, 100, 4477
2026/08/25 20:47:50.551, 157.64, 98, 4477
2026/08/25 20:47:51.551, 158.21, 100, 4477
2026/08/25 20:47:52.551, 158.02, 100, 4477
2026/08/25 20:47:53.552, 157.87, 98, 4477
2026/08/25 20:47:54.552, 157.86, 100, 4477
2026/08/25 20:47:55.552, 158.30, 100, 4477
2026/08/25 20:47:56.552, 157.48, 98, 4477
2026/08/25 20:47:57.552, 158.33, 100, 4477
2026/08/25 20:47:58.553, 157.93, 100, 4477
2026/08/25 20:47:59.553, 157.52, 98, 4477
2026/08/25 20:48:00.553, 157.96, 100, 4477
2026/08/25 20:48:01.553, 158.04, 100, 4477
2026/08/25 20:48:02.553, 157.45, 98, 4477
2026/08/25 20:48:03.554, 158.08, 100, 4477
2026/08/25 20:48:04.554, 158.15, 100, 4477
2026/08/25 20:48:05.554, 157.58, 98, 4477
2026/08/25 20:48:06.554, 158.02, 100, 4477
2026/08/25 20:48:07.554, 157.17, 100, 4477
2026/08/25 20:48:08.554, 157.32, 98, 4477
2026/08/25 20:48:09.555, 157.84, 100, 4477
2026/08/25 20:48:10.555, 157.77, 99, 4477
2026/08/25 20:48:11.555, 157.53, 98, 4477
2026/08/25 20:48:12.555, 158.75, 100, 4477
2026/08/25 20:48:13.556, 158.08, 98, 4477
2026/08/25 20:48:14.556, 157.85, 99, 4477
2026/08/25 20:48:15.556, 157.83, 100, 4477
2026/08/25 20:48:16.556, 157.81, 98, 4477
2026/08/25 20:48:17.556, 157.90, 100, 4477
2026/08/25 20:48:18.557, 157.89, 100, 4477
2026/08/25 20:48:19.557, 158.07, 98, 4477
2026/08/25 20:48:20.557, 158.03, 100, 4477
2026/08/25 20:48:21.557, 158.09, 100, 4477
2026/08/25 20:48:22.557, 157.56, 98, 4477
2026/08/25 20:48:23.558, 158.06, 100, 4477
2026/08/25 20:48:24.558, 157.87, 100, 4477
2026/08/25 20:48:25.558, 157.50, 98, 4477
2026/08/25 20:48:26.558, 158.08, 100, 4477
2026/08/25 20:48:27.558, 158.15, 100, 4477
2026/08/25 20:48:28.558, 157.46, 98, 4477
2026/08/25 20:48:29.559, 157.92, 100, 4477
2026/08/25 20:48:30.559, 157.93, 100, 4477
2026/08/25 20:48:31.559, 157.71, 98, 4477
2026/08/25 20:48:32.559, 158.16, 100, 4477
2026/08/25 20:48:33.559, 158.10, 100, 4477
2026/08/25 20:48:34.560, 157.47, 98, 4477
2026/08/25 20:48:35.560, 158.48, 100, 4477
2026/08/25 20:48:36.560, 158.07, 100, 4477
2026/08/25 20:48:37.560, 157.28, 98, 4477
2026/08/25 20:48:38.560, 157.96, 100, 4477
2026/08/25 20:48:39.560, 158.00, 100, 4477
2026/08/25 20:48:40.561, 156.97, 98, 4477
2026/08/25 20:48:41.561, 157.94, 100, 4477
2026/08/25 20:48:42.561, 157.98, 100, 4477
2026/08/25 20:48:43.561, 157.20, 98, 4477
2026/08/25 20:48:44.561, 157.77, 100, 4477
2026/08/25 20:48:45.562, 157.71, 100, 4477
2026/08/25 20:48:46.562, 156.98, 98, 4477
2026/08/25 20:48:47.562, 158.54, 100, 4477
2026/08/25 20:48:48.562, 156.60, 90, 4477
2026/08/25 20:48:49.562, 156.80, 100, 4477
2026/08/25 20:48:50.563, 158.01, 100, 4477
2026/08/25 20:48:51.563, 159.13, 99, 4477
2026/08/25 20:48:52.563, 163.27, 99, 4477
2026/08/25 20:48:53.563, 163.32, 100, 4477
2026/08/25 20:48:54.563, 163.13, 100, 4477
2026/08/25 20:48:55.564, 163.29, 100, 4477
2026/08/25 20:48:56.564, 163.09, 100, 4477
2026/08/25 20:48:57.564, 163.53, 100, 4477
2026/08/25 20:48:58.564, 163.41, 100, 4477
2026/08/25 20:48:59.564, 163.40, 100, 4477
2026/08/25 20:49:00.565, 163.25, 99, 4477
2026/08/25 20:49:01.565, 163.36, 100, 4477
2026/08/25 20:49:02.565, 163.37, 100, 4477
2026/08/25 20:49:03.565, 163.39, 100, 4477
2026/08/25 20:49:04.565, 163.45, 100, 4477
2026/08/25 20:49:05.565, 163.13, 100, 4477
2026/08/25 20:49:06.566, 163.18, 100, 4477
2026/08/25 20:49:07.566, 163.17, 99, 4477
2026/08/25 20:49:08.566, 163.36, 100, 4477
2026/08/25 20:49:09.566, 163.42, 100, 4477
2026/08/25 20:49:10.566, 163.24, 100, 4477
2026/08/25 20:49:11.566, 163.58, 100, 4477
2026/08/25 20:49:12.567, 163.39, 100, 4477
2026/08/25 20:49:13.567, 163.36, 100, 4477
2026/08/25 20:49:14.567, 163.51, 100, 4477
2026/08/25 20:49:15.567, 163.34, 99, 4477
2026/08/25 20:49:16.567, 163.44, 100, 4477
2026/08/25 20:49:17.567, 163.44, 100, 4477
2026/08/25 20:49:18.568, 163.33, 100, 4477
2026/08/25 20:49:19.568, 163.79, 100, 4477
2026/08/25 20:49:20.568, 163.58, 99, 4477
2026/08/25 20:49:21.568, 154.60, 100, 4477
2026/08/25 20:49:22.568, 158.15, 100, 4477
2026/08/25 20:49:23.568, 157.73, 98, 4477
2026/08/25 20:49:24.569, 157.89, 100, 4477
2026/08/25 20:49:25.569, 157.90, 100, 4477
2026/08/25 20:49:26.569, 157.57, 98, 4477
2026/08/25 20:49:27.569, 158.61, 100, 4477
2026/08/25 20:49:28.569, 158.01, 100, 4477
2026/08/25 20:49:29.570, 158.14, 98, 4477
2026/08/25 20:49:30.570, 157.95, 100, 4477
2026/08/25 20:49:31.570, 158.04, 100, 4477
2026/08/25 20:49:32.570, 157.51, 98, 4477
2026/08/25 20:49:33.570, 158.12, 100, 4477
2026/08/25 20:49:34.571, 158.32, 99, 4477
2026/08/25 20:49:35.571, 157.69, 98, 4477
2026/08/25 20:49:36.571, 158.12, 100, 4477
2026/08/25 20:49:37.571, 158.09, 98, 4477
2026/08/25 20:49:38.572, 158.17, 99, 4477
2026/08/25 20:49:39.572, 157.26, 100, 4477
2026/08/25 20:49:40.572, 157.98, 98, 4477
2026/08/25 20:49:41.572, 158.20, 100, 4477
2026/08/25 20:49:42.572, 157.98, 100, 4477
2026/08/25 20:49:43.572, 157.62, 98, 4477
2026/08/25 20:49:44.573, 158.22, 100, 4477
2026/08/25 20:49:45.573, 158.17, 100, 4477
2026/08/25 20:49:46.573, 158.10, 98, 4477
2026/08/25 20:49:47.573, 157.97, 100, 4477
2026/08/25 20:49:48.573, 158.22, 100, 4477
2026/08/25 20:49:49.573, 157.56, 94, 4477
2026/08/25 20:49:50.574, 157.57, 100, 4477
2026/08/25 20:49:51.574, 158.39, 100, 4477
2026/08/25 20:49:52.574, 158.05, 98, 4477
2026/08/25 20:49:53.574, 158.52, 100, 4477
2026/08/25 20:49:54.574, 158.25, 100, 4477
2026/08/25 20:49:55.575, 158.23, 98, 4477
2026/08/25 20:49:56.575, 157.62, 100, 4477
2026/08/25 20:49:57.575, 158.01, 100, 4477
2026/08/25 20:49:58.575, 158.08, 98, 4477
2026/08/25 20:49:59.575, 157.64, 100, 4477
2026/08/25 20:50:00.576, 158.04, 100, 4477
2026/08/25 20:50:01.576, 157.73, 98, 4477
2026/08/25 20:50:02.576, 157.96, 100, 4477
2026/08/25 20:50:03.576, 158.87, 100, 4477
2026/08/25 20:50:04.576, 158.56, 98, 4477
2026/08/25 20:50:05.577, 157.80, 100, 4477
2026/08/25 20:50:06.577, 158.20, 100, 4477
2026/08/25 20:50:07.577, 158.20, 98, 4477
2026/08/25 20:50:08.577, 157.50, 100, 4477
2026/08/25 20:50:09.577, 158.84, 100, 4477
2026/08/25 20:50:10.577, 157.99, 98, 4477
2026/08/25 20:50:11.578, 157.43, 100, 4477
2026/08/25 20:50:12.578, 158.06, 100, 4477
2026/08/25 20:50:13.578, 158.09, 100, 4477
2026/08/25 20:50:14.578, 157.39, 100, 4477
2026/08/25 20:50:15.578, 158.18, 100, 4477
2026/08/25 20:50:16.578, 157.80, 99, 4477
2026/08/25 20:50:17.579, 157.66, 100, 4477
2026/08/25 20:50:18.579, 158.23, 100, 4477
2026/08/25 20:50:19.579, 157.87, 98, 4477
2026/08/25 20:50:20.579, 157.64, 98, 4477
2026/08/25 20:50:21.579, 158.45, 100, 4477
2026/08/25 20:50:22.579, 157.82, 98, 4477
2026/08/25 20:50:23.580, 158.11, 99, 4477
2026/08/25 20:50:24.580, 157.03, 100, 4477
2026/08/25 20:50:25.580, 157.72, 98, 4477
2026/08/25 20:50:26.580, 158.25, 100, 4477
2026/08/25 20:50:27.580, 157.99, 100, 4477
2026/08/25 20:50:28.580, 157.42, 98, 4477
2026/08/25 20:50:29.581, 157.71, 100, 4477
2026/08/25 20:50:30.581, 158.06, 100, 4477
2026/08/25 20:50:31.581, 157.70, 98, 4477
2026/08/25 20:50:32.581, 157.95, 100, 4477
2026/08/25 20:50:33.581, 157.99, 100, 4477
2026/08/25 20:50:34.581, 157.67, 98, 4477
2026/08/25 20:50:35.582, 158.10, 100, 4477
2026/08/25 20:50:36.582, 158.06, 100, 4477
2026/08/25 20:50:37.582, 158.77, 98, 4477
2026/08/25 20:50:38.582, 158.17, 100, 4477
2026/08/25 20:50:39.582, 158.32, 100, 4477
2026/08/25 20:50:40.582, 157.49, 98, 4477
2026/08/25 20:50:41.583, 158.00, 100, 4477
2026/08/25 20:50:42.583, 158.11, 100, 4477
2026/08/25 20:50:43.583, 157.69, 98, 4477
2026/08/25 20:50:44.583, 158.79, 100, 4477
2026/08/25 20:50:45.583, 158.46, 100, 4477
2026/08/25 20:50:46.583, 157.78, 98, 4477
2026/08/25 20:50:47.583, 158.22, 100, 4477
2026/08/25 20:50:48.584, 158.36, 100, 4477
2026/08/25 20:50:49.584, 157.26, 98, 4477
2026/08/25 20:50:50.584, 158.54, 100, 4477
2026/08/25 20:50:51.584, 157.97, 100, 4477
2026/08/25 20:50:52.584, 157.11, 97, 4477
2026/08/25 20:50:53.584, 157.80, 100, 4477
2026/08/25 20:50:54.585, 157.88, 100, 4477
2026/08/25 20:50:55.585, 157.21, 97, 4477
2026/08/25 20:50:56.585, 157.63, 100, 4477
2026/08/25 20:50:57.585, 157.98, 100, 4477
2026/08/25 20:50:58.585, 157.30, 98, 4477
2026/08/25 20:50:59.585, 158.02, 100, 4477
2026/08/25 20:51:00.586, 157.94, 98, 4477
2026/08/25 20:51:01.586, 157.74, 98, 4477
2026/08/25 20:51:02.586, 158.04, 100, 4477
2026/08/25 20:51:03.586, 157.81, 97, 4477
2026/08/25 20:51:04.586, 157.99, 99, 4477
2026/08/25 20:51:05.586, 158.30, 100, 4477
2026/08/25 20:51:06.587, 157.74, 98, 4477
2026/08/25 20:51:07.587, 158.19, 100, 4477
2026/08/25 20:51:08.587, 157.97, 100, 4477
2026/08/25 20:51:09.587, 157.58, 97, 4477
2026/08/25 20:51:10.587, 157.82, 100, 4477
2026/08/25 20:51:11.587, 158.17, 100, 4477
2026/08/25 20:51:12.588, 158.07, 98, 4477
2026/08/25 20:51:13.588, 158.03, 100, 4477
2026/08/25 20:51:14.588, 158.18, 100, 4477
2026/08/25 20:51:15.588, 157.43, 98, 4477
2026/08/25 20:51:16.588, 157.79, 100, 4477
2026/08/25 20:51:17.588, 157.82, 100, 4477
2026/08/25 20:51:18.589, 157.99, 98, 4477
2026/08/25 20:51:19.589, 158.28, 100, 4477
2026/08/25 20:51:20.589, 158.04, 100, 4477
2026/08/25 20:51:21.589, 157.49, 98, 4477
2026/08/25 20:51:22.589, 157.80, 100, 4477
2026/08/25 20:51:23.589, 157.72, 100, 4477
2026/08/25 20:51:24.589, 157.45, 98, 4477
2026/08/25 20:51:25.590, 158.18, 100, 4477
2026/08/25 20:51:26.590, 157.75, 100, 4477
2026/08/25 20:51:27.590, 157.32, 98, 4477
2026/08/25 20:51:28.590, 157.85, 100, 4477
2026/08/25 20:51:29.590, 158.04, 100, 4477
2026/08/25 20:51:30.590, 157.32, 98, 4477
2026/08/25 20:51:31.591, 158.09, 100, 4477
2026/08/25 20:51:32.591, 158.11, 100, 4477
2026/08/25 20:51:33.591, 157.48, 98, 4477
2026/08/25 20:51:34.591, 158.01, 100, 4477
2026/08/25 20:51:35.591, 158.01, 100, 4477
2026/08/25 20:51:36.591, 157.25, 98, 4477
2026/08/25 20:51:37.592, 157.82, 100, 4477
2026/08/25 20:51:38.592, 157.71, 98, 4477
2026/08/25 20:51:39.592, 157.87, 99, 4477
2026/08/25 20:51:40.592, 158.52, 100, 4477
2026/08/25 20:51:41.592, 158.05, 98, 4477
2026/08/25 20:51:42.592, 157.88, 100, 4477
2026/08/25 20:51:43.593, 158.18, 100, 4477
2026/08/25 20:51:44.593, 157.74, 98, 4477
2026/08/25 20:51:45.593, 158.32, 100, 4477
2026/08/25 20:51:46.593, 157.93, 100, 4477
2026/08/25 20:51:47.593, 157.55, 98, 4477
2026/08/25 20:51:48.593, 157.91, 100, 4477
2026/08/25 20:51:49.594, 158.04, 100, 4477
2026/08/25 20:51:50.594, 158.10, 98, 4477
2026/08/25 20:51:51.594, 158.20, 100, 4477
2026/08/25 20:51:52.594, 158.04, 100, 4477
2026/08/25 20:51:53.594, 157.56, 98, 4477
2026/08/25 20:51:54.594, 157.75, 100, 4477
2026/08/25 20:51:55.595, 157.85, 100, 4477
2026/08/25 20:51:56.595, 157.36, 98, 4477
2026/08/25 20:51:57.595, 158.21, 100, 4477
2026/08/25 20:51:58.595, 157.85, 100, 4477
2026/08/25 20:51:59.595, 157.48, 98, 4477
2026/08/25 20:52:00.596, 157.96, 100, 4477
2026/08/25 20:52:01.596, 157.80, 100, 4477
2026/08/25 20:52:02.596, 157.26, 98, 4477
2026/08/25 20:52:03.596, 157.85, 100, 4477
2026/08/25 20:52:04.596, 157.76, 100, 4477
2026/08/25 20:52:05.596, 157.91, 98, 4477
2026/08/25 20:52:06.597, 157.83, 100, 4477
2026/08/25 20:52:07.597, 157.70, 100, 4477
2026/08/25 20:52:08.597, 157.25, 98, 4477
2026/08/25 20:52:09.597, 158.03, 100, 4477
2026/08/25 20:52:10.597, 157.88, 100, 4477
2026/08/25 20:52:11.598, 157.72, 98, 4477
2026/08/25 20:52:12.598, 157.85, 100, 4477
2026/08/25 20:52:13.598, 157.67, 100, 4477
2026/08/25 20:52:14.598, 157.30, 98, 4477
2026/08/25 20:52:15.598, 157.90, 100, 4477
2026/08/25 20:52:16.599, 158.08, 100, 4477
2026/08/25 20:52:17.599, 157.14, 98, 4477
2026/08/25 20:52:18.599, 157.97, 100, 4477
2026/08/25 20:52:19.599, 157.57, 99, 4477
2026/08/25 20:52:20.599, 157.57, 98, 4477
2026/08/25 20:52:21.599, 158.21, 100, 4477
2026/08/25 20:52:22.600, 158.03, 98, 4477
2026/08/25 20:52:23.600, 158.01, 100, 4477
2026/08/25 20:52:24.600, 158.01, 100, 4477
2026/08/25 20:52:25.600, 157.92, 98, 4477
2026/08/25 20:52:26.600, 158.03, 100, 4477
2026/08/25 20:52:27.600, 158.02, 100, 4477
2026/08/25 20:52:28.601, 157.69, 98, 4477
2026/08/25 20:52:29.601, 157.83, 100, 4477
2026/08/25 20:52:30.601, 157.57, 100, 4477
2026/08/25 20:52:31.601, 157.73, 98, 4477
2026/08/25 20:52:32.601, 158.20, 100, 4477
2026/08/25 20:52:33.602, 157.89, 100, 4477
2026/08/25 20:52:34.602, 157.89, 98, 4477
2026/08/25 20:52:35.602, 158.18, 100, 4477
2026/08/25 20:52:36.602, 157.73, 100, 4477
2026/08/25 20:52:37.602, 157.36, 98, 4477
2026/08/25 20:52:38.602, 157.50, 100, 4477
2026/08/25 20:52:39.603, 157.76, 100, 4477
2026/08/25 20:52:40.603, 157.15, 98, 4477
2026/08/25 20:52:41.603, 157.80, 100, 4477
2026/08/25 20:52:42.603, 157.87, 100, 4477
2026/08/25 20:52:43.603, 157.22, 98, 4477
2026/08/25 20:52:44.604, 157.98, 100, 4477
2026/08/25 20:52:45.604, 157.87, 100, 4477
2026/08/25 20:52:46.604, 157.41, 98, 4477
2026/08/25 20:52:47.604, 157.67, 100, 4477
2026/08/25 20:52:48.604, 157.70, 100, 4477
2026/08/25 20:52:49.604, 156.93, 98, 4477
2026/08/25 20:52:50.605, 157.73, 100, 4477
2026/08/25 20:52:51.605, 157.64, 100, 4477
2026/08/25 20:52:52.605, 157.21, 98, 4477
2026/08/25 20:52:53.605, 157.81, 100, 4477
2026/08/25 20:52:54.605, 157.91, 100, 4477
2026/08/25 20:52:55.606, 157.50, 98, 4477
2026/08/25 20:52:56.606, 157.68, 100, 4477
2026/08/25 20:52:57.606, 157.65, 99, 4477
2026/08/25 20:52:58.606, 157.46, 98, 4477
2026/08/25 20:52:59.606, 157.75, 100, 4477
2026/08/25 20:53:00.606, 157.56, 98, 4477
2026/08/25 20:53:01.607, 157.97, 99, 4477
2026/08/25 20:53:02.607, 158.17, 100, 4477
2026/08/25 20:53:03.607, 157.67, 98, 4477
2026/08/25 20:53:04.607, 157.80, 100, 4477
2026/08/25 20:53:05.607, 157.71, 100, 4477
2026/08/25 20:53:06.607, 157.49, 98, 4477
2026/08/25 20:53:07.608, 157.80, 100, 4477
2026/08/25 20:53:08.608, 157.77, 100, 4477
2026/08/25 20:53:09.608, 157.83, 98, 4477
2026/08/25 20:53:10.608, 157.96, 100, 4477
2026/08/25 20:53:11.608, 157.68, 100, 4477
2026/08/25 20:53:12.609, 157.74, 98, 4477
2026/08/25 20:53:13.609, 157.56, 100, 4477
2026/08/25 20:53:14.609, 157.96, 100, 4477
2026/08/25 20:53:15.609, 157.51, 98, 4477
2026/08/25 20:53:16.609, 157.69, 100, 4477
2026/08/25 20:53:17.609, 157.91, 100, 4477
2026/08/25 20:53:18.610, 157.12, 98, 4477
2026/08/25 20:53:19.610, 157.90, 100, 4477
2026/08/25 20:53:20.610, 157.90, 100, 4477
2026/08/25 20:53:21.610, 157.22, 98, 4477
2026/08/25 20:53:22.610, 157.74, 100, 4477
2026/08/25 20:53:23.611, 157.85, 100, 4477
2026/08/25 20:53:24.611, 157.87, 98, 4477
2026/08/25 20:53:25.611, 157.71, 100, 4477
2026/08/25 20:53:26.611, 157.70, 100, 4477
2026/08/25 20:53:27.611, 157.12, 98, 4477
2026/08/25 20:53:28.611, 157.82, 100, 4477
2026/08/25 20:53:29.612, 156.91, 100, 4477
2026/08/25 20:53:30.612, 157.18, 97, 4477
2026/08/25 20:53:31.612, 157.89, 100, 4477
2026/08/25 20:53:32.612, 158.00, 100, 4477
2026/08/25 20:53:33.612, 157.43, 98, 4477
2026/08/25 20:53:34.613, 158.01, 100, 4477
2026/08/25 20:53:35.613, 158.01, 100, 4477
2026/08/25 20:53:36.613, 157.36, 98, 4477
2026/08/25 20:53:37.613, 157.93, 100, 4477
2026/08/25 20:53:38.613, 157.78, 99, 4477
2026/08/25 20:53:39.613, 157.55, 98, 4477
2026/08/25 20:53:40.614, 157.87, 100, 4477
2026/08/25 20:53:41.614, 157.52, 98, 4477
2026/08/25 20:53:42.614, 157.65, 99, 4477
2026/08/25 20:53:43.614, 159.45, 99, 4477
2026/08/25 20:53:44.614, 163.27, 99, 4477
2026/08/25 20:53:45.614, 163.48, 100, 4477
2026/08/25 20:53:46.615, 163.37, 100, 4477
2026/08/25 20:53:47.615, 163.45, 100, 4477
2026/08/25 20:53:48.615, 163.37, 100, 4477
2026/08/25 20:53:49.615, 163.48, 99, 4477
2026/08/25 20:53:50.615, 163.73, 100, 4477
2026/08/25 20:53:51.615, 163.51, 100, 4477
2026/08/25 20:53:52.616, 163.53, 100, 4477
2026/08/25 20:53:53.616, 163.51, 100, 4477
2026/08/25 20:53:54.616, 163.51, 100, 4477
2026/08/25 20:53:55.616, 163.58, 100, 4477
2026/08/25 20:53:56.616, 163.49, 99, 4477
2026/08/25 20:53:57.616, 163.47, 99, 4477
2026/08/25 20:53:58.617, 163.54, 100, 4477
2026/08/25 20:53:59.617, 163.57, 100, 4477
2026/08/25 20:54:00.617, 163.72, 100, 4477
2026/08/25 20:54:01.617, 163.81, 100, 4477
2026/08/25 20:54:02.617, 163.49, 100, 4477
2026/08/25 20:54:03.618, 163.72, 99, 4477
2026/08/25 20:54:04.618, 163.51, 100, 4477
2026/08/25 20:54:05.618, 163.54, 100, 4477
2026/08/25 20:54:06.618, 163.52, 100, 4477
2026/08/25 20:54:07.618, 163.60, 100, 4477
2026/08/25 20:54:08.619, 163.64, 100, 4477
2026/08/25 20:54:09.619, 163.48, 100, 4477
2026/08/25 20:54:10.619, 163.44, 100, 4477
2026/08/25 20:54:11.619, 163.63, 100, 4477
2026/08/25 20:54:12.619, 163.52, 100, 4477
2026/08/25 20:54:13.620, 153.39, 98, 4477
2026/08/25 20:54:14.620, 157.79, 100, 4477
2026/08/25 20:54:15.620, 157.54, 100, 4477
2026/08/25 20:54:16.620, 157.40, 98, 4477
2026/08/25 20:54:17.620, 158.63, 100, 4477
2026/08/25 20:54:18.620, 157.90, 100, 4477
2026/08/25 20:54:19.621, 157.26, 98, 4477
2026/08/25 20:54:20.621, 157.88, 100, 4477
2026/08/25 20:54:21.621, 157.88, 100, 4477
2026/08/25 20:54:22.621, 157.20, 98, 4477
2026/08/25 20:54:23.621, 158.15, 100, 4477
2026/08/25 20:54:24.622, 157.98, 100, 4477
2026/08/25 20:54:25.622, 157.44, 98, 4477
2026/08/25 20:54:26.622, 157.54, 100, 4477
2026/08/25 20:54:27.622, 158.18, 99, 4477
2026/08/25 20:54:28.622, 157.72, 98, 4477
2026/08/25 20:54:29.622, 158.11, 100, 4477
2026/08/25 20:54:30.623, 156.76, 98, 4477
2026/08/25 20:54:31.623, 157.82, 100, 4477
2026/08/25 20:54:32.623, 158.02, 100, 4477
2026/08/25 20:54:33.623, 157.73, 98, 4477
2026/08/25 20:54:34.623, 157.94, 100, 4477
2026/08/25 20:54:35.624, 156.97, 100, 4477
2026/08/25 20:54:36.624, 157.93, 98, 4477
2026/08/25 20:54:37.624, 158.43, 100, 4477
2026/08/25 20:54:38.624, 157.92, 100, 4477
2026/08/25 20:54:39.624, 157.58, 97, 4477
2026/08/25 20:54:40.624, 158.42, 100, 4477
2026/08/25 20:54:41.625, 157.88, 100, 4477
2026/08/25 20:54:42.625, 157.33, 98, 4477
2026/08/25 20:54:43.625, 157.78, 100, 4477
2026/08/25 20:54:44.625, 157.88, 100, 4477
2026/08/25 20:54:45.625, 157.55, 97, 4477
2026/08/25 20:54:46.626, 158.07, 100, 4477
2026/08/25 20:54:47.626, 158.19, 100, 4477
2026/08/25 20:54:48.626, 157.50, 98, 4477
2026/08/25 20:54:49.626, 157.92, 100, 4477
2026/08/25 20:54:50.626, 158.05, 100, 4477
2026/08/25 20:54:51.627, 157.42, 98, 4477
2026/08/25 20:54:52.627, 157.87, 100, 4477
2026/08/25 20:54:53.627, 157.91, 100, 4477
2026/08/25 20:54:54.627, 157.23, 98, 4477
2026/08/25 20:54:55.627, 158.05, 100, 4477
2026/08/25 20:54:56.627, 157.87, 100, 4477
2026/08/25 20:54:57.628, 157.46, 98, 4477
2026/08/25 20:54:58.628, 158.21, 100, 4477
2026/08/25 20:54:59.628, 157.82, 98, 4477
2026/08/25 20:55:00.628, 158.00, 98, 4477
2026/08/25 20:55:01.628, 158.16, 100, 4477
2026/08/25 20:55:02.629, 157.95, 98, 4477
2026/08/25 20:55:03.629, 158.05, 100, 4477
2026/08/25 20:55:04.629, 158.19, 100, 4477
2026/08/25 20:55:05.629, 157.77, 98, 4477
2026/08/25 20:55:06.629, 158.18, 100, 4477
2026/08/25 20:55:07.630, 158.26, 100, 4477
2026/08/25 20:55:08.630, 157.87, 98, 4477
2026/08/25 20:55:09.630, 157.85, 100, 4477
2026/08/25 20:55:10.630, 158.02, 100, 4477
2026/08/25 20:55:11.630, 157.72, 98, 4477
2026/08/25 20:55:12.630, 158.21, 100, 4477
2026/08/25 20:55:13.631, 157.92, 100, 4477
2026/08/25 20:55:14.631, 157.99, 98, 4477
2026/08/25 20:55:15.631, 157.82, 100, 4477
2026/08/25 20:55:16.631, 158.08, 100, 4477
2026/08/25 20:55:17.631, 157.79, 98, 4477
2026/08/25 20:55:18.632, 158.17, 100, 4477
2026/08/25 20:55:19.632, 158.66, 100, 4477
2026/08/25 20:55:20.632, 158.31, 98, 4477
2026/08/25 20:55:21.632, 158.18, 100, 4477
2026/08/25 20:55:22.632, 158.21, 100, 4477
2026/08/25 20:55:23.632, 157.76, 98, 4477
2026/08/25 20:55:24.633, 158.03, 100, 4477
2026/08/25 20:55:25.633, 158.11, 100, 4477
2026/08/25 20:55:26.633, 157.55, 98, 4477
2026/08/25 20:55:27.633, 158.07, 100, 4477
2026/08/25 20:55:28.633, 158.27, 100, 4477
2026/08/25 20:55:29.634, 157.62, 98, 4477
2026/08/25 20:55:30.634, 158.00, 100, 4477
2026/08/25 20:55:31.634, 158.18, 100, 4477
2026/08/25 20:55:32.634, 157.51, 98, 4477
2026/08/25 20:55:33.634, 158.14, 100, 4477
2026/08/25 20:55:34.635, 158.08, 100, 4477
2026/08/25 20:55:35.635, 158.15, 98, 4477
2026/08/25 20:55:36.635, 158.84, 100, 4477
2026/08/25 20:55:37.635, 158.13, 100, 4477
2026/08/25 20:55:38.635, 157.85, 98, 4477
2026/08/25 20:55:39.635, 158.04, 100, 4477
2026/08/25 20:55:40.636, 158.06, 100, 4477
2026/08/25 20:55:41.636, 157.83, 98, 4477
2026/08/25 20:55:42.636, 158.38, 100, 4477
2026/08/25 20:55:43.636, 158.09, 100, 4477
2026/08/25 20:55:44.636, 157.70, 98, 4477
2026/08/25 20:55:45.636, 158.17, 100, 4477
2026/08/25 20:55:46.637, 158.28, 99, 4477
2026/08/25 20:55:47.637, 157.77, 98, 4477
2026/08/25 20:55:48.637, 158.05, 100, 4477
2026/08/25 20:55:49.637, 157.81, 98, 4477
2026/08/25 20:55:50.637, 158.25, 99, 4477
2026/08/25 20:55:51.638, 158.31, 100, 4477
2026/08/25 20:55:52.638, 158.43, 98, 4477
2026/08/25 20:55:53.638, 158.02, 100, 4477
2026/08/25 20:55:54.638, 158.15, 100, 4477
2026/08/25 20:55:55.638, 157.58, 98, 4477
2026/08/25 20:55:56.639, 157.99, 100, 4477
2026/08/25 20:55:57.639, 158.23, 100, 4477
2026/08/25 20:55:58.639, 158.09, 98, 4477
2026/08/25 20:55:59.639, 158.32, 100, 4477
2026/08/25 20:56:00.639, 157.98, 100, 4477
2026/08/25 20:56:01.640, 157.66, 98, 4477
2026/08/25 20:56:02.640, 157.89, 100, 4477
2026/08/25 20:56:03.640, 157.90, 100, 4477
2026/08/25 20:56:04.640, 157.50, 98, 4477
2026/08/25 20:56:05.640, 158.21, 100, 4477
2026/08/25 20:56:06.641, 157.93, 100, 4477
2026/08/25 20:56:07.641, 157.74, 98, 4477
2026/08/25 20:56:08.641, 158.02, 100, 4477
2026/08/25 20:56:09.641, 158.04, 100, 4477
2026/08/25 20:56:10.641, 157.58, 98, 4477
2026/08/25 20:56:11.641, 157.87, 100, 4477
2026/08/25 20:56:12.642, 157.78, 100, 4477
2026/08/25 20:56:13.642, 156.80, 90, 4477
2026/08/25 20:56:14.642, 158.69, 100, 4477
2026/08/25 20:56:15.642, 157.99, 100, 4477
2026/08/25 20:56:16.642, 157.75, 98, 4477
2026/08/25 20:56:17.643, 158.02, 100, 4477
2026/08/25 20:56:18.643, 157.84, 100, 4477
2026/08/25 20:56:19.643, 157.33, 98, 4477
2026/08/25 20:56:20.643, 157.83, 100, 4477
2026/08/25 20:56:21.643, 157.99, 100, 4477
2026/08/25 20:56:22.643, 157.82, 98, 4477
2026/08/25 20:56:23.644, 158.02, 100, 4477
2026/08/25 20:56:24.644, 157.85, 100, 4477
2026/08/25 20:56:25.644, 156.23, 90, 4477
2026/08/25 20:56:26.644, 156.97, 100, 4477
2026/08/25 20:56:27.645, 157.83, 100, 4477
2026/08/25 20:56:28.645, 157.26, 98, 4477
2026/08/25 20:56:29.645, 157.88, 100, 4477
2026/08/25 20:56:30.645, 157.73, 99, 4477
2026/08/25 20:56:31.645, 157.26, 98, 4477
2026/08/25 20:56:32.646, 157.98, 100, 4477
2026/08/25 20:56:33.646, 157.56, 98, 4477
2026/08/25 20:56:34.646, 157.67, 99, 4477
2026/08/25 20:56:35.646, 158.03, 100, 4477
2026/08/25 20:56:36.646, 157.67, 98, 4477
2026/08/25 20:56:37.647, 157.90, 100, 4477
2026/08/25 20:56:38.647, 157.80, 100, 4477
2026/08/25 20:56:39.647, 157.88, 98, 4477
2026/08/25 20:56:40.647, 157.77, 100, 4477
2026/08/25 20:56:41.647, 157.94, 100, 4477
2026/08/25 20:56:42.647, 157.78, 98, 4477
2026/08/25 20:56:43.648, 158.01, 100, 4477
2026/08/25 20:56:44.648, 157.65, 100, 4477
2026/08/25 20:56:45.648, 157.88, 98, 4477
2026/08/25 20:56:46.648, 158.06, 100, 4477
2026/08/25 20:56:47.648, 157.79, 100, 4477
2026/08/25 20:56:48.649, 157.91, 98, 4477
2026/08/25 20:56:49.649, 157.17, 100, 4477
2026/08/25 20:56:50.649, 157.95, 100, 4477
2026/08/25 20:56:51.649, 157.76, 98, 4477
2026/08/25 20:56:52.649, 157.45, 100, 4477
2026/08/25 20:56:53.650, 158.04, 100, 4477
2026/08/25 20:56:54.650, 158.27, 98, 4477
2026/08/25 20:56:55.650, 157.35, 100, 4477
2026/08/25 20:56:56.650, 157.72, 100, 4477
2026/08/25 20:56:57.650, 157.72, 98, 4477
2026/08/25 20:56:58.650, 157.14, 100, 4477
2026/08/25 20:56:59.651, 157.71, 100, 4477
2026/08/25 20:57:00.651, 157.78, 98, 4477
2026/08/25 20:57:01.651, 157.21, 100, 4477
2026/08/25 20:57:02.651, 158.57, 100, 4477
2026/08/25 20:57:03.651, 157.98, 100, 4477
2026/08/25 20:57:04.652, 157.05, 100, 4477
2026/08/25 20:57:05.652, 157.71, 100, 4477
2026/08/25 20:57:06.652, 157.28, 100, 4477
2026/08/25 20:57:07.652, 157.05, 97, 4477
2026/08/25 20:57:08.652, 157.58, 100, 4477
2026/08/25 20:57:09.652, 157.48, 99, 4477
2026/08/25 20:57:10.653, 157.14, 98, 4477
2026/08/25 20:57:11.653, 157.90, 100, 4477
2026/08/25 20:57:12.653, 157.98, 98, 4477
2026/08/25 20:57:13.653, 157.71, 98, 4477
2026/08/25 20:57:14.653, 158.11, 100, 4477
2026/08/25 20:57:15.654, 158.07, 98, 4477
2026/08/25 20:57:16.654, 157.85, 100, 4477
2026/08/25 20:57:17.654, 158.10, 100, 4477
2026/08/25 20:57:18.654, 157.54, 98, 4477
2026/08/25 20:57:19.654, 157.87, 100, 4477
2026/08/25 20:57:20.655, 158.10, 100, 4477
2026/08/25 20:57:21.655, 158.04, 98, 4477
2026/08/25 20:57:22.655, 157.95, 100, 4477
2026/08/25 20:57:23.655, 157.84, 100, 4477
2026/08/25 20:57:24.655, 157.46, 98, 4477
2026/08/25 20:57:25.655, 158.44, 100, 4477
2026/08/25 20:57:26.656, 158.03, 100, 4477
2026/08/25 20:57:27.656, 157.86, 98, 4477
2026/08/25 20:57:28.656, 158.20, 100, 4477
2026/08/25 20:57:29.656, 158.04, 100, 4477
2026/08/25 20:57:30.656, 157.49, 98, 4477
2026/08/25 20:57:31.657, 158.31, 100, 4477
2026/08/25 20:57:32.657, 158.04, 100, 4477
2026/08/25 20:57:33.657, 157.53, 98, 4477
2026/08/25 20:57:34.657, 158.01, 100, 4477
2026/08/25 20:57:35.657, 158.12, 100, 4477
2026/08/25 20:57:36.657, 157.32, 98, 4477
2026/08/25 20:57:37.658, 157.79, 100, 4477
2026/08/25 20:57:38.658, 158.00, 100, 4477
2026/08/25 20:57:39.658, 157.42, 98, 4477
2026/08/25 20:57:40.658, 157.78, 100, 4477
2026/08/25 20:57:41.658, 157.71, 100, 4477
2026/08/25 20:57:42.659, 156.99, 98, 4477
2026/08/25 20:57:43.659, 157.61, 100, 4477
2026/08/25 20:57:44.659, 156.61, 100, 4477
2026/08/25 20:57:45.659, 157.28, 98, 4477
2026/08/25 20:57:46.659, 157.82, 100, 4477
2026/08/25 20:57:47.659, 157.87, 98, 4477
2026/08/25 20:57:48.660, 157.73, 98, 4477
2026/08/25 20:57:49.660, 158.47, 100, 4477
2026/08/25 20:57:50.660, 157.62, 98, 4477
2026/08/25 20:57:51.660, 157.95, 100, 4477
2026/08/25 20:57:52.660, 158.00, 100, 4477
2026/08/25 20:57:53.661, 157.82, 98, 4477
2026/08/25 20:57:54.661, 158.54, 100, 4477
2026/08/25 20:57:55.661, 158.03, 100, 4477
2026/08/25 20:57:56.661, 157.55, 96, 4477
2026/08/25 20:57:57.661, 157.97, 100, 4477
2026/08/25 20:57:58.661, 158.14, 100, 4477
2026/08/25 20:57:59.662, 157.66, 98, 4477
2026/08/25 20:58:00.662, 158.20, 100, 4477
2026/08/25 20:58:01.662, 158.10, 100, 4477
2026/08/25 20:58:02.662, 157.46, 98, 4477
2026/08/25 20:58:03.662, 158.60, 100, 4477
2026/08/25 20:58:04.663, 157.89, 100, 4477
2026/08/25 20:58:05.663, 157.52, 98, 4477
2026/08/25 20:58:06.663, 157.94, 100, 4477
2026/08/25 20:58:07.663, 158.51, 100, 4477
2026/08/25 20:58:08.663, 157.58, 98, 4477
2026/08/25 20:58:09.663, 158.15, 100, 4477
2026/08/25 20:58:10.664, 158.13, 100, 4477
2026/08/25 20:58:11.664, 157.68, 98, 4477
2026/08/25 20:58:12.664, 157.90, 100, 4477
2026/08/25 20:58:13.664, 158.19, 100, 4477
2026/08/25 20:58:14.664, 157.27, 98, 4477
2026/08/25 20:58:15.664, 157.92, 100, 4477
2026/08/25 20:58:16.665, 158.14, 100, 4477
2026/08/25 20:58:17.665, 157.76, 98, 4477
2026/08/25 20:58:18.665, 158.24, 100, 4477
2026/08/25 20:58:19.665, 158.13, 100, 4477
2026/08/25 20:58:20.665, 157.84, 98, 4477
2026/08/25 20:58:21.665, 158.09, 100, 4477
2026/08/25 20:58:22.666, 157.88, 100, 4477
2026/08/25 20:58:23.666, 157.42, 98, 4477
2026/08/25 20:58:24.666, 157.82, 100, 4477
2026/08/25 20:58:25.666, 157.99, 100, 4477
2026/08/25 20:58:26.666, 158.09, 98, 4477
2026/08/25 20:58:27.667, 158.21, 100, 4477
2026/08/25 20:58:28.667, 157.93, 100, 4477
2026/08/25 20:58:29.667, 157.39, 98, 4477
2026/08/25 20:58:30.667, 158.04, 100, 4477
2026/08/25 20:58:31.667, 157.76, 99, 4477
2026/08/25 20:58:32.667, 157.56, 98, 4477
2026/08/25 20:58:33.668, 158.00, 100, 4477
2026/08/25 20:58:34.668, 157.72, 98, 4477
2026/08/25 20:58:35.668, 159.65, 100, 4477
2026/08/25 20:58:36.668, 163.29, 99, 4477
2026/08/25 20:58:37.668, 163.11, 98, 4477
2026/08/25 20:58:38.669, 162.98, 100, 4477
2026/08/25 20:58:39.669, 163.14, 99, 4477
2026/08/25 20:58:40.669, 163.12, 100, 4477
2026/08/25 20:58:41.669, 163.10, 100, 4477
2026/08/25 20:58:42.669, 163.24, 100, 4477
2026/08/25 20:58:43.670, 163.14, 100, 4477
2026/08/25 20:58:44.670, 163.25, 100, 4477
2026/08/25 20:58:45.670, 163.01, 99, 4477
2026/08/25 20:58:46.670, 162.99, 99, 4477
2026/08/25 20:58:47.670, 163.23, 100, 4477
2026/08/25 20:58:48.671, 163.15, 100, 4477
2026/08/25 20:58:49.671, 163.30, 100, 4477
2026/08/25 20:58:50.671, 163.39, 100, 4477
2026/08/25 20:58:51.671, 163.14, 99, 4477
2026/08/25 20:58:52.671, 163.56, 100, 4477
2026/08/25 20:58:53.671, 163.59, 100, 4477
2026/08/25 20:58:54.672, 163.52, 100, 4477
2026/08/25 20:58:55.672, 163.14, 100, 4477
2026/08/25 20:58:56.672, 163.56, 100, 4477
2026/08/25 20:58:57.672, 163.34, 99, 4477
2026/08/25 20:58:58.672, 163.37, 100, 4477
2026/08/25 20:58:59.673, 163.15, 99, 4477
2026/08/25 20:59:00.673, 163.48, 100, 4477
2026/08/25 20:59:01.673, 163.38, 100, 4477
2026/08/25 20:59:02.673, 163.27, 100, 4477
2026/08/25 20:59:03.673, 163.43, 100, 4477
2026/08/25 20:59:04.673, 163.40, 100, 4477
2026/08/25 20:59:05.674, 154.33, 100, 4477
2026/08/25 20:59:06.674, 157.77, 98, 4477
2026/08/25 20:59:07.674, 158.23, 100, 4477
2026/08/25 20:59:08.674, 158.31, 100, 4477
2026/08/25 20:59:09.674, 157.59, 98, 4477
2026/08/25 20:59:10.674, 158.13, 100, 4477
2026/08/25 20:59:11.675, 158.22, 100, 4477
2026/08/25 20:59:12.675, 157.72, 98, 4477
2026/08/25 20:59:13.675, 158.12, 100, 4477
2026/08/25 20:59:14.675, 158.45, 100, 4477
2026/08/25 20:59:15.675, 157.77, 98, 4477
2026/08/25 20:59:16.676, 158.09, 100, 4477
2026/08/25 20:59:17.676, 158.30, 100, 4477
2026/08/25 20:59:18.676, 158.26, 98, 4477
2026/08/25 20:59:19.676, 158.31, 100, 4477
2026/08/25 20:59:20.676, 158.23, 100, 4477
2026/08/25 20:59:21.676, 158.26, 98, 4477
2026/08/25 20:59:22.677, 158.37, 100, 4477
2026/08/25 20:59:23.677, 158.40, 100, 4477
2026/08/25 20:59:24.677, 157.75, 98, 4477
2026/08/25 20:59:25.677, 158.05, 100, 4477
2026/08/25 20:59:26.677, 158.25, 100, 4477
2026/08/25 20:59:27.678, 157.75, 98, 4477
2026/08/25 20:59:28.678, 158.27, 100, 4477
2026/08/25 20:59:29.678, 158.22, 100, 4477
2026/08/25 20:59:30.678, 157.85, 98, 4477
2026/08/25 20:59:31.678, 158.30, 100, 4477
2026/08/25 20:59:32.679, 158.22, 100, 4477
2026/08/25 20:59:33.679, 157.82, 98, 4477
2026/08/25 20:59:34.679, 159.10, 100, 4477
2026/08/25 20:59:35.679, 158.38, 100, 4477
2026/08/25 20:59:36.679, 157.89, 98, 4477
2026/08/25 20:59:37.679, 158.22, 100, 4477
2026/08/25 20:59:38.680, 158.25, 99, 4477
2026/08/25 20:59:39.680, 157.91, 98, 4477
2026/08/25 20:59:40.680, 158.20, 100, 4477
2026/08/25 20:59:41.680, 158.07, 98, 4477
2026/08/25 20:59:42.680, 158.47, 99, 4477
2026/08/25 20:59:43.681, 158.24, 100, 4477
2026/08/25 20:59:44.681, 157.96, 98, 4477
2026/08/25 20:59:45.681, 158.26, 100, 4477
2026/08/25 20:59:46.681, 158.37, 100, 4477
2026/08/25 20:59:47.681, 158.16, 98, 4477
2026/08/25 20:59:48.682, 158.44, 100, 4477
2026/08/25 20:59:49.682, 158.35, 100, 4477
2026/08/25 20:59:50.682, 158.06, 98, 4477
2026/08/25 20:59:51.682, 158.26, 100, 4477
2026/08/25 20:59:52.682, 158.03, 100, 4477
2026/08/25 20:59:53.682, 158.20, 98, 4477
2026/08/25 20:59:54.683, 158.46, 100, 4477
2026/08/25 20:59:55.683, 158.25, 100, 4477
2026/08/25 20:59:56.683, 157.73, 98, 4477
2026/08/25 20:59:57.683, 158.13, 100, 4477
2026/08/25 20:59:58.683, 158.06, 100, 4477
2026/08/25 20:59:59.684, 157.67, 98, 4477
2026/08/25 21:00:00.684, 157.96, 100, 4477
2026/08/25 21:00:01.684, 158.08, 100, 4477
2026/08/25 21:00:02.684, 157.94, 98, 4477
2026/08/25 21:00:03.684, 158.24, 100, 4477
2026/08/25 21:00:04.684, 158.29, 100, 4477
2026/08/25 21:00:05.685, 157.57, 98, 4477
2026/08/25 21:00:06.685, 158.61, 100, 4477
2026/08/25 21:00:07.685, 158.11, 100, 4477
2026/08/25 21:00:08.685, 158.04, 98, 4477
2026/08/25 21:00:09.685, 158.21, 100, 4477
2026/08/25 21:00:10.685, 158.45, 100, 4477
2026/08/25 21:00:11.686, 157.64, 98, 4477
2026/08/25 21:00:12.686, 157.82, 100, 4477
2026/08/25 21:00:13.686, 158.03, 100, 4477
2026/08/25 21:00:14.686, 157.32, 98, 4477
2026/08/25 21:00:15.686, 158.84, 100, 4477
2026/08/25 21:00:16.687, 158.26, 100, 4477
2026/08/25 21:00:17.687, 157.69, 98, 4477
2026/08/25 21:00:18.687, 157.93, 100, 4477
2026/08/25 21:00:19.687, 158.19, 100, 4477
2026/08/25 21:00:20.687, 157.65, 98, 4477
2026/08/25 21:00:21.687, 158.62, 100, 4477
2026/08/25 21:00:22.688, 158.17, 100, 4477
2026/08/25 21:00:23.688, 157.57, 98, 4477
2026/08/25 21:00:24.688, 158.07, 100, 4477
2026/08/25 21:00:25.688, 158.23, 100, 4477
2026/08/25 21:00:26.688, 157.38, 98, 4477
2026/08/25 21:00:27.689, 158.05, 100, 4477
2026/08/25 21:00:28.689, 158.10, 100, 4477
2026/08/25 21:00:29.689, 158.28, 98, 4477
2026/08/25 21:00:30.689, 158.95, 100, 4477
2026/08/25 21:00:31.689, 158.24, 100, 4477
2026/08/25 21:00:32.689, 157.47, 98, 4477
2026/08/25 21:00:33.690, 158.78, 100, 4477
2026/08/25 21:00:34.690, 157.99, 100, 4477
2026/08/25 21:00:35.690, 157.84, 98, 4477
2026/08/25 21:00:36.690, 158.84, 100, 4477
2026/08/25 21:00:37.690, 157.79, 99, 4477
2026/08/25 21:00:38.691, 157.68, 98, 4477
2026/08/25 21:00:39.691, 158.29, 100, 4477
2026/08/25 21:00:40.691, 158.18, 99, 4477
2026/08/25 21:00:41.691, 157.88, 98, 4477
2026/08/25 21:00:42.691, 157.97, 100, 4477
2026/08/25 21:00:43.692, 158.21, 98, 4477
2026/08/25 21:00:44.692, 158.27, 99, 4477
2026/08/25 21:00:45.692, 158.42, 100, 4477
2026/08/25 21:00:46.692, 158.05, 98, 4477
2026/08/25 21:00:47.692, 158.01, 100, 4477
2026/08/25 21:00:48.693, 158.16, 100, 4477
2026/08/25 21:00:49.693, 157.74, 98, 4477
2026/08/25 21:00:50.693, 158.11, 100, 4477
2026/08/25 21:00:51.693, 158.27, 100, 4477
2026/08/25 21:00:52.693, 158.15, 98, 4477
2026/08/25 21:00:53.693, 158.16, 100, 4477
2026/08/25 21:00:54.694, 158.35, 100, 4477
2026/08/25 21:00:55.694, 157.76, 98, 4477
2026/08/25 21:00:56.694, 157.88, 100, 4477
2026/08/25 21:00:57.694, 158.15, 100, 4477
2026/08/25 21:00:58.694, 157.50, 98, 4477
2026/08/25 21:00:59.694, 157.94, 100, 4477
2026/08/25 21:01:00.695, 158.03, 100, 4477
2026/08/25 21:01:01.695, 158.25, 98, 4477
2026/08/25 21:01:02.695, 158.06, 100, 4477
2026/08/25 21:01:03.695, 158.06, 100, 4477
2026/08/25 21:01:04.695, 157.55, 98, 4477
2026/08/25 21:01:05.695, 158.00, 100, 4477
2026/08/25 21:01:06.696, 158.25, 100, 4477
2026/08/25 21:01:07.696, 157.75, 97, 4477
2026/08/25 21:01:08.696, 158.07, 100, 4477
2026/08/25 21:01:09.696, 158.12, 100, 4477
2026/08/25 21:01:10.696, 157.77, 98, 4477
2026/08/25 21:01:11.697, 158.22, 100, 4477
2026/08/25 21:01:12.697, 158.16, 100, 4477
2026/08/25 21:01:13.697, 157.52, 98, 4477
2026/08/25 21:01:14.697, 158.01, 100, 4477
2026/08/25 21:01:15.697, 158.04, 100, 4477
2026/08/25 21:01:16.698, 157.42, 98, 4477
2026/08/25 21:01:17.698, 157.91, 100, 4477
2026/08/25 21:01:18.698, 157.74, 100, 4477
2026/08/25 21:01:19.698, 157.41, 98, 4477
2026/08/25 21:01:20.698, 157.99, 100, 4477
2026/08/25 21:01:21.698, 157.87, 100, 4477
2026/08/25 21:01:22.699, 157.46, 98, 4477
2026/08/25 21:01:23.699, 158.30, 100, 4477
2026/08/25 21:01:24.699, 158.04, 100, 4477
2026/08/25 21:01:25.699, 157.27, 98, 4477
2026/08/25 21:01:26.699, 158.15, 100, 4477
2026/08/25 21:01:27.699, 157.80, 100, 4477
2026/08/25 21:01:28.700, 157.05, 98, 4477
2026/08/25 21:01:29.700, 158.02, 100, 4477
2026/08/25 21:01:30.700, 157.96, 100, 4477
2026/08/25 21:01:31.700, 157.32, 98, 4477
2026/08/25 21:01:32.700, 157.73, 100, 4477
2026/08/25 21:01:33.701, 157.93, 100, 4477
2026/08/25 21:01:34.701, 157.91, 98, 4477
2026/08/25 21:01:35.701, 158.78, 100, 4477
2026/08/25 21:01:36.701, 158.04, 100, 4477
2026/08/25 21:01:37.701, 157.79, 98, 4477
2026/08/25 21:01:38.701, 158.62, 100, 4477
2026/08/25 21:01:39.702, 158.07, 99, 4477
2026/08/25 21:01:40.702, 157.83, 98, 4477
2026/08/25 21:01:41.702, 158.62, 100, 4477
2026/08/25 21:01:42.702, 157.96, 98, 4477
2026/08/25 21:01:43.702, 158.20, 99, 4477
2026/08/25 21:01:44.703, 157.99, 100, 4477
2026/08/25 21:01:45.703, 157.84, 98, 4477
2026/08/25 21:01:46.703, 158.17, 100, 4477
2026/08/25 21:01:47.703, 158.46, 100, 4477
2026/08/25 21:01:48.703, 158.10, 98, 4477
2026/08/25 21:01:49.704, 158.13, 100, 4477
2026/08/25 21:01:50.704, 158.27, 100, 4477
2026/08/25 21:01:51.704, 157.87, 98, 4477
2026/08/25 21:01:52.704, 158.18, 100, 4477
2026/08/25 21:01:53.704, 158.40, 100, 4477
2026/08/25 21:01:54.704, 157.75, 98, 4477
2026/08/25 21:01:55.705, 158.45, 100, 4477
2026/08/25 21:01:56.705, 158.61, 100, 4477
2026/08/25 21:01:57.705, 157.90, 98, 4477
2026/08/25 21:01:58.705, 158.26, 100, 4477
2026/08/25 21:01:59.705, 158.30, 100, 4477
2026/08/25 21:02:00.706, 157.70, 98, 4477
2026/08/25 21:02:01.706, 158.46, 100, 4477
2026/08/25 21:02:02.706, 157.92, 100, 4477
2026/08/25 21:02:03.706, 157.64, 98, 4477
2026/08/25 21:02:04.706, 158.28, 100, 4477
2026/08/25 21:02:05.706, 158.22, 100, 4477
2026/08/25 21:02:06.707, 156.88, 98, 4477
2026/08/25 21:02:07.707, 157.71, 100, 4477
2026/08/25 21:02:08.707, 158.08, 100, 4477
2026/08/25 21:02:09.707, 157.41, 98, 4477
2026/08/25 21:02:10.707, 157.85, 100, 4477
2026/08/25 21:02:11.708, 157.82, 100, 4477
2026/08/25 21:02:12.708, 157.49, 98, 4477
2026/08/25 21:02:13.708, 157.89, 100, 4477
2026/08/25 21:02:14.708, 157.80, 100, 4477
2026/08/25 21:02:15.708, 157.26, 98, 4477
2026/08/25 21:02:16.708, 157.96, 100, 4477
2026/08/25 21:02:17.709, 158.05, 100, 4477
2026/08/25 21:02:18.709, 156.96, 98, 4477
2026/08/25 21:02:19.709, 157.83, 100, 4477
2026/08/25 21:02:20.709, 157.91, 100, 4477
2026/08/25 21:02:21.709, 157.76, 98, 4477
2026/08/25 21:02:22.709, 158.72, 100, 4477
2026/08/25 21:02:23.710, 158.01, 100, 4477
2026/08/25 21:02:24.710, 157.79, 98, 4477
2026/08/25 21:02:25.710, 158.73, 100, 4477
2026/08/25 21:02:26.710, 157.80, 99, 4477
2026/08/25 21:02:27.710, 157.55, 98, 4477
2026/08/25 21:02:28.711, 158.34, 100, 4477
2026/08/25 21:02:29.711, 157.85, 97, 4477
2026/08/25 21:02:30.711, 157.90, 100, 4477
2026/08/25 21:02:31.711, 157.85, 100, 4477
2026/08/25 21:02:32.711, 157.88, 98, 4477
2026/08/25 21:02:33.711, 158.18, 100, 4477
2026/08/25 21:02:34.712, 158.12, 100, 4477
2026/08/25 21:02:35.712, 157.46, 98, 4477
2026/08/25 21:02:36.712, 158.15, 100, 4477
2026/08/25 21:02:37.712, 158.07, 100, 4477
2026/08/25 21:02:38.712, 157.40, 98, 4477
2026/08/25 21:02:39.713, 157.97, 100, 4477
2026/08/25 21:02:40.713, 158.42, 100, 4477
2026/08/25 21:02:41.713, 157.47, 98, 4477
2026/08/25 21:02:42.713, 157.93, 100, 4477
2026/08/25 21:02:43.713, 157.88, 100, 4477
2026/08/25 21:02:44.713, 157.19, 98, 4477
2026/08/25 21:02:45.714, 157.76, 100, 4477
2026/08/25 21:02:46.714, 157.64, 100, 4477
2026/08/25 21:02:47.714, 157.32, 98, 4477
2026/08/25 21:02:48.714, 157.70, 100, 4477
2026/08/25 21:02:49.714, 157.61, 100, 4477
2026/08/25 21:02:50.714, 157.18, 98, 4477
2026/08/25 21:02:51.715, 157.68, 100, 4477
2026/08/25 21:02:52.715, 157.71, 100, 4477
2026/08/25 21:02:53.715, 157.04, 98, 4477
2026/08/25 21:02:54.715, 157.59, 100, 4477
2026/08/25 21:02:55.715, 157.38, 100, 4477
2026/08/25 21:02:56.716, 157.89, 97, 4477
2026/08/25 21:02:57.716, 158.61, 100, 4477
2026/08/25 21:02:58.716, 157.95, 100, 4477
2026/08/25 21:02:59.716, 157.36, 98, 4477
2026/08/25 21:03:00.716, 157.79, 100, 4477
2026/08/25 21:03:01.717, 158.05, 98, 4477
2026/08/25 21:03:02.717, 157.62, 98, 4477
2026/08/25 21:03:03.717, 157.69, 100, 4477
2026/08/25 21:03:04.717, 157.80, 98, 4477
2026/08/25 21:03:05.717, 157.83, 100, 4477
2026/08/25 21:03:06.718, 158.14, 100, 4477
2026/08/25 21:03:07.718, 157.84, 98, 4477
2026/08/25 21:03:08.718, 158.07, 100, 4477
2026/08/25 21:03:09.718, 158.24, 100, 4477
2026/08/25 21:03:10.718, 157.91, 98, 4477
2026/08/25 21:03:11.719, 158.23, 100, 4477
2026/08/25 21:03:12.719, 158.10, 100, 4477
2026/08/25 21:03:13.719, 158.32, 98, 4477
2026/08/25 21:03:14.719, 158.04, 100, 4477
2026/08/25 21:03:15.719, 158.12, 100, 4477
2026/08/25 21:03:16.719, 157.44, 98, 4477
2026/08/25 21:03:17.720, 158.27, 100, 4477
2026/08/25 21:03:18.720, 157.53, 100, 4477
2026/08/25 21:03:19.720, 157.40, 98, 4477
2026/08/25 21:03:20.720, 158.31, 100, 4477
2026/08/25 21:03:21.720, 158.00, 100, 4477
2026/08/25 21:03:22.721, 157.97, 98, 4477
2026/08/25 21:03:23.721, 157.95, 100, 4477
2026/08/25 21:03:24.721, 158.01, 100, 4477
2026/08/25 21:03:25.721, 157.56, 98, 4477
2026/08/25 21:03:26.721, 158.10, 100, 4477
2026/08/25 21:03:27.721, 160.77, 99, 4477
2026/08/25 21:03:28.722, 163.31, 100, 4477
2026/08/25 21:03:29.722, 163.22, 99, 4477
2026/08/25 21:03:30.722, 163.48, 100, 4477
2026/08/25 21:03:31.722, 163.48, 100, 4477
2026/08/25 21:03:32.722, 163.22, 100, 4477
2026/08/25 21:03:33.722, 163.42, 100, 4477
2026/08/25 21:03:34.723, 163.39, 99, 4477
2026/08/25 21:03:35.723, 163.56, 100, 4477
2026/08/25 21:03:36.723, 163.66, 99, 4477
2026/08/25 21:03:37.723, 163.57, 100, 4477
2026/08/25 21:03:38.723, 163.12, 100, 4477
2026/08/25 21:03:39.724, 163.62, 100, 4477
2026/08/25 21:03:40.724, 163.44, 100, 4477
2026/08/25 21:03:41.724, 163.65, 100, 4477
2026/08/25 21:03:42.724, 163.63, 100, 4477
2026/08/25 21:03:43.724, 163.49, 99, 4477
2026/08/25 21:03:44.725, 163.62, 100, 4477
2026/08/25 21:03:45.725, 163.66, 100, 4477
2026/08/25 21:03:46.725, 163.35, 100, 4477
2026/08/25 21:03:47.725, 163.47, 99, 4477
2026/08/25 21:03:48.725, 163.35, 98, 4477
2026/08/25 21:03:49.725, 163.82, 100, 4477
2026/08/25 21:03:50.726, 163.79, 99, 4477
2026/08/25 21:03:51.726, 163.81, 100, 4477
2026/08/25 21:03:52.726, 163.71, 100, 4477
2026/08/25 21:03:53.726, 163.71, 100, 4477
2026/08/25 21:03:54.726, 163.65, 99, 4477
2026/08/25 21:03:55.727, 163.75, 99, 4477
2026/08/25 21:03:56.727, 163.73, 100, 4477
2026/08/25 21:03:57.727, 34.62, 0, 4477
2026/08/25 21:03:58.727, 27.02, 0, 4477
