2026/08/25 23:00:34.498, 13.42, 0, 33
2026/08/25 23:00:35.502, 13.42, 0, 33
2026/08/25 23:00:36.502, 10.60, 0, 33
2026/08/25 23:00:37.502, 10.45, 0, 36
2026/08/25 23:00:38.502, 13.19, 0, 255
2026/08/25 23:00:39.502, 20.74, 0, 337
2026/08/25 23:00:40.502, 20.66, 0, 337
2026/08/25 23:00:41.502, 20.62, 0, 337
2026/08/25 23:00:42.503, 20.41, 0, 337
2026/08/25 23:00:43.503, 20.29, 0, 337
2026/08/25 23:00:44.503, 20.05, 0, 337
2026/08/25 23:00:45.503, 20.00, 0, 337
2026/08/25 23:00:46.503, 19.76, 0, 337
2026/08/25 23:00:47.503, 19.86, 0, 337
2026/08/25 23:00:48.504, 19.48, 0, 337
2026/08/25 23:00:49.504, 19.42, 0, 337
2026/08/25 23:00:50.504, 19.35, 0, 337
2026/08/25 23:00:51.504, 19.35, 0, 337
2026/08/25 23:00:52.504, 19.54, 0, 487
2026/08/25 23:00:53.504, 55.05, 0, 509
2026/08/25 23:00:54.504, 67.08, 86, 729
2026/08/25 23:00:55.505, 37.76, 0, 729
2026/08/25 23:00:56.505, 25.44, 0, 729
2026/08/25 23:00:57.505, 19.17, 0, 729
2026/08/25 23:00:58.505, 19.18, 0, 729
2026/08/25 23:00:59.505, 19.19, 0, 729
2026/08/25 23:01:00.505, 19.27, 0, 729
2026/08/25 23:01:01.505, 19.22, 0, 729
2026/08/25 23:01:02.506, 19.04, 0, 729
2026/08/25 23:01:03.506, 18.88, 0, 729
2026/08/25 23:01:04.506, 18.87, 0, 729
2026/08/25 23:01:05.506, 18.88, 0, 729
2026/08/25 23:01:06.506, 18.76, 0, 729
2026/08/25 23:01:07.506, 18.69, 0, 729
2026/08/25 23:01:08.507, 18.82, 0, 729
2026/08/25 23:01:09.507, 18.50, 0, 729
2026/08/25 23:01:10.507, 18.53, 0, 729
2026/08/25 23:01:11.507, 13.36, 0, 729
2026/08/25 23:01:12.507, 13.54, 0, 731
2026/08/25 23:01:13.507, 45.68, 96, 731
2026/08/25 23:01:14.508, 106.69, 98, 733
2026/08/25 23:01:15.508, 108.97, 98, 833
2026/08/25 23:01:16.508, 98.91, 95, 6015
2026/08/25 23:01:17.508, 63.83, 0, 6457
2026/08/25 23:01:18.508, 25.59, 0, 6457
2026/08/25 23:01:19.508, 23.04, 0, 6457
2026/08/25 23:01:20.509, 20.82, 0, 6457
2026/08/25 23:01:21.509, 18.53, 0, 6457
2026/08/25 23:01:22.509, 18.59, 0, 6457
2026/08/25 23:01:23.509, 18.42, 0, 6457
2026/08/25 23:01:24.509, 18.23, 0, 6457
2026/08/25 23:01:25.510, 18.23, 0, 6457
2026/08/25 23:01:26.510, 18.44, 0, 6457
2026/08/25 23:01:27.510, 46.74, 97, 6507
2026/08/25 23:01:28.510, 111.68, 97, 6521
2026/08/25 23:01:29.510, 103.62, 97, 6525
2026/08/25 23:01:30.511, 124.51, 100, 6651
2026/08/25 23:01:31.511, 152.20, 98, 6651
2026/08/25 23:01:32.511, 153.41, 100, 6651
2026/08/25 23:01:33.511, 153.91, 100, 6651
2026/08/25 23:01:34.512, 153.34, 98, 6651
2026/08/25 23:01:35.512, 154.05, 100, 6651
2026/08/25 23:01:36.512, 154.84, 100, 6651
2026/08/25 23:01:37.512, 153.43, 98, 6651
2026/08/25 23:01:38.512, 155.55, 100, 6651
2026/08/25 23:01:39.512, 155.24, 100, 6651
2026/08/25 23:01:40.513, 154.51, 98, 6651
2026/08/25 23:01:41.513, 155.36, 100, 6651
2026/08/25 23:01:42.513, 155.48, 100, 6651
2026/08/25 23:01:43.513, 154.57, 98, 6651
2026/08/25 23:01:44.513, 156.07, 100, 6651
2026/08/25 23:01:45.513, 156.04, 100, 6651
2026/08/25 23:01:46.514, 154.25, 89, 6651
2026/08/25 23:01:47.514, 155.25, 100, 6651
2026/08/25 23:01:48.514, 156.27, 100, 6651
2026/08/25 23:01:49.514, 155.49, 98, 6651
2026/08/25 23:01:50.514, 156.27, 100, 6651
2026/08/25 23:01:51.515, 157.03, 100, 6651
2026/08/25 23:01:52.515, 156.49, 97, 6651
2026/08/25 23:01:53.515, 157.07, 100, 6651
2026/08/25 23:01:54.515, 157.48, 100, 6651
2026/08/25 23:01:55.515, 156.02, 98, 6651
2026/08/25 23:01:56.515, 157.31, 100, 6651
2026/08/25 23:01:57.516, 157.04, 100, 6651
2026/08/25 23:01:58.516, 157.28, 98, 6651
2026/08/25 23:01:59.516, 157.88, 100, 6651
2026/08/25 23:02:00.516, 157.94, 100, 6651
2026/08/25 23:02:01.516, 157.05, 98, 6651
2026/08/25 23:02:02.516, 158.12, 100, 6651
2026/08/25 23:02:03.517, 158.18, 100, 6651
2026/08/25 23:02:04.517, 157.05, 98, 6651
2026/08/25 23:02:05.517, 158.03, 100, 6651
2026/08/25 23:02:06.517, 157.90, 100, 6651
2026/08/25 23:02:07.517, 157.29, 98, 6651
2026/08/25 23:02:08.517, 158.55, 100, 6651
2026/08/25 23:02:09.518, 158.39, 100, 6651
2026/08/25 23:02:10.518, 157.54, 98, 6651
2026/08/25 23:02:11.518, 158.69, 100, 6651
2026/08/25 23:02:12.518, 158.86, 100, 6651
2026/08/25 23:02:13.518, 157.90, 98, 6651
2026/08/25 23:02:14.518, 158.74, 100, 6651
2026/08/25 23:02:15.519, 158.86, 100, 6651
2026/08/25 23:02:16.519, 158.10, 98, 6651
2026/08/25 23:02:17.519, 158.95, 100, 6651
2026/08/25 23:02:18.519, 159.72, 100, 6651
2026/08/25 23:02:19.519, 158.58, 98, 6651
2026/08/25 23:02:20.519, 159.30, 100, 6651
2026/08/25 23:02:21.519, 158.80, 100, 6651
2026/08/25 23:02:22.520, 158.66, 98, 6651
2026/08/25 23:02:23.520, 159.34, 100, 6651
2026/08/25 23:02:24.520, 158.90, 100, 6651
2026/08/25 23:02:25.520, 158.22, 98, 6651
2026/08/25 23:02:26.520, 159.43, 100, 6651
2026/08/25 23:02:27.520, 158.99, 100, 6651
2026/08/25 23:02:28.521, 158.24, 98, 6651
2026/08/25 23:02:29.521, 159.27, 100, 6651
2026/08/25 23:02:30.521, 159.07, 100, 6651
2026/08/25 23:02:31.521, 158.34, 98, 6651
2026/08/25 23:02:32.521, 159.54, 100, 6651
2026/08/25 23:02:33.521, 159.07, 100, 6651
2026/08/25 23:02:34.522, 158.55, 98, 6651
2026/08/25 23:02:35.522, 159.60, 100, 6651
2026/08/25 23:02:36.522, 159.25, 100, 6651
2026/08/25 23:02:37.522, 158.57, 98, 6651
2026/08/25 23:02:38.522, 159.51, 100, 6651
2026/08/25 23:02:39.522, 159.32, 100, 6651
2026/08/25 23:02:40.523, 158.62, 98, 6651
2026/08/25 23:02:41.523, 159.50, 100, 6651
2026/08/25 23:02:42.523, 159.91, 100, 6651
2026/08/25 23:02:43.523, 158.56, 98, 6651
2026/08/25 23:02:44.523, 159.37, 100, 6651
2026/08/25 23:02:45.523, 159.43, 100, 6651
2026/08/25 23:02:46.524, 158.69, 98, 6651
2026/08/25 23:02:47.524, 159.67, 100, 6671
2026/08/25 23:02:48.524, 160.22, 100, 6671
2026/08/25 23:02:49.524, 158.65, 98, 6671
2026/08/25 23:02:50.524, 160.52, 100, 6671
2026/08/25 23:02:51.524, 160.32, 100, 6671
2026/08/25 23:02:52.525, 158.79, 98, 6671
2026/08/25 23:02:53.525, 159.73, 100, 6671
2026/08/25 23:02:54.525, 160.38, 100, 6671
2026/08/25 23:02:55.525, 158.67, 98, 6671
2026/08/25 23:02:56.525, 160.36, 100, 6671
2026/08/25 23:02:57.525, 159.68, 100, 6671
2026/08/25 23:02:58.526, 158.51, 98, 6671
2026/08/25 23:02:59.526, 160.50, 100, 6671
2026/08/25 23:03:00.526, 160.06, 100, 6671
2026/08/25 23:03:01.526, 159.44, 99, 6671
2026/08/25 23:03:02.526, 159.73, 100, 6671
2026/08/25 23:03:03.526, 160.01, 100, 6671
2026/08/25 23:03:04.527, 159.55, 100, 6671
2026/08/25 23:03:05.527, 159.67, 100, 6671
2026/08/25 23:03:06.527, 160.60, 100, 6671
2026/08/25 23:03:07.527, 159.68, 100, 6671
2026/08/25 23:03:08.527, 159.38, 100, 6671
2026/08/25 23:03:09.527, 160.34, 100, 6671
2026/08/25 23:03:10.528, 159.66, 100, 6671
2026/08/25 23:03:11.528, 159.47, 98, 6671
2026/08/25 23:03:12.528, 160.77, 100, 6671
2026/08/25 23:03:13.528, 160.10, 100, 6671
2026/08/25 23:03:14.528, 159.54, 98, 6671
2026/08/25 23:03:15.528, 160.41, 100, 6671
2026/08/25 23:03:16.529, 159.64, 100, 6671
2026/08/25 23:03:17.529, 159.40, 98, 6671
2026/08/25 23:03:18.529, 160.24, 100, 6671
2026/08/25 23:03:19.530, 159.62, 100, 6671
2026/08/25 23:03:20.530, 159.23, 99, 6671
2026/08/25 23:03:21.532, 160.51, 100, 6671
2026/08/25 23:03:22.532, 160.20, 100, 6671
2026/08/25 23:03:23.532, 159.51, 98, 6671
2026/08/25 23:03:24.532, 160.57, 100, 6671
2026/08/25 23:03:25.533, 160.42, 100, 6671
2026/08/25 23:03:26.533, 159.41, 98, 6671
2026/08/25 23:03:27.533, 160.08, 100, 6671
2026/08/25 23:03:28.533, 160.43, 100, 6671
2026/08/25 23:03:29.533, 159.24, 98, 6671
2026/08/25 23:03:30.533, 160.07, 100, 6671
2026/08/25 23:03:31.534, 160.54, 100, 6671
2026/08/25 23:03:32.534, 159.13, 98, 6671
2026/08/25 23:03:33.534, 159.87, 100, 6671
2026/08/25 23:03:34.534, 160.54, 100, 6671
2026/08/25 23:03:35.534, 159.01, 98, 6671
2026/08/25 23:03:36.534, 160.00, 100, 6671
2026/08/25 23:03:37.535, 160.28, 100, 6671
2026/08/25 23:03:38.535, 159.30, 98, 6671
2026/08/25 23:03:39.535, 160.81, 100, 6671
2026/08/25 23:03:40.535, 160.34, 100, 6671
2026/08/25 23:03:41.535, 159.72, 99, 6671
2026/08/25 23:03:42.535, 160.08, 100, 6671
2026/08/25 23:03:43.544, 160.45, 100, 6671
2026/08/25 23:03:44.544, 159.60, 100, 6671
2026/08/25 23:03:45.544, 159.79, 100, 6671
2026/08/25 23:03:46.545, 161.18, 100, 6671
2026/08/25 23:03:47.545, 159.86, 100, 6671
2026/08/25 23:03:48.545, 160.08, 100, 6671
2026/08/25 23:03:49.545, 161.31, 100, 6671
2026/08/25 23:03:50.545, 159.95, 100, 6671
2026/08/25 23:03:51.545, 160.05, 100, 6671
2026/08/25 23:03:52.546, 160.76, 100, 6671
2026/08/25 23:03:53.546, 160.27, 100, 6671
2026/08/25 23:03:54.546, 159.86, 100, 6671
2026/08/25 23:03:55.546, 161.12, 100, 6671
2026/08/25 23:03:56.546, 160.07, 100, 6671
2026/08/25 23:03:57.546, 159.86, 98, 6671
2026/08/25 23:03:58.547, 160.79, 100, 6671
2026/08/25 23:03:59.547, 160.03, 100, 6671
2026/08/25 23:04:00.547, 159.90, 98, 6671
2026/08/25 23:04:01.547, 160.50, 100, 6671
2026/08/25 23:04:02.547, 160.44, 100, 6671
2026/08/25 23:04:03.547, 159.69, 98, 6671
2026/08/25 23:04:04.548, 160.26, 100, 6671
2026/08/25 23:04:05.548, 159.91, 100, 6671
2026/08/25 23:04:06.548, 159.53, 98, 6671
2026/08/25 23:04:07.548, 160.39, 100, 6671
2026/08/25 23:04:08.548, 160.12, 100, 6671
2026/08/25 23:04:09.548, 159.40, 98, 6671
2026/08/25 23:04:10.549, 160.07, 100, 6671
2026/08/25 23:04:11.549, 160.09, 100, 6671
2026/08/25 23:04:12.549, 159.65, 98, 6671
2026/08/25 23:04:13.549, 160.62, 100, 6671
2026/08/25 23:04:14.549, 160.48, 100, 6671
2026/08/25 23:04:15.549, 159.38, 98, 6671
2026/08/25 23:04:16.550, 160.93, 100, 6671
2026/08/25 23:04:17.550, 160.72, 100, 6671
2026/08/25 23:04:18.550, 159.24, 98, 6671
2026/08/25 23:04:19.550, 161.00, 100, 6671
2026/08/25 23:04:20.550, 160.87, 100, 6671
2026/08/25 23:04:21.550, 159.20, 98, 6671
2026/08/25 23:04:22.551, 160.83, 100, 6671
2026/08/25 23:04:23.551, 160.49, 100, 6671
2026/08/25 23:04:24.551, 159.27, 98, 6671
2026/08/25 23:04:25.551, 160.90, 100, 6671
2026/08/25 23:04:26.551, 160.97, 100, 6671
2026/08/25 23:04:27.551, 159.85, 99, 6671
2026/08/25 23:04:28.552, 160.21, 100, 6671
2026/08/25 23:04:29.552, 160.99, 100, 6671
2026/08/25 23:04:30.552, 159.51, 100, 6671
2026/08/25 23:04:31.552, 159.71, 100, 6671
2026/08/25 23:04:32.552, 161.06, 100, 6671
2026/08/25 23:04:33.552, 159.74, 100, 6671
2026/08/25 23:04:34.553, 159.65, 100, 6671
2026/08/25 23:04:35.553, 160.73, 100, 6671
2026/08/25 23:04:36.553, 160.13, 100, 6671
2026/08/25 23:04:37.553, 159.83, 100, 6671
2026/08/25 23:04:38.553, 161.02, 100, 6671
2026/08/25 23:04:39.553, 159.93, 100, 6671
2026/08/25 23:04:40.554, 159.73, 99, 6671
2026/08/25 23:04:41.554, 160.46, 100, 6671
2026/08/25 23:04:42.554, 159.77, 100, 6671
2026/08/25 23:04:43.554, 159.66, 98, 6671
2026/08/25 23:04:44.554, 160.57, 100, 6671
2026/08/25 23:04:45.554, 160.40, 100, 6671
2026/08/25 23:04:46.555, 99.06, 0, 6671
2026/08/25 23:04:47.555, 39.12, 0, 6671
2026/08/25 23:04:48.555, 27.08, 0, 6671
2026/08/25 23:04:49.555, 21.29, 0, 6671
2026/08/25 23:04:50.555, 21.33, 0, 6671
2026/08/25 23:04:51.555, 20.93, 0, 6671
2026/08/25 23:04:52.556, 20.78, 0, 6671
2026/08/25 23:04:53.556, 20.69, 0, 6671
2026/08/25 23:04:54.556, 20.48, 0, 6671
2026/08/25 23:04:55.556, 20.53, 0, 6671
2026/08/25 23:04:56.556, 20.45, 0, 6671
2026/08/25 23:04:57.556, 20.39, 0, 6671
2026/08/25 23:04:58.557, 20.11, 0, 6671
2026/08/25 23:04:59.557, 20.05, 0, 6671
2026/08/25 23:05:00.557, 19.76, 0, 6671
2026/08/25 23:05:01.557, 19.85, 0, 6671
2026/08/25 23:05:02.557, 19.62, 0, 6671
2026/08/25 23:05:03.557, 19.55, 0, 6671
2026/08/25 23:05:04.558, 19.56, 0, 6671
2026/08/25 23:05:05.558, 19.65, 0, 6671
2026/08/25 23:05:06.558, 19.29, 0, 6671
2026/08/25 23:05:07.558, 19.17, 0, 6671
2026/08/25 23:05:08.558, 19.20, 0, 6671
2026/08/25 23:05:09.558, 19.17, 0, 6671
2026/08/25 23:05:10.559, 19.08, 0, 6671
2026/08/25 23:05:11.559, 19.19, 0, 6671
2026/08/25 23:05:12.559, 19.34, 0, 6671
2026/08/25 23:05:13.559, 16.84, 0, 6671
2026/08/25 23:05:14.559, 11.41, 0, 6671
2026/08/25 23:05:15.559, 73.90, 97, 6671
2026/08/25 23:05:16.560, 111.15, 97, 6671
2026/08/25 23:05:17.560, 115.84, 99, 6671
2026/08/25 23:05:18.560, 148.55, 100, 6671
2026/08/25 23:05:19.560, 157.95, 100, 6671
2026/08/25 23:05:20.560, 158.46, 100, 6671
2026/08/25 23:05:21.560, 158.49, 100, 6671
2026/08/25 23:05:22.561, 158.98, 100, 6671
2026/08/25 23:05:23.561, 160.42, 100, 6671
2026/08/25 23:05:24.561, 160.64, 100, 6671
2026/08/25 23:05:25.561, 160.64, 100, 6671
2026/08/25 23:05:26.561, 159.62, 100, 6671
2026/08/25 23:05:27.561, 161.12, 100, 6671
2026/08/25 23:05:28.562, 161.13, 100, 6671
2026/08/25 23:05:29.562, 161.44, 100, 6671
2026/08/25 23:05:30.562, 160.96, 100, 6671
2026/08/25 23:05:31.562, 160.40, 100, 6671
2026/08/25 23:05:32.562, 160.72, 100, 6671
2026/08/25 23:05:33.562, 161.73, 100, 6671
2026/08/25 23:05:34.563, 161.63, 100, 6671
2026/08/25 23:05:35.563, 160.91, 100, 6671
2026/08/25 23:05:36.563, 161.09, 100, 6671
2026/08/25 23:05:37.563, 161.03, 100, 6671
2026/08/25 23:05:38.563, 161.22, 100, 6671
2026/08/25 23:05:39.563, 161.21, 99, 6671
2026/08/25 23:05:40.564, 161.60, 100, 6671
2026/08/25 23:05:41.564, 161.56, 100, 6671
2026/08/25 23:05:42.564, 161.56, 100, 6671
2026/08/25 23:05:43.564, 161.47, 100, 6671
2026/08/25 23:05:44.564, 161.64, 100, 6671
2026/08/25 23:05:45.564, 161.91, 100, 6671
2026/08/25 23:05:46.564, 162.03, 100, 6671
2026/08/25 23:05:47.565, 161.64, 100, 6671
2026/08/25 23:05:48.565, 161.78, 100, 6671
2026/08/25 23:05:49.565, 162.08, 100, 6671
2026/08/25 23:05:50.565, 162.08, 100, 6671
2026/08/25 23:05:51.565, 162.07, 100, 6671
2026/08/25 23:05:52.565, 162.21, 100, 6671
2026/08/25 23:05:53.566, 162.16, 100, 6671
2026/08/25 23:05:54.566, 162.30, 100, 6671
2026/08/25 23:05:55.566, 162.46, 100, 6671
2026/08/25 23:05:56.566, 162.58, 100, 6671
2026/08/25 23:05:57.566, 162.54, 100, 6671
2026/08/25 23:05:58.566, 162.68, 100, 6671
2026/08/25 23:05:59.567, 162.79, 100, 6671
2026/08/25 23:06:00.567, 162.65, 99, 6671
2026/08/25 23:06:01.567, 163.03, 100, 6671
2026/08/25 23:06:02.567, 163.03, 100, 6671
2026/08/25 23:06:03.567, 162.63, 100, 6671
2026/08/25 23:06:04.567, 162.55, 100, 6671
2026/08/25 23:06:05.568, 162.49, 100, 6671
2026/08/25 23:06:06.568, 162.47, 100, 6671
2026/08/25 23:06:07.568, 162.70, 100, 6671
2026/08/25 23:06:08.568, 162.47, 100, 6671
2026/08/25 23:06:09.568, 162.41, 99, 6671
2026/08/25 23:06:10.568, 162.59, 100, 6671
2026/08/25 23:06:11.569, 162.59, 100, 6671
2026/08/25 23:06:12.569, 162.76, 100, 6671
2026/08/25 23:06:13.569, 162.68, 100, 6671
2026/08/25 23:06:14.569, 162.98, 100, 6671
2026/08/25 23:06:15.569, 162.79, 100, 6671
2026/08/25 23:06:16.569, 162.92, 100, 6671
2026/08/25 23:06:17.570, 162.90, 100, 6671
2026/08/25 23:06:18.570, 162.97, 100, 6671
2026/08/25 23:06:19.570, 163.07, 100, 6671
2026/08/25 23:06:20.570, 163.01, 100, 6671
2026/08/25 23:06:21.570, 163.13, 100, 6671
2026/08/25 23:06:22.570, 162.97, 100, 6671
2026/08/25 23:06:23.570, 162.96, 100, 6671
2026/08/25 23:06:24.571, 163.20, 100, 6671
2026/08/25 23:06:25.571, 163.25, 100, 6671
2026/08/25 23:06:26.571, 163.47, 100, 6671
2026/08/25 23:06:27.571, 163.24, 100, 6671
2026/08/25 23:06:28.571, 163.27, 100, 6671
2026/08/25 23:06:29.571, 163.20, 100, 6671
2026/08/25 23:06:30.572, 163.30, 100, 6671
2026/08/25 23:06:31.572, 163.06, 100, 6671
2026/08/25 23:06:32.572, 163.44, 100, 6671
2026/08/25 23:06:33.572, 163.30, 99, 6671
2026/08/25 23:06:34.572, 163.34, 100, 6671
2026/08/25 23:06:35.572, 163.17, 100, 6671
2026/08/25 23:06:36.573, 163.56, 100, 6671
2026/08/25 23:06:37.573, 163.49, 100, 6671
2026/08/25 23:06:38.573, 163.51, 100, 6671
2026/08/25 23:06:39.573, 163.53, 99, 6671
2026/08/25 23:06:40.573, 163.37, 100, 6671
2026/08/25 23:06:41.573, 163.40, 100, 6671
2026/08/25 23:06:42.574, 163.51, 100, 6671
2026/08/25 23:06:43.574, 163.46, 100, 6671
2026/08/25 23:06:44.574, 163.42, 100, 6671
2026/08/25 23:06:45.574, 163.49, 99, 6671
2026/08/25 23:06:46.574, 163.61, 100, 6671
2026/08/25 23:06:47.574, 163.50, 100, 6671
2026/08/25 23:06:48.574, 163.28, 99, 6671
2026/08/25 23:06:49.575, 163.44, 100, 6671
2026/08/25 23:06:50.575, 163.66, 100, 6671
2026/08/25 23:06:51.575, 163.65, 100, 6671
2026/08/25 23:06:52.575, 163.57, 100, 6671
2026/08/25 23:06:53.575, 153.29, 100, 6671
2026/08/25 23:06:54.575, 160.45, 100, 6671
2026/08/25 23:06:55.576, 159.04, 98, 6671
2026/08/25 23:06:56.576, 160.67, 100, 6671
2026/08/25 23:06:57.576, 159.93, 100, 6671
2026/08/25 23:06:58.576, 159.12, 98, 6671
2026/08/25 23:06:59.576, 159.82, 100, 6671
2026/08/25 23:07:00.576, 160.51, 100, 6671
2026/08/25 23:07:01.577, 151.57, 100, 6671
2026/08/25 23:07:02.577, 159.77, 98, 6671
2026/08/25 23:07:03.577, 160.22, 100, 6671
2026/08/25 23:07:04.577, 159.68, 100, 6671
2026/08/25 23:07:05.577, 159.76, 98, 6671
2026/08/25 23:07:06.577, 160.27, 100, 6671
2026/08/25 23:07:07.578, 159.72, 100, 6671
2026/08/25 23:07:08.578, 159.50, 100, 6671
2026/08/25 23:07:09.578, 160.40, 100, 6671
2026/08/25 23:07:10.578, 159.37, 100, 6671
2026/08/25 23:07:11.579, 159.67, 100, 6671
2026/08/25 23:07:12.579, 161.02, 100, 6671
2026/08/25 23:07:13.579, 159.66, 100, 6671
2026/08/25 23:07:14.579, 159.68, 100, 6671
2026/08/25 23:07:15.579, 160.60, 100, 6671
2026/08/25 23:07:16.580, 159.74, 100, 6671
2026/08/25 23:07:17.580, 159.50, 98, 6671
2026/08/25 23:07:18.580, 160.60, 100, 6671
2026/08/25 23:07:19.580, 160.27, 100, 6671
2026/08/25 23:07:20.580, 159.72, 98, 6671
2026/08/25 23:07:21.580, 160.62, 100, 6671
2026/08/25 23:07:22.580, 160.53, 100, 6671
2026/08/25 23:07:23.581, 159.62, 98, 6671
2026/08/25 23:07:24.581, 160.29, 100, 6671
2026/08/25 23:07:25.581, 160.84, 100, 6671
2026/08/25 23:07:26.581, 159.70, 100, 6671
2026/08/25 23:07:27.581, 159.77, 100, 6671
2026/08/25 23:07:28.581, 160.81, 100, 6671
2026/08/25 23:07:29.582, 159.73, 100, 6671
2026/08/25 23:07:30.582, 160.09, 100, 6671
2026/08/25 23:07:31.582, 161.12, 100, 6671
2026/08/25 23:07:32.582, 160.03, 100, 6671
2026/08/25 23:07:33.582, 159.61, 100, 6671
2026/08/25 23:07:34.582, 160.74, 100, 6671
2026/08/25 23:07:35.583, 159.93, 100, 6671
2026/08/25 23:07:36.583, 159.88, 100, 6671
2026/08/25 23:07:37.583, 160.95, 100, 6671
2026/08/25 23:07:38.583, 159.94, 100, 6671
2026/08/25 23:07:39.583, 159.58, 98, 6671
2026/08/25 23:07:40.583, 160.75, 100, 6671
2026/08/25 23:07:41.584, 160.41, 100, 6671
2026/08/25 23:07:42.584, 159.86, 98, 6671
2026/08/25 23:07:43.584, 160.53, 100, 6671
2026/08/25 23:07:44.584, 160.42, 100, 6671
2026/08/25 23:07:45.584, 159.64, 98, 6671
2026/08/25 23:07:46.584, 160.43, 100, 6671
2026/08/25 23:07:47.584, 160.01, 100, 6671
2026/08/25 23:07:48.585, 159.38, 98, 6671
2026/08/25 23:07:49.585, 160.36, 100, 6671
2026/08/25 23:07:50.585, 160.26, 100, 6671
2026/08/25 23:07:51.585, 159.44, 98, 6671
2026/08/25 23:07:52.585, 160.23, 100, 6671
2026/08/25 23:07:53.585, 160.70, 100, 6671
2026/08/25 23:07:54.586, 159.45, 98, 6671
2026/08/25 23:07:55.586, 160.29, 100, 6671
2026/08/25 23:07:56.586, 160.81, 100, 6671
2026/08/25 23:07:57.586, 159.62, 98, 6671
2026/08/25 23:07:58.586, 160.43, 100, 6671
2026/08/25 23:07:59.586, 160.38, 100, 6671
2026/08/25 23:08:00.586, 159.48, 98, 6671
2026/08/25 23:08:01.587, 160.50, 100, 6671
2026/08/25 23:08:02.587, 160.86, 100, 6671
2026/08/25 23:08:03.587, 159.47, 98, 6671
2026/08/25 23:08:04.587, 160.13, 100, 6671
2026/08/25 23:08:05.587, 160.57, 100, 6671
2026/08/25 23:08:06.587, 160.03, 99, 6671
2026/08/25 23:08:07.587, 160.19, 100, 6671
2026/08/25 23:08:08.588, 161.18, 100, 6671
2026/08/25 23:08:09.588, 159.88, 100, 6671
2026/08/25 23:08:10.588, 160.06, 100, 6671
2026/08/25 23:08:11.588, 161.00, 100, 6671
2026/08/25 23:08:12.588, 159.88, 100, 6671
2026/08/25 23:08:13.588, 159.89, 100, 6671
2026/08/25 23:08:14.588, 160.82, 100, 6671
2026/08/25 23:08:15.589, 160.10, 100, 6671
2026/08/25 23:08:16.589, 159.97, 100, 6671
2026/08/25 23:08:17.589, 161.19, 100, 6671
2026/08/25 23:08:18.589, 160.37, 100, 6671
2026/08/25 23:08:19.589, 159.85, 99, 6671
2026/08/25 23:08:20.589, 160.58, 100, 6671
2026/08/25 23:08:21.590, 160.46, 100, 6671
2026/08/25 23:08:22.590, 159.92, 98, 6671
2026/08/25 23:08:23.590, 161.13, 100, 6671
2026/08/25 23:08:24.590, 160.71, 100, 6671
2026/08/25 23:08:25.590, 160.14, 98, 6671
2026/08/25 23:08:26.590, 160.49, 100, 6671
2026/08/25 23:08:27.591, 159.91, 100, 6671
2026/08/25 23:08:28.591, 159.69, 98, 6671
2026/08/25 23:08:29.591, 160.34, 100, 6671
2026/08/25 23:08:30.591, 160.57, 100, 6671
2026/08/25 23:08:31.591, 159.49, 98, 6671
2026/08/25 23:08:32.591, 160.39, 100, 6671
2026/08/25 23:08:33.592, 160.16, 100, 6671
2026/08/25 23:08:34.592, 159.53, 98, 6671
2026/08/25 23:08:35.592, 160.46, 100, 6671
2026/08/25 23:08:36.592, 160.57, 100, 6671
2026/08/25 23:08:37.592, 159.55, 98, 6671
2026/08/25 23:08:38.592, 160.48, 100, 6671
2026/08/25 23:08:39.592, 160.90, 100, 6671
2026/08/25 23:08:40.593, 159.33, 98, 6671
2026/08/25 23:08:41.593, 160.28, 100, 6671
2026/08/25 23:08:42.593, 160.72, 100, 6671
2026/08/25 23:08:43.593, 159.47, 98, 6671
2026/08/25 23:08:44.593, 160.21, 100, 6671
2026/08/25 23:08:45.593, 161.22, 100, 6671
2026/08/25 23:08:46.594, 159.96, 99, 6671
2026/08/25 23:08:47.594, 160.25, 100, 6671
2026/08/25 23:08:48.594, 161.10, 100, 6671
2026/08/25 23:08:49.594, 160.03, 100, 6671
2026/08/25 23:08:50.594, 160.16, 100, 6671
2026/08/25 23:08:51.594, 161.05, 100, 6671
2026/08/25 23:08:52.594, 160.20, 100, 6671
2026/08/25 23:08:53.595, 160.58, 100, 6671
2026/08/25 23:08:54.595, 161.47, 100, 6671
2026/08/25 23:08:55.595, 160.45, 100, 6671
2026/08/25 23:08:56.595, 160.36, 100, 6671
2026/08/25 23:08:57.595, 161.45, 100, 6671
2026/08/25 23:08:58.595, 160.16, 100, 6671
2026/08/25 23:08:59.595, 160.19, 99, 6671
2026/08/25 23:09:00.596, 161.15, 100, 6671
2026/08/25 23:09:01.596, 160.06, 100, 6671
2026/08/25 23:09:02.596, 159.96, 98, 6671
2026/08/25 23:09:03.596, 161.37, 100, 6671
2026/08/25 23:09:04.596, 160.64, 100, 6671
2026/08/25 23:09:05.596, 159.98, 97, 6671
2026/08/25 23:09:06.597, 160.98, 100, 6671
2026/08/25 23:09:07.597, 160.43, 100, 6671
2026/08/25 23:09:08.597, 159.74, 98, 6671
2026/08/25 23:09:09.597, 160.73, 100, 6671
2026/08/25 23:09:10.597, 160.49, 100, 6671
2026/08/25 23:09:11.597, 159.72, 98, 6671
2026/08/25 23:09:12.598, 161.14, 100, 6671
2026/08/25 23:09:13.598, 160.54, 100, 6671
2026/08/25 23:09:14.598, 159.72, 98, 6671
2026/08/25 23:09:15.598, 160.68, 100, 6671
2026/08/25 23:09:16.598, 161.01, 100, 6671
2026/08/25 23:09:17.598, 159.50, 98, 6671
2026/08/25 23:09:18.598, 160.52, 100, 6671
2026/08/25 23:09:19.599, 160.55, 100, 6671
2026/08/25 23:09:20.599, 159.62, 98, 6671
2026/08/25 23:09:21.599, 160.34, 100, 6671
2026/08/25 23:09:22.599, 160.54, 100, 6671
2026/08/25 23:09:23.599, 159.53, 98, 6671
2026/08/25 23:09:24.599, 160.47, 100, 6671
2026/08/25 23:09:25.600, 161.10, 100, 6671
2026/08/25 23:09:26.600, 159.63, 98, 6671
2026/08/25 23:09:27.600, 160.34, 100, 6671
2026/08/25 23:09:28.600, 160.79, 100, 6671
2026/08/25 23:09:29.600, 160.05, 99, 6671
2026/08/25 23:09:30.600, 160.34, 100, 6671
2026/08/25 23:09:31.601, 161.13, 100, 6671
2026/08/25 23:09:32.601, 160.16, 100, 6671
2026/08/25 23:09:33.601, 160.43, 100, 6671
2026/08/25 23:09:34.601, 161.31, 100, 6671
2026/08/25 23:09:35.601, 159.80, 100, 6671
2026/08/25 23:09:36.601, 159.93, 100, 6671
2026/08/25 23:09:37.601, 161.26, 100, 6671
2026/08/25 23:09:38.602, 160.37, 100, 6671
2026/08/25 23:09:39.602, 160.27, 100, 6671
2026/08/25 23:09:40.602, 161.27, 100, 6671
2026/08/25 23:09:41.602, 160.14, 100, 6671
2026/08/25 23:09:42.602, 159.87, 99, 6671
2026/08/25 23:09:43.602, 160.69, 100, 6671
2026/08/25 23:09:44.603, 160.39, 100, 6671
2026/08/25 23:09:45.603, 159.76, 98, 6671
2026/08/25 23:09:46.603, 160.38, 100, 6671
2026/08/25 23:09:47.603, 160.41, 100, 6671
2026/08/25 23:09:48.603, 159.90, 98, 6671
2026/08/25 23:09:49.603, 160.59, 100, 6671
2026/08/25 23:09:50.604, 160.04, 100, 6671
2026/08/25 23:09:51.604, 159.55, 98, 6671
2026/08/25 23:09:52.604, 160.94, 100, 6671
2026/08/25 23:09:53.604, 160.62, 100, 6671
2026/08/25 23:09:54.604, 159.62, 98, 6671
2026/08/25 23:09:55.604, 160.33, 100, 6671
2026/08/25 23:09:56.604, 160.21, 100, 6671
2026/08/25 23:09:57.605, 159.55, 97, 6671
2026/08/25 23:09:58.605, 160.10, 100, 6671
2026/08/25 23:09:59.605, 160.65, 100, 6671
2026/08/25 23:10:00.605, 159.41, 98, 6671
2026/08/25 23:10:01.605, 160.45, 100, 6671
2026/08/25 23:10:02.605, 160.31, 100, 6671
2026/08/25 23:10:03.605, 159.56, 98, 6671
2026/08/25 23:10:04.606, 160.32, 100, 6671
2026/08/25 23:10:05.606, 160.61, 100, 6671
2026/08/25 23:10:06.606, 159.55, 98, 6671
2026/08/25 23:10:07.606, 160.40, 100, 6671
2026/08/25 23:10:08.606, 161.16, 100, 6671
2026/08/25 23:10:09.606, 159.66, 98, 6671
2026/08/25 23:10:10.607, 159.21, 100, 6671
2026/08/25 23:10:11.607, 164.69, 99, 6671
2026/08/25 23:10:12.607, 163.87, 100, 6671
2026/08/25 23:10:13.607, 163.51, 100, 6671
2026/08/25 23:10:14.607, 163.64, 99, 6671
2026/08/25 23:10:15.607, 163.64, 100, 6671
2026/08/25 23:10:16.608, 163.81, 100, 6671
2026/08/25 23:10:17.608, 163.85, 99, 6671
2026/08/25 23:10:18.608, 163.90, 100, 6671
2026/08/25 23:10:19.608, 163.50, 100, 6671
2026/08/25 23:10:20.608, 163.62, 99, 6671
2026/08/25 23:10:21.608, 163.84, 100, 6671
2026/08/25 23:10:22.609, 163.69, 100, 6671
2026/08/25 23:10:23.609, 163.64, 99, 6671
2026/08/25 23:10:24.609, 163.65, 100, 6671
2026/08/25 23:10:25.609, 163.77, 100, 6671
2026/08/25 23:10:26.609, 163.61, 100, 6671
2026/08/25 23:10:27.609, 163.83, 100, 6671
2026/08/25 23:10:28.609, 163.65, 100, 6671
2026/08/25 23:10:29.610, 163.83, 100, 6671
2026/08/25 23:10:30.610, 163.79, 100, 6671
2026/08/25 23:10:31.610, 163.80, 100, 6671
2026/08/25 23:10:32.610, 163.50, 100, 6671
2026/08/25 23:10:33.610, 163.78, 100, 6671
2026/08/25 23:10:34.610, 163.87, 100, 6671
2026/08/25 23:10:35.611, 163.97, 100, 6671
2026/08/25 23:10:36.611, 164.01, 100, 6671
2026/08/25 23:10:37.611, 163.74, 100, 6671
2026/08/25 23:10:38.611, 163.79, 100, 6671
2026/08/25 23:10:39.611, 163.57, 100, 6671
2026/08/25 23:10:40.611, 163.62, 100, 6671
2026/08/25 23:10:41.612, 163.79, 100, 6671
2026/08/25 23:10:42.612, 163.90, 100, 6671
2026/08/25 23:10:43.612, 163.96, 100, 6671
2026/08/25 23:10:44.612, 163.97, 100, 6671
2026/08/25 23:10:45.612, 163.83, 100, 6671
2026/08/25 23:10:46.612, 163.77, 100, 6671
2026/08/25 23:10:47.613, 164.00, 100, 6671
2026/08/25 23:10:48.613, 163.76, 100, 6671
2026/08/25 23:10:49.613, 163.90, 100, 6671
2026/08/25 23:10:50.613, 163.75, 100, 6671
2026/08/25 23:10:51.613, 163.91, 100, 6671
2026/08/25 23:10:52.613, 163.93, 100, 6671
2026/08/25 23:10:53.614, 163.71, 100, 6671
2026/08/25 23:10:54.614, 163.75, 100, 6671
2026/08/25 23:10:55.614, 163.85, 100, 6671
2026/08/25 23:10:56.614, 163.91, 100, 6671
2026/08/25 23:10:57.614, 163.89, 100, 6671
2026/08/25 23:10:58.614, 163.79, 99, 6671
2026/08/25 23:10:59.615, 163.80, 100, 6671
2026/08/25 23:11:00.615, 163.77, 100, 6671
2026/08/25 23:11:01.615, 163.73, 100, 6671
2026/08/25 23:11:02.615, 163.84, 100, 6671
2026/08/25 23:11:03.615, 163.54, 100, 6671
2026/08/25 23:11:04.615, 163.86, 100, 6671
2026/08/25 23:11:05.615, 163.82, 100, 6671
2026/08/25 23:11:06.616, 164.06, 100, 6671
2026/08/25 23:11:07.616, 163.76, 100, 6671
2026/08/25 23:11:08.616, 163.56, 100, 6671
2026/08/25 23:11:09.616, 163.82, 100, 6671
2026/08/25 23:11:10.616, 163.92, 100, 6671
2026/08/25 23:11:11.617, 163.66, 100, 6671
2026/08/25 23:11:12.617, 163.65, 100, 6671
2026/08/25 23:11:13.617, 163.87, 100, 6671
2026/08/25 23:11:14.617, 163.71, 100, 6671
2026/08/25 23:11:15.617, 163.84, 100, 6671
2026/08/25 23:11:16.617, 163.85, 100, 6671
2026/08/25 23:11:17.617, 163.89, 100, 6671
2026/08/25 23:11:18.618, 163.97, 99, 6671
2026/08/25 23:11:19.618, 164.00, 100, 6671
2026/08/25 23:11:20.618, 163.69, 100, 6671
2026/08/25 23:11:21.618, 163.91, 100, 6671
2026/08/25 23:11:22.618, 163.83, 100, 6671
2026/08/25 23:11:23.618, 163.96, 100, 6671
2026/08/25 23:11:24.619, 164.03, 100, 6671
2026/08/25 23:11:25.619, 163.80, 100, 6671
2026/08/25 23:11:26.619, 163.97, 100, 6671
2026/08/25 23:11:27.619, 164.08, 100, 6671
2026/08/25 23:11:28.619, 164.01, 100, 6671
2026/08/25 23:11:29.619, 163.73, 100, 6671
2026/08/25 23:11:30.620, 163.86, 100, 6671
2026/08/25 23:11:31.620, 163.91, 100, 6671
2026/08/25 23:11:32.620, 163.85, 100, 6671
2026/08/25 23:11:33.620, 163.89, 99, 6671
2026/08/25 23:11:34.620, 164.07, 100, 6671
2026/08/25 23:11:35.620, 164.09, 100, 6671
2026/08/25 23:11:36.621, 163.76, 100, 6671
2026/08/25 23:11:37.621, 164.00, 100, 6671
2026/08/25 23:11:38.621, 163.95, 100, 6671
2026/08/25 23:11:39.621, 163.99, 100, 6671
2026/08/25 23:11:40.621, 163.99, 100, 6671
2026/08/25 23:11:41.621, 164.12, 100, 6671
2026/08/25 23:11:42.622, 163.93, 100, 6671
2026/08/25 23:11:43.622, 164.01, 100, 6671
2026/08/25 23:11:44.622, 164.02, 100, 6671
2026/08/25 23:11:45.622, 164.16, 100, 6671
2026/08/25 23:11:46.622, 164.20, 100, 6671
2026/08/25 23:11:47.622, 155.70, 100, 6671
2026/08/25 23:11:48.623, 160.76, 100, 6671
2026/08/25 23:11:49.623, 161.57, 100, 6671
2026/08/25 23:11:50.623, 160.42, 100, 6671
2026/08/25 23:11:51.623, 160.65, 100, 6671
2026/08/25 23:11:52.623, 161.15, 100, 6671
2026/08/25 23:11:53.623, 160.50, 100, 6671
2026/08/25 23:11:54.624, 160.13, 100, 6671
2026/08/25 23:11:55.624, 161.29, 100, 6671
2026/08/25 23:11:56.624, 160.15, 100, 6671
2026/08/25 23:11:57.624, 160.13, 99, 6671
2026/08/25 23:11:58.624, 161.16, 100, 6671
2026/08/25 23:11:59.624, 160.27, 100, 6671
2026/08/25 23:12:00.625, 160.06, 98, 6671
2026/08/25 23:12:01.625, 161.33, 100, 6671
2026/08/25 23:12:02.625, 160.94, 100, 6671
2026/08/25 23:12:03.625, 160.34, 98, 6671
2026/08/25 23:12:04.625, 161.02, 100, 6671
2026/08/25 23:12:05.625, 160.92, 100, 6671
2026/08/25 23:12:06.626, 159.82, 98, 6671
2026/08/25 23:12:07.626, 160.55, 100, 6671
2026/08/25 23:12:08.626, 160.51, 100, 6671
2026/08/25 23:12:09.626, 160.07, 98, 6671
2026/08/25 23:12:10.626, 160.74, 100, 6671
2026/08/25 23:12:11.626, 160.88, 100, 6671
2026/08/25 23:12:12.626, 159.89, 98, 6671
2026/08/25 23:12:13.627, 160.62, 100, 6671
2026/08/25 23:12:14.627, 161.03, 100, 6671
2026/08/25 23:12:15.627, 159.81, 98, 6671
2026/08/25 23:12:16.627, 160.67, 100, 6671
2026/08/25 23:12:17.627, 161.15, 100, 6671
2026/08/25 23:12:18.627, 159.74, 98, 6671
2026/08/25 23:12:19.628, 160.57, 100, 6671
2026/08/25 23:12:20.628, 161.05, 100, 6671
2026/08/25 23:12:21.628, 159.44, 98, 6671
2026/08/25 23:12:22.628, 160.32, 100, 6671
2026/08/25 23:12:23.628, 161.09, 100, 6671
2026/08/25 23:12:24.628, 159.62, 98, 6671
2026/08/25 23:12:25.629, 160.49, 100, 6671
2026/08/25 23:12:26.629, 160.79, 100, 6671
2026/08/25 23:12:27.629, 159.98, 98, 6671
2026/08/25 23:12:28.629, 161.00, 100, 6671
2026/08/25 23:12:29.629, 161.54, 100, 6671
2026/08/25 23:12:30.629, 160.39, 100, 6671
2026/08/25 23:12:31.630, 160.27, 100, 6671
2026/08/25 23:12:32.630, 161.06, 100, 6671
2026/08/25 23:12:33.630, 160.07, 100, 6671
2026/08/25 23:12:34.630, 160.19, 100, 6671
2026/08/25 23:12:35.630, 161.24, 100, 6671
2026/08/25 23:12:36.630, 160.16, 100, 6671
2026/08/25 23:12:37.631, 160.40, 100, 6671
2026/08/25 23:12:38.631, 161.46, 100, 6671
2026/08/25 23:12:39.631, 160.06, 100, 6671
2026/08/25 23:12:40.631, 160.20, 100, 6671
2026/08/25 23:12:41.631, 161.18, 100, 6671
2026/08/25 23:12:42.631, 160.49, 100, 6671
2026/08/25 23:12:43.632, 160.09, 98, 6671
2026/08/25 23:12:44.632, 160.85, 100, 6671
2026/08/25 23:12:45.632, 160.24, 100, 6671
2026/08/25 23:12:46.632, 160.04, 98, 6671
2026/08/25 23:12:47.632, 161.02, 100, 6671
2026/08/25 23:12:48.632, 160.72, 100, 6671
2026/08/25 23:12:49.632, 159.74, 98, 6671
2026/08/25 23:12:50.633, 161.03, 100, 6671
2026/08/25 23:12:51.633, 160.77, 100, 6671
2026/08/25 23:12:52.633, 159.90, 98, 6671
2026/08/25 23:12:53.633, 160.68, 100, 6671
2026/08/25 23:12:54.633, 160.22, 100, 6671
2026/08/25 23:12:55.633, 159.81, 98, 6671
2026/08/25 23:12:56.634, 160.68, 100, 6671
2026/08/25 23:12:57.634, 160.53, 100, 6671
2026/08/25 23:12:58.634, 159.83, 98, 6671
2026/08/25 23:12:59.634, 160.63, 100, 6671
2026/08/25 23:13:00.634, 160.89, 100, 6671
2026/08/25 23:13:01.634, 159.57, 98, 6671
2026/08/25 23:13:02.635, 160.46, 100, 6671
2026/08/25 23:13:03.635, 160.49, 100, 6671
2026/08/25 23:13:04.635, 159.34, 98, 6671
2026/08/25 23:13:05.635, 161.29, 100, 6671
2026/08/25 23:13:06.635, 161.16, 100, 6671
2026/08/25 23:13:07.635, 159.56, 98, 6671
2026/08/25 23:13:08.636, 161.04, 100, 6671
2026/08/25 23:13:09.636, 160.92, 100, 6671
2026/08/25 23:13:10.636, 159.66, 98, 6671
2026/08/25 23:13:11.636, 160.32, 100, 6671
2026/08/25 23:13:12.636, 161.24, 100, 6671
2026/08/25 23:13:13.636, 160.01, 99, 6671
2026/08/25 23:13:14.637, 160.54, 100, 6671
2026/08/25 23:13:15.637, 161.05, 100, 6671
2026/08/25 23:13:16.637, 160.07, 100, 6671
2026/08/25 23:13:17.637, 160.14, 100, 6671
2026/08/25 23:13:18.637, 160.86, 100, 6671
2026/08/25 23:13:19.638, 159.89, 100, 6671
2026/08/25 23:13:20.638, 159.95, 100, 6671
2026/08/25 23:13:21.638, 160.85, 100, 6671
2026/08/25 23:13:22.638, 160.23, 100, 6671
2026/08/25 23:13:23.638, 160.33, 100, 6671
2026/08/25 23:13:24.638, 161.85, 100, 6671
2026/08/25 23:13:25.639, 160.09, 100, 6671
2026/08/25 23:13:26.639, 159.99, 100, 6671
2026/08/25 23:13:27.639, 161.08, 100, 6671
2026/08/25 23:13:28.639, 160.04, 100, 6671
2026/08/25 23:13:29.639, 159.67, 98, 6671
2026/08/25 23:13:30.639, 160.90, 100, 6671
2026/08/25 23:13:31.639, 160.17, 100, 6671
2026/08/25 23:13:32.640, 159.87, 98, 6671
2026/08/25 23:13:33.640, 161.15, 100, 6671
2026/08/25 23:13:34.640, 160.71, 100, 6671
2026/08/25 23:13:35.640, 160.15, 98, 6671
2026/08/25 23:13:36.640, 161.05, 100, 6671
2026/08/25 23:13:37.640, 160.32, 100, 6671
2026/08/25 23:13:38.641, 159.63, 98, 6671
2026/08/25 23:13:39.641, 161.04, 100, 6671
2026/08/25 23:13:40.641, 160.73, 100, 6671
2026/08/25 23:13:41.641, 159.58, 98, 6671
2026/08/25 23:13:42.641, 160.28, 100, 6671
2026/08/25 23:13:43.641, 159.95, 100, 6671
2026/08/25 23:13:44.642, 159.92, 98, 6671
2026/08/25 23:13:45.642, 160.55, 100, 6671
2026/08/25 23:13:46.642, 160.49, 100, 6671
2026/08/25 23:13:47.642, 159.62, 98, 6671
2026/08/25 23:13:48.642, 161.40, 100, 6671
2026/08/25 23:13:49.642, 160.63, 100, 6671
2026/08/25 23:13:50.643, 159.58, 98, 6671
2026/08/25 23:13:51.643, 160.56, 100, 6671
2026/08/25 23:13:52.643, 160.52, 100, 6671
2026/08/25 23:13:53.643, 159.66, 98, 6671
2026/08/25 23:13:54.643, 160.40, 100, 6671
2026/08/25 23:13:55.643, 160.93, 100, 6671
2026/08/25 23:13:56.644, 159.34, 98, 6671
2026/08/25 23:13:57.644, 161.09, 100, 6671
2026/08/25 23:13:58.644, 161.00, 100, 6671
2026/08/25 23:13:59.644, 159.29, 98, 6671
2026/08/25 23:14:00.644, 160.99, 100, 6671
2026/08/25 23:14:01.644, 160.53, 100, 6671
2026/08/25 23:14:02.645, 159.83, 98, 6671
2026/08/25 23:14:03.645, 160.07, 100, 6671
2026/08/25 23:14:04.645, 160.64, 100, 6671
2026/08/25 23:14:05.645, 160.06, 100, 6671
2026/08/25 23:14:06.645, 160.52, 100, 6671
2026/08/25 23:14:07.645, 160.03, 100, 6671
2026/08/25 23:14:08.646, 159.82, 100, 6671
2026/08/25 23:14:09.646, 160.68, 100, 6671
2026/08/25 23:14:10.646, 160.71, 100, 6671
2026/08/25 23:14:11.646, 159.80, 100, 6671
2026/08/25 23:14:12.646, 160.60, 100, 6671
2026/08/25 23:14:13.646, 160.21, 100, 6671
2026/08/25 23:14:14.647, 159.54, 100, 6671
2026/08/25 23:14:15.647, 161.18, 100, 6671
2026/08/25 23:14:16.647, 160.88, 100, 6671
2026/08/25 23:14:17.647, 159.97, 100, 6671
2026/08/25 23:14:18.647, 160.84, 98, 6671
2026/08/25 23:14:19.647, 161.16, 100, 6671
2026/08/25 23:14:20.648, 159.72, 100, 6671
2026/08/25 23:14:21.648, 160.65, 98, 6671
2026/08/25 23:14:22.648, 160.59, 100, 6671
2026/08/25 23:14:23.648, 159.81, 100, 6671
2026/08/25 23:14:24.648, 160.60, 100, 6671
2026/08/25 23:14:25.648, 161.24, 100, 6671
2026/08/25 23:14:26.649, 159.76, 98, 6671
2026/08/25 23:14:27.649, 160.41, 100, 6671
2026/08/25 23:14:28.649, 160.56, 100, 6671
2026/08/25 23:14:29.649, 159.43, 98, 6671
2026/08/25 23:14:30.649, 160.91, 100, 6671
2026/08/25 23:14:31.649, 160.69, 100, 6671
2026/08/25 23:14:32.650, 159.30, 98, 6671
2026/08/25 23:14:33.650, 160.07, 100, 6671
2026/08/25 23:14:34.650, 160.51, 100, 6671
2026/08/25 23:14:35.650, 159.45, 98, 6671
2026/08/25 23:14:36.650, 161.01, 100, 6671
2026/08/25 23:14:37.650, 160.57, 100, 6671
2026/08/25 23:14:38.651, 159.80, 100, 6671
2026/08/25 23:14:39.651, 160.11, 100, 6671
2026/08/25 23:14:40.651, 161.16, 100, 6671
2026/08/25 23:14:41.651, 159.93, 100, 6671
2026/08/25 23:14:42.651, 160.07, 100, 6671
2026/08/25 23:14:43.652, 160.88, 100, 6671
2026/08/25 23:14:44.652, 160.07, 100, 6671
2026/08/25 23:14:45.652, 160.31, 100, 6671
2026/08/25 23:14:46.652, 161.44, 100, 6671
2026/08/25 23:14:47.652, 160.32, 100, 6671
2026/08/25 23:14:48.652, 160.34, 100, 6671
2026/08/25 23:14:49.653, 160.96, 100, 6671
2026/08/25 23:14:50.653, 160.50, 100, 6671
2026/08/25 23:14:51.653, 159.74, 100, 6671
2026/08/25 23:14:52.653, 161.15, 100, 6671
2026/08/25 23:14:53.653, 159.94, 100, 6671
2026/08/25 23:14:54.653, 159.96, 99, 6671
2026/08/25 23:14:55.653, 160.83, 100, 6671
2026/08/25 23:14:56.654, 160.47, 100, 6671
2026/08/25 23:14:57.654, 159.88, 98, 6671
2026/08/25 23:14:58.654, 160.56, 100, 6671
2026/08/25 23:14:59.654, 160.04, 100, 6671
2026/08/25 23:15:00.654, 159.72, 98, 6671
2026/08/25 23:15:01.654, 160.66, 100, 6671
2026/08/25 23:15:02.655, 159.93, 100, 6671
2026/08/25 23:15:03.655, 158.29, 88, 6671
2026/08/25 23:15:04.655, 161.20, 100, 6671
2026/08/25 23:15:05.655, 163.39, 100, 6671
2026/08/25 23:15:06.655, 163.45, 99, 6671
2026/08/25 23:15:07.655, 163.57, 100, 6671
2026/08/25 23:15:08.656, 163.49, 100, 6671
2026/08/25 23:15:09.656, 163.48, 100, 6671
2026/08/25 23:15:10.656, 163.57, 100, 6671
2026/08/25 23:15:11.656, 163.64, 100, 6671
2026/08/25 23:15:12.656, 163.52, 100, 6671
2026/08/25 23:15:13.656, 163.71, 100, 6671
2026/08/25 23:15:14.656, 163.72, 100, 6671
2026/08/25 23:15:15.657, 163.57, 100, 6671
2026/08/25 23:15:16.657, 163.71, 100, 6671
2026/08/25 23:15:17.657, 163.45, 100, 6671
2026/08/25 23:15:18.657, 163.54, 100, 6671
2026/08/25 23:15:19.657, 163.53, 100, 6671
2026/08/25 23:15:20.658, 163.54, 100, 6671
2026/08/25 23:15:21.658, 163.33, 100, 6671
2026/08/25 23:15:22.658, 163.53, 100, 6671
2026/08/25 23:15:23.658, 163.63, 100, 6671
2026/08/25 23:15:24.659, 163.60, 100, 6671
2026/08/25 23:15:25.659, 163.32, 100, 6671
2026/08/25 23:15:26.659, 163.59, 99, 6671
2026/08/25 23:15:27.659, 163.62, 100, 6671
2026/08/25 23:15:28.659, 163.61, 100, 6671
2026/08/25 23:15:29.659, 163.62, 100, 6671
2026/08/25 23:15:30.660, 163.59, 100, 6671
2026/08/25 23:15:31.660, 163.60, 100, 6671
2026/08/25 23:15:32.660, 163.65, 100, 6671
2026/08/25 23:15:33.660, 163.67, 100, 6671
2026/08/25 23:15:34.660, 163.57, 100, 6671
2026/08/25 23:15:35.660, 163.72, 100, 6671
2026/08/25 23:15:36.661, 163.76, 100, 6671
2026/08/25 23:15:37.661, 163.71, 100, 6671
2026/08/25 23:15:38.661, 163.55, 99, 6671
2026/08/25 23:15:39.661, 163.64, 100, 6671
2026/08/25 23:15:40.661, 163.57, 100, 6671
2026/08/25 23:15:41.661, 163.79, 100, 6671
2026/08/25 23:15:42.662, 163.61, 100, 6671
2026/08/25 23:15:43.662, 163.59, 100, 6671
2026/08/25 23:15:44.662, 163.57, 100, 6671
2026/08/25 23:15:45.662, 163.58, 100, 6671
2026/08/25 23:15:46.662, 163.68, 100, 6671
2026/08/25 23:15:47.662, 163.48, 100, 6671
2026/08/25 23:15:48.662, 163.58, 100, 6671
2026/08/25 23:15:49.663, 163.66, 100, 6671
2026/08/25 23:15:50.663, 163.60, 100, 6671
2026/08/25 23:15:51.663, 163.68, 100, 6671
2026/08/25 23:15:52.663, 163.54, 100, 6671
2026/08/25 23:15:53.663, 163.55, 100, 6671
2026/08/25 23:15:54.663, 163.66, 100, 6671
2026/08/25 23:15:55.664, 163.62, 100, 6671
2026/08/25 23:15:56.664, 163.61, 100, 6671
2026/08/25 23:15:57.664, 163.72, 100, 6671
2026/08/25 23:15:58.664, 163.70, 100, 6671
2026/08/25 23:15:59.664, 163.51, 100, 6671
2026/08/25 23:16:00.664, 163.40, 100, 6671
2026/08/25 23:16:01.665, 163.52, 100, 6671
2026/08/25 23:16:02.665, 163.38, 100, 6671
2026/08/25 23:16:03.665, 163.61, 100, 6671
2026/08/25 23:16:04.665, 163.40, 100, 6671
2026/08/25 23:16:05.665, 163.18, 99, 6671
2026/08/25 23:16:06.665, 163.27, 100, 6671
2026/08/25 23:16:07.666, 163.56, 100, 6671
2026/08/25 23:16:08.666, 163.76, 100, 6671
2026/08/25 23:16:09.666, 163.54, 100, 6671
2026/08/25 23:16:10.666, 163.47, 100, 6671
2026/08/25 23:16:11.666, 163.52, 100, 6671
2026/08/25 23:16:12.666, 163.51, 100, 6671
2026/08/25 23:16:13.667, 163.23, 99, 6671
2026/08/25 23:16:14.667, 163.37, 100, 6671
2026/08/25 23:16:15.667, 163.41, 100, 6671
2026/08/25 23:16:16.667, 163.69, 100, 6671
2026/08/25 23:16:17.667, 163.71, 100, 6671
2026/08/25 23:16:18.667, 163.36, 100, 6671
2026/08/25 23:16:19.668, 163.59, 100, 6671
2026/08/25 23:16:20.668, 163.69, 100, 6671
2026/08/25 23:16:21.668, 163.48, 100, 6671
2026/08/25 23:16:22.668, 163.40, 100, 6671
2026/08/25 23:16:23.668, 163.67, 100, 6671
2026/08/25 23:16:24.668, 163.67, 100, 6671
2026/08/25 23:16:25.668, 163.56, 99, 6671
2026/08/25 23:16:26.669, 163.63, 100, 6671
2026/08/25 23:16:27.669, 163.52, 100, 6671
2026/08/25 23:16:28.669, 163.69, 99, 6671
2026/08/25 23:16:29.669, 163.62, 100, 6671
2026/08/25 23:16:30.669, 163.62, 100, 6671
2026/08/25 23:16:31.669, 163.57, 100, 6671
2026/08/25 23:16:32.670, 163.62, 100, 6671
2026/08/25 23:16:33.670, 163.57, 100, 6671
2026/08/25 23:16:34.670, 163.58, 99, 6671
2026/08/25 23:16:35.670, 163.51, 100, 6671
2026/08/25 23:16:36.670, 163.59, 100, 6671
2026/08/25 23:16:37.670, 163.66, 100, 6671
2026/08/25 23:16:38.671, 163.76, 100, 6671
2026/08/25 23:16:39.671, 163.73, 100, 6671
2026/08/25 23:16:40.671, 155.61, 100, 6671
2026/08/25 23:16:41.671, 159.87, 98, 6671
2026/08/25 23:16:42.671, 160.77, 100, 6671
2026/08/25 23:16:43.671, 160.42, 100, 6671
2026/08/25 23:16:44.672, 159.91, 98, 6671
2026/08/25 23:16:45.672, 161.31, 100, 6671
2026/08/25 23:16:46.672, 160.52, 100, 6671
2026/08/25 23:16:47.672, 160.17, 98, 6671
2026/08/25 23:16:48.672, 160.68, 100, 6671
2026/08/25 23:16:49.672, 160.38, 100, 6671
2026/08/25 23:16:50.672, 159.63, 98, 6671
2026/08/25 23:16:51.673, 160.67, 100, 6671
2026/08/25 23:16:52.673, 160.48, 100, 6671
2026/08/25 23:16:53.673, 159.85, 98, 6671
2026/08/25 23:16:54.673, 160.56, 100, 6671
2026/08/25 23:16:55.673, 160.64, 100, 6671
2026/08/25 23:16:56.673, 159.73, 98, 6671
2026/08/25 23:16:57.674, 160.63, 100, 6671
2026/08/25 23:16:58.674, 161.24, 100, 6671
2026/08/25 23:16:59.674, 159.78, 98, 6671
2026/08/25 23:17:00.674, 161.29, 100, 6671
2026/08/25 23:17:01.674, 161.28, 100, 6671
2026/08/25 23:17:02.674, 159.31, 98, 6671
2026/08/25 23:17:03.675, 160.38, 100, 6671
2026/08/25 23:17:04.675, 161.27, 100, 6671
2026/08/25 23:17:05.675, 159.73, 98, 6671
2026/08/25 23:17:06.675, 160.93, 100, 6671
2026/08/25 23:17:07.675, 161.41, 100, 6671
2026/08/25 23:17:08.675, 159.94, 100, 6671
2026/08/25 23:17:09.676, 160.60, 100, 6671
2026/08/25 23:17:10.676, 161.46, 100, 6671
2026/08/25 23:17:11.676, 160.14, 100, 6671
2026/08/25 23:17:12.676, 160.19, 100, 6671
2026/08/25 23:17:13.676, 161.21, 100, 6671
2026/08/25 23:17:14.676, 160.50, 100, 6671
2026/08/25 23:17:15.677, 160.43, 100, 6671
2026/08/25 23:17:16.677, 161.48, 100, 6671
2026/08/25 23:17:17.677, 160.03, 100, 6671
2026/08/25 23:17:18.677, 160.01, 100, 6671
2026/08/25 23:17:19.677, 161.10, 100, 6671
2026/08/25 23:17:20.677, 160.56, 100, 6671
2026/08/25 23:17:21.678, 159.87, 100, 6671
2026/08/25 23:17:22.678, 160.79, 100, 6671
2026/08/25 23:17:23.678, 159.98, 100, 6671
2026/08/25 23:17:24.678, 159.87, 98, 6671
2026/08/25 23:17:25.679, 160.79, 100, 6671
2026/08/25 23:17:26.679, 160.43, 100, 6671
2026/08/25 23:17:27.679, 160.02, 98, 6671
2026/08/25 23:17:28.679, 160.70, 100, 6671
2026/08/25 23:17:29.679, 160.62, 100, 6671
2026/08/25 23:17:30.679, 159.57, 98, 6671
2026/08/25 23:17:31.680, 160.44, 100, 6671
2026/08/25 23:17:32.680, 160.14, 100, 6671
2026/08/25 23:17:33.680, 159.93, 98, 6671
2026/08/25 23:17:34.680, 160.52, 100, 6671
2026/08/25 23:17:35.680, 160.34, 100, 6671
2026/08/25 23:17:36.680, 159.68, 98, 6671
2026/08/25 23:17:37.680, 160.46, 100, 6671
2026/08/25 23:17:38.681, 160.99, 100, 6671
2026/08/25 23:17:39.681, 159.77, 98, 6671
2026/08/25 23:17:40.681, 160.63, 100, 6671
2026/08/25 23:17:41.681, 160.41, 100, 6671
2026/08/25 23:17:42.681, 159.34, 98, 6671
2026/08/25 23:17:43.681, 159.95, 100, 6671
2026/08/25 23:17:44.682, 160.71, 100, 6671
2026/08/25 23:17:45.682, 159.62, 98, 6671
2026/08/25 23:17:46.682, 160.55, 100, 6671
2026/08/25 23:17:47.682, 160.84, 100, 6671
2026/08/25 23:17:48.682, 159.62, 98, 6671
2026/08/25 23:17:49.682, 161.14, 100, 6671
2026/08/25 23:17:50.683, 161.01, 100, 6671
2026/08/25 23:17:51.683, 159.98, 99, 6671
2026/08/25 23:17:52.683, 160.43, 100, 6671
2026/08/25 23:17:53.683, 161.46, 100, 6671
2026/08/25 23:17:54.683, 159.95, 100, 6671
2026/08/25 23:17:55.683, 160.26, 100, 6671
2026/08/25 23:17:56.684, 160.73, 100, 6671
2026/08/25 23:17:57.684, 160.12, 100, 6671
2026/08/25 23:17:58.684, 160.33, 100, 6671
2026/08/25 23:17:59.684, 161.23, 100, 6671
2026/08/25 23:18:00.684, 160.46, 100, 6671
2026/08/25 23:18:01.684, 160.33, 100, 6671
2026/08/25 23:18:02.684, 161.12, 100, 6671
2026/08/25 23:18:03.685, 160.30, 100, 6671
2026/08/25 23:18:04.685, 159.85, 99, 6671
2026/08/25 23:18:05.685, 160.73, 100, 6671
2026/08/25 23:18:06.685, 160.22, 100, 6671
2026/08/25 23:18:07.685, 159.78, 98, 6671
2026/08/25 23:18:08.685, 160.80, 100, 6671
2026/08/25 23:18:09.686, 160.17, 100, 6671
2026/08/25 23:18:10.686, 159.96, 98, 6671
2026/08/25 23:18:11.686, 160.96, 100, 6671
2026/08/25 23:18:12.686, 160.68, 100, 6671
2026/08/25 23:18:13.686, 160.04, 98, 6671
2026/08/25 23:18:14.686, 160.72, 100, 6671
2026/08/25 23:18:15.687, 160.66, 100, 6671
2026/08/25 23:18:16.687, 159.97, 98, 6671
2026/08/25 23:18:17.687, 160.60, 100, 6671
2026/08/25 23:18:18.687, 160.17, 100, 6671
2026/08/25 23:18:19.687, 159.66, 98, 6671
2026/08/25 23:18:20.687, 161.24, 100, 6671
2026/08/25 23:18:21.688, 160.88, 100, 6671
2026/08/25 23:18:22.688, 159.76, 98, 6671
2026/08/25 23:18:23.688, 160.50, 100, 6671
2026/08/25 23:18:24.688, 160.65, 100, 6671
2026/08/25 23:18:25.688, 159.63, 98, 6671
2026/08/25 23:18:26.688, 160.51, 100, 6671
2026/08/25 23:18:27.689, 160.47, 100, 6671
2026/08/25 23:18:28.689, 159.71, 98, 6671
2026/08/25 23:18:29.689, 160.52, 100, 6671
2026/08/25 23:18:30.689, 160.77, 100, 6671
2026/08/25 23:18:31.689, 159.50, 98, 6671
2026/08/25 23:18:32.689, 160.34, 100, 6671
2026/08/25 23:18:33.689, 160.91, 100, 6671
2026/08/25 23:18:34.690, 159.57, 98, 6671
2026/08/25 23:18:35.690, 160.43, 100, 6671
2026/08/25 23:18:36.690, 161.05, 100, 6671
2026/08/25 23:18:37.690, 159.47, 98, 6671
2026/08/25 23:18:38.690, 160.31, 100, 6671
2026/08/25 23:18:39.690, 160.72, 100, 6671
2026/08/25 23:18:40.691, 160.12, 99, 6671
2026/08/25 23:18:41.691, 160.16, 100, 6671
2026/08/25 23:18:42.691, 160.89, 100, 6671
2026/08/25 23:18:43.691, 160.32, 100, 6671
2026/08/25 23:18:44.691, 160.09, 100, 6671
2026/08/25 23:18:45.691, 160.74, 100, 6671
2026/08/25 23:18:46.692, 159.91, 100, 6671
2026/08/25 23:18:47.692, 160.19, 100, 6671
2026/08/25 23:18:48.692, 161.19, 100, 6671
2026/08/25 23:18:49.692, 159.82, 100, 6671
2026/08/25 23:18:50.692, 160.32, 100, 6671
2026/08/25 23:18:51.692, 161.51, 100, 6671
2026/08/25 23:18:52.693, 160.33, 100, 6671
2026/08/25 23:18:53.693, 160.11, 100, 6671
2026/08/25 23:18:54.693, 161.18, 100, 6671
2026/08/25 23:18:55.693, 160.38, 100, 6671
2026/08/25 23:18:56.693, 160.13, 99, 6671
2026/08/25 23:18:57.693, 160.81, 100, 6671
2026/08/25 23:18:58.693, 160.51, 100, 6671
2026/08/25 23:18:59.694, 159.95, 98, 6671
2026/08/25 23:19:00.694, 160.72, 100, 6671
2026/08/25 23:19:01.694, 160.50, 100, 6671
2026/08/25 23:19:02.694, 160.01, 98, 6671
2026/08/25 23:19:03.694, 160.79, 100, 6671
2026/08/25 23:19:04.694, 160.20, 100, 6671
2026/08/25 23:19:05.695, 159.62, 98, 6671
2026/08/25 23:19:06.695, 160.80, 100, 6671
2026/08/25 23:19:07.695, 160.52, 100, 6671
2026/08/25 23:19:08.695, 159.90, 98, 6671
2026/08/25 23:19:09.695, 160.65, 100, 6671
2026/08/25 23:19:10.695, 160.93, 100, 6671
2026/08/25 23:19:11.696, 159.48, 98, 6671
2026/08/25 23:19:12.696, 160.22, 100, 6671
2026/08/25 23:19:13.696, 159.98, 100, 6671
2026/08/25 23:19:14.696, 159.53, 98, 6671
2026/08/25 23:19:15.696, 160.35, 100, 6671
2026/08/25 23:19:16.696, 160.39, 100, 6671
2026/08/25 23:19:17.697, 159.53, 98, 6671
2026/08/25 23:19:18.697, 160.25, 100, 6671
2026/08/25 23:19:19.697, 160.91, 100, 6671
2026/08/25 23:19:20.697, 159.10, 98, 6671
2026/08/25 23:19:21.697, 160.30, 100, 6671
2026/08/25 23:19:22.697, 160.49, 100, 6671
2026/08/25 23:19:23.698, 159.06, 98, 6671
2026/08/25 23:19:24.698, 160.15, 100, 6671
2026/08/25 23:19:25.698, 160.63, 100, 6671
2026/08/25 23:19:26.698, 160.05, 99, 6671
2026/08/25 23:19:27.698, 160.44, 100, 6671
2026/08/25 23:19:28.698, 161.23, 100, 6671
2026/08/25 23:19:29.698, 159.88, 100, 6671
2026/08/25 23:19:30.699, 160.51, 100, 6671
2026/08/25 23:19:31.699, 161.36, 100, 6671
2026/08/25 23:19:32.699, 160.33, 100, 6671
2026/08/25 23:19:33.699, 159.84, 100, 6671
2026/08/25 23:19:34.699, 160.68, 100, 6671
2026/08/25 23:19:35.699, 160.00, 100, 6671
2026/08/25 23:19:36.700, 160.19, 100, 6671
2026/08/25 23:19:37.700, 161.54, 100, 6671
2026/08/25 23:19:38.700, 160.13, 100, 6671
2026/08/25 23:19:39.700, 159.93, 100, 6671
2026/08/25 23:19:40.700, 161.24, 100, 6671
2026/08/25 23:19:41.700, 160.26, 100, 6671
2026/08/25 23:19:42.701, 160.30, 98, 6671
2026/08/25 23:19:43.701, 161.00, 100, 6671
2026/08/25 23:19:44.701, 160.45, 100, 6671
2026/08/25 23:19:45.701, 160.06, 98, 6671
2026/08/25 23:19:46.701, 161.12, 100, 6671
2026/08/25 23:19:47.701, 160.73, 100, 6671
2026/08/25 23:19:48.702, 160.02, 98, 6671
2026/08/25 23:19:49.702, 160.77, 100, 6671
2026/08/25 23:19:50.702, 160.49, 100, 6671
2026/08/25 23:19:51.702, 160.18, 98, 6671
2026/08/25 23:19:52.702, 160.85, 100, 6671
2026/08/25 23:19:53.702, 160.81, 100, 6671
2026/08/25 23:19:54.702, 159.76, 98, 6671
2026/08/25 23:19:55.703, 160.70, 100, 6671
2026/08/25 23:19:56.703, 160.41, 100, 6671
2026/08/25 23:19:57.703, 160.58, 99, 6671
2026/08/25 23:19:58.703, 163.39, 100, 6671
2026/08/25 23:19:59.703, 163.32, 100, 6671
2026/08/25 23:20:00.703, 163.33, 100, 6671
2026/08/25 23:20:01.704, 163.27, 100, 6671
2026/08/25 23:20:02.704, 163.43, 100, 6671
2026/08/25 23:20:03.704, 163.39, 100, 6671
2026/08/25 23:20:04.704, 163.40, 100, 6671
2026/08/25 23:20:05.704, 163.27, 100, 6671
2026/08/25 23:20:06.704, 163.59, 100, 6671
2026/08/25 23:20:07.704, 163.49, 100, 6671
2026/08/25 23:20:08.705, 163.39, 100, 6671
2026/08/25 23:20:09.705, 163.40, 99, 6671
2026/08/25 23:20:10.705, 163.28, 100, 6671
2026/08/25 23:20:11.705, 163.51, 100, 6671
2026/08/25 23:20:12.705, 163.55, 99, 6671
2026/08/25 23:20:13.705, 163.54, 100, 6671
2026/08/25 23:20:14.706, 163.50, 100, 6671
2026/08/25 23:20:15.706, 163.83, 99, 6671
2026/08/25 23:20:16.706, 163.68, 100, 6671
2026/08/25 23:20:17.706, 163.43, 100, 6671
2026/08/25 23:20:18.706, 163.59, 99, 6671
2026/08/25 23:20:19.706, 163.46, 100, 6671
2026/08/25 23:20:20.706, 163.50, 100, 6671
2026/08/25 23:20:21.707, 163.35, 100, 6671
2026/08/25 23:20:22.707, 163.34, 100, 6671
2026/08/25 23:20:23.707, 163.39, 100, 6671
2026/08/25 23:20:24.707, 163.46, 100, 6671
2026/08/25 23:20:25.707, 163.52, 100, 6671
2026/08/25 23:20:26.707, 163.61, 100, 6671
2026/08/25 23:20:27.708, 163.35, 100, 6671
2026/08/25 23:20:28.708, 163.72, 100, 6671
2026/08/25 23:20:29.708, 163.58, 100, 6671
2026/08/25 23:20:30.708, 163.41, 100, 6671
2026/08/25 23:20:31.708, 163.50, 100, 6671
2026/08/25 23:20:32.708, 163.36, 99, 6671
2026/08/25 23:20:33.709, 163.49, 100, 6671
2026/08/25 23:20:34.709, 163.59, 100, 6671
2026/08/25 23:20:35.709, 163.49, 100, 6671
2026/08/25 23:20:36.709, 163.46, 100, 6671
2026/08/25 23:20:37.709, 163.54, 100, 6671
2026/08/25 23:20:38.709, 163.76, 100, 6671
2026/08/25 23:20:39.709, 163.62, 100, 6671
2026/08/25 23:20:40.710, 163.37, 100, 6671
2026/08/25 23:20:41.710, 163.63, 99, 6671
2026/08/25 23:20:42.710, 163.70, 100, 6671
2026/08/25 23:20:43.710, 163.69, 100, 6671
2026/08/25 23:20:44.710, 163.50, 100, 6671
2026/08/25 23:20:45.710, 163.41, 100, 6671
2026/08/25 23:20:46.711, 163.47, 100, 6671
2026/08/25 23:20:47.711, 163.57, 99, 6671
2026/08/25 23:20:48.711, 163.65, 100, 6671
2026/08/25 23:20:49.711, 163.57, 100, 6671
2026/08/25 23:20:50.711, 163.74, 100, 6671
2026/08/25 23:20:51.711, 163.76, 100, 6671
2026/08/25 23:20:52.712, 163.65, 100, 6671
2026/08/25 23:20:53.712, 163.47, 99, 6671
2026/08/25 23:20:54.712, 163.72, 100, 6671
2026/08/25 23:20:55.712, 163.54, 100, 6671
2026/08/25 23:20:56.712, 163.75, 100, 6671
2026/08/25 23:20:57.713, 163.66, 100, 6671
2026/08/25 23:20:58.713, 163.53, 100, 6671
2026/08/25 23:20:59.713, 163.61, 99, 6671
2026/08/25 23:21:00.713, 163.76, 100, 6671
2026/08/25 23:21:01.713, 163.57, 100, 6671
2026/08/25 23:21:02.713, 163.28, 100, 6671
2026/08/25 23:21:03.714, 163.64, 100, 6671
2026/08/25 23:21:04.714, 163.63, 100, 6671
2026/08/25 23:21:05.714, 163.40, 99, 6671
2026/08/25 23:21:06.714, 163.56, 100, 6671
2026/08/25 23:21:07.714, 163.51, 100, 6671
2026/08/25 23:21:08.714, 163.79, 100, 6671
2026/08/25 23:21:09.715, 163.62, 100, 6671
2026/08/25 23:21:10.715, 163.53, 100, 6671
2026/08/25 23:21:11.715, 163.47, 100, 6671
2026/08/25 23:21:12.715, 163.74, 100, 6671
2026/08/25 23:21:13.715, 163.82, 99, 6671
2026/08/25 23:21:14.715, 163.61, 100, 6671
2026/08/25 23:21:15.715, 163.55, 100, 6671
2026/08/25 23:21:16.716, 163.80, 100, 6671
2026/08/25 23:21:17.716, 163.78, 100, 6671
2026/08/25 23:21:18.716, 163.71, 100, 6671
2026/08/25 23:21:19.716, 163.62, 100, 6671
2026/08/25 23:21:20.716, 163.39, 100, 6671
2026/08/25 23:21:21.716, 163.70, 100, 6671
2026/08/25 23:21:22.717, 163.66, 100, 6671
2026/08/25 23:21:23.717, 163.70, 100, 6671
2026/08/25 23:21:24.717, 163.42, 100, 6671
2026/08/25 23:21:25.717, 163.46, 100, 6671
2026/08/25 23:21:26.717, 163.86, 100, 6671
2026/08/25 23:21:27.717, 163.63, 100, 6671
2026/08/25 23:21:28.718, 163.60, 99, 6671
2026/08/25 23:21:29.718, 163.59, 100, 6671
2026/08/25 23:21:30.718, 163.64, 100, 6671
2026/08/25 23:21:31.718, 163.41, 100, 6671
2026/08/25 23:21:32.718, 163.50, 100, 6671
2026/08/25 23:21:33.718, 155.71, 100, 6671
2026/08/25 23:21:34.719, 160.90, 100, 6671
2026/08/25 23:21:35.719, 159.89, 98, 6671
2026/08/25 23:21:36.719, 160.68, 100, 6671
2026/08/25 23:21:37.719, 160.98, 100, 6671
2026/08/25 23:21:38.719, 159.75, 98, 6671
2026/08/25 23:21:39.719, 160.74, 100, 6671
2026/08/25 23:21:40.720, 161.23, 100, 6671
2026/08/25 23:21:41.720, 159.57, 98, 6671
2026/08/25 23:21:42.720, 160.58, 100, 6671
2026/08/25 23:21:43.720, 160.69, 100, 6671
2026/08/25 23:21:44.720, 159.39, 98, 6671
2026/08/25 23:21:45.720, 160.17, 100, 6671
2026/08/25 23:21:46.721, 160.94, 100, 6671
2026/08/25 23:21:47.721, 160.09, 98, 6671
2026/08/25 23:21:48.721, 160.99, 100, 6671
2026/08/25 23:21:49.721, 161.48, 100, 6671
2026/08/25 23:21:50.721, 160.07, 100, 6671
2026/08/25 23:21:51.721, 160.57, 100, 6671
2026/08/25 23:21:52.721, 160.98, 100, 6671
2026/08/25 23:21:53.722, 160.43, 100, 6671
2026/08/25 23:21:54.722, 160.31, 100, 6671
2026/08/25 23:21:55.722, 161.58, 100, 6671
2026/08/25 23:21:56.722, 160.21, 100, 6671
2026/08/25 23:21:57.722, 160.43, 100, 6671
2026/08/25 23:21:58.723, 161.48, 100, 6671
2026/08/25 23:21:59.723, 160.13, 100, 6671
2026/08/25 23:22:00.723, 159.96, 100, 6671
2026/08/25 23:22:01.723, 161.20, 100, 6671
2026/08/25 23:22:02.723, 160.53, 100, 6671
2026/08/25 23:22:03.723, 160.25, 98, 6671
2026/08/25 23:22:04.724, 160.95, 100, 6671
2026/08/25 23:22:05.724, 160.67, 100, 6671
2026/08/25 23:22:06.724, 160.25, 98, 6671
2026/08/25 23:22:07.724, 160.88, 100, 6671
2026/08/25 23:22:08.724, 160.74, 100, 6671
2026/08/25 23:22:09.724, 160.53, 98, 6671
2026/08/25 23:22:10.725, 161.15, 100, 6671
2026/08/25 23:22:11.725, 159.43, 100, 6671
2026/08/25 23:22:12.725, 160.38, 98, 6671
2026/08/25 23:22:13.725, 161.14, 100, 6671
2026/08/25 23:22:14.725, 159.44, 100, 6671
2026/08/25 23:22:15.725, 160.31, 98, 6671
2026/08/25 23:22:16.726, 161.03, 100, 6671
2026/08/25 23:22:17.726, 159.96, 100, 6671
2026/08/25 23:22:18.726, 160.59, 98, 6671
2026/08/25 23:22:19.726, 160.71, 100, 6671
2026/08/25 23:22:20.726, 160.13, 100, 6671
2026/08/25 23:22:21.726, 160.30, 98, 6671
2026/08/25 23:22:22.726, 161.00, 100, 6671
2026/08/25 23:22:23.727, 160.47, 100, 6671
2026/08/25 23:22:24.727, 160.23, 100, 6671
2026/08/25 23:22:25.727, 161.07, 100, 6671
2026/08/25 23:22:26.727, 160.09, 100, 6671
2026/08/25 23:22:27.727, 160.25, 100, 6671
2026/08/25 23:22:28.727, 160.88, 100, 6671
2026/08/25 23:22:29.728, 160.51, 100, 6671
2026/08/25 23:22:30.728, 160.09, 100, 6671
2026/08/25 23:22:31.728, 161.04, 100, 6671
2026/08/25 23:22:32.728, 160.55, 100, 6671
2026/08/25 23:22:33.728, 159.92, 98, 6671
2026/08/25 23:22:34.728, 160.84, 100, 6671
2026/08/25 23:22:35.729, 160.58, 100, 6671
2026/08/25 23:22:36.729, 159.99, 98, 6671
2026/08/25 23:22:37.729, 160.88, 100, 6671
2026/08/25 23:22:38.729, 160.48, 100, 6671
2026/08/25 23:22:39.729, 160.08, 98, 6671
2026/08/25 23:22:40.729, 160.63, 100, 6671
2026/08/25 23:22:41.730, 160.46, 100, 6671
2026/08/25 23:22:42.730, 159.95, 98, 6671
2026/08/25 23:22:43.730, 160.79, 100, 6671
2026/08/25 23:22:44.730, 160.77, 100, 6671
2026/08/25 23:22:45.730, 159.58, 98, 6671
2026/08/25 23:22:46.730, 160.53, 100, 6671
2026/08/25 23:22:47.731, 160.25, 100, 6671
2026/08/25 23:22:48.731, 159.81, 98, 6671
2026/08/25 23:22:49.731, 160.69, 100, 6671
2026/08/25 23:22:50.731, 160.83, 100, 6671
2026/08/25 23:22:51.731, 159.65, 98, 6671
2026/08/25 23:22:52.731, 160.45, 100, 6671
2026/08/25 23:22:53.732, 160.69, 100, 6671
2026/08/25 23:22:54.732, 159.37, 98, 6671
2026/08/25 23:22:55.732, 160.33, 100, 6671
2026/08/25 23:22:56.732, 160.71, 100, 6671
2026/08/25 23:22:57.732, 159.32, 98, 6671
2026/08/25 23:22:58.732, 160.17, 100, 6671
2026/08/25 23:22:59.733, 160.82, 100, 6671
2026/08/25 23:23:00.733, 158.93, 98, 6671
2026/08/25 23:23:01.733, 160.09, 100, 6671
2026/08/25 23:23:02.733, 161.09, 100, 6671
2026/08/25 23:23:03.733, 159.68, 99, 6671
2026/08/25 23:23:04.733, 160.16, 100, 6671
2026/08/25 23:23:05.734, 160.68, 100, 6671
2026/08/25 23:23:06.734, 159.91, 100, 6671
2026/08/25 23:23:07.734, 160.15, 100, 6671
2026/08/25 23:23:08.734, 160.89, 100, 6671
2026/08/25 23:23:09.734, 159.81, 100, 6671
2026/08/25 23:23:10.734, 160.02, 100, 6671
2026/08/25 23:23:11.735, 160.99, 100, 6671
2026/08/25 23:23:12.735, 160.14, 100, 6671
2026/08/25 23:23:13.735, 159.68, 100, 6671
2026/08/25 23:23:14.735, 160.66, 100, 6671
2026/08/25 23:23:15.735, 159.77, 100, 6671
2026/08/25 23:23:16.735, 159.78, 100, 6671
2026/08/25 23:23:17.735, 161.11, 100, 6671
2026/08/25 23:23:18.736, 159.85, 100, 6671
2026/08/25 23:23:19.736, 159.60, 98, 6671
2026/08/25 23:23:20.736, 160.40, 100, 6671
2026/08/25 23:23:21.736, 159.91, 100, 6671
2026/08/25 23:23:22.736, 159.75, 98, 6671
2026/08/25 23:23:23.737, 160.54, 100, 6671
2026/08/25 23:23:24.737, 160.07, 100, 6671
2026/08/25 23:23:25.737, 159.63, 98, 6671
2026/08/25 23:23:26.737, 160.42, 100, 6671
2026/08/25 23:23:27.737, 159.81, 100, 6671
2026/08/25 23:23:28.737, 159.75, 98, 6671
2026/08/25 23:23:29.738, 160.99, 100, 6671
2026/08/25 23:23:30.738, 160.09, 100, 6671
2026/08/25 23:23:31.738, 159.39, 98, 6671
2026/08/25 23:23:32.738, 161.03, 100, 6671
2026/08/25 23:23:33.738, 160.55, 100, 6671
2026/08/25 23:23:34.738, 159.42, 98, 6671
2026/08/25 23:23:35.739, 160.15, 100, 6671
2026/08/25 23:23:36.739, 160.51, 100, 6671
2026/08/25 23:23:37.739, 159.34, 98, 6671
2026/08/25 23:23:38.739, 160.11, 100, 6671
2026/08/25 23:23:39.739, 160.15, 100, 6671
2026/08/25 23:23:40.739, 159.13, 98, 6671
2026/08/25 23:23:41.740, 160.04, 100, 6671
2026/08/25 23:23:42.740, 160.37, 100, 6671
2026/08/25 23:23:43.740, 159.21, 98, 6671
2026/08/25 23:23:44.740, 160.72, 100, 6671
2026/08/25 23:23:45.740, 160.69, 100, 6671
2026/08/25 23:23:46.740, 159.37, 98, 6671
2026/08/25 23:23:47.741, 159.87, 100, 6671
2026/08/25 23:23:48.741, 160.52, 100, 6671
2026/08/25 23:23:49.741, 159.59, 100, 6671
2026/08/25 23:23:50.741, 159.83, 100, 6671
2026/08/25 23:23:51.741, 160.43, 100, 6671
2026/08/25 23:23:52.741, 159.90, 100, 6671
2026/08/25 23:23:53.741, 160.06, 100, 6671
2026/08/25 23:23:54.742, 160.65, 100, 6671
2026/08/25 23:23:55.742, 159.96, 100, 6671
2026/08/25 23:23:56.742, 160.02, 100, 6671
2026/08/25 23:23:57.742, 161.11, 100, 6671
2026/08/25 23:23:58.742, 160.10, 100, 6671
2026/08/25 23:23:59.742, 159.78, 100, 6671
2026/08/25 23:24:00.743, 160.83, 100, 6671
2026/08/25 23:24:01.743, 160.16, 100, 6671
2026/08/25 23:24:02.743, 159.86, 98, 6671
2026/08/25 23:24:03.743, 160.59, 100, 6671
2026/08/25 23:24:04.743, 160.01, 100, 6671
2026/08/25 23:24:05.744, 159.55, 98, 6671
2026/08/25 23:24:06.744, 160.48, 100, 6671
2026/08/25 23:24:07.744, 159.82, 100, 6671
2026/08/25 23:24:08.744, 159.26, 98, 6671
2026/08/25 23:24:09.744, 160.84, 100, 6671
2026/08/25 23:24:10.744, 160.40, 100, 6671
2026/08/25 23:24:11.745, 159.41, 98, 6671
2026/08/25 23:24:12.745, 160.77, 100, 6671
2026/08/25 23:24:13.745, 160.50, 100, 6671
2026/08/25 23:24:14.745, 159.59, 98, 6671
2026/08/25 23:24:15.745, 160.12, 100, 6671
2026/08/25 23:24:16.745, 160.53, 100, 6671
2026/08/25 23:24:17.746, 159.28, 98, 6671
2026/08/25 23:24:18.746, 160.91, 100, 6671
2026/08/25 23:24:19.746, 160.68, 100, 6671
2026/08/25 23:24:20.746, 159.45, 98, 6671
2026/08/25 23:24:21.746, 160.17, 100, 6671
2026/08/25 23:24:22.746, 160.60, 100, 6671
2026/08/25 23:24:23.747, 159.17, 98, 6671
2026/08/25 23:24:24.747, 160.17, 100, 6671
2026/08/25 23:24:25.747, 160.61, 100, 6671
2026/08/25 23:24:26.747, 159.49, 98, 6671
2026/08/25 23:24:27.747, 160.36, 100, 6671
2026/08/25 23:24:28.747, 160.78, 100, 6671
2026/08/25 23:24:29.748, 159.60, 98, 6671
2026/08/25 23:24:30.748, 160.95, 100, 6671
2026/08/25 23:24:31.748, 160.85, 100, 6671
2026/08/25 23:24:32.748, 159.84, 100, 6671
2026/08/25 23:24:33.748, 160.05, 100, 6671
2026/08/25 23:24:34.748, 161.07, 100, 6671
2026/08/25 23:24:35.749, 159.79, 100, 6671
2026/08/25 23:24:36.749, 159.78, 100, 6671
2026/08/25 23:24:37.749, 160.66, 100, 6671
2026/08/25 23:24:38.749, 159.99, 100, 6671
2026/08/25 23:24:39.749, 160.07, 100, 6671
2026/08/25 23:24:40.749, 161.20, 100, 6671
2026/08/25 23:24:41.750, 159.83, 100, 6671
2026/08/25 23:24:42.750, 159.70, 100, 6671
2026/08/25 23:24:43.750, 160.79, 100, 6671
2026/08/25 23:24:44.750, 159.93, 100, 6671
2026/08/25 23:24:45.750, 160.16, 98, 6671
2026/08/25 23:24:46.750, 160.60, 100, 6671
2026/08/25 23:24:47.751, 160.00, 100, 6671
2026/08/25 23:24:48.751, 159.68, 98, 6671
2026/08/25 23:24:49.751, 160.43, 100, 6671
2026/08/25 23:24:50.751, 160.93, 100, 6671
2026/08/25 23:24:51.751, 164.62, 100, 6671
2026/08/25 23:24:52.751, 163.15, 99, 6671
2026/08/25 23:24:53.752, 163.30, 100, 6671
2026/08/25 23:24:54.752, 163.04, 100, 6671
2026/08/25 23:24:55.752, 163.25, 100, 6671
2026/08/25 23:24:56.752, 163.26, 100, 6671
2026/08/25 23:24:57.752, 163.34, 100, 6671
2026/08/25 23:24:58.752, 163.42, 99, 6671
2026/08/25 23:24:59.753, 163.35, 100, 6671
2026/08/25 23:25:00.753, 163.48, 100, 6671
2026/08/25 23:25:01.753, 163.34, 99, 6671
2026/08/25 23:25:02.753, 163.42, 100, 6671
2026/08/25 23:25:03.753, 163.28, 100, 6671
2026/08/25 23:25:04.753, 163.49, 99, 6671
2026/08/25 23:25:05.754, 163.51, 100, 6671
2026/08/25 23:25:06.754, 163.31, 100, 6671
2026/08/25 23:25:07.754, 163.18, 100, 6671
2026/08/25 23:25:08.754, 163.50, 100, 6671
2026/08/25 23:25:09.754, 163.57, 100, 6671
2026/08/25 23:25:10.754, 163.69, 99, 6671
2026/08/25 23:25:11.755, 163.55, 100, 6671
2026/08/25 23:25:12.755, 163.27, 99, 6671
2026/08/25 23:25:13.755, 163.49, 100, 6671
2026/08/25 23:25:14.755, 163.68, 100, 6671
2026/08/25 23:25:15.755, 163.50, 99, 6671
2026/08/25 23:25:16.755, 163.38, 100, 6671
2026/08/25 23:25:17.756, 163.50, 100, 6671
2026/08/25 23:25:18.756, 163.42, 99, 6671
2026/08/25 23:25:19.756, 163.53, 100, 6671
2026/08/25 23:25:20.756, 163.27, 100, 6671
2026/08/25 23:25:21.756, 163.42, 99, 6671
2026/08/25 23:25:22.756, 163.57, 100, 6671
2026/08/25 23:25:23.757, 163.50, 100, 6671
2026/08/25 23:25:24.757, 163.52, 99, 6671
2026/08/25 23:25:25.757, 163.44, 100, 6671
2026/08/25 23:25:26.757, 163.59, 100, 6671
2026/08/25 23:25:27.757, 163.61, 99, 6671
2026/08/25 23:25:28.757, 163.65, 100, 6671
2026/08/25 23:25:29.758, 163.42, 100, 6671
2026/08/25 23:25:30.758, 163.38, 100, 6671
2026/08/25 23:25:31.758, 163.64, 100, 6671
2026/08/25 23:25:32.758, 163.53, 100, 6671
2026/08/25 23:25:33.758, 163.41, 99, 6671
2026/08/25 23:25:34.758, 163.59, 100, 6671
2026/08/25 23:25:35.759, 163.59, 100, 6671
2026/08/25 23:25:36.759, 163.57, 99, 6671
2026/08/25 23:25:37.759, 163.43, 100, 6671
2026/08/25 23:25:38.759, 163.41, 100, 6671
2026/08/25 23:25:39.759, 163.62, 100, 6671
2026/08/25 23:25:40.759, 163.41, 100, 6671
2026/08/25 23:25:41.760, 163.62, 100, 6671
2026/08/25 23:25:42.760, 163.41, 100, 6671
2026/08/25 23:25:43.760, 163.34, 100, 6671
2026/08/25 23:25:44.760, 163.46, 99, 6671
2026/08/25 23:25:45.760, 163.38, 100, 6671
2026/08/25 23:25:46.760, 163.49, 100, 6671
2026/08/25 23:25:47.761, 163.37, 100, 6671
2026/08/25 23:25:48.761, 163.65, 100, 6671
2026/08/25 23:25:49.761, 163.82, 100, 6671
2026/08/25 23:25:50.761, 163.61, 100, 6671
2026/08/25 23:25:51.761, 163.82, 100, 6671
2026/08/25 23:25:52.761, 163.71, 100, 6671
2026/08/25 23:25:53.762, 163.64, 100, 6671
2026/08/25 23:25:54.762, 163.53, 100, 6671
2026/08/25 23:25:55.762, 163.46, 100, 6671
2026/08/25 23:25:56.762, 163.48, 100, 6671
2026/08/25 23:25:57.762, 163.73, 100, 6671
2026/08/25 23:25:58.763, 163.67, 100, 6671
2026/08/25 23:25:59.763, 163.61, 100, 6671
2026/08/25 23:26:00.763, 163.50, 100, 6671
2026/08/25 23:26:01.763, 163.57, 100, 6671
2026/08/25 23:26:02.763, 163.61, 100, 6671
2026/08/25 23:26:03.763, 163.74, 100, 6671
2026/08/25 23:26:04.764, 163.51, 100, 6671
2026/08/25 23:26:05.764, 163.62, 99, 6671
2026/08/25 23:26:06.764, 163.55, 100, 6671
2026/08/25 23:26:07.764, 163.60, 100, 6671
2026/08/25 23:26:08.764, 163.26, 99, 6671
2026/08/25 23:26:09.765, 163.46, 100, 6671
2026/08/25 23:26:10.765, 163.41, 100, 6671
2026/08/25 23:26:11.765, 163.59, 99, 6671
2026/08/25 23:26:12.765, 163.49, 100, 6671
2026/08/25 23:26:13.765, 163.38, 100, 6671
2026/08/25 23:26:14.765, 163.66, 100, 6671
2026/08/25 23:26:15.765, 163.47, 100, 6671
2026/08/25 23:26:16.766, 163.30, 99, 6671
2026/08/25 23:26:17.766, 163.46, 99, 6671
2026/08/25 23:26:18.766, 163.51, 100, 6671
2026/08/25 23:26:19.766, 163.79, 99, 6671
2026/08/25 23:26:20.766, 163.57, 100, 6671
2026/08/25 23:26:21.766, 163.61, 100, 6671
2026/08/25 23:26:22.767, 163.21, 99, 6671
2026/08/25 23:26:23.767, 163.30, 100, 6671
2026/08/25 23:26:24.767, 163.58, 100, 6671
2026/08/25 23:26:25.767, 163.36, 99, 6671
2026/08/25 23:26:26.767, 155.47, 98, 6671
2026/08/25 23:26:27.767, 160.39, 100, 6671
2026/08/25 23:26:28.768, 160.71, 100, 6671
2026/08/25 23:26:29.768, 159.64, 98, 6671
2026/08/25 23:26:30.776, 160.43, 100, 6671
2026/08/25 23:26:31.777, 160.25, 100, 6671
2026/08/25 23:26:32.777, 159.56, 98, 6671
2026/08/25 23:26:33.777, 160.97, 100, 6671
2026/08/25 23:26:34.777, 160.95, 100, 6671
2026/08/25 23:26:35.777, 159.16, 97, 6671
2026/08/25 23:26:36.778, 160.03, 100, 6671
2026/08/25 23:26:37.778, 160.50, 100, 6671
2026/08/25 23:26:38.778, 159.72, 98, 6671
2026/08/25 23:26:39.778, 160.53, 100, 6671
2026/08/25 23:26:40.778, 161.08, 100, 6671
2026/08/25 23:26:41.778, 159.67, 100, 6671
2026/08/25 23:26:42.779, 160.05, 100, 6671
2026/08/25 23:26:43.779, 160.83, 100, 6671
2026/08/25 23:26:44.779, 160.17, 100, 6671
2026/08/25 23:26:45.779, 160.17, 100, 6671
2026/08/25 23:26:46.779, 161.28, 100, 6671
2026/08/25 23:26:47.779, 160.18, 100, 6671
2026/08/25 23:26:48.780, 159.73, 100, 6671
2026/08/25 23:26:49.780, 161.33, 100, 6671
2026/08/25 23:26:50.780, 159.88, 100, 6671
2026/08/25 23:26:51.780, 159.84, 99, 6671
2026/08/25 23:26:52.780, 160.69, 100, 6671
2026/08/25 23:26:53.780, 160.36, 100, 6671
2026/08/25 23:26:54.781, 159.91, 98, 6671
2026/08/25 23:26:55.781, 160.43, 100, 6671
2026/08/25 23:26:56.781, 160.47, 100, 6671
2026/08/25 23:26:57.781, 159.78, 98, 6671
2026/08/25 23:26:58.781, 160.58, 100, 6671
2026/08/25 23:26:59.781, 160.18, 100, 6671
2026/08/25 23:27:00.782, 159.65, 98, 6671
2026/08/25 23:27:01.782, 160.62, 100, 6671
2026/08/25 23:27:02.782, 160.36, 100, 6671
2026/08/25 23:27:03.782, 159.77, 98, 6671
2026/08/25 23:27:04.782, 160.72, 100, 6671
2026/08/25 23:27:05.783, 160.74, 100, 6671
2026/08/25 23:27:06.783, 159.62, 98, 6671
2026/08/25 23:27:07.783, 160.40, 100, 6671
2026/08/25 23:27:08.783, 160.64, 100, 6671
2026/08/25 23:27:09.783, 159.31, 98, 6671
2026/08/25 23:27:10.783, 160.11, 100, 6671
2026/08/25 23:27:11.784, 160.99, 100, 6671
2026/08/25 23:27:12.784, 159.33, 98, 6671
2026/08/25 23:27:13.784, 160.11, 100, 6671
2026/08/25 23:27:14.784, 160.72, 100, 6671
2026/08/25 23:27:15.784, 159.23, 98, 6671
2026/08/25 23:27:16.784, 160.05, 100, 6671
2026/08/25 23:27:17.785, 160.51, 100, 6671
2026/08/25 23:27:18.785, 159.46, 98, 6671
2026/08/25 23:27:19.785, 159.91, 100, 6671
2026/08/25 23:27:20.785, 160.34, 100, 6671
2026/08/25 23:27:21.785, 159.67, 99, 6671
2026/08/25 23:27:22.785, 160.12, 100, 6671
2026/08/25 23:27:23.786, 160.60, 100, 6671
2026/08/25 23:27:24.786, 159.65, 100, 6671
2026/08/25 23:27:25.786, 159.90, 100, 6671
2026/08/25 23:27:26.786, 160.92, 100, 6671
2026/08/25 23:27:27.786, 159.61, 100, 6671
2026/08/25 23:27:28.786, 159.71, 100, 6671
2026/08/25 23:27:29.787, 161.08, 100, 6671
2026/08/25 23:27:30.787, 159.83, 100, 6671
2026/08/25 23:27:31.787, 159.64, 100, 6671
2026/08/25 23:27:32.787, 160.64, 100, 6671
2026/08/25 23:27:33.787, 159.68, 100, 6671
2026/08/25 23:27:34.787, 159.74, 98, 6671
2026/08/25 23:27:35.788, 160.91, 100, 6671
2026/08/25 23:27:36.788, 160.07, 100, 6671
2026/08/25 23:27:37.788, 159.27, 98, 6671
2026/08/25 23:27:38.788, 160.22, 100, 6671
2026/08/25 23:27:39.788, 159.81, 100, 6671
2026/08/25 23:27:40.788, 159.58, 98, 6671
2026/08/25 23:27:41.789, 160.79, 100, 6671
2026/08/25 23:27:42.789, 160.44, 100, 6671
2026/08/25 23:27:43.789, 159.35, 98, 6671
2026/08/25 23:27:44.789, 160.30, 100, 6671
2026/08/25 23:27:45.789, 159.96, 100, 6671
2026/08/25 23:27:46.790, 159.48, 98, 6671
2026/08/25 23:27:47.790, 160.37, 100, 6671
2026/08/25 23:27:48.790, 160.71, 100, 6671
2026/08/25 23:27:49.790, 159.31, 98, 6671
2026/08/25 23:27:50.790, 160.21, 100, 6671
2026/08/25 23:27:51.790, 160.05, 100, 6671
2026/08/25 23:27:52.791, 159.29, 98, 6671
2026/08/25 23:27:53.791, 160.25, 100, 6671
2026/08/25 23:27:54.791, 160.80, 100, 6671
2026/08/25 23:27:55.791, 159.38, 98, 6671
2026/08/25 23:27:56.791, 159.81, 100, 6671
2026/08/25 23:27:57.791, 160.71, 100, 6671
2026/08/25 23:27:58.792, 159.61, 98, 6671
2026/08/25 23:27:59.792, 159.87, 100, 6671
2026/08/25 23:28:00.792, 160.27, 100, 6671
2026/08/25 23:28:01.792, 159.45, 98, 6671
2026/08/25 23:28:02.792, 160.14, 100, 6671
2026/08/25 23:28:03.792, 160.88, 100, 6671
2026/08/25 23:28:04.793, 160.00, 100, 6671
2026/08/25 23:28:05.793, 160.16, 100, 6671
2026/08/25 23:28:06.793, 161.38, 100, 6671
2026/08/25 23:28:07.793, 159.62, 100, 6671
2026/08/25 23:28:08.793, 159.73, 100, 6671
2026/08/25 23:28:09.793, 161.18, 100, 6671
2026/08/25 23:28:10.794, 159.79, 100, 6671
2026/08/25 23:28:11.794, 159.86, 100, 6671
2026/08/25 23:28:12.794, 160.78, 100, 6671
2026/08/25 23:28:13.794, 159.74, 100, 6671
2026/08/25 23:28:14.794, 159.47, 99, 6671
2026/08/25 23:28:15.794, 160.26, 100, 6671
2026/08/25 23:28:16.795, 159.72, 100, 6671
2026/08/25 23:28:17.795, 159.70, 98, 6671
2026/08/25 23:28:18.795, 160.40, 100, 6671
2026/08/25 23:28:19.795, 160.07, 100, 6671
2026/08/25 23:28:20.795, 159.52, 98, 6671
2026/08/25 23:28:21.795, 160.37, 100, 6671
2026/08/25 23:28:22.796, 160.34, 100, 6671
2026/08/25 23:28:23.796, 159.59, 98, 6671
2026/08/25 23:28:24.796, 160.38, 100, 6671
2026/08/25 23:28:25.796, 160.60, 100, 6671
2026/08/25 23:28:26.796, 159.33, 98, 6671
2026/08/25 23:28:27.796, 160.20, 100, 6671
2026/08/25 23:28:28.797, 160.24, 100, 6671
2026/08/25 23:28:29.797, 159.05, 97, 6671
2026/08/25 23:28:30.797, 160.10, 100, 6671
2026/08/25 23:28:31.797, 160.55, 100, 6671
2026/08/25 23:28:32.797, 159.15, 98, 6671
2026/08/25 23:28:33.798, 159.96, 100, 6671
2026/08/25 23:28:34.798, 160.33, 100, 6671
2026/08/25 23:28:35.798, 159.01, 98, 6671
2026/08/25 23:28:36.798, 159.93, 100, 6671
2026/08/25 23:28:37.798, 160.11, 100, 6671
2026/08/25 23:28:38.798, 159.02, 98, 6671
2026/08/25 23:28:39.799, 159.74, 100, 6671
2026/08/25 23:28:40.799, 159.92, 100, 6671
2026/08/25 23:28:41.799, 159.06, 98, 6671
2026/08/25 23:28:42.799, 159.63, 100, 6671
2026/08/25 23:28:43.799, 160.19, 100, 6671
2026/08/25 23:28:44.799, 159.76, 99, 6671
2026/08/25 23:28:45.800, 159.98, 100, 6671
2026/08/25 23:28:46.800, 160.92, 100, 6671
2026/08/25 23:28:47.800, 159.87, 100, 6671
2026/08/25 23:28:48.800, 160.05, 100, 6671
2026/08/25 23:28:49.800, 161.17, 100, 6671
2026/08/25 23:28:50.800, 159.77, 100, 6671
2026/08/25 23:28:51.801, 159.69, 100, 6671
2026/08/25 23:28:52.801, 161.01, 100, 6671
2026/08/25 23:28:53.801, 159.78, 100, 6671
2026/08/25 23:28:54.801, 159.68, 100, 6671
2026/08/25 23:28:55.801, 161.10, 100, 6671
2026/08/25 23:28:56.801, 159.73, 100, 6671
2026/08/25 23:28:57.802, 159.57, 98, 6671
2026/08/25 23:28:58.802, 160.42, 100, 6671
2026/08/25 23:28:59.802, 160.29, 100, 6671
2026/08/25 23:29:00.802, 159.51, 98, 6671
2026/08/25 23:29:01.802, 160.47, 100, 6671
2026/08/25 23:29:02.802, 159.81, 100, 6671
2026/08/25 23:29:03.803, 159.72, 98, 6671
2026/08/25 23:29:04.803, 160.69, 100, 6671
2026/08/25 23:29:05.803, 160.07, 100, 6671
2026/08/25 23:29:06.803, 159.48, 98, 6671
2026/08/25 23:29:07.803, 160.37, 100, 6671
2026/08/25 23:29:08.803, 160.39, 100, 6671
2026/08/25 23:29:09.804, 159.60, 98, 6671
2026/08/25 23:29:10.804, 160.32, 100, 6671
2026/08/25 23:29:11.804, 160.48, 100, 6671
2026/08/25 23:29:12.804, 159.43, 97, 6671
2026/08/25 23:29:13.804, 160.33, 100, 6671
2026/08/25 23:29:14.804, 160.60, 100, 6671
2026/08/25 23:29:15.805, 159.36, 98, 6671
2026/08/25 23:29:16.805, 160.57, 100, 6671
2026/08/25 23:29:17.805, 160.00, 100, 6671
2026/08/25 23:29:18.805, 159.40, 98, 6671
2026/08/25 23:29:19.805, 160.26, 100, 6671
2026/08/25 23:29:20.806, 160.13, 100, 6671
2026/08/25 23:29:21.806, 159.33, 98, 6671
2026/08/25 23:29:22.806, 160.85, 100, 6671
2026/08/25 23:29:23.806, 160.24, 100, 6671
2026/08/25 23:29:24.806, 158.86, 98, 6671
2026/08/25 23:29:25.806, 160.07, 100, 6671
2026/08/25 23:29:26.806, 160.26, 100, 6671
2026/08/25 23:29:27.807, 159.80, 98, 6671
2026/08/25 23:29:28.807, 159.85, 100, 6671
2026/08/25 23:29:29.807, 160.92, 100, 6671
2026/08/25 23:29:30.807, 159.69, 100, 6671
2026/08/25 23:29:31.807, 160.20, 100, 6671
2026/08/25 23:29:32.807, 161.11, 100, 6671
2026/08/25 23:29:33.808, 159.77, 100, 6671
2026/08/25 23:29:34.808, 160.13, 100, 6671
2026/08/25 23:29:35.808, 160.84, 100, 6671
2026/08/25 23:29:36.808, 159.55, 100, 6671
2026/08/25 23:29:37.808, 159.39, 100, 6671
2026/08/25 23:29:38.808, 161.23, 100, 6671
2026/08/25 23:29:39.809, 159.90, 100, 6671
2026/08/25 23:29:40.809, 159.91, 100, 6671
2026/08/25 23:29:41.809, 160.74, 100, 6671
2026/08/25 23:29:42.809, 159.96, 100, 6671
2026/08/25 23:29:43.809, 159.41, 100, 6671
2026/08/25 23:29:44.809, 163.29, 100, 6671
2026/08/25 23:29:45.810, 163.42, 100, 6671
2026/08/25 23:29:46.810, 163.46, 100, 6671
2026/08/25 23:29:47.810, 163.60, 100, 6671
2026/08/25 23:29:48.810, 163.37, 99, 6671
2026/08/25 23:29:49.810, 163.41, 100, 6671
2026/08/25 23:29:50.810, 163.42, 100, 6671
2026/08/25 23:29:51.811, 163.32, 99, 6671
2026/08/25 23:29:52.811, 163.24, 100, 6671
2026/08/25 23:29:53.811, 163.25, 100, 6671
2026/08/25 23:29:54.811, 163.28, 99, 6671
2026/08/25 23:29:55.811, 163.38, 100, 6671
2026/08/25 23:29:56.811, 163.38, 100, 6671
2026/08/25 23:29:57.812, 163.36, 99, 6671
2026/08/25 23:29:58.812, 163.42, 100, 6671
2026/08/25 23:29:59.812, 163.31, 100, 6671
2026/08/25 23:30:00.812, 163.07, 100, 6671
2026/08/25 23:30:01.812, 163.20, 99, 6671
2026/08/25 23:30:02.812, 163.40, 100, 6671
2026/08/25 23:30:03.813, 163.26, 100, 6671
2026/08/25 23:30:04.813, 163.45, 99, 6671
2026/08/25 23:30:05.813, 163.19, 100, 6671
2026/08/25 23:30:06.813, 163.33, 99, 6671
2026/08/25 23:30:07.813, 163.45, 100, 6671
2026/08/25 23:30:08.813, 163.41, 100, 6671
2026/08/25 23:30:09.813, 163.18, 99, 6671
2026/08/25 23:30:10.814, 163.35, 100, 6671
2026/08/25 23:30:11.814, 163.31, 100, 6671
2026/08/25 23:30:12.814, 163.37, 99, 6671
2026/08/25 23:30:13.814, 163.52, 100, 6671
2026/08/25 23:30:14.814, 163.32, 100, 6671
2026/08/25 23:30:15.814, 163.43, 99, 6671
2026/08/25 23:30:16.815, 163.53, 100, 6671
2026/08/25 23:30:17.815, 163.32, 100, 6671
2026/08/25 23:30:18.815, 163.33, 99, 6671
2026/08/25 23:30:19.815, 163.47, 100, 6671
2026/08/25 23:30:20.815, 163.51, 100, 6671
2026/08/25 23:30:21.815, 163.46, 100, 6671
2026/08/25 23:30:22.816, 163.41, 100, 6671
2026/08/25 23:30:23.816, 163.35, 100, 6671
2026/08/25 23:30:24.816, 163.48, 100, 6671
2026/08/25 23:30:25.816, 163.53, 100, 6671
2026/08/25 23:30:26.816, 163.35, 100, 6671
2026/08/25 23:30:27.816, 163.14, 100, 6671
2026/08/25 23:30:28.817, 163.50, 100, 6671
2026/08/25 23:30:29.817, 163.62, 100, 6671
2026/08/25 23:30:30.817, 163.42, 99, 6671
2026/08/25 23:30:31.817, 163.47, 100, 6671
2026/08/25 23:30:32.817, 163.66, 100, 6671
2026/08/25 23:30:33.817, 163.57, 99, 6671
2026/08/25 23:30:34.818, 163.62, 100, 6671
2026/08/25 23:30:35.818, 163.34, 99, 6671
2026/08/25 23:30:36.818, 163.46, 100, 6671
2026/08/25 23:30:37.818, 163.41, 100, 6671
2026/08/25 23:30:38.827, 163.57, 100, 6671
2026/08/25 23:30:39.827, 163.54, 100, 6671
2026/08/25 23:30:40.827, 163.46, 100, 6671
2026/08/25 23:30:41.827, 163.62, 99, 6671
2026/08/25 23:30:42.827, 163.89, 100, 6671
2026/08/25 23:30:43.828, 163.75, 100, 6671
2026/08/25 23:30:44.828, 163.57, 99, 6671
2026/08/25 23:30:45.828, 163.68, 100, 6671
2026/08/25 23:30:46.828, 163.85, 100, 6671
2026/08/25 23:30:47.828, 163.82, 99, 6671
2026/08/25 23:30:48.828, 163.74, 100, 6671
2026/08/25 23:30:49.828, 163.65, 100, 6671
2026/08/25 23:30:50.829, 163.65, 100, 6671
2026/08/25 23:30:51.829, 163.64, 100, 6671
2026/08/25 23:30:52.829, 163.76, 100, 6671
2026/08/25 23:30:53.829, 163.59, 99, 6671
2026/08/25 23:30:54.829, 163.63, 100, 6671
2026/08/25 23:30:55.829, 163.81, 100, 6671
2026/08/25 23:30:56.830, 163.83, 99, 6671
2026/08/25 23:30:57.830, 163.85, 100, 6671
2026/08/25 23:30:58.830, 163.80, 100, 6671
2026/08/25 23:30:59.830, 163.76, 100, 6671
2026/08/25 23:31:00.830, 163.94, 100, 6671
2026/08/25 23:31:01.830, 163.66, 100, 6671
2026/08/25 23:31:02.831, 163.51, 99, 6671
2026/08/25 23:31:03.831, 163.82, 100, 6671
2026/08/25 23:31:04.831, 163.70, 100, 6671
2026/08/25 23:31:05.831, 163.47, 99, 6671
2026/08/25 23:31:06.831, 163.39, 100, 6671
2026/08/25 23:31:07.831, 163.63, 100, 6671
2026/08/25 23:31:08.832, 163.49, 99, 6671
2026/08/25 23:31:09.832, 163.60, 100, 6671
2026/08/25 23:31:10.832, 163.43, 99, 6671
2026/08/25 23:31:11.832, 163.38, 99, 6671
2026/08/25 23:31:12.832, 163.50, 100, 6671
2026/08/25 23:31:13.832, 163.70, 100, 6671
2026/08/25 23:31:14.833, 163.65, 100, 6671
2026/08/25 23:31:15.833, 163.42, 100, 6671
2026/08/25 23:31:16.833, 163.61, 99, 6671
2026/08/25 23:31:17.833, 163.57, 100, 6671
2026/08/25 23:31:18.833, 163.63, 100, 6671
2026/08/25 23:31:19.833, 157.02, 100, 6671
2026/08/25 23:31:20.834, 159.57, 98, 6671
2026/08/25 23:31:21.834, 160.39, 100, 6671
2026/08/25 23:31:22.834, 161.35, 100, 6671
2026/08/25 23:31:23.834, 160.05, 99, 6671
2026/08/25 23:31:24.834, 160.42, 100, 6671
2026/08/25 23:31:25.834, 160.96, 100, 6671
2026/08/25 23:31:26.835, 160.24, 100, 6671
2026/08/25 23:31:27.835, 160.47, 100, 6671
2026/08/25 23:31:28.835, 161.38, 100, 6671
2026/08/25 23:31:29.835, 159.85, 100, 6671
2026/08/25 23:31:30.835, 160.04, 100, 6671
2026/08/25 23:31:31.836, 161.41, 100, 6671
2026/08/25 23:31:32.836, 160.57, 100, 6671
2026/08/25 23:31:33.836, 160.07, 100, 6671
2026/08/25 23:31:34.836, 161.13, 100, 6671
2026/08/25 23:31:35.836, 160.42, 100, 6671
2026/08/25 23:31:36.837, 160.13, 100, 6671
2026/08/25 23:31:37.837, 160.91, 100, 6671
2026/08/25 23:31:38.837, 160.08, 100, 6671
2026/08/25 23:31:39.837, 159.73, 98, 6671
2026/08/25 23:31:40.837, 161.06, 100, 6671
2026/08/25 23:31:41.837, 160.31, 100, 6671
2026/08/25 23:31:42.838, 159.73, 98, 6671
2026/08/25 23:31:43.838, 161.33, 100, 6671
2026/08/25 23:31:44.838, 159.52, 100, 6671
2026/08/25 23:31:45.838, 160.07, 98, 6671
2026/08/25 23:31:46.838, 160.90, 100, 6671
2026/08/25 23:31:47.838, 161.09, 100, 6671
2026/08/25 23:31:48.839, 159.93, 98, 6671
2026/08/25 23:31:49.839, 160.69, 100, 6671
2026/08/25 23:31:50.839, 160.98, 100, 6671
2026/08/25 23:31:51.839, 159.87, 98, 6671
2026/08/25 23:31:52.839, 160.66, 100, 6671
2026/08/25 23:31:53.839, 161.08, 100, 6671
2026/08/25 23:31:54.840, 159.83, 98, 6671
2026/08/25 23:31:55.840, 160.65, 100, 6671
2026/08/25 23:31:56.840, 161.11, 100, 6671
2026/08/25 23:31:57.840, 159.62, 98, 6671
2026/08/25 23:31:58.840, 160.53, 100, 6671
2026/08/25 23:31:59.840, 160.66, 100, 6671
2026/08/25 23:32:00.841, 159.51, 98, 6671
2026/08/25 23:32:01.841, 161.17, 100, 6671
2026/08/25 23:32:02.841, 161.00, 100, 6671
2026/08/25 23:32:03.841, 159.59, 98, 6671
2026/08/25 23:32:04.845, 161.02, 100, 6671
2026/08/25 23:32:05.845, 161.30, 100, 6671
2026/08/25 23:32:06.845, 160.09, 100, 6671
2026/08/25 23:32:07.845, 160.37, 100, 6671
2026/08/25 23:32:08.845, 161.29, 100, 6671
2026/08/25 23:32:09.854, 159.85, 100, 6671
2026/08/25 23:32:10.854, 160.02, 100, 6671
2026/08/25 23:32:11.854, 160.88, 100, 6671
2026/08/25 23:32:12.855, 160.34, 100, 6671
2026/08/25 23:32:13.855, 159.99, 100, 6671
2026/08/25 23:32:14.855, 160.84, 100, 6671
2026/08/25 23:32:15.855, 160.03, 100, 6671
2026/08/25 23:32:16.855, 160.21, 100, 6671
2026/08/25 23:32:17.855, 161.43, 100, 6671
2026/08/25 23:32:18.855, 160.10, 100, 6671
2026/08/25 23:32:19.856, 159.91, 99, 6671
2026/08/25 23:32:20.856, 160.87, 100, 6671
2026/08/25 23:32:21.856, 160.02, 100, 6671
2026/08/25 23:32:22.856, 160.13, 98, 6671
2026/08/25 23:32:23.856, 160.70, 100, 6671
2026/08/25 23:32:24.856, 159.95, 100, 6671
2026/08/25 23:32:25.857, 159.71, 98, 6671
2026/08/25 23:32:26.857, 160.59, 100, 6671
2026/08/25 23:32:27.857, 160.13, 100, 6671
2026/08/25 23:32:28.857, 159.66, 98, 6671
2026/08/25 23:32:29.857, 160.83, 100, 6671
2026/08/25 23:32:30.857, 160.53, 100, 6671
2026/08/25 23:32:31.858, 159.42, 98, 6671
2026/08/25 23:32:32.858, 160.90, 100, 6671
2026/08/25 23:32:33.858, 160.63, 100, 6671
2026/08/25 23:32:34.858, 159.65, 98, 6671
2026/08/25 23:32:35.858, 160.94, 100, 6671
2026/08/25 23:32:36.858, 160.74, 100, 6671
2026/08/25 23:32:37.859, 159.51, 98, 6671
2026/08/25 23:32:38.859, 161.09, 100, 6671
2026/08/25 23:32:39.859, 160.87, 100, 6671
2026/08/25 23:32:40.859, 159.27, 98, 6671
2026/08/25 23:32:41.859, 160.24, 100, 6671
2026/08/25 23:32:42.859, 160.88, 100, 6671
2026/08/25 23:32:43.860, 159.40, 98, 6671
2026/08/25 23:32:44.860, 160.23, 100, 6671
2026/08/25 23:32:45.860, 161.01, 100, 6671
2026/08/25 23:32:46.860, 159.45, 98, 6671
2026/08/25 23:32:47.860, 160.93, 100, 6671
2026/08/25 23:32:48.860, 160.99, 100, 6671
2026/08/25 23:32:49.861, 159.04, 98, 6671
2026/08/25 23:32:50.861, 159.88, 100, 6671
2026/08/25 23:32:51.861, 161.05, 100, 6671
2026/08/25 23:32:52.861, 159.79, 99, 6671
2026/08/25 23:32:53.861, 160.32, 100, 6671
2026/08/25 23:32:54.861, 160.96, 100, 6671
2026/08/25 23:32:55.862, 159.82, 100, 6671
2026/08/25 23:32:56.862, 160.33, 100, 6671
2026/08/25 23:32:57.862, 160.91, 100, 6671
2026/08/25 23:32:58.862, 160.04, 100, 6671
2026/08/25 23:32:59.862, 159.92, 100, 6671
2026/08/25 23:33:00.862, 160.84, 100, 6671
2026/08/25 23:33:01.863, 160.29, 100, 6671
2026/08/25 23:33:02.863, 160.17, 100, 6671
2026/08/25 23:33:03.863, 161.19, 100, 6671
2026/08/25 23:33:04.863, 160.36, 100, 6671
2026/08/25 23:33:05.863, 159.82, 100, 6671
2026/08/25 23:33:06.863, 160.70, 100, 6671
2026/08/25 23:33:07.864, 160.26, 100, 6671
2026/08/25 23:33:08.864, 160.24, 99, 6671
2026/08/25 23:33:09.864, 160.91, 100, 6671
2026/08/25 23:33:10.864, 160.32, 100, 6671
2026/08/25 23:33:11.864, 159.94, 98, 6671
2026/08/25 23:33:12.864, 160.79, 100, 6671
2026/08/25 23:33:13.865, 160.49, 100, 6671
2026/08/25 23:33:14.865, 160.09, 98, 6671
2026/08/25 23:33:15.865, 160.71, 100, 6671
2026/08/25 23:33:16.865, 160.44, 100, 6671
2026/08/25 23:33:17.865, 159.83, 98, 6671
2026/08/25 23:33:18.865, 160.53, 100, 6671
2026/08/25 23:33:19.866, 160.25, 100, 6671
2026/08/25 23:33:20.866, 159.59, 98, 6671
2026/08/25 23:33:21.866, 160.82, 100, 6671
2026/08/25 23:33:22.866, 160.58, 100, 6671
2026/08/25 23:33:23.866, 159.66, 98, 6671
2026/08/25 23:33:24.866, 160.55, 100, 6671
2026/08/25 23:33:25.875, 160.54, 100, 6671
2026/08/25 23:33:26.875, 159.50, 98, 6671
2026/08/25 23:33:27.875, 160.39, 100, 6671
2026/08/25 23:33:28.876, 160.80, 100, 6671
2026/08/25 23:33:29.876, 159.78, 98, 6671
2026/08/25 23:33:30.876, 160.51, 100, 6671
2026/08/25 23:33:31.876, 161.18, 100, 6671
2026/08/25 23:33:32.876, 160.06, 98, 6671
2026/08/25 23:33:33.876, 160.54, 100, 6671
2026/08/25 23:33:34.877, 160.79, 100, 6671
2026/08/25 23:33:35.877, 159.85, 98, 6671
2026/08/25 23:33:36.877, 160.50, 100, 6671
2026/08/25 23:33:37.877, 160.51, 100, 6671
2026/08/25 23:33:38.877, 159.72, 98, 6671
2026/08/25 23:33:39.877, 160.18, 100, 6671
2026/08/25 23:33:40.878, 160.64, 100, 6671
2026/08/25 23:33:41.878, 159.13, 98, 6671
2026/08/25 23:33:42.878, 160.17, 100, 6671
2026/08/25 23:33:43.878, 160.94, 100, 6671
2026/08/25 23:33:44.878, 159.48, 98, 6671
2026/08/25 23:33:45.879, 160.88, 100, 6671
2026/08/25 23:33:46.879, 160.89, 100, 6671
2026/08/25 23:33:47.879, 159.21, 98, 6671
2026/08/25 23:33:48.879, 161.08, 100, 6671
2026/08/25 23:33:49.879, 160.98, 100, 6671
2026/08/25 23:33:50.879, 159.60, 98, 6671
2026/08/25 23:33:51.880, 160.80, 100, 6671
2026/08/25 23:33:52.880, 161.02, 100, 6671
2026/08/25 23:33:53.880, 159.77, 99, 6671
2026/08/25 23:33:54.880, 160.05, 100, 6671
2026/08/25 23:33:55.880, 160.80, 100, 6671
2026/08/25 23:33:56.880, 160.28, 100, 6671
2026/08/25 23:33:57.881, 160.57, 100, 6671
2026/08/25 23:33:58.881, 161.32, 100, 6671
2026/08/25 23:33:59.881, 159.70, 100, 6671
2026/08/25 23:34:00.881, 160.10, 100, 6671
2026/08/25 23:34:01.881, 160.90, 100, 6671
2026/08/25 23:34:02.881, 160.39, 100, 6671
2026/08/25 23:34:03.882, 160.16, 100, 6671
2026/08/25 23:34:04.882, 160.91, 100, 6671
2026/08/25 23:34:05.882, 159.93, 100, 6671
2026/08/25 23:34:06.882, 160.15, 100, 6671
2026/08/25 23:34:07.882, 161.50, 100, 6671
2026/08/25 23:34:08.882, 159.83, 100, 6671
2026/08/25 23:34:09.883, 160.07, 100, 6671
2026/08/25 23:34:10.883, 161.07, 100, 6671
2026/08/25 23:34:11.883, 160.52, 100, 6671
2026/08/25 23:34:12.883, 160.27, 98, 6671
2026/08/25 23:34:13.883, 160.66, 100, 6671
2026/08/25 23:34:14.883, 160.45, 100, 6671
2026/08/25 23:34:15.884, 159.58, 98, 6671
2026/08/25 23:34:16.884, 160.99, 100, 6671
2026/08/25 23:34:17.884, 160.15, 100, 6671
2026/08/25 23:34:18.884, 159.66, 98, 6671
2026/08/25 23:34:19.884, 160.78, 100, 6671
2026/08/25 23:34:20.884, 160.67, 100, 6671
2026/08/25 23:34:21.885, 159.57, 98, 6671
2026/08/25 23:34:22.885, 160.93, 100, 6671
2026/08/25 23:34:23.885, 160.28, 100, 6671
2026/08/25 23:34:24.885, 159.72, 98, 6671
2026/08/25 23:34:25.885, 160.86, 100, 6671
2026/08/25 23:34:26.885, 160.54, 100, 6671
2026/08/25 23:34:27.886, 159.72, 98, 6671
2026/08/25 23:34:28.886, 160.31, 100, 6671
2026/08/25 23:34:29.886, 160.67, 100, 6671
2026/08/25 23:34:30.886, 159.57, 98, 6671
2026/08/25 23:34:31.886, 160.16, 100, 6671
2026/08/25 23:34:32.886, 159.97, 100, 6671
2026/08/25 23:34:33.887, 159.33, 98, 6671
2026/08/25 23:34:34.887, 160.23, 100, 6671
2026/08/25 23:34:35.887, 160.63, 100, 6671
2026/08/25 23:34:36.887, 159.46, 100, 6671
2026/08/25 23:34:37.887, 164.04, 99, 6671
2026/08/25 23:34:38.887, 163.46, 99, 6671
2026/08/25 23:34:39.888, 163.00, 100, 6671
2026/08/25 23:34:40.888, 162.78, 99, 6671
2026/08/25 23:34:41.888, 162.75, 100, 6671
2026/08/25 23:34:42.888, 163.01, 100, 6671
2026/08/25 23:34:43.888, 163.17, 100, 6671
2026/08/25 23:34:44.888, 163.27, 100, 6671
2026/08/25 23:34:45.889, 163.06, 100, 6671
2026/08/25 23:34:46.889, 163.23, 99, 6671
2026/08/25 23:34:47.889, 163.19, 100, 6671
2026/08/25 23:34:48.889, 163.20, 100, 6671
2026/08/25 23:34:49.889, 162.84, 99, 6671
2026/08/25 23:34:50.889, 163.15, 100, 6671
2026/08/25 23:34:51.890, 163.11, 100, 6671
2026/08/25 23:34:52.890, 163.06, 99, 6671
2026/08/25 23:34:53.890, 163.05, 100, 6671
2026/08/25 23:34:54.890, 163.07, 100, 6671
2026/08/25 23:34:55.890, 162.99, 99, 6671
2026/08/25 23:34:56.890, 163.20, 100, 6671
2026/08/25 23:34:57.891, 163.27, 100, 6671
2026/08/25 23:34:58.891, 162.97, 99, 6671
2026/08/25 23:34:59.891, 163.34, 100, 6671
2026/08/25 23:35:00.891, 163.24, 100, 6671
2026/08/25 23:35:01.891, 163.26, 99, 6671
2026/08/25 23:35:02.891, 163.15, 100, 6671
2026/08/25 23:35:03.891, 163.24, 100, 6671
2026/08/25 23:35:04.892, 163.33, 99, 6671
2026/08/25 23:35:05.892, 163.48, 100, 6671
2026/08/25 23:35:06.892, 163.33, 99, 6671
2026/08/25 23:35:07.892, 163.29, 99, 6671
2026/08/25 23:35:08.892, 163.41, 100, 6671
2026/08/25 23:35:09.892, 163.32, 99, 6671
2026/08/25 23:35:10.893, 163.36, 100, 6671
2026/08/25 23:35:11.893, 163.15, 100, 6671
2026/08/25 23:35:12.893, 163.41, 99, 6671
2026/08/25 23:35:13.893, 163.28, 100, 6671
2026/08/25 23:35:14.893, 163.37, 100, 6671
2026/08/25 23:35:15.893, 163.19, 99, 6671
2026/08/25 23:35:16.894, 163.21, 100, 6671
2026/08/25 23:35:17.894, 163.32, 100, 6671
2026/08/25 23:35:18.894, 163.11, 100, 6671
2026/08/25 23:35:19.894, 163.34, 100, 6671
2026/08/25 23:35:20.894, 163.24, 100, 6671
2026/08/25 23:35:21.894, 163.51, 100, 6671
2026/08/25 23:35:22.895, 163.32, 100, 6671
2026/08/25 23:35:23.895, 163.39, 100, 6671
2026/08/25 23:35:24.895, 163.04, 99, 6671
2026/08/25 23:35:25.895, 163.22, 100, 6671
2026/08/25 23:35:26.895, 163.45, 100, 6671
2026/08/25 23:35:27.895, 163.49, 100, 6671
2026/08/25 23:35:28.896, 163.51, 100, 6671
2026/08/25 23:35:29.896, 163.29, 100, 6671
2026/08/25 23:35:30.896, 163.68, 99, 6671
2026/08/25 23:35:31.896, 163.45, 100, 6671
2026/08/25 23:35:32.896, 163.57, 100, 6671
2026/08/25 23:35:33.896, 163.38, 99, 6671
2026/08/25 23:35:34.897, 163.57, 100, 6671
2026/08/25 23:35:35.897, 163.53, 99, 6671
2026/08/25 23:35:36.897, 163.64, 99, 6671
2026/08/25 23:35:37.897, 163.54, 100, 6671
2026/08/25 23:35:38.897, 163.65, 99, 6671
2026/08/25 23:35:39.897, 163.77, 100, 6671
2026/08/25 23:35:40.898, 163.65, 100, 6671
2026/08/25 23:35:41.898, 163.62, 99, 6671
2026/08/25 23:35:42.898, 163.34, 100, 6671
2026/08/25 23:35:43.898, 163.55, 100, 6671
2026/08/25 23:35:44.898, 163.47, 99, 6671
2026/08/25 23:35:45.898, 163.55, 100, 6671
2026/08/25 23:35:46.899, 163.38, 100, 6671
2026/08/25 23:35:47.899, 163.42, 100, 6671
2026/08/25 23:35:48.899, 163.51, 100, 6671
2026/08/25 23:35:49.899, 163.39, 100, 6671
2026/08/25 23:35:50.899, 163.38, 99, 6671
2026/08/25 23:35:51.899, 163.40, 100, 6671
2026/08/25 23:35:52.900, 163.48, 100, 6671
2026/08/25 23:35:53.900, 163.45, 99, 6671
2026/08/25 23:35:54.900, 163.49, 100, 6671
2026/08/25 23:35:55.900, 163.33, 100, 6671
2026/08/25 23:35:56.900, 163.40, 99, 6671
2026/08/25 23:35:57.900, 163.29, 100, 6671
2026/08/25 23:35:58.901, 163.48, 100, 6671
2026/08/25 23:35:59.901, 163.31, 99, 6671
2026/08/25 23:36:00.901, 163.49, 100, 6671
2026/08/25 23:36:01.901, 163.63, 100, 6671
2026/08/25 23:36:02.901, 163.64, 99, 6671
2026/08/25 23:36:03.901, 163.56, 100, 6671
2026/08/25 23:36:04.902, 163.31, 100, 6671
2026/08/25 23:36:05.902, 163.35, 99, 6671
2026/08/25 23:36:06.902, 163.56, 100, 6671
2026/08/25 23:36:07.902, 163.52, 99, 6671
2026/08/25 23:36:08.902, 163.31, 100, 6671
2026/08/25 23:36:09.903, 163.35, 100, 6671
2026/08/25 23:36:10.903, 163.16, 99, 6671
2026/08/25 23:36:11.903, 163.31, 100, 6671
2026/08/25 23:36:12.910, 156.54, 100, 6671
2026/08/25 23:36:13.910, 161.15, 100, 6671
2026/08/25 23:36:14.910, 160.04, 100, 6671
2026/08/25 23:36:15.910, 160.16, 100, 6671
2026/08/25 23:36:16.910, 161.50, 100, 6671
2026/08/25 23:36:17.910, 160.23, 100, 6671
2026/08/25 23:36:18.911, 160.00, 98, 6671
2026/08/25 23:36:19.911, 161.07, 100, 6671
2026/08/25 23:36:20.911, 160.22, 100, 6671
2026/08/25 23:36:21.911, 159.63, 98, 6671
2026/08/25 23:36:22.911, 160.35, 100, 6671
2026/08/25 23:36:23.911, 160.06, 100, 6671
2026/08/25 23:36:24.912, 160.08, 98, 6671
2026/08/25 23:36:25.912, 160.38, 100, 6671
2026/08/25 23:36:26.912, 160.06, 100, 6671
2026/08/25 23:36:27.912, 159.82, 98, 6671
2026/08/25 23:36:28.912, 160.53, 100, 6671
2026/08/25 23:36:29.913, 160.38, 100, 6671
2026/08/25 23:36:30.913, 159.93, 98, 6671
2026/08/25 23:36:31.913, 160.44, 100, 6671
2026/08/25 23:36:32.913, 160.37, 100, 6671
2026/08/25 23:36:33.913, 159.59, 98, 6671
2026/08/25 23:36:34.913, 160.09, 100, 6671
2026/08/25 23:36:35.914, 160.50, 100, 6671
2026/08/25 23:36:36.914, 159.43, 98, 6671
2026/08/25 23:36:37.914, 160.20, 100, 6671
2026/08/25 23:36:38.914, 160.57, 100, 6671
2026/08/25 23:36:39.914, 159.08, 98, 6671
2026/08/25 23:36:40.914, 161.08, 100, 6671
2026/08/25 23:36:41.915, 160.85, 100, 6671
2026/08/25 23:36:42.915, 159.26, 98, 6671
2026/08/25 23:36:43.915, 159.85, 100, 6671
2026/08/25 23:36:44.915, 160.25, 100, 6671
2026/08/25 23:36:45.915, 159.19, 98, 6671
2026/08/25 23:36:46.915, 160.92, 100, 6671
2026/08/25 23:36:47.916, 160.27, 100, 6671
2026/08/25 23:36:48.916, 159.68, 99, 6671
2026/08/25 23:36:49.916, 159.88, 100, 6671
2026/08/25 23:36:50.916, 160.51, 100, 6671
2026/08/25 23:36:51.916, 159.48, 100, 6671
2026/08/25 23:36:52.917, 159.69, 100, 6671
2026/08/25 23:36:53.917, 160.46, 100, 6671
2026/08/25 23:36:54.917, 159.17, 100, 6671
2026/08/25 23:36:55.917, 159.73, 100, 6671
2026/08/25 23:36:56.917, 160.82, 100, 6671
2026/08/25 23:36:57.917, 159.59, 100, 6671
2026/08/25 23:36:58.918, 159.43, 100, 6671
2026/08/25 23:36:59.918, 160.81, 100, 6671
2026/08/25 23:37:00.918, 160.07, 100, 6671
2026/08/25 23:37:01.918, 159.60, 100, 6671
2026/08/25 23:37:02.918, 161.07, 100, 6671
2026/08/25 23:37:03.918, 159.77, 100, 6671
2026/08/25 23:37:04.919, 159.72, 99, 6671
2026/08/25 23:37:05.919, 160.54, 100, 6671
2026/08/25 23:37:06.919, 160.25, 100, 6671
2026/08/25 23:37:07.919, 159.80, 98, 6671
2026/08/25 23:37:08.919, 160.67, 100, 6671
2026/08/25 23:37:09.920, 160.33, 100, 6671
2026/08/25 23:37:10.920, 159.42, 98, 6671
2026/08/25 23:37:11.920, 160.54, 100, 6671
2026/08/25 23:37:12.920, 160.12, 100, 6671
2026/08/25 23:37:13.920, 159.36, 98, 6671
2026/08/25 23:37:14.920, 160.65, 100, 6671
2026/08/25 23:37:15.921, 160.24, 100, 6671
2026/08/25 23:37:16.921, 159.30, 98, 6671
2026/08/25 23:37:17.921, 160.14, 100, 6671
2026/08/25 23:37:18.921, 160.31, 100, 6671
2026/08/25 23:37:19.921, 159.22, 98, 6671
2026/08/25 23:37:20.922, 160.18, 100, 6671
2026/08/25 23:37:21.922, 159.25, 100, 6671
2026/08/25 23:37:22.922, 160.32, 98, 6671
2026/08/25 23:37:23.922, 160.43, 100, 6671
2026/08/25 23:37:24.922, 159.42, 100, 6671
2026/08/25 23:37:25.922, 160.17, 98, 6671
2026/08/25 23:37:26.923, 160.92, 100, 6671
2026/08/25 23:37:27.923, 159.62, 100, 6671
2026/08/25 23:37:28.923, 159.80, 98, 6671
2026/08/25 23:37:29.923, 160.50, 100, 6671
2026/08/25 23:37:30.923, 159.55, 100, 6671
2026/08/25 23:37:31.923, 160.00, 98, 6671
2026/08/25 23:37:32.923, 161.10, 100, 6671
2026/08/25 23:37:33.924, 159.72, 100, 6671
2026/08/25 23:37:34.924, 159.89, 98, 6671
2026/08/25 23:37:35.924, 160.52, 100, 6671
2026/08/25 23:37:36.924, 159.90, 100, 6671
2026/08/25 23:37:37.924, 159.44, 98, 6671
2026/08/25 23:37:38.933, 160.55, 100, 6671
2026/08/25 23:37:39.933, 160.06, 100, 6671
2026/08/25 23:37:40.933, 159.20, 98, 6671
2026/08/25 23:37:41.933, 160.39, 100, 6671
2026/08/25 23:37:42.934, 160.13, 100, 6671
2026/08/25 23:37:43.934, 159.67, 98, 6671
2026/08/25 23:37:44.934, 160.35, 100, 6671
2026/08/25 23:37:45.934, 160.01, 100, 6671
2026/08/25 23:37:46.934, 160.00, 98, 6671
2026/08/25 23:37:47.934, 160.55, 100, 6671
2026/08/25 23:37:48.935, 160.15, 100, 6671
2026/08/25 23:37:49.935, 159.10, 98, 6671
2026/08/25 23:37:50.935, 160.65, 100, 6671
2026/08/25 23:37:51.935, 159.93, 100, 6671
2026/08/25 23:37:52.935, 159.24, 98, 6671
2026/08/25 23:37:53.936, 159.93, 100, 6671
2026/08/25 23:37:54.936, 160.17, 100, 6671
2026/08/25 23:37:55.936, 159.22, 98, 6671
2026/08/25 23:37:56.936, 159.85, 100, 6671
2026/08/25 23:37:57.936, 160.37, 100, 6671
2026/08/25 23:37:58.936, 158.95, 98, 6671
2026/08/25 23:37:59.937, 159.90, 100, 6671
2026/08/25 23:38:00.937, 160.01, 100, 6671
2026/08/25 23:38:01.937, 159.26, 98, 6671
2026/08/25 23:38:02.937, 159.97, 100, 6671
2026/08/25 23:38:03.937, 160.06, 100, 6671
2026/08/25 23:38:04.937, 159.09, 98, 6671
2026/08/25 23:38:05.938, 160.50, 100, 6671
2026/08/25 23:38:06.938, 160.30, 100, 6671
2026/08/25 23:38:07.938, 158.75, 98, 6671
2026/08/25 23:38:08.938, 160.63, 100, 6671
2026/08/25 23:38:09.938, 160.56, 100, 6671
2026/08/25 23:38:10.938, 159.39, 98, 6671
2026/08/25 23:38:11.939, 160.34, 100, 6671
2026/08/25 23:38:12.939, 160.50, 100, 6671
2026/08/25 23:38:13.939, 159.78, 100, 6671
2026/08/25 23:38:14.939, 159.99, 100, 6671
2026/08/25 23:38:15.939, 160.60, 100, 6671
2026/08/25 23:38:16.939, 159.55, 100, 6671
2026/08/25 23:38:17.940, 159.94, 100, 6671
2026/08/25 23:38:18.940, 160.41, 100, 6671
2026/08/25 23:38:19.940, 159.81, 100, 6671
2026/08/25 23:38:20.940, 159.54, 100, 6671
2026/08/25 23:38:21.940, 160.98, 100, 6671
2026/08/25 23:38:22.940, 159.54, 100, 6671
2026/08/25 23:38:23.941, 159.38, 100, 6671
2026/08/25 23:38:24.941, 160.36, 100, 6671
2026/08/25 23:38:25.941, 159.36, 100, 6671
2026/08/25 23:38:26.941, 159.32, 98, 6671
2026/08/25 23:38:27.941, 160.04, 100, 6671
2026/08/25 23:38:28.942, 159.39, 100, 6671
2026/08/25 23:38:29.942, 159.10, 98, 6671
2026/08/25 23:38:30.942, 160.17, 100, 6671
2026/08/25 23:38:31.942, 159.83, 100, 6671
2026/08/25 23:38:32.942, 159.48, 98, 6671
2026/08/25 23:38:33.942, 159.86, 100, 6671
2026/08/25 23:38:34.943, 159.88, 100, 6671
2026/08/25 23:38:35.943, 159.07, 98, 6671
2026/08/25 23:38:36.943, 159.82, 100, 6671
2026/08/25 23:38:37.943, 159.68, 100, 6671
2026/08/25 23:38:38.943, 159.21, 98, 6671
2026/08/25 23:38:39.943, 159.81, 100, 6671
2026/08/25 23:38:40.944, 160.05, 100, 6671
2026/08/25 23:38:41.944, 159.07, 98, 6671
2026/08/25 23:38:42.944, 159.83, 100, 6671
2026/08/25 23:38:43.944, 159.85, 100, 6671
2026/08/25 23:38:44.944, 158.85, 98, 6671
2026/08/25 23:38:45.944, 159.71, 100, 6671
2026/08/25 23:38:46.944, 160.33, 100, 6671
2026/08/25 23:38:47.945, 159.01, 98, 6671
2026/08/25 23:38:48.945, 159.74, 100, 6671
2026/08/25 23:38:49.945, 160.19, 100, 6671
2026/08/25 23:38:50.945, 158.89, 98, 6671
2026/08/25 23:38:51.945, 159.81, 100, 6671
2026/08/25 23:38:52.945, 160.59, 100, 6671
2026/08/25 23:38:53.946, 158.93, 98, 6671
2026/08/25 23:38:54.946, 159.62, 100, 6671
2026/08/25 23:38:55.946, 159.98, 100, 6671
2026/08/25 23:38:56.946, 158.86, 98, 6671
2026/08/25 23:38:57.946, 159.60, 100, 6671
2026/08/25 23:38:58.946, 160.09, 100, 6671
2026/08/25 23:38:59.947, 159.36, 99, 6671
2026/08/25 23:39:00.947, 159.86, 100, 6671
2026/08/25 23:39:01.947, 160.53, 100, 6671
2026/08/25 23:39:02.947, 159.54, 100, 6671
2026/08/25 23:39:03.947, 159.79, 100, 6671
2026/08/25 23:39:04.947, 160.69, 100, 6671
2026/08/25 23:39:05.948, 159.41, 100, 6671
2026/08/25 23:39:06.948, 159.49, 100, 6671
2026/08/25 23:39:07.948, 160.55, 100, 6671
2026/08/25 23:39:08.948, 159.52, 100, 6671
2026/08/25 23:39:09.948, 159.91, 100, 6671
2026/08/25 23:39:10.949, 160.19, 100, 6671
2026/08/25 23:39:11.949, 159.42, 100, 6671
2026/08/25 23:39:12.949, 159.58, 100, 6671
2026/08/25 23:39:13.949, 160.70, 100, 6671
2026/08/25 23:39:14.949, 159.35, 100, 6671
2026/08/25 23:39:15.949, 159.57, 100, 6671
2026/08/25 23:39:16.950, 160.57, 100, 6671
2026/08/25 23:39:17.950, 159.80, 100, 6671
2026/08/25 23:39:18.950, 159.18, 98, 6671
2026/08/25 23:39:19.950, 160.37, 100, 6671
2026/08/25 23:39:20.950, 159.91, 100, 6671
2026/08/25 23:39:21.950, 159.35, 98, 6671
2026/08/25 23:39:22.951, 159.90, 100, 6671
2026/08/25 23:39:23.951, 159.88, 100, 6671
2026/08/25 23:39:24.951, 158.97, 98, 6671
2026/08/25 23:39:25.951, 159.70, 100, 6671
2026/08/25 23:39:26.951, 159.34, 100, 6671
2026/08/25 23:39:27.951, 159.18, 98, 6671
2026/08/25 23:39:28.952, 159.79, 100, 6671
2026/08/25 23:39:29.952, 157.91, 99, 6671
2026/08/25 23:39:30.952, 162.44, 100, 6671
2026/08/25 23:39:31.952, 162.60, 100, 6671
2026/08/25 23:39:32.952, 162.63, 99, 6671
2026/08/25 23:39:33.952, 162.54, 100, 6671
2026/08/25 23:39:34.953, 162.48, 100, 6671
2026/08/25 23:39:35.953, 162.77, 100, 6671
2026/08/25 23:39:36.953, 162.69, 100, 6671
2026/08/25 23:39:37.953, 162.80, 100, 6671
2026/08/25 23:39:38.953, 162.49, 99, 6671
2026/08/25 23:39:39.953, 162.96, 100, 6671
2026/08/25 23:39:40.954, 162.82, 100, 6671
2026/08/25 23:39:41.954, 162.90, 100, 6671
2026/08/25 23:39:42.954, 162.80, 100, 6671
2026/08/25 23:39:43.954, 162.92, 100, 6671
2026/08/25 23:39:44.954, 163.05, 100, 6671
2026/08/25 23:39:45.954, 162.78, 100, 6671
2026/08/25 23:39:46.955, 162.86, 100, 6671
2026/08/25 23:39:47.955, 162.75, 100, 6671
2026/08/25 23:39:48.955, 162.97, 100, 6671
2026/08/25 23:39:49.955, 162.86, 100, 6671
2026/08/25 23:39:50.955, 162.99, 100, 6671
2026/08/25 23:39:51.955, 162.63, 100, 6671
2026/08/25 23:39:52.956, 163.01, 100, 6671
2026/08/25 23:39:53.956, 162.98, 100, 6671
2026/08/25 23:39:54.956, 162.86, 100, 6671
2026/08/25 23:39:55.956, 162.79, 99, 6671
2026/08/25 23:39:56.956, 162.67, 100, 6671
2026/08/25 23:39:57.956, 163.04, 100, 6671
2026/08/25 23:39:58.957, 162.90, 100, 6671
2026/08/25 23:39:59.957, 162.73, 100, 6671
2026/08/25 23:40:00.957, 162.60, 100, 6671
2026/08/25 23:40:01.957, 162.80, 100, 6671
2026/08/25 23:40:02.957, 162.85, 100, 6671
2026/08/25 23:40:03.957, 162.91, 100, 6671
2026/08/25 23:40:04.958, 162.91, 100, 6671
2026/08/25 23:40:05.958, 162.98, 100, 6671
2026/08/25 23:40:06.958, 163.01, 100, 6671
2026/08/25 23:40:07.958, 162.92, 99, 6671
2026/08/25 23:40:08.958, 162.83, 100, 6671
2026/08/25 23:40:09.958, 162.83, 100, 6671
2026/08/25 23:40:10.959, 162.88, 99, 6671
2026/08/25 23:40:11.959, 162.71, 100, 6671
2026/08/25 23:40:12.959, 163.00, 100, 6671
2026/08/25 23:40:13.959, 162.82, 99, 6671
2026/08/25 23:40:14.959, 162.89, 100, 6671
2026/08/25 23:40:15.959, 162.84, 100, 6671
2026/08/25 23:40:16.960, 162.90, 99, 6671
2026/08/25 23:40:17.960, 162.81, 100, 6671
2026/08/25 23:40:18.960, 162.81, 100, 6671
2026/08/25 23:40:19.960, 162.92, 99, 6671
2026/08/25 23:40:20.960, 162.87, 100, 6671
2026/08/25 23:40:21.960, 162.92, 99, 6671
2026/08/25 23:40:22.961, 162.70, 100, 6671
2026/08/25 23:40:23.961, 162.87, 100, 6671
2026/08/25 23:40:24.961, 162.90, 99, 6671
2026/08/25 23:40:25.961, 162.95, 100, 6671
2026/08/25 23:40:26.961, 162.96, 100, 6671
2026/08/25 23:40:27.962, 163.14, 100, 6671
2026/08/25 23:40:28.962, 163.06, 100, 6671
2026/08/25 23:40:29.962, 163.01, 100, 6671
2026/08/25 23:40:30.971, 162.95, 99, 6671
2026/08/25 23:40:31.971, 163.06, 100, 6671
2026/08/25 23:40:32.971, 163.25, 100, 6671
2026/08/25 23:40:33.971, 163.10, 99, 6671
2026/08/25 23:40:34.971, 163.09, 100, 6671
2026/08/25 23:40:35.972, 163.02, 100, 6671
2026/08/25 23:40:36.972, 163.02, 100, 6671
2026/08/25 23:40:37.972, 163.01, 100, 6671
2026/08/25 23:40:38.972, 163.22, 100, 6671
2026/08/25 23:40:39.972, 162.95, 99, 6671
2026/08/25 23:40:40.972, 163.07, 100, 6671
2026/08/25 23:40:41.973, 163.25, 100, 6671
2026/08/25 23:40:42.973, 162.93, 100, 6671
2026/08/25 23:40:43.973, 163.11, 100, 6671
2026/08/25 23:40:44.973, 162.92, 100, 6671
2026/08/25 23:40:45.973, 163.12, 99, 6671
2026/08/25 23:40:46.973, 163.08, 100, 6671
2026/08/25 23:40:47.974, 163.07, 100, 6671
2026/08/25 23:40:48.974, 162.78, 99, 6671
2026/08/25 23:40:49.974, 163.11, 100, 6671
2026/08/25 23:40:50.974, 163.11, 100, 6671
2026/08/25 23:40:51.974, 163.02, 99, 6671
2026/08/25 23:40:52.974, 162.83, 100, 6671
2026/08/25 23:40:53.975, 162.87, 99, 6671
2026/08/25 23:40:54.975, 162.95, 100, 6671
2026/08/25 23:40:55.975, 163.00, 100, 6671
2026/08/25 23:40:56.975, 163.06, 100, 6671
2026/08/25 23:40:57.975, 163.11, 100, 6671
2026/08/25 23:40:58.975, 163.06, 100, 6671
2026/08/25 23:40:59.976, 162.93, 99, 6671
2026/08/25 23:41:00.976, 162.92, 100, 6671
2026/08/25 23:41:01.976, 162.68, 100, 6671
2026/08/25 23:41:02.976, 162.75, 100, 6671
2026/08/25 23:41:03.976, 162.96, 100, 6671
2026/08/25 23:41:04.976, 162.76, 100, 6671
2026/08/25 23:41:05.977, 156.39, 59, 6671
2026/08/25 23:41:06.977, 154.79, 100, 6671
2026/08/25 23:41:07.977, 160.19, 100, 6671
2026/08/25 23:41:08.977, 159.61, 99, 6671
2026/08/25 23:41:09.977, 160.02, 100, 6671
2026/08/25 23:41:10.978, 160.66, 100, 6671
2026/08/25 23:41:11.978, 159.43, 100, 6671
2026/08/25 23:41:12.978, 159.62, 100, 6671
2026/08/25 23:41:13.978, 160.81, 100, 6671
2026/08/25 23:41:14.978, 159.76, 100, 6671
2026/08/25 23:41:15.979, 159.72, 100, 6671
2026/08/25 23:41:16.979, 160.83, 100, 6671
2026/08/25 23:41:17.979, 159.42, 100, 6671
2026/08/25 23:41:18.979, 159.68, 100, 6671
2026/08/25 23:41:19.979, 160.67, 100, 6671
2026/08/25 23:41:20.979, 159.95, 100, 6671
2026/08/25 23:41:21.980, 159.35, 98, 6671
2026/08/25 23:41:22.980, 160.27, 100, 6671
2026/08/25 23:41:23.980, 159.85, 100, 6671
2026/08/25 23:41:24.980, 159.09, 98, 6671
2026/08/25 23:41:25.980, 160.39, 100, 6671
2026/08/25 23:41:26.980, 160.07, 100, 6671
2026/08/25 23:41:27.981, 159.38, 98, 6671
2026/08/25 23:41:28.981, 160.13, 100, 6671
2026/08/25 23:41:29.981, 160.16, 100, 6671
2026/08/25 23:41:30.981, 159.26, 98, 6671
2026/08/25 23:41:31.981, 159.97, 100, 6671
2026/08/25 23:41:32.982, 159.67, 100, 6671
2026/08/25 23:41:33.982, 159.29, 98, 6671
2026/08/25 23:41:34.982, 160.07, 100, 6671
2026/08/25 23:41:35.982, 159.71, 100, 6671
2026/08/25 23:41:36.982, 159.18, 98, 6671
2026/08/25 23:41:37.982, 159.84, 100, 6671
2026/08/25 23:41:38.983, 160.29, 100, 6671
2026/08/25 23:41:39.983, 158.84, 98, 6671
2026/08/25 23:41:40.983, 159.75, 100, 6671
2026/08/25 23:41:41.983, 160.48, 100, 6671
2026/08/25 23:41:42.983, 158.91, 98, 6671
2026/08/25 23:41:43.983, 160.16, 100, 6671
2026/08/25 23:41:44.984, 160.08, 100, 6671
2026/08/25 23:41:45.984, 158.87, 98, 6671
2026/08/25 23:41:46.984, 160.47, 100, 6671
2026/08/25 23:41:47.984, 160.53, 100, 6671
2026/08/25 23:41:48.984, 159.07, 98, 6671
2026/08/25 23:41:49.985, 160.33, 100, 6671
2026/08/25 23:41:50.985, 161.04, 100, 6671
2026/08/25 23:41:51.985, 159.62, 100, 6671
2026/08/25 23:41:52.985, 159.82, 100, 6671
2026/08/25 23:41:53.985, 160.55, 100, 6671
2026/08/25 23:41:54.985, 159.73, 100, 6671
2026/08/25 23:41:55.986, 160.04, 100, 6671
2026/08/25 23:41:56.986, 161.06, 100, 6671
2026/08/25 23:41:57.986, 159.50, 100, 6671
2026/08/25 23:41:58.986, 159.50, 100, 6671
2026/08/25 23:41:59.986, 160.32, 100, 6671
2026/08/25 23:42:00.986, 159.93, 100, 6671
2026/08/25 23:42:01.987, 159.82, 100, 6671
2026/08/25 23:42:02.987, 160.72, 100, 6671
2026/08/25 23:42:03.987, 159.70, 100, 6671
2026/08/25 23:42:04.987, 159.27, 98, 6671
2026/08/25 23:42:05.987, 160.36, 100, 6671
2026/08/25 23:42:06.987, 160.20, 100, 6671
2026/08/25 23:42:07.988, 159.62, 98, 6671
2026/08/25 23:42:08.988, 159.95, 100, 6671
2026/08/25 23:42:09.988, 160.09, 100, 6671
2026/08/25 23:42:10.988, 159.37, 98, 6671
2026/08/25 23:42:11.988, 160.12, 100, 6671
2026/08/25 23:42:12.988, 160.22, 100, 6671
2026/08/25 23:42:13.989, 159.05, 98, 6671
2026/08/25 23:42:14.989, 160.65, 100, 6671
2026/08/25 23:42:15.989, 160.43, 100, 6671
2026/08/25 23:42:16.989, 159.32, 98, 6671
2026/08/25 23:42:17.989, 160.06, 100, 6671
2026/08/25 23:42:18.989, 160.15, 100, 6671
2026/08/25 23:42:19.990, 159.19, 98, 6671
2026/08/25 23:42:20.990, 159.85, 100, 6671
2026/08/25 23:42:21.990, 160.39, 100, 6671
2026/08/25 23:42:22.990, 158.90, 98, 6671
2026/08/25 23:42:23.990, 159.90, 100, 6671
2026/08/25 23:42:24.990, 160.68, 100, 6671
2026/08/25 23:42:25.991, 159.10, 98, 6671
2026/08/25 23:42:26.991, 159.85, 100, 6671
2026/08/25 23:42:27.991, 160.58, 100, 6671
2026/08/25 23:42:28.991, 158.96, 98, 6671
2026/08/25 23:42:29.991, 159.84, 100, 6671
2026/08/25 23:42:30.991, 160.44, 100, 6671
2026/08/25 23:42:31.992, 159.85, 99, 6671
2026/08/25 23:42:32.992, 159.90, 100, 6671
2026/08/25 23:42:33.992, 160.44, 100, 6671
2026/08/25 23:42:34.992, 159.33, 100, 6671
2026/08/25 23:42:35.992, 159.65, 100, 6671
2026/08/25 23:42:36.992, 161.00, 100, 6671
2026/08/25 23:42:37.993, 159.92, 100, 6671
2026/08/25 23:42:38.993, 159.97, 100, 6671
2026/08/25 23:42:39.993, 160.54, 100, 6671
2026/08/25 23:42:40.993, 159.56, 100, 6671
2026/08/25 23:42:41.993, 159.44, 100, 6671
2026/08/25 23:42:42.994, 160.87, 100, 6671
2026/08/25 23:42:43.994, 159.49, 100, 6671
2026/08/25 23:42:44.994, 159.55, 99, 6671
2026/08/25 23:42:45.994, 160.30, 100, 6671
2026/08/25 23:42:46.994, 159.99, 100, 6671
2026/08/25 23:42:47.994, 159.22, 98, 6671
2026/08/25 23:42:48.995, 160.35, 100, 6671
2026/08/25 23:42:49.995, 159.67, 100, 6671
2026/08/25 23:42:50.995, 159.33, 98, 6671
2026/08/25 23:42:51.995, 160.38, 100, 6671
2026/08/25 23:42:52.995, 160.02, 100, 6671
2026/08/25 23:42:53.995, 159.32, 98, 6671
2026/08/25 23:42:54.996, 159.96, 100, 6671
2026/08/25 23:42:55.996, 159.58, 100, 6671
2026/08/25 23:42:56.996, 159.06, 98, 6671
2026/08/25 23:42:57.996, 159.92, 100, 6671
2026/08/25 23:42:58.996, 159.92, 100, 6671
2026/08/25 23:42:59.996, 158.90, 98, 6671
2026/08/25 23:43:00.997, 159.66, 100, 6671
2026/08/25 23:43:01.997, 160.15, 100, 6671
2026/08/25 23:43:02.997, 158.85, 98, 6671
2026/08/25 23:43:03.997, 159.67, 100, 6671
2026/08/25 23:43:04.997, 160.22, 100, 6671
2026/08/25 23:43:05.998, 158.87, 98, 6671
2026/08/25 23:43:06.998, 159.53, 100, 6671
2026/08/25 23:43:07.998, 159.87, 100, 6671
2026/08/25 23:43:08.998, 158.78, 98, 6671
2026/08/25 23:43:09.998, 159.79, 100, 6671
2026/08/25 23:43:10.998, 160.39, 100, 6671
2026/08/25 23:43:11.999, 158.74, 98, 6671
2026/08/25 23:43:12.999, 160.52, 100, 6671
2026/08/25 23:43:13.999, 160.60, 100, 6671
2026/08/25 23:43:14.999, 159.31, 99, 6671
2026/08/25 23:43:15.999, 159.49, 100, 6671
2026/08/25 23:43:17.000, 160.20, 100, 6671
2026/08/25 23:43:18.000, 159.33, 100, 6671
2026/08/25 23:43:19.000, 159.49, 100, 6671
2026/08/25 23:43:20.000, 160.41, 100, 6671
2026/08/25 23:43:21.000, 159.36, 100, 6671
2026/08/25 23:43:22.000, 159.80, 100, 6671
2026/08/25 23:43:23.001, 160.70, 100, 6671
2026/08/25 23:43:24.001, 159.47, 100, 6671
2026/08/25 23:43:25.001, 159.67, 100, 6671
2026/08/25 23:43:26.001, 160.22, 100, 6671
2026/08/25 23:43:27.001, 159.79, 100, 6671
2026/08/25 23:43:28.001, 159.20, 99, 6671
2026/08/25 23:43:29.002, 160.46, 100, 6671
2026/08/25 23:43:30.002, 159.39, 100, 6671
2026/08/25 23:43:31.002, 159.07, 98, 6671
2026/08/25 23:43:32.002, 160.11, 100, 6671
2026/08/25 23:43:33.002, 159.52, 100, 6671
2026/08/25 23:43:34.002, 159.45, 98, 6671
2026/08/25 23:43:35.003, 160.01, 100, 6671
2026/08/25 23:43:36.003, 159.62, 100, 6671
2026/08/25 23:43:37.003, 158.97, 98, 6671
2026/08/25 23:43:38.003, 160.03, 100, 6671
2026/08/25 23:43:39.003, 160.57, 100, 6671
2026/08/25 23:43:40.003, 159.46, 98, 6671
2026/08/25 23:43:41.004, 159.90, 100, 6671
2026/08/25 23:43:42.004, 159.91, 100, 6671
2026/08/25 23:43:43.004, 159.14, 98, 6671
2026/08/25 23:43:44.004, 160.01, 100, 6671
2026/08/25 23:43:45.004, 160.24, 100, 6671
2026/08/25 23:43:46.004, 158.87, 98, 6671
2026/08/25 23:43:47.005, 159.58, 100, 6671
2026/08/25 23:43:48.005, 159.92, 100, 6671
2026/08/25 23:43:49.005, 158.83, 98, 6671
2026/08/25 23:43:50.005, 159.88, 100, 6671
2026/08/25 23:43:51.005, 159.90, 100, 6671
2026/08/25 23:43:52.005, 158.88, 98, 6671
2026/08/25 23:43:53.006, 159.63, 100, 6671
2026/08/25 23:43:54.006, 159.79, 100, 6671
2026/08/25 23:43:55.006, 158.53, 98, 6671
2026/08/25 23:43:56.006, 159.65, 100, 6671
2026/08/25 23:43:57.006, 159.85, 100, 6671
2026/08/25 23:43:58.006, 158.68, 98, 6671
2026/08/25 23:43:59.007, 160.34, 100, 6671
2026/08/25 23:44:00.007, 160.59, 100, 6671
2026/08/25 23:44:01.007, 159.63, 98, 6671
2026/08/25 23:44:02.007, 159.90, 100, 6671
2026/08/25 23:44:03.007, 160.21, 100, 6671
2026/08/25 23:44:04.007, 159.37, 100, 6671
2026/08/25 23:44:05.008, 159.69, 100, 6671
2026/08/25 23:44:06.008, 160.68, 100, 6671
2026/08/25 23:44:07.008, 159.36, 100, 6671
2026/08/25 23:44:08.008, 159.63, 100, 6671
2026/08/25 23:44:09.008, 160.73, 100, 6671
2026/08/25 23:44:10.008, 159.80, 100, 6671
2026/08/25 23:44:11.009, 159.53, 100, 6671
2026/08/25 23:44:12.009, 160.17, 100, 6671
2026/08/25 23:44:13.009, 159.60, 100, 6671
2026/08/25 23:44:14.009, 159.68, 100, 6671
2026/08/25 23:44:15.009, 160.75, 100, 6671
2026/08/25 23:44:16.009, 159.52, 100, 6671
2026/08/25 23:44:17.010, 159.24, 99, 6671
2026/08/25 23:44:18.010, 160.17, 100, 6671
2026/08/25 23:44:19.010, 159.42, 100, 6671
2026/08/25 23:44:20.010, 158.97, 98, 6671
2026/08/25 23:44:21.010, 159.96, 100, 6671
2026/08/25 23:44:22.010, 159.68, 100, 6671
2026/08/25 23:44:23.011, 157.63, 88, 6671
2026/08/25 23:44:24.011, 163.81, 100, 6671
2026/08/25 23:44:25.011, 163.42, 100, 6671
2026/08/25 23:44:26.011, 162.73, 99, 6671
2026/08/25 23:44:27.011, 162.74, 100, 6671
2026/08/25 23:44:28.011, 162.45, 100, 6671
2026/08/25 23:44:29.012, 162.58, 99, 6671
2026/08/25 23:44:30.012, 162.80, 100, 6671
2026/08/25 23:44:31.012, 162.56, 100, 6671
2026/08/25 23:44:32.012, 162.50, 99, 6671
2026/08/25 23:44:33.012, 162.91, 100, 6671
2026/08/25 23:44:34.013, 162.67, 100, 6671
2026/08/25 23:44:35.013, 162.54, 99, 6671
2026/08/25 23:44:36.013, 162.53, 100, 6671
2026/08/25 23:44:37.013, 162.64, 100, 6671
2026/08/25 23:44:38.013, 162.76, 100, 6671
2026/08/25 23:44:39.013, 162.73, 100, 6671
2026/08/25 23:44:40.014, 162.65, 100, 6671
2026/08/25 23:44:41.014, 162.65, 100, 6671
2026/08/25 23:44:42.014, 162.85, 100, 6671
2026/08/25 23:44:43.014, 162.77, 100, 6671
2026/08/25 23:44:44.014, 162.69, 100, 6671
2026/08/25 23:44:45.014, 162.66, 100, 6671
2026/08/25 23:44:46.015, 162.67, 100, 6671
2026/08/25 23:44:47.015, 162.56, 99, 6671
2026/08/25 23:44:48.015, 162.85, 100, 6671
2026/08/25 23:44:49.024, 162.80, 99, 6671
2026/08/25 23:44:50.024, 162.83, 100, 6671
2026/08/25 23:44:51.024, 162.60, 100, 6671
2026/08/25 23:44:52.024, 162.96, 100, 6671
2026/08/25 23:44:53.024, 162.95, 100, 6671
2026/08/25 23:44:54.024, 162.78, 100, 6671
2026/08/25 23:44:55.025, 162.83, 99, 6671
2026/08/25 23:44:56.025, 163.01, 100, 6671
2026/08/25 23:44:57.025, 162.88, 100, 6671
2026/08/25 23:44:58.025, 162.90, 99, 6671
2026/08/25 23:44:59.025, 162.85, 100, 6671
2026/08/25 23:45:00.025, 162.96, 100, 6671
2026/08/25 23:45:01.026, 162.90, 99, 6671
2026/08/25 23:45:02.026, 162.93, 100, 6671
2026/08/25 23:45:03.026, 162.81, 100, 6671
2026/08/25 23:45:04.026, 162.97, 99, 6671
2026/08/25 23:45:05.026, 162.89, 100, 6671
2026/08/25 23:45:06.026, 162.82, 100, 6671
2026/08/25 23:45:07.027, 162.81, 99, 6671
2026/08/25 23:45:08.027, 163.05, 100, 6671
2026/08/25 23:45:09.027, 163.11, 100, 6671
2026/08/25 23:45:10.027, 162.88, 100, 6671
2026/08/25 23:45:11.027, 162.77, 100, 6671
2026/08/25 23:45:12.027, 162.84, 100, 6671
2026/08/25 23:45:13.028, 162.89, 99, 6671
2026/08/25 23:45:14.028, 163.10, 100, 6671
2026/08/25 23:45:15.028, 162.89, 100, 6671
2026/08/25 23:45:16.028, 162.64, 100, 6671
2026/08/25 23:45:17.028, 162.81, 100, 6671
2026/08/25 23:45:18.028, 162.96, 100, 6671
2026/08/25 23:45:19.029, 162.91, 99, 6671
2026/08/25 23:45:20.029, 162.70, 100, 6671
2026/08/25 23:45:21.029, 163.18, 100, 6671
2026/08/25 23:45:22.029, 163.05, 99, 6671
2026/08/25 23:45:23.029, 162.75, 99, 6671
2026/08/25 23:45:24.029, 162.57, 100, 6671
2026/08/25 23:45:25.030, 162.69, 99, 6671
2026/08/25 23:45:26.030, 162.94, 100, 6671
2026/08/25 23:45:27.030, 163.05, 100, 6671
2026/08/25 23:45:28.030, 163.05, 99, 6671
2026/08/25 23:45:29.030, 163.02, 100, 6671
2026/08/25 23:45:30.031, 163.07, 100, 6671
2026/08/25 23:45:31.031, 163.01, 99, 6671
2026/08/25 23:45:32.031, 163.06, 100, 6671
2026/08/25 23:45:33.031, 162.76, 100, 6671
2026/08/25 23:45:34.031, 163.09, 100, 6671
2026/08/25 23:45:35.031, 162.93, 100, 6671
2026/08/25 23:45:36.031, 162.98, 100, 6671
2026/08/25 23:45:37.032, 162.98, 99, 6671
2026/08/25 23:45:38.032, 162.82, 100, 6671
2026/08/25 23:45:39.032, 162.97, 100, 6671
2026/08/25 23:45:40.032, 162.84, 100, 6671
2026/08/25 23:45:41.032, 163.04, 100, 6671
2026/08/25 23:45:42.032, 162.98, 100, 6671
2026/08/25 23:45:43.033, 163.16, 100, 6671
2026/08/25 23:45:44.033, 163.21, 100, 6671
2026/08/25 23:45:45.033, 163.07, 100, 6671
2026/08/25 23:45:46.033, 162.91, 99, 6671
2026/08/25 23:45:47.033, 163.05, 100, 6671
2026/08/25 23:45:48.033, 163.03, 100, 6671
2026/08/25 23:45:49.034, 162.86, 99, 6671
2026/08/25 23:45:50.034, 162.96, 100, 6671
2026/08/25 23:45:51.034, 162.92, 100, 6671
2026/08/25 23:45:52.034, 162.92, 100, 6671
2026/08/25 23:45:53.034, 163.03, 100, 6671
2026/08/25 23:45:54.034, 163.06, 100, 6671
2026/08/25 23:45:55.034, 163.04, 99, 6671
2026/08/25 23:45:56.035, 162.92, 100, 6671
2026/08/25 23:45:57.035, 162.92, 100, 6671
2026/08/25 23:45:58.035, 163.01, 100, 6671
2026/08/25 23:45:59.035, 163.05, 100, 6671
2026/08/25 23:46:00.035, 154.65, 100, 6671
2026/08/25 23:46:01.035, 160.14, 100, 6671
2026/08/25 23:46:02.036, 160.84, 100, 6671
2026/08/25 23:46:03.036, 159.48, 100, 6671
2026/08/25 23:46:04.036, 159.70, 100, 6671
2026/08/25 23:46:05.036, 161.03, 100, 6671
2026/08/25 23:46:06.036, 159.79, 100, 6671
2026/08/25 23:46:07.037, 159.81, 100, 6671
2026/08/25 23:46:08.037, 160.61, 100, 6671
2026/08/25 23:46:09.037, 160.04, 100, 6671
2026/08/25 23:46:10.037, 159.92, 99, 6671
2026/08/25 23:46:11.037, 160.85, 100, 6671
2026/08/25 23:46:12.037, 159.98, 100, 6671
2026/08/25 23:46:13.038, 159.54, 98, 6671
2026/08/25 23:46:14.038, 160.58, 100, 6671
2026/08/25 23:46:15.046, 159.78, 100, 6671
2026/08/25 23:46:16.047, 159.53, 97, 6671
2026/08/25 23:46:17.047, 160.13, 100, 6671
2026/08/25 23:46:18.047, 160.07, 100, 6671
2026/08/25 23:46:19.047, 159.40, 98, 6671
2026/08/25 23:46:20.047, 160.14, 100, 6671
2026/08/25 23:46:21.047, 160.14, 100, 6671
2026/08/25 23:46:22.048, 159.44, 98, 6671
2026/08/25 23:46:23.048, 160.26, 100, 6671
2026/08/25 23:46:24.048, 159.82, 100, 6671
2026/08/25 23:46:25.048, 159.25, 98, 6671
2026/08/25 23:46:26.048, 160.55, 100, 6671
2026/08/25 23:46:27.048, 160.24, 100, 6671
2026/08/25 23:46:28.049, 159.06, 98, 6671
2026/08/25 23:46:29.049, 160.08, 100, 6671
2026/08/25 23:46:30.049, 160.22, 100, 6671
2026/08/25 23:46:31.049, 159.23, 98, 6671
2026/08/25 23:46:32.049, 160.34, 100, 6671
2026/08/25 23:46:33.050, 160.57, 100, 6671
2026/08/25 23:46:34.050, 158.78, 98, 6671
2026/08/25 23:46:35.050, 159.94, 100, 6671
2026/08/25 23:46:36.050, 160.46, 100, 6671
2026/08/25 23:46:37.050, 159.19, 98, 6671
2026/08/25 23:46:38.050, 160.11, 100, 6671
2026/08/25 23:46:39.051, 160.79, 100, 6671
2026/08/25 23:46:40.051, 159.54, 98, 6671
2026/08/25 23:46:41.051, 159.83, 100, 6671
2026/08/25 23:46:42.051, 160.48, 100, 6671
2026/08/25 23:46:43.051, 159.72, 100, 6671
2026/08/25 23:46:44.051, 159.81, 100, 6671
2026/08/25 23:46:45.052, 160.57, 100, 6671
2026/08/25 23:46:46.052, 159.73, 100, 6671
2026/08/25 23:46:47.052, 159.91, 100, 6671
2026/08/25 23:46:48.052, 160.73, 100, 6671
2026/08/25 23:46:49.052, 159.98, 100, 6671
2026/08/25 23:46:50.052, 160.05, 100, 6671
2026/08/25 23:46:51.053, 160.47, 100, 6671
2026/08/25 23:46:52.053, 159.62, 100, 6671
2026/08/25 23:46:53.053, 159.47, 100, 6671
2026/08/25 23:46:54.053, 160.49, 100, 6671
2026/08/25 23:46:55.053, 160.34, 100, 6671
2026/08/25 23:46:56.053, 159.85, 99, 6671
2026/08/25 23:46:57.054, 160.27, 100, 6671
2026/08/25 23:46:58.054, 159.72, 100, 6671
2026/08/25 23:46:59.054, 159.23, 98, 6671
2026/08/25 23:47:00.054, 160.49, 100, 6671
2026/08/25 23:47:01.054, 160.14, 100, 6671
2026/08/25 23:47:02.054, 159.42, 98, 6671
2026/08/25 23:47:03.055, 160.23, 100, 6671
2026/08/25 23:47:04.055, 159.82, 100, 6671
2026/08/25 23:47:05.055, 159.44, 98, 6671
2026/08/25 23:47:06.055, 159.96, 100, 6671
2026/08/25 23:47:07.055, 159.84, 100, 6671
2026/08/25 23:47:08.055, 159.20, 98, 6671
2026/08/25 23:47:09.056, 160.12, 100, 6671
2026/08/25 23:47:10.056, 159.81, 100, 6671
2026/08/25 23:47:11.056, 159.16, 98, 6671
2026/08/25 23:47:12.056, 159.89, 100, 6671
2026/08/25 23:47:13.056, 160.52, 100, 6671
2026/08/25 23:47:14.057, 159.22, 98, 6671
2026/08/25 23:47:15.057, 159.81, 100, 6671
2026/08/25 23:47:16.057, 159.86, 100, 6671
2026/08/25 23:47:17.057, 158.97, 98, 6671
2026/08/25 23:47:18.057, 159.76, 100, 6671
2026/08/25 23:47:19.057, 159.97, 100, 6671
2026/08/25 23:47:20.058, 158.72, 98, 6671
2026/08/25 23:47:21.058, 160.51, 100, 6671
2026/08/25 23:47:22.058, 160.45, 100, 6671
2026/08/25 23:47:23.058, 158.84, 98, 6671
2026/08/25 23:47:24.058, 160.62, 100, 6671
2026/08/25 23:47:25.058, 160.49, 100, 6671
2026/08/25 23:47:26.059, 159.43, 99, 6671
2026/08/25 23:47:27.059, 159.78, 100, 6671
2026/08/25 23:47:28.059, 160.13, 100, 6671
2026/08/25 23:47:29.059, 159.66, 100, 6671
2026/08/25 23:47:30.059, 159.90, 100, 6671
2026/08/25 23:47:31.059, 160.84, 100, 6671
2026/08/25 23:47:32.060, 159.81, 100, 6671
2026/08/25 23:47:33.060, 159.53, 100, 6671
2026/08/25 23:47:34.060, 160.54, 100, 6671
2026/08/25 23:47:35.060, 159.71, 100, 6671
2026/08/25 23:47:36.060, 159.80, 100, 6671
2026/08/25 23:47:37.060, 160.99, 100, 6671
2026/08/25 23:47:38.061, 159.72, 100, 6671
2026/08/25 23:47:39.061, 159.50, 99, 6671
2026/08/25 23:47:40.061, 160.38, 100, 6671
2026/08/25 23:47:41.069, 159.80, 100, 6671
2026/08/25 23:47:42.070, 159.60, 98, 6671
2026/08/25 23:47:43.070, 160.40, 100, 6671
2026/08/25 23:47:44.070, 159.65, 100, 6671
2026/08/25 23:47:45.070, 159.30, 98, 6671
2026/08/25 23:47:46.070, 160.29, 100, 6671
2026/08/25 23:47:47.070, 160.10, 100, 6671
2026/08/25 23:47:48.071, 159.23, 98, 6671
2026/08/25 23:47:49.071, 160.23, 100, 6671
2026/08/25 23:47:50.071, 159.80, 100, 6671
2026/08/25 23:47:51.071, 159.28, 98, 6671
2026/08/25 23:47:52.071, 160.17, 100, 6671
2026/08/25 23:47:53.071, 160.27, 100, 6671
2026/08/25 23:47:54.072, 159.56, 98, 6671
2026/08/25 23:47:55.072, 159.78, 100, 6671
2026/08/25 23:47:56.072, 160.04, 100, 6671
2026/08/25 23:47:57.072, 159.05, 98, 6671
2026/08/25 23:47:58.072, 159.82, 100, 6671
2026/08/25 23:47:59.073, 160.70, 100, 6671
2026/08/25 23:48:00.073, 159.28, 98, 6671
2026/08/25 23:48:01.073, 160.01, 100, 6671
2026/08/25 23:48:02.073, 160.11, 100, 6671
2026/08/25 23:48:03.073, 159.00, 98, 6671
2026/08/25 23:48:04.073, 159.88, 100, 6671
2026/08/25 23:48:05.074, 160.00, 100, 6671
2026/08/25 23:48:06.074, 158.62, 98, 6671
2026/08/25 23:48:07.074, 159.72, 100, 6671
2026/08/25 23:48:08.074, 160.35, 100, 6671
2026/08/25 23:48:09.074, 159.41, 98, 6671
2026/08/25 23:48:10.074, 160.28, 100, 6671
2026/08/25 23:48:11.075, 160.64, 100, 6671
2026/08/25 23:48:12.075, 159.63, 100, 6671
2026/08/25 23:48:13.075, 159.93, 100, 6671
2026/08/25 23:48:14.075, 160.20, 100, 6671
2026/08/25 23:48:15.075, 159.77, 100, 6671
2026/08/25 23:48:16.075, 159.83, 100, 6671
2026/08/25 23:48:17.076, 161.09, 100, 6671
2026/08/25 23:48:18.076, 159.54, 100, 6671
2026/08/25 23:48:19.076, 159.46, 100, 6671
2026/08/25 23:48:20.076, 160.29, 100, 6671
2026/08/25 23:48:21.076, 159.98, 100, 6671
2026/08/25 23:48:22.076, 159.37, 100, 6671
2026/08/25 23:48:23.077, 160.22, 100, 6671
2026/08/25 23:48:24.077, 159.50, 100, 6671
2026/08/25 23:48:25.077, 159.21, 98, 6671
2026/08/25 23:48:26.077, 160.27, 100, 6671
2026/08/25 23:48:27.077, 159.68, 100, 6671
2026/08/25 23:48:28.077, 159.53, 98, 6671
2026/08/25 23:48:29.078, 160.08, 100, 6671
2026/08/25 23:48:30.078, 159.58, 100, 6671
2026/08/25 23:48:31.078, 159.53, 98, 6671
2026/08/25 23:48:32.078, 160.28, 100, 6671
2026/08/25 23:48:33.078, 159.52, 100, 6671
2026/08/25 23:48:34.079, 158.96, 98, 6671
2026/08/25 23:48:35.079, 160.37, 100, 6671
2026/08/25 23:48:36.079, 159.82, 100, 6671
2026/08/25 23:48:37.079, 159.15, 97, 6671
2026/08/25 23:48:38.079, 160.68, 100, 6671
2026/08/25 23:48:39.079, 160.09, 100, 6671
2026/08/25 23:48:40.080, 159.35, 98, 6671
2026/08/25 23:48:41.080, 160.08, 100, 6671
2026/08/25 23:48:42.080, 160.47, 100, 6671
2026/08/25 23:48:43.080, 159.37, 98, 6671
2026/08/25 23:48:44.080, 160.29, 100, 6671
2026/08/25 23:48:45.080, 160.51, 100, 6671
2026/08/25 23:48:46.081, 158.82, 98, 6671
2026/08/25 23:48:47.081, 159.88, 100, 6671
2026/08/25 23:48:48.081, 160.42, 100, 6671
2026/08/25 23:48:49.081, 159.05, 98, 6671
2026/08/25 23:48:50.081, 159.82, 100, 6671
2026/08/25 23:48:51.081, 160.50, 100, 6671
2026/08/25 23:48:52.082, 158.65, 98, 6671
2026/08/25 23:48:53.082, 159.91, 100, 6671
2026/08/25 23:48:54.082, 160.60, 100, 6671
2026/08/25 23:48:55.082, 159.25, 95, 6671
2026/08/25 23:48:56.082, 159.73, 100, 6671
2026/08/25 23:48:57.082, 160.53, 100, 6671
2026/08/25 23:48:58.082, 159.58, 100, 6671
2026/08/25 23:48:59.083, 159.83, 100, 6671
2026/08/25 23:49:00.083, 160.62, 100, 6671
2026/08/25 23:49:01.083, 159.80, 100, 6671
2026/08/25 23:49:02.083, 159.76, 100, 6671
2026/08/25 23:49:03.083, 160.26, 100, 6671
2026/08/25 23:49:04.084, 159.47, 100, 6671
2026/08/25 23:49:05.084, 159.32, 100, 6671
2026/08/25 23:49:06.084, 160.23, 100, 6671
2026/08/25 23:49:07.084, 160.05, 100, 6671
2026/08/25 23:49:08.084, 159.70, 100, 6671
2026/08/25 23:49:09.084, 160.47, 100, 6671
2026/08/25 23:49:10.085, 159.90, 100, 6671
2026/08/25 23:49:11.085, 159.57, 98, 6671
2026/08/25 23:49:12.085, 160.15, 100, 6671
2026/08/25 23:49:13.085, 159.91, 100, 6671
2026/08/25 23:49:14.085, 159.41, 98, 6671
2026/08/25 23:49:15.085, 160.19, 100, 6671
2026/08/25 23:49:16.086, 160.12, 100, 6671
2026/08/25 23:49:17.086, 161.54, 100, 6671
2026/08/25 23:49:18.086, 164.18, 100, 6671
2026/08/25 23:49:19.086, 163.56, 100, 6671
2026/08/25 23:49:20.086, 163.19, 100, 6671
2026/08/25 23:49:21.086, 163.11, 99, 6671
2026/08/25 23:49:22.087, 163.31, 100, 6671
2026/08/25 23:49:23.087, 163.23, 100, 6671
2026/08/25 23:49:24.087, 163.18, 99, 6671
2026/08/25 23:49:25.087, 163.20, 100, 6671
2026/08/25 23:49:26.087, 163.19, 99, 6671
2026/08/25 23:49:27.087, 163.36, 100, 6671
2026/08/25 23:49:28.088, 163.29, 100, 6671
2026/08/25 23:49:29.088, 163.37, 100, 6671
2026/08/25 23:49:30.088, 163.38, 100, 6671
2026/08/25 23:49:31.088, 163.40, 100, 6671
2026/08/25 23:49:32.088, 163.50, 100, 6671
2026/08/25 23:49:33.088, 163.42, 100, 6671
2026/08/25 23:49:34.089, 163.10, 100, 6671
2026/08/25 23:49:35.089, 163.29, 99, 6671
2026/08/25 23:49:36.089, 163.36, 100, 6671
2026/08/25 23:49:37.089, 163.37, 100, 6671
2026/08/25 23:49:38.089, 163.25, 99, 6671
2026/08/25 23:49:39.089, 163.57, 100, 6671
2026/08/25 23:49:40.090, 163.67, 100, 6671
2026/08/25 23:49:41.090, 163.59, 99, 6671
2026/08/25 23:49:42.090, 163.53, 100, 6671
2026/08/25 23:49:43.090, 163.35, 100, 6671
2026/08/25 23:49:44.090, 163.58, 100, 6671
2026/08/25 23:49:45.090, 163.52, 100, 6671
2026/08/25 23:49:46.091, 163.40, 100, 6671
2026/08/25 23:49:47.091, 163.18, 100, 6671
2026/08/25 23:49:48.091, 163.35, 100, 6671
2026/08/25 23:49:49.091, 163.53, 100, 6671
2026/08/25 23:49:50.091, 163.41, 100, 6671
2026/08/25 23:49:51.091, 163.37, 100, 6671
2026/08/25 23:49:52.092, 163.37, 100, 6671
2026/08/25 23:49:53.092, 163.53, 100, 6671
2026/08/25 23:49:54.092, 163.51, 100, 6671
2026/08/25 23:49:55.092, 163.41, 100, 6671
2026/08/25 23:49:56.092, 163.49, 100, 6671
2026/08/25 23:49:57.093, 163.45, 100, 6671
2026/08/25 23:49:58.093, 163.24, 99, 6671
2026/08/25 23:49:59.093, 163.31, 100, 6671
2026/08/25 23:50:00.093, 163.13, 100, 6671
2026/08/25 23:50:01.093, 163.32, 99, 6671
2026/08/25 23:50:02.093, 163.38, 100, 6671
2026/08/25 23:50:03.094, 163.63, 100, 6671
2026/08/25 23:50:04.094, 163.52, 100, 6671
2026/08/25 23:50:05.094, 163.48, 100, 6671
2026/08/25 23:50:06.094, 163.41, 100, 6671
2026/08/25 23:50:07.094, 163.61, 100, 6671
2026/08/25 23:50:08.094, 163.55, 100, 6671
2026/08/25 23:50:09.095, 163.23, 100, 6671
2026/08/25 23:50:10.095, 163.52, 100, 6671
2026/08/25 23:50:11.095, 163.61, 100, 6671
2026/08/25 23:50:12.095, 163.47, 100, 6671
2026/08/25 23:50:13.095, 163.43, 99, 6671
2026/08/25 23:50:14.095, 163.47, 100, 6671
2026/08/25 23:50:15.096, 163.46, 100, 6671
2026/08/25 23:50:16.096, 163.32, 99, 6671
2026/08/25 23:50:17.096, 163.35, 100, 6671
2026/08/25 23:50:18.096, 163.35, 100, 6671
2026/08/25 23:50:19.096, 163.44, 99, 6671
2026/08/25 23:50:20.096, 163.44, 100, 6671
2026/08/25 23:50:21.096, 163.52, 100, 6671
2026/08/25 23:50:22.097, 163.17, 99, 6671
2026/08/25 23:50:23.097, 163.39, 100, 6671
2026/08/25 23:50:24.097, 163.42, 100, 6671
2026/08/25 23:50:25.097, 163.55, 99, 6671
2026/08/25 23:50:26.097, 163.55, 100, 6671
2026/08/25 23:50:27.097, 163.25, 100, 6671
2026/08/25 23:50:28.098, 163.30, 100, 6671
2026/08/25 23:50:29.098, 163.49, 100, 6671
2026/08/25 23:50:30.098, 163.53, 99, 6671
2026/08/25 23:50:31.098, 163.53, 100, 6671
2026/08/25 23:50:32.098, 163.25, 100, 6671
2026/08/25 23:50:33.098, 163.42, 99, 6671
2026/08/25 23:50:34.099, 163.44, 100, 6671
2026/08/25 23:50:35.099, 163.33, 100, 6671
2026/08/25 23:50:36.099, 163.21, 99, 6671
2026/08/25 23:50:37.099, 163.39, 100, 6671
2026/08/25 23:50:38.099, 163.28, 100, 6671
2026/08/25 23:50:39.099, 163.39, 99, 6671
2026/08/25 23:50:40.100, 163.23, 100, 6671
2026/08/25 23:50:41.100, 163.54, 100, 6671
2026/08/25 23:50:42.100, 163.34, 100, 6671
2026/08/25 23:50:43.100, 163.32, 100, 6671
2026/08/25 23:50:44.100, 163.27, 100, 6671
2026/08/25 23:50:45.100, 163.60, 100, 6671
2026/08/25 23:50:46.100, 163.53, 100, 6671
2026/08/25 23:50:47.101, 163.46, 100, 6671
2026/08/25 23:50:48.101, 163.15, 99, 6671
2026/08/25 23:50:49.101, 163.17, 100, 6671
2026/08/25 23:50:50.101, 163.22, 100, 6671
2026/08/25 23:50:51.101, 163.01, 99, 6671
2026/08/25 23:50:52.101, 162.96, 100, 6671
2026/08/25 23:50:53.102, 155.49, 100, 6671
2026/08/25 23:50:54.102, 160.52, 100, 6671
2026/08/25 23:50:55.102, 159.29, 98, 6671
2026/08/25 23:50:56.102, 160.03, 100, 6671
2026/08/25 23:50:57.102, 159.95, 100, 6671
2026/08/25 23:50:58.102, 159.18, 98, 6671
2026/08/25 23:50:59.103, 160.08, 100, 6671
2026/08/25 23:51:00.103, 160.08, 100, 6671
2026/08/25 23:51:01.103, 159.00, 98, 6671
2026/08/25 23:51:02.103, 159.79, 100, 6671
2026/08/25 23:51:03.103, 160.11, 100, 6671
2026/08/25 23:51:04.103, 158.89, 98, 6671
2026/08/25 23:51:05.104, 160.07, 100, 6671
2026/08/25 23:51:06.104, 160.42, 100, 6671
2026/08/25 23:51:07.104, 159.75, 98, 6671
2026/08/25 23:51:08.104, 159.82, 100, 6671
2026/08/25 23:51:09.104, 160.42, 100, 6671
2026/08/25 23:51:10.104, 159.67, 100, 6671
2026/08/25 23:51:11.105, 160.01, 100, 6671
2026/08/25 23:51:12.105, 160.96, 100, 6671
2026/08/25 23:51:13.105, 159.82, 100, 6671
2026/08/25 23:51:14.105, 159.90, 100, 6671
2026/08/25 23:51:15.105, 161.13, 100, 6671
2026/08/25 23:51:16.106, 159.64, 100, 6671
2026/08/25 23:51:17.106, 159.56, 100, 6671
2026/08/25 23:51:18.106, 160.50, 100, 6671
2026/08/25 23:51:19.106, 160.08, 100, 6671
2026/08/25 23:51:20.106, 159.78, 100, 6671
2026/08/25 23:51:21.106, 160.58, 100, 6671
2026/08/25 23:51:22.107, 159.82, 100, 6671
2026/08/25 23:51:23.107, 159.50, 98, 6671
2026/08/25 23:51:24.107, 160.31, 100, 6671
2026/08/25 23:51:25.107, 159.85, 100, 6671
2026/08/25 23:51:26.107, 159.49, 98, 6671
2026/08/25 23:51:27.107, 160.82, 100, 6671
2026/08/25 23:51:28.108, 160.15, 100, 6671
2026/08/25 23:51:29.108, 159.68, 98, 6671
2026/08/25 23:51:30.108, 160.43, 100, 6671
2026/08/25 23:51:31.108, 159.87, 100, 6671
2026/08/25 23:51:32.108, 159.09, 98, 6671
2026/08/25 23:51:33.108, 160.12, 100, 6671
2026/08/25 23:51:34.109, 160.35, 100, 6671
2026/08/25 23:51:35.109, 159.46, 98, 6671
2026/08/25 23:51:36.109, 160.09, 100, 6671
2026/08/25 23:51:37.109, 159.85, 100, 6671
2026/08/25 23:51:38.109, 159.32, 98, 6671
2026/08/25 23:51:39.109, 159.98, 100, 6671
2026/08/25 23:51:40.110, 159.84, 100, 6671
2026/08/25 23:51:41.110, 158.99, 98, 6671
2026/08/25 23:51:42.110, 159.91, 100, 6671
2026/08/25 23:51:43.110, 159.96, 100, 6671
2026/08/25 23:51:44.110, 158.95, 98, 6671
2026/08/25 23:51:45.110, 159.80, 100, 6671
2026/08/25 23:51:46.111, 159.90, 100, 6671
2026/08/25 23:51:47.111, 158.76, 98, 6671
2026/08/25 23:51:48.111, 159.64, 100, 6671
2026/08/25 23:51:49.111, 160.59, 100, 6671
2026/08/25 23:51:50.111, 159.77, 99, 6671
2026/08/25 23:51:51.112, 159.72, 100, 6671
2026/08/25 23:51:52.112, 160.38, 100, 6671
2026/08/25 23:51:53.112, 159.59, 100, 6671
2026/08/25 23:51:54.112, 159.81, 100, 6671
2026/08/25 23:51:55.112, 160.78, 100, 6671
2026/08/25 23:51:56.112, 159.70, 100, 6671
2026/08/25 23:51:57.113, 159.53, 100, 6671
2026/08/25 23:51:58.113, 160.29, 100, 6671
2026/08/25 23:51:59.113, 159.85, 100, 6671
2026/08/25 23:52:00.113, 159.32, 100, 6671
2026/08/25 23:52:01.113, 160.42, 100, 6671
2026/08/25 23:52:02.113, 160.03, 100, 6671
2026/08/25 23:52:03.113, 159.62, 98, 6671
2026/08/25 23:52:04.114, 160.45, 100, 6671
2026/08/25 23:52:05.114, 160.02, 100, 6671
2026/08/25 23:52:06.114, 159.18, 98, 6671
2026/08/25 23:52:07.114, 160.62, 100, 6671
2026/08/25 23:52:08.114, 160.27, 100, 6671
2026/08/25 23:52:09.114, 159.40, 98, 6671
2026/08/25 23:52:10.115, 160.24, 100, 6671
2026/08/25 23:52:11.115, 159.73, 100, 6671
2026/08/25 23:52:12.115, 159.36, 98, 6671
2026/08/25 23:52:13.115, 160.19, 100, 6671
2026/08/25 23:52:14.115, 160.10, 100, 6671
2026/08/25 23:52:15.115, 159.34, 98, 6671
2026/08/25 23:52:16.116, 160.16, 100, 6671
2026/08/25 23:52:17.116, 159.87, 100, 6671
2026/08/25 23:52:18.116, 159.09, 98, 6671
2026/08/25 23:52:19.116, 159.90, 100, 6671
2026/08/25 23:52:20.116, 160.35, 100, 6671
2026/08/25 23:52:21.116, 158.88, 98, 6671
2026/08/25 23:52:22.117, 160.62, 100, 6671
2026/08/25 23:52:23.117, 160.32, 100, 6671
2026/08/25 23:52:24.117, 158.81, 98, 6671
2026/08/25 23:52:25.117, 159.87, 100, 6671
2026/08/25 23:52:26.117, 160.24, 100, 6671
2026/08/25 23:52:27.117, 158.68, 98, 6671
2026/08/25 23:52:28.118, 159.88, 100, 6671
2026/08/25 23:52:29.118, 159.88, 100, 6671
2026/08/25 23:52:30.118, 159.33, 99, 6671
2026/08/25 23:52:31.118, 159.74, 100, 6671
2026/08/25 23:52:32.118, 160.69, 100, 6671
2026/08/25 23:52:33.118, 159.12, 100, 6671
2026/08/25 23:52:34.119, 159.71, 100, 6671
2026/08/25 23:52:35.119, 160.37, 100, 6671
2026/08/25 23:52:36.119, 159.91, 100, 6671
2026/08/25 23:52:37.119, 159.83, 100, 6671
2026/08/25 23:52:38.119, 160.88, 100, 6671
2026/08/25 23:52:39.119, 159.65, 100, 6671
2026/08/25 23:52:40.120, 159.44, 100, 6671
2026/08/25 23:52:41.120, 160.52, 100, 6671
2026/08/25 23:52:42.120, 159.41, 100, 6671
2026/08/25 23:52:43.120, 159.47, 98, 6671
2026/08/25 23:52:44.120, 160.47, 100, 6671
2026/08/25 23:52:45.120, 159.93, 100, 6671
2026/08/25 23:52:46.121, 159.39, 98, 6671
2026/08/25 23:52:47.121, 160.05, 100, 6671
2026/08/25 23:52:48.121, 159.58, 100, 6671
2026/08/25 23:52:49.121, 158.99, 98, 6671
2026/08/25 23:52:50.121, 160.13, 100, 6671
2026/08/25 23:52:51.121, 159.60, 100, 6671
2026/08/25 23:52:52.121, 158.86, 97, 6671
2026/08/25 23:52:53.122, 159.63, 100, 6671
2026/08/25 23:52:54.122, 159.73, 100, 6671
2026/08/25 23:52:55.122, 159.50, 98, 6671
2026/08/25 23:52:56.122, 160.61, 100, 6671
2026/08/25 23:52:57.122, 159.20, 100, 6671
2026/08/25 23:52:58.122, 159.72, 98, 6671
2026/08/25 23:52:59.123, 160.03, 100, 6671
2026/08/25 23:53:00.123, 159.28, 100, 6671
2026/08/25 23:53:01.123, 159.59, 97, 6671
2026/08/25 23:53:02.123, 160.38, 100, 6671
2026/08/25 23:53:03.123, 159.42, 100, 6671
2026/08/25 23:53:04.123, 159.67, 98, 6671
2026/08/25 23:53:05.124, 161.04, 100, 6671
2026/08/25 23:53:06.124, 159.87, 100, 6671
2026/08/25 23:53:07.124, 159.55, 98, 6671
2026/08/25 23:53:08.124, 160.48, 100, 6671
2026/08/25 23:53:09.124, 159.92, 100, 6671
2026/08/25 23:53:10.124, 159.38, 98, 6671
2026/08/25 23:53:11.125, 160.55, 100, 6671
2026/08/25 23:53:12.125, 159.54, 100, 6671
2026/08/25 23:53:13.125, 159.30, 100, 6671
2026/08/25 23:53:14.125, 160.08, 100, 6671
2026/08/25 23:53:15.127, 159.57, 100, 6671
2026/08/25 23:53:16.127, 159.36, 100, 6671
2026/08/25 23:53:17.129, 160.65, 100, 6671
2026/08/25 23:53:18.129, 159.66, 100, 6671
2026/08/25 23:53:19.129, 159.34, 100, 6671
2026/08/25 23:53:20.130, 160.56, 100, 6671
2026/08/25 23:53:21.130, 159.68, 100, 6671
2026/08/25 23:53:22.130, 159.57, 98, 6671
2026/08/25 23:53:23.130, 160.27, 100, 6671
2026/08/25 23:53:24.130, 159.58, 100, 6671
2026/08/25 23:53:25.130, 159.03, 98, 6671
2026/08/25 23:53:26.131, 159.88, 100, 6671
2026/08/25 23:53:27.131, 160.29, 100, 6671
2026/08/25 23:53:28.131, 159.32, 98, 6671
2026/08/25 23:53:29.131, 159.86, 100, 6671
2026/08/25 23:53:30.131, 159.75, 100, 6671
2026/08/25 23:53:31.131, 159.25, 98, 6671
2026/08/25 23:53:32.131, 160.06, 100, 6671
2026/08/25 23:53:33.132, 160.47, 100, 6671
2026/08/25 23:53:34.132, 159.04, 98, 6671
2026/08/25 23:53:35.132, 159.90, 100, 6671
2026/08/25 23:53:36.132, 160.31, 100, 6671
2026/08/25 23:53:37.132, 159.01, 98, 6671
2026/08/25 23:53:38.132, 159.86, 100, 6671
2026/08/25 23:53:39.133, 160.06, 100, 6671
2026/08/25 23:53:40.133, 159.07, 98, 6671
2026/08/25 23:53:41.133, 159.82, 100, 6671
2026/08/25 23:53:42.133, 160.65, 100, 6671
2026/08/25 23:53:43.133, 159.14, 98, 6671
2026/08/25 23:53:44.133, 160.15, 100, 6671
2026/08/25 23:53:45.133, 160.74, 100, 6671
2026/08/25 23:53:46.134, 159.33, 100, 6671
2026/08/25 23:53:47.134, 159.49, 100, 6671
2026/08/25 23:53:48.134, 160.23, 100, 6671
2026/08/25 23:53:49.134, 159.76, 100, 6671
2026/08/25 23:53:50.134, 159.88, 100, 6671
2026/08/25 23:53:51.134, 160.67, 100, 6671
2026/08/25 23:53:52.135, 159.69, 100, 6671
2026/08/25 23:53:53.135, 159.86, 100, 6671
2026/08/25 23:53:54.135, 161.09, 100, 6671
2026/08/25 23:53:55.135, 160.03, 100, 6671
2026/08/25 23:53:56.135, 159.40, 100, 6671
2026/08/25 23:53:57.135, 160.27, 100, 6671
2026/08/25 23:53:58.136, 159.50, 100, 6671
2026/08/25 23:53:59.136, 159.33, 98, 6671
2026/08/25 23:54:00.136, 160.45, 100, 6671
2026/08/25 23:54:01.136, 160.04, 100, 6671
2026/08/25 23:54:02.136, 159.74, 98, 6671
2026/08/25 23:54:03.136, 160.49, 100, 6671
2026/08/25 23:54:04.136, 159.78, 100, 6671
2026/08/25 23:54:05.137, 159.01, 98, 6671
2026/08/25 23:54:06.137, 160.42, 100, 6671
2026/08/25 23:54:07.137, 160.13, 100, 6671
2026/08/25 23:54:08.137, 159.28, 98, 6671
2026/08/25 23:54:09.137, 160.13, 100, 6671
2026/08/25 23:54:10.137, 160.07, 100, 6671
2026/08/25 23:54:11.138, 163.14, 100, 6671
2026/08/25 23:54:12.138, 163.65, 100, 6671
2026/08/25 23:54:13.138, 164.21, 100, 6671
2026/08/25 23:54:14.138, 164.22, 100, 6671
2026/08/25 23:54:15.138, 164.26, 100, 6671
2026/08/25 23:54:16.138, 164.39, 100, 6671
2026/08/25 23:54:17.139, 164.27, 100, 6671
2026/08/25 23:54:18.139, 163.30, 99, 6671
2026/08/25 23:54:19.139, 164.30, 100, 6671
2026/08/25 23:54:20.139, 164.32, 100, 6671
2026/08/25 23:54:21.139, 164.38, 100, 6671
2026/08/25 23:54:22.139, 164.37, 100, 6671
2026/08/25 23:54:23.140, 164.05, 100, 6671
2026/08/25 23:54:24.140, 164.34, 99, 6671
2026/08/25 23:54:25.140, 163.97, 99, 6671
2026/08/25 23:54:26.140, 163.11, 100, 6671
2026/08/25 23:54:27.140, 163.24, 100, 6671
2026/08/25 23:54:28.140, 163.20, 100, 6671
2026/08/25 23:54:29.141, 163.14, 100, 6671
2026/08/25 23:54:30.141, 163.22, 99, 6671
2026/08/25 23:54:31.141, 163.37, 100, 6671
2026/08/25 23:54:32.141, 163.03, 100, 6671
2026/08/25 23:54:33.141, 163.34, 100, 6671
2026/08/25 23:54:34.141, 163.41, 100, 6671
2026/08/25 23:54:35.142, 163.16, 100, 6671
2026/08/25 23:54:36.142, 163.28, 99, 6671
2026/08/25 23:54:37.142, 163.29, 100, 6671
2026/08/25 23:54:38.142, 163.45, 100, 6671
2026/08/25 23:54:39.142, 163.14, 99, 6671
2026/08/25 23:54:40.142, 163.22, 100, 6671
2026/08/25 23:54:41.143, 163.21, 100, 6671
2026/08/25 23:54:42.143, 163.26, 99, 6671
2026/08/25 23:54:43.143, 163.47, 100, 6671
2026/08/25 23:54:44.143, 163.36, 100, 6671
2026/08/25 23:54:45.143, 163.17, 99, 6671
2026/08/25 23:54:46.143, 163.32, 100, 6671
2026/08/25 23:54:47.144, 163.35, 100, 6671
2026/08/25 23:54:48.144, 163.50, 99, 6671
2026/08/25 23:54:49.144, 163.15, 100, 6671
2026/08/25 23:54:50.144, 163.38, 100, 6671
2026/08/25 23:54:51.144, 163.52, 100, 6671
2026/08/25 23:54:52.144, 163.59, 100, 6671
2026/08/25 23:54:53.145, 163.22, 100, 6671
2026/08/25 23:54:54.145, 163.07, 99, 6671
2026/08/25 23:54:55.145, 163.46, 100, 6671
2026/08/25 23:54:56.145, 163.28, 99, 6671
2026/08/25 23:54:57.145, 163.22, 100, 6671
2026/08/25 23:54:58.145, 163.27, 100, 6671
2026/08/25 23:54:59.146, 163.25, 100, 6671
2026/08/25 23:55:00.146, 163.22, 100, 6671
2026/08/25 23:55:01.146, 163.21, 100, 6671
2026/08/25 23:55:02.146, 163.12, 100, 6671
2026/08/25 23:55:03.146, 163.35, 100, 6671
2026/08/25 23:55:04.146, 163.24, 100, 6671
2026/08/25 23:55:05.147, 163.40, 100, 6671
2026/08/25 23:55:06.147, 163.32, 100, 6671
2026/08/25 23:55:07.147, 163.20, 100, 6671
2026/08/25 23:55:08.147, 163.29, 100, 6671
2026/08/25 23:55:09.147, 163.21, 100, 6671
2026/08/25 23:55:10.147, 163.23, 100, 6671
2026/08/25 23:55:11.148, 163.09, 100, 6671
2026/08/25 23:55:12.148, 163.31, 100, 6671
2026/08/25 23:55:13.148, 163.10, 100, 6671
2026/08/25 23:55:14.148, 163.29, 99, 6671
2026/08/25 23:55:15.148, 163.09, 100, 6671
2026/08/25 23:55:16.148, 163.45, 100, 6671
2026/08/25 23:55:17.149, 163.29, 99, 6671
2026/08/25 23:55:18.149, 163.40, 100, 6671
2026/08/25 23:55:19.149, 163.40, 100, 6671
2026/08/25 23:55:20.149, 163.34, 100, 6671
2026/08/25 23:55:21.149, 163.44, 100, 6671
2026/08/25 23:55:22.149, 163.45, 100, 6671
2026/08/25 23:55:23.150, 163.32, 100, 6671
2026/08/25 23:55:24.150, 163.36, 100, 6671
2026/08/25 23:55:25.150, 163.25, 99, 6671
2026/08/25 23:55:26.150, 163.24, 100, 6671
2026/08/25 23:55:27.150, 163.33, 100, 6671
2026/08/25 23:55:28.150, 163.23, 99, 6671
2026/08/25 23:55:29.151, 163.58, 100, 6671
2026/08/25 23:55:30.151, 163.44, 100, 6671
2026/08/25 23:55:31.151, 163.40, 100, 6671
2026/08/25 23:55:32.151, 163.28, 100, 6671
2026/08/25 23:55:33.151, 163.10, 100, 6671
2026/08/25 23:55:34.151, 163.47, 100, 6671
2026/08/25 23:55:35.152, 163.51, 100, 6671
2026/08/25 23:55:36.152, 163.34, 100, 6671
2026/08/25 23:55:37.152, 163.32, 100, 6671
2026/08/25 23:55:38.152, 163.39, 100, 6671
2026/08/25 23:55:39.152, 163.35, 100, 6671
2026/08/25 23:55:40.152, 163.43, 100, 6671
2026/08/25 23:55:41.153, 163.27, 100, 6671
2026/08/25 23:55:42.153, 162.96, 100, 6671
2026/08/25 23:55:43.153, 163.12, 100, 6671
2026/08/25 23:55:44.153, 163.29, 100, 6671
2026/08/25 23:55:45.153, 163.35, 100, 6671
2026/08/25 23:55:46.153, 156.29, 99, 6671
2026/08/25 23:55:47.153, 160.81, 100, 6671
2026/08/25 23:55:48.154, 159.97, 100, 6671
2026/08/25 23:55:49.154, 159.82, 98, 6671
2026/08/25 23:55:50.154, 160.99, 100, 6671
2026/08/25 23:55:51.154, 160.28, 100, 6671
2026/08/25 23:55:52.154, 159.59, 98, 6671
2026/08/25 23:55:53.155, 160.77, 100, 6671
2026/08/25 23:55:54.155, 159.75, 100, 6671
2026/08/25 23:55:55.155, 159.77, 98, 6671
2026/08/25 23:55:56.155, 160.27, 100, 6671
2026/08/25 23:55:57.155, 159.82, 100, 6671
2026/08/25 23:55:58.155, 159.52, 98, 6671
2026/08/25 23:55:59.156, 160.34, 100, 6671
2026/08/25 23:56:00.156, 160.28, 100, 6671
2026/08/25 23:56:01.156, 159.76, 98, 6671
2026/08/25 23:56:02.156, 160.32, 100, 6671
2026/08/25 23:56:03.156, 160.22, 100, 6671
2026/08/25 23:56:04.156, 159.59, 98, 6671
2026/08/25 23:56:05.157, 160.26, 100, 6671
2026/08/25 23:56:06.157, 160.68, 100, 6671
2026/08/25 23:56:07.157, 159.39, 98, 6671
2026/08/25 23:56:08.157, 160.12, 100, 6671
2026/08/25 23:56:09.157, 160.06, 100, 6671
2026/08/25 23:56:10.157, 159.13, 98, 6671
2026/08/25 23:56:11.158, 160.04, 100, 6671
2026/08/25 23:56:12.158, 160.12, 100, 6671
2026/08/25 23:56:13.158, 159.07, 98, 6671
2026/08/25 23:56:14.158, 159.76, 100, 6671
2026/08/25 23:56:15.158, 160.10, 100, 6671
2026/08/25 23:56:16.158, 158.86, 98, 6671
2026/08/25 23:56:17.159, 159.86, 100, 6671
2026/08/25 23:56:18.159, 160.50, 100, 6671
2026/08/25 23:56:19.159, 159.64, 99, 6671
2026/08/25 23:56:20.159, 159.99, 100, 6671
2026/08/25 23:56:21.159, 160.79, 100, 6671
2026/08/25 23:56:22.159, 159.73, 100, 6671
2026/08/25 23:56:23.160, 159.99, 100, 6671
2026/08/25 23:56:24.160, 160.79, 100, 6671
2026/08/25 23:56:25.160, 159.46, 100, 6671
2026/08/25 23:56:26.160, 159.41, 100, 6671
2026/08/25 23:56:27.160, 160.31, 100, 6671
2026/08/25 23:56:28.160, 159.85, 100, 6671
2026/08/25 23:56:29.161, 159.75, 100, 6671
2026/08/25 23:56:30.161, 160.78, 100, 6671
2026/08/25 23:56:31.161, 159.82, 100, 6671
2026/08/25 23:56:32.161, 159.86, 100, 6671
2026/08/25 23:56:33.161, 160.75, 100, 6671
2026/08/25 23:56:34.161, 160.18, 100, 6671
2026/08/25 23:56:35.162, 159.72, 98, 6671
2026/08/25 23:56:36.162, 160.26, 100, 6671
2026/08/25 23:56:37.162, 160.32, 100, 6671
2026/08/25 23:56:38.162, 159.96, 98, 6671
2026/08/25 23:56:39.162, 160.48, 100, 6671
2026/08/25 23:56:40.162, 159.71, 100, 6671
2026/08/25 23:56:41.163, 159.69, 98, 6671
2026/08/25 23:56:42.163, 160.23, 100, 6671
2026/08/25 23:56:43.163, 160.29, 100, 6671
2026/08/25 23:56:44.163, 159.91, 98, 6671
2026/08/25 23:56:45.163, 160.41, 100, 6671
2026/08/25 23:56:46.163, 159.93, 100, 6671
2026/08/25 23:56:47.164, 159.46, 98, 6671
2026/08/25 23:56:48.164, 160.09, 100, 6671
2026/08/25 23:56:49.164, 160.39, 100, 6671
2026/08/25 23:56:50.164, 159.32, 98, 6671
2026/08/25 23:56:51.164, 159.94, 100, 6671
2026/08/25 23:56:52.164, 159.86, 100, 6671
2026/08/25 23:56:53.165, 159.25, 98, 6671
2026/08/25 23:56:54.165, 160.02, 100, 6671
2026/08/25 23:56:55.165, 160.07, 100, 6671
2026/08/25 23:56:56.165, 159.20, 98, 6671
2026/08/25 23:56:57.165, 160.06, 100, 6671
2026/08/25 23:56:58.165, 160.56, 100, 6671
2026/08/25 23:56:59.166, 158.97, 98, 6671
2026/08/25 23:57:00.166, 160.07, 100, 6671
2026/08/25 23:57:01.166, 160.21, 100, 6671
2026/08/25 23:57:02.166, 158.85, 98, 6671
2026/08/25 23:57:03.166, 159.80, 100, 6671
2026/08/25 23:57:04.166, 160.29, 100, 6671
2026/08/25 23:57:05.167, 159.57, 99, 6671
2026/08/25 23:57:06.167, 159.75, 100, 6671
2026/08/25 23:57:07.167, 161.09, 100, 6671
2026/08/25 23:57:08.167, 159.68, 100, 6671
2026/08/25 23:57:09.167, 159.84, 100, 6671
2026/08/25 23:57:10.167, 160.91, 100, 6671
2026/08/25 23:57:11.168, 159.31, 100, 6671
2026/08/25 23:57:12.168, 159.60, 100, 6671
2026/08/25 23:57:13.168, 160.77, 100, 6671
2026/08/25 23:57:14.168, 159.40, 100, 6671
2026/08/25 23:57:15.168, 159.40, 100, 6671
2026/08/25 23:57:16.169, 160.70, 100, 6671
2026/08/25 23:57:17.169, 159.64, 100, 6671
2026/08/25 23:57:18.169, 159.39, 99, 6671
2026/08/25 23:57:19.169, 160.34, 100, 6671
2026/08/25 23:57:20.169, 159.61, 100, 6671
2026/08/25 23:57:21.169, 159.14, 98, 6671
2026/08/25 23:57:22.169, 159.81, 100, 6671
2026/08/25 23:57:23.170, 159.56, 100, 6671
2026/08/25 23:57:24.170, 159.33, 98, 6671
2026/08/25 23:57:25.170, 160.11, 100, 6671
2026/08/25 23:57:26.170, 159.49, 100, 6671
2026/08/25 23:57:27.171, 159.25, 98, 6671
2026/08/25 23:57:28.179, 160.17, 100, 6671
2026/08/25 23:57:29.179, 160.26, 100, 6671
2026/08/25 23:57:30.179, 159.22, 98, 6671
2026/08/25 23:57:31.180, 159.99, 100, 6671
2026/08/25 23:57:32.180, 159.91, 100, 6671
2026/08/25 23:57:33.180, 159.04, 98, 6671
2026/08/25 23:57:34.180, 159.77, 100, 6671
2026/08/25 23:57:35.180, 160.06, 100, 6671
2026/08/25 23:57:36.180, 158.95, 98, 6671
2026/08/25 23:57:37.181, 159.58, 100, 6671
2026/08/25 23:57:38.181, 159.91, 100, 6671
2026/08/25 23:57:39.181, 158.79, 98, 6671
2026/08/25 23:57:40.181, 159.63, 100, 6671
2026/08/25 23:57:41.181, 159.98, 100, 6671
2026/08/25 23:57:42.182, 159.13, 98, 6671
2026/08/25 23:57:43.182, 159.76, 100, 6671
2026/08/25 23:57:44.182, 160.01, 100, 6671
2026/08/25 23:57:45.182, 159.38, 99, 6671
2026/08/25 23:57:46.182, 159.70, 100, 6671
2026/08/25 23:57:47.182, 160.73, 100, 6671
2026/08/25 23:57:48.183, 159.35, 100, 6671
2026/08/25 23:57:49.183, 159.66, 100, 6671
2026/08/25 23:57:50.183, 161.49, 100, 6671
2026/08/25 23:57:51.183, 159.21, 100, 6671
2026/08/25 23:57:52.183, 159.67, 100, 6671
2026/08/25 23:57:53.183, 160.46, 100, 6671
2026/08/25 23:57:54.184, 159.18, 100, 6671
2026/08/25 23:57:55.184, 159.48, 100, 6671
2026/08/25 23:57:56.184, 160.31, 100, 6671
2026/08/25 23:57:57.184, 159.97, 100, 6671
2026/08/25 23:57:58.184, 159.37, 100, 6671
2026/08/25 23:57:59.184, 160.34, 100, 6671
2026/08/25 23:58:00.185, 159.79, 100, 6671
2026/08/25 23:58:01.185, 159.50, 98, 6671
2026/08/25 23:58:02.185, 160.02, 100, 6671
2026/08/25 23:58:03.185, 159.48, 100, 6671
2026/08/25 23:58:04.185, 159.32, 98, 6671
2026/08/25 23:58:05.185, 160.78, 100, 6671
2026/08/25 23:58:06.186, 160.02, 100, 6671
2026/08/25 23:58:07.186, 159.48, 98, 6671
2026/08/25 23:58:08.186, 160.49, 100, 6671
2026/08/25 23:58:09.186, 159.95, 100, 6671
2026/08/25 23:58:10.186, 159.23, 98, 6671
2026/08/25 23:58:11.187, 160.79, 100, 6671
2026/08/25 23:58:12.187, 160.13, 100, 6671
2026/08/25 23:58:13.187, 159.33, 98, 6671
2026/08/25 23:58:14.187, 160.24, 100, 6671
2026/08/25 23:58:15.187, 160.31, 100, 6671
2026/08/25 23:58:16.187, 159.18, 98, 6671
2026/08/25 23:58:17.187, 160.11, 100, 6671
2026/08/25 23:58:18.188, 160.28, 100, 6671
2026/08/25 23:58:19.188, 159.01, 98, 6671
2026/08/25 23:58:20.188, 160.02, 100, 6671
2026/08/25 23:58:21.188, 159.74, 100, 6671
2026/08/25 23:58:22.188, 158.95, 98, 6671
2026/08/25 23:58:23.188, 159.71, 100, 6671
2026/08/25 23:58:24.189, 160.63, 100, 6671
2026/08/25 23:58:25.189, 159.13, 98, 6671
2026/08/25 23:58:26.189, 160.45, 100, 6671
2026/08/25 23:58:27.189, 160.55, 100, 6671
2026/08/25 23:58:28.189, 158.87, 98, 6671
2026/08/25 23:58:29.189, 159.61, 100, 6671
2026/08/25 23:58:30.190, 160.16, 100, 6671
2026/08/25 23:58:31.190, 159.57, 99, 6671
2026/08/25 23:58:32.190, 159.58, 100, 6671
2026/08/25 23:58:33.190, 160.34, 100, 6671
2026/08/25 23:58:34.190, 159.33, 100, 6671
2026/08/25 23:58:35.191, 159.82, 100, 6671
2026/08/25 23:58:36.191, 160.71, 100, 6671
2026/08/25 23:58:37.191, 159.60, 100, 6671
2026/08/25 23:58:38.191, 159.84, 100, 6671
2026/08/25 23:58:39.191, 160.79, 100, 6671
2026/08/25 23:58:40.191, 159.39, 100, 6671
2026/08/25 23:58:41.192, 159.41, 100, 6671
2026/08/25 23:58:42.192, 160.78, 100, 6671
2026/08/25 23:58:43.192, 159.82, 100, 6671
2026/08/25 23:58:44.192, 159.42, 99, 6671
2026/08/25 23:58:45.192, 160.29, 100, 6671
2026/08/25 23:58:46.192, 159.63, 100, 6671
2026/08/25 23:58:47.193, 159.51, 98, 6671
2026/08/25 23:58:48.193, 160.32, 100, 6671
2026/08/25 23:58:49.193, 160.04, 100, 6671
2026/08/25 23:58:50.193, 159.32, 98, 6671
2026/08/25 23:58:51.193, 159.87, 100, 6671
2026/08/25 23:58:52.193, 159.57, 100, 6671
2026/08/25 23:58:53.194, 159.09, 98, 6671
2026/08/25 23:58:54.194, 159.86, 100, 6671
2026/08/25 23:58:55.194, 160.19, 100, 6671
2026/08/25 23:58:56.194, 159.18, 98, 6671
2026/08/25 23:58:57.194, 159.92, 100, 6671
2026/08/25 23:58:58.194, 160.21, 100, 6671
2026/08/25 23:58:59.203, 159.04, 98, 6671
2026/08/25 23:59:00.203, 159.84, 100, 6671
2026/08/25 23:59:01.204, 159.96, 100, 6671
2026/08/25 23:59:02.204, 159.18, 98, 6671
2026/08/25 23:59:03.204, 159.51, 100, 6671
2026/08/25 23:59:04.204, 163.28, 100, 6671
2026/08/25 23:59:05.204, 163.22, 100, 6671
2026/08/25 23:59:06.204, 163.24, 99, 6671
2026/08/25 23:59:07.205, 162.98, 100, 6671
2026/08/25 23:59:08.205, 163.37, 100, 6671
2026/08/25 23:59:09.205, 163.52, 100, 6671
2026/08/25 23:59:10.205, 163.38, 100, 6671
2026/08/25 23:59:11.205, 163.38, 100, 6671
2026/08/25 23:59:12.205, 163.17, 100, 6671
2026/08/25 23:59:13.206, 163.33, 100, 6671
2026/08/25 23:59:14.206, 163.57, 100, 6671
2026/08/25 23:59:15.206, 163.36, 99, 6671
2026/08/25 23:59:16.206, 163.37, 100, 6671
2026/08/25 23:59:17.206, 163.56, 100, 6671
2026/08/25 23:59:18.206, 163.32, 99, 6671
2026/08/25 23:59:19.207, 163.33, 100, 6671
2026/08/25 23:59:20.207, 163.34, 99, 6671
2026/08/25 23:59:21.207, 163.39, 99, 6671
2026/08/25 23:59:22.207, 163.44, 100, 6671
2026/08/25 23:59:23.207, 163.41, 100, 6671
2026/08/25 23:59:24.207, 163.52, 100, 6671
2026/08/25 23:59:25.208, 163.30, 100, 6671
2026/08/25 23:59:26.208, 163.32, 99, 6671
2026/08/25 23:59:27.208, 163.34, 100, 6671
2026/08/25 23:59:28.208, 163.36, 100, 6671
2026/08/25 23:59:29.208, 163.40, 100, 6671
2026/08/25 23:59:30.208, 163.56, 100, 6671
2026/08/25 23:59:31.209, 163.42, 100, 6671
2026/08/25 23:59:32.209, 163.59, 100, 6671
2026/08/25 23:59:33.209, 163.49, 100, 6671
2026/08/25 23:59:34.209, 163.33, 100, 6671
2026/08/25 23:59:35.209, 163.53, 100, 6671
2026/08/25 23:59:36.209, 163.49, 100, 6671
2026/08/25 23:59:37.210, 163.44, 100, 6671
2026/08/25 23:59:38.210, 163.19, 99, 6671
2026/08/25 23:59:39.210, 163.55, 100, 6671
2026/08/25 23:59:40.210, 163.40, 100, 6671
2026/08/25 23:59:41.210, 163.51, 99, 6671
2026/08/25 23:59:42.210, 163.37, 100, 6671
2026/08/25 23:59:43.211, 163.58, 100, 6671
2026/08/25 23:59:44.211, 163.63, 100, 6671
2026/08/25 23:59:45.211, 163.71, 100, 6671
2026/08/25 23:59:46.211, 163.70, 100, 6671
2026/08/25 23:59:47.211, 163.45, 100, 6671
2026/08/25 23:59:48.211, 163.55, 100, 6671
2026/08/25 23:59:49.212, 163.37, 100, 6671
2026/08/25 23:59:50.212, 163.37, 100, 6671
2026/08/25 23:59:51.212, 163.27, 100, 6671
2026/08/25 23:59:52.212, 163.62, 100, 6671
2026/08/25 23:59:53.212, 163.48, 99, 6671
2026/08/25 23:59:54.212, 163.61, 100, 6671
2026/08/25 23:59:55.213, 163.38, 99, 6671
2026/08/25 23:59:56.213, 163.57, 99, 6671
2026/08/25 23:59:57.213, 163.42, 100, 6671
2026/08/25 23:59:58.213, 163.46, 99, 6671
2026/08/25 23:59:59.213, 163.45, 100, 6671
2026/08/26 00:00:00.214, 163.28, 100, 6671
2026/08/26 00:00:01.214, 163.46, 99, 6671
2026/08/26 00:00:02.214, 163.48, 100, 6671
2026/08/26 00:00:03.214, 163.52, 100, 6671
2026/08/26 00:00:04.214, 163.50, 100, 6671
2026/08/26 00:00:05.214, 163.54, 100, 6671
2026/08/26 00:00:06.215, 163.61, 100, 6671
2026/08/26 00:00:07.215, 163.68, 100, 6671
2026/08/26 00:00:08.215, 163.61, 100, 6671
2026/08/26 00:00:09.215, 163.43, 100, 6671
2026/08/26 00:00:10.215, 163.65, 100, 6671
2026/08/26 00:00:11.215, 163.80, 100, 6671
2026/08/26 00:00:12.216, 163.71, 100, 6671
2026/08/26 00:00:13.216, 163.52, 100, 6671
2026/08/26 00:00:14.216, 163.79, 100, 6671
2026/08/26 00:00:15.216, 163.60, 100, 6671
2026/08/26 00:00:16.216, 163.46, 99, 6671
2026/08/26 00:00:17.216, 163.41, 100, 6671
2026/08/26 00:00:18.217, 163.50, 100, 6671
2026/08/26 00:00:19.217, 163.51, 100, 6671
2026/08/26 00:00:20.217, 163.57, 100, 6671
2026/08/26 00:00:21.217, 163.43, 100, 6671
2026/08/26 00:00:22.217, 163.24, 100, 6671
2026/08/26 00:00:23.217, 163.50, 100, 6671
2026/08/26 00:00:24.218, 163.59, 100, 6671
2026/08/26 00:00:25.218, 163.40, 100, 6671
2026/08/26 00:00:26.218, 163.44, 100, 6671
2026/08/26 00:00:27.218, 163.37, 100, 6671
2026/08/26 00:00:28.218, 163.57, 99, 6671
2026/08/26 00:00:29.219, 163.62, 100, 6671
2026/08/26 00:00:30.227, 163.40, 99, 6671
2026/08/26 00:00:31.227, 163.43, 100, 6671
2026/08/26 00:00:32.227, 163.48, 100, 6671
2026/08/26 00:00:33.228, 163.59, 100, 6671
2026/08/26 00:00:34.228, 163.62, 100, 6671
2026/08/26 00:00:35.228, 163.35, 100, 6671
2026/08/26 00:00:36.228, 163.56, 100, 6671
2026/08/26 00:00:37.228, 163.53, 100, 6671
2026/08/26 00:00:38.228, 163.29, 100, 6671
2026/08/26 00:00:39.229, 156.74, 100, 6671
2026/08/26 00:00:40.229, 159.61, 98, 6671
2026/08/26 00:00:41.229, 159.75, 100, 6671
2026/08/26 00:00:42.229, 160.26, 100, 6671
2026/08/26 00:00:43.229, 159.43, 100, 6671
2026/08/26 00:00:44.229, 160.01, 100, 6671
2026/08/26 00:00:45.230, 161.04, 100, 6671
2026/08/26 00:00:46.230, 159.51, 100, 6671
2026/08/26 00:00:47.230, 159.96, 100, 6671
2026/08/26 00:00:48.230, 160.79, 100, 6671
2026/08/26 00:00:49.230, 159.68, 100, 6671
2026/08/26 00:00:50.231, 159.83, 100, 6671
2026/08/26 00:00:51.231, 160.00, 100, 6671
2026/08/26 00:00:52.231, 159.63, 100, 6671
2026/08/26 00:00:53.231, 160.40, 100, 6671
2026/08/26 00:00:54.231, 160.41, 100, 6671
2026/08/26 00:00:55.231, 159.42, 100, 6671
2026/08/26 00:00:56.232, 159.83, 98, 6671
2026/08/26 00:00:57.232, 159.76, 100, 6671
2026/08/26 00:00:58.232, 159.15, 100, 6671
2026/08/26 00:00:59.232, 160.20, 98, 6671
2026/08/26 00:01:00.232, 160.50, 100, 6671
2026/08/26 00:01:01.232, 159.21, 100, 6671
2026/08/26 00:01:02.232, 160.07, 98, 6671
2026/08/26 00:01:03.233, 160.23, 100, 6671
2026/08/26 00:01:04.233, 158.98, 100, 6671
2026/08/26 00:01:05.233, 159.99, 98, 6671
2026/08/26 00:01:06.233, 160.65, 100, 6671
2026/08/26 00:01:07.233, 158.94, 100, 6671
2026/08/26 00:01:08.234, 160.72, 98, 6671
2026/08/26 00:01:09.234, 160.88, 100, 6671
2026/08/26 00:01:10.234, 159.02, 98, 6671
2026/08/26 00:01:11.234, 160.07, 100, 6671
2026/08/26 00:01:12.234, 160.32, 100, 6671
2026/08/26 00:01:13.235, 159.55, 98, 6671
2026/08/26 00:01:14.235, 160.47, 100, 6671
2026/08/26 00:01:15.235, 160.94, 100, 6671
2026/08/26 00:01:16.235, 159.70, 100, 6671
2026/08/26 00:01:17.235, 160.16, 100, 6671
2026/08/26 00:01:18.235, 160.75, 100, 6671
2026/08/26 00:01:19.236, 159.55, 100, 6671
2026/08/26 00:01:20.236, 159.56, 100, 6671
2026/08/26 00:01:21.236, 160.87, 100, 6671
2026/08/26 00:01:22.236, 159.67, 100, 6671
2026/08/26 00:01:23.236, 159.80, 100, 6671
2026/08/26 00:01:24.236, 161.35, 100, 6671
2026/08/26 00:01:25.236, 159.67, 100, 6671
2026/08/26 00:01:26.237, 159.62, 100, 6671
2026/08/26 00:01:27.237, 161.05, 100, 6671
2026/08/26 00:01:28.237, 159.68, 100, 6671
2026/08/26 00:01:29.237, 159.63, 100, 6671
2026/08/26 00:01:30.237, 160.51, 100, 6671
2026/08/26 00:01:31.237, 158.30, 100, 6671
2026/08/26 00:01:32.238, 159.36, 98, 6671
2026/08/26 00:01:33.238, 160.04, 100, 6671
2026/08/26 00:01:34.238, 159.94, 100, 6671
2026/08/26 00:01:35.238, 159.37, 98, 6671
2026/08/26 00:01:36.238, 160.15, 100, 6671
2026/08/26 00:01:37.238, 159.80, 100, 6671
2026/08/26 00:01:38.239, 159.21, 98, 6671
2026/08/26 00:01:39.239, 160.04, 100, 6671
2026/08/26 00:01:40.239, 159.91, 100, 6671
2026/08/26 00:01:41.239, 159.12, 98, 6671
2026/08/26 00:01:42.239, 159.75, 100, 6671
2026/08/26 00:01:43.239, 160.03, 100, 6671
2026/08/26 00:01:44.240, 158.79, 98, 6671
2026/08/26 00:01:45.240, 159.88, 100, 6671
2026/08/26 00:01:46.240, 159.80, 100, 6671
2026/08/26 00:01:47.240, 158.91, 98, 6671
2026/08/26 00:01:48.240, 159.93, 100, 6671
2026/08/26 00:01:49.240, 160.48, 100, 6671
2026/08/26 00:01:50.241, 158.86, 98, 6671
2026/08/26 00:01:51.241, 159.82, 100, 6671
2026/08/26 00:01:52.241, 160.47, 100, 6671
2026/08/26 00:01:53.241, 158.78, 98, 6671
2026/08/26 00:01:54.241, 159.59, 100, 6671
2026/08/26 00:01:55.242, 160.13, 100, 6671
2026/08/26 00:01:56.250, 159.21, 98, 6671
2026/08/26 00:01:57.250, 160.34, 100, 6671
2026/08/26 00:01:58.251, 160.76, 100, 6671
2026/08/26 00:01:59.251, 159.41, 100, 6671
2026/08/26 00:02:00.251, 159.80, 100, 6671
2026/08/26 00:02:01.251, 160.83, 100, 6671
2026/08/26 00:02:02.251, 159.28, 100, 6671
2026/08/26 00:02:03.251, 159.46, 100, 6671
2026/08/26 00:02:04.252, 160.56, 100, 6671
2026/08/26 00:02:05.252, 159.56, 100, 6671
2026/08/26 00:02:06.252, 159.46, 100, 6671
2026/08/26 00:02:07.252, 160.45, 100, 6671
2026/08/26 00:02:08.252, 159.60, 100, 6671
2026/08/26 00:02:09.252, 159.71, 100, 6671
2026/08/26 00:02:10.253, 160.79, 100, 6671
2026/08/26 00:02:11.253, 159.33, 100, 6671
2026/08/26 00:02:12.253, 159.42, 98, 6671
2026/08/26 00:02:13.253, 160.12, 100, 6671
2026/08/26 00:02:14.253, 159.90, 100, 6671
2026/08/26 00:02:15.254, 159.30, 98, 6671
2026/08/26 00:02:16.254, 160.02, 100, 6671
2026/08/26 00:02:17.254, 159.90, 100, 6671
2026/08/26 00:02:18.254, 159.18, 98, 6671
2026/08/26 00:02:19.254, 160.23, 100, 6671
2026/08/26 00:02:20.254, 159.99, 100, 6671
2026/08/26 00:02:21.255, 158.87, 98, 6671
2026/08/26 00:02:22.255, 159.74, 100, 6671
2026/08/26 00:02:23.255, 159.57, 100, 6671
2026/08/26 00:02:24.255, 158.99, 98, 6671
2026/08/26 00:02:25.255, 159.60, 100, 6671
2026/08/26 00:02:26.255, 159.97, 100, 6671
2026/08/26 00:02:27.256, 159.01, 98, 6671
2026/08/26 00:02:28.256, 159.69, 100, 6671
2026/08/26 00:02:29.256, 159.82, 100, 6671
2026/08/26 00:02:30.256, 158.63, 98, 6671
2026/08/26 00:02:31.256, 159.63, 100, 6671
2026/08/26 00:02:32.256, 160.27, 100, 6671
2026/08/26 00:02:33.257, 158.66, 98, 6671
2026/08/26 00:02:34.257, 160.53, 100, 6671
2026/08/26 00:02:35.257, 160.05, 100, 6671
2026/08/26 00:02:36.257, 158.94, 98, 6671
2026/08/26 00:02:37.257, 159.44, 100, 6671
2026/08/26 00:02:38.257, 160.54, 100, 6671
2026/08/26 00:02:39.258, 159.32, 100, 6671
2026/08/26 00:02:40.258, 159.53, 100, 6671
2026/08/26 00:02:41.258, 159.94, 100, 6671
2026/08/26 00:02:42.258, 159.47, 100, 6671
2026/08/26 00:02:43.258, 159.51, 100, 6671
2026/08/26 00:02:44.258, 160.59, 100, 6671
2026/08/26 00:02:45.259, 159.28, 100, 6671
2026/08/26 00:02:46.259, 159.44, 100, 6671
2026/08/26 00:02:47.259, 160.44, 100, 6671
2026/08/26 00:02:48.259, 159.21, 100, 6671
2026/08/26 00:02:49.259, 159.09, 99, 6671
2026/08/26 00:02:50.260, 160.20, 100, 6671
2026/08/26 00:02:51.260, 159.81, 100, 6671
2026/08/26 00:02:52.260, 158.89, 98, 6671
2026/08/26 00:02:53.260, 160.12, 100, 6671
2026/08/26 00:02:54.260, 159.90, 100, 6671
2026/08/26 00:02:55.260, 158.96, 98, 6671
2026/08/26 00:02:56.261, 160.33, 100, 6671
2026/08/26 00:02:57.261, 159.97, 100, 6671
2026/08/26 00:02:58.261, 159.42, 98, 6671
2026/08/26 00:02:59.261, 160.08, 100, 6671
2026/08/26 00:03:00.261, 159.56, 100, 6671
2026/08/26 00:03:01.261, 158.95, 98, 6671
2026/08/26 00:03:02.262, 159.73, 100, 6671
2026/08/26 00:03:03.262, 159.56, 100, 6671
2026/08/26 00:03:04.262, 158.95, 98, 6671
2026/08/26 00:03:05.262, 159.77, 100, 6671
2026/08/26 00:03:06.262, 159.51, 100, 6671
2026/08/26 00:03:07.262, 158.65, 98, 6671
2026/08/26 00:03:08.263, 159.39, 100, 6671
2026/08/26 00:03:09.263, 159.51, 100, 6671
2026/08/26 00:03:10.263, 158.48, 98, 6671
2026/08/26 00:03:11.263, 160.29, 100, 6671
2026/08/26 00:03:12.263, 159.88, 100, 6671
2026/08/26 00:03:13.263, 158.67, 98, 6671
2026/08/26 00:03:14.264, 160.43, 100, 6671
2026/08/26 00:03:15.264, 160.50, 100, 6671
2026/08/26 00:03:16.264, 159.22, 100, 6671
2026/08/26 00:03:17.264, 159.47, 100, 6671
2026/08/26 00:03:18.264, 160.07, 100, 6671
2026/08/26 00:03:19.264, 159.25, 100, 6671
2026/08/26 00:03:20.265, 159.42, 100, 6671
2026/08/26 00:03:21.265, 160.72, 100, 6671
2026/08/26 00:03:22.265, 159.22, 100, 6671
2026/08/26 00:03:23.265, 159.35, 100, 6671
2026/08/26 00:03:24.265, 160.46, 100, 6671
2026/08/26 00:03:25.265, 159.50, 100, 6671
2026/08/26 00:03:26.266, 159.38, 100, 6671
2026/08/26 00:03:27.266, 160.25, 100, 6671
2026/08/26 00:03:28.266, 159.30, 100, 6671
2026/08/26 00:03:29.266, 159.09, 98, 6671
2026/08/26 00:03:30.266, 159.85, 100, 6671
2026/08/26 00:03:31.267, 159.38, 100, 6671
2026/08/26 00:03:32.267, 159.30, 98, 6671
2026/08/26 00:03:33.267, 160.18, 100, 6671
2026/08/26 00:03:34.267, 159.80, 100, 6671
2026/08/26 00:03:35.267, 159.33, 98, 6671
2026/08/26 00:03:36.267, 160.01, 100, 6671
2026/08/26 00:03:37.268, 160.02, 100, 6671
2026/08/26 00:03:38.268, 159.24, 98, 6671
2026/08/26 00:03:39.268, 159.85, 100, 6671
2026/08/26 00:03:40.268, 160.13, 100, 6671
2026/08/26 00:03:41.268, 159.05, 98, 6671
2026/08/26 00:03:42.268, 159.77, 100, 6671
2026/08/26 00:03:43.269, 159.80, 100, 6671
2026/08/26 00:03:44.269, 159.29, 98, 6671
2026/08/26 00:03:45.269, 160.09, 100, 6671
2026/08/26 00:03:46.269, 159.86, 100, 6671
2026/08/26 00:03:47.269, 159.23, 98, 6671
2026/08/26 00:03:48.269, 159.94, 100, 6671
2026/08/26 00:03:49.270, 159.83, 100, 6671
2026/08/26 00:03:50.270, 158.76, 98, 6671
2026/08/26 00:03:51.270, 159.61, 100, 6671
2026/08/26 00:03:52.270, 159.82, 100, 6671
2026/08/26 00:03:53.270, 158.89, 98, 6671
2026/08/26 00:03:54.270, 160.39, 100, 6671
2026/08/26 00:03:55.271, 160.48, 100, 6671
2026/08/26 00:03:56.271, 158.93, 100, 6671
2026/08/26 00:03:57.271, 164.10, 99, 6671
2026/08/26 00:03:58.271, 163.70, 100, 6671
2026/08/26 00:03:59.271, 163.10, 100, 6671
2026/08/26 00:04:00.271, 162.71, 99, 6671
2026/08/26 00:04:01.272, 162.96, 100, 6671
2026/08/26 00:04:02.272, 163.16, 100, 6671
2026/08/26 00:04:03.272, 163.08, 99, 6671
2026/08/26 00:04:04.272, 163.15, 100, 6671
2026/08/26 00:04:05.272, 162.91, 100, 6671
2026/08/26 00:04:06.272, 162.94, 99, 6671
2026/08/26 00:04:07.272, 162.99, 100, 6671
2026/08/26 00:04:08.273, 163.11, 100, 6671
2026/08/26 00:04:09.273, 162.93, 100, 6671
2026/08/26 00:04:10.273, 163.00, 100, 6671
2026/08/26 00:04:11.273, 163.07, 100, 6671
2026/08/26 00:04:12.273, 163.21, 100, 6671
2026/08/26 00:04:13.273, 163.07, 100, 6671
2026/08/26 00:04:14.274, 162.98, 100, 6671
2026/08/26 00:04:15.274, 163.06, 99, 6671
2026/08/26 00:04:16.274, 163.03, 100, 6671
2026/08/26 00:04:17.274, 163.26, 100, 6671
2026/08/26 00:04:18.274, 163.13, 100, 6671
2026/08/26 00:04:19.274, 163.07, 100, 6671
2026/08/26 00:04:20.275, 163.18, 99, 6671
2026/08/26 00:04:21.275, 163.16, 100, 6671
2026/08/26 00:04:22.275, 163.06, 100, 6671
2026/08/26 00:04:23.275, 163.01, 100, 6671
2026/08/26 00:04:24.275, 163.13, 100, 6671
2026/08/26 00:04:25.276, 163.03, 100, 6671
2026/08/26 00:04:26.276, 163.01, 99, 6671
2026/08/26 00:04:27.276, 162.95, 100, 6671
2026/08/26 00:04:28.276, 163.23, 100, 6671
2026/08/26 00:04:29.276, 163.13, 99, 6671
2026/08/26 00:04:30.276, 163.29, 100, 6671
2026/08/26 00:04:31.276, 163.15, 100, 6671
2026/08/26 00:04:32.277, 163.12, 99, 6671
2026/08/26 00:04:33.277, 163.19, 100, 6671
2026/08/26 00:04:34.277, 163.17, 100, 6671
2026/08/26 00:04:35.277, 163.01, 99, 6671
2026/08/26 00:04:36.277, 163.18, 100, 6671
2026/08/26 00:04:37.278, 163.21, 100, 6671
2026/08/26 00:04:38.278, 163.17, 99, 6671
2026/08/26 00:04:39.278, 163.33, 100, 6671
2026/08/26 00:04:40.278, 163.29, 100, 6671
2026/08/26 00:04:41.278, 163.30, 100, 6671
2026/08/26 00:04:42.278, 163.24, 100, 6671
2026/08/26 00:04:43.278, 163.20, 100, 6671
2026/08/26 00:04:44.279, 163.29, 99, 6671
2026/08/26 00:04:45.279, 163.38, 100, 6671
2026/08/26 00:04:46.279, 163.15, 99, 6671
2026/08/26 00:04:47.279, 163.29, 100, 6671
2026/08/26 00:04:48.279, 163.19, 100, 6671
2026/08/26 00:04:49.279, 163.00, 99, 6671
2026/08/26 00:04:50.280, 163.11, 100, 6671
2026/08/26 00:04:51.280, 163.21, 100, 6671
2026/08/26 00:04:52.280, 163.08, 100, 6671
2026/08/26 00:04:53.280, 162.99, 100, 6671
2026/08/26 00:04:54.280, 163.29, 100, 6671
2026/08/26 00:04:55.280, 163.07, 100, 6671
2026/08/26 00:04:56.281, 163.18, 100, 6671
2026/08/26 00:04:57.281, 163.03, 100, 6671
2026/08/26 00:04:58.281, 163.05, 99, 6671
2026/08/26 00:04:59.281, 163.00, 100, 6671
2026/08/26 00:05:00.281, 163.13, 100, 6671
2026/08/26 00:05:01.281, 162.93, 99, 6671
2026/08/26 00:05:02.282, 163.07, 100, 6671
2026/08/26 00:05:03.282, 163.05, 100, 6671
2026/08/26 00:05:04.282, 163.39, 100, 6671
2026/08/26 00:05:05.282, 163.27, 100, 6671
2026/08/26 00:05:06.282, 163.04, 100, 6671
2026/08/26 00:05:07.282, 163.34, 99, 6671
2026/08/26 00:05:08.283, 163.28, 100, 6671
2026/08/26 00:05:09.283, 163.13, 100, 6671
2026/08/26 00:05:10.283, 162.95, 99, 6671
2026/08/26 00:05:11.283, 163.01, 100, 6671
2026/08/26 00:05:12.283, 163.06, 100, 6671
2026/08/26 00:05:13.283, 163.15, 100, 6671
2026/08/26 00:05:14.284, 163.32, 100, 6671
2026/08/26 00:05:15.284, 163.04, 100, 6671
2026/08/26 00:05:16.284, 162.99, 99, 6671
2026/08/26 00:05:17.284, 163.08, 100, 6671
2026/08/26 00:05:18.284, 163.14, 99, 6671
2026/08/26 00:05:19.284, 163.18, 99, 6671
2026/08/26 00:05:20.285, 163.30, 100, 6671
2026/08/26 00:05:21.285, 163.41, 100, 6671
2026/08/26 00:05:22.285, 163.37, 100, 6671
2026/08/26 00:05:23.285, 163.38, 100, 6671
2026/08/26 00:05:24.285, 163.13, 100, 6671
2026/08/26 00:05:25.285, 163.34, 100, 6671
2026/08/26 00:05:26.286, 163.37, 100, 6671
2026/08/26 00:05:27.286, 163.08, 100, 6671
2026/08/26 00:05:28.286, 162.99, 100, 6671
2026/08/26 00:05:29.286, 163.14, 100, 6671
2026/08/26 00:05:30.286, 163.11, 100, 6671
2026/08/26 00:05:31.286, 163.00, 100, 6671
2026/08/26 00:05:32.287, 156.51, 100, 6671
2026/08/26 00:05:33.287, 160.68, 100, 6671
2026/08/26 00:05:34.287, 159.73, 100, 6671
2026/08/26 00:05:35.287, 159.77, 98, 6671
2026/08/26 00:05:36.287, 160.74, 100, 6671
2026/08/26 00:05:37.287, 160.10, 100, 6671
2026/08/26 00:05:38.288, 159.60, 98, 6671
2026/08/26 00:05:39.288, 160.29, 100, 6671
2026/08/26 00:05:40.288, 160.23, 100, 6671
2026/08/26 00:05:41.288, 159.60, 98, 6671
2026/08/26 00:05:42.288, 160.16, 100, 6671
2026/08/26 00:05:43.288, 160.31, 100, 6671
2026/08/26 00:05:44.289, 159.50, 98, 6671
2026/08/26 00:05:45.289, 160.12, 100, 6671
2026/08/26 00:05:46.289, 160.05, 100, 6671
2026/08/26 00:05:47.289, 159.49, 98, 6671
2026/08/26 00:05:48.289, 160.31, 100, 6671
2026/08/26 00:05:49.290, 160.63, 100, 6671
2026/08/26 00:05:50.290, 159.28, 98, 6671
2026/08/26 00:05:51.290, 160.26, 100, 6671
2026/08/26 00:05:52.290, 160.26, 100, 6671
2026/08/26 00:05:53.290, 159.16, 98, 6671
2026/08/26 00:05:54.290, 159.94, 100, 6671
2026/08/26 00:05:55.291, 160.38, 100, 6671
2026/08/26 00:05:56.291, 159.21, 98, 6671
2026/08/26 00:05:57.291, 160.26, 100, 6671
2026/08/26 00:05:58.291, 160.08, 100, 6671
2026/08/26 00:05:59.291, 159.03, 98, 6671
2026/08/26 00:06:00.291, 160.50, 100, 6671
2026/08/26 00:06:01.292, 160.43, 100, 6671
2026/08/26 00:06:02.292, 158.69, 98, 6671
2026/08/26 00:06:03.292, 159.74, 100, 6671
2026/08/26 00:06:04.292, 159.94, 100, 6671
2026/08/26 00:06:05.292, 158.80, 98, 6671
2026/08/26 00:06:06.292, 160.68, 100, 6671
2026/08/26 00:06:07.293, 160.66, 100, 6671
2026/08/26 00:06:08.293, 159.24, 99, 6671
2026/08/26 00:06:09.293, 159.43, 100, 6671
2026/08/26 00:06:10.293, 160.35, 100, 6671
2026/08/26 00:06:11.293, 159.74, 100, 6671
2026/08/26 00:06:12.293, 159.36, 100, 6671
2026/08/26 00:06:13.294, 160.13, 100, 6671
2026/08/26 00:06:14.302, 159.48, 100, 6671
2026/08/26 00:06:15.302, 159.54, 100, 6671
2026/08/26 00:06:16.302, 160.88, 100, 6671
2026/08/26 00:06:17.302, 159.84, 100, 6671
2026/08/26 00:06:18.302, 159.33, 100, 6671
2026/08/26 00:06:19.303, 160.73, 100, 6671
2026/08/26 00:06:20.303, 159.38, 100, 6671
2026/08/26 00:06:21.303, 159.36, 100, 6671
2026/08/26 00:06:22.303, 160.41, 100, 6671
2026/08/26 00:06:23.303, 159.98, 100, 6671
2026/08/26 00:06:24.303, 159.49, 98, 6671
2026/08/26 00:06:25.304, 160.40, 100, 6671
2026/08/26 00:06:26.304, 159.99, 100, 6671
2026/08/26 00:06:27.304, 159.79, 98, 6671
2026/08/26 00:06:28.304, 160.17, 100, 6671
2026/08/26 00:06:29.304, 159.94, 100, 6671
2026/08/26 00:06:30.304, 159.34, 98, 6671
2026/08/26 00:06:31.305, 160.15, 100, 6671
2026/08/26 00:06:32.305, 159.76, 100, 6671
2026/08/26 00:06:33.305, 159.31, 98, 6671
2026/08/26 00:06:34.305, 160.03, 100, 6671
2026/08/26 00:06:35.305, 160.79, 100, 6671
2026/08/26 00:06:36.305, 159.21, 98, 6671
2026/08/26 00:06:37.305, 159.96, 100, 6671
2026/08/26 00:06:38.306, 159.97, 100, 6671
2026/08/26 00:06:39.306, 159.00, 98, 6671
2026/08/26 00:06:40.306, 159.81, 100, 6671
2026/08/26 00:06:41.306, 160.38, 100, 6671
2026/08/26 00:06:42.306, 159.20, 98, 6671
2026/08/26 00:06:43.306, 159.95, 100, 6671
2026/08/26 00:06:44.307, 159.68, 100, 6671
2026/08/26 00:06:45.307, 159.00, 98, 6671
2026/08/26 00:06:46.307, 160.02, 100, 6671
2026/08/26 00:06:47.307, 160.53, 100, 6671
2026/08/26 00:06:48.307, 158.88, 98, 6671
2026/08/26 00:06:49.307, 160.60, 100, 6671
2026/08/26 00:06:50.308, 160.51, 100, 6671
2026/08/26 00:06:51.308, 158.70, 98, 6671
2026/08/26 00:06:52.308, 160.78, 100, 6671
2026/08/26 00:06:53.308, 159.86, 100, 6671
2026/08/26 00:06:54.308, 158.83, 98, 6671
2026/08/26 00:06:55.308, 159.76, 100, 6671
2026/08/26 00:06:56.309, 160.14, 100, 6671
2026/08/26 00:06:57.309, 159.42, 99, 6671
2026/08/26 00:06:58.309, 159.67, 100, 6671
2026/08/26 00:06:59.309, 160.64, 100, 6671
2026/08/26 00:07:00.309, 159.38, 100, 6671
2026/08/26 00:07:01.309, 159.92, 100, 6671
2026/08/26 00:07:02.310, 160.79, 100, 6671
2026/08/26 00:07:03.310, 159.67, 100, 6671
2026/08/26 00:07:04.310, 159.83, 100, 6671
2026/08/26 00:07:05.310, 160.38, 100, 6671
2026/08/26 00:07:06.310, 159.75, 100, 6671
2026/08/26 00:07:07.311, 159.55, 100, 6671
2026/08/26 00:07:08.311, 160.82, 100, 6671
2026/08/26 00:07:09.311, 159.65, 100, 6671
2026/08/26 00:07:10.311, 159.47, 100, 6671
2026/08/26 00:07:11.311, 160.83, 100, 6671
2026/08/26 00:07:12.311, 159.50, 100, 6671
2026/08/26 00:07:13.312, 159.39, 100, 6671
2026/08/26 00:07:14.312, 160.32, 100, 6671
2026/08/26 00:07:15.312, 159.81, 100, 6671
2026/08/26 00:07:16.312, 159.09, 98, 6671
2026/08/26 00:07:17.312, 160.68, 100, 6671
2026/08/26 00:07:18.312, 159.95, 100, 6671
2026/08/26 00:07:19.313, 159.20, 98, 6671
2026/08/26 00:07:20.313, 160.25, 100, 6671
2026/08/26 00:07:21.313, 159.97, 100, 6671
2026/08/26 00:07:22.313, 159.08, 98, 6671
2026/08/26 00:07:23.313, 159.93, 100, 6671
2026/08/26 00:07:24.313, 159.97, 100, 6671
2026/08/26 00:07:25.313, 159.18, 98, 6671
2026/08/26 00:07:26.314, 159.88, 100, 6671
2026/08/26 00:07:27.314, 159.94, 100, 6671
2026/08/26 00:07:28.314, 159.03, 98, 6671
2026/08/26 00:07:29.314, 159.76, 100, 6671
2026/08/26 00:07:30.314, 160.00, 100, 6671
2026/08/26 00:07:31.315, 159.27, 98, 6671
2026/08/26 00:07:32.315, 160.04, 100, 6671
2026/08/26 00:07:33.315, 159.95, 100, 6671
2026/08/26 00:07:34.315, 159.03, 98, 6671
2026/08/26 00:07:35.315, 159.85, 100, 6671
2026/08/26 00:07:36.315, 159.86, 100, 6671
2026/08/26 00:07:37.315, 158.59, 98, 6671
2026/08/26 00:07:38.316, 159.65, 100, 6671
2026/08/26 00:07:39.316, 159.41, 100, 6671
2026/08/26 00:07:40.316, 158.42, 98, 6671
2026/08/26 00:07:41.316, 159.45, 100, 6671
2026/08/26 00:07:42.316, 160.25, 100, 6671
2026/08/26 00:07:43.317, 158.54, 98, 6671
2026/08/26 00:07:44.317, 160.04, 100, 6671
2026/08/26 00:07:45.317, 160.04, 100, 6671
2026/08/26 00:07:46.317, 159.10, 98, 6671
2026/08/26 00:07:47.317, 160.28, 100, 6671
2026/08/26 00:07:48.317, 160.00, 100, 6671
2026/08/26 00:07:49.317, 159.27, 99, 6671
2026/08/26 00:07:50.318, 159.75, 100, 6671
2026/08/26 00:07:51.318, 160.51, 100, 6671
2026/08/26 00:07:52.318, 159.37, 100, 6671
2026/08/26 00:07:53.318, 159.64, 100, 6671
2026/08/26 00:07:54.318, 160.13, 100, 6671
2026/08/26 00:07:55.318, 159.44, 100, 6671
2026/08/26 00:07:56.319, 159.57, 100, 6671
2026/08/26 00:07:57.319, 160.48, 100, 6671
2026/08/26 00:07:58.319, 158.95, 100, 6671
2026/08/26 00:07:59.319, 159.19, 100, 6671
2026/08/26 00:08:00.319, 160.35, 100, 6671
2026/08/26 00:08:01.319, 159.24, 100, 6671
2026/08/26 00:08:02.320, 159.27, 100, 6671
2026/08/26 00:08:03.320, 160.62, 100, 6671
2026/08/26 00:08:04.320, 159.51, 100, 6671
2026/08/26 00:08:05.320, 158.76, 98, 6671
2026/08/26 00:08:06.320, 159.71, 100, 6671
2026/08/26 00:08:07.321, 159.25, 100, 6671
2026/08/26 00:08:08.321, 159.02, 98, 6671
2026/08/26 00:08:09.321, 159.80, 100, 6671
2026/08/26 00:08:10.321, 159.33, 100, 6671
2026/08/26 00:08:11.321, 159.06, 98, 6671
2026/08/26 00:08:12.321, 159.93, 100, 6671
2026/08/26 00:08:13.322, 159.31, 100, 6671
2026/08/26 00:08:14.322, 158.71, 98, 6671
2026/08/26 00:08:15.322, 159.57, 100, 6671
2026/08/26 00:08:16.322, 159.82, 100, 6671
2026/08/26 00:08:17.322, 158.82, 98, 6671
2026/08/26 00:08:18.322, 159.67, 100, 6671
2026/08/26 00:08:19.323, 159.43, 100, 6671
2026/08/26 00:08:20.323, 158.73, 98, 6671
2026/08/26 00:08:21.323, 159.60, 100, 6671
2026/08/26 00:08:22.323, 159.37, 100, 6671
2026/08/26 00:08:23.323, 158.99, 98, 6671
2026/08/26 00:08:24.324, 159.66, 100, 6671
2026/08/26 00:08:25.324, 159.72, 100, 6671
2026/08/26 00:08:26.324, 158.88, 98, 6671
2026/08/26 00:08:27.324, 159.54, 100, 6671
2026/08/26 00:08:28.324, 159.59, 100, 6671
2026/08/26 00:08:29.324, 158.64, 98, 6671
2026/08/26 00:08:30.325, 159.51, 100, 6671
2026/08/26 00:08:31.325, 159.70, 100, 6671
2026/08/26 00:08:32.325, 158.40, 98, 6671
2026/08/26 00:08:33.325, 159.69, 100, 6671
2026/08/26 00:08:34.325, 159.94, 100, 6671
2026/08/26 00:08:35.325, 158.76, 98, 6671
2026/08/26 00:08:36.326, 160.40, 100, 6671
2026/08/26 00:08:37.326, 160.33, 100, 6671
2026/08/26 00:08:38.326, 159.12, 98, 6671
2026/08/26 00:08:39.326, 159.84, 100, 6671
2026/08/26 00:08:40.326, 160.12, 100, 6671
2026/08/26 00:08:41.326, 159.59, 100, 6671
2026/08/26 00:08:42.327, 159.49, 100, 6671
2026/08/26 00:08:43.327, 160.35, 100, 6671
2026/08/26 00:08:44.327, 159.64, 100, 6671
2026/08/26 00:08:45.327, 159.65, 100, 6671
2026/08/26 00:08:46.327, 160.53, 100, 6671
2026/08/26 00:08:47.328, 159.23, 100, 6671
2026/08/26 00:08:48.328, 159.04, 100, 6671
2026/08/26 00:08:49.328, 158.93, 100, 6671
2026/08/26 00:08:50.328, 162.73, 100, 6671
2026/08/26 00:08:51.328, 162.59, 100, 6671
2026/08/26 00:08:52.328, 162.82, 100, 6671
2026/08/26 00:08:53.329, 162.77, 100, 6671
2026/08/26 00:08:54.329, 162.69, 99, 6671
2026/08/26 00:08:55.329, 162.59, 100, 6671
2026/08/26 00:08:56.329, 162.71, 100, 6671
2026/08/26 00:08:57.329, 162.81, 100, 6671
2026/08/26 00:08:58.330, 162.76, 100, 6671
2026/08/26 00:08:59.330, 162.96, 100, 6671
2026/08/26 00:09:00.330, 162.90, 100, 6671
2026/08/26 00:09:01.330, 162.62, 100, 6671
2026/08/26 00:09:02.330, 162.68, 100, 6671
2026/08/26 00:09:03.330, 162.92, 99, 6671
2026/08/26 00:09:04.331, 162.85, 100, 6671
2026/08/26 00:09:05.331, 162.71, 100, 6671
2026/08/26 00:09:06.339, 162.94, 99, 6671
2026/08/26 00:09:07.339, 162.62, 100, 6671
2026/08/26 00:09:08.340, 162.79, 100, 6671
2026/08/26 00:09:09.340, 162.75, 99, 6671
2026/08/26 00:09:10.340, 162.96, 100, 6671
2026/08/26 00:09:11.340, 162.84, 100, 6671
2026/08/26 00:09:12.340, 163.02, 100, 6671
2026/08/26 00:09:13.340, 162.87, 100, 6671
2026/08/26 00:09:14.341, 162.92, 100, 6671
2026/08/26 00:09:15.341, 162.76, 99, 6671
2026/08/26 00:09:16.341, 162.95, 100, 6671
2026/08/26 00:09:17.341, 162.93, 100, 6671
2026/08/26 00:09:18.341, 163.08, 100, 6671
2026/08/26 00:09:19.341, 162.96, 100, 6671
2026/08/26 00:09:20.342, 162.89, 100, 6671
2026/08/26 00:09:21.342, 163.09, 100, 6671
2026/08/26 00:09:22.342, 163.08, 100, 6671
2026/08/26 00:09:23.342, 162.98, 100, 6671
2026/08/26 00:09:24.342, 162.94, 100, 6671
2026/08/26 00:09:25.342, 162.81, 100, 6671
2026/08/26 00:09:26.343, 162.82, 100, 6671
2026/08/26 00:09:27.343, 162.74, 99, 6671
2026/08/26 00:09:28.343, 162.89, 100, 6671
2026/08/26 00:09:29.343, 162.59, 100, 6671
2026/08/26 00:09:30.343, 162.87, 99, 6671
2026/08/26 00:09:31.343, 162.97, 100, 6671
2026/08/26 00:09:32.343, 162.95, 100, 6671
2026/08/26 00:09:33.344, 162.75, 100, 6671
2026/08/26 00:09:34.344, 162.76, 100, 6671
2026/08/26 00:09:35.344, 162.74, 100, 6671
2026/08/26 00:09:36.344, 162.89, 99, 6671
2026/08/26 00:09:37.344, 162.85, 100, 6671
2026/08/26 00:09:38.344, 162.79, 99, 6671
2026/08/26 00:09:39.345, 162.91, 99, 6671
2026/08/26 00:09:40.345, 162.73, 100, 6671
2026/08/26 00:09:41.345, 162.88, 100, 6671
2026/08/26 00:09:42.345, 162.81, 100, 6671
2026/08/26 00:09:43.345, 163.13, 100, 6671
2026/08/26 00:09:44.345, 162.84, 99, 6671
2026/08/26 00:09:45.346, 162.99, 100, 6671
2026/08/26 00:09:46.346, 162.70, 100, 6671
2026/08/26 00:09:47.346, 162.91, 99, 6671
2026/08/26 00:09:48.346, 162.95, 100, 6671
2026/08/26 00:09:49.346, 162.97, 100, 6671
2026/08/26 00:09:50.346, 162.96, 99, 6671
2026/08/26 00:09:51.347, 163.07, 100, 6671
2026/08/26 00:09:52.347, 162.99, 100, 6671
2026/08/26 00:09:53.347, 162.83, 100, 6671
2026/08/26 00:09:54.347, 163.01, 100, 6671
2026/08/26 00:09:55.347, 162.79, 100, 6671
2026/08/26 00:09:56.347, 163.05, 99, 6671
2026/08/26 00:09:57.348, 162.96, 100, 6671
2026/08/26 00:09:58.348, 162.96, 100, 6671
2026/08/26 00:09:59.348, 162.91, 99, 6671
2026/08/26 00:10:00.348, 163.07, 100, 6671
2026/08/26 00:10:01.348, 163.13, 100, 6671
2026/08/26 00:10:02.348, 163.08, 100, 6671
2026/08/26 00:10:03.349, 163.11, 100, 6671
2026/08/26 00:10:04.349, 162.90, 100, 6671
2026/08/26 00:10:05.349, 163.11, 99, 6671
2026/08/26 00:10:06.349, 163.21, 100, 6671
2026/08/26 00:10:07.349, 163.39, 100, 6671
2026/08/26 00:10:08.349, 163.22, 100, 6671
2026/08/26 00:10:09.350, 163.22, 100, 6671
2026/08/26 00:10:10.350, 163.09, 100, 6671
2026/08/26 00:10:11.350, 163.04, 100, 6671
2026/08/26 00:10:12.350, 162.94, 100, 6671
2026/08/26 00:10:13.350, 163.03, 99, 6671
2026/08/26 00:10:14.350, 162.96, 100, 6671
2026/08/26 00:10:15.351, 162.99, 100, 6671
2026/08/26 00:10:16.351, 162.86, 99, 6671
2026/08/26 00:10:17.351, 162.51, 100, 6671
2026/08/26 00:10:18.351, 162.79, 100, 6671
2026/08/26 00:10:19.351, 162.85, 99, 6671
2026/08/26 00:10:20.351, 163.03, 100, 6671
2026/08/26 00:10:21.352, 162.62, 100, 6671
2026/08/26 00:10:22.352, 162.57, 99, 6671
2026/08/26 00:10:23.352, 162.73, 100, 6671
2026/08/26 00:10:24.352, 162.67, 100, 6671
2026/08/26 00:10:25.352, 157.48, 63, 6671
2026/08/26 00:10:26.352, 154.67, 100, 6671
2026/08/26 00:10:27.353, 160.76, 100, 6671
2026/08/26 00:10:28.353, 159.49, 100, 6671
2026/08/26 00:10:29.353, 159.64, 100, 6671
2026/08/26 00:10:30.353, 160.79, 100, 6671
2026/08/26 00:10:31.353, 159.51, 100, 6671
2026/08/26 00:10:32.353, 159.52, 100, 6671
2026/08/26 00:10:33.354, 160.74, 100, 6671
2026/08/26 00:10:34.354, 159.98, 100, 6671
2026/08/26 00:10:35.354, 159.79, 100, 6671
2026/08/26 00:10:36.354, 160.81, 100, 6671
2026/08/26 00:10:37.354, 159.71, 100, 6671
2026/08/26 00:10:38.354, 159.83, 99, 6671
2026/08/26 00:10:39.355, 160.45, 100, 6671
2026/08/26 00:10:40.355, 159.96, 100, 6671
2026/08/26 00:10:41.355, 159.25, 98, 6671
2026/08/26 00:10:42.355, 160.41, 100, 6671
2026/08/26 00:10:43.355, 160.10, 100, 6671
2026/08/26 00:10:44.355, 159.50, 98, 6671
2026/08/26 00:10:45.356, 160.12, 100, 6671
2026/08/26 00:10:46.356, 159.61, 100, 6671
2026/08/26 00:10:47.356, 159.23, 98, 6671
2026/08/26 00:10:48.356, 159.86, 100, 6671
2026/08/26 00:10:49.356, 160.05, 100, 6671
2026/08/26 00:10:50.357, 159.33, 98, 6671
2026/08/26 00:10:51.357, 160.01, 100, 6671
2026/08/26 00:10:52.357, 160.15, 100, 6671
2026/08/26 00:10:53.357, 159.14, 98, 6671
2026/08/26 00:10:54.357, 159.72, 100, 6671
2026/08/26 00:10:55.357, 159.85, 100, 6671
2026/08/26 00:10:56.358, 159.05, 98, 6671
2026/08/26 00:10:57.358, 160.00, 100, 6671
2026/08/26 00:10:58.358, 160.45, 100, 6671
2026/08/26 00:10:59.358, 158.92, 98, 6671
2026/08/26 00:11:00.358, 159.71, 100, 6671
2026/08/26 00:11:01.358, 160.02, 100, 6671
2026/08/26 00:11:02.358, 158.94, 98, 6671
2026/08/26 00:11:03.359, 160.00, 100, 6671
2026/08/26 00:11:04.359, 160.33, 100, 6671
2026/08/26 00:11:05.359, 158.87, 98, 6671
2026/08/26 00:11:06.359, 159.63, 100, 6671
2026/08/26 00:11:07.359, 160.19, 100, 6671
2026/08/26 00:11:08.359, 159.16, 98, 6671
2026/08/26 00:11:09.360, 160.11, 100, 6671
2026/08/26 00:11:10.360, 160.39, 100, 6671
2026/08/26 00:11:11.360, 159.58, 100, 6671
2026/08/26 00:11:12.360, 159.64, 100, 6671
2026/08/26 00:11:13.360, 160.35, 100, 6671
2026/08/26 00:11:14.361, 159.56, 100, 6671
2026/08/26 00:11:15.361, 159.76, 100, 6671
2026/08/26 00:11:16.361, 160.60, 100, 6671
2026/08/26 00:11:17.361, 159.53, 100, 6671
2026/08/26 00:11:18.361, 159.25, 100, 6671
2026/08/26 00:11:19.361, 160.43, 100, 6671
2026/08/26 00:11:20.362, 159.34, 100, 6671
2026/08/26 00:11:21.362, 159.06, 100, 6671
2026/08/26 00:11:22.362, 160.83, 100, 6671
2026/08/26 00:11:23.362, 159.61, 100, 6671
2026/08/26 00:11:24.362, 159.76, 99, 6671
2026/08/26 00:11:25.362, 160.37, 100, 6671
2026/08/26 00:11:26.363, 160.08, 100, 6671
2026/08/26 00:11:27.363, 159.66, 98, 6671
2026/08/26 00:11:28.363, 160.27, 100, 6671
2026/08/26 00:11:29.363, 159.65, 100, 6671
2026/08/26 00:11:30.363, 159.51, 98, 6671
2026/08/26 00:11:31.363, 160.21, 100, 6671
2026/08/26 00:11:32.364, 159.97, 100, 6671
2026/08/26 00:11:33.364, 159.36, 98, 6671
2026/08/26 00:11:34.364, 160.07, 100, 6671
2026/08/26 00:11:35.364, 159.85, 100, 6671
2026/08/26 00:11:36.364, 159.30, 98, 6671
2026/08/26 00:11:37.365, 159.89, 100, 6671
2026/08/26 00:11:38.365, 160.08, 100, 6671
2026/08/26 00:11:39.365, 159.40, 98, 6671
2026/08/26 00:11:40.365, 159.90, 100, 6671
2026/08/26 00:11:41.365, 160.26, 100, 6671
2026/08/26 00:11:42.365, 158.81, 98, 6671
2026/08/26 00:11:43.366, 160.29, 100, 6671
2026/08/26 00:11:44.366, 160.02, 100, 6671
2026/08/26 00:11:45.366, 158.96, 98, 6671
2026/08/26 00:11:46.366, 160.48, 100, 6671
2026/08/26 00:11:47.366, 160.13, 100, 6671
2026/08/26 00:11:48.367, 158.96, 98, 6671
2026/08/26 00:11:49.367, 159.62, 100, 6671
2026/08/26 00:11:50.367, 159.75, 100, 6671
2026/08/26 00:11:51.367, 158.78, 98, 6671
2026/08/26 00:11:52.367, 159.53, 100, 6671
2026/08/26 00:11:53.376, 160.38, 100, 6671
2026/08/26 00:11:54.376, 158.88, 98, 6671
2026/08/26 00:11:55.376, 160.35, 100, 6671
2026/08/26 00:11:56.376, 160.34, 100, 6671
2026/08/26 00:11:57.376, 158.66, 98, 6671
2026/08/26 00:11:58.377, 160.45, 100, 6671
2026/08/26 00:11:59.377, 160.28, 100, 6671
2026/08/26 00:12:00.377, 159.37, 99, 6671
2026/08/26 00:12:01.377, 159.29, 100, 6671
2026/08/26 00:12:02.377, 160.03, 100, 6671
2026/08/26 00:12:03.377, 159.32, 100, 6671
2026/08/26 00:12:04.378, 159.20, 100, 6671
2026/08/26 00:12:05.378, 160.37, 100, 6671
2026/08/26 00:12:06.378, 159.10, 100, 6671
2026/08/26 00:12:07.378, 159.23, 100, 6671
2026/08/26 00:12:08.378, 160.87, 100, 6671
2026/08/26 00:12:09.378, 159.34, 100, 6671
2026/08/26 00:12:10.379, 159.69, 100, 6671
2026/08/26 00:12:11.379, 160.73, 100, 6671
2026/08/26 00:12:12.379, 159.15, 100, 6671
2026/08/26 00:12:13.379, 159.14, 100, 6671
2026/08/26 00:12:14.379, 160.08, 100, 6671
2026/08/26 00:12:15.379, 159.51, 100, 6671
2026/08/26 00:12:16.380, 159.24, 98, 6671
2026/08/26 00:12:17.380, 160.15, 100, 6671
2026/08/26 00:12:18.380, 159.61, 100, 6671
2026/08/26 00:12:19.380, 158.98, 98, 6671
2026/08/26 00:12:20.380, 159.98, 100, 6671
2026/08/26 00:12:21.380, 159.23, 100, 6671
2026/08/26 00:12:22.381, 159.12, 98, 6671
2026/08/26 00:12:23.381, 159.83, 100, 6671
2026/08/26 00:12:24.381, 160.07, 100, 6671
2026/08/26 00:12:25.381, 159.30, 98, 6671
2026/08/26 00:12:26.381, 159.60, 100, 6671
2026/08/26 00:12:27.381, 159.62, 100, 6671
2026/08/26 00:12:28.382, 159.26, 98, 6671
2026/08/26 00:12:29.382, 159.75, 100, 6671
2026/08/26 00:12:30.382, 159.61, 100, 6671
2026/08/26 00:12:31.382, 159.29, 98, 6671
2026/08/26 00:12:32.382, 159.98, 100, 6671
2026/08/26 00:12:33.382, 159.67, 100, 6671
2026/08/26 00:12:34.383, 158.95, 98, 6671
2026/08/26 00:12:35.383, 159.80, 100, 6671
2026/08/26 00:12:36.383, 160.00, 100, 6671
2026/08/26 00:12:37.383, 158.82, 98, 6671
2026/08/26 00:12:38.383, 160.61, 100, 6671
2026/08/26 00:12:39.383, 159.71, 100, 6671
2026/08/26 00:12:40.384, 158.74, 98, 6671
2026/08/26 00:12:41.384, 159.64, 100, 6671
2026/08/26 00:12:42.384, 159.90, 100, 6671
2026/08/26 00:12:43.384, 158.75, 98, 6671
2026/08/26 00:12:44.384, 159.46, 100, 6671
2026/08/26 00:12:45.384, 160.25, 100, 6671
2026/08/26 00:12:46.385, 158.48, 98, 6671
2026/08/26 00:12:47.385, 160.25, 100, 6671
2026/08/26 00:12:48.385, 160.26, 100, 6671
2026/08/26 00:12:49.385, 159.40, 98, 6671
2026/08/26 00:12:50.385, 159.64, 100, 6671
2026/08/26 00:12:51.385, 159.85, 100, 6671
2026/08/26 00:12:52.385, 159.30, 100, 6671
2026/08/26 00:12:53.386, 159.61, 100, 6671
2026/08/26 00:12:54.386, 160.20, 100, 6671
2026/08/26 00:12:55.386, 159.47, 100, 6671
2026/08/26 00:12:56.386, 159.51, 100, 6671
2026/08/26 00:12:57.386, 160.39, 100, 6671
2026/08/26 00:12:58.386, 159.28, 100, 6671
2026/08/26 00:12:59.387, 159.29, 100, 6671
2026/08/26 00:13:00.387, 160.34, 100, 6671
2026/08/26 00:13:01.387, 159.68, 100, 6671
2026/08/26 00:13:02.387, 159.30, 100, 6671
2026/08/26 00:13:03.387, 160.64, 100, 6671
2026/08/26 00:13:04.387, 159.62, 100, 6671
2026/08/26 00:13:05.388, 159.52, 98, 6671
2026/08/26 00:13:06.388, 160.56, 100, 6671
2026/08/26 00:13:07.388, 160.06, 100, 6671
2026/08/26 00:13:08.388, 159.07, 98, 6671
2026/08/26 00:13:09.388, 160.07, 100, 6671
2026/08/26 00:13:10.388, 159.29, 100, 6671
2026/08/26 00:13:11.388, 159.21, 98, 6671
2026/08/26 00:13:12.389, 160.08, 100, 6671
2026/08/26 00:13:13.389, 159.37, 100, 6671
2026/08/26 00:13:14.389, 159.10, 98, 6671
2026/08/26 00:13:15.389, 159.85, 100, 6671
2026/08/26 00:13:16.389, 159.80, 100, 6671
2026/08/26 00:13:17.389, 158.85, 98, 6671
2026/08/26 00:13:18.390, 159.60, 100, 6671
2026/08/26 00:13:19.396, 159.52, 100, 6671
2026/08/26 00:13:20.396, 159.16, 98, 6671
2026/08/26 00:13:21.396, 159.79, 100, 6671
2026/08/26 00:13:22.396, 159.88, 100, 6671
2026/08/26 00:13:23.396, 158.86, 98, 6671
2026/08/26 00:13:24.405, 159.58, 100, 6671
2026/08/26 00:13:25.405, 159.58, 100, 6671
2026/08/26 00:13:26.405, 158.68, 98, 6671
2026/08/26 00:13:27.405, 159.70, 100, 6671
2026/08/26 00:13:28.405, 159.83, 100, 6671
2026/08/26 00:13:29.406, 158.82, 98, 6671
2026/08/26 00:13:30.406, 160.20, 100, 6671
2026/08/26 00:13:31.406, 160.15, 100, 6671
2026/08/26 00:13:32.406, 158.46, 98, 6671
2026/08/26 00:13:33.406, 159.43, 100, 6671
2026/08/26 00:13:34.406, 160.15, 100, 6671
2026/08/26 00:13:35.407, 158.47, 98, 6671
2026/08/26 00:13:36.407, 159.34, 100, 6671
2026/08/26 00:13:37.407, 159.97, 100, 6671
2026/08/26 00:13:38.407, 159.38, 99, 6671
2026/08/26 00:13:39.407, 159.33, 100, 6671
2026/08/26 00:13:40.407, 159.95, 100, 6671
2026/08/26 00:13:41.408, 158.99, 100, 6671
2026/08/26 00:13:42.408, 158.38, 100, 6671
2026/08/26 00:13:43.408, 163.11, 100, 6671
2026/08/26 00:13:44.408, 162.89, 100, 6671
2026/08/26 00:13:45.408, 162.82, 100, 6671
2026/08/26 00:13:46.408, 163.02, 100, 6671
2026/08/26 00:13:47.409, 162.87, 100, 6671
2026/08/26 00:13:48.409, 162.90, 100, 6671
2026/08/26 00:13:49.409, 162.70, 99, 6671
2026/08/26 00:13:50.409, 163.06, 100, 6671
2026/08/26 00:13:51.409, 162.97, 100, 6671
2026/08/26 00:13:52.409, 163.06, 100, 6671
2026/08/26 00:13:53.410, 162.95, 100, 6671
2026/08/26 00:13:54.410, 162.99, 100, 6671
2026/08/26 00:13:55.410, 162.97, 100, 6671
2026/08/26 00:13:56.410, 162.88, 100, 6671
2026/08/26 00:13:57.410, 163.03, 100, 6671
2026/08/26 00:13:58.410, 163.25, 100, 6671
2026/08/26 00:13:59.411, 162.96, 100, 6671
2026/08/26 00:14:00.411, 162.73, 99, 6671
2026/08/26 00:14:01.411, 162.92, 100, 6671
2026/08/26 00:14:02.411, 162.92, 100, 6671
2026/08/26 00:14:03.411, 162.95, 99, 6671
2026/08/26 00:14:04.411, 162.86, 100, 6671
2026/08/26 00:14:05.412, 162.86, 100, 6671
2026/08/26 00:14:06.412, 163.18, 100, 6671
2026/08/26 00:14:07.412, 163.08, 100, 6671
2026/08/26 00:14:08.412, 162.97, 100, 6671
2026/08/26 00:14:09.412, 163.03, 100, 6671
2026/08/26 00:14:10.412, 163.10, 100, 6671
2026/08/26 00:14:11.413, 163.16, 100, 6671
2026/08/26 00:14:12.413, 162.99, 99, 6671
2026/08/26 00:14:13.413, 162.95, 100, 6671
2026/08/26 00:14:14.413, 163.13, 100, 6671
2026/08/26 00:14:15.413, 163.23, 99, 6671
2026/08/26 00:14:16.413, 163.27, 100, 6671
2026/08/26 00:14:17.413, 162.93, 100, 6671
2026/08/26 00:14:18.414, 163.20, 99, 6671
2026/08/26 00:14:19.414, 163.11, 100, 6671
2026/08/26 00:14:20.414, 163.01, 100, 6671
2026/08/26 00:14:21.414, 163.01, 99, 6671
2026/08/26 00:14:22.414, 163.04, 100, 6671
2026/08/26 00:14:23.414, 163.10, 100, 6671
2026/08/26 00:14:24.415, 163.02, 99, 6671
2026/08/26 00:14:25.415, 163.24, 100, 6671
2026/08/26 00:14:26.415, 162.94, 100, 6671
2026/08/26 00:14:27.415, 162.93, 100, 6671
2026/08/26 00:14:28.415, 163.00, 100, 6671
2026/08/26 00:14:29.415, 162.86, 99, 6671
2026/08/26 00:14:30.415, 162.94, 100, 6671
2026/08/26 00:14:31.416, 162.83, 100, 6671
2026/08/26 00:14:32.416, 162.94, 100, 6671
2026/08/26 00:14:33.416, 163.07, 100, 6671
2026/08/26 00:14:34.416, 162.91, 100, 6671
2026/08/26 00:14:35.416, 162.99, 99, 6671
2026/08/26 00:14:36.416, 163.01, 100, 6671
2026/08/26 00:14:37.417, 162.99, 100, 6671
2026/08/26 00:14:38.417, 163.04, 100, 6671
2026/08/26 00:14:39.417, 162.83, 100, 6671
2026/08/26 00:14:40.417, 163.04, 100, 6671
2026/08/26 00:14:41.417, 162.86, 99, 6671
2026/08/26 00:14:42.417, 163.01, 100, 6671
2026/08/26 00:14:43.418, 162.98, 100, 6671
2026/08/26 00:14:44.418, 162.92, 100, 6671
2026/08/26 00:14:45.418, 163.07, 100, 6671
2026/08/26 00:14:46.418, 163.12, 100, 6671
2026/08/26 00:14:47.418, 163.02, 99, 6671
2026/08/26 00:14:48.418, 162.98, 100, 6671
2026/08/26 00:14:49.419, 162.90, 100, 6671
2026/08/26 00:14:50.419, 162.85, 100, 6671
2026/08/26 00:14:51.419, 163.07, 100, 6671
2026/08/26 00:14:52.419, 162.81, 100, 6671
2026/08/26 00:14:53.419, 163.08, 99, 6671
2026/08/26 00:14:54.419, 163.06, 100, 6671
2026/08/26 00:14:55.420, 163.18, 100, 6671
2026/08/26 00:14:56.420, 163.06, 99, 6671
2026/08/26 00:14:57.420, 163.11, 100, 6671
2026/08/26 00:14:58.420, 163.18, 99, 6671
2026/08/26 00:14:59.420, 163.18, 99, 6671
2026/08/26 00:15:00.420, 163.05, 100, 6671
2026/08/26 00:15:01.421, 162.90, 99, 6671
2026/08/26 00:15:02.421, 163.05, 100, 6671
2026/08/26 00:15:03.421, 163.34, 100, 6671
2026/08/26 00:15:04.421, 163.21, 99, 6671
2026/08/26 00:15:05.421, 163.49, 100, 6671
2026/08/26 00:15:06.421, 163.15, 100, 6671
2026/08/26 00:15:07.422, 163.33, 100, 6671
2026/08/26 00:15:08.422, 163.25, 100, 6671
2026/08/26 00:15:09.422, 163.49, 100, 6671
2026/08/26 00:15:10.422, 163.08, 99, 6671
2026/08/26 00:15:11.422, 163.16, 100, 6671
2026/08/26 00:15:12.422, 163.37, 100, 6671
2026/08/26 00:15:13.423, 163.14, 99, 6671
2026/08/26 00:15:14.423, 163.23, 100, 6671
2026/08/26 00:15:15.423, 163.00, 100, 6671
2026/08/26 00:15:16.423, 163.05, 99, 6671
2026/08/26 00:15:17.423, 162.89, 100, 6671
2026/08/26 00:15:18.423, 162.84, 100, 6671
2026/08/26 00:15:19.424, 154.53, 100, 6671
2026/08/26 00:15:20.424, 159.34, 98, 6671
2026/08/26 00:15:21.424, 160.34, 100, 6671
2026/08/26 00:15:22.424, 160.24, 100, 6671
2026/08/26 00:15:23.424, 159.72, 98, 6671
2026/08/26 00:15:24.424, 160.10, 100, 6671
2026/08/26 00:15:25.425, 160.02, 100, 6671
2026/08/26 00:15:26.425, 159.47, 98, 6671
2026/08/26 00:15:27.425, 160.13, 100, 6671
2026/08/26 00:15:28.425, 159.76, 100, 6671
2026/08/26 00:15:29.425, 159.24, 98, 6671
2026/08/26 00:15:30.425, 160.00, 100, 6671
2026/08/26 00:15:31.426, 159.72, 100, 6671
2026/08/26 00:15:32.426, 159.11, 98, 6671
2026/08/26 00:15:33.426, 159.96, 100, 6671
2026/08/26 00:15:34.426, 159.86, 100, 6671
2026/08/26 00:15:35.426, 159.29, 98, 6671
2026/08/26 00:15:36.426, 159.83, 100, 6671
2026/08/26 00:15:37.427, 160.22, 100, 6671
2026/08/26 00:15:38.427, 159.07, 98, 6671
2026/08/26 00:15:39.427, 160.08, 100, 6671
2026/08/26 00:15:40.427, 159.60, 100, 6671
2026/08/26 00:15:41.427, 158.85, 98, 6671
2026/08/26 00:15:42.428, 159.77, 100, 6671
2026/08/26 00:15:43.428, 160.43, 100, 6671
2026/08/26 00:15:44.428, 158.72, 98, 6671
2026/08/26 00:15:45.428, 159.78, 100, 6671
2026/08/26 00:15:46.428, 160.70, 100, 6671
2026/08/26 00:15:47.428, 158.87, 98, 6671
2026/08/26 00:15:48.428, 159.65, 100, 6671
2026/08/26 00:15:49.429, 160.25, 100, 6671
2026/08/26 00:15:50.429, 159.62, 100, 6671
2026/08/26 00:15:51.429, 159.43, 100, 6671
2026/08/26 00:15:52.429, 160.34, 100, 6671
2026/08/26 00:15:53.429, 159.56, 100, 6671
2026/08/26 00:15:54.429, 159.70, 100, 6671
2026/08/26 00:15:55.430, 160.70, 100, 6671
2026/08/26 00:15:56.430, 159.27, 100, 6671
2026/08/26 00:15:57.430, 159.62, 100, 6671
2026/08/26 00:15:58.430, 160.87, 100, 6671
2026/08/26 00:15:59.430, 159.48, 100, 6671
2026/08/26 00:16:00.431, 159.45, 100, 6671
2026/08/26 00:16:01.431, 160.79, 100, 6671
2026/08/26 00:16:02.431, 159.37, 100, 6671
2026/08/26 00:16:03.431, 159.11, 99, 6671
2026/08/26 00:16:04.431, 160.25, 100, 6671
2026/08/26 00:16:05.431, 159.70, 100, 6671
2026/08/26 00:16:06.431, 159.12, 98, 6671
2026/08/26 00:16:07.432, 160.13, 100, 6671
2026/08/26 00:16:08.432, 159.44, 100, 6671
2026/08/26 00:16:09.432, 158.99, 98, 6671
2026/08/26 00:16:10.432, 159.88, 100, 6671
2026/08/26 00:16:11.432, 159.75, 100, 6671
2026/08/26 00:16:12.432, 159.23, 98, 6671
2026/08/26 00:16:13.433, 159.80, 100, 6671
2026/08/26 00:16:14.433, 160.10, 100, 6671
2026/08/26 00:16:15.433, 159.20, 98, 6671
2026/08/26 00:16:16.433, 159.69, 100, 6671
2026/08/26 00:16:17.433, 159.98, 100, 6671
2026/08/26 00:16:18.433, 158.98, 98, 6671
2026/08/26 00:16:19.434, 159.78, 100, 6671
2026/08/26 00:16:20.434, 160.22, 100, 6671
2026/08/26 00:16:21.434, 158.93, 98, 6671
2026/08/26 00:16:22.434, 159.68, 100, 6671
2026/08/26 00:16:23.434, 159.41, 100, 6671
2026/08/26 00:16:24.434, 158.70, 98, 6671
2026/08/26 00:16:25.435, 159.54, 100, 6671
2026/08/26 00:16:26.435, 159.68, 100, 6671
2026/08/26 00:16:27.435, 158.40, 98, 6671
2026/08/26 00:16:28.435, 159.36, 100, 6671
2026/08/26 00:16:29.435, 160.14, 100, 6671
2026/08/26 00:16:30.436, 158.47, 98, 6671
2026/08/26 00:16:31.436, 159.37, 100, 6671
2026/08/26 00:16:32.436, 160.29, 100, 6671
2026/08/26 00:16:33.436, 159.18, 99, 6671
2026/08/26 00:16:34.436, 159.54, 100, 6671
2026/08/26 00:16:35.436, 160.16, 100, 6671
2026/08/26 00:16:36.437, 159.40, 100, 6671
2026/08/26 00:16:37.437, 159.24, 100, 6671
2026/08/26 00:16:38.437, 160.15, 100, 6671
2026/08/26 00:16:39.437, 159.21, 100, 6671
2026/08/26 00:16:40.437, 159.72, 100, 6671
2026/08/26 00:16:41.437, 160.72, 100, 6671
2026/08/26 00:16:42.438, 159.10, 100, 6671
2026/08/26 00:16:43.438, 159.19, 100, 6671
2026/08/26 00:16:44.438, 160.21, 100, 6671
2026/08/26 00:16:45.438, 159.62, 100, 6671
2026/08/26 00:16:46.438, 159.12, 99, 6671
2026/08/26 00:16:47.438, 160.16, 100, 6671
2026/08/26 00:16:48.439, 159.43, 100, 6671
2026/08/26 00:16:49.439, 159.33, 98, 6671
2026/08/26 00:16:50.439, 160.06, 100, 6671
2026/08/26 00:16:51.439, 159.83, 100, 6671
2026/08/26 00:16:52.439, 159.31, 98, 6671
2026/08/26 00:16:53.439, 159.96, 100, 6671
2026/08/26 00:16:54.440, 158.78, 100, 6671
2026/08/26 00:16:55.440, 159.37, 98, 6671
2026/08/26 00:16:56.440, 159.76, 100, 6671
2026/08/26 00:16:57.440, 158.57, 100, 6671
2026/08/26 00:16:58.440, 159.46, 98, 6671
2026/08/26 00:16:59.440, 159.68, 100, 6671
2026/08/26 00:17:00.441, 158.79, 100, 6671
2026/08/26 00:17:01.441, 159.47, 98, 6671
2026/08/26 00:17:02.441, 160.23, 100, 6671
2026/08/26 00:17:03.441, 159.21, 100, 6671
2026/08/26 00:17:04.441, 160.05, 98, 6671
2026/08/26 00:17:05.441, 160.54, 100, 6671
2026/08/26 00:17:06.442, 159.49, 100, 6671
2026/08/26 00:17:07.442, 159.59, 98, 6671
2026/08/26 00:17:08.442, 160.56, 100, 6671
2026/08/26 00:17:09.442, 159.26, 100, 6671
2026/08/26 00:17:10.442, 159.66, 98, 6671
2026/08/26 00:17:11.442, 160.66, 100, 6671
2026/08/26 00:17:12.443, 159.52, 100, 6671
2026/08/26 00:17:13.443, 159.38, 100, 6671
2026/08/26 00:17:14.443, 160.59, 100, 6671
2026/08/26 00:17:15.443, 159.25, 100, 6671
2026/08/26 00:17:16.443, 159.56, 98, 6671
2026/08/26 00:17:17.443, 160.22, 100, 6671
2026/08/26 00:17:18.444, 159.40, 100, 6671
2026/08/26 00:17:19.444, 158.95, 98, 6671
2026/08/26 00:17:20.444, 159.93, 100, 6671
2026/08/26 00:17:21.444, 159.50, 100, 6671
2026/08/26 00:17:22.444, 158.86, 98, 6671
2026/08/26 00:17:23.445, 160.04, 100, 6671
2026/08/26 00:17:24.445, 159.78, 100, 6671
2026/08/26 00:17:25.445, 159.14, 98, 6671
2026/08/26 00:17:26.445, 159.96, 100, 6671
2026/08/26 00:17:27.445, 159.81, 100, 6671
2026/08/26 00:17:28.445, 158.90, 98, 6671
2026/08/26 00:17:29.445, 160.32, 100, 6671
2026/08/26 00:17:30.446, 159.72, 100, 6671
2026/08/26 00:17:31.446, 159.19, 98, 6671
2026/08/26 00:17:32.446, 160.43, 100, 6671
2026/08/26 00:17:33.446, 159.58, 100, 6671
2026/08/26 00:17:34.446, 159.14, 98, 6671
2026/08/26 00:17:35.446, 159.90, 100, 6671
2026/08/26 00:17:36.447, 159.76, 100, 6671
2026/08/26 00:17:37.447, 158.85, 98, 6671
2026/08/26 00:17:38.447, 159.70, 100, 6671
2026/08/26 00:17:39.447, 160.32, 100, 6671
2026/08/26 00:17:40.447, 158.79, 98, 6671
2026/08/26 00:17:41.447, 159.68, 100, 6671
2026/08/26 00:17:42.456, 160.50, 100, 6671
2026/08/26 00:17:43.456, 158.96, 98, 6671
2026/08/26 00:17:44.456, 160.58, 100, 6671
2026/08/26 00:17:45.457, 160.50, 100, 6671
2026/08/26 00:17:46.457, 159.33, 99, 6671
2026/08/26 00:17:47.457, 159.48, 100, 6671
2026/08/26 00:17:48.457, 160.49, 100, 6671
2026/08/26 00:17:49.457, 159.69, 100, 6671
2026/08/26 00:17:50.457, 159.71, 100, 6671
2026/08/26 00:17:51.457, 160.55, 100, 6671
2026/08/26 00:17:52.458, 159.59, 100, 6671
2026/08/26 00:17:53.458, 159.57, 100, 6671
2026/08/26 00:17:54.458, 160.81, 100, 6671
2026/08/26 00:17:55.458, 159.79, 100, 6671
2026/08/26 00:17:56.458, 159.57, 100, 6671
2026/08/26 00:17:57.459, 160.36, 100, 6671
2026/08/26 00:17:58.459, 159.37, 100, 6671
2026/08/26 00:17:59.459, 159.58, 98, 6671
2026/08/26 00:18:00.459, 160.29, 100, 6671
2026/08/26 00:18:01.459, 159.48, 100, 6671
2026/08/26 00:18:02.459, 159.07, 98, 6671
2026/08/26 00:18:03.460, 160.22, 100, 6671
2026/08/26 00:18:04.460, 159.96, 100, 6671
2026/08/26 00:18:05.460, 159.38, 98, 6671
2026/08/26 00:18:06.460, 159.91, 100, 6671
2026/08/26 00:18:07.460, 159.95, 100, 6671
2026/08/26 00:18:08.460, 158.80, 98, 6671
2026/08/26 00:18:09.461, 160.27, 100, 6671
2026/08/26 00:18:10.461, 160.23, 100, 6671
2026/08/26 00:18:11.461, 159.21, 98, 6671
2026/08/26 00:18:12.461, 159.92, 100, 6671
2026/08/26 00:18:13.461, 160.15, 100, 6671
2026/08/26 00:18:14.461, 158.99, 98, 6671
2026/08/26 00:18:15.462, 159.85, 100, 6671
2026/08/26 00:18:16.462, 159.92, 100, 6671
2026/08/26 00:18:17.462, 158.71, 98, 6671
2026/08/26 00:18:18.462, 160.30, 100, 6671
2026/08/26 00:18:19.462, 160.06, 100, 6671
2026/08/26 00:18:20.462, 158.79, 98, 6671
2026/08/26 00:18:21.463, 159.62, 100, 6671
2026/08/26 00:18:22.463, 160.11, 100, 6671
2026/08/26 00:18:23.463, 158.47, 98, 6671
2026/08/26 00:18:24.463, 159.40, 100, 6671
2026/08/26 00:18:25.463, 160.38, 100, 6671
2026/08/26 00:18:26.464, 158.92, 98, 6671
2026/08/26 00:18:27.464, 159.42, 100, 6671
2026/08/26 00:18:28.464, 159.85, 100, 6671
2026/08/26 00:18:29.464, 159.12, 100, 6671
2026/08/26 00:18:30.464, 159.82, 100, 6671
2026/08/26 00:18:31.464, 160.67, 100, 6671
2026/08/26 00:18:32.465, 159.26, 100, 6671
2026/08/26 00:18:33.465, 159.22, 100, 6671
2026/08/26 00:18:34.465, 160.05, 100, 6671
2026/08/26 00:18:35.465, 159.65, 100, 6671
2026/08/26 00:18:36.465, 160.39, 100, 6671
2026/08/26 00:18:37.465, 162.98, 99, 6671
2026/08/26 00:18:38.466, 163.06, 100, 6671
2026/08/26 00:18:39.466, 162.95, 100, 6671
2026/08/26 00:18:40.466, 162.73, 99, 6671
2026/08/26 00:18:41.466, 162.85, 100, 6671
2026/08/26 00:18:42.466, 162.82, 100, 6671
2026/08/26 00:18:43.466, 162.88, 99, 6671
2026/08/26 00:18:44.467, 162.94, 100, 6671
2026/08/26 00:18:45.467, 163.12, 100, 6671
2026/08/26 00:18:46.467, 163.13, 100, 6671
2026/08/26 00:18:47.467, 163.08, 100, 6671
2026/08/26 00:18:48.467, 163.07, 100, 6671
2026/08/26 00:18:49.467, 162.89, 99, 6671
2026/08/26 00:18:50.468, 163.16, 100, 6671
2026/08/26 00:18:51.468, 163.22, 99, 6671
2026/08/26 00:18:52.468, 163.33, 100, 6671
2026/08/26 00:18:53.468, 163.12, 100, 6671
2026/08/26 00:18:54.468, 163.09, 99, 6671
2026/08/26 00:18:55.468, 163.15, 100, 6671
2026/08/26 00:18:56.469, 163.13, 100, 6671
2026/08/26 00:18:57.469, 163.12, 99, 6671
2026/08/26 00:18:58.469, 163.17, 100, 6671
2026/08/26 00:18:59.469, 162.97, 100, 6671
2026/08/26 00:19:00.469, 162.99, 100, 6671
2026/08/26 00:19:01.469, 163.16, 100, 6671
2026/08/26 00:19:02.470, 163.04, 100, 6671
2026/08/26 00:19:03.470, 163.01, 100, 6671
2026/08/26 00:19:04.470, 163.16, 100, 6671
2026/08/26 00:19:05.470, 163.31, 100, 6671
2026/08/26 00:19:06.470, 162.94, 99, 6671
2026/08/26 00:19:07.470, 163.20, 100, 6671
2026/08/26 00:19:08.471, 163.21, 100, 6671
2026/08/26 00:19:09.471, 163.21, 99, 6671
2026/08/26 00:19:10.471, 163.17, 100, 6671
2026/08/26 00:19:11.471, 162.95, 100, 6671
2026/08/26 00:19:12.471, 163.28, 99, 6671
2026/08/26 00:19:13.471, 163.23, 100, 6671
2026/08/26 00:19:14.472, 163.32, 100, 6671
2026/08/26 00:19:15.472, 163.07, 100, 6671
2026/08/26 00:19:16.472, 163.35, 100, 6671
2026/08/26 00:19:17.472, 163.27, 100, 6671
2026/08/26 00:19:18.472, 163.31, 100, 6671
2026/08/26 00:19:19.472, 163.18, 100, 6671
2026/08/26 00:19:20.473, 163.24, 99, 6671
2026/08/26 00:19:21.473, 163.35, 100, 6671
2026/08/26 00:19:22.473, 163.33, 100, 6671
2026/08/26 00:19:23.473, 163.31, 99, 6671
2026/08/26 00:19:24.473, 163.02, 100, 6671
2026/08/26 00:19:25.473, 163.04, 100, 6671
2026/08/26 00:19:26.474, 163.22, 99, 6671
2026/08/26 00:19:27.474, 163.20, 100, 6671
2026/08/26 00:19:28.474, 162.95, 100, 6671
2026/08/26 00:19:29.474, 163.05, 99, 6671
2026/08/26 00:19:30.474, 163.15, 100, 6671
2026/08/26 00:19:31.474, 163.16, 100, 6671
2026/08/26 00:19:32.475, 163.20, 99, 6671
2026/08/26 00:19:33.475, 163.07, 100, 6671
2026/08/26 00:19:34.475, 163.17, 100, 6671
2026/08/26 00:19:35.475, 163.12, 99, 6671
2026/08/26 00:19:36.475, 163.00, 100, 6671
2026/08/26 00:19:37.475, 162.93, 100, 6671
2026/08/26 00:19:38.476, 163.21, 100, 6671
2026/08/26 00:19:39.476, 163.24, 100, 6671
2026/08/26 00:19:40.476, 163.32, 100, 6671
2026/08/26 00:19:41.476, 163.04, 99, 6671
2026/08/26 00:19:42.476, 163.18, 100, 6671
2026/08/26 00:19:43.476, 163.08, 100, 6671
2026/08/26 00:19:44.477, 163.15, 99, 6671
2026/08/26 00:19:45.477, 163.22, 100, 6671
2026/08/26 00:19:46.477, 163.18, 100, 6671
2026/08/26 00:19:47.477, 163.28, 99, 6671
2026/08/26 00:19:48.477, 163.23, 100, 6671
2026/08/26 00:19:49.477, 163.24, 99, 6671
2026/08/26 00:19:50.478, 163.14, 99, 6671
2026/08/26 00:19:51.478, 163.01, 100, 6671
2026/08/26 00:19:52.478, 163.30, 99, 6671
2026/08/26 00:19:53.478, 163.09, 100, 6671
2026/08/26 00:19:54.478, 163.07, 100, 6671
2026/08/26 00:19:55.478, 163.13, 99, 6671
2026/08/26 00:19:56.479, 163.36, 100, 6671
2026/08/26 00:19:57.479, 163.18, 100, 6671
2026/08/26 00:19:58.479, 163.02, 99, 6671
2026/08/26 00:19:59.479, 163.08, 100, 6671
2026/08/26 00:20:00.479, 162.98, 100, 6671
2026/08/26 00:20:01.479, 163.07, 99, 6671
2026/08/26 00:20:02.480, 163.07, 100, 6671
2026/08/26 00:20:03.480, 162.94, 100, 6671
2026/08/26 00:20:04.480, 163.31, 99, 6671
2026/08/26 00:20:05.480, 163.42, 100, 6671
2026/08/26 00:20:06.480, 163.41, 100, 6671
2026/08/26 00:20:07.480, 163.28, 99, 6671
2026/08/26 00:20:08.481, 162.88, 100, 6671
2026/08/26 00:20:09.481, 163.07, 100, 6671
2026/08/26 00:20:10.481, 163.04, 99, 6671
2026/08/26 00:20:11.481, 163.11, 100, 6671
2026/08/26 00:20:12.481, 155.35, 100, 6671
2026/08/26 00:20:13.481, 160.54, 100, 6671
2026/08/26 00:20:14.482, 159.32, 98, 6671
2026/08/26 00:20:15.482, 160.17, 100, 6671
2026/08/26 00:20:16.482, 160.64, 100, 6671
2026/08/26 00:20:17.482, 159.21, 98, 6671
2026/08/26 00:20:18.482, 160.10, 100, 6671
2026/08/26 00:20:19.482, 160.24, 100, 6671
2026/08/26 00:20:20.483, 158.99, 98, 6671
2026/08/26 00:20:21.483, 160.64, 100, 6671
2026/08/26 00:20:22.483, 160.28, 100, 6671
2026/08/26 00:20:23.483, 159.27, 97, 6671
2026/08/26 00:20:24.483, 160.26, 100, 6671
2026/08/26 00:20:25.484, 160.67, 100, 6671
2026/08/26 00:20:26.484, 159.57, 100, 6671
2026/08/26 00:20:27.484, 159.95, 100, 6671
2026/08/26 00:20:28.484, 160.32, 100, 6671
2026/08/26 00:20:29.484, 159.32, 100, 6671
2026/08/26 00:20:30.484, 159.82, 100, 6671
2026/08/26 00:20:31.484, 161.06, 100, 6671
2026/08/26 00:20:32.485, 160.00, 100, 6671
2026/08/26 00:20:33.485, 159.78, 100, 6671
2026/08/26 00:20:34.485, 160.43, 100, 6671
2026/08/26 00:20:35.485, 159.95, 100, 6671
2026/08/26 00:20:36.485, 159.37, 100, 6671
2026/08/26 00:20:37.485, 160.45, 100, 6671
2026/08/26 00:20:38.486, 159.58, 100, 6671
2026/08/26 00:20:39.486, 159.67, 98, 6671
2026/08/26 00:20:40.486, 160.71, 100, 6671
2026/08/26 00:20:41.486, 160.11, 100, 6671
2026/08/26 00:20:42.486, 159.47, 98, 6671
2026/08/26 00:20:43.486, 160.13, 100, 6671
2026/08/26 00:20:44.487, 159.79, 100, 6671
2026/08/26 00:20:45.487, 159.45, 98, 6671
2026/08/26 00:20:46.487, 159.97, 100, 6671
2026/08/26 00:20:47.487, 159.64, 100, 6671
2026/08/26 00:20:48.487, 159.27, 98, 6671
2026/08/26 00:20:49.487, 160.03, 100, 6671
2026/08/26 00:20:50.488, 159.94, 100, 6671
2026/08/26 00:20:51.488, 159.21, 98, 6671
2026/08/26 00:20:52.488, 160.20, 100, 6671
2026/08/26 00:20:53.488, 160.40, 100, 6671
2026/08/26 00:20:54.488, 159.04, 98, 6671
2026/08/26 00:20:55.488, 159.86, 100, 6671
2026/08/26 00:20:56.489, 159.75, 100, 6671
2026/08/26 00:20:57.489, 158.94, 98, 6671
2026/08/26 00:20:58.489, 159.87, 100, 6671
2026/08/26 00:20:59.489, 160.02, 100, 6671
2026/08/26 00:21:00.489, 158.68, 98, 6671
2026/08/26 00:21:01.489, 159.69, 100, 6671
2026/08/26 00:21:02.490, 160.07, 100, 6671
2026/08/26 00:21:03.490, 158.63, 98, 6671
2026/08/26 00:21:04.490, 159.62, 100, 6671
2026/08/26 00:21:05.490, 160.47, 100, 6671
2026/08/26 00:21:06.490, 159.15, 98, 6671
2026/08/26 00:21:07.490, 159.50, 100, 6671
2026/08/26 00:21:08.491, 160.24, 100, 6671
2026/08/26 00:21:09.491, 159.32, 100, 6671
2026/08/26 00:21:10.491, 159.27, 100, 6671
2026/08/26 00:21:11.491, 160.49, 100, 6671
2026/08/26 00:21:12.491, 159.47, 100, 6671
2026/08/26 00:21:13.491, 159.28, 100, 6671
2026/08/26 00:21:14.492, 160.33, 100, 6671
2026/08/26 00:21:15.492, 159.92, 100, 6671
2026/08/26 00:21:16.492, 159.61, 100, 6671
2026/08/26 00:21:17.492, 160.73, 100, 6671
2026/08/26 00:21:18.492, 159.46, 100, 6671
2026/08/26 00:21:19.492, 159.18, 99, 6671
2026/08/26 00:21:20.493, 160.29, 100, 6671
2026/08/26 00:21:21.493, 159.42, 100, 6671
2026/08/26 00:21:22.493, 159.01, 98, 6671
2026/08/26 00:21:23.493, 160.08, 100, 6671
2026/08/26 00:21:24.493, 159.47, 100, 6671
2026/08/26 00:21:25.493, 158.92, 98, 6671
2026/08/26 00:21:26.494, 160.01, 100, 6671
2026/08/26 00:21:27.494, 160.00, 100, 6671
2026/08/26 00:21:28.494, 159.13, 98, 6671
2026/08/26 00:21:29.494, 160.36, 100, 6671
2026/08/26 00:21:30.494, 159.71, 100, 6671
2026/08/26 00:21:31.495, 159.07, 98, 6671
2026/08/26 00:21:32.495, 160.41, 100, 6671
2026/08/26 00:21:33.495, 159.79, 100, 6671
2026/08/26 00:21:34.495, 158.91, 98, 6671
2026/08/26 00:21:35.495, 159.76, 100, 6671
2026/08/26 00:21:36.495, 159.73, 100, 6671
2026/08/26 00:21:37.496, 158.69, 98, 6671
2026/08/26 00:21:38.496, 159.67, 100, 6671
2026/08/26 00:21:39.496, 159.87, 100, 6671
2026/08/26 00:21:40.496, 158.63, 98, 6671
2026/08/26 00:21:41.496, 159.32, 100, 6671
2026/08/26 00:21:42.496, 160.29, 100, 6671
2026/08/26 00:21:43.497, 158.78, 98, 6671
2026/08/26 00:21:44.497, 160.65, 100, 6671
2026/08/26 00:21:45.497, 160.11, 100, 6671
2026/08/26 00:21:46.497, 159.24, 100, 6671
2026/08/26 00:21:47.497, 159.80, 100, 6671
2026/08/26 00:21:48.497, 160.53, 100, 6671
2026/08/26 00:21:49.498, 159.42, 100, 6671
2026/08/26 00:21:50.498, 159.55, 100, 6671
2026/08/26 00:21:51.498, 160.46, 100, 6671
2026/08/26 00:21:52.498, 159.76, 100, 6671
2026/08/26 00:21:53.498, 159.33, 100, 6671
2026/08/26 00:21:54.499, 160.18, 100, 6671
2026/08/26 00:21:55.499, 159.51, 100, 6671
2026/08/26 00:21:56.499, 159.42, 100, 6671
2026/08/26 00:21:57.499, 160.26, 100, 6671
2026/08/26 00:21:58.499, 159.85, 100, 6671
2026/08/26 00:21:59.499, 159.19, 98, 6671
2026/08/26 00:22:00.500, 160.37, 100, 6671
2026/08/26 00:22:01.501, 159.25, 100, 6671
2026/08/26 00:22:02.501, 159.31, 98, 6671
2026/08/26 00:22:03.501, 160.12, 100, 6671
2026/08/26 00:22:04.501, 159.62, 100, 6671
2026/08/26 00:22:05.501, 159.12, 98, 6671
2026/08/26 00:22:06.501, 160.27, 100, 6671
2026/08/26 00:22:07.502, 160.08, 100, 6671
2026/08/26 00:22:08.502, 159.19, 98, 6671
2026/08/26 00:22:09.502, 160.03, 100, 6671
2026/08/26 00:22:10.502, 159.58, 100, 6671
2026/08/26 00:22:11.502, 158.98, 98, 6671
2026/08/26 00:22:12.502, 160.49, 100, 6671
2026/08/26 00:22:13.503, 159.71, 100, 6671
2026/08/26 00:22:14.503, 158.92, 98, 6671
2026/08/26 00:22:15.503, 159.73, 100, 6671
2026/08/26 00:22:16.503, 160.47, 100, 6671
2026/08/26 00:22:17.503, 159.02, 98, 6671
2026/08/26 00:22:18.503, 160.01, 100, 6671
2026/08/26 00:22:19.504, 159.77, 100, 6671
2026/08/26 00:22:20.504, 158.69, 98, 6671
2026/08/26 00:22:21.504, 159.65, 100, 6671
2026/08/26 00:22:22.504, 160.02, 100, 6671
2026/08/26 00:22:23.504, 158.74, 98, 6671
2026/08/26 00:22:24.504, 159.60, 100, 6671
2026/08/26 00:22:25.505, 159.96, 100, 6671
2026/08/26 00:22:26.505, 158.88, 100, 6671
2026/08/26 00:22:27.505, 159.31, 100, 6671
2026/08/26 00:22:28.505, 160.19, 100, 6671
2026/08/26 00:22:29.505, 159.47, 100, 6671
2026/08/26 00:22:30.505, 159.40, 100, 6671
2026/08/26 00:22:31.506, 160.13, 100, 6671
2026/08/26 00:22:32.506, 159.57, 100, 6671
2026/08/26 00:22:33.506, 159.31, 100, 6671
2026/08/26 00:22:34.506, 160.21, 100, 6671
2026/08/26 00:22:35.506, 159.24, 100, 6671
2026/08/26 00:22:36.506, 158.98, 99, 6671
2026/08/26 00:22:37.507, 159.86, 100, 6671
2026/08/26 00:22:38.507, 159.59, 100, 6671
2026/08/26 00:22:39.507, 159.34, 98, 6671
2026/08/26 00:22:40.507, 160.02, 100, 6671
2026/08/26 00:22:41.507, 159.82, 100, 6671
2026/08/26 00:22:42.507, 159.24, 98, 6671
2026/08/26 00:22:43.508, 160.06, 100, 6671
2026/08/26 00:22:44.508, 159.76, 100, 6671
2026/08/26 00:22:45.508, 159.47, 98, 6671
2026/08/26 00:22:46.508, 159.89, 100, 6671
2026/08/26 00:22:47.508, 159.92, 100, 6671
2026/08/26 00:22:48.509, 159.01, 98, 6671
2026/08/26 00:22:49.509, 160.43, 100, 6671
2026/08/26 00:22:50.509, 160.21, 100, 6671
2026/08/26 00:22:51.509, 159.10, 98, 6671
2026/08/26 00:22:52.509, 159.78, 100, 6671
2026/08/26 00:22:53.509, 159.64, 100, 6671
2026/08/26 00:22:54.510, 158.90, 98, 6671
2026/08/26 00:22:55.510, 159.88, 100, 6671
2026/08/26 00:22:56.510, 160.18, 100, 6671
2026/08/26 00:22:57.510, 158.89, 98, 6671
2026/08/26 00:22:58.510, 159.67, 100, 6671
2026/08/26 00:22:59.510, 159.79, 100, 6671
2026/08/26 00:23:00.511, 158.82, 98, 6671
2026/08/26 00:23:01.511, 159.60, 100, 6671
2026/08/26 00:23:02.511, 159.61, 100, 6671
2026/08/26 00:23:03.511, 158.63, 98, 6671
2026/08/26 00:23:04.511, 159.51, 100, 6671
2026/08/26 00:23:05.511, 160.52, 100, 6671
2026/08/26 00:23:06.512, 159.04, 98, 6671
2026/08/26 00:23:07.512, 159.81, 100, 6671
2026/08/26 00:23:08.512, 160.05, 100, 6671
2026/08/26 00:23:09.512, 159.21, 100, 6671
2026/08/26 00:23:10.512, 159.64, 100, 6671
2026/08/26 00:23:11.512, 160.58, 100, 6671
2026/08/26 00:23:12.513, 159.10, 100, 6671
2026/08/26 00:23:13.513, 159.67, 100, 6671
2026/08/26 00:23:14.513, 160.21, 100, 6671
2026/08/26 00:23:15.513, 159.91, 100, 6671
2026/08/26 00:23:16.513, 159.35, 100, 6671
2026/08/26 00:23:17.513, 160.63, 100, 6671
2026/08/26 00:23:18.514, 159.34, 100, 6671
2026/08/26 00:23:19.514, 158.99, 100, 6671
2026/08/26 00:23:20.514, 160.47, 100, 6671
2026/08/26 00:23:21.514, 159.28, 100, 6671
2026/08/26 00:23:22.514, 159.35, 98, 6671
2026/08/26 00:23:23.514, 160.12, 100, 6671
2026/08/26 00:23:24.515, 159.18, 100, 6671
2026/08/26 00:23:25.515, 158.98, 98, 6671
2026/08/26 00:23:26.515, 159.79, 100, 6671
2026/08/26 00:23:27.515, 159.70, 100, 6671
2026/08/26 00:23:28.515, 158.98, 98, 6671
2026/08/26 00:23:29.515, 159.16, 100, 6671
2026/08/26 00:23:30.516, 162.74, 100, 6671
2026/08/26 00:23:31.516, 162.68, 100, 6671
2026/08/26 00:23:32.516, 162.75, 99, 6671
2026/08/26 00:23:33.516, 162.90, 100, 6671
2026/08/26 00:23:34.516, 162.69, 100, 6671
2026/08/26 00:23:35.516, 162.58, 99, 6671
2026/08/26 00:23:36.517, 162.71, 100, 6671
2026/08/26 00:23:37.517, 162.80, 100, 6671
2026/08/26 00:23:38.517, 162.56, 99, 6671
2026/08/26 00:23:39.517, 162.63, 100, 6671
2026/08/26 00:23:40.517, 162.78, 100, 6671
2026/08/26 00:23:41.517, 162.56, 99, 6671
2026/08/26 00:23:42.518, 162.73, 100, 6671
2026/08/26 00:23:43.518, 162.68, 100, 6671
2026/08/26 00:23:44.518, 162.72, 99, 6671
2026/08/26 00:23:45.518, 162.77, 100, 6671
2026/08/26 00:23:46.518, 162.69, 100, 6671
2026/08/26 00:23:47.518, 162.85, 99, 6671
2026/08/26 00:23:48.518, 163.07, 100, 6671
2026/08/26 00:23:49.519, 163.19, 100, 6671
2026/08/26 00:23:50.519, 162.94, 100, 6671
2026/08/26 00:23:51.519, 162.93, 100, 6671
2026/08/26 00:23:52.519, 162.67, 100, 6671
2026/08/26 00:23:53.519, 162.90, 99, 6671
2026/08/26 00:23:54.519, 162.82, 100, 6671
2026/08/26 00:23:55.520, 162.76, 99, 6671
2026/08/26 00:23:56.520, 162.98, 100, 6671
2026/08/26 00:23:57.520, 162.84, 100, 6671
2026/08/26 00:23:58.520, 162.94, 99, 6671
2026/08/26 00:23:59.520, 163.00, 100, 6671
2026/08/26 00:24:00.520, 162.62, 100, 6671
2026/08/26 00:24:01.521, 162.73, 99, 6671
2026/08/26 00:24:02.521, 162.95, 100, 6671
2026/08/26 00:24:03.521, 162.80, 100, 6671
2026/08/26 00:24:04.521, 162.78, 100, 6671
2026/08/26 00:24:05.521, 162.96, 100, 6671
2026/08/26 00:24:06.521, 162.91, 100, 6671
2026/08/26 00:24:07.522, 162.81, 100, 6671
2026/08/26 00:24:08.522, 162.73, 100, 6671
2026/08/26 00:24:09.522, 162.80, 100, 6671
2026/08/26 00:24:10.522, 162.70, 99, 6671
2026/08/26 00:24:11.522, 162.74, 100, 6671
2026/08/26 00:24:12.522, 162.98, 100, 6671
2026/08/26 00:24:13.523, 162.71, 99, 6671
2026/08/26 00:24:14.523, 162.77, 100, 6671
2026/08/26 00:24:15.523, 162.96, 100, 6671
2026/08/26 00:24:16.523, 162.81, 99, 6671
2026/08/26 00:24:17.523, 162.76, 100, 6671
2026/08/26 00:24:18.523, 163.06, 100, 6671
2026/08/26 00:24:19.524, 163.18, 100, 6671
2026/08/26 00:24:20.524, 163.08, 100, 6671
2026/08/26 00:24:21.524, 163.04, 100, 6671
2026/08/26 00:24:22.524, 163.05, 99, 6671
2026/08/26 00:24:23.524, 163.16, 100, 6671
2026/08/26 00:24:24.524, 163.10, 99, 6671
2026/08/26 00:24:25.525, 163.24, 99, 6671
2026/08/26 00:24:26.525, 163.01, 100, 6671
2026/08/26 00:24:27.525, 163.22, 100, 6671
2026/08/26 00:24:28.525, 163.48, 100, 6671
2026/08/26 00:24:29.525, 163.34, 100, 6671
2026/08/26 00:24:30.525, 162.98, 99, 6671
2026/08/26 00:24:31.526, 162.89, 100, 6671
2026/08/26 00:24:32.526, 162.97, 100, 6671
2026/08/26 00:24:33.526, 163.04, 99, 6671
2026/08/26 00:24:34.526, 163.04, 100, 6671
2026/08/26 00:24:35.526, 162.98, 100, 6671
2026/08/26 00:24:36.526, 163.07, 100, 6671
2026/08/26 00:24:37.527, 162.97, 100, 6671
2026/08/26 00:24:38.527, 163.06, 100, 6671
2026/08/26 00:24:39.527, 162.82, 99, 6671
2026/08/26 00:24:40.527, 162.90, 100, 6671
2026/08/26 00:24:41.527, 162.99, 100, 6671
2026/08/26 00:24:42.527, 162.91, 100, 6671
2026/08/26 00:24:43.527, 162.98, 100, 6671
2026/08/26 00:24:44.528, 163.17, 100, 6671
2026/08/26 00:24:45.528, 163.05, 99, 6671
2026/08/26 00:24:46.528, 163.15, 100, 6671
2026/08/26 00:24:47.528, 163.38, 100, 6671
2026/08/26 00:24:48.528, 163.05, 100, 6671
2026/08/26 00:24:49.528, 163.03, 99, 6671
2026/08/26 00:24:50.529, 163.09, 100, 6671
2026/08/26 00:24:51.529, 163.15, 100, 6671
2026/08/26 00:24:52.529, 162.99, 99, 6671
2026/08/26 00:24:53.529, 163.30, 100, 6671
2026/08/26 00:24:54.529, 163.31, 100, 6671
2026/08/26 00:24:55.529, 163.14, 99, 6671
2026/08/26 00:24:56.530, 162.90, 100, 6671
2026/08/26 00:24:57.530, 163.13, 100, 6671
2026/08/26 00:24:58.530, 163.21, 100, 6671
2026/08/26 00:24:59.530, 163.16, 100, 6671
2026/08/26 00:25:00.530, 163.41, 99, 6671
2026/08/26 00:25:01.530, 163.08, 100, 6671
2026/08/26 00:25:02.531, 162.93, 100, 6671
2026/08/26 00:25:03.531, 162.97, 99, 6671
2026/08/26 00:25:04.531, 162.82, 100, 6671
2026/08/26 00:25:05.531, 155.88, 100, 6671
2026/08/26 00:25:06.531, 159.62, 99, 6671
2026/08/26 00:25:07.531, 160.22, 100, 6671
2026/08/26 00:25:08.532, 159.53, 100, 6671
2026/08/26 00:25:09.532, 159.22, 98, 6671
2026/08/26 00:25:10.532, 160.17, 100, 6671
2026/08/26 00:25:11.532, 159.75, 100, 6671
2026/08/26 00:25:12.532, 159.49, 98, 6671
2026/08/26 00:25:13.532, 160.23, 100, 6671
2026/08/26 00:25:14.533, 160.22, 100, 6671
2026/08/26 00:25:15.533, 159.41, 98, 6671
2026/08/26 00:25:16.533, 160.12, 100, 6671
2026/08/26 00:25:17.533, 160.26, 100, 6671
2026/08/26 00:25:18.533, 159.20, 98, 6671
2026/08/26 00:25:19.533, 159.99, 100, 6671
2026/08/26 00:25:20.534, 160.18, 100, 6671
2026/08/26 00:25:21.534, 158.87, 97, 6671
2026/08/26 00:25:22.534, 159.94, 100, 6671
2026/08/26 00:25:23.534, 160.07, 100, 6671
2026/08/26 00:25:24.534, 159.02, 98, 6671
2026/08/26 00:25:25.534, 159.79, 100, 6671
2026/08/26 00:25:26.534, 160.01, 100, 6671
2026/08/26 00:25:27.535, 159.16, 98, 6671
2026/08/26 00:25:28.535, 159.63, 100, 6671
2026/08/26 00:25:29.535, 160.59, 100, 6671
2026/08/26 00:25:30.535, 159.09, 98, 6671
2026/08/26 00:25:31.535, 160.00, 100, 6671
2026/08/26 00:25:32.535, 160.18, 100, 6671
2026/08/26 00:25:33.536, 159.44, 98, 6671
2026/08/26 00:25:34.536, 159.61, 100, 6671
2026/08/26 00:25:35.536, 160.33, 100, 6671
2026/08/26 00:25:36.536, 159.75, 100, 6671
2026/08/26 00:25:37.536, 159.75, 100, 6671
2026/08/26 00:25:38.537, 160.43, 100, 6671
2026/08/26 00:25:39.537, 159.81, 100, 6671
2026/08/26 00:25:40.537, 159.42, 100, 6671
2026/08/26 00:25:41.537, 160.97, 100, 6671
2026/08/26 00:25:42.537, 159.54, 100, 6671
2026/08/26 00:25:43.537, 159.67, 100, 6671
2026/08/26 00:25:44.538, 160.37, 100, 6671
2026/08/26 00:25:45.538, 159.52, 100, 6671
2026/08/26 00:25:46.538, 159.45, 99, 6671
2026/08/26 00:25:47.538, 160.42, 100, 6671
2026/08/26 00:25:48.538, 159.61, 100, 6671
2026/08/26 00:25:49.538, 159.50, 98, 6671
2026/08/26 00:25:50.539, 160.33, 100, 6671
2026/08/26 00:25:51.539, 159.68, 100, 6671
2026/08/26 00:25:52.539, 159.38, 98, 6671
2026/08/26 00:25:53.539, 160.05, 100, 6671
2026/08/26 00:25:54.539, 159.82, 100, 6671
2026/08/26 00:25:55.539, 159.11, 98, 6671
2026/08/26 00:25:56.540, 159.86, 100, 6671
2026/08/26 00:25:57.540, 159.54, 100, 6671
2026/08/26 00:25:58.540, 159.02, 98, 6671
2026/08/26 00:25:59.540, 160.03, 100, 6671
2026/08/26 00:26:00.540, 159.63, 100, 6671
2026/08/26 00:26:01.541, 159.14, 98, 6671
2026/08/26 00:26:02.541, 159.91, 100, 6671
2026/08/26 00:26:03.541, 159.97, 100, 6671
2026/08/26 00:26:04.541, 159.02, 98, 6671
2026/08/26 00:26:05.541, 159.80, 100, 6671
2026/08/26 00:26:06.541, 159.96, 100, 6671
2026/08/26 00:26:07.542, 158.98, 98, 6671
2026/08/26 00:26:08.542, 159.82, 100, 6671
2026/08/26 00:26:09.542, 160.63, 100, 6671
2026/08/26 00:26:10.542, 158.87, 98, 6671
2026/08/26 00:26:11.542, 159.74, 100, 6671
2026/08/26 00:26:12.542, 160.24, 100, 6671
2026/08/26 00:26:13.543, 159.23, 98, 6671
2026/08/26 00:26:14.543, 159.62, 100, 6671
2026/08/26 00:26:15.543, 160.45, 100, 6671
2026/08/26 00:26:16.543, 159.64, 100, 6671
2026/08/26 00:26:17.543, 159.76, 100, 6671
2026/08/26 00:26:18.543, 160.53, 100, 6671
2026/08/26 00:26:19.544, 159.39, 100, 6671
2026/08/26 00:26:20.544, 159.48, 100, 6671
2026/08/26 00:26:21.544, 160.57, 100, 6671
2026/08/26 00:26:22.544, 159.55, 100, 6671
2026/08/26 00:26:23.544, 159.73, 100, 6671
2026/08/26 00:26:24.544, 160.79, 100, 6671
2026/08/26 00:26:25.545, 159.61, 100, 6671
2026/08/26 00:26:26.545, 159.32, 100, 6671
2026/08/26 00:26:27.545, 160.31, 100, 6671
2026/08/26 00:26:28.545, 159.37, 100, 6671
2026/08/26 00:26:29.545, 159.64, 97, 6671
2026/08/26 00:26:30.546, 160.51, 100, 6671
2026/08/26 00:26:31.546, 159.71, 100, 6671
2026/08/26 00:26:32.546, 159.18, 98, 6671
2026/08/26 00:26:33.546, 160.15, 100, 6671
2026/08/26 00:26:34.546, 159.57, 100, 6671
2026/08/26 00:26:35.546, 159.24, 98, 6671
2026/08/26 00:26:36.546, 160.05, 100, 6671
2026/08/26 00:26:37.547, 159.70, 100, 6671
2026/08/26 00:26:38.547, 158.87, 98, 6671
2026/08/26 00:26:39.547, 159.72, 100, 6671
2026/08/26 00:26:40.547, 159.82, 100, 6671
2026/08/26 00:26:41.547, 159.14, 98, 6671
2026/08/26 00:26:42.548, 159.93, 100, 6671
2026/08/26 00:26:43.548, 160.20, 100, 6671
2026/08/26 00:26:44.548, 159.09, 98, 6671
2026/08/26 00:26:45.548, 159.93, 100, 6671
2026/08/26 00:26:46.548, 160.07, 100, 6671
2026/08/26 00:26:47.548, 159.03, 98, 6671
2026/08/26 00:26:48.549, 159.95, 100, 6671
2026/08/26 00:26:49.549, 160.24, 100, 6671
2026/08/26 00:26:50.549, 158.77, 98, 6671
2026/08/26 00:26:51.549, 159.78, 100, 6671
2026/08/26 00:26:52.549, 160.67, 100, 6671
2026/08/26 00:26:53.550, 159.02, 98, 6671
2026/08/26 00:26:54.550, 159.45, 100, 6671
2026/08/26 00:26:55.550, 160.46, 100, 6671
2026/08/26 00:26:56.550, 159.40, 100, 6671
2026/08/26 00:26:57.550, 159.85, 100, 6671
2026/08/26 00:26:58.550, 160.66, 100, 6671
2026/08/26 00:26:59.551, 159.29, 100, 6671
2026/08/26 00:27:00.551, 159.81, 100, 6671
2026/08/26 00:27:01.551, 160.71, 100, 6671
2026/08/26 00:27:02.551, 159.24, 100, 6671
2026/08/26 00:27:03.551, 159.44, 100, 6671
2026/08/26 00:27:04.551, 160.13, 100, 6671
2026/08/26 00:27:05.552, 159.59, 100, 6671
2026/08/26 00:27:06.552, 159.36, 100, 6671
2026/08/26 00:27:07.552, 160.63, 100, 6671
2026/08/26 00:27:08.552, 159.41, 100, 6671
2026/08/26 00:27:09.552, 159.42, 98, 6671
2026/08/26 00:27:10.552, 160.31, 100, 6671
2026/08/26 00:27:11.553, 159.62, 100, 6671
2026/08/26 00:27:12.553, 159.26, 98, 6671
2026/08/26 00:27:13.553, 160.14, 100, 6671
2026/08/26 00:27:14.553, 159.58, 100, 6671
2026/08/26 00:27:15.553, 159.28, 98, 6671
2026/08/26 00:27:16.553, 159.88, 100, 6671
2026/08/26 00:27:17.554, 160.07, 100, 6671
2026/08/26 00:27:18.554, 159.06, 98, 6671
2026/08/26 00:27:19.554, 159.76, 100, 6671
2026/08/26 00:27:20.554, 159.79, 100, 6671
2026/08/26 00:27:21.554, 159.00, 98, 6671
2026/08/26 00:27:22.554, 159.91, 100, 6671
2026/08/26 00:27:23.555, 160.03, 100, 6671
2026/08/26 00:27:24.555, 159.06, 98, 6671
2026/08/26 00:27:25.555, 159.75, 100, 6671
2026/08/26 00:27:26.555, 160.25, 100, 6671
2026/08/26 00:27:27.555, 158.81, 98, 6671
2026/08/26 00:27:28.555, 159.78, 100, 6671
2026/08/26 00:27:29.556, 159.82, 100, 6671
2026/08/26 00:27:30.556, 158.68, 98, 6671
2026/08/26 00:27:31.556, 159.49, 100, 6671
2026/08/26 00:27:32.557, 159.83, 100, 6671
2026/08/26 00:27:33.557, 159.45, 99, 6671
2026/08/26 00:27:34.557, 159.64, 100, 6671
2026/08/26 00:27:35.557, 160.34, 100, 6671
2026/08/26 00:27:36.557, 159.14, 100, 6671
2026/08/26 00:27:37.558, 159.66, 100, 6671
2026/08/26 00:27:38.558, 159.95, 100, 6671
2026/08/26 00:27:39.558, 159.60, 100, 6671
2026/08/26 00:27:40.558, 159.53, 100, 6671
2026/08/26 00:27:41.558, 160.34, 100, 6671
2026/08/26 00:27:42.558, 159.38, 100, 6671
2026/08/26 00:27:43.559, 159.10, 100, 6671
2026/08/26 00:27:44.559, 160.46, 100, 6671
2026/08/26 00:27:45.559, 159.38, 100, 6671
2026/08/26 00:27:46.559, 159.26, 98, 6671
2026/08/26 00:27:47.559, 159.89, 100, 6671
2026/08/26 00:27:48.559, 159.37, 100, 6671
2026/08/26 00:27:49.567, 159.09, 98, 6671
2026/08/26 00:27:50.567, 160.28, 100, 6671
2026/08/26 00:27:51.567, 159.78, 100, 6671
2026/08/26 00:27:52.568, 159.56, 98, 6671
2026/08/26 00:27:53.568, 159.76, 100, 6671
2026/08/26 00:27:54.568, 159.68, 100, 6671
2026/08/26 00:27:55.568, 159.05, 98, 6671
2026/08/26 00:27:56.568, 160.18, 100, 6671
2026/08/26 00:27:57.568, 159.62, 100, 6671
2026/08/26 00:27:58.569, 158.84, 98, 6671
2026/08/26 00:27:59.569, 159.80, 100, 6671
2026/08/26 00:28:00.569, 159.69, 100, 6671
2026/08/26 00:28:01.569, 158.89, 98, 6671
2026/08/26 00:28:02.569, 159.56, 100, 6671
2026/08/26 00:28:03.569, 160.25, 100, 6671
2026/08/26 00:28:04.570, 159.00, 98, 6671
2026/08/26 00:28:05.570, 159.55, 100, 6671
2026/08/26 00:28:06.570, 159.97, 100, 6671
2026/08/26 00:28:07.570, 158.94, 98, 6671
2026/08/26 00:28:08.570, 159.51, 100, 6671
2026/08/26 00:28:09.570, 159.98, 100, 6671
2026/08/26 00:28:10.571, 158.80, 98, 6671
2026/08/26 00:28:11.571, 159.67, 100, 6671
2026/08/26 00:28:12.571, 159.91, 100, 6671
2026/08/26 00:28:13.571, 159.09, 99, 6671
2026/08/26 00:28:14.571, 159.44, 100, 6671
2026/08/26 00:28:15.571, 160.66, 100, 6671
2026/08/26 00:28:16.572, 159.28, 100, 6671
2026/08/26 00:28:17.572, 159.22, 100, 6671
2026/08/26 00:28:18.572, 160.54, 100, 6671
2026/08/26 00:28:19.572, 159.78, 100, 6671
2026/08/26 00:28:20.572, 159.69, 100, 6671
2026/08/26 00:28:21.572, 160.37, 100, 6671
2026/08/26 00:28:22.573, 158.95, 100, 6671
2026/08/26 00:28:23.573, 162.90, 99, 6671
2026/08/26 00:28:24.573, 163.21, 100, 6671
2026/08/26 00:28:25.573, 163.11, 100, 6671
2026/08/26 00:28:26.573, 163.02, 99, 6671
2026/08/26 00:28:27.574, 163.13, 100, 6671
2026/08/26 00:28:28.574, 163.11, 100, 6671
2026/08/26 00:28:29.574, 163.09, 99, 6671
2026/08/26 00:28:30.574, 163.07, 100, 6671
2026/08/26 00:28:31.574, 162.75, 99, 6671
2026/08/26 00:28:32.574, 163.01, 100, 6671
2026/08/26 00:28:33.575, 163.19, 100, 6671
2026/08/26 00:28:34.575, 163.02, 99, 6671
2026/08/26 00:28:35.575, 163.07, 100, 6671
2026/08/26 00:28:36.575, 162.93, 100, 6671
2026/08/26 00:28:37.575, 163.06, 100, 6671
2026/08/26 00:28:38.575, 163.05, 100, 6671
2026/08/26 00:28:39.576, 163.04, 100, 6671
2026/08/26 00:28:40.576, 162.84, 99, 6671
2026/08/26 00:28:41.576, 163.32, 100, 6671
2026/08/26 00:28:42.576, 163.30, 100, 6671
2026/08/26 00:28:43.576, 163.13, 99, 6671
2026/08/26 00:28:44.576, 162.90, 100, 6671
2026/08/26 00:28:45.577, 163.02, 100, 6671
2026/08/26 00:28:46.577, 163.08, 99, 6671
2026/08/26 00:28:47.577, 163.08, 100, 6671
2026/08/26 00:28:48.577, 162.74, 100, 6671
2026/08/26 00:28:49.577, 163.10, 99, 6671
2026/08/26 00:28:50.578, 163.23, 100, 6671
2026/08/26 00:28:51.578, 163.15, 100, 6671
2026/08/26 00:28:52.578, 163.12, 99, 6671
2026/08/26 00:28:53.578, 163.11, 100, 6671
2026/08/26 00:28:54.578, 163.06, 100, 6671
2026/08/26 00:28:55.578, 163.04, 99, 6671
2026/08/26 00:28:56.579, 163.25, 100, 6671
2026/08/26 00:28:57.579, 163.06, 100, 6671
2026/08/26 00:28:58.579, 163.27, 99, 6671
2026/08/26 00:28:59.579, 163.27, 100, 6671
2026/08/26 00:29:00.579, 163.33, 100, 6671
2026/08/26 00:29:01.579, 163.42, 99, 6671
2026/08/26 00:29:02.580, 163.17, 100, 6671
2026/08/26 00:29:03.580, 163.30, 100, 6671
2026/08/26 00:29:04.580, 163.29, 99, 6671
2026/08/26 00:29:05.580, 163.33, 100, 6671
2026/08/26 00:29:06.580, 163.22, 99, 6671
2026/08/26 00:29:07.580, 163.34, 99, 6671
2026/08/26 00:29:08.581, 163.19, 100, 6671
2026/08/26 00:29:09.581, 163.26, 99, 6671
2026/08/26 00:29:10.581, 163.23, 100, 6671
2026/08/26 00:29:11.581, 163.23, 100, 6671
2026/08/26 00:29:12.581, 163.00, 100, 6671
2026/08/26 00:29:13.581, 163.18, 100, 6671
2026/08/26 00:29:14.582, 163.10, 100, 6671
2026/08/26 00:29:15.582, 162.90, 99, 6671
2026/08/26 00:29:16.582, 163.21, 100, 6671
2026/08/26 00:29:17.582, 163.29, 100, 6671
2026/08/26 00:29:18.582, 163.15, 100, 6671
2026/08/26 00:29:19.582, 163.18, 100, 6671
2026/08/26 00:29:20.583, 163.25, 100, 6671
2026/08/26 00:29:21.583, 163.24, 99, 6671
2026/08/26 00:29:22.583, 163.26, 100, 6671
2026/08/26 00:29:23.583, 163.09, 100, 6671
2026/08/26 00:29:24.583, 163.32, 100, 6671
2026/08/26 00:29:25.584, 163.41, 100, 6671
2026/08/26 00:29:26.584, 163.28, 100, 6671
2026/08/26 00:29:27.584, 163.27, 100, 6671
2026/08/26 00:29:28.584, 163.08, 100, 6671
2026/08/26 00:29:29.584, 163.21, 100, 6671
2026/08/26 00:29:30.585, 163.02, 99, 6671
2026/08/26 00:29:31.585, 163.23, 100, 6671
2026/08/26 00:29:32.585, 163.12, 100, 6671
2026/08/26 00:29:33.585, 163.42, 100, 6671
2026/08/26 00:29:34.585, 163.39, 100, 6671
2026/08/26 00:29:35.586, 163.49, 100, 6671
2026/08/26 00:29:36.586, 163.17, 99, 6671
2026/08/26 00:29:37.586, 163.02, 100, 6671
2026/08/26 00:29:38.586, 163.20, 100, 6671
2026/08/26 00:29:39.586, 163.19, 100, 6671
2026/08/26 00:29:40.586, 163.22, 100, 6671
2026/08/26 00:29:41.587, 163.15, 99, 6671
2026/08/26 00:29:42.587, 163.02, 100, 6671
2026/08/26 00:29:43.587, 163.23, 100, 6671
2026/08/26 00:29:44.587, 163.04, 99, 6671
2026/08/26 00:29:45.587, 162.90, 100, 6671
2026/08/26 00:29:46.587, 163.11, 100, 6671
2026/08/26 00:29:47.588, 163.13, 99, 6671
2026/08/26 00:29:48.588, 163.00, 100, 6671
2026/08/26 00:29:49.588, 163.14, 100, 6671
2026/08/26 00:29:50.588, 163.05, 100, 6671
2026/08/26 00:29:51.588, 163.13, 100, 6671
2026/08/26 00:29:52.589, 163.11, 100, 6671
2026/08/26 00:29:53.589, 163.24, 99, 6671
2026/08/26 00:29:54.589, 163.06, 100, 6671
2026/08/26 00:29:55.589, 162.93, 100, 6671
2026/08/26 00:29:56.589, 162.90, 100, 6671
2026/08/26 00:29:57.589, 163.11, 100, 6671
2026/08/26 00:29:58.590, 156.41, 96, 6671
2026/08/26 00:29:59.590, 159.60, 100, 6671
2026/08/26 00:30:00.590, 159.48, 100, 6671
2026/08/26 00:30:01.590, 159.61, 98, 6671
2026/08/26 00:30:02.590, 160.18, 100, 6671
2026/08/26 00:30:03.590, 159.76, 100, 6671
2026/08/26 00:30:04.591, 159.37, 98, 6671
2026/08/26 00:30:05.591, 160.09, 100, 6671
2026/08/26 00:30:06.591, 159.59, 100, 6671
2026/08/26 00:30:07.591, 159.45, 98, 6671
2026/08/26 00:30:08.591, 160.22, 100, 6671
2026/08/26 00:30:09.592, 160.24, 100, 6671
2026/08/26 00:30:10.592, 159.32, 98, 6671
2026/08/26 00:30:11.592, 160.08, 100, 6671
2026/08/26 00:30:12.592, 159.81, 100, 6671
2026/08/26 00:30:13.592, 159.15, 98, 6671
2026/08/26 00:30:14.593, 160.64, 100, 6671
2026/08/26 00:30:15.593, 160.41, 100, 6671
2026/08/26 00:30:16.593, 158.95, 97, 6671
2026/08/26 00:30:17.593, 160.68, 100, 6671
2026/08/26 00:30:18.593, 160.25, 100, 6671
2026/08/26 00:30:19.594, 158.94, 98, 6671
2026/08/26 00:30:20.594, 159.80, 100, 6671
2026/08/26 00:30:21.594, 160.56, 100, 6671
2026/08/26 00:30:22.594, 158.99, 98, 6671
2026/08/26 00:30:23.594, 159.98, 100, 6671
2026/08/26 00:30:24.594, 160.18, 100, 6671
2026/08/26 00:30:25.595, 159.41, 98, 6671
2026/08/26 00:30:26.595, 159.68, 100, 6671
2026/08/26 00:30:27.595, 160.26, 100, 6671
2026/08/26 00:30:28.595, 159.63, 99, 6671
2026/08/26 00:30:29.595, 159.99, 100, 6671
2026/08/26 00:30:30.595, 160.29, 100, 6671
2026/08/26 00:30:31.596, 159.82, 100, 6671
2026/08/26 00:30:32.596, 159.85, 100, 6671
2026/08/26 00:30:33.596, 160.72, 100, 6671
2026/08/26 00:30:34.596, 159.67, 100, 6671
2026/08/26 00:30:35.596, 160.46, 100, 6671
2026/08/26 00:30:36.597, 160.92, 100, 6671
2026/08/26 00:30:37.597, 159.35, 100, 6671
2026/08/26 00:30:38.597, 159.46, 100, 6671
2026/08/26 00:30:39.597, 161.01, 100, 6671
2026/08/26 00:30:40.597, 159.55, 100, 6671
2026/08/26 00:30:41.597, 160.11, 100, 6671
2026/08/26 00:30:42.598, 161.07, 100, 6671
2026/08/26 00:30:43.598, 159.82, 100, 6671
2026/08/26 00:30:44.598, 159.40, 99, 6671
2026/08/26 00:30:45.598, 160.41, 100, 6671
2026/08/26 00:30:46.598, 159.57, 100, 6671
2026/08/26 00:30:47.598, 159.56, 98, 6671
2026/08/26 00:30:48.599, 160.23, 100, 6671
2026/08/26 00:30:49.599, 159.52, 100, 6671
2026/08/26 00:30:50.599, 159.29, 98, 6671
2026/08/26 00:30:51.599, 160.09, 100, 6671
2026/08/26 00:30:52.599, 159.40, 100, 6671
2026/08/26 00:30:53.600, 159.45, 98, 6671
2026/08/26 00:30:54.600, 159.98, 100, 6671
2026/08/26 00:30:55.600, 159.52, 100, 6671
2026/08/26 00:30:56.600, 159.27, 98, 6671
2026/08/26 00:30:57.600, 159.96, 100, 6671
2026/08/26 00:30:58.600, 159.80, 100, 6671
2026/08/26 00:30:59.601, 159.23, 98, 6671
2026/08/26 00:31:00.601, 160.25, 100, 6671
2026/08/26 00:31:01.601, 160.15, 100, 6671
2026/08/26 00:31:02.601, 159.40, 98, 6671
2026/08/26 00:31:03.601, 160.10, 100, 6671
2026/08/26 00:31:04.601, 160.26, 100, 6671
2026/08/26 00:31:05.602, 158.76, 98, 6671
2026/08/26 00:31:06.602, 159.80, 100, 6671
2026/08/26 00:31:07.602, 160.24, 100, 6671
2026/08/26 00:31:08.602, 158.95, 98, 6671
2026/08/26 00:31:09.602, 160.36, 100, 6671
2026/08/26 00:31:10.602, 160.23, 100, 6671
2026/08/26 00:31:11.603, 158.74, 98, 6671
2026/08/26 00:31:12.603, 160.42, 100, 6671
2026/08/26 00:31:13.603, 160.27, 100, 6671
2026/08/26 00:31:14.603, 158.85, 98, 6671
2026/08/26 00:31:15.603, 160.46, 100, 6671
2026/08/26 00:31:16.603, 159.88, 100, 6671
2026/08/26 00:31:17.604, 159.10, 98, 6671
2026/08/26 00:31:18.604, 160.35, 100, 6671
2026/08/26 00:31:19.604, 159.94, 100, 6671
2026/08/26 00:31:20.604, 159.60, 100, 6671
2026/08/26 00:31:21.604, 159.95, 100, 6671
2026/08/26 00:31:22.605, 160.08, 100, 6671
2026/08/26 00:31:23.605, 159.63, 100, 6671
2026/08/26 00:31:24.605, 159.10, 100, 6671
2026/08/26 00:31:25.605, 160.22, 100, 6671
2026/08/26 00:31:26.605, 159.23, 100, 6671
2026/08/26 00:31:27.605, 159.14, 100, 6671
2026/08/26 00:31:28.606, 160.19, 100, 6671
2026/08/26 00:31:29.606, 159.64, 100, 6671
2026/08/26 00:31:30.606, 159.32, 100, 6671
2026/08/26 00:31:31.606, 160.81, 100, 6671
2026/08/26 00:31:32.606, 159.49, 100, 6671
2026/08/26 00:31:33.606, 159.35, 99, 6671
2026/08/26 00:31:34.607, 160.19, 100, 6671
2026/08/26 00:31:35.607, 159.62, 100, 6671
2026/08/26 00:31:36.607, 159.30, 98, 6671
2026/08/26 00:31:37.607, 160.10, 100, 6671
2026/08/26 00:31:38.607, 160.03, 100, 6671
2026/08/26 00:31:39.607, 159.58, 98, 6671
2026/08/26 00:31:40.608, 160.12, 100, 6671
2026/08/26 00:31:41.608, 159.96, 100, 6671
2026/08/26 00:31:42.608, 159.10, 98, 6671
2026/08/26 00:31:43.608, 160.57, 100, 6671
2026/08/26 00:31:44.608, 160.30, 100, 6671
2026/08/26 00:31:45.608, 159.26, 98, 6671
2026/08/26 00:31:46.609, 159.98, 100, 6671
2026/08/26 00:31:47.609, 159.93, 100, 6671
2026/08/26 00:31:48.609, 159.23, 97, 6671
2026/08/26 00:31:49.609, 159.99, 100, 6671
2026/08/26 00:31:50.609, 160.29, 100, 6671
2026/08/26 00:31:51.609, 159.10, 98, 6671
2026/08/26 00:31:52.610, 160.44, 100, 6671
2026/08/26 00:31:53.610, 160.78, 100, 6671
2026/08/26 00:31:54.610, 159.24, 98, 6671
2026/08/26 00:31:55.610, 159.83, 100, 6671
2026/08/26 00:31:56.610, 160.27, 100, 6671
2026/08/26 00:31:57.610, 159.01, 98, 6671
2026/08/26 00:31:58.611, 159.63, 100, 6671
2026/08/26 00:31:59.611, 159.94, 100, 6671
2026/08/26 00:32:00.611, 158.77, 98, 6671
2026/08/26 00:32:01.611, 159.77, 100, 6671
2026/08/26 00:32:02.620, 160.46, 100, 6671
2026/08/26 00:32:03.620, 158.66, 98, 6671
2026/08/26 00:32:04.620, 160.57, 100, 6671
2026/08/26 00:32:05.620, 160.61, 100, 6671
2026/08/26 00:32:06.620, 159.02, 98, 6671
2026/08/26 00:32:07.621, 160.51, 100, 6671
2026/08/26 00:32:08.621, 160.68, 100, 6671
2026/08/26 00:32:09.621, 159.29, 99, 6671
2026/08/26 00:32:10.621, 159.45, 100, 6671
2026/08/26 00:32:11.621, 160.34, 100, 6671
2026/08/26 00:32:12.621, 159.26, 100, 6671
2026/08/26 00:32:13.622, 159.79, 100, 6671
2026/08/26 00:32:14.622, 160.82, 100, 6671
2026/08/26 00:32:15.622, 159.48, 100, 6671
2026/08/26 00:32:16.622, 159.70, 100, 6671
2026/08/26 00:32:17.622, 160.95, 100, 6671
2026/08/26 00:32:18.622, 160.18, 100, 6671
2026/08/26 00:32:19.623, 160.33, 100, 6671
2026/08/26 00:32:20.623, 159.79, 100, 6671
2026/08/26 00:32:21.623, 159.35, 100, 6671
2026/08/26 00:32:22.623, 160.05, 100, 6671
2026/08/26 00:32:23.623, 160.53, 100, 6671
2026/08/26 00:32:24.623, 159.50, 100, 6671
2026/08/26 00:32:25.624, 160.30, 98, 6671
2026/08/26 00:32:26.624, 159.98, 100, 6671
2026/08/26 00:32:27.624, 159.32, 100, 6671
2026/08/26 00:32:28.624, 159.96, 98, 6671
2026/08/26 00:32:29.624, 160.58, 100, 6671
2026/08/26 00:32:30.624, 159.25, 100, 6671
2026/08/26 00:32:31.625, 159.99, 98, 6671
2026/08/26 00:32:32.625, 160.40, 100, 6671
2026/08/26 00:32:33.625, 159.00, 100, 6671
2026/08/26 00:32:34.625, 159.85, 98, 6671
2026/08/26 00:32:35.625, 160.44, 100, 6671
2026/08/26 00:32:36.625, 158.90, 100, 6671
2026/08/26 00:32:37.626, 159.88, 100, 6671
2026/08/26 00:32:38.626, 160.00, 100, 6671
2026/08/26 00:32:39.626, 158.90, 98, 6671
2026/08/26 00:32:40.626, 160.64, 100, 6671
2026/08/26 00:32:41.626, 160.03, 100, 6671
2026/08/26 00:32:42.626, 159.12, 98, 6671
2026/08/26 00:32:43.627, 160.45, 100, 6671
2026/08/26 00:32:44.627, 160.54, 100, 6671
2026/08/26 00:32:45.627, 159.69, 99, 6671
2026/08/26 00:32:46.627, 159.94, 100, 6671
2026/08/26 00:32:47.627, 160.33, 100, 6671
2026/08/26 00:32:48.627, 159.56, 100, 6671
2026/08/26 00:32:49.628, 159.98, 100, 6671
2026/08/26 00:32:50.628, 160.96, 100, 6671
2026/08/26 00:32:51.628, 159.49, 100, 6671
2026/08/26 00:32:52.628, 159.66, 100, 6671
2026/08/26 00:32:53.628, 160.53, 100, 6671
2026/08/26 00:32:54.628, 159.95, 100, 6671
2026/08/26 00:32:55.629, 159.60, 100, 6671
2026/08/26 00:32:56.629, 160.33, 100, 6671
2026/08/26 00:32:57.629, 159.87, 100, 6671
2026/08/26 00:32:58.629, 159.47, 100, 6671
2026/08/26 00:32:59.629, 160.39, 100, 6671
2026/08/26 00:33:00.629, 159.75, 100, 6671
2026/08/26 00:33:01.630, 159.30, 98, 6671
2026/08/26 00:33:02.630, 160.25, 100, 6671
2026/08/26 00:33:03.630, 159.46, 100, 6671
2026/08/26 00:33:04.630, 159.34, 98, 6671
2026/08/26 00:33:05.630, 159.98, 100, 6671
2026/08/26 00:33:06.630, 159.97, 100, 6671
2026/08/26 00:33:07.631, 159.15, 98, 6671
2026/08/26 00:33:08.631, 160.15, 100, 6671
2026/08/26 00:33:09.631, 159.97, 100, 6671
2026/08/26 00:33:10.631, 159.19, 98, 6671
2026/08/26 00:33:11.631, 159.90, 100, 6671
2026/08/26 00:33:12.631, 159.67, 100, 6671
2026/08/26 00:33:13.632, 159.15, 98, 6671
2026/08/26 00:33:14.632, 159.74, 100, 6671
2026/08/26 00:33:15.632, 158.78, 99, 6671
2026/08/26 00:33:16.632, 162.90, 100, 6671
2026/08/26 00:33:17.632, 162.83, 100, 6671
2026/08/26 00:33:18.632, 162.76, 99, 6671
2026/08/26 00:33:19.633, 163.02, 100, 6671
2026/08/26 00:33:20.633, 162.80, 100, 6671
2026/08/26 00:33:21.633, 162.82, 99, 6671
2026/08/26 00:33:22.633, 162.98, 100, 6671
2026/08/26 00:33:23.633, 162.82, 100, 6671
2026/08/26 00:33:24.633, 162.74, 100, 6671
2026/08/26 00:33:25.634, 162.94, 100, 6671
2026/08/26 00:33:26.634, 162.87, 100, 6671
2026/08/26 00:33:27.634, 162.96, 99, 6671
2026/08/26 00:33:28.634, 162.90, 100, 6671
2026/08/26 00:33:29.634, 162.98, 100, 6671
2026/08/26 00:33:30.634, 163.03, 99, 6671
2026/08/26 00:33:31.635, 163.08, 100, 6671
2026/08/26 00:33:32.635, 162.99, 99, 6671
2026/08/26 00:33:33.635, 162.98, 99, 6671
2026/08/26 00:33:34.635, 163.01, 100, 6671
2026/08/26 00:33:35.635, 162.95, 99, 6671
2026/08/26 00:33:36.635, 163.02, 100, 6671
2026/08/26 00:33:37.636, 162.76, 100, 6671
2026/08/26 00:33:38.636, 163.08, 99, 6671
2026/08/26 00:33:39.636, 163.06, 100, 6671
2026/08/26 00:33:40.636, 163.16, 100, 6671
2026/08/26 00:33:41.636, 163.02, 99, 6671
2026/08/26 00:33:42.637, 162.87, 100, 6671
2026/08/26 00:33:43.637, 163.00, 100, 6671
2026/08/26 00:33:44.637, 163.16, 99, 6671
2026/08/26 00:33:45.637, 163.08, 100, 6671
2026/08/26 00:33:46.637, 162.99, 100, 6671
2026/08/26 00:33:47.637, 163.02, 99, 6671
2026/08/26 00:33:48.638, 163.01, 100, 6671
2026/08/26 00:33:49.638, 163.05, 100, 6671
2026/08/26 00:33:50.638, 162.79, 99, 6671
2026/08/26 00:33:51.638, 163.11, 100, 6671
2026/08/26 00:33:52.638, 163.03, 100, 6671
2026/08/26 00:33:53.638, 162.90, 99, 6671
2026/08/26 00:33:54.639, 163.15, 100, 6671
2026/08/26 00:33:55.639, 163.02, 100, 6671
2026/08/26 00:33:56.639, 163.09, 100, 6671
2026/08/26 00:33:57.639, 163.00, 100, 6671
2026/08/26 00:33:58.639, 162.97, 100, 6671
2026/08/26 00:33:59.639, 162.81, 100, 6671
2026/08/26 00:34:00.640, 162.94, 100, 6671
2026/08/26 00:34:01.640, 162.94, 100, 6671
2026/08/26 00:34:02.640, 162.93, 99, 6671
2026/08/26 00:34:03.640, 162.79, 100, 6671
2026/08/26 00:34:04.640, 162.92, 99, 6671
2026/08/26 00:34:05.640, 162.91, 100, 6671
2026/08/26 00:34:06.641, 162.86, 100, 6671
2026/08/26 00:34:07.641, 162.83, 100, 6671
2026/08/26 00:34:08.641, 162.76, 100, 6671
2026/08/26 00:34:09.641, 163.01, 100, 6671
2026/08/26 00:34:10.641, 162.97, 99, 6671
2026/08/26 00:34:11.641, 162.94, 100, 6671
2026/08/26 00:34:12.642, 162.79, 100, 6671
2026/08/26 00:34:13.642, 162.79, 99, 6671
2026/08/26 00:34:14.642, 162.98, 100, 6671
2026/08/26 00:34:15.642, 163.08, 100, 6671
2026/08/26 00:34:16.642, 162.83, 99, 6671
2026/08/26 00:34:17.643, 162.99, 100, 6671
2026/08/26 00:34:18.643, 163.05, 100, 6671
2026/08/26 00:34:19.643, 162.93, 100, 6671
2026/08/26 00:34:20.643, 162.92, 100, 6671
2026/08/26 00:34:21.643, 162.86, 100, 6671
2026/08/26 00:34:22.643, 163.11, 99, 6671
2026/08/26 00:34:23.644, 162.98, 100, 6671
2026/08/26 00:34:24.644, 162.93, 100, 6671
2026/08/26 00:34:25.644, 163.00, 99, 6671
2026/08/26 00:34:26.644, 163.13, 100, 6671
2026/08/26 00:34:27.644, 163.12, 100, 6671
2026/08/26 00:34:28.645, 163.07, 99, 6671
2026/08/26 00:34:29.645, 163.01, 100, 6671
2026/08/26 00:34:30.645, 162.94, 100, 6671
2026/08/26 00:34:31.645, 163.21, 99, 6671
2026/08/26 00:34:32.645, 163.02, 100, 6671
2026/08/26 00:34:33.645, 163.13, 100, 6671
2026/08/26 00:34:34.646, 163.04, 99, 6671
2026/08/26 00:34:35.646, 163.40, 100, 6671
2026/08/26 00:34:36.646, 163.25, 100, 6671
2026/08/26 00:34:37.646, 163.22, 100, 6671
2026/08/26 00:34:38.646, 163.31, 100, 6671
2026/08/26 00:34:39.646, 163.47, 100, 6671
2026/08/26 00:34:40.647, 163.28, 100, 6671
2026/08/26 00:34:41.647, 163.08, 100, 6671
2026/08/26 00:34:42.647, 163.34, 100, 6671
2026/08/26 00:34:43.647, 163.23, 100, 6671
2026/08/26 00:34:44.647, 163.28, 100, 6671
2026/08/26 00:34:45.647, 163.25, 100, 6671
2026/08/26 00:34:46.648, 163.36, 100, 6671
2026/08/26 00:34:47.648, 163.26, 100, 6671
2026/08/26 00:34:48.648, 163.15, 99, 6671
2026/08/26 00:34:49.648, 163.00, 100, 6671
2026/08/26 00:34:50.648, 162.99, 100, 6671
2026/08/26 00:34:51.648, 157.22, 59, 6671
2026/08/26 00:34:52.649, 159.91, 100, 6671
2026/08/26 00:34:53.649, 160.85, 100, 6671
2026/08/26 00:34:54.649, 159.62, 100, 6671
2026/08/26 00:34:55.649, 160.23, 100, 6671
2026/08/26 00:34:56.649, 160.93, 100, 6671
2026/08/26 00:34:57.650, 159.91, 100, 6671
2026/08/26 00:34:58.650, 159.92, 100, 6671
2026/08/26 00:34:59.650, 160.54, 100, 6671
2026/08/26 00:35:00.650, 159.70, 100, 6671
2026/08/26 00:35:01.650, 159.46, 100, 6671
2026/08/26 00:35:02.650, 161.13, 100, 6671
2026/08/26 00:35:03.651, 160.04, 100, 6671
2026/08/26 00:35:04.651, 159.94, 100, 6671
2026/08/26 00:35:05.651, 160.79, 100, 6671
2026/08/26 00:35:06.651, 159.85, 100, 6671
2026/08/26 00:35:07.651, 159.63, 98, 6671
2026/08/26 00:35:08.651, 160.31, 100, 6671
2026/08/26 00:35:09.652, 160.31, 100, 6671
2026/08/26 00:35:10.652, 159.78, 98, 6671
2026/08/26 00:35:11.652, 160.43, 100, 6671
2026/08/26 00:35:12.652, 159.72, 100, 6671
2026/08/26 00:35:13.652, 159.41, 97, 6671
2026/08/26 00:35:14.652, 160.16, 100, 6671
2026/08/26 00:35:15.653, 160.08, 100, 6671
2026/08/26 00:35:16.653, 159.34, 98, 6671
2026/08/26 00:35:17.653, 160.66, 100, 6671
2026/08/26 00:35:18.653, 160.18, 100, 6671
2026/08/26 00:35:19.653, 159.34, 98, 6671
2026/08/26 00:35:20.653, 160.07, 100, 6671
2026/08/26 00:35:21.654, 159.79, 100, 6671
2026/08/26 00:35:22.654, 159.26, 98, 6671
2026/08/26 00:35:23.654, 160.11, 100, 6671
2026/08/26 00:35:24.654, 159.80, 100, 6671
2026/08/26 00:35:25.654, 159.01, 98, 6671
2026/08/26 00:35:26.654, 159.90, 100, 6671
2026/08/26 00:35:27.655, 160.78, 100, 6671
2026/08/26 00:35:28.655, 158.85, 98, 6671
2026/08/26 00:35:29.655, 159.75, 100, 6671
2026/08/26 00:35:30.655, 159.73, 100, 6671
2026/08/26 00:35:31.655, 158.72, 98, 6671
2026/08/26 00:35:32.655, 159.55, 100, 6671
2026/08/26 00:35:33.655, 160.12, 100, 6671
2026/08/26 00:35:34.656, 158.56, 90, 6671
2026/08/26 00:35:35.656, 159.72, 100, 6671
2026/08/26 00:35:36.656, 160.20, 100, 6671
2026/08/26 00:35:37.656, 159.41, 100, 6671
2026/08/26 00:35:38.656, 159.46, 100, 6671
2026/08/26 00:35:39.656, 160.18, 100, 6671
2026/08/26 00:35:40.657, 159.41, 100, 6671
2026/08/26 00:35:41.657, 159.47, 100, 6671
2026/08/26 00:35:42.657, 160.14, 100, 6671
2026/08/26 00:35:43.657, 159.63, 100, 6671
2026/08/26 00:35:44.657, 159.55, 100, 6671
2026/08/26 00:35:45.657, 160.71, 100, 6671
2026/08/26 00:35:46.658, 159.82, 100, 6671
2026/08/26 00:35:47.658, 159.41, 100, 6671
2026/08/26 00:35:48.658, 160.49, 100, 6671
2026/08/26 00:35:49.658, 159.49, 100, 6671
2026/08/26 00:35:50.658, 159.03, 98, 6671
2026/08/26 00:35:51.658, 160.21, 100, 6671
2026/08/26 00:35:52.659, 159.69, 100, 6671
2026/08/26 00:35:53.659, 159.00, 98, 6671
2026/08/26 00:35:54.659, 159.72, 100, 6671
2026/08/26 00:35:55.659, 159.31, 100, 6671
2026/08/26 00:35:56.659, 159.05, 98, 6671
2026/08/26 00:35:57.660, 160.32, 100, 6671
2026/08/26 00:35:58.660, 159.56, 100, 6671
2026/08/26 00:35:59.660, 158.79, 98, 6671
2026/08/26 00:36:00.660, 159.74, 100, 6671
2026/08/26 00:36:01.660, 160.13, 100, 6671
2026/08/26 00:36:02.660, 158.87, 98, 6671
2026/08/26 00:36:03.660, 159.78, 100, 6671
2026/08/26 00:36:04.661, 159.82, 100, 6671
2026/08/26 00:36:05.661, 158.87, 98, 6671
2026/08/26 00:36:06.661, 159.73, 100, 6671
2026/08/26 00:36:07.661, 159.77, 100, 6671
2026/08/26 00:36:08.661, 158.76, 98, 6671
2026/08/26 00:36:09.662, 159.52, 100, 6671
2026/08/26 00:36:10.662, 159.76, 100, 6671
2026/08/26 00:36:11.662, 158.88, 98, 6671
2026/08/26 00:36:12.662, 160.26, 100, 6671
2026/08/26 00:36:13.662, 159.88, 100, 6671
2026/08/26 00:36:14.662, 158.97, 98, 6671
2026/08/26 00:36:15.663, 160.04, 100, 6671
2026/08/26 00:36:16.663, 160.55, 100, 6671
2026/08/26 00:36:17.663, 159.19, 100, 6671
2026/08/26 00:36:18.663, 159.54, 100, 6671
2026/08/26 00:36:19.663, 160.56, 100, 6671
2026/08/26 00:36:20.663, 159.30, 100, 6671
2026/08/26 00:36:21.664, 159.61, 100, 6671
2026/08/26 00:36:22.664, 160.57, 100, 6671
2026/08/26 00:36:23.664, 159.47, 100, 6671
2026/08/26 00:36:24.664, 159.73, 100, 6671
2026/08/26 00:36:25.664, 160.93, 100, 6671
2026/08/26 00:36:26.664, 159.86, 100, 6671
2026/08/26 00:36:27.665, 159.51, 100, 6671
2026/08/26 00:36:28.665, 160.63, 100, 6671
2026/08/26 00:36:29.665, 159.44, 100, 6671
2026/08/26 00:36:30.665, 159.08, 98, 6671
2026/08/26 00:36:31.665, 160.26, 100, 6671
2026/08/26 00:36:32.665, 159.67, 100, 6671
2026/08/26 00:36:33.666, 159.37, 98, 6671
2026/08/26 00:36:34.666, 160.12, 100, 6671
2026/08/26 00:36:35.666, 159.41, 100, 6671
2026/08/26 00:36:36.666, 158.91, 98, 6671
2026/08/26 00:36:37.666, 159.79, 100, 6671
2026/08/26 00:36:38.666, 159.54, 100, 6671
2026/08/26 00:36:39.667, 159.16, 98, 6671
2026/08/26 00:36:40.667, 159.94, 100, 6671
2026/08/26 00:36:41.667, 159.99, 100, 6671
2026/08/26 00:36:42.667, 158.88, 98, 6671
2026/08/26 00:36:43.667, 159.79, 100, 6671
2026/08/26 00:36:44.667, 159.56, 100, 6671
2026/08/26 00:36:45.668, 158.74, 98, 6671
2026/08/26 00:36:46.668, 160.29, 100, 6671
2026/08/26 00:36:47.668, 160.04, 100, 6671
2026/08/26 00:36:48.668, 158.62, 98, 6671
2026/08/26 00:36:49.668, 159.61, 100, 6671
2026/08/26 00:36:50.668, 159.59, 100, 6671
2026/08/26 00:36:51.669, 158.64, 98, 6671
2026/08/26 00:36:52.669, 159.56, 100, 6671
2026/08/26 00:36:53.669, 159.46, 100, 6671
2026/08/26 00:36:54.669, 158.53, 98, 6671
2026/08/26 00:36:55.669, 160.12, 100, 6671
2026/08/26 00:36:56.669, 159.99, 100, 6671
2026/08/26 00:36:57.670, 158.65, 98, 6671
2026/08/26 00:36:58.670, 159.89, 100, 6671
2026/08/26 00:36:59.670, 160.21, 100, 6671
2026/08/26 00:37:00.670, 159.00, 100, 6671
2026/08/26 00:37:01.670, 158.98, 100, 6671
2026/08/26 00:37:02.671, 159.88, 100, 6671
2026/08/26 00:37:03.671, 158.86, 100, 6671
2026/08/26 00:37:04.671, 159.02, 100, 6671
2026/08/26 00:37:05.671, 160.35, 100, 6671
2026/08/26 00:37:06.671, 158.99, 100, 6671
2026/08/26 00:37:07.671, 158.88, 100, 6671
2026/08/26 00:37:08.672, 159.95, 100, 6671
2026/08/26 00:37:09.672, 159.14, 100, 6671
2026/08/26 00:37:10.672, 159.34, 100, 6671
2026/08/26 00:37:11.672, 160.04, 100, 6671
2026/08/26 00:37:12.672, 159.18, 100, 6671
2026/08/26 00:37:13.672, 159.02, 98, 6671
2026/08/26 00:37:14.673, 159.68, 100, 6671
2026/08/26 00:37:15.673, 159.53, 100, 6671
2026/08/26 00:37:16.673, 159.12, 98, 6671
2026/08/26 00:37:17.673, 159.72, 100, 6671
2026/08/26 00:37:18.673, 159.41, 100, 6671
2026/08/26 00:37:19.673, 158.97, 98, 6671
2026/08/26 00:37:20.674, 159.60, 100, 6671
2026/08/26 00:37:21.674, 159.69, 100, 6671
2026/08/26 00:37:22.674, 158.81, 98, 6671
2026/08/26 00:37:23.674, 159.62, 100, 6671
2026/08/26 00:37:24.674, 159.49, 100, 6671
2026/08/26 00:37:25.674, 158.67, 98, 6671
2026/08/26 00:37:26.675, 160.13, 100, 6671
2026/08/26 00:37:27.675, 159.63, 100, 6671
2026/08/26 00:37:28.675, 158.61, 98, 6671
2026/08/26 00:37:29.675, 159.76, 100, 6671
2026/08/26 00:37:30.675, 160.13, 100, 6671
2026/08/26 00:37:31.675, 158.69, 98, 6671
2026/08/26 00:37:32.676, 159.67, 100, 6671
2026/08/26 00:37:33.676, 159.96, 100, 6671
2026/08/26 00:37:34.676, 158.34, 98, 6671
2026/08/26 00:37:35.676, 159.32, 100, 6671
2026/08/26 00:37:36.676, 159.72, 100, 6671
2026/08/26 00:37:37.676, 158.50, 98, 6671
2026/08/26 00:37:38.677, 159.62, 100, 6671
2026/08/26 00:37:39.677, 159.88, 100, 6671
2026/08/26 00:37:40.677, 159.29, 100, 6671
2026/08/26 00:37:41.677, 159.32, 100, 6671
2026/08/26 00:37:42.677, 159.92, 100, 6671
2026/08/26 00:37:43.677, 159.50, 100, 6671
2026/08/26 00:37:44.678, 159.58, 100, 6671
2026/08/26 00:37:45.678, 160.33, 100, 6671
2026/08/26 00:37:46.678, 159.29, 100, 6671
2026/08/26 00:37:47.678, 159.16, 100, 6671
2026/08/26 00:37:48.678, 160.05, 100, 6671
2026/08/26 00:37:49.678, 159.60, 100, 6671
2026/08/26 00:37:50.679, 159.40, 100, 6671
2026/08/26 00:37:51.679, 160.30, 100, 6671
2026/08/26 00:37:52.679, 159.75, 100, 6671
2026/08/26 00:37:53.679, 159.25, 98, 6671
2026/08/26 00:37:54.679, 160.25, 100, 6671
2026/08/26 00:37:55.679, 159.96, 100, 6671
2026/08/26 00:37:56.680, 159.33, 98, 6671
2026/08/26 00:37:57.680, 160.24, 100, 6671
2026/08/26 00:37:58.680, 160.07, 100, 6671
2026/08/26 00:37:59.680, 159.02, 98, 6671
2026/08/26 00:38:00.680, 159.84, 100, 6671
2026/08/26 00:38:01.680, 159.51, 100, 6671
2026/08/26 00:38:02.681, 158.88, 98, 6671
2026/08/26 00:38:03.681, 159.86, 100, 6671
2026/08/26 00:38:04.681, 159.76, 100, 6671
2026/08/26 00:38:05.681, 158.84, 98, 6671
2026/08/26 00:38:06.681, 159.53, 100, 6671
2026/08/26 00:38:07.682, 160.16, 100, 6671
2026/08/26 00:38:08.682, 157.37, 88, 6671
2026/08/26 00:38:09.682, 160.73, 100, 6671
2026/08/26 00:38:10.682, 162.95, 100, 6671
2026/08/26 00:38:11.682, 162.97, 99, 6671
2026/08/26 00:38:12.682, 163.04, 100, 6671
2026/08/26 00:38:13.683, 162.74, 100, 6671
2026/08/26 00:38:14.683, 163.06, 99, 6671
2026/08/26 00:38:15.683, 163.04, 100, 6671
2026/08/26 00:38:16.683, 163.09, 100, 6671
2026/08/26 00:38:17.683, 163.04, 99, 6671
2026/08/26 00:38:18.683, 163.00, 100, 6671
2026/08/26 00:38:19.684, 163.22, 100, 6671
2026/08/26 00:38:20.684, 163.24, 100, 6671
2026/08/26 00:38:21.684, 162.97, 100, 6671
2026/08/26 00:38:22.684, 162.80, 99, 6671
2026/08/26 00:38:23.684, 163.04, 100, 6671
2026/08/26 00:38:24.684, 162.97, 100, 6671
2026/08/26 00:38:25.685, 163.02, 99, 6671
2026/08/26 00:38:26.685, 162.91, 100, 6671
2026/08/26 00:38:27.685, 163.03, 100, 6671
2026/08/26 00:38:28.685, 163.15, 99, 6671
2026/08/26 00:38:29.685, 163.19, 100, 6671
2026/08/26 00:38:30.686, 162.93, 100, 6671
2026/08/26 00:38:31.686, 163.10, 99, 6671
2026/08/26 00:38:32.686, 163.10, 100, 6671
2026/08/26 00:38:33.686, 163.02, 100, 6671
2026/08/26 00:38:34.686, 163.11, 100, 6671
2026/08/26 00:38:35.687, 163.06, 100, 6671
2026/08/26 00:38:36.687, 163.18, 100, 6671
2026/08/26 00:38:37.687, 163.23, 100, 6671
2026/08/26 00:38:38.687, 163.17, 100, 6671
2026/08/26 00:38:39.687, 162.94, 100, 6671
2026/08/26 00:38:40.687, 163.14, 100, 6671
2026/08/26 00:38:41.687, 163.00, 100, 6671
2026/08/26 00:38:42.688, 163.09, 100, 6671
2026/08/26 00:38:43.688, 162.85, 99, 6671
2026/08/26 00:38:44.688, 162.86, 100, 6671
2026/08/26 00:38:45.688, 162.97, 100, 6671
2026/08/26 00:38:46.688, 163.16, 100, 6671
2026/08/26 00:38:47.688, 163.14, 100, 6671
2026/08/26 00:38:48.689, 163.02, 100, 6671
2026/08/26 00:38:49.689, 163.17, 99, 6671
2026/08/26 00:38:50.689, 163.13, 100, 6671
2026/08/26 00:38:51.689, 163.19, 99, 6671
2026/08/26 00:38:52.689, 163.10, 100, 6671
2026/08/26 00:38:53.689, 163.16, 100, 6671
2026/08/26 00:38:54.690, 163.09, 99, 6671
2026/08/26 00:38:55.690, 163.24, 100, 6671
2026/08/26 00:38:56.690, 163.14, 100, 6671
2026/08/26 00:38:57.690, 163.12, 99, 6671
2026/08/26 00:38:58.690, 163.30, 100, 6671
2026/08/26 00:38:59.690, 163.11, 100, 6671
2026/08/26 00:39:00.691, 163.24, 100, 6671
2026/08/26 00:39:01.691, 163.16, 100, 6671
2026/08/26 00:39:02.691, 163.14, 100, 6671
2026/08/26 00:39:03.691, 163.15, 100, 6671
2026/08/26 00:39:04.691, 163.23, 100, 6671
2026/08/26 00:39:05.691, 162.90, 100, 6671
2026/08/26 00:39:06.692, 163.10, 99, 6671
2026/08/26 00:39:07.700, 163.23, 100, 6671
2026/08/26 00:39:08.700, 163.14, 100, 6671
2026/08/26 00:39:09.701, 163.13, 100, 6671
2026/08/26 00:39:10.701, 163.26, 100, 6671
2026/08/26 00:39:11.701, 163.21, 100, 6671
2026/08/26 00:39:12.701, 163.05, 99, 6671
2026/08/26 00:39:13.701, 163.29, 100, 6671
2026/08/26 00:39:14.701, 163.03, 100, 6671
2026/08/26 00:39:15.702, 163.16, 100, 6671
2026/08/26 00:39:16.702, 163.15, 100, 6671
2026/08/26 00:39:17.702, 163.12, 100, 6671
2026/08/26 00:39:18.702, 163.00, 99, 6671
2026/08/26 00:39:19.702, 162.99, 100, 6671
2026/08/26 00:39:20.702, 163.11, 100, 6671
2026/08/26 00:39:21.703, 163.07, 99, 6671
2026/08/26 00:39:22.703, 163.27, 100, 6671
2026/08/26 00:39:23.703, 163.05, 100, 6671
2026/08/26 00:39:24.703, 163.04, 99, 6671
2026/08/26 00:39:25.703, 163.32, 100, 6671
2026/08/26 00:39:26.703, 163.02, 99, 6671
2026/08/26 00:39:27.704, 163.03, 100, 6671
2026/08/26 00:39:28.704, 163.17, 100, 6671
2026/08/26 00:39:29.704, 163.40, 99, 6671
2026/08/26 00:39:30.704, 163.18, 100, 6671
2026/08/26 00:39:31.704, 163.19, 100, 6671
2026/08/26 00:39:32.704, 163.10, 99, 6671
2026/08/26 00:39:33.705, 163.29, 100, 6671
2026/08/26 00:39:34.705, 163.22, 100, 6671
2026/08/26 00:39:35.705, 163.21, 99, 6671
2026/08/26 00:39:36.705, 163.16, 100, 6671
2026/08/26 00:39:37.705, 163.16, 100, 6671
2026/08/26 00:39:38.705, 163.15, 99, 6671
2026/08/26 00:39:39.706, 163.34, 100, 6671
2026/08/26 00:39:40.706, 163.06, 100, 6671
2026/08/26 00:39:41.706, 162.93, 99, 6671
2026/08/26 00:39:42.706, 163.05, 100, 6671
2026/08/26 00:39:43.706, 163.08, 100, 6671
2026/08/26 00:39:44.707, 163.06, 99, 6671
2026/08/26 00:39:45.707, 155.51, 100, 6671
2026/08/26 00:39:46.707, 159.49, 98, 6671
2026/08/26 00:39:47.707, 160.71, 100, 6671
2026/08/26 00:39:48.707, 160.10, 100, 6671
2026/08/26 00:39:49.707, 159.65, 99, 6671
2026/08/26 00:39:50.708, 159.68, 100, 6671
2026/08/26 00:39:51.708, 161.02, 100, 6671
2026/08/26 00:39:52.708, 159.80, 100, 6671
2026/08/26 00:39:53.708, 160.03, 100, 6671
2026/08/26 00:39:54.708, 160.45, 100, 6671
2026/08/26 00:39:55.709, 159.89, 100, 6671
2026/08/26 00:39:56.709, 160.23, 100, 6671
2026/08/26 00:39:57.709, 161.15, 100, 6671
2026/08/26 00:39:58.709, 159.82, 100, 6671
2026/08/26 00:39:59.709, 159.79, 100, 6671
2026/08/26 00:40:00.709, 160.87, 100, 6671
2026/08/26 00:40:01.710, 159.65, 100, 6671
2026/08/26 00:40:02.710, 159.39, 100, 6671
2026/08/26 00:40:03.710, 160.36, 100, 6671
2026/08/26 00:40:04.710, 159.89, 100, 6671
2026/08/26 00:40:05.710, 159.27, 98, 6671
2026/08/26 00:40:06.710, 160.14, 100, 6671
2026/08/26 00:40:07.711, 159.76, 100, 6671
2026/08/26 00:40:08.711, 159.36, 98, 6671
2026/08/26 00:40:09.711, 160.15, 100, 6671
2026/08/26 00:40:10.711, 160.03, 100, 6671
2026/08/26 00:40:11.711, 159.21, 98, 6671
2026/08/26 00:40:12.711, 160.08, 100, 6671
2026/08/26 00:40:13.712, 159.58, 100, 6671
2026/08/26 00:40:14.712, 159.05, 98, 6671
2026/08/26 00:40:15.712, 160.11, 100, 6671
2026/08/26 00:40:16.712, 158.93, 100, 6671
2026/08/26 00:40:17.712, 160.52, 98, 6671
2026/08/26 00:40:18.712, 159.89, 100, 6671
2026/08/26 00:40:19.713, 158.91, 100, 6671
2026/08/26 00:40:20.713, 159.38, 98, 6671
2026/08/26 00:40:21.713, 160.51, 100, 6671
2026/08/26 00:40:22.713, 159.35, 100, 6671
2026/08/26 00:40:23.713, 159.84, 98, 6671
2026/08/26 00:40:24.713, 160.80, 100, 6671
2026/08/26 00:40:25.714, 159.61, 100, 6671
2026/08/26 00:40:26.714, 159.51, 98, 6671
2026/08/26 00:40:27.714, 160.71, 100, 6671
2026/08/26 00:40:28.714, 159.48, 100, 6671
2026/08/26 00:40:29.714, 159.62, 98, 6671
2026/08/26 00:40:30.714, 160.19, 100, 6671
2026/08/26 00:40:31.715, 159.19, 100, 6671
2026/08/26 00:40:32.715, 159.69, 98, 6671
2026/08/26 00:40:33.715, 161.10, 100, 6671
2026/08/26 00:40:34.715, 159.42, 100, 6671
2026/08/26 00:40:35.715, 159.10, 100, 6671
2026/08/26 00:40:36.715, 160.29, 100, 6671
2026/08/26 00:40:37.716, 159.71, 100, 6671
2026/08/26 00:40:38.724, 159.21, 100, 6671
2026/08/26 00:40:39.724, 160.17, 100, 6671
2026/08/26 00:40:40.725, 159.58, 100, 6671
2026/08/26 00:40:41.725, 159.72, 98, 6671
2026/08/26 00:40:42.725, 160.22, 100, 6671
2026/08/26 00:40:43.725, 159.59, 100, 6671
2026/08/26 00:40:44.725, 159.42, 98, 6671
2026/08/26 00:40:45.725, 160.09, 100, 6671
2026/08/26 00:40:46.726, 159.83, 100, 6671
2026/08/26 00:40:47.726, 159.46, 98, 6671
2026/08/26 00:40:48.726, 160.60, 100, 6671
2026/08/26 00:40:49.726, 160.11, 100, 6671
2026/08/26 00:40:50.726, 159.07, 98, 6671
2026/08/26 00:40:51.726, 159.79, 100, 6671
2026/08/26 00:40:52.727, 159.77, 100, 6671
2026/08/26 00:40:53.727, 159.04, 98, 6671
2026/08/26 00:40:54.727, 159.79, 100, 6671
2026/08/26 00:40:55.727, 159.64, 100, 6671
2026/08/26 00:40:56.727, 158.91, 98, 6671
2026/08/26 00:40:57.727, 159.68, 100, 6671
2026/08/26 00:40:58.728, 160.16, 100, 6671
2026/08/26 00:40:59.728, 158.44, 97, 6671
2026/08/26 00:41:00.728, 159.43, 100, 6671
2026/08/26 00:41:01.728, 160.28, 100, 6671
2026/08/26 00:41:02.728, 158.83, 98, 6671
2026/08/26 00:41:03.729, 160.54, 100, 6671
2026/08/26 00:41:04.729, 160.01, 100, 6671
2026/08/26 00:41:05.729, 159.03, 98, 6671
2026/08/26 00:41:06.729, 160.22, 100, 6671
2026/08/26 00:41:07.729, 159.68, 100, 6671
2026/08/26 00:41:08.729, 159.40, 100, 6671
2026/08/26 00:41:09.730, 159.59, 100, 6671
2026/08/26 00:41:10.730, 160.55, 100, 6671
2026/08/26 00:41:11.730, 159.53, 100, 6671
2026/08/26 00:41:12.730, 159.73, 100, 6671
2026/08/26 00:41:13.730, 160.77, 100, 6671
2026/08/26 00:41:14.730, 159.52, 100, 6671
2026/08/26 00:41:15.730, 159.65, 100, 6671
2026/08/26 00:41:16.731, 160.18, 100, 6671
2026/08/26 00:41:17.731, 159.49, 100, 6671
2026/08/26 00:41:18.731, 159.32, 100, 6671
2026/08/26 00:41:19.731, 160.72, 100, 6671
2026/08/26 00:41:20.731, 159.76, 100, 6671
2026/08/26 00:41:21.732, 159.68, 100, 6671
2026/08/26 00:41:22.732, 160.85, 100, 6671
2026/08/26 00:41:23.732, 159.83, 100, 6671
2026/08/26 00:41:24.732, 158.90, 98, 6671
2026/08/26 00:41:25.732, 160.11, 100, 6671
2026/08/26 00:41:26.732, 159.46, 100, 6671
2026/08/26 00:41:27.733, 159.09, 98, 6671
2026/08/26 00:41:28.733, 159.98, 100, 6671
2026/08/26 00:41:29.733, 159.73, 100, 6671
2026/08/26 00:41:30.733, 159.31, 98, 6671
2026/08/26 00:41:31.733, 160.00, 100, 6671
2026/08/26 00:41:32.734, 159.66, 100, 6671
2026/08/26 00:41:33.734, 159.14, 98, 6671
2026/08/26 00:41:34.734, 159.81, 100, 6671
2026/08/26 00:41:35.734, 159.51, 100, 6671
2026/08/26 00:41:36.734, 159.07, 98, 6671
2026/08/26 00:41:37.734, 159.87, 100, 6671
2026/08/26 00:41:38.735, 160.01, 100, 6671
2026/08/26 00:41:39.735, 158.89, 98, 6671
2026/08/26 00:41:40.735, 159.66, 100, 6671
2026/08/26 00:41:41.735, 159.73, 100, 6671
2026/08/26 00:41:42.735, 158.74, 98, 6671
2026/08/26 00:41:43.735, 159.71, 100, 6671
2026/08/26 00:41:44.736, 160.15, 100, 6671
2026/08/26 00:41:45.736, 159.01, 98, 6671
2026/08/26 00:41:46.736, 159.49, 100, 6671
2026/08/26 00:41:47.736, 160.29, 100, 6671
2026/08/26 00:41:48.736, 158.86, 98, 6671
2026/08/26 00:41:49.736, 160.54, 100, 6671
2026/08/26 00:41:50.737, 159.71, 100, 6671
2026/08/26 00:41:51.737, 158.62, 98, 6671
2026/08/26 00:41:52.737, 160.32, 100, 6671
2026/08/26 00:41:53.737, 160.07, 100, 6671
2026/08/26 00:41:54.737, 159.44, 99, 6671
2026/08/26 00:41:55.737, 160.12, 100, 6671
2026/08/26 00:41:56.738, 159.90, 100, 6671
2026/08/26 00:41:57.738, 159.16, 100, 6671
2026/08/26 00:41:58.738, 159.42, 100, 6671
2026/08/26 00:41:59.738, 160.49, 100, 6671
2026/08/26 00:42:00.738, 158.94, 100, 6671
2026/08/26 00:42:01.738, 159.61, 100, 6671
2026/08/26 00:42:02.739, 160.36, 100, 6671
2026/08/26 00:42:03.739, 159.41, 100, 6671
2026/08/26 00:42:04.739, 159.18, 100, 6671
2026/08/26 00:42:05.739, 160.55, 100, 6671
2026/08/26 00:42:06.739, 159.36, 100, 6671
2026/08/26 00:42:07.739, 159.57, 100, 6671
2026/08/26 00:42:08.740, 160.68, 100, 6671
2026/08/26 00:42:09.740, 159.66, 100, 6671
2026/08/26 00:42:10.740, 159.48, 99, 6671
2026/08/26 00:42:11.740, 160.14, 100, 6671
2026/08/26 00:42:12.740, 159.54, 100, 6671
2026/08/26 00:42:13.740, 159.00, 98, 6671
2026/08/26 00:42:14.740, 160.30, 100, 6671
2026/08/26 00:42:15.741, 159.77, 100, 6671
2026/08/26 00:42:16.741, 159.19, 98, 6671
2026/08/26 00:42:17.741, 160.12, 100, 6671
2026/08/26 00:42:18.741, 159.72, 100, 6671
2026/08/26 00:42:19.741, 159.51, 98, 6671
2026/08/26 00:42:20.742, 159.95, 100, 6671
2026/08/26 00:42:21.742, 159.82, 100, 6671
2026/08/26 00:42:22.742, 158.97, 98, 6671
2026/08/26 00:42:23.742, 159.67, 100, 6671
2026/08/26 00:42:24.742, 159.98, 100, 6671
2026/08/26 00:42:25.742, 158.84, 98, 6671
2026/08/26 00:42:26.743, 159.84, 100, 6671
2026/08/26 00:42:27.743, 159.97, 100, 6671
2026/08/26 00:42:28.743, 158.93, 98, 6671
2026/08/26 00:42:29.743, 159.71, 100, 6671
2026/08/26 00:42:30.743, 160.13, 100, 6671
2026/08/26 00:42:31.743, 158.93, 98, 6671
2026/08/26 00:42:32.744, 159.93, 100, 6671
2026/08/26 00:42:33.744, 159.91, 100, 6671
2026/08/26 00:42:34.744, 158.86, 98, 6671
2026/08/26 00:42:35.744, 159.60, 100, 6671
2026/08/26 00:42:36.744, 160.43, 100, 6671
2026/08/26 00:42:37.745, 159.12, 98, 6671
2026/08/26 00:42:38.745, 160.49, 100, 6671
2026/08/26 00:42:39.745, 160.34, 100, 6671
2026/08/26 00:42:40.745, 158.75, 98, 6671
2026/08/26 00:42:41.745, 159.52, 100, 6671
2026/08/26 00:42:42.745, 160.09, 100, 6671
2026/08/26 00:42:43.745, 159.42, 98, 6671
2026/08/26 00:42:44.746, 160.05, 100, 6671
2026/08/26 00:42:45.746, 160.25, 100, 6671
2026/08/26 00:42:46.746, 159.48, 100, 6671
2026/08/26 00:42:47.746, 160.03, 100, 6671
2026/08/26 00:42:48.746, 160.05, 100, 6671
2026/08/26 00:42:49.746, 159.60, 100, 6671
2026/08/26 00:42:50.747, 159.66, 100, 6671
2026/08/26 00:42:51.747, 160.88, 100, 6671
2026/08/26 00:42:52.747, 159.22, 100, 6671
2026/08/26 00:42:53.747, 159.43, 100, 6671
2026/08/26 00:42:54.747, 160.10, 100, 6671
2026/08/26 00:42:55.748, 159.76, 100, 6671
2026/08/26 00:42:56.748, 159.34, 100, 6671
2026/08/26 00:42:57.748, 160.68, 100, 6671
2026/08/26 00:42:58.748, 159.87, 100, 6671
2026/08/26 00:42:59.748, 159.51, 99, 6671
2026/08/26 00:43:00.748, 160.42, 100, 6671
2026/08/26 00:43:01.748, 159.41, 100, 6671
2026/08/26 00:43:02.749, 160.38, 100, 6671
2026/08/26 00:43:03.749, 162.96, 99, 6671
2026/08/26 00:43:04.749, 162.86, 100, 6671
2026/08/26 00:43:05.749, 162.82, 100, 6671
2026/08/26 00:43:06.749, 162.66, 99, 6671
2026/08/26 00:43:07.750, 162.90, 100, 6671
2026/08/26 00:43:08.750, 162.85, 99, 6671
2026/08/26 00:43:09.750, 162.93, 99, 6671
2026/08/26 00:43:10.750, 162.82, 100, 6671
2026/08/26 00:43:11.750, 162.82, 100, 6671
2026/08/26 00:43:12.750, 162.94, 100, 6671
2026/08/26 00:43:13.751, 162.75, 100, 6671
2026/08/26 00:43:14.751, 162.82, 99, 6671
2026/08/26 00:43:15.751, 162.68, 100, 6671
2026/08/26 00:43:16.751, 162.59, 100, 6671
2026/08/26 00:43:17.751, 162.92, 99, 6671
2026/08/26 00:43:18.751, 163.03, 100, 6671
2026/08/26 00:43:19.751, 163.02, 100, 6671
2026/08/26 00:43:20.752, 163.01, 100, 6671
2026/08/26 00:43:21.752, 163.08, 100, 6671
2026/08/26 00:43:22.752, 162.93, 100, 6671
2026/08/26 00:43:23.752, 162.88, 98, 6671
2026/08/26 00:43:24.752, 162.90, 100, 6671
2026/08/26 00:43:25.752, 163.02, 100, 6671
2026/08/26 00:43:26.753, 163.16, 100, 6671
2026/08/26 00:43:27.753, 163.00, 100, 6671
2026/08/26 00:43:28.753, 163.04, 100, 6671
2026/08/26 00:43:29.753, 163.04, 100, 6671
2026/08/26 00:43:30.753, 163.14, 100, 6671
2026/08/26 00:43:31.753, 163.09, 100, 6671
2026/08/26 00:43:32.754, 163.07, 100, 6671
2026/08/26 00:43:33.754, 163.30, 100, 6671
2026/08/26 00:43:34.754, 162.95, 100, 6671
2026/08/26 00:43:35.754, 163.12, 100, 6671
2026/08/26 00:43:36.754, 163.22, 100, 6671
2026/08/26 00:43:37.754, 163.04, 100, 6671
2026/08/26 00:43:38.755, 163.13, 100, 6671
2026/08/26 00:43:39.755, 163.18, 100, 6671
2026/08/26 00:43:40.755, 163.07, 100, 6671
2026/08/26 00:43:41.755, 162.89, 99, 6671
2026/08/26 00:43:42.755, 163.15, 100, 6671
2026/08/26 00:43:43.755, 163.16, 99, 6671
2026/08/26 00:43:44.756, 163.07, 100, 6671
2026/08/26 00:43:45.756, 163.07, 100, 6671
2026/08/26 00:43:46.756, 163.16, 100, 6671
2026/08/26 00:43:47.756, 163.26, 100, 6671
2026/08/26 00:43:48.756, 163.06, 100, 6671
2026/08/26 00:43:49.756, 163.24, 99, 6671
2026/08/26 00:43:50.756, 163.26, 100, 6671
2026/08/26 00:43:51.757, 163.14, 100, 6671
2026/08/26 00:43:52.757, 163.07, 100, 6671
2026/08/26 00:43:53.757, 163.32, 100, 6671
2026/08/26 00:43:54.757, 163.28, 100, 6671
2026/08/26 00:43:55.757, 163.26, 99, 6671
2026/08/26 00:43:56.757, 163.52, 100, 6671
2026/08/26 00:43:57.758, 163.48, 100, 6671
2026/08/26 00:43:58.758, 163.37, 99, 6671
2026/08/26 00:43:59.758, 163.33, 100, 6671
2026/08/26 00:44:00.758, 163.31, 100, 6671
2026/08/26 00:44:01.758, 162.98, 99, 6671
2026/08/26 00:44:02.758, 163.28, 100, 6671
2026/08/26 00:44:03.759, 163.12, 100, 6671
2026/08/26 00:44:04.759, 163.25, 99, 6671
2026/08/26 00:44:05.759, 163.21, 100, 6671
2026/08/26 00:44:06.759, 163.08, 100, 6671
2026/08/26 00:44:07.759, 163.04, 100, 6671
2026/08/26 00:44:08.759, 163.15, 100, 6671
2026/08/26 00:44:09.759, 163.08, 100, 6671
2026/08/26 00:44:10.760, 162.93, 99, 6671
2026/08/26 00:44:11.760, 163.25, 100, 6671
2026/08/26 00:44:12.760, 163.15, 100, 6671
2026/08/26 00:44:13.760, 163.18, 100, 6671
2026/08/26 00:44:14.760, 163.34, 100, 6671
2026/08/26 00:44:15.760, 163.34, 99, 6671
2026/08/26 00:44:16.761, 163.00, 99, 6671
2026/08/26 00:44:17.761, 162.99, 100, 6671
2026/08/26 00:44:18.761, 163.08, 99, 6671
2026/08/26 00:44:19.761, 163.23, 100, 6671
2026/08/26 00:44:20.761, 163.05, 100, 6671
2026/08/26 00:44:21.761, 163.00, 99, 6671
2026/08/26 00:44:22.762, 163.24, 100, 6671
2026/08/26 00:44:23.762, 163.18, 100, 6671
2026/08/26 00:44:24.762, 163.17, 100, 6671
2026/08/26 00:44:25.762, 163.10, 100, 6671
2026/08/26 00:44:26.762, 163.25, 100, 6671
2026/08/26 00:44:27.762, 163.29, 99, 6671
2026/08/26 00:44:28.763, 163.32, 100, 6671
2026/08/26 00:44:29.763, 163.04, 100, 6671
2026/08/26 00:44:30.763, 163.27, 99, 6671
2026/08/26 00:44:31.763, 163.23, 100, 6671
2026/08/26 00:44:32.763, 163.15, 100, 6671
2026/08/26 00:44:33.763, 163.05, 99, 6671
2026/08/26 00:44:34.764, 163.13, 100, 6671
2026/08/26 00:44:35.764, 163.07, 100, 6671
2026/08/26 00:44:36.764, 162.90, 99, 6671
2026/08/26 00:44:37.764, 162.91, 100, 6671
2026/08/26 00:44:38.764, 156.02, 100, 6671
2026/08/26 00:44:39.764, 160.04, 100, 6671
2026/08/26 00:44:40.764, 159.26, 98, 6671
2026/08/26 00:44:41.765, 160.05, 100, 6671
2026/08/26 00:44:42.765, 160.17, 100, 6671
2026/08/26 00:44:43.765, 158.85, 98, 6671
2026/08/26 00:44:44.765, 160.01, 100, 6671
2026/08/26 00:44:45.765, 160.32, 100, 6671
2026/08/26 00:44:46.765, 158.78, 98, 6671
2026/08/26 00:44:47.766, 159.82, 100, 6671
2026/08/26 00:44:48.766, 160.62, 100, 6671
2026/08/26 00:44:49.766, 158.70, 98, 6671
2026/08/26 00:44:50.766, 160.51, 100, 6671
2026/08/26 00:44:51.766, 160.68, 100, 6671
2026/08/26 00:44:52.766, 159.47, 99, 6671
2026/08/26 00:44:53.766, 159.99, 100, 6671
2026/08/26 00:44:54.767, 160.64, 100, 6671
2026/08/26 00:44:55.767, 159.65, 100, 6671
2026/08/26 00:44:56.767, 159.80, 100, 6671
2026/08/26 00:44:57.767, 160.32, 100, 6671
2026/08/26 00:44:58.767, 159.62, 100, 6671
2026/08/26 00:44:59.767, 159.47, 100, 6671
2026/08/26 00:45:00.768, 160.47, 100, 6671
2026/08/26 00:45:01.768, 159.60, 100, 6671
2026/08/26 00:45:02.768, 159.07, 100, 6671
2026/08/26 00:45:03.768, 160.49, 100, 6671
2026/08/26 00:45:04.768, 159.80, 100, 6671
2026/08/26 00:45:05.769, 159.46, 98, 6671
2026/08/26 00:45:06.769, 160.32, 100, 6671
2026/08/26 00:45:07.769, 160.04, 100, 6671
2026/08/26 00:45:08.769, 159.34, 98, 6671
2026/08/26 00:45:09.769, 160.01, 100, 6671
2026/08/26 00:45:10.769, 159.96, 100, 6671
2026/08/26 00:45:11.770, 159.38, 98, 6671
2026/08/26 00:45:12.770, 160.20, 100, 6671
2026/08/26 00:45:13.770, 160.26, 100, 6671
2026/08/26 00:45:14.770, 159.23, 97, 6671
2026/08/26 00:45:15.770, 159.69, 100, 6671
2026/08/26 00:45:16.770, 159.64, 100, 6671
2026/08/26 00:45:17.771, 159.12, 98, 6671
2026/08/26 00:45:18.771, 160.00, 100, 6671
2026/08/26 00:45:19.771, 160.04, 100, 6671
2026/08/26 00:45:20.771, 159.11, 98, 6671
2026/08/26 00:45:21.771, 159.92, 100, 6671
2026/08/26 00:45:22.771, 160.21, 100, 6671
2026/08/26 00:45:23.772, 158.86, 98, 6671
2026/08/26 00:45:24.772, 159.70, 100, 6671
2026/08/26 00:45:25.772, 159.71, 100, 6671
2026/08/26 00:45:26.772, 158.49, 98, 6671
2026/08/26 00:45:27.772, 159.68, 100, 6671
2026/08/26 00:45:28.772, 160.07, 100, 6671
2026/08/26 00:45:29.773, 158.92, 98, 6671
2026/08/26 00:45:30.773, 159.80, 100, 6671
2026/08/26 00:45:31.773, 160.47, 100, 6671
2026/08/26 00:45:32.773, 158.99, 98, 6671
2026/08/26 00:45:33.773, 159.60, 100, 6671
2026/08/26 00:45:34.773, 160.33, 100, 6671
2026/08/26 00:45:35.774, 159.13, 99, 6671
2026/08/26 00:45:36.774, 159.56, 100, 6671
2026/08/26 00:45:37.774, 160.42, 100, 6671
2026/08/26 00:45:38.774, 159.47, 100, 6671
2026/08/26 00:45:39.774, 159.63, 100, 6671
2026/08/26 00:45:40.774, 160.16, 100, 6671
2026/08/26 00:45:41.775, 159.25, 100, 6671
2026/08/26 00:45:42.775, 159.58, 100, 6671
2026/08/26 00:45:43.775, 160.58, 100, 6671
2026/08/26 00:45:44.775, 159.34, 100, 6671
2026/08/26 00:45:45.775, 159.39, 100, 6671
2026/08/26 00:45:46.775, 160.70, 100, 6671
2026/08/26 00:45:47.776, 159.91, 100, 6671
2026/08/26 00:45:48.776, 159.53, 99, 6671
2026/08/26 00:45:49.776, 160.41, 100, 6671
2026/08/26 00:45:50.776, 159.90, 100, 6671
2026/08/26 00:45:51.776, 159.48, 98, 6671
2026/08/26 00:45:52.776, 160.51, 100, 6671
2026/08/26 00:45:53.777, 159.91, 100, 6671
2026/08/26 00:45:54.777, 159.02, 98, 6671
2026/08/26 00:45:55.777, 160.48, 100, 6671
2026/08/26 00:45:56.777, 160.00, 100, 6671
2026/08/26 00:45:57.777, 159.02, 98, 6671
2026/08/26 00:45:58.777, 160.75, 100, 6671
2026/08/26 00:45:59.777, 160.25, 100, 6671
2026/08/26 00:46:00.778, 159.25, 98, 6671
2026/08/26 00:46:01.778, 159.96, 100, 6671
2026/08/26 00:46:02.778, 159.55, 100, 6671
2026/08/26 00:46:03.778, 158.96, 98, 6671
2026/08/26 00:46:04.778, 159.72, 100, 6671
2026/08/26 00:46:05.778, 159.97, 100, 6671
2026/08/26 00:46:06.779, 158.94, 98, 6671
2026/08/26 00:46:07.779, 159.66, 100, 6671
2026/08/26 00:46:08.779, 159.62, 100, 6671
2026/08/26 00:46:09.779, 158.89, 98, 6671
2026/08/26 00:46:10.779, 159.83, 100, 6671
2026/08/26 00:46:11.779, 159.83, 100, 6671
2026/08/26 00:46:12.780, 158.57, 98, 6671
2026/08/26 00:46:13.780, 159.68, 100, 6671
2026/08/26 00:46:14.780, 159.86, 100, 6671
2026/08/26 00:46:15.780, 158.60, 98, 6671
2026/08/26 00:46:16.780, 159.45, 100, 6671
2026/08/26 00:46:17.780, 160.40, 100, 6671
2026/08/26 00:46:18.780, 158.94, 98, 6671
2026/08/26 00:46:19.781, 159.54, 100, 6671
2026/08/26 00:46:20.781, 160.00, 100, 6671
2026/08/26 00:46:21.781, 159.38, 100, 6671
2026/08/26 00:46:22.781, 159.90, 100, 6671
2026/08/26 00:46:23.781, 159.99, 100, 6671
2026/08/26 00:46:24.782, 159.33, 100, 6671
2026/08/26 00:46:25.782, 159.59, 100, 6671
2026/08/26 00:46:26.782, 160.66, 100, 6671
2026/08/26 00:46:27.782, 159.39, 100, 6671
2026/08/26 00:46:28.782, 159.23, 100, 6671
2026/08/26 00:46:29.782, 160.75, 100, 6671
2026/08/26 00:46:30.783, 159.71, 100, 6671
2026/08/26 00:46:31.783, 159.17, 100, 6671
2026/08/26 00:46:32.783, 160.35, 100, 6671
2026/08/26 00:46:33.783, 159.45, 100, 6671
2026/08/26 00:46:34.783, 159.11, 98, 6671
2026/08/26 00:46:35.783, 160.05, 100, 6671
2026/08/26 00:46:36.784, 160.00, 100, 6671
2026/08/26 00:46:37.784, 159.42, 98, 6671
2026/08/26 00:46:38.784, 160.45, 100, 6671
2026/08/26 00:46:39.784, 159.90, 100, 6671
2026/08/26 00:46:40.784, 159.46, 98, 6671
2026/08/26 00:46:41.785, 160.05, 100, 6671
2026/08/26 00:46:42.785, 159.97, 100, 6671
2026/08/26 00:46:43.785, 159.40, 98, 6671
2026/08/26 00:46:44.785, 160.45, 100, 6671
2026/08/26 00:46:45.785, 159.65, 100, 6671
2026/08/26 00:46:46.785, 159.10, 98, 6671
2026/08/26 00:46:47.786, 160.02, 100, 6671
2026/08/26 00:46:48.786, 159.66, 100, 6671
2026/08/26 00:46:49.786, 158.95, 98, 6671
2026/08/26 00:46:50.786, 159.75, 100, 6671
2026/08/26 00:46:51.786, 159.72, 100, 6671
2026/08/26 00:46:52.786, 158.90, 98, 6671
2026/08/26 00:46:53.787, 159.70, 100, 6671
2026/08/26 00:46:54.787, 160.14, 100, 6671
2026/08/26 00:46:55.787, 159.24, 98, 6671
2026/08/26 00:46:56.787, 160.49, 100, 6671
2026/08/26 00:46:57.787, 160.27, 100, 6671
2026/08/26 00:46:58.788, 158.82, 97, 6671
2026/08/26 00:46:59.788, 159.69, 100, 6671
2026/08/26 00:47:00.788, 160.02, 100, 6671
2026/08/26 00:47:01.788, 158.63, 98, 6671
2026/08/26 00:47:02.788, 159.74, 100, 6671
2026/08/26 00:47:03.788, 159.88, 100, 6671
2026/08/26 00:47:04.789, 158.94, 98, 6671
2026/08/26 00:47:05.789, 159.85, 100, 6671
2026/08/26 00:47:06.789, 160.32, 100, 6671
2026/08/26 00:47:07.789, 158.69, 98, 6671
2026/08/26 00:47:08.789, 159.39, 100, 6671
2026/08/26 00:47:09.789, 159.73, 100, 6671
2026/08/26 00:47:10.790, 159.49, 99, 6671
2026/08/26 00:47:11.790, 159.44, 100, 6671
2026/08/26 00:47:12.790, 159.90, 100, 6671
2026/08/26 00:47:13.790, 159.13, 100, 6671
2026/08/26 00:47:14.790, 159.05, 100, 6671
2026/08/26 00:47:15.790, 160.52, 100, 6671
2026/08/26 00:47:16.791, 159.26, 100, 6671
2026/08/26 00:47:17.791, 159.55, 100, 6671
2026/08/26 00:47:18.791, 160.23, 100, 6671
2026/08/26 00:47:19.791, 159.30, 100, 6671
2026/08/26 00:47:20.791, 159.07, 100, 6671
2026/08/26 00:47:21.791, 160.18, 100, 6671
2026/08/26 00:47:22.792, 159.45, 100, 6671
2026/08/26 00:47:23.792, 159.40, 99, 6671
2026/08/26 00:47:24.792, 160.44, 100, 6671
2026/08/26 00:47:25.792, 159.76, 100, 6671
2026/08/26 00:47:26.792, 159.32, 98, 6671
2026/08/26 00:47:27.793, 160.51, 100, 6671
2026/08/26 00:47:28.793, 159.78, 100, 6671
2026/08/26 00:47:29.793, 159.38, 98, 6671
2026/08/26 00:47:30.793, 160.09, 100, 6671
2026/08/26 00:47:31.793, 159.86, 100, 6671
2026/08/26 00:47:32.793, 159.36, 98, 6671
2026/08/26 00:47:33.794, 160.03, 100, 6671
2026/08/26 00:47:34.794, 159.95, 100, 6671
2026/08/26 00:47:35.794, 159.15, 98, 6671
2026/08/26 00:47:36.794, 160.09, 100, 6671
2026/08/26 00:47:37.794, 158.94, 100, 6671
2026/08/26 00:47:38.795, 159.77, 97, 6671
2026/08/26 00:47:39.795, 160.10, 100, 6671
2026/08/26 00:47:40.795, 158.99, 100, 6671
2026/08/26 00:47:41.795, 160.55, 98, 6671
2026/08/26 00:47:42.795, 160.46, 100, 6671
2026/08/26 00:47:43.795, 159.51, 100, 6671
2026/08/26 00:47:44.796, 159.84, 98, 6671
2026/08/26 00:47:45.796, 160.50, 100, 6671
2026/08/26 00:47:46.796, 159.53, 100, 6671
2026/08/26 00:47:47.796, 159.52, 98, 6671
2026/08/26 00:47:48.796, 160.59, 100, 6671
2026/08/26 00:47:49.796, 159.40, 100, 6671
2026/08/26 00:47:50.797, 159.40, 98, 6671
2026/08/26 00:47:51.797, 160.53, 100, 6671
2026/08/26 00:47:52.797, 159.57, 100, 6671
2026/08/26 00:47:53.797, 159.69, 98, 6671
2026/08/26 00:47:54.797, 160.64, 100, 6671
2026/08/26 00:47:55.797, 160.24, 100, 6671
2026/08/26 00:47:56.798, 163.91, 100, 6671
2026/08/26 00:47:57.798, 163.06, 100, 6671
2026/08/26 00:47:58.798, 163.10, 100, 6671
2026/08/26 00:47:59.798, 163.02, 100, 6671
2026/08/26 00:48:00.798, 163.04, 99, 6671
2026/08/26 00:48:01.799, 163.10, 100, 6671
2026/08/26 00:48:02.799, 163.24, 100, 6671
2026/08/26 00:48:03.799, 163.11, 99, 6671
2026/08/26 00:48:04.799, 163.17, 100, 6671
2026/08/26 00:48:05.799, 163.35, 100, 6671
2026/08/26 00:48:06.799, 163.27, 100, 6671
2026/08/26 00:48:07.800, 163.21, 100, 6671
2026/08/26 00:48:08.800, 163.20, 100, 6671
2026/08/26 00:48:09.800, 163.23, 99, 6671
2026/08/26 00:48:10.800, 163.28, 100, 6671
2026/08/26 00:48:11.800, 163.18, 100, 6671
2026/08/26 00:48:12.800, 163.14, 99, 6671
2026/08/26 00:48:13.801, 163.40, 100, 6671
2026/08/26 00:48:14.801, 163.27, 100, 6671
2026/08/26 00:48:15.801, 163.20, 99, 6671
2026/08/26 00:48:16.801, 163.42, 100, 6671
2026/08/26 00:48:17.801, 163.03, 100, 6671
2026/08/26 00:48:18.802, 163.22, 99, 6671
2026/08/26 00:48:19.802, 163.16, 100, 6671
2026/08/26 00:48:20.802, 163.18, 100, 6671
2026/08/26 00:48:21.802, 163.03, 99, 6671
2026/08/26 00:48:22.802, 163.15, 100, 6671
2026/08/26 00:48:23.802, 163.10, 100, 6671
2026/08/26 00:48:24.802, 163.19, 99, 6671
2026/08/26 00:48:25.803, 163.14, 100, 6671
2026/08/26 00:48:26.803, 163.22, 99, 6671
2026/08/26 00:48:27.803, 163.18, 100, 6671
2026/08/26 00:48:28.803, 163.27, 100, 6671
2026/08/26 00:48:29.803, 163.46, 99, 6671
2026/08/26 00:48:30.803, 163.33, 100, 6671
2026/08/26 00:48:31.804, 163.45, 100, 6671
2026/08/26 00:48:32.804, 163.34, 99, 6671
2026/08/26 00:48:33.804, 163.43, 100, 6671
2026/08/26 00:48:34.804, 163.21, 100, 6671
2026/08/26 00:48:35.804, 163.33, 100, 6671
2026/08/26 00:48:36.805, 163.41, 100, 6671
2026/08/26 00:48:37.805, 163.30, 100, 6671
2026/08/26 00:48:38.805, 163.27, 99, 6671
2026/08/26 00:48:39.805, 163.41, 100, 6671
2026/08/26 00:48:40.805, 163.31, 100, 6671
2026/08/26 00:48:41.806, 163.27, 99, 6671
2026/08/26 00:48:42.806, 163.32, 100, 6671
2026/08/26 00:48:43.806, 163.26, 100, 6671
2026/08/26 00:48:44.806, 163.32, 99, 6671
2026/08/26 00:48:45.806, 163.54, 100, 6671
2026/08/26 00:48:46.806, 163.32, 100, 6671
2026/08/26 00:48:47.806, 163.25, 100, 6671
2026/08/26 00:48:48.807, 163.14, 100, 6671
2026/08/26 00:48:49.807, 163.21, 100, 6671
2026/08/26 00:48:50.807, 163.21, 100, 6671
2026/08/26 00:48:51.807, 163.26, 100, 6671
2026/08/26 00:48:52.807, 163.25, 100, 6671
2026/08/26 00:48:53.807, 163.46, 99, 6671
2026/08/26 00:48:54.808, 163.45, 100, 6671
2026/08/26 00:48:55.808, 163.38, 100, 6671
2026/08/26 00:48:56.808, 163.07, 100, 6671
2026/08/26 00:48:57.808, 163.49, 100, 6671
2026/08/26 00:48:58.808, 163.32, 99, 6671
2026/08/26 00:48:59.808, 163.31, 100, 6671
2026/08/26 00:49:00.809, 163.31, 100, 6671
2026/08/26 00:49:01.809, 163.30, 100, 6671
2026/08/26 00:49:02.809, 163.44, 100, 6671
2026/08/26 00:49:03.809, 163.44, 100, 6671
2026/08/26 00:49:04.809, 163.55, 100, 6671
2026/08/26 00:49:05.809, 163.42, 100, 6671
2026/08/26 00:49:06.809, 163.49, 100, 6671
2026/08/26 00:49:07.810, 163.50, 99, 6671
2026/08/26 00:49:08.810, 163.42, 100, 6671
2026/08/26 00:49:09.810, 163.34, 100, 6671
2026/08/26 00:49:10.810, 163.39, 99, 6671
2026/08/26 00:49:11.810, 163.55, 100, 6671
2026/08/26 00:49:12.810, 163.58, 100, 6671
2026/08/26 00:49:13.811, 163.33, 99, 6671
2026/08/26 00:49:14.811, 163.50, 100, 6671
2026/08/26 00:49:15.811, 163.58, 100, 6671
2026/08/26 00:49:16.811, 163.41, 99, 6671
2026/08/26 00:49:17.811, 163.58, 100, 6671
2026/08/26 00:49:18.811, 163.62, 100, 6671
2026/08/26 00:49:19.812, 163.67, 100, 6671
2026/08/26 00:49:20.812, 163.72, 100, 6671
2026/08/26 00:49:21.812, 163.55, 100, 6671
2026/08/26 00:49:22.812, 163.53, 99, 6671
2026/08/26 00:49:23.812, 163.59, 100, 6671
2026/08/26 00:49:24.812, 163.46, 100, 6671
2026/08/26 00:49:25.813, 163.48, 100, 6671
2026/08/26 00:49:26.813, 163.56, 100, 6671
2026/08/26 00:49:27.813, 163.09, 99, 6671
2026/08/26 00:49:28.813, 163.25, 100, 6671
2026/08/26 00:49:29.813, 163.34, 100, 6671
2026/08/26 00:49:30.813, 163.44, 99, 6671
2026/08/26 00:49:31.814, 155.51, 98, 6671
2026/08/26 00:49:32.814, 160.41, 100, 6671
2026/08/26 00:49:33.814, 160.03, 100, 6671
2026/08/26 00:49:34.814, 159.14, 98, 6671
2026/08/26 00:49:35.814, 160.99, 100, 6671
2026/08/26 00:49:36.814, 160.12, 100, 6671
2026/08/26 00:49:37.814, 159.43, 98, 6671
2026/08/26 00:49:38.815, 160.29, 100, 6671
2026/08/26 00:49:39.815, 160.57, 100, 6671
2026/08/26 00:49:40.815, 159.31, 98, 6671
2026/08/26 00:49:41.815, 160.15, 100, 6671
2026/08/26 00:49:42.815, 160.27, 100, 6671
2026/08/26 00:49:43.815, 158.95, 98, 6671
2026/08/26 00:49:44.816, 159.96, 100, 6671
2026/08/26 00:49:45.816, 160.25, 100, 6671
2026/08/26 00:49:46.816, 159.06, 98, 6671
2026/08/26 00:49:47.816, 160.05, 100, 6671
2026/08/26 00:49:48.816, 160.69, 100, 6671
2026/08/26 00:49:49.816, 159.26, 98, 6671
2026/08/26 00:49:50.817, 159.84, 100, 6671
2026/08/26 00:49:51.817, 161.17, 100, 6671
2026/08/26 00:49:52.817, 159.85, 99, 6671
2026/08/26 00:49:53.817, 160.18, 100, 6671
2026/08/26 00:49:54.817, 160.45, 100, 6671
2026/08/26 00:49:55.817, 159.58, 100, 6671
2026/08/26 00:49:56.818, 159.73, 100, 6671
2026/08/26 00:49:57.818, 160.93, 100, 6671
2026/08/26 00:49:58.818, 159.61, 100, 6671
2026/08/26 00:49:59.818, 159.82, 100, 6671
2026/08/26 00:50:00.818, 161.01, 100, 6671
2026/08/26 00:50:01.818, 160.04, 100, 6671
2026/08/26 00:50:02.819, 159.43, 100, 6671
2026/08/26 00:50:03.819, 160.54, 100, 6671
2026/08/26 00:50:04.819, 159.58, 100, 6671
2026/08/26 00:50:05.819, 159.41, 99, 6671
2026/08/26 00:50:06.819, 160.46, 100, 6671
2026/08/26 00:50:07.819, 159.75, 100, 6671
2026/08/26 00:50:08.820, 159.23, 98, 6671
2026/08/26 00:50:09.820, 160.16, 100, 6671
2026/08/26 00:50:10.820, 159.58, 100, 6671
2026/08/26 00:50:11.820, 159.44, 98, 6671
2026/08/26 00:50:12.820, 160.83, 100, 6671
2026/08/26 00:50:13.821, 160.46, 100, 6671
2026/08/26 00:50:14.821, 159.47, 98, 6671
2026/08/26 00:50:15.821, 160.21, 100, 6671
2026/08/26 00:50:16.821, 160.47, 100, 6671
2026/08/26 00:50:17.821, 158.91, 98, 6671
2026/08/26 00:50:18.821, 160.09, 100, 6671
2026/08/26 00:50:19.822, 159.57, 100, 6671
2026/08/26 00:50:20.822, 159.38, 98, 6671
2026/08/26 00:50:21.822, 160.40, 100, 6671
2026/08/26 00:50:22.822, 159.85, 100, 6671
2026/08/26 00:50:23.822, 159.33, 98, 6671
2026/08/26 00:50:24.822, 160.06, 100, 6671
2026/08/26 00:50:25.823, 160.23, 100, 6671
2026/08/26 00:50:26.823, 159.05, 98, 6671
2026/08/26 00:50:27.823, 160.03, 100, 6671
2026/08/26 00:50:28.823, 160.33, 100, 6671
2026/08/26 00:50:29.823, 158.99, 97, 6671
2026/08/26 00:50:30.823, 159.93, 100, 6671
2026/08/26 00:50:31.824, 159.87, 100, 6671
2026/08/26 00:50:32.824, 158.87, 98, 6671
2026/08/26 00:50:33.824, 159.87, 100, 6671
2026/08/26 00:50:34.824, 160.61, 100, 6671
2026/08/26 00:50:35.824, 158.71, 98, 6671
2026/08/26 00:50:36.825, 159.74, 100, 6671
2026/08/26 00:50:37.825, 160.55, 100, 6671
2026/08/26 00:50:38.825, 159.36, 98, 6671
2026/08/26 00:50:39.825, 159.52, 100, 6671
2026/08/26 00:50:40.825, 160.30, 100, 6671
2026/08/26 00:50:41.825, 159.71, 100, 6671
2026/08/26 00:50:42.826, 159.80, 100, 6671
2026/08/26 00:50:43.826, 160.90, 100, 6671
2026/08/26 00:50:44.826, 159.58, 100, 6671
2026/08/26 00:50:45.826, 159.58, 100, 6671
2026/08/26 00:50:46.826, 160.39, 100, 6671
2026/08/26 00:50:47.826, 159.36, 100, 6671
2026/08/26 00:50:48.827, 159.50, 100, 6671
2026/08/26 00:50:49.827, 160.94, 100, 6671
2026/08/26 00:50:50.827, 159.78, 100, 6671
2026/08/26 00:50:51.827, 159.68, 100, 6671
2026/08/26 00:50:52.827, 160.58, 100, 6671
2026/08/26 00:50:53.827, 160.03, 100, 6671
2026/08/26 00:50:54.828, 159.46, 98, 6671
2026/08/26 00:50:55.828, 160.25, 100, 6671
2026/08/26 00:50:56.828, 159.58, 100, 6671
2026/08/26 00:50:57.828, 159.07, 98, 6671
2026/08/26 00:50:58.828, 160.59, 100, 6671
2026/08/26 00:50:59.828, 159.70, 100, 6671
2026/08/26 00:51:00.829, 159.45, 98, 6671
2026/08/26 00:51:01.829, 160.18, 100, 6671
2026/08/26 00:51:02.829, 159.56, 100, 6671
2026/08/26 00:51:03.829, 159.21, 98, 6671
2026/08/26 00:51:04.829, 160.60, 100, 6671
2026/08/26 00:51:05.829, 160.29, 100, 6671
2026/08/26 00:51:06.830, 158.97, 98, 6671
2026/08/26 00:51:07.830, 160.68, 100, 6671
2026/08/26 00:51:08.830, 160.41, 100, 6671
2026/08/26 00:51:09.830, 159.33, 98, 6671
2026/08/26 00:51:10.830, 160.08, 100, 6671
2026/08/26 00:51:11.830, 160.18, 100, 6671
2026/08/26 00:51:12.831, 159.01, 98, 6671
2026/08/26 00:51:13.831, 159.84, 100, 6671
2026/08/26 00:51:14.831, 160.51, 100, 6671
2026/08/26 00:51:15.831, 158.92, 98, 6671
2026/08/26 00:51:16.831, 159.81, 100, 6671
2026/08/26 00:51:17.831, 160.73, 100, 6671
2026/08/26 00:51:18.832, 158.91, 98, 6671
2026/08/26 00:51:19.832, 159.80, 100, 6671
2026/08/26 00:51:20.832, 160.03, 100, 6671
2026/08/26 00:51:21.832, 159.23, 98, 6671
2026/08/26 00:51:22.832, 159.92, 100, 6671
2026/08/26 00:51:23.832, 160.06, 100, 6671
2026/08/26 00:51:24.833, 159.30, 100, 6671
2026/08/26 00:51:25.833, 159.75, 100, 6671
2026/08/26 00:51:26.833, 160.64, 100, 6671
2026/08/26 00:51:27.833, 159.51, 100, 6671
2026/08/26 00:51:28.833, 159.43, 100, 6671
2026/08/26 00:51:29.833, 160.79, 100, 6671
2026/08/26 00:51:30.834, 159.29, 100, 6671
2026/08/26 00:51:31.834, 159.61, 100, 6671
2026/08/26 00:51:32.834, 160.90, 100, 6671
2026/08/26 00:51:33.834, 159.65, 100, 6671
2026/08/26 00:51:34.834, 159.53, 100, 6671
2026/08/26 00:51:35.835, 160.21, 100, 6671
2026/08/26 00:51:36.835, 159.70, 100, 6671
2026/08/26 00:51:37.835, 159.50, 98, 6671
2026/08/26 00:51:38.835, 160.29, 100, 6671
2026/08/26 00:51:39.835, 159.81, 100, 6671
2026/08/26 00:51:40.835, 159.43, 98, 6671
2026/08/26 00:51:41.836, 160.09, 100, 6671
2026/08/26 00:51:42.836, 159.80, 100, 6671
2026/08/26 00:51:43.836, 159.65, 98, 6671
2026/08/26 00:51:44.836, 160.30, 100, 6671
2026/08/26 00:51:45.836, 159.63, 100, 6671
2026/08/26 00:51:46.836, 158.95, 98, 6671
2026/08/26 00:51:47.837, 159.78, 100, 6671
2026/08/26 00:51:48.837, 159.48, 100, 6671
2026/08/26 00:51:49.837, 158.91, 98, 6671
2026/08/26 00:51:50.837, 159.87, 100, 6671
2026/08/26 00:51:51.837, 159.70, 100, 6671
2026/08/26 00:51:52.838, 158.98, 98, 6671
2026/08/26 00:51:53.838, 159.80, 100, 6671
2026/08/26 00:51:54.838, 159.75, 100, 6671
2026/08/26 00:51:55.838, 158.77, 98, 6671
2026/08/26 00:51:56.838, 159.84, 100, 6671
2026/08/26 00:51:57.838, 160.87, 100, 6671
2026/08/26 00:51:58.839, 159.05, 98, 6671
2026/08/26 00:51:59.839, 159.85, 100, 6671
2026/08/26 00:52:00.839, 160.42, 100, 6671
2026/08/26 00:52:01.839, 158.94, 98, 6671
2026/08/26 00:52:02.839, 159.84, 100, 6671
2026/08/26 00:52:03.840, 160.43, 100, 6671
2026/08/26 00:52:04.840, 158.93, 98, 6671
2026/08/26 00:52:05.840, 159.54, 100, 6671
2026/08/26 00:52:06.840, 161.10, 100, 6671
2026/08/26 00:52:07.840, 159.48, 100, 6671
2026/08/26 00:52:08.840, 159.56, 100, 6671
2026/08/26 00:52:09.841, 160.27, 100, 6671
2026/08/26 00:52:10.841, 159.70, 100, 6671
2026/08/26 00:52:11.841, 159.89, 100, 6671
2026/08/26 00:52:12.841, 160.96, 100, 6671
2026/08/26 00:52:13.841, 159.80, 100, 6671
2026/08/26 00:52:14.842, 160.00, 100, 6671
2026/08/26 00:52:15.842, 161.16, 100, 6671
2026/08/26 00:52:16.842, 160.06, 100, 6671
2026/08/26 00:52:17.842, 159.10, 100, 6671
2026/08/26 00:52:18.842, 160.90, 100, 6671
2026/08/26 00:52:19.842, 159.96, 100, 6671
2026/08/26 00:52:20.843, 159.69, 99, 6671
2026/08/26 00:52:21.843, 160.51, 100, 6671
2026/08/26 00:52:22.843, 160.10, 100, 6671
2026/08/26 00:52:23.843, 159.28, 98, 6671
2026/08/26 00:52:24.843, 160.41, 100, 6671
2026/08/26 00:52:25.843, 159.99, 100, 6671
2026/08/26 00:52:26.844, 159.70, 98, 6671
2026/08/26 00:52:27.844, 160.10, 100, 6671
2026/08/26 00:52:28.844, 159.50, 100, 6671
2026/08/26 00:52:29.844, 159.11, 97, 6671
2026/08/26 00:52:30.844, 159.94, 100, 6671
2026/08/26 00:52:31.844, 159.72, 100, 6671
2026/08/26 00:52:32.845, 159.48, 98, 6671
2026/08/26 00:52:33.845, 160.71, 100, 6671
2026/08/26 00:52:34.845, 159.85, 100, 6671
2026/08/26 00:52:35.845, 159.31, 98, 6671
2026/08/26 00:52:36.845, 159.95, 100, 6671
2026/08/26 00:52:37.845, 159.80, 100, 6671
2026/08/26 00:52:38.846, 158.96, 98, 6671
2026/08/26 00:52:39.846, 160.05, 100, 6671
2026/08/26 00:52:40.846, 159.68, 100, 6671
2026/08/26 00:52:41.846, 159.05, 98, 6671
2026/08/26 00:52:42.846, 160.06, 100, 6671
2026/08/26 00:52:43.847, 160.52, 100, 6671
2026/08/26 00:52:44.847, 158.77, 98, 6671
2026/08/26 00:52:45.847, 159.74, 100, 6671
2026/08/26 00:52:46.847, 160.42, 100, 6671
2026/08/26 00:52:47.847, 159.23, 98, 6671
2026/08/26 00:52:48.847, 159.47, 100, 6671
2026/08/26 00:52:49.848, 162.96, 100, 6671
2026/08/26 00:52:50.848, 162.92, 100, 6671
2026/08/26 00:52:51.848, 162.87, 100, 6671
2026/08/26 00:52:52.848, 162.79, 100, 6671
2026/08/26 00:52:53.848, 162.82, 100, 6671
2026/08/26 00:52:54.848, 162.79, 99, 6671
2026/08/26 00:52:55.849, 162.93, 100, 6671
2026/08/26 00:52:56.849, 162.80, 100, 6671
2026/08/26 00:52:57.849, 162.77, 100, 6671
2026/08/26 00:52:58.849, 162.96, 100, 6671
2026/08/26 00:52:59.849, 163.04, 100, 6671
2026/08/26 00:53:00.850, 162.84, 100, 6671
2026/08/26 00:53:01.850, 162.74, 100, 6671
2026/08/26 00:53:02.850, 162.81, 99, 6671
2026/08/26 00:53:03.850, 162.91, 100, 6671
2026/08/26 00:53:04.850, 162.82, 100, 6671
2026/08/26 00:53:05.850, 162.74, 99, 6671
2026/08/26 00:53:06.851, 162.85, 100, 6671
2026/08/26 00:53:07.851, 162.74, 100, 6671
2026/08/26 00:53:08.851, 162.76, 100, 6671
2026/08/26 00:53:09.851, 162.81, 100, 6671
2026/08/26 00:53:10.851, 162.85, 100, 6671
2026/08/26 00:53:11.851, 162.90, 100, 6671
2026/08/26 00:53:12.852, 162.95, 100, 6671
2026/08/26 00:53:13.852, 163.01, 100, 6671
2026/08/26 00:53:14.852, 162.87, 99, 6671
2026/08/26 00:53:15.852, 162.79, 100, 6671
2026/08/26 00:53:16.852, 162.91, 100, 6671
2026/08/26 00:53:17.852, 162.85, 99, 6671
2026/08/26 00:53:18.853, 163.18, 100, 6671
2026/08/26 00:53:19.853, 162.75, 100, 6671
2026/08/26 00:53:20.853, 162.94, 99, 6671
2026/08/26 00:53:21.853, 163.02, 100, 6671
2026/08/26 00:53:22.853, 163.14, 100, 6671
2026/08/26 00:53:23.853, 162.80, 99, 6671
2026/08/26 00:53:24.854, 162.96, 100, 6671
2026/08/26 00:53:25.854, 163.15, 100, 6671
2026/08/26 00:53:26.854, 163.02, 99, 6671
2026/08/26 00:53:27.854, 162.88, 100, 6671
2026/08/26 00:53:28.854, 163.04, 100, 6671
2026/08/26 00:53:29.854, 163.02, 100, 6671
2026/08/26 00:53:30.855, 162.98, 100, 6671
2026/08/26 00:53:31.855, 163.03, 99, 6671
2026/08/26 00:53:32.855, 162.79, 100, 6671
2026/08/26 00:53:33.855, 162.96, 100, 6671
2026/08/26 00:53:34.855, 163.05, 100, 6671
2026/08/26 00:53:35.855, 163.05, 100, 6671
2026/08/26 00:53:36.856, 162.84, 100, 6671
2026/08/26 00:53:37.856, 163.08, 99, 6671
2026/08/26 00:53:38.856, 162.95, 100, 6671
2026/08/26 00:53:39.856, 163.27, 100, 6671
2026/08/26 00:53:40.856, 162.85, 98, 6671
2026/08/26 00:53:41.856, 162.80, 100, 6671
2026/08/26 00:53:42.857, 162.94, 100, 6671
2026/08/26 00:53:43.857, 163.02, 100, 6671
2026/08/26 00:53:44.857, 163.00, 100, 6671
2026/08/26 00:53:45.857, 162.72, 100, 6671
2026/08/26 00:53:46.857, 162.81, 99, 6671
2026/08/26 00:53:47.858, 163.19, 100, 6671
2026/08/26 00:53:48.858, 162.98, 100, 6671
2026/08/26 00:53:49.858, 162.97, 100, 6671
2026/08/26 00:53:50.858, 163.02, 100, 6671
2026/08/26 00:53:51.858, 162.86, 100, 6671
2026/08/26 00:53:52.858, 162.93, 99, 6671
2026/08/26 00:53:53.859, 163.06, 100, 6671
2026/08/26 00:53:54.859, 162.92, 100, 6671
2026/08/26 00:53:55.859, 163.00, 99, 6671
2026/08/26 00:53:56.859, 163.06, 100, 6671
2026/08/26 00:53:57.859, 162.93, 100, 6671
2026/08/26 00:53:58.859, 162.74, 99, 6671
2026/08/26 00:53:59.860, 163.12, 100, 6671
2026/08/26 00:54:00.860, 163.09, 99, 6671
2026/08/26 00:54:01.860, 163.00, 100, 6671
2026/08/26 00:54:02.860, 162.82, 100, 6671
2026/08/26 00:54:03.860, 162.99, 100, 6671
2026/08/26 00:54:04.860, 163.14, 100, 6671
2026/08/26 00:54:05.861, 163.16, 100, 6671
2026/08/26 00:54:06.861, 163.09, 99, 6671
2026/08/26 00:54:07.861, 162.90, 100, 6671
2026/08/26 00:54:08.861, 162.95, 100, 6671
2026/08/26 00:54:09.861, 163.08, 100, 6671
2026/08/26 00:54:10.861, 163.18, 100, 6671
2026/08/26 00:54:11.862, 163.13, 100, 6671
2026/08/26 00:54:12.862, 163.17, 99, 6671
2026/08/26 00:54:13.862, 163.21, 100, 6671
2026/08/26 00:54:14.862, 163.04, 100, 6671
2026/08/26 00:54:15.862, 162.68, 98, 6671
2026/08/26 00:54:16.863, 162.86, 100, 6671
2026/08/26 00:54:17.863, 163.04, 100, 6671
2026/08/26 00:54:18.863, 163.24, 99, 6671
2026/08/26 00:54:19.863, 163.11, 100, 6671
2026/08/26 00:54:20.863, 163.06, 100, 6671
2026/08/26 00:54:21.863, 162.84, 99, 6671
2026/08/26 00:54:22.863, 162.87, 100, 6671
2026/08/26 00:54:23.864, 163.03, 100, 6671
2026/08/26 00:54:24.864, 156.57, 100, 6671
2026/08/26 00:54:25.864, 159.96, 100, 6671
2026/08/26 00:54:26.864, 159.67, 99, 6671
2026/08/26 00:54:27.864, 160.71, 100, 6671
2026/08/26 00:54:28.864, 159.69, 100, 6671
2026/08/26 00:54:29.865, 159.82, 98, 6671
2026/08/26 00:54:30.865, 160.35, 100, 6671
2026/08/26 00:54:31.865, 160.32, 100, 6671
2026/08/26 00:54:32.865, 159.67, 98, 6671
2026/08/26 00:54:33.865, 160.31, 100, 6671
2026/08/26 00:54:34.865, 159.89, 100, 6671
2026/08/26 00:54:35.866, 159.49, 98, 6671
2026/08/26 00:54:36.866, 160.31, 100, 6671
2026/08/26 00:54:37.866, 160.26, 100, 6671
2026/08/26 00:54:38.866, 159.33, 98, 6671
2026/08/26 00:54:39.866, 160.02, 100, 6671
2026/08/26 00:54:40.867, 160.33, 100, 6671
2026/08/26 00:54:41.867, 159.33, 98, 6671
2026/08/26 00:54:42.867, 160.75, 100, 6671
2026/08/26 00:54:43.867, 160.62, 100, 6671
2026/08/26 00:54:44.867, 159.32, 98, 6671
2026/08/26 00:54:45.867, 160.46, 100, 6671
2026/08/26 00:54:46.868, 160.49, 100, 6671
2026/08/26 00:54:47.868, 159.32, 98, 6671
2026/08/26 00:54:48.868, 160.08, 100, 6671
2026/08/26 00:54:49.868, 160.20, 100, 6671
2026/08/26 00:54:50.868, 159.16, 98, 6671
2026/08/26 00:54:51.869, 159.72, 100, 6671
2026/08/26 00:54:52.869, 160.68, 100, 6671
2026/08/26 00:54:53.869, 158.98, 97, 6671
2026/08/26 00:54:54.869, 159.86, 100, 6671
2026/08/26 00:54:55.869, 160.83, 100, 6671
2026/08/26 00:54:56.870, 159.34, 98, 6671
2026/08/26 00:54:57.870, 159.92, 100, 6671
2026/08/26 00:54:58.870, 161.13, 100, 6671
2026/08/26 00:54:59.870, 159.63, 100, 6671
2026/08/26 00:55:00.870, 159.75, 100, 6671
2026/08/26 00:55:01.870, 160.64, 100, 6671
2026/08/26 00:55:02.871, 159.88, 100, 6671
2026/08/26 00:55:03.871, 159.96, 100, 6671
2026/08/26 00:55:04.871, 160.70, 100, 6671
2026/08/26 00:55:05.871, 159.71, 100, 6671
2026/08/26 00:55:06.871, 159.79, 100, 6671
2026/08/26 00:55:07.871, 160.73, 100, 6671
2026/08/26 00:55:08.872, 160.25, 100, 6671
2026/08/26 00:55:09.872, 159.88, 100, 6671
2026/08/26 00:55:10.872, 160.31, 100, 6671
2026/08/26 00:55:11.872, 159.31, 100, 6671
2026/08/26 00:55:12.872, 160.20, 98, 6671
2026/08/26 00:55:13.872, 160.06, 100, 6671
2026/08/26 00:55:14.873, 159.20, 100, 6671
2026/08/26 00:55:15.873, 160.12, 98, 6671
2026/08/26 00:55:16.873, 160.57, 100, 6671
2026/08/26 00:55:17.873, 159.09, 100, 6671
2026/08/26 00:55:18.873, 160.06, 98, 6671
2026/08/26 00:55:19.874, 160.57, 100, 6671
2026/08/26 00:55:20.874, 159.10, 100, 6671
2026/08/26 00:55:21.874, 160.77, 98, 6671
2026/08/26 00:55:22.874, 160.76, 100, 6671
2026/08/26 00:55:23.874, 158.93, 100, 6671
2026/08/26 00:55:24.874, 160.01, 98, 6671
2026/08/26 00:55:25.875, 160.38, 100, 6671
2026/08/26 00:55:26.875, 159.24, 98, 6671
2026/08/26 00:55:27.875, 160.59, 100, 6671
2026/08/26 00:55:28.875, 161.42, 100, 6671
2026/08/26 00:55:29.875, 159.74, 99, 6671
2026/08/26 00:55:30.875, 160.04, 100, 6671
2026/08/26 00:55:31.876, 160.74, 100, 6671
2026/08/26 00:55:32.876, 159.47, 100, 6671
2026/08/26 00:55:33.876, 160.19, 100, 6671
2026/08/26 00:55:34.876, 161.00, 100, 6671
2026/08/26 00:55:35.876, 159.79, 100, 6671
2026/08/26 00:55:36.877, 159.85, 100, 6671
2026/08/26 00:55:37.877, 160.46, 100, 6671
2026/08/26 00:55:38.877, 159.88, 100, 6671
2026/08/26 00:55:39.877, 159.80, 100, 6671
2026/08/26 00:55:40.877, 160.88, 100, 6671
2026/08/26 00:55:41.877, 159.96, 100, 6671
2026/08/26 00:55:42.878, 159.74, 100, 6671
2026/08/26 00:55:43.878, 161.06, 100, 6671
2026/08/26 00:55:44.878, 159.54, 100, 6671
2026/08/26 00:55:45.878, 159.48, 99, 6671
2026/08/26 00:55:46.878, 160.91, 100, 6671
2026/08/26 00:55:47.878, 160.23, 100, 6671
2026/08/26 00:55:48.879, 159.48, 98, 6671
2026/08/26 00:55:49.879, 160.33, 100, 6671
2026/08/26 00:55:50.879, 159.94, 100, 6671
2026/08/26 00:55:51.879, 159.46, 98, 6671
2026/08/26 00:55:52.879, 160.30, 100, 6671
2026/08/26 00:55:53.880, 159.84, 100, 6671
2026/08/26 00:55:54.880, 159.36, 98, 6671
2026/08/26 00:55:55.880, 160.75, 100, 6671
2026/08/26 00:55:56.880, 160.26, 100, 6671
2026/08/26 00:55:57.880, 159.69, 98, 6671
2026/08/26 00:55:58.881, 160.26, 100, 6671
2026/08/26 00:55:59.881, 159.59, 100, 6671
2026/08/26 00:56:00.881, 159.20, 98, 6671
2026/08/26 00:56:01.881, 160.05, 100, 6671
2026/08/26 00:56:02.881, 159.83, 100, 6671
2026/08/26 00:56:03.881, 159.12, 98, 6671
2026/08/26 00:56:04.882, 160.57, 100, 6671
2026/08/26 00:56:05.882, 159.90, 100, 6671
2026/08/26 00:56:06.882, 159.20, 98, 6671
2026/08/26 00:56:07.882, 160.18, 100, 6671
2026/08/26 00:56:08.882, 161.06, 100, 6671
2026/08/26 00:56:09.882, 159.21, 98, 6671
2026/08/26 00:56:10.883, 160.21, 100, 6671
2026/08/26 00:56:11.883, 160.61, 100, 6671
2026/08/26 00:56:12.883, 159.13, 98, 6671
2026/08/26 00:56:13.883, 159.72, 100, 6671
2026/08/26 00:56:14.883, 160.35, 100, 6671
2026/08/26 00:56:15.883, 159.01, 98, 6671
2026/08/26 00:56:16.884, 159.79, 100, 6671
2026/08/26 00:56:17.884, 160.70, 100, 6671
2026/08/26 00:56:18.884, 159.09, 98, 6671
2026/08/26 00:56:19.893, 160.28, 100, 6671
2026/08/26 00:56:20.893, 160.84, 100, 6671
2026/08/26 00:56:21.893, 159.37, 99, 6671
2026/08/26 00:56:22.893, 159.47, 100, 6671
2026/08/26 00:56:23.893, 160.31, 100, 6671
2026/08/26 00:56:24.893, 159.60, 100, 6671
2026/08/26 00:56:25.894, 159.72, 100, 6671
2026/08/26 00:56:26.894, 160.37, 100, 6671
2026/08/26 00:56:27.894, 159.37, 100, 6671
2026/08/26 00:56:28.894, 159.63, 100, 6671
2026/08/26 00:56:29.894, 160.70, 100, 6671
2026/08/26 00:56:30.895, 159.77, 100, 6671
2026/08/26 00:56:31.895, 159.68, 100, 6671
2026/08/26 00:56:32.895, 161.00, 100, 6671
2026/08/26 00:56:33.895, 159.78, 100, 6671
2026/08/26 00:56:34.895, 159.38, 99, 6671
2026/08/26 00:56:35.896, 160.52, 100, 6671
2026/08/26 00:56:36.896, 160.08, 100, 6671
2026/08/26 00:56:37.896, 159.44, 98, 6671
2026/08/26 00:56:38.896, 159.99, 100, 6671
2026/08/26 00:56:39.896, 159.93, 100, 6671
2026/08/26 00:56:40.896, 159.46, 98, 6671
2026/08/26 00:56:41.897, 160.64, 100, 6671
2026/08/26 00:56:42.897, 160.26, 100, 6671
2026/08/26 00:56:43.897, 159.70, 98, 6671
2026/08/26 00:56:44.897, 160.54, 100, 6671
2026/08/26 00:56:45.897, 159.87, 100, 6671
2026/08/26 00:56:46.898, 159.35, 98, 6671
2026/08/26 00:56:47.898, 160.13, 100, 6671
2026/08/26 00:56:48.898, 160.27, 100, 6671
2026/08/26 00:56:49.898, 159.40, 98, 6671
2026/08/26 00:56:50.898, 159.92, 100, 6671
2026/08/26 00:56:51.898, 159.88, 100, 6671
2026/08/26 00:56:52.899, 159.24, 98, 6671
2026/08/26 00:56:53.899, 160.06, 100, 6671
2026/08/26 00:56:54.899, 159.96, 100, 6671
2026/08/26 00:56:55.899, 159.28, 98, 6671
2026/08/26 00:56:56.899, 159.83, 100, 6671
2026/08/26 00:56:57.899, 160.37, 100, 6671
2026/08/26 00:56:58.900, 158.85, 98, 6671
2026/08/26 00:56:59.900, 159.71, 100, 6671
2026/08/26 00:57:00.900, 159.97, 100, 6671
2026/08/26 00:57:01.900, 158.94, 98, 6671
2026/08/26 00:57:02.900, 159.68, 100, 6671
2026/08/26 00:57:03.900, 160.47, 100, 6671
2026/08/26 00:57:04.901, 159.04, 98, 6671
2026/08/26 00:57:05.901, 159.53, 100, 6671
2026/08/26 00:57:06.901, 160.43, 100, 6671
2026/08/26 00:57:07.901, 159.43, 100, 6671
2026/08/26 00:57:08.901, 159.63, 100, 6671
2026/08/26 00:57:09.902, 160.42, 100, 6671
2026/08/26 00:57:10.902, 159.55, 100, 6671
2026/08/26 00:57:11.902, 159.73, 100, 6671
2026/08/26 00:57:12.902, 160.90, 100, 6671
2026/08/26 00:57:13.902, 160.23, 100, 6671
2026/08/26 00:57:14.902, 159.72, 100, 6671
2026/08/26 00:57:15.903, 160.64, 100, 6671
2026/08/26 00:57:16.903, 159.77, 100, 6671
2026/08/26 00:57:17.903, 159.40, 100, 6671
2026/08/26 00:57:18.903, 160.91, 100, 6671
2026/08/26 00:57:19.903, 159.93, 100, 6671
2026/08/26 00:57:20.903, 159.64, 100, 6671
2026/08/26 00:57:21.904, 160.40, 100, 6671
2026/08/26 00:57:22.904, 159.52, 100, 6671
2026/08/26 00:57:23.904, 159.22, 99, 6671
2026/08/26 00:57:24.904, 160.55, 100, 6671
2026/08/26 00:57:25.904, 159.44, 100, 6671
2026/08/26 00:57:26.905, 159.09, 98, 6671
2026/08/26 00:57:27.905, 160.48, 100, 6671
2026/08/26 00:57:28.905, 159.37, 100, 6671
2026/08/26 00:57:29.905, 158.88, 98, 6671
2026/08/26 00:57:30.905, 159.93, 100, 6671
2026/08/26 00:57:31.905, 160.01, 100, 6671
2026/08/26 00:57:32.906, 159.29, 98, 6671
2026/08/26 00:57:33.906, 159.90, 100, 6671
2026/08/26 00:57:34.906, 160.21, 100, 6671
2026/08/26 00:57:35.906, 159.20, 98, 6671
2026/08/26 00:57:36.906, 159.89, 100, 6671
2026/08/26 00:57:37.907, 160.16, 100, 6671
2026/08/26 00:57:38.907, 159.00, 98, 6671
2026/08/26 00:57:39.907, 159.95, 100, 6671
2026/08/26 00:57:40.907, 159.78, 100, 6671
2026/08/26 00:57:41.907, 158.93, 100, 6671
2026/08/26 00:57:42.907, 162.77, 99, 6671
2026/08/26 00:57:43.908, 162.95, 100, 6671
2026/08/26 00:57:44.908, 162.95, 100, 6671
2026/08/26 00:57:45.908, 162.90, 98, 6671
2026/08/26 00:57:46.908, 163.47, 100, 6671
2026/08/26 00:57:47.908, 164.20, 100, 6671
2026/08/26 00:57:48.908, 164.31, 100, 6671
2026/08/26 00:57:49.909, 164.21, 100, 6671
2026/08/26 00:57:50.909, 163.92, 100, 6671
2026/08/26 00:57:51.909, 163.19, 99, 6671
2026/08/26 00:57:52.909, 163.15, 100, 6671
2026/08/26 00:57:53.909, 163.12, 100, 6671
2026/08/26 00:57:54.910, 162.78, 99, 6671
2026/08/26 00:57:55.910, 163.03, 100, 6671
2026/08/26 00:57:56.910, 163.11, 100, 6671
2026/08/26 00:57:57.910, 163.26, 99, 6671
2026/08/26 00:57:58.910, 163.26, 100, 6671
2026/08/26 00:57:59.910, 163.04, 100, 6671
2026/08/26 00:58:00.911, 162.90, 99, 6671
2026/08/26 00:58:01.911, 162.91, 100, 6671
2026/08/26 00:58:02.911, 163.08, 100, 6671
2026/08/26 00:58:03.911, 163.10, 99, 6671
2026/08/26 00:58:04.911, 163.18, 100, 6671
2026/08/26 00:58:05.911, 163.19, 100, 6671
2026/08/26 00:58:06.912, 163.30, 99, 6671
2026/08/26 00:58:07.912, 163.17, 100, 6671
2026/08/26 00:58:08.912, 163.31, 100, 6671
2026/08/26 00:58:09.912, 163.36, 100, 6671
2026/08/26 00:58:10.912, 163.59, 100, 6671
2026/08/26 00:58:11.912, 163.28, 100, 6671
2026/08/26 00:58:12.913, 163.28, 100, 6671
2026/08/26 00:58:13.913, 163.58, 100, 6671
2026/08/26 00:58:14.913, 163.38, 100, 6671
2026/08/26 00:58:15.913, 163.39, 99, 6671
2026/08/26 00:58:16.913, 163.31, 100, 6671
2026/08/26 00:58:17.913, 163.30, 100, 6671
2026/08/26 00:58:18.914, 163.38, 100, 6671
2026/08/26 00:58:19.914, 163.25, 100, 6671
2026/08/26 00:58:20.914, 163.01, 100, 6671
2026/08/26 00:58:21.914, 163.01, 100, 6671
2026/08/26 00:58:22.914, 163.13, 100, 6671
2026/08/26 00:58:23.915, 163.09, 100, 6671
2026/08/26 00:58:24.915, 163.14, 100, 6671
2026/08/26 00:58:25.915, 163.01, 100, 6671
2026/08/26 00:58:26.915, 163.02, 100, 6671
2026/08/26 00:58:27.915, 163.13, 100, 6671
2026/08/26 00:58:28.915, 163.42, 100, 6671
2026/08/26 00:58:29.916, 163.23, 100, 6671
2026/08/26 00:58:30.916, 163.29, 100, 6671
2026/08/26 00:58:31.916, 163.07, 100, 6671
2026/08/26 00:58:32.916, 163.29, 99, 6671
2026/08/26 00:58:33.916, 163.26, 100, 6671
2026/08/26 00:58:34.916, 163.10, 100, 6671
2026/08/26 00:58:35.917, 163.10, 100, 6671
2026/08/26 00:58:36.917, 163.23, 100, 6671
2026/08/26 00:58:37.917, 163.25, 100, 6671
2026/08/26 00:58:38.917, 163.02, 99, 6671
2026/08/26 00:58:39.917, 163.07, 100, 6671
2026/08/26 00:58:40.917, 163.16, 100, 6671
2026/08/26 00:58:41.918, 162.95, 99, 6671
2026/08/26 00:58:42.918, 163.09, 100, 6671
2026/08/26 00:58:43.918, 163.25, 100, 6671
2026/08/26 00:58:44.918, 163.02, 99, 6671
2026/08/26 00:58:45.918, 163.17, 100, 6671
2026/08/26 00:58:46.919, 163.20, 100, 6671
2026/08/26 00:58:47.919, 163.07, 100, 6671
2026/08/26 00:58:48.919, 163.12, 100, 6671
2026/08/26 00:58:49.919, 163.07, 100, 6671
2026/08/26 00:58:50.919, 162.92, 100, 6671
2026/08/26 00:58:51.919, 163.02, 100, 6671
2026/08/26 00:58:52.920, 163.00, 100, 6671
2026/08/26 00:58:53.920, 163.16, 99, 6671
2026/08/26 00:58:54.920, 163.14, 100, 6671
2026/08/26 00:58:55.920, 163.00, 99, 6671
2026/08/26 00:58:56.920, 163.22, 99, 6671
2026/08/26 00:58:57.921, 163.12, 100, 6671
2026/08/26 00:58:58.921, 163.05, 99, 6671
2026/08/26 00:58:59.921, 163.01, 100, 6671
2026/08/26 00:59:00.921, 162.99, 100, 6671
2026/08/26 00:59:01.921, 163.03, 99, 6671
2026/08/26 00:59:02.921, 162.97, 100, 6671
2026/08/26 00:59:03.922, 163.14, 100, 6671
2026/08/26 00:59:04.922, 163.10, 100, 6671
2026/08/26 00:59:05.922, 163.17, 100, 6671
2026/08/26 00:59:06.922, 162.99, 100, 6671
2026/08/26 00:59:07.922, 163.01, 100, 6671
2026/08/26 00:59:08.922, 163.23, 100, 6671
2026/08/26 00:59:09.923, 163.26, 100, 6671
2026/08/26 00:59:10.923, 163.25, 100, 6671
2026/08/26 00:59:11.923, 163.43, 100, 6671
2026/08/26 00:59:12.923, 163.24, 100, 6671
2026/08/26 00:59:13.923, 163.19, 100, 6671
2026/08/26 00:59:14.924, 162.97, 100, 6671
2026/08/26 00:59:15.924, 163.05, 100, 6671
2026/08/26 00:59:16.924, 162.82, 99, 6671
2026/08/26 00:59:17.924, 157.22, 100, 6671
2026/08/26 00:59:18.924, 159.91, 100, 6671
2026/08/26 00:59:19.924, 159.10, 98, 6671
2026/08/26 00:59:20.925, 160.76, 100, 6671
2026/08/26 00:59:21.925, 160.14, 100, 6671
2026/08/26 00:59:22.925, 159.14, 98, 6671
2026/08/26 00:59:23.925, 160.49, 100, 6671
2026/08/26 00:59:24.925, 160.36, 100, 6671
2026/08/26 00:59:25.925, 159.19, 98, 6671
2026/08/26 00:59:26.926, 160.27, 100, 6671
2026/08/26 00:59:27.926, 160.79, 100, 6671
2026/08/26 00:59:28.926, 159.45, 100, 6671
2026/08/26 00:59:29.926, 159.52, 100, 6671
2026/08/26 00:59:30.926, 160.42, 100, 6671
2026/08/26 00:59:31.927, 159.31, 100, 6671
2026/08/26 00:59:32.927, 159.54, 100, 6671
2026/08/26 00:59:33.927, 161.03, 100, 6671
2026/08/26 00:59:34.927, 159.65, 100, 6671
2026/08/26 00:59:35.927, 159.59, 100, 6671
2026/08/26 00:59:36.927, 160.75, 100, 6671
2026/08/26 00:59:37.928, 159.76, 100, 6671
2026/08/26 00:59:38.928, 159.83, 100, 6671
2026/08/26 00:59:39.928, 160.49, 100, 6671
2026/08/26 00:59:40.928, 159.49, 100, 6671
2026/08/26 00:59:41.928, 159.55, 98, 6671
2026/08/26 00:59:42.928, 160.19, 100, 6671
2026/08/26 00:59:43.929, 160.16, 100, 6671
2026/08/26 00:59:44.929, 159.26, 97, 6671
2026/08/26 00:59:45.929, 160.52, 100, 6671
2026/08/26 00:59:46.929, 160.12, 100, 6671
2026/08/26 00:59:47.929, 159.20, 98, 6671
2026/08/26 00:59:48.929, 159.93, 100, 6671
2026/08/26 00:59:49.930, 159.69, 100, 6671
2026/08/26 00:59:50.930, 159.15, 98, 6671
2026/08/26 00:59:51.930, 159.90, 100, 6671
2026/08/26 00:59:52.930, 160.12, 100, 6671
2026/08/26 00:59:53.930, 159.18, 98, 6671
2026/08/26 00:59:54.930, 159.84, 100, 6671
2026/08/26 00:59:55.931, 160.00, 100, 6671
2026/08/26 00:59:56.931, 158.62, 98, 6671
2026/08/26 00:59:57.931, 159.72, 100, 6671
2026/08/26 00:59:58.931, 160.13, 100, 6671
2026/08/26 00:59:59.931, 158.93, 98, 6671
2026/08/26 01:00:00.932, 159.69, 100, 6671
2026/08/26 01:00:01.932, 160.20, 100, 6671
2026/08/26 01:00:02.932, 158.65, 98, 6671
2026/08/26 01:00:03.932, 160.38, 100, 6671
2026/08/26 01:00:04.932, 160.23, 100, 6671
2026/08/26 01:00:05.932, 158.70, 98, 6671
2026/08/26 01:00:06.933, 160.40, 100, 6671
2026/08/26 01:00:07.933, 160.07, 100, 6671
2026/08/26 01:00:08.933, 159.36, 99, 6671
2026/08/26 01:00:09.933, 159.46, 100, 6671
2026/08/26 01:00:10.933, 159.98, 100, 6671
2026/08/26 01:00:11.933, 159.27, 100, 6671
2026/08/26 01:00:12.934, 159.62, 100, 6671
2026/08/26 01:00:13.934, 160.77, 100, 6671
2026/08/26 01:00:14.934, 159.05, 100, 6671
2026/08/26 01:00:15.934, 159.48, 100, 6671
2026/08/26 01:00:16.934, 160.19, 100, 6671
2026/08/26 01:00:17.934, 159.75, 100, 6671
2026/08/26 01:00:18.934, 159.49, 100, 6671
2026/08/26 01:00:19.935, 160.63, 100, 6671
2026/08/26 01:00:20.935, 159.18, 100, 6671
2026/08/26 01:00:21.935, 159.12, 99, 6671
2026/08/26 01:00:22.935, 160.25, 100, 6671
2026/08/26 01:00:23.935, 159.47, 100, 6671
2026/08/26 01:00:24.935, 159.08, 98, 6671
2026/08/26 01:00:25.936, 160.06, 100, 6671
2026/08/26 01:00:26.936, 159.92, 100, 6671
2026/08/26 01:00:27.936, 159.09, 98, 6671
2026/08/26 01:00:28.936, 159.90, 100, 6671
2026/08/26 01:00:29.936, 159.80, 100, 6671
2026/08/26 01:00:30.936, 158.91, 98, 6671
2026/08/26 01:00:31.937, 159.77, 100, 6671
2026/08/26 01:00:32.937, 159.66, 100, 6671
2026/08/26 01:00:33.937, 159.07, 98, 6671
2026/08/26 01:00:34.937, 160.03, 100, 6671
2026/08/26 01:00:35.937, 159.57, 100, 6671
2026/08/26 01:00:36.937, 159.09, 98, 6671
2026/08/26 01:00:37.938, 159.90, 100, 6671
2026/08/26 01:00:38.938, 160.22, 100, 6671
2026/08/26 01:00:39.938, 159.12, 98, 6671
2026/08/26 01:00:40.938, 159.93, 100, 6671
2026/08/26 01:00:41.938, 159.78, 100, 6671
2026/08/26 01:00:42.938, 158.64, 98, 6671
2026/08/26 01:00:43.939, 159.65, 100, 6671
2026/08/26 01:00:44.939, 160.59, 100, 6671
2026/08/26 01:00:45.939, 158.51, 98, 6671
2026/08/26 01:00:46.939, 159.66, 100, 6671
2026/08/26 01:00:47.939, 159.58, 100, 6671
2026/08/26 01:00:48.939, 158.80, 98, 6671
2026/08/26 01:00:49.939, 159.64, 100, 6671
2026/08/26 01:00:50.940, 159.74, 100, 6671
2026/08/26 01:00:51.940, 158.59, 98, 6671
2026/08/26 01:00:52.940, 159.38, 100, 6671
2026/08/26 01:00:53.940, 160.00, 100, 6671
2026/08/26 01:00:54.940, 158.99, 98, 6671
2026/08/26 01:00:55.941, 160.33, 100, 6671
2026/08/26 01:00:56.941, 160.49, 100, 6671
2026/08/26 01:00:57.941, 159.06, 97, 6671
2026/08/26 01:00:58.941, 160.10, 100, 6671
2026/08/26 01:00:59.941, 160.55, 100, 6671
2026/08/26 01:01:00.941, 159.13, 99, 6671
2026/08/26 01:01:01.942, 159.14, 100, 6671
2026/08/26 01:01:02.942, 160.03, 100, 6671
2026/08/26 01:01:03.942, 159.65, 100, 6671
2026/08/26 01:01:04.942, 159.88, 100, 6671
2026/08/26 01:01:05.942, 160.57, 100, 6671
2026/08/26 01:01:06.943, 159.18, 100, 6671
2026/08/26 01:01:07.943, 159.16, 100, 6671
2026/08/26 01:01:08.943, 160.60, 100, 6671
2026/08/26 01:01:09.943, 159.11, 100, 6671
2026/08/26 01:01:10.943, 159.65, 100, 6671
2026/08/26 01:01:11.943, 161.21, 100, 6671
2026/08/26 01:01:12.944, 159.22, 100, 6671
2026/08/26 01:01:13.944, 159.01, 100, 6671
2026/08/26 01:01:14.944, 160.68, 100, 6671
2026/08/26 01:01:15.944, 158.95, 100, 6671
2026/08/26 01:01:16.944, 159.42, 100, 6671
2026/08/26 01:01:17.944, 160.53, 100, 6671
2026/08/26 01:01:18.945, 159.26, 100, 6671
2026/08/26 01:01:19.945, 159.05, 99, 6671
2026/08/26 01:01:20.945, 159.95, 100, 6671
2026/08/26 01:01:21.945, 159.58, 100, 6671
2026/08/26 01:01:22.945, 159.13, 98, 6671
2026/08/26 01:01:23.946, 159.85, 100, 6671
2026/08/26 01:01:24.946, 159.34, 100, 6671
2026/08/26 01:01:25.946, 158.62, 98, 6671
2026/08/26 01:01:26.946, 160.09, 100, 6671
2026/08/26 01:01:27.946, 159.33, 100, 6671
2026/08/26 01:01:28.946, 158.98, 98, 6671
2026/08/26 01:01:29.947, 159.70, 100, 6671
2026/08/26 01:01:30.947, 159.82, 100, 6671
2026/08/26 01:01:31.947, 158.98, 98, 6671
2026/08/26 01:01:32.947, 159.71, 100, 6671
2026/08/26 01:01:33.947, 159.96, 100, 6671
2026/08/26 01:01:34.947, 158.93, 98, 6671
2026/08/26 01:01:35.948, 159.90, 100, 6671
2026/08/26 01:01:36.948, 160.16, 100, 6671
2026/08/26 01:01:37.948, 158.76, 98, 6671
2026/08/26 01:01:38.948, 160.37, 100, 6671
2026/08/26 01:01:39.948, 160.41, 100, 6671
2026/08/26 01:01:40.948, 158.68, 98, 6671
2026/08/26 01:01:41.949, 160.06, 100, 6671
2026/08/26 01:01:42.949, 160.19, 100, 6671
2026/08/26 01:01:43.949, 158.71, 98, 6671
2026/08/26 01:01:44.949, 159.60, 100, 6671
2026/08/26 01:01:45.949, 159.62, 100, 6671
2026/08/26 01:01:46.950, 158.94, 98, 6671
2026/08/26 01:01:47.950, 159.57, 100, 6671
2026/08/26 01:01:48.950, 160.18, 100, 6671
2026/08/26 01:01:49.950, 158.61, 98, 6671
2026/08/26 01:01:50.950, 160.44, 100, 6671
2026/08/26 01:01:51.950, 160.22, 100, 6671
2026/08/26 01:01:52.951, 158.55, 98, 6671
2026/08/26 01:01:53.951, 159.54, 100, 6671
2026/08/26 01:01:54.951, 159.88, 100, 6671
2026/08/26 01:01:55.951, 158.92, 98, 6671
2026/08/26 01:01:56.951, 159.47, 100, 6671
2026/08/26 01:01:57.951, 160.44, 100, 6671
2026/08/26 01:01:58.952, 159.15, 100, 6671
2026/08/26 01:01:59.952, 159.62, 100, 6671
2026/08/26 01:02:00.952, 160.59, 100, 6671
2026/08/26 01:02:01.952, 159.43, 100, 6671
2026/08/26 01:02:02.952, 159.36, 100, 6671
2026/08/26 01:02:03.952, 160.22, 100, 6671
2026/08/26 01:02:04.953, 159.36, 100, 6671
2026/08/26 01:02:05.953, 159.49, 100, 6671
2026/08/26 01:02:06.953, 159.91, 100, 6671
2026/08/26 01:02:07.953, 159.39, 100, 6671
2026/08/26 01:02:08.953, 159.08, 100, 6671
2026/08/26 01:02:09.953, 160.65, 100, 6671
2026/08/26 01:02:10.954, 159.38, 100, 6671
2026/08/26 01:02:11.954, 159.15, 100, 6671
2026/08/26 01:02:12.954, 160.35, 100, 6671
2026/08/26 01:02:13.954, 159.82, 100, 6671
2026/08/26 01:02:14.954, 159.19, 98, 6671
2026/08/26 01:02:15.954, 159.96, 100, 6671
2026/08/26 01:02:16.955, 159.36, 100, 6671
2026/08/26 01:02:17.955, 159.41, 98, 6671
2026/08/26 01:02:18.955, 160.13, 100, 6671
2026/08/26 01:02:19.955, 159.73, 100, 6671
2026/08/26 01:02:20.955, 159.05, 98, 6671
2026/08/26 01:02:21.955, 159.85, 100, 6671
2026/08/26 01:02:22.956, 159.28, 100, 6671
2026/08/26 01:02:23.956, 159.22, 98, 6671
2026/08/26 01:02:24.956, 160.08, 100, 6671
2026/08/26 01:02:25.956, 159.43, 100, 6671
2026/08/26 01:02:26.956, 159.10, 98, 6671
2026/08/26 01:02:27.956, 160.24, 100, 6671
2026/08/26 01:02:28.956, 159.98, 100, 6671
2026/08/26 01:02:29.957, 159.14, 98, 6671
2026/08/26 01:02:30.957, 159.99, 100, 6671
2026/08/26 01:02:31.957, 160.10, 100, 6671
2026/08/26 01:02:32.957, 159.07, 98, 6671
2026/08/26 01:02:33.957, 159.74, 100, 6671
2026/08/26 01:02:34.957, 159.03, 99, 6671
2026/08/26 01:02:35.958, 164.02, 100, 6671
2026/08/26 01:02:36.958, 163.84, 100, 6671
2026/08/26 01:02:37.958, 164.04, 99, 6671
2026/08/26 01:02:38.958, 164.24, 100, 6671
2026/08/26 01:02:39.958, 164.01, 100, 6671
2026/08/26 01:02:40.958, 164.30, 100, 6671
2026/08/26 01:02:41.959, 164.21, 100, 6671
2026/08/26 01:02:42.959, 163.97, 100, 6671
2026/08/26 01:02:43.959, 163.79, 100, 6671
2026/08/26 01:02:44.959, 164.10, 100, 6671
2026/08/26 01:02:45.959, 164.01, 100, 6671
2026/08/26 01:02:46.959, 164.03, 100, 6671
2026/08/26 01:02:47.960, 164.00, 100, 6671
2026/08/26 01:02:48.960, 164.12, 100, 6671
2026/08/26 01:02:49.960, 164.12, 100, 6671
2026/08/26 01:02:50.960, 163.12, 100, 6671
2026/08/26 01:02:51.960, 162.94, 100, 6671
2026/08/26 01:02:52.960, 162.85, 100, 6671
2026/08/26 01:02:53.961, 162.66, 100, 6671
2026/08/26 01:02:54.961, 162.64, 100, 6671
2026/08/26 01:02:55.961, 162.63, 100, 6671
2026/08/26 01:02:56.961, 162.78, 99, 6671
2026/08/26 01:02:57.961, 162.74, 100, 6671
2026/08/26 01:02:58.961, 162.93, 100, 6671
2026/08/26 01:02:59.962, 162.86, 99, 6671
2026/08/26 01:03:00.962, 162.93, 100, 6671
2026/08/26 01:03:01.962, 162.90, 99, 6671
2026/08/26 01:03:02.962, 163.13, 99, 6671
2026/08/26 01:03:03.962, 162.83, 100, 6671
2026/08/26 01:03:04.962, 163.01, 100, 6671
2026/08/26 01:03:05.963, 162.78, 100, 6671
2026/08/26 01:03:06.963, 162.98, 100, 6671
2026/08/26 01:03:07.963, 162.87, 100, 6671
2026/08/26 01:03:08.963, 163.12, 100, 6671
2026/08/26 01:03:09.963, 162.93, 100, 6671
2026/08/26 01:03:10.963, 163.08, 100, 6671
2026/08/26 01:03:11.964, 162.98, 100, 6671
2026/08/26 01:03:12.964, 163.20, 100, 6671
2026/08/26 01:03:13.964, 163.00, 99, 6671
2026/08/26 01:03:14.964, 163.02, 100, 6671
2026/08/26 01:03:15.964, 163.30, 100, 6671
2026/08/26 01:03:16.964, 163.12, 99, 6671
2026/08/26 01:03:17.965, 162.94, 100, 6671
2026/08/26 01:03:18.965, 163.01, 100, 6671
2026/08/26 01:03:19.965, 162.97, 99, 6671
2026/08/26 01:03:20.965, 163.12, 99, 6671
2026/08/26 01:03:21.965, 163.14, 100, 6671
2026/08/26 01:03:22.965, 163.03, 100, 6671
2026/08/26 01:03:23.966, 163.04, 99, 6671
2026/08/26 01:03:24.966, 162.97, 100, 6671
2026/08/26 01:03:25.966, 162.93, 100, 6671
2026/08/26 01:03:26.966, 162.90, 99, 6671
2026/08/26 01:03:27.966, 163.12, 100, 6671
2026/08/26 01:03:28.967, 163.01, 100, 6671
2026/08/26 01:03:29.967, 162.90, 100, 6671
2026/08/26 01:03:30.967, 163.22, 100, 6671
2026/08/26 01:03:31.967, 162.97, 100, 6671
2026/08/26 01:03:32.967, 163.15, 99, 6671
2026/08/26 01:03:33.967, 163.26, 100, 6671
2026/08/26 01:03:34.968, 163.25, 100, 6671
2026/08/26 01:03:35.968, 163.01, 100, 6671
2026/08/26 01:03:36.968, 163.23, 100, 6671
2026/08/26 01:03:37.968, 162.98, 99, 6671
2026/08/26 01:03:38.968, 163.18, 99, 6671
2026/08/26 01:03:39.968, 163.30, 100, 6671
2026/08/26 01:03:40.969, 163.24, 99, 6671
2026/08/26 01:03:41.969, 163.21, 100, 6671
2026/08/26 01:03:42.969, 163.09, 100, 6671
2026/08/26 01:03:43.969, 163.06, 99, 6671
2026/08/26 01:03:44.969, 162.94, 100, 6671
2026/08/26 01:03:45.970, 163.06, 100, 6671
2026/08/26 01:03:46.970, 162.97, 99, 6671
2026/08/26 01:03:47.970, 163.07, 100, 6671
2026/08/26 01:03:48.970, 162.76, 100, 6671
2026/08/26 01:03:49.970, 162.93, 99, 6671
2026/08/26 01:03:50.970, 162.98, 100, 6671
2026/08/26 01:03:51.970, 163.09, 100, 6671
2026/08/26 01:03:52.971, 163.21, 99, 6671
2026/08/26 01:03:53.971, 162.98, 100, 6671
2026/08/26 01:03:54.971, 163.11, 100, 6671
2026/08/26 01:03:55.971, 163.19, 100, 6671
2026/08/26 01:03:56.971, 163.10, 100, 6671
2026/08/26 01:03:57.971, 162.97, 100, 6671
2026/08/26 01:03:58.972, 163.27, 100, 6671
2026/08/26 01:03:59.972, 163.13, 100, 6671
2026/08/26 01:04:00.972, 163.07, 100, 6671
2026/08/26 01:04:01.972, 162.96, 99, 6671
2026/08/26 01:04:02.972, 163.05, 100, 6671
2026/08/26 01:04:03.972, 163.19, 100, 6671
2026/08/26 01:04:04.972, 163.02, 100, 6671
2026/08/26 01:04:05.973, 163.24, 100, 6671
2026/08/26 01:04:06.973, 162.81, 100, 6671
2026/08/26 01:04:07.973, 162.86, 100, 6671
2026/08/26 01:04:08.973, 162.82, 100, 6671
2026/08/26 01:04:09.973, 162.84, 99, 6671
2026/08/26 01:04:10.973, 130.55, 0, 6671
2026/08/26 01:04:11.974, 28.00, 0, 6671
2026/08/26 01:04:12.974, 27.93, 0, 6671
