2026/08/26 03:05:51.023, 20.92, 0, 33
2026/08/26 03:05:52.027, 20.92, 0, 33
2026/08/26 03:05:53.027, 10.58, 0, 33
2026/08/26 03:05:54.027, 10.43, 0, 36
2026/08/26 03:05:55.030, 13.58, 0, 255
2026/08/26 03:05:56.030, 20.63, 0, 357
2026/08/26 03:05:57.031, 20.36, 0, 357
2026/08/26 03:05:58.031, 20.38, 0, 357
2026/08/26 03:05:59.031, 30.25, 100, 7079
2026/08/26 03:06:00.031, 131.31, 98, 7241
2026/08/26 03:06:01.031, 156.38, 98, 7241
2026/08/26 03:06:02.031, 156.13, 100, 7241
2026/08/26 03:06:03.032, 156.40, 100, 7241
2026/08/26 03:06:04.032, 156.53, 100, 7241
2026/08/26 03:06:05.032, 157.26, 100, 7241
2026/08/26 03:06:06.032, 157.24, 100, 7241
2026/08/26 03:06:07.032, 156.55, 98, 7241
2026/08/26 03:06:08.032, 156.66, 98, 7241
2026/08/26 03:06:09.033, 157.53, 100, 7241
2026/08/26 03:06:10.033, 158.01, 100, 7241
2026/08/26 03:06:11.033, 158.68, 100, 7241
2026/08/26 03:06:12.033, 157.40, 100, 7241
2026/08/26 03:06:13.033, 157.60, 100, 7241
2026/08/26 03:06:14.034, 156.44, 100, 7241
2026/08/26 03:06:15.034, 157.24, 98, 7241
2026/08/26 03:06:16.034, 157.63, 100, 7241
2026/08/26 03:06:17.034, 158.40, 100, 7241
2026/08/26 03:06:18.034, 157.80, 100, 7241
2026/08/26 03:06:19.034, 157.99, 100, 7241
2026/08/26 03:06:20.035, 157.56, 100, 7241
2026/08/26 03:06:21.035, 157.60, 100, 7241
2026/08/26 03:06:22.035, 158.02, 98, 7241
2026/08/26 03:06:23.035, 157.84, 98, 7241
2026/08/26 03:06:24.035, 158.23, 100, 7241
2026/08/26 03:06:25.036, 159.08, 100, 7241
2026/08/26 03:06:26.036, 158.71, 100, 7241
2026/08/26 03:06:27.036, 158.39, 100, 7241
2026/08/26 03:06:28.036, 158.30, 100, 7241
2026/08/26 03:06:29.036, 158.02, 98, 7241
2026/08/26 03:06:30.037, 158.24, 98, 7241
2026/08/26 03:06:31.037, 158.37, 100, 7241
2026/08/26 03:06:32.037, 159.17, 100, 7241
2026/08/26 03:06:33.037, 158.43, 100, 7241
2026/08/26 03:06:34.037, 158.70, 100, 7241
2026/08/26 03:06:35.037, 158.15, 100, 7241
2026/08/26 03:06:36.038, 158.37, 100, 7241
2026/08/26 03:06:37.038, 157.98, 98, 7241
2026/08/26 03:06:38.038, 158.69, 98, 7241
2026/08/26 03:06:39.038, 159.11, 100, 7241
2026/08/26 03:06:40.038, 159.50, 100, 7241
2026/08/26 03:06:41.039, 158.54, 100, 7241
2026/08/26 03:06:42.039, 158.63, 100, 7241
2026/08/26 03:06:43.039, 158.26, 100, 7241
2026/08/26 03:06:44.039, 158.15, 98, 7241
2026/08/26 03:06:45.039, 158.96, 99, 7241
2026/08/26 03:06:46.040, 159.12, 100, 7241
2026/08/26 03:06:47.040, 159.62, 100, 7241
2026/08/26 03:06:48.040, 159.34, 100, 7241
2026/08/26 03:06:49.040, 158.72, 100, 7241
2026/08/26 03:06:50.040, 158.50, 100, 7241
2026/08/26 03:06:51.040, 158.23, 100, 7241
2026/08/26 03:06:52.041, 158.31, 98, 7241
2026/08/26 03:06:53.041, 158.67, 98, 7241
2026/08/26 03:06:54.041, 159.02, 100, 7241
2026/08/26 03:06:55.041, 159.23, 100, 7241
2026/08/26 03:06:56.041, 158.55, 100, 7241
2026/08/26 03:06:57.042, 158.73, 100, 7241
2026/08/26 03:06:58.042, 158.50, 100, 7241
2026/08/26 03:06:59.042, 158.46, 100, 7241
2026/08/26 03:07:00.042, 158.17, 98, 7241
2026/08/26 03:07:01.042, 158.73, 100, 7241
2026/08/26 03:07:02.042, 159.01, 100, 7241
2026/08/26 03:07:03.043, 159.24, 100, 7241
2026/08/26 03:07:04.043, 158.68, 100, 7241
2026/08/26 03:07:05.043, 158.63, 100, 7241
2026/08/26 03:07:06.043, 158.55, 100, 7241
2026/08/26 03:07:07.043, 157.85, 98, 7241
2026/08/26 03:07:08.043, 158.84, 98, 7241
2026/08/26 03:07:09.044, 158.58, 100, 7241
2026/08/26 03:07:10.044, 159.53, 100, 7241
2026/08/26 03:07:11.044, 158.88, 100, 7241
2026/08/26 03:07:12.044, 158.79, 100, 7241
2026/08/26 03:07:13.044, 158.35, 100, 7241
2026/08/26 03:07:14.045, 158.46, 100, 7241
2026/08/26 03:07:15.045, 157.97, 98, 7241
2026/08/26 03:07:16.045, 158.34, 98, 7241
2026/08/26 03:07:17.045, 158.85, 100, 7241
2026/08/26 03:07:18.045, 159.31, 100, 7241
2026/08/26 03:07:19.045, 158.62, 100, 7241
2026/08/26 03:07:20.046, 158.87, 100, 7241
2026/08/26 03:07:21.046, 158.52, 100, 7241
2026/08/26 03:07:22.046, 158.38, 100, 7241
2026/08/26 03:07:23.046, 158.31, 98, 7241
2026/08/26 03:07:24.046, 159.13, 99, 7241
2026/08/26 03:07:25.047, 159.00, 100, 7241
2026/08/26 03:07:26.047, 159.41, 100, 7241
2026/08/26 03:07:27.047, 158.71, 100, 7241
2026/08/26 03:07:28.047, 158.57, 100, 7241
2026/08/26 03:07:29.047, 158.59, 100, 7241
2026/08/26 03:07:30.047, 158.41, 100, 7241
2026/08/26 03:07:31.048, 158.40, 98, 7241
2026/08/26 03:07:32.048, 158.28, 100, 7241
2026/08/26 03:07:33.048, 158.88, 100, 7241
2026/08/26 03:07:34.048, 159.27, 100, 7241
2026/08/26 03:07:35.048, 158.82, 100, 7241
2026/08/26 03:07:36.049, 158.58, 100, 7241
2026/08/26 03:07:37.049, 158.65, 100, 7241
2026/08/26 03:07:38.049, 158.58, 100, 7241
2026/08/26 03:07:39.049, 158.60, 99, 7241
2026/08/26 03:07:40.049, 158.98, 100, 7241
2026/08/26 03:07:41.049, 159.13, 100, 7241
2026/08/26 03:07:42.050, 159.56, 100, 7241
2026/08/26 03:07:43.050, 158.92, 100, 7241
2026/08/26 03:07:44.050, 159.14, 100, 7241
2026/08/26 03:07:45.050, 158.82, 100, 7241
2026/08/26 03:07:46.050, 158.37, 98, 7241
2026/08/26 03:07:47.051, 159.31, 98, 7241
2026/08/26 03:07:48.051, 159.88, 100, 7241
2026/08/26 03:07:49.051, 159.82, 100, 7241
2026/08/26 03:07:50.051, 159.61, 100, 7241
2026/08/26 03:07:51.051, 159.04, 100, 7241
2026/08/26 03:07:52.052, 158.77, 100, 7241
2026/08/26 03:07:53.052, 158.67, 100, 7241
2026/08/26 03:07:54.052, 158.32, 98, 7241
2026/08/26 03:07:55.052, 158.71, 98, 7241
2026/08/26 03:07:56.052, 159.13, 100, 7241
2026/08/26 03:07:57.052, 159.37, 100, 7241
2026/08/26 03:07:58.053, 159.16, 100, 7241
2026/08/26 03:07:59.053, 159.07, 100, 7241
2026/08/26 03:08:00.053, 158.98, 100, 7241
2026/08/26 03:08:01.053, 158.82, 100, 7241
2026/08/26 03:08:02.053, 158.38, 98, 7241
2026/08/26 03:08:03.053, 158.82, 98, 7241
2026/08/26 03:08:04.054, 159.18, 100, 7241
2026/08/26 03:08:05.054, 159.43, 100, 7241
2026/08/26 03:08:06.054, 159.33, 100, 7241
2026/08/26 03:08:07.054, 158.71, 100, 7241
2026/08/26 03:08:08.054, 158.93, 100, 7241
2026/08/26 03:08:09.055, 158.80, 100, 7241
2026/08/26 03:08:10.055, 158.92, 98, 7241
2026/08/26 03:08:11.055, 159.25, 100, 7241
2026/08/26 03:08:12.055, 159.82, 100, 7241
2026/08/26 03:08:13.055, 159.58, 100, 7241
2026/08/26 03:08:14.056, 159.01, 100, 7241
2026/08/26 03:08:15.056, 158.71, 100, 7241
2026/08/26 03:08:16.056, 158.88, 100, 7241
2026/08/26 03:08:17.056, 158.71, 100, 7241
2026/08/26 03:08:18.056, 158.74, 98, 7241
2026/08/26 03:08:19.056, 159.16, 100, 7241
2026/08/26 03:08:20.057, 159.37, 100, 7241
2026/08/26 03:08:21.057, 159.62, 100, 7241
2026/08/26 03:08:22.057, 158.97, 100, 7241
2026/08/26 03:08:23.057, 158.71, 100, 7241
2026/08/26 03:08:24.057, 158.80, 100, 7241
2026/08/26 03:08:25.057, 158.55, 98, 7241
2026/08/26 03:08:26.058, 159.15, 98, 7241
2026/08/26 03:08:27.058, 159.46, 100, 7241
2026/08/26 03:08:28.058, 159.83, 100, 7241
2026/08/26 03:08:29.058, 159.67, 100, 7241
2026/08/26 03:08:30.058, 158.86, 100, 7241
2026/08/26 03:08:31.059, 158.65, 100, 7241
2026/08/26 03:08:32.059, 158.79, 100, 7241
2026/08/26 03:08:33.059, 158.61, 98, 7241
2026/08/26 03:08:34.059, 159.07, 98, 7241
2026/08/26 03:08:35.059, 159.57, 100, 7241
2026/08/26 03:08:36.060, 159.25, 100, 7241
2026/08/26 03:08:37.060, 159.25, 100, 7241
2026/08/26 03:08:38.060, 158.76, 100, 7241
2026/08/26 03:08:39.060, 158.50, 100, 7241
2026/08/26 03:08:40.060, 158.73, 100, 7241
2026/08/26 03:08:41.061, 158.22, 98, 7241
2026/08/26 03:08:42.061, 159.05, 98, 7241
2026/08/26 03:08:43.061, 159.21, 100, 7241
2026/08/26 03:08:44.061, 159.23, 100, 7241
2026/08/26 03:08:45.061, 159.54, 100, 7241
2026/08/26 03:08:46.061, 159.01, 100, 7241
2026/08/26 03:08:47.062, 158.81, 100, 7241
2026/08/26 03:08:48.062, 158.90, 100, 7241
2026/08/26 03:08:49.062, 158.23, 98, 7241
2026/08/26 03:08:50.062, 158.57, 98, 7241
2026/08/26 03:08:51.062, 159.17, 100, 7241
2026/08/26 03:08:52.062, 159.79, 100, 7241
2026/08/26 03:08:53.063, 159.59, 100, 7241
2026/08/26 03:08:54.063, 158.80, 100, 7241
2026/08/26 03:08:55.063, 159.04, 100, 7241
2026/08/26 03:08:56.063, 158.72, 100, 7241
2026/08/26 03:08:57.063, 158.47, 98, 7241
2026/08/26 03:08:58.064, 158.89, 100, 7241
2026/08/26 03:08:59.064, 159.06, 100, 7241
2026/08/26 03:09:00.064, 159.56, 100, 7241
2026/08/26 03:09:01.064, 159.20, 100, 7241
2026/08/26 03:09:02.064, 158.59, 100, 7241
2026/08/26 03:09:03.064, 159.00, 100, 7241
2026/08/26 03:09:04.065, 158.44, 100, 7241
2026/08/26 03:09:05.065, 158.60, 98, 7241
2026/08/26 03:09:06.065, 159.47, 100, 7241
2026/08/26 03:09:07.065, 159.30, 100, 7241
2026/08/26 03:09:08.065, 159.57, 100, 7241
2026/08/26 03:09:09.065, 158.83, 100, 7241
2026/08/26 03:09:10.066, 158.88, 100, 7241
2026/08/26 03:09:11.066, 158.61, 100, 7241
2026/08/26 03:09:12.066, 158.43, 98, 7241
2026/08/26 03:09:13.066, 159.97, 99, 7241
2026/08/26 03:09:14.066, 158.92, 100, 7241
2026/08/26 03:09:15.067, 159.52, 100, 7241
2026/08/26 03:09:16.067, 159.32, 100, 7241
2026/08/26 03:09:17.067, 159.09, 100, 7241
2026/08/26 03:09:18.067, 158.88, 100, 7241
2026/08/26 03:09:19.067, 159.20, 100, 7241
2026/08/26 03:09:20.067, 158.43, 98, 7241
2026/08/26 03:09:21.068, 159.47, 98, 7241
2026/08/26 03:09:22.068, 158.89, 100, 7241
2026/08/26 03:09:23.068, 159.57, 100, 7241
2026/08/26 03:09:24.068, 159.24, 100, 7241
2026/08/26 03:09:25.068, 158.48, 100, 7241
2026/08/26 03:09:26.068, 158.35, 100, 7241
2026/08/26 03:09:27.069, 158.76, 100, 7241
2026/08/26 03:09:28.069, 157.23, 90, 7241
2026/08/26 03:09:29.069, 157.54, 100, 7241
2026/08/26 03:09:30.069, 158.97, 100, 7241
2026/08/26 03:09:31.069, 159.00, 100, 7241
2026/08/26 03:09:32.069, 159.13, 100, 7241
2026/08/26 03:09:33.070, 158.77, 100, 7241
2026/08/26 03:09:34.070, 158.50, 100, 7241
2026/08/26 03:09:35.070, 158.55, 100, 7241
2026/08/26 03:09:36.070, 158.41, 98, 7241
2026/08/26 03:09:37.070, 158.93, 100, 7241
2026/08/26 03:09:38.070, 159.74, 100, 7241
2026/08/26 03:09:39.071, 159.57, 100, 7241
2026/08/26 03:09:40.071, 158.75, 100, 7241
2026/08/26 03:09:41.071, 158.70, 100, 7241
2026/08/26 03:09:42.071, 158.63, 100, 7241
2026/08/26 03:09:43.071, 158.02, 98, 7241
2026/08/26 03:09:44.072, 151.06, 33, 7241
2026/08/26 03:09:45.072, 32.26, 0, 7241
2026/08/26 03:09:46.072, 61.36, 100, 7241
2026/08/26 03:09:47.072, 162.60, 99, 7241
2026/08/26 03:09:48.072, 163.37, 100, 7241
2026/08/26 03:09:49.072, 162.94, 100, 7241
2026/08/26 03:09:50.073, 162.25, 99, 7241
2026/08/26 03:09:51.073, 162.23, 100, 7241
2026/08/26 03:09:52.073, 162.56, 99, 7241
2026/08/26 03:09:53.073, 162.38, 100, 7241
2026/08/26 03:09:54.073, 162.37, 100, 7241
2026/08/26 03:09:55.073, 162.37, 99, 7241
2026/08/26 03:09:56.074, 162.39, 100, 7241
2026/08/26 03:09:57.074, 162.75, 100, 7241
2026/08/26 03:09:58.074, 162.77, 99, 7241
2026/08/26 03:09:59.074, 162.82, 100, 7241
2026/08/26 03:10:00.074, 162.89, 100, 7241
2026/08/26 03:10:01.075, 162.77, 99, 7241
2026/08/26 03:10:02.075, 162.88, 100, 7241
2026/08/26 03:10:03.075, 162.96, 100, 7241
2026/08/26 03:10:04.075, 162.82, 99, 7241
2026/08/26 03:10:05.075, 162.68, 100, 7241
2026/08/26 03:10:06.075, 163.03, 100, 7241
2026/08/26 03:10:07.076, 163.18, 100, 7241
2026/08/26 03:10:08.076, 163.12, 100, 7241
2026/08/26 03:10:09.076, 163.18, 100, 7241
2026/08/26 03:10:10.076, 162.99, 100, 7241
2026/08/26 03:10:11.076, 163.11, 100, 7241
2026/08/26 03:10:12.076, 162.95, 99, 7241
2026/08/26 03:10:13.077, 163.17, 100, 7241
2026/08/26 03:10:14.077, 163.18, 100, 7241
2026/08/26 03:10:15.077, 162.79, 99, 7241
2026/08/26 03:10:16.077, 163.27, 100, 7241
2026/08/26 03:10:17.077, 163.28, 100, 7241
2026/08/26 03:10:18.078, 163.25, 99, 7241
2026/08/26 03:10:19.078, 162.97, 100, 7241
2026/08/26 03:10:20.078, 162.95, 100, 7241
2026/08/26 03:10:21.078, 163.05, 99, 7241
2026/08/26 03:10:22.078, 163.24, 100, 7241
2026/08/26 03:10:23.079, 163.25, 100, 7241
2026/08/26 03:10:24.079, 162.81, 99, 7241
2026/08/26 03:10:25.079, 163.06, 100, 7241
2026/08/26 03:10:26.079, 162.80, 100, 7241
2026/08/26 03:10:27.079, 162.90, 100, 7241
2026/08/26 03:10:28.079, 163.12, 100, 7241
2026/08/26 03:10:29.080, 162.68, 99, 7241
2026/08/26 03:10:30.080, 162.94, 100, 7241
2026/08/26 03:10:31.080, 162.91, 100, 7241
2026/08/26 03:10:32.080, 163.07, 100, 7241
2026/08/26 03:10:33.080, 163.38, 100, 7241
2026/08/26 03:10:34.081, 163.14, 100, 7241
2026/08/26 03:10:35.081, 163.02, 99, 7241
2026/08/26 03:10:36.081, 163.04, 100, 7241
2026/08/26 03:10:37.081, 163.07, 100, 7241
2026/08/26 03:10:38.081, 162.93, 100, 7241
2026/08/26 03:10:39.081, 151.50, 100, 7241
2026/08/26 03:10:40.082, 158.50, 100, 7241
2026/08/26 03:10:41.082, 158.59, 100, 7241
2026/08/26 03:10:42.082, 158.31, 100, 7241
2026/08/26 03:10:43.082, 158.91, 100, 7241
2026/08/26 03:10:44.082, 159.04, 98, 7241
2026/08/26 03:10:45.082, 159.43, 100, 7241
2026/08/26 03:10:46.083, 158.63, 100, 7241
2026/08/26 03:10:47.083, 158.75, 100, 7241
2026/08/26 03:10:48.083, 158.56, 100, 7241
2026/08/26 03:10:49.083, 158.42, 100, 7241
2026/08/26 03:10:50.083, 158.52, 100, 7241
2026/08/26 03:10:51.084, 159.10, 100, 7241
2026/08/26 03:10:52.084, 159.41, 98, 7241
2026/08/26 03:10:53.084, 159.13, 100, 7241
2026/08/26 03:10:54.084, 159.30, 100, 7241
2026/08/26 03:10:55.084, 159.09, 100, 7241
2026/08/26 03:10:56.084, 159.19, 100, 7241
2026/08/26 03:10:57.084, 158.70, 100, 7241
2026/08/26 03:10:58.085, 158.34, 100, 7241
2026/08/26 03:10:59.085, 157.72, 90, 7241
2026/08/26 03:11:00.085, 159.39, 98, 7241
2026/08/26 03:11:01.085, 159.10, 100, 7241
2026/08/26 03:11:02.085, 159.17, 100, 7241
2026/08/26 03:11:03.085, 158.72, 100, 7241
2026/08/26 03:11:04.086, 158.64, 100, 7241
2026/08/26 03:11:05.086, 158.74, 100, 7241
2026/08/26 03:11:06.086, 158.63, 100, 7241
2026/08/26 03:11:07.086, 159.08, 100, 7241
2026/08/26 03:11:08.086, 159.08, 100, 7241
2026/08/26 03:11:09.087, 159.69, 100, 7241
2026/08/26 03:11:10.087, 159.16, 100, 7241
2026/08/26 03:11:11.087, 158.94, 100, 7241
2026/08/26 03:11:12.087, 159.26, 100, 7241
2026/08/26 03:11:13.087, 158.31, 98, 7241
2026/08/26 03:11:14.087, 159.42, 98, 7241
2026/08/26 03:11:15.088, 158.93, 100, 7241
2026/08/26 03:11:16.088, 158.86, 100, 7241
2026/08/26 03:11:17.088, 159.04, 100, 7241
2026/08/26 03:11:18.088, 158.78, 100, 7241
2026/08/26 03:11:19.088, 158.78, 100, 7241
2026/08/26 03:11:20.089, 159.15, 100, 7241
2026/08/26 03:11:21.089, 158.75, 98, 7241
2026/08/26 03:11:22.089, 159.59, 98, 7241
2026/08/26 03:11:23.089, 159.82, 100, 7241
2026/08/26 03:11:24.089, 159.60, 100, 7241
2026/08/26 03:11:25.089, 159.06, 100, 7241
2026/08/26 03:11:26.090, 159.10, 100, 7241
2026/08/26 03:11:27.090, 159.18, 100, 7241
2026/08/26 03:11:28.090, 158.94, 99, 7241
2026/08/26 03:11:29.090, 158.26, 90, 7241
2026/08/26 03:11:30.090, 159.66, 100, 7241
2026/08/26 03:11:31.090, 159.24, 100, 7241
2026/08/26 03:11:32.091, 159.61, 100, 7241
2026/08/26 03:11:33.091, 159.05, 100, 7241
2026/08/26 03:11:34.091, 158.72, 100, 7241
2026/08/26 03:11:35.091, 159.24, 100, 7241
2026/08/26 03:11:36.091, 158.34, 98, 7241
2026/08/26 03:11:37.092, 159.06, 98, 7241
2026/08/26 03:11:38.092, 159.61, 100, 7241
2026/08/26 03:11:39.092, 159.50, 100, 7241
2026/08/26 03:11:40.092, 159.25, 100, 7241
2026/08/26 03:11:41.092, 158.99, 100, 7241
2026/08/26 03:11:42.093, 159.29, 100, 7241
2026/08/26 03:11:43.093, 158.94, 100, 7241
2026/08/26 03:11:44.093, 159.41, 98, 7241
2026/08/26 03:11:45.093, 159.77, 99, 7241
2026/08/26 03:11:46.093, 159.32, 100, 7241
2026/08/26 03:11:47.094, 160.05, 100, 7241
2026/08/26 03:11:48.094, 159.35, 100, 7241
2026/08/26 03:11:49.094, 159.25, 100, 7241
2026/08/26 03:11:50.094, 158.65, 100, 7241
2026/08/26 03:11:51.094, 158.32, 100, 7241
2026/08/26 03:11:52.095, 158.62, 98, 7241
2026/08/26 03:11:53.095, 158.90, 100, 7241
2026/08/26 03:11:54.095, 159.83, 100, 7241
2026/08/26 03:11:55.095, 159.24, 100, 7241
2026/08/26 03:11:56.095, 159.28, 100, 7241
2026/08/26 03:11:57.096, 159.09, 100, 7241
2026/08/26 03:11:58.096, 158.71, 100, 7241
2026/08/26 03:11:59.096, 158.54, 98, 7241
2026/08/26 03:12:00.096, 158.14, 90, 7241
2026/08/26 03:12:01.096, 160.02, 100, 7241
2026/08/26 03:12:02.097, 160.25, 100, 7241
2026/08/26 03:12:03.097, 158.89, 100, 7241
2026/08/26 03:12:04.097, 159.35, 100, 7241
2026/08/26 03:12:05.097, 158.95, 100, 7241
2026/08/26 03:12:06.097, 158.76, 100, 7241
2026/08/26 03:12:07.097, 158.22, 98, 7241
2026/08/26 03:12:08.098, 159.53, 98, 7241
2026/08/26 03:12:09.098, 159.16, 100, 7241
2026/08/26 03:12:10.098, 159.66, 100, 7241
2026/08/26 03:12:11.098, 159.68, 100, 7241
2026/08/26 03:12:12.098, 158.86, 100, 7241
2026/08/26 03:12:13.099, 158.84, 100, 7241
2026/08/26 03:12:14.099, 159.04, 100, 7241
2026/08/26 03:12:15.099, 157.26, 98, 7241
2026/08/26 03:12:16.099, 158.61, 99, 7241
2026/08/26 03:12:17.099, 159.08, 100, 7241
2026/08/26 03:12:18.099, 159.11, 100, 7241
2026/08/26 03:12:19.100, 159.28, 100, 7241
2026/08/26 03:12:20.100, 158.04, 100, 7241
2026/08/26 03:12:21.100, 158.88, 100, 7241
2026/08/26 03:12:22.100, 158.97, 100, 7241
2026/08/26 03:12:23.100, 158.77, 98, 7241
2026/08/26 03:12:24.101, 159.87, 100, 7241
2026/08/26 03:12:25.101, 159.35, 100, 7241
2026/08/26 03:12:26.101, 159.53, 100, 7241
2026/08/26 03:12:27.101, 159.07, 100, 7241
2026/08/26 03:12:28.101, 159.39, 100, 7241
2026/08/26 03:12:29.101, 159.02, 100, 7241
2026/08/26 03:12:30.102, 157.88, 90, 7241
2026/08/26 03:12:31.102, 159.23, 98, 7241
2026/08/26 03:12:32.102, 159.49, 100, 7241
2026/08/26 03:12:33.102, 160.68, 100, 7241
2026/08/26 03:12:34.102, 160.15, 100, 7241
2026/08/26 03:12:35.103, 159.63, 100, 7241
2026/08/26 03:12:36.103, 159.25, 100, 7241
2026/08/26 03:12:37.103, 158.68, 100, 7241
2026/08/26 03:12:38.103, 158.50, 98, 7241
2026/08/26 03:12:39.103, 158.79, 100, 7241
2026/08/26 03:12:40.103, 159.22, 100, 7241
2026/08/26 03:12:41.104, 159.61, 100, 7241
2026/08/26 03:12:42.104, 158.81, 100, 7241
2026/08/26 03:12:43.104, 159.08, 100, 7241
2026/08/26 03:12:44.104, 158.94, 100, 7241
2026/08/26 03:12:45.104, 158.88, 99, 7241
2026/08/26 03:12:46.104, 158.98, 98, 7241
2026/08/26 03:12:47.105, 159.19, 100, 7241
2026/08/26 03:12:48.105, 159.56, 100, 7241
2026/08/26 03:12:49.105, 159.80, 100, 7241
2026/08/26 03:12:50.105, 159.28, 100, 7241
2026/08/26 03:12:51.105, 158.97, 100, 7241
2026/08/26 03:12:52.106, 159.24, 100, 7241
2026/08/26 03:12:53.106, 158.42, 96, 7241
2026/08/26 03:12:54.106, 159.35, 98, 7241
2026/08/26 03:12:55.106, 159.44, 100, 7241
2026/08/26 03:12:56.106, 159.64, 100, 7241
2026/08/26 03:12:57.106, 159.55, 100, 7241
2026/08/26 03:12:58.107, 159.20, 100, 7241
2026/08/26 03:12:59.107, 159.03, 100, 7241
2026/08/26 03:13:00.107, 159.01, 100, 7241
2026/08/26 03:13:01.107, 157.76, 98, 7241
2026/08/26 03:13:02.107, 159.15, 99, 7241
2026/08/26 03:13:03.108, 159.60, 100, 7241
2026/08/26 03:13:04.108, 159.53, 100, 7241
2026/08/26 03:13:05.108, 159.36, 100, 7241
2026/08/26 03:13:06.108, 159.03, 100, 7241
2026/08/26 03:13:07.108, 158.96, 100, 7241
2026/08/26 03:13:08.108, 158.85, 100, 7241
2026/08/26 03:13:09.109, 158.68, 98, 7241
2026/08/26 03:13:10.109, 159.88, 100, 7241
2026/08/26 03:13:11.109, 159.52, 100, 7241
2026/08/26 03:13:12.109, 159.75, 100, 7241
2026/08/26 03:13:13.109, 159.52, 100, 7241
2026/08/26 03:13:14.109, 159.31, 100, 7241
2026/08/26 03:13:15.110, 159.58, 100, 7241
2026/08/26 03:13:16.110, 159.01, 98, 7241
2026/08/26 03:13:17.110, 159.59, 99, 7241
2026/08/26 03:13:18.110, 159.19, 100, 7241
2026/08/26 03:13:19.110, 159.32, 100, 7241
2026/08/26 03:13:20.110, 159.37, 100, 7241
2026/08/26 03:13:21.111, 159.14, 100, 7241
2026/08/26 03:13:22.111, 159.48, 100, 7241
2026/08/26 03:13:23.111, 159.36, 100, 7241
2026/08/26 03:13:24.111, 158.90, 98, 7241
2026/08/26 03:13:25.111, 159.05, 100, 7241
2026/08/26 03:13:26.112, 159.76, 100, 7241
2026/08/26 03:13:27.112, 159.47, 100, 7241
2026/08/26 03:13:28.112, 160.22, 100, 7241
2026/08/26 03:13:29.112, 159.57, 100, 7241
2026/08/26 03:13:30.112, 159.44, 100, 7241
2026/08/26 03:13:31.112, 157.89, 99, 7241
2026/08/26 03:13:32.113, 158.80, 98, 7241
2026/08/26 03:13:33.113, 159.12, 100, 7241
2026/08/26 03:13:34.113, 159.46, 100, 7241
2026/08/26 03:13:35.113, 159.87, 100, 7241
2026/08/26 03:13:36.113, 158.91, 100, 7241
2026/08/26 03:13:37.113, 158.92, 100, 7241
2026/08/26 03:13:38.114, 159.05, 100, 7241
2026/08/26 03:13:39.114, 158.21, 98, 7241
2026/08/26 03:13:40.114, 158.74, 98, 7241
2026/08/26 03:13:41.114, 159.24, 100, 7241
2026/08/26 03:13:42.114, 159.39, 100, 7241
2026/08/26 03:13:43.115, 159.74, 100, 7241
2026/08/26 03:13:44.115, 159.33, 100, 7241
2026/08/26 03:13:45.115, 159.11, 100, 7241
2026/08/26 03:13:46.115, 158.86, 100, 7241
2026/08/26 03:13:47.115, 158.46, 98, 7241
2026/08/26 03:13:48.116, 158.66, 98, 7241
2026/08/26 03:13:49.116, 159.39, 100, 7241
2026/08/26 03:13:50.116, 159.95, 100, 7241
2026/08/26 03:13:51.116, 158.89, 100, 7241
2026/08/26 03:13:52.116, 158.95, 100, 7241
2026/08/26 03:13:53.117, 159.18, 100, 7241
2026/08/26 03:13:54.117, 158.98, 100, 7241
2026/08/26 03:13:55.117, 158.51, 97, 7241
2026/08/26 03:13:56.117, 158.86, 99, 7241
2026/08/26 03:13:57.117, 159.67, 100, 7241
2026/08/26 03:13:58.117, 159.53, 100, 7241
2026/08/26 03:13:59.118, 159.74, 100, 7241
2026/08/26 03:14:00.118, 159.26, 100, 7241
2026/08/26 03:14:01.118, 158.86, 100, 7241
2026/08/26 03:14:02.118, 158.13, 100, 7241
2026/08/26 03:14:03.119, 159.24, 98, 7241
2026/08/26 03:14:04.119, 159.60, 100, 7241
2026/08/26 03:14:05.119, 160.27, 100, 7241
2026/08/26 03:14:06.119, 159.72, 100, 7241
2026/08/26 03:14:07.119, 159.87, 100, 7241
2026/08/26 03:14:08.119, 159.18, 100, 7241
2026/08/26 03:14:09.120, 159.39, 100, 7241
2026/08/26 03:14:10.120, 158.56, 98, 7241
2026/08/26 03:14:11.120, 159.64, 98, 7241
2026/08/26 03:14:12.120, 158.99, 100, 7241
2026/08/26 03:14:13.120, 159.63, 100, 7241
2026/08/26 03:14:14.121, 159.79, 100, 7241
2026/08/26 03:14:15.121, 159.57, 100, 7241
2026/08/26 03:14:16.121, 159.35, 100, 7241
2026/08/26 03:14:17.121, 159.08, 100, 7241
2026/08/26 03:14:18.121, 158.43, 98, 7241
2026/08/26 03:14:19.122, 158.93, 98, 7241
2026/08/26 03:14:20.122, 159.27, 100, 7241
2026/08/26 03:14:21.122, 160.20, 100, 7241
2026/08/26 03:14:22.122, 159.54, 100, 7241
2026/08/26 03:14:23.122, 159.43, 100, 7241
2026/08/26 03:14:24.122, 159.79, 100, 7241
2026/08/26 03:14:25.123, 162.76, 100, 7241
2026/08/26 03:14:26.123, 162.73, 100, 7241
2026/08/26 03:14:27.123, 162.95, 100, 7241
2026/08/26 03:14:28.123, 162.63, 98, 7241
2026/08/26 03:14:29.123, 162.99, 100, 7241
2026/08/26 03:14:30.123, 163.12, 100, 7241
2026/08/26 03:14:31.124, 163.09, 100, 7241
2026/08/26 03:14:32.124, 162.93, 100, 7241
2026/08/26 03:14:33.124, 162.86, 99, 7241
2026/08/26 03:14:34.124, 163.08, 100, 7241
2026/08/26 03:14:35.124, 163.23, 100, 7241
2026/08/26 03:14:36.125, 163.20, 99, 7241
2026/08/26 03:14:37.125, 163.12, 100, 7241
2026/08/26 03:14:38.125, 163.02, 100, 7241
2026/08/26 03:14:39.125, 163.14, 99, 7241
2026/08/26 03:14:40.125, 163.26, 100, 7241
2026/08/26 03:14:41.125, 163.16, 100, 7241
2026/08/26 03:14:42.126, 163.20, 100, 7241
2026/08/26 03:14:43.126, 163.20, 100, 7241
2026/08/26 03:14:44.126, 163.33, 100, 7241
2026/08/26 03:14:45.126, 163.13, 100, 7241
2026/08/26 03:14:46.126, 163.17, 100, 7241
2026/08/26 03:14:47.127, 163.32, 100, 7241
2026/08/26 03:14:48.127, 163.03, 100, 7241
2026/08/26 03:14:49.127, 163.13, 100, 7241
2026/08/26 03:14:50.127, 163.42, 100, 7241
2026/08/26 03:14:51.127, 163.20, 100, 7241
2026/08/26 03:14:52.127, 162.89, 100, 7241
2026/08/26 03:14:53.128, 162.96, 99, 7241
2026/08/26 03:14:54.128, 163.00, 100, 7241
2026/08/26 03:14:55.128, 163.09, 100, 7241
2026/08/26 03:14:56.128, 163.09, 99, 7241
2026/08/26 03:14:57.128, 162.96, 100, 7241
2026/08/26 03:14:58.129, 163.19, 100, 7241
2026/08/26 03:14:59.129, 163.21, 99, 7241
2026/08/26 03:15:00.129, 163.12, 100, 7241
2026/08/26 03:15:01.129, 163.32, 100, 7241
2026/08/26 03:15:02.129, 162.95, 100, 7241
2026/08/26 03:15:03.129, 163.26, 100, 7241
2026/08/26 03:15:04.130, 162.85, 100, 7241
2026/08/26 03:15:05.130, 163.12, 99, 7241
2026/08/26 03:15:06.130, 163.31, 100, 7241
2026/08/26 03:15:07.130, 163.06, 100, 7241
2026/08/26 03:15:08.130, 163.02, 100, 7241
2026/08/26 03:15:09.131, 163.19, 100, 7241
2026/08/26 03:15:10.131, 163.41, 100, 7241
2026/08/26 03:15:11.131, 162.94, 100, 7241
2026/08/26 03:15:12.131, 163.00, 100, 7241
2026/08/26 03:15:13.131, 163.17, 99, 7241
2026/08/26 03:15:14.131, 163.24, 100, 7241
2026/08/26 03:15:15.132, 163.24, 100, 7241
2026/08/26 03:15:16.132, 156.65, 100, 7241
2026/08/26 03:15:17.132, 159.06, 100, 7241
2026/08/26 03:15:18.132, 158.93, 100, 7241
2026/08/26 03:15:19.132, 158.82, 100, 7241
2026/08/26 03:15:20.133, 158.90, 98, 7241
2026/08/26 03:15:21.133, 159.02, 100, 7241
2026/08/26 03:15:22.133, 159.60, 100, 7241
2026/08/26 03:15:23.133, 159.65, 100, 7241
2026/08/26 03:15:24.133, 159.63, 100, 7241
2026/08/26 03:15:25.133, 158.91, 100, 7241
2026/08/26 03:15:26.134, 158.84, 100, 7241
2026/08/26 03:15:27.134, 159.08, 98, 7241
2026/08/26 03:15:28.134, 159.63, 98, 7241
2026/08/26 03:15:29.134, 159.43, 100, 7241
2026/08/26 03:15:30.134, 160.19, 100, 7241
2026/08/26 03:15:31.135, 159.74, 100, 7241
2026/08/26 03:15:32.135, 158.55, 100, 7241
2026/08/26 03:15:33.135, 159.41, 100, 7241
2026/08/26 03:15:34.135, 158.94, 100, 7241
2026/08/26 03:15:35.135, 158.82, 98, 7241
2026/08/26 03:15:36.136, 160.06, 98, 7241
2026/08/26 03:15:37.136, 159.72, 100, 7241
2026/08/26 03:15:38.136, 160.21, 100, 7241
2026/08/26 03:15:39.136, 159.21, 100, 7241
2026/08/26 03:15:40.136, 158.27, 100, 7241
2026/08/26 03:15:41.136, 158.79, 100, 7241
2026/08/26 03:15:42.137, 159.26, 100, 7241
2026/08/26 03:15:43.137, 158.81, 99, 7241
2026/08/26 03:15:44.137, 159.37, 100, 7241
2026/08/26 03:15:45.137, 159.40, 100, 7241
2026/08/26 03:15:46.137, 159.44, 100, 7241
2026/08/26 03:15:47.138, 159.59, 100, 7241
2026/08/26 03:15:48.138, 158.95, 100, 7241
2026/08/26 03:15:49.138, 159.52, 100, 7241
2026/08/26 03:15:50.138, 159.13, 99, 7241
2026/08/26 03:15:51.138, 159.14, 98, 7241
2026/08/26 03:15:52.139, 159.17, 100, 7241
2026/08/26 03:15:53.139, 160.05, 100, 7241
2026/08/26 03:15:54.139, 159.83, 100, 7241
2026/08/26 03:15:55.139, 159.15, 100, 7241
2026/08/26 03:15:56.139, 158.86, 100, 7241
2026/08/26 03:15:57.140, 159.47, 100, 7241
2026/08/26 03:15:58.140, 158.52, 98, 7241
2026/08/26 03:15:59.140, 159.12, 98, 7241
2026/08/26 03:16:00.140, 160.17, 100, 7241
2026/08/26 03:16:01.140, 160.38, 100, 7241
2026/08/26 03:16:02.140, 159.17, 100, 7241
2026/08/26 03:16:03.141, 158.29, 100, 7241
2026/08/26 03:16:04.141, 158.95, 100, 7241
2026/08/26 03:16:05.141, 158.90, 100, 7241
2026/08/26 03:16:06.141, 158.98, 98, 7241
2026/08/26 03:16:07.141, 159.32, 99, 7241
2026/08/26 03:16:08.141, 159.53, 100, 7241
2026/08/26 03:16:09.142, 159.65, 100, 7241
2026/08/26 03:16:10.142, 159.65, 100, 7241
2026/08/26 03:16:11.142, 159.09, 100, 7241
2026/08/26 03:16:12.142, 159.12, 100, 7241
2026/08/26 03:16:13.142, 159.22, 99, 7241
2026/08/26 03:16:14.143, 159.11, 98, 7241
2026/08/26 03:16:15.143, 159.20, 100, 7241
2026/08/26 03:16:16.143, 159.67, 100, 7241
2026/08/26 03:16:17.143, 159.39, 100, 7241
2026/08/26 03:16:18.143, 159.01, 100, 7241
2026/08/26 03:16:19.143, 159.08, 100, 7241
2026/08/26 03:16:20.144, 159.30, 100, 7241
2026/08/26 03:16:21.144, 158.74, 98, 7241
2026/08/26 03:16:22.144, 158.72, 98, 7241
2026/08/26 03:16:23.144, 159.53, 100, 7241
2026/08/26 03:16:24.144, 159.62, 100, 7241
2026/08/26 03:16:25.145, 159.11, 100, 7241
2026/08/26 03:16:26.145, 158.89, 100, 7241
2026/08/26 03:16:27.145, 159.05, 100, 7241
2026/08/26 03:16:28.145, 158.92, 100, 7241
2026/08/26 03:16:29.145, 158.96, 98, 7241
2026/08/26 03:16:30.146, 159.08, 100, 7241
2026/08/26 03:16:31.146, 159.82, 100, 7241
2026/08/26 03:16:32.146, 159.50, 100, 7241
2026/08/26 03:16:33.146, 158.44, 100, 7241
2026/08/26 03:16:34.146, 159.26, 100, 7241
2026/08/26 03:16:35.146, 159.04, 100, 7241
2026/08/26 03:16:36.147, 159.10, 100, 7241
2026/08/26 03:16:37.147, 159.05, 98, 7241
2026/08/26 03:16:38.147, 159.27, 100, 7241
2026/08/26 03:16:39.147, 159.55, 100, 7241
2026/08/26 03:16:40.147, 159.10, 100, 7241
2026/08/26 03:16:41.148, 159.13, 100, 7241
2026/08/26 03:16:42.148, 159.11, 100, 7241
2026/08/26 03:16:43.148, 159.14, 100, 7241
2026/08/26 03:16:44.148, 158.55, 98, 7241
2026/08/26 03:16:45.148, 159.19, 98, 7241
2026/08/26 03:16:46.149, 159.52, 100, 7241
2026/08/26 03:16:47.149, 159.79, 100, 7241
2026/08/26 03:16:48.149, 159.40, 100, 7241
2026/08/26 03:16:49.149, 159.02, 100, 7241
2026/08/26 03:16:50.149, 158.92, 100, 7241
2026/08/26 03:16:51.150, 158.73, 100, 7241
2026/08/26 03:16:52.150, 158.48, 98, 7241
2026/08/26 03:16:53.150, 159.18, 98, 7241
2026/08/26 03:16:54.150, 159.36, 100, 7241
2026/08/26 03:16:55.150, 159.20, 100, 7241
2026/08/26 03:16:56.150, 159.04, 100, 7241
2026/08/26 03:16:57.151, 158.66, 100, 7241
2026/08/26 03:16:58.151, 158.60, 100, 7241
2026/08/26 03:16:59.151, 159.08, 100, 7241
2026/08/26 03:17:00.151, 158.72, 98, 7241
2026/08/26 03:17:01.151, 159.11, 100, 7241
2026/08/26 03:17:02.151, 159.06, 100, 7241
2026/08/26 03:17:03.152, 159.46, 100, 7241
2026/08/26 03:17:04.152, 159.27, 100, 7241
2026/08/26 03:17:05.152, 158.69, 100, 7241
2026/08/26 03:17:06.152, 158.59, 100, 7241
2026/08/26 03:17:07.152, 158.52, 100, 7241
2026/08/26 03:17:08.153, 158.67, 98, 7241
2026/08/26 03:17:09.153, 158.72, 100, 7241
2026/08/26 03:17:10.153, 159.35, 100, 7241
2026/08/26 03:17:11.153, 159.43, 100, 7241
2026/08/26 03:17:12.153, 158.91, 100, 7241
2026/08/26 03:17:13.153, 158.67, 100, 7241
2026/08/26 03:17:14.154, 158.57, 100, 7241
2026/08/26 03:17:15.154, 158.04, 98, 7241
2026/08/26 03:17:16.154, 159.33, 98, 7241
2026/08/26 03:17:17.154, 158.89, 100, 7241
2026/08/26 03:17:18.155, 159.34, 100, 7241
2026/08/26 03:17:19.155, 159.54, 100, 7241
2026/08/26 03:17:20.155, 158.90, 100, 7241
2026/08/26 03:17:21.155, 158.99, 100, 7241
2026/08/26 03:17:22.155, 159.09, 100, 7241
2026/08/26 03:17:23.156, 158.67, 98, 7241
2026/08/26 03:17:24.156, 158.79, 98, 7241
2026/08/26 03:17:25.156, 159.43, 100, 7241
2026/08/26 03:17:26.156, 159.18, 100, 7241
2026/08/26 03:17:27.156, 158.95, 100, 7241
2026/08/26 03:17:28.156, 159.08, 100, 7241
2026/08/26 03:17:29.157, 158.69, 100, 7241
2026/08/26 03:17:30.157, 158.44, 100, 7241
2026/08/26 03:17:31.157, 158.38, 98, 7241
2026/08/26 03:17:32.157, 159.41, 100, 7241
2026/08/26 03:17:33.157, 159.82, 100, 7241
2026/08/26 03:17:34.158, 159.51, 100, 7241
2026/08/26 03:17:35.158, 159.40, 100, 7241
2026/08/26 03:17:36.158, 158.95, 100, 7241
2026/08/26 03:17:37.158, 158.86, 100, 7241
2026/08/26 03:17:38.158, 158.42, 98, 7241
2026/08/26 03:17:39.159, 158.72, 98, 7241
2026/08/26 03:17:40.159, 159.33, 100, 7241
2026/08/26 03:17:41.159, 159.80, 100, 7241
2026/08/26 03:17:42.159, 159.20, 100, 7241
2026/08/26 03:17:43.159, 159.30, 100, 7241
2026/08/26 03:17:44.160, 158.66, 100, 7241
2026/08/26 03:17:45.160, 158.48, 100, 7241
2026/08/26 03:17:46.160, 158.57, 98, 7241
2026/08/26 03:17:47.160, 159.06, 98, 7241
2026/08/26 03:17:48.160, 158.98, 100, 7241
2026/08/26 03:17:49.160, 159.16, 100, 7241
2026/08/26 03:17:50.161, 158.99, 100, 7241
2026/08/26 03:17:51.161, 158.87, 100, 7241
2026/08/26 03:17:52.161, 158.81, 100, 7241
2026/08/26 03:17:53.161, 158.96, 100, 7241
2026/08/26 03:17:54.162, 158.66, 98, 7241
2026/08/26 03:17:55.162, 159.11, 100, 7241
2026/08/26 03:17:56.162, 160.01, 100, 7241
2026/08/26 03:17:57.162, 159.29, 100, 7241
2026/08/26 03:17:58.162, 159.27, 100, 7241
2026/08/26 03:17:59.162, 159.03, 100, 7241
2026/08/26 03:18:00.163, 158.95, 100, 7241
2026/08/26 03:18:01.163, 158.69, 98, 7241
2026/08/26 03:18:02.163, 159.45, 98, 7241
2026/08/26 03:18:03.163, 159.04, 100, 7241
2026/08/26 03:18:04.163, 159.44, 100, 7241
2026/08/26 03:18:05.163, 159.20, 100, 7241
2026/08/26 03:18:06.164, 158.76, 100, 7241
2026/08/26 03:18:07.164, 158.94, 100, 7241
2026/08/26 03:18:08.164, 158.95, 100, 7241
2026/08/26 03:18:09.164, 158.62, 98, 7241
2026/08/26 03:18:10.164, 158.95, 100, 7241
2026/08/26 03:18:11.165, 159.34, 100, 7241
2026/08/26 03:18:12.165, 158.89, 100, 7241
2026/08/26 03:18:13.165, 159.20, 100, 7241
2026/08/26 03:18:14.165, 159.01, 100, 7241
2026/08/26 03:18:15.165, 158.75, 100, 7241
2026/08/26 03:18:16.166, 158.37, 98, 7241
2026/08/26 03:18:17.166, 158.62, 98, 7241
2026/08/26 03:18:18.166, 158.95, 100, 7241
2026/08/26 03:18:19.166, 159.52, 100, 7241
2026/08/26 03:18:20.166, 158.97, 100, 7241
2026/08/26 03:18:21.166, 159.14, 100, 7241
2026/08/26 03:18:22.167, 158.85, 100, 7241
2026/08/26 03:18:23.167, 158.55, 100, 7241
2026/08/26 03:18:24.167, 158.34, 98, 7241
2026/08/26 03:18:25.167, 158.61, 98, 7241
2026/08/26 03:18:26.167, 159.15, 100, 7241
2026/08/26 03:18:27.168, 159.74, 100, 7241
2026/08/26 03:18:28.168, 159.04, 100, 7241
2026/08/26 03:18:29.168, 158.78, 100, 7241
2026/08/26 03:18:30.168, 158.80, 100, 7241
2026/08/26 03:18:31.168, 158.46, 100, 7241
2026/08/26 03:18:32.169, 158.84, 98, 7241
2026/08/26 03:18:33.169, 158.79, 100, 7241
2026/08/26 03:18:34.169, 158.01, 100, 7241
2026/08/26 03:18:35.169, 159.62, 100, 7241
2026/08/26 03:18:36.169, 158.94, 100, 7241
2026/08/26 03:18:37.170, 158.87, 100, 7241
2026/08/26 03:18:38.170, 158.66, 100, 7241
2026/08/26 03:18:39.170, 158.45, 99, 7241
2026/08/26 03:18:40.170, 158.75, 98, 7241
2026/08/26 03:18:41.170, 158.84, 100, 7241
2026/08/26 03:18:42.170, 159.20, 100, 7241
2026/08/26 03:18:43.171, 159.37, 100, 7241
2026/08/26 03:18:44.171, 158.96, 100, 7241
2026/08/26 03:18:45.171, 158.71, 100, 7241
2026/08/26 03:18:46.171, 158.70, 100, 7241
2026/08/26 03:18:47.171, 158.33, 98, 7241
2026/08/26 03:18:48.172, 158.41, 98, 7241
2026/08/26 03:18:49.172, 158.78, 100, 7241
2026/08/26 03:18:50.172, 159.00, 100, 7241
2026/08/26 03:18:51.172, 159.27, 100, 7241
2026/08/26 03:18:52.172, 158.53, 100, 7241
2026/08/26 03:18:53.172, 158.49, 100, 7241
2026/08/26 03:18:54.173, 158.41, 100, 7241
2026/08/26 03:18:55.173, 158.18, 98, 7241
2026/08/26 03:18:56.173, 158.47, 99, 7241
2026/08/26 03:18:57.173, 158.99, 100, 7241
2026/08/26 03:18:58.173, 159.50, 100, 7241
2026/08/26 03:18:59.174, 159.10, 100, 7241
2026/08/26 03:19:00.174, 158.88, 100, 7241
2026/08/26 03:19:01.174, 157.83, 100, 7241
2026/08/26 03:19:02.174, 162.57, 100, 7241
2026/08/26 03:19:03.174, 162.44, 100, 7241
2026/08/26 03:19:04.175, 162.47, 100, 7241
2026/08/26 03:19:05.175, 162.64, 100, 7241
2026/08/26 03:19:06.175, 162.47, 99, 7241
2026/08/26 03:19:07.175, 162.53, 100, 7241
2026/08/26 03:19:08.175, 162.34, 100, 7241
2026/08/26 03:19:09.176, 162.71, 100, 7241
2026/08/26 03:19:10.176, 162.54, 100, 7241
2026/08/26 03:19:11.176, 162.43, 100, 7241
2026/08/26 03:19:12.176, 162.55, 100, 7241
2026/08/26 03:19:13.176, 162.48, 100, 7241
2026/08/26 03:19:14.176, 162.56, 100, 7241
2026/08/26 03:19:15.177, 162.44, 99, 7241
2026/08/26 03:19:16.177, 162.87, 100, 7241
2026/08/26 03:19:17.177, 162.62, 100, 7241
2026/08/26 03:19:18.177, 162.39, 99, 7241
2026/08/26 03:19:19.177, 162.46, 100, 7241
2026/08/26 03:19:20.178, 162.36, 100, 7241
2026/08/26 03:19:21.178, 162.66, 100, 7241
2026/08/26 03:19:22.178, 162.49, 100, 7241
2026/08/26 03:19:23.178, 162.63, 99, 7241
2026/08/26 03:19:24.178, 162.68, 100, 7241
2026/08/26 03:19:25.178, 162.56, 100, 7241
2026/08/26 03:19:26.179, 162.80, 100, 7241
2026/08/26 03:19:27.179, 163.03, 100, 7241
2026/08/26 03:19:28.179, 163.01, 100, 7241
2026/08/26 03:19:29.179, 162.67, 99, 7241
2026/08/26 03:19:30.179, 162.53, 100, 7241
2026/08/26 03:19:31.180, 162.63, 100, 7241
2026/08/26 03:19:32.180, 162.34, 99, 7241
2026/08/26 03:19:33.180, 162.71, 100, 7241
2026/08/26 03:19:34.180, 162.67, 100, 7241
2026/08/26 03:19:35.180, 162.62, 99, 7241
2026/08/26 03:19:36.180, 162.78, 100, 7241
2026/08/26 03:19:37.181, 162.88, 100, 7241
2026/08/26 03:19:38.181, 162.73, 99, 7241
2026/08/26 03:19:39.181, 162.64, 100, 7241
2026/08/26 03:19:40.181, 162.67, 100, 7241
2026/08/26 03:19:41.181, 162.82, 100, 7241
2026/08/26 03:19:42.182, 163.10, 100, 7241
2026/08/26 03:19:43.182, 162.79, 99, 7241
2026/08/26 03:19:44.182, 162.63, 100, 7241
2026/08/26 03:19:45.182, 162.89, 100, 7241
2026/08/26 03:19:46.182, 162.94, 100, 7241
2026/08/26 03:19:47.183, 163.02, 100, 7241
2026/08/26 03:19:48.183, 162.87, 100, 7241
2026/08/26 03:19:49.183, 162.63, 99, 7241
2026/08/26 03:19:50.183, 162.93, 100, 7241
2026/08/26 03:19:51.183, 162.93, 100, 7241
2026/08/26 03:19:52.183, 163.08, 99, 7241
2026/08/26 03:19:53.184, 162.89, 100, 7241
2026/08/26 03:19:54.184, 153.43, 100, 7241
2026/08/26 03:19:55.184, 158.89, 100, 7241
2026/08/26 03:19:56.184, 158.46, 98, 7241
2026/08/26 03:19:57.184, 159.33, 98, 7241
2026/08/26 03:19:58.185, 159.07, 100, 7241
2026/08/26 03:19:59.185, 159.70, 100, 7241
2026/08/26 03:20:00.185, 159.40, 100, 7241
2026/08/26 03:20:01.185, 158.86, 100, 7241
2026/08/26 03:20:02.185, 158.86, 100, 7241
2026/08/26 03:20:03.186, 158.65, 100, 7241
2026/08/26 03:20:04.186, 158.32, 98, 7241
2026/08/26 03:20:05.186, 157.82, 98, 7241
2026/08/26 03:20:06.186, 159.28, 100, 7241
2026/08/26 03:20:07.186, 159.76, 100, 7241
2026/08/26 03:20:08.186, 159.38, 100, 7241
2026/08/26 03:20:09.187, 159.07, 100, 7241
2026/08/26 03:20:10.187, 158.84, 100, 7241
2026/08/26 03:20:11.187, 159.00, 100, 7241
2026/08/26 03:20:12.187, 158.90, 98, 7241
2026/08/26 03:20:13.187, 158.88, 99, 7241
2026/08/26 03:20:14.187, 159.63, 100, 7241
2026/08/26 03:20:15.188, 159.26, 100, 7241
2026/08/26 03:20:16.188, 159.67, 100, 7241
2026/08/26 03:20:17.188, 159.17, 100, 7241
2026/08/26 03:20:18.188, 158.69, 100, 7241
2026/08/26 03:20:19.188, 158.86, 99, 7241
2026/08/26 03:20:20.189, 159.09, 98, 7241
2026/08/26 03:20:21.189, 158.40, 100, 7241
2026/08/26 03:20:22.189, 159.20, 100, 7241
2026/08/26 03:20:23.189, 159.48, 100, 7241
2026/08/26 03:20:24.189, 159.27, 100, 7241
2026/08/26 03:20:25.190, 159.15, 100, 7241
2026/08/26 03:20:26.190, 158.66, 100, 7241
2026/08/26 03:20:27.190, 158.07, 98, 7241
2026/08/26 03:20:28.190, 158.94, 98, 7241
2026/08/26 03:20:29.190, 159.05, 100, 7241
2026/08/26 03:20:30.190, 159.68, 100, 7241
2026/08/26 03:20:31.191, 159.67, 100, 7241
2026/08/26 03:20:32.191, 159.35, 100, 7241
2026/08/26 03:20:33.191, 159.69, 100, 7241
2026/08/26 03:20:34.191, 159.22, 98, 7241
2026/08/26 03:20:35.191, 159.16, 98, 7241
2026/08/26 03:20:36.192, 159.85, 100, 7241
2026/08/26 03:20:37.192, 159.05, 100, 7241
2026/08/26 03:20:38.192, 159.74, 100, 7241
2026/08/26 03:20:39.192, 158.91, 100, 7241
2026/08/26 03:20:40.192, 159.03, 100, 7241
2026/08/26 03:20:41.192, 159.33, 100, 7241
2026/08/26 03:20:42.193, 159.27, 98, 7241
2026/08/26 03:20:43.193, 159.48, 100, 7241
2026/08/26 03:20:44.193, 159.92, 100, 7241
2026/08/26 03:20:45.193, 159.82, 100, 7241
2026/08/26 03:20:46.193, 159.23, 100, 7241
2026/08/26 03:20:47.194, 159.32, 100, 7241
2026/08/26 03:20:48.194, 159.39, 100, 7241
2026/08/26 03:20:49.194, 157.35, 98, 7241
2026/08/26 03:20:50.194, 159.54, 98, 7241
2026/08/26 03:20:51.194, 159.34, 100, 7241
2026/08/26 03:20:52.194, 160.27, 100, 7241
2026/08/26 03:20:53.195, 159.68, 100, 7241
2026/08/26 03:20:54.195, 158.23, 100, 7241
2026/08/26 03:20:55.195, 159.32, 100, 7241
2026/08/26 03:20:56.195, 158.40, 100, 7241
2026/08/26 03:20:57.195, 158.41, 98, 7241
2026/08/26 03:20:58.196, 159.51, 98, 7241
2026/08/26 03:20:59.196, 159.36, 100, 7241
2026/08/26 03:21:00.196, 159.96, 100, 7241
2026/08/26 03:21:01.196, 159.54, 100, 7241
2026/08/26 03:21:02.196, 159.49, 100, 7241
2026/08/26 03:21:03.197, 159.24, 100, 7241
2026/08/26 03:21:04.197, 158.73, 98, 7241
2026/08/26 03:21:05.197, 157.37, 98, 7241
2026/08/26 03:21:06.197, 159.26, 100, 7241
2026/08/26 03:21:07.197, 159.79, 100, 7241
2026/08/26 03:21:08.197, 159.04, 100, 7241
2026/08/26 03:21:09.197, 159.27, 100, 7241
2026/08/26 03:21:10.198, 158.94, 100, 7241
2026/08/26 03:21:11.198, 158.75, 100, 7241
2026/08/26 03:21:12.198, 158.55, 98, 7241
2026/08/26 03:21:13.198, 158.57, 98, 7241
2026/08/26 03:21:14.198, 159.43, 100, 7241
2026/08/26 03:21:15.199, 159.66, 100, 7241
2026/08/26 03:21:16.199, 159.07, 100, 7241
2026/08/26 03:21:17.199, 159.01, 100, 7241
2026/08/26 03:21:18.199, 158.95, 100, 7241
2026/08/26 03:21:19.199, 158.64, 100, 7241
2026/08/26 03:21:20.200, 158.50, 98, 7241
2026/08/26 03:21:21.200, 158.60, 98, 7241
2026/08/26 03:21:22.200, 159.40, 100, 7241
2026/08/26 03:21:23.200, 159.81, 100, 7241
2026/08/26 03:21:24.200, 159.50, 100, 7241
2026/08/26 03:21:25.200, 159.09, 100, 7241
2026/08/26 03:21:26.201, 158.87, 100, 7241
2026/08/26 03:21:27.201, 158.65, 100, 7241
2026/08/26 03:21:28.201, 158.56, 98, 7241
2026/08/26 03:21:29.201, 158.71, 100, 7241
2026/08/26 03:21:30.201, 159.24, 100, 7241
2026/08/26 03:21:31.202, 160.48, 100, 7241
2026/08/26 03:21:32.202, 159.06, 100, 7241
2026/08/26 03:21:33.202, 158.67, 100, 7241
2026/08/26 03:21:34.202, 159.03, 100, 7241
2026/08/26 03:21:35.202, 158.84, 98, 7241
2026/08/26 03:21:36.202, 159.15, 98, 7241
2026/08/26 03:21:37.203, 159.62, 100, 7241
2026/08/26 03:21:38.203, 159.59, 100, 7241
2026/08/26 03:21:39.203, 159.98, 100, 7241
2026/08/26 03:21:40.203, 158.83, 100, 7241
2026/08/26 03:21:41.203, 159.16, 100, 7241
2026/08/26 03:21:42.203, 158.85, 100, 7241
2026/08/26 03:21:43.204, 158.68, 98, 7241
2026/08/26 03:21:44.204, 159.19, 100, 7241
2026/08/26 03:21:45.204, 159.35, 100, 7241
2026/08/26 03:21:46.204, 159.25, 100, 7241
2026/08/26 03:21:47.204, 159.35, 100, 7241
2026/08/26 03:21:48.205, 159.18, 100, 7241
2026/08/26 03:21:49.205, 159.19, 100, 7241
2026/08/26 03:21:50.205, 158.44, 98, 7241
2026/08/26 03:21:51.205, 158.74, 98, 7241
2026/08/26 03:21:52.205, 159.45, 100, 7241
2026/08/26 03:21:53.205, 159.93, 100, 7241
2026/08/26 03:21:54.206, 159.16, 100, 7241
2026/08/26 03:21:55.206, 159.33, 100, 7241
2026/08/26 03:21:56.206, 159.11, 100, 7241
2026/08/26 03:21:57.206, 158.83, 100, 7241
2026/08/26 03:21:58.206, 158.97, 98, 7241
2026/08/26 03:21:59.207, 159.68, 100, 7241
2026/08/26 03:22:00.207, 159.27, 100, 7241
2026/08/26 03:22:01.207, 159.45, 100, 7241
2026/08/26 03:22:02.207, 158.97, 100, 7241
2026/08/26 03:22:03.207, 158.85, 100, 7241
2026/08/26 03:22:04.208, 159.34, 100, 7241
2026/08/26 03:22:05.208, 158.52, 98, 7241
2026/08/26 03:22:06.208, 158.46, 98, 7241
2026/08/26 03:22:07.208, 159.07, 100, 7241
2026/08/26 03:22:08.208, 159.73, 100, 7241
2026/08/26 03:22:09.208, 159.26, 100, 7241
2026/08/26 03:22:10.209, 158.98, 100, 7241
2026/08/26 03:22:11.209, 158.80, 100, 7241
2026/08/26 03:22:12.209, 158.92, 100, 7241
2026/08/26 03:22:13.209, 158.59, 98, 7241
2026/08/26 03:22:14.209, 158.76, 98, 7241
2026/08/26 03:22:15.210, 159.29, 100, 7241
2026/08/26 03:22:16.210, 159.52, 100, 7241
2026/08/26 03:22:17.210, 159.03, 100, 7241
2026/08/26 03:22:18.210, 159.05, 100, 7241
2026/08/26 03:22:19.210, 158.75, 100, 7241
2026/08/26 03:22:20.210, 158.57, 100, 7241
2026/08/26 03:22:21.211, 158.51, 98, 7241
2026/08/26 03:22:22.211, 158.90, 100, 7241
2026/08/26 03:22:23.211, 159.11, 100, 7241
2026/08/26 03:22:24.211, 159.46, 100, 7241
2026/08/26 03:22:25.211, 159.32, 100, 7241
2026/08/26 03:22:26.211, 158.53, 100, 7241
2026/08/26 03:22:27.212, 158.77, 100, 7241
2026/08/26 03:22:28.212, 158.36, 98, 7241
2026/08/26 03:22:29.212, 158.48, 98, 7241
2026/08/26 03:22:30.212, 159.66, 100, 7241
2026/08/26 03:22:31.212, 160.07, 100, 7241
2026/08/26 03:22:32.213, 158.99, 100, 7241
2026/08/26 03:22:33.213, 159.01, 100, 7241
2026/08/26 03:22:34.213, 158.78, 100, 7241
2026/08/26 03:22:35.213, 158.52, 100, 7241
2026/08/26 03:22:36.213, 158.58, 98, 7241
2026/08/26 03:22:37.213, 158.54, 98, 7241
2026/08/26 03:22:38.214, 159.38, 100, 7241
2026/08/26 03:22:39.214, 159.77, 100, 7241
2026/08/26 03:22:40.214, 159.22, 100, 7241
2026/08/26 03:22:41.214, 158.79, 100, 7241
2026/08/26 03:22:42.214, 158.79, 100, 7241
2026/08/26 03:22:43.214, 158.76, 100, 7241
2026/08/26 03:22:44.215, 158.24, 97, 7241
2026/08/26 03:22:45.215, 159.32, 100, 7241
2026/08/26 03:22:46.215, 159.21, 100, 7241
2026/08/26 03:22:47.215, 159.02, 100, 7241
2026/08/26 03:22:48.215, 159.26, 100, 7241
2026/08/26 03:22:49.215, 158.61, 100, 7241
2026/08/26 03:22:50.216, 158.51, 100, 7241
2026/08/26 03:22:51.216, 158.14, 98, 7241
2026/08/26 03:22:52.216, 159.26, 98, 7241
2026/08/26 03:22:53.216, 158.85, 100, 7241
2026/08/26 03:22:54.216, 159.44, 100, 7241
2026/08/26 03:22:55.216, 159.33, 100, 7241
2026/08/26 03:22:56.217, 159.03, 100, 7241
2026/08/26 03:22:57.217, 158.69, 100, 7241
2026/08/26 03:22:58.217, 158.37, 100, 7241
2026/08/26 03:22:59.217, 158.25, 98, 7241
2026/08/26 03:23:00.217, 158.46, 98, 7241
2026/08/26 03:23:01.218, 159.20, 100, 7241
2026/08/26 03:23:02.218, 159.60, 100, 7241
2026/08/26 03:23:03.218, 159.35, 100, 7241
2026/08/26 03:23:04.218, 159.00, 100, 7241
2026/08/26 03:23:05.218, 158.84, 100, 7241
2026/08/26 03:23:06.219, 159.03, 100, 7241
2026/08/26 03:23:07.219, 158.67, 98, 7241
2026/08/26 03:23:08.219, 158.96, 100, 7241
2026/08/26 03:23:09.219, 159.51, 100, 7241
2026/08/26 03:23:10.219, 159.68, 100, 7241
2026/08/26 03:23:11.219, 159.30, 100, 7241
2026/08/26 03:23:12.220, 158.70, 100, 7241
2026/08/26 03:23:13.220, 159.10, 100, 7241
2026/08/26 03:23:14.220, 158.43, 98, 7241
2026/08/26 03:23:15.220, 159.38, 98, 7241
2026/08/26 03:23:16.220, 158.58, 100, 7241
2026/08/26 03:23:17.221, 159.65, 100, 7241
2026/08/26 03:23:18.221, 159.51, 100, 7241
2026/08/26 03:23:19.221, 159.05, 100, 7241
2026/08/26 03:23:20.221, 158.84, 100, 7241
2026/08/26 03:23:21.230, 159.30, 100, 7241
2026/08/26 03:23:22.230, 158.90, 98, 7241
2026/08/26 03:23:23.230, 158.82, 98, 7241
2026/08/26 03:23:24.230, 159.36, 100, 7241
2026/08/26 03:23:25.230, 159.91, 100, 7241
2026/08/26 03:23:26.239, 158.84, 100, 7241
2026/08/26 03:23:27.239, 158.93, 100, 7241
2026/08/26 03:23:28.239, 158.82, 100, 7241
2026/08/26 03:23:29.240, 159.04, 100, 7241
2026/08/26 03:23:30.240, 158.84, 98, 7241
2026/08/26 03:23:31.240, 159.55, 100, 7241
2026/08/26 03:23:32.240, 159.60, 100, 7241
2026/08/26 03:23:33.240, 159.68, 100, 7241
2026/08/26 03:23:34.240, 159.16, 100, 7241
2026/08/26 03:23:35.241, 158.72, 100, 7241
2026/08/26 03:23:36.241, 158.62, 100, 7241
2026/08/26 03:23:37.241, 158.73, 98, 7241
2026/08/26 03:23:38.241, 157.15, 86, 7241
2026/08/26 03:23:39.241, 162.54, 100, 7241
2026/08/26 03:23:40.242, 162.65, 100, 7241
2026/08/26 03:23:41.242, 163.52, 99, 7241
2026/08/26 03:23:42.242, 163.57, 100, 7241
2026/08/26 03:23:43.242, 163.38, 100, 7241
2026/08/26 03:23:44.242, 163.52, 100, 7241
2026/08/26 03:23:45.243, 163.78, 100, 7241
2026/08/26 03:23:46.243, 163.11, 99, 7241
2026/08/26 03:23:47.243, 162.50, 100, 7241
2026/08/26 03:23:48.243, 162.51, 100, 7241
2026/08/26 03:23:49.243, 162.42, 99, 7241
2026/08/26 03:23:50.243, 162.67, 100, 7241
2026/08/26 03:23:51.244, 162.72, 100, 7241
2026/08/26 03:23:52.244, 162.69, 100, 7241
2026/08/26 03:23:53.244, 162.64, 100, 7241
2026/08/26 03:23:54.244, 162.61, 100, 7241
2026/08/26 03:23:55.244, 162.47, 100, 7241
2026/08/26 03:23:56.245, 162.41, 100, 7241
2026/08/26 03:23:57.245, 162.51, 99, 7241
2026/08/26 03:23:58.245, 162.62, 100, 7241
2026/08/26 03:23:59.245, 162.68, 100, 7241
2026/08/26 03:24:00.245, 162.67, 99, 7241
2026/08/26 03:24:01.246, 162.70, 100, 7241
2026/08/26 03:24:02.246, 162.42, 100, 7241
2026/08/26 03:24:03.246, 162.61, 99, 7241
2026/08/26 03:24:04.246, 162.79, 100, 7241
2026/08/26 03:24:05.246, 162.65, 100, 7241
2026/08/26 03:24:06.246, 162.74, 99, 7241
2026/08/26 03:24:07.247, 162.60, 100, 7241
2026/08/26 03:24:08.247, 162.57, 100, 7241
2026/08/26 03:24:09.247, 162.82, 99, 7241
2026/08/26 03:24:10.247, 162.85, 100, 7241
2026/08/26 03:24:11.247, 162.75, 100, 7241
2026/08/26 03:24:12.248, 162.61, 100, 7241
2026/08/26 03:24:13.248, 162.86, 100, 7241
2026/08/26 03:24:14.248, 162.76, 99, 7241
2026/08/26 03:24:15.248, 162.80, 100, 7241
2026/08/26 03:24:16.248, 162.51, 100, 7241
2026/08/26 03:24:17.248, 162.68, 99, 7241
2026/08/26 03:24:18.249, 162.57, 100, 7241
2026/08/26 03:24:19.249, 162.79, 100, 7241
2026/08/26 03:24:20.249, 162.88, 99, 7241
2026/08/26 03:24:21.249, 162.56, 100, 7241
2026/08/26 03:24:22.249, 162.65, 100, 7241
2026/08/26 03:24:23.250, 162.53, 99, 7241
2026/08/26 03:24:24.250, 162.74, 100, 7241
2026/08/26 03:24:25.250, 162.57, 100, 7241
2026/08/26 03:24:26.250, 162.60, 100, 7241
2026/08/26 03:24:27.250, 162.78, 100, 7241
2026/08/26 03:24:28.251, 162.62, 99, 7241
2026/08/26 03:24:29.251, 162.56, 100, 7241
2026/08/26 03:24:30.251, 162.80, 100, 7241
2026/08/26 03:24:31.251, 155.01, 100, 7241
2026/08/26 03:24:32.251, 159.42, 100, 7241
2026/08/26 03:24:33.251, 159.27, 100, 7241
2026/08/26 03:24:34.252, 158.89, 100, 7241
2026/08/26 03:24:35.252, 158.91, 100, 7241
2026/08/26 03:24:36.252, 158.51, 100, 7241
2026/08/26 03:24:37.252, 158.89, 100, 7241
2026/08/26 03:24:38.253, 159.33, 100, 7241
2026/08/26 03:24:39.253, 159.87, 100, 7241
2026/08/26 03:24:40.253, 159.25, 100, 7241
2026/08/26 03:24:41.253, 158.89, 100, 7241
2026/08/26 03:24:42.253, 158.76, 100, 7241
2026/08/26 03:24:43.254, 159.01, 100, 7241
2026/08/26 03:24:44.254, 158.52, 98, 7241
2026/08/26 03:24:45.254, 159.04, 98, 7241
2026/08/26 03:24:46.254, 159.21, 100, 7241
2026/08/26 03:24:47.254, 159.25, 100, 7241
2026/08/26 03:24:48.254, 159.67, 100, 7241
2026/08/26 03:24:49.255, 158.94, 100, 7241
2026/08/26 03:24:50.255, 158.74, 100, 7241
2026/08/26 03:24:51.255, 158.57, 100, 7241
2026/08/26 03:24:52.255, 158.75, 98, 7241
2026/08/26 03:24:53.255, 159.04, 100, 7241
2026/08/26 03:24:54.255, 159.45, 100, 7241
2026/08/26 03:24:55.256, 159.29, 100, 7241
2026/08/26 03:24:56.256, 159.33, 100, 7241
2026/08/26 03:24:57.256, 158.87, 100, 7241
2026/08/26 03:24:58.256, 158.95, 100, 7241
2026/08/26 03:24:59.256, 158.47, 98, 7241
2026/08/26 03:25:00.257, 158.80, 98, 7241
2026/08/26 03:25:01.257, 159.67, 100, 7241
2026/08/26 03:25:02.257, 160.04, 100, 7241
2026/08/26 03:25:03.257, 158.97, 100, 7241
2026/08/26 03:25:04.257, 158.78, 100, 7241
2026/08/26 03:25:05.258, 158.76, 100, 7241
2026/08/26 03:25:06.258, 158.66, 100, 7241
2026/08/26 03:25:07.258, 158.53, 98, 7241
2026/08/26 03:25:08.258, 158.92, 98, 7241
2026/08/26 03:25:09.258, 159.43, 100, 7241
2026/08/26 03:25:10.259, 159.23, 100, 7241
2026/08/26 03:25:11.259, 159.38, 100, 7241
2026/08/26 03:25:12.259, 158.94, 100, 7241
2026/08/26 03:25:13.259, 158.80, 100, 7241
2026/08/26 03:25:14.259, 158.40, 100, 7241
2026/08/26 03:25:15.260, 158.32, 98, 7241
2026/08/26 03:25:16.260, 158.62, 100, 7241
2026/08/26 03:25:17.260, 159.67, 100, 7241
2026/08/26 03:25:18.260, 159.16, 100, 7241
2026/08/26 03:25:19.260, 159.03, 100, 7241
2026/08/26 03:25:20.260, 158.56, 100, 7241
2026/08/26 03:25:21.261, 158.59, 100, 7241
2026/08/26 03:25:22.269, 158.09, 98, 7241
2026/08/26 03:25:23.270, 158.85, 98, 7241
2026/08/26 03:25:24.270, 159.11, 100, 7241
2026/08/26 03:25:25.270, 159.46, 100, 7241
2026/08/26 03:25:26.270, 159.26, 100, 7241
2026/08/26 03:25:27.270, 158.77, 100, 7241
2026/08/26 03:25:28.270, 158.77, 100, 7241
2026/08/26 03:25:29.271, 158.78, 100, 7241
2026/08/26 03:25:30.271, 158.36, 98, 7241
2026/08/26 03:25:31.271, 158.91, 98, 7241
2026/08/26 03:25:32.271, 159.16, 100, 7241
2026/08/26 03:25:33.271, 158.99, 100, 7241
2026/08/26 03:25:34.272, 158.71, 100, 7241
2026/08/26 03:25:35.272, 159.08, 100, 7241
2026/08/26 03:25:36.272, 158.95, 100, 7241
2026/08/26 03:25:37.272, 158.80, 100, 7241
2026/08/26 03:25:38.272, 158.85, 98, 7241
2026/08/26 03:25:39.273, 158.99, 100, 7241
2026/08/26 03:25:40.273, 159.90, 100, 7241
2026/08/26 03:25:41.273, 159.06, 100, 7241
2026/08/26 03:25:42.273, 158.96, 100, 7241
2026/08/26 03:25:43.273, 158.60, 100, 7241
2026/08/26 03:25:44.274, 158.85, 100, 7241
2026/08/26 03:25:45.274, 158.74, 98, 7241
2026/08/26 03:25:46.274, 158.79, 98, 7241
2026/08/26 03:25:47.274, 159.23, 100, 7241
2026/08/26 03:25:48.274, 159.32, 100, 7241
2026/08/26 03:25:49.274, 158.96, 100, 7241
2026/08/26 03:25:50.275, 158.58, 100, 7241
2026/08/26 03:25:51.275, 159.30, 100, 7241
2026/08/26 03:25:52.275, 158.62, 100, 7241
2026/08/26 03:25:53.275, 158.57, 98, 7241
2026/08/26 03:25:54.275, 158.72, 100, 7241
2026/08/26 03:25:55.276, 158.12, 100, 7241
2026/08/26 03:25:56.276, 158.81, 100, 7241
2026/08/26 03:25:57.276, 159.08, 100, 7241
2026/08/26 03:25:58.276, 158.74, 100, 7241
2026/08/26 03:25:59.276, 158.58, 100, 7241
2026/08/26 03:26:00.285, 158.77, 99, 7241
2026/08/26 03:26:01.285, 158.69, 98, 7241
2026/08/26 03:26:02.285, 158.83, 100, 7241
2026/08/26 03:26:03.285, 158.97, 100, 7241
2026/08/26 03:26:04.286, 158.76, 100, 7241
2026/08/26 03:26:05.286, 158.97, 100, 7241
2026/08/26 03:26:06.286, 158.52, 100, 7241
2026/08/26 03:26:07.286, 158.47, 100, 7241
2026/08/26 03:26:08.286, 157.79, 98, 7241
2026/08/26 03:26:09.286, 158.40, 98, 7241
2026/08/26 03:26:10.287, 159.14, 100, 7241
2026/08/26 03:26:11.287, 159.12, 100, 7241
2026/08/26 03:26:12.287, 159.17, 100, 7241
2026/08/26 03:26:13.287, 158.86, 100, 7241
2026/08/26 03:26:14.287, 158.55, 100, 7241
2026/08/26 03:26:15.288, 158.29, 100, 7241
2026/08/26 03:26:16.288, 158.17, 98, 7241
2026/08/26 03:26:17.288, 158.41, 98, 7241
2026/08/26 03:26:18.288, 158.97, 100, 7241
2026/08/26 03:26:19.288, 159.41, 100, 7241
2026/08/26 03:26:20.289, 158.77, 100, 7241
2026/08/26 03:26:21.289, 158.73, 100, 7241
2026/08/26 03:26:22.289, 158.49, 100, 7241
2026/08/26 03:26:23.289, 158.44, 100, 7241
2026/08/26 03:26:24.289, 158.32, 98, 7241
2026/08/26 03:26:25.290, 159.04, 100, 7241
2026/08/26 03:26:26.290, 159.35, 100, 7241
2026/08/26 03:26:27.290, 158.90, 100, 7241
2026/08/26 03:26:28.290, 159.22, 100, 7241
2026/08/26 03:26:29.290, 158.71, 100, 7241
2026/08/26 03:26:30.291, 158.79, 100, 7241
2026/08/26 03:26:31.291, 158.38, 98, 7241
2026/08/26 03:26:32.291, 158.54, 98, 7241
2026/08/26 03:26:33.291, 158.87, 100, 7241
2026/08/26 03:26:34.291, 159.40, 100, 7241
2026/08/26 03:26:35.291, 157.67, 100, 7241
2026/08/26 03:26:36.292, 159.01, 100, 7241
2026/08/26 03:26:37.292, 158.82, 100, 7241
2026/08/26 03:26:38.292, 158.50, 100, 7241
2026/08/26 03:26:39.292, 158.24, 98, 7241
2026/08/26 03:26:40.292, 158.75, 98, 7241
2026/08/26 03:26:41.293, 159.24, 100, 7241
2026/08/26 03:26:42.293, 159.37, 100, 7241
2026/08/26 03:26:43.293, 159.52, 100, 7241
2026/08/26 03:26:44.293, 158.81, 100, 7241
2026/08/26 03:26:45.293, 158.63, 100, 7241
2026/08/26 03:26:46.294, 158.79, 100, 7241
2026/08/26 03:26:47.294, 158.36, 98, 7241
2026/08/26 03:26:48.294, 158.61, 100, 7241
2026/08/26 03:26:49.294, 159.08, 100, 7241
2026/08/26 03:26:50.294, 159.51, 100, 7241
2026/08/26 03:26:51.295, 159.44, 100, 7241
2026/08/26 03:26:52.295, 158.76, 100, 7241
2026/08/26 03:26:53.295, 158.78, 100, 7241
2026/08/26 03:26:54.295, 158.44, 100, 7241
2026/08/26 03:26:55.295, 158.62, 98, 7241
2026/08/26 03:26:56.295, 158.58, 100, 7241
2026/08/26 03:26:57.296, 159.56, 100, 7241
2026/08/26 03:26:58.296, 159.60, 100, 7241
2026/08/26 03:26:59.296, 158.75, 100, 7241
2026/08/26 03:27:00.296, 158.85, 100, 7241
2026/08/26 03:27:01.296, 158.92, 100, 7241
2026/08/26 03:27:02.297, 158.32, 98, 7241
2026/08/26 03:27:03.297, 158.97, 98, 7241
2026/08/26 03:27:04.297, 158.90, 100, 7241
2026/08/26 03:27:05.297, 158.09, 100, 7241
2026/08/26 03:27:06.297, 159.53, 100, 7241
2026/08/26 03:27:07.297, 159.06, 100, 7241
2026/08/26 03:27:08.298, 158.97, 100, 7241
2026/08/26 03:27:09.298, 158.94, 100, 7241
2026/08/26 03:27:10.298, 158.25, 98, 7241
2026/08/26 03:27:11.298, 159.13, 98, 7241
2026/08/26 03:27:12.298, 159.01, 100, 7241
2026/08/26 03:27:13.299, 159.59, 100, 7241
2026/08/26 03:27:14.299, 158.98, 100, 7241
2026/08/26 03:27:15.299, 158.84, 100, 7241
2026/08/26 03:27:16.299, 158.95, 100, 7241
2026/08/26 03:27:17.299, 158.49, 100, 7241
2026/08/26 03:27:18.300, 158.34, 98, 7241
2026/08/26 03:27:19.300, 158.65, 98, 7241
2026/08/26 03:27:20.300, 159.34, 100, 7241
2026/08/26 03:27:21.300, 159.65, 100, 7241
2026/08/26 03:27:22.300, 158.49, 100, 7241
2026/08/26 03:27:23.300, 159.26, 100, 7241
2026/08/26 03:27:24.301, 158.90, 100, 7241
2026/08/26 03:27:25.301, 158.65, 100, 7241
2026/08/26 03:27:26.301, 158.70, 98, 7241
2026/08/26 03:27:27.301, 157.87, 98, 7241
2026/08/26 03:27:28.301, 159.68, 100, 7241
2026/08/26 03:27:29.301, 159.22, 100, 7241
2026/08/26 03:27:30.302, 158.79, 100, 7241
2026/08/26 03:27:31.302, 158.91, 100, 7241
2026/08/26 03:27:32.310, 158.60, 100, 7241
2026/08/26 03:27:33.311, 158.66, 100, 7241
2026/08/26 03:27:34.311, 158.52, 98, 7241
2026/08/26 03:27:35.311, 158.99, 100, 7241
2026/08/26 03:27:36.311, 159.37, 100, 7241
2026/08/26 03:27:37.320, 159.26, 100, 7241
2026/08/26 03:27:38.320, 159.25, 100, 7241
2026/08/26 03:27:39.320, 158.54, 100, 7241
2026/08/26 03:27:40.320, 158.71, 100, 7241
2026/08/26 03:27:41.320, 158.54, 98, 7241
2026/08/26 03:27:42.321, 158.79, 99, 7241
2026/08/26 03:27:43.321, 158.89, 100, 7241
2026/08/26 03:27:44.321, 159.58, 100, 7241
2026/08/26 03:27:45.321, 158.62, 100, 7241
2026/08/26 03:27:46.321, 158.59, 100, 7241
2026/08/26 03:27:47.322, 158.24, 100, 7241
2026/08/26 03:27:48.322, 157.89, 100, 7241
2026/08/26 03:27:49.322, 157.87, 98, 7241
2026/08/26 03:27:50.322, 158.36, 98, 7241
2026/08/26 03:27:51.322, 159.00, 100, 7241
2026/08/26 03:27:52.322, 159.48, 100, 7241
2026/08/26 03:27:53.331, 158.93, 100, 7241
2026/08/26 03:27:54.331, 158.58, 100, 7241
2026/08/26 03:27:55.331, 158.61, 100, 7241
2026/08/26 03:27:56.331, 158.65, 100, 7241
2026/08/26 03:27:57.332, 158.26, 98, 7241
2026/08/26 03:27:58.332, 158.43, 100, 7241
2026/08/26 03:27:59.332, 159.49, 100, 7241
2026/08/26 03:28:00.332, 159.17, 100, 7241
2026/08/26 03:28:01.332, 158.68, 100, 7241
2026/08/26 03:28:02.332, 158.55, 100, 7241
2026/08/26 03:28:03.341, 158.44, 100, 7241
2026/08/26 03:28:04.341, 157.86, 98, 7241
2026/08/26 03:28:05.341, 159.08, 98, 7241
2026/08/26 03:28:06.342, 158.83, 100, 7241
2026/08/26 03:28:07.342, 159.64, 100, 7241
2026/08/26 03:28:08.350, 158.72, 100, 7241
2026/08/26 03:28:09.351, 158.50, 100, 7241
2026/08/26 03:28:10.351, 158.46, 100, 7241
2026/08/26 03:28:11.351, 158.07, 98, 7241
2026/08/26 03:28:12.351, 158.32, 97, 7241
2026/08/26 03:28:13.351, 159.15, 100, 7241
2026/08/26 03:28:14.352, 159.42, 100, 7241
2026/08/26 03:28:15.352, 157.17, 100, 7241
2026/08/26 03:28:16.352, 162.65, 100, 7241
2026/08/26 03:28:17.352, 162.59, 100, 7241
2026/08/26 03:28:18.352, 162.51, 100, 7241
2026/08/26 03:28:19.352, 162.52, 99, 7241
2026/08/26 03:28:20.353, 162.57, 100, 7241
2026/08/26 03:28:21.353, 162.76, 100, 7241
2026/08/26 03:28:22.353, 162.41, 99, 7241
2026/08/26 03:28:23.353, 162.60, 100, 7241
2026/08/26 03:28:24.362, 162.69, 100, 7241
2026/08/26 03:28:25.362, 162.48, 99, 7241
2026/08/26 03:28:26.362, 162.68, 100, 7241
2026/08/26 03:28:27.362, 162.56, 99, 7241
2026/08/26 03:28:28.362, 162.54, 100, 7241
2026/08/26 03:28:29.371, 162.67, 100, 7241
2026/08/26 03:28:30.371, 162.56, 99, 7241
2026/08/26 03:28:31.371, 162.75, 100, 7241
2026/08/26 03:28:32.371, 162.67, 100, 7241
2026/08/26 03:28:33.372, 162.59, 100, 7241
2026/08/26 03:28:34.380, 162.45, 100, 7241
2026/08/26 03:28:35.380, 162.70, 100, 7241
2026/08/26 03:28:36.381, 162.62, 99, 7241
2026/08/26 03:28:37.381, 162.60, 100, 7241
2026/08/26 03:28:38.381, 162.73, 100, 7241
2026/08/26 03:28:39.390, 162.53, 99, 7241
2026/08/26 03:28:40.390, 162.72, 100, 7241
2026/08/26 03:28:41.390, 162.77, 100, 7241
2026/08/26 03:28:42.390, 162.70, 100, 7241
2026/08/26 03:28:43.390, 162.73, 100, 7241
2026/08/26 03:28:44.390, 162.59, 100, 7241
2026/08/26 03:28:45.391, 162.80, 99, 7241
2026/08/26 03:28:46.391, 162.71, 100, 7241
2026/08/26 03:28:47.391, 162.69, 99, 7241
2026/08/26 03:28:48.391, 162.86, 100, 7241
2026/08/26 03:28:49.391, 162.60, 100, 7241
2026/08/26 03:28:50.392, 162.62, 99, 7241
2026/08/26 03:28:51.392, 162.68, 100, 7241
2026/08/26 03:28:52.392, 162.92, 100, 7241
2026/08/26 03:28:53.392, 162.59, 99, 7241
2026/08/26 03:28:54.401, 162.70, 100, 7241
2026/08/26 03:28:55.401, 162.85, 100, 7241
2026/08/26 03:28:56.401, 162.99, 99, 7241
2026/08/26 03:28:57.401, 162.93, 100, 7241
2026/08/26 03:28:58.401, 162.84, 100, 7241
2026/08/26 03:28:59.402, 162.90, 99, 7241
2026/08/26 03:29:00.402, 162.89, 100, 7241
2026/08/26 03:29:01.402, 162.92, 100, 7241
2026/08/26 03:29:02.402, 162.91, 100, 7241
2026/08/26 03:29:03.402, 162.82, 100, 7241
2026/08/26 03:29:04.403, 162.89, 100, 7241
2026/08/26 03:29:05.403, 162.87, 100, 7241
2026/08/26 03:29:06.403, 162.80, 100, 7241
2026/08/26 03:29:07.403, 162.80, 99, 7241
2026/08/26 03:29:08.403, 154.15, 100, 7241
2026/08/26 03:29:09.404, 159.80, 100, 7241
2026/08/26 03:29:10.404, 158.89, 100, 7241
2026/08/26 03:29:11.412, 158.97, 100, 7241
2026/08/26 03:29:12.413, 159.05, 100, 7241
2026/08/26 03:29:13.413, 158.31, 98, 7241
2026/08/26 03:29:14.413, 159.31, 98, 7241
2026/08/26 03:29:15.413, 159.32, 100, 7241
2026/08/26 03:29:16.413, 159.49, 100, 7241
2026/08/26 03:29:17.414, 159.45, 100, 7241
2026/08/26 03:29:18.414, 158.77, 100, 7241
2026/08/26 03:29:19.414, 158.77, 100, 7241
2026/08/26 03:29:20.414, 158.96, 100, 7241
2026/08/26 03:29:21.414, 158.78, 98, 7241
2026/08/26 03:29:22.415, 159.58, 100, 7241
2026/08/26 03:29:23.415, 160.18, 100, 7241
2026/08/26 03:29:24.415, 159.83, 100, 7241
2026/08/26 03:29:25.415, 159.47, 100, 7241
2026/08/26 03:29:26.415, 159.10, 100, 7241
2026/08/26 03:29:27.416, 158.92, 100, 7241
2026/08/26 03:29:28.416, 158.35, 97, 7241
2026/08/26 03:29:29.416, 158.79, 98, 7241
2026/08/26 03:29:30.416, 159.71, 100, 7241
2026/08/26 03:29:31.416, 159.36, 100, 7241
2026/08/26 03:29:32.417, 159.19, 100, 7241
2026/08/26 03:29:33.417, 159.31, 100, 7241
2026/08/26 03:29:34.417, 158.81, 100, 7241
2026/08/26 03:29:35.417, 159.07, 100, 7241
2026/08/26 03:29:36.417, 158.92, 98, 7241
2026/08/26 03:29:37.418, 159.72, 99, 7241
2026/08/26 03:29:38.418, 159.70, 100, 7241
2026/08/26 03:29:39.426, 159.46, 100, 7241
2026/08/26 03:29:40.427, 159.49, 100, 7241
2026/08/26 03:29:41.427, 158.77, 100, 7241
2026/08/26 03:29:42.427, 158.91, 100, 7241
2026/08/26 03:29:43.427, 159.21, 99, 7241
2026/08/26 03:29:44.427, 158.87, 98, 7241
2026/08/26 03:29:45.428, 159.60, 100, 7241
2026/08/26 03:29:46.428, 160.12, 100, 7241
2026/08/26 03:29:47.428, 159.24, 100, 7241
2026/08/26 03:29:48.428, 158.81, 100, 7241
2026/08/26 03:29:49.428, 158.67, 100, 7241
2026/08/26 03:29:50.429, 158.84, 100, 7241
2026/08/26 03:29:51.429, 158.34, 98, 7241
2026/08/26 03:29:52.429, 159.68, 98, 7241
2026/08/26 03:29:53.429, 159.32, 100, 7241
2026/08/26 03:29:54.429, 159.46, 100, 7241
2026/08/26 03:29:55.430, 158.81, 100, 7241
2026/08/26 03:29:56.430, 158.86, 100, 7241
2026/08/26 03:29:57.430, 158.70, 100, 7241
2026/08/26 03:29:58.430, 158.95, 100, 7241
2026/08/26 03:29:59.430, 158.77, 98, 7241
2026/08/26 03:30:00.431, 158.80, 99, 7241
2026/08/26 03:30:01.431, 159.09, 100, 7241
2026/08/26 03:30:02.431, 159.19, 100, 7241
2026/08/26 03:30:03.431, 159.58, 100, 7241
2026/08/26 03:30:04.431, 158.76, 100, 7241
2026/08/26 03:30:05.432, 158.67, 100, 7241
2026/08/26 03:30:06.432, 158.81, 100, 7241
2026/08/26 03:30:07.432, 158.69, 98, 7241
2026/08/26 03:30:08.432, 159.72, 100, 7241
2026/08/26 03:30:09.432, 159.85, 100, 7241
2026/08/26 03:30:10.432, 159.29, 100, 7241
2026/08/26 03:30:11.433, 158.82, 100, 7241
2026/08/26 03:30:12.433, 158.94, 100, 7241
2026/08/26 03:30:13.433, 158.87, 100, 7241
2026/08/26 03:30:14.433, 158.43, 98, 7241
2026/08/26 03:30:15.433, 158.52, 98, 7241
2026/08/26 03:30:16.434, 159.26, 100, 7241
2026/08/26 03:30:17.434, 159.47, 100, 7241
2026/08/26 03:30:18.434, 158.77, 100, 7241
2026/08/26 03:30:19.434, 158.82, 100, 7241
2026/08/26 03:30:20.434, 158.59, 100, 7241
2026/08/26 03:30:21.435, 158.86, 100, 7241
2026/08/26 03:30:22.435, 158.49, 98, 7241
2026/08/26 03:30:23.435, 158.73, 98, 7241
2026/08/26 03:30:24.435, 159.37, 100, 7241
2026/08/26 03:30:25.435, 159.77, 100, 7241
2026/08/26 03:30:26.435, 158.89, 100, 7241
2026/08/26 03:30:27.436, 159.08, 100, 7241
2026/08/26 03:30:28.436, 159.07, 100, 7241
2026/08/26 03:30:29.436, 158.41, 100, 7241
2026/08/26 03:30:30.436, 158.79, 98, 7241
2026/08/26 03:30:31.436, 158.80, 100, 7241
2026/08/26 03:30:32.437, 159.20, 100, 7241
2026/08/26 03:30:33.437, 159.48, 100, 7241
2026/08/26 03:30:34.437, 159.07, 100, 7241
2026/08/26 03:30:35.437, 158.93, 100, 7241
2026/08/26 03:30:36.437, 158.56, 100, 7241
2026/08/26 03:30:37.437, 158.53, 98, 7241
2026/08/26 03:30:38.438, 158.64, 98, 7241
2026/08/26 03:30:39.438, 159.46, 100, 7241
2026/08/26 03:30:40.438, 159.44, 100, 7241
2026/08/26 03:30:41.438, 159.53, 100, 7241
2026/08/26 03:30:42.438, 158.85, 100, 7241
2026/08/26 03:30:43.439, 159.31, 100, 7241
2026/08/26 03:30:44.439, 158.76, 100, 7241
2026/08/26 03:30:45.439, 158.88, 98, 7241
2026/08/26 03:30:46.439, 159.16, 100, 7241
2026/08/26 03:30:47.439, 160.03, 100, 7241
2026/08/26 03:30:48.439, 159.15, 100, 7241
2026/08/26 03:30:49.440, 159.44, 100, 7241
2026/08/26 03:30:50.440, 158.73, 100, 7241
2026/08/26 03:30:51.440, 159.01, 100, 7241
2026/08/26 03:30:52.440, 158.29, 98, 7241
2026/08/26 03:30:53.440, 159.72, 98, 7241
2026/08/26 03:30:54.441, 159.29, 100, 7241
2026/08/26 03:30:55.441, 158.90, 100, 7241
2026/08/26 03:30:56.441, 159.25, 100, 7241
2026/08/26 03:30:57.441, 159.33, 100, 7241
2026/08/26 03:30:58.441, 159.26, 100, 7241
2026/08/26 03:30:59.441, 159.03, 100, 7241
2026/08/26 03:31:00.442, 158.67, 98, 7241
2026/08/26 03:31:01.442, 159.46, 100, 7241
2026/08/26 03:31:02.442, 160.06, 100, 7241
2026/08/26 03:31:03.442, 159.24, 100, 7241
2026/08/26 03:31:04.442, 159.57, 100, 7241
2026/08/26 03:31:05.443, 158.81, 100, 7241
2026/08/26 03:31:06.443, 158.33, 100, 7241
2026/08/26 03:31:07.443, 158.77, 98, 7241
2026/08/26 03:31:08.451, 159.06, 98, 7241
2026/08/26 03:31:09.452, 159.34, 100, 7241
2026/08/26 03:31:10.452, 159.42, 100, 7241
2026/08/26 03:31:11.452, 159.68, 100, 7241
2026/08/26 03:31:12.452, 158.81, 100, 7241
2026/08/26 03:31:13.452, 159.02, 100, 7241
2026/08/26 03:31:14.453, 158.59, 100, 7241
2026/08/26 03:31:15.453, 158.43, 98, 7241
2026/08/26 03:31:16.453, 158.92, 100, 7241
2026/08/26 03:31:17.453, 159.69, 100, 7241
2026/08/26 03:31:18.453, 159.87, 100, 7241
2026/08/26 03:31:19.453, 158.85, 100, 7241
2026/08/26 03:31:20.454, 158.94, 100, 7241
2026/08/26 03:31:21.454, 158.51, 100, 7241
2026/08/26 03:31:22.454, 158.41, 98, 7241
2026/08/26 03:31:23.454, 158.80, 98, 7241
2026/08/26 03:31:24.454, 159.29, 100, 7241
2026/08/26 03:31:25.455, 159.29, 100, 7241
2026/08/26 03:31:26.455, 159.56, 100, 7241
2026/08/26 03:31:27.455, 158.93, 100, 7241
2026/08/26 03:31:28.455, 159.01, 100, 7241
2026/08/26 03:31:29.455, 159.10, 100, 7241
2026/08/26 03:31:30.456, 158.58, 99, 7241
2026/08/26 03:31:31.456, 159.51, 98, 7241
2026/08/26 03:31:32.456, 159.31, 100, 7241
2026/08/26 03:31:33.456, 159.85, 100, 7241
2026/08/26 03:31:34.456, 158.92, 100, 7241
2026/08/26 03:31:35.457, 159.01, 100, 7241
2026/08/26 03:31:36.457, 158.53, 100, 7241
2026/08/26 03:31:37.457, 159.68, 99, 7241
2026/08/26 03:31:38.457, 157.74, 90, 7241
2026/08/26 03:31:39.457, 160.09, 100, 7241
2026/08/26 03:31:40.457, 159.79, 100, 7241
2026/08/26 03:31:41.458, 159.78, 100, 7241
2026/08/26 03:31:42.458, 158.93, 100, 7241
2026/08/26 03:31:43.458, 159.21, 100, 7241
2026/08/26 03:31:44.458, 159.21, 100, 7241
2026/08/26 03:31:45.458, 158.62, 98, 7241
2026/08/26 03:31:46.459, 159.09, 98, 7241
2026/08/26 03:31:47.459, 159.38, 100, 7241
2026/08/26 03:31:48.459, 159.96, 100, 7241
2026/08/26 03:31:49.459, 159.77, 100, 7241
2026/08/26 03:31:50.459, 158.84, 100, 7241
2026/08/26 03:31:51.460, 158.56, 100, 7241
2026/08/26 03:31:52.460, 158.49, 100, 7241
2026/08/26 03:31:53.460, 158.78, 98, 7241
2026/08/26 03:31:54.460, 157.89, 100, 7241
2026/08/26 03:31:55.460, 159.30, 100, 7241
2026/08/26 03:31:56.460, 158.68, 100, 7241
2026/08/26 03:31:57.461, 159.11, 100, 7241
2026/08/26 03:31:58.461, 158.96, 100, 7241
2026/08/26 03:31:59.461, 158.76, 100, 7241
2026/08/26 03:32:00.461, 157.92, 100, 7241
2026/08/26 03:32:01.461, 158.79, 98, 7241
2026/08/26 03:32:02.462, 159.30, 100, 7241
2026/08/26 03:32:03.462, 159.98, 100, 7241
2026/08/26 03:32:04.462, 159.43, 100, 7241
2026/08/26 03:32:05.462, 159.13, 100, 7241
2026/08/26 03:32:06.462, 159.29, 100, 7241
2026/08/26 03:32:07.462, 158.94, 100, 7241
2026/08/26 03:32:08.463, 158.81, 98, 7241
2026/08/26 03:32:09.463, 158.99, 99, 7241
2026/08/26 03:32:10.471, 159.05, 100, 7241
2026/08/26 03:32:11.472, 159.87, 100, 7241
2026/08/26 03:32:12.472, 159.57, 100, 7241
2026/08/26 03:32:13.472, 159.09, 100, 7241
2026/08/26 03:32:14.472, 159.68, 100, 7241
2026/08/26 03:32:15.472, 158.37, 98, 7241
2026/08/26 03:32:16.473, 158.40, 98, 7241
2026/08/26 03:32:17.473, 159.34, 100, 7241
2026/08/26 03:32:18.473, 159.94, 100, 7241
2026/08/26 03:32:19.473, 159.61, 100, 7241
2026/08/26 03:32:20.473, 159.30, 100, 7241
2026/08/26 03:32:21.475, 157.56, 100, 7241
2026/08/26 03:32:22.476, 158.62, 100, 7241
2026/08/26 03:32:23.476, 158.40, 98, 7241
2026/08/26 03:32:24.476, 158.93, 99, 7241
2026/08/26 03:32:25.476, 159.36, 100, 7241
2026/08/26 03:32:26.476, 159.75, 100, 7241
2026/08/26 03:32:27.476, 159.54, 100, 7241
2026/08/26 03:32:28.477, 158.77, 100, 7241
2026/08/26 03:32:29.477, 158.85, 100, 7241
2026/08/26 03:32:30.477, 158.79, 100, 7241
2026/08/26 03:32:31.477, 158.36, 98, 7241
2026/08/26 03:32:32.477, 159.17, 100, 7241
2026/08/26 03:32:33.478, 159.64, 100, 7241
2026/08/26 03:32:34.478, 158.81, 100, 7241
2026/08/26 03:32:35.478, 158.87, 100, 7241
2026/08/26 03:32:36.478, 159.22, 100, 7241
2026/08/26 03:32:37.478, 158.95, 100, 7241
2026/08/26 03:32:38.479, 159.28, 98, 7241
2026/08/26 03:32:39.479, 159.06, 98, 7241
2026/08/26 03:32:40.479, 159.35, 100, 7241
2026/08/26 03:32:41.479, 160.23, 100, 7241
2026/08/26 03:32:42.479, 160.31, 100, 7241
2026/08/26 03:32:43.480, 159.18, 100, 7241
2026/08/26 03:32:44.480, 159.45, 100, 7241
2026/08/26 03:32:45.480, 159.26, 100, 7241
2026/08/26 03:32:46.480, 158.94, 98, 7241
2026/08/26 03:32:47.480, 159.21, 100, 7241
2026/08/26 03:32:48.480, 159.60, 100, 7241
2026/08/26 03:32:49.481, 159.53, 100, 7241
2026/08/26 03:32:50.481, 159.62, 100, 7241
2026/08/26 03:32:51.481, 159.14, 100, 7241
2026/08/26 03:32:52.481, 158.86, 100, 7241
2026/08/26 03:32:53.481, 160.12, 99, 7241
2026/08/26 03:32:54.481, 162.66, 100, 7241
2026/08/26 03:32:55.482, 162.80, 100, 7241
2026/08/26 03:32:56.482, 162.49, 99, 7241
2026/08/26 03:32:57.482, 162.53, 100, 7241
2026/08/26 03:32:58.482, 162.73, 100, 7241
2026/08/26 03:32:59.482, 162.57, 99, 7241
2026/08/26 03:33:00.483, 162.54, 100, 7241
2026/08/26 03:33:01.483, 162.61, 100, 7241
2026/08/26 03:33:02.483, 162.45, 100, 7241
2026/08/26 03:33:03.483, 162.82, 100, 7241
2026/08/26 03:33:04.483, 162.62, 99, 7241
2026/08/26 03:33:05.483, 163.15, 100, 7241
2026/08/26 03:33:06.484, 163.15, 100, 7241
2026/08/26 03:33:07.484, 162.56, 99, 7241
2026/08/26 03:33:08.484, 162.63, 100, 7241
2026/08/26 03:33:09.484, 162.69, 100, 7241
2026/08/26 03:33:10.484, 162.75, 99, 7241
2026/08/26 03:33:11.484, 162.79, 100, 7241
2026/08/26 03:33:12.485, 162.61, 100, 7241
2026/08/26 03:33:13.485, 162.87, 99, 7241
2026/08/26 03:33:14.485, 162.94, 100, 7241
2026/08/26 03:33:15.485, 162.66, 100, 7241
2026/08/26 03:33:16.485, 162.79, 98, 7241
2026/08/26 03:33:17.485, 162.50, 100, 7241
2026/08/26 03:33:18.486, 162.68, 100, 7241
2026/08/26 03:33:19.486, 162.81, 100, 7241
2026/08/26 03:33:20.486, 162.91, 100, 7241
2026/08/26 03:33:21.486, 162.62, 100, 7241
2026/08/26 03:33:22.486, 162.72, 100, 7241
2026/08/26 03:33:23.487, 162.73, 100, 7241
2026/08/26 03:33:24.487, 162.74, 99, 7241
2026/08/26 03:33:25.487, 162.64, 100, 7241
2026/08/26 03:33:26.487, 162.58, 100, 7241
2026/08/26 03:33:27.487, 162.49, 100, 7241
2026/08/26 03:33:28.487, 162.75, 100, 7241
2026/08/26 03:33:29.488, 162.88, 100, 7241
2026/08/26 03:33:30.488, 162.70, 99, 7241
2026/08/26 03:33:31.488, 162.70, 100, 7241
2026/08/26 03:33:32.488, 162.73, 100, 7241
2026/08/26 03:33:33.488, 162.66, 100, 7241
2026/08/26 03:33:34.489, 162.61, 100, 7241
2026/08/26 03:33:35.489, 162.63, 100, 7241
2026/08/26 03:33:36.489, 162.59, 99, 7241
2026/08/26 03:33:37.489, 162.69, 100, 7241
2026/08/26 03:33:38.489, 162.76, 99, 7241
2026/08/26 03:33:39.490, 162.70, 100, 7241
2026/08/26 03:33:40.490, 162.51, 100, 7241
2026/08/26 03:33:41.490, 162.49, 99, 7241
2026/08/26 03:33:42.498, 162.65, 100, 7241
2026/08/26 03:33:43.499, 162.60, 100, 7241
2026/08/26 03:33:44.499, 162.51, 100, 7241
2026/08/26 03:33:45.499, 154.93, 100, 7241
2026/08/26 03:33:46.499, 159.13, 100, 7241
2026/08/26 03:33:47.499, 158.67, 98, 7241
2026/08/26 03:33:48.499, 158.98, 100, 7241
2026/08/26 03:33:49.500, 160.27, 100, 7241
2026/08/26 03:33:50.500, 158.99, 100, 7241
2026/08/26 03:33:51.500, 158.86, 100, 7241
2026/08/26 03:33:52.500, 158.66, 100, 7241
2026/08/26 03:33:53.500, 158.77, 100, 7241
2026/08/26 03:33:54.500, 158.90, 98, 7241
2026/08/26 03:33:55.501, 159.05, 98, 7241
2026/08/26 03:33:56.501, 159.58, 100, 7241
2026/08/26 03:33:57.501, 159.44, 100, 7241
2026/08/26 03:33:58.501, 159.25, 100, 7241
2026/08/26 03:33:59.501, 158.89, 100, 7241
2026/08/26 03:34:00.502, 158.56, 100, 7241
2026/08/26 03:34:01.502, 158.46, 100, 7241
2026/08/26 03:34:02.502, 158.38, 98, 7241
2026/08/26 03:34:03.502, 158.55, 100, 7241
2026/08/26 03:34:04.502, 159.28, 100, 7241
2026/08/26 03:34:05.503, 159.53, 100, 7241
2026/08/26 03:34:06.503, 157.88, 100, 7241
2026/08/26 03:34:07.503, 158.61, 100, 7241
2026/08/26 03:34:08.503, 158.40, 100, 7241
2026/08/26 03:34:09.503, 158.53, 100, 7241
2026/08/26 03:34:10.504, 158.27, 98, 7241
2026/08/26 03:34:11.504, 158.86, 100, 7241
2026/08/26 03:34:12.504, 159.46, 100, 7241
2026/08/26 03:34:13.504, 159.40, 100, 7241
2026/08/26 03:34:14.504, 159.20, 100, 7241
2026/08/26 03:34:15.505, 158.96, 100, 7241
2026/08/26 03:34:16.505, 158.83, 100, 7241
2026/08/26 03:34:17.505, 158.10, 98, 7241
2026/08/26 03:34:18.505, 158.73, 98, 7241
2026/08/26 03:34:19.505, 159.20, 100, 7241
2026/08/26 03:34:20.505, 159.69, 100, 7241
2026/08/26 03:34:21.506, 158.67, 100, 7241
2026/08/26 03:34:22.506, 158.79, 100, 7241
2026/08/26 03:34:23.506, 158.78, 100, 7241
2026/08/26 03:34:24.506, 158.78, 100, 7241
2026/08/26 03:34:25.506, 158.54, 98, 7241
2026/08/26 03:34:26.507, 158.97, 100, 7241
2026/08/26 03:34:27.515, 159.62, 100, 7241
2026/08/26 03:34:28.515, 159.17, 100, 7241
2026/08/26 03:34:29.516, 159.09, 100, 7241
2026/08/26 03:34:30.516, 158.71, 100, 7241
2026/08/26 03:34:31.516, 158.68, 100, 7241
2026/08/26 03:34:32.525, 158.41, 98, 7241
2026/08/26 03:34:33.525, 158.84, 98, 7241
2026/08/26 03:34:34.525, 159.11, 100, 7241
2026/08/26 03:34:35.525, 159.01, 100, 7241
2026/08/26 03:34:36.525, 158.91, 100, 7241
2026/08/26 03:34:37.526, 158.20, 100, 7241
2026/08/26 03:34:38.526, 158.56, 100, 7241
2026/08/26 03:34:39.526, 158.32, 100, 7241
2026/08/26 03:34:40.526, 158.17, 98, 7241
2026/08/26 03:34:41.526, 159.58, 98, 7241
2026/08/26 03:34:42.526, 157.59, 100, 7241
2026/08/26 03:34:43.527, 158.50, 100, 7241
2026/08/26 03:34:44.527, 158.49, 100, 7241
2026/08/26 03:34:45.527, 158.58, 100, 7241
2026/08/26 03:34:46.527, 158.03, 100, 7241
2026/08/26 03:34:47.527, 159.05, 100, 7241
2026/08/26 03:34:48.527, 159.02, 98, 7241
2026/08/26 03:34:49.528, 159.56, 100, 7241
2026/08/26 03:34:50.528, 158.79, 100, 7241
2026/08/26 03:34:51.528, 158.62, 100, 7241
2026/08/26 03:34:52.528, 158.76, 100, 7241
2026/08/26 03:34:53.528, 158.57, 100, 7241
2026/08/26 03:34:54.529, 158.30, 100, 7241
2026/08/26 03:34:55.529, 158.74, 99, 7241
2026/08/26 03:34:56.529, 159.25, 98, 7241
2026/08/26 03:34:57.529, 159.62, 100, 7241
2026/08/26 03:34:58.529, 158.95, 100, 7241
2026/08/26 03:34:59.529, 158.71, 100, 7241
2026/08/26 03:35:00.530, 158.55, 100, 7241
2026/08/26 03:35:01.530, 158.79, 99, 7241
2026/08/26 03:35:02.530, 158.41, 98, 7241
2026/08/26 03:35:03.530, 158.80, 100, 7241
2026/08/26 03:35:04.530, 159.37, 100, 7241
2026/08/26 03:35:05.531, 158.94, 100, 7241
2026/08/26 03:35:06.531, 159.22, 100, 7241
2026/08/26 03:35:07.531, 158.54, 100, 7241
2026/08/26 03:35:08.531, 158.46, 100, 7241
2026/08/26 03:35:09.531, 158.21, 98, 7241
2026/08/26 03:35:10.532, 158.33, 98, 7241
2026/08/26 03:35:11.532, 158.94, 100, 7241
2026/08/26 03:35:12.532, 158.95, 100, 7241
2026/08/26 03:35:13.532, 159.35, 100, 7241
2026/08/26 03:35:14.532, 158.77, 100, 7241
2026/08/26 03:35:15.533, 158.65, 100, 7241
2026/08/26 03:35:16.533, 158.47, 100, 7241
2026/08/26 03:35:17.533, 158.32, 98, 7241
2026/08/26 03:35:18.533, 159.20, 98, 7241
2026/08/26 03:35:19.533, 158.85, 100, 7241
2026/08/26 03:35:20.533, 159.63, 100, 7241
2026/08/26 03:35:21.534, 158.90, 100, 7241
2026/08/26 03:35:22.534, 158.75, 100, 7241
2026/08/26 03:35:23.534, 158.65, 100, 7241
2026/08/26 03:35:24.534, 158.37, 100, 7241
2026/08/26 03:35:25.534, 158.54, 98, 7241
2026/08/26 03:35:26.535, 158.49, 100, 7241
2026/08/26 03:35:27.535, 159.43, 100, 7241
2026/08/26 03:35:28.535, 159.16, 100, 7241
2026/08/26 03:35:29.544, 159.40, 100, 7241
2026/08/26 03:35:30.544, 158.69, 100, 7241
2026/08/26 03:35:31.544, 158.70, 100, 7241
2026/08/26 03:35:32.544, 158.65, 97, 7241
2026/08/26 03:35:33.544, 158.88, 98, 7241
2026/08/26 03:35:34.553, 159.23, 100, 7241
2026/08/26 03:35:35.553, 159.59, 100, 7241
2026/08/26 03:35:36.553, 159.43, 100, 7241
2026/08/26 03:35:37.553, 158.77, 100, 7241
2026/08/26 03:35:38.554, 158.46, 100, 7241
2026/08/26 03:35:39.554, 158.68, 100, 7241
2026/08/26 03:35:40.554, 158.36, 98, 7241
2026/08/26 03:35:41.554, 159.68, 98, 7241
2026/08/26 03:35:42.554, 159.21, 100, 7241
2026/08/26 03:35:43.555, 160.12, 100, 7241
2026/08/26 03:35:44.555, 159.35, 100, 7241
2026/08/26 03:35:45.555, 158.88, 100, 7241
2026/08/26 03:35:46.555, 159.36, 100, 7241
2026/08/26 03:35:47.556, 158.89, 100, 7241
2026/08/26 03:35:48.556, 158.92, 98, 7241
2026/08/26 03:35:49.556, 159.63, 100, 7241
2026/08/26 03:35:50.556, 159.67, 100, 7241
2026/08/26 03:35:51.556, 159.29, 100, 7241
2026/08/26 03:35:52.557, 159.53, 100, 7241
2026/08/26 03:35:53.557, 158.76, 100, 7241
2026/08/26 03:35:54.557, 159.31, 100, 7241
2026/08/26 03:35:55.557, 158.47, 98, 7241
2026/08/26 03:35:56.557, 159.58, 98, 7241
2026/08/26 03:35:57.557, 158.98, 100, 7241
2026/08/26 03:35:58.558, 159.74, 100, 7241
2026/08/26 03:35:59.558, 159.21, 100, 7241
2026/08/26 03:36:00.558, 159.15, 100, 7241
2026/08/26 03:36:01.558, 159.10, 100, 7241
2026/08/26 03:36:02.559, 159.00, 100, 7241
2026/08/26 03:36:03.559, 159.00, 98, 7241
2026/08/26 03:36:04.559, 159.54, 100, 7241
2026/08/26 03:36:05.559, 159.51, 100, 7241
2026/08/26 03:36:06.559, 159.48, 100, 7241
2026/08/26 03:36:07.560, 159.34, 100, 7241
2026/08/26 03:36:08.560, 158.88, 100, 7241
2026/08/26 03:36:09.560, 158.84, 100, 7241
2026/08/26 03:36:10.560, 158.46, 98, 7241
2026/08/26 03:36:11.560, 159.49, 98, 7241
2026/08/26 03:36:12.561, 159.16, 100, 7241
2026/08/26 03:36:13.561, 159.53, 100, 7241
2026/08/26 03:36:14.561, 158.88, 100, 7241
2026/08/26 03:36:15.561, 158.83, 100, 7241
2026/08/26 03:36:16.561, 158.96, 100, 7241
2026/08/26 03:36:17.561, 158.80, 100, 7241
2026/08/26 03:36:18.562, 158.69, 98, 7241
2026/08/26 03:36:19.562, 159.03, 99, 7241
2026/08/26 03:36:20.562, 159.44, 100, 7241
2026/08/26 03:36:21.562, 159.95, 100, 7241
2026/08/26 03:36:22.562, 158.81, 100, 7241
2026/08/26 03:36:23.563, 158.72, 100, 7241
2026/08/26 03:36:24.563, 158.89, 100, 7241
2026/08/26 03:36:25.563, 158.90, 98, 7241
2026/08/26 03:36:26.563, 158.92, 98, 7241
2026/08/26 03:36:27.563, 159.08, 100, 7241
2026/08/26 03:36:28.563, 159.87, 100, 7241
2026/08/26 03:36:29.564, 159.28, 100, 7241
2026/08/26 03:36:30.564, 159.58, 100, 7241
2026/08/26 03:36:31.564, 159.00, 100, 7241
2026/08/26 03:36:32.564, 159.32, 100, 7241
2026/08/26 03:36:33.565, 158.65, 98, 7241
2026/08/26 03:36:34.565, 159.37, 99, 7241
2026/08/26 03:36:35.565, 160.26, 100, 7241
2026/08/26 03:36:36.565, 159.78, 100, 7241
2026/08/26 03:36:37.565, 159.47, 100, 7241
2026/08/26 03:36:38.566, 158.97, 100, 7241
2026/08/26 03:36:39.566, 159.35, 100, 7241
2026/08/26 03:36:40.566, 158.30, 98, 7241
2026/08/26 03:36:41.566, 160.14, 98, 7241
2026/08/26 03:36:42.566, 159.46, 100, 7241
2026/08/26 03:36:43.566, 159.92, 100, 7241
2026/08/26 03:36:44.567, 158.97, 100, 7241
2026/08/26 03:36:45.567, 159.29, 100, 7241
2026/08/26 03:36:46.567, 158.66, 100, 7241
2026/08/26 03:36:47.567, 158.76, 100, 7241
2026/08/26 03:36:48.567, 158.62, 98, 7241
2026/08/26 03:36:49.568, 159.33, 100, 7241
2026/08/26 03:36:50.568, 159.59, 100, 7241
2026/08/26 03:36:51.568, 159.05, 100, 7241
2026/08/26 03:36:52.568, 159.25, 100, 7241
2026/08/26 03:36:53.568, 158.93, 100, 7241
2026/08/26 03:36:54.569, 159.16, 100, 7241
2026/08/26 03:36:55.569, 158.84, 98, 7241
2026/08/26 03:36:56.569, 158.53, 98, 7241
2026/08/26 03:36:57.569, 159.12, 100, 7241
2026/08/26 03:36:58.569, 159.34, 100, 7241
2026/08/26 03:36:59.569, 158.90, 100, 7241
2026/08/26 03:37:00.570, 159.74, 100, 7241
2026/08/26 03:37:01.570, 159.44, 100, 7241
2026/08/26 03:37:02.570, 159.12, 99, 7241
2026/08/26 03:37:03.570, 159.31, 98, 7241
2026/08/26 03:37:04.570, 159.46, 100, 7241
2026/08/26 03:37:05.570, 159.69, 100, 7241
2026/08/26 03:37:06.571, 158.94, 100, 7241
2026/08/26 03:37:07.571, 158.73, 100, 7241
2026/08/26 03:37:08.571, 158.82, 100, 7241
2026/08/26 03:37:09.571, 158.63, 100, 7241
2026/08/26 03:37:10.571, 158.66, 98, 7241
2026/08/26 03:37:11.571, 158.94, 98, 7241
2026/08/26 03:37:12.572, 159.43, 100, 7241
2026/08/26 03:37:13.572, 159.34, 100, 7241
2026/08/26 03:37:14.572, 159.60, 100, 7241
2026/08/26 03:37:15.572, 158.87, 100, 7241
2026/08/26 03:37:16.572, 158.74, 100, 7241
2026/08/26 03:37:17.573, 158.83, 100, 7241
2026/08/26 03:37:18.573, 158.79, 98, 7241
2026/08/26 03:37:19.573, 159.88, 100, 7241
2026/08/26 03:37:20.573, 160.36, 100, 7241
2026/08/26 03:37:21.573, 159.75, 100, 7241
2026/08/26 03:37:22.574, 159.71, 100, 7241
2026/08/26 03:37:23.574, 159.68, 100, 7241
2026/08/26 03:37:24.574, 158.70, 100, 7241
2026/08/26 03:37:25.574, 158.50, 98, 7241
2026/08/26 03:37:26.574, 159.47, 99, 7241
2026/08/26 03:37:27.574, 159.26, 100, 7241
2026/08/26 03:37:28.575, 159.74, 100, 7241
2026/08/26 03:37:29.575, 159.07, 100, 7241
2026/08/26 03:37:30.575, 159.91, 100, 7241
2026/08/26 03:37:31.575, 162.85, 100, 7241
2026/08/26 03:37:32.575, 162.71, 100, 7241
2026/08/26 03:37:33.576, 162.86, 100, 7241
2026/08/26 03:37:34.576, 162.66, 99, 7241
2026/08/26 03:37:35.576, 162.76, 100, 7241
2026/08/26 03:37:36.576, 162.67, 100, 7241
2026/08/26 03:37:37.576, 162.66, 99, 7241
2026/08/26 03:37:38.577, 162.62, 100, 7241
2026/08/26 03:37:39.577, 162.76, 100, 7241
2026/08/26 03:37:40.577, 162.89, 99, 7241
2026/08/26 03:37:41.577, 162.78, 100, 7241
2026/08/26 03:37:42.577, 162.80, 100, 7241
2026/08/26 03:37:43.577, 162.80, 99, 7241
2026/08/26 03:37:44.578, 162.74, 100, 7241
2026/08/26 03:37:45.578, 162.81, 100, 7241
2026/08/26 03:37:46.578, 162.71, 100, 7241
2026/08/26 03:37:47.578, 162.66, 100, 7241
2026/08/26 03:37:48.579, 162.64, 99, 7241
2026/08/26 03:37:49.579, 162.58, 100, 7241
2026/08/26 03:37:50.579, 162.84, 100, 7241
2026/08/26 03:37:51.579, 162.77, 99, 7241
2026/08/26 03:37:52.579, 162.89, 100, 7241
2026/08/26 03:37:53.579, 163.04, 100, 7241
2026/08/26 03:37:54.580, 162.71, 99, 7241
2026/08/26 03:37:55.580, 162.81, 100, 7241
2026/08/26 03:37:56.580, 162.77, 100, 7241
2026/08/26 03:37:57.580, 163.00, 99, 7241
2026/08/26 03:37:58.580, 162.84, 100, 7241
2026/08/26 03:37:59.580, 162.97, 100, 7241
2026/08/26 03:38:00.581, 162.94, 100, 7241
2026/08/26 03:38:01.581, 162.95, 100, 7241
2026/08/26 03:38:02.581, 163.15, 100, 7241
2026/08/26 03:38:03.581, 162.79, 99, 7241
2026/08/26 03:38:04.581, 162.94, 100, 7241
2026/08/26 03:38:05.582, 163.02, 100, 7241
2026/08/26 03:38:06.582, 162.82, 99, 7241
2026/08/26 03:38:07.582, 162.87, 100, 7241
2026/08/26 03:38:08.582, 162.87, 99, 7241
2026/08/26 03:38:09.582, 162.95, 100, 7241
2026/08/26 03:38:10.582, 163.02, 100, 7241
2026/08/26 03:38:11.583, 162.77, 99, 7241
2026/08/26 03:38:12.583, 163.01, 100, 7241
2026/08/26 03:38:13.583, 162.92, 100, 7241
2026/08/26 03:38:14.583, 162.95, 99, 7241
2026/08/26 03:38:15.583, 163.01, 100, 7241
2026/08/26 03:38:16.584, 163.27, 100, 7241
2026/08/26 03:38:17.584, 163.94, 98, 7241
2026/08/26 03:38:18.584, 164.17, 100, 7241
2026/08/26 03:38:19.584, 164.23, 100, 7241
2026/08/26 03:38:20.584, 164.23, 99, 7241
2026/08/26 03:38:21.584, 164.21, 100, 7241
2026/08/26 03:38:22.585, 157.41, 100, 7241
2026/08/26 03:38:23.585, 159.16, 100, 7241
2026/08/26 03:38:24.585, 159.04, 100, 7241
2026/08/26 03:38:25.585, 158.79, 100, 7241
2026/08/26 03:38:26.585, 158.73, 98, 7241
2026/08/26 03:38:27.585, 158.97, 100, 7241
2026/08/26 03:38:28.586, 159.60, 100, 7241
2026/08/26 03:38:29.586, 159.88, 100, 7241
2026/08/26 03:38:30.586, 159.36, 100, 7241
2026/08/26 03:38:31.586, 159.28, 100, 7241
2026/08/26 03:38:32.586, 159.22, 100, 7241
2026/08/26 03:38:33.587, 158.75, 98, 7241
2026/08/26 03:38:34.587, 159.32, 98, 7241
2026/08/26 03:38:35.587, 159.19, 100, 7241
2026/08/26 03:38:36.587, 159.67, 100, 7241
2026/08/26 03:38:37.587, 159.48, 100, 7241
2026/08/26 03:38:38.588, 159.37, 100, 7241
2026/08/26 03:38:39.588, 159.16, 100, 7241
2026/08/26 03:38:40.588, 159.08, 100, 7241
2026/08/26 03:38:41.588, 158.31, 98, 7241
2026/08/26 03:38:42.588, 159.52, 98, 7241
2026/08/26 03:38:43.588, 159.49, 100, 7241
2026/08/26 03:38:44.589, 159.75, 100, 7241
2026/08/26 03:38:45.589, 159.23, 100, 7241
2026/08/26 03:38:46.589, 159.21, 100, 7241
2026/08/26 03:38:47.589, 159.24, 100, 7241
2026/08/26 03:38:48.589, 158.90, 100, 7241
2026/08/26 03:38:49.589, 158.65, 98, 7241
2026/08/26 03:38:50.590, 158.92, 100, 7241
2026/08/26 03:38:51.590, 159.64, 100, 7241
2026/08/26 03:38:52.590, 159.16, 100, 7241
2026/08/26 03:38:53.590, 159.50, 100, 7241
2026/08/26 03:38:54.591, 158.88, 100, 7241
2026/08/26 03:38:55.591, 158.81, 100, 7241
2026/08/26 03:38:56.591, 159.07, 98, 7241
2026/08/26 03:38:57.591, 158.54, 98, 7241
2026/08/26 03:38:58.591, 159.19, 100, 7241
2026/08/26 03:38:59.592, 159.49, 100, 7241
2026/08/26 03:39:00.592, 159.56, 100, 7241
2026/08/26 03:39:01.592, 159.08, 100, 7241
2026/08/26 03:39:02.592, 159.11, 100, 7241
2026/08/26 03:39:03.592, 158.96, 100, 7241
2026/08/26 03:39:04.592, 158.42, 98, 7241
2026/08/26 03:39:05.593, 159.53, 98, 7241
2026/08/26 03:39:06.593, 159.15, 100, 7241
2026/08/26 03:39:07.593, 159.82, 100, 7241
2026/08/26 03:39:08.593, 159.02, 100, 7241
2026/08/26 03:39:09.593, 159.19, 100, 7241
2026/08/26 03:39:10.594, 159.04, 100, 7241
2026/08/26 03:39:11.594, 158.84, 100, 7241
2026/08/26 03:39:12.594, 158.57, 98, 7241
2026/08/26 03:39:13.594, 159.41, 100, 7241
2026/08/26 03:39:14.594, 159.75, 100, 7241
2026/08/26 03:39:15.594, 159.15, 100, 7241
2026/08/26 03:39:16.595, 159.02, 100, 7241
2026/08/26 03:39:17.595, 158.91, 100, 7241
2026/08/26 03:39:18.595, 159.02, 100, 7241
2026/08/26 03:39:19.595, 159.04, 98, 7241
2026/08/26 03:39:20.595, 158.80, 98, 7241
2026/08/26 03:39:21.595, 159.57, 100, 7241
2026/08/26 03:39:22.596, 159.81, 100, 7241
2026/08/26 03:39:23.596, 158.95, 100, 7241
2026/08/26 03:39:24.596, 158.82, 100, 7241
2026/08/26 03:39:25.596, 158.62, 100, 7241
2026/08/26 03:39:26.596, 159.00, 100, 7241
2026/08/26 03:39:27.596, 158.76, 98, 7241
2026/08/26 03:39:28.597, 158.80, 100, 7241
2026/08/26 03:39:29.597, 159.55, 100, 7241
2026/08/26 03:39:30.597, 159.28, 100, 7241
2026/08/26 03:39:31.597, 158.83, 100, 7241
2026/08/26 03:39:32.597, 158.61, 100, 7241
2026/08/26 03:39:33.598, 158.53, 100, 7241
2026/08/26 03:39:34.598, 158.03, 98, 7241
2026/08/26 03:39:35.598, 159.42, 98, 7241
2026/08/26 03:39:36.598, 158.99, 100, 7241
2026/08/26 03:39:37.598, 159.05, 100, 7241
2026/08/26 03:39:38.598, 159.38, 100, 7241
2026/08/26 03:39:39.599, 158.91, 100, 7241
2026/08/26 03:39:40.599, 158.78, 100, 7241
2026/08/26 03:39:41.599, 158.81, 100, 7241
2026/08/26 03:39:42.599, 158.76, 98, 7241
2026/08/26 03:39:43.599, 158.71, 100, 7241
2026/08/26 03:39:44.600, 159.05, 100, 7241
2026/08/26 03:39:45.600, 159.26, 100, 7241
2026/08/26 03:39:46.600, 158.65, 100, 7241
2026/08/26 03:39:47.600, 158.78, 100, 7241
2026/08/26 03:39:48.600, 158.60, 100, 7241
2026/08/26 03:39:49.601, 158.39, 98, 7241
2026/08/26 03:39:50.601, 158.56, 98, 7241
2026/08/26 03:39:51.601, 159.35, 100, 7241
2026/08/26 03:39:52.601, 159.59, 100, 7241
2026/08/26 03:39:53.601, 158.96, 100, 7241
2026/08/26 03:39:54.602, 158.99, 100, 7241
2026/08/26 03:39:55.602, 158.75, 100, 7241
2026/08/26 03:39:56.602, 158.94, 100, 7241
2026/08/26 03:39:57.602, 158.27, 98, 7241
2026/08/26 03:39:58.602, 158.50, 100, 7241
2026/08/26 03:39:59.602, 158.84, 100, 7241
2026/08/26 03:40:00.603, 159.03, 100, 7241
2026/08/26 03:40:01.603, 159.18, 100, 7241
2026/08/26 03:40:02.603, 158.60, 100, 7241
2026/08/26 03:40:03.603, 158.49, 100, 7241
2026/08/26 03:40:04.603, 158.12, 98, 7241
2026/08/26 03:40:05.604, 158.28, 98, 7241
2026/08/26 03:40:06.604, 158.99, 100, 7241
2026/08/26 03:40:07.604, 159.72, 100, 7241
2026/08/26 03:40:08.604, 159.13, 100, 7241
2026/08/26 03:40:09.604, 158.63, 100, 7241
2026/08/26 03:40:10.605, 158.72, 100, 7241
2026/08/26 03:40:11.605, 158.54, 100, 7241
2026/08/26 03:40:12.605, 158.12, 98, 7241
2026/08/26 03:40:13.605, 158.53, 99, 7241
2026/08/26 03:40:14.605, 159.01, 100, 7241
2026/08/26 03:40:15.606, 159.68, 100, 7241
2026/08/26 03:40:16.606, 158.84, 100, 7241
2026/08/26 03:40:17.606, 158.70, 100, 7241
2026/08/26 03:40:18.606, 159.15, 100, 7241
2026/08/26 03:40:19.606, 158.70, 98, 7241
2026/08/26 03:40:20.607, 159.57, 98, 7241
2026/08/26 03:40:21.607, 159.36, 100, 7241
2026/08/26 03:40:22.607, 159.27, 100, 7241
2026/08/26 03:40:23.607, 159.01, 100, 7241
2026/08/26 03:40:24.607, 159.19, 100, 7241
2026/08/26 03:40:25.607, 159.14, 100, 7241
2026/08/26 03:40:26.608, 158.99, 100, 7241
2026/08/26 03:40:27.608, 158.42, 98, 7241
2026/08/26 03:40:28.608, 158.63, 100, 7241
2026/08/26 03:40:29.608, 159.39, 100, 7241
2026/08/26 03:40:30.608, 159.58, 100, 7241
2026/08/26 03:40:31.609, 159.07, 100, 7241
2026/08/26 03:40:32.609, 158.56, 100, 7241
2026/08/26 03:40:33.609, 158.27, 100, 7241
2026/08/26 03:40:34.609, 158.22, 98, 7241
2026/08/26 03:40:35.609, 158.57, 98, 7241
2026/08/26 03:40:36.609, 158.49, 100, 7241
2026/08/26 03:40:37.610, 158.97, 100, 7241
2026/08/26 03:40:38.610, 159.37, 100, 7241
2026/08/26 03:40:39.610, 158.81, 100, 7241
2026/08/26 03:40:40.610, 158.48, 100, 7241
2026/08/26 03:40:41.610, 158.34, 100, 7241
2026/08/26 03:40:42.610, 158.23, 98, 7241
2026/08/26 03:40:43.611, 158.31, 98, 7241
2026/08/26 03:40:44.611, 159.35, 100, 7241
2026/08/26 03:40:45.611, 159.52, 100, 7241
2026/08/26 03:40:46.611, 159.02, 100, 7241
2026/08/26 03:40:47.611, 159.35, 100, 7241
2026/08/26 03:40:48.612, 158.76, 100, 7241
2026/08/26 03:40:49.612, 158.77, 98, 7241
2026/08/26 03:40:50.612, 158.79, 98, 7241
2026/08/26 03:40:51.612, 159.08, 100, 7241
2026/08/26 03:40:52.612, 159.06, 100, 7241
2026/08/26 03:40:53.612, 159.20, 100, 7241
2026/08/26 03:40:54.613, 158.78, 100, 7241
2026/08/26 03:40:55.613, 158.85, 100, 7241
2026/08/26 03:40:56.613, 157.16, 100, 7241
2026/08/26 03:40:57.613, 158.09, 98, 7241
2026/08/26 03:40:58.613, 158.57, 99, 7241
2026/08/26 03:40:59.614, 158.94, 100, 7241
2026/08/26 03:41:00.614, 158.84, 100, 7241
2026/08/26 03:41:01.614, 158.45, 100, 7241
2026/08/26 03:41:02.614, 158.35, 100, 7241
2026/08/26 03:41:03.617, 158.50, 100, 7241
2026/08/26 03:41:04.617, 158.42, 100, 7241
2026/08/26 03:41:05.618, 158.57, 98, 7241
2026/08/26 03:41:06.626, 159.14, 100, 7241
2026/08/26 03:41:07.626, 159.44, 100, 7241
2026/08/26 03:41:08.626, 159.22, 100, 7241
2026/08/26 03:41:09.627, 158.71, 100, 7241
2026/08/26 03:41:10.627, 158.47, 100, 7241
2026/08/26 03:41:11.635, 158.63, 100, 7241
2026/08/26 03:41:12.635, 157.96, 98, 7241
2026/08/26 03:41:13.636, 158.26, 98, 7241
2026/08/26 03:41:14.636, 158.91, 100, 7241
2026/08/26 03:41:15.636, 159.27, 100, 7241
2026/08/26 03:41:16.645, 159.11, 100, 7241
2026/08/26 03:41:17.645, 158.50, 100, 7241
2026/08/26 03:41:18.645, 158.72, 100, 7241
2026/08/26 03:41:19.645, 158.53, 100, 7241
2026/08/26 03:41:20.645, 158.18, 98, 7241
2026/08/26 03:41:21.645, 158.29, 98, 7241
2026/08/26 03:41:22.646, 159.38, 100, 7241
2026/08/26 03:41:23.646, 159.96, 100, 7241
2026/08/26 03:41:24.646, 159.39, 100, 7241
2026/08/26 03:41:25.646, 159.37, 100, 7241
2026/08/26 03:41:26.646, 158.85, 100, 7241
2026/08/26 03:41:27.646, 158.15, 98, 7241
2026/08/26 03:41:28.647, 160.00, 98, 7241
2026/08/26 03:41:29.647, 158.88, 100, 7241
2026/08/26 03:41:30.647, 159.18, 100, 7241
2026/08/26 03:41:31.647, 159.36, 100, 7241
2026/08/26 03:41:32.647, 159.50, 100, 7241
2026/08/26 03:41:33.648, 159.04, 100, 7241
2026/08/26 03:41:34.648, 158.71, 100, 7241
2026/08/26 03:41:35.656, 158.80, 98, 7241
2026/08/26 03:41:36.656, 159.56, 100, 7241
2026/08/26 03:41:37.657, 159.76, 100, 7241
2026/08/26 03:41:38.657, 159.47, 100, 7241
2026/08/26 03:41:39.657, 159.51, 100, 7241
2026/08/26 03:41:40.666, 158.87, 100, 7241
2026/08/26 03:41:41.666, 159.07, 100, 7241
2026/08/26 03:41:42.666, 158.77, 98, 7241
2026/08/26 03:41:43.666, 159.72, 98, 7241
2026/08/26 03:41:44.666, 158.99, 100, 7241
2026/08/26 03:41:45.675, 160.28, 100, 7241
2026/08/26 03:41:46.675, 159.06, 100, 7241
2026/08/26 03:41:47.675, 158.83, 100, 7241
2026/08/26 03:41:48.675, 158.77, 100, 7241
2026/08/26 03:41:49.676, 159.11, 100, 7241
2026/08/26 03:41:50.676, 158.59, 98, 7241
2026/08/26 03:41:51.676, 159.13, 100, 7241
2026/08/26 03:41:52.676, 159.34, 100, 7241
2026/08/26 03:41:53.677, 159.02, 100, 7241
2026/08/26 03:41:54.677, 159.24, 100, 7241
2026/08/26 03:41:55.677, 159.12, 100, 7241
2026/08/26 03:41:56.677, 158.56, 100, 7241
2026/08/26 03:41:57.677, 158.27, 98, 7241
2026/08/26 03:41:58.677, 158.22, 98, 7241
2026/08/26 03:41:59.678, 159.49, 100, 7241
2026/08/26 03:42:00.678, 159.04, 100, 7241
2026/08/26 03:42:01.678, 158.46, 100, 7241
2026/08/26 03:42:02.678, 159.20, 100, 7241
2026/08/26 03:42:03.678, 158.22, 100, 7241
2026/08/26 03:42:04.679, 158.53, 100, 7241
2026/08/26 03:42:05.679, 159.17, 98, 7241
2026/08/26 03:42:06.679, 159.00, 100, 7241
2026/08/26 03:42:07.679, 159.94, 99, 7241
2026/08/26 03:42:08.679, 163.64, 100, 7241
2026/08/26 03:42:09.679, 162.59, 100, 7241
2026/08/26 03:42:10.680, 162.75, 99, 7241
2026/08/26 03:42:11.680, 162.87, 100, 7241
2026/08/26 03:42:12.680, 162.24, 100, 7241
2026/08/26 03:42:13.680, 162.49, 99, 7241
2026/08/26 03:42:14.680, 162.52, 100, 7241
2026/08/26 03:42:15.680, 162.57, 100, 7241
2026/08/26 03:42:16.681, 162.32, 98, 7241
2026/08/26 03:42:17.681, 162.57, 100, 7241
2026/08/26 03:42:18.681, 162.59, 100, 7241
2026/08/26 03:42:19.681, 162.43, 100, 7241
2026/08/26 03:42:20.681, 162.55, 100, 7241
2026/08/26 03:42:21.681, 162.46, 100, 7241
2026/08/26 03:42:22.682, 162.58, 100, 7241
2026/08/26 03:42:23.682, 162.54, 100, 7241
2026/08/26 03:42:24.682, 162.62, 100, 7241
2026/08/26 03:42:25.682, 162.70, 100, 7241
2026/08/26 03:42:26.682, 162.51, 99, 7241
2026/08/26 03:42:27.683, 162.73, 100, 7241
2026/08/26 03:42:28.683, 162.59, 100, 7241
2026/08/26 03:42:29.683, 162.35, 99, 7241
2026/08/26 03:42:30.683, 162.55, 100, 7241
2026/08/26 03:42:31.683, 162.37, 100, 7241
2026/08/26 03:42:32.684, 162.56, 100, 7241
2026/08/26 03:42:33.684, 162.61, 100, 7241
2026/08/26 03:42:34.684, 162.75, 100, 7241
2026/08/26 03:42:35.684, 162.63, 99, 7241
2026/08/26 03:42:36.684, 162.68, 100, 7241
2026/08/26 03:42:37.685, 162.70, 100, 7241
2026/08/26 03:42:38.685, 162.46, 100, 7241
2026/08/26 03:42:39.685, 162.62, 100, 7241
2026/08/26 03:42:40.685, 162.39, 99, 7241
2026/08/26 03:42:41.685, 162.47, 100, 7241
2026/08/26 03:42:42.685, 162.55, 100, 7241
2026/08/26 03:42:43.686, 162.42, 99, 7241
2026/08/26 03:42:44.686, 162.47, 100, 7241
2026/08/26 03:42:45.686, 162.36, 100, 7241
2026/08/26 03:42:46.686, 162.56, 99, 7241
2026/08/26 03:42:47.686, 162.58, 100, 7241
2026/08/26 03:42:48.687, 162.66, 100, 7241
2026/08/26 03:42:49.687, 162.78, 99, 7241
2026/08/26 03:42:50.687, 162.81, 100, 7241
2026/08/26 03:42:51.687, 162.88, 100, 7241
2026/08/26 03:42:52.687, 162.78, 100, 7241
2026/08/26 03:42:53.687, 162.64, 100, 7241
2026/08/26 03:42:54.688, 162.70, 100, 7241
2026/08/26 03:42:55.688, 162.48, 99, 7241
2026/08/26 03:42:56.688, 162.83, 100, 7241
2026/08/26 03:42:57.688, 162.76, 99, 7241
2026/08/26 03:42:58.688, 162.84, 100, 7241
2026/08/26 03:42:59.688, 156.21, 100, 7241
2026/08/26 03:43:00.689, 159.51, 100, 7241
2026/08/26 03:43:01.689, 159.58, 100, 7241
2026/08/26 03:43:02.689, 158.82, 100, 7241
2026/08/26 03:43:03.689, 158.85, 100, 7241
2026/08/26 03:43:04.689, 158.93, 99, 7241
2026/08/26 03:43:05.690, 159.74, 98, 7241
2026/08/26 03:43:06.690, 159.14, 100, 7241
2026/08/26 03:43:07.690, 159.88, 100, 7241
2026/08/26 03:43:08.690, 159.62, 100, 7241
2026/08/26 03:43:09.690, 159.01, 100, 7241
2026/08/26 03:43:10.690, 158.88, 100, 7241
2026/08/26 03:43:11.691, 159.42, 100, 7241
2026/08/26 03:43:12.691, 158.48, 98, 7241
2026/08/26 03:43:13.691, 158.53, 98, 7241
2026/08/26 03:43:14.691, 159.17, 100, 7241
2026/08/26 03:43:15.691, 159.43, 100, 7241
2026/08/26 03:43:16.692, 159.50, 100, 7241
2026/08/26 03:43:17.692, 159.10, 100, 7241
2026/08/26 03:43:18.692, 159.10, 100, 7241
2026/08/26 03:43:19.692, 159.25, 99, 7241
2026/08/26 03:43:20.692, 158.75, 98, 7241
2026/08/26 03:43:21.693, 159.35, 100, 7241
2026/08/26 03:43:22.693, 159.71, 100, 7241
2026/08/26 03:43:23.693, 159.07, 100, 7241
2026/08/26 03:43:24.693, 159.07, 100, 7241
2026/08/26 03:43:25.693, 159.13, 100, 7241
2026/08/26 03:43:26.693, 158.68, 100, 7241
2026/08/26 03:43:27.694, 158.27, 98, 7241
2026/08/26 03:43:28.694, 159.43, 98, 7241
2026/08/26 03:43:29.694, 159.58, 100, 7241
2026/08/26 03:43:30.694, 159.80, 100, 7241
2026/08/26 03:43:31.694, 159.08, 100, 7241
2026/08/26 03:43:32.694, 158.91, 100, 7241
2026/08/26 03:43:33.695, 158.59, 100, 7241
2026/08/26 03:43:34.695, 158.20, 98, 7241
2026/08/26 03:43:35.695, 159.06, 98, 7241
2026/08/26 03:43:36.695, 159.35, 100, 7241
2026/08/26 03:43:37.695, 160.09, 100, 7241
2026/08/26 03:43:38.695, 159.32, 100, 7241
2026/08/26 03:43:39.696, 159.33, 100, 7241
2026/08/26 03:43:40.696, 159.29, 100, 7241
2026/08/26 03:43:41.696, 158.75, 100, 7241
2026/08/26 03:43:42.696, 159.16, 98, 7241
2026/08/26 03:43:43.696, 159.29, 100, 7241
2026/08/26 03:43:44.697, 159.21, 100, 7241
2026/08/26 03:43:45.697, 159.67, 100, 7241
2026/08/26 03:43:46.697, 158.99, 100, 7241
2026/08/26 03:43:47.697, 158.85, 100, 7241
2026/08/26 03:43:48.697, 158.50, 100, 7241
2026/08/26 03:43:49.698, 158.31, 98, 7241
2026/08/26 03:43:50.698, 158.20, 98, 7241
2026/08/26 03:43:51.698, 159.26, 100, 7241
2026/08/26 03:43:52.698, 159.59, 100, 7241
2026/08/26 03:43:53.698, 159.32, 100, 7241
2026/08/26 03:43:54.699, 158.84, 100, 7241
2026/08/26 03:43:55.699, 158.54, 100, 7241
2026/08/26 03:43:56.699, 159.10, 100, 7241
2026/08/26 03:43:57.699, 158.29, 98, 7241
2026/08/26 03:43:58.699, 158.94, 100, 7241
2026/08/26 03:43:59.699, 159.43, 100, 7241
2026/08/26 03:44:00.700, 159.58, 100, 7241
2026/08/26 03:44:01.700, 158.80, 100, 7241
2026/08/26 03:44:02.700, 159.25, 100, 7241
2026/08/26 03:44:03.700, 158.98, 100, 7241
2026/08/26 03:44:04.700, 158.04, 98, 7241
2026/08/26 03:44:05.701, 159.65, 98, 7241
2026/08/26 03:44:06.701, 159.21, 100, 7241
2026/08/26 03:44:07.701, 159.45, 100, 7241
2026/08/26 03:44:08.701, 159.01, 100, 7241
2026/08/26 03:44:09.701, 158.49, 100, 7241
2026/08/26 03:44:10.701, 158.44, 100, 7241
2026/08/26 03:44:11.702, 158.40, 100, 7241
2026/08/26 03:44:12.702, 158.78, 98, 7241
2026/08/26 03:44:13.702, 158.72, 100, 7241
2026/08/26 03:44:14.702, 159.25, 100, 7241
2026/08/26 03:44:15.702, 159.69, 100, 7241
2026/08/26 03:44:16.703, 158.57, 100, 7241
2026/08/26 03:44:17.703, 158.53, 100, 7241
2026/08/26 03:44:18.703, 159.22, 100, 7241
2026/08/26 03:44:19.703, 158.23, 99, 7241
2026/08/26 03:44:20.703, 159.22, 98, 7241
2026/08/26 03:44:21.703, 159.06, 100, 7241
2026/08/26 03:44:22.703, 158.99, 100, 7241
2026/08/26 03:44:23.704, 159.45, 100, 7241
2026/08/26 03:44:24.704, 159.46, 100, 7241
2026/08/26 03:44:25.704, 158.83, 100, 7241
2026/08/26 03:44:26.704, 158.58, 99, 7241
2026/08/26 03:44:27.704, 159.08, 98, 7241
2026/08/26 03:44:28.704, 158.97, 100, 7241
2026/08/26 03:44:29.705, 159.63, 100, 7241
2026/08/26 03:44:30.705, 158.78, 100, 7241
2026/08/26 03:44:31.705, 159.07, 100, 7241
2026/08/26 03:44:32.705, 158.49, 100, 7241
2026/08/26 03:44:33.705, 158.95, 100, 7241
2026/08/26 03:44:34.705, 158.65, 98, 7241
2026/08/26 03:44:35.705, 158.88, 98, 7241
2026/08/26 03:44:36.706, 159.23, 100, 7241
2026/08/26 03:44:37.706, 159.43, 100, 7241
2026/08/26 03:44:38.706, 159.20, 100, 7241
2026/08/26 03:44:39.706, 158.62, 100, 7241
2026/08/26 03:44:40.706, 158.53, 100, 7241
2026/08/26 03:44:41.707, 158.58, 98, 7241
2026/08/26 03:44:42.707, 158.92, 98, 7241
2026/08/26 03:44:43.707, 159.08, 100, 7241
2026/08/26 03:44:44.707, 159.56, 100, 7241
2026/08/26 03:44:45.707, 158.90, 100, 7241
2026/08/26 03:44:46.708, 159.07, 100, 7241
2026/08/26 03:44:47.708, 158.57, 100, 7241
2026/08/26 03:44:48.708, 158.55, 100, 7241
2026/08/26 03:44:49.708, 158.15, 98, 7241
2026/08/26 03:44:50.708, 158.82, 99, 7241
2026/08/26 03:44:51.709, 159.28, 100, 7241
2026/08/26 03:44:52.709, 159.64, 100, 7241
2026/08/26 03:44:53.709, 159.59, 100, 7241
2026/08/26 03:44:54.709, 158.71, 100, 7241
2026/08/26 03:44:55.709, 159.09, 100, 7241
2026/08/26 03:44:56.709, 158.74, 98, 7241
2026/08/26 03:44:57.710, 158.57, 98, 7241
2026/08/26 03:44:58.710, 158.98, 100, 7241
2026/08/26 03:44:59.710, 159.24, 100, 7241
2026/08/26 03:45:00.710, 159.45, 100, 7241
2026/08/26 03:45:01.710, 159.07, 100, 7241
2026/08/26 03:45:02.711, 158.80, 100, 7241
2026/08/26 03:45:03.711, 158.73, 100, 7241
2026/08/26 03:45:04.711, 158.59, 98, 7241
2026/08/26 03:45:05.711, 159.14, 99, 7241
2026/08/26 03:45:06.711, 159.05, 100, 7241
2026/08/26 03:45:07.711, 158.87, 100, 7241
2026/08/26 03:45:08.712, 158.89, 100, 7241
2026/08/26 03:45:09.712, 158.83, 100, 7241
2026/08/26 03:45:10.712, 158.60, 100, 7241
2026/08/26 03:45:11.712, 158.50, 99, 7241
2026/08/26 03:45:12.712, 158.76, 98, 7241
2026/08/26 03:45:13.712, 158.62, 100, 7241
2026/08/26 03:45:14.713, 159.04, 100, 7241
2026/08/26 03:45:15.713, 159.46, 100, 7241
2026/08/26 03:45:16.713, 158.96, 100, 7241
2026/08/26 03:45:17.713, 158.53, 100, 7241
2026/08/26 03:45:18.713, 158.46, 100, 7241
2026/08/26 03:45:19.714, 158.01, 98, 7241
2026/08/26 03:45:20.714, 158.47, 98, 7241
2026/08/26 03:45:21.714, 159.12, 100, 7241
2026/08/26 03:45:22.714, 158.79, 100, 7241
2026/08/26 03:45:23.714, 159.36, 100, 7241
2026/08/26 03:45:24.715, 158.72, 100, 7241
2026/08/26 03:45:25.715, 158.54, 100, 7241
2026/08/26 03:45:26.715, 158.61, 100, 7241
2026/08/26 03:45:27.715, 158.11, 98, 7241
2026/08/26 03:45:28.715, 158.53, 100, 7241
2026/08/26 03:45:29.715, 159.45, 100, 7241
2026/08/26 03:45:30.716, 158.95, 100, 7241
2026/08/26 03:45:31.716, 158.56, 100, 7241
2026/08/26 03:45:32.716, 158.58, 100, 7241
2026/08/26 03:45:33.716, 158.24, 100, 7241
2026/08/26 03:45:34.716, 157.78, 98, 7241
2026/08/26 03:45:35.717, 159.19, 99, 7241
2026/08/26 03:45:36.717, 158.72, 100, 7241
2026/08/26 03:45:37.717, 158.95, 100, 7241
2026/08/26 03:45:38.717, 159.26, 100, 7241
2026/08/26 03:45:39.717, 158.71, 100, 7241
2026/08/26 03:45:40.718, 158.55, 100, 7241
2026/08/26 03:45:41.718, 157.89, 100, 7241
2026/08/26 03:45:42.718, 158.62, 98, 7241
2026/08/26 03:45:43.718, 158.68, 98, 7241
2026/08/26 03:45:44.718, 159.20, 100, 7241
2026/08/26 03:45:45.718, 159.67, 100, 7241
2026/08/26 03:45:46.719, 159.40, 100, 7241
2026/08/26 03:45:47.719, 158.58, 100, 7241
2026/08/26 03:45:48.719, 159.25, 100, 7241
2026/08/26 03:45:49.719, 158.45, 98, 7241
2026/08/26 03:45:50.719, 159.28, 98, 7241
2026/08/26 03:45:51.720, 159.10, 100, 7241
2026/08/26 03:45:52.720, 159.06, 100, 7241
2026/08/26 03:45:53.720, 158.93, 100, 7241
2026/08/26 03:45:54.720, 158.76, 100, 7241
2026/08/26 03:45:55.720, 159.05, 100, 7241
2026/08/26 03:45:56.721, 158.65, 100, 7241
2026/08/26 03:45:57.721, 158.06, 98, 7241
2026/08/26 03:45:58.721, 158.83, 100, 7241
2026/08/26 03:45:59.721, 159.06, 100, 7241
2026/08/26 03:46:00.721, 159.68, 100, 7241
2026/08/26 03:46:01.721, 159.25, 100, 7241
2026/08/26 03:46:02.722, 159.26, 100, 7241
2026/08/26 03:46:03.722, 158.51, 100, 7241
2026/08/26 03:46:04.722, 158.54, 98, 7241
2026/08/26 03:46:05.722, 158.55, 98, 7241
2026/08/26 03:46:06.722, 158.82, 100, 7241
2026/08/26 03:46:07.723, 159.20, 100, 7241
2026/08/26 03:46:08.723, 159.26, 100, 7241
2026/08/26 03:46:09.723, 159.01, 100, 7241
2026/08/26 03:46:10.723, 158.84, 100, 7241
2026/08/26 03:46:11.723, 159.17, 100, 7241
2026/08/26 03:46:12.724, 158.88, 98, 7241
2026/08/26 03:46:13.724, 159.18, 100, 7241
2026/08/26 03:46:14.724, 159.74, 100, 7241
2026/08/26 03:46:15.724, 159.59, 100, 7241
2026/08/26 03:46:16.724, 158.60, 100, 7241
2026/08/26 03:46:17.725, 158.58, 100, 7241
2026/08/26 03:46:18.725, 158.68, 100, 7241
2026/08/26 03:46:19.725, 158.31, 98, 7241
2026/08/26 03:46:20.725, 159.06, 98, 7241
2026/08/26 03:46:21.725, 158.97, 100, 7241
2026/08/26 03:46:22.726, 158.87, 100, 7241
2026/08/26 03:46:23.726, 159.38, 100, 7241
2026/08/26 03:46:24.726, 159.01, 100, 7241
2026/08/26 03:46:25.726, 158.71, 100, 7241
2026/08/26 03:46:26.726, 158.50, 100, 7241
2026/08/26 03:46:27.727, 158.57, 98, 7241
2026/08/26 03:46:28.727, 158.95, 100, 7241
2026/08/26 03:46:29.727, 159.68, 100, 7241
2026/08/26 03:46:30.727, 159.55, 100, 7241
2026/08/26 03:46:31.727, 159.22, 100, 7241
2026/08/26 03:46:32.728, 158.74, 100, 7241
2026/08/26 03:46:33.728, 158.67, 100, 7241
2026/08/26 03:46:34.728, 158.02, 98, 7241
2026/08/26 03:46:35.728, 158.57, 98, 7241
2026/08/26 03:46:36.737, 159.15, 100, 7241
2026/08/26 03:46:37.737, 159.43, 100, 7241
2026/08/26 03:46:38.737, 158.89, 100, 7241
2026/08/26 03:46:39.737, 158.93, 100, 7241
2026/08/26 03:46:40.738, 158.77, 100, 7241
2026/08/26 03:46:41.746, 158.66, 100, 7241
2026/08/26 03:46:42.746, 158.56, 98, 7241
2026/08/26 03:46:43.747, 158.64, 99, 7241
2026/08/26 03:46:44.747, 159.02, 99, 7241
2026/08/26 03:46:45.747, 162.64, 100, 7241
2026/08/26 03:46:46.756, 162.51, 100, 7241
2026/08/26 03:46:47.756, 162.51, 100, 7241
2026/08/26 03:46:48.756, 162.67, 100, 7241
2026/08/26 03:46:49.756, 162.59, 100, 7241
2026/08/26 03:46:50.756, 162.67, 100, 7241
2026/08/26 03:46:51.757, 162.67, 100, 7241
2026/08/26 03:46:52.757, 162.91, 100, 7241
2026/08/26 03:46:53.757, 162.64, 99, 7241
2026/08/26 03:46:54.757, 162.44, 100, 7241
2026/08/26 03:46:55.757, 162.55, 100, 7241
2026/08/26 03:46:56.757, 162.79, 99, 7241
2026/08/26 03:46:57.758, 162.66, 100, 7241
2026/08/26 03:46:58.758, 162.64, 100, 7241
2026/08/26 03:46:59.758, 162.75, 99, 7241
2026/08/26 03:47:00.758, 162.79, 100, 7241
2026/08/26 03:47:01.758, 162.73, 99, 7241
2026/08/26 03:47:02.758, 162.61, 100, 7241
2026/08/26 03:47:03.759, 162.68, 100, 7241
2026/08/26 03:47:04.759, 162.72, 100, 7241
2026/08/26 03:47:05.759, 162.82, 100, 7241
2026/08/26 03:47:06.759, 162.77, 100, 7241
2026/08/26 03:47:07.759, 162.82, 100, 7241
2026/08/26 03:47:08.760, 162.66, 100, 7241
2026/08/26 03:47:09.760, 162.85, 100, 7241
2026/08/26 03:47:10.760, 162.79, 99, 7241
2026/08/26 03:47:11.760, 162.78, 100, 7241
2026/08/26 03:47:12.760, 162.82, 100, 7241
2026/08/26 03:47:13.760, 162.67, 99, 7241
2026/08/26 03:47:14.761, 162.71, 100, 7241
2026/08/26 03:47:15.761, 162.75, 100, 7241
2026/08/26 03:47:16.761, 162.82, 100, 7241
2026/08/26 03:47:17.761, 162.77, 100, 7241
2026/08/26 03:47:18.761, 162.87, 100, 7241
2026/08/26 03:47:19.762, 162.70, 99, 7241
2026/08/26 03:47:20.762, 162.72, 100, 7241
2026/08/26 03:47:21.762, 162.61, 99, 7241
2026/08/26 03:47:22.762, 162.54, 100, 7241
2026/08/26 03:47:23.762, 162.92, 100, 7241
2026/08/26 03:47:24.762, 162.72, 100, 7241
2026/08/26 03:47:25.763, 162.81, 100, 7241
2026/08/26 03:47:26.763, 162.72, 100, 7241
2026/08/26 03:47:27.763, 162.45, 100, 7241
2026/08/26 03:47:28.763, 162.79, 100, 7241
2026/08/26 03:47:29.763, 162.78, 100, 7241
2026/08/26 03:47:30.763, 162.54, 99, 7241
2026/08/26 03:47:31.764, 162.83, 100, 7241
2026/08/26 03:47:32.764, 162.76, 100, 7241
2026/08/26 03:47:33.764, 162.82, 100, 7241
2026/08/26 03:47:34.764, 162.68, 100, 7241
2026/08/26 03:47:35.764, 162.71, 100, 7241
2026/08/26 03:47:36.765, 155.57, 54, 7241
2026/08/26 03:47:37.765, 153.10, 99, 7241
2026/08/26 03:47:38.765, 159.20, 100, 7241
2026/08/26 03:47:39.765, 159.30, 100, 7241
2026/08/26 03:47:40.765, 159.12, 100, 7241
2026/08/26 03:47:41.766, 159.03, 100, 7241
2026/08/26 03:47:42.766, 159.04, 100, 7241
2026/08/26 03:47:43.766, 158.63, 100, 7241
2026/08/26 03:47:44.766, 158.36, 98, 7241
2026/08/26 03:47:45.766, 158.93, 100, 7241
2026/08/26 03:47:46.767, 159.05, 100, 7241
2026/08/26 03:47:47.767, 158.98, 100, 7241
2026/08/26 03:47:48.767, 159.29, 100, 7241
2026/08/26 03:47:49.767, 158.78, 100, 7241
2026/08/26 03:47:50.767, 158.89, 100, 7241
2026/08/26 03:47:51.768, 158.31, 98, 7241
2026/08/26 03:47:52.768, 158.66, 98, 7241
2026/08/26 03:47:53.768, 159.38, 100, 7241
2026/08/26 03:47:54.768, 159.81, 100, 7241
2026/08/26 03:47:55.768, 158.98, 100, 7241
2026/08/26 03:47:56.769, 158.52, 100, 7241
2026/08/26 03:47:57.769, 158.69, 100, 7241
2026/08/26 03:47:58.769, 159.00, 100, 7241
2026/08/26 03:47:59.769, 158.40, 98, 7241
2026/08/26 03:48:00.769, 158.64, 99, 7241
2026/08/26 03:48:01.770, 159.17, 100, 7241
2026/08/26 03:48:02.770, 159.24, 100, 7241
2026/08/26 03:48:03.770, 159.04, 100, 7241
2026/08/26 03:48:04.770, 158.90, 100, 7241
2026/08/26 03:48:05.770, 158.77, 100, 7241
2026/08/26 03:48:06.770, 158.74, 99, 7241
2026/08/26 03:48:07.771, 158.89, 98, 7241
2026/08/26 03:48:08.771, 159.45, 100, 7241
2026/08/26 03:48:09.771, 159.74, 100, 7241
2026/08/26 03:48:10.771, 159.05, 100, 7241
2026/08/26 03:48:11.771, 158.99, 100, 7241
2026/08/26 03:48:12.772, 158.59, 100, 7241
2026/08/26 03:48:13.772, 158.53, 100, 7241
2026/08/26 03:48:14.772, 158.56, 97, 7241
2026/08/26 03:48:15.772, 158.86, 98, 7241
2026/08/26 03:48:16.772, 159.59, 100, 7241
2026/08/26 03:48:17.773, 159.63, 100, 7241
2026/08/26 03:48:18.773, 158.95, 100, 7241
2026/08/26 03:48:19.773, 158.85, 100, 7241
2026/08/26 03:48:20.773, 158.61, 100, 7241
2026/08/26 03:48:21.773, 158.85, 100, 7241
2026/08/26 03:48:22.773, 158.63, 98, 7241
2026/08/26 03:48:23.774, 159.24, 100, 7241
2026/08/26 03:48:24.774, 159.33, 100, 7241
2026/08/26 03:48:25.774, 159.49, 100, 7241
2026/08/26 03:48:26.774, 158.85, 100, 7241
2026/08/26 03:48:27.774, 158.83, 100, 7241
2026/08/26 03:48:28.774, 158.77, 100, 7241
2026/08/26 03:48:29.775, 158.09, 98, 7241
2026/08/26 03:48:30.775, 158.95, 98, 7241
2026/08/26 03:48:31.775, 158.91, 100, 7241
2026/08/26 03:48:32.775, 159.53, 100, 7241
2026/08/26 03:48:33.776, 159.06, 100, 7241
2026/08/26 03:48:34.776, 158.85, 100, 7241
2026/08/26 03:48:35.776, 158.99, 100, 7241
2026/08/26 03:48:36.776, 158.80, 100, 7241
2026/08/26 03:48:37.776, 158.42, 98, 7241
2026/08/26 03:48:38.776, 159.23, 100, 7241
2026/08/26 03:48:39.777, 159.51, 100, 7241
2026/08/26 03:48:40.777, 158.63, 100, 7241
2026/08/26 03:48:41.777, 158.69, 100, 7241
2026/08/26 03:48:42.777, 158.62, 100, 7241
2026/08/26 03:48:43.777, 158.51, 100, 7241
2026/08/26 03:48:44.778, 158.05, 98, 7241
2026/08/26 03:48:45.778, 159.17, 98, 7241
2026/08/26 03:48:46.778, 158.79, 100, 7241
2026/08/26 03:48:47.778, 159.71, 100, 7241
2026/08/26 03:48:48.778, 159.62, 100, 7241
2026/08/26 03:48:49.778, 158.88, 100, 7241
2026/08/26 03:48:50.779, 158.61, 100, 7241
2026/08/26 03:48:51.779, 158.30, 100, 7241
2026/08/26 03:48:52.779, 158.70, 98, 7241
2026/08/26 03:48:53.779, 158.79, 100, 7241
2026/08/26 03:48:54.779, 159.52, 100, 7241
2026/08/26 03:48:55.779, 159.51, 100, 7241
2026/08/26 03:48:56.780, 158.88, 100, 7241
2026/08/26 03:48:57.780, 159.07, 100, 7241
2026/08/26 03:48:58.780, 159.13, 100, 7241
2026/08/26 03:48:59.780, 158.23, 98, 7241
2026/08/26 03:49:00.780, 158.52, 98, 7241
2026/08/26 03:49:01.780, 158.91, 100, 7241
2026/08/26 03:49:02.781, 159.08, 100, 7241
2026/08/26 03:49:03.781, 159.11, 100, 7241
2026/08/26 03:49:04.781, 159.09, 100, 7241
2026/08/26 03:49:05.781, 158.69, 100, 7241
2026/08/26 03:49:06.781, 158.68, 100, 7241
2026/08/26 03:49:07.782, 158.78, 98, 7241
2026/08/26 03:49:08.782, 158.85, 100, 7241
2026/08/26 03:49:09.782, 159.24, 100, 7241
2026/08/26 03:49:10.782, 159.06, 100, 7241
2026/08/26 03:49:11.782, 159.49, 100, 7241
2026/08/26 03:49:12.782, 158.48, 100, 7241
2026/08/26 03:49:13.783, 159.26, 100, 7241
2026/08/26 03:49:14.783, 159.12, 98, 7241
2026/08/26 03:49:15.783, 159.24, 98, 7241
2026/08/26 03:49:16.783, 159.27, 100, 7241
2026/08/26 03:49:17.783, 159.17, 100, 7241
2026/08/26 03:49:18.784, 158.81, 100, 7241
2026/08/26 03:49:19.784, 158.71, 100, 7241
2026/08/26 03:49:20.784, 158.04, 100, 7241
2026/08/26 03:49:21.784, 158.23, 100, 7241
2026/08/26 03:49:22.784, 159.33, 98, 7241
2026/08/26 03:49:23.784, 159.37, 100, 7241
2026/08/26 03:49:24.785, 158.60, 100, 7241
2026/08/26 03:49:25.785, 158.75, 100, 7241
2026/08/26 03:49:26.785, 158.57, 100, 7241
2026/08/26 03:49:27.785, 158.54, 100, 7241
2026/08/26 03:49:28.785, 158.69, 98, 7241
2026/08/26 03:49:29.786, 159.21, 100, 7241
2026/08/26 03:49:30.786, 159.41, 100, 7241
2026/08/26 03:49:31.786, 158.79, 100, 7241
2026/08/26 03:49:32.786, 158.82, 100, 7241
2026/08/26 03:49:33.786, 158.29, 100, 7241
2026/08/26 03:49:34.786, 158.58, 100, 7241
2026/08/26 03:49:35.786, 158.06, 98, 7241
2026/08/26 03:49:36.787, 158.64, 98, 7241
2026/08/26 03:49:37.787, 159.26, 100, 7241
2026/08/26 03:49:38.787, 159.17, 100, 7241
2026/08/26 03:49:39.787, 158.59, 100, 7241
2026/08/26 03:49:40.787, 158.61, 100, 7241
2026/08/26 03:49:41.787, 157.75, 100, 7241
2026/08/26 03:49:42.788, 158.22, 100, 7241
2026/08/26 03:49:43.788, 158.17, 98, 7241
2026/08/26 03:49:44.788, 158.33, 99, 7241
2026/08/26 03:49:45.788, 158.72, 100, 7241
2026/08/26 03:49:46.788, 158.83, 100, 7241
2026/08/26 03:49:47.788, 158.68, 100, 7241
2026/08/26 03:49:48.788, 158.61, 100, 7241
2026/08/26 03:49:49.789, 158.28, 100, 7241
2026/08/26 03:49:50.789, 158.46, 100, 7241
2026/08/26 03:49:51.789, 157.93, 98, 7241
2026/08/26 03:49:52.789, 158.89, 100, 7241
2026/08/26 03:49:53.789, 159.23, 100, 7241
2026/08/26 03:49:54.789, 159.18, 100, 7241
2026/08/26 03:49:55.790, 158.96, 100, 7241
2026/08/26 03:49:56.790, 158.38, 100, 7241
2026/08/26 03:49:57.790, 158.55, 100, 7241
2026/08/26 03:49:58.790, 158.16, 98, 7241
2026/08/26 03:49:59.790, 158.25, 98, 7241
2026/08/26 03:50:00.790, 159.07, 100, 7241
2026/08/26 03:50:01.791, 158.89, 100, 7241
2026/08/26 03:50:02.791, 158.91, 100, 7241
2026/08/26 03:50:03.791, 158.58, 100, 7241
2026/08/26 03:50:04.791, 158.19, 100, 7241
2026/08/26 03:50:05.791, 158.23, 100, 7241
2026/08/26 03:50:06.791, 157.92, 98, 7241
2026/08/26 03:50:07.792, 158.88, 98, 7241
2026/08/26 03:50:08.792, 158.80, 100, 7241
2026/08/26 03:50:09.792, 158.94, 100, 7241
2026/08/26 03:50:10.792, 158.38, 100, 7241
2026/08/26 03:50:11.792, 158.44, 100, 7241
2026/08/26 03:50:12.793, 158.49, 100, 7241
2026/08/26 03:50:13.793, 158.48, 100, 7241
2026/08/26 03:50:14.793, 158.36, 98, 7241
2026/08/26 03:50:15.793, 158.84, 100, 7241
2026/08/26 03:50:16.793, 159.74, 100, 7241
2026/08/26 03:50:17.793, 159.16, 100, 7241
2026/08/26 03:50:18.794, 159.12, 100, 7241
2026/08/26 03:50:19.794, 158.68, 100, 7241
2026/08/26 03:50:20.794, 158.09, 100, 7241
2026/08/26 03:50:21.794, 157.64, 98, 7241
2026/08/26 03:50:22.794, 158.05, 98, 7241
2026/08/26 03:50:23.794, 158.98, 100, 7241
2026/08/26 03:50:24.795, 159.00, 100, 7241
2026/08/26 03:50:25.795, 159.31, 100, 7241
2026/08/26 03:50:26.795, 158.58, 100, 7241
2026/08/26 03:50:27.795, 158.72, 100, 7241
2026/08/26 03:50:28.795, 158.75, 100, 7241
2026/08/26 03:50:29.796, 158.38, 98, 7241
2026/08/26 03:50:30.796, 158.47, 100, 7241
2026/08/26 03:50:31.796, 159.12, 100, 7241
2026/08/26 03:50:32.796, 159.21, 100, 7241
2026/08/26 03:50:33.796, 158.96, 100, 7241
2026/08/26 03:50:34.797, 158.58, 100, 7241
2026/08/26 03:50:35.797, 158.19, 100, 7241
2026/08/26 03:50:36.797, 157.97, 98, 7241
2026/08/26 03:50:37.797, 158.14, 98, 7241
2026/08/26 03:50:38.797, 158.58, 100, 7241
2026/08/26 03:50:39.797, 159.42, 100, 7241
2026/08/26 03:50:40.798, 158.71, 100, 7241
2026/08/26 03:50:41.798, 158.80, 100, 7241
2026/08/26 03:50:42.798, 158.54, 100, 7241
2026/08/26 03:50:43.798, 158.42, 100, 7241
2026/08/26 03:50:44.798, 159.10, 98, 7241
2026/08/26 03:50:45.798, 158.56, 100, 7241
2026/08/26 03:50:46.799, 159.06, 100, 7241
2026/08/26 03:50:47.799, 159.47, 100, 7241
2026/08/26 03:50:48.799, 158.56, 100, 7241
2026/08/26 03:50:49.799, 158.57, 100, 7241
2026/08/26 03:50:50.799, 158.64, 100, 7241
2026/08/26 03:50:51.800, 158.42, 98, 7241
2026/08/26 03:50:52.800, 158.70, 98, 7241
2026/08/26 03:50:53.800, 158.76, 100, 7241
2026/08/26 03:50:54.800, 158.78, 100, 7241
2026/08/26 03:50:55.800, 159.17, 100, 7241
2026/08/26 03:50:56.801, 158.82, 100, 7241
2026/08/26 03:50:57.801, 159.07, 100, 7241
2026/08/26 03:50:58.801, 158.67, 100, 7241
2026/08/26 03:50:59.801, 158.98, 98, 7241
2026/08/26 03:51:00.801, 158.67, 100, 7241
2026/08/26 03:51:01.801, 159.15, 100, 7241
2026/08/26 03:51:02.802, 159.47, 100, 7241
2026/08/26 03:51:03.802, 159.37, 100, 7241
2026/08/26 03:51:04.802, 158.94, 100, 7241
2026/08/26 03:51:05.802, 159.01, 100, 7241
2026/08/26 03:51:06.802, 158.89, 98, 7241
2026/08/26 03:51:07.803, 158.51, 98, 7241
2026/08/26 03:51:08.803, 158.76, 100, 7241
2026/08/26 03:51:09.803, 159.59, 100, 7241
2026/08/26 03:51:10.803, 158.90, 100, 7241
2026/08/26 03:51:11.803, 159.04, 100, 7241
2026/08/26 03:51:12.804, 158.49, 100, 7241
2026/08/26 03:51:13.804, 158.70, 100, 7241
2026/08/26 03:51:14.804, 158.40, 98, 7241
2026/08/26 03:51:15.804, 158.60, 100, 7241
2026/08/26 03:51:16.804, 159.17, 100, 7241
2026/08/26 03:51:17.805, 159.34, 100, 7241
2026/08/26 03:51:18.805, 158.89, 100, 7241
2026/08/26 03:51:19.805, 159.13, 100, 7241
2026/08/26 03:51:20.805, 158.32, 100, 7241
2026/08/26 03:51:21.805, 158.40, 100, 7241
2026/08/26 03:51:22.805, 162.30, 100, 7241
2026/08/26 03:51:23.806, 162.38, 100, 7241
2026/08/26 03:51:24.806, 162.43, 100, 7241
2026/08/26 03:51:25.806, 162.51, 100, 7241
2026/08/26 03:51:26.806, 162.37, 100, 7241
2026/08/26 03:51:27.806, 162.61, 100, 7241
2026/08/26 03:51:28.807, 162.63, 99, 7241
2026/08/26 03:51:29.807, 162.29, 100, 7241
2026/08/26 03:51:30.807, 162.63, 100, 7241
2026/08/26 03:51:31.807, 162.19, 99, 7241
2026/08/26 03:51:32.807, 162.60, 100, 7241
2026/08/26 03:51:33.807, 162.77, 100, 7241
2026/08/26 03:51:34.807, 162.60, 100, 7241
2026/08/26 03:51:35.808, 162.57, 100, 7241
2026/08/26 03:51:36.808, 162.73, 100, 7241
2026/08/26 03:51:37.808, 162.65, 99, 7241
2026/08/26 03:51:38.808, 162.64, 100, 7241
2026/08/26 03:51:39.808, 162.86, 100, 7241
2026/08/26 03:51:40.809, 162.69, 99, 7241
2026/08/26 03:51:41.809, 162.87, 100, 7241
2026/08/26 03:51:42.809, 162.82, 100, 7241
2026/08/26 03:51:43.809, 162.83, 100, 7241
2026/08/26 03:51:44.809, 162.74, 100, 7241
2026/08/26 03:51:45.809, 162.75, 100, 7241
2026/08/26 03:51:46.809, 162.84, 99, 7241
2026/08/26 03:51:47.810, 162.86, 100, 7241
2026/08/26 03:51:48.810, 162.75, 99, 7241
2026/08/26 03:51:49.810, 162.70, 100, 7241
2026/08/26 03:51:50.810, 162.74, 100, 7241
2026/08/26 03:51:51.810, 162.51, 99, 7241
2026/08/26 03:51:52.810, 162.77, 100, 7241
2026/08/26 03:51:53.811, 162.79, 100, 7241
2026/08/26 03:51:54.811, 162.66, 98, 7241
2026/08/26 03:51:55.811, 162.59, 100, 7241
2026/08/26 03:51:56.811, 163.08, 100, 7241
2026/08/26 03:51:57.811, 162.91, 99, 7241
2026/08/26 03:51:58.811, 162.73, 100, 7241
2026/08/26 03:51:59.812, 162.69, 100, 7241
2026/08/26 03:52:00.812, 162.75, 100, 7241
2026/08/26 03:52:01.812, 162.76, 100, 7241
2026/08/26 03:52:02.812, 162.80, 100, 7241
2026/08/26 03:52:03.812, 162.83, 99, 7241
2026/08/26 03:52:04.812, 162.77, 100, 7241
2026/08/26 03:52:05.812, 162.79, 100, 7241
2026/08/26 03:52:06.813, 162.71, 100, 7241
2026/08/26 03:52:07.813, 162.84, 100, 7241
2026/08/26 03:52:08.813, 162.65, 99, 7241
2026/08/26 03:52:09.813, 162.73, 100, 7241
2026/08/26 03:52:10.813, 162.81, 100, 7241
2026/08/26 03:52:11.813, 162.82, 99, 7241
2026/08/26 03:52:12.814, 163.04, 100, 7241
2026/08/26 03:52:13.814, 162.87, 100, 7241
2026/08/26 03:52:14.814, 153.07, 100, 7241
2026/08/26 03:52:15.814, 157.99, 98, 7241
2026/08/26 03:52:16.814, 159.34, 98, 7241
2026/08/26 03:52:17.814, 158.74, 100, 7241
2026/08/26 03:52:18.815, 159.29, 100, 7241
2026/08/26 03:52:19.815, 159.32, 100, 7241
2026/08/26 03:52:20.815, 159.29, 100, 7241
2026/08/26 03:52:21.815, 158.94, 100, 7241
2026/08/26 03:52:22.815, 158.61, 100, 7241
2026/08/26 03:52:23.815, 158.43, 98, 7241
2026/08/26 03:52:24.815, 158.76, 98, 7241
2026/08/26 03:52:25.816, 159.67, 100, 7241
2026/08/26 03:52:26.816, 159.50, 100, 7241
2026/08/26 03:52:27.816, 158.99, 100, 7241
2026/08/26 03:52:28.816, 158.57, 100, 7241
2026/08/26 03:52:29.816, 158.46, 100, 7241
2026/08/26 03:52:30.816, 158.55, 100, 7241
2026/08/26 03:52:31.817, 158.25, 98, 7241
2026/08/26 03:52:32.817, 158.50, 100, 7241
2026/08/26 03:52:33.817, 158.81, 100, 7241
2026/08/26 03:52:34.817, 158.48, 100, 7241
2026/08/26 03:52:35.817, 158.68, 100, 7241
2026/08/26 03:52:36.817, 159.04, 100, 7241
2026/08/26 03:52:37.818, 158.67, 100, 7241
2026/08/26 03:52:38.818, 158.17, 98, 7241
2026/08/26 03:52:39.818, 158.74, 98, 7241
2026/08/26 03:52:40.818, 158.57, 100, 7241
2026/08/26 03:52:41.818, 159.25, 100, 7241
2026/08/26 03:52:42.818, 159.02, 100, 7241
2026/08/26 03:52:43.818, 159.33, 100, 7241
2026/08/26 03:52:44.819, 158.94, 100, 7241
2026/08/26 03:52:45.819, 158.77, 100, 7241
2026/08/26 03:52:46.819, 158.83, 98, 7241
2026/08/26 03:52:47.819, 159.31, 100, 7241
2026/08/26 03:52:48.819, 159.31, 100, 7241
2026/08/26 03:52:49.820, 159.01, 100, 7241
2026/08/26 03:52:50.820, 158.69, 100, 7241
2026/08/26 03:52:51.820, 158.84, 100, 7241
2026/08/26 03:52:52.820, 158.99, 100, 7241
2026/08/26 03:52:53.820, 158.92, 98, 7241
2026/08/26 03:52:54.820, 159.09, 98, 7241
2026/08/26 03:52:55.821, 159.44, 100, 7241
2026/08/26 03:52:56.821, 159.83, 100, 7241
2026/08/26 03:52:57.821, 159.56, 100, 7241
2026/08/26 03:52:58.821, 158.66, 100, 7241
2026/08/26 03:52:59.821, 159.08, 100, 7241
2026/08/26 03:53:00.822, 159.19, 99, 7241
2026/08/26 03:53:01.822, 158.59, 98, 7241
2026/08/26 03:53:02.822, 158.80, 100, 7241
2026/08/26 03:53:03.822, 159.21, 100, 7241
2026/08/26 03:53:04.822, 159.30, 100, 7241
2026/08/26 03:53:05.822, 158.72, 100, 7241
2026/08/26 03:53:06.823, 158.47, 100, 7241
2026/08/26 03:53:07.823, 158.73, 100, 7241
2026/08/26 03:53:08.823, 158.90, 98, 7241
2026/08/26 03:53:09.823, 158.67, 98, 7241
2026/08/26 03:53:10.823, 159.27, 100, 7241
2026/08/26 03:53:11.824, 159.61, 100, 7241
2026/08/26 03:53:12.824, 159.06, 100, 7241
2026/08/26 03:53:13.824, 158.39, 100, 7241
2026/08/26 03:53:14.824, 158.61, 100, 7241
2026/08/26 03:53:15.824, 158.32, 100, 7241
2026/08/26 03:53:16.824, 158.84, 98, 7241
2026/08/26 03:53:17.825, 158.74, 100, 7241
2026/08/26 03:53:18.825, 159.01, 100, 7241
2026/08/26 03:53:19.825, 159.58, 100, 7241
2026/08/26 03:53:20.825, 158.72, 100, 7241
2026/08/26 03:53:21.825, 158.93, 100, 7241
2026/08/26 03:53:22.826, 158.49, 100, 7241
2026/08/26 03:53:23.826, 158.44, 98, 7241
2026/08/26 03:53:24.826, 159.68, 98, 7241
2026/08/26 03:53:25.826, 159.74, 100, 7241
2026/08/26 03:53:26.826, 159.96, 100, 7241
2026/08/26 03:53:27.827, 159.41, 100, 7241
2026/08/26 03:53:28.827, 159.00, 100, 7241
2026/08/26 03:53:29.827, 159.02, 100, 7241
2026/08/26 03:53:30.827, 158.84, 99, 7241
2026/08/26 03:53:31.827, 158.97, 98, 7241
2026/08/26 03:53:32.827, 159.35, 100, 7241
2026/08/26 03:53:33.828, 159.86, 100, 7241
2026/08/26 03:53:34.828, 159.15, 100, 7241
2026/08/26 03:53:35.828, 159.24, 100, 7241
2026/08/26 03:53:36.828, 158.72, 100, 7241
2026/08/26 03:53:37.828, 158.33, 100, 7241
2026/08/26 03:53:38.829, 158.35, 98, 7241
2026/08/26 03:53:39.829, 159.11, 98, 7241
2026/08/26 03:53:40.829, 159.88, 100, 7241
2026/08/26 03:53:41.829, 160.01, 100, 7241
2026/08/26 03:53:42.829, 159.43, 100, 7241
2026/08/26 03:53:43.829, 159.42, 100, 7241
2026/08/26 03:53:44.830, 159.32, 100, 7241
2026/08/26 03:53:45.830, 158.44, 98, 7241
2026/08/26 03:53:46.830, 158.97, 98, 7241
2026/08/26 03:53:47.830, 158.94, 100, 7241
2026/08/26 03:53:48.830, 158.99, 100, 7241
2026/08/26 03:53:49.831, 158.74, 100, 7241
2026/08/26 03:53:50.831, 158.68, 100, 7241
2026/08/26 03:53:51.831, 158.52, 100, 7241
2026/08/26 03:53:52.831, 158.67, 100, 7241
2026/08/26 03:53:53.831, 158.22, 98, 7241
2026/08/26 03:53:54.832, 158.67, 100, 7241
2026/08/26 03:53:55.832, 159.60, 100, 7241
2026/08/26 03:53:56.832, 159.66, 100, 7241
2026/08/26 03:53:57.832, 159.75, 100, 7241
2026/08/26 03:53:58.832, 158.91, 100, 7241
2026/08/26 03:53:59.833, 158.85, 100, 7241
2026/08/26 03:54:00.833, 157.99, 98, 7241
2026/08/26 03:54:01.833, 158.53, 98, 7241
2026/08/26 03:54:02.833, 159.26, 100, 7241
2026/08/26 03:54:03.833, 159.55, 100, 7241
2026/08/26 03:54:04.834, 158.91, 100, 7241
2026/08/26 03:54:05.834, 158.75, 100, 7241
2026/08/26 03:54:06.834, 158.63, 100, 7241
2026/08/26 03:54:07.834, 158.73, 100, 7241
2026/08/26 03:54:08.834, 158.61, 98, 7241
2026/08/26 03:54:09.835, 158.61, 100, 7241
2026/08/26 03:54:10.835, 159.45, 100, 7241
2026/08/26 03:54:11.835, 158.85, 100, 7241
2026/08/26 03:54:12.835, 159.16, 100, 7241
2026/08/26 03:54:13.835, 158.51, 100, 7241
2026/08/26 03:54:14.836, 158.88, 100, 7241
2026/08/26 03:54:15.836, 158.86, 98, 7241
2026/08/26 03:54:16.836, 159.34, 98, 7241
2026/08/26 03:54:17.836, 159.01, 100, 7241
2026/08/26 03:54:18.836, 159.14, 100, 7241
2026/08/26 03:54:19.836, 159.27, 100, 7241
2026/08/26 03:54:20.837, 159.10, 100, 7241
2026/08/26 03:54:21.837, 159.09, 100, 7241
2026/08/26 03:54:22.837, 159.37, 100, 7241
2026/08/26 03:54:23.837, 158.72, 98, 7241
2026/08/26 03:54:24.837, 159.94, 100, 7241
2026/08/26 03:54:25.837, 159.71, 100, 7241
2026/08/26 03:54:26.838, 159.51, 100, 7241
2026/08/26 03:54:27.838, 159.39, 100, 7241
2026/08/26 03:54:28.838, 159.09, 100, 7241
2026/08/26 03:54:29.838, 158.80, 100, 7241
2026/08/26 03:54:30.838, 158.33, 98, 7241
2026/08/26 03:54:31.838, 158.66, 100, 7241
2026/08/26 03:54:32.839, 159.49, 100, 7241
2026/08/26 03:54:33.839, 159.45, 100, 7241
2026/08/26 03:54:34.839, 159.26, 100, 7241
2026/08/26 03:54:35.839, 158.77, 100, 7241
2026/08/26 03:54:36.839, 158.60, 100, 7241
2026/08/26 03:54:37.840, 157.99, 98, 7241
2026/08/26 03:54:38.840, 158.82, 98, 7241
2026/08/26 03:54:39.840, 158.93, 100, 7241
2026/08/26 03:54:40.840, 159.43, 100, 7241
2026/08/26 03:54:41.840, 158.94, 100, 7241
2026/08/26 03:54:42.841, 158.60, 100, 7241
2026/08/26 03:54:43.841, 158.41, 100, 7241
2026/08/26 03:54:44.841, 158.63, 100, 7241
2026/08/26 03:54:45.841, 158.43, 98, 7241
2026/08/26 03:54:46.841, 158.98, 100, 7241
2026/08/26 03:54:47.841, 159.33, 100, 7241
2026/08/26 03:54:48.842, 159.07, 100, 7241
2026/08/26 03:54:49.842, 158.82, 100, 7241
2026/08/26 03:54:50.842, 158.81, 100, 7241
2026/08/26 03:54:51.842, 158.76, 100, 7241
2026/08/26 03:54:52.842, 158.12, 98, 7241
2026/08/26 03:54:53.842, 159.17, 98, 7241
2026/08/26 03:54:54.843, 158.53, 100, 7241
2026/08/26 03:54:55.843, 159.71, 100, 7241
2026/08/26 03:54:56.843, 159.66, 100, 7241
2026/08/26 03:54:57.843, 158.91, 100, 7241
2026/08/26 03:54:58.843, 158.78, 100, 7241
2026/08/26 03:54:59.844, 158.59, 100, 7241
2026/08/26 03:55:00.844, 158.75, 98, 7241
2026/08/26 03:55:01.844, 158.48, 99, 7241
2026/08/26 03:55:02.844, 159.25, 100, 7241
2026/08/26 03:55:03.844, 158.96, 100, 7241
2026/08/26 03:55:04.845, 158.97, 100, 7241
2026/08/26 03:55:05.845, 158.62, 100, 7241
2026/08/26 03:55:06.845, 158.63, 100, 7241
2026/08/26 03:55:07.845, 158.41, 98, 7241
2026/08/26 03:55:08.845, 158.46, 98, 7241
2026/08/26 03:55:09.845, 158.71, 100, 7241
2026/08/26 03:55:10.846, 159.02, 100, 7241
2026/08/26 03:55:11.846, 159.23, 100, 7241
2026/08/26 03:55:12.846, 159.21, 100, 7241
2026/08/26 03:55:13.846, 158.68, 100, 7241
2026/08/26 03:55:14.847, 159.34, 100, 7241
2026/08/26 03:55:15.847, 158.63, 98, 7241
2026/08/26 03:55:16.847, 158.71, 100, 7241
2026/08/26 03:55:17.847, 158.92, 100, 7241
2026/08/26 03:55:18.847, 158.93, 100, 7241
2026/08/26 03:55:19.847, 158.78, 100, 7241
2026/08/26 03:55:20.848, 158.90, 100, 7241
2026/08/26 03:55:21.848, 158.99, 100, 7241
2026/08/26 03:55:22.848, 158.37, 98, 7241
2026/08/26 03:55:23.848, 158.58, 98, 7241
2026/08/26 03:55:24.848, 158.67, 100, 7241
2026/08/26 03:55:25.849, 159.55, 100, 7241
2026/08/26 03:55:26.849, 159.05, 100, 7241
2026/08/26 03:55:27.849, 158.62, 100, 7241
2026/08/26 03:55:28.849, 158.67, 100, 7241
2026/08/26 03:55:29.849, 158.50, 100, 7241
2026/08/26 03:55:30.850, 158.47, 98, 7241
2026/08/26 03:55:31.850, 159.40, 100, 7241
2026/08/26 03:55:32.850, 159.70, 100, 7241
2026/08/26 03:55:33.850, 159.28, 100, 7241
2026/08/26 03:55:34.850, 158.74, 100, 7241
2026/08/26 03:55:35.851, 158.58, 100, 7241
2026/08/26 03:55:36.851, 158.68, 100, 7241
2026/08/26 03:55:37.851, 158.19, 98, 7241
2026/08/26 03:55:38.851, 158.45, 98, 7241
2026/08/26 03:55:39.851, 159.04, 100, 7241
2026/08/26 03:55:40.851, 159.18, 100, 7241
2026/08/26 03:55:41.852, 159.66, 100, 7241
2026/08/26 03:55:42.852, 158.76, 100, 7241
2026/08/26 03:55:43.852, 159.07, 100, 7241
2026/08/26 03:55:44.852, 158.61, 100, 7241
2026/08/26 03:55:45.852, 158.11, 98, 7241
2026/08/26 03:55:46.852, 158.26, 100, 7241
2026/08/26 03:55:47.853, 158.90, 100, 7241
2026/08/26 03:55:48.853, 159.27, 100, 7241
2026/08/26 03:55:49.853, 158.83, 100, 7241
2026/08/26 03:55:50.853, 159.34, 100, 7241
2026/08/26 03:55:51.853, 158.72, 100, 7241
2026/08/26 03:55:52.854, 158.57, 98, 7241
2026/08/26 03:55:53.854, 159.44, 98, 7241
2026/08/26 03:55:54.854, 159.20, 100, 7241
2026/08/26 03:55:55.854, 159.17, 100, 7241
2026/08/26 03:55:56.854, 159.17, 100, 7241
2026/08/26 03:55:57.855, 158.82, 100, 7241
2026/08/26 03:55:58.855, 157.71, 100, 7241
2026/08/26 03:55:59.855, 162.29, 100, 7241
2026/08/26 03:56:00.855, 162.48, 100, 7241
2026/08/26 03:56:01.855, 162.34, 100, 7241
2026/08/26 03:56:02.855, 162.71, 100, 7241
2026/08/26 03:56:03.856, 162.31, 99, 7241
2026/08/26 03:56:04.856, 162.52, 100, 7241
2026/08/26 03:56:05.856, 162.62, 100, 7241
2026/08/26 03:56:06.856, 162.52, 99, 7241
2026/08/26 03:56:07.856, 162.74, 100, 7241
2026/08/26 03:56:08.856, 162.52, 100, 7241
2026/08/26 03:56:09.857, 162.46, 99, 7241
2026/08/26 03:56:10.857, 162.56, 100, 7241
2026/08/26 03:56:11.857, 162.64, 100, 7241
2026/08/26 03:56:12.857, 162.38, 99, 7241
2026/08/26 03:56:13.857, 162.59, 100, 7241
2026/08/26 03:56:14.858, 162.38, 100, 7241
2026/08/26 03:56:15.858, 162.66, 99, 7241
2026/08/26 03:56:16.858, 162.58, 100, 7241
2026/08/26 03:56:17.858, 162.58, 100, 7241
2026/08/26 03:56:18.858, 162.82, 99, 7241
2026/08/26 03:56:19.858, 162.60, 100, 7241
2026/08/26 03:56:20.859, 162.62, 99, 7241
2026/08/26 03:56:21.859, 162.73, 100, 7241
2026/08/26 03:56:22.859, 162.44, 100, 7241
2026/08/26 03:56:23.859, 162.60, 99, 7241
2026/08/26 03:56:24.859, 162.67, 100, 7241
2026/08/26 03:56:25.859, 162.76, 100, 7241
2026/08/26 03:56:26.860, 162.50, 99, 7241
2026/08/26 03:56:27.860, 162.59, 100, 7241
2026/08/26 03:56:28.860, 162.51, 100, 7241
2026/08/26 03:56:29.860, 162.72, 99, 7241
2026/08/26 03:56:30.860, 162.86, 100, 7241
2026/08/26 03:56:31.861, 162.68, 100, 7241
2026/08/26 03:56:32.861, 162.78, 100, 7241
2026/08/26 03:56:33.861, 162.77, 100, 7241
2026/08/26 03:56:34.861, 162.74, 99, 7241
2026/08/26 03:56:35.861, 162.57, 100, 7241
2026/08/26 03:56:36.861, 162.46, 100, 7241
2026/08/26 03:56:37.862, 162.54, 100, 7241
2026/08/26 03:56:38.862, 162.77, 100, 7241
2026/08/26 03:56:39.862, 162.73, 99, 7241
2026/08/26 03:56:40.862, 162.64, 100, 7241
2026/08/26 03:56:41.862, 162.54, 100, 7241
2026/08/26 03:56:42.863, 162.68, 99, 7241
2026/08/26 03:56:43.863, 162.58, 100, 7241
2026/08/26 03:56:44.863, 162.60, 100, 7241
2026/08/26 03:56:45.863, 162.68, 100, 7241
2026/08/26 03:56:46.863, 162.36, 100, 7241
2026/08/26 03:56:47.864, 162.67, 100, 7241
2026/08/26 03:56:48.864, 162.59, 100, 7241
2026/08/26 03:56:49.864, 162.63, 100, 7241
2026/08/26 03:56:50.864, 162.60, 100, 7241
2026/08/26 03:56:51.864, 153.34, 100, 7241
2026/08/26 03:56:52.865, 158.63, 98, 7241
2026/08/26 03:56:53.865, 158.56, 100, 7241
2026/08/26 03:56:54.865, 159.31, 100, 7241
2026/08/26 03:56:55.865, 159.03, 100, 7241
2026/08/26 03:56:56.874, 159.17, 100, 7241
2026/08/26 03:56:57.874, 158.71, 100, 7241
2026/08/26 03:56:58.874, 158.54, 100, 7241
2026/08/26 03:56:59.875, 158.25, 98, 7241
2026/08/26 03:57:00.875, 159.11, 98, 7241
2026/08/26 03:57:01.875, 159.01, 100, 7241
2026/08/26 03:57:02.875, 159.87, 100, 7241
2026/08/26 03:57:03.875, 159.18, 100, 7241
2026/08/26 03:57:04.876, 158.97, 100, 7241
2026/08/26 03:57:05.876, 158.77, 100, 7241
2026/08/26 03:57:06.876, 158.59, 100, 7241
2026/08/26 03:57:07.876, 158.22, 98, 7241
2026/08/26 03:57:08.876, 158.53, 98, 7241
2026/08/26 03:57:09.876, 159.00, 100, 7241
2026/08/26 03:57:10.877, 158.86, 100, 7241
2026/08/26 03:57:11.877, 158.89, 100, 7241
2026/08/26 03:57:12.877, 158.61, 100, 7241
2026/08/26 03:57:13.877, 158.83, 100, 7241
2026/08/26 03:57:14.877, 158.66, 100, 7241
2026/08/26 03:57:15.878, 158.04, 98, 7241
2026/08/26 03:57:16.878, 158.39, 100, 7241
2026/08/26 03:57:17.878, 159.18, 100, 7241
2026/08/26 03:57:18.878, 159.37, 100, 7241
2026/08/26 03:57:19.878, 158.83, 100, 7241
2026/08/26 03:57:20.879, 158.64, 100, 7241
2026/08/26 03:57:21.879, 158.28, 100, 7241
2026/08/26 03:57:22.879, 158.07, 98, 7241
2026/08/26 03:57:23.879, 159.00, 98, 7241
2026/08/26 03:57:24.879, 158.48, 100, 7241
2026/08/26 03:57:25.879, 159.47, 100, 7241
2026/08/26 03:57:26.880, 160.29, 100, 7241
2026/08/26 03:57:27.880, 159.13, 100, 7241
2026/08/26 03:57:28.880, 158.48, 100, 7241
2026/08/26 03:57:29.880, 158.74, 100, 7241
2026/08/26 03:57:30.880, 158.90, 98, 7241
2026/08/26 03:57:31.881, 158.56, 100, 7241
2026/08/26 03:57:32.881, 159.42, 100, 7241
2026/08/26 03:57:33.881, 158.86, 100, 7241
2026/08/26 03:57:34.881, 159.04, 100, 7241
2026/08/26 03:57:35.881, 158.78, 100, 7241
2026/08/26 03:57:36.882, 158.62, 100, 7241
2026/08/26 03:57:37.882, 158.75, 98, 7241
2026/08/26 03:57:38.882, 158.91, 98, 7241
2026/08/26 03:57:39.882, 159.42, 100, 7241
2026/08/26 03:57:40.882, 159.62, 100, 7241
2026/08/26 03:57:41.883, 158.91, 100, 7241
2026/08/26 03:57:42.883, 158.62, 100, 7241
2026/08/26 03:57:43.883, 158.64, 100, 7241
2026/08/26 03:57:44.883, 158.95, 99, 7241
2026/08/26 03:57:45.883, 158.45, 98, 7241
2026/08/26 03:57:46.883, 159.49, 100, 7241
2026/08/26 03:57:47.884, 159.14, 100, 7241
2026/08/26 03:57:48.884, 159.23, 100, 7241
2026/08/26 03:57:49.884, 158.81, 100, 7241
2026/08/26 03:57:50.884, 158.80, 100, 7241
2026/08/26 03:57:51.884, 158.73, 100, 7241
2026/08/26 03:57:52.885, 158.48, 98, 7241
2026/08/26 03:57:53.885, 159.35, 99, 7241
2026/08/26 03:57:54.885, 159.58, 100, 7241
2026/08/26 03:57:55.885, 159.28, 100, 7241
2026/08/26 03:57:56.885, 157.73, 100, 7241
2026/08/26 03:57:57.886, 158.64, 100, 7241
2026/08/26 03:57:58.886, 158.64, 100, 7241
2026/08/26 03:57:59.886, 158.32, 100, 7241
2026/08/26 03:58:00.886, 158.42, 98, 7241
2026/08/26 03:58:01.886, 158.46, 100, 7241
2026/08/26 03:58:02.886, 159.11, 100, 7241
2026/08/26 03:58:03.887, 159.32, 100, 7241
2026/08/26 03:58:04.887, 158.70, 100, 7241
2026/08/26 03:58:05.887, 158.67, 100, 7241
2026/08/26 03:58:06.887, 158.58, 100, 7241
2026/08/26 03:58:07.888, 157.84, 98, 7241
2026/08/26 03:58:08.888, 158.95, 98, 7241
2026/08/26 03:58:09.888, 158.93, 100, 7241
2026/08/26 03:58:10.888, 159.44, 100, 7241
2026/08/26 03:58:11.888, 158.68, 100, 7241
2026/08/26 03:58:12.888, 158.55, 100, 7241
2026/08/26 03:58:13.889, 158.46, 100, 7241
2026/08/26 03:58:14.889, 158.43, 100, 7241
2026/08/26 03:58:15.889, 158.40, 98, 7241
2026/08/26 03:58:16.889, 158.22, 100, 7241
2026/08/26 03:58:17.889, 158.68, 100, 7241
2026/08/26 03:58:18.889, 159.30, 100, 7241
2026/08/26 03:58:19.890, 158.59, 100, 7241
2026/08/26 03:58:20.890, 158.53, 100, 7241
2026/08/26 03:58:21.890, 158.45, 100, 7241
2026/08/26 03:58:22.890, 158.24, 98, 7241
2026/08/26 03:58:23.890, 158.33, 98, 7241
2026/08/26 03:58:24.891, 158.78, 100, 7241
2026/08/26 03:58:25.891, 159.08, 100, 7241
2026/08/26 03:58:26.891, 159.28, 100, 7241
2026/08/26 03:58:27.891, 158.70, 100, 7241
2026/08/26 03:58:28.891, 158.44, 100, 7241
2026/08/26 03:58:29.892, 158.38, 100, 7241
2026/08/26 03:58:30.892, 158.24, 98, 7241
2026/08/26 03:58:31.892, 159.18, 98, 7241
2026/08/26 03:58:32.892, 158.74, 100, 7241
2026/08/26 03:58:33.892, 159.06, 100, 7241
2026/08/26 03:58:34.892, 159.11, 100, 7241
2026/08/26 03:58:35.893, 158.55, 100, 7241
2026/08/26 03:58:36.893, 158.56, 100, 7241
2026/08/26 03:58:37.893, 158.23, 100, 7241
2026/08/26 03:58:38.893, 158.51, 98, 7241
2026/08/26 03:58:39.893, 158.60, 100, 7241
2026/08/26 03:58:40.894, 158.93, 100, 7241
2026/08/26 03:58:41.894, 159.31, 100, 7241
2026/08/26 03:58:42.894, 158.58, 100, 7241
2026/08/26 03:58:43.894, 158.52, 100, 7241
2026/08/26 03:58:44.894, 158.35, 100, 7241
2026/08/26 03:58:45.895, 158.33, 98, 7241
2026/08/26 03:58:46.895, 158.83, 98, 7241
2026/08/26 03:58:47.895, 158.68, 100, 7241
2026/08/26 03:58:48.895, 158.61, 100, 7241
2026/08/26 03:58:49.895, 158.99, 100, 7241
2026/08/26 03:58:50.896, 158.32, 100, 7241
2026/08/26 03:58:51.896, 158.18, 100, 7241
2026/08/26 03:58:52.896, 158.28, 100, 7241
2026/08/26 03:58:53.896, 157.74, 98, 7241
2026/08/26 03:58:54.896, 159.09, 98, 7241
2026/08/26 03:58:55.897, 158.85, 100, 7241
2026/08/26 03:58:56.897, 159.29, 100, 7241
2026/08/26 03:58:57.897, 158.58, 100, 7241
2026/08/26 03:58:58.897, 158.76, 100, 7241
2026/08/26 03:58:59.897, 158.25, 100, 7241
2026/08/26 03:59:00.898, 158.51, 100, 7241
2026/08/26 03:59:01.898, 158.13, 98, 7241
2026/08/26 03:59:02.898, 158.76, 100, 7241
2026/08/26 03:59:03.898, 159.01, 100, 7241
2026/08/26 03:59:04.898, 159.13, 100, 7241
2026/08/26 03:59:05.899, 158.65, 100, 7241
2026/08/26 03:59:06.899, 158.36, 100, 7241
2026/08/26 03:59:07.899, 158.31, 100, 7241
2026/08/26 03:59:08.899, 158.50, 99, 7241
2026/08/26 03:59:09.900, 158.21, 98, 7241
2026/08/26 03:59:10.900, 158.43, 100, 7241
2026/08/26 03:59:11.900, 158.82, 100, 7241
2026/08/26 03:59:12.900, 158.16, 100, 7241
2026/08/26 03:59:13.900, 158.46, 100, 7241
2026/08/26 03:59:14.900, 158.22, 100, 7241
2026/08/26 03:59:15.901, 158.58, 100, 7241
2026/08/26 03:59:16.901, 157.94, 98, 7241
2026/08/26 03:59:17.901, 158.44, 99, 7241
2026/08/26 03:59:18.901, 158.71, 100, 7241
2026/08/26 03:59:19.901, 159.27, 100, 7241
2026/08/26 03:59:20.901, 158.47, 100, 7241
2026/08/26 03:59:21.902, 158.60, 100, 7241
2026/08/26 03:59:22.902, 158.65, 100, 7241
2026/08/26 03:59:23.902, 158.36, 100, 7241
2026/08/26 03:59:24.902, 158.07, 98, 7241
2026/08/26 03:59:25.902, 159.27, 98, 7241
2026/08/26 03:59:26.903, 158.76, 100, 7241
2026/08/26 03:59:27.903, 159.15, 100, 7241
2026/08/26 03:59:28.903, 158.64, 100, 7241
2026/08/26 03:59:29.903, 158.72, 100, 7241
2026/08/26 03:59:30.903, 158.50, 100, 7241
2026/08/26 03:59:31.904, 158.20, 100, 7241
2026/08/26 03:59:32.904, 158.07, 98, 7241
2026/08/26 03:59:33.904, 158.95, 100, 7241
2026/08/26 03:59:34.904, 159.30, 100, 7241
2026/08/26 03:59:35.904, 158.78, 100, 7241
2026/08/26 03:59:36.905, 158.79, 100, 7241
2026/08/26 03:59:37.905, 158.18, 100, 7241
2026/08/26 03:59:38.905, 158.17, 100, 7241
2026/08/26 03:59:39.905, 157.56, 98, 7241
2026/08/26 03:59:40.905, 158.63, 98, 7241
2026/08/26 03:59:41.905, 158.65, 100, 7241
2026/08/26 03:59:42.906, 158.58, 100, 7241
2026/08/26 03:59:43.906, 158.87, 100, 7241
2026/08/26 03:59:44.906, 158.20, 100, 7241
2026/08/26 03:59:45.906, 158.31, 100, 7241
2026/08/26 03:59:46.906, 158.24, 100, 7241
2026/08/26 03:59:47.907, 158.08, 98, 7241
2026/08/26 03:59:48.907, 158.36, 98, 7241
2026/08/26 03:59:49.907, 159.10, 100, 7241
2026/08/26 03:59:50.907, 159.46, 100, 7241
2026/08/26 03:59:51.907, 159.03, 100, 7241
2026/08/26 03:59:52.908, 158.40, 100, 7241
2026/08/26 03:59:53.908, 158.35, 100, 7241
2026/08/26 03:59:54.908, 158.16, 100, 7241
2026/08/26 03:59:55.908, 157.75, 97, 7241
2026/08/26 03:59:56.908, 158.26, 100, 7241
2026/08/26 03:59:57.908, 158.87, 100, 7241
2026/08/26 03:59:58.909, 158.61, 100, 7241
2026/08/26 03:59:59.909, 158.74, 100, 7241
2026/08/26 04:00:00.909, 158.34, 100, 7241
2026/08/26 04:00:01.909, 158.29, 100, 7241
2026/08/26 04:00:02.909, 158.04, 98, 7241
2026/08/26 04:00:03.910, 158.59, 98, 7241
2026/08/26 04:00:04.910, 158.63, 100, 7241
2026/08/26 04:00:05.910, 158.67, 100, 7241
2026/08/26 04:00:06.910, 158.80, 100, 7241
2026/08/26 04:00:07.910, 158.34, 100, 7241
2026/08/26 04:00:08.911, 158.24, 100, 7241
2026/08/26 04:00:09.911, 158.17, 100, 7241
2026/08/26 04:00:10.911, 157.63, 98, 7241
2026/08/26 04:00:11.911, 158.91, 98, 7241
2026/08/26 04:00:12.911, 158.51, 100, 7241
2026/08/26 04:00:13.912, 158.82, 100, 7241
2026/08/26 04:00:14.912, 158.96, 100, 7241
2026/08/26 04:00:15.912, 158.36, 100, 7241
2026/08/26 04:00:16.912, 158.05, 100, 7241
2026/08/26 04:00:17.912, 158.42, 100, 7241
2026/08/26 04:00:18.913, 157.97, 98, 7241
2026/08/26 04:00:19.913, 158.18, 100, 7241
2026/08/26 04:00:20.913, 158.76, 100, 7241
2026/08/26 04:00:21.913, 159.04, 100, 7241
2026/08/26 04:00:22.913, 159.07, 100, 7241
2026/08/26 04:00:23.914, 158.36, 100, 7241
2026/08/26 04:00:24.914, 158.47, 100, 7241
2026/08/26 04:00:25.914, 158.07, 99, 7241
2026/08/26 04:00:26.914, 158.24, 98, 7241
2026/08/26 04:00:27.914, 158.43, 100, 7241
2026/08/26 04:00:28.914, 159.05, 100, 7241
2026/08/26 04:00:29.915, 158.54, 100, 7241
2026/08/26 04:00:30.915, 158.43, 100, 7241
2026/08/26 04:00:31.915, 158.37, 100, 7241
2026/08/26 04:00:32.915, 158.32, 100, 7241
2026/08/26 04:00:33.915, 157.74, 98, 7241
2026/08/26 04:00:34.916, 158.86, 98, 7241
2026/08/26 04:00:35.916, 157.06, 100, 7241
2026/08/26 04:00:36.916, 162.50, 100, 7241
2026/08/26 04:00:37.916, 162.24, 99, 7241
2026/08/26 04:00:38.916, 162.29, 100, 7241
2026/08/26 04:00:39.916, 162.26, 100, 7241
2026/08/26 04:00:40.917, 162.51, 99, 7241
2026/08/26 04:00:41.917, 162.80, 100, 7241
2026/08/26 04:00:42.917, 163.00, 100, 7241
2026/08/26 04:00:43.917, 162.88, 99, 7241
2026/08/26 04:00:44.917, 162.92, 100, 7241
2026/08/26 04:00:45.918, 162.54, 100, 7241
2026/08/26 04:00:46.918, 162.48, 99, 7241
2026/08/26 04:00:47.918, 162.62, 100, 7241
2026/08/26 04:00:48.918, 162.54, 99, 7241
2026/08/26 04:00:49.918, 162.52, 100, 7241
2026/08/26 04:00:50.919, 162.37, 100, 7241
2026/08/26 04:00:51.919, 162.49, 99, 7241
2026/08/26 04:00:52.919, 162.67, 100, 7241
2026/08/26 04:00:53.919, 162.51, 100, 7241
2026/08/26 04:00:54.919, 162.37, 99, 7241
2026/08/26 04:00:55.919, 162.26, 100, 7241
2026/08/26 04:00:56.920, 162.60, 100, 7241
2026/08/26 04:00:57.920, 162.57, 100, 7241
2026/08/26 04:00:58.920, 162.73, 100, 7241
2026/08/26 04:00:59.920, 162.52, 100, 7241
2026/08/26 04:01:00.920, 162.57, 99, 7241
2026/08/26 04:01:01.920, 162.45, 100, 7241
2026/08/26 04:01:02.921, 162.42, 100, 7241
2026/08/26 04:01:03.921, 162.34, 100, 7241
2026/08/26 04:01:04.921, 162.35, 100, 7241
2026/08/26 04:01:05.921, 162.43, 100, 7241
2026/08/26 04:01:06.921, 162.56, 100, 7241
2026/08/26 04:01:07.921, 162.59, 100, 7241
2026/08/26 04:01:08.922, 162.51, 99, 7241
2026/08/26 04:01:09.922, 162.43, 100, 7241
2026/08/26 04:01:10.922, 162.71, 100, 7241
2026/08/26 04:01:11.922, 162.52, 99, 7241
2026/08/26 04:01:12.923, 162.37, 100, 7241
2026/08/26 04:01:13.923, 162.45, 100, 7241
2026/08/26 04:01:14.923, 162.38, 99, 7241
2026/08/26 04:01:15.923, 162.35, 100, 7241
2026/08/26 04:01:16.923, 162.57, 100, 7241
2026/08/26 04:01:17.923, 162.63, 100, 7241
2026/08/26 04:01:18.924, 162.50, 100, 7241
2026/08/26 04:01:19.924, 162.75, 100, 7241
2026/08/26 04:01:20.924, 162.64, 100, 7241
2026/08/26 04:01:21.924, 162.68, 100, 7241
2026/08/26 04:01:22.924, 162.75, 100, 7241
2026/08/26 04:01:23.925, 162.71, 99, 7241
2026/08/26 04:01:24.925, 162.70, 100, 7241
2026/08/26 04:01:25.925, 162.80, 99, 7241
2026/08/26 04:01:26.925, 162.63, 100, 7241
2026/08/26 04:01:27.925, 162.68, 100, 7241
2026/08/26 04:01:28.926, 154.41, 98, 7241
2026/08/26 04:01:29.926, 159.55, 100, 7241
2026/08/26 04:01:30.926, 159.35, 100, 7241
2026/08/26 04:01:31.926, 159.54, 100, 7241
2026/08/26 04:01:32.926, 159.56, 100, 7241
2026/08/26 04:01:33.927, 159.38, 100, 7241
2026/08/26 04:01:34.927, 158.41, 98, 7241
2026/08/26 04:01:35.927, 159.79, 98, 7241
2026/08/26 04:01:36.927, 159.05, 100, 7241
2026/08/26 04:01:37.927, 160.21, 100, 7241
2026/08/26 04:01:38.928, 158.58, 100, 7241
2026/08/26 04:01:39.928, 158.63, 100, 7241
2026/08/26 04:01:40.928, 158.48, 100, 7241
2026/08/26 04:01:41.928, 159.19, 100, 7241
2026/08/26 04:01:42.928, 158.21, 98, 7241
2026/08/26 04:01:43.929, 158.93, 99, 7241
2026/08/26 04:01:44.929, 158.92, 100, 7241
2026/08/26 04:01:45.929, 159.17, 100, 7241
2026/08/26 04:01:46.929, 158.65, 100, 7241
2026/08/26 04:01:47.929, 159.17, 100, 7241
2026/08/26 04:01:48.929, 159.42, 100, 7241
2026/08/26 04:01:49.930, 158.43, 98, 7241
2026/08/26 04:01:50.930, 158.95, 98, 7241
2026/08/26 04:01:51.930, 159.33, 100, 7241
2026/08/26 04:01:52.930, 159.79, 100, 7241
2026/08/26 04:01:53.930, 159.10, 100, 7241
2026/08/26 04:01:54.931, 158.71, 100, 7241
2026/08/26 04:01:55.931, 158.74, 100, 7241
2026/08/26 04:01:56.931, 158.80, 100, 7241
2026/08/26 04:01:57.931, 158.25, 98, 7241
2026/08/26 04:01:58.932, 158.44, 98, 7241
2026/08/26 04:01:59.932, 159.15, 100, 7241
2026/08/26 04:02:00.932, 159.21, 100, 7241
2026/08/26 04:02:01.932, 158.90, 100, 7241
2026/08/26 04:02:02.932, 159.09, 100, 7241
2026/08/26 04:02:03.932, 158.93, 100, 7241
2026/08/26 04:02:04.933, 158.55, 98, 7241
2026/08/26 04:02:05.933, 159.15, 98, 7241
2026/08/26 04:02:06.933, 158.90, 100, 7241
2026/08/26 04:02:07.933, 158.68, 100, 7241
2026/08/26 04:02:08.933, 158.93, 100, 7241
2026/08/26 04:02:09.933, 159.08, 100, 7241
2026/08/26 04:02:10.934, 158.76, 100, 7241
2026/08/26 04:02:11.934, 158.59, 100, 7241
2026/08/26 04:02:12.934, 157.90, 98, 7241
2026/08/26 04:02:13.934, 158.58, 98, 7241
2026/08/26 04:02:14.934, 158.96, 100, 7241
2026/08/26 04:02:15.935, 159.07, 100, 7241
2026/08/26 04:02:16.935, 159.00, 100, 7241
2026/08/26 04:02:17.935, 158.61, 100, 7241
2026/08/26 04:02:18.935, 159.14, 100, 7241
2026/08/26 04:02:19.935, 158.89, 98, 7241
2026/08/26 04:02:20.935, 158.96, 98, 7241
2026/08/26 04:02:21.936, 158.46, 100, 7241
2026/08/26 04:02:22.936, 159.38, 100, 7241
2026/08/26 04:02:23.936, 159.44, 100, 7241
2026/08/26 04:02:24.936, 157.57, 100, 7241
2026/08/26 04:02:25.937, 158.55, 100, 7241
2026/08/26 04:02:26.937, 158.88, 100, 7241
2026/08/26 04:02:27.937, 158.10, 98, 7241
2026/08/26 04:02:28.937, 159.49, 98, 7241
2026/08/26 04:02:29.937, 159.02, 100, 7241
2026/08/26 04:02:30.937, 159.03, 100, 7241
2026/08/26 04:02:31.938, 159.08, 100, 7241
2026/08/26 04:02:32.938, 158.61, 100, 7241
2026/08/26 04:02:33.938, 158.30, 100, 7241
2026/08/26 04:02:34.938, 158.32, 100, 7241
2026/08/26 04:02:35.938, 158.66, 98, 7241
2026/08/26 04:02:36.939, 158.95, 100, 7241
2026/08/26 04:02:37.939, 159.95, 100, 7241
2026/08/26 04:02:38.939, 159.97, 100, 7241
2026/08/26 04:02:39.939, 159.42, 100, 7241
2026/08/26 04:02:40.939, 158.82, 100, 7241
2026/08/26 04:02:41.940, 158.57, 100, 7241
2026/08/26 04:02:42.940, 158.74, 98, 7241
2026/08/26 04:02:43.940, 158.91, 100, 7241
2026/08/26 04:02:44.940, 159.40, 100, 7241
2026/08/26 04:02:45.940, 158.74, 100, 7241
2026/08/26 04:02:46.941, 159.16, 100, 7241
2026/08/26 04:02:47.941, 158.69, 100, 7241
2026/08/26 04:02:48.941, 158.46, 100, 7241
2026/08/26 04:02:49.941, 158.20, 98, 7241
2026/08/26 04:02:50.941, 158.75, 98, 7241
2026/08/26 04:02:51.941, 159.67, 100, 7241
2026/08/26 04:02:52.942, 160.01, 100, 7241
2026/08/26 04:02:53.942, 159.26, 100, 7241
2026/08/26 04:02:54.942, 158.55, 100, 7241
2026/08/26 04:02:55.942, 158.96, 100, 7241
2026/08/26 04:02:56.942, 158.35, 100, 7241
2026/08/26 04:02:57.943, 158.93, 98, 7241
2026/08/26 04:02:58.943, 159.16, 100, 7241
2026/08/26 04:02:59.943, 159.47, 100, 7241
2026/08/26 04:03:00.943, 158.73, 100, 7241
2026/08/26 04:03:01.943, 158.44, 100, 7241
2026/08/26 04:03:02.943, 158.30, 100, 7241
2026/08/26 04:03:03.944, 158.73, 100, 7241
2026/08/26 04:03:04.944, 157.97, 98, 7241
2026/08/26 04:03:05.944, 158.13, 98, 7241
2026/08/26 04:03:06.944, 159.02, 100, 7241
2026/08/26 04:03:07.944, 159.36, 100, 7241
2026/08/26 04:03:08.944, 158.57, 100, 7241
2026/08/26 04:03:09.945, 158.73, 100, 7241
2026/08/26 04:03:10.945, 158.41, 100, 7241
2026/08/26 04:03:11.945, 158.35, 100, 7241
2026/08/26 04:03:12.945, 158.50, 98, 7241
2026/08/26 04:03:13.945, 158.61, 100, 7241
2026/08/26 04:03:14.946, 159.15, 100, 7241
2026/08/26 04:03:15.946, 159.14, 100, 7241
2026/08/26 04:03:16.946, 159.25, 100, 7241
2026/08/26 04:03:17.946, 158.79, 100, 7241
2026/08/26 04:03:18.946, 158.59, 100, 7241
2026/08/26 04:03:19.946, 158.01, 98, 7241
2026/08/26 04:03:20.947, 158.87, 98, 7241
2026/08/26 04:03:21.947, 158.92, 100, 7241
2026/08/26 04:03:22.947, 158.88, 100, 7241
2026/08/26 04:03:23.947, 159.23, 100, 7241
2026/08/26 04:03:24.947, 158.95, 100, 7241
2026/08/26 04:03:25.947, 158.48, 100, 7241
2026/08/26 04:03:26.948, 159.09, 100, 7241
2026/08/26 04:03:27.948, 159.00, 98, 7241
2026/08/26 04:03:28.948, 159.58, 100, 7241
2026/08/26 04:03:29.948, 158.53, 100, 7241
2026/08/26 04:03:30.948, 158.40, 100, 7241
2026/08/26 04:03:31.948, 158.79, 100, 7241
2026/08/26 04:03:32.949, 158.78, 99, 7241
2026/08/26 04:03:33.949, 158.31, 100, 7241
2026/08/26 04:03:34.949, 158.88, 98, 7241
2026/08/26 04:03:35.949, 158.90, 98, 7241
2026/08/26 04:03:36.949, 159.50, 100, 7241
2026/08/26 04:03:37.950, 158.80, 100, 7241
2026/08/26 04:03:38.950, 158.54, 100, 7241
2026/08/26 04:03:39.950, 158.62, 100, 7241
2026/08/26 04:03:40.950, 158.67, 98, 7241
2026/08/26 04:03:41.950, 159.00, 100, 7241
2026/08/26 04:03:42.950, 160.41, 100, 7241
2026/08/26 04:03:43.951, 158.66, 100, 7241
2026/08/26 04:03:44.951, 159.00, 100, 7241
2026/08/26 04:03:45.951, 159.13, 100, 7241
2026/08/26 04:03:46.951, 158.22, 100, 7241
2026/08/26 04:03:47.951, 158.31, 98, 7241
2026/08/26 04:03:48.951, 159.23, 98, 7241
2026/08/26 04:03:49.952, 159.12, 100, 7241
2026/08/26 04:03:50.952, 159.94, 100, 7241
2026/08/26 04:03:51.952, 158.94, 100, 7241
2026/08/26 04:03:52.952, 159.04, 100, 7241
2026/08/26 04:03:53.952, 158.62, 100, 7241
2026/08/26 04:03:54.953, 158.68, 99, 7241
2026/08/26 04:03:55.953, 158.58, 98, 7241
2026/08/26 04:03:56.953, 159.20, 100, 7241
2026/08/26 04:03:57.953, 159.94, 100, 7241
2026/08/26 04:03:58.953, 159.54, 100, 7241
2026/08/26 04:03:59.953, 158.85, 100, 7241
2026/08/26 04:04:00.954, 158.72, 100, 7241
2026/08/26 04:04:01.954, 158.67, 100, 7241
2026/08/26 04:04:02.954, 158.26, 98, 7241
2026/08/26 04:04:03.954, 158.87, 100, 7241
2026/08/26 04:04:04.954, 159.82, 100, 7241
2026/08/26 04:04:05.954, 159.47, 100, 7241
2026/08/26 04:04:06.955, 159.14, 100, 7241
2026/08/26 04:04:07.955, 158.58, 100, 7241
2026/08/26 04:04:08.955, 158.43, 100, 7241
2026/08/26 04:04:09.955, 158.35, 98, 7241
2026/08/26 04:04:10.955, 159.27, 98, 7241
2026/08/26 04:04:11.956, 159.15, 100, 7241
2026/08/26 04:04:12.956, 159.61, 100, 7241
2026/08/26 04:04:13.956, 158.79, 100, 7241
2026/08/26 04:04:14.956, 159.07, 100, 7241
2026/08/26 04:04:15.956, 158.49, 100, 7241
2026/08/26 04:04:16.956, 158.72, 100, 7241
2026/08/26 04:04:17.957, 158.51, 98, 7241
2026/08/26 04:04:18.957, 158.60, 100, 7241
2026/08/26 04:04:19.957, 159.52, 100, 7241
2026/08/26 04:04:20.957, 158.91, 100, 7241
2026/08/26 04:04:21.957, 158.68, 100, 7241
2026/08/26 04:04:22.958, 158.53, 100, 7241
2026/08/26 04:04:23.958, 158.35, 100, 7241
2026/08/26 04:04:24.958, 158.33, 98, 7241
2026/08/26 04:04:25.958, 158.68, 98, 7241
2026/08/26 04:04:26.958, 159.39, 100, 7241
2026/08/26 04:04:27.958, 159.54, 100, 7241
2026/08/26 04:04:28.959, 159.34, 100, 7241
2026/08/26 04:04:29.959, 158.77, 100, 7241
2026/08/26 04:04:30.959, 158.47, 100, 7241
2026/08/26 04:04:31.959, 158.34, 100, 7241
2026/08/26 04:04:32.959, 158.52, 98, 7241
2026/08/26 04:04:33.959, 158.45, 100, 7241
2026/08/26 04:04:34.960, 159.66, 100, 7241
2026/08/26 04:04:35.960, 159.30, 100, 7241
2026/08/26 04:04:36.960, 158.44, 100, 7241
2026/08/26 04:04:37.960, 158.82, 100, 7241
2026/08/26 04:04:38.960, 158.62, 100, 7241
2026/08/26 04:04:39.960, 158.33, 99, 7241
2026/08/26 04:04:40.961, 158.77, 98, 7241
2026/08/26 04:04:41.961, 158.96, 100, 7241
2026/08/26 04:04:42.961, 159.70, 100, 7241
2026/08/26 04:04:43.961, 159.41, 100, 7241
2026/08/26 04:04:44.961, 158.82, 100, 7241
2026/08/26 04:04:45.962, 158.70, 100, 7241
2026/08/26 04:04:46.962, 158.46, 100, 7241
2026/08/26 04:04:47.962, 158.16, 98, 7241
2026/08/26 04:04:48.962, 158.84, 100, 7241
2026/08/26 04:04:49.962, 159.11, 100, 7241
2026/08/26 04:04:50.962, 159.11, 100, 7241
2026/08/26 04:04:51.963, 158.58, 100, 7241
2026/08/26 04:04:52.963, 158.74, 100, 7241
2026/08/26 04:04:53.963, 158.54, 100, 7241
2026/08/26 04:04:54.963, 158.12, 98, 7241
2026/08/26 04:04:55.963, 158.95, 98, 7241
2026/08/26 04:04:56.964, 158.77, 100, 7241
2026/08/26 04:04:57.964, 158.95, 100, 7241
2026/08/26 04:04:58.964, 159.02, 100, 7241
2026/08/26 04:04:59.964, 158.49, 100, 7241
2026/08/26 04:05:00.964, 158.51, 100, 7241
2026/08/26 04:05:01.965, 158.54, 100, 7241
2026/08/26 04:05:02.965, 158.47, 98, 7241
2026/08/26 04:05:03.965, 158.84, 100, 7241
2026/08/26 04:05:04.965, 159.35, 100, 7241
2026/08/26 04:05:05.965, 159.42, 100, 7241
2026/08/26 04:05:06.966, 158.63, 100, 7241
2026/08/26 04:05:07.966, 158.65, 100, 7241
2026/08/26 04:05:08.966, 158.63, 100, 7241
2026/08/26 04:05:09.966, 157.84, 98, 7241
2026/08/26 04:05:10.966, 158.35, 98, 7241
2026/08/26 04:05:11.966, 158.88, 100, 7241
2026/08/26 04:05:12.967, 157.20, 100, 7241
2026/08/26 04:05:13.967, 162.73, 100, 7241
2026/08/26 04:05:14.967, 162.57, 99, 7241
2026/08/26 04:05:15.967, 162.56, 100, 7241
2026/08/26 04:05:16.967, 162.46, 99, 7241
2026/08/26 04:05:17.967, 162.19, 100, 7241
2026/08/26 04:05:18.968, 162.57, 100, 7241
2026/08/26 04:05:19.968, 162.46, 99, 7241
2026/08/26 04:05:20.968, 162.40, 100, 7241
2026/08/26 04:05:21.968, 162.53, 100, 7241
2026/08/26 04:05:22.969, 162.43, 100, 7241
2026/08/26 04:05:23.969, 162.50, 100, 7241
2026/08/26 04:05:24.969, 162.51, 100, 7241
2026/08/26 04:05:25.969, 162.47, 99, 7241
2026/08/26 04:05:26.969, 162.63, 100, 7241
2026/08/26 04:05:27.969, 162.45, 100, 7241
2026/08/26 04:05:28.970, 162.44, 99, 7241
2026/08/26 04:05:29.970, 162.55, 100, 7241
2026/08/26 04:05:30.970, 162.60, 100, 7241
2026/08/26 04:05:31.970, 162.40, 99, 7241
2026/08/26 04:05:32.970, 162.88, 100, 7241
2026/08/26 04:05:33.970, 162.87, 100, 7241
2026/08/26 04:05:34.971, 162.51, 100, 7241
2026/08/26 04:05:35.971, 162.60, 100, 7241
2026/08/26 04:05:36.971, 162.53, 99, 7241
2026/08/26 04:05:37.971, 162.72, 100, 7241
2026/08/26 04:05:38.971, 162.75, 100, 7241
2026/08/26 04:05:39.972, 162.51, 100, 7241
2026/08/26 04:05:40.972, 162.57, 100, 7241
2026/08/26 04:05:41.972, 162.82, 100, 7241
2026/08/26 04:05:42.972, 162.87, 100, 7241
2026/08/26 04:05:43.972, 162.93, 100, 7241
2026/08/26 04:05:44.973, 162.76, 100, 7241
2026/08/26 04:05:45.973, 162.53, 100, 7241
2026/08/26 04:05:46.973, 162.50, 100, 7241
2026/08/26 04:05:47.973, 162.69, 100, 7241
2026/08/26 04:05:48.973, 162.49, 100, 7241
2026/08/26 04:05:49.974, 162.36, 100, 7241
2026/08/26 04:05:50.974, 162.65, 100, 7241
2026/08/26 04:05:51.974, 162.44, 99, 7241
2026/08/26 04:05:52.983, 162.71, 100, 7241
2026/08/26 04:05:53.983, 162.81, 100, 7241
2026/08/26 04:05:54.983, 162.63, 100, 7241
2026/08/26 04:05:55.983, 162.44, 100, 7241
2026/08/26 04:05:56.983, 162.57, 100, 7241
2026/08/26 04:05:57.992, 162.48, 100, 7241
2026/08/26 04:05:58.992, 162.85, 100, 7241
2026/08/26 04:05:59.992, 162.76, 100, 7241
2026/08/26 04:06:00.992, 162.43, 100, 7241
2026/08/26 04:06:01.993, 162.64, 100, 7241
2026/08/26 04:06:02.993, 162.70, 99, 7241
2026/08/26 04:06:03.993, 162.66, 100, 7241
2026/08/26 04:06:04.993, 162.82, 100, 7241
2026/08/26 04:06:05.993, 153.92, 100, 7241
2026/08/26 04:06:06.994, 159.46, 100, 7241
2026/08/26 04:06:07.994, 159.11, 100, 7241
2026/08/26 04:06:08.994, 159.05, 100, 7241
2026/08/26 04:06:09.994, 159.13, 100, 7241
2026/08/26 04:06:10.994, 158.61, 100, 7241
2026/08/26 04:06:11.995, 158.08, 98, 7241
2026/08/26 04:06:12.995, 158.29, 98, 7241
2026/08/26 04:06:13.995, 159.26, 100, 7241
2026/08/26 04:06:14.995, 160.56, 100, 7241
2026/08/26 04:06:15.996, 159.38, 100, 7241
2026/08/26 04:06:16.996, 158.75, 100, 7241
2026/08/26 04:06:17.996, 157.74, 100, 7241
2026/08/26 04:06:18.996, 158.83, 99, 7241
2026/08/26 04:06:19.996, 158.72, 98, 7241
2026/08/26 04:06:20.996, 159.34, 100, 7241
2026/08/26 04:06:21.997, 159.69, 100, 7241
2026/08/26 04:06:23.005, 159.08, 100, 7241
2026/08/26 04:06:24.005, 159.19, 100, 7241
2026/08/26 04:06:25.006, 158.93, 100, 7241
2026/08/26 04:06:26.006, 158.68, 100, 7241
2026/08/26 04:06:27.006, 158.09, 98, 7241
2026/08/26 04:06:28.015, 158.62, 98, 7241
2026/08/26 04:06:29.015, 159.28, 100, 7241
2026/08/26 04:06:30.015, 159.85, 100, 7241
2026/08/26 04:06:31.015, 158.99, 100, 7241
2026/08/26 04:06:32.015, 158.77, 100, 7241
2026/08/26 04:06:33.016, 158.43, 100, 7241
2026/08/26 04:06:34.016, 158.45, 100, 7241
2026/08/26 04:06:35.016, 158.73, 98, 7241
2026/08/26 04:06:36.016, 158.93, 100, 7241
2026/08/26 04:06:37.016, 159.31, 100, 7241
2026/08/26 04:06:38.017, 159.23, 100, 7241
2026/08/26 04:06:39.017, 159.11, 100, 7241
2026/08/26 04:06:40.017, 158.93, 100, 7241
2026/08/26 04:06:41.017, 158.69, 100, 7241
2026/08/26 04:06:42.017, 158.26, 98, 7241
2026/08/26 04:06:43.018, 159.37, 98, 7241
2026/08/26 04:06:44.018, 159.27, 100, 7241
2026/08/26 04:06:45.018, 159.13, 100, 7241
2026/08/26 04:06:46.018, 158.99, 100, 7241
2026/08/26 04:06:47.018, 158.85, 100, 7241
2026/08/26 04:06:48.018, 158.87, 100, 7241
2026/08/26 04:06:49.019, 158.75, 100, 7241
2026/08/26 04:06:50.019, 158.65, 98, 7241
2026/08/26 04:06:51.019, 158.61, 100, 7241
2026/08/26 04:06:52.019, 158.92, 100, 7241
2026/08/26 04:06:53.019, 158.94, 100, 7241
2026/08/26 04:06:54.020, 159.06, 100, 7241
2026/08/26 04:06:55.020, 158.63, 100, 7241
2026/08/26 04:06:56.020, 158.75, 100, 7241
2026/08/26 04:06:57.020, 157.98, 98, 7241
2026/08/26 04:06:58.020, 159.66, 98, 7241
2026/08/26 04:06:59.020, 159.62, 100, 7241
2026/08/26 04:07:00.021, 159.60, 100, 7241
2026/08/26 04:07:01.021, 158.93, 100, 7241
2026/08/26 04:07:02.021, 159.18, 100, 7241
2026/08/26 04:07:03.021, 158.89, 100, 7241
2026/08/26 04:07:04.021, 158.66, 100, 7241
2026/08/26 04:07:05.021, 158.78, 98, 7241
2026/08/26 04:07:06.022, 159.54, 100, 7241
2026/08/26 04:07:07.022, 159.76, 100, 7241
2026/08/26 04:07:08.022, 159.60, 100, 7241
2026/08/26 04:07:09.022, 159.65, 100, 7241
2026/08/26 04:07:10.022, 158.65, 100, 7241
2026/08/26 04:07:11.023, 159.12, 100, 7241
2026/08/26 04:07:12.023, 158.36, 98, 7241
2026/08/26 04:07:13.023, 159.60, 99, 7241
2026/08/26 04:07:14.023, 158.97, 100, 7241
2026/08/26 04:07:15.023, 159.18, 100, 7241
2026/08/26 04:07:16.023, 158.63, 100, 7241
2026/08/26 04:07:17.024, 159.16, 100, 7241
2026/08/26 04:07:18.024, 158.70, 100, 7241
2026/08/26 04:07:19.024, 158.62, 98, 7241
2026/08/26 04:07:20.024, 158.89, 98, 7241
2026/08/26 04:07:21.024, 158.97, 100, 7241
2026/08/26 04:07:22.025, 160.10, 100, 7241
2026/08/26 04:07:23.025, 159.05, 100, 7241
2026/08/26 04:07:24.025, 158.97, 100, 7241
2026/08/26 04:07:25.025, 158.59, 100, 7241
2026/08/26 04:07:26.025, 158.80, 100, 7241
2026/08/26 04:07:27.025, 158.32, 98, 7241
2026/08/26 04:07:28.025, 159.04, 99, 7241
2026/08/26 04:07:29.026, 159.40, 100, 7241
2026/08/26 04:07:30.026, 159.18, 100, 7241
2026/08/26 04:07:31.026, 158.96, 100, 7241
2026/08/26 04:07:32.026, 158.78, 100, 7241
2026/08/26 04:07:33.026, 159.11, 100, 7241
2026/08/26 04:07:34.026, 158.67, 98, 7241
2026/08/26 04:07:35.027, 159.66, 98, 7241
2026/08/26 04:07:36.027, 159.01, 100, 7241
2026/08/26 04:07:37.027, 158.91, 100, 7241
2026/08/26 04:07:38.027, 159.35, 100, 7241
2026/08/26 04:07:39.027, 158.97, 100, 7241
2026/08/26 04:07:40.028, 158.68, 100, 7241
2026/08/26 04:07:41.028, 158.39, 100, 7241
2026/08/26 04:07:42.028, 158.54, 98, 7241
2026/08/26 04:07:43.028, 158.68, 100, 7241
2026/08/26 04:07:44.028, 159.47, 100, 7241
2026/08/26 04:07:45.029, 158.97, 100, 7241
2026/08/26 04:07:46.029, 158.66, 100, 7241
2026/08/26 04:07:47.029, 159.05, 100, 7241
2026/08/26 04:07:48.029, 159.41, 100, 7241
2026/08/26 04:07:49.029, 158.10, 98, 7241
2026/08/26 04:07:50.030, 159.31, 98, 7241
2026/08/26 04:07:51.030, 159.62, 100, 7241
2026/08/26 04:07:52.030, 158.79, 100, 7241
2026/08/26 04:07:53.030, 159.07, 100, 7241
2026/08/26 04:07:54.030, 158.99, 100, 7241
2026/08/26 04:07:55.031, 158.46, 100, 7241
2026/08/26 04:07:56.031, 158.96, 98, 7241
2026/08/26 04:07:57.031, 158.96, 98, 7241
2026/08/26 04:07:58.031, 159.54, 100, 7241
2026/08/26 04:07:59.031, 159.62, 100, 7241
2026/08/26 04:08:00.032, 159.45, 100, 7241
2026/08/26 04:08:01.032, 159.04, 100, 7241
2026/08/26 04:08:02.032, 158.23, 100, 7241
2026/08/26 04:08:03.032, 159.15, 100, 7241
2026/08/26 04:08:04.032, 158.89, 98, 7241
2026/08/26 04:08:05.033, 159.50, 100, 7241
2026/08/26 04:08:06.033, 159.94, 100, 7241
2026/08/26 04:08:07.033, 159.40, 100, 7241
2026/08/26 04:08:08.033, 159.32, 100, 7241
2026/08/26 04:08:09.033, 158.92, 100, 7241
2026/08/26 04:08:10.033, 159.16, 100, 7241
2026/08/26 04:08:11.034, 158.93, 98, 7241
2026/08/26 04:08:12.034, 158.01, 97, 7241
2026/08/26 04:08:13.034, 159.21, 100, 7241
2026/08/26 04:08:14.034, 159.28, 100, 7241
2026/08/26 04:08:15.034, 159.27, 100, 7241
2026/08/26 04:08:16.035, 158.37, 100, 7241
2026/08/26 04:08:17.035, 158.94, 100, 7241
2026/08/26 04:08:18.035, 158.09, 98, 7241
2026/08/26 04:08:19.035, 158.76, 98, 7241
2026/08/26 04:08:20.035, 159.10, 100, 7241
2026/08/26 04:08:21.035, 159.49, 100, 7241
2026/08/26 04:08:22.036, 159.39, 100, 7241
2026/08/26 04:08:23.036, 158.96, 100, 7241
2026/08/26 04:08:24.036, 158.59, 100, 7241
2026/08/26 04:08:25.036, 158.65, 100, 7241
2026/08/26 04:08:26.036, 158.60, 98, 7241
2026/08/26 04:08:27.036, 158.92, 100, 7241
2026/08/26 04:08:28.037, 159.15, 100, 7241
2026/08/26 04:08:29.045, 159.12, 100, 7241
2026/08/26 04:08:30.045, 158.77, 100, 7241
2026/08/26 04:08:31.046, 158.63, 100, 7241
2026/08/26 04:08:32.046, 158.85, 100, 7241
2026/08/26 04:08:33.046, 158.04, 98, 7241
2026/08/26 04:08:34.046, 158.86, 98, 7241
2026/08/26 04:08:35.046, 158.95, 100, 7241
2026/08/26 04:08:36.046, 160.02, 100, 7241
2026/08/26 04:08:37.047, 158.90, 100, 7241
2026/08/26 04:08:38.047, 158.88, 100, 7241
2026/08/26 04:08:39.047, 159.07, 100, 7241
2026/08/26 04:08:40.047, 159.16, 100, 7241
2026/08/26 04:08:41.047, 157.89, 98, 7241
2026/08/26 04:08:42.048, 158.43, 100, 7241
2026/08/26 04:08:43.048, 159.11, 100, 7241
2026/08/26 04:08:44.048, 158.98, 100, 7241
2026/08/26 04:08:45.048, 158.67, 100, 7241
2026/08/26 04:08:46.048, 158.11, 100, 7241
2026/08/26 04:08:47.048, 158.01, 100, 7241
2026/08/26 04:08:48.049, 157.72, 98, 7241
2026/08/26 04:08:49.049, 158.31, 98, 7241
2026/08/26 04:08:50.049, 159.30, 100, 7241
2026/08/26 04:08:51.049, 158.98, 100, 7241
2026/08/26 04:08:52.049, 159.43, 100, 7241
2026/08/26 04:08:53.050, 158.82, 100, 7241
2026/08/26 04:08:54.050, 158.62, 100, 7241
2026/08/26 04:08:55.050, 158.52, 100, 7241
2026/08/26 04:08:56.050, 157.05, 98, 7241
2026/08/26 04:08:57.050, 159.27, 100, 7241
2026/08/26 04:08:58.050, 159.11, 100, 7241
2026/08/26 04:08:59.051, 159.17, 100, 7241
2026/08/26 04:09:00.051, 158.73, 100, 7241
2026/08/26 04:09:01.051, 157.44, 100, 7241
2026/08/26 04:09:02.051, 158.76, 100, 7241
2026/08/26 04:09:03.051, 158.38, 98, 7241
2026/08/26 04:09:04.052, 159.19, 98, 7241
2026/08/26 04:09:05.052, 159.04, 100, 7241
2026/08/26 04:09:06.052, 159.24, 100, 7241
2026/08/26 04:09:07.052, 158.91, 100, 7241
2026/08/26 04:09:08.052, 159.07, 100, 7241
2026/08/26 04:09:09.052, 158.44, 100, 7241
2026/08/26 04:09:10.053, 158.71, 100, 7241
2026/08/26 04:09:11.053, 158.15, 98, 7241
2026/08/26 04:09:12.053, 158.80, 99, 7241
2026/08/26 04:09:13.053, 159.13, 100, 7241
2026/08/26 04:09:14.053, 158.85, 100, 7241
2026/08/26 04:09:15.054, 158.85, 100, 7241
2026/08/26 04:09:16.054, 158.32, 100, 7241
2026/08/26 04:09:17.054, 158.34, 100, 7241
2026/08/26 04:09:18.054, 158.88, 99, 7241
2026/08/26 04:09:19.054, 158.87, 98, 7241
2026/08/26 04:09:20.054, 159.39, 100, 7241
2026/08/26 04:09:21.055, 159.54, 100, 7241
2026/08/26 04:09:22.055, 158.90, 100, 7241
2026/08/26 04:09:23.055, 159.18, 100, 7241
2026/08/26 04:09:24.055, 158.90, 100, 7241
2026/08/26 04:09:25.055, 158.56, 100, 7241
2026/08/26 04:09:26.056, 158.20, 97, 7241
2026/08/26 04:09:27.056, 158.83, 99, 7241
2026/08/26 04:09:28.056, 159.14, 100, 7241
2026/08/26 04:09:29.056, 159.33, 100, 7241
2026/08/26 04:09:30.056, 158.58, 100, 7241
2026/08/26 04:09:31.057, 158.89, 100, 7241
2026/08/26 04:09:32.057, 159.09, 100, 7241
2026/08/26 04:09:33.057, 158.26, 98, 7241
2026/08/26 04:09:34.057, 159.55, 98, 7241
2026/08/26 04:09:35.057, 158.98, 100, 7241
2026/08/26 04:09:36.058, 159.92, 100, 7241
2026/08/26 04:09:37.058, 159.67, 100, 7241
2026/08/26 04:09:38.058, 158.65, 100, 7241
2026/08/26 04:09:39.058, 158.89, 100, 7241
2026/08/26 04:09:40.058, 158.54, 100, 7241
2026/08/26 04:09:41.058, 158.60, 98, 7241
2026/08/26 04:09:42.059, 158.61, 100, 7241
2026/08/26 04:09:43.059, 159.00, 100, 7241
2026/08/26 04:09:44.059, 159.28, 100, 7241
2026/08/26 04:09:45.059, 158.50, 100, 7241
2026/08/26 04:09:46.060, 158.45, 100, 7241
2026/08/26 04:09:47.060, 158.57, 100, 7241
2026/08/26 04:09:48.060, 158.35, 98, 7241
2026/08/26 04:09:49.060, 159.00, 98, 7241
2026/08/26 04:09:50.060, 157.48, 100, 7241
2026/08/26 04:09:51.061, 162.75, 100, 7241
2026/08/26 04:09:52.061, 162.48, 99, 7241
2026/08/26 04:09:53.061, 162.64, 100, 7241
2026/08/26 04:09:54.061, 162.57, 100, 7241
2026/08/26 04:09:55.061, 162.09, 99, 7241
2026/08/26 04:09:56.061, 162.37, 100, 7241
2026/08/26 04:09:57.062, 162.52, 100, 7241
2026/08/26 04:09:58.062, 162.45, 99, 7241
2026/08/26 04:09:59.062, 162.40, 100, 7241
2026/08/26 04:10:00.062, 162.17, 100, 7241
2026/08/26 04:10:01.062, 162.47, 100, 7241
2026/08/26 04:10:02.063, 162.40, 100, 7241
2026/08/26 04:10:03.063, 162.55, 100, 7241
2026/08/26 04:10:04.063, 162.38, 100, 7241
2026/08/26 04:10:05.063, 162.27, 100, 7241
2026/08/26 04:10:06.063, 162.49, 100, 7241
2026/08/26 04:10:07.063, 162.52, 100, 7241
2026/08/26 04:10:08.064, 162.51, 100, 7241
2026/08/26 04:10:09.064, 162.39, 99, 7241
2026/08/26 04:10:10.064, 162.29, 100, 7241
2026/08/26 04:10:11.064, 162.35, 100, 7241
2026/08/26 04:10:12.064, 162.49, 99, 7241
2026/08/26 04:10:13.065, 162.40, 100, 7241
2026/08/26 04:10:14.065, 162.38, 100, 7241
2026/08/26 04:10:15.065, 162.41, 99, 7241
2026/08/26 04:10:16.065, 162.63, 100, 7241
2026/08/26 04:10:17.065, 162.46, 100, 7241
2026/08/26 04:10:18.066, 162.45, 99, 7241
2026/08/26 04:10:19.066, 162.53, 100, 7241
2026/08/26 04:10:20.066, 162.63, 100, 7241
2026/08/26 04:10:21.066, 162.53, 99, 7241
2026/08/26 04:10:22.066, 162.56, 100, 7241
2026/08/26 04:10:23.066, 162.46, 100, 7241
2026/08/26 04:10:24.067, 162.32, 100, 7241
2026/08/26 04:10:25.067, 162.51, 100, 7241
2026/08/26 04:10:26.067, 162.49, 100, 7241
2026/08/26 04:10:27.067, 162.60, 100, 7241
2026/08/26 04:10:28.067, 162.55, 100, 7241
2026/08/26 04:10:29.067, 162.46, 100, 7241
2026/08/26 04:10:30.068, 162.65, 100, 7241
2026/08/26 04:10:31.068, 162.80, 100, 7241
2026/08/26 04:10:32.068, 162.68, 100, 7241
2026/08/26 04:10:33.068, 162.45, 100, 7241
2026/08/26 04:10:34.068, 162.60, 100, 7241
2026/08/26 04:10:35.069, 162.64, 100, 7241
2026/08/26 04:10:36.069, 162.82, 100, 7241
2026/08/26 04:10:37.069, 162.60, 99, 7241
2026/08/26 04:10:38.069, 162.45, 100, 7241
2026/08/26 04:10:39.069, 162.68, 100, 7241
2026/08/26 04:10:40.069, 162.69, 100, 7241
2026/08/26 04:10:41.070, 162.70, 100, 7241
2026/08/26 04:10:42.070, 162.62, 100, 7241
2026/08/26 04:10:43.070, 154.63, 100, 7241
2026/08/26 04:10:44.070, 158.91, 100, 7241
2026/08/26 04:10:45.071, 158.94, 100, 7241
2026/08/26 04:10:46.071, 158.86, 100, 7241
2026/08/26 04:10:47.071, 158.63, 100, 7241
2026/08/26 04:10:48.071, 158.04, 98, 7241
2026/08/26 04:10:49.071, 159.32, 98, 7241
2026/08/26 04:10:50.071, 158.79, 100, 7241
2026/08/26 04:10:51.072, 159.70, 100, 7241
2026/08/26 04:10:52.072, 158.79, 100, 7241
2026/08/26 04:10:53.072, 158.73, 100, 7241
2026/08/26 04:10:54.072, 158.74, 100, 7241
2026/08/26 04:10:55.072, 158.74, 100, 7241
2026/08/26 04:10:56.073, 158.19, 98, 7241
2026/08/26 04:10:57.081, 158.33, 98, 7241
2026/08/26 04:10:58.081, 159.24, 100, 7241
2026/08/26 04:10:59.082, 159.75, 100, 7241
2026/08/26 04:11:00.082, 158.93, 100, 7241
2026/08/26 04:11:01.082, 158.62, 100, 7241
2026/08/26 04:11:02.082, 158.55, 100, 7241
2026/08/26 04:11:03.082, 158.54, 100, 7241
2026/08/26 04:11:04.082, 158.35, 98, 7241
2026/08/26 04:11:05.083, 158.96, 100, 7241
2026/08/26 04:11:06.083, 159.37, 100, 7241
2026/08/26 04:11:07.083, 159.54, 100, 7241
2026/08/26 04:11:08.083, 158.89, 100, 7241
2026/08/26 04:11:09.083, 158.90, 100, 7241
2026/08/26 04:11:10.084, 158.55, 100, 7241
2026/08/26 04:11:11.084, 158.38, 98, 7241
2026/08/26 04:11:12.084, 158.80, 98, 7241
2026/08/26 04:11:13.084, 158.99, 100, 7241
2026/08/26 04:11:14.084, 158.84, 100, 7241
2026/08/26 04:11:15.084, 159.20, 100, 7241
2026/08/26 04:11:16.085, 159.04, 100, 7241
2026/08/26 04:11:17.085, 158.77, 100, 7241
2026/08/26 04:11:18.085, 158.72, 100, 7241
2026/08/26 04:11:19.085, 158.06, 98, 7241
2026/08/26 04:11:20.085, 158.39, 98, 7241
2026/08/26 04:11:21.085, 159.30, 100, 7241
2026/08/26 04:11:22.086, 159.59, 100, 7241
2026/08/26 04:11:23.086, 159.13, 100, 7241
2026/08/26 04:11:24.086, 158.54, 100, 7241
2026/08/26 04:11:25.086, 158.43, 100, 7241
2026/08/26 04:11:26.086, 158.50, 100, 7241
2026/08/26 04:11:27.087, 158.41, 98, 7241
2026/08/26 04:11:28.087, 158.48, 100, 7241
2026/08/26 04:11:29.087, 159.00, 100, 7241
2026/08/26 04:11:30.087, 158.95, 100, 7241
2026/08/26 04:11:31.087, 159.15, 100, 7241
2026/08/26 04:11:32.087, 158.63, 100, 7241
2026/08/26 04:11:33.088, 158.22, 100, 7241
2026/08/26 04:11:34.088, 157.96, 98, 7241
2026/08/26 04:11:35.088, 158.67, 98, 7241
2026/08/26 04:11:36.088, 159.55, 100, 7241
2026/08/26 04:11:37.088, 159.63, 100, 7241
2026/08/26 04:11:38.088, 158.94, 100, 7241
2026/08/26 04:11:39.089, 158.54, 100, 7241
2026/08/26 04:11:40.089, 158.41, 100, 7241
2026/08/26 04:11:41.089, 158.49, 100, 7241
2026/08/26 04:11:42.089, 158.02, 98, 7241
2026/08/26 04:11:43.089, 158.21, 98, 7241
2026/08/26 04:11:44.089, 158.95, 100, 7241
2026/08/26 04:11:45.090, 159.15, 100, 7241
2026/08/26 04:11:46.090, 158.69, 100, 7241
2026/08/26 04:11:47.090, 158.80, 100, 7241
2026/08/26 04:11:48.090, 158.66, 100, 7241
2026/08/26 04:11:49.090, 158.50, 100, 7241
2026/08/26 04:11:50.090, 158.51, 98, 7241
2026/08/26 04:11:51.091, 158.74, 100, 7241
2026/08/26 04:11:52.091, 159.48, 100, 7241
2026/08/26 04:11:53.091, 159.02, 100, 7241
2026/08/26 04:11:54.091, 159.07, 100, 7241
2026/08/26 04:11:55.091, 158.77, 100, 7241
2026/08/26 04:11:56.092, 158.50, 100, 7241
2026/08/26 04:11:57.092, 158.04, 98, 7241
2026/08/26 04:11:58.092, 158.91, 98, 7241
2026/08/26 04:11:59.092, 158.65, 100, 7241
2026/08/26 04:12:00.092, 159.61, 100, 7241
2026/08/26 04:12:01.092, 158.65, 100, 7241
2026/08/26 04:12:02.093, 158.95, 100, 7241
2026/08/26 04:12:03.093, 158.13, 100, 7241
2026/08/26 04:12:04.093, 158.29, 100, 7241
2026/08/26 04:12:05.093, 157.85, 98, 7241
2026/08/26 04:12:06.093, 158.38, 98, 7241
2026/08/26 04:12:07.093, 159.05, 100, 7241
2026/08/26 04:12:08.094, 159.40, 100, 7241
2026/08/26 04:12:09.094, 158.77, 100, 7241
2026/08/26 04:12:10.094, 158.64, 100, 7241
2026/08/26 04:12:11.094, 158.45, 100, 7241
2026/08/26 04:12:12.095, 158.77, 99, 7241
2026/08/26 04:12:13.095, 158.56, 98, 7241
2026/08/26 04:12:14.095, 159.07, 100, 7241
2026/08/26 04:12:15.095, 159.18, 100, 7241
2026/08/26 04:12:16.095, 159.21, 100, 7241
2026/08/26 04:12:17.095, 158.72, 100, 7241
2026/08/26 04:12:18.096, 158.69, 100, 7241
2026/08/26 04:12:19.096, 158.35, 100, 7241
2026/08/26 04:12:20.096, 158.18, 98, 7241
2026/08/26 04:12:21.096, 158.41, 98, 7241
2026/08/26 04:12:22.096, 159.11, 100, 7241
2026/08/26 04:12:23.096, 159.10, 100, 7241
2026/08/26 04:12:24.097, 158.56, 100, 7241
2026/08/26 04:12:25.097, 158.50, 100, 7241
2026/08/26 04:12:26.097, 158.29, 100, 7241
2026/08/26 04:12:27.097, 158.62, 100, 7241
2026/08/26 04:12:28.097, 158.46, 97, 7241
2026/08/26 04:12:29.098, 158.76, 100, 7241
2026/08/26 04:12:30.098, 159.56, 100, 7241
2026/08/26 04:12:31.098, 159.16, 100, 7241
2026/08/26 04:12:32.098, 158.76, 100, 7241
2026/08/26 04:12:33.098, 158.45, 100, 7241
2026/08/26 04:12:34.099, 158.58, 100, 7241
2026/08/26 04:12:35.099, 158.04, 98, 7241
2026/08/26 04:12:36.099, 158.94, 98, 7241
2026/08/26 04:12:37.099, 159.43, 100, 7241
2026/08/26 04:12:38.099, 159.72, 100, 7241
2026/08/26 04:12:39.099, 158.81, 100, 7241
2026/08/26 04:12:40.100, 158.90, 100, 7241
2026/08/26 04:12:41.100, 158.46, 100, 7241
2026/08/26 04:12:42.100, 158.49, 100, 7241
2026/08/26 04:12:43.100, 158.43, 98, 7241
2026/08/26 04:12:44.100, 159.34, 100, 7241
2026/08/26 04:12:45.101, 159.85, 100, 7241
2026/08/26 04:12:46.101, 158.90, 100, 7241
2026/08/26 04:12:47.101, 158.96, 100, 7241
2026/08/26 04:12:48.101, 158.41, 100, 7241
2026/08/26 04:12:49.101, 158.20, 100, 7241
2026/08/26 04:12:50.101, 158.41, 98, 7241
2026/08/26 04:12:51.102, 158.32, 98, 7241
2026/08/26 04:12:52.102, 158.98, 100, 7241
2026/08/26 04:12:53.102, 159.30, 100, 7241
2026/08/26 04:12:54.102, 158.93, 100, 7241
2026/08/26 04:12:55.102, 158.49, 100, 7241
2026/08/26 04:12:56.103, 158.57, 100, 7241
2026/08/26 04:12:57.103, 158.74, 100, 7241
2026/08/26 04:12:58.103, 158.34, 98, 7241
2026/08/26 04:12:59.103, 158.24, 100, 7241
2026/08/26 04:13:00.103, 158.84, 100, 7241
2026/08/26 04:13:01.103, 159.36, 100, 7241
2026/08/26 04:13:02.104, 158.99, 100, 7241
2026/08/26 04:13:03.104, 158.59, 100, 7241
2026/08/26 04:13:04.104, 158.36, 100, 7241
2026/08/26 04:13:05.104, 158.17, 98, 7241
2026/08/26 04:13:06.104, 157.93, 98, 7241
2026/08/26 04:13:07.105, 159.02, 100, 7241
2026/08/26 04:13:08.105, 159.45, 100, 7241
2026/08/26 04:13:09.105, 158.79, 100, 7241
2026/08/26 04:13:10.105, 158.78, 100, 7241
2026/08/26 04:13:11.105, 158.75, 100, 7241
2026/08/26 04:13:12.105, 158.59, 100, 7241
2026/08/26 04:13:13.106, 158.06, 98, 7241
2026/08/26 04:13:14.106, 159.37, 98, 7241
2026/08/26 04:13:15.106, 158.81, 100, 7241
2026/08/26 04:13:16.106, 159.34, 100, 7241
2026/08/26 04:13:17.106, 158.64, 100, 7241
2026/08/26 04:13:18.106, 158.73, 100, 7241
2026/08/26 04:13:19.107, 158.51, 100, 7241
2026/08/26 04:13:20.107, 158.82, 100, 7241
2026/08/26 04:13:21.107, 158.68, 98, 7241
2026/08/26 04:13:22.107, 159.06, 100, 7241
2026/08/26 04:13:23.107, 159.10, 100, 7241
2026/08/26 04:13:24.107, 158.83, 100, 7241
2026/08/26 04:13:25.108, 159.00, 100, 7241
2026/08/26 04:13:26.108, 158.68, 100, 7241
2026/08/26 04:13:27.108, 158.19, 100, 7241
2026/08/26 04:13:28.108, 158.20, 98, 7241
2026/08/26 04:13:29.108, 158.36, 98, 7241
2026/08/26 04:13:30.109, 159.98, 100, 7241
2026/08/26 04:13:31.109, 159.27, 100, 7241
2026/08/26 04:13:32.109, 159.90, 100, 7241
2026/08/26 04:13:33.109, 159.00, 100, 7241
2026/08/26 04:13:34.109, 158.33, 100, 7241
2026/08/26 04:13:35.110, 158.91, 100, 7241
2026/08/26 04:13:36.110, 158.79, 98, 7241
2026/08/26 04:13:37.110, 158.52, 100, 7241
2026/08/26 04:13:38.110, 160.49, 100, 7241
2026/08/26 04:13:39.110, 159.13, 100, 7241
2026/08/26 04:13:40.110, 159.49, 100, 7241
2026/08/26 04:13:41.111, 158.64, 100, 7241
2026/08/26 04:13:42.111, 158.46, 100, 7241
2026/08/26 04:13:43.111, 157.88, 98, 7241
2026/08/26 04:13:44.111, 158.30, 98, 7241
2026/08/26 04:13:45.111, 158.95, 100, 7241
2026/08/26 04:13:46.111, 159.08, 100, 7241
2026/08/26 04:13:47.112, 159.19, 100, 7241
2026/08/26 04:13:48.112, 158.63, 100, 7241
2026/08/26 04:13:49.112, 158.41, 100, 7241
2026/08/26 04:13:50.112, 158.88, 100, 7241
2026/08/26 04:13:51.112, 158.46, 98, 7241
2026/08/26 04:13:52.113, 158.56, 100, 7241
2026/08/26 04:13:53.113, 159.38, 100, 7241
2026/08/26 04:13:54.113, 158.89, 100, 7241
2026/08/26 04:13:55.113, 159.08, 100, 7241
2026/08/26 04:13:56.113, 158.72, 100, 7241
2026/08/26 04:13:57.114, 158.86, 100, 7241
2026/08/26 04:13:58.114, 157.92, 97, 7241
2026/08/26 04:13:59.114, 158.55, 98, 7241
2026/08/26 04:14:00.114, 158.92, 100, 7241
2026/08/26 04:14:01.114, 159.32, 100, 7241
2026/08/26 04:14:02.114, 158.69, 100, 7241
2026/08/26 04:14:03.115, 159.01, 100, 7241
2026/08/26 04:14:04.115, 158.84, 100, 7241
2026/08/26 04:14:05.115, 158.54, 100, 7241
2026/08/26 04:14:06.115, 158.35, 98, 7241
2026/08/26 04:14:07.115, 158.71, 100, 7241
2026/08/26 04:14:08.115, 159.64, 100, 7241
2026/08/26 04:14:09.116, 160.40, 100, 7241
2026/08/26 04:14:10.116, 159.34, 100, 7241
2026/08/26 04:14:11.116, 158.82, 100, 7241
2026/08/26 04:14:12.116, 158.15, 100, 7241
2026/08/26 04:14:13.116, 158.06, 98, 7241
2026/08/26 04:14:14.117, 158.31, 98, 7241
2026/08/26 04:14:15.117, 158.87, 100, 7241
2026/08/26 04:14:16.117, 158.90, 100, 7241
2026/08/26 04:14:17.117, 158.91, 100, 7241
2026/08/26 04:14:18.117, 159.00, 100, 7241
2026/08/26 04:14:19.118, 158.70, 100, 7241
2026/08/26 04:14:20.118, 158.55, 100, 7241
2026/08/26 04:14:21.118, 158.12, 98, 7241
2026/08/26 04:14:22.118, 158.48, 100, 7241
2026/08/26 04:14:23.118, 158.71, 100, 7241
2026/08/26 04:14:24.119, 160.09, 100, 7241
2026/08/26 04:14:25.119, 158.60, 100, 7241
2026/08/26 04:14:26.119, 158.72, 100, 7241
2026/08/26 04:14:27.119, 158.91, 100, 7241
2026/08/26 04:14:28.119, 160.00, 99, 7241
2026/08/26 04:14:29.119, 162.29, 100, 7241
2026/08/26 04:14:30.120, 162.39, 100, 7241
2026/08/26 04:14:31.120, 162.28, 99, 7241
2026/08/26 04:14:32.120, 162.19, 100, 7241
2026/08/26 04:14:33.120, 162.45, 100, 7241
2026/08/26 04:14:34.120, 162.41, 99, 7241
2026/08/26 04:14:35.120, 162.48, 100, 7241
2026/08/26 04:14:36.121, 162.54, 100, 7241
2026/08/26 04:14:37.121, 162.26, 100, 7241
2026/08/26 04:14:38.121, 162.64, 100, 7241
2026/08/26 04:14:39.121, 162.56, 99, 7241
2026/08/26 04:14:40.121, 162.46, 100, 7241
2026/08/26 04:14:41.121, 162.73, 100, 7241
2026/08/26 04:14:42.122, 162.38, 99, 7241
2026/08/26 04:14:43.122, 162.78, 100, 7241
2026/08/26 04:14:44.122, 162.60, 100, 7241
2026/08/26 04:14:45.122, 162.58, 100, 7241
2026/08/26 04:14:46.122, 162.64, 100, 7241
2026/08/26 04:14:47.123, 162.29, 100, 7241
2026/08/26 04:14:48.123, 162.55, 99, 7241
2026/08/26 04:14:49.123, 162.56, 100, 7241
2026/08/26 04:14:50.123, 162.63, 100, 7241
2026/08/26 04:14:51.123, 162.36, 98, 7241
2026/08/26 04:14:52.123, 162.36, 100, 7241
2026/08/26 04:14:53.124, 162.68, 100, 7241
2026/08/26 04:14:54.124, 162.57, 100, 7241
2026/08/26 04:14:55.124, 162.56, 100, 7241
2026/08/26 04:14:56.124, 162.38, 100, 7241
2026/08/26 04:14:57.124, 162.75, 100, 7241
2026/08/26 04:14:58.125, 162.67, 100, 7241
2026/08/26 04:14:59.125, 162.56, 100, 7241
2026/08/26 04:15:00.125, 162.60, 100, 7241
2026/08/26 04:15:01.125, 162.30, 100, 7241
2026/08/26 04:15:02.125, 162.70, 100, 7241
2026/08/26 04:15:03.125, 162.61, 100, 7241
2026/08/26 04:15:04.126, 162.73, 100, 7241
2026/08/26 04:15:05.126, 162.60, 100, 7241
2026/08/26 04:15:06.126, 162.53, 100, 7241
2026/08/26 04:15:07.126, 162.81, 100, 7241
2026/08/26 04:15:08.126, 162.69, 99, 7241
2026/08/26 04:15:09.126, 162.66, 100, 7241
2026/08/26 04:15:10.127, 162.64, 100, 7241
2026/08/26 04:15:11.127, 162.40, 100, 7241
2026/08/26 04:15:12.127, 162.66, 100, 7241
2026/08/26 04:15:13.127, 162.71, 100, 7241
2026/08/26 04:15:14.127, 162.74, 100, 7241
2026/08/26 04:15:15.127, 162.61, 100, 7241
2026/08/26 04:15:16.128, 162.88, 99, 7241
2026/08/26 04:15:17.128, 162.62, 100, 7241
2026/08/26 04:15:18.128, 162.66, 100, 7241
2026/08/26 04:15:19.128, 162.65, 99, 7241
2026/08/26 04:15:20.128, 155.25, 100, 7241
2026/08/26 04:15:21.129, 158.75, 100, 7241
2026/08/26 04:15:22.129, 158.34, 98, 7241
2026/08/26 04:15:23.129, 158.81, 98, 7241
2026/08/26 04:15:24.129, 159.10, 100, 7241
2026/08/26 04:15:25.129, 159.55, 100, 7241
2026/08/26 04:15:26.130, 159.49, 100, 7241
2026/08/26 04:15:27.130, 158.81, 100, 7241
2026/08/26 04:15:28.130, 158.79, 100, 7241
2026/08/26 04:15:29.130, 158.82, 100, 7241
2026/08/26 04:15:30.130, 158.70, 98, 7241
2026/08/26 04:15:31.130, 158.80, 100, 7241
2026/08/26 04:15:32.131, 159.52, 100, 7241
2026/08/26 04:15:33.131, 158.23, 100, 7241
2026/08/26 04:15:34.131, 159.73, 100, 7241
2026/08/26 04:15:35.131, 158.92, 100, 7241
2026/08/26 04:15:36.131, 158.90, 100, 7241
2026/08/26 04:15:37.132, 158.87, 98, 7241
2026/08/26 04:15:38.132, 158.87, 98, 7241
2026/08/26 04:15:39.132, 160.31, 100, 7241
2026/08/26 04:15:40.132, 159.59, 100, 7241
2026/08/26 04:15:41.132, 159.40, 100, 7241
2026/08/26 04:15:42.133, 159.42, 100, 7241
2026/08/26 04:15:43.133, 159.04, 100, 7241
2026/08/26 04:15:44.133, 158.71, 100, 7241
2026/08/26 04:15:45.133, 158.72, 98, 7241
2026/08/26 04:15:46.133, 158.80, 100, 7241
2026/08/26 04:15:47.134, 159.51, 100, 7241
2026/08/26 04:15:48.134, 159.37, 100, 7241
2026/08/26 04:15:49.134, 158.56, 100, 7241
2026/08/26 04:15:50.134, 158.65, 100, 7241
2026/08/26 04:15:51.134, 158.07, 100, 7241
2026/08/26 04:15:52.134, 158.82, 98, 7241
2026/08/26 04:15:53.135, 158.53, 97, 7241
2026/08/26 04:15:54.135, 159.76, 100, 7241
2026/08/26 04:15:55.135, 159.35, 100, 7241
2026/08/26 04:15:56.135, 158.82, 100, 7241
2026/08/26 04:15:57.135, 159.10, 100, 7241
2026/08/26 04:15:58.136, 159.21, 100, 7241
2026/08/26 04:15:59.136, 158.70, 100, 7241
2026/08/26 04:16:00.136, 158.17, 98, 7241
2026/08/26 04:16:01.136, 158.81, 98, 7241
2026/08/26 04:16:02.136, 159.12, 100, 7241
2026/08/26 04:16:03.137, 159.49, 100, 7241
2026/08/26 04:16:04.137, 159.00, 100, 7241
2026/08/26 04:16:05.137, 158.55, 100, 7241
2026/08/26 04:16:06.137, 158.83, 100, 7241
2026/08/26 04:16:07.137, 158.59, 99, 7241
2026/08/26 04:16:08.137, 158.52, 98, 7241
2026/08/26 04:16:09.138, 159.00, 100, 7241
2026/08/26 04:16:10.138, 159.20, 100, 7241
2026/08/26 04:16:11.138, 159.53, 100, 7241
2026/08/26 04:16:12.138, 159.17, 100, 7241
2026/08/26 04:16:13.138, 159.04, 100, 7241
2026/08/26 04:16:14.138, 158.37, 100, 7241
2026/08/26 04:16:15.139, 157.74, 98, 7241
2026/08/26 04:16:16.139, 159.12, 98, 7241
2026/08/26 04:16:17.139, 158.72, 100, 7241
2026/08/26 04:16:18.139, 159.78, 100, 7241
2026/08/26 04:16:19.139, 158.82, 100, 7241
2026/08/26 04:16:20.140, 159.26, 100, 7241
2026/08/26 04:16:21.140, 158.67, 100, 7241
2026/08/26 04:16:22.140, 158.57, 100, 7241
2026/08/26 04:16:23.140, 158.40, 98, 7241
2026/08/26 04:16:24.140, 158.67, 100, 7241
2026/08/26 04:16:25.140, 159.48, 100, 7241
2026/08/26 04:16:26.141, 159.39, 100, 7241
2026/08/26 04:16:27.141, 159.36, 100, 7241
2026/08/26 04:16:28.141, 158.77, 100, 7241
2026/08/26 04:16:29.141, 158.73, 100, 7241
2026/08/26 04:16:30.141, 158.13, 98, 7241
2026/08/26 04:16:31.142, 159.41, 98, 7241
2026/08/26 04:16:32.142, 159.16, 100, 7241
2026/08/26 04:16:33.142, 159.39, 100, 7241
2026/08/26 04:16:34.142, 159.23, 100, 7241
2026/08/26 04:16:35.142, 158.88, 100, 7241
2026/08/26 04:16:36.143, 158.82, 100, 7241
2026/08/26 04:16:37.143, 158.71, 100, 7241
2026/08/26 04:16:38.143, 159.00, 97, 7241
2026/08/26 04:16:39.143, 158.74, 100, 7241
2026/08/26 04:16:40.143, 159.70, 100, 7241
2026/08/26 04:16:41.144, 158.63, 100, 7241
2026/08/26 04:16:42.144, 159.19, 100, 7241
2026/08/26 04:16:43.144, 158.68, 100, 7241
2026/08/26 04:16:44.144, 158.57, 100, 7241
2026/08/26 04:16:45.144, 158.33, 98, 7241
2026/08/26 04:16:46.145, 159.41, 98, 7241
2026/08/26 04:16:47.145, 158.85, 100, 7241
2026/08/26 04:16:48.145, 159.63, 100, 7241
2026/08/26 04:16:49.145, 159.45, 100, 7241
2026/08/26 04:16:50.145, 158.93, 100, 7241
2026/08/26 04:16:51.145, 158.73, 100, 7241
2026/08/26 04:16:52.146, 158.58, 100, 7241
2026/08/26 04:16:53.146, 158.47, 98, 7241
2026/08/26 04:16:54.146, 159.04, 100, 7241
2026/08/26 04:16:55.146, 159.37, 100, 7241
2026/08/26 04:16:56.146, 159.13, 100, 7241
2026/08/26 04:16:57.147, 159.41, 100, 7241
2026/08/26 04:16:58.147, 158.66, 100, 7241
2026/08/26 04:16:59.147, 158.86, 100, 7241
2026/08/26 04:17:00.147, 158.17, 98, 7241
2026/08/26 04:17:01.147, 159.86, 98, 7241
2026/08/26 04:17:02.148, 159.18, 100, 7241
2026/08/26 04:17:03.148, 159.72, 100, 7241
2026/08/26 04:17:04.148, 158.90, 100, 7241
2026/08/26 04:17:05.148, 158.70, 100, 7241
2026/08/26 04:17:06.148, 158.56, 100, 7241
2026/08/26 04:17:07.149, 158.65, 100, 7241
2026/08/26 04:17:08.157, 158.64, 98, 7241
2026/08/26 04:17:09.157, 158.79, 100, 7241
2026/08/26 04:17:10.157, 159.68, 100, 7241
2026/08/26 04:17:11.158, 158.84, 100, 7241
2026/08/26 04:17:12.158, 158.83, 100, 7241
2026/08/26 04:17:13.158, 158.64, 100, 7241
2026/08/26 04:17:14.158, 158.83, 100, 7241
2026/08/26 04:17:15.158, 157.61, 98, 7241
2026/08/26 04:17:16.159, 158.38, 98, 7241
2026/08/26 04:17:17.159, 159.49, 100, 7241
2026/08/26 04:17:18.159, 159.59, 100, 7241
2026/08/26 04:17:19.159, 159.23, 100, 7241
2026/08/26 04:17:20.159, 158.60, 100, 7241
2026/08/26 04:17:21.159, 158.40, 100, 7241
2026/08/26 04:17:22.160, 158.72, 100, 7241
2026/08/26 04:17:23.160, 158.75, 98, 7241
2026/08/26 04:17:24.160, 159.47, 100, 7241
2026/08/26 04:17:25.160, 158.81, 100, 7241
2026/08/26 04:17:26.160, 158.98, 100, 7241
2026/08/26 04:17:27.161, 158.27, 100, 7241
2026/08/26 04:17:28.161, 158.42, 100, 7241
2026/08/26 04:17:29.161, 158.40, 100, 7241
2026/08/26 04:17:30.161, 158.22, 98, 7241
2026/08/26 04:17:31.161, 159.03, 100, 7241
2026/08/26 04:17:32.161, 159.34, 100, 7241
2026/08/26 04:17:33.162, 158.54, 100, 7241
2026/08/26 04:17:34.162, 158.82, 100, 7241
2026/08/26 04:17:35.162, 157.49, 100, 7241
2026/08/26 04:17:36.162, 158.22, 100, 7241
2026/08/26 04:17:37.162, 158.34, 100, 7241
2026/08/26 04:17:38.163, 158.52, 100, 7241
2026/08/26 04:17:39.163, 159.03, 100, 7241
2026/08/26 04:17:40.163, 158.72, 100, 7241
2026/08/26 04:17:41.163, 158.69, 100, 7241
2026/08/26 04:17:42.163, 158.60, 100, 7241
2026/08/26 04:17:43.164, 158.55, 100, 7241
2026/08/26 04:17:44.164, 158.33, 98, 7241
2026/08/26 04:17:45.164, 159.25, 98, 7241
2026/08/26 04:17:46.164, 158.64, 100, 7241
2026/08/26 04:17:47.164, 159.31, 100, 7241
2026/08/26 04:17:48.164, 158.65, 100, 7241
2026/08/26 04:17:49.164, 158.68, 100, 7241
2026/08/26 04:17:50.165, 157.38, 100, 7241
2026/08/26 04:17:51.165, 158.24, 100, 7241
2026/08/26 04:17:52.165, 157.98, 98, 7241
2026/08/26 04:17:53.165, 158.15, 98, 7241
2026/08/26 04:17:54.165, 159.51, 100, 7241
2026/08/26 04:17:55.166, 158.45, 100, 7241
2026/08/26 04:17:56.166, 159.11, 100, 7241
2026/08/26 04:17:57.166, 158.83, 100, 7241
2026/08/26 04:17:58.166, 158.62, 100, 7241
2026/08/26 04:17:59.166, 158.61, 100, 7241
2026/08/26 04:18:00.167, 158.48, 98, 7241
2026/08/26 04:18:01.167, 158.66, 100, 7241
2026/08/26 04:18:02.167, 158.86, 100, 7241
2026/08/26 04:18:03.167, 159.25, 100, 7241
2026/08/26 04:18:04.167, 158.97, 100, 7241
2026/08/26 04:18:05.167, 158.93, 100, 7241
2026/08/26 04:18:06.168, 158.93, 100, 7241
2026/08/26 04:18:07.168, 158.28, 98, 7241
2026/08/26 04:18:08.168, 159.10, 98, 7241
2026/08/26 04:18:09.168, 158.85, 100, 7241
2026/08/26 04:18:10.168, 158.97, 100, 7241
2026/08/26 04:18:11.169, 158.70, 100, 7241
2026/08/26 04:18:12.169, 158.78, 100, 7241
2026/08/26 04:18:13.169, 158.48, 100, 7241
2026/08/26 04:18:14.169, 158.87, 100, 7241
2026/08/26 04:18:15.169, 158.34, 98, 7241
2026/08/26 04:18:16.170, 159.06, 100, 7241
2026/08/26 04:18:17.170, 159.01, 100, 7241
2026/08/26 04:18:18.170, 159.65, 100, 7241
2026/08/26 04:18:19.170, 158.91, 100, 7241
2026/08/26 04:18:20.170, 158.47, 100, 7241
2026/08/26 04:18:21.170, 158.63, 100, 7241
2026/08/26 04:18:22.171, 157.91, 98, 7241
2026/08/26 04:18:23.171, 158.38, 98, 7241
2026/08/26 04:18:24.171, 159.60, 100, 7241
2026/08/26 04:18:25.171, 159.57, 100, 7241
2026/08/26 04:18:26.171, 159.12, 100, 7241
2026/08/26 04:18:27.171, 158.84, 100, 7241
2026/08/26 04:18:28.172, 158.82, 100, 7241
2026/08/26 04:18:29.172, 158.26, 100, 7241
2026/08/26 04:18:30.172, 158.47, 98, 7241
2026/08/26 04:18:31.172, 158.47, 100, 7241
2026/08/26 04:18:32.172, 158.93, 100, 7241
2026/08/26 04:18:33.172, 158.89, 100, 7241
2026/08/26 04:18:34.173, 159.20, 100, 7241
2026/08/26 04:18:35.173, 158.53, 100, 7241
2026/08/26 04:18:36.173, 158.57, 100, 7241
2026/08/26 04:18:37.173, 158.46, 98, 7241
2026/08/26 04:18:38.173, 159.34, 98, 7241
2026/08/26 04:18:39.174, 158.89, 100, 7241
2026/08/26 04:18:40.174, 159.26, 100, 7241
2026/08/26 04:18:41.174, 159.18, 100, 7241
2026/08/26 04:18:42.174, 159.64, 100, 7241
2026/08/26 04:18:43.174, 158.87, 100, 7241
2026/08/26 04:18:44.174, 158.59, 100, 7241
2026/08/26 04:18:45.175, 158.83, 98, 7241
2026/08/26 04:18:46.175, 158.91, 100, 7241
2026/08/26 04:18:47.175, 159.29, 100, 7241
2026/08/26 04:18:48.175, 158.76, 100, 7241
2026/08/26 04:18:49.175, 158.85, 100, 7241
2026/08/26 04:18:50.176, 158.55, 100, 7241
2026/08/26 04:18:51.176, 158.20, 100, 7241
2026/08/26 04:18:52.176, 158.23, 98, 7241
2026/08/26 04:18:53.176, 159.60, 98, 7241
2026/08/26 04:18:54.176, 159.09, 100, 7241
2026/08/26 04:18:55.176, 159.15, 100, 7241
2026/08/26 04:18:56.177, 159.18, 100, 7241
2026/08/26 04:18:57.177, 159.01, 100, 7241
2026/08/26 04:18:58.177, 158.74, 100, 7241
2026/08/26 04:18:59.177, 158.44, 100, 7241
2026/08/26 04:19:00.177, 158.55, 98, 7241
2026/08/26 04:19:01.178, 158.76, 99, 7241
2026/08/26 04:19:02.178, 159.49, 100, 7241
2026/08/26 04:19:03.178, 159.87, 100, 7241
2026/08/26 04:19:04.178, 159.18, 100, 7241
2026/08/26 04:19:05.178, 159.50, 100, 7241
2026/08/26 04:19:06.179, 162.40, 99, 7241
2026/08/26 04:19:07.179, 162.43, 100, 7241
2026/08/26 04:19:08.179, 162.53, 100, 7241
2026/08/26 04:19:09.179, 162.23, 98, 7241
2026/08/26 04:19:10.179, 162.40, 100, 7241
2026/08/26 04:19:11.179, 162.60, 100, 7241
2026/08/26 04:19:12.180, 162.36, 99, 7241
2026/08/26 04:19:13.180, 162.69, 100, 7241
2026/08/26 04:19:14.180, 162.46, 100, 7241
2026/08/26 04:19:15.180, 162.51, 100, 7241
2026/08/26 04:19:16.180, 162.71, 100, 7241
2026/08/26 04:19:17.181, 162.74, 100, 7241
2026/08/26 04:19:18.181, 162.77, 100, 7241
2026/08/26 04:19:19.181, 162.51, 100, 7241
2026/08/26 04:19:20.181, 162.72, 100, 7241
2026/08/26 04:19:21.181, 162.49, 100, 7241
2026/08/26 04:19:22.181, 162.57, 100, 7241
2026/08/26 04:19:23.182, 162.51, 99, 7241
2026/08/26 04:19:24.182, 162.52, 100, 7241
2026/08/26 04:19:25.182, 162.59, 100, 7241
2026/08/26 04:19:26.182, 162.74, 99, 7241
2026/08/26 04:19:27.182, 162.71, 100, 7241
2026/08/26 04:19:28.182, 162.72, 100, 7241
2026/08/26 04:19:29.183, 162.74, 100, 7241
2026/08/26 04:19:30.183, 162.72, 100, 7241
2026/08/26 04:19:31.183, 162.59, 100, 7241
2026/08/26 04:19:32.183, 162.67, 99, 7241
2026/08/26 04:19:33.183, 162.52, 100, 7241
2026/08/26 04:19:34.184, 162.99, 100, 7241
2026/08/26 04:19:35.184, 162.88, 99, 7241
2026/08/26 04:19:36.184, 162.93, 100, 7241
2026/08/26 04:19:37.184, 162.75, 100, 7241
2026/08/26 04:19:38.184, 162.53, 99, 7241
2026/08/26 04:19:39.184, 162.74, 100, 7241
2026/08/26 04:19:40.184, 162.64, 99, 7241
2026/08/26 04:19:41.185, 162.74, 100, 7241
2026/08/26 04:19:42.185, 162.65, 100, 7241
2026/08/26 04:19:43.185, 162.25, 99, 7241
2026/08/26 04:19:44.185, 162.52, 100, 7241
2026/08/26 04:19:45.185, 162.63, 100, 7241
2026/08/26 04:19:46.185, 162.71, 99, 7241
2026/08/26 04:19:47.186, 162.57, 100, 7241
2026/08/26 04:19:48.186, 162.60, 100, 7241
2026/08/26 04:19:49.186, 162.73, 100, 7241
2026/08/26 04:19:50.186, 162.66, 100, 7241
2026/08/26 04:19:51.186, 162.75, 100, 7241
2026/08/26 04:19:52.187, 162.47, 98, 7241
2026/08/26 04:19:53.187, 162.77, 100, 7241
2026/08/26 04:19:54.187, 162.82, 100, 7241
2026/08/26 04:19:55.187, 162.98, 100, 7241
2026/08/26 04:19:56.187, 162.85, 100, 7241
2026/08/26 04:19:57.187, 156.41, 100, 7241
2026/08/26 04:19:58.188, 158.96, 100, 7241
2026/08/26 04:19:59.188, 158.67, 100, 7241
2026/08/26 04:20:00.188, 158.70, 100, 7241
2026/08/26 04:20:01.188, 157.87, 98, 7241
2026/08/26 04:20:02.188, 159.54, 98, 7241
2026/08/26 04:20:03.189, 159.98, 100, 7241
2026/08/26 04:20:04.189, 158.99, 100, 7241
2026/08/26 04:20:05.189, 160.01, 100, 7241
2026/08/26 04:20:06.189, 159.00, 100, 7241
2026/08/26 04:20:07.189, 159.25, 100, 7241
2026/08/26 04:20:08.189, 159.19, 100, 7241
2026/08/26 04:20:09.190, 158.62, 98, 7241
2026/08/26 04:20:10.190, 159.26, 100, 7241
2026/08/26 04:20:11.190, 159.19, 100, 7241
2026/08/26 04:20:12.190, 159.64, 100, 7241
2026/08/26 04:20:13.190, 158.68, 100, 7241
2026/08/26 04:20:14.191, 158.87, 100, 7241
2026/08/26 04:20:15.191, 159.08, 100, 7241
2026/08/26 04:20:16.191, 158.34, 98, 7241
2026/08/26 04:20:17.191, 158.56, 98, 7241
2026/08/26 04:20:18.191, 158.61, 100, 7241
2026/08/26 04:20:19.192, 159.02, 100, 7241
2026/08/26 04:20:20.192, 159.64, 100, 7241
2026/08/26 04:20:21.192, 159.15, 100, 7241
2026/08/26 04:20:22.192, 158.46, 100, 7241
2026/08/26 04:20:23.192, 158.62, 100, 7241
2026/08/26 04:20:24.193, 158.70, 98, 7241
2026/08/26 04:20:25.193, 159.73, 100, 7241
2026/08/26 04:20:26.193, 159.60, 100, 7241
2026/08/26 04:20:27.193, 159.15, 100, 7241
2026/08/26 04:20:28.193, 158.99, 100, 7241
2026/08/26 04:20:29.193, 158.82, 100, 7241
2026/08/26 04:20:30.194, 158.61, 100, 7241
2026/08/26 04:20:31.194, 158.22, 98, 7241
2026/08/26 04:20:32.194, 158.78, 98, 7241
2026/08/26 04:20:33.194, 159.01, 100, 7241
2026/08/26 04:20:34.194, 158.53, 100, 7241
2026/08/26 04:20:35.195, 158.87, 100, 7241
2026/08/26 04:20:36.195, 158.88, 100, 7241
2026/08/26 04:20:37.195, 158.72, 100, 7241
2026/08/26 04:20:38.195, 158.58, 100, 7241
2026/08/26 04:20:39.195, 157.20, 90, 7241
2026/08/26 04:20:40.195, 158.19, 98, 7241
2026/08/26 04:20:41.196, 159.21, 100, 7241
2026/08/26 04:20:42.196, 159.62, 100, 7241
2026/08/26 04:20:43.196, 158.66, 100, 7241
2026/08/26 04:20:44.196, 158.72, 100, 7241
2026/08/26 04:20:45.196, 159.10, 100, 7241
2026/08/26 04:20:46.197, 158.48, 100, 7241
2026/08/26 04:20:47.197, 159.36, 98, 7241
2026/08/26 04:20:48.197, 158.79, 100, 7241
2026/08/26 04:20:49.197, 159.13, 100, 7241
2026/08/26 04:20:50.197, 158.76, 100, 7241
2026/08/26 04:20:51.198, 158.67, 100, 7241
2026/08/26 04:20:52.198, 157.55, 100, 7241
2026/08/26 04:20:53.198, 158.35, 100, 7241
2026/08/26 04:20:54.198, 157.88, 97, 7241
2026/08/26 04:20:55.198, 158.09, 98, 7241
2026/08/26 04:20:56.198, 158.81, 100, 7241
2026/08/26 04:20:57.199, 158.55, 100, 7241
2026/08/26 04:20:58.199, 158.66, 100, 7241
2026/08/26 04:20:59.199, 158.95, 100, 7241
2026/08/26 04:21:00.199, 158.37, 100, 7241
2026/08/26 04:21:01.199, 158.16, 100, 7241
2026/08/26 04:21:02.199, 156.96, 90, 7241
2026/08/26 04:21:03.200, 157.05, 98, 7241
2026/08/26 04:21:04.200, 159.14, 100, 7241
2026/08/26 04:21:05.200, 158.64, 100, 7241
2026/08/26 04:21:06.200, 159.06, 100, 7241
2026/08/26 04:21:07.200, 158.29, 100, 7241
2026/08/26 04:21:08.200, 158.41, 100, 7241
2026/08/26 04:21:09.201, 158.48, 100, 7241
2026/08/26 04:21:10.201, 157.98, 98, 7241
2026/08/26 04:21:11.201, 158.24, 98, 7241
2026/08/26 04:21:12.201, 158.92, 100, 7241
2026/08/26 04:21:13.201, 159.18, 100, 7241
2026/08/26 04:21:14.201, 158.41, 100, 7241
2026/08/26 04:21:15.202, 158.26, 100, 7241
2026/08/26 04:21:16.202, 158.26, 100, 7241
2026/08/26 04:21:17.202, 158.20, 100, 7241
2026/08/26 04:21:18.202, 157.97, 98, 7241
2026/08/26 04:21:19.202, 158.78, 99, 7241
2026/08/26 04:21:20.202, 158.81, 100, 7241
2026/08/26 04:21:21.203, 158.92, 100, 7241
2026/08/26 04:21:22.203, 159.05, 100, 7241
2026/08/26 04:21:23.203, 158.59, 100, 7241
2026/08/26 04:21:24.203, 158.55, 100, 7241
2026/08/26 04:21:25.203, 158.18, 99, 7241
2026/08/26 04:21:26.204, 158.25, 98, 7241
2026/08/26 04:21:27.204, 158.87, 100, 7241
2026/08/26 04:21:28.204, 159.27, 100, 7241
2026/08/26 04:21:29.204, 158.76, 100, 7241
2026/08/26 04:21:30.205, 158.31, 100, 7241
2026/08/26 04:21:31.205, 158.28, 100, 7241
2026/08/26 04:21:32.205, 158.25, 100, 7241
2026/08/26 04:21:33.205, 158.04, 98, 7241
2026/08/26 04:21:34.205, 158.26, 98, 7241
2026/08/26 04:21:35.205, 158.57, 100, 7241
2026/08/26 04:21:36.206, 158.68, 100, 7241
2026/08/26 04:21:37.206, 158.76, 100, 7241
2026/08/26 04:21:38.206, 158.94, 100, 7241
2026/08/26 04:21:39.206, 158.37, 100, 7241
2026/08/26 04:21:40.206, 158.28, 100, 7241
2026/08/26 04:21:41.206, 157.90, 98, 7241
2026/08/26 04:21:42.207, 158.83, 100, 7241
2026/08/26 04:21:43.207, 158.90, 100, 7241
2026/08/26 04:21:44.207, 159.32, 100, 7241
2026/08/26 04:21:45.207, 158.67, 100, 7241
2026/08/26 04:21:46.207, 158.60, 100, 7241
2026/08/26 04:21:47.208, 158.54, 100, 7241
2026/08/26 04:21:48.208, 158.01, 98, 7241
2026/08/26 04:21:49.208, 158.27, 98, 7241
2026/08/26 04:21:50.208, 158.96, 100, 7241
2026/08/26 04:21:51.208, 158.88, 100, 7241
2026/08/26 04:21:52.208, 159.11, 100, 7241
2026/08/26 04:21:53.209, 158.57, 100, 7241
2026/08/26 04:21:54.209, 158.32, 100, 7241
2026/08/26 04:21:55.209, 158.52, 100, 7241
2026/08/26 04:21:56.209, 158.22, 98, 7241
2026/08/26 04:21:57.209, 159.07, 98, 7241
2026/08/26 04:21:58.209, 158.78, 100, 7241
2026/08/26 04:21:59.210, 159.46, 100, 7241
2026/08/26 04:22:00.210, 158.92, 100, 7241
2026/08/26 04:22:01.210, 158.53, 100, 7241
2026/08/26 04:22:02.210, 158.60, 100, 7241
2026/08/26 04:22:03.210, 158.31, 100, 7241
2026/08/26 04:22:04.211, 158.25, 98, 7241
2026/08/26 04:22:05.211, 158.43, 98, 7241
2026/08/26 04:22:06.211, 159.12, 100, 7241
2026/08/26 04:22:07.211, 159.52, 100, 7241
2026/08/26 04:22:08.211, 158.68, 100, 7241
2026/08/26 04:22:09.211, 158.68, 100, 7241
2026/08/26 04:22:10.212, 158.45, 100, 7241
2026/08/26 04:22:11.212, 158.81, 100, 7241
2026/08/26 04:22:12.212, 158.45, 98, 7241
2026/08/26 04:22:13.212, 158.50, 100, 7241
2026/08/26 04:22:14.212, 159.42, 100, 7241
2026/08/26 04:22:15.213, 158.76, 100, 7241
2026/08/26 04:22:16.213, 159.16, 100, 7241
2026/08/26 04:22:17.213, 158.48, 100, 7241
2026/08/26 04:22:18.213, 158.53, 100, 7241
2026/08/26 04:22:19.213, 158.23, 98, 7241
2026/08/26 04:22:20.214, 158.21, 98, 7241
2026/08/26 04:22:21.214, 159.08, 100, 7241
2026/08/26 04:22:22.214, 159.16, 100, 7241
2026/08/26 04:22:23.214, 159.31, 100, 7241
2026/08/26 04:22:24.214, 158.90, 100, 7241
2026/08/26 04:22:25.214, 158.51, 100, 7241
2026/08/26 04:22:26.215, 158.48, 100, 7241
2026/08/26 04:22:27.215, 158.23, 98, 7241
2026/08/26 04:22:28.215, 158.09, 98, 7241
2026/08/26 04:22:29.215, 158.62, 100, 7241
2026/08/26 04:22:30.215, 158.98, 100, 7241
2026/08/26 04:22:31.216, 159.03, 100, 7241
2026/08/26 04:22:32.216, 158.57, 100, 7241
2026/08/26 04:22:33.216, 158.47, 100, 7241
2026/08/26 04:22:34.216, 158.00, 100, 7241
2026/08/26 04:22:35.216, 157.82, 98, 7241
2026/08/26 04:22:36.217, 158.26, 98, 7241
2026/08/26 04:22:37.217, 158.69, 100, 7241
2026/08/26 04:22:38.217, 159.24, 100, 7241
2026/08/26 04:22:39.217, 158.65, 100, 7241
2026/08/26 04:22:40.217, 158.66, 100, 7241
2026/08/26 04:22:41.217, 158.60, 100, 7241
2026/08/26 04:22:42.218, 158.30, 100, 7241
2026/08/26 04:22:43.218, 158.15, 98, 7241
2026/08/26 04:22:44.218, 158.42, 100, 7241
2026/08/26 04:22:45.218, 159.53, 100, 7241
2026/08/26 04:22:46.218, 158.79, 100, 7241
2026/08/26 04:22:47.219, 158.98, 100, 7241
2026/08/26 04:22:48.219, 158.49, 100, 7241
2026/08/26 04:22:49.219, 158.52, 100, 7241
2026/08/26 04:22:50.219, 157.86, 98, 7241
2026/08/26 04:22:51.219, 158.98, 97, 7241
2026/08/26 04:22:52.220, 158.46, 100, 7241
2026/08/26 04:22:53.220, 159.40, 100, 7241
2026/08/26 04:22:54.220, 158.79, 100, 7241
2026/08/26 04:22:55.220, 158.68, 100, 7241
2026/08/26 04:22:56.220, 158.81, 100, 7241
2026/08/26 04:22:57.221, 158.67, 100, 7241
2026/08/26 04:22:58.229, 158.18, 98, 7241
2026/08/26 04:22:59.229, 159.10, 99, 7241
2026/08/26 04:23:00.230, 158.98, 100, 7241
2026/08/26 04:23:01.230, 158.94, 100, 7241
2026/08/26 04:23:02.230, 158.93, 100, 7241
2026/08/26 04:23:03.239, 158.65, 100, 7241
2026/08/26 04:23:04.239, 158.42, 100, 7241
2026/08/26 04:23:05.239, 158.44, 100, 7241
2026/08/26 04:23:06.239, 158.27, 98, 7241
2026/08/26 04:23:07.239, 159.10, 100, 7241
2026/08/26 04:23:08.248, 159.62, 100, 7241
2026/08/26 04:23:09.248, 159.02, 100, 7241
2026/08/26 04:23:10.248, 158.89, 100, 7241
2026/08/26 04:23:11.248, 158.38, 100, 7241
2026/08/26 04:23:12.249, 158.40, 100, 7241
2026/08/26 04:23:13.249, 157.71, 98, 7241
2026/08/26 04:23:14.249, 159.07, 98, 7241
2026/08/26 04:23:15.249, 158.71, 100, 7241
2026/08/26 04:23:16.249, 159.86, 100, 7241
2026/08/26 04:23:17.250, 158.93, 100, 7241
2026/08/26 04:23:18.250, 158.66, 100, 7241
2026/08/26 04:23:19.250, 158.42, 100, 7241
2026/08/26 04:23:20.250, 158.53, 100, 7241
2026/08/26 04:23:21.250, 158.57, 98, 7241
2026/08/26 04:23:22.250, 159.07, 100, 7241
2026/08/26 04:23:23.251, 159.01, 100, 7241
2026/08/26 04:23:24.251, 159.46, 100, 7241
2026/08/26 04:23:25.251, 158.52, 100, 7241
2026/08/26 04:23:26.251, 158.79, 100, 7241
2026/08/26 04:23:27.251, 158.65, 100, 7241
2026/08/26 04:23:28.251, 158.30, 99, 7241
2026/08/26 04:23:29.252, 157.87, 98, 7241
2026/08/26 04:23:30.252, 158.63, 100, 7241
2026/08/26 04:23:31.252, 159.16, 100, 7241
2026/08/26 04:23:32.252, 158.58, 100, 7241
2026/08/26 04:23:33.252, 158.66, 100, 7241
2026/08/26 04:23:34.253, 158.25, 100, 7241
2026/08/26 04:23:35.253, 158.56, 100, 7241
2026/08/26 04:23:36.253, 158.23, 98, 7241
2026/08/26 04:23:37.253, 158.32, 98, 7241
2026/08/26 04:23:38.253, 158.75, 100, 7241
2026/08/26 04:23:39.253, 159.09, 100, 7241
2026/08/26 04:23:40.254, 159.00, 100, 7241
2026/08/26 04:23:41.254, 158.56, 100, 7241
2026/08/26 04:23:42.254, 157.86, 100, 7241
2026/08/26 04:23:43.254, 162.57, 100, 7241
2026/08/26 04:23:44.254, 162.59, 100, 7241
2026/08/26 04:23:45.255, 162.43, 100, 7241
2026/08/26 04:23:46.255, 162.46, 100, 7241
2026/08/26 04:23:47.255, 162.60, 99, 7241
2026/08/26 04:23:48.255, 162.43, 100, 7241
2026/08/26 04:23:49.255, 162.67, 100, 7241
2026/08/26 04:23:50.255, 162.59, 99, 7241
2026/08/26 04:23:51.256, 162.76, 100, 7241
2026/08/26 04:23:52.256, 162.71, 100, 7241
2026/08/26 04:23:53.256, 162.56, 99, 7241
2026/08/26 04:23:54.256, 162.69, 100, 7241
2026/08/26 04:23:55.256, 162.56, 100, 7241
2026/08/26 04:23:56.257, 162.30, 98, 7241
2026/08/26 04:23:57.257, 162.21, 100, 7241
2026/08/26 04:23:58.257, 162.55, 100, 7241
2026/08/26 04:23:59.257, 162.44, 99, 7241
2026/08/26 04:24:00.257, 162.45, 100, 7241
2026/08/26 04:24:01.257, 162.34, 100, 7241
2026/08/26 04:24:02.258, 162.56, 99, 7241
2026/08/26 04:24:03.258, 162.67, 100, 7241
2026/08/26 04:24:04.258, 162.57, 100, 7241
2026/08/26 04:24:05.258, 162.65, 100, 7241
2026/08/26 04:24:06.258, 162.59, 100, 7241
2026/08/26 04:24:07.259, 162.65, 100, 7241
2026/08/26 04:24:08.259, 162.73, 100, 7241
2026/08/26 04:24:09.259, 162.59, 100, 7241
2026/08/26 04:24:10.259, 162.48, 99, 7241
2026/08/26 04:24:11.259, 162.57, 100, 7241
2026/08/26 04:24:12.259, 162.63, 100, 7241
2026/08/26 04:24:13.260, 162.47, 99, 7241
2026/08/26 04:24:14.260, 162.61, 100, 7241
2026/08/26 04:24:15.260, 162.69, 100, 7241
2026/08/26 04:24:16.260, 162.49, 99, 7241
2026/08/26 04:24:17.260, 162.63, 100, 7241
2026/08/26 04:24:18.260, 162.56, 100, 7241
2026/08/26 04:24:19.261, 162.61, 99, 7241
2026/08/26 04:24:20.261, 162.49, 100, 7241
2026/08/26 04:24:21.261, 162.69, 100, 7241
2026/08/26 04:24:22.261, 162.70, 99, 7241
2026/08/26 04:24:23.261, 162.75, 100, 7241
2026/08/26 04:24:24.261, 162.64, 100, 7241
2026/08/26 04:24:25.262, 162.45, 100, 7241
2026/08/26 04:24:26.262, 162.74, 100, 7241
2026/08/26 04:24:27.262, 162.71, 99, 7241
2026/08/26 04:24:28.262, 162.50, 100, 7241
2026/08/26 04:24:29.262, 162.54, 100, 7241
2026/08/26 04:24:30.262, 162.60, 100, 7241
2026/08/26 04:24:31.263, 162.54, 100, 7241
2026/08/26 04:24:32.263, 162.47, 99, 7241
2026/08/26 04:24:33.263, 162.51, 99, 7241
2026/08/26 04:24:34.263, 162.67, 100, 7241
2026/08/26 04:24:35.263, 153.54, 100, 7241
2026/08/26 04:24:36.263, 158.28, 100, 7241
2026/08/26 04:24:37.263, 158.66, 98, 7241
2026/08/26 04:24:38.264, 158.82, 100, 7241
2026/08/26 04:24:39.264, 159.58, 100, 7241
2026/08/26 04:24:40.264, 158.85, 100, 7241
2026/08/26 04:24:41.264, 158.93, 100, 7241
2026/08/26 04:24:42.264, 158.79, 100, 7241
2026/08/26 04:24:43.265, 158.48, 100, 7241
2026/08/26 04:24:44.265, 158.09, 98, 7241
2026/08/26 04:24:45.265, 159.16, 98, 7241
2026/08/26 04:24:46.265, 159.11, 100, 7241
2026/08/26 04:24:47.265, 159.12, 100, 7241
2026/08/26 04:24:48.265, 159.49, 100, 7241
2026/08/26 04:24:49.266, 158.53, 100, 7241
2026/08/26 04:24:50.266, 158.72, 100, 7241
2026/08/26 04:24:51.266, 158.58, 99, 7241
2026/08/26 04:24:52.266, 158.18, 98, 7241
2026/08/26 04:24:53.266, 159.20, 100, 7241
2026/08/26 04:24:54.267, 159.53, 100, 7241
2026/08/26 04:24:55.267, 158.87, 100, 7241
2026/08/26 04:24:56.267, 158.57, 100, 7241
2026/08/26 04:24:57.267, 159.08, 100, 7241
2026/08/26 04:24:58.267, 158.58, 100, 7241
2026/08/26 04:24:59.268, 158.46, 98, 7241
2026/08/26 04:25:00.268, 159.23, 98, 7241
2026/08/26 04:25:01.268, 158.87, 100, 7241
2026/08/26 04:25:02.268, 159.13, 100, 7241
2026/08/26 04:25:03.268, 159.19, 100, 7241
2026/08/26 04:25:04.269, 159.32, 100, 7241
2026/08/26 04:25:05.269, 158.65, 100, 7241
2026/08/26 04:25:06.269, 158.25, 98, 7241
2026/08/26 04:25:07.269, 159.63, 97, 7241
2026/08/26 04:25:08.269, 159.29, 100, 7241
2026/08/26 04:25:09.269, 159.41, 100, 7241
2026/08/26 04:25:10.270, 159.10, 100, 7241
2026/08/26 04:25:11.270, 159.40, 100, 7241
2026/08/26 04:25:12.270, 158.68, 100, 7241
2026/08/26 04:25:13.270, 158.73, 100, 7241
2026/08/26 04:25:14.270, 158.39, 98, 7241
2026/08/26 04:25:15.271, 158.57, 99, 7241
2026/08/26 04:25:16.271, 159.71, 100, 7241
2026/08/26 04:25:17.271, 159.18, 100, 7241
2026/08/26 04:25:18.271, 159.18, 100, 7241
2026/08/26 04:25:19.271, 158.83, 100, 7241
2026/08/26 04:25:20.271, 158.75, 100, 7241
2026/08/26 04:25:21.272, 158.13, 98, 7241
2026/08/26 04:25:22.272, 158.05, 98, 7241
2026/08/26 04:25:23.272, 158.93, 100, 7241
2026/08/26 04:25:24.272, 159.68, 100, 7241
2026/08/26 04:25:25.272, 159.23, 100, 7241
2026/08/26 04:25:26.272, 158.96, 100, 7241
2026/08/26 04:25:27.273, 158.66, 100, 7241
2026/08/26 04:25:28.273, 158.36, 100, 7241
2026/08/26 04:25:29.273, 158.28, 98, 7241
2026/08/26 04:25:30.273, 159.27, 100, 7241
2026/08/26 04:25:31.273, 159.18, 100, 7241
2026/08/26 04:25:32.274, 159.62, 100, 7241
2026/08/26 04:25:33.274, 158.59, 100, 7241
2026/08/26 04:25:34.274, 158.74, 100, 7241
2026/08/26 04:25:35.274, 157.52, 100, 7241
2026/08/26 04:25:36.274, 158.39, 98, 7241
2026/08/26 04:25:37.275, 158.10, 98, 7241
2026/08/26 04:25:38.275, 158.55, 100, 7241
2026/08/26 04:25:39.275, 159.05, 100, 7241
2026/08/26 04:25:40.275, 157.90, 100, 7241
2026/08/26 04:25:41.275, 159.33, 100, 7241
2026/08/26 04:25:42.275, 158.53, 100, 7241
2026/08/26 04:25:43.276, 158.74, 100, 7241
2026/08/26 04:25:44.276, 158.34, 98, 7241
2026/08/26 04:25:45.276, 158.69, 98, 7241
2026/08/26 04:25:46.276, 159.49, 100, 7241
2026/08/26 04:25:47.276, 159.50, 100, 7241
2026/08/26 04:25:48.276, 158.73, 100, 7241
2026/08/26 04:25:49.277, 158.59, 100, 7241
2026/08/26 04:25:50.277, 158.52, 100, 7241
2026/08/26 04:25:51.277, 158.42, 100, 7241
2026/08/26 04:25:52.277, 158.77, 98, 7241
2026/08/26 04:25:53.277, 158.78, 100, 7241
2026/08/26 04:25:54.278, 159.80, 100, 7241
2026/08/26 04:25:55.278, 158.80, 100, 7241
2026/08/26 04:25:56.278, 158.77, 100, 7241
2026/08/26 04:25:57.278, 158.32, 100, 7241
2026/08/26 04:25:58.278, 158.51, 100, 7241
2026/08/26 04:25:59.279, 158.35, 98, 7241
2026/08/26 04:26:00.279, 158.98, 98, 7241
2026/08/26 04:26:01.279, 158.83, 100, 7241
2026/08/26 04:26:02.279, 159.00, 100, 7241
2026/08/26 04:26:03.279, 159.08, 100, 7241
2026/08/26 04:26:04.280, 158.56, 100, 7241
2026/08/26 04:26:05.280, 158.80, 100, 7241
2026/08/26 04:26:06.280, 158.65, 100, 7241
2026/08/26 04:26:07.280, 158.36, 98, 7241
2026/08/26 04:26:08.280, 158.57, 100, 7241
2026/08/26 04:26:09.280, 159.03, 100, 7241
2026/08/26 04:26:10.281, 159.47, 100, 7241
2026/08/26 04:26:11.281, 158.91, 100, 7241
2026/08/26 04:26:12.281, 158.39, 100, 7241
2026/08/26 04:26:13.281, 158.88, 100, 7241
2026/08/26 04:26:14.281, 158.53, 98, 7241
2026/08/26 04:26:15.282, 159.08, 98, 7241
2026/08/26 04:26:16.282, 158.80, 100, 7241
2026/08/26 04:26:17.282, 159.40, 100, 7241
2026/08/26 04:26:18.282, 159.02, 100, 7241
2026/08/26 04:26:19.282, 158.63, 100, 7241
2026/08/26 04:26:20.283, 158.35, 100, 7241
2026/08/26 04:26:21.283, 158.83, 100, 7241
2026/08/26 04:26:22.283, 158.31, 98, 7241
2026/08/26 04:26:23.283, 158.93, 100, 7241
2026/08/26 04:26:24.283, 159.96, 100, 7241
2026/08/26 04:26:25.283, 159.06, 100, 7241
2026/08/26 04:26:26.284, 158.85, 100, 7241
2026/08/26 04:26:27.284, 158.64, 100, 7241
2026/08/26 04:26:28.284, 158.34, 100, 7241
2026/08/26 04:26:29.284, 158.51, 98, 7241
2026/08/26 04:26:30.285, 159.01, 98, 7241
2026/08/26 04:26:31.285, 158.90, 100, 7241
2026/08/26 04:26:32.285, 159.79, 100, 7241
2026/08/26 04:26:33.285, 158.82, 100, 7241
2026/08/26 04:26:34.285, 159.10, 100, 7241
2026/08/26 04:26:35.285, 158.79, 100, 7241
2026/08/26 04:26:36.286, 158.78, 98, 7241
2026/08/26 04:26:37.286, 158.73, 98, 7241
2026/08/26 04:26:38.286, 158.61, 100, 7241
2026/08/26 04:26:39.286, 159.31, 100, 7241
2026/08/26 04:26:40.286, 159.43, 100, 7241
2026/08/26 04:26:41.287, 159.16, 100, 7241
2026/08/26 04:26:42.287, 158.86, 100, 7241
2026/08/26 04:26:43.287, 158.64, 100, 7241
2026/08/26 04:26:44.287, 158.15, 97, 7241
2026/08/26 04:26:45.287, 158.38, 98, 7241
2026/08/26 04:26:46.288, 159.34, 100, 7241
2026/08/26 04:26:47.288, 159.52, 100, 7241
2026/08/26 04:26:48.288, 158.94, 100, 7241
2026/08/26 04:26:49.288, 158.75, 100, 7241
2026/08/26 04:26:50.288, 158.76, 100, 7241
2026/08/26 04:26:51.288, 158.51, 99, 7241
2026/08/26 04:26:52.289, 158.47, 98, 7241
2026/08/26 04:26:53.289, 159.02, 100, 7241
2026/08/26 04:26:54.289, 159.63, 100, 7241
2026/08/26 04:26:55.289, 159.19, 100, 7241
2026/08/26 04:26:56.289, 158.97, 100, 7241
2026/08/26 04:26:57.290, 158.69, 100, 7241
2026/08/26 04:26:58.290, 159.12, 100, 7241
2026/08/26 04:26:59.290, 158.28, 97, 7241
2026/08/26 04:27:00.290, 158.61, 98, 7241
2026/08/26 04:27:01.290, 159.21, 100, 7241
2026/08/26 04:27:02.290, 159.60, 100, 7241
2026/08/26 04:27:03.291, 159.03, 100, 7241
2026/08/26 04:27:04.291, 158.49, 100, 7241
2026/08/26 04:27:05.291, 158.16, 100, 7241
2026/08/26 04:27:06.291, 158.66, 99, 7241
2026/08/26 04:27:07.291, 158.40, 98, 7241
2026/08/26 04:27:08.292, 158.66, 100, 7241
2026/08/26 04:27:09.292, 159.21, 100, 7241
2026/08/26 04:27:10.292, 159.29, 100, 7241
2026/08/26 04:27:11.292, 158.73, 100, 7241
2026/08/26 04:27:12.292, 158.57, 100, 7241
2026/08/26 04:27:13.293, 158.24, 100, 7241
2026/08/26 04:27:14.293, 158.00, 98, 7241
2026/08/26 04:27:15.293, 158.51, 98, 7241
2026/08/26 04:27:16.293, 159.14, 100, 7241
2026/08/26 04:27:17.293, 159.16, 100, 7241
2026/08/26 04:27:18.294, 158.81, 100, 7241
2026/08/26 04:27:19.294, 158.48, 100, 7241
2026/08/26 04:27:20.294, 158.34, 100, 7241
2026/08/26 04:27:21.294, 158.40, 100, 7241
2026/08/26 04:27:22.294, 158.38, 98, 7241
2026/08/26 04:27:23.294, 159.13, 100, 7241
2026/08/26 04:27:24.295, 158.98, 100, 7241
2026/08/26 04:27:25.295, 159.16, 100, 7241
2026/08/26 04:27:26.295, 158.72, 100, 7241
2026/08/26 04:27:27.295, 158.74, 100, 7241
2026/08/26 04:27:28.295, 158.57, 100, 7241
2026/08/26 04:27:29.296, 158.15, 98, 7241
2026/08/26 04:27:30.296, 157.19, 98, 7241
2026/08/26 04:27:31.296, 159.07, 100, 7241
2026/08/26 04:27:32.296, 159.04, 100, 7241
2026/08/26 04:27:33.296, 159.16, 100, 7241
2026/08/26 04:27:34.296, 158.49, 100, 7241
2026/08/26 04:27:35.297, 157.33, 100, 7241
2026/08/26 04:27:36.297, 159.02, 100, 7241
2026/08/26 04:27:37.297, 158.82, 98, 7241
2026/08/26 04:27:38.297, 158.51, 99, 7241
2026/08/26 04:27:39.297, 158.93, 100, 7241
2026/08/26 04:27:40.297, 159.12, 100, 7241
2026/08/26 04:27:41.298, 158.77, 100, 7241
2026/08/26 04:27:42.298, 158.54, 100, 7241
2026/08/26 04:27:43.298, 158.21, 100, 7241
2026/08/26 04:27:44.298, 158.23, 100, 7241
2026/08/26 04:27:45.298, 158.72, 98, 7241
2026/08/26 04:27:46.299, 159.63, 100, 7241
2026/08/26 04:27:47.299, 159.81, 100, 7241
2026/08/26 04:27:48.299, 159.11, 100, 7241
2026/08/26 04:27:49.299, 159.16, 100, 7241
2026/08/26 04:27:50.299, 159.20, 100, 7241
2026/08/26 04:27:51.299, 159.93, 100, 7241
2026/08/26 04:27:52.300, 158.76, 98, 7241
2026/08/26 04:27:53.300, 159.01, 100, 7241
2026/08/26 04:27:54.300, 159.76, 100, 7241
2026/08/26 04:27:55.300, 159.47, 100, 7241
2026/08/26 04:27:56.300, 158.68, 100, 7241
2026/08/26 04:27:57.301, 158.50, 100, 7241
2026/08/26 04:27:58.301, 158.84, 100, 7241
2026/08/26 04:27:59.301, 158.89, 98, 7241
2026/08/26 04:28:00.301, 158.93, 98, 7241
2026/08/26 04:28:01.301, 159.14, 100, 7241
2026/08/26 04:28:02.302, 159.14, 100, 7241
2026/08/26 04:28:03.302, 159.55, 100, 7241
2026/08/26 04:28:04.302, 159.14, 100, 7241
2026/08/26 04:28:05.302, 158.70, 100, 7241
2026/08/26 04:28:06.302, 158.33, 100, 7241
2026/08/26 04:28:07.302, 159.06, 98, 7241
2026/08/26 04:28:08.302, 158.94, 100, 7241
2026/08/26 04:28:09.303, 159.76, 100, 7241
2026/08/26 04:28:10.303, 159.22, 100, 7241
2026/08/26 04:28:11.303, 159.26, 100, 7241
2026/08/26 04:28:12.303, 159.17, 100, 7241
2026/08/26 04:28:13.304, 159.34, 100, 7241
2026/08/26 04:28:14.304, 159.19, 98, 7241
2026/08/26 04:28:15.304, 159.03, 98, 7241
2026/08/26 04:28:16.304, 159.27, 100, 7241
2026/08/26 04:28:17.304, 159.84, 100, 7241
2026/08/26 04:28:18.304, 160.21, 100, 7241
2026/08/26 04:28:19.305, 157.73, 100, 7241
2026/08/26 04:28:20.305, 163.13, 100, 7241
2026/08/26 04:28:21.305, 162.86, 100, 7241
2026/08/26 04:28:22.305, 162.55, 99, 7241
2026/08/26 04:28:23.305, 162.50, 100, 7241
2026/08/26 04:28:24.306, 162.36, 100, 7241
2026/08/26 04:28:25.306, 162.38, 99, 7241
2026/08/26 04:28:26.306, 162.82, 100, 7241
2026/08/26 04:28:27.306, 162.61, 100, 7241
2026/08/26 04:28:28.306, 162.46, 99, 7241
2026/08/26 04:28:29.306, 162.39, 100, 7241
2026/08/26 04:28:30.307, 162.62, 100, 7241
2026/08/26 04:28:31.307, 162.65, 100, 7241
2026/08/26 04:28:32.307, 162.57, 100, 7241
2026/08/26 04:28:33.307, 162.55, 99, 7241
2026/08/26 04:28:34.307, 162.84, 100, 7241
2026/08/26 04:28:35.307, 162.77, 100, 7241
2026/08/26 04:28:36.307, 162.75, 100, 7241
2026/08/26 04:28:37.308, 162.74, 100, 7241
2026/08/26 04:28:38.308, 162.52, 100, 7241
2026/08/26 04:28:39.308, 162.77, 99, 7241
2026/08/26 04:28:40.308, 162.69, 100, 7241
2026/08/26 04:28:41.308, 162.76, 100, 7241
2026/08/26 04:28:42.308, 162.51, 99, 7241
2026/08/26 04:28:43.309, 162.42, 100, 7241
2026/08/26 04:28:44.309, 162.81, 100, 7241
2026/08/26 04:28:45.309, 162.52, 99, 7241
2026/08/26 04:28:46.309, 162.77, 100, 7241
2026/08/26 04:28:47.309, 162.63, 100, 7241
2026/08/26 04:28:48.309, 162.55, 99, 7241
2026/08/26 04:28:49.310, 162.85, 100, 7241
2026/08/26 04:28:50.310, 162.81, 100, 7241
2026/08/26 04:28:51.310, 162.70, 99, 7241
2026/08/26 04:28:52.310, 162.48, 100, 7241
2026/08/26 04:28:53.310, 162.62, 99, 7241
2026/08/26 04:28:54.310, 162.63, 100, 7241
2026/08/26 04:28:55.311, 162.55, 100, 7241
2026/08/26 04:28:56.311, 162.55, 99, 7241
2026/08/26 04:28:57.311, 162.51, 100, 7241
2026/08/26 04:28:58.311, 162.72, 100, 7241
2026/08/26 04:28:59.311, 162.71, 99, 7241
2026/08/26 04:29:00.312, 162.68, 100, 7241
2026/08/26 04:29:01.312, 162.75, 100, 7241
2026/08/26 04:29:02.312, 162.65, 100, 7241
2026/08/26 04:29:03.312, 162.56, 100, 7241
2026/08/26 04:29:04.312, 162.75, 100, 7241
2026/08/26 04:29:05.312, 162.58, 99, 7241
2026/08/26 04:29:06.313, 162.70, 100, 7241
2026/08/26 04:29:07.313, 162.54, 100, 7241
2026/08/26 04:29:08.313, 162.64, 99, 7241
2026/08/26 04:29:09.313, 162.68, 100, 7241
2026/08/26 04:29:10.313, 162.67, 100, 7241
2026/08/26 04:29:11.314, 162.58, 100, 7241
2026/08/26 04:29:12.314, 154.58, 100, 7241
2026/08/26 04:29:13.314, 158.54, 100, 7241
2026/08/26 04:29:14.314, 159.29, 100, 7241
2026/08/26 04:29:15.314, 158.77, 98, 7241
2026/08/26 04:29:16.314, 158.66, 98, 7241
2026/08/26 04:29:17.315, 159.36, 100, 7241
2026/08/26 04:29:18.315, 160.03, 100, 7241
2026/08/26 04:29:19.315, 158.98, 100, 7241
2026/08/26 04:29:20.315, 159.45, 100, 7241
2026/08/26 04:29:21.315, 158.11, 100, 7241
2026/08/26 04:29:22.316, 158.65, 100, 7241
2026/08/26 04:29:23.316, 158.34, 98, 7241
2026/08/26 04:29:24.316, 158.68, 100, 7241
2026/08/26 04:29:25.316, 159.01, 100, 7241
2026/08/26 04:29:26.316, 159.03, 100, 7241
2026/08/26 04:29:27.316, 159.23, 100, 7241
2026/08/26 04:29:28.317, 158.78, 100, 7241
2026/08/26 04:29:29.317, 158.60, 100, 7241
2026/08/26 04:29:30.317, 158.16, 98, 7241
2026/08/26 04:29:31.317, 158.98, 98, 7241
2026/08/26 04:29:32.317, 158.52, 100, 7241
2026/08/26 04:29:33.317, 159.51, 100, 7241
2026/08/26 04:29:34.318, 158.52, 100, 7241
2026/08/26 04:29:35.318, 158.65, 100, 7241
2026/08/26 04:29:36.318, 158.40, 100, 7241
2026/08/26 04:29:37.318, 158.38, 100, 7241
2026/08/26 04:29:38.318, 158.09, 98, 7241
2026/08/26 04:29:39.318, 158.38, 98, 7241
2026/08/26 04:29:40.319, 158.72, 100, 7241
2026/08/26 04:29:41.319, 158.69, 100, 7241
2026/08/26 04:29:42.319, 158.83, 100, 7241
2026/08/26 04:29:43.319, 158.99, 100, 7241
2026/08/26 04:29:44.319, 158.87, 100, 7241
2026/08/26 04:29:45.319, 158.74, 100, 7241
2026/08/26 04:29:46.320, 158.66, 98, 7241
2026/08/26 04:29:47.320, 158.76, 100, 7241
2026/08/26 04:29:48.320, 159.60, 100, 7241
2026/08/26 04:29:49.320, 158.63, 100, 7241
2026/08/26 04:29:50.320, 158.84, 100, 7241
2026/08/26 04:29:51.320, 157.45, 100, 7241
2026/08/26 04:29:52.321, 159.24, 100, 7241
2026/08/26 04:29:53.321, 158.48, 98, 7241
2026/08/26 04:29:54.321, 158.73, 98, 7241
2026/08/26 04:29:55.321, 158.99, 100, 7241
2026/08/26 04:29:56.321, 159.75, 100, 7241
2026/08/26 04:29:57.321, 158.60, 100, 7241
2026/08/26 04:29:58.322, 158.75, 100, 7241
2026/08/26 04:29:59.322, 158.76, 100, 7241
2026/08/26 04:30:00.322, 159.10, 100, 7241
2026/08/26 04:30:01.322, 158.10, 98, 7241
2026/08/26 04:30:02.322, 158.71, 100, 7241
2026/08/26 04:30:03.323, 159.38, 100, 7241
2026/08/26 04:30:04.331, 159.54, 100, 7241
2026/08/26 04:30:05.331, 158.70, 100, 7241
2026/08/26 04:30:06.332, 159.08, 100, 7241
2026/08/26 04:30:07.332, 159.37, 100, 7241
2026/08/26 04:30:08.332, 158.85, 98, 7241
2026/08/26 04:30:09.340, 159.13, 98, 7241
2026/08/26 04:30:10.341, 159.70, 100, 7241
2026/08/26 04:30:11.341, 159.88, 100, 7241
2026/08/26 04:30:12.341, 159.35, 100, 7241
2026/08/26 04:30:13.341, 159.14, 100, 7241
2026/08/26 04:30:14.350, 159.13, 100, 7241
2026/08/26 04:30:15.350, 159.10, 100, 7241
2026/08/26 04:30:16.350, 158.63, 98, 7241
2026/08/26 04:30:17.350, 159.04, 100, 7241
2026/08/26 04:30:18.351, 159.57, 100, 7241
2026/08/26 04:30:19.351, 159.88, 100, 7241
2026/08/26 04:30:20.351, 159.19, 100, 7241
2026/08/26 04:30:21.351, 158.05, 100, 7241
2026/08/26 04:30:22.352, 159.26, 100, 7241
2026/08/26 04:30:23.352, 158.34, 98, 7241
2026/08/26 04:30:24.352, 159.11, 98, 7241
2026/08/26 04:30:25.352, 159.16, 100, 7241
2026/08/26 04:30:26.352, 160.44, 100, 7241
2026/08/26 04:30:27.353, 159.47, 100, 7241
2026/08/26 04:30:28.353, 159.34, 100, 7241
2026/08/26 04:30:29.353, 159.02, 100, 7241
2026/08/26 04:30:30.353, 158.83, 100, 7241
2026/08/26 04:30:31.353, 158.25, 98, 7241
2026/08/26 04:30:32.354, 159.31, 100, 7241
2026/08/26 04:30:33.354, 159.38, 100, 7241
2026/08/26 04:30:34.354, 159.43, 100, 7241
2026/08/26 04:30:35.354, 158.88, 100, 7241
2026/08/26 04:30:36.354, 158.83, 100, 7241
2026/08/26 04:30:37.354, 158.42, 100, 7241
2026/08/26 04:30:38.355, 158.45, 98, 7241
2026/08/26 04:30:39.355, 158.79, 98, 7241
2026/08/26 04:30:40.355, 159.41, 100, 7241
2026/08/26 04:30:41.355, 158.70, 100, 7241
2026/08/26 04:30:42.355, 159.39, 100, 7241
2026/08/26 04:30:43.356, 158.88, 100, 7241
2026/08/26 04:30:44.356, 158.70, 100, 7241
2026/08/26 04:30:45.356, 158.97, 100, 7241
2026/08/26 04:30:46.356, 158.07, 98, 7241
2026/08/26 04:30:47.356, 158.59, 99, 7241
2026/08/26 04:30:48.356, 159.40, 100, 7241
2026/08/26 04:30:49.357, 159.49, 100, 7241
2026/08/26 04:30:50.357, 159.18, 100, 7241
2026/08/26 04:30:51.357, 158.85, 100, 7241
2026/08/26 04:30:52.357, 158.71, 100, 7241
2026/08/26 04:30:53.357, 158.11, 98, 7241
2026/08/26 04:30:54.358, 159.00, 98, 7241
2026/08/26 04:30:55.358, 159.23, 100, 7241
2026/08/26 04:30:56.358, 159.73, 100, 7241
2026/08/26 04:30:57.358, 159.26, 100, 7241
2026/08/26 04:30:58.358, 159.61, 100, 7241
2026/08/26 04:30:59.359, 159.25, 100, 7241
2026/08/26 04:31:00.359, 159.31, 100, 7241
2026/08/26 04:31:01.359, 158.44, 98, 7241
2026/08/26 04:31:02.359, 159.16, 100, 7241
2026/08/26 04:31:03.359, 159.30, 100, 7241
2026/08/26 04:31:04.359, 159.92, 100, 7241
2026/08/26 04:31:05.360, 159.68, 100, 7241
2026/08/26 04:31:06.360, 158.61, 100, 7241
2026/08/26 04:31:07.360, 158.54, 100, 7241
2026/08/26 04:31:08.360, 157.98, 98, 7241
2026/08/26 04:31:09.360, 159.65, 98, 7241
2026/08/26 04:31:10.361, 158.97, 100, 7241
2026/08/26 04:31:11.361, 159.12, 100, 7241
2026/08/26 04:31:12.361, 159.43, 100, 7241
2026/08/26 04:31:13.361, 158.86, 100, 7241
2026/08/26 04:31:14.361, 158.88, 100, 7241
2026/08/26 04:31:15.361, 158.78, 99, 7241
2026/08/26 04:31:16.362, 158.71, 98, 7241
2026/08/26 04:31:17.362, 159.37, 100, 7241
2026/08/26 04:31:18.362, 159.02, 100, 7241
2026/08/26 04:31:19.362, 159.67, 100, 7241
2026/08/26 04:31:20.362, 158.99, 100, 7241
2026/08/26 04:31:21.363, 158.27, 100, 7241
2026/08/26 04:31:22.363, 158.62, 100, 7241
2026/08/26 04:31:23.363, 158.14, 98, 7241
2026/08/26 04:31:24.363, 158.38, 99, 7241
2026/08/26 04:31:25.363, 159.02, 100, 7241
2026/08/26 04:31:26.364, 159.61, 100, 7241
2026/08/26 04:31:27.364, 159.24, 100, 7241
2026/08/26 04:31:28.364, 158.73, 100, 7241
2026/08/26 04:31:29.364, 158.82, 100, 7241
2026/08/26 04:31:30.364, 159.18, 98, 7241
2026/08/26 04:31:31.364, 159.47, 98, 7241
2026/08/26 04:31:32.365, 159.11, 100, 7241
2026/08/26 04:31:33.365, 158.94, 100, 7241
2026/08/26 04:31:34.365, 158.69, 100, 7241
2026/08/26 04:31:35.365, 158.60, 100, 7241
2026/08/26 04:31:36.365, 157.73, 100, 7241
2026/08/26 04:31:37.365, 158.89, 100, 7241
2026/08/26 04:31:38.366, 159.40, 100, 7241
2026/08/26 04:31:39.366, 160.03, 100, 7241
2026/08/26 04:31:40.366, 158.53, 100, 7241
2026/08/26 04:31:41.366, 158.58, 100, 7241
2026/08/26 04:31:42.366, 158.31, 100, 7241
2026/08/26 04:31:43.367, 158.20, 100, 7241
2026/08/26 04:31:44.367, 159.11, 99, 7241
2026/08/26 04:31:45.367, 158.93, 100, 7241
2026/08/26 04:31:46.367, 159.77, 100, 7241
2026/08/26 04:31:47.367, 159.03, 100, 7241
2026/08/26 04:31:48.368, 158.49, 100, 7241
2026/08/26 04:31:49.368, 158.33, 100, 7241
2026/08/26 04:31:50.368, 158.34, 100, 7241
2026/08/26 04:31:51.368, 158.60, 98, 7241
2026/08/26 04:31:52.368, 158.77, 98, 7241
2026/08/26 04:31:53.369, 159.54, 100, 7241
2026/08/26 04:31:54.369, 159.35, 100, 7241
2026/08/26 04:31:55.369, 159.56, 100, 7241
2026/08/26 04:31:56.369, 158.83, 100, 7241
2026/08/26 04:31:57.369, 158.35, 100, 7241
2026/08/26 04:31:58.369, 158.01, 100, 7241
2026/08/26 04:31:59.370, 159.13, 98, 7241
2026/08/26 04:32:00.370, 158.79, 100, 7241
2026/08/26 04:32:01.370, 158.83, 100, 7241
2026/08/26 04:32:02.370, 159.40, 100, 7241
2026/08/26 04:32:03.370, 158.63, 100, 7241
2026/08/26 04:32:04.370, 158.52, 100, 7241
2026/08/26 04:32:05.371, 159.48, 100, 7241
2026/08/26 04:32:06.371, 159.01, 98, 7241
2026/08/26 04:32:07.371, 158.71, 98, 7241
2026/08/26 04:32:08.371, 159.21, 100, 7241
2026/08/26 04:32:09.371, 159.54, 100, 7241
2026/08/26 04:32:10.371, 158.99, 100, 7241
2026/08/26 04:32:11.371, 158.64, 100, 7241
2026/08/26 04:32:12.372, 158.51, 100, 7241
2026/08/26 04:32:13.372, 158.76, 100, 7241
2026/08/26 04:32:14.372, 158.98, 98, 7241
2026/08/26 04:32:15.372, 157.92, 100, 7241
2026/08/26 04:32:16.372, 159.68, 100, 7241
2026/08/26 04:32:17.373, 159.13, 100, 7241
2026/08/26 04:32:18.373, 158.70, 100, 7241
2026/08/26 04:32:19.373, 158.40, 100, 7241
2026/08/26 04:32:20.373, 158.28, 100, 7241
2026/08/26 04:32:21.373, 157.95, 98, 7241
2026/08/26 04:32:22.373, 159.10, 98, 7241
2026/08/26 04:32:23.374, 158.75, 100, 7241
2026/08/26 04:32:24.374, 158.85, 100, 7241
2026/08/26 04:32:25.374, 158.54, 100, 7241
2026/08/26 04:32:26.374, 158.58, 100, 7241
2026/08/26 04:32:27.374, 158.38, 100, 7241
2026/08/26 04:32:28.375, 158.32, 100, 7241
2026/08/26 04:32:29.375, 158.12, 98, 7241
2026/08/26 04:32:30.375, 158.40, 98, 7241
2026/08/26 04:32:31.375, 159.01, 100, 7241
2026/08/26 04:32:32.375, 159.23, 100, 7241
2026/08/26 04:32:33.376, 158.91, 100, 7241
2026/08/26 04:32:34.376, 158.71, 100, 7241
2026/08/26 04:32:35.376, 158.70, 100, 7241
2026/08/26 04:32:36.376, 158.39, 100, 7241
2026/08/26 04:32:37.376, 158.46, 98, 7241
2026/08/26 04:32:38.377, 158.60, 100, 7241
2026/08/26 04:32:39.377, 158.96, 100, 7241
2026/08/26 04:32:40.377, 159.09, 100, 7241
2026/08/26 04:32:41.377, 158.93, 100, 7241
2026/08/26 04:32:42.377, 158.63, 100, 7241
2026/08/26 04:32:43.377, 158.80, 100, 7241
2026/08/26 04:32:44.378, 158.21, 98, 7241
2026/08/26 04:32:45.378, 159.22, 98, 7241
2026/08/26 04:32:46.378, 158.85, 100, 7241
2026/08/26 04:32:47.378, 159.09, 100, 7241
2026/08/26 04:32:48.378, 159.24, 100, 7241
2026/08/26 04:32:49.379, 158.93, 100, 7241
2026/08/26 04:32:50.379, 158.71, 100, 7241
2026/08/26 04:32:51.379, 158.56, 100, 7241
2026/08/26 04:32:52.379, 158.31, 98, 7241
2026/08/26 04:32:53.379, 159.35, 100, 7241
2026/08/26 04:32:54.379, 159.42, 100, 7241
2026/08/26 04:32:55.380, 159.06, 100, 7241
2026/08/26 04:32:56.380, 157.90, 100, 7241
2026/08/26 04:32:57.380, 162.99, 100, 7241
2026/08/26 04:32:58.380, 162.60, 100, 7241
2026/08/26 04:32:59.380, 162.50, 100, 7241
2026/08/26 04:33:00.380, 162.36, 100, 7241
2026/08/26 04:33:01.381, 162.36, 100, 7241
2026/08/26 04:33:02.381, 162.82, 100, 7241
2026/08/26 04:33:03.381, 162.57, 100, 7241
2026/08/26 04:33:04.381, 162.64, 100, 7241
2026/08/26 04:33:05.381, 162.44, 100, 7241
2026/08/26 04:33:06.382, 162.39, 100, 7241
2026/08/26 04:33:07.382, 162.56, 100, 7241
2026/08/26 04:33:08.382, 162.61, 99, 7241
2026/08/26 04:33:09.382, 162.70, 100, 7241
2026/08/26 04:33:10.382, 162.62, 100, 7241
2026/08/26 04:33:11.383, 162.44, 100, 7241
2026/08/26 04:33:12.383, 162.75, 100, 7241
2026/08/26 04:33:13.383, 162.72, 100, 7241
2026/08/26 04:33:14.383, 162.66, 100, 7241
2026/08/26 04:33:15.383, 162.55, 100, 7241
2026/08/26 04:33:16.383, 162.56, 100, 7241
2026/08/26 04:33:17.384, 162.74, 100, 7241
2026/08/26 04:33:18.384, 162.80, 100, 7241
2026/08/26 04:33:19.384, 162.64, 99, 7241
2026/08/26 04:33:20.384, 162.50, 100, 7241
2026/08/26 04:33:21.384, 162.83, 100, 7241
2026/08/26 04:33:22.385, 162.68, 100, 7241
2026/08/26 04:33:23.385, 162.82, 100, 7241
2026/08/26 04:33:24.385, 162.68, 100, 7241
2026/08/26 04:33:25.385, 162.52, 99, 7241
2026/08/26 04:33:26.385, 162.71, 100, 7241
2026/08/26 04:33:27.385, 162.66, 100, 7241
2026/08/26 04:33:28.386, 162.45, 99, 7241
2026/08/26 04:33:29.386, 162.51, 100, 7241
2026/08/26 04:33:30.386, 162.47, 100, 7241
2026/08/26 04:33:31.386, 162.59, 99, 7241
2026/08/26 04:33:32.386, 162.76, 100, 7241
2026/08/26 04:33:33.386, 162.63, 100, 7241
2026/08/26 04:33:34.387, 162.64, 99, 7241
2026/08/26 04:33:35.387, 162.62, 100, 7241
2026/08/26 04:33:36.387, 162.57, 100, 7241
2026/08/26 04:33:37.387, 162.41, 99, 7241
2026/08/26 04:33:38.387, 162.61, 100, 7241
2026/08/26 04:33:39.388, 162.39, 99, 7241
2026/08/26 04:33:40.388, 162.76, 100, 7241
2026/08/26 04:33:41.388, 162.80, 100, 7241
2026/08/26 04:33:42.388, 162.60, 99, 7241
2026/08/26 04:33:43.388, 162.83, 100, 7241
2026/08/26 04:33:44.388, 162.64, 100, 7241
2026/08/26 04:33:45.389, 162.96, 99, 7241
2026/08/26 04:33:46.389, 162.81, 100, 7241
2026/08/26 04:33:47.389, 162.85, 100, 7241
2026/08/26 04:33:48.389, 162.80, 99, 7241
2026/08/26 04:33:49.389, 153.96, 100, 7241
2026/08/26 04:33:50.390, 159.15, 100, 7241
2026/08/26 04:33:51.390, 158.39, 100, 7241
2026/08/26 04:33:52.390, 159.19, 100, 7241
2026/08/26 04:33:53.390, 157.86, 90, 7241
2026/08/26 04:33:54.390, 158.86, 98, 7241
2026/08/26 04:33:55.390, 159.02, 100, 7241
2026/08/26 04:33:56.391, 159.37, 100, 7241
2026/08/26 04:33:57.391, 159.65, 100, 7241
2026/08/26 04:33:58.391, 158.57, 100, 7241
2026/08/26 04:33:59.391, 158.42, 100, 7241
2026/08/26 04:34:00.391, 158.35, 100, 7241
2026/08/26 04:34:01.392, 158.15, 98, 7241
2026/08/26 04:34:02.392, 159.04, 98, 7241
2026/08/26 04:34:03.392, 159.32, 100, 7241
2026/08/26 04:34:04.392, 159.48, 100, 7241
2026/08/26 04:34:05.392, 159.35, 100, 7241
2026/08/26 04:34:06.393, 158.46, 100, 7241
2026/08/26 04:34:07.393, 158.43, 100, 7241
2026/08/26 04:34:08.393, 158.52, 99, 7241
2026/08/26 04:34:09.393, 158.07, 98, 7241
2026/08/26 04:34:10.393, 159.23, 100, 7241
2026/08/26 04:34:11.394, 159.38, 100, 7241
2026/08/26 04:34:12.394, 159.42, 100, 7241
2026/08/26 04:34:13.394, 158.60, 100, 7241
2026/08/26 04:34:14.394, 158.71, 100, 7241
2026/08/26 04:34:15.395, 158.59, 100, 7241
2026/08/26 04:34:16.396, 158.11, 98, 7241
2026/08/26 04:34:17.396, 158.82, 98, 7241
2026/08/26 04:34:18.396, 159.08, 100, 7241
2026/08/26 04:34:19.396, 159.80, 100, 7241
2026/08/26 04:34:20.396, 159.50, 100, 7241
2026/08/26 04:34:21.397, 159.01, 100, 7241
2026/08/26 04:34:22.397, 158.54, 100, 7241
2026/08/26 04:34:23.397, 158.70, 100, 7241
2026/08/26 04:34:24.397, 158.96, 98, 7241
2026/08/26 04:34:25.397, 158.77, 100, 7241
2026/08/26 04:34:26.397, 159.27, 100, 7241
2026/08/26 04:34:27.398, 159.61, 100, 7241
2026/08/26 04:34:28.398, 159.53, 100, 7241
2026/08/26 04:34:29.398, 158.66, 100, 7241
2026/08/26 04:34:30.398, 158.83, 100, 7241
2026/08/26 04:34:31.398, 157.96, 98, 7241
2026/08/26 04:34:32.407, 158.43, 98, 7241
2026/08/26 04:34:33.407, 159.73, 100, 7241
2026/08/26 04:34:34.407, 159.91, 100, 7241
2026/08/26 04:34:35.407, 158.82, 100, 7241
2026/08/26 04:34:36.408, 158.89, 100, 7241
2026/08/26 04:34:37.411, 159.06, 100, 7241
2026/08/26 04:34:38.412, 158.69, 98, 7241
2026/08/26 04:34:39.412, 159.12, 98, 7241
2026/08/26 04:34:40.412, 158.53, 100, 7241
2026/08/26 04:34:41.412, 159.42, 100, 7241
2026/08/26 04:34:42.413, 158.72, 100, 7241
2026/08/26 04:34:43.413, 158.71, 100, 7241
2026/08/26 04:34:44.413, 158.28, 100, 7241
2026/08/26 04:34:45.413, 158.78, 100, 7241
2026/08/26 04:34:46.413, 158.32, 98, 7241
2026/08/26 04:34:47.414, 159.27, 99, 7241
2026/08/26 04:34:48.415, 158.74, 100, 7241
2026/08/26 04:34:49.415, 159.20, 100, 7241
2026/08/26 04:34:50.415, 159.01, 100, 7241
2026/08/26 04:34:51.415, 158.30, 100, 7241
2026/08/26 04:34:52.415, 158.61, 100, 7241
2026/08/26 04:34:53.415, 158.24, 98, 7241
2026/08/26 04:34:54.416, 158.93, 98, 7241
2026/08/26 04:34:55.416, 158.81, 100, 7241
2026/08/26 04:34:56.416, 159.58, 100, 7241
2026/08/26 04:34:57.416, 159.29, 100, 7241
2026/08/26 04:34:58.416, 158.56, 100, 7241
2026/08/26 04:34:59.416, 158.49, 100, 7241
2026/08/26 04:35:00.416, 158.96, 100, 7241
2026/08/26 04:35:01.417, 158.36, 98, 7241
2026/08/26 04:35:02.423, 159.36, 100, 7241
2026/08/26 04:35:03.423, 159.21, 100, 7241
2026/08/26 04:35:04.423, 159.04, 100, 7241
2026/08/26 04:35:05.423, 159.10, 100, 7241
2026/08/26 04:35:06.423, 158.72, 100, 7241
2026/08/26 04:35:07.424, 159.22, 100, 7241
2026/08/26 04:35:08.424, 158.42, 98, 7241
2026/08/26 04:35:09.424, 158.36, 98, 7241
2026/08/26 04:35:10.424, 159.27, 100, 7241
2026/08/26 04:35:11.424, 159.64, 100, 7241
2026/08/26 04:35:12.426, 158.40, 100, 7241
2026/08/26 04:35:13.426, 159.15, 100, 7241
2026/08/26 04:35:14.426, 158.69, 100, 7241
2026/08/26 04:35:15.426, 158.51, 100, 7241
2026/08/26 04:35:16.427, 158.47, 98, 7241
2026/08/26 04:35:17.429, 158.99, 100, 7241
2026/08/26 04:35:18.429, 159.53, 100, 7241
2026/08/26 04:35:19.429, 159.40, 100, 7241
2026/08/26 04:35:20.429, 158.82, 100, 7241
2026/08/26 04:35:21.429, 158.42, 100, 7241
2026/08/26 04:35:22.429, 158.55, 100, 7241
2026/08/26 04:35:23.429, 157.96, 98, 7241
2026/08/26 04:35:24.430, 159.19, 99, 7241
2026/08/26 04:35:25.430, 158.77, 100, 7241
2026/08/26 04:35:26.430, 158.68, 100, 7241
2026/08/26 04:35:27.430, 158.95, 100, 7241
2026/08/26 04:35:28.430, 158.66, 100, 7241
2026/08/26 04:35:29.431, 158.17, 100, 7241
2026/08/26 04:35:30.431, 158.10, 100, 7241
2026/08/26 04:35:31.431, 157.90, 98, 7241
2026/08/26 04:35:32.431, 158.36, 100, 7241
2026/08/26 04:35:33.431, 159.26, 100, 7241
2026/08/26 04:35:34.431, 159.15, 100, 7241
2026/08/26 04:35:35.432, 158.31, 100, 7241
2026/08/26 04:35:36.432, 158.46, 100, 7241
2026/08/26 04:35:37.432, 157.33, 100, 7241
2026/08/26 04:35:38.432, 157.95, 98, 7241
2026/08/26 04:35:39.432, 158.21, 98, 7241
2026/08/26 04:35:40.432, 158.77, 100, 7241
2026/08/26 04:35:41.433, 158.95, 100, 7241
2026/08/26 04:35:42.433, 158.13, 100, 7241
2026/08/26 04:35:43.433, 158.33, 100, 7241
2026/08/26 04:35:44.433, 158.57, 100, 7241
2026/08/26 04:35:45.433, 158.52, 100, 7241
2026/08/26 04:35:46.434, 158.07, 99, 7241
2026/08/26 04:35:47.434, 158.23, 98, 7241
2026/08/26 04:35:48.434, 158.50, 100, 7241
2026/08/26 04:35:49.434, 158.53, 100, 7241
2026/08/26 04:35:50.434, 158.75, 100, 7241
2026/08/26 04:35:51.435, 158.29, 100, 7241
2026/08/26 04:35:52.435, 158.61, 100, 7241
2026/08/26 04:35:53.435, 158.27, 100, 7241
2026/08/26 04:35:54.435, 158.12, 98, 7241
2026/08/26 04:35:55.435, 158.60, 100, 7241
2026/08/26 04:35:56.435, 159.11, 100, 7241
2026/08/26 04:35:57.436, 158.84, 100, 7241
2026/08/26 04:35:58.436, 159.12, 100, 7241
2026/08/26 04:35:59.436, 158.20, 100, 7241
2026/08/26 04:36:00.436, 158.02, 100, 7241
2026/08/26 04:36:01.436, 157.87, 98, 7241
2026/08/26 04:36:02.436, 158.97, 98, 7241
2026/08/26 04:36:03.437, 157.68, 100, 7241
2026/08/26 04:36:04.437, 159.25, 100, 7241
2026/08/26 04:36:05.437, 158.63, 100, 7241
2026/08/26 04:36:06.437, 158.42, 100, 7241
2026/08/26 04:36:07.437, 158.14, 100, 7241
2026/08/26 04:36:08.438, 157.11, 100, 7241
2026/08/26 04:36:09.438, 157.37, 98, 7241
2026/08/26 04:36:10.438, 158.59, 98, 7241
2026/08/26 04:36:11.438, 158.43, 100, 7241
2026/08/26 04:36:12.438, 159.23, 100, 7241
2026/08/26 04:36:13.438, 158.04, 100, 7241
2026/08/26 04:36:14.439, 158.30, 100, 7241
2026/08/26 04:36:15.439, 158.23, 100, 7241
2026/08/26 04:36:16.439, 158.59, 100, 7241
2026/08/26 04:36:17.439, 158.10, 98, 7241
2026/08/26 04:36:18.439, 158.63, 99, 7241
2026/08/26 04:36:19.440, 158.55, 100, 7241
2026/08/26 04:36:20.440, 158.70, 100, 7241
2026/08/26 04:36:21.440, 158.74, 100, 7241
2026/08/26 04:36:22.440, 158.46, 100, 7241
2026/08/26 04:36:23.440, 158.65, 100, 7241
2026/08/26 04:36:24.440, 158.05, 99, 7241
2026/08/26 04:36:25.441, 159.07, 98, 7241
2026/08/26 04:36:26.441, 158.90, 100, 7241
2026/08/26 04:36:27.441, 159.65, 100, 7241
2026/08/26 04:36:28.441, 158.84, 100, 7241
2026/08/26 04:36:29.441, 158.24, 100, 7241
2026/08/26 04:36:30.441, 158.57, 100, 7241
2026/08/26 04:36:31.442, 158.52, 100, 7241
2026/08/26 04:36:32.442, 158.20, 98, 7241
2026/08/26 04:36:33.442, 158.62, 100, 7241
2026/08/26 04:36:34.442, 158.69, 100, 7241
2026/08/26 04:36:35.442, 158.98, 100, 7241
2026/08/26 04:36:36.443, 159.04, 100, 7241
2026/08/26 04:36:37.443, 158.24, 100, 7241
2026/08/26 04:36:38.443, 158.47, 100, 7241
2026/08/26 04:36:39.443, 157.38, 98, 7241
2026/08/26 04:36:40.443, 159.30, 98, 7241
2026/08/26 04:36:41.443, 158.67, 100, 7241
2026/08/26 04:36:42.444, 159.20, 100, 7241
2026/08/26 04:36:43.444, 159.17, 100, 7241
2026/08/26 04:36:44.444, 158.62, 100, 7241
2026/08/26 04:36:45.444, 158.53, 100, 7241
2026/08/26 04:36:46.444, 159.14, 100, 7241
2026/08/26 04:36:47.445, 158.28, 99, 7241
2026/08/26 04:36:48.445, 158.83, 100, 7241
2026/08/26 04:36:49.445, 159.44, 100, 7241
2026/08/26 04:36:50.445, 159.19, 100, 7241
2026/08/26 04:36:51.445, 158.54, 100, 7241
2026/08/26 04:36:52.445, 158.91, 100, 7241
2026/08/26 04:36:53.446, 158.48, 100, 7241
2026/08/26 04:36:54.446, 158.10, 98, 7241
2026/08/26 04:36:55.446, 157.29, 89, 7241
2026/08/26 04:36:56.446, 157.54, 100, 7241
2026/08/26 04:36:57.446, 159.00, 100, 7241
2026/08/26 04:36:58.447, 158.99, 100, 7241
2026/08/26 04:36:59.447, 158.46, 100, 7241
2026/08/26 04:37:00.447, 158.12, 100, 7241
2026/08/26 04:37:01.447, 158.18, 100, 7241
2026/08/26 04:37:02.447, 158.03, 98, 7241
2026/08/26 04:37:03.448, 158.19, 100, 7241
2026/08/26 04:37:04.448, 157.69, 100, 7241
2026/08/26 04:37:05.448, 159.27, 100, 7241
2026/08/26 04:37:06.448, 158.75, 100, 7241
2026/08/26 04:37:07.448, 158.41, 100, 7241
2026/08/26 04:37:08.448, 158.09, 100, 7241
2026/08/26 04:37:09.449, 158.04, 97, 7241
2026/08/26 04:37:10.449, 157.01, 98, 7241
2026/08/26 04:37:11.449, 158.10, 100, 7241
2026/08/26 04:37:12.449, 158.60, 100, 7241
2026/08/26 04:37:13.449, 158.81, 100, 7241
2026/08/26 04:37:14.450, 158.49, 100, 7241
2026/08/26 04:37:15.450, 157.00, 100, 7241
2026/08/26 04:37:16.450, 158.32, 100, 7241
2026/08/26 04:37:17.450, 157.87, 98, 7241
2026/08/26 04:37:18.450, 158.79, 98, 7241
2026/08/26 04:37:19.450, 158.56, 100, 7241
2026/08/26 04:37:20.451, 159.49, 100, 7241
2026/08/26 04:37:21.451, 158.73, 100, 7241
2026/08/26 04:37:22.451, 158.44, 100, 7241
2026/08/26 04:37:23.451, 158.32, 100, 7241
2026/08/26 04:37:24.451, 158.16, 100, 7241
2026/08/26 04:37:25.452, 156.99, 89, 7241
2026/08/26 04:37:26.452, 159.44, 98, 7241
2026/08/26 04:37:27.452, 158.90, 100, 7241
2026/08/26 04:37:28.452, 159.38, 100, 7241
2026/08/26 04:37:29.452, 159.24, 100, 7241
2026/08/26 04:37:30.452, 158.91, 100, 7241
2026/08/26 04:37:31.453, 158.59, 100, 7241
2026/08/26 04:37:32.453, 158.65, 98, 7241
2026/08/26 04:37:33.453, 157.42, 87, 7241
2026/08/26 04:37:34.453, 160.66, 100, 7241
2026/08/26 04:37:35.453, 162.33, 100, 7241
2026/08/26 04:37:36.454, 162.32, 99, 7241
2026/08/26 04:37:37.454, 162.38, 100, 7241
2026/08/26 04:37:38.462, 162.19, 100, 7241
2026/08/26 04:37:39.463, 162.46, 99, 7241
2026/08/26 04:37:40.463, 162.22, 100, 7241
2026/08/26 04:37:41.463, 162.56, 100, 7241
2026/08/26 04:37:42.463, 162.46, 100, 7241
2026/08/26 04:37:43.472, 162.30, 100, 7241
2026/08/26 04:37:44.472, 162.38, 99, 7241
2026/08/26 04:37:45.472, 162.37, 100, 7241
2026/08/26 04:37:46.472, 162.57, 100, 7241
2026/08/26 04:37:47.472, 162.63, 100, 7241
2026/08/26 04:37:48.473, 162.30, 100, 7241
2026/08/26 04:37:49.473, 162.44, 100, 7241
2026/08/26 04:37:50.473, 162.32, 99, 7241
2026/08/26 04:37:51.473, 162.35, 100, 7241
2026/08/26 04:37:52.473, 162.54, 100, 7241
2026/08/26 04:37:53.474, 162.12, 99, 7241
2026/08/26 04:37:54.474, 162.26, 100, 7241
2026/08/26 04:37:55.474, 162.46, 100, 7241
2026/08/26 04:37:56.474, 162.25, 99, 7241
2026/08/26 04:37:57.474, 162.03, 100, 7241
2026/08/26 04:37:58.474, 162.34, 100, 7241
2026/08/26 04:37:59.475, 162.43, 99, 7241
2026/08/26 04:38:00.475, 162.39, 100, 7241
2026/08/26 04:38:01.475, 162.29, 100, 7241
2026/08/26 04:38:02.475, 162.35, 100, 7241
2026/08/26 04:38:03.475, 162.54, 100, 7241
2026/08/26 04:38:04.484, 162.41, 99, 7241
2026/08/26 04:38:05.484, 162.40, 100, 7241
2026/08/26 04:38:06.484, 162.59, 100, 7241
2026/08/26 04:38:07.484, 162.39, 100, 7241
2026/08/26 04:38:08.484, 162.49, 100, 7241
2026/08/26 04:38:09.490, 162.60, 100, 7241
2026/08/26 04:38:10.490, 162.55, 99, 7241
2026/08/26 04:38:11.490, 162.58, 100, 7241
2026/08/26 04:38:12.491, 162.45, 100, 7241
2026/08/26 04:38:13.491, 162.45, 99, 7241
2026/08/26 04:38:14.491, 162.68, 100, 7241
2026/08/26 04:38:15.491, 162.48, 100, 7241
2026/08/26 04:38:16.492, 162.34, 98, 7241
2026/08/26 04:38:17.492, 162.35, 100, 7241
2026/08/26 04:38:18.492, 162.73, 100, 7241
2026/08/26 04:38:19.493, 162.40, 99, 7241
2026/08/26 04:38:20.493, 162.42, 100, 7241
2026/08/26 04:38:21.493, 162.41, 100, 7241
2026/08/26 04:38:22.494, 162.63, 100, 7241
2026/08/26 04:38:23.494, 162.46, 100, 7241
2026/08/26 04:38:24.494, 162.29, 99, 7241
2026/08/26 04:38:25.494, 162.61, 100, 7241
2026/08/26 04:38:26.494, 154.66, 94, 7241
2026/08/26 04:38:27.495, 157.06, 98, 7241
2026/08/26 04:38:28.495, 159.05, 100, 7241
2026/08/26 04:38:29.495, 159.08, 100, 7241
2026/08/26 04:38:30.495, 158.86, 100, 7241
2026/08/26 04:38:31.495, 158.60, 100, 7241
2026/08/26 04:38:32.495, 158.53, 100, 7241
2026/08/26 04:38:33.495, 158.67, 100, 7241
2026/08/26 04:38:34.501, 158.91, 98, 7241
2026/08/26 04:38:35.501, 159.16, 98, 7241
2026/08/26 04:38:36.501, 159.29, 100, 7241
2026/08/26 04:38:37.501, 158.67, 100, 7241
2026/08/26 04:38:38.502, 158.65, 100, 7241
2026/08/26 04:38:39.502, 158.74, 100, 7241
2026/08/26 04:38:40.502, 158.45, 100, 7241
2026/08/26 04:38:41.502, 158.49, 100, 7241
2026/08/26 04:38:42.503, 159.26, 98, 7241
2026/08/26 04:38:43.503, 159.53, 100, 7241
2026/08/26 04:38:44.504, 159.15, 100, 7241
2026/08/26 04:38:45.504, 158.60, 100, 7241
2026/08/26 04:38:46.504, 158.53, 100, 7241
2026/08/26 04:38:47.505, 158.43, 100, 7241
2026/08/26 04:38:48.505, 158.37, 100, 7241
2026/08/26 04:38:49.506, 158.80, 98, 7241
2026/08/26 04:38:50.507, 159.30, 100, 7241
2026/08/26 04:38:51.507, 158.67, 100, 7241
2026/08/26 04:38:52.507, 158.77, 100, 7241
2026/08/26 04:38:53.507, 158.62, 100, 7241
2026/08/26 04:38:54.507, 158.69, 100, 7241
2026/08/26 04:38:55.508, 158.04, 98, 7241
2026/08/26 04:38:56.508, 157.92, 90, 7241
2026/08/26 04:38:57.508, 157.69, 100, 7241
2026/08/26 04:38:58.508, 159.77, 100, 7241
2026/08/26 04:38:59.508, 159.53, 100, 7241
2026/08/26 04:39:00.508, 159.48, 100, 7241
2026/08/26 04:39:01.509, 158.79, 100, 7241
2026/08/26 04:39:02.509, 158.11, 100, 7241
2026/08/26 04:39:03.509, 158.68, 98, 7241
2026/08/26 04:39:04.515, 159.08, 100, 7241
2026/08/26 04:39:05.515, 159.64, 100, 7241
2026/08/26 04:39:06.515, 158.80, 100, 7241
2026/08/26 04:39:07.515, 158.74, 100, 7241
2026/08/26 04:39:08.515, 158.66, 100, 7241
2026/08/26 04:39:09.517, 158.61, 100, 7241
2026/08/26 04:39:10.517, 158.46, 98, 7241
2026/08/26 04:39:11.518, 158.42, 98, 7241
2026/08/26 04:39:12.518, 159.12, 100, 7241
2026/08/26 04:39:13.518, 158.96, 100, 7241
2026/08/26 04:39:14.518, 159.25, 100, 7241
2026/08/26 04:39:15.518, 158.46, 100, 7241
2026/08/26 04:39:16.519, 158.23, 100, 7241
2026/08/26 04:39:17.519, 158.42, 100, 7241
2026/08/26 04:39:18.519, 158.40, 98, 7241
2026/08/26 04:39:19.519, 158.53, 100, 7241
2026/08/26 04:39:20.519, 159.08, 100, 7241
2026/08/26 04:39:21.519, 159.24, 100, 7241
2026/08/26 04:39:22.520, 158.07, 100, 7241
2026/08/26 04:39:23.520, 158.06, 100, 7241
2026/08/26 04:39:24.520, 157.87, 100, 7241
2026/08/26 04:39:25.520, 157.58, 98, 7241
2026/08/26 04:39:26.520, 158.23, 90, 7241
2026/08/26 04:39:27.521, 157.44, 100, 7241
2026/08/26 04:39:28.521, 158.82, 100, 7241
2026/08/26 04:39:29.521, 159.16, 100, 7241
2026/08/26 04:39:30.521, 158.49, 100, 7241
2026/08/26 04:39:31.521, 158.47, 100, 7241
2026/08/26 04:39:32.521, 158.35, 100, 7241
2026/08/26 04:39:33.522, 157.94, 98, 7241
2026/08/26 04:39:34.522, 158.13, 98, 7241
2026/08/26 04:39:35.526, 158.67, 100, 7241
2026/08/26 04:39:36.526, 159.10, 100, 7241
2026/08/26 04:39:37.527, 158.94, 100, 7241
2026/08/26 04:39:38.527, 158.64, 100, 7241
2026/08/26 04:39:39.527, 158.43, 100, 7241
2026/08/26 04:39:40.527, 158.28, 100, 7241
2026/08/26 04:39:41.527, 158.14, 98, 7241
2026/08/26 04:39:42.527, 158.48, 100, 7241
2026/08/26 04:39:43.528, 158.69, 100, 7241
2026/08/26 04:39:44.528, 158.55, 100, 7241
2026/08/26 04:39:45.529, 158.99, 100, 7241
2026/08/26 04:39:46.529, 158.60, 100, 7241
2026/08/26 04:39:47.530, 158.28, 100, 7241
2026/08/26 04:39:48.530, 157.93, 98, 7241
2026/08/26 04:39:49.530, 158.24, 98, 7241
2026/08/26 04:39:50.530, 158.86, 100, 7241
2026/08/26 04:39:51.530, 158.89, 100, 7241
2026/08/26 04:39:52.531, 159.09, 100, 7241
2026/08/26 04:39:53.531, 158.58, 100, 7241
2026/08/26 04:39:54.531, 158.44, 100, 7241
2026/08/26 04:39:55.531, 158.29, 100, 7241
2026/08/26 04:39:56.531, 157.84, 98, 7241
2026/08/26 04:39:57.532, 158.16, 98, 7241
2026/08/26 04:39:58.532, 158.71, 100, 7241
2026/08/26 04:39:59.532, 159.09, 100, 7241
2026/08/26 04:40:00.532, 158.37, 100, 7241
2026/08/26 04:40:01.532, 158.48, 100, 7241
2026/08/26 04:40:02.532, 158.35, 100, 7241
2026/08/26 04:40:03.533, 158.22, 100, 7241
2026/08/26 04:40:04.533, 158.02, 98, 7241
2026/08/26 04:40:05.533, 158.49, 100, 7241
2026/08/26 04:40:06.533, 159.19, 100, 7241
2026/08/26 04:40:07.533, 158.45, 100, 7241
2026/08/26 04:40:08.534, 158.46, 100, 7241
2026/08/26 04:40:09.534, 158.29, 100, 7241
2026/08/26 04:40:10.534, 158.48, 100, 7241
2026/08/26 04:40:11.534, 157.73, 98, 7241
2026/08/26 04:40:12.534, 158.28, 98, 7241
2026/08/26 04:40:13.534, 158.31, 100, 7241
2026/08/26 04:40:14.535, 158.98, 100, 7241
2026/08/26 04:40:15.535, 158.91, 100, 7241
2026/08/26 04:40:16.535, 158.24, 100, 7241
2026/08/26 04:40:17.535, 158.29, 100, 7241
2026/08/26 04:40:18.535, 158.26, 100, 7241
2026/08/26 04:40:19.536, 158.20, 98, 7241
2026/08/26 04:40:20.536, 158.27, 98, 7241
2026/08/26 04:40:21.536, 158.76, 100, 7241
2026/08/26 04:40:22.536, 158.76, 100, 7241
2026/08/26 04:40:23.536, 158.93, 100, 7241
2026/08/26 04:40:24.537, 158.38, 100, 7241
2026/08/26 04:40:25.537, 158.13, 100, 7241
2026/08/26 04:40:26.537, 158.55, 100, 7241
2026/08/26 04:40:27.537, 157.14, 90, 7241
2026/08/26 04:40:28.537, 157.43, 100, 7241
2026/08/26 04:40:29.537, 158.85, 100, 7241
2026/08/26 04:40:30.538, 159.02, 100, 7241
2026/08/26 04:40:31.538, 159.15, 100, 7241
2026/08/26 04:40:32.538, 158.40, 100, 7241
2026/08/26 04:40:33.538, 158.55, 100, 7241
2026/08/26 04:40:34.538, 158.29, 98, 7241
2026/08/26 04:40:35.539, 158.44, 98, 7241
2026/08/26 04:40:36.539, 159.06, 100, 7241
2026/08/26 04:40:37.539, 159.36, 100, 7241
2026/08/26 04:40:38.539, 158.83, 100, 7241
2026/08/26 04:40:39.539, 158.82, 100, 7241
2026/08/26 04:40:40.540, 158.70, 100, 7241
2026/08/26 04:40:41.540, 158.36, 100, 7241
2026/08/26 04:40:42.540, 158.15, 98, 7241
2026/08/26 04:40:43.540, 157.84, 91, 7241
2026/08/26 04:40:44.540, 159.07, 100, 7241
2026/08/26 04:40:45.541, 159.31, 100, 7241
2026/08/26 04:40:46.541, 158.72, 100, 7241
2026/08/26 04:40:47.541, 158.80, 100, 7241
2026/08/26 04:40:48.541, 158.50, 100, 7241
2026/08/26 04:40:49.541, 157.07, 100, 7241
2026/08/26 04:40:50.542, 158.49, 98, 7241
2026/08/26 04:40:51.542, 159.35, 100, 7241
2026/08/26 04:40:52.542, 159.20, 100, 7241
2026/08/26 04:40:53.542, 159.30, 100, 7241
2026/08/26 04:40:54.542, 158.53, 100, 7241
2026/08/26 04:40:55.543, 158.33, 100, 7241
2026/08/26 04:40:56.543, 158.09, 100, 7241
2026/08/26 04:40:57.543, 157.18, 90, 7241
2026/08/26 04:40:58.543, 158.02, 98, 7241
2026/08/26 04:40:59.543, 159.29, 100, 7241
2026/08/26 04:41:00.543, 159.16, 100, 7241
2026/08/26 04:41:01.544, 158.87, 100, 7241
2026/08/26 04:41:02.544, 159.04, 100, 7241
2026/08/26 04:41:03.544, 158.54, 100, 7241
2026/08/26 04:41:04.544, 157.95, 98, 7241
2026/08/26 04:41:05.544, 159.12, 98, 7241
2026/08/26 04:41:06.545, 158.54, 100, 7241
2026/08/26 04:41:07.545, 159.14, 100, 7241
2026/08/26 04:41:08.545, 158.88, 100, 7241
2026/08/26 04:41:09.545, 159.11, 100, 7241
2026/08/26 04:41:10.546, 158.54, 100, 7241
2026/08/26 04:41:11.546, 158.41, 100, 7241
2026/08/26 04:41:12.546, 158.12, 98, 7241
2026/08/26 04:41:13.546, 159.02, 100, 7241
2026/08/26 04:41:14.546, 159.15, 100, 7241
2026/08/26 04:41:15.547, 158.62, 100, 7241
2026/08/26 04:41:16.547, 158.87, 100, 7241
2026/08/26 04:41:17.547, 158.87, 100, 7241
2026/08/26 04:41:18.547, 158.43, 100, 7241
2026/08/26 04:41:19.547, 158.38, 98, 7241
2026/08/26 04:41:20.548, 158.94, 98, 7241
2026/08/26 04:41:21.548, 159.13, 100, 7241
2026/08/26 04:41:22.548, 158.97, 100, 7241
2026/08/26 04:41:23.548, 158.69, 100, 7241
2026/08/26 04:41:24.548, 158.90, 100, 7241
2026/08/26 04:41:25.549, 158.41, 100, 7241
2026/08/26 04:41:26.549, 158.69, 100, 7241
2026/08/26 04:41:27.549, 157.07, 90, 7241
2026/08/26 04:41:28.549, 157.74, 98, 7241
2026/08/26 04:41:29.549, 159.37, 100, 7241
2026/08/26 04:41:30.550, 159.52, 100, 7241
2026/08/26 04:41:31.550, 159.30, 100, 7241
2026/08/26 04:41:32.550, 158.93, 100, 7241
2026/08/26 04:41:33.550, 158.51, 100, 7241
2026/08/26 04:41:34.550, 157.98, 98, 7241
2026/08/26 04:41:35.550, 158.51, 98, 7241
2026/08/26 04:41:36.551, 159.06, 100, 7241
2026/08/26 04:41:37.551, 158.93, 100, 7241
2026/08/26 04:41:38.551, 159.55, 100, 7241
2026/08/26 04:41:39.551, 158.81, 100, 7241
2026/08/26 04:41:40.551, 158.88, 100, 7241
2026/08/26 04:41:41.552, 158.64, 100, 7241
2026/08/26 04:41:42.552, 158.82, 98, 7241
2026/08/26 04:41:43.552, 158.79, 100, 7241
2026/08/26 04:41:44.552, 159.12, 100, 7241
2026/08/26 04:41:45.552, 159.53, 100, 7241
2026/08/26 04:41:46.553, 158.70, 100, 7241
2026/08/26 04:41:47.553, 158.79, 100, 7241
2026/08/26 04:41:48.553, 158.64, 100, 7241
2026/08/26 04:41:49.553, 158.04, 98, 7241
2026/08/26 04:41:50.553, 159.25, 98, 7241
2026/08/26 04:41:51.554, 159.28, 100, 7241
2026/08/26 04:41:52.554, 159.93, 100, 7241
2026/08/26 04:41:53.554, 158.91, 100, 7241
2026/08/26 04:41:54.554, 159.05, 100, 7241
2026/08/26 04:41:55.554, 158.69, 100, 7241
2026/08/26 04:41:56.554, 158.72, 100, 7241
2026/08/26 04:41:57.555, 158.14, 98, 7241
2026/08/26 04:41:58.555, 158.41, 95, 7241
2026/08/26 04:41:59.555, 158.31, 100, 7241
2026/08/26 04:42:00.555, 158.82, 100, 7241
2026/08/26 04:42:01.555, 158.59, 100, 7241
2026/08/26 04:42:02.556, 158.42, 100, 7241
2026/08/26 04:42:03.556, 158.42, 100, 7241
2026/08/26 04:42:04.556, 158.07, 98, 7241
2026/08/26 04:42:05.556, 158.42, 98, 7241
2026/08/26 04:42:06.556, 159.00, 100, 7241
2026/08/26 04:42:07.556, 159.37, 100, 7241
2026/08/26 04:42:08.557, 158.67, 100, 7241
2026/08/26 04:42:09.557, 158.67, 100, 7241
2026/08/26 04:42:10.557, 158.67, 100, 7241
2026/08/26 04:42:11.557, 159.59, 99, 7241
2026/08/26 04:42:12.558, 162.41, 100, 7241
2026/08/26 04:42:13.566, 162.42, 100, 7241
2026/08/26 04:42:14.566, 162.45, 99, 7241
2026/08/26 04:42:15.567, 162.23, 100, 7241
2026/08/26 04:42:16.567, 162.35, 100, 7241
2026/08/26 04:42:17.567, 162.39, 99, 7241
2026/08/26 04:42:18.576, 162.51, 100, 7241
2026/08/26 04:42:19.576, 162.59, 100, 7241
2026/08/26 04:42:20.576, 162.38, 100, 7241
2026/08/26 04:42:21.576, 162.62, 100, 7241
2026/08/26 04:42:22.576, 162.73, 100, 7241
2026/08/26 04:42:23.577, 162.52, 99, 7241
2026/08/26 04:42:24.577, 162.63, 100, 7241
2026/08/26 04:42:25.577, 162.42, 100, 7241
2026/08/26 04:42:26.577, 162.41, 99, 7241
2026/08/26 04:42:27.577, 162.63, 100, 7241
2026/08/26 04:42:28.577, 162.51, 100, 7241
2026/08/26 04:42:29.578, 162.63, 100, 7241
2026/08/26 04:42:30.578, 162.61, 100, 7241
2026/08/26 04:42:31.578, 162.55, 100, 7241
2026/08/26 04:42:32.578, 162.45, 100, 7241
2026/08/26 04:42:33.578, 162.32, 100, 7241
2026/08/26 04:42:34.578, 162.16, 98, 7241
2026/08/26 04:42:35.579, 162.19, 100, 7241
2026/08/26 04:42:36.579, 162.64, 100, 7241
2026/08/26 04:42:37.579, 162.51, 100, 7241
2026/08/26 04:42:38.579, 162.65, 100, 7241
2026/08/26 04:42:39.579, 162.50, 100, 7241
2026/08/26 04:42:40.579, 162.58, 99, 7241
2026/08/26 04:42:41.580, 162.50, 100, 7241
2026/08/26 04:42:42.580, 162.76, 100, 7241
2026/08/26 04:42:43.580, 162.69, 100, 7241
2026/08/26 04:42:44.580, 162.57, 100, 7241
2026/08/26 04:42:45.580, 162.75, 100, 7241
2026/08/26 04:42:46.581, 162.54, 99, 7241
2026/08/26 04:42:47.581, 162.64, 100, 7241
2026/08/26 04:42:48.581, 162.64, 100, 7241
2026/08/26 04:42:49.581, 162.25, 99, 7241
2026/08/26 04:42:50.581, 162.54, 100, 7241
2026/08/26 04:42:51.581, 162.57, 100, 7241
2026/08/26 04:42:52.582, 162.35, 100, 7241
2026/08/26 04:42:53.582, 162.24, 100, 7241
2026/08/26 04:42:54.582, 162.08, 99, 7241
2026/08/26 04:42:55.582, 162.54, 100, 7241
2026/08/26 04:42:56.582, 162.43, 100, 7241
2026/08/26 04:42:57.583, 162.47, 99, 7241
2026/08/26 04:42:58.583, 162.42, 100, 7241
2026/08/26 04:42:59.583, 162.59, 100, 7241
2026/08/26 04:43:00.583, 162.45, 99, 7241
2026/08/26 04:43:01.583, 162.47, 100, 7241
2026/08/26 04:43:02.584, 162.52, 100, 7241
2026/08/26 04:43:03.584, 154.95, 100, 7241
2026/08/26 04:43:04.584, 158.15, 100, 7241
2026/08/26 04:43:05.584, 158.27, 100, 7241
2026/08/26 04:43:06.584, 157.87, 98, 7241
2026/08/26 04:43:07.584, 158.10, 98, 7241
2026/08/26 04:43:08.585, 158.77, 100, 7241
2026/08/26 04:43:09.585, 159.29, 100, 7241
2026/08/26 04:43:10.585, 158.95, 100, 7241
2026/08/26 04:43:11.585, 158.76, 100, 7241
2026/08/26 04:43:12.585, 159.04, 100, 7241
2026/08/26 04:43:13.586, 158.77, 100, 7241
2026/08/26 04:43:14.586, 158.09, 98, 7241
2026/08/26 04:43:15.586, 158.39, 100, 7241
2026/08/26 04:43:16.586, 159.26, 100, 7241
2026/08/26 04:43:17.586, 159.17, 100, 7241
2026/08/26 04:43:18.587, 158.82, 100, 7241
2026/08/26 04:43:19.587, 158.24, 100, 7241
2026/08/26 04:43:20.587, 158.43, 100, 7241
2026/08/26 04:43:21.587, 158.31, 98, 7241
2026/08/26 04:43:22.587, 158.38, 98, 7241
2026/08/26 04:43:23.587, 159.30, 100, 7241
2026/08/26 04:43:24.588, 158.89, 100, 7241
2026/08/26 04:43:25.588, 159.20, 100, 7241
2026/08/26 04:43:26.588, 158.49, 100, 7241
2026/08/26 04:43:27.588, 158.47, 100, 7241
2026/08/26 04:43:28.588, 158.27, 100, 7241
2026/08/26 04:43:29.589, 158.16, 98, 7241
2026/08/26 04:43:30.589, 159.30, 98, 7241
2026/08/26 04:43:31.589, 158.86, 100, 7241
2026/08/26 04:43:32.589, 158.85, 100, 7241
2026/08/26 04:43:33.589, 159.11, 100, 7241
2026/08/26 04:43:34.589, 158.56, 100, 7241
2026/08/26 04:43:35.590, 158.55, 100, 7241
2026/08/26 04:43:36.590, 158.42, 100, 7241
2026/08/26 04:43:37.590, 158.64, 98, 7241
2026/08/26 04:43:38.590, 158.76, 100, 7241
2026/08/26 04:43:39.590, 158.87, 100, 7241
2026/08/26 04:43:40.591, 158.72, 100, 7241
2026/08/26 04:43:41.591, 159.09, 100, 7241
2026/08/26 04:43:42.591, 158.55, 100, 7241
2026/08/26 04:43:43.591, 158.60, 100, 7241
2026/08/26 04:43:44.591, 158.06, 98, 7241
2026/08/26 04:43:45.592, 158.31, 98, 7241
2026/08/26 04:43:46.592, 159.25, 100, 7241
2026/08/26 04:43:47.592, 159.35, 100, 7241
2026/08/26 04:43:48.592, 159.37, 100, 7241
2026/08/26 04:43:49.592, 158.83, 100, 7241
2026/08/26 04:43:50.593, 158.51, 100, 7241
2026/08/26 04:43:51.593, 158.12, 100, 7241
2026/08/26 04:43:52.593, 157.98, 98, 7241
2026/08/26 04:43:53.593, 158.50, 100, 7241
2026/08/26 04:43:54.593, 159.30, 100, 7241
2026/08/26 04:43:55.593, 159.34, 100, 7241
2026/08/26 04:43:56.594, 158.39, 100, 7241
2026/08/26 04:43:57.594, 158.33, 100, 7241
2026/08/26 04:43:58.594, 158.67, 100, 7241
2026/08/26 04:43:59.594, 157.74, 98, 7241
2026/08/26 04:44:00.594, 158.91, 98, 7241
2026/08/26 04:44:01.595, 159.08, 100, 7241
2026/08/26 04:44:02.595, 159.15, 100, 7241
2026/08/26 04:44:03.595, 158.85, 100, 7241
2026/08/26 04:44:04.595, 158.60, 100, 7241
2026/08/26 04:44:05.595, 158.74, 100, 7241
2026/08/26 04:44:06.595, 158.19, 100, 7241
2026/08/26 04:44:07.596, 159.07, 98, 7241
2026/08/26 04:44:08.596, 159.03, 100, 7241
2026/08/26 04:44:09.596, 159.04, 100, 7241
2026/08/26 04:44:10.596, 158.88, 100, 7241
2026/08/26 04:44:11.596, 158.87, 100, 7241
2026/08/26 04:44:12.596, 158.79, 100, 7241
2026/08/26 04:44:13.597, 159.11, 100, 7241
2026/08/26 04:44:14.597, 158.27, 98, 7241
2026/08/26 04:44:15.597, 158.88, 100, 7241
2026/08/26 04:44:16.597, 159.16, 100, 7241
2026/08/26 04:44:17.597, 159.49, 100, 7241
2026/08/26 04:44:18.597, 158.83, 100, 7241
2026/08/26 04:44:19.598, 158.70, 100, 7241
2026/08/26 04:44:20.598, 158.86, 100, 7241
2026/08/26 04:44:21.598, 158.04, 98, 7241
2026/08/26 04:44:22.598, 159.43, 98, 7241
2026/08/26 04:44:23.598, 159.15, 100, 7241
2026/08/26 04:44:24.599, 159.49, 100, 7241
2026/08/26 04:44:25.599, 159.30, 100, 7241
2026/08/26 04:44:26.599, 158.92, 100, 7241
2026/08/26 04:44:27.599, 158.48, 100, 7241
2026/08/26 04:44:28.599, 158.59, 100, 7241
2026/08/26 04:44:29.600, 158.45, 98, 7241
2026/08/26 04:44:30.600, 158.56, 100, 7241
2026/08/26 04:44:31.600, 159.78, 100, 7241
2026/08/26 04:44:32.600, 159.10, 100, 7241
2026/08/26 04:44:33.600, 159.41, 100, 7241
2026/08/26 04:44:34.601, 158.77, 100, 7241
2026/08/26 04:44:35.601, 158.52, 100, 7241
2026/08/26 04:44:36.601, 157.97, 98, 7241
2026/08/26 04:44:37.601, 158.78, 98, 7241
2026/08/26 04:44:38.601, 158.88, 100, 7241
2026/08/26 04:44:39.602, 159.65, 100, 7241
2026/08/26 04:44:40.602, 158.48, 100, 7241
2026/08/26 04:44:41.602, 158.51, 100, 7241
2026/08/26 04:44:42.602, 158.31, 100, 7241
2026/08/26 04:44:43.602, 158.36, 100, 7241
2026/08/26 04:44:44.603, 158.66, 98, 7241
2026/08/26 04:44:45.603, 159.06, 100, 7241
2026/08/26 04:44:46.603, 159.43, 100, 7241
2026/08/26 04:44:47.603, 159.47, 100, 7241
2026/08/26 04:44:48.603, 158.84, 100, 7241
2026/08/26 04:44:49.603, 159.13, 100, 7241
2026/08/26 04:44:50.604, 158.91, 100, 7241
2026/08/26 04:44:51.604, 157.83, 98, 7241
2026/08/26 04:44:52.604, 159.01, 98, 7241
2026/08/26 04:44:53.604, 158.59, 100, 7241
2026/08/26 04:44:54.604, 158.95, 100, 7241
2026/08/26 04:44:55.604, 159.21, 100, 7241
2026/08/26 04:44:56.605, 158.85, 100, 7241
2026/08/26 04:44:57.605, 158.64, 100, 7241
2026/08/26 04:44:58.605, 158.30, 100, 7241
2026/08/26 04:44:59.605, 157.50, 89, 7241
2026/08/26 04:45:00.605, 158.51, 100, 7241
2026/08/26 04:45:01.606, 158.77, 100, 7241
2026/08/26 04:45:02.606, 159.11, 100, 7241
2026/08/26 04:45:03.606, 158.50, 100, 7241
2026/08/26 04:45:04.606, 158.36, 100, 7241
2026/08/26 04:45:05.606, 158.74, 100, 7241
2026/08/26 04:45:06.606, 158.23, 98, 7241
2026/08/26 04:45:07.607, 158.86, 98, 7241
2026/08/26 04:45:08.607, 159.25, 100, 7241
2026/08/26 04:45:09.607, 159.54, 100, 7241
2026/08/26 04:45:10.607, 159.20, 100, 7241
2026/08/26 04:45:11.607, 158.30, 100, 7241
2026/08/26 04:45:12.607, 158.41, 100, 7241
2026/08/26 04:45:13.608, 158.79, 100, 7241
2026/08/26 04:45:14.608, 158.98, 98, 7241
2026/08/26 04:45:15.608, 158.70, 100, 7241
2026/08/26 04:45:16.608, 159.16, 100, 7241
2026/08/26 04:45:17.608, 158.62, 100, 7241
2026/08/26 04:45:18.609, 158.97, 100, 7241
2026/08/26 04:45:19.609, 158.21, 100, 7241
2026/08/26 04:45:20.609, 158.78, 100, 7241
2026/08/26 04:45:21.609, 158.08, 98, 7241
2026/08/26 04:45:22.609, 158.39, 98, 7241
2026/08/26 04:45:23.610, 159.17, 100, 7241
2026/08/26 04:45:24.610, 159.35, 100, 7241
2026/08/26 04:45:25.610, 159.15, 100, 7241
2026/08/26 04:45:26.610, 158.85, 100, 7241
2026/08/26 04:45:27.610, 158.25, 100, 7241
2026/08/26 04:45:28.611, 158.37, 100, 7241
2026/08/26 04:45:29.611, 158.33, 98, 7241
2026/08/26 04:45:30.611, 158.10, 93, 7241
2026/08/26 04:45:31.611, 158.30, 100, 7241
2026/08/26 04:45:32.611, 159.27, 100, 7241
2026/08/26 04:45:33.612, 158.68, 100, 7241
2026/08/26 04:45:34.612, 158.58, 100, 7241
2026/08/26 04:45:35.612, 158.52, 100, 7241
2026/08/26 04:45:36.612, 158.89, 99, 7241
2026/08/26 04:45:37.612, 159.02, 98, 7241
2026/08/26 04:45:38.613, 159.03, 100, 7241
2026/08/26 04:45:39.613, 158.09, 100, 7241
2026/08/26 04:45:40.613, 158.74, 100, 7241
2026/08/26 04:45:41.613, 158.71, 100, 7241
2026/08/26 04:45:42.613, 158.47, 100, 7241
2026/08/26 04:45:43.613, 158.14, 100, 7241
2026/08/26 04:45:44.614, 157.81, 89, 7241
2026/08/26 04:45:45.614, 159.28, 98, 7241
2026/08/26 04:45:46.614, 158.65, 100, 7241
2026/08/26 04:45:47.614, 158.82, 100, 7241
2026/08/26 04:45:48.614, 158.32, 100, 7241
2026/08/26 04:45:49.615, 158.21, 100, 7241
2026/08/26 04:45:50.615, 157.21, 99, 7241
2026/08/26 04:45:51.615, 158.19, 100, 7241
2026/08/26 04:45:52.615, 158.39, 100, 7241
2026/08/26 04:45:53.615, 158.88, 100, 7241
2026/08/26 04:45:54.615, 158.86, 100, 7241
2026/08/26 04:45:55.616, 158.33, 100, 7241
2026/08/26 04:45:56.616, 158.35, 100, 7241
2026/08/26 04:45:57.616, 158.37, 100, 7241
2026/08/26 04:45:58.616, 158.33, 98, 7241
2026/08/26 04:45:59.616, 158.44, 98, 7241
2026/08/26 04:46:00.617, 157.85, 100, 7241
2026/08/26 04:46:01.617, 159.92, 100, 7241
2026/08/26 04:46:02.617, 159.99, 100, 7241
2026/08/26 04:46:03.617, 159.49, 100, 7241
2026/08/26 04:46:04.617, 158.72, 100, 7241
2026/08/26 04:46:05.617, 158.37, 100, 7241
2026/08/26 04:46:06.618, 158.26, 98, 7241
2026/08/26 04:46:07.618, 158.54, 100, 7241
2026/08/26 04:46:08.618, 159.52, 100, 7241
2026/08/26 04:46:09.618, 158.41, 100, 7241
2026/08/26 04:46:10.618, 158.59, 100, 7241
2026/08/26 04:46:11.619, 158.40, 100, 7241
2026/08/26 04:46:12.619, 158.30, 100, 7241
2026/08/26 04:46:13.619, 157.83, 98, 7241
2026/08/26 04:46:14.619, 159.03, 98, 7241
2026/08/26 04:46:15.619, 159.08, 100, 7241
2026/08/26 04:46:16.620, 159.23, 100, 7241
2026/08/26 04:46:17.620, 158.85, 100, 7241
2026/08/26 04:46:18.620, 158.46, 100, 7241
2026/08/26 04:46:19.620, 157.32, 100, 7241
2026/08/26 04:46:20.620, 158.27, 100, 7241
2026/08/26 04:46:21.620, 158.16, 98, 7241
2026/08/26 04:46:22.621, 158.34, 100, 7241
2026/08/26 04:46:23.621, 158.93, 100, 7241
2026/08/26 04:46:24.621, 158.47, 100, 7241
2026/08/26 04:46:25.621, 158.73, 100, 7241
2026/08/26 04:46:26.621, 158.54, 100, 7241
2026/08/26 04:46:27.621, 158.12, 100, 7241
2026/08/26 04:46:28.622, 158.14, 99, 7241
2026/08/26 04:46:29.622, 158.51, 98, 7241
2026/08/26 04:46:30.622, 157.60, 100, 7241
2026/08/26 04:46:31.622, 159.03, 100, 7241
2026/08/26 04:46:32.622, 158.46, 100, 7241
2026/08/26 04:46:33.623, 158.75, 100, 7241
2026/08/26 04:46:34.623, 158.46, 100, 7241
2026/08/26 04:46:35.623, 158.56, 100, 7241
2026/08/26 04:46:36.623, 158.02, 98, 7241
2026/08/26 04:46:37.623, 158.81, 98, 7241
2026/08/26 04:46:38.623, 158.62, 100, 7241
2026/08/26 04:46:39.624, 159.08, 100, 7241
2026/08/26 04:46:40.624, 159.15, 100, 7241
2026/08/26 04:46:41.624, 158.76, 100, 7241
2026/08/26 04:46:42.624, 158.50, 100, 7241
2026/08/26 04:46:43.624, 158.73, 100, 7241
2026/08/26 04:46:44.624, 158.12, 98, 7241
2026/08/26 04:46:45.625, 158.27, 98, 7241
2026/08/26 04:46:46.625, 158.72, 100, 7241
2026/08/26 04:46:47.625, 158.94, 100, 7241
2026/08/26 04:46:48.625, 159.34, 100, 7241
2026/08/26 04:46:49.625, 162.42, 100, 7241
2026/08/26 04:46:50.625, 162.37, 99, 7241
2026/08/26 04:46:51.626, 162.34, 100, 7241
2026/08/26 04:46:52.626, 162.30, 100, 7241
2026/08/26 04:46:53.626, 162.64, 100, 7241
2026/08/26 04:46:54.626, 163.51, 100, 7241
2026/08/26 04:46:55.626, 163.49, 100, 7241
2026/08/26 04:46:56.627, 162.44, 100, 7241
2026/08/26 04:46:57.627, 162.15, 100, 7241
2026/08/26 04:46:58.627, 162.50, 99, 7241
2026/08/26 04:46:59.627, 162.56, 100, 7241
2026/08/26 04:47:00.627, 162.62, 100, 7241
2026/08/26 04:47:01.628, 162.34, 99, 7241
2026/08/26 04:47:02.628, 162.55, 100, 7241
2026/08/26 04:47:03.628, 162.66, 100, 7241
2026/08/26 04:47:04.628, 162.68, 99, 7241
2026/08/26 04:47:05.628, 162.60, 100, 7241
2026/08/26 04:47:06.628, 162.65, 100, 7241
2026/08/26 04:47:07.629, 162.61, 100, 7241
2026/08/26 04:47:08.629, 162.66, 100, 7241
2026/08/26 04:47:09.629, 162.55, 100, 7241
2026/08/26 04:47:10.629, 162.41, 99, 7241
2026/08/26 04:47:11.630, 162.77, 100, 7241
2026/08/26 04:47:12.630, 162.53, 100, 7241
2026/08/26 04:47:13.630, 162.72, 99, 7241
2026/08/26 04:47:14.630, 162.75, 100, 7241
2026/08/26 04:47:15.630, 162.67, 99, 7241
2026/08/26 04:47:16.630, 162.34, 100, 7241
2026/08/26 04:47:17.631, 162.61, 100, 7241
2026/08/26 04:47:18.631, 162.49, 99, 7241
2026/08/26 04:47:19.631, 162.51, 100, 7241
2026/08/26 04:47:20.631, 162.72, 100, 7241
2026/08/26 04:47:21.631, 162.47, 99, 7241
2026/08/26 04:47:22.631, 162.72, 100, 7241
2026/08/26 04:47:23.632, 162.79, 100, 7241
2026/08/26 04:47:24.632, 162.73, 99, 7241
2026/08/26 04:47:25.632, 162.64, 100, 7241
2026/08/26 04:47:26.632, 162.78, 100, 7241
2026/08/26 04:47:27.632, 162.64, 99, 7241
2026/08/26 04:47:28.632, 162.82, 100, 7241
2026/08/26 04:47:29.633, 162.88, 100, 7241
2026/08/26 04:47:30.633, 162.86, 99, 7241
2026/08/26 04:47:31.633, 162.99, 100, 7241
2026/08/26 04:47:32.633, 162.88, 100, 7241
2026/08/26 04:47:33.633, 162.65, 99, 7241
2026/08/26 04:47:34.634, 162.80, 100, 7241
2026/08/26 04:47:35.634, 162.61, 99, 7241
2026/08/26 04:47:36.634, 162.77, 100, 7241
2026/08/26 04:47:37.634, 163.00, 100, 7241
2026/08/26 04:47:38.634, 162.65, 99, 7241
2026/08/26 04:47:39.634, 162.78, 100, 7241
2026/08/26 04:47:40.635, 156.21, 100, 7241
2026/08/26 04:47:41.635, 158.96, 100, 7241
2026/08/26 04:47:42.635, 159.13, 100, 7241
2026/08/26 04:47:43.635, 158.74, 100, 7241
2026/08/26 04:47:44.635, 158.88, 100, 7241
2026/08/26 04:47:45.636, 158.07, 98, 7241
2026/08/26 04:47:46.636, 158.47, 98, 7241
2026/08/26 04:47:47.636, 159.00, 100, 7241
2026/08/26 04:47:48.636, 159.03, 100, 7241
2026/08/26 04:47:49.636, 159.31, 100, 7241
2026/08/26 04:47:50.636, 158.71, 100, 7241
2026/08/26 04:47:51.637, 158.50, 100, 7241
2026/08/26 04:47:52.637, 159.01, 100, 7241
2026/08/26 04:47:53.637, 158.73, 98, 7241
2026/08/26 04:47:54.637, 158.74, 99, 7241
2026/08/26 04:47:55.637, 159.11, 100, 7241
2026/08/26 04:47:56.638, 158.99, 100, 7241
2026/08/26 04:47:57.638, 159.14, 100, 7241
2026/08/26 04:47:58.638, 158.67, 100, 7241
2026/08/26 04:47:59.638, 158.75, 100, 7241
2026/08/26 04:48:00.638, 158.49, 100, 7241
2026/08/26 04:48:01.639, 157.56, 89, 7241
2026/08/26 04:48:02.639, 157.86, 100, 7241
2026/08/26 04:48:03.639, 159.82, 100, 7241
2026/08/26 04:48:04.639, 159.04, 100, 7241
2026/08/26 04:48:05.639, 158.98, 100, 7241
2026/08/26 04:48:06.640, 158.55, 100, 7241
2026/08/26 04:48:07.640, 158.48, 100, 7241
2026/08/26 04:48:08.640, 157.76, 98, 7241
2026/08/26 04:48:09.640, 159.21, 98, 7241
2026/08/26 04:48:10.640, 159.52, 100, 7241
2026/08/26 04:48:11.641, 159.74, 100, 7241
2026/08/26 04:48:12.641, 159.24, 100, 7241
2026/08/26 04:48:13.641, 158.62, 100, 7241
2026/08/26 04:48:14.641, 158.49, 100, 7241
2026/08/26 04:48:15.641, 159.13, 100, 7241
2026/08/26 04:48:16.641, 158.60, 98, 7241
2026/08/26 04:48:17.642, 158.34, 99, 7241
2026/08/26 04:48:18.642, 159.20, 100, 7241
2026/08/26 04:48:19.642, 159.38, 100, 7241
2026/08/26 04:48:20.642, 159.32, 100, 7241
2026/08/26 04:48:21.642, 158.65, 100, 7241
2026/08/26 04:48:22.643, 159.22, 100, 7241
2026/08/26 04:48:23.643, 158.31, 98, 7241
2026/08/26 04:48:24.643, 158.98, 98, 7241
2026/08/26 04:48:25.643, 159.28, 100, 7241
2026/08/26 04:48:26.643, 159.90, 100, 7241
2026/08/26 04:48:27.644, 159.00, 100, 7241
2026/08/26 04:48:28.644, 158.97, 100, 7241
2026/08/26 04:48:29.644, 158.56, 100, 7241
2026/08/26 04:48:30.644, 158.91, 100, 7241
2026/08/26 04:48:31.644, 157.41, 89, 7241
2026/08/26 04:48:32.644, 157.54, 99, 7241
2026/08/26 04:48:33.645, 159.38, 100, 7241
2026/08/26 04:48:34.645, 159.57, 100, 7241
2026/08/26 04:48:35.645, 159.37, 100, 7241
2026/08/26 04:48:36.645, 158.98, 100, 7241
2026/08/26 04:48:37.645, 158.84, 100, 7241
2026/08/26 04:48:38.646, 158.75, 100, 7241
2026/08/26 04:48:39.646, 158.60, 98, 7241
2026/08/26 04:48:40.646, 159.10, 100, 7241
2026/08/26 04:48:41.646, 159.73, 100, 7241
2026/08/26 04:48:42.646, 159.01, 100, 7241
2026/08/26 04:48:43.647, 158.75, 100, 7241
2026/08/26 04:48:44.647, 158.77, 100, 7241
2026/08/26 04:48:45.647, 158.63, 100, 7241
2026/08/26 04:48:46.647, 158.46, 98, 7241
2026/08/26 04:48:47.647, 159.00, 98, 7241
2026/08/26 04:48:48.647, 159.70, 100, 7241
2026/08/26 04:48:49.648, 159.64, 100, 7241
2026/08/26 04:48:50.648, 158.75, 100, 7241
2026/08/26 04:48:51.648, 158.65, 100, 7241
2026/08/26 04:48:52.648, 158.51, 100, 7241
2026/08/26 04:48:53.648, 159.10, 99, 7241
2026/08/26 04:48:54.649, 158.66, 98, 7241
2026/08/26 04:48:55.649, 159.13, 100, 7241
2026/08/26 04:48:56.649, 159.29, 100, 7241
2026/08/26 04:48:57.649, 159.10, 100, 7241
2026/08/26 04:48:58.649, 158.85, 100, 7241
2026/08/26 04:48:59.650, 158.82, 100, 7241
2026/08/26 04:49:00.650, 158.56, 100, 7241
2026/08/26 04:49:01.650, 157.69, 90, 7241
2026/08/26 04:49:02.650, 157.49, 98, 7241
2026/08/26 04:49:03.650, 159.21, 100, 7241
2026/08/26 04:49:04.651, 159.67, 100, 7241
2026/08/26 04:49:05.651, 158.96, 100, 7241
2026/08/26 04:49:06.651, 159.12, 100, 7241
2026/08/26 04:49:07.651, 158.76, 100, 7241
2026/08/26 04:49:08.651, 158.50, 100, 7241
2026/08/26 04:49:09.652, 158.67, 98, 7241
2026/08/26 04:49:10.652, 158.71, 100, 7241
2026/08/26 04:49:11.652, 159.65, 100, 7241
2026/08/26 04:49:12.652, 159.00, 100, 7241
2026/08/26 04:49:13.652, 158.77, 100, 7241
2026/08/26 04:49:14.653, 158.60, 100, 7241
2026/08/26 04:49:15.653, 158.70, 100, 7241
2026/08/26 04:49:16.653, 158.81, 98, 7241
2026/08/26 04:49:17.653, 158.61, 98, 7241
2026/08/26 04:49:18.653, 159.30, 100, 7241
2026/08/26 04:49:19.654, 158.93, 100, 7241
2026/08/26 04:49:20.654, 159.16, 100, 7241
2026/08/26 04:49:21.654, 158.85, 100, 7241
2026/08/26 04:49:22.654, 158.77, 100, 7241
2026/08/26 04:49:23.654, 158.37, 100, 7241
2026/08/26 04:49:24.655, 158.33, 98, 7241
2026/08/26 04:49:25.655, 159.14, 100, 7241
2026/08/26 04:49:26.655, 159.62, 100, 7241
2026/08/26 04:49:27.655, 159.10, 100, 7241
2026/08/26 04:49:28.655, 158.85, 100, 7241
2026/08/26 04:49:29.656, 158.74, 100, 7241
2026/08/26 04:49:30.656, 158.63, 100, 7241
2026/08/26 04:49:31.656, 157.98, 98, 7241
2026/08/26 04:49:32.656, 157.47, 89, 7241
2026/08/26 04:49:33.656, 157.70, 100, 7241
2026/08/26 04:49:34.657, 159.18, 100, 7241
2026/08/26 04:49:35.657, 159.19, 100, 7241
2026/08/26 04:49:36.657, 158.55, 100, 7241
2026/08/26 04:49:37.657, 158.74, 100, 7241
2026/08/26 04:49:38.657, 158.44, 100, 7241
2026/08/26 04:49:39.658, 157.90, 98, 7241
2026/08/26 04:49:40.658, 158.57, 98, 7241
2026/08/26 04:49:41.658, 158.96, 100, 7241
2026/08/26 04:49:42.658, 159.32, 100, 7241
2026/08/26 04:49:43.658, 159.10, 100, 7241
2026/08/26 04:49:44.659, 158.54, 100, 7241
2026/08/26 04:49:45.659, 158.52, 100, 7241
2026/08/26 04:49:46.659, 158.58, 100, 7241
2026/08/26 04:49:47.659, 158.33, 98, 7241
2026/08/26 04:49:48.659, 158.63, 100, 7241
2026/08/26 04:49:49.660, 159.26, 100, 7241
2026/08/26 04:49:50.660, 159.37, 100, 7241
2026/08/26 04:49:51.660, 159.14, 100, 7241
2026/08/26 04:49:52.660, 158.59, 100, 7241
2026/08/26 04:49:53.660, 158.87, 100, 7241
2026/08/26 04:49:54.660, 158.20, 98, 7241
2026/08/26 04:49:55.661, 158.35, 98, 7241
2026/08/26 04:49:56.661, 158.79, 100, 7241
2026/08/26 04:49:57.661, 159.30, 100, 7241
2026/08/26 04:49:58.661, 159.37, 100, 7241
2026/08/26 04:49:59.661, 158.90, 100, 7241
2026/08/26 04:50:00.662, 158.92, 100, 7241
2026/08/26 04:50:01.662, 158.50, 100, 7241
2026/08/26 04:50:02.662, 156.92, 89, 7241
2026/08/26 04:50:03.662, 157.96, 98, 7241
2026/08/26 04:50:04.662, 158.95, 100, 7241
2026/08/26 04:50:05.662, 159.50, 100, 7241
2026/08/26 04:50:06.663, 159.21, 100, 7241
2026/08/26 04:50:07.663, 158.61, 100, 7241
2026/08/26 04:50:08.663, 158.98, 100, 7241
2026/08/26 04:50:09.663, 158.96, 100, 7241
2026/08/26 04:50:10.664, 158.41, 98, 7241
2026/08/26 04:50:11.664, 158.33, 100, 7241
2026/08/26 04:50:12.664, 159.62, 100, 7241
2026/08/26 04:50:13.664, 159.92, 100, 7241
2026/08/26 04:50:14.664, 159.55, 100, 7241
2026/08/26 04:50:15.665, 158.87, 100, 7241
2026/08/26 04:50:16.665, 157.81, 100, 7241
2026/08/26 04:50:17.665, 158.08, 98, 7241
2026/08/26 04:50:18.665, 159.11, 98, 7241
2026/08/26 04:50:19.665, 158.76, 100, 7241
2026/08/26 04:50:20.666, 159.38, 100, 7241
2026/08/26 04:50:21.666, 158.42, 100, 7241
2026/08/26 04:50:22.666, 158.93, 100, 7241
2026/08/26 04:50:23.666, 158.75, 100, 7241
2026/08/26 04:50:24.666, 158.51, 100, 7241
2026/08/26 04:50:25.666, 158.20, 98, 7241
2026/08/26 04:50:26.667, 158.60, 98, 7241
2026/08/26 04:50:27.667, 159.27, 100, 7241
2026/08/26 04:50:28.667, 159.48, 100, 7241
2026/08/26 04:50:29.667, 158.87, 100, 7241
2026/08/26 04:50:30.667, 159.02, 100, 7241
2026/08/26 04:50:31.668, 158.86, 100, 7241
2026/08/26 04:50:32.668, 159.34, 100, 7241
2026/08/26 04:50:33.668, 158.01, 98, 7241
2026/08/26 04:50:34.668, 158.71, 100, 7241
2026/08/26 04:50:35.668, 159.31, 100, 7241
2026/08/26 04:50:36.669, 159.42, 100, 7241
2026/08/26 04:50:37.669, 159.59, 100, 7241
2026/08/26 04:50:38.669, 159.34, 100, 7241
2026/08/26 04:50:39.669, 158.86, 100, 7241
2026/08/26 04:50:40.669, 158.37, 98, 7241
2026/08/26 04:50:41.670, 158.76, 98, 7241
2026/08/26 04:50:42.670, 159.28, 100, 7241
2026/08/26 04:50:43.670, 159.88, 100, 7241
2026/08/26 04:50:44.670, 159.08, 100, 7241
2026/08/26 04:50:45.670, 159.10, 100, 7241
2026/08/26 04:50:46.671, 158.42, 100, 7241
2026/08/26 04:50:47.671, 158.28, 99, 7241
2026/08/26 04:50:48.671, 158.13, 98, 7241
2026/08/26 04:50:49.671, 159.11, 100, 7241
2026/08/26 04:50:50.671, 159.99, 100, 7241
2026/08/26 04:50:51.671, 159.13, 100, 7241
2026/08/26 04:50:52.672, 157.75, 100, 7241
2026/08/26 04:50:53.672, 158.39, 100, 7241
2026/08/26 04:50:54.672, 158.46, 100, 7241
2026/08/26 04:50:55.672, 158.07, 98, 7241
2026/08/26 04:50:56.672, 159.24, 98, 7241
2026/08/26 04:50:57.673, 159.20, 100, 7241
2026/08/26 04:50:58.673, 159.80, 100, 7241
2026/08/26 04:50:59.673, 159.88, 100, 7241
2026/08/26 04:51:00.673, 159.14, 100, 7241
2026/08/26 04:51:01.673, 158.93, 100, 7241
2026/08/26 04:51:02.674, 158.57, 100, 7241
2026/08/26 04:51:03.674, 157.33, 98, 7241
2026/08/26 04:51:04.674, 158.66, 100, 7241
2026/08/26 04:51:05.674, 159.13, 100, 7241
2026/08/26 04:51:06.674, 159.32, 100, 7241
2026/08/26 04:51:07.675, 158.64, 100, 7241
2026/08/26 04:51:08.675, 158.79, 100, 7241
2026/08/26 04:51:09.675, 158.96, 100, 7241
2026/08/26 04:51:10.675, 158.43, 98, 7241
2026/08/26 04:51:11.675, 158.94, 98, 7241
2026/08/26 04:51:12.676, 159.41, 100, 7241
2026/08/26 04:51:13.676, 159.89, 100, 7241
2026/08/26 04:51:14.676, 159.92, 100, 7241
2026/08/26 04:51:15.676, 159.00, 100, 7241
2026/08/26 04:51:16.676, 158.84, 100, 7241
2026/08/26 04:51:17.677, 158.82, 100, 7241
2026/08/26 04:51:18.677, 158.46, 98, 7241
2026/08/26 04:51:19.677, 158.72, 100, 7241
2026/08/26 04:51:20.677, 159.98, 100, 7241
2026/08/26 04:51:21.677, 159.08, 100, 7241
2026/08/26 04:51:22.678, 158.77, 100, 7241
2026/08/26 04:51:23.678, 158.64, 100, 7241
2026/08/26 04:51:24.678, 158.45, 100, 7241
2026/08/26 04:51:25.678, 158.27, 100, 7241
2026/08/26 04:51:26.678, 162.61, 100, 7241
2026/08/26 04:51:27.679, 162.61, 99, 7241
2026/08/26 04:51:28.679, 162.38, 100, 7241
2026/08/26 04:51:29.679, 162.43, 100, 7241
2026/08/26 04:51:30.679, 162.37, 100, 7241
2026/08/26 04:51:31.679, 162.52, 100, 7241
2026/08/26 04:51:32.679, 162.48, 99, 7241
2026/08/26 04:51:33.680, 162.48, 100, 7241
2026/08/26 04:51:34.680, 162.48, 100, 7241
2026/08/26 04:51:35.680, 162.46, 100, 7241
2026/08/26 04:51:36.680, 162.67, 100, 7241
2026/08/26 04:51:37.680, 162.63, 100, 7241
2026/08/26 04:51:38.681, 162.49, 100, 7241
2026/08/26 04:51:39.681, 162.44, 100, 7241
2026/08/26 04:51:40.681, 162.59, 100, 7241
2026/08/26 04:51:41.681, 162.66, 100, 7241
2026/08/26 04:51:42.681, 162.68, 100, 7241
2026/08/26 04:51:43.682, 162.63, 100, 7241
2026/08/26 04:51:44.682, 162.36, 100, 7241
2026/08/26 04:51:45.682, 162.61, 100, 7241
2026/08/26 04:51:46.682, 162.68, 100, 7241
2026/08/26 04:51:47.682, 162.55, 99, 7241
2026/08/26 04:51:48.683, 162.51, 100, 7241
2026/08/26 04:51:49.683, 162.66, 100, 7241
2026/08/26 04:51:50.683, 162.77, 99, 7241
2026/08/26 04:51:51.683, 162.74, 100, 7241
2026/08/26 04:51:52.683, 162.79, 100, 7241
2026/08/26 04:51:53.683, 162.92, 100, 7241
2026/08/26 04:51:54.684, 162.67, 100, 7241
2026/08/26 04:51:55.684, 162.60, 100, 7241
2026/08/26 04:51:56.684, 162.68, 100, 7241
2026/08/26 04:51:57.684, 162.73, 100, 7241
2026/08/26 04:51:58.684, 162.46, 99, 7241
2026/08/26 04:51:59.685, 162.55, 100, 7241
2026/08/26 04:52:00.685, 162.63, 100, 7241
2026/08/26 04:52:01.685, 162.64, 99, 7241
2026/08/26 04:52:02.685, 162.61, 100, 7241
2026/08/26 04:52:03.685, 162.80, 100, 7241
2026/08/26 04:52:04.685, 162.85, 99, 7241
2026/08/26 04:52:05.686, 162.92, 100, 7241
2026/08/26 04:52:06.686, 162.64, 100, 7241
2026/08/26 04:52:07.686, 162.75, 100, 7241
2026/08/26 04:52:08.686, 162.83, 100, 7241
2026/08/26 04:52:09.686, 162.93, 100, 7241
2026/08/26 04:52:10.687, 162.75, 100, 7241
2026/08/26 04:52:11.687, 163.04, 100, 7241
2026/08/26 04:52:12.687, 162.79, 99, 7241
2026/08/26 04:52:13.687, 162.75, 100, 7241
2026/08/26 04:52:14.687, 162.80, 100, 7241
2026/08/26 04:52:15.687, 162.89, 99, 7241
2026/08/26 04:52:16.688, 162.84, 100, 7241
2026/08/26 04:52:17.688, 163.00, 100, 7241
2026/08/26 04:52:18.688, 152.48, 100, 7241
2026/08/26 04:52:19.688, 157.87, 98, 7241
2026/08/26 04:52:20.688, 159.68, 98, 7241
2026/08/26 04:52:21.688, 159.29, 100, 7241
2026/08/26 04:52:22.689, 159.59, 100, 7241
2026/08/26 04:52:23.689, 158.99, 100, 7241
2026/08/26 04:52:24.689, 159.10, 100, 7241
2026/08/26 04:52:25.689, 158.99, 100, 7241
2026/08/26 04:52:26.689, 158.80, 100, 7241
2026/08/26 04:52:27.689, 158.26, 98, 7241
2026/08/26 04:52:28.690, 158.33, 98, 7241
2026/08/26 04:52:29.690, 159.02, 100, 7241
2026/08/26 04:52:30.690, 159.54, 100, 7241
2026/08/26 04:52:31.690, 158.59, 100, 7241
2026/08/26 04:52:32.690, 158.74, 100, 7241
2026/08/26 04:52:33.690, 158.09, 100, 7241
2026/08/26 04:52:34.691, 158.97, 100, 7241
2026/08/26 04:52:35.699, 158.96, 98, 7241
2026/08/26 04:52:36.699, 159.02, 100, 7241
2026/08/26 04:52:37.700, 159.45, 100, 7241
2026/08/26 04:52:38.700, 158.81, 100, 7241
2026/08/26 04:52:39.700, 158.85, 100, 7241
2026/08/26 04:52:40.700, 158.37, 100, 7241
2026/08/26 04:52:41.700, 158.39, 100, 7241
2026/08/26 04:52:42.700, 158.90, 98, 7241
2026/08/26 04:52:43.701, 159.63, 98, 7241
2026/08/26 04:52:44.701, 158.79, 100, 7241
2026/08/26 04:52:45.701, 159.05, 100, 7241
2026/08/26 04:52:46.701, 158.64, 100, 7241
2026/08/26 04:52:47.702, 158.75, 100, 7241
2026/08/26 04:52:48.702, 158.74, 98, 7241
2026/08/26 04:52:49.702, 158.68, 98, 7241
2026/08/26 04:52:50.702, 159.25, 100, 7241
2026/08/26 04:52:51.702, 159.63, 100, 7241
2026/08/26 04:52:52.703, 159.08, 100, 7241
2026/08/26 04:52:53.703, 158.95, 100, 7241
2026/08/26 04:52:54.703, 158.85, 100, 7241
2026/08/26 04:52:55.703, 158.21, 100, 7241
2026/08/26 04:52:56.703, 158.73, 98, 7241
2026/08/26 04:52:57.703, 159.20, 100, 7241
2026/08/26 04:52:58.704, 159.35, 100, 7241
2026/08/26 04:52:59.704, 158.85, 100, 7241
2026/08/26 04:53:00.704, 158.89, 100, 7241
2026/08/26 04:53:01.704, 158.78, 100, 7241
2026/08/26 04:53:02.704, 158.66, 100, 7241
2026/08/26 04:53:03.705, 156.94, 89, 7241
2026/08/26 04:53:04.705, 157.18, 98, 7241
2026/08/26 04:53:05.705, 158.72, 100, 7241
2026/08/26 04:53:06.705, 159.04, 100, 7241
2026/08/26 04:53:07.705, 158.85, 100, 7241
2026/08/26 04:53:08.706, 158.96, 100, 7241
2026/08/26 04:53:09.706, 158.33, 100, 7241
2026/08/26 04:53:10.706, 158.27, 100, 7241
2026/08/26 04:53:11.706, 158.03, 98, 7241
2026/08/26 04:53:12.706, 158.42, 98, 7241
2026/08/26 04:53:13.706, 158.96, 100, 7241
2026/08/26 04:53:14.707, 159.04, 100, 7241
2026/08/26 04:53:15.707, 159.08, 100, 7241
2026/08/26 04:53:16.707, 158.43, 100, 7241
2026/08/26 04:53:17.707, 158.33, 100, 7241
2026/08/26 04:53:18.707, 158.26, 100, 7241
2026/08/26 04:53:19.708, 158.01, 98, 7241
2026/08/26 04:53:20.708, 158.56, 100, 7241
2026/08/26 04:53:21.708, 158.81, 100, 7241
2026/08/26 04:53:22.708, 158.75, 100, 7241
2026/08/26 04:53:23.708, 159.02, 100, 7241
2026/08/26 04:53:24.709, 158.39, 100, 7241
2026/08/26 04:53:25.709, 158.24, 100, 7241
2026/08/26 04:53:26.709, 158.18, 98, 7241
2026/08/26 04:53:27.709, 158.14, 98, 7241
2026/08/26 04:53:28.709, 158.62, 100, 7241
2026/08/26 04:53:29.709, 159.22, 100, 7241
2026/08/26 04:53:30.710, 158.45, 100, 7241
2026/08/26 04:53:31.710, 158.91, 100, 7241
2026/08/26 04:53:32.710, 158.63, 100, 7241
2026/08/26 04:53:33.710, 158.37, 100, 7241
2026/08/26 04:53:34.710, 158.01, 98, 7241
2026/08/26 04:53:35.711, 158.17, 98, 7241
2026/08/26 04:53:36.711, 158.76, 100, 7241
2026/08/26 04:53:37.711, 159.18, 100, 7241
2026/08/26 04:53:38.711, 158.55, 100, 7241
2026/08/26 04:53:39.711, 158.46, 100, 7241
2026/08/26 04:53:40.712, 158.57, 100, 7241
2026/08/26 04:53:41.712, 158.29, 100, 7241
2026/08/26 04:53:42.712, 158.01, 98, 7241
2026/08/26 04:53:43.712, 158.28, 100, 7241
2026/08/26 04:53:44.712, 158.63, 100, 7241
2026/08/26 04:53:45.713, 159.28, 100, 7241
2026/08/26 04:53:46.713, 158.74, 100, 7241
2026/08/26 04:53:47.713, 158.61, 100, 7241
2026/08/26 04:53:48.713, 158.37, 100, 7241
2026/08/26 04:53:49.713, 158.20, 98, 7241
2026/08/26 04:53:50.713, 158.13, 98, 7241
2026/08/26 04:53:51.714, 158.71, 100, 7241
2026/08/26 04:53:52.714, 158.75, 100, 7241
2026/08/26 04:53:53.714, 159.18, 100, 7241
2026/08/26 04:53:54.714, 158.48, 100, 7241
2026/08/26 04:53:55.714, 158.46, 100, 7241
2026/08/26 04:53:56.715, 158.22, 100, 7241
2026/08/26 04:53:57.715, 157.71, 98, 7241
2026/08/26 04:53:58.715, 158.22, 98, 7241
2026/08/26 04:53:59.715, 158.38, 100, 7241
2026/08/26 04:54:00.715, 159.13, 100, 7241
2026/08/26 04:54:01.715, 158.52, 100, 7241
2026/08/26 04:54:02.716, 158.34, 100, 7241
2026/08/26 04:54:03.716, 158.32, 100, 7241
2026/08/26 04:54:04.716, 158.34, 100, 7241
2026/08/26 04:54:05.716, 157.88, 98, 7241
2026/08/26 04:54:06.716, 159.09, 100, 7241
2026/08/26 04:54:07.717, 159.52, 100, 7241
2026/08/26 04:54:08.717, 159.69, 100, 7241
2026/08/26 04:54:09.717, 158.87, 100, 7241
2026/08/26 04:54:10.717, 158.55, 100, 7241
2026/08/26 04:54:11.717, 158.16, 100, 7241
2026/08/26 04:54:12.718, 157.99, 98, 7241
2026/08/26 04:54:13.718, 159.36, 98, 7241
2026/08/26 04:54:14.718, 158.99, 100, 7241
2026/08/26 04:54:15.718, 158.87, 100, 7241
2026/08/26 04:54:16.718, 159.33, 100, 7241
2026/08/26 04:54:17.718, 158.82, 100, 7241
2026/08/26 04:54:18.719, 158.61, 100, 7241
2026/08/26 04:54:19.719, 158.77, 100, 7241
2026/08/26 04:54:20.719, 157.93, 98, 7241
2026/08/26 04:54:21.719, 158.37, 100, 7241
2026/08/26 04:54:22.719, 159.41, 100, 7241
2026/08/26 04:54:23.719, 158.78, 100, 7241
2026/08/26 04:54:24.720, 158.98, 100, 7241
2026/08/26 04:54:25.720, 158.48, 100, 7241
2026/08/26 04:54:26.720, 158.96, 100, 7241
2026/08/26 04:54:27.720, 158.38, 98, 7241
2026/08/26 04:54:28.720, 159.10, 98, 7241
2026/08/26 04:54:29.721, 159.09, 100, 7241
2026/08/26 04:54:30.721, 159.65, 100, 7241
2026/08/26 04:54:31.721, 159.42, 100, 7241
2026/08/26 04:54:32.721, 158.46, 100, 7241
2026/08/26 04:54:33.721, 158.59, 100, 7241
2026/08/26 04:54:34.722, 158.69, 99, 7241
2026/08/26 04:54:35.722, 157.32, 98, 7241
2026/08/26 04:54:36.722, 159.48, 100, 7241
2026/08/26 04:54:37.722, 159.81, 100, 7241
2026/08/26 04:54:38.722, 158.72, 100, 7241
2026/08/26 04:54:39.722, 159.07, 100, 7241
2026/08/26 04:54:40.723, 158.53, 100, 7241
2026/08/26 04:54:41.723, 158.85, 100, 7241
2026/08/26 04:54:42.723, 158.25, 98, 7241
2026/08/26 04:54:43.723, 158.44, 98, 7241
2026/08/26 04:54:44.723, 158.90, 100, 7241
2026/08/26 04:54:45.723, 159.55, 100, 7241
2026/08/26 04:54:46.724, 158.70, 100, 7241
2026/08/26 04:54:47.724, 159.22, 100, 7241
2026/08/26 04:54:48.724, 158.97, 100, 7241
2026/08/26 04:54:49.724, 158.89, 100, 7241
2026/08/26 04:54:50.724, 158.50, 98, 7241
2026/08/26 04:54:51.724, 158.83, 100, 7241
2026/08/26 04:54:52.725, 159.25, 100, 7241
2026/08/26 04:54:53.725, 159.61, 100, 7241
2026/08/26 04:54:54.725, 159.16, 100, 7241
2026/08/26 04:54:55.725, 158.62, 100, 7241
2026/08/26 04:54:56.725, 158.45, 100, 7241
2026/08/26 04:54:57.726, 158.55, 98, 7241
2026/08/26 04:54:58.726, 158.71, 98, 7241
2026/08/26 04:54:59.726, 158.93, 100, 7241
2026/08/26 04:55:00.726, 159.96, 100, 7241
2026/08/26 04:55:01.726, 158.98, 100, 7241
2026/08/26 04:55:02.727, 158.48, 100, 7241
2026/08/26 04:55:03.727, 158.53, 100, 7241
2026/08/26 04:55:04.727, 158.38, 100, 7241
2026/08/26 04:55:05.727, 157.49, 98, 7241
2026/08/26 04:55:06.727, 158.58, 100, 7241
2026/08/26 04:55:07.727, 159.15, 100, 7241
2026/08/26 04:55:08.728, 158.84, 100, 7241
2026/08/26 04:55:09.728, 159.00, 100, 7241
2026/08/26 04:55:10.728, 158.34, 100, 7241
2026/08/26 04:55:11.728, 158.38, 100, 7241
2026/08/26 04:55:12.728, 158.08, 98, 7241
2026/08/26 04:55:13.728, 158.53, 98, 7241
2026/08/26 04:55:14.729, 158.47, 100, 7241
2026/08/26 04:55:15.729, 158.95, 100, 7241
2026/08/26 04:55:16.729, 158.70, 100, 7241
2026/08/26 04:55:17.729, 158.68, 100, 7241
2026/08/26 04:55:18.729, 158.14, 100, 7241
2026/08/26 04:55:19.730, 158.34, 100, 7241
2026/08/26 04:55:20.730, 157.95, 98, 7241
2026/08/26 04:55:21.730, 158.27, 98, 7241
2026/08/26 04:55:22.730, 158.80, 100, 7241
2026/08/26 04:55:23.730, 158.73, 100, 7241
2026/08/26 04:55:24.731, 158.92, 100, 7241
2026/08/26 04:55:25.731, 158.25, 100, 7241
2026/08/26 04:55:26.731, 158.16, 100, 7241
2026/08/26 04:55:27.731, 158.19, 100, 7241
2026/08/26 04:55:28.731, 157.99, 98, 7241
2026/08/26 04:55:29.732, 158.51, 100, 7241
2026/08/26 04:55:30.732, 158.98, 100, 7241
2026/08/26 04:55:31.732, 158.40, 100, 7241
2026/08/26 04:55:32.732, 158.37, 100, 7241
2026/08/26 04:55:33.732, 158.24, 100, 7241
2026/08/26 04:55:34.733, 158.02, 100, 7241
2026/08/26 04:55:35.733, 157.42, 98, 7241
2026/08/26 04:55:36.733, 158.94, 98, 7241
2026/08/26 04:55:37.733, 158.33, 100, 7241
2026/08/26 04:55:38.733, 158.87, 100, 7241
2026/08/26 04:55:39.733, 158.61, 100, 7241
2026/08/26 04:55:40.734, 158.57, 100, 7241
2026/08/26 04:55:41.734, 158.18, 100, 7241
2026/08/26 04:55:42.734, 157.90, 100, 7241
2026/08/26 04:55:43.734, 157.75, 98, 7241
2026/08/26 04:55:44.734, 158.24, 98, 7241
2026/08/26 04:55:45.734, 158.82, 100, 7241
2026/08/26 04:55:46.735, 159.07, 100, 7241
2026/08/26 04:55:47.735, 158.48, 100, 7241
2026/08/26 04:55:48.735, 158.62, 100, 7241
2026/08/26 04:55:49.735, 158.58, 100, 7241
2026/08/26 04:55:50.735, 158.46, 100, 7241
2026/08/26 04:55:51.736, 158.21, 98, 7241
2026/08/26 04:55:52.736, 159.07, 100, 7241
2026/08/26 04:55:53.736, 159.16, 100, 7241
2026/08/26 04:55:54.736, 159.73, 100, 7241
2026/08/26 04:55:55.736, 158.71, 100, 7241
2026/08/26 04:55:56.737, 158.83, 100, 7241
2026/08/26 04:55:57.737, 158.88, 100, 7241
2026/08/26 04:55:58.737, 158.59, 98, 7241
2026/08/26 04:55:59.737, 158.81, 98, 7241
2026/08/26 04:56:00.737, 159.10, 100, 7241
2026/08/26 04:56:01.737, 159.42, 100, 7241
2026/08/26 04:56:02.738, 157.49, 100, 7241
2026/08/26 04:56:03.738, 162.28, 99, 7241
2026/08/26 04:56:04.738, 162.29, 100, 7241
2026/08/26 04:56:05.738, 162.16, 100, 7241
2026/08/26 04:56:06.738, 162.11, 99, 7241
2026/08/26 04:56:07.739, 162.32, 100, 7241
2026/08/26 04:56:08.739, 162.29, 100, 7241
2026/08/26 04:56:09.739, 162.30, 100, 7241
2026/08/26 04:56:10.739, 162.39, 100, 7241
2026/08/26 04:56:11.739, 162.43, 99, 7241
2026/08/26 04:56:12.740, 162.32, 100, 7241
2026/08/26 04:56:13.740, 162.44, 100, 7241
2026/08/26 04:56:14.740, 162.48, 99, 7241
2026/08/26 04:56:15.740, 162.34, 100, 7241
2026/08/26 04:56:16.740, 162.36, 100, 7241
2026/08/26 04:56:17.741, 162.06, 99, 7241
2026/08/26 04:56:18.741, 162.42, 100, 7241
2026/08/26 04:56:19.741, 162.37, 100, 7241
2026/08/26 04:56:20.741, 162.26, 99, 7241
2026/08/26 04:56:21.741, 162.42, 100, 7241
2026/08/26 04:56:22.741, 162.45, 100, 7241
2026/08/26 04:56:23.742, 162.37, 99, 7241
2026/08/26 04:56:24.742, 162.50, 100, 7241
2026/08/26 04:56:25.742, 162.70, 100, 7241
2026/08/26 04:56:26.742, 162.33, 99, 7241
2026/08/26 04:56:27.742, 162.40, 100, 7241
2026/08/26 04:56:28.743, 162.42, 100, 7241
2026/08/26 04:56:29.743, 162.63, 100, 7241
2026/08/26 04:56:30.743, 162.50, 100, 7241
2026/08/26 04:56:31.743, 162.37, 99, 7241
2026/08/26 04:56:32.743, 162.43, 100, 7241
2026/08/26 04:56:33.744, 162.48, 100, 7241
2026/08/26 04:56:34.744, 162.61, 99, 7241
2026/08/26 04:56:35.744, 162.76, 100, 7241
2026/08/26 04:56:36.744, 162.40, 100, 7241
2026/08/26 04:56:37.744, 162.59, 99, 7241
2026/08/26 04:56:38.744, 162.55, 100, 7241
2026/08/26 04:56:39.745, 162.66, 100, 7241
2026/08/26 04:56:40.745, 162.39, 99, 7241
2026/08/26 04:56:41.745, 162.71, 100, 7241
2026/08/26 04:56:42.745, 162.77, 100, 7241
2026/08/26 04:56:43.745, 162.63, 100, 7241
2026/08/26 04:56:44.745, 162.49, 100, 7241
2026/08/26 04:56:45.746, 162.58, 100, 7241
2026/08/26 04:56:46.746, 162.65, 100, 7241
2026/08/26 04:56:47.746, 162.67, 100, 7241
2026/08/26 04:56:48.746, 162.56, 100, 7241
2026/08/26 04:56:49.746, 162.70, 100, 7241
2026/08/26 04:56:50.747, 162.45, 100, 7241
2026/08/26 04:56:51.747, 162.62, 100, 7241
2026/08/26 04:56:52.747, 162.76, 100, 7241
2026/08/26 04:56:53.747, 162.70, 100, 7241
2026/08/26 04:56:54.747, 162.62, 99, 7241
2026/08/26 04:56:55.747, 154.03, 100, 7241
2026/08/26 04:56:56.748, 158.93, 100, 7241
2026/08/26 04:56:57.748, 158.74, 100, 7241
2026/08/26 04:56:58.748, 158.46, 100, 7241
2026/08/26 04:56:59.748, 158.54, 99, 7241
2026/08/26 04:57:00.748, 158.37, 98, 7241
2026/08/26 04:57:01.748, 159.13, 100, 7241
2026/08/26 04:57:02.749, 159.62, 100, 7241
2026/08/26 04:57:03.749, 159.08, 100, 7241
2026/08/26 04:57:04.749, 158.99, 100, 7241
2026/08/26 04:57:05.749, 158.59, 100, 7241
2026/08/26 04:57:06.749, 158.47, 100, 7241
2026/08/26 04:57:07.749, 158.63, 98, 7241
2026/08/26 04:57:08.750, 158.45, 98, 7241
2026/08/26 04:57:09.750, 159.19, 100, 7241
2026/08/26 04:57:10.750, 159.56, 100, 7241
2026/08/26 04:57:11.750, 159.48, 100, 7241
2026/08/26 04:57:12.750, 158.64, 100, 7241
2026/08/26 04:57:13.751, 158.77, 100, 7241
2026/08/26 04:57:14.751, 158.66, 100, 7241
2026/08/26 04:57:15.751, 158.46, 98, 7241
2026/08/26 04:57:16.751, 159.43, 100, 7241
2026/08/26 04:57:17.751, 159.12, 100, 7241
2026/08/26 04:57:18.751, 159.43, 100, 7241
2026/08/26 04:57:19.752, 158.90, 100, 7241
2026/08/26 04:57:20.752, 158.93, 100, 7241
2026/08/26 04:57:21.752, 158.70, 100, 7241
2026/08/26 04:57:22.752, 158.35, 98, 7241
2026/08/26 04:57:23.752, 159.05, 98, 7241
2026/08/26 04:57:24.752, 159.07, 100, 7241
2026/08/26 04:57:25.752, 159.69, 100, 7241
2026/08/26 04:57:26.753, 158.56, 100, 7241
2026/08/26 04:57:27.753, 158.95, 100, 7241
2026/08/26 04:57:28.753, 158.18, 100, 7241
2026/08/26 04:57:29.753, 158.84, 100, 7241
2026/08/26 04:57:30.753, 158.34, 98, 7241
2026/08/26 04:57:31.754, 158.80, 98, 7241
2026/08/26 04:57:32.754, 159.09, 100, 7241
2026/08/26 04:57:33.754, 159.08, 100, 7241
2026/08/26 04:57:34.754, 159.21, 100, 7241
2026/08/26 04:57:35.754, 158.77, 100, 7241
2026/08/26 04:57:36.755, 158.49, 100, 7241
2026/08/26 04:57:37.755, 157.46, 100, 7241
2026/08/26 04:57:38.755, 158.52, 98, 7241
2026/08/26 04:57:39.755, 158.68, 100, 7241
2026/08/26 04:57:40.755, 159.08, 100, 7241
2026/08/26 04:57:41.755, 158.77, 100, 7241
2026/08/26 04:57:42.756, 158.92, 100, 7241
2026/08/26 04:57:43.756, 158.57, 100, 7241
2026/08/26 04:57:44.756, 158.68, 100, 7241
2026/08/26 04:57:45.756, 157.88, 98, 7241
2026/08/26 04:57:46.756, 158.12, 98, 7241
2026/08/26 04:57:47.757, 158.64, 100, 7241
2026/08/26 04:57:48.757, 159.23, 100, 7241
2026/08/26 04:57:49.757, 158.78, 100, 7241
2026/08/26 04:57:50.757, 158.46, 100, 7241
2026/08/26 04:57:51.758, 158.23, 100, 7241
2026/08/26 04:57:52.758, 158.44, 100, 7241
2026/08/26 04:57:53.758, 158.07, 98, 7241
2026/08/26 04:57:54.758, 158.30, 100, 7241
2026/08/26 04:57:55.758, 158.95, 100, 7241
2026/08/26 04:57:56.759, 158.77, 100, 7241
2026/08/26 04:57:57.759, 158.55, 100, 7241
2026/08/26 04:57:58.759, 158.53, 100, 7241
2026/08/26 04:57:59.759, 158.87, 100, 7241
2026/08/26 04:58:00.759, 158.14, 98, 7241
2026/08/26 04:58:01.759, 158.15, 98, 7241
2026/08/26 04:58:02.760, 158.54, 100, 7241
2026/08/26 04:58:03.760, 159.02, 100, 7241
2026/08/26 04:58:04.760, 158.51, 100, 7241
2026/08/26 04:58:05.760, 158.65, 100, 7241
2026/08/26 04:58:06.760, 158.35, 100, 7241
2026/08/26 04:58:07.761, 157.24, 100, 7241
2026/08/26 04:58:08.761, 157.64, 98, 7241
2026/08/26 04:58:09.761, 159.11, 98, 7241
2026/08/26 04:58:10.761, 158.70, 100, 7241
2026/08/26 04:58:11.761, 158.86, 100, 7241
2026/08/26 04:58:12.762, 158.80, 100, 7241
2026/08/26 04:58:13.762, 158.70, 100, 7241
2026/08/26 04:58:14.762, 158.71, 100, 7241
2026/08/26 04:58:15.762, 158.45, 100, 7241
2026/08/26 04:58:16.762, 158.70, 98, 7241
2026/08/26 04:58:17.762, 158.86, 100, 7241
2026/08/26 04:58:18.763, 159.56, 100, 7241
2026/08/26 04:58:19.763, 158.85, 100, 7241
2026/08/26 04:58:20.763, 159.10, 100, 7241
2026/08/26 04:58:21.763, 158.76, 100, 7241
2026/08/26 04:58:22.763, 158.95, 100, 7241
2026/08/26 04:58:23.764, 158.37, 98, 7241
2026/08/26 04:58:24.764, 158.37, 99, 7241
2026/08/26 04:58:25.764, 159.12, 100, 7241
2026/08/26 04:58:26.764, 159.02, 100, 7241
2026/08/26 04:58:27.764, 158.57, 100, 7241
2026/08/26 04:58:28.765, 158.53, 100, 7241
2026/08/26 04:58:29.765, 158.90, 100, 7241
2026/08/26 04:58:30.765, 158.59, 98, 7241
2026/08/26 04:58:31.765, 158.96, 98, 7241
2026/08/26 04:58:32.765, 159.21, 100, 7241
2026/08/26 04:58:33.766, 159.68, 100, 7241
2026/08/26 04:58:34.766, 158.51, 100, 7241
2026/08/26 04:58:35.766, 158.64, 100, 7241
2026/08/26 04:58:36.766, 158.59, 100, 7241
2026/08/26 04:58:37.766, 157.38, 100, 7241
2026/08/26 04:58:38.767, 158.33, 98, 7241
2026/08/26 04:58:39.767, 159.45, 98, 7241
2026/08/26 04:58:40.767, 159.11, 100, 7241
2026/08/26 04:58:41.767, 158.92, 100, 7241
2026/08/26 04:58:42.767, 158.70, 100, 7241
2026/08/26 04:58:43.767, 158.65, 100, 7241
2026/08/26 04:58:44.768, 158.11, 100, 7241
2026/08/26 04:58:45.768, 158.34, 98, 7241
2026/08/26 04:58:46.768, 158.14, 98, 7241
2026/08/26 04:58:47.768, 159.17, 100, 7241
2026/08/26 04:58:48.768, 159.11, 100, 7241
2026/08/26 04:58:49.769, 158.42, 100, 7241
2026/08/26 04:58:50.769, 158.41, 100, 7241
2026/08/26 04:58:51.769, 158.13, 100, 7241
2026/08/26 04:58:52.769, 158.66, 100, 7241
2026/08/26 04:58:53.769, 158.40, 98, 7241
2026/08/26 04:58:54.769, 159.06, 100, 7241
2026/08/26 04:58:55.770, 158.96, 100, 7241
2026/08/26 04:58:56.770, 159.05, 100, 7241
2026/08/26 04:58:57.770, 158.64, 100, 7241
2026/08/26 04:58:58.770, 158.40, 100, 7241
2026/08/26 04:58:59.770, 158.30, 100, 7241
2026/08/26 04:59:00.771, 158.27, 97, 7241
2026/08/26 04:59:01.771, 159.04, 98, 7241
2026/08/26 04:59:02.771, 159.13, 100, 7241
2026/08/26 04:59:03.771, 159.64, 100, 7241
2026/08/26 04:59:04.771, 159.10, 100, 7241
2026/08/26 04:59:05.771, 158.49, 100, 7241
2026/08/26 04:59:06.772, 158.69, 100, 7241
2026/08/26 04:59:07.772, 157.40, 100, 7241
2026/08/26 04:59:08.772, 158.24, 98, 7241
2026/08/26 04:59:09.772, 158.49, 100, 7241
2026/08/26 04:59:10.772, 158.97, 100, 7241
2026/08/26 04:59:11.772, 158.55, 100, 7241
2026/08/26 04:59:12.773, 158.77, 100, 7241
2026/08/26 04:59:13.773, 158.29, 100, 7241
2026/08/26 04:59:14.773, 158.34, 100, 7241
2026/08/26 04:59:15.773, 158.03, 98, 7241
2026/08/26 04:59:16.773, 158.28, 98, 7241
2026/08/26 04:59:17.773, 158.16, 100, 7241
2026/08/26 04:59:18.774, 158.66, 100, 7241
2026/08/26 04:59:19.774, 158.29, 100, 7241
2026/08/26 04:59:20.774, 158.39, 100, 7241
2026/08/26 04:59:21.774, 158.26, 100, 7241
2026/08/26 04:59:22.774, 158.60, 100, 7241
2026/08/26 04:59:23.774, 159.06, 98, 7241
2026/08/26 04:59:24.775, 160.02, 98, 7241
2026/08/26 04:59:25.775, 159.19, 100, 7241
2026/08/26 04:59:26.775, 159.18, 100, 7241
2026/08/26 04:59:27.775, 158.33, 100, 7241
2026/08/26 04:59:28.775, 158.15, 100, 7241
2026/08/26 04:59:29.775, 157.96, 100, 7241
2026/08/26 04:59:30.776, 159.52, 98, 7241
2026/08/26 04:59:31.776, 159.16, 98, 7241
2026/08/26 04:59:32.776, 159.47, 100, 7241
2026/08/26 04:59:33.776, 158.72, 100, 7241
2026/08/26 04:59:34.776, 158.23, 100, 7241
2026/08/26 04:59:35.776, 158.53, 100, 7241
2026/08/26 04:59:36.777, 158.17, 100, 7241
2026/08/26 04:59:37.777, 157.32, 100, 7241
2026/08/26 04:59:38.777, 158.27, 98, 7241
2026/08/26 04:59:39.777, 160.09, 100, 7241
2026/08/26 04:59:40.777, 158.75, 100, 7241
2026/08/26 04:59:41.778, 158.47, 100, 7241
2026/08/26 04:59:42.778, 159.20, 100, 7241
2026/08/26 04:59:43.778, 158.40, 100, 7241
2026/08/26 04:59:44.778, 158.48, 98, 7241
2026/08/26 04:59:45.778, 158.75, 100, 7241
2026/08/26 04:59:46.779, 159.03, 100, 7241
2026/08/26 04:59:47.779, 158.56, 100, 7241
2026/08/26 04:59:48.779, 159.02, 100, 7241
2026/08/26 04:59:49.779, 158.97, 100, 7241
2026/08/26 04:59:50.779, 158.79, 100, 7241
2026/08/26 04:59:51.779, 158.24, 98, 7241
2026/08/26 04:59:52.780, 158.64, 98, 7241
2026/08/26 04:59:53.780, 159.03, 100, 7241
2026/08/26 04:59:54.780, 159.61, 100, 7241
2026/08/26 04:59:55.780, 159.37, 100, 7241
2026/08/26 04:59:56.780, 158.93, 100, 7241
2026/08/26 04:59:57.781, 158.74, 100, 7241
2026/08/26 04:59:58.781, 158.46, 98, 7241
2026/08/26 04:59:59.781, 158.52, 98, 7241
2026/08/26 05:00:00.781, 159.33, 100, 7241
2026/08/26 05:00:01.781, 159.61, 100, 7241
2026/08/26 05:00:02.782, 158.61, 100, 7241
2026/08/26 05:00:03.782, 158.86, 100, 7241
2026/08/26 05:00:04.782, 158.46, 100, 7241
2026/08/26 05:00:05.782, 158.60, 100, 7241
2026/08/26 05:00:06.782, 158.27, 98, 7241
2026/08/26 05:00:07.782, 157.47, 89, 7241
2026/08/26 05:00:08.783, 157.68, 100, 7241
2026/08/26 05:00:09.783, 159.00, 100, 7241
2026/08/26 05:00:10.783, 158.80, 100, 7241
2026/08/26 05:00:11.783, 158.54, 100, 7241
2026/08/26 05:00:12.783, 158.29, 100, 7241
2026/08/26 05:00:13.784, 158.22, 100, 7241
2026/08/26 05:00:14.784, 158.14, 98, 7241
2026/08/26 05:00:15.784, 158.30, 100, 7241
2026/08/26 05:00:16.784, 158.95, 100, 7241
2026/08/26 05:00:17.784, 159.14, 100, 7241
2026/08/26 05:00:18.784, 158.87, 100, 7241
2026/08/26 05:00:19.785, 158.57, 100, 7241
2026/08/26 05:00:20.785, 158.55, 100, 7241
2026/08/26 05:00:21.785, 157.80, 98, 7241
2026/08/26 05:00:22.785, 158.94, 98, 7241
2026/08/26 05:00:23.785, 157.57, 100, 7241
2026/08/26 05:00:24.786, 158.84, 100, 7241
2026/08/26 05:00:25.786, 158.89, 100, 7241
2026/08/26 05:00:26.786, 158.76, 100, 7241
2026/08/26 05:00:27.786, 158.84, 100, 7241
2026/08/26 05:00:28.786, 158.65, 100, 7241
2026/08/26 05:00:29.787, 158.35, 98, 7241
2026/08/26 05:00:30.787, 158.91, 99, 7241
2026/08/26 05:00:31.787, 159.20, 100, 7241
2026/08/26 05:00:32.787, 159.60, 100, 7241
2026/08/26 05:00:33.787, 158.72, 100, 7241
2026/08/26 05:00:34.787, 158.64, 100, 7241
2026/08/26 05:00:35.788, 158.10, 100, 7241
2026/08/26 05:00:36.788, 157.87, 98, 7241
2026/08/26 05:00:37.788, 159.11, 98, 7241
2026/08/26 05:00:38.788, 158.69, 100, 7241
2026/08/26 05:00:39.788, 156.93, 100, 7241
2026/08/26 05:00:40.789, 162.41, 100, 7241
2026/08/26 05:00:41.789, 162.36, 100, 7241
2026/08/26 05:00:42.789, 162.56, 100, 7241
2026/08/26 05:00:43.789, 162.61, 99, 7241
2026/08/26 05:00:44.789, 162.41, 100, 7241
2026/08/26 05:00:45.789, 162.52, 100, 7241
2026/08/26 05:00:46.790, 162.39, 99, 7241
2026/08/26 05:00:47.790, 162.90, 100, 7241
2026/08/26 05:00:48.790, 162.60, 100, 7241
2026/08/26 05:00:49.790, 162.38, 99, 7241
2026/08/26 05:00:50.790, 162.49, 100, 7241
2026/08/26 05:00:51.791, 162.41, 100, 7241
2026/08/26 05:00:52.791, 162.44, 99, 7241
2026/08/26 05:00:53.791, 162.43, 100, 7241
2026/08/26 05:00:54.791, 162.52, 100, 7241
2026/08/26 05:00:55.791, 162.37, 99, 7241
2026/08/26 05:00:56.791, 162.43, 100, 7241
2026/08/26 05:00:57.792, 162.41, 100, 7241
2026/08/26 05:00:58.792, 162.42, 99, 7241
2026/08/26 05:00:59.792, 162.18, 100, 7241
2026/08/26 05:01:00.792, 162.66, 100, 7241
2026/08/26 05:01:01.792, 162.57, 100, 7241
2026/08/26 05:01:02.793, 162.46, 100, 7241
2026/08/26 05:01:03.793, 162.38, 100, 7241
2026/08/26 05:01:04.793, 162.56, 100, 7241
2026/08/26 05:01:05.793, 162.71, 100, 7241
2026/08/26 05:01:06.793, 162.62, 100, 7241
2026/08/26 05:01:07.793, 162.57, 100, 7241
2026/08/26 05:01:08.794, 162.26, 100, 7241
2026/08/26 05:01:09.794, 162.50, 99, 7241
2026/08/26 05:01:10.794, 162.44, 100, 7241
2026/08/26 05:01:11.794, 162.32, 100, 7241
2026/08/26 05:01:12.794, 162.34, 99, 7241
2026/08/26 05:01:13.795, 162.25, 100, 7241
2026/08/26 05:01:14.795, 162.36, 100, 7241
2026/08/26 05:01:15.795, 162.46, 99, 7241
2026/08/26 05:01:16.795, 162.60, 100, 7241
2026/08/26 05:01:17.795, 162.69, 100, 7241
2026/08/26 05:01:18.795, 162.95, 99, 7241
2026/08/26 05:01:19.796, 162.66, 100, 7241
2026/08/26 05:01:20.796, 162.67, 100, 7241
2026/08/26 05:01:21.796, 162.65, 100, 7241
2026/08/26 05:01:22.796, 162.43, 100, 7241
2026/08/26 05:01:23.796, 162.71, 100, 7241
2026/08/26 05:01:24.797, 162.69, 100, 7241
2026/08/26 05:01:25.797, 162.73, 100, 7241
2026/08/26 05:01:26.797, 162.48, 99, 7241
2026/08/26 05:01:27.797, 162.38, 100, 7241
2026/08/26 05:01:28.797, 162.58, 100, 7241
2026/08/26 05:01:29.797, 162.46, 99, 7241
2026/08/26 05:01:30.798, 162.70, 100, 7241
2026/08/26 05:01:31.798, 162.69, 100, 7241
2026/08/26 05:01:32.798, 73.33, 0, 7241
2026/08/26 05:01:33.798, 27.80, 0, 7241
