2026/09/18 00:45:14.279, 10.48, 0, 41
2026/09/18 00:45:15.283, 10.48, 0, 41
2026/09/18 00:45:16.283, 10.33, 0, 41
2026/09/18 00:45:17.283, 8.72, 0, 41
2026/09/18 00:45:18.313, 15.56, 0, 983
2026/09/18 00:45:19.313, 20.99, 0, 1065
2026/09/18 00:45:20.313, 20.11, 0, 1065
2026/09/18 00:45:21.313, 20.13, 0, 1065
2026/09/18 00:45:22.313, 19.77, 0, 1065
2026/09/18 00:45:23.314, 19.90, 0, 1337
2026/09/18 00:45:24.314, 114.85, 100, 7357
2026/09/18 00:45:25.314, 144.31, 99, 7479
2026/09/18 00:45:26.314, 158.66, 100, 7479
2026/09/18 00:45:27.314, 157.47, 100, 7479
2026/09/18 00:45:28.315, 158.13, 100, 7479
2026/09/18 00:45:29.315, 157.74, 100, 7479
2026/09/18 00:45:30.315, 157.25, 99, 7479
2026/09/18 00:45:31.315, 158.26, 100, 7479
2026/09/18 00:45:32.315, 158.74, 100, 7479
2026/09/18 00:45:33.316, 157.34, 100, 7479
2026/09/18 00:45:34.316, 157.39, 100, 7479
2026/09/18 00:45:35.316, 159.79, 100, 7479
2026/09/18 00:45:36.316, 158.05, 99, 7479
2026/09/18 00:45:37.316, 159.22, 100, 7479
2026/09/18 00:45:38.317, 158.68, 100, 7479
2026/09/18 00:45:39.317, 157.96, 98, 7481
2026/09/18 00:45:40.317, 158.96, 100, 7481
2026/09/18 00:45:41.317, 158.55, 100, 7481
2026/09/18 00:45:42.317, 159.24, 99, 7481
2026/09/18 00:45:43.318, 159.86, 100, 7481
2026/09/18 00:45:44.318, 159.21, 100, 7481
2026/09/18 00:45:45.318, 158.55, 100, 7481
2026/09/18 00:45:46.318, 160.14, 100, 7481
2026/09/18 00:45:47.318, 158.84, 100, 7481
2026/09/18 00:45:48.319, 159.22, 100, 7481
2026/09/18 00:45:49.319, 160.54, 100, 7481
2026/09/18 00:45:50.319, 158.16, 100, 7481
2026/09/18 00:45:51.319, 158.95, 100, 7481
2026/09/18 00:45:52.319, 159.81, 100, 7481
2026/09/18 00:45:53.320, 159.06, 100, 7481
2026/09/18 00:45:54.320, 159.31, 100, 7481
2026/09/18 00:45:55.320, 160.64, 100, 7481
2026/09/18 00:45:56.320, 159.12, 100, 7481
2026/09/18 00:45:57.321, 159.45, 100, 7481
2026/09/18 00:45:58.321, 160.52, 100, 7481
2026/09/18 00:45:59.321, 159.13, 100, 7481
2026/09/18 00:46:00.321, 159.61, 100, 7481
2026/09/18 00:46:01.321, 160.06, 100, 7481
2026/09/18 00:46:02.322, 159.37, 99, 7481
2026/09/18 00:46:03.322, 159.82, 100, 7481
2026/09/18 00:46:04.322, 160.11, 100, 7481
2026/09/18 00:46:05.322, 159.44, 99, 7481
2026/09/18 00:46:06.322, 159.71, 100, 7481
2026/09/18 00:46:07.323, 160.50, 100, 7481
2026/09/18 00:46:08.323, 159.01, 98, 7481
2026/09/18 00:46:09.323, 159.74, 100, 7481
2026/09/18 00:46:10.332, 160.26, 100, 7481
2026/09/18 00:46:11.332, 159.49, 99, 7481
2026/09/18 00:46:12.332, 160.31, 100, 7481
2026/09/18 00:46:13.332, 161.04, 100, 7481
2026/09/18 00:46:14.333, 159.31, 98, 7481
2026/09/18 00:46:15.333, 160.39, 100, 7481
2026/09/18 00:46:16.333, 160.45, 100, 7481
2026/09/18 00:46:17.333, 159.71, 98, 7481
2026/09/18 00:46:18.334, 160.47, 100, 7481
2026/09/18 00:46:19.334, 160.88, 100, 7481
2026/09/18 00:46:20.334, 159.42, 98, 7481
2026/09/18 00:46:21.334, 161.17, 100, 7481
2026/09/18 00:46:22.335, 160.97, 100, 7481
2026/09/18 00:46:23.335, 159.90, 99, 7481
2026/09/18 00:46:24.335, 160.71, 100, 7481
2026/09/18 00:46:25.344, 160.53, 100, 7481
2026/09/18 00:46:26.344, 159.76, 98, 7481
2026/09/18 00:46:27.344, 160.58, 100, 7481
2026/09/18 00:46:28.344, 160.41, 100, 7481
2026/09/18 00:46:29.345, 160.03, 99, 7481
2026/09/18 00:46:30.353, 160.88, 100, 7481
2026/09/18 00:46:31.353, 160.46, 100, 7481
2026/09/18 00:46:32.354, 159.74, 98, 7481
2026/09/18 00:46:33.354, 160.66, 100, 7481
2026/09/18 00:46:34.354, 161.12, 100, 7481
2026/09/18 00:46:35.363, 160.43, 99, 7481
2026/09/18 00:46:36.363, 161.08, 100, 7481
2026/09/18 00:46:37.363, 160.95, 100, 7501
2026/09/18 00:46:38.363, 160.35, 98, 7501
2026/09/18 00:46:39.363, 161.32, 100, 7501
2026/09/18 00:46:40.364, 161.04, 100, 7501
2026/09/18 00:46:41.364, 160.33, 99, 7501
2026/09/18 00:46:42.364, 160.84, 100, 7501
2026/09/18 00:46:43.364, 160.74, 100, 7501
2026/09/18 00:46:44.365, 159.98, 98, 7501
2026/09/18 00:46:45.365, 161.45, 100, 7501
2026/09/18 00:46:46.365, 160.33, 100, 7501
2026/09/18 00:46:47.365, 160.13, 99, 7501
2026/09/18 00:46:48.366, 161.39, 100, 7501
2026/09/18 00:46:49.366, 160.83, 100, 7501
2026/09/18 00:46:50.366, 160.29, 98, 7501
2026/09/18 00:46:51.366, 161.35, 100, 7501
2026/09/18 00:46:52.366, 160.35, 100, 7501
2026/09/18 00:46:53.367, 160.23, 99, 7501
2026/09/18 00:46:54.367, 161.41, 100, 7501
2026/09/18 00:46:55.367, 160.87, 100, 7501
2026/09/18 00:46:56.367, 160.58, 98, 7501
2026/09/18 00:46:57.367, 161.10, 100, 7501
2026/09/18 00:46:58.368, 160.35, 100, 7501
2026/09/18 00:46:59.368, 160.56, 100, 7501
2026/09/18 00:47:00.368, 161.36, 100, 7501
2026/09/18 00:47:01.368, 160.63, 100, 7501
2026/09/18 00:47:02.368, 160.46, 100, 7501
2026/09/18 00:47:03.369, 161.59, 100, 7501
2026/09/18 00:47:04.369, 160.65, 100, 7501
2026/09/18 00:47:05.369, 160.97, 100, 7501
2026/09/18 00:47:06.369, 162.03, 100, 7501
2026/09/18 00:47:07.369, 160.64, 100, 7501
2026/09/18 00:47:08.370, 160.53, 100, 7501
2026/09/18 00:47:09.370, 161.74, 100, 7501
2026/09/18 00:47:10.370, 160.01, 100, 7501
2026/09/18 00:47:11.370, 161.07, 100, 7501
2026/09/18 00:47:12.370, 161.62, 100, 7501
2026/09/18 00:47:13.371, 160.95, 100, 7501
2026/09/18 00:47:14.371, 160.62, 100, 7501
2026/09/18 00:47:15.371, 162.16, 100, 7501
2026/09/18 00:47:16.371, 160.67, 100, 7501
2026/09/18 00:47:17.371, 160.94, 100, 7501
2026/09/18 00:47:18.372, 162.18, 100, 7501
2026/09/18 00:47:19.372, 160.93, 100, 7501
2026/09/18 00:47:20.372, 161.20, 100, 7501
2026/09/18 00:47:21.372, 161.74, 100, 7501
2026/09/18 00:47:22.372, 160.49, 100, 7501
2026/09/18 00:47:23.373, 161.08, 100, 7501
2026/09/18 00:47:24.373, 161.99, 100, 7501
2026/09/18 00:47:25.373, 160.46, 100, 7501
2026/09/18 00:47:26.373, 160.68, 100, 7501
2026/09/18 00:47:27.373, 161.60, 100, 7501
2026/09/18 00:47:28.374, 160.60, 100, 7501
2026/09/18 00:47:29.374, 161.02, 100, 7501
2026/09/18 00:47:30.374, 161.31, 100, 7501
2026/09/18 00:47:31.374, 159.33, 100, 7501
2026/09/18 00:47:32.375, 160.74, 100, 7501
2026/09/18 00:47:33.375, 161.36, 100, 7501
2026/09/18 00:47:34.375, 160.50, 100, 7501
2026/09/18 00:47:35.375, 160.85, 100, 7501
2026/09/18 00:47:36.375, 160.80, 100, 7501
2026/09/18 00:47:37.376, 160.54, 100, 7501
2026/09/18 00:47:38.376, 160.68, 100, 7501
2026/09/18 00:47:39.376, 161.68, 100, 7501
2026/09/18 00:47:40.376, 160.23, 100, 7501
2026/09/18 00:47:41.385, 160.80, 100, 7501
2026/09/18 00:47:42.385, 161.85, 100, 7501
2026/09/18 00:47:43.385, 160.29, 100, 7501
2026/09/18 00:47:44.386, 160.73, 100, 7501
2026/09/18 00:47:45.386, 161.94, 100, 7501
2026/09/18 00:47:46.386, 160.44, 99, 7501
2026/09/18 00:47:47.386, 161.19, 100, 7501
2026/09/18 00:47:48.386, 161.61, 100, 7501
2026/09/18 00:47:49.387, 160.11, 98, 7501
2026/09/18 00:47:50.387, 161.45, 100, 7501
2026/09/18 00:47:51.387, 161.19, 100, 7501
2026/09/18 00:47:52.387, 160.06, 99, 7501
2026/09/18 00:47:53.388, 161.12, 100, 7501
2026/09/18 00:47:54.388, 160.91, 100, 7501
2026/09/18 00:47:55.388, 159.82, 98, 7501
2026/09/18 00:47:56.397, 160.96, 100, 7501
2026/09/18 00:47:57.397, 161.21, 100, 7501
2026/09/18 00:47:58.397, 158.64, 86, 7501
2026/09/18 00:47:59.397, 38.60, 0, 7501
2026/09/18 00:48:00.397, 27.20, 0, 7501
2026/09/18 00:48:01.406, 21.49, 0, 7501
2026/09/18 00:48:02.406, 63.27, 0, 7501
2026/09/18 00:48:03.407, 51.94, 0, 7501
2026/09/18 00:48:04.407, 26.89, 0, 7501
2026/09/18 00:48:05.407, 46.78, 0, 7501
2026/09/18 00:48:06.416, 47.98, 0, 7501
2026/09/18 00:48:07.416, 26.11, 0, 7501
2026/09/18 00:48:08.416, 46.89, 0, 7501
2026/09/18 00:48:09.416, 27.36, 0, 7501
2026/09/18 00:48:10.417, 27.17, 0, 7501
2026/09/18 00:48:11.425, 48.51, 7, 7501
2026/09/18 00:48:12.425, 28.88, 0, 7501
2026/09/18 00:48:13.426, 25.75, 0, 7501
2026/09/18 00:48:14.426, 25.49, 48, 7501
2026/09/18 00:48:15.426, 59.47, 0, 7501
2026/09/18 00:48:16.435, 26.72, 0, 7501
2026/09/18 00:48:17.435, 21.38, 0, 7501
2026/09/18 00:48:18.435, 60.40, 0, 7501
2026/09/18 00:48:19.435, 26.84, 0, 7501
2026/09/18 00:48:20.435, 22.84, 0, 7503
2026/09/18 00:48:21.436, 80.80, 100, 7503
2026/09/18 00:48:22.436, 155.16, 99, 7503
2026/09/18 00:48:23.436, 155.72, 100, 7503
2026/09/18 00:48:24.436, 157.15, 99, 7503
2026/09/18 00:48:25.436, 161.04, 100, 7503
2026/09/18 00:48:26.437, 159.43, 99, 7503
2026/09/18 00:48:27.437, 156.30, 100, 7503
2026/09/18 00:48:28.437, 156.35, 100, 7503
2026/09/18 00:48:29.437, 156.98, 100, 7503
2026/09/18 00:48:30.438, 161.87, 99, 7503
2026/09/18 00:48:31.438, 161.03, 100, 7503
2026/09/18 00:48:32.438, 157.10, 100, 7503
2026/09/18 00:48:33.438, 157.25, 100, 7503
2026/09/18 00:48:34.438, 157.56, 98, 7503
2026/09/18 00:48:35.439, 161.98, 100, 7503
2026/09/18 00:48:36.439, 161.58, 100, 7503
2026/09/18 00:48:37.439, 157.63, 99, 7503
2026/09/18 00:48:38.439, 157.57, 99, 7503
2026/09/18 00:48:39.439, 158.15, 100, 7503
2026/09/18 00:48:40.440, 161.31, 100, 7503
2026/09/18 00:48:41.440, 161.76, 99, 7503
2026/09/18 00:48:42.449, 157.46, 100, 7503
2026/09/18 00:48:43.449, 157.21, 100, 7503
2026/09/18 00:48:44.449, 157.28, 100, 7503
2026/09/18 00:48:45.449, 161.14, 100, 7503
2026/09/18 00:48:46.449, 162.29, 100, 7503
2026/09/18 00:48:47.450, 158.82, 100, 7503
2026/09/18 00:48:48.450, 158.33, 99, 7503
2026/09/18 00:48:49.450, 158.42, 99, 7503
2026/09/18 00:48:50.450, 160.82, 100, 7503
2026/09/18 00:48:51.450, 162.73, 99, 7503
2026/09/18 00:48:52.450, 159.32, 99, 7503
2026/09/18 00:48:53.451, 157.93, 100, 7503
2026/09/18 00:48:54.451, 158.19, 100, 7503
2026/09/18 00:48:55.451, 160.67, 100, 7503
2026/09/18 00:48:56.451, 162.47, 100, 7503
2026/09/18 00:48:57.451, 160.49, 100, 7503
2026/09/18 00:48:58.452, 159.00, 100, 7503
2026/09/18 00:48:59.452, 159.15, 100, 7503
2026/09/18 00:49:00.452, 160.29, 100, 7503
2026/09/18 00:49:01.452, 163.74, 99, 7503
2026/09/18 00:49:02.453, 161.62, 100, 7503
2026/09/18 00:49:03.453, 159.12, 99, 7503
2026/09/18 00:49:04.453, 159.16, 100, 7503
2026/09/18 00:49:05.453, 160.24, 100, 7503
2026/09/18 00:49:06.453, 162.95, 100, 7503
2026/09/18 00:49:07.453, 161.52, 100, 7503
2026/09/18 00:49:08.462, 159.49, 100, 7503
2026/09/18 00:49:09.462, 159.47, 100, 7503
2026/09/18 00:49:10.463, 160.04, 100, 7503
2026/09/18 00:49:11.463, 163.64, 99, 7503
2026/09/18 00:49:12.463, 162.33, 100, 7503
2026/09/18 00:49:13.463, 159.16, 100, 7503
2026/09/18 00:49:14.464, 159.05, 99, 7503
2026/09/18 00:49:15.464, 159.35, 98, 7503
2026/09/18 00:49:16.464, 163.17, 100, 7503
2026/09/18 00:49:17.464, 162.87, 99, 7503
2026/09/18 00:49:18.473, 159.39, 99, 7503
2026/09/18 00:49:19.473, 159.36, 100, 7503
2026/09/18 00:49:20.473, 159.68, 100, 7503
2026/09/18 00:49:21.473, 162.59, 99, 7503
2026/09/18 00:49:22.474, 163.32, 100, 7503
2026/09/18 00:49:23.482, 159.99, 100, 7503
2026/09/18 00:49:24.482, 158.97, 100, 7503
2026/09/18 00:49:25.483, 159.47, 99, 7503
2026/09/18 00:49:26.483, 161.91, 100, 7503
2026/09/18 00:49:27.483, 163.30, 99, 7503
2026/09/18 00:49:28.483, 160.47, 99, 7503
2026/09/18 00:49:29.483, 159.48, 99, 7503
2026/09/18 00:49:30.484, 159.11, 100, 7503
2026/09/18 00:49:31.484, 161.45, 99, 7503
2026/09/18 00:49:32.484, 163.45, 100, 7503
2026/09/18 00:49:33.484, 160.79, 100, 7503
2026/09/18 00:49:34.484, 159.50, 100, 7503
2026/09/18 00:49:35.485, 159.19, 100, 7503
2026/09/18 00:49:36.485, 160.47, 100, 7503
2026/09/18 00:49:37.485, 163.46, 99, 7503
2026/09/18 00:49:38.485, 161.35, 100, 7503
2026/09/18 00:49:39.485, 158.93, 99, 7503
2026/09/18 00:49:40.486, 158.89, 100, 7503
2026/09/18 00:49:41.486, 159.88, 99, 7503
2026/09/18 00:49:42.486, 163.71, 100, 7503
2026/09/18 00:49:43.486, 162.74, 99, 7503
2026/09/18 00:49:44.486, 159.99, 100, 7503
2026/09/18 00:49:45.487, 159.65, 100, 7503
2026/09/18 00:49:46.487, 160.37, 100, 7503
2026/09/18 00:49:47.487, 163.80, 99, 7503
2026/09/18 00:49:48.487, 162.83, 100, 7503
2026/09/18 00:49:49.487, 160.02, 100, 7503
2026/09/18 00:49:50.496, 160.06, 99, 7503
2026/09/18 00:49:51.496, 160.10, 100, 7503
2026/09/18 00:49:52.496, 47.00, 100, 7503
2026/09/18 00:49:53.497, 160.78, 100, 7503
2026/09/18 00:49:54.497, 160.02, 100, 7503
2026/09/18 00:49:55.497, 160.62, 100, 7503
2026/09/18 00:49:56.497, 160.90, 100, 7503
2026/09/18 00:49:57.498, 159.72, 100, 7503
2026/09/18 00:49:58.498, 160.44, 100, 7503
2026/09/18 00:49:59.498, 161.41, 100, 7503
2026/09/18 00:50:00.498, 159.89, 99, 7503
2026/09/18 00:50:01.498, 160.99, 100, 7503
2026/09/18 00:50:02.499, 161.00, 100, 7503
2026/09/18 00:50:03.499, 160.22, 99, 7503
2026/09/18 00:50:04.499, 160.91, 100, 7503
2026/09/18 00:50:05.499, 161.51, 100, 7503
2026/09/18 00:50:06.500, 159.60, 98, 7503
2026/09/18 00:50:07.500, 160.55, 100, 7503
2026/09/18 00:50:08.500, 161.07, 100, 7503
2026/09/18 00:50:09.500, 160.06, 99, 7503
2026/09/18 00:50:10.501, 160.82, 100, 7503
2026/09/18 00:50:11.501, 160.86, 100, 7503
2026/09/18 00:50:12.501, 159.86, 98, 7503
2026/09/18 00:50:13.501, 160.67, 100, 7503
2026/09/18 00:50:14.501, 161.35, 100, 7503
2026/09/18 00:50:15.502, 160.23, 99, 7503
2026/09/18 00:50:16.502, 160.85, 100, 7503
2026/09/18 00:50:17.502, 161.10, 100, 7503
2026/09/18 00:50:18.502, 159.50, 98, 7503
2026/09/18 00:50:19.502, 160.83, 100, 7503
2026/09/18 00:50:20.503, 161.48, 100, 7503
2026/09/18 00:50:21.503, 160.23, 99, 7503
2026/09/18 00:50:22.503, 161.02, 100, 7503
2026/09/18 00:50:23.503, 160.74, 100, 7503
2026/09/18 00:50:24.503, 159.91, 98, 7503
2026/09/18 00:50:25.504, 161.01, 100, 7503
2026/09/18 00:50:26.504, 159.64, 100, 7503
2026/09/18 00:50:27.504, 160.31, 99, 7503
2026/09/18 00:50:28.504, 161.07, 100, 7503
2026/09/18 00:50:29.504, 161.42, 100, 7503
2026/09/18 00:50:30.505, 159.97, 98, 7503
2026/09/18 00:50:31.505, 159.82, 100, 7503
2026/09/18 00:50:32.505, 160.89, 100, 7503
2026/09/18 00:50:33.505, 160.35, 99, 7503
2026/09/18 00:50:34.506, 161.22, 100, 7503
2026/09/18 00:50:35.506, 161.24, 100, 7503
2026/09/18 00:50:36.506, 158.74, 90, 7503
2026/09/18 00:50:37.506, 159.94, 100, 7503
2026/09/18 00:50:38.506, 160.60, 100, 7503
2026/09/18 00:50:39.507, 160.29, 98, 7503
2026/09/18 00:50:40.507, 161.12, 100, 7503
2026/09/18 00:50:41.507, 160.91, 100, 7503
2026/09/18 00:50:42.507, 158.99, 98, 7503
2026/09/18 00:50:43.508, 160.75, 100, 7503
2026/09/18 00:50:44.508, 161.30, 100, 7503
2026/09/18 00:50:45.508, 160.18, 99, 7503
2026/09/18 00:50:46.508, 161.66, 100, 7503
2026/09/18 00:50:47.508, 159.79, 100, 7503
2026/09/18 00:50:48.509, 160.07, 98, 7503
2026/09/18 00:50:49.509, 161.08, 100, 7503
2026/09/18 00:50:50.509, 160.91, 100, 7503
2026/09/18 00:50:51.509, 160.24, 98, 7503
2026/09/18 00:50:52.510, 160.56, 100, 7503
2026/09/18 00:50:53.510, 161.32, 100, 7503
2026/09/18 00:50:54.510, 159.85, 98, 7503
2026/09/18 00:50:55.510, 160.92, 100, 7503
2026/09/18 00:50:56.510, 161.01, 100, 7503
2026/09/18 00:50:57.519, 160.58, 99, 7503
2026/09/18 00:50:58.519, 161.36, 100, 7503
2026/09/18 00:50:59.519, 161.39, 100, 7503
2026/09/18 00:51:00.520, 160.19, 98, 7503
2026/09/18 00:51:01.520, 161.10, 100, 7503
2026/09/18 00:51:02.520, 161.37, 100, 7503
2026/09/18 00:51:03.520, 160.46, 99, 7503
2026/09/18 00:51:04.521, 161.79, 100, 7503
2026/09/18 00:51:05.521, 161.27, 100, 7503
2026/09/18 00:51:06.521, 160.16, 98, 7503
2026/09/18 00:51:07.521, 160.99, 100, 7503
2026/09/18 00:51:08.521, 161.20, 100, 7503
2026/09/18 00:51:09.522, 160.77, 99, 7503
2026/09/18 00:51:10.522, 161.55, 100, 7503
2026/09/18 00:51:11.522, 160.88, 100, 7503
2026/09/18 00:51:12.522, 160.16, 98, 7503
2026/09/18 00:51:13.522, 161.05, 100, 7503
2026/09/18 00:51:14.523, 161.32, 100, 7503
2026/09/18 00:51:15.523, 160.83, 99, 7503
2026/09/18 00:51:16.523, 161.72, 100, 7503
2026/09/18 00:51:17.523, 161.34, 100, 7503
2026/09/18 00:51:18.524, 160.71, 98, 7503
2026/09/18 00:51:19.524, 161.31, 100, 7503
2026/09/18 00:51:20.524, 160.80, 100, 7503
2026/09/18 00:51:21.524, 160.90, 98, 7503
2026/09/18 00:51:22.524, 161.57, 100, 7503
2026/09/18 00:51:23.525, 160.66, 100, 7503
2026/09/18 00:51:24.525, 160.28, 98, 7503
2026/09/18 00:51:25.525, 161.37, 100, 7503
2026/09/18 00:51:26.525, 160.57, 100, 7503
2026/09/18 00:51:27.525, 160.72, 98, 7503
2026/09/18 00:51:28.526, 161.39, 100, 7503
2026/09/18 00:51:29.526, 161.05, 100, 7503
2026/09/18 00:51:30.526, 160.66, 98, 7503
2026/09/18 00:51:31.526, 161.22, 100, 7503
2026/09/18 00:51:32.526, 160.77, 100, 7503
2026/09/18 00:51:33.527, 160.58, 99, 7503
2026/09/18 00:51:34.527, 161.45, 100, 7503
2026/09/18 00:51:35.527, 160.77, 100, 7503
2026/09/18 00:51:36.527, 160.52, 99, 7503
2026/09/18 00:51:37.536, 161.51, 100, 7503
2026/09/18 00:51:38.536, 159.82, 98, 7503
2026/09/18 00:51:39.536, 161.70, 100, 7503
2026/09/18 00:51:40.537, 161.45, 100, 7503
2026/09/18 00:51:41.537, 160.38, 99, 7503
2026/09/18 00:51:42.537, 161.18, 100, 7503
2026/09/18 00:51:43.537, 161.37, 100, 7503
2026/09/18 00:51:44.538, 160.11, 98, 7503
2026/09/18 00:51:45.538, 160.90, 100, 7503
2026/09/18 00:51:46.538, 160.98, 100, 7503
2026/09/18 00:51:47.538, 159.13, 98, 7503
2026/09/18 00:51:48.538, 161.08, 100, 7503
2026/09/18 00:51:49.539, 161.30, 100, 7503
2026/09/18 00:51:50.539, 159.90, 98, 7503
2026/09/18 00:51:51.539, 160.98, 100, 7503
2026/09/18 00:51:52.539, 159.79, 100, 7503
2026/09/18 00:51:53.539, 160.62, 99, 7503
2026/09/18 00:51:54.540, 161.41, 100, 7503
2026/09/18 00:51:55.540, 161.23, 100, 7503
2026/09/18 00:51:56.540, 160.12, 98, 7503
2026/09/18 00:51:57.540, 161.13, 100, 7503
2026/09/18 00:51:58.541, 161.57, 100, 7503
2026/09/18 00:51:59.541, 160.70, 99, 7503
2026/09/18 00:52:00.541, 161.52, 100, 7503
2026/09/18 00:52:01.541, 160.82, 100, 7503
2026/09/18 00:52:02.541, 160.26, 98, 7503
2026/09/18 00:52:03.542, 161.01, 100, 7503
2026/09/18 00:52:04.542, 161.15, 100, 7503
2026/09/18 00:52:05.542, 160.43, 99, 7503
2026/09/18 00:52:06.542, 161.38, 100, 7503
2026/09/18 00:52:07.542, 160.60, 100, 7503
2026/09/18 00:52:08.543, 160.00, 98, 7503
2026/09/18 00:52:09.543, 161.52, 100, 7503
2026/09/18 00:52:10.543, 161.19, 100, 7503
2026/09/18 00:52:11.543, 160.62, 99, 7503
2026/09/18 00:52:12.543, 161.23, 100, 7503
2026/09/18 00:52:13.544, 160.89, 100, 7503
2026/09/18 00:52:14.544, 160.27, 98, 7503
2026/09/18 00:52:15.544, 161.16, 100, 7503
2026/09/18 00:52:16.544, 160.83, 100, 7503
2026/09/18 00:52:17.545, 160.37, 99, 7503
2026/09/18 00:52:18.553, 161.66, 100, 7503
2026/09/18 00:52:19.553, 161.00, 100, 7503
2026/09/18 00:52:20.554, 160.38, 98, 7503
2026/09/18 00:52:21.554, 161.10, 100, 7503
2026/09/18 00:52:22.554, 160.61, 100, 7503
2026/09/18 00:52:23.555, 160.35, 99, 7503
2026/09/18 00:52:24.555, 161.48, 100, 7503
2026/09/18 00:52:25.555, 161.02, 100, 7503
2026/09/18 00:52:26.555, 160.26, 100, 7503
2026/09/18 00:52:27.556, 163.91, 100, 7503
2026/09/18 00:52:28.556, 161.49, 100, 7503
2026/09/18 00:52:29.556, 159.68, 100, 7503
2026/09/18 00:52:30.556, 159.85, 99, 7503
2026/09/18 00:52:31.556, 161.51, 99, 7503
2026/09/18 00:52:32.556, 163.85, 100, 7503
2026/09/18 00:52:33.565, 161.61, 99, 7503
2026/09/18 00:52:34.565, 159.29, 99, 7503
2026/09/18 00:52:35.566, 159.32, 100, 7503
2026/09/18 00:52:36.566, 159.96, 100, 7503
2026/09/18 00:52:37.566, 164.28, 100, 7503
2026/09/18 00:52:38.566, 163.04, 100, 7503
2026/09/18 00:52:39.567, 160.23, 100, 7503
2026/09/18 00:52:40.567, 160.28, 100, 7503
2026/09/18 00:52:41.567, 160.17, 98, 7503
2026/09/18 00:52:42.567, 163.67, 100, 7503
2026/09/18 00:52:43.576, 163.10, 100, 7503
2026/09/18 00:52:44.576, 160.12, 99, 7503
2026/09/18 00:52:45.576, 160.24, 100, 7503
2026/09/18 00:52:46.577, 159.88, 100, 7503
2026/09/18 00:52:47.577, 163.29, 99, 7503
2026/09/18 00:52:48.585, 164.13, 100, 7503
2026/09/18 00:52:49.586, 160.21, 100, 7503
2026/09/18 00:52:50.586, 160.58, 100, 7503
2026/09/18 00:52:51.586, 160.33, 100, 7503
2026/09/18 00:52:52.586, 162.93, 100, 7503
2026/09/18 00:52:53.595, 164.12, 100, 7503
2026/09/18 00:52:54.595, 160.36, 100, 7503
2026/09/18 00:52:55.595, 159.38, 99, 7503
2026/09/18 00:52:56.596, 159.43, 100, 7503
2026/09/18 00:52:57.596, 161.76, 99, 7503
2026/09/18 00:52:58.596, 164.10, 100, 7503
2026/09/18 00:52:59.596, 161.28, 100, 7503
2026/09/18 00:53:00.596, 159.67, 100, 7503
2026/09/18 00:53:01.597, 159.35, 100, 7503
2026/09/18 00:53:02.597, 161.70, 100, 7503
2026/09/18 00:53:03.606, 164.24, 99, 7503
2026/09/18 00:53:04.606, 161.58, 100, 7503
2026/09/18 00:53:05.606, 159.52, 100, 7503
2026/09/18 00:53:06.606, 159.17, 99, 7503
2026/09/18 00:53:07.606, 160.52, 99, 7503
2026/09/18 00:53:08.607, 164.19, 100, 7503
2026/09/18 00:53:09.607, 162.57, 99, 7503
2026/09/18 00:53:10.607, 160.23, 100, 7503
2026/09/18 00:53:11.607, 159.98, 100, 7503
2026/09/18 00:53:12.607, 160.66, 100, 7503
2026/09/18 00:53:13.616, 164.12, 99, 7503
2026/09/18 00:53:14.616, 163.21, 100, 7503
2026/09/18 00:53:15.616, 160.27, 100, 7503
2026/09/18 00:53:16.617, 160.25, 99, 7503
2026/09/18 00:53:17.617, 160.20, 98, 7503
2026/09/18 00:53:18.617, 163.73, 100, 7503
2026/09/18 00:53:19.617, 163.32, 100, 7503
2026/09/18 00:53:20.617, 159.94, 99, 7503
2026/09/18 00:53:21.618, 160.18, 100, 7503
2026/09/18 00:53:22.618, 159.77, 100, 7503
2026/09/18 00:53:23.618, 162.94, 99, 7503
2026/09/18 00:53:24.618, 164.04, 100, 7503
2026/09/18 00:53:25.618, 160.38, 100, 7503
2026/09/18 00:53:26.618, 160.28, 100, 7503
2026/09/18 00:53:27.619, 160.07, 99, 7503
2026/09/18 00:53:28.619, 162.27, 100, 7503
2026/09/18 00:53:29.619, 163.98, 99, 7503
2026/09/18 00:53:30.619, 160.31, 99, 7503
2026/09/18 00:53:31.619, 160.22, 99, 7503
2026/09/18 00:53:32.620, 160.30, 100, 7503
2026/09/18 00:53:33.620, 162.03, 99, 7503
2026/09/18 00:53:34.620, 164.09, 100, 7503
2026/09/18 00:53:35.620, 161.51, 100, 7503
2026/09/18 00:53:36.621, 160.52, 100, 7503
2026/09/18 00:53:37.621, 160.23, 100, 7503
2026/09/18 00:53:38.621, 161.75, 100, 7503
2026/09/18 00:53:39.621, 164.03, 99, 7503
2026/09/18 00:53:40.621, 162.15, 100, 7503
2026/09/18 00:53:41.621, 159.76, 99, 7503
2026/09/18 00:53:42.622, 160.19, 99, 7503
2026/09/18 00:53:43.622, 161.15, 99, 7503
2026/09/18 00:53:44.622, 164.06, 100, 7503
2026/09/18 00:53:45.622, 162.23, 99, 7503
2026/09/18 00:53:46.622, 160.20, 100, 7503
2026/09/18 00:53:47.623, 160.16, 100, 7503
2026/09/18 00:53:48.631, 160.74, 100, 7503
2026/09/18 00:53:49.632, 163.89, 99, 7503
2026/09/18 00:53:50.632, 163.08, 100, 7503
2026/09/18 00:53:51.632, 160.13, 100, 7503
2026/09/18 00:53:52.632, 159.39, 99, 7503
2026/09/18 00:53:53.641, 159.15, 98, 7503
2026/09/18 00:53:54.641, 163.13, 100, 7503
2026/09/18 00:53:55.641, 163.31, 99, 7503
2026/09/18 00:53:56.642, 160.09, 99, 7503
2026/09/18 00:53:57.642, 160.25, 100, 7503
2026/09/18 00:53:58.642, 160.10, 100, 7503
2026/09/18 00:53:59.642, 48.88, 27, 7503
2026/09/18 00:54:00.642, 150.33, 100, 7503
2026/09/18 00:54:01.643, 160.42, 100, 7503
2026/09/18 00:54:02.643, 159.38, 98, 7503
2026/09/18 00:54:03.643, 160.51, 100, 7503
2026/09/18 00:54:04.643, 160.82, 100, 7503
2026/09/18 00:54:05.644, 160.26, 99, 7503
2026/09/18 00:54:06.644, 161.02, 100, 7503
2026/09/18 00:54:07.644, 160.85, 100, 7503
2026/09/18 00:54:08.653, 159.64, 98, 7503
2026/09/18 00:54:09.653, 160.72, 100, 7503
2026/09/18 00:54:10.653, 160.90, 100, 7503
2026/09/18 00:54:11.653, 160.39, 99, 7503
2026/09/18 00:54:12.654, 161.38, 100, 7503
2026/09/18 00:54:13.662, 161.45, 100, 7503
2026/09/18 00:54:14.663, 160.03, 98, 7503
2026/09/18 00:54:15.663, 160.70, 100, 7503
2026/09/18 00:54:16.663, 160.73, 100, 7503
2026/09/18 00:54:17.663, 160.22, 99, 7503
2026/09/18 00:54:18.672, 161.66, 100, 7503
2026/09/18 00:54:19.672, 161.06, 100, 7503
2026/09/18 00:54:20.672, 159.91, 98, 7503
2026/09/18 00:54:21.672, 160.62, 100, 7503
2026/09/18 00:54:22.673, 161.18, 100, 7503
2026/09/18 00:54:23.681, 160.29, 99, 7503
2026/09/18 00:54:24.681, 161.11, 100, 7503
2026/09/18 00:54:25.682, 161.19, 100, 7503
2026/09/18 00:54:26.682, 159.95, 98, 7503
2026/09/18 00:54:27.682, 160.87, 100, 7503
2026/09/18 00:54:28.691, 161.06, 100, 7503
2026/09/18 00:54:29.691, 160.26, 99, 7503
2026/09/18 00:54:30.691, 161.70, 100, 7503
2026/09/18 00:54:31.691, 160.52, 100, 7503
2026/09/18 00:54:32.692, 160.39, 98, 7503
2026/09/18 00:54:33.692, 161.08, 100, 7503
2026/09/18 00:54:34.692, 161.07, 100, 7503
2026/09/18 00:54:35.692, 160.75, 99, 7503
2026/09/18 00:54:36.692, 161.77, 100, 7503
2026/09/18 00:54:37.693, 161.03, 100, 7503
2026/09/18 00:54:38.693, 160.05, 98, 7503
2026/09/18 00:54:39.693, 161.19, 100, 7503
2026/09/18 00:54:40.693, 160.61, 100, 7503
2026/09/18 00:54:41.694, 160.54, 99, 7503
2026/09/18 00:54:42.694, 161.40, 100, 7503
2026/09/18 00:54:43.694, 160.62, 100, 7503
2026/09/18 00:54:44.694, 160.27, 98, 7503
2026/09/18 00:54:45.694, 161.63, 100, 7503
2026/09/18 00:54:46.695, 160.71, 100, 7503
2026/09/18 00:54:47.695, 160.37, 100, 7503
2026/09/18 00:54:48.695, 161.54, 100, 7503
2026/09/18 00:54:49.695, 160.26, 100, 7503
2026/09/18 00:54:50.695, 160.24, 100, 7503
2026/09/18 00:54:51.696, 161.66, 100, 7503
2026/09/18 00:54:52.696, 160.55, 100, 7503
2026/09/18 00:54:53.696, 160.48, 100, 7503
2026/09/18 00:54:54.696, 161.45, 100, 7503
2026/09/18 00:54:55.697, 159.75, 100, 7503
2026/09/18 00:54:56.697, 160.17, 100, 7503
2026/09/18 00:54:57.697, 161.37, 100, 7503
2026/09/18 00:54:58.697, 160.82, 100, 7503
2026/09/18 00:54:59.697, 160.57, 100, 7503
2026/09/18 00:55:00.698, 161.41, 100, 7503
2026/09/18 00:55:01.698, 160.37, 100, 7503
2026/09/18 00:55:02.698, 160.21, 100, 7503
2026/09/18 00:55:03.698, 161.24, 100, 7503
2026/09/18 00:55:04.699, 160.53, 100, 7503
2026/09/18 00:55:05.699, 160.93, 100, 7503
2026/09/18 00:55:06.699, 161.10, 100, 7503
2026/09/18 00:55:07.699, 160.62, 100, 7503
2026/09/18 00:55:08.699, 160.66, 100, 7503
2026/09/18 00:55:09.700, 161.21, 100, 7503
2026/09/18 00:55:10.700, 159.48, 100, 7503
2026/09/18 00:55:11.700, 160.99, 100, 7503
2026/09/18 00:55:12.700, 161.41, 100, 7503
2026/09/18 00:55:13.700, 160.34, 100, 7503
2026/09/18 00:55:14.700, 160.37, 100, 7503
2026/09/18 00:55:15.701, 161.75, 100, 7503
2026/09/18 00:55:16.701, 160.53, 100, 7503
2026/09/18 00:55:17.701, 160.98, 100, 7503
2026/09/18 00:55:18.701, 161.50, 100, 7503
2026/09/18 00:55:19.701, 160.20, 100, 7503
2026/09/18 00:55:20.702, 159.33, 100, 7503
2026/09/18 00:55:21.702, 161.24, 100, 7503
2026/09/18 00:55:22.702, 160.42, 100, 7503
2026/09/18 00:55:23.702, 160.65, 100, 7503
2026/09/18 00:55:24.702, 161.61, 100, 7503
2026/09/18 00:55:25.703, 159.98, 100, 7503
2026/09/18 00:55:26.703, 159.47, 100, 7503
2026/09/18 00:55:27.703, 160.74, 100, 7503
2026/09/18 00:55:28.703, 160.37, 100, 7503
2026/09/18 00:55:29.704, 160.77, 100, 7503
2026/09/18 00:55:30.704, 160.94, 100, 7503
2026/09/18 00:55:31.704, 160.43, 100, 7503
2026/09/18 00:55:32.704, 160.21, 100, 7503
2026/09/18 00:55:33.704, 161.48, 100, 7503
2026/09/18 00:55:34.705, 160.30, 100, 7503
2026/09/18 00:55:35.705, 161.32, 100, 7503
2026/09/18 00:55:36.706, 161.43, 100, 7503
2026/09/18 00:55:37.706, 160.08, 99, 7503
2026/09/18 00:55:38.707, 160.32, 100, 7503
2026/09/18 00:55:39.707, 160.90, 100, 7503
2026/09/18 00:55:40.707, 159.80, 99, 7503
2026/09/18 00:55:41.716, 160.86, 100, 7503
2026/09/18 00:55:42.716, 160.76, 100, 7503
2026/09/18 00:55:43.716, 159.52, 98, 7503
2026/09/18 00:55:44.716, 160.62, 100, 7503
2026/09/18 00:55:45.716, 161.45, 100, 7503
2026/09/18 00:55:46.725, 160.09, 99, 7503
2026/09/18 00:55:47.725, 161.19, 100, 7503
2026/09/18 00:55:48.726, 160.62, 100, 7503
2026/09/18 00:55:49.726, 159.65, 98, 7503
2026/09/18 00:55:50.726, 160.60, 100, 7503
2026/09/18 00:55:51.735, 160.74, 100, 7503
2026/09/18 00:55:52.735, 160.29, 99, 7503
2026/09/18 00:55:53.735, 161.24, 100, 7503
2026/09/18 00:55:54.735, 161.16, 100, 7503
2026/09/18 00:55:55.735, 159.62, 98, 7503
2026/09/18 00:55:56.736, 160.71, 100, 7503
2026/09/18 00:55:57.736, 160.78, 100, 7503
2026/09/18 00:55:58.736, 160.09, 99, 7503
2026/09/18 00:55:59.736, 160.93, 100, 7503
2026/09/18 00:56:00.737, 160.63, 100, 7503
2026/09/18 00:56:01.745, 159.80, 98, 7503
2026/09/18 00:56:02.745, 160.64, 100, 7503
2026/09/18 00:56:03.746, 160.98, 100, 7503
2026/09/18 00:56:04.746, 160.09, 99, 7503
2026/09/18 00:56:05.746, 160.92, 100, 7503
2026/09/18 00:56:06.755, 160.58, 100, 7503
2026/09/18 00:56:07.755, 159.88, 98, 7503
2026/09/18 00:56:08.755, 161.30, 100, 7503
2026/09/18 00:56:09.755, 160.41, 100, 7503
2026/09/18 00:56:10.756, 160.18, 99, 7503
2026/09/18 00:56:11.756, 161.05, 100, 7503
2026/09/18 00:56:12.756, 160.78, 100, 7503
2026/09/18 00:56:13.756, 159.98, 98, 7503
2026/09/18 00:56:14.757, 160.69, 100, 7503
2026/09/18 00:56:15.757, 160.87, 100, 7503
2026/09/18 00:56:16.757, 160.28, 98, 7503
2026/09/18 00:56:17.757, 161.08, 100, 7503
2026/09/18 00:56:18.757, 160.38, 100, 7503
2026/09/18 00:56:19.758, 159.87, 98, 7503
2026/09/18 00:56:20.758, 161.29, 100, 7503
2026/09/18 00:56:21.758, 160.49, 100, 7503
2026/09/18 00:56:22.758, 160.68, 98, 7503
2026/09/18 00:56:23.759, 161.08, 100, 7503
2026/09/18 00:56:24.759, 160.34, 100, 7503
2026/09/18 00:56:25.759, 160.19, 98, 7503
2026/09/18 00:56:26.759, 161.00, 100, 7503
2026/09/18 00:56:27.759, 160.87, 100, 7503
2026/09/18 00:56:28.760, 160.35, 99, 7503
2026/09/18 00:56:29.760, 161.09, 100, 7503
2026/09/18 00:56:30.760, 160.25, 100, 7503
2026/09/18 00:56:31.760, 160.13, 98, 7503
2026/09/18 00:56:32.761, 160.88, 100, 7503
2026/09/18 00:56:33.761, 160.33, 100, 7503
2026/09/18 00:56:34.761, 161.88, 100, 7503
2026/09/18 00:56:35.761, 163.51, 99, 7503
2026/09/18 00:56:36.761, 159.21, 100, 7503
2026/09/18 00:56:37.762, 158.69, 100, 7503
2026/09/18 00:56:38.762, 158.83, 100, 7503
2026/09/18 00:56:39.762, 162.07, 100, 7503
2026/09/18 00:56:40.762, 163.37, 100, 7503
2026/09/18 00:56:41.763, 160.17, 100, 7503
2026/09/18 00:56:42.763, 159.46, 99, 7503
2026/09/18 00:56:43.763, 158.92, 100, 7503
2026/09/18 00:56:44.763, 161.35, 99, 7503
2026/09/18 00:56:45.763, 163.57, 100, 7503
2026/09/18 00:56:46.764, 160.98, 100, 7503
2026/09/18 00:56:47.764, 158.94, 100, 7503
2026/09/18 00:56:48.764, 158.77, 100, 7503
2026/09/18 00:56:49.764, 161.10, 100, 7503
2026/09/18 00:56:50.764, 163.65, 100, 7503
2026/09/18 00:56:51.765, 160.92, 100, 7503
2026/09/18 00:56:52.773, 158.81, 100, 7503
2026/09/18 00:56:53.774, 159.38, 99, 7503
2026/09/18 00:56:54.774, 160.78, 99, 7503
2026/09/18 00:56:55.774, 163.55, 100, 7503
2026/09/18 00:56:56.774, 161.48, 99, 7503
2026/09/18 00:56:57.774, 158.83, 100, 7503
2026/09/18 00:56:58.775, 158.62, 100, 7503
2026/09/18 00:56:59.775, 159.58, 100, 7503
2026/09/18 00:57:00.775, 163.51, 99, 7503
2026/09/18 00:57:01.775, 162.40, 100, 7503
2026/09/18 00:57:02.775, 158.76, 100, 7503
2026/09/18 00:57:03.776, 158.73, 99, 7503
2026/09/18 00:57:04.776, 158.41, 98, 7503
2026/09/18 00:57:05.776, 162.89, 100, 7503
2026/09/18 00:57:06.776, 163.00, 99, 7503
2026/09/18 00:57:07.776, 158.81, 99, 7503
2026/09/18 00:57:08.777, 159.02, 100, 7503
2026/09/18 00:57:09.777, 158.71, 100, 7503
2026/09/18 00:57:10.777, 162.43, 99, 7503
2026/09/18 00:57:11.777, 163.61, 100, 7503
2026/09/18 00:57:12.778, 159.01, 100, 7503
2026/09/18 00:57:13.778, 158.61, 100, 7503
2026/09/18 00:57:14.778, 158.68, 99, 7503
2026/09/18 00:57:15.787, 162.02, 100, 7503
2026/09/18 00:57:16.787, 163.54, 99, 7503
2026/09/18 00:57:17.787, 160.25, 99, 7503
2026/09/18 00:57:18.787, 158.91, 100, 7503
2026/09/18 00:57:19.787, 158.70, 100, 7503
2026/09/18 00:57:20.796, 161.19, 100, 7503
2026/09/18 00:57:21.796, 163.68, 100, 7503
2026/09/18 00:57:22.797, 161.08, 100, 7503
2026/09/18 00:57:23.797, 158.80, 100, 7503
2026/09/18 00:57:24.797, 158.94, 100, 7503
2026/09/18 00:57:25.797, 160.17, 100, 7503
2026/09/18 00:57:26.797, 163.67, 99, 7503
2026/09/18 00:57:27.798, 161.99, 100, 7503
2026/09/18 00:57:28.798, 159.73, 99, 7503
2026/09/18 00:57:29.798, 159.70, 100, 7503
2026/09/18 00:57:30.798, 160.38, 100, 7503
2026/09/18 00:57:31.798, 163.48, 100, 7503
2026/09/18 00:57:32.799, 162.54, 100, 7503
2026/09/18 00:57:33.799, 159.91, 100, 7503
2026/09/18 00:57:34.799, 160.01, 100, 7503
2026/09/18 00:57:35.808, 160.05, 100, 7503
2026/09/18 00:57:36.808, 163.59, 99, 7503
2026/09/18 00:57:37.808, 163.10, 100, 7503
2026/09/18 00:57:38.808, 159.83, 100, 7503
2026/09/18 00:57:39.809, 159.85, 99, 7503
2026/09/18 00:57:40.809, 159.61, 100, 7503
2026/09/18 00:57:41.809, 162.93, 100, 7503
2026/09/18 00:57:42.809, 163.31, 99, 7503
2026/09/18 00:57:43.810, 159.36, 100, 7503
2026/09/18 00:57:44.810, 159.01, 100, 7503
2026/09/18 00:57:45.819, 158.84, 100, 7503
2026/09/18 00:57:46.819, 162.56, 100, 7503
2026/09/18 00:57:47.819, 163.66, 100, 7503
2026/09/18 00:57:48.819, 159.92, 100, 7503
2026/09/18 00:57:49.819, 159.10, 99, 7503
2026/09/18 00:57:50.820, 158.94, 99, 7503
2026/09/18 00:57:51.820, 161.66, 100, 7503
2026/09/18 00:57:52.820, 163.62, 99, 7503
2026/09/18 00:57:53.820, 160.34, 99, 7503
2026/09/18 00:57:54.820, 158.98, 100, 7503
2026/09/18 00:57:55.821, 158.94, 100, 7503
2026/09/18 00:57:56.821, 160.85, 100, 7503
2026/09/18 00:57:57.821, 163.56, 100, 7503
2026/09/18 00:57:58.821, 161.07, 100, 7503
2026/09/18 00:57:59.822, 158.85, 100, 7503
2026/09/18 00:58:00.822, 159.09, 99, 7503
2026/09/18 00:58:01.822, 160.20, 99, 7503
2026/09/18 00:58:02.822, 163.89, 100, 7503
2026/09/18 00:58:03.822, 162.19, 99, 7503
2026/09/18 00:58:04.823, 159.88, 100, 7503
2026/09/18 00:58:05.823, 160.03, 100, 7503
2026/09/18 00:58:06.823, 134.84, 29, 7503
2026/09/18 00:58:07.823, 69.85, 100, 7503
2026/09/18 00:58:08.823, 159.65, 98, 7503
2026/09/18 00:58:09.824, 160.50, 100, 7503
2026/09/18 00:58:10.824, 160.11, 100, 7503
2026/09/18 00:58:11.824, 159.67, 99, 7503
2026/09/18 00:58:12.824, 160.95, 100, 7503
2026/09/18 00:58:13.824, 160.57, 100, 7503
2026/09/18 00:58:14.825, 159.60, 98, 7503
2026/09/18 00:58:15.825, 161.04, 100, 7503
2026/09/18 00:58:16.825, 160.20, 100, 7503
2026/09/18 00:58:17.825, 160.06, 99, 7503
2026/09/18 00:58:18.825, 160.96, 100, 7503
2026/09/18 00:58:19.826, 160.20, 100, 7503
2026/09/18 00:58:20.826, 159.58, 98, 7503
2026/09/18 00:58:21.826, 160.95, 100, 7503
2026/09/18 00:58:22.826, 160.52, 100, 7503
2026/09/18 00:58:23.826, 159.88, 99, 7503
2026/09/18 00:58:24.827, 160.90, 100, 7503
2026/09/18 00:58:25.827, 160.03, 100, 7503
2026/09/18 00:58:26.827, 159.77, 98, 7503
2026/09/18 00:58:27.827, 160.82, 100, 7503
2026/09/18 00:58:28.827, 160.04, 100, 7503
2026/09/18 00:58:29.828, 160.64, 100, 7503
2026/09/18 00:58:30.828, 161.20, 100, 7503
2026/09/18 00:58:31.828, 160.65, 100, 7503
2026/09/18 00:58:32.828, 160.14, 100, 7503
2026/09/18 00:58:33.829, 161.30, 100, 7503
2026/09/18 00:58:34.829, 160.36, 100, 7503
2026/09/18 00:58:35.829, 160.91, 100, 7503
2026/09/18 00:58:36.838, 161.71, 100, 7503
2026/09/18 00:58:37.838, 160.02, 100, 7503
2026/09/18 00:58:38.838, 160.02, 100, 7503
2026/09/18 00:58:39.838, 160.84, 100, 7503
2026/09/18 00:58:40.838, 160.36, 100, 7503
2026/09/18 00:58:41.839, 160.73, 100, 7503
2026/09/18 00:58:42.839, 160.84, 100, 7503
2026/09/18 00:58:43.839, 160.26, 100, 7503
2026/09/18 00:58:44.839, 160.12, 100, 7503
2026/09/18 00:58:45.840, 161.49, 100, 7503
2026/09/18 00:58:46.840, 159.92, 100, 7503
2026/09/18 00:58:47.840, 160.24, 100, 7503
2026/09/18 00:58:48.840, 161.48, 100, 7503
2026/09/18 00:58:49.840, 160.12, 100, 7503
2026/09/18 00:58:50.841, 160.36, 100, 7503
2026/09/18 00:58:51.841, 161.13, 100, 7503
2026/09/18 00:58:52.841, 159.85, 100, 7503
2026/09/18 00:58:53.841, 160.28, 100, 7503
2026/09/18 00:58:54.841, 161.29, 100, 7503
2026/09/18 00:58:55.842, 160.00, 99, 7503
2026/09/18 00:58:56.842, 160.32, 100, 7503
2026/09/18 00:58:57.842, 160.70, 100, 7503
2026/09/18 00:58:58.842, 160.15, 99, 7503
2026/09/18 00:58:59.842, 161.10, 100, 7503
2026/09/18 00:59:00.843, 160.30, 100, 7503
2026/09/18 00:59:01.843, 159.99, 99, 7503
2026/09/18 00:59:02.843, 160.39, 100, 7503
2026/09/18 00:59:03.843, 161.38, 100, 7503
2026/09/18 00:59:04.843, 160.02, 99, 7503
2026/09/18 00:59:05.852, 160.61, 100, 7503
2026/09/18 00:59:06.852, 160.90, 100, 7503
2026/09/18 00:59:07.853, 159.44, 98, 7503
2026/09/18 00:59:08.853, 160.31, 100, 7503
2026/09/18 00:59:09.853, 160.78, 100, 7503
2026/09/18 00:59:10.853, 159.87, 98, 7503
2026/09/18 00:59:11.854, 161.35, 100, 7503
2026/09/18 00:59:12.854, 160.58, 100, 7503
2026/09/18 00:59:13.854, 159.45, 98, 7503
2026/09/18 00:59:14.854, 161.28, 100, 7503
2026/09/18 00:59:15.863, 161.18, 100, 7503
2026/09/18 00:59:16.863, 160.08, 99, 7503
2026/09/18 00:59:17.863, 160.73, 100, 7503
2026/09/18 00:59:18.863, 160.60, 100, 7503
2026/09/18 00:59:19.864, 159.33, 98, 7503
2026/09/18 00:59:20.872, 160.50, 100, 7503
2026/09/18 00:59:21.873, 160.85, 100, 7503
2026/09/18 00:59:22.873, 159.55, 99, 7503
2026/09/18 00:59:23.873, 160.91, 100, 7503
2026/09/18 00:59:24.873, 160.81, 100, 7503
2026/09/18 00:59:25.873, 159.56, 98, 7503
2026/09/18 00:59:26.874, 160.40, 100, 7503
2026/09/18 00:59:27.874, 160.87, 100, 7503
2026/09/18 00:59:28.874, 159.84, 98, 7503
2026/09/18 00:59:29.874, 160.73, 100, 7503
2026/09/18 00:59:30.875, 160.88, 100, 7503
2026/09/18 00:59:31.875, 159.57, 98, 7503
2026/09/18 00:59:32.875, 160.61, 100, 7503
2026/09/18 00:59:33.875, 160.90, 100, 7503
2026/09/18 00:59:34.875, 160.24, 99, 7503
2026/09/18 00:59:35.875, 160.90, 100, 7503
2026/09/18 00:59:36.876, 160.59, 100, 7503
2026/09/18 00:59:37.876, 160.10, 98, 7503
2026/09/18 00:59:38.876, 160.79, 100, 7503
2026/09/18 00:59:39.876, 160.87, 100, 7503
2026/09/18 00:59:40.877, 160.20, 98, 7503
2026/09/18 00:59:41.877, 160.93, 100, 7503
2026/09/18 00:59:42.877, 160.83, 100, 7503
2026/09/18 00:59:43.877, 160.05, 98, 7503
2026/09/18 00:59:44.877, 160.77, 100, 7503
2026/09/18 00:59:45.877, 159.39, 100, 7503
2026/09/18 00:59:46.878, 160.19, 99, 7503
2026/09/18 00:59:47.878, 161.15, 100, 7503
2026/09/18 00:59:48.878, 160.53, 100, 7503
2026/09/18 00:59:49.878, 159.94, 98, 7503
2026/09/18 00:59:50.878, 159.75, 100, 7503
2026/09/18 00:59:51.879, 161.23, 100, 7503
2026/09/18 00:59:52.879, 160.87, 98, 7503
2026/09/18 00:59:53.879, 160.92, 100, 7503
2026/09/18 00:59:54.879, 160.49, 100, 7503
2026/09/18 00:59:55.879, 158.93, 89, 7503
2026/09/18 00:59:56.880, 159.80, 100, 7503
2026/09/18 00:59:57.880, 160.75, 100, 7503
2026/09/18 00:59:58.880, 160.34, 98, 7503
2026/09/18 00:59:59.880, 161.16, 100, 7503
2026/09/18 01:00:00.880, 160.22, 100, 7503
2026/09/18 01:00:01.881, 158.72, 98, 7503
2026/09/18 01:00:02.881, 160.77, 100, 7503
2026/09/18 01:00:03.881, 160.10, 100, 7503
2026/09/18 01:00:04.881, 160.16, 99, 7503
2026/09/18 01:00:05.882, 161.23, 100, 7503
2026/09/18 01:00:06.882, 160.54, 100, 7503
2026/09/18 01:00:07.882, 160.22, 98, 7503
2026/09/18 01:00:08.882, 160.79, 100, 7503
2026/09/18 01:00:09.882, 160.71, 100, 7503
2026/09/18 01:00:10.883, 160.28, 99, 7503
2026/09/18 01:00:11.883, 159.90, 100, 7503
2026/09/18 01:00:12.883, 160.13, 100, 7503
2026/09/18 01:00:13.883, 160.02, 98, 7503
2026/09/18 01:00:14.884, 160.96, 100, 7503
2026/09/18 01:00:15.884, 160.19, 100, 7503
2026/09/18 01:00:16.892, 160.06, 100, 7503
2026/09/18 01:00:17.893, 160.90, 100, 7503
2026/09/18 01:00:18.893, 160.28, 100, 7503
2026/09/18 01:00:19.893, 159.96, 100, 7503
2026/09/18 01:00:20.893, 161.06, 100, 7503
2026/09/18 01:00:21.902, 160.49, 100, 7503
2026/09/18 01:00:22.902, 160.61, 100, 7503
2026/09/18 01:00:23.902, 161.09, 100, 7503
2026/09/18 01:00:24.902, 160.47, 100, 7503
2026/09/18 01:00:25.903, 160.36, 100, 7503
2026/09/18 01:00:26.911, 161.69, 100, 7503
2026/09/18 01:00:27.911, 160.12, 100, 7503
2026/09/18 01:00:28.912, 160.54, 100, 7503
2026/09/18 01:00:29.912, 161.62, 100, 7503
2026/09/18 01:00:30.912, 160.21, 100, 7503
2026/09/18 01:00:31.921, 160.22, 100, 7503
2026/09/18 01:00:32.921, 161.39, 100, 7503
2026/09/18 01:00:33.921, 160.15, 100, 7503
2026/09/18 01:00:34.921, 160.66, 100, 7503
2026/09/18 01:00:35.922, 161.13, 100, 7503
2026/09/18 01:00:36.930, 160.03, 100, 7503
2026/09/18 01:00:37.930, 160.06, 100, 7503
2026/09/18 01:00:38.931, 161.37, 100, 7503
2026/09/18 01:00:39.931, 160.13, 100, 7503
2026/09/18 01:00:40.931, 160.62, 100, 7503
2026/09/18 01:00:41.931, 160.20, 100, 7503
2026/09/18 01:00:42.931, 163.60, 100, 7503
2026/09/18 01:00:43.932, 162.33, 100, 7503
2026/09/18 01:00:44.932, 159.45, 100, 7503
2026/09/18 01:00:45.932, 159.98, 100, 7503
2026/09/18 01:00:46.941, 160.21, 100, 7503
2026/09/18 01:00:47.941, 163.52, 99, 7503
2026/09/18 01:00:48.941, 162.69, 100, 7503
2026/09/18 01:00:49.941, 159.86, 100, 7503
2026/09/18 01:00:50.942, 160.11, 99, 7503
2026/09/18 01:00:51.950, 159.83, 98, 7503
2026/09/18 01:00:52.950, 165.19, 100, 7503
2026/09/18 01:00:53.951, 164.70, 100, 7503
2026/09/18 01:00:54.951, 160.07, 99, 7503
2026/09/18 01:00:55.951, 160.13, 100, 7503
2026/09/18 01:00:56.960, 160.12, 100, 7503
2026/09/18 01:00:57.960, 164.24, 99, 7503
2026/09/18 01:00:58.960, 164.39, 100, 7503
2026/09/18 01:00:59.960, 160.70, 100, 7503
2026/09/18 01:01:00.961, 160.10, 100, 7503
2026/09/18 01:01:01.961, 160.30, 100, 7503
2026/09/18 01:01:02.961, 163.11, 100, 7503
2026/09/18 01:01:03.961, 163.72, 100, 7503
2026/09/18 01:01:04.961, 160.88, 100, 7503
2026/09/18 01:01:05.962, 159.92, 99, 7503
2026/09/18 01:01:06.962, 159.82, 99, 7503
2026/09/18 01:01:07.962, 162.17, 100, 7503
2026/09/18 01:01:08.962, 163.87, 99, 7503
2026/09/18 01:01:09.962, 161.28, 99, 7503
2026/09/18 01:01:10.963, 160.18, 100, 7503
2026/09/18 01:01:11.963, 160.18, 100, 7503
2026/09/18 01:01:12.963, 161.99, 100, 7503
2026/09/18 01:01:13.963, 163.92, 100, 7503
2026/09/18 01:01:14.964, 161.80, 100, 7503
2026/09/18 01:01:15.964, 160.18, 100, 7503
2026/09/18 01:01:16.964, 160.31, 100, 7503
2026/09/18 01:01:17.964, 161.39, 100, 7503
2026/09/18 01:01:18.964, 163.74, 99, 7503
2026/09/18 01:01:19.965, 162.07, 100, 7503
2026/09/18 01:01:20.965, 160.14, 99, 7503
2026/09/18 01:01:21.974, 160.07, 100, 7503
2026/09/18 01:01:22.974, 161.33, 100, 7503
2026/09/18 01:01:23.974, 163.79, 100, 7503
2026/09/18 01:01:24.974, 162.38, 100, 7503
2026/09/18 01:01:25.974, 160.13, 100, 7503
2026/09/18 01:01:26.983, 160.27, 100, 7503
2026/09/18 01:01:27.983, 161.02, 100, 7503
2026/09/18 01:01:28.983, 164.06, 99, 7503
2026/09/18 01:01:29.984, 162.89, 100, 7503
2026/09/18 01:01:30.984, 160.17, 100, 7503
2026/09/18 01:01:31.993, 160.03, 99, 7503
2026/09/18 01:01:32.993, 160.48, 98, 7503
2026/09/18 01:01:33.993, 164.08, 100, 7503
2026/09/18 01:01:34.993, 163.44, 100, 7503
2026/09/18 01:01:35.993, 160.03, 99, 7503
2026/09/18 01:01:37.002, 160.13, 100, 7503
2026/09/18 01:01:38.002, 160.20, 100, 7503
2026/09/18 01:01:39.002, 163.32, 99, 7503
2026/09/18 01:01:40.003, 163.51, 100, 7503
2026/09/18 01:01:41.003, 160.07, 100, 7503
2026/09/18 01:01:42.012, 160.02, 100, 7503
2026/09/18 01:01:43.012, 159.93, 100, 7503
2026/09/18 01:01:44.012, 163.05, 100, 7503
2026/09/18 01:01:45.012, 163.83, 100, 7503
2026/09/18 01:01:46.012, 160.68, 100, 7503
2026/09/18 01:01:47.013, 160.04, 99, 7503
2026/09/18 01:01:48.013, 159.99, 100, 7503
2026/09/18 01:01:49.013, 162.41, 99, 7503
2026/09/18 01:01:50.013, 163.73, 100, 7503
2026/09/18 01:01:51.013, 160.91, 99, 7503
2026/09/18 01:01:52.014, 159.92, 100, 7503
2026/09/18 01:01:53.014, 160.05, 100, 7503
2026/09/18 01:01:54.014, 162.11, 100, 7503
2026/09/18 01:01:55.014, 163.66, 100, 7503
2026/09/18 01:01:56.014, 161.48, 100, 7503
2026/09/18 01:01:57.023, 159.92, 100, 7503
2026/09/18 01:01:58.023, 160.11, 100, 7503
2026/09/18 01:01:59.024, 161.75, 100, 7503
2026/09/18 01:02:00.024, 163.81, 100, 7503
2026/09/18 01:02:01.024, 161.84, 100, 7503
2026/09/18 01:02:02.033, 159.99, 100, 7503
2026/09/18 01:02:03.033, 160.35, 99, 7503
2026/09/18 01:02:04.033, 161.38, 99, 7503
2026/09/18 01:02:05.033, 164.21, 100, 7503
2026/09/18 01:02:06.034, 162.29, 99, 7503
2026/09/18 01:02:07.042, 160.16, 99, 7503
2026/09/18 01:02:08.042, 160.19, 100, 7503
2026/09/18 01:02:09.043, 161.14, 100, 7503
2026/09/18 01:02:10.043, 164.13, 100, 7503
2026/09/18 01:02:11.043, 162.72, 100, 7503
2026/09/18 01:02:12.052, 160.15, 100, 7503
2026/09/18 01:02:13.052, 160.17, 100, 7503
2026/09/18 01:02:14.052, 149.24, 34, 7503
2026/09/18 01:02:15.052, 59.50, 100, 7503
2026/09/18 01:02:16.053, 160.29, 100, 7503
2026/09/18 01:02:17.061, 159.83, 100, 7503
2026/09/18 01:02:18.062, 161.04, 100, 7503
2026/09/18 01:02:19.062, 160.00, 100, 7503
2026/09/18 01:02:20.062, 160.08, 100, 7503
2026/09/18 01:02:21.062, 160.98, 100, 7503
2026/09/18 01:02:22.063, 160.35, 100, 7503
2026/09/18 01:02:23.063, 160.21, 100, 7503
2026/09/18 01:02:24.063, 161.16, 100, 7503
2026/09/18 01:02:25.063, 160.37, 100, 7503
2026/09/18 01:02:26.063, 160.44, 100, 7503
2026/09/18 01:02:27.064, 161.33, 100, 7503
2026/09/18 01:02:28.064, 160.24, 100, 7503
2026/09/18 01:02:29.064, 160.29, 100, 7503
2026/09/18 01:02:30.064, 161.01, 100, 7503
2026/09/18 01:02:31.065, 160.20, 100, 7503
2026/09/18 01:02:32.073, 160.91, 100, 7503
2026/09/18 01:02:33.073, 161.15, 100, 7503
2026/09/18 01:02:34.074, 160.29, 100, 7503
2026/09/18 01:02:35.074, 160.57, 100, 7503
2026/09/18 01:02:36.074, 161.53, 100, 7503
2026/09/18 01:02:37.074, 160.18, 100, 7503
2026/09/18 01:02:38.075, 161.05, 100, 7503
2026/09/18 01:02:39.075, 160.97, 100, 7503
2026/09/18 01:02:40.075, 160.00, 99, 7503
2026/09/18 01:02:41.075, 160.13, 100, 7503
2026/09/18 01:02:42.075, 160.73, 100, 7503
2026/09/18 01:02:43.076, 160.04, 99, 7503
2026/09/18 01:02:44.076, 160.69, 100, 7503
2026/09/18 01:02:45.076, 161.35, 100, 7503
2026/09/18 01:02:46.076, 159.83, 98, 7503
2026/09/18 01:02:47.085, 161.56, 100, 7503
2026/09/18 01:02:48.085, 161.32, 100, 7503
2026/09/18 01:02:49.085, 160.04, 99, 7503
2026/09/18 01:02:50.086, 161.48, 100, 7503
2026/09/18 01:02:51.086, 161.57, 100, 7503
2026/09/18 01:02:52.094, 159.79, 98, 7503
2026/09/18 01:02:53.095, 161.56, 100, 7503
2026/09/18 01:02:54.095, 161.09, 100, 7503
2026/09/18 01:02:55.095, 160.09, 99, 7503
2026/09/18 01:02:56.095, 160.95, 100, 7503
2026/09/18 01:02:57.096, 160.80, 100, 7503
2026/09/18 01:02:58.096, 159.83, 98, 7503
2026/09/18 01:02:59.096, 160.88, 100, 7503
2026/09/18 01:03:00.096, 160.80, 100, 7503
2026/09/18 01:03:01.096, 160.25, 98, 7503
2026/09/18 01:03:02.096, 161.22, 100, 7503
2026/09/18 01:03:03.097, 160.71, 100, 7503
2026/09/18 01:03:04.097, 160.02, 98, 7503
2026/09/18 01:03:05.097, 160.70, 100, 7503
2026/09/18 01:03:06.097, 160.45, 100, 7503
2026/09/18 01:03:07.097, 160.37, 98, 7503
2026/09/18 01:03:08.098, 161.14, 100, 7503
2026/09/18 01:03:09.098, 161.03, 100, 7503
2026/09/18 01:03:10.098, 159.57, 98, 7503
2026/09/18 01:03:11.098, 160.88, 100, 7503
2026/09/18 01:03:12.098, 161.14, 100, 7503
2026/09/18 01:03:13.099, 160.32, 99, 7503
2026/09/18 01:03:14.099, 161.16, 100, 7503
2026/09/18 01:03:15.099, 160.36, 100, 7503
2026/09/18 01:03:16.099, 159.93, 98, 7503
2026/09/18 01:03:17.099, 160.40, 100, 7503
2026/09/18 01:03:18.100, 159.62, 100, 7503
2026/09/18 01:03:19.100, 160.00, 98, 7503
2026/09/18 01:03:20.100, 160.99, 100, 7503
2026/09/18 01:03:21.100, 160.71, 100, 7503
2026/09/18 01:03:22.100, 160.05, 98, 7503
2026/09/18 01:03:23.101, 160.85, 100, 7503
2026/09/18 01:03:24.101, 160.90, 100, 7503
2026/09/18 01:03:25.101, 160.51, 99, 7503
2026/09/18 01:03:26.101, 161.28, 100, 7503
2026/09/18 01:03:27.102, 160.53, 100, 7503
2026/09/18 01:03:28.102, 159.15, 90, 7503
2026/09/18 01:03:29.102, 161.31, 100, 7503
2026/09/18 01:03:30.102, 160.70, 100, 7503
2026/09/18 01:03:31.102, 160.22, 99, 7503
2026/09/18 01:03:32.103, 161.13, 100, 7503
2026/09/18 01:03:33.103, 160.39, 100, 7503
2026/09/18 01:03:34.103, 158.88, 98, 7503
2026/09/18 01:03:35.103, 160.92, 100, 7503
2026/09/18 01:03:36.104, 160.47, 100, 7503
2026/09/18 01:03:37.104, 159.85, 98, 7503
2026/09/18 01:03:38.104, 161.14, 100, 7503
2026/09/18 01:03:39.104, 159.72, 100, 7503
2026/09/18 01:03:40.105, 160.07, 98, 7503
2026/09/18 01:03:41.105, 161.26, 100, 7503
2026/09/18 01:03:42.105, 160.90, 100, 7503
2026/09/18 01:03:43.105, 160.08, 99, 7503
2026/09/18 01:03:44.105, 161.01, 100, 7503
2026/09/18 01:03:45.106, 160.57, 100, 7503
2026/09/18 01:03:46.106, 158.88, 90, 7503
2026/09/18 01:03:47.106, 159.54, 100, 7503
2026/09/18 01:03:48.106, 160.68, 100, 7503
2026/09/18 01:03:49.107, 160.45, 99, 7503
2026/09/18 01:03:50.107, 161.43, 100, 7503
2026/09/18 01:03:51.107, 160.24, 100, 7503
2026/09/18 01:03:52.107, 159.25, 98, 7503
2026/09/18 01:03:53.107, 160.62, 100, 7503
2026/09/18 01:03:54.108, 160.15, 100, 7503
2026/09/18 01:03:55.108, 159.89, 99, 7503
2026/09/18 01:03:56.108, 161.12, 100, 7503
2026/09/18 01:03:57.108, 159.58, 100, 7503
2026/09/18 01:03:58.108, 159.98, 98, 7503
2026/09/18 01:03:59.109, 160.82, 100, 7503
2026/09/18 01:04:00.109, 160.33, 100, 7503
2026/09/18 01:04:01.109, 159.97, 99, 7503
2026/09/18 01:04:02.109, 159.90, 100, 7503
2026/09/18 01:04:03.109, 160.41, 100, 7503
2026/09/18 01:04:04.110, 159.40, 98, 7503
2026/09/18 01:04:05.110, 161.16, 100, 7503
2026/09/18 01:04:06.110, 160.19, 100, 7503
2026/09/18 01:04:07.110, 159.26, 99, 7503
2026/09/18 01:04:08.110, 160.96, 100, 7503
2026/09/18 01:04:09.111, 160.54, 100, 7503
2026/09/18 01:04:10.111, 159.97, 98, 7503
2026/09/18 01:04:11.111, 160.70, 100, 7503
2026/09/18 01:04:12.120, 159.63, 98, 7503
2026/09/18 01:04:13.120, 160.27, 100, 7503
2026/09/18 01:04:14.120, 160.89, 100, 7503
2026/09/18 01:04:15.120, 159.89, 98, 7503
2026/09/18 01:04:16.121, 160.69, 100, 7503
2026/09/18 01:04:17.121, 160.69, 100, 7503
2026/09/18 01:04:18.121, 159.49, 98, 7503
2026/09/18 01:04:19.121, 160.45, 100, 7503
2026/09/18 01:04:20.121, 161.14, 100, 7503
2026/09/18 01:04:21.122, 160.02, 99, 7503
2026/09/18 01:04:22.122, 160.80, 100, 7503
2026/09/18 01:04:23.122, 160.60, 100, 7503
2026/09/18 01:04:24.122, 159.64, 98, 7503
2026/09/18 01:04:25.122, 160.61, 100, 7503
2026/09/18 01:04:26.123, 160.83, 100, 7503
2026/09/18 01:04:27.131, 160.31, 99, 7503
2026/09/18 01:04:28.132, 161.02, 100, 7503
2026/09/18 01:04:29.132, 160.97, 100, 7503
2026/09/18 01:04:30.132, 159.83, 98, 7503
2026/09/18 01:04:31.132, 160.53, 100, 7503
2026/09/18 01:04:32.132, 161.11, 100, 7503
2026/09/18 01:04:33.133, 160.03, 98, 7503
2026/09/18 01:04:34.133, 160.98, 100, 7503
2026/09/18 01:04:35.133, 160.66, 100, 7503
2026/09/18 01:04:36.133, 159.88, 98, 7503
2026/09/18 01:04:37.133, 160.72, 100, 7503
2026/09/18 01:04:38.134, 160.94, 100, 7503
2026/09/18 01:04:39.134, 160.26, 99, 7503
2026/09/18 01:04:40.134, 160.96, 100, 7503
2026/09/18 01:04:41.134, 161.01, 100, 7503
2026/09/18 01:04:42.134, 159.84, 98, 7503
2026/09/18 01:04:43.135, 160.79, 100, 7503
2026/09/18 01:04:44.135, 160.92, 100, 7503
2026/09/18 01:04:45.135, 160.23, 99, 7503
2026/09/18 01:04:46.135, 160.99, 100, 7503
2026/09/18 01:04:47.135, 160.86, 100, 7503
2026/09/18 01:04:48.136, 160.13, 98, 7503
2026/09/18 01:04:49.136, 160.69, 100, 7503
2026/09/18 01:04:50.136, 161.49, 100, 7503
2026/09/18 01:04:51.136, 164.15, 100, 7503
2026/09/18 01:04:52.136, 160.27, 100, 7503
2026/09/18 01:04:53.137, 159.59, 99, 7503
2026/09/18 01:04:54.137, 159.94, 100, 7503
2026/09/18 01:04:55.137, 161.90, 99, 7503
2026/09/18 01:04:56.137, 163.52, 100, 7503
2026/09/18 01:04:57.138, 161.21, 99, 7503
2026/09/18 01:04:58.138, 160.02, 100, 7503
2026/09/18 01:04:59.138, 159.93, 100, 7503
2026/09/18 01:05:00.138, 162.16, 100, 7503
2026/09/18 01:05:01.138, 163.96, 100, 7503
2026/09/18 01:05:02.139, 161.65, 100, 7503
2026/09/18 01:05:03.139, 160.12, 100, 7503
2026/09/18 01:05:04.139, 160.12, 99, 7503
2026/09/18 01:05:05.139, 161.22, 100, 7503
2026/09/18 01:05:06.140, 163.90, 99, 7503
2026/09/18 01:05:07.140, 162.06, 100, 7503
2026/09/18 01:05:08.140, 160.27, 99, 7503
2026/09/18 01:05:09.140, 160.29, 100, 7503
2026/09/18 01:05:10.140, 160.96, 100, 7503
2026/09/18 01:05:11.141, 163.75, 100, 7503
2026/09/18 01:05:12.141, 162.60, 100, 7503
2026/09/18 01:05:13.149, 159.85, 100, 7503
2026/09/18 01:05:14.150, 159.94, 100, 7503
2026/09/18 01:05:15.150, 160.26, 100, 7503
2026/09/18 01:05:16.150, 163.86, 99, 7503
2026/09/18 01:05:17.150, 162.98, 100, 7503
2026/09/18 01:05:18.150, 160.11, 100, 7503
2026/09/18 01:05:19.151, 160.10, 99, 7503
2026/09/18 01:05:20.151, 160.13, 100, 7503
2026/09/18 01:05:21.151, 163.39, 100, 7503
2026/09/18 01:05:22.151, 163.54, 99, 7503
2026/09/18 01:05:23.152, 160.23, 100, 7503
2026/09/18 01:05:24.152, 160.13, 100, 7503
2026/09/18 01:05:25.152, 159.94, 100, 7503
2026/09/18 01:05:26.152, 163.30, 99, 7503
2026/09/18 01:05:27.152, 163.99, 100, 7503
2026/09/18 01:05:28.153, 160.48, 100, 7503
2026/09/18 01:05:29.153, 160.01, 100, 7503
2026/09/18 01:05:30.153, 160.26, 99, 7503
2026/09/18 01:05:31.153, 162.91, 100, 7503
2026/09/18 01:05:32.153, 163.96, 99, 7503
2026/09/18 01:05:33.162, 161.39, 99, 7503
2026/09/18 01:05:34.162, 160.30, 99, 7503
2026/09/18 01:05:35.163, 160.03, 100, 7503
2026/09/18 01:05:36.163, 162.02, 99, 7503
2026/09/18 01:05:37.163, 163.78, 100, 7503
2026/09/18 01:05:38.172, 161.33, 100, 7503
2026/09/18 01:05:39.172, 160.04, 100, 7503
2026/09/18 01:05:40.172, 159.79, 100, 7503
2026/09/18 01:05:41.172, 161.61, 100, 7503
2026/09/18 01:05:42.173, 163.80, 99, 7503
2026/09/18 01:05:43.173, 161.60, 100, 7503
2026/09/18 01:05:44.173, 159.95, 99, 7503
2026/09/18 01:05:45.173, 159.84, 99, 7503
2026/09/18 01:05:46.174, 160.83, 99, 7503
2026/09/18 01:05:47.174, 163.89, 100, 7503
2026/09/18 01:05:48.182, 161.91, 99, 7503
2026/09/18 01:05:49.183, 159.93, 100, 7503
2026/09/18 01:05:50.183, 160.11, 100, 7503
2026/09/18 01:05:51.183, 160.80, 100, 7503
2026/09/18 01:05:52.183, 163.78, 99, 7503
2026/09/18 01:05:53.184, 162.98, 100, 7503
2026/09/18 01:05:54.184, 160.19, 100, 7503
2026/09/18 01:05:55.184, 160.06, 100, 7503
2026/09/18 01:05:56.184, 160.04, 98, 7503
2026/09/18 01:05:57.184, 163.55, 100, 7503
2026/09/18 01:05:58.185, 163.29, 100, 7503
2026/09/18 01:05:59.185, 160.20, 99, 7503
2026/09/18 01:06:00.185, 160.25, 100, 7503
2026/09/18 01:06:01.185, 160.20, 100, 7503
2026/09/18 01:06:02.185, 163.11, 99, 7503
2026/09/18 01:06:03.186, 163.88, 100, 7503
2026/09/18 01:06:04.186, 160.69, 100, 7503
2026/09/18 01:06:05.186, 160.09, 100, 7503
2026/09/18 01:06:06.186, 160.14, 100, 7503
2026/09/18 01:06:07.186, 162.68, 100, 7503
2026/09/18 01:06:08.187, 163.91, 100, 7503
2026/09/18 01:06:09.187, 160.65, 100, 7503
2026/09/18 01:06:10.187, 160.06, 99, 7503
2026/09/18 01:06:11.187, 160.13, 100, 7503
2026/09/18 01:06:12.187, 162.40, 99, 7503
2026/09/18 01:06:13.188, 163.83, 100, 7503
2026/09/18 01:06:14.188, 161.50, 100, 7503
2026/09/18 01:06:15.188, 160.09, 100, 7503
2026/09/18 01:06:16.188, 160.23, 100, 7503
2026/09/18 01:06:17.189, 161.93, 100, 7503
2026/09/18 01:06:18.189, 163.83, 100, 7503
2026/09/18 01:06:19.189, 162.03, 100, 7503
2026/09/18 01:06:20.189, 160.15, 100, 7503
2026/09/18 01:06:21.189, 160.04, 99, 7503
2026/09/18 01:06:22.190, 118.58, 29, 7503
2026/09/18 01:06:23.190, 90.18, 98, 7503
2026/09/18 01:06:24.190, 159.96, 100, 7503
2026/09/18 01:06:25.190, 160.68, 100, 7503
2026/09/18 01:06:26.190, 160.34, 99, 7503
2026/09/18 01:06:27.191, 161.07, 100, 7503
2026/09/18 01:06:28.191, 160.54, 100, 7503
2026/09/18 01:06:29.191, 158.91, 89, 7503
2026/09/18 01:06:30.191, 159.74, 100, 7503
2026/09/18 01:06:31.192, 160.29, 100, 7503
2026/09/18 01:06:32.192, 160.40, 99, 7503
2026/09/18 01:06:33.192, 161.16, 100, 7503
2026/09/18 01:06:34.192, 160.24, 100, 7503
2026/09/18 01:06:35.192, 160.21, 98, 7503
2026/09/18 01:06:36.193, 160.99, 100, 7503
2026/09/18 01:06:37.193, 160.57, 100, 7503
2026/09/18 01:06:38.193, 160.45, 99, 7503
2026/09/18 01:06:39.193, 161.05, 100, 7503
2026/09/18 01:06:40.202, 160.15, 100, 7503
2026/09/18 01:06:41.202, 159.80, 100, 7503
2026/09/18 01:06:42.202, 161.10, 100, 7503
2026/09/18 01:06:43.203, 160.44, 100, 7503
2026/09/18 01:06:44.203, 160.41, 100, 7503
2026/09/18 01:06:45.211, 161.02, 100, 7503
2026/09/18 01:06:46.212, 159.93, 100, 7503
2026/09/18 01:06:47.212, 160.22, 100, 7503
2026/09/18 01:06:48.212, 161.43, 100, 7503
2026/09/18 01:06:49.212, 160.56, 100, 7503
2026/09/18 01:06:50.221, 160.81, 100, 7503
2026/09/18 01:06:51.221, 161.71, 100, 7503
2026/09/18 01:06:52.221, 160.37, 100, 7503
2026/09/18 01:06:53.221, 160.36, 100, 7503
2026/09/18 01:06:54.222, 161.13, 100, 7503
2026/09/18 01:06:55.222, 160.27, 100, 7503
2026/09/18 01:06:56.222, 160.63, 100, 7503
2026/09/18 01:06:57.222, 161.14, 100, 7503
2026/09/18 01:06:58.223, 160.14, 100, 7503
2026/09/18 01:06:59.223, 160.27, 100, 7503
2026/09/18 01:07:00.223, 161.25, 100, 7503
2026/09/18 01:07:01.223, 160.52, 100, 7503
2026/09/18 01:07:02.223, 161.08, 100, 7503
2026/09/18 01:07:03.224, 161.20, 100, 7503
2026/09/18 01:07:04.224, 160.24, 99, 7503
2026/09/18 01:07:05.233, 160.60, 100, 7503
2026/09/18 01:07:06.233, 161.74, 100, 7503
2026/09/18 01:07:07.233, 160.45, 98, 7503
2026/09/18 01:07:08.233, 160.99, 100, 7503
2026/09/18 01:07:09.233, 161.56, 100, 7503
2026/09/18 01:07:10.234, 159.93, 98, 7503
2026/09/18 01:07:11.234, 161.41, 100, 7503
2026/09/18 01:07:12.234, 161.53, 100, 7503
2026/09/18 01:07:13.234, 159.83, 99, 7503
2026/09/18 01:07:14.235, 160.86, 100, 7503
2026/09/18 01:07:15.235, 161.39, 100, 7503
2026/09/18 01:07:16.235, 159.84, 98, 7503
2026/09/18 01:07:17.235, 161.74, 100, 7503
2026/09/18 01:07:18.235, 161.41, 100, 7503
2026/09/18 01:07:19.236, 160.15, 98, 7503
2026/09/18 01:07:20.244, 161.50, 100, 7503
2026/09/18 01:07:21.245, 161.35, 100, 7503
2026/09/18 01:07:22.245, 159.91, 98, 7503
2026/09/18 01:07:23.245, 160.92, 100, 7503
2026/09/18 01:07:24.245, 161.41, 100, 7503
2026/09/18 01:07:25.254, 160.29, 99, 7503
2026/09/18 01:07:26.254, 161.10, 100, 7503
2026/09/18 01:07:27.254, 160.82, 100, 7503
2026/09/18 01:07:28.254, 159.93, 98, 7503
2026/09/18 01:07:29.255, 161.09, 100, 7503
2026/09/18 01:07:30.255, 160.77, 100, 7503
2026/09/18 01:07:31.255, 160.24, 99, 7503
2026/09/18 01:07:32.255, 161.20, 100, 7503
2026/09/18 01:07:33.256, 161.29, 100, 7503
2026/09/18 01:07:34.256, 159.79, 98, 7503
2026/09/18 01:07:35.256, 160.79, 100, 7503
2026/09/18 01:07:36.256, 160.72, 100, 7503
2026/09/18 01:07:37.257, 160.27, 98, 7503
2026/09/18 01:07:38.257, 161.16, 100, 7503
2026/09/18 01:07:39.257, 160.74, 100, 7503
2026/09/18 01:07:40.257, 160.17, 98, 7503
2026/09/18 01:07:41.257, 161.08, 100, 7503
2026/09/18 01:07:42.258, 161.21, 100, 7503
2026/09/18 01:07:43.258, 160.58, 99, 7503
2026/09/18 01:07:44.258, 161.29, 100, 7503
2026/09/18 01:07:45.258, 160.98, 100, 7503
2026/09/18 01:07:46.259, 160.40, 98, 7503
2026/09/18 01:07:47.259, 161.12, 100, 7503
2026/09/18 01:07:48.259, 161.01, 100, 7503
2026/09/18 01:07:49.259, 160.59, 99, 7503
2026/09/18 01:07:50.259, 161.58, 100, 7503
2026/09/18 01:07:51.260, 160.82, 100, 7503
2026/09/18 01:07:52.260, 160.06, 98, 7503
2026/09/18 01:07:53.260, 161.52, 100, 7503
2026/09/18 01:07:54.260, 160.61, 100, 7503
2026/09/18 01:07:55.260, 160.63, 99, 7503
2026/09/18 01:07:56.260, 160.35, 100, 7503
2026/09/18 01:07:57.261, 160.71, 100, 7503
2026/09/18 01:07:58.261, 160.03, 98, 7503
2026/09/18 01:07:59.261, 161.46, 100, 7503
2026/09/18 01:08:00.261, 160.79, 100, 7503
2026/09/18 01:08:01.261, 159.59, 99, 7503
2026/09/18 01:08:02.262, 161.31, 100, 7503
2026/09/18 01:08:03.262, 160.82, 100, 7503
2026/09/18 01:08:04.262, 160.00, 98, 7503
2026/09/18 01:08:05.262, 160.86, 100, 7503
2026/09/18 01:08:06.262, 159.31, 100, 7503
2026/09/18 01:08:07.263, 160.48, 99, 7503
2026/09/18 01:08:08.263, 161.14, 100, 7503
2026/09/18 01:08:09.263, 160.49, 100, 7503
2026/09/18 01:08:10.263, 160.13, 98, 7503
2026/09/18 01:08:11.264, 159.99, 100, 7503
2026/09/18 01:08:12.264, 160.68, 100, 7503
2026/09/18 01:08:13.264, 160.33, 99, 7503
2026/09/18 01:08:14.264, 161.44, 100, 7503
2026/09/18 01:08:15.264, 160.98, 100, 7503
2026/09/18 01:08:16.265, 158.85, 90, 7503
2026/09/18 01:08:17.265, 159.68, 100, 7503
2026/09/18 01:08:18.265, 160.84, 100, 7503
2026/09/18 01:08:19.265, 160.39, 99, 7503
2026/09/18 01:08:20.266, 161.19, 100, 7503
2026/09/18 01:08:21.266, 160.79, 100, 7503
2026/09/18 01:08:22.266, 158.93, 98, 7503
2026/09/18 01:08:23.266, 161.05, 100, 7503
2026/09/18 01:08:24.266, 160.54, 100, 7503
2026/09/18 01:08:25.267, 159.99, 99, 7503
2026/09/18 01:08:26.267, 160.97, 100, 7503
2026/09/18 01:08:27.267, 160.23, 100, 7503
2026/09/18 01:08:28.267, 160.07, 98, 7503
2026/09/18 01:08:29.267, 160.82, 100, 7503
2026/09/18 01:08:30.268, 160.55, 100, 7503
2026/09/18 01:08:31.268, 160.04, 98, 7503
2026/09/18 01:08:32.277, 161.18, 100, 7503
2026/09/18 01:08:33.277, 160.77, 100, 7503
2026/09/18 01:08:34.277, 159.82, 98, 7503
2026/09/18 01:08:35.277, 160.90, 100, 7503
2026/09/18 01:08:36.277, 160.12, 100, 7503
2026/09/18 01:08:37.278, 160.68, 99, 7503
2026/09/18 01:08:38.278, 161.40, 100, 7503
2026/09/18 01:08:39.278, 160.57, 100, 7503
2026/09/18 01:08:40.278, 160.08, 99, 7503
2026/09/18 01:08:41.278, 161.14, 100, 7503
2026/09/18 01:08:42.279, 160.26, 100, 7503
2026/09/18 01:08:43.279, 160.19, 100, 7503
2026/09/18 01:08:44.279, 161.26, 100, 7503
2026/09/18 01:08:45.279, 160.36, 100, 7503
2026/09/18 01:08:46.280, 160.13, 100, 7503
2026/09/18 01:08:47.280, 160.83, 100, 7503
2026/09/18 01:08:48.280, 160.35, 100, 7503
2026/09/18 01:08:49.280, 160.23, 100, 7503
2026/09/18 01:08:50.281, 161.68, 100, 7503
2026/09/18 01:08:51.281, 160.25, 100, 7503
2026/09/18 01:08:52.281, 160.27, 100, 7503
2026/09/18 01:08:53.281, 161.25, 100, 7503
2026/09/18 01:08:54.281, 160.61, 100, 7503
2026/09/18 01:08:55.282, 160.87, 100, 7503
2026/09/18 01:08:56.282, 161.65, 100, 7503
2026/09/18 01:08:57.282, 160.22, 100, 7503
2026/09/18 01:08:58.282, 160.24, 100, 7503
2026/09/18 01:08:59.283, 163.64, 99, 7503
2026/09/18 01:09:00.283, 159.60, 100, 7503
2026/09/18 01:09:01.283, 158.95, 100, 7503
2026/09/18 01:09:02.283, 158.83, 100, 7503
2026/09/18 01:09:03.283, 162.23, 100, 7503
2026/09/18 01:09:04.284, 163.65, 100, 7503
2026/09/18 01:09:05.284, 160.63, 100, 7503
2026/09/18 01:09:06.284, 159.98, 99, 7503
2026/09/18 01:09:07.284, 159.89, 99, 7503
2026/09/18 01:09:08.284, 161.96, 100, 7503
2026/09/18 01:09:09.285, 163.76, 99, 7503
2026/09/18 01:09:10.285, 161.10, 99, 7503
2026/09/18 01:09:11.285, 160.04, 100, 7503
2026/09/18 01:09:12.285, 160.11, 100, 7503
2026/09/18 01:09:13.286, 162.00, 100, 7503
2026/09/18 01:09:14.286, 163.96, 100, 7503
2026/09/18 01:09:15.286, 161.65, 100, 7503
2026/09/18 01:09:16.286, 160.03, 100, 7503
2026/09/18 01:09:17.286, 159.96, 99, 7503
2026/09/18 01:09:18.287, 161.27, 100, 7503
2026/09/18 01:09:19.287, 163.78, 99, 7503
2026/09/18 01:09:20.287, 162.34, 100, 7503
2026/09/18 01:09:21.287, 160.13, 99, 7503
2026/09/18 01:09:22.287, 159.97, 100, 7503
2026/09/18 01:09:23.288, 160.77, 100, 7503
2026/09/18 01:09:24.288, 163.80, 100, 7503
2026/09/18 01:09:25.288, 162.89, 100, 7503
2026/09/18 01:09:26.288, 159.94, 100, 7503
2026/09/18 01:09:27.288, 160.06, 100, 7503
2026/09/18 01:09:28.289, 160.34, 99, 7503
2026/09/18 01:09:29.289, 164.03, 99, 7503
2026/09/18 01:09:30.289, 163.01, 100, 7503
2026/09/18 01:09:31.289, 159.74, 100, 7503
2026/09/18 01:09:32.289, 159.71, 99, 7503
2026/09/18 01:09:33.290, 159.99, 100, 7503
2026/09/18 01:09:34.290, 163.10, 100, 7503
2026/09/18 01:09:35.290, 163.61, 99, 7503
2026/09/18 01:09:36.290, 160.21, 100, 7503
2026/09/18 01:09:37.290, 160.02, 100, 7503
2026/09/18 01:09:38.291, 159.88, 100, 7503
2026/09/18 01:09:39.291, 162.90, 99, 7503
2026/09/18 01:09:40.291, 163.74, 100, 7503
2026/09/18 01:09:41.291, 160.34, 100, 7503
2026/09/18 01:09:42.291, 159.98, 100, 7503
2026/09/18 01:09:43.292, 160.12, 99, 7503
2026/09/18 01:09:44.292, 162.26, 100, 7503
2026/09/18 01:09:45.292, 163.66, 99, 7503
2026/09/18 01:09:46.292, 161.17, 99, 7503
2026/09/18 01:09:47.292, 160.01, 100, 7503
2026/09/18 01:09:48.293, 159.90, 100, 7503
2026/09/18 01:09:49.293, 161.82, 100, 7503
2026/09/18 01:09:50.293, 163.76, 100, 7503
2026/09/18 01:09:51.293, 161.47, 100, 7503
2026/09/18 01:09:52.294, 159.91, 100, 7503
2026/09/18 01:09:53.294, 159.71, 100, 7503
2026/09/18 01:09:54.294, 161.08, 100, 7503
2026/09/18 01:09:55.303, 163.59, 99, 7503
2026/09/18 01:09:56.303, 161.73, 100, 7503
2026/09/18 01:09:57.303, 159.83, 99, 7503
2026/09/18 01:09:58.303, 159.93, 100, 7503
2026/09/18 01:09:59.304, 160.74, 100, 7503
2026/09/18 01:10:00.304, 163.60, 100, 7503
2026/09/18 01:10:01.304, 162.19, 100, 7503
2026/09/18 01:10:02.304, 159.82, 100, 7503
2026/09/18 01:10:03.304, 159.82, 100, 7503
2026/09/18 01:10:04.305, 160.23, 100, 7503
2026/09/18 01:10:05.313, 163.60, 99, 7503
2026/09/18 01:10:06.314, 162.80, 100, 7503
2026/09/18 01:10:07.314, 159.85, 100, 7503
2026/09/18 01:10:08.314, 159.86, 99, 7503
2026/09/18 01:10:09.314, 159.77, 100, 7503
2026/09/18 01:10:10.323, 163.31, 100, 7503
2026/09/18 01:10:11.323, 163.45, 99, 7503
2026/09/18 01:10:12.323, 159.93, 100, 7503
2026/09/18 01:10:13.323, 159.74, 100, 7503
2026/09/18 01:10:14.324, 159.93, 100, 7503
2026/09/18 01:10:15.332, 162.70, 99, 7503
2026/09/18 01:10:16.333, 163.51, 100, 7503
2026/09/18 01:10:17.333, 160.24, 100, 7503
2026/09/18 01:10:18.333, 160.23, 100, 7503
2026/09/18 01:10:19.333, 160.11, 99, 7503
2026/09/18 01:10:20.333, 162.15, 100, 7503
2026/09/18 01:10:21.334, 163.53, 99, 7503
2026/09/18 01:10:22.334, 160.44, 99, 7503
2026/09/18 01:10:23.334, 159.78, 99, 7503
2026/09/18 01:10:24.334, 160.01, 100, 7503
2026/09/18 01:10:25.334, 161.80, 99, 7503
2026/09/18 01:10:26.335, 163.55, 100, 7503
2026/09/18 01:10:27.335, 161.19, 100, 7503
2026/09/18 01:10:28.335, 159.96, 100, 7503
2026/09/18 01:10:29.335, 159.91, 100, 7503
2026/09/18 01:10:30.335, 105.07, 9, 7503
2026/09/18 01:10:31.336, 97.67, 100, 7503
2026/09/18 01:10:32.336, 160.76, 100, 7503
2026/09/18 01:10:33.336, 159.47, 98, 7503
2026/09/18 01:10:34.336, 161.19, 100, 7503
2026/09/18 01:10:35.345, 161.12, 100, 7503
2026/09/18 01:10:36.345, 159.57, 99, 7503
2026/09/18 01:10:37.345, 160.59, 100, 7503
2026/09/18 01:10:38.346, 160.62, 100, 7503
2026/09/18 01:10:39.346, 159.48, 98, 7503
2026/09/18 01:10:40.354, 160.45, 100, 7503
2026/09/18 01:10:41.355, 160.52, 100, 7503
2026/09/18 01:10:42.355, 159.71, 98, 7503
2026/09/18 01:10:43.355, 160.72, 100, 7503
2026/09/18 01:10:44.355, 160.47, 100, 7503
2026/09/18 01:10:45.355, 159.32, 98, 7503
2026/09/18 01:10:46.356, 160.27, 100, 7503
2026/09/18 01:10:47.356, 160.55, 100, 7503
2026/09/18 01:10:48.356, 159.84, 99, 7503
2026/09/18 01:10:49.356, 160.75, 100, 7503
2026/09/18 01:10:50.365, 160.08, 100, 7503
2026/09/18 01:10:51.365, 159.48, 98, 7503
2026/09/18 01:10:52.366, 160.65, 100, 7503
2026/09/18 01:10:53.366, 160.68, 100, 7503
2026/09/18 01:10:54.366, 160.20, 99, 7503
2026/09/18 01:10:55.366, 160.91, 100, 7503
2026/09/18 01:10:56.366, 160.87, 100, 7503
2026/09/18 01:10:57.367, 159.85, 98, 7503
2026/09/18 01:10:58.367, 160.60, 100, 7503
2026/09/18 01:10:59.367, 160.60, 100, 7503
2026/09/18 01:11:00.367, 160.10, 98, 7503
2026/09/18 01:11:01.367, 161.08, 100, 7503
2026/09/18 01:11:02.368, 160.56, 100, 7503
2026/09/18 01:11:03.368, 160.16, 98, 7503
2026/09/18 01:11:04.368, 160.60, 100, 7503
2026/09/18 01:11:05.368, 160.57, 100, 7503
2026/09/18 01:11:06.368, 160.07, 99, 7503
2026/09/18 01:11:07.369, 160.99, 100, 7503
2026/09/18 01:11:08.369, 160.47, 100, 7503
2026/09/18 01:11:09.369, 160.20, 98, 7503
2026/09/18 01:11:10.369, 159.71, 100, 7503
2026/09/18 01:11:11.370, 161.09, 100, 7503
2026/09/18 01:11:12.370, 160.34, 99, 7503
2026/09/18 01:11:13.370, 161.23, 100, 7503
2026/09/18 01:11:14.370, 160.80, 100, 7503
2026/09/18 01:11:15.370, 158.85, 90, 7503
2026/09/18 01:11:16.371, 160.12, 100, 7503
2026/09/18 01:11:17.371, 160.84, 100, 7503
2026/09/18 01:11:18.371, 160.29, 99, 7503
2026/09/18 01:11:19.371, 161.53, 100, 7503
2026/09/18 01:11:20.372, 160.60, 100, 7503
2026/09/18 01:11:21.372, 160.45, 98, 7503
2026/09/18 01:11:22.372, 161.06, 100, 7503
2026/09/18 01:11:23.372, 160.33, 100, 7503
2026/09/18 01:11:24.372, 160.27, 99, 7503
2026/09/18 01:11:25.373, 161.31, 100, 7503
2026/09/18 01:11:26.373, 159.22, 100, 7503
2026/09/18 01:11:27.373, 160.11, 98, 7503
2026/09/18 01:11:28.373, 161.01, 100, 7503
2026/09/18 01:11:29.373, 160.29, 100, 7503
2026/09/18 01:11:30.374, 160.26, 99, 7503
2026/09/18 01:11:31.374, 161.45, 100, 7503
2026/09/18 01:11:32.374, 160.28, 100, 7503
2026/09/18 01:11:33.374, 160.73, 98, 7503
2026/09/18 01:11:34.374, 161.01, 100, 7503
2026/09/18 01:11:35.375, 160.73, 100, 7503
2026/09/18 01:11:36.383, 160.50, 99, 7503
2026/09/18 01:11:37.384, 161.26, 100, 7503
2026/09/18 01:11:38.384, 160.60, 100, 7503
2026/09/18 01:11:39.384, 160.60, 100, 7503
2026/09/18 01:11:40.384, 161.31, 100, 7503
2026/09/18 01:11:41.393, 160.72, 100, 7503
2026/09/18 01:11:42.393, 160.45, 100, 7503
2026/09/18 01:11:43.393, 161.35, 100, 7503
2026/09/18 01:11:44.393, 160.71, 100, 7503
2026/09/18 01:11:45.394, 160.38, 100, 7503
2026/09/18 01:11:46.394, 161.93, 100, 7503
2026/09/18 01:11:47.394, 160.23, 100, 7503
2026/09/18 01:11:48.394, 160.82, 100, 7503
2026/09/18 01:11:49.395, 161.83, 100, 7503
2026/09/18 01:11:50.395, 160.70, 100, 7503
2026/09/18 01:11:51.403, 160.62, 100, 7503
2026/09/18 01:11:52.404, 161.52, 100, 7503
2026/09/18 01:11:53.404, 160.56, 100, 7503
2026/09/18 01:11:54.404, 160.71, 100, 7503
2026/09/18 01:11:55.404, 161.17, 100, 7503
2026/09/18 01:11:56.413, 160.44, 100, 7503
2026/09/18 01:11:57.413, 160.63, 100, 7503
2026/09/18 01:11:58.414, 160.96, 100, 7503
2026/09/18 01:11:59.414, 160.35, 99, 7503
2026/09/18 01:12:00.414, 161.07, 100, 7503
2026/09/18 01:12:01.414, 161.10, 100, 7503
2026/09/18 01:12:02.414, 160.26, 98, 7503
2026/09/18 01:12:03.415, 161.16, 100, 7503
2026/09/18 01:12:04.415, 161.58, 100, 7503
2026/09/18 01:12:05.415, 160.20, 98, 7503
2026/09/18 01:12:06.415, 160.63, 100, 7503
2026/09/18 01:12:07.415, 161.33, 100, 7503
2026/09/18 01:12:08.416, 159.45, 98, 7503
2026/09/18 01:12:09.416, 160.57, 100, 7503
2026/09/18 01:12:10.416, 160.77, 100, 7503
2026/09/18 01:12:11.425, 160.08, 99, 7503
2026/09/18 01:12:12.425, 160.90, 100, 7503
2026/09/18 01:12:13.425, 160.71, 100, 7503
2026/09/18 01:12:14.425, 159.48, 98, 7503
2026/09/18 01:12:15.425, 160.30, 100, 7503
2026/09/18 01:12:16.426, 160.88, 100, 7503
2026/09/18 01:12:17.426, 160.10, 99, 7503
2026/09/18 01:12:18.426, 160.81, 100, 7503
2026/09/18 01:12:19.426, 160.87, 100, 7503
2026/09/18 01:12:20.426, 159.61, 98, 7503
2026/09/18 01:12:21.427, 160.60, 100, 7503
2026/09/18 01:12:22.427, 160.47, 100, 7503
2026/09/18 01:12:23.427, 160.27, 99, 7503
2026/09/18 01:12:24.427, 160.89, 100, 7503
2026/09/18 01:12:25.428, 160.52, 100, 7503
2026/09/18 01:12:26.436, 159.95, 98, 7503
2026/09/18 01:12:27.436, 160.97, 100, 7503
2026/09/18 01:12:28.437, 160.56, 100, 7503
2026/09/18 01:12:29.437, 160.37, 99, 7503
2026/09/18 01:12:30.437, 161.51, 100, 7503
2026/09/18 01:12:31.437, 160.70, 100, 7503
2026/09/18 01:12:32.437, 159.88, 98, 7503
2026/09/18 01:12:33.438, 161.34, 100, 7503
2026/09/18 01:12:34.438, 161.07, 100, 7503
2026/09/18 01:12:35.438, 160.51, 99, 7503
2026/09/18 01:12:36.438, 161.39, 100, 7503
2026/09/18 01:12:37.438, 161.02, 100, 7503
2026/09/18 01:12:38.439, 160.00, 98, 7503
2026/09/18 01:12:39.439, 161.38, 100, 7503
2026/09/18 01:12:40.439, 161.05, 100, 7503
2026/09/18 01:12:41.439, 160.60, 99, 7503
2026/09/18 01:12:42.440, 161.51, 100, 7503
2026/09/18 01:12:43.440, 160.64, 100, 7503
2026/09/18 01:12:44.440, 160.52, 98, 7503
2026/09/18 01:12:45.440, 161.22, 100, 7503
2026/09/18 01:12:46.440, 160.89, 100, 7503
2026/09/18 01:12:47.441, 160.80, 99, 7503
2026/09/18 01:12:48.441, 161.44, 100, 7503
2026/09/18 01:12:49.441, 160.78, 100, 7503
2026/09/18 01:12:50.441, 160.49, 98, 7503
2026/09/18 01:12:51.442, 161.45, 100, 7503
2026/09/18 01:12:52.450, 160.86, 100, 7503
2026/09/18 01:12:53.450, 160.67, 99, 7503
2026/09/18 01:12:54.451, 161.32, 100, 7503
2026/09/18 01:12:55.451, 160.93, 100, 7503
2026/09/18 01:12:56.451, 160.35, 100, 7503
2026/09/18 01:12:57.460, 161.38, 100, 7503
2026/09/18 01:12:58.460, 160.52, 100, 7503
2026/09/18 01:12:59.460, 160.39, 100, 7503
2026/09/18 01:13:00.460, 161.43, 100, 7503
2026/09/18 01:13:01.461, 160.20, 100, 7503
2026/09/18 01:13:02.469, 160.58, 100, 7503
2026/09/18 01:13:03.469, 161.79, 100, 7503
2026/09/18 01:13:04.470, 160.40, 100, 7503
2026/09/18 01:13:05.470, 160.98, 100, 7503
2026/09/18 01:13:06.470, 161.64, 100, 7503
2026/09/18 01:13:07.479, 163.93, 99, 7503
2026/09/18 01:13:08.479, 160.46, 99, 7503
2026/09/18 01:13:09.479, 159.43, 100, 7503
2026/09/18 01:13:10.479, 159.09, 100, 7503
2026/09/18 01:13:11.480, 161.07, 100, 7503
2026/09/18 01:13:12.480, 163.88, 100, 7503
2026/09/18 01:13:13.480, 161.37, 100, 7503
2026/09/18 01:13:14.480, 159.22, 100, 7503
2026/09/18 01:13:15.480, 159.30, 99, 7503
2026/09/18 01:13:16.481, 160.59, 99, 7503
2026/09/18 01:13:17.489, 163.85, 100, 7503
2026/09/18 01:13:18.490, 161.83, 99, 7503
2026/09/18 01:13:19.490, 159.04, 99, 7503
2026/09/18 01:13:20.490, 159.27, 100, 7503
2026/09/18 01:13:21.490, 159.78, 100, 7503
2026/09/18 01:13:22.490, 163.69, 100, 7503
2026/09/18 01:13:23.491, 162.72, 100, 7503
2026/09/18 01:13:24.491, 159.29, 100, 7503
2026/09/18 01:13:25.491, 159.13, 100, 7503
2026/09/18 01:13:26.491, 159.07, 98, 7503
2026/09/18 01:13:27.500, 163.34, 100, 7503
2026/09/18 01:13:28.500, 163.18, 100, 7503
2026/09/18 01:13:29.501, 159.13, 99, 7503
2026/09/18 01:13:30.501, 159.17, 100, 7503
2026/09/18 01:13:31.501, 159.05, 100, 7503
2026/09/18 01:13:32.510, 162.69, 99, 7503
2026/09/18 01:13:33.510, 163.81, 100, 7503
2026/09/18 01:13:34.510, 160.25, 100, 7503
2026/09/18 01:13:35.510, 159.42, 100, 7503
2026/09/18 01:13:36.510, 160.18, 100, 7503
2026/09/18 01:13:37.519, 162.60, 100, 7503
2026/09/18 01:13:38.519, 163.67, 100, 7503
2026/09/18 01:13:39.519, 160.28, 100, 7503
2026/09/18 01:13:40.520, 159.12, 99, 7503
2026/09/18 01:13:41.520, 159.11, 100, 7503
2026/09/18 01:13:42.529, 161.11, 99, 7503
2026/09/18 01:13:43.529, 163.72, 100, 7503
2026/09/18 01:13:44.529, 161.05, 100, 7503
2026/09/18 01:13:45.529, 158.90, 100, 7503
2026/09/18 01:13:46.529, 158.93, 100, 7503
2026/09/18 01:13:47.530, 160.90, 100, 7503
2026/09/18 01:13:48.530, 164.02, 99, 7503
2026/09/18 01:13:49.530, 161.91, 100, 7503
2026/09/18 01:13:50.530, 159.83, 99, 7503
2026/09/18 01:13:51.530, 160.12, 99, 7503
2026/09/18 01:13:52.531, 160.92, 99, 7503
2026/09/18 01:13:53.531, 163.80, 100, 7503
2026/09/18 01:13:54.531, 162.31, 99, 7503
2026/09/18 01:13:55.531, 159.94, 100, 7503
2026/09/18 01:13:56.531, 160.03, 100, 7503
2026/09/18 01:13:57.532, 160.42, 100, 7503
2026/09/18 01:13:58.532, 163.86, 99, 7503
2026/09/18 01:13:59.532, 163.01, 100, 7503
2026/09/18 01:14:00.532, 159.40, 100, 7503
2026/09/18 01:14:01.532, 159.11, 99, 7503
2026/09/18 01:14:02.533, 159.26, 100, 7503
2026/09/18 01:14:03.533, 163.89, 100, 7503
2026/09/18 01:14:04.533, 163.62, 99, 7503
2026/09/18 01:14:05.533, 159.88, 99, 7503
2026/09/18 01:14:06.534, 159.30, 100, 7503
2026/09/18 01:14:07.534, 159.33, 100, 7503
2026/09/18 01:14:08.534, 162.91, 99, 7503
2026/09/18 01:14:09.534, 163.87, 100, 7503
2026/09/18 01:14:10.534, 159.64, 100, 7503
2026/09/18 01:14:11.534, 159.36, 100, 7503
2026/09/18 01:14:12.535, 159.30, 99, 7503
2026/09/18 01:14:13.535, 162.33, 100, 7503
2026/09/18 01:14:14.535, 163.78, 99, 7503
2026/09/18 01:14:15.535, 161.09, 99, 7503
2026/09/18 01:14:16.535, 160.09, 100, 7503
2026/09/18 01:14:17.536, 159.47, 100, 7503
2026/09/18 01:14:18.536, 162.14, 100, 7503
2026/09/18 01:14:19.536, 163.96, 100, 7503
2026/09/18 01:14:20.536, 161.50, 100, 7503
2026/09/18 01:14:21.536, 160.10, 100, 7503
2026/09/18 01:14:22.537, 160.12, 100, 7503
2026/09/18 01:14:23.537, 161.51, 100, 7503
2026/09/18 01:14:24.537, 163.55, 99, 7503
2026/09/18 01:14:25.537, 162.05, 100, 7503
2026/09/18 01:14:26.537, 160.03, 99, 7503
2026/09/18 01:14:27.538, 160.25, 100, 7503
2026/09/18 01:14:28.538, 160.80, 100, 7503
2026/09/18 01:14:29.538, 163.77, 100, 7503
2026/09/18 01:14:30.538, 162.60, 100, 7503
2026/09/18 01:14:31.539, 159.93, 100, 7503
2026/09/18 01:14:32.539, 159.88, 100, 7503
2026/09/18 01:14:33.539, 160.40, 100, 7503
2026/09/18 01:14:34.539, 163.96, 99, 7503
2026/09/18 01:14:35.539, 163.03, 100, 7503
2026/09/18 01:14:36.548, 160.02, 100, 7503
2026/09/18 01:14:37.548, 160.00, 99, 7503
2026/09/18 01:14:38.548, 159.86, 100, 7503
2026/09/18 01:14:39.549, 49.22, 100, 7503
2026/09/18 01:14:40.549, 160.92, 100, 7503
2026/09/18 01:14:41.557, 159.40, 99, 7503
2026/09/18 01:14:42.558, 160.53, 100, 7503
2026/09/18 01:14:43.558, 161.22, 100, 7503
2026/09/18 01:14:44.558, 159.33, 98, 7503
2026/09/18 01:14:45.558, 160.39, 100, 7503
2026/09/18 01:14:46.558, 161.15, 100, 7503
2026/09/18 01:14:47.559, 159.49, 98, 7503
2026/09/18 01:14:48.559, 160.41, 100, 7503
2026/09/18 01:14:49.559, 160.96, 100, 7503
2026/09/18 01:14:50.559, 159.47, 98, 7503
2026/09/18 01:14:51.560, 161.19, 100, 7503
2026/09/18 01:14:52.560, 160.92, 100, 7503
2026/09/18 01:14:53.560, 159.78, 99, 7503
2026/09/18 01:14:54.560, 160.48, 100, 7503
2026/09/18 01:14:55.560, 160.67, 100, 7503
2026/09/18 01:14:56.561, 159.52, 98, 7503
2026/09/18 01:14:57.561, 160.57, 100, 7503
2026/09/18 01:14:58.561, 161.07, 100, 7503
2026/09/18 01:14:59.561, 160.14, 99, 7503
2026/09/18 01:15:00.561, 160.67, 100, 7503
2026/09/18 01:15:01.562, 160.37, 100, 7503
2026/09/18 01:15:02.562, 159.71, 98, 7503
2026/09/18 01:15:03.562, 160.68, 100, 7503
2026/09/18 01:15:04.562, 160.39, 100, 7503
2026/09/18 01:15:05.563, 160.00, 99, 7503
2026/09/18 01:15:06.563, 160.94, 100, 7503
2026/09/18 01:15:07.563, 160.25, 100, 7503
2026/09/18 01:15:08.563, 158.60, 98, 7503
2026/09/18 01:15:09.563, 161.32, 100, 7503
2026/09/18 01:15:10.564, 161.02, 100, 7503
2026/09/18 01:15:11.564, 160.33, 99, 7503
2026/09/18 01:15:12.564, 160.99, 100, 7503
2026/09/18 01:15:13.564, 160.30, 100, 7503
2026/09/18 01:15:14.564, 159.93, 98, 7503
2026/09/18 01:15:15.565, 160.83, 100, 7503
2026/09/18 01:15:16.565, 160.90, 100, 7503
2026/09/18 01:15:17.565, 160.07, 99, 7503
2026/09/18 01:15:18.565, 160.13, 100, 7503
2026/09/18 01:15:19.565, 160.54, 100, 7503
2026/09/18 01:15:20.566, 159.84, 97, 7503
2026/09/18 01:15:21.566, 160.53, 100, 7503
2026/09/18 01:15:22.566, 160.90, 100, 7503
2026/09/18 01:15:23.566, 159.91, 98, 7503
2026/09/18 01:15:24.566, 161.23, 100, 7503
2026/09/18 01:15:25.567, 160.53, 100, 7503
2026/09/18 01:15:26.567, 160.09, 98, 7503
2026/09/18 01:15:27.567, 160.95, 100, 7503
2026/09/18 01:15:28.567, 160.50, 100, 7503
2026/09/18 01:15:29.568, 160.51, 99, 7503
2026/09/18 01:15:30.568, 161.13, 100, 7503
2026/09/18 01:15:31.568, 160.60, 100, 7503
2026/09/18 01:15:32.568, 160.20, 98, 7503
2026/09/18 01:15:33.569, 160.80, 100, 7503
2026/09/18 01:15:34.569, 160.77, 100, 7503
2026/09/18 01:15:35.569, 160.45, 99, 7503
2026/09/18 01:15:36.569, 161.09, 100, 7503
2026/09/18 01:15:37.569, 160.61, 100, 7503
2026/09/18 01:15:38.570, 160.04, 98, 7503
2026/09/18 01:15:39.570, 160.91, 100, 7503
2026/09/18 01:15:40.570, 160.46, 100, 7503
2026/09/18 01:15:41.570, 160.27, 99, 7503
2026/09/18 01:15:42.570, 161.10, 100, 7503
2026/09/18 01:15:43.571, 160.54, 100, 7503
2026/09/18 01:15:44.571, 160.33, 98, 7503
2026/09/18 01:15:45.571, 161.28, 100, 7503
2026/09/18 01:15:46.571, 160.76, 100, 7503
2026/09/18 01:15:47.572, 160.58, 99, 7503
2026/09/18 01:15:48.572, 161.34, 100, 7503
2026/09/18 01:15:49.572, 160.23, 100, 7503
2026/09/18 01:15:50.572, 160.11, 100, 7503
2026/09/18 01:15:51.572, 161.42, 100, 7503
2026/09/18 01:15:52.573, 160.72, 100, 7503
2026/09/18 01:15:53.573, 160.77, 100, 7503
2026/09/18 01:15:54.573, 161.53, 100, 7503
2026/09/18 01:15:55.573, 160.39, 100, 7503
2026/09/18 01:15:56.573, 160.30, 100, 7503
2026/09/18 01:15:57.574, 161.29, 100, 7503
2026/09/18 01:15:58.574, 160.38, 100, 7503
2026/09/18 01:15:59.574, 159.53, 100, 7503
2026/09/18 01:16:00.574, 161.19, 100, 7503
2026/09/18 01:16:01.575, 160.52, 100, 7503
2026/09/18 01:16:02.575, 160.60, 100, 7503
2026/09/18 01:16:03.575, 161.14, 100, 7503
2026/09/18 01:16:04.575, 160.35, 100, 7503
2026/09/18 01:16:05.575, 160.26, 100, 7503
2026/09/18 01:16:06.576, 161.02, 100, 7503
2026/09/18 01:16:07.576, 160.07, 100, 7503
2026/09/18 01:16:08.576, 160.48, 100, 7503
2026/09/18 01:16:09.576, 161.33, 100, 7503
2026/09/18 01:16:10.577, 160.16, 100, 7503
2026/09/18 01:16:11.577, 160.58, 100, 7503
2026/09/18 01:16:12.577, 161.13, 100, 7503
2026/09/18 01:16:13.577, 160.36, 100, 7503
2026/09/18 01:16:14.578, 160.61, 100, 7503
2026/09/18 01:16:15.578, 161.03, 100, 7503
2026/09/18 01:16:16.578, 160.48, 100, 7503
2026/09/18 01:16:17.578, 160.85, 100, 7503
2026/09/18 01:16:18.578, 161.20, 100, 7503
2026/09/18 01:16:19.587, 160.03, 98, 7503
2026/09/18 01:16:20.587, 161.26, 100, 7503
2026/09/18 01:16:21.588, 161.42, 100, 7503
2026/09/18 01:16:22.588, 160.06, 99, 7503
2026/09/18 01:16:23.588, 160.88, 100, 7503
2026/09/18 01:16:24.597, 161.09, 100, 7503
2026/09/18 01:16:25.597, 159.64, 98, 7503
2026/09/18 01:16:26.597, 160.68, 100, 7503
2026/09/18 01:16:27.597, 161.41, 100, 7503
2026/09/18 01:16:28.598, 160.13, 99, 7503
2026/09/18 01:16:29.606, 160.78, 100, 7503
2026/09/18 01:16:30.607, 160.72, 100, 7503
2026/09/18 01:16:31.607, 159.89, 98, 7503
2026/09/18 01:16:32.607, 160.54, 100, 7503
2026/09/18 01:16:33.607, 161.24, 100, 7503
2026/09/18 01:16:34.616, 160.15, 99, 7503
2026/09/18 01:16:35.616, 160.92, 100, 7503
2026/09/18 01:16:36.616, 161.46, 100, 7503
2026/09/18 01:16:37.616, 159.95, 98, 7503
2026/09/18 01:16:38.617, 160.83, 100, 7503
2026/09/18 01:16:39.617, 160.80, 100, 7503
2026/09/18 01:16:40.617, 160.32, 99, 7503
2026/09/18 01:16:41.617, 161.10, 100, 7503
2026/09/18 01:16:42.618, 160.79, 100, 7503
2026/09/18 01:16:43.618, 160.19, 98, 7503
2026/09/18 01:16:44.618, 160.85, 100, 7503
2026/09/18 01:16:45.618, 160.66, 100, 7503
2026/09/18 01:16:46.618, 160.19, 99, 7503
2026/09/18 01:16:47.619, 161.40, 100, 7503
2026/09/18 01:16:48.619, 160.54, 100, 7503
2026/09/18 01:16:49.619, 160.03, 98, 7503
2026/09/18 01:16:50.619, 160.54, 100, 7503
2026/09/18 01:16:51.619, 161.11, 100, 7503
2026/09/18 01:16:52.620, 160.21, 99, 7503
2026/09/18 01:16:53.620, 161.05, 100, 7503
2026/09/18 01:16:54.628, 160.94, 100, 7503
2026/09/18 01:16:55.629, 159.95, 98, 7503
2026/09/18 01:16:56.629, 161.49, 100, 7503
2026/09/18 01:16:57.629, 161.01, 100, 7503
2026/09/18 01:16:58.629, 160.40, 99, 7503
2026/09/18 01:16:59.638, 161.57, 100, 7503
2026/09/18 01:17:00.638, 160.95, 100, 7503
2026/09/18 01:17:01.638, 160.16, 98, 7503
2026/09/18 01:17:02.638, 160.93, 100, 7503
2026/09/18 01:17:03.639, 160.49, 100, 7503
2026/09/18 01:17:04.639, 160.05, 99, 7503
2026/09/18 01:17:05.639, 161.58, 100, 7503
2026/09/18 01:17:06.639, 160.97, 100, 7503
2026/09/18 01:17:07.640, 160.67, 98, 7503
2026/09/18 01:17:08.640, 161.21, 100, 7503
2026/09/18 01:17:09.640, 160.70, 100, 7503
2026/09/18 01:17:10.640, 160.44, 99, 7503
2026/09/18 01:17:11.640, 161.25, 100, 7503
2026/09/18 01:17:12.641, 160.69, 100, 7503
2026/09/18 01:17:13.641, 159.87, 98, 7503
2026/09/18 01:17:14.649, 159.97, 100, 7503
2026/09/18 01:17:15.650, 163.94, 100, 7503
2026/09/18 01:17:16.650, 162.84, 100, 7503
2026/09/18 01:17:17.650, 159.65, 100, 7503
2026/09/18 01:17:18.650, 160.04, 100, 7503
2026/09/18 01:17:19.650, 160.59, 98, 7503
2026/09/18 01:17:20.651, 163.86, 100, 7503
2026/09/18 01:17:21.651, 162.74, 100, 7503
2026/09/18 01:17:22.651, 159.69, 99, 7503
2026/09/18 01:17:23.651, 159.42, 99, 7503
2026/09/18 01:17:24.651, 159.14, 100, 7503
2026/09/18 01:17:25.652, 163.63, 100, 7503
2026/09/18 01:17:26.652, 163.60, 99, 7503
2026/09/18 01:17:27.652, 159.16, 100, 7503
2026/09/18 01:17:28.652, 159.22, 100, 7503
2026/09/18 01:17:29.652, 159.52, 100, 7503
2026/09/18 01:17:30.653, 162.84, 100, 7503
2026/09/18 01:17:31.653, 164.16, 100, 7503
2026/09/18 01:17:32.653, 159.94, 100, 7503
2026/09/18 01:17:33.653, 159.08, 99, 7503
2026/09/18 01:17:34.653, 159.21, 100, 7503
2026/09/18 01:17:35.654, 162.26, 99, 7503
2026/09/18 01:17:36.654, 164.04, 100, 7503
2026/09/18 01:17:37.654, 160.57, 99, 7503
2026/09/18 01:17:38.654, 159.15, 100, 7503
2026/09/18 01:17:39.654, 159.09, 100, 7503
2026/09/18 01:17:40.655, 161.48, 100, 7503
2026/09/18 01:17:41.655, 164.21, 100, 7503
2026/09/18 01:17:42.655, 160.95, 100, 7503
2026/09/18 01:17:43.655, 159.03, 100, 7503
2026/09/18 01:17:44.655, 158.96, 99, 7503
2026/09/18 01:17:45.656, 160.80, 99, 7503
2026/09/18 01:17:46.664, 163.98, 100, 7503
2026/09/18 01:17:47.664, 161.65, 99, 7503
2026/09/18 01:17:48.665, 159.24, 100, 7503
2026/09/18 01:17:49.665, 159.12, 100, 7503
2026/09/18 01:17:50.665, 160.28, 100, 7503
2026/09/18 01:17:51.674, 164.08, 99, 7503
2026/09/18 01:17:52.674, 162.79, 100, 7503
2026/09/18 01:17:53.674, 160.09, 100, 7503
2026/09/18 01:17:54.674, 160.19, 100, 7503
2026/09/18 01:17:55.675, 160.12, 98, 7503
2026/09/18 01:17:56.683, 164.07, 100, 7503
2026/09/18 01:17:57.684, 163.18, 100, 7503
2026/09/18 01:17:58.684, 159.39, 100, 7503
2026/09/18 01:17:59.684, 159.52, 99, 7503
2026/09/18 01:18:00.684, 160.26, 100, 7503
2026/09/18 01:18:01.693, 163.67, 100, 7503
2026/09/18 01:18:02.693, 164.00, 99, 7503
2026/09/18 01:18:03.693, 160.17, 100, 7503
2026/09/18 01:18:04.694, 159.39, 100, 7503
2026/09/18 01:18:05.694, 159.31, 100, 7503
2026/09/18 01:18:06.702, 162.82, 99, 7503
2026/09/18 01:18:07.703, 164.18, 100, 7503
2026/09/18 01:18:08.703, 160.72, 100, 7503
2026/09/18 01:18:09.703, 160.24, 100, 7503
2026/09/18 01:18:10.703, 160.35, 99, 7503
2026/09/18 01:18:11.704, 162.59, 100, 7503
2026/09/18 01:18:12.704, 164.24, 99, 7503
2026/09/18 01:18:13.704, 161.01, 99, 7503
2026/09/18 01:18:14.704, 160.23, 99, 7503
2026/09/18 01:18:15.704, 160.24, 100, 7503
2026/09/18 01:18:16.705, 163.03, 99, 7503
2026/09/18 01:18:17.705, 165.08, 100, 7503
2026/09/18 01:18:18.705, 161.83, 100, 7503
2026/09/18 01:18:19.705, 160.34, 100, 7503
2026/09/18 01:18:20.705, 160.35, 100, 7503
2026/09/18 01:18:21.714, 162.10, 100, 7503
2026/09/18 01:18:22.714, 164.09, 99, 7503
2026/09/18 01:18:23.714, 162.33, 100, 7503
2026/09/18 01:18:24.715, 160.60, 100, 7503
2026/09/18 01:18:25.715, 160.54, 99, 7503
2026/09/18 01:18:26.715, 161.56, 99, 7503
2026/09/18 01:18:27.715, 164.41, 100, 7503
2026/09/18 01:18:28.715, 162.83, 99, 7503
2026/09/18 01:18:29.716, 160.49, 100, 7503
2026/09/18 01:18:30.716, 160.28, 100, 7503
2026/09/18 01:18:31.716, 161.07, 100, 7503
2026/09/18 01:18:32.716, 164.14, 100, 7503
2026/09/18 01:18:33.716, 163.49, 100, 7503
2026/09/18 01:18:34.717, 160.42, 100, 7503
2026/09/18 01:18:35.717, 160.15, 100, 7503
2026/09/18 01:18:36.717, 160.32, 98, 7503
2026/09/18 01:18:37.717, 163.77, 100, 7503
2026/09/18 01:18:38.717, 163.54, 100, 7503
2026/09/18 01:18:39.718, 160.13, 99, 7503
2026/09/18 01:18:40.718, 159.95, 99, 7503
2026/09/18 01:18:41.726, 162.27, 100, 7503
2026/09/18 01:18:42.727, 164.70, 99, 7503
2026/09/18 01:18:43.727, 162.16, 100, 7503
2026/09/18 01:18:44.727, 160.30, 99, 7503
2026/09/18 01:18:45.727, 160.25, 99, 7503
2026/09/18 01:18:46.728, 124.39, 29, 7503
2026/09/18 01:18:47.728, 88.95, 99, 7503
2026/09/18 01:18:48.728, 160.74, 100, 7503
2026/09/18 01:18:49.728, 160.86, 100, 7503
2026/09/18 01:18:50.728, 159.80, 98, 7503
2026/09/18 01:18:51.729, 160.54, 100, 7503
2026/09/18 01:18:52.729, 160.72, 100, 7503
2026/09/18 01:18:53.729, 160.46, 99, 7503
2026/09/18 01:18:54.729, 161.22, 100, 7503
2026/09/18 01:18:55.729, 160.58, 100, 7503
2026/09/18 01:18:56.730, 159.77, 98, 7503
2026/09/18 01:18:57.730, 160.94, 100, 7503
2026/09/18 01:18:58.730, 161.05, 100, 7503
2026/09/18 01:18:59.730, 160.52, 99, 7503
2026/09/18 01:19:00.730, 161.30, 100, 7503
2026/09/18 01:19:01.731, 160.74, 100, 7503
2026/09/18 01:19:02.731, 159.89, 98, 7503
2026/09/18 01:19:03.731, 160.78, 100, 7503
2026/09/18 01:19:04.731, 160.93, 100, 7503
2026/09/18 01:19:05.731, 160.39, 99, 7503
2026/09/18 01:19:06.732, 161.23, 100, 7503
2026/09/18 01:19:07.732, 160.73, 100, 7503
2026/09/18 01:19:08.732, 159.88, 98, 7503
2026/09/18 01:19:09.732, 161.10, 100, 7503
2026/09/18 01:19:10.732, 160.26, 100, 7503
2026/09/18 01:19:11.733, 160.29, 99, 7503
2026/09/18 01:19:12.733, 161.49, 100, 7503
2026/09/18 01:19:13.733, 160.55, 100, 7503
2026/09/18 01:19:14.733, 160.20, 98, 7503
2026/09/18 01:19:15.733, 160.00, 100, 7503
2026/09/18 01:19:16.734, 160.51, 100, 7503
2026/09/18 01:19:17.734, 160.44, 99, 7503
2026/09/18 01:19:18.734, 161.44, 100, 7503
2026/09/18 01:19:19.734, 160.86, 100, 7503
2026/09/18 01:19:20.734, 159.01, 89, 7503
2026/09/18 01:19:21.734, 161.35, 100, 7503
2026/09/18 01:19:22.735, 160.85, 100, 7503
2026/09/18 01:19:23.735, 160.62, 99, 7503
2026/09/18 01:19:24.735, 161.15, 100, 7503
2026/09/18 01:19:25.735, 160.63, 100, 7503
2026/09/18 01:19:26.736, 160.04, 98, 7503
2026/09/18 01:19:27.736, 161.03, 100, 7503
2026/09/18 01:19:28.736, 160.22, 100, 7503
2026/09/18 01:19:29.736, 160.25, 99, 7503
2026/09/18 01:19:30.736, 161.36, 100, 7503
2026/09/18 01:19:31.745, 160.54, 100, 7503
2026/09/18 01:19:32.745, 160.36, 100, 7503
2026/09/18 01:19:33.746, 161.28, 100, 7503
2026/09/18 01:19:34.746, 160.31, 100, 7503
2026/09/18 01:19:35.746, 160.56, 100, 7503
2026/09/18 01:19:36.755, 161.39, 100, 7503
2026/09/18 01:19:37.755, 160.40, 100, 7503
2026/09/18 01:19:38.755, 160.34, 100, 7503
2026/09/18 01:19:39.755, 161.87, 100, 7503
2026/09/18 01:19:40.755, 160.66, 100, 7503
2026/09/18 01:19:41.756, 160.61, 100, 7503
2026/09/18 01:19:42.756, 161.52, 100, 7503
2026/09/18 01:19:43.756, 160.30, 100, 7503
2026/09/18 01:19:44.756, 160.46, 100, 7503
2026/09/18 01:19:45.756, 161.63, 100, 7503
2026/09/18 01:19:46.757, 160.66, 100, 7503
2026/09/18 01:19:47.757, 160.86, 100, 7503
2026/09/18 01:19:48.757, 161.56, 100, 7503
2026/09/18 01:19:49.757, 160.25, 100, 7503
2026/09/18 01:19:50.758, 160.12, 100, 7503
2026/09/18 01:19:51.758, 161.11, 100, 7503
2026/09/18 01:19:52.758, 160.33, 100, 7503
2026/09/18 01:19:53.758, 160.61, 100, 7503
2026/09/18 01:19:54.758, 161.60, 100, 7503
2026/09/18 01:19:55.767, 160.43, 99, 7503
2026/09/18 01:19:56.767, 161.02, 100, 7503
2026/09/18 01:19:57.768, 161.44, 100, 7503
2026/09/18 01:19:58.768, 160.15, 99, 7503
2026/09/18 01:19:59.768, 160.94, 100, 7503
2026/09/18 01:20:00.768, 161.07, 100, 7503
2026/09/18 01:20:01.769, 160.01, 98, 7503
2026/09/18 01:20:02.769, 161.59, 100, 7503
2026/09/18 01:20:03.769, 161.05, 100, 7503
2026/09/18 01:20:04.769, 160.15, 99, 7503
2026/09/18 01:20:05.769, 161.01, 100, 7503
2026/09/18 01:20:06.770, 160.79, 100, 7503
2026/09/18 01:20:07.770, 160.04, 98, 7503
2026/09/18 01:20:08.770, 161.17, 100, 7503
2026/09/18 01:20:09.770, 160.96, 100, 7503
2026/09/18 01:20:10.770, 160.46, 99, 7503
2026/09/18 01:20:11.771, 161.16, 100, 7503
2026/09/18 01:20:12.771, 161.43, 100, 7503
2026/09/18 01:20:13.771, 160.15, 98, 7503
2026/09/18 01:20:14.771, 161.04, 100, 7503
2026/09/18 01:20:15.780, 161.29, 100, 7503
2026/09/18 01:20:16.780, 160.40, 99, 7503
2026/09/18 01:20:17.780, 161.56, 100, 7503
2026/09/18 01:20:18.781, 161.20, 100, 7503
2026/09/18 01:20:19.781, 160.04, 98, 7503
2026/09/18 01:20:20.789, 160.98, 100, 7503
2026/09/18 01:20:21.790, 160.95, 100, 7503
2026/09/18 01:20:22.790, 160.48, 99, 7503
2026/09/18 01:20:23.790, 161.15, 100, 7503
2026/09/18 01:20:24.790, 161.00, 100, 7503
2026/09/18 01:20:25.791, 160.24, 98, 7503
2026/09/18 01:20:26.791, 160.95, 100, 7503
2026/09/18 01:20:27.791, 161.13, 100, 7503
2026/09/18 01:20:28.791, 160.28, 99, 7503
2026/09/18 01:20:29.792, 161.40, 100, 7503
2026/09/18 01:20:30.792, 160.96, 100, 7503
2026/09/18 01:20:31.792, 160.14, 98, 7503
2026/09/18 01:20:32.792, 161.01, 100, 7503
2026/09/18 01:20:33.792, 160.71, 100, 7503
2026/09/18 01:20:34.793, 160.40, 98, 7503
2026/09/18 01:20:35.793, 160.30, 100, 7503
2026/09/18 01:20:36.793, 160.72, 100, 7503
2026/09/18 01:20:37.793, 159.86, 98, 7503
2026/09/18 01:20:38.793, 161.35, 100, 7503
2026/09/18 01:20:39.794, 161.18, 100, 7503
2026/09/18 01:20:40.794, 159.39, 99, 7503
2026/09/18 01:20:41.794, 161.42, 100, 7503
2026/09/18 01:20:42.794, 161.21, 100, 7503
2026/09/18 01:20:43.794, 160.23, 98, 7503
2026/09/18 01:20:44.795, 161.40, 100, 7503
2026/09/18 01:20:45.795, 159.58, 100, 7503
2026/09/18 01:20:46.795, 160.17, 99, 7503
2026/09/18 01:20:47.795, 161.23, 100, 7503
2026/09/18 01:20:48.796, 160.36, 100, 7503
2026/09/18 01:20:49.796, 160.14, 98, 7503
2026/09/18 01:20:50.796, 159.90, 100, 7503
2026/09/18 01:20:51.796, 160.84, 100, 7503
2026/09/18 01:20:52.796, 160.41, 99, 7503
2026/09/18 01:20:53.797, 161.35, 100, 7503
2026/09/18 01:20:54.797, 161.15, 100, 7503
2026/09/18 01:20:55.797, 159.14, 89, 7503
2026/09/18 01:20:56.797, 160.01, 100, 7503
2026/09/18 01:20:57.797, 160.90, 100, 7503
2026/09/18 01:20:58.798, 160.93, 98, 7503
2026/09/18 01:20:59.798, 161.58, 100, 7503
2026/09/18 01:21:00.798, 160.84, 100, 7503
2026/09/18 01:21:01.800, 159.26, 98, 7503
2026/09/18 01:21:02.800, 160.96, 100, 7503
2026/09/18 01:21:03.800, 160.85, 100, 7503
2026/09/18 01:21:04.801, 160.67, 99, 7503
2026/09/18 01:21:05.801, 161.38, 100, 7503
2026/09/18 01:21:06.801, 160.63, 100, 7503
2026/09/18 01:21:07.801, 160.08, 98, 7503
2026/09/18 01:21:08.801, 160.92, 100, 7503
2026/09/18 01:21:09.802, 160.86, 100, 7503
2026/09/18 01:21:10.802, 160.53, 98, 7503
2026/09/18 01:21:11.802, 161.46, 100, 7503
2026/09/18 01:21:12.802, 160.78, 100, 7503
2026/09/18 01:21:13.803, 160.52, 98, 7503
2026/09/18 01:21:14.803, 161.12, 100, 7503
2026/09/18 01:21:15.803, 161.07, 100, 7503
2026/09/18 01:21:16.803, 160.78, 98, 7503
2026/09/18 01:21:17.804, 161.80, 100, 7503
2026/09/18 01:21:18.804, 161.10, 100, 7503
2026/09/18 01:21:19.804, 160.54, 98, 7503
2026/09/18 01:21:20.804, 161.27, 100, 7503
2026/09/18 01:21:21.813, 160.71, 100, 7503
2026/09/18 01:21:22.813, 160.47, 100, 7503
2026/09/18 01:21:23.813, 163.91, 100, 7503
2026/09/18 01:21:24.814, 161.93, 100, 7503
2026/09/18 01:21:25.814, 160.11, 100, 7503
2026/09/18 01:21:26.823, 159.91, 99, 7503
2026/09/18 01:21:27.823, 160.46, 100, 7503
2026/09/18 01:21:28.823, 163.64, 99, 7503
2026/09/18 01:21:29.823, 161.87, 100, 7503
2026/09/18 01:21:30.823, 160.01, 99, 7503
2026/09/18 01:21:31.824, 159.53, 100, 7503
2026/09/18 01:21:32.824, 159.93, 100, 7503
2026/09/18 01:21:33.824, 163.68, 100, 7503
2026/09/18 01:21:34.824, 162.35, 100, 7503
2026/09/18 01:21:35.824, 159.24, 100, 7503
2026/09/18 01:21:36.833, 159.27, 100, 7503
2026/09/18 01:21:37.833, 159.33, 98, 7503
2026/09/18 01:21:38.834, 163.93, 100, 7503
2026/09/18 01:21:39.834, 162.77, 100, 7503
2026/09/18 01:21:40.834, 159.21, 99, 7503
2026/09/18 01:21:41.834, 159.20, 99, 7503
2026/09/18 01:21:42.834, 160.14, 100, 7503
2026/09/18 01:21:43.834, 163.51, 100, 7503
2026/09/18 01:21:44.835, 163.68, 99, 7503
2026/09/18 01:21:45.835, 160.49, 100, 7503
2026/09/18 01:21:46.844, 159.96, 100, 7503
2026/09/18 01:21:47.844, 160.01, 100, 7503
2026/09/18 01:21:48.844, 162.65, 100, 7503
2026/09/18 01:21:49.844, 163.65, 100, 7503
2026/09/18 01:21:50.844, 160.39, 100, 7503
2026/09/18 01:21:51.853, 160.07, 100, 7503
2026/09/18 01:21:52.853, 159.26, 99, 7503
2026/09/18 01:21:53.853, 162.14, 100, 7503
2026/09/18 01:21:54.854, 163.78, 99, 7503
2026/09/18 01:21:55.854, 161.16, 99, 7503
2026/09/18 01:21:56.863, 159.95, 100, 7503
2026/09/18 01:21:57.863, 159.12, 100, 7503
2026/09/18 01:21:58.863, 161.32, 100, 7503
2026/09/18 01:21:59.863, 163.62, 100, 7503
2026/09/18 01:22:00.863, 161.12, 100, 7503
2026/09/18 01:22:01.864, 159.99, 100, 7503
2026/09/18 01:22:02.864, 159.03, 100, 7503
2026/09/18 01:22:03.864, 160.51, 100, 7503
2026/09/18 01:22:04.864, 163.72, 99, 7503
2026/09/18 01:22:05.865, 161.98, 100, 7503
2026/09/18 01:22:06.865, 160.02, 99, 7503
2026/09/18 01:22:07.865, 159.94, 100, 7503
2026/09/18 01:22:08.865, 160.89, 100, 7503
2026/09/18 01:22:09.866, 163.83, 100, 7503
2026/09/18 01:22:10.866, 162.58, 100, 7503
2026/09/18 01:22:11.866, 159.27, 100, 7503
2026/09/18 01:22:12.866, 159.09, 100, 7503
2026/09/18 01:22:13.866, 159.73, 100, 7503
2026/09/18 01:22:14.867, 163.65, 99, 7503
2026/09/18 01:22:15.867, 162.84, 100, 7503
2026/09/18 01:22:16.867, 159.07, 100, 7503
2026/09/18 01:22:17.867, 159.08, 99, 7503
2026/09/18 01:22:18.867, 159.12, 100, 7503
2026/09/18 01:22:19.868, 162.82, 100, 7503
2026/09/18 01:22:20.868, 163.59, 99, 7503
2026/09/18 01:22:21.871, 160.28, 100, 7503
2026/09/18 01:22:22.871, 159.91, 100, 7503
2026/09/18 01:22:23.871, 159.74, 100, 7503
2026/09/18 01:22:24.871, 162.43, 99, 7503
2026/09/18 01:22:25.871, 163.54, 100, 7503
2026/09/18 01:22:26.872, 159.89, 100, 7503
2026/09/18 01:22:27.872, 158.77, 100, 7503
2026/09/18 01:22:28.872, 158.83, 99, 7503
2026/09/18 01:22:29.872, 161.62, 100, 7503
2026/09/18 01:22:30.872, 163.49, 99, 7503
2026/09/18 01:22:31.873, 160.54, 99, 7503
2026/09/18 01:22:32.873, 159.11, 100, 7503
2026/09/18 01:22:33.873, 158.70, 100, 7503
2026/09/18 01:22:34.873, 160.98, 100, 7503
2026/09/18 01:22:35.873, 163.55, 100, 7503
2026/09/18 01:22:36.874, 160.59, 100, 7503
2026/09/18 01:22:37.874, 159.40, 100, 7503
2026/09/18 01:22:38.874, 159.78, 100, 7503
2026/09/18 01:22:39.874, 161.11, 100, 7503
2026/09/18 01:22:40.874, 163.56, 99, 7503
2026/09/18 01:22:41.875, 161.42, 100, 7503
2026/09/18 01:22:42.875, 159.56, 99, 7503
2026/09/18 01:22:43.875, 160.13, 100, 7503
2026/09/18 01:22:44.875, 160.80, 100, 7503
2026/09/18 01:22:45.875, 163.90, 100, 7503
2026/09/18 01:22:46.876, 162.31, 100, 7503
2026/09/18 01:22:47.876, 159.42, 100, 7503
2026/09/18 01:22:48.876, 158.85, 100, 7503
2026/09/18 01:22:49.876, 159.23, 100, 7503
2026/09/18 01:22:50.876, 163.62, 99, 7503
2026/09/18 01:22:51.877, 162.60, 100, 7503
2026/09/18 01:22:52.877, 159.30, 100, 7503
2026/09/18 01:22:53.877, 158.73, 99, 7503
2026/09/18 01:22:54.877, 159.10, 100, 7503
2026/09/18 01:22:55.886, 48.51, 100, 7503
2026/09/18 01:22:56.886, 161.00, 100, 7503
2026/09/18 01:22:57.886, 160.05, 100, 7503
2026/09/18 01:22:58.887, 160.30, 100, 7503
2026/09/18 01:22:59.887, 160.91, 100, 7503
2026/09/18 01:23:00.887, 159.22, 100, 7503
2026/09/18 01:23:01.887, 160.02, 100, 7503
2026/09/18 01:23:02.887, 160.91, 100, 7503
2026/09/18 01:23:03.888, 160.07, 100, 7503
2026/09/18 01:23:04.888, 160.35, 100, 7503
2026/09/18 01:23:05.888, 161.13, 100, 7503
2026/09/18 01:23:06.888, 159.83, 100, 7503
2026/09/18 01:23:07.889, 160.02, 100, 7503
2026/09/18 01:23:08.889, 161.53, 100, 7503
2026/09/18 01:23:09.889, 160.12, 100, 7503
2026/09/18 01:23:10.898, 160.76, 100, 7503
2026/09/18 01:23:11.898, 160.97, 100, 7503
2026/09/18 01:23:12.898, 160.38, 100, 7503
2026/09/18 01:23:13.898, 160.41, 100, 7503
2026/09/18 01:23:14.899, 161.60, 100, 7503
2026/09/18 01:23:15.899, 160.18, 100, 7503
2026/09/18 01:23:16.899, 160.52, 100, 7503
2026/09/18 01:23:17.899, 160.76, 100, 7503
2026/09/18 01:23:18.899, 159.97, 99, 7503
2026/09/18 01:23:19.900, 160.33, 100, 7503
2026/09/18 01:23:20.908, 161.11, 100, 7503
2026/09/18 01:23:21.908, 159.77, 99, 7503
2026/09/18 01:23:22.909, 160.91, 100, 7503
2026/09/18 01:23:23.909, 160.76, 100, 7503
2026/09/18 01:23:24.909, 159.36, 98, 7503
2026/09/18 01:23:25.909, 160.12, 100, 7503
2026/09/18 01:23:26.909, 161.12, 100, 7503
2026/09/18 01:23:27.910, 159.92, 99, 7503
2026/09/18 01:23:28.910, 160.68, 100, 7503
2026/09/18 01:23:29.910, 161.16, 100, 7503
2026/09/18 01:23:30.910, 159.22, 98, 7503
2026/09/18 01:23:31.911, 160.33, 100, 7503
2026/09/18 01:23:32.911, 160.86, 100, 7503
2026/09/18 01:23:33.911, 159.88, 99, 7503
2026/09/18 01:23:34.911, 160.75, 100, 7503
2026/09/18 01:23:35.911, 161.22, 100, 7503
2026/09/18 01:23:36.912, 159.75, 98, 7503
2026/09/18 01:23:37.912, 160.38, 100, 7503
2026/09/18 01:23:38.912, 161.06, 100, 7503
2026/09/18 01:23:39.912, 160.00, 99, 7503
2026/09/18 01:23:40.913, 161.34, 100, 7503
2026/09/18 01:23:41.913, 160.87, 100, 7503
2026/09/18 01:23:42.913, 159.49, 98, 7503
2026/09/18 01:23:43.913, 160.35, 100, 7503
2026/09/18 01:23:44.913, 161.03, 100, 7503
2026/09/18 01:23:45.914, 160.25, 99, 7503
2026/09/18 01:23:46.914, 161.08, 100, 7503
2026/09/18 01:23:47.914, 161.16, 100, 7503
2026/09/18 01:23:48.914, 159.83, 98, 7503
2026/09/18 01:23:49.914, 160.62, 100, 7503
2026/09/18 01:23:50.915, 160.63, 100, 7503
2026/09/18 01:23:51.915, 160.22, 98, 7503
2026/09/18 01:23:52.915, 161.03, 100, 7503
2026/09/18 01:23:53.915, 160.54, 100, 7503
2026/09/18 01:23:54.915, 159.99, 98, 7503
2026/09/18 01:23:55.916, 160.74, 100, 7503
2026/09/18 01:23:56.916, 160.63, 100, 7503
2026/09/18 01:23:57.916, 160.37, 98, 7503
2026/09/18 01:23:58.916, 161.06, 100, 7503
2026/09/18 01:23:59.916, 160.40, 100, 7503
2026/09/18 01:24:00.917, 159.88, 98, 7503
2026/09/18 01:24:01.917, 160.63, 100, 7503
2026/09/18 01:24:02.917, 160.80, 100, 7503
2026/09/18 01:24:03.917, 160.09, 99, 7503
2026/09/18 01:24:04.918, 161.50, 100, 7503
2026/09/18 01:24:05.918, 161.00, 100, 7503
2026/09/18 01:24:06.918, 160.39, 98, 7503
2026/09/18 01:24:07.918, 161.31, 100, 7503
2026/09/18 01:24:08.918, 161.00, 100, 7503
2026/09/18 01:24:09.919, 160.34, 98, 7503
2026/09/18 01:24:10.919, 161.24, 100, 7503
2026/09/18 01:24:11.919, 160.89, 100, 7503
2026/09/18 01:24:12.919, 160.46, 98, 7503
2026/09/18 01:24:13.920, 161.45, 100, 7503
2026/09/18 01:24:14.920, 160.84, 100, 7503
2026/09/18 01:24:15.920, 160.43, 99, 7503
2026/09/18 01:24:16.929, 161.58, 100, 7503
2026/09/18 01:24:17.929, 160.39, 100, 7503
2026/09/18 01:24:18.929, 160.33, 98, 7503
2026/09/18 01:24:19.929, 161.46, 100, 7503
2026/09/18 01:24:20.929, 160.51, 100, 7503
2026/09/18 01:24:21.938, 160.61, 99, 7503
2026/09/18 01:24:22.938, 161.49, 100, 7503
2026/09/18 01:24:23.939, 160.49, 100, 7503
2026/09/18 01:24:24.939, 160.27, 100, 7503
2026/09/18 01:24:25.939, 161.28, 100, 7503
2026/09/18 01:24:26.939, 160.86, 100, 7503
2026/09/18 01:24:27.940, 160.71, 100, 7503
2026/09/18 01:24:28.940, 161.76, 100, 7503
2026/09/18 01:24:29.940, 160.16, 100, 7503
2026/09/18 01:24:30.940, 160.46, 100, 7503
2026/09/18 01:24:31.940, 161.53, 100, 7503
2026/09/18 01:24:32.941, 160.73, 100, 7503
2026/09/18 01:24:33.941, 160.82, 100, 7503
2026/09/18 01:24:34.941, 161.72, 100, 7503
2026/09/18 01:24:35.941, 160.69, 100, 7503
2026/09/18 01:24:36.950, 160.64, 100, 7503
2026/09/18 01:24:37.950, 161.76, 100, 7503
2026/09/18 01:24:38.950, 160.52, 100, 7503
2026/09/18 01:24:39.951, 160.86, 100, 7503
2026/09/18 01:24:40.951, 161.63, 100, 7503
2026/09/18 01:24:41.951, 160.47, 100, 7503
2026/09/18 01:24:42.951, 160.86, 100, 7503
2026/09/18 01:24:43.951, 161.21, 100, 7503
2026/09/18 01:24:44.952, 160.44, 100, 7503
2026/09/18 01:24:45.952, 160.56, 100, 7503
2026/09/18 01:24:46.952, 161.51, 100, 7503
2026/09/18 01:24:47.952, 160.29, 99, 7503
2026/09/18 01:24:48.952, 160.99, 100, 7503
2026/09/18 01:24:49.953, 161.75, 100, 7503
2026/09/18 01:24:50.953, 160.10, 99, 7503
2026/09/18 01:24:51.961, 160.91, 100, 7503
2026/09/18 01:24:52.962, 161.13, 100, 7503
2026/09/18 01:24:53.962, 159.95, 98, 7503
2026/09/18 01:24:54.962, 161.76, 100, 7503
2026/09/18 01:24:55.962, 161.49, 100, 7503
2026/09/18 01:24:56.962, 159.98, 99, 7503
2026/09/18 01:24:57.963, 161.02, 100, 7503
2026/09/18 01:24:58.963, 161.05, 100, 7503
2026/09/18 01:24:59.963, 160.02, 98, 7503
2026/09/18 01:25:00.963, 160.79, 100, 7503
2026/09/18 01:25:01.964, 161.57, 100, 7503
2026/09/18 01:25:02.964, 160.15, 99, 7503
2026/09/18 01:25:03.964, 161.66, 100, 7503
2026/09/18 01:25:04.964, 161.29, 100, 7503
2026/09/18 01:25:05.964, 159.95, 98, 7503
2026/09/18 01:25:06.973, 160.92, 100, 7503
2026/09/18 01:25:07.973, 161.15, 100, 7503
2026/09/18 01:25:08.973, 160.01, 99, 7503
2026/09/18 01:25:09.974, 161.43, 100, 7503
2026/09/18 01:25:10.974, 161.23, 100, 7503
2026/09/18 01:25:11.974, 159.91, 98, 7503
2026/09/18 01:25:12.974, 160.62, 100, 7503
2026/09/18 01:25:13.974, 160.64, 100, 7503
2026/09/18 01:25:14.975, 160.23, 99, 7503
2026/09/18 01:25:15.975, 161.14, 100, 7503
2026/09/18 01:25:16.983, 161.08, 100, 7503
2026/09/18 01:25:17.984, 159.93, 98, 7503
2026/09/18 01:25:18.984, 160.58, 100, 7503
2026/09/18 01:25:19.984, 160.52, 100, 7503
2026/09/18 01:25:20.984, 160.31, 98, 7503
2026/09/18 01:25:21.984, 161.35, 100, 7503
2026/09/18 01:25:22.985, 161.07, 100, 7503
2026/09/18 01:25:23.985, 160.09, 98, 7503
2026/09/18 01:25:24.985, 160.95, 100, 7503
2026/09/18 01:25:25.985, 160.96, 100, 7503
2026/09/18 01:25:26.985, 160.42, 99, 7503
2026/09/18 01:25:27.986, 161.16, 100, 7503
2026/09/18 01:25:28.986, 160.37, 100, 7503
2026/09/18 01:25:29.986, 160.09, 98, 7503
2026/09/18 01:25:30.986, 160.88, 99, 7503
2026/09/18 01:25:31.986, 163.60, 100, 7503
2026/09/18 01:25:32.987, 161.06, 99, 7503
2026/09/18 01:25:33.987, 159.96, 100, 7503
2026/09/18 01:25:34.987, 159.78, 100, 7503
2026/09/18 01:25:35.987, 161.65, 100, 7503
2026/09/18 01:25:36.987, 163.76, 100, 7503
2026/09/18 01:25:37.988, 161.83, 100, 7503
2026/09/18 01:25:38.988, 159.79, 100, 7503
2026/09/18 01:25:39.988, 159.83, 99, 7503
2026/09/18 01:25:40.988, 161.43, 99, 7503
2026/09/18 01:25:41.988, 163.66, 99, 7503
2026/09/18 01:25:42.989, 162.13, 100, 7503
2026/09/18 01:25:43.989, 160.04, 99, 7503
2026/09/18 01:25:44.989, 160.21, 100, 7503
2026/09/18 01:25:45.989, 160.91, 100, 7503
2026/09/18 01:25:46.989, 163.86, 100, 7503
2026/09/18 01:25:47.998, 162.80, 100, 7503
2026/09/18 01:25:48.998, 160.10, 100, 7503
2026/09/18 01:25:49.998, 159.79, 100, 7503
2026/09/18 01:25:50.999, 160.73, 100, 7503
2026/09/18 01:25:51.999, 163.76, 99, 7503
2026/09/18 01:25:52.999, 162.48, 100, 7503
2026/09/18 01:25:53.999, 160.00, 100, 7503
2026/09/18 01:25:54.999, 159.95, 99, 7503
2026/09/18 01:25:56.000, 160.20, 100, 7503
2026/09/18 01:25:57.000, 163.50, 100, 7503
2026/09/18 01:25:58.009, 163.21, 99, 7503
2026/09/18 01:25:59.009, 160.06, 100, 7503
2026/09/18 01:26:00.009, 159.83, 100, 7503
2026/09/18 01:26:01.009, 160.09, 100, 7503
2026/09/18 01:26:02.010, 163.25, 99, 7503
2026/09/18 01:26:03.010, 163.40, 100, 7503
2026/09/18 01:26:04.010, 160.47, 100, 7503
2026/09/18 01:26:05.010, 159.93, 100, 7503
2026/09/18 01:26:06.010, 159.85, 99, 7503
2026/09/18 01:26:07.011, 162.89, 100, 7503
2026/09/18 01:26:08.019, 163.97, 99, 7503
2026/09/18 01:26:09.019, 160.33, 99, 7503
2026/09/18 01:26:10.020, 160.10, 100, 7503
2026/09/18 01:26:11.020, 160.08, 99, 7503
2026/09/18 01:26:12.020, 162.25, 100, 7503
2026/09/18 01:26:13.020, 163.97, 99, 7503
2026/09/18 01:26:14.021, 161.35, 99, 7503
2026/09/18 01:26:15.021, 160.15, 100, 7503
2026/09/18 01:26:16.021, 160.25, 100, 7503
2026/09/18 01:26:17.021, 162.46, 99, 7503
2026/09/18 01:26:18.021, 164.26, 100, 7503
2026/09/18 01:26:19.022, 161.58, 100, 7503
2026/09/18 01:26:20.022, 160.11, 100, 7503
2026/09/18 01:26:21.022, 159.99, 100, 7503
2026/09/18 01:26:22.022, 161.69, 100, 7503
2026/09/18 01:26:23.031, 163.94, 99, 7503
2026/09/18 01:26:24.031, 162.11, 100, 7503
2026/09/18 01:26:25.031, 159.85, 99, 7503
2026/09/18 01:26:26.031, 160.00, 99, 7503
2026/09/18 01:26:27.032, 161.10, 99, 7503
2026/09/18 01:26:28.040, 163.98, 100, 7503
2026/09/18 01:26:29.041, 162.25, 99, 7503
2026/09/18 01:26:30.041, 160.04, 100, 7503
2026/09/18 01:26:31.041, 160.08, 100, 7503
2026/09/18 01:26:32.041, 160.76, 100, 7503
2026/09/18 01:26:33.050, 163.82, 99, 7503
2026/09/18 01:26:34.050, 162.76, 100, 7503
2026/09/18 01:26:35.050, 160.23, 100, 7503
2026/09/18 01:26:36.050, 160.08, 100, 7503
2026/09/18 01:26:37.051, 160.12, 98, 7503
2026/09/18 01:26:38.059, 163.58, 100, 7503
2026/09/18 01:26:39.060, 163.29, 100, 7503
2026/09/18 01:26:40.060, 159.96, 99, 7503
2026/09/18 01:26:41.060, 160.27, 100, 7503
2026/09/18 01:26:42.060, 160.27, 100, 7503
2026/09/18 01:26:43.069, 163.32, 99, 7503
2026/09/18 01:26:44.069, 163.76, 100, 7503
2026/09/18 01:26:45.069, 160.13, 100, 7503
2026/09/18 01:26:46.069, 159.74, 100, 7503
2026/09/18 01:26:47.070, 159.84, 100, 7503
2026/09/18 01:26:48.070, 162.64, 100, 7503
2026/09/18 01:26:49.070, 163.76, 100, 7503
2026/09/18 01:26:50.070, 160.32, 100, 7503
2026/09/18 01:26:51.071, 159.97, 99, 7503
2026/09/18 01:26:52.071, 160.04, 100, 7503
2026/09/18 01:26:53.071, 162.28, 99, 7503
2026/09/18 01:26:54.071, 163.85, 100, 7503
2026/09/18 01:26:55.071, 161.30, 99, 7503
2026/09/18 01:26:56.072, 160.12, 100, 7503
2026/09/18 01:26:57.072, 160.08, 100, 7503
2026/09/18 01:26:58.072, 161.64, 100, 7503
2026/09/18 01:26:59.072, 163.54, 100, 7503
2026/09/18 01:27:00.072, 161.46, 100, 7503
2026/09/18 01:27:01.073, 159.82, 100, 7503
2026/09/18 01:27:02.073, 159.78, 99, 7503
2026/09/18 01:27:03.073, 116.49, 24, 7503
2026/09/18 01:27:04.073, 97.52, 99, 7503
2026/09/18 01:27:05.073, 160.77, 100, 7503
2026/09/18 01:27:06.074, 160.32, 100, 7503
2026/09/18 01:27:07.074, 160.57, 100, 7503
2026/09/18 01:27:08.074, 161.37, 100, 7503
2026/09/18 01:27:09.074, 160.11, 100, 7503
2026/09/18 01:27:10.074, 160.40, 100, 7503
2026/09/18 01:27:11.075, 161.69, 100, 7503
2026/09/18 01:27:12.075, 160.30, 100, 7503
2026/09/18 01:27:13.075, 160.62, 100, 7503
2026/09/18 01:27:14.075, 161.24, 100, 7503
2026/09/18 01:27:15.075, 160.50, 100, 7503
2026/09/18 01:27:16.076, 160.58, 100, 7503
2026/09/18 01:27:17.076, 161.76, 100, 7503
2026/09/18 01:27:18.076, 160.60, 100, 7503
2026/09/18 01:27:19.076, 161.07, 100, 7503
2026/09/18 01:27:20.077, 161.63, 100, 7503
2026/09/18 01:27:21.077, 160.25, 100, 7503
2026/09/18 01:27:22.077, 160.47, 100, 7503
2026/09/18 01:27:23.077, 161.02, 100, 7503
2026/09/18 01:27:24.078, 160.29, 100, 7503
2026/09/18 01:27:25.078, 160.76, 100, 7503
2026/09/18 01:27:26.078, 161.50, 100, 7503
2026/09/18 01:27:27.078, 160.53, 99, 7503
2026/09/18 01:27:28.078, 159.56, 100, 7503
2026/09/18 01:27:29.079, 161.24, 100, 7503
2026/09/18 01:27:30.079, 160.21, 100, 7503
2026/09/18 01:27:31.079, 160.75, 100, 7503
2026/09/18 01:27:32.079, 161.08, 100, 7503
2026/09/18 01:27:33.079, 159.36, 100, 7503
2026/09/18 01:27:34.080, 160.63, 100, 7503
2026/09/18 01:27:35.080, 161.35, 100, 7503
2026/09/18 01:27:36.080, 160.46, 100, 7503
2026/09/18 01:27:37.080, 161.31, 100, 7503
2026/09/18 01:27:38.080, 161.61, 100, 7503
2026/09/18 01:27:39.081, 159.95, 98, 7503
2026/09/18 01:27:40.081, 160.42, 100, 7503
2026/09/18 01:27:41.081, 161.49, 100, 7503
2026/09/18 01:27:42.081, 159.75, 99, 7503
2026/09/18 01:27:43.082, 160.78, 100, 7503
2026/09/18 01:27:44.082, 161.14, 100, 7503
2026/09/18 01:27:45.082, 159.60, 98, 7503
2026/09/18 01:27:46.082, 160.43, 100, 7503
2026/09/18 01:27:47.082, 161.35, 100, 7503
2026/09/18 01:27:48.083, 159.99, 99, 7503
2026/09/18 01:27:49.083, 160.81, 100, 7503
2026/09/18 01:27:50.083, 161.34, 100, 7503
2026/09/18 01:27:51.083, 159.89, 98, 7503
2026/09/18 01:27:52.083, 160.65, 100, 7503
2026/09/18 01:27:53.084, 161.05, 100, 7503
2026/09/18 01:27:54.084, 160.28, 99, 7503
2026/09/18 01:27:55.084, 161.10, 100, 7503
2026/09/18 01:27:56.084, 160.88, 100, 7503
2026/09/18 01:27:57.084, 159.89, 98, 7503
2026/09/18 01:27:58.085, 160.76, 100, 7503
2026/09/18 01:27:59.085, 161.02, 100, 7503
2026/09/18 01:28:00.085, 160.18, 98, 7503
2026/09/18 01:28:01.085, 160.81, 100, 7503
2026/09/18 01:28:02.086, 160.64, 100, 7503
2026/09/18 01:28:03.086, 159.82, 98, 7503
2026/09/18 01:28:04.086, 160.74, 100, 7503
2026/09/18 01:28:05.086, 161.08, 100, 7503
2026/09/18 01:28:06.087, 160.47, 99, 7503
2026/09/18 01:28:07.087, 161.04, 100, 7503
2026/09/18 01:28:08.087, 160.94, 100, 7503
2026/09/18 01:28:09.087, 159.80, 98, 7503
2026/09/18 01:28:10.087, 160.66, 100, 7503
2026/09/18 01:28:11.088, 160.36, 100, 7503
2026/09/18 01:28:12.088, 160.09, 99, 7503
2026/09/18 01:28:13.088, 161.14, 100, 7503
2026/09/18 01:28:14.088, 160.67, 100, 7503
2026/09/18 01:28:15.088, 159.71, 98, 7503
2026/09/18 01:28:16.089, 161.35, 100, 7503
2026/09/18 01:28:17.089, 161.02, 100, 7503
2026/09/18 01:28:18.097, 160.07, 98, 7503
2026/09/18 01:28:19.098, 160.98, 100, 7503
2026/09/18 01:28:20.098, 160.35, 100, 7503
2026/09/18 01:28:21.098, 159.87, 98, 7503
2026/09/18 01:28:22.098, 161.27, 100, 7503
2026/09/18 01:28:23.107, 160.90, 100, 7503
2026/09/18 01:28:24.107, 160.25, 99, 7503
2026/09/18 01:28:25.107, 161.30, 100, 7503
2026/09/18 01:28:26.108, 160.35, 100, 7503
2026/09/18 01:28:27.108, 159.94, 98, 7503
2026/09/18 01:28:28.108, 160.99, 100, 7503
2026/09/18 01:28:29.108, 160.39, 100, 7503
2026/09/18 01:28:30.108, 160.47, 99, 7503
2026/09/18 01:28:31.109, 161.11, 100, 7503
2026/09/18 01:28:32.109, 160.24, 100, 7503
2026/09/18 01:28:33.109, 160.31, 98, 7503
2026/09/18 01:28:34.109, 160.87, 100, 7503
2026/09/18 01:28:35.109, 160.26, 100, 7503
2026/09/18 01:28:36.110, 160.40, 100, 7503
2026/09/18 01:28:37.110, 161.21, 100, 7503
2026/09/18 01:28:38.110, 160.39, 100, 7503
2026/09/18 01:28:39.110, 160.26, 100, 7503
2026/09/18 01:28:40.110, 161.58, 100, 7503
2026/09/18 01:28:41.111, 160.31, 100, 7503
2026/09/18 01:28:42.111, 160.62, 100, 7503
2026/09/18 01:28:43.111, 161.31, 100, 7503
2026/09/18 01:28:44.111, 160.59, 100, 7503
2026/09/18 01:28:45.111, 160.02, 100, 7503
2026/09/18 01:28:46.112, 161.49, 100, 7503
2026/09/18 01:28:47.112, 160.09, 100, 7503
2026/09/18 01:28:48.112, 160.71, 100, 7503
2026/09/18 01:28:49.112, 161.67, 100, 7503
2026/09/18 01:28:50.112, 160.36, 100, 7503
2026/09/18 01:28:51.113, 160.36, 100, 7503
2026/09/18 01:28:52.113, 159.87, 100, 7503
2026/09/18 01:28:53.113, 160.21, 100, 7503
2026/09/18 01:28:54.113, 160.60, 100, 7503
2026/09/18 01:28:55.113, 161.68, 100, 7503
2026/09/18 01:28:56.114, 159.90, 100, 7503
2026/09/18 01:28:57.114, 159.46, 100, 7503
2026/09/18 01:28:58.114, 162.14, 100, 7503
2026/09/18 01:28:59.114, 160.22, 100, 7503
2026/09/18 01:29:00.114, 160.57, 100, 7503
2026/09/18 01:29:01.115, 161.53, 100, 7503
2026/09/18 01:29:02.115, 160.02, 100, 7503
2026/09/18 01:29:03.115, 158.97, 100, 7503
2026/09/18 01:29:04.115, 161.10, 100, 7503
2026/09/18 01:29:05.115, 160.41, 100, 7503
2026/09/18 01:29:06.116, 160.62, 100, 7503
2026/09/18 01:29:07.116, 160.93, 100, 7503
2026/09/18 01:29:08.116, 159.48, 100, 7503
2026/09/18 01:29:09.116, 159.99, 100, 7503
2026/09/18 01:29:10.116, 161.57, 100, 7503
2026/09/18 01:29:11.116, 160.17, 100, 7503
2026/09/18 01:29:12.117, 160.70, 100, 7503
2026/09/18 01:29:13.117, 161.78, 100, 7503
2026/09/18 01:29:14.117, 160.35, 100, 7503
2026/09/18 01:29:15.117, 160.62, 100, 7503
2026/09/18 01:29:16.117, 161.47, 100, 7503
2026/09/18 01:29:17.118, 160.03, 100, 7503
2026/09/18 01:29:18.118, 160.97, 100, 7503
2026/09/18 01:29:19.118, 161.49, 100, 7503
2026/09/18 01:29:20.118, 160.31, 100, 7503
2026/09/18 01:29:21.118, 160.41, 100, 7503
2026/09/18 01:29:22.119, 161.01, 100, 7503
2026/09/18 01:29:23.119, 160.28, 100, 7503
2026/09/18 01:29:24.119, 161.04, 100, 7503
2026/09/18 01:29:25.119, 160.97, 100, 7503
2026/09/18 01:29:26.119, 160.03, 98, 7503
2026/09/18 01:29:27.120, 160.40, 100, 7503
2026/09/18 01:29:28.120, 161.00, 100, 7503
2026/09/18 01:29:29.120, 159.91, 99, 7503
2026/09/18 01:29:30.120, 160.68, 100, 7503
2026/09/18 01:29:31.121, 160.96, 100, 7503
2026/09/18 01:29:32.121, 159.80, 98, 7503
2026/09/18 01:29:33.121, 160.74, 100, 7503
2026/09/18 01:29:34.121, 161.08, 100, 7503
2026/09/18 01:29:35.121, 160.20, 98, 7503
2026/09/18 01:29:36.122, 161.61, 100, 7503
2026/09/18 01:29:37.122, 161.38, 100, 7503
2026/09/18 01:29:38.131, 160.04, 98, 7503
2026/09/18 01:29:39.131, 161.29, 99, 7503
2026/09/18 01:29:40.131, 164.20, 100, 7503
2026/09/18 01:29:41.131, 160.79, 100, 7503
2026/09/18 01:29:42.131, 159.07, 100, 7503
2026/09/18 01:29:43.132, 159.19, 100, 7503
2026/09/18 01:29:44.132, 160.70, 100, 7503
2026/09/18 01:29:45.132, 163.82, 99, 7503
2026/09/18 01:29:46.132, 162.05, 100, 7503
2026/09/18 01:29:47.132, 160.31, 99, 7503
2026/09/18 01:29:48.133, 160.15, 99, 7503
2026/09/18 01:29:49.133, 161.02, 99, 7503
2026/09/18 01:29:50.133, 163.76, 100, 7503
2026/09/18 01:29:51.133, 162.39, 99, 7503
2026/09/18 01:29:52.134, 160.01, 100, 7503
2026/09/18 01:29:53.134, 159.17, 100, 7503
2026/09/18 01:29:54.134, 159.68, 100, 7503
2026/09/18 01:29:55.134, 163.99, 99, 7503
2026/09/18 01:29:56.134, 162.79, 100, 7503
2026/09/18 01:29:57.135, 159.13, 100, 7503
2026/09/18 01:29:58.143, 159.15, 99, 7503
2026/09/18 01:29:59.144, 159.07, 100, 7503
2026/09/18 01:30:00.144, 163.27, 100, 7503
2026/09/18 01:30:01.144, 163.43, 99, 7503
2026/09/18 01:30:02.144, 159.26, 100, 7503
2026/09/18 01:30:03.144, 159.21, 100, 7503
2026/09/18 01:30:04.145, 159.39, 100, 7503
2026/09/18 01:30:05.145, 162.83, 99, 7503
2026/09/18 01:30:06.145, 163.78, 100, 7503
2026/09/18 01:30:07.145, 159.91, 100, 7503
2026/09/18 01:30:08.145, 159.13, 100, 7503
2026/09/18 01:30:09.145, 159.04, 99, 7503
2026/09/18 01:30:10.146, 161.73, 100, 7503
2026/09/18 01:30:11.146, 163.84, 99, 7503
2026/09/18 01:30:12.146, 160.63, 99, 7503
2026/09/18 01:30:13.146, 159.32, 100, 7503
2026/09/18 01:30:14.146, 159.13, 100, 7503
2026/09/18 01:30:15.147, 161.52, 100, 7503
2026/09/18 01:30:16.147, 163.99, 100, 7503
2026/09/18 01:30:17.147, 161.33, 100, 7503
2026/09/18 01:30:18.147, 159.07, 100, 7503
2026/09/18 01:30:19.148, 159.07, 99, 7503
2026/09/18 01:30:20.148, 160.64, 100, 7503
2026/09/18 01:30:21.148, 163.82, 99, 7503
2026/09/18 01:30:22.148, 162.45, 100, 7503
2026/09/18 01:30:23.148, 159.65, 99, 7503
2026/09/18 01:30:24.149, 160.11, 100, 7503
2026/09/18 01:30:25.149, 160.84, 100, 7503
2026/09/18 01:30:26.149, 163.97, 100, 7503
2026/09/18 01:30:27.149, 162.38, 100, 7503
2026/09/18 01:30:28.149, 159.19, 100, 7503
2026/09/18 01:30:29.150, 159.86, 100, 7503
2026/09/18 01:30:30.150, 160.24, 98, 7503
2026/09/18 01:30:31.150, 163.55, 99, 7503
2026/09/18 01:30:32.150, 163.06, 100, 7503
2026/09/18 01:30:33.150, 160.00, 100, 7503
2026/09/18 01:30:34.151, 160.03, 99, 7503
2026/09/18 01:30:35.151, 160.09, 100, 7503
2026/09/18 01:30:36.151, 163.13, 100, 7503
2026/09/18 01:30:37.151, 163.73, 99, 7503
2026/09/18 01:30:38.160, 160.04, 100, 7503
2026/09/18 01:30:39.160, 160.07, 100, 7503
2026/09/18 01:30:40.160, 160.10, 100, 7503
2026/09/18 01:30:41.161, 162.97, 99, 7503
2026/09/18 01:30:42.161, 163.78, 100, 7503
2026/09/18 01:30:43.161, 160.35, 100, 7503
2026/09/18 01:30:44.161, 160.18, 100, 7503
2026/09/18 01:30:45.161, 159.20, 99, 7503
2026/09/18 01:30:46.162, 161.79, 100, 7503
2026/09/18 01:30:47.162, 163.92, 99, 7503
2026/09/18 01:30:48.171, 161.16, 99, 7503
2026/09/18 01:30:49.171, 160.05, 100, 7503
2026/09/18 01:30:50.171, 159.58, 100, 7503
2026/09/18 01:30:51.171, 161.41, 100, 7503
2026/09/18 01:30:52.171, 163.93, 100, 7503
2026/09/18 01:30:53.180, 161.49, 100, 7503
2026/09/18 01:30:54.180, 159.36, 100, 7503
2026/09/18 01:30:55.181, 159.25, 100, 7503
2026/09/18 01:30:56.181, 160.92, 100, 7503
2026/09/18 01:30:57.181, 164.07, 99, 7503
2026/09/18 01:30:58.190, 161.76, 100, 7503
2026/09/18 01:30:59.190, 159.35, 99, 7503
2026/09/18 01:31:00.190, 159.08, 100, 7503
2026/09/18 01:31:01.190, 160.00, 100, 7503
2026/09/18 01:31:02.191, 163.85, 100, 7503
2026/09/18 01:31:03.199, 162.60, 100, 7503
2026/09/18 01:31:04.199, 159.32, 100, 7503
2026/09/18 01:31:05.200, 159.08, 100, 7503
2026/09/18 01:31:06.200, 159.27, 98, 7503
2026/09/18 01:31:07.200, 163.79, 100, 7503
2026/09/18 01:31:08.201, 163.10, 100, 7503
2026/09/18 01:31:09.201, 159.87, 99, 7503
2026/09/18 01:31:10.201, 159.89, 99, 7503
2026/09/18 01:31:11.201, 159.94, 100, 7503
2026/09/18 01:31:12.202, 49.28, 95, 7503
2026/09/18 01:31:13.210, 159.78, 100, 7503
2026/09/18 01:31:14.210, 160.46, 100, 7503
2026/09/18 01:31:15.211, 160.08, 99, 7503
2026/09/18 01:31:16.211, 161.14, 100, 7503
2026/09/18 01:31:17.211, 160.64, 100, 7503
2026/09/18 01:31:18.220, 160.49, 100, 7503
2026/09/18 01:31:19.220, 161.41, 100, 7503
2026/09/18 01:31:20.220, 160.19, 100, 7503
2026/09/18 01:31:21.220, 160.45, 100, 7503
2026/09/18 01:31:22.220, 161.72, 100, 7503
2026/09/18 01:31:23.223, 160.65, 100, 7503
2026/09/18 01:31:24.223, 160.47, 100, 7503
2026/09/18 01:31:25.223, 161.18, 100, 7503
2026/09/18 01:31:26.223, 160.13, 100, 7503
2026/09/18 01:31:27.224, 160.25, 100, 7503
2026/09/18 01:31:28.224, 161.78, 100, 7503
2026/09/18 01:31:29.224, 160.24, 100, 7503
2026/09/18 01:31:30.224, 160.45, 100, 7503
2026/09/18 01:31:31.225, 161.08, 100, 7503
2026/09/18 01:31:32.225, 160.65, 100, 7503
2026/09/18 01:31:33.225, 160.51, 100, 7503
2026/09/18 01:31:34.225, 161.46, 100, 7503
2026/09/18 01:31:35.225, 160.07, 100, 7503
2026/09/18 01:31:36.226, 160.62, 100, 7503
2026/09/18 01:31:37.226, 160.81, 100, 7503
2026/09/18 01:31:38.226, 160.04, 99, 7503
2026/09/18 01:31:39.226, 160.40, 100, 7503
2026/09/18 01:31:40.227, 161.60, 100, 7503
2026/09/18 01:31:41.227, 159.99, 99, 7503
2026/09/18 01:31:42.227, 160.86, 100, 7503
2026/09/18 01:31:43.227, 160.97, 100, 7503
2026/09/18 01:31:44.227, 159.68, 98, 7503
2026/09/18 01:31:45.228, 160.29, 100, 7503
2026/09/18 01:31:46.228, 160.99, 100, 7503
2026/09/18 01:31:47.228, 160.14, 99, 7503
2026/09/18 01:31:48.228, 160.64, 100, 7503
2026/09/18 01:31:49.228, 160.85, 100, 7503
2026/09/18 01:31:50.229, 159.54, 98, 7503
2026/09/18 01:31:51.229, 160.57, 100, 7503
2026/09/18 01:31:52.229, 160.67, 100, 7503
2026/09/18 01:31:53.229, 160.02, 99, 7503
2026/09/18 01:31:54.232, 159.93, 100, 7503
2026/09/18 01:31:55.233, 160.98, 100, 7503
2026/09/18 01:31:56.233, 159.69, 98, 7503
2026/09/18 01:31:57.233, 160.68, 100, 7503
2026/09/18 01:31:58.233, 161.22, 100, 7503
2026/09/18 01:31:59.242, 160.23, 98, 7503
2026/09/18 01:32:00.242, 160.95, 100, 7503
2026/09/18 01:32:01.242, 160.91, 100, 7503
2026/09/18 01:32:02.243, 159.92, 98, 7503
2026/09/18 01:32:03.243, 160.89, 100, 7503
2026/09/18 01:32:04.251, 161.02, 100, 7503
2026/09/18 01:32:05.252, 160.26, 99, 7503
2026/09/18 01:32:06.252, 161.57, 100, 7503
2026/09/18 01:32:07.252, 161.12, 100, 7503
2026/09/18 01:32:08.252, 159.97, 98, 7503
2026/09/18 01:32:09.253, 161.04, 100, 7503
2026/09/18 01:32:10.253, 160.68, 100, 7503
2026/09/18 01:32:11.253, 160.09, 99, 7503
2026/09/18 01:32:12.253, 161.27, 100, 7503
2026/09/18 01:32:13.253, 160.46, 100, 7503
2026/09/18 01:32:14.262, 160.03, 98, 7503
2026/09/18 01:32:15.262, 160.78, 100, 7503
2026/09/18 01:32:16.262, 160.75, 100, 7503
2026/09/18 01:32:17.263, 160.31, 99, 7503
2026/09/18 01:32:18.263, 161.44, 100, 7503
2026/09/18 01:32:19.271, 160.96, 100, 7503
2026/09/18 01:32:20.272, 160.20, 98, 7503
2026/09/18 01:32:21.272, 160.90, 100, 7503
2026/09/18 01:32:22.272, 161.05, 100, 7503
2026/09/18 01:32:23.272, 160.10, 99, 7503
2026/09/18 01:32:24.281, 161.20, 100, 7503
2026/09/18 01:32:25.281, 160.64, 100, 7503
2026/09/18 01:32:26.281, 159.82, 98, 7503
2026/09/18 01:32:27.282, 160.76, 100, 7503
2026/09/18 01:32:28.282, 160.47, 100, 7503
2026/09/18 01:32:29.282, 160.39, 99, 7503
2026/09/18 01:32:30.282, 161.48, 100, 7503
2026/09/18 01:32:31.282, 160.91, 100, 7503
2026/09/18 01:32:32.283, 159.93, 98, 7503
2026/09/18 01:32:33.283, 160.87, 100, 7503
2026/09/18 01:32:34.283, 160.50, 100, 7503
2026/09/18 01:32:35.283, 160.64, 99, 7503
2026/09/18 01:32:36.284, 161.34, 100, 7503
2026/09/18 01:32:37.284, 160.39, 100, 7503
2026/09/18 01:32:38.284, 160.44, 99, 7503
2026/09/18 01:32:39.293, 161.15, 100, 7503
2026/09/18 01:32:40.293, 160.69, 100, 7503
2026/09/18 01:32:41.293, 160.80, 100, 7503
2026/09/18 01:32:42.293, 161.72, 100, 7503
2026/09/18 01:32:43.294, 160.22, 100, 7503
2026/09/18 01:32:44.294, 160.62, 100, 7503
2026/09/18 01:32:45.294, 162.18, 100, 7503
2026/09/18 01:32:46.294, 160.52, 100, 7503
2026/09/18 01:32:47.294, 161.08, 100, 7503
2026/09/18 01:32:48.295, 161.88, 100, 7503
2026/09/18 01:32:49.295, 160.60, 100, 7503
2026/09/18 01:32:50.295, 160.66, 100, 7503
2026/09/18 01:32:51.295, 161.85, 100, 7503
2026/09/18 01:32:52.296, 160.26, 100, 7503
2026/09/18 01:32:53.296, 161.13, 100, 7503
2026/09/18 01:32:54.304, 161.59, 100, 7503
2026/09/18 01:32:55.305, 160.58, 100, 7503
2026/09/18 01:32:56.305, 160.96, 100, 7503
2026/09/18 01:32:57.305, 161.76, 100, 7503
2026/09/18 01:32:58.305, 160.21, 100, 7503
2026/09/18 01:32:59.314, 160.69, 100, 7503
2026/09/18 01:33:00.314, 161.13, 100, 7503
2026/09/18 01:33:01.314, 160.39, 99, 7503
2026/09/18 01:33:02.315, 160.77, 100, 7503
2026/09/18 01:33:03.315, 160.82, 100, 7503
2026/09/18 01:33:04.315, 160.24, 99, 7503
2026/09/18 01:33:05.315, 161.27, 100, 7503
2026/09/18 01:33:06.316, 161.40, 100, 7503
2026/09/18 01:33:07.316, 159.51, 98, 7503
2026/09/18 01:33:08.316, 160.60, 100, 7503
2026/09/18 01:33:09.316, 160.90, 100, 7503
2026/09/18 01:33:10.316, 160.08, 99, 7503
2026/09/18 01:33:11.317, 160.99, 100, 7503
2026/09/18 01:33:12.317, 161.40, 100, 7503
2026/09/18 01:33:13.317, 159.93, 98, 7503
2026/09/18 01:33:14.317, 160.86, 100, 7503
2026/09/18 01:33:15.317, 161.04, 100, 7503
2026/09/18 01:33:16.318, 160.40, 99, 7503
2026/09/18 01:33:17.318, 161.27, 100, 7503
2026/09/18 01:33:18.318, 160.99, 100, 7503
2026/09/18 01:33:19.318, 160.08, 98, 7503
2026/09/18 01:33:20.318, 160.89, 100, 7503
2026/09/18 01:33:21.319, 161.51, 100, 7503
2026/09/18 01:33:22.319, 160.44, 98, 7503
2026/09/18 01:33:23.319, 160.97, 100, 7503
2026/09/18 01:33:24.319, 161.14, 100, 7503
2026/09/18 01:33:25.320, 160.07, 98, 7503
2026/09/18 01:33:26.320, 161.01, 100, 7503
2026/09/18 01:33:27.320, 160.96, 100, 7503
2026/09/18 01:33:28.320, 160.34, 98, 7503
2026/09/18 01:33:29.320, 161.29, 100, 7503
2026/09/18 01:33:30.321, 161.27, 100, 7503
2026/09/18 01:33:31.321, 160.06, 98, 7503
2026/09/18 01:33:32.321, 160.99, 100, 7503
2026/09/18 01:33:33.321, 161.26, 100, 7503
2026/09/18 01:33:34.322, 160.32, 99, 7503
2026/09/18 01:33:35.322, 160.15, 100, 7503
2026/09/18 01:33:36.322, 160.63, 100, 7503
2026/09/18 01:33:37.322, 160.36, 98, 7503
2026/09/18 01:33:38.322, 161.16, 100, 7503
2026/09/18 01:33:39.322, 160.85, 100, 7503
2026/09/18 01:33:40.323, 160.48, 99, 7503
2026/09/18 01:33:41.323, 161.54, 100, 7503
2026/09/18 01:33:42.323, 161.36, 100, 7503
2026/09/18 01:33:43.323, 160.28, 98, 7503
2026/09/18 01:33:44.324, 161.61, 100, 7503
2026/09/18 01:33:45.324, 161.13, 100, 7503
2026/09/18 01:33:46.324, 159.38, 94, 7503
2026/09/18 01:33:47.324, 162.34, 100, 7503
2026/09/18 01:33:48.324, 163.34, 100, 7503
2026/09/18 01:33:49.325, 159.34, 99, 7503
2026/09/18 01:33:50.325, 159.27, 100, 7503
2026/09/18 01:33:51.325, 159.32, 100, 7503
2026/09/18 01:33:52.325, 163.00, 99, 7503
2026/09/18 01:33:53.326, 164.31, 100, 7503
2026/09/18 01:33:54.326, 160.37, 100, 7503
2026/09/18 01:33:55.326, 160.29, 100, 7503
2026/09/18 01:33:56.326, 160.22, 100, 7503
2026/09/18 01:33:57.326, 162.63, 100, 7503
2026/09/18 01:33:58.327, 164.04, 100, 7503
2026/09/18 01:33:59.327, 160.62, 100, 7503
2026/09/18 01:34:00.327, 160.13, 99, 7503
2026/09/18 01:34:01.327, 160.00, 100, 7503
2026/09/18 01:34:02.328, 162.07, 99, 7503
2026/09/18 01:34:03.328, 164.17, 100, 7503
2026/09/18 01:34:04.336, 160.84, 100, 7503
2026/09/18 01:34:05.337, 159.42, 100, 7503
2026/09/18 01:34:06.337, 159.34, 100, 7503
2026/09/18 01:34:07.337, 161.17, 100, 7503
2026/09/18 01:34:08.337, 163.98, 100, 7503
2026/09/18 01:34:09.346, 161.64, 100, 7503
2026/09/18 01:34:10.346, 159.30, 100, 7503
2026/09/18 01:34:11.346, 159.14, 99, 7503
2026/09/18 01:34:12.346, 160.54, 99, 7503
2026/09/18 01:34:13.347, 163.93, 100, 7503
2026/09/18 01:34:14.355, 162.11, 99, 7503
2026/09/18 01:34:15.356, 159.50, 100, 7503
2026/09/18 01:34:16.356, 159.40, 100, 7503
2026/09/18 01:34:17.356, 160.34, 100, 7503
2026/09/18 01:34:18.356, 164.18, 99, 7503
2026/09/18 01:34:19.365, 162.79, 100, 7503
2026/09/18 01:34:20.365, 159.13, 100, 7503
2026/09/18 01:34:21.365, 159.34, 99, 7503
2026/09/18 01:34:22.365, 159.68, 98, 7503
2026/09/18 01:34:23.366, 163.86, 100, 7503
2026/09/18 01:34:24.374, 163.19, 99, 7503
2026/09/18 01:34:25.375, 159.30, 99, 7503
2026/09/18 01:34:26.375, 159.15, 100, 7503
2026/09/18 01:34:27.376, 159.44, 100, 7503
2026/09/18 01:34:28.376, 163.39, 99, 7503
2026/09/18 01:34:29.376, 163.95, 100, 7503
2026/09/18 01:34:30.376, 159.69, 100, 7503
2026/09/18 01:34:31.377, 159.45, 100, 7503
2026/09/18 01:34:32.377, 159.39, 99, 7503
2026/09/18 01:34:33.377, 162.96, 100, 7503
2026/09/18 01:34:34.377, 164.08, 99, 7503
2026/09/18 01:34:35.378, 160.62, 99, 7503
2026/09/18 01:34:36.378, 159.51, 99, 7503
2026/09/18 01:34:37.378, 159.47, 99, 7503
2026/09/18 01:34:38.378, 162.20, 100, 7503
2026/09/18 01:34:39.379, 164.05, 99, 7503
2026/09/18 01:34:40.379, 160.88, 99, 7503
2026/09/18 01:34:41.379, 159.51, 100, 7503
2026/09/18 01:34:42.379, 159.33, 100, 7503
2026/09/18 01:34:43.379, 161.29, 100, 7503
2026/09/18 01:34:44.380, 163.98, 100, 7503
2026/09/18 01:34:45.380, 161.85, 100, 7503
2026/09/18 01:34:46.380, 159.58, 100, 7503
2026/09/18 01:34:47.380, 159.48, 99, 7503
2026/09/18 01:34:48.381, 161.02, 99, 7503
2026/09/18 01:34:49.381, 163.98, 100, 7503
2026/09/18 01:34:50.381, 162.06, 99, 7503
2026/09/18 01:34:51.381, 160.21, 99, 7503
2026/09/18 01:34:52.381, 159.38, 100, 7503
2026/09/18 01:34:53.382, 160.07, 100, 7503
2026/09/18 01:34:54.382, 163.99, 100, 7503
2026/09/18 01:34:55.382, 162.78, 100, 7503
2026/09/18 01:34:56.382, 159.35, 100, 7503
2026/09/18 01:34:57.382, 159.38, 100, 7503
2026/09/18 01:34:58.383, 159.29, 98, 7503
2026/09/18 01:34:59.383, 163.55, 100, 7503
2026/09/18 01:35:00.383, 163.49, 100, 7503
2026/09/18 01:35:01.383, 159.33, 99, 7503
2026/09/18 01:35:02.384, 159.38, 100, 7503
2026/09/18 01:35:03.384, 159.15, 100, 7503
2026/09/18 01:35:04.384, 163.23, 99, 7503
2026/09/18 01:35:05.384, 164.09, 100, 7503
2026/09/18 01:35:06.384, 159.27, 100, 7503
2026/09/18 01:35:07.385, 159.17, 100, 7503
2026/09/18 01:35:08.385, 158.89, 100, 7503
2026/09/18 01:35:09.385, 162.18, 100, 7503
2026/09/18 01:35:10.385, 164.18, 100, 7503
2026/09/18 01:35:11.385, 160.52, 100, 7503
2026/09/18 01:35:12.386, 159.44, 99, 7503
2026/09/18 01:35:13.386, 159.21, 100, 7503
2026/09/18 01:35:14.386, 161.75, 99, 7503
2026/09/18 01:35:15.386, 163.85, 100, 7503
2026/09/18 01:35:16.386, 160.82, 100, 7503
2026/09/18 01:35:17.387, 159.37, 100, 7503
2026/09/18 01:35:18.387, 159.12, 100, 7503
2026/09/18 01:35:19.387, 104.16, 8, 7503
2026/09/18 01:35:20.387, 97.58, 100, 7503
2026/09/18 01:35:21.387, 160.94, 100, 7503
2026/09/18 01:35:22.388, 160.02, 99, 7503
2026/09/18 01:35:23.388, 160.89, 100, 7503
2026/09/18 01:35:24.388, 160.93, 100, 7503
2026/09/18 01:35:25.388, 159.10, 90, 7503
2026/09/18 01:35:26.389, 159.66, 100, 7503
2026/09/18 01:35:27.389, 161.47, 100, 7503
2026/09/18 01:35:28.389, 159.91, 98, 7503
2026/09/18 01:35:29.389, 160.82, 100, 7503
2026/09/18 01:35:30.389, 161.33, 100, 7503
2026/09/18 01:35:31.390, 158.96, 98, 7503
2026/09/18 01:35:32.390, 160.87, 100, 7503
2026/09/18 01:35:33.390, 161.32, 100, 7503
2026/09/18 01:35:34.390, 160.23, 99, 7503
2026/09/18 01:35:35.391, 161.00, 100, 7503
2026/09/18 01:35:36.391, 160.94, 100, 7503
2026/09/18 01:35:37.391, 159.75, 98, 7503
2026/09/18 01:35:38.391, 160.75, 100, 7503
2026/09/18 01:35:39.391, 161.56, 100, 7503
2026/09/18 01:35:40.392, 160.35, 99, 7503
2026/09/18 01:35:41.392, 161.10, 100, 7503
2026/09/18 01:35:42.392, 161.43, 100, 7503
2026/09/18 01:35:43.392, 160.02, 98, 7503
2026/09/18 01:35:44.392, 160.78, 100, 7503
2026/09/18 01:35:45.393, 160.46, 100, 7503
2026/09/18 01:35:46.393, 160.23, 99, 7503
2026/09/18 01:35:47.393, 161.46, 100, 7503
2026/09/18 01:35:48.393, 161.13, 100, 7503
2026/09/18 01:35:49.394, 159.92, 98, 7503
2026/09/18 01:35:50.394, 160.95, 100, 7503
2026/09/18 01:35:51.402, 161.26, 100, 7503
2026/09/18 01:35:52.403, 160.21, 99, 7503
2026/09/18 01:35:53.403, 161.05, 100, 7503
2026/09/18 01:35:54.403, 161.09, 100, 7503
2026/09/18 01:35:55.403, 160.12, 98, 7503
2026/09/18 01:35:56.403, 160.63, 100, 7503
2026/09/18 01:35:57.404, 160.51, 100, 7503
2026/09/18 01:35:58.404, 160.09, 99, 7503
2026/09/18 01:35:59.404, 161.06, 100, 7503
2026/09/18 01:36:00.404, 161.01, 100, 7503
2026/09/18 01:36:01.404, 159.91, 98, 7503
2026/09/18 01:36:02.405, 161.44, 100, 7503
2026/09/18 01:36:03.405, 161.05, 100, 7503
2026/09/18 01:36:04.405, 160.30, 98, 7503
2026/09/18 01:36:05.405, 161.52, 100, 7503
2026/09/18 01:36:06.406, 161.01, 100, 7503
2026/09/18 01:36:07.406, 160.12, 98, 7503
2026/09/18 01:36:08.406, 160.99, 100, 7503
2026/09/18 01:36:09.406, 160.52, 100, 7503
2026/09/18 01:36:10.407, 160.43, 98, 7503
2026/09/18 01:36:11.407, 161.43, 100, 7503
2026/09/18 01:36:12.407, 161.01, 100, 7503
2026/09/18 01:36:13.407, 160.53, 98, 7503
2026/09/18 01:36:14.408, 161.24, 100, 7503
2026/09/18 01:36:15.408, 160.57, 100, 7503
2026/09/18 01:36:16.408, 160.55, 99, 7503
2026/09/18 01:36:17.408, 161.48, 100, 7503
2026/09/18 01:36:18.408, 160.64, 100, 7503
2026/09/18 01:36:19.409, 160.46, 99, 7503
2026/09/18 01:36:20.409, 161.32, 100, 7503
2026/09/18 01:36:21.417, 161.12, 100, 7503
2026/09/18 01:36:22.418, 160.93, 100, 7503
2026/09/18 01:36:23.418, 161.62, 100, 7503
2026/09/18 01:36:24.418, 160.64, 100, 7503
2026/09/18 01:36:25.418, 160.32, 100, 7503
2026/09/18 01:36:26.427, 161.31, 100, 7503
2026/09/18 01:36:27.427, 160.86, 100, 7503
2026/09/18 01:36:28.427, 160.81, 100, 7503
2026/09/18 01:36:29.428, 161.63, 100, 7503
2026/09/18 01:36:30.428, 160.45, 100, 7503
2026/09/18 01:36:31.428, 160.65, 100, 7503
2026/09/18 01:36:32.428, 161.55, 100, 7503
2026/09/18 01:36:33.429, 160.03, 100, 7503
2026/09/18 01:36:34.429, 160.84, 100, 7503
2026/09/18 01:36:35.429, 161.23, 100, 7503
2026/09/18 01:36:36.429, 160.48, 100, 7503
2026/09/18 01:36:37.429, 159.04, 100, 7503
2026/09/18 01:36:38.429, 160.97, 100, 7503
2026/09/18 01:36:39.430, 160.01, 100, 7503
2026/09/18 01:36:40.430, 161.03, 100, 7503
2026/09/18 01:36:41.430, 161.17, 100, 7503
2026/09/18 01:36:42.430, 159.30, 100, 7503
2026/09/18 01:36:43.431, 160.16, 100, 7503
2026/09/18 01:36:44.431, 161.16, 100, 7503
2026/09/18 01:36:45.431, 160.03, 100, 7503
2026/09/18 01:36:46.431, 160.58, 100, 7503
2026/09/18 01:36:47.431, 160.58, 100, 7503
2026/09/18 01:36:48.432, 159.91, 100, 7503
2026/09/18 01:36:49.432, 160.03, 100, 7503
2026/09/18 01:36:50.432, 160.93, 100, 7503
2026/09/18 01:36:51.432, 159.85, 100, 7503
2026/09/18 01:36:52.432, 159.33, 100, 7503
2026/09/18 01:36:53.433, 161.34, 100, 7503
2026/09/18 01:36:54.433, 160.00, 100, 7503
2026/09/18 01:36:55.433, 160.05, 100, 7503
2026/09/18 01:36:56.433, 161.59, 100, 7503
2026/09/18 01:36:57.442, 160.09, 100, 7503
2026/09/18 01:36:58.442, 160.40, 100, 7503
2026/09/18 01:36:59.442, 160.76, 100, 7503
2026/09/18 01:37:00.442, 160.28, 100, 7503
2026/09/18 01:37:01.443, 160.58, 100, 7503
2026/09/18 01:37:02.451, 161.11, 100, 7503
2026/09/18 01:37:03.452, 160.13, 100, 7503
2026/09/18 01:37:04.452, 160.27, 100, 7503
2026/09/18 01:37:05.452, 160.82, 100, 7503
2026/09/18 01:37:06.452, 159.72, 98, 7503
2026/09/18 01:37:07.452, 160.46, 100, 7503
2026/09/18 01:37:08.453, 161.41, 100, 7503
2026/09/18 01:37:09.453, 159.67, 99, 7503
2026/09/18 01:37:10.453, 160.62, 100, 7503
2026/09/18 01:37:11.453, 160.76, 100, 7503
2026/09/18 01:37:12.454, 159.68, 98, 7503
2026/09/18 01:37:13.454, 161.39, 100, 7503
2026/09/18 01:37:14.454, 161.31, 100, 7503
2026/09/18 01:37:15.454, 159.90, 98, 7503
2026/09/18 01:37:16.454, 161.45, 100, 7503
2026/09/18 01:37:17.455, 160.65, 100, 7503
2026/09/18 01:37:18.455, 159.57, 98, 7503
2026/09/18 01:37:19.455, 160.54, 100, 7503
2026/09/18 01:37:20.455, 161.11, 100, 7503
2026/09/18 01:37:21.455, 159.98, 99, 7503
2026/09/18 01:37:22.456, 161.03, 100, 7503
2026/09/18 01:37:23.456, 160.79, 100, 7503
2026/09/18 01:37:24.456, 159.70, 98, 7503
2026/09/18 01:37:25.456, 160.71, 100, 7503
2026/09/18 01:37:26.457, 160.67, 100, 7503
2026/09/18 01:37:27.465, 160.19, 100, 7503
2026/09/18 01:37:28.465, 161.60, 100, 7503
2026/09/18 01:37:29.466, 160.54, 100, 7503
2026/09/18 01:37:30.466, 161.06, 100, 7503
2026/09/18 01:37:31.466, 161.35, 100, 7503
2026/09/18 01:37:32.475, 160.58, 100, 7503
2026/09/18 01:37:33.475, 160.69, 100, 7503
2026/09/18 01:37:34.475, 161.88, 100, 7503
2026/09/18 01:37:35.475, 160.44, 100, 7503
2026/09/18 01:37:36.475, 160.51, 100, 7503
2026/09/18 01:37:37.475, 161.08, 100, 7503
2026/09/18 01:37:38.476, 160.28, 100, 7503
2026/09/18 01:37:39.476, 160.56, 100, 7503
2026/09/18 01:37:40.476, 161.12, 100, 7503
2026/09/18 01:37:41.476, 160.18, 100, 7503
2026/09/18 01:37:42.485, 160.86, 100, 7503
2026/09/18 01:37:43.485, 161.35, 100, 7503
2026/09/18 01:37:44.485, 159.89, 99, 7503
2026/09/18 01:37:45.485, 160.43, 100, 7503
2026/09/18 01:37:46.486, 161.09, 100, 7503
2026/09/18 01:37:47.486, 159.86, 99, 7503
2026/09/18 01:37:48.486, 160.62, 100, 7503
2026/09/18 01:37:49.486, 160.82, 100, 7503
2026/09/18 01:37:50.487, 159.55, 98, 7523
2026/09/18 01:37:51.487, 160.38, 100, 7523
2026/09/18 01:37:52.487, 160.98, 100, 7523
2026/09/18 01:37:53.487, 159.99, 99, 7523
2026/09/18 01:37:54.487, 160.82, 99, 7523
2026/09/18 01:37:55.487, 163.38, 100, 7523
2026/09/18 01:37:56.488, 160.49, 100, 7523
2026/09/18 01:37:57.496, 159.50, 100, 7523
2026/09/18 01:37:58.496, 159.79, 100, 7523
2026/09/18 01:37:59.497, 161.06, 100, 7523
2026/09/18 01:38:00.497, 163.56, 99, 7523
2026/09/18 01:38:01.497, 161.85, 100, 7523
2026/09/18 01:38:02.506, 159.83, 99, 7523
2026/09/18 01:38:03.506, 159.73, 99, 7523
2026/09/18 01:38:04.506, 160.67, 99, 7523
2026/09/18 01:38:05.506, 163.30, 100, 7523
2026/09/18 01:38:06.507, 161.74, 99, 7523
2026/09/18 01:38:07.507, 159.96, 100, 7523
2026/09/18 01:38:08.507, 160.10, 100, 7523
2026/09/18 01:38:09.507, 160.83, 100, 7523
2026/09/18 01:38:10.507, 163.64, 99, 7523
2026/09/18 01:38:11.508, 162.55, 100, 7523
2026/09/18 01:38:12.508, 159.67, 100, 7523
2026/09/18 01:38:13.508, 159.71, 100, 7523
2026/09/18 01:38:14.508, 159.59, 98, 7523
2026/09/18 01:38:15.508, 163.37, 100, 7523
2026/09/18 01:38:16.509, 163.01, 100, 7523
2026/09/18 01:38:17.509, 159.63, 99, 7523
2026/09/18 01:38:18.509, 159.99, 100, 7523
2026/09/18 01:38:19.509, 159.69, 100, 7523
2026/09/18 01:38:20.510, 162.84, 99, 7523
2026/09/18 01:38:21.510, 163.40, 100, 7523
2026/09/18 01:38:22.510, 159.99, 100, 7523
2026/09/18 01:38:23.510, 159.93, 100, 7523
2026/09/18 01:38:24.511, 160.00, 100, 7523
2026/09/18 01:38:25.511, 162.35, 100, 7523
2026/09/18 01:38:26.511, 163.34, 100, 7523
2026/09/18 01:38:27.511, 160.93, 100, 7523
2026/09/18 01:38:28.520, 159.94, 99, 7523
2026/09/18 01:38:29.520, 160.10, 99, 7523
2026/09/18 01:38:30.520, 161.87, 100, 7523
2026/09/18 01:38:31.521, 163.33, 99, 7523
2026/09/18 01:38:32.521, 160.92, 99, 7523
2026/09/18 01:38:33.530, 159.71, 100, 7523
2026/09/18 01:38:34.530, 159.50, 100, 7523
2026/09/18 01:38:35.530, 161.55, 100, 7523
2026/09/18 01:38:36.530, 163.47, 100, 7523
2026/09/18 01:38:37.530, 161.51, 100, 7523
2026/09/18 01:38:38.539, 159.70, 100, 7523
2026/09/18 01:38:39.539, 159.91, 100, 7523
2026/09/18 01:38:40.539, 161.12, 100, 7523
2026/09/18 01:38:41.540, 163.44, 99, 7523
2026/09/18 01:38:42.540, 161.89, 100, 7523
2026/09/18 01:38:43.540, 159.90, 99, 7523
2026/09/18 01:38:44.540, 160.09, 100, 7523
2026/09/18 01:38:45.541, 160.79, 100, 7523
2026/09/18 01:38:46.541, 163.44, 100, 7523
2026/09/18 01:38:47.541, 162.01, 100, 7523
2026/09/18 01:38:48.541, 158.83, 100, 7523
2026/09/18 01:38:49.541, 159.39, 100, 7523
2026/09/18 01:38:50.542, 160.13, 100, 7523
2026/09/18 01:38:51.542, 163.50, 99, 7523
2026/09/18 01:38:52.542, 163.04, 100, 7523
2026/09/18 01:38:53.542, 159.91, 100, 7523
2026/09/18 01:38:54.542, 160.03, 99, 7523
2026/09/18 01:38:55.543, 160.10, 100, 7523
2026/09/18 01:38:56.543, 163.55, 100, 7523
2026/09/18 01:38:57.543, 163.19, 99, 7523
2026/09/18 01:38:58.543, 159.97, 99, 7523
2026/09/18 01:38:59.543, 159.84, 100, 7523
2026/09/18 01:39:00.544, 160.14, 100, 7523
2026/09/18 01:39:01.544, 162.88, 99, 7523
2026/09/18 01:39:02.544, 163.63, 100, 7523
2026/09/18 01:39:03.544, 160.33, 100, 7523
2026/09/18 01:39:04.544, 160.20, 100, 7523
2026/09/18 01:39:05.553, 160.11, 99, 7523
2026/09/18 01:39:06.553, 162.45, 100, 7523
2026/09/18 01:39:07.553, 163.67, 99, 7523
2026/09/18 01:39:08.554, 161.01, 100, 7523
2026/09/18 01:39:09.554, 159.92, 99, 7523
2026/09/18 01:39:10.554, 159.91, 100, 7523
2026/09/18 01:39:11.554, 161.83, 99, 7523
2026/09/18 01:39:12.554, 163.56, 100, 7523
2026/09/18 01:39:13.555, 161.13, 100, 7523
2026/09/18 01:39:14.555, 160.04, 100, 7523
2026/09/18 01:39:15.555, 160.13, 100, 7523
2026/09/18 01:39:16.555, 161.49, 100, 7523
2026/09/18 01:39:17.555, 163.57, 100, 7523
2026/09/18 01:39:18.556, 161.84, 100, 7523
2026/09/18 01:39:19.556, 160.21, 100, 7523
2026/09/18 01:39:20.564, 160.22, 99, 7523
2026/09/18 01:39:21.565, 160.93, 99, 7523
2026/09/18 01:39:22.565, 163.69, 100, 7523
2026/09/18 01:39:23.565, 162.02, 99, 7523
2026/09/18 01:39:24.565, 159.66, 100, 7523
2026/09/18 01:39:25.565, 159.94, 100, 7523
2026/09/18 01:39:26.566, 134.54, 29, 7523
2026/09/18 01:39:27.566, 70.08, 100, 7523
2026/09/18 01:39:28.566, 159.76, 99, 7523
2026/09/18 01:39:29.566, 161.16, 100, 7523
2026/09/18 01:39:30.575, 160.81, 100, 7523
2026/09/18 01:39:31.575, 160.09, 98, 7523
2026/09/18 01:39:32.575, 160.89, 100, 7523
2026/09/18 01:39:33.576, 160.96, 100, 7523
2026/09/18 01:39:34.576, 160.58, 99, 7523
2026/09/18 01:39:35.576, 161.56, 100, 7523
2026/09/18 01:39:36.576, 160.93, 100, 7523
2026/09/18 01:39:37.577, 160.45, 98, 7523
2026/09/18 01:39:38.577, 161.16, 100, 7523
2026/09/18 01:39:39.577, 160.57, 100, 7523
2026/09/18 01:39:40.577, 160.55, 98, 7523
2026/09/18 01:39:41.577, 161.25, 100, 7523
2026/09/18 01:39:42.578, 160.41, 100, 7523
2026/09/18 01:39:43.578, 160.28, 98, 7523
2026/09/18 01:39:44.578, 161.46, 100, 7523
2026/09/18 01:39:45.578, 159.49, 100, 7523
2026/09/18 01:39:46.578, 160.13, 99, 7523
2026/09/18 01:39:47.579, 161.13, 100, 7523
2026/09/18 01:39:48.579, 160.15, 100, 7523
2026/09/18 01:39:49.579, 160.10, 98, 7523
2026/09/18 01:39:50.579, 159.87, 100, 7523
2026/09/18 01:39:51.579, 160.20, 100, 7523
2026/09/18 01:39:52.580, 160.62, 99, 7523
2026/09/18 01:39:53.580, 161.29, 100, 7523
2026/09/18 01:39:54.580, 160.81, 100, 7523
2026/09/18 01:39:55.580, 159.27, 90, 7523
2026/09/18 01:39:56.580, 160.10, 100, 7523
2026/09/18 01:39:57.581, 160.55, 100, 7523
2026/09/18 01:39:58.581, 160.82, 99, 7523
2026/09/18 01:39:59.581, 161.63, 100, 7523
2026/09/18 01:40:00.581, 160.86, 100, 7523
2026/09/18 01:40:01.581, 160.60, 99, 7523
2026/09/18 01:40:02.582, 161.43, 100, 7523
2026/09/18 01:40:03.582, 160.90, 100, 7523
2026/09/18 01:40:04.582, 160.95, 100, 7523
2026/09/18 01:40:05.582, 161.75, 100, 7523
2026/09/18 01:40:06.582, 160.35, 100, 7523
2026/09/18 01:40:07.583, 160.15, 100, 7523
2026/09/18 01:40:08.583, 161.50, 100, 7523
2026/09/18 01:40:09.583, 161.07, 100, 7523
2026/09/18 01:40:10.583, 160.80, 100, 7523
2026/09/18 01:40:11.583, 161.36, 100, 7523
2026/09/18 01:40:12.584, 160.70, 100, 7523
2026/09/18 01:40:13.584, 160.55, 100, 7523
2026/09/18 01:40:14.584, 161.50, 100, 7523
2026/09/18 01:40:15.584, 160.54, 100, 7523
2026/09/18 01:40:16.593, 160.84, 100, 7523
2026/09/18 01:40:17.593, 161.49, 100, 7523
2026/09/18 01:40:18.593, 160.54, 100, 7523
2026/09/18 01:40:19.594, 160.72, 100, 7523
2026/09/18 01:40:20.594, 160.96, 100, 7523
2026/09/18 01:40:21.594, 160.54, 100, 7523
2026/09/18 01:40:22.594, 160.84, 100, 7523
2026/09/18 01:40:23.594, 161.33, 100, 7523
2026/09/18 01:40:24.595, 160.48, 99, 7523
2026/09/18 01:40:25.595, 160.96, 100, 7523
2026/09/18 01:40:26.595, 161.31, 100, 7523
2026/09/18 01:40:27.595, 160.40, 99, 7523
2026/09/18 01:40:28.595, 161.60, 100, 7523
2026/09/18 01:40:29.596, 161.72, 100, 7523
2026/09/18 01:40:30.596, 160.03, 98, 7523
2026/09/18 01:40:31.596, 160.84, 100, 7523
2026/09/18 01:40:32.596, 161.25, 100, 7523
2026/09/18 01:40:33.597, 160.32, 98, 7523
2026/09/18 01:40:34.597, 161.89, 100, 7523
2026/09/18 01:40:35.597, 161.09, 100, 7523
2026/09/18 01:40:36.606, 160.07, 98, 7523
2026/09/18 01:40:37.606, 161.05, 100, 7523
2026/09/18 01:40:38.606, 161.52, 100, 7523
2026/09/18 01:40:39.606, 160.41, 99, 7523
2026/09/18 01:40:40.607, 161.57, 100, 7523
2026/09/18 01:40:41.607, 161.43, 100, 7523
2026/09/18 01:40:42.607, 159.93, 98, 7523
2026/09/18 01:40:43.607, 160.93, 100, 7523
2026/09/18 01:40:44.607, 161.29, 100, 7523
2026/09/18 01:40:45.608, 160.45, 99, 7523
2026/09/18 01:40:46.608, 161.18, 100, 7523
2026/09/18 01:40:47.608, 160.94, 100, 7523
2026/09/18 01:40:48.608, 160.25, 98, 7523
2026/09/18 01:40:49.608, 161.04, 100, 7523
2026/09/18 01:40:50.609, 160.86, 100, 7523
2026/09/18 01:40:51.617, 160.56, 99, 7523
2026/09/18 01:40:52.617, 161.46, 100, 7523
2026/09/18 01:40:53.618, 160.86, 100, 7523
2026/09/18 01:40:54.618, 160.12, 98, 7523
2026/09/18 01:40:55.618, 161.02, 100, 7523
2026/09/18 01:40:56.627, 161.21, 100, 7523
2026/09/18 01:40:57.627, 160.43, 99, 7523
2026/09/18 01:40:58.627, 161.42, 100, 7523
2026/09/18 01:40:59.627, 160.61, 100, 7523
2026/09/18 01:41:00.627, 159.95, 98, 7523
2026/09/18 01:41:01.628, 161.05, 100, 7523
2026/09/18 01:41:02.628, 160.48, 100, 7523
2026/09/18 01:41:03.628, 160.30, 98, 7523
2026/09/18 01:41:04.628, 161.50, 100, 7523
2026/09/18 01:41:05.628, 160.66, 100, 7523
2026/09/18 01:41:06.637, 160.36, 98, 7523
2026/09/18 01:41:07.637, 161.15, 100, 7523
2026/09/18 01:41:08.638, 160.60, 100, 7523
2026/09/18 01:41:09.638, 160.52, 98, 7523
2026/09/18 01:41:10.638, 161.55, 100, 7523
2026/09/18 01:41:11.638, 160.87, 100, 7523
2026/09/18 01:41:12.638, 160.35, 99, 7523
2026/09/18 01:41:13.639, 161.28, 100, 7523
2026/09/18 01:41:14.639, 160.72, 100, 7523
2026/09/18 01:41:15.639, 160.84, 100, 7523
2026/09/18 01:41:16.639, 161.72, 100, 7523
2026/09/18 01:41:17.639, 160.91, 100, 7523
2026/09/18 01:41:18.640, 160.35, 100, 7523
2026/09/18 01:41:19.640, 161.44, 100, 7523
2026/09/18 01:41:20.640, 160.95, 100, 7523
2026/09/18 01:41:21.640, 159.63, 100, 7523
2026/09/18 01:41:22.640, 161.73, 100, 7523
2026/09/18 01:41:23.641, 160.72, 100, 7523
2026/09/18 01:41:24.641, 160.38, 100, 7523
2026/09/18 01:41:25.641, 161.39, 100, 7523
2026/09/18 01:41:26.641, 160.75, 100, 7523
2026/09/18 01:41:27.641, 160.50, 100, 7523
2026/09/18 01:41:28.642, 161.20, 100, 7523
2026/09/18 01:41:29.642, 160.21, 100, 7523
2026/09/18 01:41:30.642, 160.11, 100, 7523
2026/09/18 01:41:31.642, 160.17, 100, 7523
2026/09/18 01:41:32.642, 160.72, 100, 7523
2026/09/18 01:41:33.643, 160.74, 100, 7523
2026/09/18 01:41:34.643, 161.75, 100, 7523
2026/09/18 01:41:35.643, 160.24, 100, 7523
2026/09/18 01:41:36.643, 159.05, 100, 7523
2026/09/18 01:41:37.644, 161.47, 100, 7523
2026/09/18 01:41:38.644, 160.67, 100, 7523
2026/09/18 01:41:39.644, 160.45, 100, 7523
2026/09/18 01:41:40.644, 161.62, 100, 7523
2026/09/18 01:41:41.644, 160.46, 100, 7523
2026/09/18 01:41:42.645, 159.25, 100, 7523
2026/09/18 01:41:43.645, 161.13, 100, 7523
2026/09/18 01:41:44.645, 160.33, 100, 7523
2026/09/18 01:41:45.645, 160.72, 100, 7523
2026/09/18 01:41:46.645, 161.49, 100, 7523
2026/09/18 01:41:47.646, 159.21, 100, 7523
2026/09/18 01:41:48.646, 160.62, 100, 7523
2026/09/18 01:41:49.646, 161.79, 100, 7523
2026/09/18 01:41:50.646, 160.21, 100, 7523
2026/09/18 01:41:51.646, 161.09, 100, 7523
2026/09/18 01:41:52.647, 161.60, 100, 7523
2026/09/18 01:41:53.647, 160.52, 100, 7523
2026/09/18 01:41:54.647, 160.72, 100, 7523
2026/09/18 01:41:55.647, 161.71, 100, 7523
2026/09/18 01:41:56.647, 160.51, 100, 7523
2026/09/18 01:41:57.656, 160.76, 100, 7523
2026/09/18 01:41:58.656, 161.06, 100, 7523
2026/09/18 01:41:59.657, 160.23, 100, 7523
2026/09/18 01:42:00.657, 160.67, 100, 7523
2026/09/18 01:42:01.657, 161.14, 100, 7523
2026/09/18 01:42:02.657, 159.91, 100, 7523
2026/09/18 01:42:03.657, 163.64, 99, 7523
2026/09/18 01:42:04.658, 161.49, 100, 7523
2026/09/18 01:42:05.658, 159.08, 99, 7523
2026/09/18 01:42:06.658, 159.18, 100, 7523
2026/09/18 01:42:07.658, 160.16, 100, 7523
2026/09/18 01:42:08.659, 163.93, 100, 7523
2026/09/18 01:42:09.659, 162.94, 100, 7523
2026/09/18 01:42:10.659, 160.16, 100, 7523
2026/09/18 01:42:11.659, 160.09, 100, 7523
2026/09/18 01:42:12.659, 160.46, 100, 7523
2026/09/18 01:42:13.660, 163.72, 99, 7523
2026/09/18 01:42:14.660, 162.96, 100, 7523
2026/09/18 01:42:15.660, 160.10, 100, 7523
2026/09/18 01:42:16.660, 160.05, 99, 7523
2026/09/18 01:42:17.660, 160.02, 98, 7523
2026/09/18 01:42:18.661, 163.93, 100, 7523
2026/09/18 01:42:19.661, 163.25, 99, 7523
2026/09/18 01:42:20.661, 160.02, 99, 7523
2026/09/18 01:42:21.661, 160.09, 100, 7523
2026/09/18 01:42:22.662, 159.96, 100, 7523
2026/09/18 01:42:23.662, 163.86, 99, 7523
2026/09/18 01:42:24.662, 163.42, 100, 7523
2026/09/18 01:42:25.662, 160.19, 100, 7523
2026/09/18 01:42:26.662, 160.24, 100, 7523
2026/09/18 01:42:27.663, 160.02, 100, 7523
2026/09/18 01:42:28.663, 162.76, 100, 7523
2026/09/18 01:42:29.663, 163.73, 100, 7523
2026/09/18 01:42:30.663, 160.56, 100, 7523
2026/09/18 01:42:31.663, 159.97, 99, 7523
2026/09/18 01:42:32.664, 160.16, 100, 7523
2026/09/18 01:42:33.664, 162.60, 99, 7523
2026/09/18 01:42:34.664, 163.51, 100, 7523
2026/09/18 01:42:35.664, 160.84, 100, 7523
2026/09/18 01:42:36.665, 159.91, 100, 7523
2026/09/18 01:42:37.673, 160.04, 100, 7523
2026/09/18 01:42:38.674, 162.06, 99, 7523
2026/09/18 01:42:39.674, 163.81, 100, 7523
2026/09/18 01:42:40.674, 161.19, 100, 7523
2026/09/18 01:42:41.674, 160.00, 100, 7523
2026/09/18 01:42:42.674, 159.82, 100, 7523
2026/09/18 01:42:43.675, 161.53, 100, 7523
2026/09/18 01:42:44.675, 163.74, 99, 7523
2026/09/18 01:42:45.675, 161.78, 100, 7523
2026/09/18 01:42:46.675, 160.01, 100, 7523
2026/09/18 01:42:47.684, 160.14, 99, 7523
2026/09/18 01:42:48.684, 161.39, 99, 7523
2026/09/18 01:42:49.684, 163.80, 100, 7523
2026/09/18 01:42:50.685, 162.25, 99, 7523
2026/09/18 01:42:51.685, 160.29, 100, 7523
2026/09/18 01:42:52.685, 160.02, 100, 7523
2026/09/18 01:42:53.685, 160.68, 100, 7523
2026/09/18 01:42:54.685, 164.91, 100, 7523
2026/09/18 01:42:55.686, 163.69, 100, 7523
2026/09/18 01:42:56.686, 160.02, 100, 7523
2026/09/18 01:42:57.686, 160.25, 100, 7523
2026/09/18 01:42:58.686, 160.40, 98, 7523
2026/09/18 01:42:59.687, 163.90, 100, 7523
2026/09/18 01:43:00.687, 163.04, 100, 7523
2026/09/18 01:43:01.687, 160.29, 100, 7523
2026/09/18 01:43:02.687, 160.05, 99, 7523
2026/09/18 01:43:03.687, 160.05, 100, 7523
2026/09/18 01:43:04.688, 163.70, 100, 7523
2026/09/18 01:43:05.688, 163.58, 99, 7523
2026/09/18 01:43:06.688, 160.28, 100, 7523
2026/09/18 01:43:07.688, 159.90, 100, 7523
2026/09/18 01:43:08.688, 160.10, 100, 7523
2026/09/18 01:43:09.689, 162.94, 99, 7523
2026/09/18 01:43:10.689, 163.82, 100, 7523
2026/09/18 01:43:11.689, 160.84, 100, 7523
2026/09/18 01:43:12.689, 160.06, 100, 7523
2026/09/18 01:43:13.690, 159.95, 99, 7523
2026/09/18 01:43:14.690, 162.47, 100, 7523
2026/09/18 01:43:15.698, 163.80, 99, 7523
2026/09/18 01:43:16.699, 160.91, 99, 7523
2026/09/18 01:43:17.699, 159.76, 99, 7523
2026/09/18 01:43:18.699, 160.10, 100, 7523
2026/09/18 01:43:19.699, 162.02, 99, 7523
2026/09/18 01:43:20.708, 163.74, 100, 7523
2026/09/18 01:43:21.708, 161.56, 100, 7523
2026/09/18 01:43:22.708, 160.04, 100, 7523
2026/09/18 01:43:23.708, 159.97, 100, 7523
2026/09/18 01:43:24.709, 161.70, 100, 7523
2026/09/18 01:43:25.709, 163.49, 99, 7523
2026/09/18 01:43:26.709, 161.58, 100, 7523
2026/09/18 01:43:27.709, 159.98, 100, 7523
2026/09/18 01:43:28.709, 159.94, 99, 7523
2026/09/18 01:43:29.710, 160.92, 99, 7523
2026/09/18 01:43:30.710, 163.58, 100, 7523
2026/09/18 01:43:31.710, 162.14, 99, 7523
2026/09/18 01:43:32.710, 160.08, 100, 7523
2026/09/18 01:43:33.710, 159.85, 100, 7523
2026/09/18 01:43:34.711, 136.27, 29, 7523
2026/09/18 01:43:35.711, 69.36, 100, 7523
2026/09/18 01:43:36.711, 159.89, 98, 7523
2026/09/18 01:43:37.711, 161.24, 100, 7523
2026/09/18 01:43:38.711, 160.98, 100, 7523
2026/09/18 01:43:39.712, 159.82, 98, 7523
2026/09/18 01:43:40.720, 161.16, 100, 7523
2026/09/18 01:43:41.721, 160.86, 100, 7523
2026/09/18 01:43:42.721, 160.27, 98, 7523
2026/09/18 01:43:43.721, 160.95, 100, 7523
2026/09/18 01:43:44.721, 160.43, 100, 7523
2026/09/18 01:43:45.721, 160.25, 98, 7523
2026/09/18 01:43:46.722, 160.97, 100, 7523
2026/09/18 01:43:47.722, 160.87, 100, 7523
2026/09/18 01:43:48.722, 160.36, 99, 7523
2026/09/18 01:43:49.722, 161.18, 100, 7523
2026/09/18 01:43:50.722, 160.60, 100, 7523
2026/09/18 01:43:51.723, 160.34, 98, 7523
2026/09/18 01:43:52.723, 161.09, 100, 7523
2026/09/18 01:43:53.723, 160.55, 100, 7523
2026/09/18 01:43:54.723, 160.24, 99, 7523
2026/09/18 01:43:55.723, 161.30, 100, 7523
2026/09/18 01:43:56.724, 160.24, 100, 7523
2026/09/18 01:43:57.724, 160.46, 100, 7523
2026/09/18 01:43:58.724, 161.23, 100, 7523
2026/09/18 01:43:59.724, 159.98, 100, 7523
2026/09/18 01:44:00.733, 160.65, 100, 7523
2026/09/18 01:44:01.733, 161.59, 100, 7523
2026/09/18 01:44:02.734, 160.18, 100, 7523
2026/09/18 01:44:03.734, 160.23, 100, 7523
2026/09/18 01:44:04.734, 161.33, 100, 7523
2026/09/18 01:44:05.734, 160.75, 100, 7523
2026/09/18 01:44:06.734, 160.88, 100, 7523
2026/09/18 01:44:07.735, 161.59, 100, 7523
2026/09/18 01:44:08.735, 160.14, 100, 7523
2026/09/18 01:44:09.735, 160.68, 100, 7523
2026/09/18 01:44:10.735, 161.66, 100, 7523
2026/09/18 01:44:11.735, 160.10, 100, 7523
2026/09/18 01:44:12.736, 160.57, 100, 7523
2026/09/18 01:44:13.736, 161.37, 100, 7523
2026/09/18 01:44:14.736, 159.92, 100, 7523
2026/09/18 01:44:15.736, 160.48, 100, 7523
2026/09/18 01:44:16.736, 161.30, 100, 7523
2026/09/18 01:44:17.737, 159.95, 100, 7523
2026/09/18 01:44:18.737, 161.00, 100, 7523
2026/09/18 01:44:19.737, 161.39, 100, 7523
2026/09/18 01:44:20.746, 159.77, 98, 7523
2026/09/18 01:44:21.746, 160.48, 100, 7523
2026/09/18 01:44:22.746, 161.07, 100, 7523
2026/09/18 01:44:23.746, 159.83, 99, 7523
2026/09/18 01:44:24.746, 161.18, 100, 7523
2026/09/18 01:44:25.747, 160.66, 100, 7523
2026/09/18 01:44:26.747, 159.60, 98, 7523
2026/09/18 01:44:27.747, 160.55, 100, 7523
2026/09/18 01:44:28.747, 160.67, 100, 7523
2026/09/18 01:44:29.747, 159.83, 99, 7523
2026/09/18 01:44:30.748, 160.61, 100, 7523
2026/09/18 01:44:31.748, 160.97, 100, 7523
2026/09/18 01:44:32.748, 159.85, 98, 7523
2026/09/18 01:44:33.748, 160.68, 100, 7523
2026/09/18 01:44:34.749, 160.97, 100, 7523
2026/09/18 01:44:35.749, 158.88, 98, 7523
2026/09/18 01:44:36.749, 160.64, 100, 7523
2026/09/18 01:44:37.749, 160.98, 100, 7523
2026/09/18 01:44:38.749, 159.55, 98, 7523
2026/09/18 01:44:39.750, 160.53, 100, 7523
2026/09/18 01:44:40.750, 159.51, 100, 7523
2026/09/18 01:44:41.750, 159.95, 99, 7523
2026/09/18 01:44:42.750, 160.72, 100, 7523
2026/09/18 01:44:43.750, 160.73, 100, 7523
2026/09/18 01:44:44.751, 159.59, 98, 7523
2026/09/18 01:44:45.751, 160.77, 100, 7523
2026/09/18 01:44:46.751, 161.31, 100, 7523
2026/09/18 01:44:47.751, 160.12, 99, 7523
2026/09/18 01:44:48.751, 160.95, 100, 7523
2026/09/18 01:44:49.752, 160.64, 100, 7523
2026/09/18 01:44:50.752, 158.46, 89, 7523
2026/09/18 01:44:51.752, 159.64, 100, 7523
2026/09/18 01:44:52.752, 160.52, 100, 7523
2026/09/18 01:44:53.752, 160.05, 99, 7523
2026/09/18 01:44:54.753, 160.92, 100, 7523
2026/09/18 01:44:55.753, 161.33, 100, 7523
2026/09/18 01:44:56.753, 160.03, 98, 7523
2026/09/18 01:44:57.753, 160.81, 100, 7523
2026/09/18 01:44:58.754, 160.63, 100, 7523
2026/09/18 01:44:59.754, 160.29, 99, 7523
2026/09/18 01:45:00.754, 160.96, 100, 7523
2026/09/18 01:45:01.754, 160.55, 100, 7523
2026/09/18 01:45:02.754, 159.85, 98, 7523
2026/09/18 01:45:03.755, 160.70, 100, 7523
2026/09/18 01:45:04.755, 160.43, 100, 7523
2026/09/18 01:45:05.755, 160.02, 99, 7523
2026/09/18 01:45:06.755, 161.33, 100, 7523
2026/09/18 01:45:07.756, 160.47, 100, 7523
2026/09/18 01:45:08.756, 159.96, 98, 7523
2026/09/18 01:45:09.756, 161.44, 100, 7523
2026/09/18 01:45:10.756, 161.09, 100, 7523
2026/09/18 01:45:11.756, 160.61, 99, 7523
2026/09/18 01:45:12.757, 161.19, 100, 7523
2026/09/18 01:45:13.757, 160.60, 100, 7523
2026/09/18 01:45:14.757, 160.20, 98, 7523
2026/09/18 01:45:15.757, 160.95, 100, 7523
2026/09/18 01:45:16.757, 160.42, 100, 7523
2026/09/18 01:45:17.758, 160.30, 99, 7523
2026/09/18 01:45:18.758, 161.41, 100, 7523
2026/09/18 01:45:19.758, 160.55, 100, 7523
2026/09/18 01:45:20.767, 160.27, 98, 7523
2026/09/18 01:45:21.767, 161.30, 100, 7523
2026/09/18 01:45:22.767, 161.11, 100, 7523
2026/09/18 01:45:23.767, 160.92, 99, 7523
2026/09/18 01:45:24.768, 161.43, 100, 7523
2026/09/18 01:45:25.768, 160.58, 100, 7523
2026/09/18 01:45:26.768, 160.64, 100, 7523
2026/09/18 01:45:27.768, 161.32, 100, 7523
2026/09/18 01:45:28.768, 160.56, 100, 7523
2026/09/18 01:45:29.769, 161.18, 100, 7523
2026/09/18 01:45:30.777, 161.89, 100, 7523
2026/09/18 01:45:31.778, 160.62, 100, 7523
2026/09/18 01:45:32.778, 160.46, 100, 7523
2026/09/18 01:45:33.778, 162.11, 100, 7523
2026/09/18 01:45:34.778, 160.30, 100, 7523
2026/09/18 01:45:35.787, 161.10, 100, 7523
2026/09/18 01:45:36.787, 161.73, 100, 7523
2026/09/18 01:45:37.787, 160.58, 100, 7523
2026/09/18 01:45:38.788, 160.60, 100, 7523
2026/09/18 01:45:39.788, 162.02, 100, 7523
2026/09/18 01:45:40.788, 160.32, 100, 7523
2026/09/18 01:45:41.788, 160.70, 100, 7523
2026/09/18 01:45:42.788, 161.31, 100, 7523
2026/09/18 01:45:43.789, 160.50, 100, 7523
2026/09/18 01:45:44.789, 160.50, 100, 7523
2026/09/18 01:45:45.789, 161.62, 100, 7523
2026/09/18 01:45:46.789, 160.10, 99, 7523
2026/09/18 01:45:47.789, 161.29, 100, 7523
2026/09/18 01:45:48.790, 161.31, 100, 7523
2026/09/18 01:45:49.790, 159.82, 98, 7523
2026/09/18 01:45:50.799, 160.60, 100, 7523
2026/09/18 01:45:51.799, 161.49, 100, 7523
2026/09/18 01:45:52.799, 159.84, 98, 7523
2026/09/18 01:45:53.799, 160.86, 100, 7523
2026/09/18 01:45:54.800, 161.43, 100, 7523
2026/09/18 01:45:55.808, 159.81, 98, 7523
2026/09/18 01:45:56.808, 160.74, 100, 7523
2026/09/18 01:45:57.809, 160.98, 100, 7523
2026/09/18 01:45:58.809, 160.30, 99, 7523
2026/09/18 01:45:59.809, 160.98, 100, 7523
2026/09/18 01:46:00.809, 160.58, 100, 7523
2026/09/18 01:46:01.809, 159.90, 98, 7523
2026/09/18 01:46:02.810, 160.74, 100, 7523
2026/09/18 01:46:03.810, 161.06, 100, 7523
2026/09/18 01:46:04.810, 160.52, 98, 7523
2026/09/18 01:46:05.810, 161.04, 100, 7523
2026/09/18 01:46:06.810, 160.74, 100, 7523
2026/09/18 01:46:07.811, 160.11, 98, 7523
2026/09/18 01:46:08.811, 160.73, 100, 7523
2026/09/18 01:46:09.811, 159.49, 99, 7523
2026/09/18 01:46:10.811, 163.42, 100, 7523
2026/09/18 01:46:11.811, 162.21, 99, 7523
2026/09/18 01:46:12.812, 159.06, 100, 7523
2026/09/18 01:46:13.812, 158.78, 100, 7523
2026/09/18 01:46:14.812, 159.29, 100, 7523
2026/09/18 01:46:15.812, 163.15, 99, 7523
2026/09/18 01:46:16.812, 162.37, 100, 7523
2026/09/18 01:46:17.813, 158.96, 100, 7523
2026/09/18 01:46:18.813, 158.90, 99, 7523
2026/09/18 01:46:19.813, 158.88, 98, 7523
2026/09/18 01:46:20.813, 162.74, 100, 7523
2026/09/18 01:46:21.813, 163.08, 99, 7523
2026/09/18 01:46:22.814, 158.82, 99, 7523
2026/09/18 01:46:23.814, 158.96, 100, 7523
2026/09/18 01:46:24.814, 159.11, 100, 7523
2026/09/18 01:46:25.814, 162.40, 99, 7523
2026/09/18 01:46:26.814, 163.45, 100, 7523
2026/09/18 01:46:27.815, 159.61, 100, 7523
2026/09/18 01:46:28.815, 158.82, 100, 7523
2026/09/18 01:46:29.815, 158.96, 99, 7523
2026/09/18 01:46:30.815, 161.93, 100, 7523
2026/09/18 01:46:31.815, 163.66, 99, 7523
2026/09/18 01:46:32.816, 160.79, 99, 7523
2026/09/18 01:46:33.816, 159.85, 99, 7523
2026/09/18 01:46:34.816, 159.52, 100, 7523
2026/09/18 01:46:35.816, 161.38, 99, 7523
2026/09/18 01:46:36.817, 163.40, 100, 7523
2026/09/18 01:46:37.825, 161.04, 100, 7523
2026/09/18 01:46:38.825, 158.86, 100, 7523
2026/09/18 01:46:39.826, 159.69, 100, 7523
2026/09/18 01:46:40.826, 160.61, 100, 7523
2026/09/18 01:46:41.826, 163.37, 99, 7523
2026/09/18 01:46:42.826, 161.66, 100, 7523
2026/09/18 01:46:43.827, 159.05, 99, 7523
2026/09/18 01:46:44.827, 159.30, 99, 7523
2026/09/18 01:46:45.827, 160.05, 99, 7523
2026/09/18 01:46:46.827, 163.57, 100, 7523
2026/09/18 01:46:47.827, 162.18, 99, 7523
2026/09/18 01:46:48.828, 159.13, 100, 7523
2026/09/18 01:46:49.828, 158.87, 100, 7523
2026/09/18 01:46:50.828, 159.26, 100, 7523
2026/09/18 01:46:51.828, 163.36, 99, 7523
2026/09/18 01:46:52.829, 162.76, 100, 7523
2026/09/18 01:46:53.829, 158.96, 100, 7523
2026/09/18 01:46:54.829, 159.76, 99, 7523
2026/09/18 01:46:55.829, 160.00, 100, 7523
2026/09/18 01:46:56.829, 163.06, 100, 7523
2026/09/18 01:46:57.838, 163.47, 99, 7523
2026/09/18 01:46:58.838, 159.48, 100, 7523
2026/09/18 01:46:59.838, 158.99, 100, 7523
2026/09/18 01:47:00.839, 159.25, 100, 7523
2026/09/18 01:47:01.839, 162.31, 99, 7523
2026/09/18 01:47:02.848, 163.47, 100, 7523
2026/09/18 01:47:03.848, 160.27, 100, 7523
2026/09/18 01:47:04.848, 159.88, 100, 7523
2026/09/18 01:47:05.848, 159.88, 99, 7523
2026/09/18 01:47:06.849, 162.18, 100, 7523
2026/09/18 01:47:07.849, 163.52, 99, 7523
2026/09/18 01:47:08.849, 160.65, 99, 7523
2026/09/18 01:47:09.849, 160.07, 99, 7523
2026/09/18 01:47:10.850, 160.16, 100, 7523
2026/09/18 01:47:11.850, 161.65, 99, 7523
2026/09/18 01:47:12.858, 163.44, 100, 7523
2026/09/18 01:47:13.859, 161.30, 100, 7523
2026/09/18 01:47:14.859, 159.71, 100, 7523
2026/09/18 01:47:15.859, 158.86, 100, 7523
2026/09/18 01:47:16.859, 160.83, 100, 7523
2026/09/18 01:47:17.859, 163.18, 99, 7523
2026/09/18 01:47:18.860, 161.68, 100, 7523
2026/09/18 01:47:19.860, 158.93, 99, 7523
2026/09/18 01:47:20.860, 158.52, 99, 7523
2026/09/18 01:47:21.860, 159.96, 99, 7523
2026/09/18 01:47:22.860, 163.37, 100, 7523
2026/09/18 01:47:23.861, 161.89, 99, 7523
2026/09/18 01:47:24.861, 158.96, 100, 7523
2026/09/18 01:47:25.861, 158.95, 100, 7523
2026/09/18 01:47:26.861, 159.32, 100, 7523
2026/09/18 01:47:27.870, 163.36, 99, 7523
2026/09/18 01:47:28.870, 162.86, 100, 7523
2026/09/18 01:47:29.870, 159.06, 100, 7523
2026/09/18 01:47:30.871, 158.75, 99, 7523
2026/09/18 01:47:31.871, 159.02, 100, 7523
2026/09/18 01:47:32.879, 162.76, 100, 7523
2026/09/18 01:47:33.880, 163.42, 99, 7523
2026/09/18 01:47:34.880, 160.03, 100, 7523
2026/09/18 01:47:35.880, 159.40, 100, 7523
2026/09/18 01:47:36.880, 159.34, 100, 7523
2026/09/18 01:47:37.889, 162.32, 99, 7523
2026/09/18 01:47:38.889, 163.62, 100, 7523
2026/09/18 01:47:39.889, 160.86, 100, 7523
2026/09/18 01:47:40.890, 159.26, 100, 7523
2026/09/18 01:47:41.890, 159.10, 99, 7523
2026/09/18 01:47:42.899, 69.15, 0, 7523
2026/09/18 01:47:43.899, 129.80, 100, 7523
2026/09/18 01:47:44.899, 160.33, 100, 7523
2026/09/18 01:47:45.899, 161.54, 100, 7523
2026/09/18 01:47:46.900, 160.27, 99, 7523
2026/09/18 01:47:47.908, 160.98, 100, 7523
2026/09/18 01:47:48.908, 161.40, 100, 7523
2026/09/18 01:47:49.909, 159.85, 98, 7523
2026/09/18 01:47:50.909, 161.59, 100, 7523
2026/09/18 01:47:51.909, 161.45, 100, 7523
2026/09/18 01:47:52.910, 160.01, 99, 7523
2026/09/18 01:47:53.910, 161.41, 100, 7523
2026/09/18 01:47:54.910, 161.48, 100, 7523
2026/09/18 01:47:55.910, 159.71, 98, 7523
2026/09/18 01:47:56.910, 161.51, 100, 7523
2026/09/18 01:47:57.911, 161.45, 100, 7523
2026/09/18 01:47:58.911, 159.92, 99, 7523
2026/09/18 01:47:59.911, 161.07, 100, 7523
2026/09/18 01:48:00.911, 160.72, 100, 7523
2026/09/18 01:48:01.912, 159.79, 98, 7523
2026/09/18 01:48:02.920, 160.85, 100, 7523
2026/09/18 01:48:03.920, 161.40, 100, 7523
2026/09/18 01:48:04.921, 160.33, 99, 7523
2026/09/18 01:48:05.921, 161.08, 100, 7523
2026/09/18 01:48:06.921, 160.76, 100, 7523
2026/09/18 01:48:07.930, 159.61, 98, 7523
2026/09/18 01:48:08.930, 160.88, 100, 7523
2026/09/18 01:48:09.930, 160.96, 100, 7523
2026/09/18 01:48:10.930, 160.35, 99, 7523
2026/09/18 01:48:11.931, 161.15, 100, 7523
2026/09/18 01:48:12.939, 160.68, 100, 7523
2026/09/18 01:48:13.939, 160.02, 98, 7523
2026/09/18 01:48:14.940, 160.73, 100, 7523
2026/09/18 01:48:15.940, 160.40, 100, 7523
2026/09/18 01:48:16.940, 160.44, 99, 7523
2026/09/18 01:48:17.949, 161.71, 100, 7523
2026/09/18 01:48:18.949, 160.89, 100, 7523
2026/09/18 01:48:19.949, 160.14, 98, 7523
2026/09/18 01:48:20.949, 161.08, 100, 7523
2026/09/18 01:48:21.949, 160.92, 100, 7523
2026/09/18 01:48:22.950, 160.90, 99, 7523
2026/09/18 01:48:23.950, 161.44, 100, 7523
2026/09/18 01:48:24.950, 160.84, 100, 7523
2026/09/18 01:48:25.950, 160.54, 98, 7523
2026/09/18 01:48:26.950, 161.12, 100, 7523
2026/09/18 01:48:27.951, 161.22, 100, 7523
2026/09/18 01:48:28.951, 160.32, 98, 7523
2026/09/18 01:48:29.951, 161.38, 100, 7523
2026/09/18 01:48:30.951, 160.26, 100, 7523
2026/09/18 01:48:31.951, 160.24, 98, 7523
2026/09/18 01:48:32.952, 161.31, 100, 7523
2026/09/18 01:48:33.952, 160.65, 100, 7523
2026/09/18 01:48:34.952, 160.38, 98, 7523
2026/09/18 01:48:35.952, 161.40, 100, 7523
2026/09/18 01:48:36.952, 160.71, 100, 7523
2026/09/18 01:48:37.953, 160.49, 98, 7523
2026/09/18 01:48:38.953, 161.34, 100, 7523
2026/09/18 01:48:39.953, 160.69, 100, 7523
2026/09/18 01:48:40.953, 160.40, 100, 7523
2026/09/18 01:48:41.953, 161.63, 100, 7523
2026/09/18 01:48:42.954, 160.96, 100, 7523
2026/09/18 01:48:43.954, 160.52, 100, 7523
2026/09/18 01:48:44.954, 161.64, 100, 7523
2026/09/18 01:48:45.954, 160.79, 100, 7523
2026/09/18 01:48:46.955, 160.59, 100, 7523
2026/09/18 01:48:47.963, 161.89, 100, 7523
2026/09/18 01:48:48.963, 160.39, 100, 7523
2026/09/18 01:48:49.964, 160.46, 100, 7523
2026/09/18 01:48:50.964, 161.40, 100, 7523
2026/09/18 01:48:51.964, 160.35, 100, 7523
2026/09/18 01:48:52.964, 160.74, 100, 7523
2026/09/18 01:48:53.964, 161.65, 100, 7523
2026/09/18 01:48:54.965, 160.56, 100, 7523
2026/09/18 01:48:55.965, 160.60, 100, 7523
2026/09/18 01:48:56.965, 160.78, 100, 7523
2026/09/18 01:48:57.965, 160.61, 100, 7523
2026/09/18 01:48:58.965, 160.74, 100, 7523
2026/09/18 01:48:59.966, 161.21, 100, 7523
2026/09/18 01:49:00.966, 160.47, 100, 7523
2026/09/18 01:49:01.966, 159.37, 100, 7523
2026/09/18 01:49:02.966, 161.79, 100, 7523
2026/09/18 01:49:03.966, 160.34, 100, 7523
2026/09/18 01:49:04.967, 160.53, 100, 7523
2026/09/18 01:49:05.967, 161.31, 100, 7523
2026/09/18 01:49:06.967, 160.44, 100, 7523
2026/09/18 01:49:07.967, 160.71, 100, 7523
2026/09/18 01:49:08.967, 161.66, 100, 7523
2026/09/18 01:49:09.968, 160.35, 100, 7523
2026/09/18 01:49:10.968, 161.15, 100, 7523
2026/09/18 01:49:11.968, 161.25, 100, 7523
2026/09/18 01:49:12.968, 160.46, 100, 7523
2026/09/18 01:49:13.968, 160.94, 100, 7523
2026/09/18 01:49:14.969, 161.84, 100, 7523
2026/09/18 01:49:15.969, 160.48, 99, 7523
2026/09/18 01:49:16.969, 160.96, 100, 7523
2026/09/18 01:49:17.969, 161.47, 100, 7523
2026/09/18 01:49:18.970, 159.98, 98, 7523
2026/09/18 01:49:19.970, 160.57, 100, 7523
2026/09/18 01:49:20.970, 161.01, 100, 7523
2026/09/18 01:49:21.970, 160.06, 99, 7523
2026/09/18 01:49:22.970, 161.35, 100, 7523
2026/09/18 01:49:23.971, 160.77, 100, 7523
2026/09/18 01:49:24.971, 159.67, 98, 7523
2026/09/18 01:49:25.971, 160.76, 100, 7523
2026/09/18 01:49:26.980, 161.02, 100, 7523
2026/09/18 01:49:27.980, 160.27, 99, 7523
2026/09/18 01:49:28.980, 160.89, 100, 7523
2026/09/18 01:49:29.980, 161.35, 100, 7523
2026/09/18 01:49:30.981, 159.80, 98, 7523
2026/09/18 01:49:31.989, 160.57, 100, 7523
2026/09/18 01:49:32.989, 161.26, 100, 7523
2026/09/18 01:49:33.990, 159.96, 99, 7523
2026/09/18 01:49:34.990, 160.83, 100, 7523
2026/09/18 01:49:35.990, 160.87, 100, 7523
2026/09/18 01:49:36.990, 159.91, 98, 7523
2026/09/18 01:49:37.990, 160.99, 100, 7523
2026/09/18 01:49:38.991, 161.08, 100, 7523
2026/09/18 01:49:39.991, 160.31, 99, 7523
2026/09/18 01:49:40.991, 161.24, 100, 7523
2026/09/18 01:49:41.991, 161.30, 100, 7523
2026/09/18 01:49:42.992, 159.96, 98, 7523
2026/09/18 01:49:43.992, 160.69, 100, 7523
2026/09/18 01:49:44.992, 161.48, 100, 7523
2026/09/18 01:49:45.992, 160.64, 99, 7523
2026/09/18 01:49:46.992, 161.05, 100, 7523
2026/09/18 01:49:47.993, 161.32, 100, 7523
2026/09/18 01:49:48.993, 160.02, 98, 7523
2026/09/18 01:49:49.993, 160.59, 100, 7523
2026/09/18 01:49:50.993, 160.52, 100, 7523
2026/09/18 01:49:51.993, 160.36, 99, 7523
2026/09/18 01:49:52.994, 161.05, 100, 7523
2026/09/18 01:49:53.994, 160.47, 100, 7523
2026/09/18 01:49:54.994, 160.02, 98, 7523
2026/09/18 01:49:55.994, 161.55, 100, 7523
2026/09/18 01:49:56.995, 161.07, 100, 7523
2026/09/18 01:49:57.995, 160.35, 99, 7523
2026/09/18 01:49:58.995, 161.44, 100, 7523
2026/09/18 01:49:59.995, 161.21, 100, 7523
2026/09/18 01:50:00.995, 160.05, 98, 7523
2026/09/18 01:50:02.004, 161.04, 100, 7523
2026/09/18 01:50:03.004, 161.13, 100, 7523
2026/09/18 01:50:04.005, 160.71, 99, 7523
2026/09/18 01:50:05.005, 161.61, 100, 7523
2026/09/18 01:50:06.005, 161.20, 100, 7523
2026/09/18 01:50:07.005, 160.37, 98, 7523
2026/09/18 01:50:08.006, 160.91, 100, 7523
2026/09/18 01:50:09.006, 160.33, 100, 7523
2026/09/18 01:50:10.006, 161.16, 99, 7523
2026/09/18 01:50:11.006, 161.25, 100, 7523
2026/09/18 01:50:12.015, 160.11, 100, 7523
2026/09/18 01:50:13.015, 161.00, 98, 7523
2026/09/18 01:50:14.015, 161.20, 100, 7523
2026/09/18 01:50:15.015, 160.27, 100, 7523
2026/09/18 01:50:16.016, 161.43, 98, 7523
2026/09/18 01:50:17.016, 160.88, 100, 7523
2026/09/18 01:50:18.016, 160.33, 99, 7523
2026/09/18 01:50:19.016, 163.61, 100, 7523
2026/09/18 01:50:20.017, 161.69, 99, 7523
2026/09/18 01:50:21.017, 159.99, 99, 7523
2026/09/18 01:50:22.025, 160.17, 100, 7523
2026/09/18 01:50:23.026, 160.95, 100, 7523
2026/09/18 01:50:24.026, 163.47, 100, 7523
2026/09/18 01:50:25.026, 161.81, 99, 7523
2026/09/18 01:50:26.026, 160.12, 100, 7523
2026/09/18 01:50:27.035, 160.01, 100, 7523
2026/09/18 01:50:28.035, 160.41, 100, 7523
2026/09/18 01:50:29.035, 163.53, 99, 7523
2026/09/18 01:50:30.036, 162.53, 100, 7523
2026/09/18 01:50:31.036, 159.13, 100, 7523
2026/09/18 01:50:32.036, 159.21, 100, 7523
2026/09/18 01:50:33.036, 159.05, 98, 7523
2026/09/18 01:50:34.037, 163.11, 100, 7523
2026/09/18 01:50:35.037, 162.95, 100, 7523
2026/09/18 01:50:36.037, 158.97, 99, 7523
2026/09/18 01:50:37.046, 158.93, 100, 7523
2026/09/18 01:50:38.046, 159.05, 100, 7523
2026/09/18 01:50:39.046, 162.54, 99, 7523
2026/09/18 01:50:40.046, 163.65, 100, 7523
2026/09/18 01:50:41.046, 159.16, 100, 7523
2026/09/18 01:50:42.056, 158.98, 100, 7523
2026/09/18 01:50:43.056, 158.94, 99, 7523
2026/09/18 01:50:44.056, 161.70, 100, 7523
2026/09/18 01:50:45.056, 163.70, 99, 7523
2026/09/18 01:50:46.056, 160.38, 99, 7523
2026/09/18 01:50:47.057, 159.15, 99, 7523
2026/09/18 01:50:48.057, 159.15, 100, 7523
2026/09/18 01:50:49.057, 161.29, 99, 7523
2026/09/18 01:50:50.057, 163.86, 100, 7523
2026/09/18 01:50:51.057, 161.03, 100, 7523
2026/09/18 01:50:52.058, 158.90, 100, 7523
2026/09/18 01:50:53.058, 158.90, 100, 7523
2026/09/18 01:50:54.058, 160.83, 100, 7523
2026/09/18 01:50:55.058, 163.69, 99, 7523
2026/09/18 01:50:56.058, 161.89, 100, 7523
2026/09/18 01:50:57.059, 160.23, 99, 7523
2026/09/18 01:50:58.059, 159.29, 100, 7523
2026/09/18 01:50:59.059, 160.17, 99, 7523
2026/09/18 01:51:00.059, 163.73, 100, 7523
2026/09/18 01:51:01.060, 162.25, 99, 7523
2026/09/18 01:51:02.060, 159.33, 100, 7523
2026/09/18 01:51:03.060, 159.34, 100, 7523
2026/09/18 01:51:04.060, 159.35, 100, 7523
2026/09/18 01:51:05.060, 163.82, 99, 7523
2026/09/18 01:51:06.069, 163.04, 100, 7523
2026/09/18 01:51:07.069, 159.25, 100, 7523
2026/09/18 01:51:08.070, 159.24, 99, 7523
2026/09/18 01:51:09.070, 159.14, 100, 7523
2026/09/18 01:51:10.070, 162.72, 100, 7523
2026/09/18 01:51:11.070, 163.49, 99, 7523
2026/09/18 01:51:12.070, 159.43, 100, 7523
2026/09/18 01:51:13.071, 158.98, 100, 7523
2026/09/18 01:51:14.071, 159.02, 100, 7523
2026/09/18 01:51:15.071, 162.25, 100, 7523
2026/09/18 01:51:16.080, 163.40, 100, 7523
2026/09/18 01:51:17.080, 159.54, 100, 7523
2026/09/18 01:51:18.081, 159.11, 99, 7523
2026/09/18 01:51:19.081, 158.84, 99, 7523
2026/09/18 01:51:20.081, 161.43, 100, 7523
2026/09/18 01:51:21.081, 163.63, 99, 7523
2026/09/18 01:51:22.082, 161.03, 99, 7523
2026/09/18 01:51:23.082, 160.04, 100, 7523
2026/09/18 01:51:24.082, 160.03, 100, 7523
2026/09/18 01:51:25.082, 161.69, 100, 7523
2026/09/18 01:51:26.083, 163.54, 100, 7523
2026/09/18 01:51:27.083, 161.17, 100, 7523
2026/09/18 01:51:28.083, 160.08, 100, 7523
2026/09/18 01:51:29.083, 160.35, 99, 7523
2026/09/18 01:51:30.083, 161.27, 100, 7523
2026/09/18 01:51:31.084, 163.58, 99, 7523
2026/09/18 01:51:32.084, 161.68, 100, 7523
2026/09/18 01:51:33.084, 160.14, 99, 7523
2026/09/18 01:51:34.084, 159.77, 100, 7523
2026/09/18 01:51:35.085, 160.15, 100, 7523
2026/09/18 01:51:36.093, 163.58, 100, 7523
2026/09/18 01:51:37.093, 162.64, 100, 7523
2026/09/18 01:51:38.094, 160.21, 100, 7523
2026/09/18 01:51:39.094, 160.14, 100, 7523
2026/09/18 01:51:40.094, 159.62, 98, 7523
2026/09/18 01:51:41.103, 163.42, 99, 7523
2026/09/18 01:51:42.103, 163.11, 100, 7523
2026/09/18 01:51:43.103, 160.18, 100, 7523
2026/09/18 01:51:44.103, 160.23, 99, 7523
2026/09/18 01:51:45.104, 159.77, 100, 7523
2026/09/18 01:51:46.112, 163.10, 100, 7523
2026/09/18 01:51:47.112, 163.51, 99, 7523
2026/09/18 01:51:48.113, 160.28, 100, 7523
2026/09/18 01:51:49.113, 159.51, 100, 7523
2026/09/18 01:51:50.113, 159.27, 100, 7523
2026/09/18 01:51:51.122, 54.12, 0, 7523
2026/09/18 01:51:52.122, 142.41, 99, 7523
2026/09/18 01:51:53.122, 161.35, 100, 7523
2026/09/18 01:51:54.122, 160.82, 100, 7523
2026/09/18 01:51:55.122, 160.35, 100, 7523
2026/09/18 01:51:56.123, 161.36, 100, 7523
2026/09/18 01:51:57.123, 160.44, 100, 7523
2026/09/18 01:51:58.123, 160.58, 100, 7523
2026/09/18 01:51:59.123, 161.58, 100, 7523
2026/09/18 01:52:00.123, 161.00, 100, 7523
2026/09/18 01:52:01.124, 160.73, 100, 7523
2026/09/18 01:52:02.124, 161.49, 100, 7523
2026/09/18 01:52:03.124, 160.48, 100, 7523
2026/09/18 01:52:04.124, 160.98, 100, 7523
2026/09/18 01:52:05.125, 161.89, 100, 7523
2026/09/18 01:52:06.125, 160.85, 100, 7523
2026/09/18 01:52:07.125, 161.00, 100, 7523
2026/09/18 01:52:08.125, 161.82, 100, 7523
2026/09/18 01:52:09.125, 160.58, 100, 7523
2026/09/18 01:52:10.126, 161.11, 100, 7523
2026/09/18 01:52:11.134, 161.77, 100, 7523
2026/09/18 01:52:12.135, 160.73, 100, 7523
2026/09/18 01:52:13.135, 161.01, 100, 7523
2026/09/18 01:52:14.135, 161.29, 100, 7523
2026/09/18 01:52:15.135, 160.61, 100, 7523
2026/09/18 01:52:16.144, 160.98, 100, 7523
2026/09/18 01:52:17.144, 161.65, 100, 7523
2026/09/18 01:52:18.144, 160.42, 99, 7523
2026/09/18 01:52:19.144, 160.48, 100, 7523
2026/09/18 01:52:20.145, 161.25, 100, 7523
2026/09/18 01:52:21.145, 160.53, 99, 7523
2026/09/18 01:52:22.145, 160.99, 100, 7523
2026/09/18 01:52:23.145, 161.27, 100, 7523
2026/09/18 01:52:24.145, 159.93, 98, 7523
2026/09/18 01:52:25.146, 161.66, 100, 7523
2026/09/18 01:52:26.146, 161.21, 100, 7523
2026/09/18 01:52:27.146, 160.34, 99, 7523
2026/09/18 01:52:28.146, 161.14, 100, 7523
2026/09/18 01:52:29.147, 161.36, 100, 7523
2026/09/18 01:52:30.147, 159.97, 98, 7523
2026/09/18 01:52:31.147, 160.82, 100, 7523
2026/09/18 01:52:32.147, 161.13, 100, 7523
2026/09/18 01:52:33.147, 160.38, 99, 7523
2026/09/18 01:52:34.148, 161.59, 100, 7523
2026/09/18 01:52:35.148, 161.23, 100, 7523
2026/09/18 01:52:36.148, 160.20, 98, 7523
2026/09/18 01:52:37.148, 161.21, 100, 7523
2026/09/18 01:52:38.148, 161.03, 100, 7523
2026/09/18 01:52:39.149, 160.43, 98, 7523
2026/09/18 01:52:40.149, 161.41, 100, 7523
2026/09/18 01:52:41.149, 161.52, 100, 7523
2026/09/18 01:52:42.149, 159.07, 98, 7523
2026/09/18 01:52:43.150, 161.99, 100, 7523
2026/09/18 01:52:44.150, 161.54, 100, 7523
2026/09/18 01:52:45.150, 160.69, 98, 7523
2026/09/18 01:52:46.150, 161.44, 100, 7523
2026/09/18 01:52:47.150, 160.61, 100, 7523
2026/09/18 01:52:48.151, 160.03, 98, 7523
2026/09/18 01:52:49.151, 160.86, 100, 7523
2026/09/18 01:52:50.151, 161.60, 100, 7523
2026/09/18 01:52:51.151, 160.54, 98, 7523
2026/09/18 01:52:52.151, 160.30, 100, 7523
2026/09/18 01:52:53.152, 160.76, 100, 7523
2026/09/18 01:52:54.152, 160.32, 98, 7523
2026/09/18 01:52:55.152, 161.06, 100, 7523
2026/09/18 01:52:56.152, 161.70, 100, 7523
2026/09/18 01:52:57.152, 160.60, 99, 7523
2026/09/18 01:52:58.153, 161.38, 100, 7523
2026/09/18 01:52:59.153, 161.55, 100, 7523
2026/09/18 01:53:00.153, 160.27, 98, 7523
2026/09/18 01:53:01.153, 161.00, 100, 7523
2026/09/18 01:53:02.154, 161.36, 100, 7523
2026/09/18 01:53:03.154, 160.41, 99, 7523
2026/09/18 01:53:04.154, 161.80, 100, 7523
2026/09/18 01:53:05.154, 160.93, 100, 7523
2026/09/18 01:53:06.155, 160.23, 98, 7523
2026/09/18 01:53:07.155, 161.07, 100, 7523
2026/09/18 01:53:08.155, 161.48, 100, 7523
2026/09/18 01:53:09.155, 160.83, 99, 7523
2026/09/18 01:53:10.155, 161.40, 100, 7523
2026/09/18 01:53:11.156, 161.26, 100, 7523
2026/09/18 01:53:12.156, 160.53, 98, 7523
2026/09/18 01:53:13.156, 161.83, 100, 7523
2026/09/18 01:53:14.156, 161.32, 100, 7523
2026/09/18 01:53:15.156, 160.41, 99, 7523
2026/09/18 01:53:16.157, 161.43, 100, 7523
2026/09/18 01:53:17.165, 161.20, 100, 7523
2026/09/18 01:53:18.165, 160.54, 98, 7523
2026/09/18 01:53:19.166, 161.27, 100, 7523
2026/09/18 01:53:20.166, 161.19, 100, 7523
2026/09/18 01:53:21.166, 160.47, 99, 7523
2026/09/18 01:53:22.166, 161.53, 100, 7523
2026/09/18 01:53:23.167, 160.72, 100, 7523
2026/09/18 01:53:24.167, 160.11, 98, 7523
2026/09/18 01:53:25.167, 161.62, 100, 7523
2026/09/18 01:53:26.167, 161.11, 100, 7523
2026/09/18 01:53:27.167, 160.63, 99, 7523
2026/09/18 01:53:28.168, 161.57, 100, 7523
2026/09/18 01:53:29.168, 160.55, 100, 7523
2026/09/18 01:53:30.168, 160.55, 99, 7523
2026/09/18 01:53:31.168, 161.31, 100, 7523
2026/09/18 01:53:32.177, 160.58, 100, 7523
2026/09/18 01:53:33.177, 160.43, 100, 7523
2026/09/18 01:53:34.177, 161.55, 100, 7523
2026/09/18 01:53:35.178, 160.61, 100, 7523
2026/09/18 01:53:36.178, 160.50, 100, 7523
2026/09/18 01:53:37.178, 161.73, 100, 7523
2026/09/18 01:53:38.178, 160.52, 100, 7523
2026/09/18 01:53:39.178, 160.86, 100, 7523
2026/09/18 01:53:40.179, 161.36, 100, 7523
2026/09/18 01:53:41.179, 160.68, 100, 7523
2026/09/18 01:53:42.188, 160.98, 100, 7523
2026/09/18 01:53:43.188, 160.73, 100, 7523
2026/09/18 01:53:44.188, 160.06, 98, 7523
2026/09/18 01:53:45.188, 160.89, 100, 7523
2026/09/18 01:53:46.188, 161.33, 100, 7523
2026/09/18 01:53:47.189, 160.59, 98, 7523
2026/09/18 01:53:48.189, 161.44, 100, 7523
2026/09/18 01:53:49.189, 160.80, 100, 7523
2026/09/18 01:53:50.189, 160.00, 98, 7523
2026/09/18 01:53:51.189, 161.06, 100, 7523
2026/09/18 01:53:52.198, 160.65, 100, 7523
2026/09/18 01:53:53.198, 160.30, 98, 7523
2026/09/18 01:53:54.199, 161.56, 100, 7523
2026/09/18 01:53:55.199, 160.90, 100, 7523
2026/09/18 01:53:56.199, 160.32, 98, 7523
2026/09/18 01:53:57.199, 161.41, 100, 7523
2026/09/18 01:53:58.199, 160.70, 100, 7523
2026/09/18 01:53:59.200, 160.78, 99, 7523
2026/09/18 01:54:00.200, 161.55, 100, 7523
2026/09/18 01:54:01.200, 160.65, 100, 7523
2026/09/18 01:54:02.200, 160.20, 98, 7523
2026/09/18 01:54:03.200, 160.46, 100, 7523
2026/09/18 01:54:04.201, 160.61, 100, 7523
2026/09/18 01:54:05.201, 160.57, 98, 7523
2026/09/18 01:54:06.201, 161.35, 100, 7523
2026/09/18 01:54:07.201, 161.08, 100, 7523
2026/09/18 01:54:08.201, 159.30, 90, 7523
2026/09/18 01:54:09.201, 160.39, 100, 7523
2026/09/18 01:54:10.202, 160.89, 100, 7523
2026/09/18 01:54:11.202, 160.50, 98, 7523
2026/09/18 01:54:12.202, 161.26, 100, 7523
2026/09/18 01:54:13.202, 160.37, 100, 7523
2026/09/18 01:54:14.204, 159.22, 98, 7523
2026/09/18 01:54:15.204, 160.90, 100, 7523
2026/09/18 01:54:16.204, 160.94, 100, 7523
2026/09/18 01:54:17.204, 160.56, 99, 7523
2026/09/18 01:54:18.204, 161.69, 100, 7523
2026/09/18 01:54:19.205, 160.91, 100, 7523
2026/09/18 01:54:20.205, 160.05, 99, 7523
2026/09/18 01:54:21.205, 161.14, 100, 7523
2026/09/18 01:54:22.205, 160.76, 100, 7523
2026/09/18 01:54:23.205, 160.97, 100, 7523
2026/09/18 01:54:24.205, 160.42, 100, 7523
2026/09/18 01:54:25.206, 160.30, 99, 7523
2026/09/18 01:54:26.206, 163.65, 99, 7523
2026/09/18 01:54:27.206, 162.14, 100, 7523
2026/09/18 01:54:28.206, 160.28, 99, 7523
2026/09/18 01:54:29.206, 159.90, 100, 7523
2026/09/18 01:54:30.206, 161.13, 100, 7523
2026/09/18 01:54:31.207, 164.11, 100, 7523
2026/09/18 01:54:32.207, 162.95, 100, 7523
2026/09/18 01:54:33.207, 159.67, 100, 7523
2026/09/18 01:54:34.207, 159.99, 100, 7523
2026/09/18 01:54:35.207, 160.49, 100, 7523
2026/09/18 01:54:36.208, 163.78, 99, 7523
2026/09/18 01:54:37.208, 163.41, 100, 7523
2026/09/18 01:54:38.208, 159.58, 100, 7523
2026/09/18 01:54:39.208, 159.12, 99, 7523
2026/09/18 01:54:40.208, 159.03, 100, 7523
2026/09/18 01:54:41.209, 162.99, 100, 7523
2026/09/18 01:54:42.209, 163.83, 99, 7523
2026/09/18 01:54:43.209, 160.65, 100, 7523
2026/09/18 01:54:44.209, 160.31, 100, 7523
2026/09/18 01:54:45.210, 160.01, 100, 7523
2026/09/18 01:54:46.210, 162.89, 99, 7523
2026/09/18 01:54:47.210, 163.79, 100, 7523
2026/09/18 01:54:48.210, 160.60, 100, 7523
2026/09/18 01:54:49.210, 160.25, 100, 7523
2026/09/18 01:54:50.211, 160.24, 99, 7523
2026/09/18 01:54:51.211, 162.70, 100, 7523
2026/09/18 01:54:52.211, 164.02, 99, 7523
2026/09/18 01:54:53.211, 160.88, 99, 7523
2026/09/18 01:54:54.211, 160.59, 100, 7523
2026/09/18 01:54:55.220, 160.42, 100, 7523
2026/09/18 01:54:56.220, 162.07, 99, 7523
2026/09/18 01:54:57.221, 163.89, 100, 7523
2026/09/18 01:54:58.221, 161.47, 100, 7523
2026/09/18 01:54:59.221, 160.40, 100, 7523
2026/09/18 01:55:00.230, 160.12, 100, 7523
2026/09/18 01:55:01.230, 161.60, 100, 7523
2026/09/18 01:55:02.230, 163.80, 99, 7523
2026/09/18 01:55:03.230, 161.92, 100, 7523
2026/09/18 01:55:04.231, 160.32, 99, 7523
2026/09/18 01:55:05.231, 159.70, 99, 7523
2026/09/18 01:55:06.231, 160.74, 99, 7523
2026/09/18 01:55:07.231, 163.82, 100, 7523
2026/09/18 01:55:08.231, 162.31, 99, 7523
2026/09/18 01:55:09.232, 160.24, 100, 7523
2026/09/18 01:55:10.232, 160.02, 100, 7523
2026/09/18 01:55:11.232, 160.62, 100, 7523
2026/09/18 01:55:12.241, 163.79, 99, 7523
2026/09/18 01:55:13.241, 163.07, 100, 7523
2026/09/18 01:55:14.241, 160.35, 100, 7523
2026/09/18 01:55:15.241, 160.39, 100, 7523
2026/09/18 01:55:16.242, 160.10, 98, 7523
2026/09/18 01:55:17.250, 163.39, 100, 7523
2026/09/18 01:55:18.251, 163.57, 100, 7523
2026/09/18 01:55:19.251, 159.48, 99, 7523
2026/09/18 01:55:20.251, 159.31, 100, 7523
2026/09/18 01:55:21.251, 159.17, 100, 7523
2026/09/18 01:55:22.251, 162.85, 99, 7523
2026/09/18 01:55:23.252, 163.94, 100, 7523
2026/09/18 01:55:24.252, 160.56, 100, 7523
2026/09/18 01:55:25.252, 159.28, 100, 7523
2026/09/18 01:55:26.252, 159.12, 99, 7523
2026/09/18 01:55:27.252, 162.12, 100, 7523
2026/09/18 01:55:28.253, 163.86, 99, 7523
2026/09/18 01:55:29.253, 160.23, 100, 7523
2026/09/18 01:55:30.253, 160.02, 99, 7523
2026/09/18 01:55:31.253, 159.83, 100, 7523
2026/09/18 01:55:32.254, 162.05, 99, 7523
2026/09/18 01:55:33.254, 164.01, 100, 7523
2026/09/18 01:55:34.254, 161.91, 100, 7523
2026/09/18 01:55:35.254, 160.18, 100, 7523
2026/09/18 01:55:36.254, 159.29, 100, 7523
2026/09/18 01:55:37.255, 161.18, 100, 7523
2026/09/18 01:55:38.255, 164.05, 99, 7523
2026/09/18 01:55:39.255, 161.69, 100, 7523
2026/09/18 01:55:40.255, 159.33, 100, 7523
2026/09/18 01:55:41.255, 159.00, 99, 7523
2026/09/18 01:55:42.256, 160.05, 99, 7523
2026/09/18 01:55:43.256, 163.88, 100, 7523
2026/09/18 01:55:44.256, 162.60, 99, 7523
2026/09/18 01:55:45.256, 160.19, 100, 7523
2026/09/18 01:55:46.257, 160.09, 100, 7523
2026/09/18 01:55:47.257, 160.67, 100, 7523
2026/09/18 01:55:48.257, 164.04, 99, 7523
2026/09/18 01:55:49.257, 162.99, 100, 7523
2026/09/18 01:55:50.257, 160.13, 100, 7523
2026/09/18 01:55:51.257, 160.15, 100, 7523
2026/09/18 01:55:52.258, 159.96, 98, 7523
2026/09/18 01:55:53.258, 163.45, 100, 7523
2026/09/18 01:55:54.258, 163.65, 100, 7523
2026/09/18 01:55:55.258, 160.29, 99, 7523
2026/09/18 01:55:56.258, 159.40, 100, 7523
2026/09/18 01:55:57.259, 159.28, 100, 7523
2026/09/18 01:55:58.259, 46.49, 35, 7523
2026/09/18 01:55:59.259, 151.54, 100, 7523
2026/09/18 01:56:00.259, 160.98, 100, 7523
2026/09/18 01:56:01.259, 159.80, 98, 7523
2026/09/18 01:56:02.260, 160.45, 100, 7523
2026/09/18 01:56:03.260, 160.77, 100, 7523
2026/09/18 01:56:04.260, 160.06, 98, 7523
2026/09/18 01:56:05.260, 160.93, 100, 7523
2026/09/18 01:56:06.260, 160.79, 100, 7523
2026/09/18 01:56:07.261, 159.99, 98, 7523
2026/09/18 01:56:08.261, 160.80, 100, 7523
2026/09/18 01:56:09.261, 160.76, 100, 7523
2026/09/18 01:56:10.261, 160.15, 99, 7523
2026/09/18 01:56:11.262, 161.16, 100, 7523
2026/09/18 01:56:12.262, 161.08, 100, 7523
2026/09/18 01:56:13.262, 159.75, 98, 7523
2026/09/18 01:56:14.262, 160.51, 100, 7523
2026/09/18 01:56:15.262, 160.70, 100, 7523
2026/09/18 01:56:16.263, 160.23, 99, 7523
2026/09/18 01:56:17.263, 161.13, 100, 7523
2026/09/18 01:56:18.272, 160.88, 100, 7523
2026/09/18 01:56:19.272, 159.99, 98, 7523
2026/09/18 01:56:20.272, 160.58, 100, 7523
2026/09/18 01:56:21.272, 160.46, 100, 7523
2026/09/18 01:56:22.272, 160.14, 99, 7523
2026/09/18 01:56:23.273, 161.05, 100, 7523
2026/09/18 01:56:24.273, 160.39, 100, 7523
2026/09/18 01:56:25.273, 159.94, 98, 7523
2026/09/18 01:56:26.273, 160.73, 100, 7523
2026/09/18 01:56:27.273, 160.72, 100, 7523
2026/09/18 01:56:28.282, 160.31, 99, 7523
2026/09/18 01:56:29.282, 160.99, 100, 7523
2026/09/18 01:56:30.282, 160.32, 100, 7523
2026/09/18 01:56:31.283, 159.68, 98, 7523
2026/09/18 01:56:32.283, 161.17, 100, 7523
2026/09/18 01:56:33.283, 160.41, 100, 7523
2026/09/18 01:56:34.283, 160.57, 98, 7523
2026/09/18 01:56:35.284, 161.11, 100, 7523
2026/09/18 01:56:36.284, 160.88, 100, 7523
2026/09/18 01:56:37.284, 159.82, 98, 7523
2026/09/18 01:56:38.284, 161.18, 100, 7523
2026/09/18 01:56:39.285, 160.40, 100, 7523
2026/09/18 01:56:40.285, 160.55, 98, 7523
2026/09/18 01:56:41.285, 161.34, 100, 7523
2026/09/18 01:56:42.285, 160.75, 100, 7523
2026/09/18 01:56:43.285, 160.45, 99, 7523
2026/09/18 01:56:44.286, 161.31, 100, 7523
2026/09/18 01:56:45.286, 160.48, 100, 7523
2026/09/18 01:56:46.286, 160.43, 100, 7523
2026/09/18 01:56:47.286, 161.34, 100, 7523
2026/09/18 01:56:48.287, 160.77, 100, 7523
2026/09/18 01:56:49.287, 160.11, 100, 7523
2026/09/18 01:56:50.287, 161.71, 100, 7523
2026/09/18 01:56:51.287, 160.23, 100, 7523
2026/09/18 01:56:52.287, 160.46, 100, 7523
2026/09/18 01:56:53.288, 161.35, 100, 7523
2026/09/18 01:56:54.288, 160.51, 100, 7523
2026/09/18 01:56:55.288, 160.65, 100, 7523
2026/09/18 01:56:56.288, 161.32, 100, 7523
2026/09/18 01:56:57.288, 160.67, 100, 7523
2026/09/18 01:56:58.297, 161.10, 100, 7523
2026/09/18 01:56:59.297, 161.87, 100, 7523
2026/09/18 01:57:00.298, 160.57, 100, 7523
2026/09/18 01:57:01.298, 160.71, 100, 7523
2026/09/18 01:57:02.298, 161.16, 100, 7523
2026/09/18 01:57:03.305, 160.45, 100, 7523
2026/09/18 01:57:04.306, 160.58, 100, 7523
2026/09/18 01:57:05.306, 161.22, 100, 7523
2026/09/18 01:57:06.306, 160.61, 100, 7523
2026/09/18 01:57:07.306, 160.92, 100, 7523
2026/09/18 01:57:08.306, 162.01, 100, 7523
2026/09/18 01:57:09.307, 160.71, 99, 7523
2026/09/18 01:57:10.307, 161.46, 100, 7523
2026/09/18 01:57:11.307, 161.79, 100, 7523
2026/09/18 01:57:12.307, 159.93, 98, 7523
2026/09/18 01:57:13.316, 160.88, 100, 7523
2026/09/18 01:57:14.316, 161.12, 100, 7523
2026/09/18 01:57:15.316, 160.19, 99, 7523
2026/09/18 01:57:16.316, 161.11, 100, 7523
2026/09/18 01:57:17.317, 161.13, 100, 7523
2026/09/18 01:57:18.317, 159.89, 98, 7523
2026/09/18 01:57:19.317, 160.81, 100, 7523
2026/09/18 01:57:20.317, 161.42, 100, 7523
2026/09/18 01:57:21.317, 160.08, 99, 7523
2026/09/18 01:57:22.318, 160.87, 100, 7523
2026/09/18 01:57:23.318, 161.54, 100, 7523
2026/09/18 01:57:24.318, 159.95, 98, 7523
2026/09/18 01:57:25.318, 161.02, 100, 7523
2026/09/18 01:57:26.318, 161.52, 100, 7523
2026/09/18 01:57:27.319, 160.44, 99, 7523
2026/09/18 01:57:28.319, 161.13, 100, 7523
2026/09/18 01:57:29.319, 161.58, 100, 7523
2026/09/18 01:57:30.319, 160.13, 98, 7523
2026/09/18 01:57:31.320, 161.04, 100, 7523
2026/09/18 01:57:32.320, 160.99, 100, 7523
2026/09/18 01:57:33.320, 160.42, 99, 7523
2026/09/18 01:57:34.320, 161.31, 100, 7523
2026/09/18 01:57:35.320, 161.07, 100, 7523
2026/09/18 01:57:36.321, 159.95, 98, 7523
2026/09/18 01:57:37.321, 160.83, 100, 7523
2026/09/18 01:57:38.321, 160.67, 100, 7523
2026/09/18 01:57:39.321, 159.26, 99, 7523
2026/09/18 01:57:40.322, 161.71, 100, 7523
2026/09/18 01:57:41.322, 161.27, 100, 7523
2026/09/18 01:57:42.322, 159.87, 98, 7523
2026/09/18 01:57:43.322, 160.59, 100, 7523
2026/09/18 01:57:44.322, 160.20, 100, 7523
2026/09/18 01:57:45.323, 160.20, 98, 7523
2026/09/18 01:57:46.323, 160.85, 100, 7523
2026/09/18 01:57:47.323, 160.48, 100, 7523
2026/09/18 01:57:48.323, 159.62, 98, 7523
2026/09/18 01:57:49.323, 159.52, 100, 7523
2026/09/18 01:57:50.324, 160.51, 100, 7523
2026/09/18 01:57:51.324, 160.93, 98, 7523
2026/09/18 01:57:52.324, 161.64, 100, 7523
2026/09/18 01:57:53.324, 160.23, 100, 7523
2026/09/18 01:57:54.325, 159.46, 90, 7523
2026/09/18 01:57:55.325, 161.65, 100, 7523
2026/09/18 01:57:56.325, 160.18, 100, 7523
2026/09/18 01:57:57.325, 160.60, 98, 7523
2026/09/18 01:57:58.325, 161.40, 100, 7523
2026/09/18 01:57:59.326, 160.13, 100, 7523
2026/09/18 01:58:00.326, 159.59, 98, 7523
2026/09/18 01:58:01.326, 161.56, 100, 7523
2026/09/18 01:58:02.326, 160.37, 99, 7523
2026/09/18 01:58:03.326, 160.71, 100, 7523
2026/09/18 01:58:04.327, 161.39, 100, 7523
2026/09/18 01:58:05.327, 160.05, 98, 7523
2026/09/18 01:58:06.327, 161.24, 100, 7523
2026/09/18 01:58:07.327, 160.88, 100, 7523
2026/09/18 01:58:08.327, 159.81, 98, 7523
2026/09/18 01:58:09.328, 160.95, 100, 7523
2026/09/18 01:58:10.328, 161.18, 100, 7523
2026/09/18 01:58:11.328, 159.83, 98, 7523
2026/09/18 01:58:12.328, 160.51, 100, 7523
2026/09/18 01:58:13.328, 161.24, 100, 7523
2026/09/18 01:58:14.329, 160.04, 99, 7523
2026/09/18 01:58:15.329, 160.89, 100, 7523
2026/09/18 01:58:16.329, 161.38, 100, 7523
2026/09/18 01:58:17.329, 159.68, 98, 7523
2026/09/18 01:58:18.330, 160.59, 100, 7523
2026/09/18 01:58:19.330, 160.93, 100, 7523
2026/09/18 01:58:20.330, 160.02, 99, 7523
2026/09/18 01:58:21.330, 160.99, 100, 7523
2026/09/18 01:58:22.330, 160.82, 100, 7523
2026/09/18 01:58:23.331, 159.80, 98, 7523
2026/09/18 01:58:24.331, 160.65, 100, 7523
2026/09/18 01:58:25.331, 161.18, 100, 7523
2026/09/18 01:58:26.331, 160.20, 99, 7523
2026/09/18 01:58:27.331, 160.99, 100, 7523
2026/09/18 01:58:28.332, 161.10, 100, 7523
2026/09/18 01:58:29.332, 159.87, 98, 7523
2026/09/18 01:58:30.341, 161.50, 100, 7523
2026/09/18 01:58:31.341, 160.63, 100, 7523
2026/09/18 01:58:32.341, 160.13, 98, 7523
2026/09/18 01:58:33.341, 160.67, 99, 7523
2026/09/18 01:58:34.341, 163.97, 100, 7523
2026/09/18 01:58:35.342, 160.59, 100, 7523
2026/09/18 01:58:36.342, 158.91, 100, 7523
2026/09/18 01:58:37.342, 158.92, 100, 7523
2026/09/18 01:58:38.342, 160.68, 100, 7523
2026/09/18 01:58:39.342, 163.40, 99, 7523
2026/09/18 01:58:40.343, 161.37, 100, 7523
2026/09/18 01:58:41.343, 158.91, 99, 7523
2026/09/18 01:58:42.343, 158.87, 99, 7523
2026/09/18 01:58:43.343, 159.86, 99, 7523
2026/09/18 01:58:44.343, 163.49, 100, 7523
2026/09/18 01:58:45.352, 161.78, 99, 7523
2026/09/18 01:58:46.352, 159.00, 100, 7523
2026/09/18 01:58:47.353, 158.94, 100, 7523
2026/09/18 01:58:48.353, 159.19, 100, 7523
2026/09/18 01:58:49.353, 163.71, 99, 7523
2026/09/18 01:58:50.353, 162.80, 100, 7523
2026/09/18 01:58:51.353, 159.09, 100, 7523
2026/09/18 01:58:52.354, 159.05, 99, 7523
2026/09/18 01:58:53.354, 159.05, 100, 7523
2026/09/18 01:58:54.354, 163.09, 100, 7523
2026/09/18 01:58:55.354, 163.26, 99, 7523
2026/09/18 01:58:56.354, 159.82, 100, 7523
2026/09/18 01:58:57.355, 159.24, 100, 7523
2026/09/18 01:58:58.355, 159.94, 100, 7523
2026/09/18 01:58:59.355, 162.78, 99, 7523
2026/09/18 01:59:00.355, 163.70, 100, 7523
2026/09/18 01:59:01.355, 160.37, 100, 7523
2026/09/18 01:59:02.356, 159.98, 100, 7523
2026/09/18 01:59:03.356, 159.90, 99, 7523
2026/09/18 01:59:04.356, 162.59, 100, 7523
2026/09/18 01:59:05.356, 163.59, 99, 7523
2026/09/18 01:59:06.356, 160.26, 99, 7523
2026/09/18 01:59:07.357, 158.97, 100, 7523
2026/09/18 01:59:08.357, 158.83, 100, 7523
2026/09/18 01:59:09.357, 161.20, 100, 7523
2026/09/18 01:59:10.357, 163.75, 100, 7523
2026/09/18 01:59:11.357, 161.49, 100, 7523
2026/09/18 01:59:12.358, 159.98, 100, 7523
2026/09/18 01:59:13.358, 159.83, 100, 7523
2026/09/18 01:59:14.358, 161.37, 100, 7523
2026/09/18 01:59:15.358, 163.81, 99, 7523
2026/09/18 01:59:16.358, 162.06, 100, 7523
2026/09/18 01:59:17.359, 160.03, 99, 7523
2026/09/18 01:59:18.359, 160.07, 100, 7523
2026/09/18 01:59:19.359, 159.88, 100, 7523
2026/09/18 01:59:20.359, 163.84, 100, 7523
2026/09/18 01:59:21.359, 162.40, 100, 7523
2026/09/18 01:59:22.360, 159.00, 100, 7523
2026/09/18 01:59:23.360, 158.97, 100, 7523
2026/09/18 01:59:24.360, 159.38, 100, 7523
2026/09/18 01:59:25.360, 163.73, 99, 7523
2026/09/18 01:59:26.360, 163.04, 100, 7523
2026/09/18 01:59:27.361, 159.09, 100, 7523
2026/09/18 01:59:28.361, 158.99, 99, 7523
2026/09/18 01:59:29.361, 158.95, 100, 7523
2026/09/18 01:59:30.361, 163.15, 100, 7523
2026/09/18 01:59:31.370, 163.53, 99, 7523
2026/09/18 01:59:32.370, 159.52, 100, 7523
2026/09/18 01:59:33.370, 159.09, 100, 7523
2026/09/18 01:59:34.371, 158.96, 100, 7523
2026/09/18 01:59:35.371, 162.55, 100, 7523
2026/09/18 01:59:36.371, 163.45, 100, 7523
2026/09/18 01:59:37.371, 159.95, 100, 7523
2026/09/18 01:59:38.371, 159.96, 99, 7523
2026/09/18 01:59:39.372, 159.73, 99, 7523
2026/09/18 01:59:40.372, 162.31, 100, 7523
2026/09/18 01:59:41.372, 163.73, 99, 7523
2026/09/18 01:59:42.372, 160.13, 99, 7523
2026/09/18 01:59:43.373, 158.96, 100, 7523
2026/09/18 01:59:44.381, 158.89, 100, 7523
2026/09/18 01:59:45.381, 161.12, 100, 7523
2026/09/18 01:59:46.382, 163.85, 100, 7523
2026/09/18 01:59:47.382, 161.45, 100, 7523
2026/09/18 01:59:48.382, 160.23, 100, 7523
2026/09/18 01:59:49.391, 160.22, 99, 7523
2026/09/18 01:59:50.391, 161.05, 100, 7523
2026/09/18 01:59:51.391, 163.67, 99, 7523
2026/09/18 01:59:52.391, 161.76, 100, 7523
2026/09/18 01:59:53.391, 159.02, 99, 7523
2026/09/18 01:59:54.400, 159.22, 100, 7523
2026/09/18 01:59:55.400, 159.98, 100, 7523
2026/09/18 01:59:56.401, 163.74, 100, 7523
2026/09/18 01:59:57.401, 162.65, 100, 7523
2026/09/18 01:59:58.401, 160.01, 100, 7523
2026/09/18 01:59:59.410, 160.00, 100, 7523
2026/09/18 02:00:00.410, 160.03, 98, 7523
2026/09/18 02:00:01.410, 163.38, 100, 7523
2026/09/18 02:00:02.410, 162.80, 100, 7523
2026/09/18 02:00:03.411, 159.14, 99, 7523
2026/09/18 02:00:04.419, 158.78, 99, 7523
2026/09/18 02:00:05.420, 159.14, 100, 7523
2026/09/18 02:00:06.420, 49.01, 79, 7523
2026/09/18 02:00:07.420, 157.95, 100, 7523
2026/09/18 02:00:08.420, 160.22, 100, 7523
2026/09/18 02:00:09.420, 160.38, 99, 7523
2026/09/18 02:00:10.421, 161.22, 100, 7523
2026/09/18 02:00:11.421, 160.41, 100, 7523
2026/09/18 02:00:12.421, 160.40, 98, 7523
2026/09/18 02:00:13.421, 160.88, 100, 7523
2026/09/18 02:00:14.422, 160.29, 100, 7523
2026/09/18 02:00:15.422, 160.62, 99, 7523
2026/09/18 02:00:16.422, 161.31, 100, 7523
2026/09/18 02:00:17.422, 160.67, 100, 7523
2026/09/18 02:00:18.422, 160.23, 100, 7523
2026/09/18 02:00:19.423, 161.37, 100, 7523
2026/09/18 02:00:20.423, 160.39, 100, 7523
2026/09/18 02:00:21.423, 160.76, 100, 7523
2026/09/18 02:00:22.423, 161.83, 100, 7523
2026/09/18 02:00:23.424, 160.37, 100, 7523
2026/09/18 02:00:24.432, 160.37, 100, 7523
2026/09/18 02:00:25.432, 161.48, 100, 7523
2026/09/18 02:00:26.433, 160.10, 100, 7523
2026/09/18 02:00:27.433, 160.48, 100, 7523
2026/09/18 02:00:28.433, 161.36, 100, 7523
2026/09/18 02:00:29.433, 160.62, 100, 7523
2026/09/18 02:00:30.433, 160.80, 100, 7523
2026/09/18 02:00:31.434, 161.69, 100, 7523
2026/09/18 02:00:32.434, 160.37, 100, 7523
2026/09/18 02:00:33.434, 160.78, 100, 7523
2026/09/18 02:00:34.434, 161.57, 100, 7523
2026/09/18 02:00:35.434, 160.27, 100, 7523
2026/09/18 02:00:36.435, 160.73, 100, 7523
2026/09/18 02:00:37.435, 161.20, 100, 7523
2026/09/18 02:00:38.435, 160.43, 99, 7523
2026/09/18 02:00:39.435, 161.31, 100, 7523
2026/09/18 02:00:40.435, 161.48, 100, 7523
2026/09/18 02:00:41.436, 159.82, 98, 7523
2026/09/18 02:00:42.436, 160.55, 100, 7523
2026/09/18 02:00:43.436, 160.87, 100, 7523
2026/09/18 02:00:44.436, 160.17, 99, 7523
2026/09/18 02:00:45.436, 161.59, 100, 7523
2026/09/18 02:00:46.437, 161.44, 100, 7523
2026/09/18 02:00:47.437, 159.82, 98, 7523
2026/09/18 02:00:48.437, 160.67, 100, 7523
2026/09/18 02:00:49.437, 160.89, 100, 7523
2026/09/18 02:00:50.437, 160.22, 99, 7523
2026/09/18 02:00:51.438, 160.93, 100, 7523
2026/09/18 02:00:52.438, 161.27, 100, 7523
2026/09/18 02:00:53.438, 159.82, 98, 7523
2026/09/18 02:00:54.438, 160.64, 100, 7523
2026/09/18 02:00:55.439, 160.79, 100, 7523
2026/09/18 02:00:56.439, 160.38, 99, 7523
2026/09/18 02:00:57.439, 161.27, 100, 7523
2026/09/18 02:00:58.439, 161.26, 100, 7523
2026/09/18 02:00:59.439, 159.96, 98, 7523
2026/09/18 02:01:00.448, 160.83, 100, 7523
2026/09/18 02:01:01.448, 161.22, 100, 7523
2026/09/18 02:01:02.449, 160.21, 99, 7523
2026/09/18 02:01:03.449, 161.15, 100, 7523
2026/09/18 02:01:04.449, 160.89, 100, 7523
2026/09/18 02:01:05.449, 159.98, 98, 7523
2026/09/18 02:01:06.449, 160.90, 100, 7523
2026/09/18 02:01:07.450, 160.77, 100, 7523
2026/09/18 02:01:08.450, 160.11, 99, 7523
2026/09/18 02:01:09.450, 161.40, 100, 7523
2026/09/18 02:01:10.450, 161.05, 100, 7523
2026/09/18 02:01:11.450, 160.01, 98, 7523
2026/09/18 02:01:12.451, 160.88, 100, 7523
2026/09/18 02:01:13.451, 160.50, 100, 7523
2026/09/18 02:01:14.451, 160.30, 98, 7523
2026/09/18 02:01:15.451, 161.29, 100, 7523
2026/09/18 02:01:16.451, 160.79, 100, 7523
2026/09/18 02:01:17.452, 160.30, 98, 7523
2026/09/18 02:01:18.452, 161.04, 100, 7523
2026/09/18 02:01:19.452, 161.23, 100, 7523
2026/09/18 02:01:20.461, 160.76, 99, 7523
2026/09/18 02:01:21.461, 161.54, 100, 7523
2026/09/18 02:01:22.461, 161.07, 100, 7523
2026/09/18 02:01:23.462, 160.48, 98, 7523
2026/09/18 02:01:24.462, 161.14, 100, 7523
2026/09/18 02:01:25.462, 160.98, 100, 7523
2026/09/18 02:01:26.462, 160.82, 99, 7523
2026/09/18 02:01:27.462, 161.43, 100, 7523
2026/09/18 02:01:28.463, 160.65, 100, 7523
2026/09/18 02:01:29.463, 160.48, 98, 7523
2026/09/18 02:01:30.463, 161.22, 100, 7523
2026/09/18 02:01:31.463, 160.54, 100, 7523
2026/09/18 02:01:32.463, 160.49, 99, 7523
2026/09/18 02:01:33.463, 161.59, 100, 7523
2026/09/18 02:01:34.464, 160.68, 100, 7523
2026/09/18 02:01:35.464, 160.44, 99, 7523
2026/09/18 02:01:36.464, 161.44, 100, 7523
2026/09/18 02:01:37.464, 160.14, 100, 7523
2026/09/18 02:01:38.464, 160.38, 100, 7523
2026/09/18 02:01:39.465, 161.32, 100, 7523
2026/09/18 02:01:40.465, 160.31, 100, 7523
2026/09/18 02:01:41.465, 160.46, 100, 7523
2026/09/18 02:01:42.465, 161.86, 100, 7523
2026/09/18 02:01:43.466, 160.80, 100, 7523
2026/09/18 02:01:44.466, 160.70, 100, 7523
2026/09/18 02:01:45.466, 162.12, 100, 7523
2026/09/18 02:01:46.466, 160.54, 100, 7523
2026/09/18 02:01:47.466, 160.99, 100, 7523
2026/09/18 02:01:48.466, 161.90, 100, 7523
2026/09/18 02:01:49.467, 160.29, 100, 7523
2026/09/18 02:01:50.475, 160.81, 100, 7523
2026/09/18 02:01:51.475, 161.65, 100, 7523
2026/09/18 02:01:52.476, 160.26, 100, 7523
2026/09/18 02:01:53.476, 160.40, 100, 7523
2026/09/18 02:01:54.476, 161.38, 100, 7523
2026/09/18 02:01:55.476, 160.49, 100, 7523
2026/09/18 02:01:56.476, 160.92, 100, 7523
2026/09/18 02:01:57.477, 161.65, 100, 7523
2026/09/18 02:01:58.477, 160.49, 99, 7523
2026/09/18 02:01:59.477, 161.20, 100, 7523
2026/09/18 02:02:00.477, 161.76, 100, 7523
2026/09/18 02:02:01.478, 160.19, 98, 7523
2026/09/18 02:02:02.478, 161.58, 100, 7523
2026/09/18 02:02:03.478, 161.59, 100, 7523
2026/09/18 02:02:04.478, 159.68, 98, 7523
2026/09/18 02:02:05.478, 160.75, 100, 7523
2026/09/18 02:02:06.479, 161.15, 100, 7523
2026/09/18 02:02:07.479, 160.02, 98, 7523
2026/09/18 02:02:08.479, 160.85, 100, 7523
2026/09/18 02:02:09.479, 161.04, 100, 7523
2026/09/18 02:02:10.479, 159.75, 98, 7523
2026/09/18 02:02:11.479, 160.48, 100, 7523
2026/09/18 02:02:12.480, 160.62, 100, 7523
2026/09/18 02:02:13.480, 159.82, 99, 7523
2026/09/18 02:02:14.480, 160.84, 100, 7523
2026/09/18 02:02:15.480, 161.36, 100, 7523
2026/09/18 02:02:16.480, 159.78, 98, 7523
2026/09/18 02:02:17.481, 160.76, 100, 7523
2026/09/18 02:02:18.481, 160.71, 100, 7523
2026/09/18 02:02:19.481, 160.58, 99, 7523
2026/09/18 02:02:20.481, 161.59, 100, 7523
2026/09/18 02:02:21.490, 160.81, 100, 7523
2026/09/18 02:02:22.490, 159.71, 98, 7523
2026/09/18 02:02:23.490, 160.67, 100, 7523
2026/09/18 02:02:24.491, 160.83, 100, 7523
2026/09/18 02:02:25.491, 160.24, 99, 7523
2026/09/18 02:02:26.499, 161.19, 100, 7523
2026/09/18 02:02:27.500, 160.80, 100, 7523
2026/09/18 02:02:28.500, 160.04, 98, 7523
2026/09/18 02:02:29.500, 160.85, 100, 7523
2026/09/18 02:02:30.500, 161.29, 100, 7523
2026/09/18 02:02:31.500, 160.53, 99, 7523
2026/09/18 02:02:32.501, 161.21, 100, 7523
2026/09/18 02:02:33.501, 160.65, 100, 7523
2026/09/18 02:02:34.501, 160.13, 98, 7523
2026/09/18 02:02:35.501, 160.95, 100, 7523
2026/09/18 02:02:36.502, 161.15, 100, 7523
2026/09/18 02:02:37.502, 160.55, 99, 7523
2026/09/18 02:02:38.502, 161.16, 100, 7523
2026/09/18 02:02:39.502, 160.72, 100, 7523
2026/09/18 02:02:40.502, 158.81, 95, 7523
2026/09/18 02:02:41.503, 161.75, 100, 7523
2026/09/18 02:02:42.503, 163.09, 100, 7523
2026/09/18 02:02:43.503, 158.84, 99, 7523
2026/09/18 02:02:44.503, 159.17, 100, 7523
2026/09/18 02:02:45.504, 158.87, 100, 7523
2026/09/18 02:02:46.512, 162.90, 99, 7523
2026/09/18 02:02:47.512, 163.55, 100, 7523
2026/09/18 02:02:48.513, 159.62, 100, 7523
2026/09/18 02:02:49.513, 158.89, 100, 7523
2026/09/18 02:02:50.513, 158.99, 99, 7523
2026/09/18 02:02:51.513, 162.07, 100, 7523
2026/09/18 02:02:52.514, 163.31, 99, 7523
2026/09/18 02:02:53.514, 160.12, 99, 7523
2026/09/18 02:02:54.514, 158.81, 99, 7523
2026/09/18 02:02:55.514, 158.78, 100, 7523
2026/09/18 02:02:56.523, 161.26, 99, 7523
2026/09/18 02:02:57.523, 163.72, 100, 7523
2026/09/18 02:02:58.523, 160.71, 100, 7523
2026/09/18 02:02:59.524, 159.09, 100, 7523
2026/09/18 02:03:00.524, 158.76, 100, 7523
2026/09/18 02:03:01.532, 160.56, 100, 7523
2026/09/18 02:03:02.533, 163.63, 99, 7523
2026/09/18 02:03:03.533, 161.20, 100, 7523
2026/09/18 02:03:04.533, 158.97, 99, 7523
2026/09/18 02:03:05.533, 159.01, 100, 7523
2026/09/18 02:03:06.542, 159.93, 100, 7523
2026/09/18 02:03:07.542, 163.52, 100, 7523
2026/09/18 02:03:08.542, 162.41, 100, 7523
2026/09/18 02:03:09.543, 158.80, 100, 7523
2026/09/18 02:03:10.543, 158.86, 100, 7523
2026/09/18 02:03:11.551, 159.15, 98, 7523
2026/09/18 02:03:12.552, 163.34, 100, 7523
2026/09/18 02:03:13.552, 162.95, 100, 7523
2026/09/18 02:03:14.552, 158.68, 99, 7523
2026/09/18 02:03:15.552, 158.66, 99, 7523
2026/09/18 02:03:16.553, 159.00, 100, 7523
2026/09/18 02:03:17.553, 162.74, 100, 7523
2026/09/18 02:03:18.553, 163.48, 99, 7523
2026/09/18 02:03:19.553, 159.59, 100, 7523
2026/09/18 02:03:20.553, 158.98, 100, 7523
2026/09/18 02:03:21.554, 158.95, 100, 7523
2026/09/18 02:03:22.554, 162.38, 100, 7523
2026/09/18 02:03:23.554, 163.68, 100, 7523
2026/09/18 02:03:24.554, 160.12, 100, 7523
2026/09/18 02:03:25.554, 159.85, 99, 7523
2026/09/18 02:03:26.555, 159.76, 100, 7523
2026/09/18 02:03:27.555, 161.66, 99, 7523
2026/09/18 02:03:28.555, 163.74, 100, 7523
2026/09/18 02:03:29.555, 161.21, 100, 7523
2026/09/18 02:03:30.555, 159.71, 100, 7523
2026/09/18 02:03:31.556, 159.76, 100, 7523
2026/09/18 02:03:32.556, 161.38, 100, 7523
2026/09/18 02:03:33.556, 163.35, 100, 7523
2026/09/18 02:03:34.556, 160.96, 100, 7523
2026/09/18 02:03:35.556, 158.77, 100, 7523
2026/09/18 02:03:36.565, 158.73, 99, 7523
2026/09/18 02:03:37.565, 160.07, 99, 7523
2026/09/18 02:03:38.566, 163.46, 100, 7523
2026/09/18 02:03:39.566, 161.63, 99, 7523
2026/09/18 02:03:40.566, 158.86, 100, 7523
2026/09/18 02:03:41.566, 159.16, 100, 7523
2026/09/18 02:03:42.566, 160.24, 100, 7523
2026/09/18 02:03:43.567, 163.52, 99, 7523
2026/09/18 02:03:44.567, 162.53, 100, 7523
2026/09/18 02:03:45.567, 158.79, 100, 7523
2026/09/18 02:03:46.567, 158.88, 99, 7523
2026/09/18 02:03:47.567, 158.82, 98, 7523
2026/09/18 02:03:48.568, 163.00, 100, 7523
2026/09/18 02:03:49.568, 163.08, 99, 7523
2026/09/18 02:03:50.568, 159.61, 99, 7523
2026/09/18 02:03:51.568, 159.72, 100, 7523
2026/09/18 02:03:52.577, 159.27, 100, 7523
2026/09/18 02:03:53.577, 162.49, 99, 7523
2026/09/18 02:03:54.577, 163.47, 100, 7523
2026/09/18 02:03:55.577, 159.84, 100, 7523
2026/09/18 02:03:56.578, 158.83, 100, 7523
2026/09/18 02:03:57.578, 158.91, 99, 7523
2026/09/18 02:03:58.578, 161.91, 100, 7523
2026/09/18 02:03:59.578, 163.54, 99, 7523
2026/09/18 02:04:00.578, 160.04, 99, 7523
2026/09/18 02:04:01.579, 159.12, 100, 7523
2026/09/18 02:04:02.579, 158.97, 100, 7523
2026/09/18 02:04:03.579, 161.31, 99, 7523
2026/09/18 02:04:04.579, 163.32, 100, 7523
2026/09/18 02:04:05.579, 161.15, 100, 7523
2026/09/18 02:04:06.580, 158.83, 100, 7523
2026/09/18 02:04:07.580, 158.67, 100, 7523
2026/09/18 02:04:08.580, 160.16, 100, 7523
2026/09/18 02:04:09.580, 163.44, 99, 7523
2026/09/18 02:04:10.580, 161.97, 100, 7523
2026/09/18 02:04:11.581, 159.99, 99, 7523
2026/09/18 02:04:12.581, 159.34, 100, 7523
2026/09/18 02:04:13.581, 128.38, 29, 7523
2026/09/18 02:04:14.581, 75.48, 100, 7523
2026/09/18 02:04:15.582, 160.83, 100, 7523
2026/09/18 02:04:16.582, 160.13, 100, 7523
2026/09/18 02:04:17.582, 160.33, 100, 7523
2026/09/18 02:04:18.582, 160.40, 100, 7523
2026/09/18 02:04:19.582, 161.72, 100, 7523
2026/09/18 02:04:20.583, 160.10, 100, 7523
2026/09/18 02:04:21.583, 160.97, 100, 7523
2026/09/18 02:04:22.583, 161.13, 100, 7523
2026/09/18 02:04:23.583, 160.38, 100, 7523
2026/09/18 02:04:24.583, 160.57, 100, 7523
2026/09/18 02:04:25.584, 161.74, 100, 7523
2026/09/18 02:04:26.584, 160.18, 100, 7523
2026/09/18 02:04:27.584, 160.91, 100, 7523
2026/09/18 02:04:28.584, 161.45, 100, 7523
2026/09/18 02:04:29.585, 159.93, 100, 7523
2026/09/18 02:04:30.585, 160.62, 100, 7523
2026/09/18 02:04:31.594, 161.24, 100, 7523
2026/09/18 02:04:32.594, 159.73, 99, 7523
2026/09/18 02:04:33.594, 160.35, 100, 7523
2026/09/18 02:04:34.594, 160.91, 100, 7523
2026/09/18 02:04:35.594, 159.93, 98, 7523
2026/09/18 02:04:36.595, 161.08, 100, 7523
2026/09/18 02:04:37.595, 161.24, 100, 7523
2026/09/18 02:04:38.595, 160.02, 99, 7523
2026/09/18 02:04:39.595, 160.90, 100, 7523
2026/09/18 02:04:40.596, 161.05, 100, 7523
2026/09/18 02:04:41.596, 159.65, 98, 7523
2026/09/18 02:04:42.596, 161.61, 100, 7523
2026/09/18 02:04:43.596, 161.35, 100, 7523
2026/09/18 02:04:44.596, 160.29, 99, 7523
2026/09/18 02:04:45.597, 161.15, 100, 7523
2026/09/18 02:04:46.597, 161.54, 100, 7523
2026/09/18 02:04:47.597, 160.20, 98, 7523
2026/09/18 02:04:48.597, 160.85, 100, 7523
2026/09/18 02:04:49.597, 161.35, 100, 7523
2026/09/18 02:04:50.598, 160.49, 99, 7523
2026/09/18 02:04:51.598, 161.19, 100, 7523
2026/09/18 02:04:52.598, 160.64, 100, 7523
2026/09/18 02:04:53.598, 159.93, 98, 7523
2026/09/18 02:04:54.599, 160.90, 100, 7523
2026/09/18 02:04:55.599, 161.35, 100, 7523
2026/09/18 02:04:56.599, 160.42, 99, 7523
2026/09/18 02:04:57.599, 161.52, 100, 7523
2026/09/18 02:04:58.599, 160.90, 100, 7523
2026/09/18 02:04:59.600, 160.13, 98, 7523
2026/09/18 02:05:00.600, 160.91, 100, 7523
2026/09/18 02:05:01.600, 160.67, 100, 7523
2026/09/18 02:05:02.600, 160.24, 99, 7523
2026/09/18 02:05:03.600, 161.32, 100, 7523
2026/09/18 02:05:04.601, 160.88, 100, 7523
2026/09/18 02:05:05.601, 159.83, 98, 7523
2026/09/18 02:05:06.601, 159.78, 100, 7523
2026/09/18 02:05:07.601, 160.59, 100, 7523
2026/09/18 02:05:08.602, 160.53, 99, 7523
2026/09/18 02:05:09.602, 161.15, 100, 7523
2026/09/18 02:05:10.602, 160.43, 100, 7523
2026/09/18 02:05:11.602, 158.80, 90, 7523
2026/09/18 02:05:12.602, 159.76, 100, 7523
2026/09/18 02:05:13.603, 160.58, 100, 7523
2026/09/18 02:05:14.603, 160.21, 98, 7523
2026/09/18 02:05:15.603, 161.06, 100, 7523
2026/09/18 02:05:16.603, 160.57, 100, 7523
2026/09/18 02:05:17.603, 158.53, 98, 7523
2026/09/18 02:05:18.604, 160.43, 100, 7523
2026/09/18 02:05:19.604, 160.08, 100, 7523
2026/09/18 02:05:20.604, 159.91, 99, 7523
2026/09/18 02:05:21.604, 161.19, 100, 7523
2026/09/18 02:05:22.604, 160.37, 100, 7523
2026/09/18 02:05:23.605, 160.02, 98, 7523
2026/09/18 02:05:24.605, 161.20, 100, 7523
2026/09/18 02:05:25.605, 159.73, 100, 7523
2026/09/18 02:05:26.605, 160.76, 99, 7523
2026/09/18 02:05:27.605, 161.00, 100, 7523
2026/09/18 02:05:28.606, 159.52, 100, 7523
2026/09/18 02:05:29.606, 160.40, 98, 7523
2026/09/18 02:05:30.606, 160.51, 100, 7523
2026/09/18 02:05:31.606, 159.96, 100, 7523
2026/09/18 02:05:32.615, 161.35, 99, 7523
2026/09/18 02:05:33.615, 160.98, 100, 7523
2026/09/18 02:05:34.615, 159.75, 100, 7523
2026/09/18 02:05:35.615, 160.73, 98, 7523
2026/09/18 02:05:36.616, 160.56, 100, 7523
2026/09/18 02:05:37.616, 160.22, 100, 7523
2026/09/18 02:05:38.616, 160.79, 99, 7523
2026/09/18 02:05:39.616, 160.63, 100, 7523
2026/09/18 02:05:40.616, 159.75, 100, 7523
2026/09/18 02:05:41.617, 160.76, 98, 7523
2026/09/18 02:05:42.617, 160.78, 100, 7523
2026/09/18 02:05:43.617, 160.42, 100, 7523
2026/09/18 02:05:44.617, 161.00, 100, 7523
2026/09/18 02:05:45.617, 161.17, 100, 7523
2026/09/18 02:05:46.617, 160.05, 98, 7523
2026/09/18 02:05:47.618, 160.94, 100, 7523
2026/09/18 02:05:48.618, 160.81, 100, 7523
2026/09/18 02:05:49.618, 160.06, 99, 7523
2026/09/18 02:05:50.618, 161.24, 100, 7523
2026/09/18 02:05:51.619, 160.32, 100, 7523
2026/09/18 02:05:52.627, 160.09, 98, 7523
2026/09/18 02:05:53.627, 161.04, 100, 7523
2026/09/18 02:05:54.628, 160.63, 100, 7523
2026/09/18 02:05:55.628, 160.29, 99, 7523
2026/09/18 02:05:56.628, 161.13, 100, 7523
2026/09/18 02:05:57.628, 160.77, 100, 7523
2026/09/18 02:05:58.628, 160.19, 98, 7523
2026/09/18 02:05:59.629, 160.92, 100, 7523
2026/09/18 02:06:00.629, 160.80, 100, 7523
2026/09/18 02:06:01.629, 160.71, 99, 7523
2026/09/18 02:06:02.638, 161.35, 100, 7523
2026/09/18 02:06:03.638, 160.89, 100, 7523
2026/09/18 02:06:04.638, 159.94, 98, 7523
2026/09/18 02:06:05.638, 161.33, 100, 7523
2026/09/18 02:06:06.639, 160.90, 100, 7523
2026/09/18 02:06:07.647, 160.67, 99, 7523
2026/09/18 02:06:08.647, 161.24, 100, 7523
2026/09/18 02:06:09.648, 160.60, 100, 7523
2026/09/18 02:06:10.648, 160.13, 100, 7523
2026/09/18 02:06:11.648, 161.31, 100, 7523
2026/09/18 02:06:12.657, 160.79, 100, 7523
2026/09/18 02:06:13.657, 160.45, 100, 7523
2026/09/18 02:06:14.657, 161.67, 100, 7523
2026/09/18 02:06:15.658, 160.32, 100, 7523
2026/09/18 02:06:16.658, 160.49, 100, 7523
2026/09/18 02:06:17.666, 161.00, 100, 7523
2026/09/18 02:06:18.667, 160.28, 100, 7523
2026/09/18 02:06:19.667, 160.84, 100, 7523
2026/09/18 02:06:20.667, 161.43, 100, 7523
2026/09/18 02:06:21.667, 160.12, 100, 7523
2026/09/18 02:06:22.676, 160.62, 100, 7523
2026/09/18 02:06:23.676, 161.17, 100, 7523
2026/09/18 02:06:24.676, 160.11, 100, 7523
2026/09/18 02:06:25.677, 160.27, 100, 7523
2026/09/18 02:06:26.677, 161.38, 100, 7523
2026/09/18 02:06:27.677, 160.00, 100, 7523
2026/09/18 02:06:28.677, 160.44, 100, 7523
2026/09/18 02:06:29.677, 161.08, 100, 7523
2026/09/18 02:06:30.678, 160.29, 100, 7523
2026/09/18 02:06:31.678, 160.51, 100, 7523
2026/09/18 02:06:32.678, 160.98, 100, 7523
2026/09/18 02:06:33.678, 160.32, 100, 7523
2026/09/18 02:06:34.679, 160.92, 100, 7523
2026/09/18 02:06:35.679, 161.46, 100, 7523
2026/09/18 02:06:36.679, 160.05, 100, 7523
2026/09/18 02:06:37.688, 161.17, 100, 7523
2026/09/18 02:06:38.688, 161.52, 100, 7523
2026/09/18 02:06:39.688, 159.90, 98, 7523
2026/09/18 02:06:40.688, 161.06, 100, 7523
2026/09/18 02:06:41.688, 161.37, 100, 7523
2026/09/18 02:06:42.697, 160.10, 99, 7523
2026/09/18 02:06:43.697, 161.32, 100, 7523
2026/09/18 02:06:44.698, 160.70, 100, 7523
2026/09/18 02:06:45.698, 159.60, 98, 7523
2026/09/18 02:06:46.698, 160.62, 100, 7523
2026/09/18 02:06:47.707, 161.45, 100, 7523
2026/09/18 02:06:48.707, 160.81, 99, 7523
2026/09/18 02:06:49.707, 163.72, 100, 7523
2026/09/18 02:06:50.707, 159.32, 100, 7523
2026/09/18 02:06:51.708, 158.86, 100, 7523
2026/09/18 02:06:52.708, 158.92, 99, 7523
2026/09/18 02:06:53.708, 162.13, 100, 7523
2026/09/18 02:06:54.708, 163.74, 99, 7523
2026/09/18 02:06:55.708, 160.46, 99, 7523
2026/09/18 02:06:56.708, 158.94, 100, 7523
2026/09/18 02:06:57.709, 158.85, 100, 7523
2026/09/18 02:06:58.717, 161.21, 100, 7523
2026/09/18 02:06:59.717, 163.74, 100, 7523
2026/09/18 02:07:00.718, 161.65, 100, 7523
2026/09/18 02:07:01.718, 159.99, 100, 7523
2026/09/18 02:07:02.718, 159.68, 100, 7523
2026/09/18 02:07:03.727, 161.40, 100, 7523
2026/09/18 02:07:04.727, 163.71, 99, 7523
2026/09/18 02:07:05.727, 161.82, 100, 7523
2026/09/18 02:07:06.727, 160.06, 99, 7523
2026/09/18 02:07:07.728, 160.16, 100, 7523
2026/09/18 02:07:08.728, 160.88, 100, 7523
2026/09/18 02:07:09.728, 163.73, 100, 7523
2026/09/18 02:07:10.728, 162.49, 99, 7523
2026/09/18 02:07:11.728, 160.09, 100, 7523
2026/09/18 02:07:12.729, 159.13, 100, 7523
2026/09/18 02:07:13.729, 159.52, 100, 7523
2026/09/18 02:07:14.729, 163.68, 99, 7523
2026/09/18 02:07:15.729, 162.99, 100, 7523
2026/09/18 02:07:16.729, 159.28, 100, 7523
2026/09/18 02:07:17.730, 159.88, 99, 7523
2026/09/18 02:07:18.730, 159.94, 100, 7523
2026/09/18 02:07:19.730, 163.44, 100, 7523
2026/09/18 02:07:20.730, 163.46, 99, 7523
2026/09/18 02:07:21.730, 159.56, 100, 7523
2026/09/18 02:07:22.731, 159.49, 100, 7523
2026/09/18 02:07:23.739, 159.54, 100, 7523
2026/09/18 02:07:24.740, 162.49, 99, 7523
2026/09/18 02:07:25.740, 163.62, 100, 7523
2026/09/18 02:07:26.740, 159.51, 100, 7523
2026/09/18 02:07:27.740, 159.11, 100, 7523
2026/09/18 02:07:28.740, 159.06, 99, 7523
2026/09/18 02:07:29.741, 162.11, 100, 7523
2026/09/18 02:07:30.741, 163.85, 99, 7523
2026/09/18 02:07:31.741, 160.47, 99, 7523
2026/09/18 02:07:32.741, 158.89, 100, 7523
2026/09/18 02:07:33.750, 158.83, 100, 7523
2026/09/18 02:07:34.750, 160.96, 100, 7523
2026/09/18 02:07:35.750, 163.75, 100, 7523
2026/09/18 02:07:36.750, 161.62, 100, 7523
2026/09/18 02:07:37.751, 159.11, 100, 7523
2026/09/18 02:07:38.751, 159.17, 99, 7523
2026/09/18 02:07:39.751, 160.43, 99, 7523
2026/09/18 02:07:40.751, 163.79, 100, 7523
2026/09/18 02:07:41.751, 161.95, 99, 7523
2026/09/18 02:07:42.751, 159.21, 99, 7523
2026/09/18 02:07:43.752, 159.06, 100, 7523
2026/09/18 02:07:44.752, 159.84, 100, 7523
2026/09/18 02:07:45.752, 163.87, 100, 7523
2026/09/18 02:07:46.752, 162.98, 100, 7523
2026/09/18 02:07:47.752, 159.90, 100, 7523
2026/09/18 02:07:48.753, 159.97, 100, 7523
2026/09/18 02:07:49.753, 160.22, 98, 7523
2026/09/18 02:07:50.753, 163.39, 100, 7523
2026/09/18 02:07:51.753, 163.23, 100, 7523
2026/09/18 02:07:52.754, 159.79, 99, 7523
2026/09/18 02:07:53.754, 159.99, 100, 7523
2026/09/18 02:07:54.754, 160.08, 100, 7523
2026/09/18 02:07:55.754, 162.77, 100, 7523
2026/09/18 02:07:56.754, 163.87, 99, 7523
2026/09/18 02:07:57.754, 159.93, 100, 7523
2026/09/18 02:07:58.755, 159.30, 100, 7523
2026/09/18 02:07:59.755, 159.36, 100, 7523
2026/09/18 02:08:00.755, 162.79, 100, 7523
2026/09/18 02:08:01.755, 164.00, 100, 7523
2026/09/18 02:08:02.755, 159.97, 100, 7523
2026/09/18 02:08:03.764, 159.11, 99, 7523
2026/09/18 02:08:04.764, 159.28, 100, 7523
2026/09/18 02:08:05.765, 161.62, 99, 7523
2026/09/18 02:08:06.765, 163.77, 100, 7523
2026/09/18 02:08:07.765, 161.25, 100, 7523
2026/09/18 02:08:08.765, 159.07, 100, 7523
2026/09/18 02:08:09.765, 159.30, 100, 7523
2026/09/18 02:08:10.766, 160.86, 100, 7523
2026/09/18 02:08:11.766, 163.74, 99, 7523
2026/09/18 02:08:12.766, 161.39, 100, 7523
2026/09/18 02:08:13.775, 159.08, 99, 7523
2026/09/18 02:08:14.775, 159.00, 99, 7523
2026/09/18 02:08:15.775, 159.92, 99, 7523
2026/09/18 02:08:16.775, 163.77, 100, 7523
2026/09/18 02:08:17.776, 162.35, 99, 7523
2026/09/18 02:08:18.776, 159.04, 100, 7523
2026/09/18 02:08:19.776, 159.01, 100, 7523
2026/09/18 02:08:20.776, 142.57, 29, 7523
2026/09/18 02:08:21.776, 63.10, 100, 7523
2026/09/18 02:08:22.777, 159.89, 99, 7523
2026/09/18 02:08:23.785, 160.72, 100, 7523
2026/09/18 02:08:24.785, 160.81, 100, 7523
2026/09/18 02:08:25.786, 159.87, 98, 7523
2026/09/18 02:08:26.786, 160.55, 100, 7523
2026/09/18 02:08:27.786, 161.05, 100, 7523
2026/09/18 02:08:28.786, 159.82, 98, 7523
2026/09/18 02:08:29.786, 161.58, 100, 7523
2026/09/18 02:08:30.787, 161.37, 100, 7523
2026/09/18 02:08:31.787, 160.01, 99, 7523
2026/09/18 02:08:32.787, 161.37, 100, 7523
2026/09/18 02:08:33.787, 161.19, 100, 7523
2026/09/18 02:08:34.788, 159.58, 98, 7523
2026/09/18 02:08:35.788, 160.55, 100, 7523
2026/09/18 02:08:36.788, 161.21, 100, 7523
2026/09/18 02:08:37.788, 160.18, 99, 7523
2026/09/18 02:08:38.788, 160.95, 100, 7523
2026/09/18 02:08:39.789, 161.15, 100, 7523
2026/09/18 02:08:40.789, 159.75, 98, 7523
2026/09/18 02:08:41.789, 161.61, 100, 7523
2026/09/18 02:08:42.789, 161.28, 100, 7523
2026/09/18 02:08:43.790, 159.93, 98, 7523
2026/09/18 02:08:44.790, 161.21, 100, 7523
2026/09/18 02:08:45.790, 160.68, 100, 7523
2026/09/18 02:08:46.790, 159.71, 98, 7523
2026/09/18 02:08:47.791, 160.68, 100, 7523
2026/09/18 02:08:48.791, 160.66, 100, 7523
2026/09/18 02:08:49.791, 160.42, 99, 7523
2026/09/18 02:08:50.791, 161.12, 100, 7523
2026/09/18 02:08:51.792, 160.82, 100, 7523
2026/09/18 02:08:52.792, 160.00, 98, 7523
2026/09/18 02:08:53.792, 160.97, 100, 7523
2026/09/18 02:08:54.801, 161.33, 100, 7523
2026/09/18 02:08:55.801, 160.37, 99, 7523
2026/09/18 02:08:56.801, 161.40, 100, 7523
2026/09/18 02:08:57.801, 160.71, 100, 7523
2026/09/18 02:08:58.801, 160.18, 98, 7523
2026/09/18 02:08:59.802, 160.97, 100, 7523
2026/09/18 02:09:00.802, 160.62, 100, 7523
2026/09/18 02:09:01.810, 160.32, 99, 7523
2026/09/18 02:09:02.811, 161.35, 100, 7523
2026/09/18 02:09:03.811, 161.00, 100, 7523
2026/09/18 02:09:04.811, 160.23, 98, 7523
2026/09/18 02:09:05.811, 161.70, 100, 7523
2026/09/18 02:09:06.812, 161.03, 100, 7523
2026/09/18 02:09:07.812, 160.57, 99, 7523
2026/09/18 02:09:08.812, 161.26, 100, 7523
2026/09/18 02:09:09.812, 160.66, 100, 7523
2026/09/18 02:09:10.813, 159.81, 98, 7523
2026/09/18 02:09:11.821, 160.92, 100, 7523
2026/09/18 02:09:12.821, 160.79, 100, 7523
2026/09/18 02:09:13.822, 160.57, 99, 7523
2026/09/18 02:09:14.822, 161.24, 100, 7523
2026/09/18 02:09:15.822, 160.85, 100, 7523
2026/09/18 02:09:16.831, 159.64, 98, 7523
2026/09/18 02:09:17.831, 161.41, 100, 7523
2026/09/18 02:09:18.831, 160.89, 100, 7523
2026/09/18 02:09:19.832, 160.39, 99, 7523
2026/09/18 02:09:20.832, 161.32, 100, 7523
2026/09/18 02:09:21.832, 160.40, 100, 7523
2026/09/18 02:09:22.832, 160.14, 100, 7523
2026/09/18 02:09:23.832, 161.26, 100, 7523
2026/09/18 02:09:24.833, 160.41, 100, 7523
2026/09/18 02:09:25.833, 160.45, 100, 7523
2026/09/18 02:09:26.833, 161.32, 100, 7523
2026/09/18 02:09:27.833, 160.54, 100, 7523
2026/09/18 02:09:28.834, 160.66, 100, 7523
2026/09/18 02:09:29.834, 161.78, 100, 7523
2026/09/18 02:09:30.834, 160.37, 100, 7523
2026/09/18 02:09:31.834, 160.83, 100, 7523
2026/09/18 02:09:32.834, 161.62, 100, 7523
2026/09/18 02:09:33.835, 160.55, 100, 7523
2026/09/18 02:09:34.835, 160.56, 100, 7523
2026/09/18 02:09:35.835, 161.22, 100, 7523
2026/09/18 02:09:36.835, 160.10, 100, 7523
2026/09/18 02:09:37.835, 160.66, 100, 7523
2026/09/18 02:09:38.836, 161.13, 100, 7523
2026/09/18 02:09:39.836, 160.38, 100, 7523
2026/09/18 02:09:40.836, 160.47, 100, 7523
2026/09/18 02:09:41.836, 161.27, 100, 7523
2026/09/18 02:09:42.837, 160.45, 100, 7523
2026/09/18 02:09:43.837, 160.88, 100, 7523
2026/09/18 02:09:44.837, 161.20, 100, 7523
2026/09/18 02:09:45.837, 160.70, 99, 7523
2026/09/18 02:09:46.846, 161.05, 100, 7523
2026/09/18 02:09:47.846, 161.80, 100, 7523
2026/09/18 02:09:48.846, 159.86, 98, 7523
2026/09/18 02:09:49.846, 160.92, 100, 7523
2026/09/18 02:09:50.847, 161.06, 100, 7523
2026/09/18 02:09:51.855, 160.02, 98, 7523
2026/09/18 02:09:52.856, 161.45, 100, 7523
2026/09/18 02:09:53.856, 161.54, 100, 7523
2026/09/18 02:09:54.856, 160.32, 99, 7523
2026/09/18 02:09:55.856, 161.10, 100, 7523
2026/09/18 02:09:56.865, 161.03, 100, 7523
2026/09/18 02:09:57.865, 159.80, 98, 7523
2026/09/18 02:09:58.865, 161.48, 100, 7523
2026/09/18 02:09:59.865, 160.91, 100, 7523
2026/09/18 02:10:00.866, 160.17, 99, 7523
2026/09/18 02:10:01.866, 161.06, 100, 7523
2026/09/18 02:10:02.866, 160.93, 100, 7523
2026/09/18 02:10:03.866, 159.70, 98, 7523
2026/09/18 02:10:04.866, 160.75, 100, 7523
2026/09/18 02:10:05.867, 160.79, 100, 7523
2026/09/18 02:10:06.867, 160.31, 98, 7523
2026/09/18 02:10:07.867, 161.69, 100, 7523
2026/09/18 02:10:08.867, 161.53, 100, 7523
2026/09/18 02:10:09.868, 160.03, 98, 7523
2026/09/18 02:10:10.868, 161.47, 100, 7523
2026/09/18 02:10:11.868, 161.16, 100, 7523
2026/09/18 02:10:12.868, 160.22, 99, 7523
2026/09/18 02:10:13.868, 161.06, 100, 7523
2026/09/18 02:10:14.869, 160.50, 100, 7523
2026/09/18 02:10:15.869, 159.82, 98, 7523
2026/09/18 02:10:16.869, 160.82, 100, 7523
2026/09/18 02:10:17.869, 161.27, 100, 7523
2026/09/18 02:10:18.869, 160.28, 99, 7523
2026/09/18 02:10:19.870, 161.39, 100, 7523
2026/09/18 02:10:20.878, 161.20, 100, 7523
2026/09/18 02:10:21.878, 160.04, 98, 7523
2026/09/18 02:10:22.879, 160.81, 100, 7523
2026/09/18 02:10:23.879, 161.17, 100, 7523
2026/09/18 02:10:24.879, 160.59, 99, 7523
2026/09/18 02:10:25.879, 161.49, 100, 7523
2026/09/18 02:10:26.880, 161.01, 100, 7523
2026/09/18 02:10:27.880, 160.21, 98, 7523
2026/09/18 02:10:28.880, 161.01, 100, 7523
2026/09/18 02:10:29.880, 160.68, 100, 7523
2026/09/18 02:10:30.880, 160.54, 99, 7523
2026/09/18 02:10:31.881, 161.52, 100, 7523
2026/09/18 02:10:32.881, 160.98, 100, 7523
2026/09/18 02:10:33.881, 160.44, 98, 7523
2026/09/18 02:10:34.881, 161.06, 100, 7523
2026/09/18 02:10:35.882, 160.48, 100, 7523
2026/09/18 02:10:36.882, 160.42, 99, 7523
2026/09/18 02:10:37.882, 161.65, 100, 7523
2026/09/18 02:10:38.882, 160.89, 100, 7523
2026/09/18 02:10:39.882, 160.50, 98, 7523
2026/09/18 02:10:40.883, 161.31, 100, 7523
2026/09/18 02:10:41.883, 160.50, 100, 7523
2026/09/18 02:10:42.883, 160.38, 99, 7523
2026/09/18 02:10:43.883, 161.44, 100, 7523
2026/09/18 02:10:44.883, 160.15, 100, 7523
2026/09/18 02:10:45.884, 160.45, 100, 7523
2026/09/18 02:10:46.884, 161.43, 100, 7523
2026/09/18 02:10:47.884, 160.97, 100, 7523
2026/09/18 02:10:48.884, 160.79, 100, 7523
2026/09/18 02:10:49.884, 161.16, 100, 7523
2026/09/18 02:10:50.885, 160.19, 100, 7523
2026/09/18 02:10:51.885, 160.30, 100, 7523
2026/09/18 02:10:52.885, 161.30, 100, 7523
2026/09/18 02:10:53.885, 160.50, 100, 7523
2026/09/18 02:10:54.886, 160.57, 100, 7523
2026/09/18 02:10:55.886, 161.67, 100, 7523
2026/09/18 02:10:56.886, 161.20, 99, 7523
2026/09/18 02:10:57.886, 163.79, 100, 7523
2026/09/18 02:10:58.886, 160.81, 100, 7523
2026/09/18 02:10:59.887, 160.16, 100, 7523
2026/09/18 02:11:00.887, 160.14, 99, 7523
2026/09/18 02:11:01.887, 162.73, 100, 7523
2026/09/18 02:11:02.887, 163.76, 99, 7523
2026/09/18 02:11:03.887, 161.03, 99, 7523
2026/09/18 02:11:04.888, 160.23, 100, 7523
2026/09/18 02:11:05.896, 160.08, 100, 7523
2026/09/18 02:11:06.897, 162.17, 99, 7523
2026/09/18 02:11:07.897, 163.86, 100, 7523
2026/09/18 02:11:08.897, 161.46, 100, 7523
2026/09/18 02:11:09.897, 160.16, 100, 7523
2026/09/18 02:11:10.898, 160.07, 100, 7523
2026/09/18 02:11:11.898, 161.70, 100, 7523
2026/09/18 02:11:12.898, 163.90, 99, 7523
2026/09/18 02:11:13.898, 161.94, 100, 7523
2026/09/18 02:11:14.898, 160.01, 99, 7523
2026/09/18 02:11:15.899, 160.10, 99, 7523
2026/09/18 02:11:16.899, 160.92, 99, 7523
2026/09/18 02:11:17.899, 163.60, 100, 7523
2026/09/18 02:11:18.899, 162.02, 99, 7523
2026/09/18 02:11:19.899, 160.13, 100, 7523
2026/09/18 02:11:20.900, 159.95, 100, 7523
2026/09/18 02:11:21.900, 160.63, 100, 7523
2026/09/18 02:11:22.900, 164.94, 99, 7523
2026/09/18 02:11:23.900, 163.73, 100, 7523
2026/09/18 02:11:24.901, 160.17, 100, 7523
2026/09/18 02:11:25.909, 160.03, 100, 7523
2026/09/18 02:11:26.909, 160.23, 98, 7523
2026/09/18 02:11:27.910, 163.45, 100, 7523
2026/09/18 02:11:28.910, 163.26, 100, 7523
2026/09/18 02:11:29.910, 160.10, 99, 7523
2026/09/18 02:11:30.919, 159.97, 99, 7523
2026/09/18 02:11:31.919, 160.08, 100, 7523
2026/09/18 02:11:32.919, 163.28, 100, 7523
2026/09/18 02:11:33.919, 163.65, 99, 7523
2026/09/18 02:11:34.919, 160.07, 100, 7523
2026/09/18 02:11:35.928, 160.26, 100, 7523
2026/09/18 02:11:36.930, 160.29, 100, 7523
2026/09/18 02:11:37.930, 163.15, 100, 7523
2026/09/18 02:11:38.931, 163.78, 100, 7523
2026/09/18 02:11:39.931, 160.77, 100, 7523
2026/09/18 02:11:40.931, 160.08, 100, 7523
2026/09/18 02:11:41.931, 159.95, 99, 7523
2026/09/18 02:11:42.931, 162.79, 100, 7523
2026/09/18 02:11:43.931, 164.90, 99, 7523
2026/09/18 02:11:44.932, 161.35, 99, 7523
2026/09/18 02:11:45.940, 159.94, 100, 7523
2026/09/18 02:11:46.940, 160.23, 98, 7523
2026/09/18 02:11:47.941, 163.67, 100, 7523
2026/09/18 02:11:48.941, 163.32, 100, 7523
2026/09/18 02:11:49.941, 160.23, 99, 7523
2026/09/18 02:11:50.941, 160.12, 99, 7523
2026/09/18 02:11:51.942, 160.06, 100, 7523
2026/09/18 02:11:52.942, 162.92, 100, 7523
2026/09/18 02:11:53.942, 163.61, 99, 7523
2026/09/18 02:11:54.942, 160.06, 100, 7523
2026/09/18 02:11:55.942, 160.12, 100, 7523
2026/09/18 02:11:56.942, 160.14, 100, 7523
2026/09/18 02:11:57.943, 162.88, 100, 7523
2026/09/18 02:11:58.943, 163.73, 100, 7523
2026/09/18 02:11:59.943, 160.36, 100, 7523
2026/09/18 02:12:00.952, 160.12, 100, 7523
2026/09/18 02:12:01.952, 160.17, 99, 7523
2026/09/18 02:12:02.952, 163.23, 100, 7523
2026/09/18 02:12:03.952, 164.97, 99, 7523
2026/09/18 02:12:04.952, 161.18, 99, 7523
2026/09/18 02:12:05.953, 160.28, 100, 7523
2026/09/18 02:12:06.953, 159.95, 100, 7523
2026/09/18 02:12:07.953, 162.17, 99, 7523
2026/09/18 02:12:08.953, 163.90, 100, 7523
2026/09/18 02:12:09.953, 161.40, 100, 7523
2026/09/18 02:12:10.954, 160.02, 100, 7523
2026/09/18 02:12:11.954, 159.96, 100, 7523
2026/09/18 02:12:12.954, 161.51, 100, 7523
2026/09/18 02:12:13.954, 163.71, 99, 7523
2026/09/18 02:12:14.954, 162.22, 100, 7523
2026/09/18 02:12:15.955, 160.15, 99, 7523
2026/09/18 02:12:16.955, 160.01, 99, 7523
2026/09/18 02:12:17.955, 161.03, 99, 7523
2026/09/18 02:12:18.955, 163.61, 100, 7523
2026/09/18 02:12:19.955, 162.31, 99, 7523
2026/09/18 02:12:20.956, 160.17, 100, 7523
2026/09/18 02:12:21.956, 159.96, 100, 7523
2026/09/18 02:12:22.956, 160.52, 100, 7523
2026/09/18 02:12:23.956, 164.77, 99, 7523
2026/09/18 02:12:24.956, 163.29, 100, 7523
2026/09/18 02:12:25.957, 160.26, 100, 7523
2026/09/18 02:12:26.957, 160.03, 100, 7523
2026/09/18 02:12:27.957, 152.15, 51, 7523
2026/09/18 02:12:28.957, 59.15, 100, 7523
2026/09/18 02:12:29.957, 160.63, 100, 7523
2026/09/18 02:12:30.966, 160.08, 99, 7523
2026/09/18 02:12:31.966, 161.11, 100, 7523
2026/09/18 02:12:32.966, 160.32, 100, 7523
2026/09/18 02:12:33.967, 160.14, 98, 7523
2026/09/18 02:12:34.967, 160.69, 100, 7523
2026/09/18 02:12:35.975, 160.45, 100, 7523
2026/09/18 02:12:36.976, 160.54, 99, 7523
2026/09/18 02:12:37.976, 161.12, 100, 7523
2026/09/18 02:12:38.976, 160.71, 100, 7523
2026/09/18 02:12:39.976, 160.07, 98, 7523
2026/09/18 02:12:40.976, 161.10, 100, 7523
2026/09/18 02:12:41.977, 160.09, 100, 7523
2026/09/18 02:12:42.977, 160.06, 100, 7523
2026/09/18 02:12:43.977, 161.07, 100, 7523
2026/09/18 02:12:44.977, 160.13, 100, 7523
2026/09/18 02:12:45.978, 160.67, 100, 7523
2026/09/18 02:12:46.978, 160.66, 100, 7523
2026/09/18 02:12:47.978, 160.18, 100, 7523
2026/09/18 02:12:48.978, 161.15, 100, 7523
2026/09/18 02:12:49.978, 160.89, 100, 7523
2026/09/18 02:12:50.979, 160.10, 100, 7523
2026/09/18 02:12:51.979, 160.79, 100, 7523
2026/09/18 02:12:52.979, 160.82, 100, 7523
2026/09/18 02:12:53.979, 159.89, 100, 7523
2026/09/18 02:12:54.980, 160.96, 100, 7523
2026/09/18 02:12:55.988, 160.81, 100, 7523
2026/09/18 02:12:56.988, 159.84, 100, 7523
2026/09/18 02:12:57.989, 161.03, 100, 7523
2026/09/18 02:12:58.989, 160.46, 100, 7523
2026/09/18 02:12:59.989, 160.25, 100, 7523
2026/09/18 02:13:00.997, 161.32, 100, 7523
2026/09/18 02:13:01.998, 160.26, 100, 7523
2026/09/18 02:13:02.998, 159.90, 100, 7523
2026/09/18 02:13:03.998, 161.30, 100, 7523
2026/09/18 02:13:04.998, 160.57, 100, 7523
2026/09/18 02:13:06.000, 159.96, 99, 7523
2026/09/18 02:13:07.000, 160.96, 100, 7523
2026/09/18 02:13:08.001, 160.20, 100, 7523
2026/09/18 02:13:09.001, 160.26, 99, 7523
2026/09/18 02:13:10.001, 161.00, 100, 7523
2026/09/18 02:13:11.001, 160.36, 100, 7523
2026/09/18 02:13:12.001, 160.22, 100, 7523
2026/09/18 02:13:13.002, 161.05, 100, 7523
2026/09/18 02:13:14.002, 160.47, 100, 7523
2026/09/18 02:13:15.002, 160.12, 100, 7523
2026/09/18 02:13:16.002, 161.45, 100, 7523
2026/09/18 02:13:17.002, 160.28, 100, 7523
2026/09/18 02:13:18.003, 160.49, 100, 7523
2026/09/18 02:13:19.003, 161.53, 100, 7523
2026/09/18 02:13:20.003, 160.41, 100, 7523
2026/09/18 02:13:21.012, 160.43, 100, 7523
2026/09/18 02:13:22.012, 161.18, 100, 7523
2026/09/18 02:13:23.012, 160.29, 100, 7523
2026/09/18 02:13:24.012, 160.32, 100, 7523
2026/09/18 02:13:25.013, 160.96, 100, 7523
2026/09/18 02:13:26.013, 160.37, 100, 7523
2026/09/18 02:13:27.013, 160.46, 100, 7523
2026/09/18 02:13:28.013, 161.07, 100, 7523
2026/09/18 02:13:29.013, 160.40, 100, 7523
2026/09/18 02:13:30.014, 161.06, 100, 7523
2026/09/18 02:13:31.014, 161.16, 100, 7523
2026/09/18 02:13:32.014, 160.26, 99, 7523
2026/09/18 02:13:33.014, 161.06, 100, 7523
2026/09/18 02:13:34.014, 161.59, 100, 7523
2026/09/18 02:13:35.015, 160.19, 99, 7523
2026/09/18 02:13:36.015, 160.70, 100, 7523
2026/09/18 02:13:37.015, 161.21, 100, 7523
2026/09/18 02:13:38.015, 159.34, 98, 7523
2026/09/18 02:13:39.015, 160.15, 100, 7523
2026/09/18 02:13:40.016, 160.79, 100, 7523
2026/09/18 02:13:41.016, 159.96, 99, 7523
2026/09/18 02:13:42.016, 160.73, 100, 7523
2026/09/18 02:13:43.016, 161.12, 100, 7523
2026/09/18 02:13:44.017, 159.51, 98, 7523
2026/09/18 02:13:45.017, 160.54, 100, 7523
2026/09/18 02:13:46.017, 161.13, 100, 7523
2026/09/18 02:13:47.017, 160.02, 99, 7523
2026/09/18 02:13:48.018, 160.87, 100, 7523
2026/09/18 02:13:49.018, 160.68, 100, 7523
2026/09/18 02:13:50.018, 159.62, 98, 7523
2026/09/18 02:13:51.027, 160.64, 100, 7523
2026/09/18 02:13:52.027, 160.91, 100, 7523
2026/09/18 02:13:53.027, 160.22, 99, 7523
2026/09/18 02:13:54.027, 161.10, 100, 7523
2026/09/18 02:13:55.027, 160.67, 100, 7523
2026/09/18 02:13:56.032, 159.89, 98, 7523
2026/09/18 02:13:57.032, 160.57, 100, 7523
2026/09/18 02:13:58.033, 160.48, 100, 7523
2026/09/18 02:13:59.033, 160.02, 99, 7523
2026/09/18 02:14:00.033, 160.86, 100, 7523
2026/09/18 02:14:01.033, 160.49, 100, 7523
2026/09/18 02:14:02.033, 158.73, 89, 7523
2026/09/18 02:14:03.034, 159.62, 100, 7523
2026/09/18 02:14:04.034, 161.08, 100, 7523
2026/09/18 02:14:05.034, 160.21, 99, 7523
2026/09/18 02:14:06.034, 161.21, 100, 7523
2026/09/18 02:14:07.035, 160.82, 100, 7523
2026/09/18 02:14:08.035, 159.93, 98, 7523
2026/09/18 02:14:09.035, 160.60, 100, 7523
2026/09/18 02:14:10.035, 160.96, 100, 7523
2026/09/18 02:14:11.036, 160.27, 99, 7523
2026/09/18 02:14:12.036, 160.96, 100, 7523
2026/09/18 02:14:13.036, 160.76, 100, 7523
2026/09/18 02:14:14.036, 159.92, 98, 7523
2026/09/18 02:14:15.036, 161.10, 100, 7523
2026/09/18 02:14:16.037, 159.96, 100, 7523
2026/09/18 02:14:17.037, 160.16, 99, 7523
2026/09/18 02:14:18.037, 160.87, 100, 7523
2026/09/18 02:14:19.037, 160.89, 100, 7523
2026/09/18 02:14:20.037, 159.79, 98, 7523
2026/09/18 02:14:21.038, 160.60, 100, 7523
2026/09/18 02:14:22.038, 160.27, 100, 7523
2026/09/18 02:14:23.038, 160.08, 99, 7523
2026/09/18 02:14:24.038, 161.17, 100, 7523
2026/09/18 02:14:25.038, 160.56, 100, 7523
2026/09/18 02:14:26.039, 159.86, 98, 7523
2026/09/18 02:14:27.039, 160.70, 100, 7523
2026/09/18 02:14:28.039, 160.85, 100, 7523
2026/09/18 02:14:29.039, 160.62, 99, 7523
2026/09/18 02:14:30.040, 161.30, 100, 7523
2026/09/18 02:14:31.040, 160.20, 100, 7523
2026/09/18 02:14:32.040, 159.00, 98, 7523
2026/09/18 02:14:33.040, 161.40, 100, 7523
2026/09/18 02:14:34.040, 160.74, 100, 7523
2026/09/18 02:14:35.041, 160.68, 99, 7523
2026/09/18 02:14:36.041, 161.57, 100, 7523
2026/09/18 02:14:37.041, 160.40, 100, 7523
2026/09/18 02:14:38.041, 160.03, 98, 7523
2026/09/18 02:14:39.041, 161.08, 100, 7523
2026/09/18 02:14:40.042, 160.45, 100, 7523
2026/09/18 02:14:41.042, 160.41, 99, 7523
2026/09/18 02:14:42.042, 161.34, 100, 7523
2026/09/18 02:14:43.042, 160.90, 100, 7523
2026/09/18 02:14:44.042, 160.30, 100, 7523
2026/09/18 02:14:45.043, 161.31, 100, 7523
2026/09/18 02:14:46.043, 160.69, 100, 7523
2026/09/18 02:14:47.051, 160.81, 100, 7523
2026/09/18 02:14:48.052, 161.14, 100, 7523
2026/09/18 02:14:49.052, 160.71, 100, 7523
2026/09/18 02:14:50.052, 160.54, 100, 7523
2026/09/18 02:14:51.052, 161.67, 100, 7523
2026/09/18 02:14:52.053, 160.17, 100, 7523
2026/09/18 02:14:53.053, 160.49, 100, 7523
2026/09/18 02:14:54.053, 161.78, 100, 7523
2026/09/18 02:14:55.053, 160.26, 100, 7523
2026/09/18 02:14:56.054, 160.35, 100, 7523
2026/09/18 02:14:57.054, 161.26, 100, 7523
2026/09/18 02:14:58.054, 160.45, 100, 7523
2026/09/18 02:14:59.054, 160.74, 100, 7523
2026/09/18 02:15:00.054, 161.28, 100, 7523
2026/09/18 02:15:01.055, 160.27, 100, 7523
2026/09/18 02:15:02.063, 160.56, 100, 7523
2026/09/18 02:15:03.063, 160.25, 100, 7523
2026/09/18 02:15:04.064, 163.67, 100, 7523
2026/09/18 02:15:05.064, 162.11, 100, 7523
2026/09/18 02:15:06.064, 158.87, 100, 7523
2026/09/18 02:15:07.064, 158.78, 100, 7523
2026/09/18 02:15:08.064, 159.11, 100, 7523
2026/09/18 02:15:09.065, 163.43, 99, 7523
2026/09/18 02:15:10.065, 162.78, 100, 7523
2026/09/18 02:15:11.065, 159.08, 100, 7523
2026/09/18 02:15:12.068, 158.89, 99, 7523
2026/09/18 02:15:13.068, 158.95, 100, 7523
2026/09/18 02:15:14.068, 162.62, 100, 7523
2026/09/18 02:15:15.068, 163.37, 99, 7523
2026/09/18 02:15:16.069, 159.38, 100, 7523
2026/09/18 02:15:17.069, 158.98, 100, 7523
2026/09/18 02:15:18.069, 158.96, 100, 7523
2026/09/18 02:15:19.069, 162.56, 100, 7523
2026/09/18 02:15:20.070, 163.64, 100, 7523
2026/09/18 02:15:21.070, 159.96, 100, 7523
2026/09/18 02:15:22.070, 158.98, 99, 7523
2026/09/18 02:15:23.070, 158.74, 100, 7523
2026/09/18 02:15:24.070, 161.19, 99, 7523
2026/09/18 02:15:25.071, 163.44, 100, 7523
2026/09/18 02:15:26.071, 160.17, 100, 7523
2026/09/18 02:15:27.079, 158.97, 100, 7523
2026/09/18 02:15:28.080, 158.65, 100, 7523
2026/09/18 02:15:29.080, 160.61, 100, 7523
2026/09/18 02:15:30.080, 163.38, 99, 7523
2026/09/18 02:15:31.080, 160.90, 100, 7523
2026/09/18 02:15:32.089, 158.98, 100, 7523
2026/09/18 02:15:33.089, 158.88, 99, 7523
2026/09/18 02:15:34.089, 160.08, 99, 7523
2026/09/18 02:15:35.090, 163.61, 100, 7523
2026/09/18 02:15:36.090, 161.74, 99, 7523
2026/09/18 02:15:37.098, 159.13, 100, 7523
2026/09/18 02:15:38.099, 159.07, 100, 7523
2026/09/18 02:15:39.099, 159.43, 100, 7523
2026/09/18 02:15:40.099, 163.60, 99, 7523
2026/09/18 02:15:41.099, 162.62, 100, 7523
2026/09/18 02:15:42.099, 160.09, 100, 7523
2026/09/18 02:15:43.100, 159.78, 99, 7523
2026/09/18 02:15:44.100, 159.69, 98, 7523
2026/09/18 02:15:45.100, 163.55, 100, 7523
2026/09/18 02:15:46.100, 163.01, 99, 7523
2026/09/18 02:15:47.100, 159.02, 99, 7523
2026/09/18 02:15:48.101, 158.79, 100, 7523
2026/09/18 02:15:49.101, 158.68, 100, 7523
2026/09/18 02:15:50.101, 162.47, 99, 7523
2026/09/18 02:15:51.101, 163.57, 100, 7523
2026/09/18 02:15:52.101, 160.66, 100, 7523
2026/09/18 02:15:53.102, 160.05, 100, 7523
2026/09/18 02:15:54.102, 159.52, 99, 7523
2026/09/18 02:15:55.102, 162.34, 100, 7523
2026/09/18 02:15:56.102, 163.60, 99, 7523
2026/09/18 02:15:57.111, 160.35, 99, 7523
2026/09/18 02:15:58.111, 159.68, 100, 7523
2026/09/18 02:15:59.111, 158.93, 100, 7523
2026/09/18 02:16:00.112, 161.32, 100, 7523
2026/09/18 02:16:01.112, 163.42, 100, 7523
2026/09/18 02:16:02.120, 161.04, 100, 7523
2026/09/18 02:16:03.121, 158.91, 100, 7523
2026/09/18 02:16:04.121, 158.79, 100, 7523
2026/09/18 02:16:05.121, 160.76, 100, 7523
2026/09/18 02:16:06.121, 163.52, 99, 7523
2026/09/18 02:16:07.130, 161.28, 100, 7523
2026/09/18 02:16:08.130, 158.86, 99, 7523
2026/09/18 02:16:09.130, 158.79, 100, 7523
2026/09/18 02:16:10.130, 159.69, 100, 7523
2026/09/18 02:16:11.131, 163.44, 100, 7523
2026/09/18 02:16:12.131, 162.12, 100, 7523
2026/09/18 02:16:13.131, 158.86, 100, 7523
2026/09/18 02:16:14.131, 158.69, 100, 7523
2026/09/18 02:16:15.131, 158.78, 98, 7523
2026/09/18 02:16:16.132, 163.05, 100, 7523
2026/09/18 02:16:17.132, 162.75, 100, 7523
2026/09/18 02:16:18.132, 158.93, 99, 7523
2026/09/18 02:16:19.132, 159.04, 100, 7523
2026/09/18 02:16:20.132, 159.00, 100, 7523
2026/09/18 02:16:21.133, 162.72, 99, 7523
2026/09/18 02:16:22.141, 163.55, 100, 7523
2026/09/18 02:16:23.142, 160.50, 100, 7523
2026/09/18 02:16:24.142, 159.92, 100, 7523
2026/09/18 02:16:25.142, 159.76, 100, 7523
2026/09/18 02:16:26.142, 162.69, 100, 7523
2026/09/18 02:16:27.142, 163.39, 100, 7523
2026/09/18 02:16:28.143, 160.42, 100, 7523
2026/09/18 02:16:29.143, 159.85, 99, 7523
2026/09/18 02:16:30.143, 159.76, 100, 7523
2026/09/18 02:16:31.143, 161.93, 99, 7523
2026/09/18 02:16:32.143, 163.47, 100, 7523
2026/09/18 02:16:33.144, 161.03, 100, 7523
2026/09/18 02:16:34.144, 159.90, 100, 7523
2026/09/18 02:16:35.144, 159.79, 100, 7523
2026/09/18 02:16:36.144, 97.58, 0, 7523
2026/09/18 02:16:37.144, 103.49, 100, 7523
2026/09/18 02:16:38.145, 160.56, 100, 7523
2026/09/18 02:16:39.145, 159.80, 98, 7523
2026/09/18 02:16:40.145, 160.42, 100, 7523
2026/09/18 02:16:41.145, 160.78, 100, 7523
2026/09/18 02:16:42.145, 160.20, 99, 7523
2026/09/18 02:16:43.146, 160.96, 100, 7523
2026/09/18 02:16:44.146, 160.77, 100, 7523
2026/09/18 02:16:45.146, 160.11, 98, 7523
2026/09/18 02:16:46.146, 160.79, 100, 7523
2026/09/18 02:16:47.146, 160.74, 100, 7523
2026/09/18 02:16:48.147, 160.58, 99, 7523
2026/09/18 02:16:49.147, 161.33, 100, 7523
2026/09/18 02:16:50.147, 160.72, 100, 7523
2026/09/18 02:16:51.147, 160.00, 98, 7523
2026/09/18 02:16:52.148, 160.64, 100, 7523
2026/09/18 02:16:53.148, 160.07, 100, 7523
2026/09/18 02:16:54.148, 160.10, 98, 7523
2026/09/18 02:16:55.148, 161.09, 100, 7523
2026/09/18 02:16:56.149, 160.57, 100, 7523
2026/09/18 02:16:57.149, 160.08, 98, 7523
2026/09/18 02:16:58.149, 160.97, 100, 7523
2026/09/18 02:16:59.149, 160.64, 100, 7523
2026/09/18 02:17:00.149, 160.54, 100, 7523
2026/09/18 02:17:01.150, 161.17, 100, 7523
2026/09/18 02:17:02.150, 160.61, 100, 7523
2026/09/18 02:17:03.158, 160.15, 100, 7523
2026/09/18 02:17:04.159, 161.06, 100, 7523
2026/09/18 02:17:05.159, 160.11, 100, 7523
2026/09/18 02:17:06.159, 160.45, 100, 7523
2026/09/18 02:17:07.159, 161.62, 100, 7523
2026/09/18 02:17:08.160, 160.54, 100, 7523
2026/09/18 02:17:09.160, 160.41, 100, 7523
2026/09/18 02:17:10.160, 161.69, 100, 7523
2026/09/18 02:17:11.160, 160.20, 100, 7523
2026/09/18 02:17:12.160, 160.59, 100, 7523
2026/09/18 02:17:13.161, 161.37, 100, 7523
2026/09/18 02:17:14.161, 160.36, 100, 7523
2026/09/18 02:17:15.161, 159.99, 100, 7523
2026/09/18 02:17:16.161, 160.93, 100, 7523
2026/09/18 02:17:17.162, 160.37, 100, 7523
2026/09/18 02:17:18.162, 160.84, 100, 7523
2026/09/18 02:17:19.162, 161.09, 100, 7523
2026/09/18 02:17:20.162, 160.14, 100, 7523
2026/09/18 02:17:21.163, 160.62, 100, 7523
2026/09/18 02:17:22.163, 161.30, 100, 7523
2026/09/18 02:17:23.171, 160.05, 99, 7523
2026/09/18 02:17:24.172, 160.51, 100, 7523
2026/09/18 02:17:25.172, 160.93, 100, 7523
2026/09/18 02:17:26.172, 159.45, 98, 7523
2026/09/18 02:17:27.172, 160.35, 100, 7523
2026/09/18 02:17:28.173, 161.33, 100, 7523
2026/09/18 02:17:29.173, 159.95, 99, 7523
2026/09/18 02:17:30.173, 160.70, 100, 7523
2026/09/18 02:17:31.173, 161.24, 100, 7523
2026/09/18 02:17:32.173, 159.26, 98, 7523
2026/09/18 02:17:33.174, 160.33, 100, 7523
2026/09/18 02:17:34.174, 161.24, 100, 7523
2026/09/18 02:17:35.174, 159.87, 98, 7523
2026/09/18 02:17:36.174, 160.80, 100, 7523
2026/09/18 02:17:37.174, 160.84, 100, 7523
2026/09/18 02:17:38.175, 159.70, 98, 7523
2026/09/18 02:17:39.175, 160.59, 100, 7523
2026/09/18 02:17:40.175, 161.31, 100, 7523
2026/09/18 02:17:41.175, 160.12, 99, 7523
2026/09/18 02:17:42.175, 161.02, 100, 7523
2026/09/18 02:17:43.184, 161.07, 100, 7523
2026/09/18 02:17:44.184, 159.82, 98, 7523
2026/09/18 02:17:45.185, 160.73, 100, 7523
2026/09/18 02:17:46.185, 161.21, 100, 7523
2026/09/18 02:17:47.185, 160.22, 99, 7523
2026/09/18 02:17:48.185, 161.12, 100, 7523
2026/09/18 02:17:49.185, 160.80, 100, 7523
2026/09/18 02:17:50.186, 159.98, 98, 7523
2026/09/18 02:17:51.186, 160.62, 100, 7523
2026/09/18 02:17:52.186, 160.96, 100, 7523
2026/09/18 02:17:53.186, 160.20, 98, 7523
2026/09/18 02:17:54.187, 161.28, 100, 7523
2026/09/18 02:17:55.187, 160.82, 100, 7523
2026/09/18 02:17:56.187, 159.80, 98, 7523
2026/09/18 02:17:57.187, 160.66, 100, 7523
2026/09/18 02:17:58.187, 160.58, 100, 7523
2026/09/18 02:17:59.188, 160.27, 99, 7523
2026/09/18 02:18:00.188, 161.45, 100, 7523
2026/09/18 02:18:01.188, 161.29, 100, 7523
2026/09/18 02:18:02.188, 160.16, 98, 7523
2026/09/18 02:18:03.189, 160.92, 100, 7523
2026/09/18 02:18:04.189, 160.53, 100, 7523
2026/09/18 02:18:05.189, 160.26, 99, 7523
2026/09/18 02:18:06.189, 161.21, 100, 7523
2026/09/18 02:18:07.189, 160.34, 100, 7523
2026/09/18 02:18:08.198, 159.72, 98, 7523
2026/09/18 02:18:09.198, 160.90, 100, 7523
2026/09/18 02:18:10.199, 160.49, 100, 7523
2026/09/18 02:18:11.199, 160.54, 99, 7523
2026/09/18 02:18:12.199, 161.41, 100, 7523
2026/09/18 02:18:13.199, 160.32, 100, 7523
2026/09/18 02:18:14.199, 160.44, 98, 7523
2026/09/18 02:18:15.200, 161.44, 100, 7523
2026/09/18 02:18:16.200, 160.76, 100, 7523
2026/09/18 02:18:17.200, 160.57, 99, 7523
2026/09/18 02:18:18.209, 161.30, 100, 7523
2026/09/18 02:18:19.209, 160.45, 100, 7523
2026/09/18 02:18:20.209, 160.56, 100, 7523
2026/09/18 02:18:21.209, 161.39, 100, 7523
2026/09/18 02:18:22.210, 160.85, 100, 7523
2026/09/18 02:18:23.210, 160.59, 100, 7523
2026/09/18 02:18:24.210, 161.82, 100, 7523
2026/09/18 02:18:25.210, 160.20, 100, 7523
2026/09/18 02:18:26.210, 160.03, 100, 7523
2026/09/18 02:18:27.211, 161.32, 100, 7523
2026/09/18 02:18:28.211, 160.33, 100, 7523
2026/09/18 02:18:29.211, 160.98, 100, 7523
2026/09/18 02:18:30.211, 161.26, 100, 7523
2026/09/18 02:18:31.211, 160.63, 100, 7523
2026/09/18 02:18:32.212, 160.72, 100, 7523
2026/09/18 02:18:33.212, 161.64, 100, 7523
2026/09/18 02:18:34.212, 160.52, 100, 7523
2026/09/18 02:18:35.212, 160.98, 100, 7523
2026/09/18 02:18:36.212, 161.62, 100, 7523
2026/09/18 02:18:37.213, 160.29, 100, 7523
2026/09/18 02:18:38.221, 160.36, 100, 7523
2026/09/18 02:18:39.221, 161.31, 100, 7523
2026/09/18 02:18:40.222, 160.47, 100, 7523
2026/09/18 02:18:41.222, 161.02, 100, 7523
2026/09/18 02:18:42.222, 161.52, 100, 7523
2026/09/18 02:18:43.231, 160.33, 100, 7523
2026/09/18 02:18:44.231, 160.97, 100, 7523
2026/09/18 02:18:45.231, 161.54, 100, 7523
2026/09/18 02:18:46.231, 160.32, 99, 7523
2026/09/18 02:18:47.232, 161.03, 100, 7523
2026/09/18 02:18:48.232, 161.56, 100, 7523
2026/09/18 02:18:49.232, 159.83, 98, 7523
2026/09/18 02:18:50.232, 161.78, 100, 7523
2026/09/18 02:18:51.233, 161.46, 100, 7523
2026/09/18 02:18:52.233, 160.09, 99, 7523
2026/09/18 02:18:53.233, 161.00, 100, 7523
2026/09/18 02:18:54.233, 160.85, 100, 7523
2026/09/18 02:18:55.234, 160.01, 98, 7523
2026/09/18 02:18:56.234, 160.46, 100, 7523
2026/09/18 02:18:57.234, 160.81, 100, 7523
2026/09/18 02:18:58.234, 159.97, 99, 7523
2026/09/18 02:18:59.234, 161.49, 100, 7523
2026/09/18 02:19:00.235, 160.89, 100, 7523
2026/09/18 02:19:01.235, 159.87, 98, 7523
2026/09/18 02:19:02.235, 160.76, 100, 7523
2026/09/18 02:19:03.235, 161.19, 100, 7523
2026/09/18 02:19:04.235, 160.11, 99, 7523
2026/09/18 02:19:05.236, 161.12, 100, 7523
2026/09/18 02:19:06.236, 160.98, 100, 7523
2026/09/18 02:19:07.236, 159.94, 98, 7523
2026/09/18 02:19:08.236, 160.78, 100, 7523
2026/09/18 02:19:09.237, 161.09, 100, 7523
2026/09/18 02:19:10.237, 160.44, 99, 7523
2026/09/18 02:19:11.237, 160.53, 99, 7523
2026/09/18 02:19:12.237, 163.51, 100, 7523
2026/09/18 02:19:13.237, 161.11, 100, 7523
2026/09/18 02:19:14.246, 160.05, 100, 7523
2026/09/18 02:19:15.246, 158.92, 100, 7523
2026/09/18 02:19:16.247, 160.87, 100, 7523
2026/09/18 02:19:17.247, 163.52, 99, 7523
2026/09/18 02:19:18.247, 161.31, 100, 7523
2026/09/18 02:19:19.256, 159.18, 99, 7523
2026/09/18 02:19:20.256, 158.87, 99, 7523
2026/09/18 02:19:21.256, 160.16, 99, 7523
2026/09/18 02:19:22.256, 163.45, 100, 7523
2026/09/18 02:19:23.256, 161.75, 99, 7523
2026/09/18 02:19:24.265, 159.68, 100, 7523
2026/09/18 02:19:25.265, 159.66, 100, 7523
2026/09/18 02:19:26.265, 160.39, 100, 7523
2026/09/18 02:19:27.266, 163.53, 99, 7523
2026/09/18 02:19:28.266, 162.65, 100, 7523
2026/09/18 02:19:29.275, 159.11, 100, 7523
2026/09/18 02:19:30.275, 158.99, 99, 7523
2026/09/18 02:19:31.275, 158.92, 100, 7523
2026/09/18 02:19:32.275, 163.08, 100, 7523
2026/09/18 02:19:33.275, 163.04, 99, 7523
2026/09/18 02:19:34.276, 159.18, 99, 7523
2026/09/18 02:19:35.276, 158.90, 100, 7523
2026/09/18 02:19:36.276, 158.87, 100, 7523
2026/09/18 02:19:37.276, 162.50, 99, 7523
2026/09/18 02:19:38.277, 163.62, 100, 7523
2026/09/18 02:19:39.277, 159.43, 100, 7523
2026/09/18 02:19:40.277, 159.07, 100, 7523
2026/09/18 02:19:41.277, 159.27, 99, 7523
2026/09/18 02:19:42.277, 161.94, 100, 7523
2026/09/18 02:19:43.278, 163.62, 99, 7523
2026/09/18 02:19:44.278, 160.35, 99, 7523
2026/09/18 02:19:45.278, 158.98, 100, 7523
2026/09/18 02:19:46.278, 158.82, 100, 7523
2026/09/18 02:19:47.279, 161.13, 100, 7523
2026/09/18 02:19:48.279, 163.58, 100, 7523
2026/09/18 02:19:49.279, 161.01, 100, 7523
2026/09/18 02:19:50.279, 158.84, 100, 7523
2026/09/18 02:19:51.279, 158.85, 99, 7523
2026/09/18 02:19:52.280, 160.02, 99, 7523
2026/09/18 02:19:53.280, 163.51, 100, 7523
2026/09/18 02:19:54.280, 161.71, 99, 7523
2026/09/18 02:19:55.280, 159.08, 99, 7523
2026/09/18 02:19:56.280, 158.93, 100, 7523
2026/09/18 02:19:57.281, 159.64, 100, 7523
2026/09/18 02:19:58.281, 163.47, 100, 7523
2026/09/18 02:19:59.281, 162.38, 100, 7523
2026/09/18 02:20:00.281, 158.97, 100, 7523
2026/09/18 02:20:01.281, 158.67, 100, 7523
2026/09/18 02:20:02.282, 158.98, 98, 7523
2026/09/18 02:20:03.282, 163.45, 100, 7523
2026/09/18 02:20:04.282, 163.08, 100, 7523
2026/09/18 02:20:05.282, 158.86, 99, 7523
2026/09/18 02:20:06.283, 158.69, 100, 7523
2026/09/18 02:20:07.283, 158.89, 100, 7523
2026/09/18 02:20:08.283, 162.24, 99, 7523
2026/09/18 02:20:09.283, 163.56, 100, 7523
2026/09/18 02:20:10.283, 160.41, 100, 7523
2026/09/18 02:20:11.292, 159.14, 100, 7523
2026/09/18 02:20:12.292, 159.08, 99, 7523
2026/09/18 02:20:13.293, 162.70, 100, 7523
2026/09/18 02:20:14.293, 163.65, 99, 7523
2026/09/18 02:20:15.293, 160.06, 100, 7523
2026/09/18 02:20:16.293, 159.07, 99, 7523
2026/09/18 02:20:17.293, 159.08, 100, 7523
2026/09/18 02:20:18.294, 161.23, 99, 7523
2026/09/18 02:20:19.294, 163.54, 100, 7523
2026/09/18 02:20:20.294, 160.83, 100, 7523
2026/09/18 02:20:21.303, 158.87, 100, 7523
2026/09/18 02:20:22.303, 158.81, 100, 7523
2026/09/18 02:20:23.303, 160.54, 100, 7523
2026/09/18 02:20:24.303, 163.49, 99, 7523
2026/09/18 02:20:25.303, 161.65, 100, 7523
2026/09/18 02:20:26.312, 158.99, 99, 7523
2026/09/18 02:20:27.312, 158.93, 100, 7523
2026/09/18 02:20:28.313, 159.92, 100, 7523
2026/09/18 02:20:29.313, 163.51, 100, 7523
2026/09/18 02:20:30.313, 162.21, 100, 7523
2026/09/18 02:20:31.322, 158.85, 100, 7523
2026/09/18 02:20:32.322, 159.14, 100, 7523
2026/09/18 02:20:33.322, 159.68, 100, 7523
2026/09/18 02:20:34.322, 163.64, 99, 7523
2026/09/18 02:20:35.322, 162.57, 100, 7523
2026/09/18 02:20:36.323, 159.15, 100, 7523
2026/09/18 02:20:37.323, 159.04, 99, 7523
2026/09/18 02:20:38.323, 159.37, 100, 7523
2026/09/18 02:20:39.323, 163.74, 100, 7523
2026/09/18 02:20:40.323, 163.28, 99, 7523
2026/09/18 02:20:41.332, 159.20, 100, 7523
2026/09/18 02:20:42.332, 159.14, 100, 7523
2026/09/18 02:20:43.333, 159.14, 100, 7523
2026/09/18 02:20:44.333, 48.24, 0, 7523
2026/09/18 02:20:45.333, 151.93, 98, 7523
2026/09/18 02:20:46.333, 161.19, 100, 7523
2026/09/18 02:20:47.333, 160.18, 100, 7523
2026/09/18 02:20:48.334, 160.97, 99, 7523
2026/09/18 02:20:49.334, 160.65, 100, 7523
2026/09/18 02:20:50.334, 159.92, 98, 7523
2026/09/18 02:20:51.343, 160.71, 100, 7523
2026/09/18 02:20:52.343, 160.44, 100, 7523
2026/09/18 02:20:53.343, 160.34, 99, 7523
2026/09/18 02:20:54.343, 161.14, 100, 7523
2026/09/18 02:20:55.343, 160.55, 100, 7523
2026/09/18 02:20:56.348, 160.05, 98, 7523
2026/09/18 02:20:57.349, 161.49, 100, 7523
2026/09/18 02:20:58.349, 160.55, 100, 7523
2026/09/18 02:20:59.349, 160.17, 99, 7523
2026/09/18 02:21:00.349, 161.54, 100, 7523
2026/09/18 02:21:01.349, 160.99, 100, 7523
2026/09/18 02:21:02.350, 160.28, 98, 7523
2026/09/18 02:21:03.350, 160.99, 100, 7523
2026/09/18 02:21:04.350, 161.17, 100, 7523
2026/09/18 02:21:05.350, 160.70, 99, 7523
2026/09/18 02:21:06.359, 161.16, 100, 7523
2026/09/18 02:21:07.359, 160.38, 100, 7523
2026/09/18 02:21:08.359, 160.09, 98, 7523
2026/09/18 02:21:09.359, 161.05, 100, 7523
2026/09/18 02:21:10.360, 160.20, 100, 7523
2026/09/18 02:21:11.360, 159.96, 98, 7523
2026/09/18 02:21:12.360, 161.00, 100, 7523
2026/09/18 02:21:13.360, 160.76, 100, 7523
2026/09/18 02:21:14.361, 160.40, 98, 7523
2026/09/18 02:21:15.361, 161.47, 100, 7523
2026/09/18 02:21:16.361, 160.86, 100, 7523
2026/09/18 02:21:17.361, 160.73, 99, 7523
2026/09/18 02:21:18.361, 161.51, 100, 7523
2026/09/18 02:21:19.362, 160.72, 100, 7523
2026/09/18 02:21:20.362, 160.33, 100, 7523
2026/09/18 02:21:21.362, 161.51, 100, 7523
2026/09/18 02:21:22.362, 160.42, 100, 7523
2026/09/18 02:21:23.362, 160.63, 100, 7523
2026/09/18 02:21:24.363, 161.83, 100, 7523
2026/09/18 02:21:25.363, 160.46, 100, 7523
2026/09/18 02:21:26.363, 160.27, 100, 7523
2026/09/18 02:21:27.363, 161.39, 100, 7523
2026/09/18 02:21:28.363, 160.59, 100, 7523
2026/09/18 02:21:29.363, 160.89, 100, 7523
2026/09/18 02:21:30.364, 161.32, 100, 7523
2026/09/18 02:21:31.364, 160.26, 100, 7523
2026/09/18 02:21:32.364, 160.42, 100, 7523
2026/09/18 02:21:33.364, 161.42, 100, 7523
2026/09/18 02:21:34.364, 160.36, 100, 7523
2026/09/18 02:21:35.365, 160.64, 100, 7523
2026/09/18 02:21:36.365, 161.79, 100, 7523
2026/09/18 02:21:37.365, 159.59, 100, 7523
2026/09/18 02:21:38.365, 160.79, 100, 7523
2026/09/18 02:21:39.365, 161.85, 100, 7523
2026/09/18 02:21:40.366, 160.70, 100, 7523
2026/09/18 02:21:41.366, 161.10, 100, 7523
2026/09/18 02:21:42.366, 160.60, 100, 7523
2026/09/18 02:21:43.366, 160.21, 100, 7523
2026/09/18 02:21:44.366, 160.57, 100, 7523
2026/09/18 02:21:45.367, 161.42, 100, 7523
2026/09/18 02:21:46.367, 160.61, 100, 7523
2026/09/18 02:21:47.376, 160.99, 100, 7523
2026/09/18 02:21:48.376, 161.45, 100, 7523
2026/09/18 02:21:49.376, 160.01, 100, 7523
2026/09/18 02:21:50.376, 160.66, 100, 7523
2026/09/18 02:21:51.376, 161.40, 100, 7523
2026/09/18 02:21:52.385, 160.16, 100, 7523
2026/09/18 02:21:53.385, 160.58, 100, 7523
2026/09/18 02:21:54.385, 160.99, 100, 7523
2026/09/18 02:21:55.386, 160.16, 99, 7523
2026/09/18 02:21:56.386, 160.54, 100, 7523
2026/09/18 02:21:57.395, 161.03, 100, 7523
2026/09/18 02:21:58.395, 160.39, 98, 7523
2026/09/18 02:21:59.395, 161.08, 100, 7523
2026/09/18 02:22:00.395, 161.00, 100, 7523
2026/09/18 02:22:01.395, 159.78, 98, 7523
2026/09/18 02:22:02.396, 161.53, 100, 7523
2026/09/18 02:22:03.396, 160.82, 100, 7523
2026/09/18 02:22:04.396, 160.12, 99, 7523
2026/09/18 02:22:05.396, 160.97, 100, 7523
2026/09/18 02:22:06.396, 161.51, 100, 7523
2026/09/18 02:22:07.405, 159.74, 98, 7523
2026/09/18 02:22:08.405, 160.72, 100, 7523
2026/09/18 02:22:09.406, 161.23, 100, 7523
2026/09/18 02:22:10.406, 160.00, 99, 7523
2026/09/18 02:22:11.406, 160.82, 100, 7523
2026/09/18 02:22:12.415, 160.82, 100, 7523
2026/09/18 02:22:13.415, 159.68, 98, 7523
2026/09/18 02:22:14.415, 161.64, 100, 7523
2026/09/18 02:22:15.415, 161.28, 100, 7523
2026/09/18 02:22:16.416, 159.96, 99, 7523
2026/09/18 02:22:17.424, 160.74, 100, 7523
2026/09/18 02:22:18.425, 161.15, 100, 7523
2026/09/18 02:22:19.425, 159.75, 98, 7523
2026/09/18 02:22:20.425, 161.31, 100, 7523
2026/09/18 02:22:21.425, 160.93, 100, 7523
2026/09/18 02:22:22.434, 159.93, 99, 7523
2026/09/18 02:22:23.434, 160.79, 100, 7523
2026/09/18 02:22:24.434, 160.43, 100, 7523
2026/09/18 02:22:25.434, 159.66, 98, 7523
2026/09/18 02:22:26.435, 160.51, 100, 7523
2026/09/18 02:22:27.443, 160.92, 100, 7523
2026/09/18 02:22:28.443, 159.94, 99, 7523
2026/09/18 02:22:29.444, 161.00, 100, 7523
2026/09/18 02:22:30.444, 160.37, 100, 7523
2026/09/18 02:22:31.444, 159.87, 98, 7523
2026/09/18 02:22:32.444, 160.63, 100, 7523
2026/09/18 02:22:33.445, 160.84, 100, 7523
2026/09/18 02:22:34.445, 160.03, 99, 7523
2026/09/18 02:22:35.445, 160.88, 100, 7523
2026/09/18 02:22:36.445, 160.41, 100, 7523
2026/09/18 02:22:37.454, 159.91, 98, 7523
2026/09/18 02:22:38.454, 161.22, 100, 7523
2026/09/18 02:22:39.454, 160.90, 100, 7523
2026/09/18 02:22:40.454, 160.43, 99, 7523
2026/09/18 02:22:41.455, 160.92, 100, 7523
2026/09/18 02:22:42.455, 160.49, 100, 7523
2026/09/18 02:22:43.455, 160.04, 98, 7523
2026/09/18 02:22:44.455, 160.51, 100, 7523
2026/09/18 02:22:45.456, 160.73, 100, 7523
2026/09/18 02:22:46.456, 160.27, 99, 7523
2026/09/18 02:22:47.464, 161.13, 100, 7523
2026/09/18 02:22:48.465, 160.57, 100, 7523
2026/09/18 02:22:49.465, 160.08, 98, 7523
2026/09/18 02:22:50.465, 161.35, 100, 7523
2026/09/18 02:22:51.465, 160.81, 100, 7523
2026/09/18 02:22:52.466, 160.33, 98, 7523
2026/09/18 02:22:53.466, 161.05, 100, 7523
2026/09/18 02:22:54.466, 160.42, 100, 7523
2026/09/18 02:22:55.466, 160.33, 98, 7523
2026/09/18 02:22:56.466, 161.13, 100, 7523
2026/09/18 02:22:57.466, 159.69, 100, 7523
2026/09/18 02:22:58.467, 160.41, 98, 7523
2026/09/18 02:22:59.467, 161.30, 100, 7523
2026/09/18 02:23:00.467, 160.33, 100, 7523
2026/09/18 02:23:01.467, 160.10, 98, 7523
2026/09/18 02:23:02.467, 160.30, 100, 7523
2026/09/18 02:23:03.468, 160.90, 100, 7523
2026/09/18 02:23:04.468, 160.80, 99, 7523
2026/09/18 02:23:05.468, 161.43, 100, 7523
2026/09/18 02:23:06.468, 160.88, 100, 7523
2026/09/18 02:23:07.468, 160.34, 98, 7523
2026/09/18 02:23:08.469, 161.19, 100, 7523
2026/09/18 02:23:09.469, 160.72, 100, 7523
2026/09/18 02:23:10.469, 160.37, 100, 7523
2026/09/18 02:23:11.469, 161.60, 100, 7523
2026/09/18 02:23:12.469, 160.23, 100, 7523
2026/09/18 02:23:13.470, 160.10, 100, 7523
2026/09/18 02:23:14.470, 161.41, 100, 7523
2026/09/18 02:23:15.470, 160.45, 100, 7523
2026/09/18 02:23:16.470, 160.77, 100, 7523
2026/09/18 02:23:17.471, 161.65, 100, 7523
2026/09/18 02:23:18.471, 160.42, 100, 7523
2026/09/18 02:23:19.471, 145.85, 0, 7523
2026/09/18 02:23:20.471, 127.96, 100, 7523
2026/09/18 02:23:21.471, 163.59, 100, 7523
2026/09/18 02:23:22.472, 160.63, 100, 7523
2026/09/18 02:23:23.472, 159.80, 100, 7523
2026/09/18 02:23:24.472, 159.61, 99, 7523
2026/09/18 02:23:25.472, 162.16, 100, 7523
2026/09/18 02:23:26.472, 163.48, 99, 7523
2026/09/18 02:23:27.472, 160.84, 99, 7523
2026/09/18 02:23:28.481, 160.11, 100, 7523
2026/09/18 02:23:29.481, 160.18, 100, 7523
2026/09/18 02:23:30.482, 161.76, 100, 7523
2026/09/18 02:23:31.482, 163.61, 100, 7523
2026/09/18 02:23:32.482, 161.45, 100, 7523
2026/09/18 02:23:33.490, 160.03, 100, 7523
2026/09/18 02:23:34.491, 159.87, 100, 7523
2026/09/18 02:23:35.491, 161.26, 100, 7523
2026/09/18 02:23:36.491, 163.55, 99, 7523
2026/09/18 02:23:37.491, 162.12, 100, 7523
2026/09/18 02:23:38.492, 159.80, 99, 7523
2026/09/18 02:23:39.492, 159.66, 100, 7523
2026/09/18 02:23:40.492, 160.68, 99, 7523
2026/09/18 02:23:41.492, 163.58, 100, 7523
2026/09/18 02:23:42.492, 162.46, 99, 7523
2026/09/18 02:23:43.493, 160.09, 100, 7523
2026/09/18 02:23:44.493, 159.92, 100, 7523
2026/09/18 02:23:45.493, 160.37, 100, 7523
2026/09/18 02:23:46.493, 163.45, 99, 7523
2026/09/18 02:23:47.493, 162.93, 100, 7523
2026/09/18 02:23:48.494, 160.19, 100, 7523
2026/09/18 02:23:49.494, 160.14, 99, 7523
2026/09/18 02:23:50.494, 160.06, 98, 7523
2026/09/18 02:23:51.494, 163.65, 100, 7523
2026/09/18 02:23:52.495, 163.27, 99, 7523
2026/09/18 02:23:53.495, 160.10, 99, 7523
2026/09/18 02:23:54.495, 160.19, 100, 7523
2026/09/18 02:23:55.495, 160.13, 100, 7523
2026/09/18 02:23:56.495, 163.00, 99, 7523
2026/09/18 02:23:57.496, 163.95, 100, 7523
2026/09/18 02:23:58.504, 160.87, 100, 7523
2026/09/18 02:23:59.505, 160.31, 100, 7523
2026/09/18 02:24:00.505, 160.15, 100, 7523
2026/09/18 02:24:01.505, 162.70, 100, 7523
2026/09/18 02:24:02.505, 163.67, 100, 7523
2026/09/18 02:24:03.505, 160.75, 100, 7523
2026/09/18 02:24:04.506, 160.16, 99, 7523
2026/09/18 02:24:05.506, 160.26, 100, 7523
2026/09/18 02:24:06.506, 162.12, 99, 7523
2026/09/18 02:24:07.506, 163.82, 100, 7523
2026/09/18 02:24:08.507, 160.87, 100, 7523
2026/09/18 02:24:09.507, 159.28, 100, 7523
2026/09/18 02:24:10.507, 159.20, 100, 7523
2026/09/18 02:24:11.507, 161.15, 100, 7523
2026/09/18 02:24:12.507, 163.76, 99, 7523
2026/09/18 02:24:13.508, 162.10, 100, 7523
2026/09/18 02:24:14.508, 160.25, 100, 7523
2026/09/18 02:24:15.517, 160.02, 99, 7523
2026/09/18 02:24:16.517, 161.49, 99, 7523
2026/09/18 02:24:17.517, 163.86, 100, 7523
2026/09/18 02:24:18.517, 162.40, 99, 7523
2026/09/18 02:24:19.517, 160.31, 100, 7523
2026/09/18 02:24:20.518, 159.88, 100, 7523
2026/09/18 02:24:21.518, 160.67, 100, 7523
2026/09/18 02:24:22.518, 163.77, 99, 7523
2026/09/18 02:24:23.518, 162.72, 100, 7523
2026/09/18 02:24:24.518, 160.30, 100, 7523
2026/09/18 02:24:25.519, 160.20, 100, 7523
2026/09/18 02:24:26.519, 160.24, 98, 7523
2026/09/18 02:24:27.519, 163.62, 100, 7523
2026/09/18 02:24:28.519, 163.53, 100, 7523
2026/09/18 02:24:29.519, 160.50, 99, 7523
2026/09/18 02:24:30.520, 160.36, 100, 7523
2026/09/18 02:24:31.520, 160.31, 100, 7523
2026/09/18 02:24:32.520, 163.33, 100, 7523
2026/09/18 02:24:33.520, 163.89, 99, 7523
2026/09/18 02:24:34.520, 160.68, 100, 7523
2026/09/18 02:24:35.520, 160.44, 100, 7523
2026/09/18 02:24:36.521, 160.20, 100, 7523
2026/09/18 02:24:37.521, 162.95, 100, 7523
2026/09/18 02:24:38.521, 163.70, 100, 7523
2026/09/18 02:24:39.521, 160.62, 100, 7523
2026/09/18 02:24:40.521, 160.20, 99, 7523
2026/09/18 02:24:41.522, 160.10, 99, 7523
2026/09/18 02:24:42.522, 162.64, 100, 7523
2026/09/18 02:24:43.522, 163.82, 99, 7523
2026/09/18 02:24:44.522, 161.62, 99, 7523
2026/09/18 02:24:45.522, 160.34, 100, 7523
2026/09/18 02:24:46.523, 160.21, 100, 7523
2026/09/18 02:24:47.523, 161.85, 100, 7523
2026/09/18 02:24:48.523, 163.87, 100, 7523
2026/09/18 02:24:49.523, 161.69, 100, 7523
2026/09/18 02:24:50.523, 160.01, 100, 7523
2026/09/18 02:24:51.524, 160.14, 100, 7523
2026/09/18 02:24:52.524, 110.23, 20, 7523
2026/09/18 02:24:53.524, 92.46, 100, 7523
2026/09/18 02:24:54.524, 161.01, 100, 7523
2026/09/18 02:24:55.524, 160.51, 100, 7523
2026/09/18 02:24:56.525, 160.56, 100, 7523
2026/09/18 02:24:57.525, 161.65, 100, 7523
2026/09/18 02:24:58.525, 160.01, 100, 7523
2026/09/18 02:24:59.525, 160.37, 100, 7523
2026/09/18 02:25:00.534, 161.52, 100, 7523
2026/09/18 02:25:01.534, 159.93, 100, 7523
2026/09/18 02:25:02.534, 160.55, 100, 7523
2026/09/18 02:25:03.534, 161.57, 100, 7523
2026/09/18 02:25:04.535, 160.39, 100, 7523
2026/09/18 02:25:05.535, 160.91, 100, 7523
2026/09/18 02:25:06.535, 161.29, 100, 7523
2026/09/18 02:25:07.535, 160.27, 100, 7523
2026/09/18 02:25:08.535, 160.44, 100, 7523
2026/09/18 02:25:09.536, 161.18, 100, 7523
2026/09/18 02:25:10.544, 160.45, 100, 7523
2026/09/18 02:25:11.545, 161.11, 100, 7523
2026/09/18 02:25:12.545, 161.20, 100, 7523
2026/09/18 02:25:13.545, 160.77, 99, 7523
2026/09/18 02:25:14.545, 160.94, 100, 7523
2026/09/18 02:25:15.554, 161.44, 100, 7523
2026/09/18 02:25:16.554, 160.47, 99, 7523
2026/09/18 02:25:17.554, 160.97, 100, 7523
2026/09/18 02:25:18.555, 161.14, 100, 7523
2026/09/18 02:25:19.555, 159.67, 98, 7523
2026/09/18 02:25:20.564, 160.68, 100, 7523
2026/09/18 02:25:21.564, 161.18, 100, 7523
2026/09/18 02:25:22.564, 160.13, 99, 7523
2026/09/18 02:25:23.564, 161.23, 100, 7523
2026/09/18 02:25:24.564, 161.32, 100, 7523
2026/09/18 02:25:25.573, 159.92, 98, 7523
2026/09/18 02:25:26.573, 160.99, 100, 7523
2026/09/18 02:25:27.573, 161.41, 100, 7523
2026/09/18 02:25:28.574, 160.29, 99, 7523
2026/09/18 02:25:29.574, 161.23, 100, 7523
2026/09/18 02:25:30.583, 160.90, 100, 7523
2026/09/18 02:25:31.583, 160.09, 98, 7523
2026/09/18 02:25:32.583, 160.94, 100, 7523
2026/09/18 02:25:33.583, 161.11, 100, 7523
2026/09/18 02:25:34.583, 160.73, 99, 7523
2026/09/18 02:25:35.592, 161.28, 100, 7523
2026/09/18 02:25:36.592, 161.42, 100, 7523
2026/09/18 02:25:37.592, 159.88, 98, 7523
2026/09/18 02:25:38.593, 160.77, 100, 7523
2026/09/18 02:25:39.593, 161.28, 100, 7523
2026/09/18 02:25:40.602, 160.16, 98, 7523
2026/09/18 02:25:41.602, 161.79, 100, 7523
2026/09/18 02:25:42.602, 161.37, 100, 7523
2026/09/18 02:25:43.602, 159.99, 98, 7523
2026/09/18 02:25:44.602, 161.01, 100, 7523
2026/09/18 02:25:45.603, 160.93, 100, 7523
2026/09/18 02:25:46.603, 160.43, 98, 7523
2026/09/18 02:25:47.603, 161.37, 100, 7523
2026/09/18 02:25:48.603, 161.27, 100, 7523
2026/09/18 02:25:49.603, 160.30, 98, 7523
2026/09/18 02:25:50.604, 160.83, 100, 7523
2026/09/18 02:25:51.604, 160.71, 100, 7523
2026/09/18 02:25:52.604, 159.88, 98, 7523
2026/09/18 02:25:53.604, 161.26, 100, 7523
2026/09/18 02:25:54.605, 160.85, 100, 7523
2026/09/18 02:25:55.613, 159.93, 98, 7523
2026/09/18 02:25:56.613, 161.47, 100, 7523
2026/09/18 02:25:57.614, 160.83, 100, 7523
2026/09/18 02:25:58.614, 160.70, 99, 7523
2026/09/18 02:25:59.614, 161.63, 100, 7523
2026/09/18 02:26:00.623, 160.13, 99, 7523
2026/09/18 02:26:01.623, 161.22, 100, 7523
2026/09/18 02:26:02.623, 161.26, 100, 7523
2026/09/18 02:26:03.623, 159.80, 98, 7523
2026/09/18 02:26:04.624, 160.85, 100, 7523
2026/09/18 02:26:05.624, 161.48, 100, 7523
2026/09/18 02:26:06.624, 160.21, 99, 7523
2026/09/18 02:26:07.624, 160.96, 100, 7523
2026/09/18 02:26:08.624, 161.54, 100, 7523
2026/09/18 02:26:09.625, 160.27, 98, 7523
2026/09/18 02:26:10.625, 160.79, 100, 7523
2026/09/18 02:26:11.625, 160.93, 100, 7523
2026/09/18 02:26:12.625, 160.49, 98, 7523
2026/09/18 02:26:13.625, 161.42, 100, 7523
2026/09/18 02:26:14.626, 161.43, 100, 7523
2026/09/18 02:26:15.626, 158.85, 90, 7523
2026/09/18 02:26:16.626, 159.99, 100, 7523
2026/09/18 02:26:17.626, 161.23, 100, 7523
2026/09/18 02:26:18.626, 160.31, 99, 7523
2026/09/18 02:26:19.626, 161.32, 100, 7523
2026/09/18 02:26:20.627, 161.23, 100, 7523
2026/09/18 02:26:21.627, 160.01, 98, 7523
2026/09/18 02:26:22.627, 161.78, 100, 7523
2026/09/18 02:26:23.627, 161.15, 100, 7523
2026/09/18 02:26:24.627, 160.43, 98, 7523
2026/09/18 02:26:25.628, 161.86, 100, 7523
2026/09/18 02:26:26.628, 159.85, 100, 7523
2026/09/18 02:26:27.628, 159.99, 98, 7523
2026/09/18 02:26:28.628, 160.86, 100, 7523
2026/09/18 02:26:29.628, 161.03, 100, 7523
2026/09/18 02:26:30.629, 160.44, 98, 7523
2026/09/18 02:26:31.629, 160.21, 100, 7523
2026/09/18 02:26:32.629, 160.79, 100, 7523
2026/09/18 02:26:33.629, 160.10, 98, 7523
2026/09/18 02:26:34.629, 161.71, 100, 7523
2026/09/18 02:26:35.630, 161.16, 100, 7523
2026/09/18 02:26:36.630, 159.30, 99, 7523
2026/09/18 02:26:37.630, 161.31, 100, 7523
2026/09/18 02:26:38.630, 160.88, 100, 7523
2026/09/18 02:26:39.630, 160.27, 98, 7523
2026/09/18 02:26:40.631, 160.94, 100, 7523
2026/09/18 02:26:41.631, 160.82, 100, 7523
2026/09/18 02:26:42.631, 160.31, 99, 7523
2026/09/18 02:26:43.631, 161.35, 100, 7523
2026/09/18 02:26:44.631, 160.82, 100, 7523
2026/09/18 02:26:45.632, 160.01, 98, 7523
2026/09/18 02:26:46.632, 160.51, 100, 7523
2026/09/18 02:26:47.632, 161.23, 100, 7523
2026/09/18 02:26:48.632, 160.54, 99, 7523
2026/09/18 02:26:49.633, 161.44, 100, 7523
2026/09/18 02:26:50.633, 161.69, 100, 7523
2026/09/18 02:26:51.633, 159.23, 90, 7523
2026/09/18 02:26:52.633, 159.92, 100, 7523
2026/09/18 02:26:53.633, 160.91, 100, 7523
2026/09/18 02:26:54.634, 160.64, 99, 7523
2026/09/18 02:26:55.634, 161.44, 100, 7523
2026/09/18 02:26:56.634, 161.17, 100, 7523
2026/09/18 02:26:57.634, 160.44, 98, 7523
2026/09/18 02:26:58.635, 161.17, 100, 7523
2026/09/18 02:26:59.635, 161.18, 100, 7523
2026/09/18 02:27:00.635, 160.53, 98, 7523
2026/09/18 02:27:01.635, 161.47, 100, 7523
2026/09/18 02:27:02.635, 160.94, 100, 7523
2026/09/18 02:27:03.636, 160.35, 99, 7523
2026/09/18 02:27:04.636, 161.18, 100, 7523
2026/09/18 02:27:05.636, 160.81, 100, 7523
2026/09/18 02:27:06.636, 160.12, 98, 7523
2026/09/18 02:27:07.645, 161.56, 100, 7523
2026/09/18 02:27:08.645, 160.76, 100, 7523
2026/09/18 02:27:09.645, 160.18, 98, 7523
2026/09/18 02:27:10.645, 161.29, 100, 7523
2026/09/18 02:27:11.646, 160.61, 100, 7523
2026/09/18 02:27:12.646, 160.67, 99, 7523
2026/09/18 02:27:13.646, 161.46, 100, 7523
2026/09/18 02:27:14.646, 161.02, 100, 7523
2026/09/18 02:27:15.646, 160.54, 98, 7523
2026/09/18 02:27:16.647, 161.63, 100, 7523
2026/09/18 02:27:17.647, 161.05, 100, 7523
2026/09/18 02:27:18.647, 161.07, 100, 7523
2026/09/18 02:27:19.647, 161.75, 100, 7523
2026/09/18 02:27:20.647, 160.74, 100, 7523
2026/09/18 02:27:21.648, 160.40, 100, 7523
2026/09/18 02:27:22.648, 161.55, 100, 7523
2026/09/18 02:27:23.648, 160.90, 100, 7523
2026/09/18 02:27:24.648, 160.79, 100, 7523
2026/09/18 02:27:25.648, 161.40, 100, 7523
2026/09/18 02:27:26.649, 159.72, 100, 7523
2026/09/18 02:27:27.649, 163.82, 99, 7523
2026/09/18 02:27:28.649, 162.37, 100, 7523
2026/09/18 02:27:29.649, 160.15, 99, 7523
2026/09/18 02:27:30.649, 160.47, 100, 7523
2026/09/18 02:27:31.650, 161.15, 100, 7523
2026/09/18 02:27:32.650, 163.88, 100, 7523
2026/09/18 02:27:33.650, 162.88, 100, 7523
2026/09/18 02:27:34.650, 159.88, 100, 7523
2026/09/18 02:27:35.650, 160.03, 100, 7523
2026/09/18 02:27:36.651, 160.66, 100, 7523
2026/09/18 02:27:37.651, 163.87, 99, 7523
2026/09/18 02:27:38.651, 163.34, 100, 7523
2026/09/18 02:27:39.651, 160.33, 100, 7523
2026/09/18 02:27:40.651, 160.25, 99, 7523
2026/09/18 02:27:41.652, 160.46, 100, 7523
2026/09/18 02:27:42.652, 163.63, 100, 7523
2026/09/18 02:27:43.652, 163.47, 99, 7523
2026/09/18 02:27:44.652, 160.32, 99, 7523
2026/09/18 02:27:45.652, 160.39, 100, 7523
2026/09/18 02:27:46.653, 160.23, 100, 7523
2026/09/18 02:27:47.653, 163.03, 99, 7523
2026/09/18 02:27:48.653, 163.88, 100, 7523
2026/09/18 02:27:49.653, 160.81, 100, 7523
2026/09/18 02:27:50.653, 160.29, 100, 7523
2026/09/18 02:27:51.654, 160.27, 99, 7523
2026/09/18 02:27:52.654, 162.45, 100, 7523
2026/09/18 02:27:53.654, 163.77, 99, 7523
2026/09/18 02:27:54.654, 161.12, 100, 7523
2026/09/18 02:27:55.654, 160.30, 99, 7523
2026/09/18 02:27:56.655, 160.40, 100, 7523
2026/09/18 02:27:57.655, 162.01, 99, 7523
2026/09/18 02:27:58.655, 164.06, 100, 7523
2026/09/18 02:27:59.655, 161.01, 100, 7523
2026/09/18 02:28:00.655, 160.45, 100, 7523
2026/09/18 02:28:01.655, 160.47, 100, 7523
2026/09/18 02:28:02.656, 161.98, 100, 7523
2026/09/18 02:28:03.656, 164.05, 100, 7523
2026/09/18 02:28:04.656, 162.07, 100, 7523
2026/09/18 02:28:05.656, 160.59, 100, 7523
2026/09/18 02:28:06.657, 160.55, 99, 7523
2026/09/18 02:28:07.663, 161.81, 99, 7523
2026/09/18 02:28:08.663, 164.46, 100, 7523
2026/09/18 02:28:09.663, 162.49, 99, 7523
2026/09/18 02:28:10.664, 159.74, 100, 7523
2026/09/18 02:28:11.664, 159.61, 100, 7523
2026/09/18 02:28:12.664, 160.29, 100, 7523
2026/09/18 02:28:13.664, 164.09, 99, 7523
2026/09/18 02:28:14.664, 162.97, 100, 7523
2026/09/18 02:28:15.665, 160.42, 100, 7523
2026/09/18 02:28:16.665, 160.37, 100, 7523
2026/09/18 02:28:17.673, 160.78, 98, 7523
2026/09/18 02:28:18.674, 164.18, 100, 7523
2026/09/18 02:28:19.674, 163.58, 100, 7523
2026/09/18 02:28:20.674, 160.37, 99, 7523
2026/09/18 02:28:21.674, 160.22, 100, 7523
2026/09/18 02:28:22.674, 160.39, 100, 7523
2026/09/18 02:28:23.675, 165.08, 100, 7523
2026/09/18 02:28:24.675, 164.73, 99, 7523
2026/09/18 02:28:25.675, 160.46, 100, 7523
2026/09/18 02:28:26.675, 160.49, 100, 7523
2026/09/18 02:28:27.684, 160.32, 100, 7523
2026/09/18 02:28:28.684, 163.93, 100, 7523
2026/09/18 02:28:29.684, 164.99, 100, 7523
2026/09/18 02:28:30.684, 160.54, 100, 7523
2026/09/18 02:28:31.685, 160.33, 100, 7523
2026/09/18 02:28:32.685, 160.35, 99, 7523
2026/09/18 02:28:33.685, 163.04, 100, 7523
2026/09/18 02:28:34.685, 163.86, 99, 7523
2026/09/18 02:28:35.685, 161.12, 99, 7523
2026/09/18 02:28:36.686, 160.42, 100, 7523
2026/09/18 02:28:37.694, 160.42, 100, 7523
2026/09/18 02:28:38.694, 162.31, 99, 7523
2026/09/18 02:28:39.695, 163.87, 100, 7523
2026/09/18 02:28:40.695, 161.30, 100, 7523
2026/09/18 02:28:41.695, 160.37, 100, 7523
2026/09/18 02:28:42.695, 160.35, 100, 7523
2026/09/18 02:28:43.695, 162.24, 100, 7523
2026/09/18 02:28:44.696, 163.86, 100, 7523
2026/09/18 02:28:45.696, 161.81, 100, 7523
2026/09/18 02:28:46.696, 160.12, 100, 7523
2026/09/18 02:28:47.696, 160.19, 100, 7523
2026/09/18 02:28:48.696, 161.70, 100, 7523
2026/09/18 02:28:49.697, 164.01, 99, 7523
2026/09/18 02:28:50.697, 162.23, 100, 7523
2026/09/18 02:28:51.697, 160.30, 99, 7523
2026/09/18 02:28:52.697, 160.40, 100, 7523
2026/09/18 02:28:53.697, 161.17, 100, 7523
2026/09/18 02:28:54.698, 163.93, 100, 7523
2026/09/18 02:28:55.698, 162.71, 99, 7523
2026/09/18 02:28:56.698, 160.28, 100, 7523
2026/09/18 02:28:57.698, 160.42, 100, 7523
2026/09/18 02:28:58.698, 142.57, 29, 7523
2026/09/18 02:28:59.699, 37.41, 2, 7523
2026/09/18 02:29:00.699, 26.41, 0, 7523
2026/09/18 02:29:01.699, 21.86, 0, 7520
