2026/09/18 04:12:53.795, 10.49, 0, 41
2026/09/18 04:12:54.799, 10.38, 0, 41
2026/09/18 04:12:55.799, 9.97, 0, 41
2026/09/18 04:12:56.799, 7.49, 0, 41
2026/09/18 04:12:57.825, 16.85, 0, 983
2026/09/18 04:12:58.825, 20.12, 0, 1065
2026/09/18 04:12:59.825, 20.07, 0, 1065
2026/09/18 04:13:00.825, 20.09, 0, 1065
2026/09/18 04:13:01.825, 19.86, 0, 1065
2026/09/18 04:13:02.826, 20.09, 0, 1297
2026/09/18 04:13:03.826, 113.46, 100, 7357
2026/09/18 04:13:04.826, 139.99, 100, 7479
2026/09/18 04:13:05.826, 157.84, 100, 7479
2026/09/18 04:13:06.826, 155.89, 98, 7479
2026/09/18 04:13:07.826, 157.22, 100, 7479
2026/09/18 04:13:08.827, 157.98, 100, 7479
2026/09/18 04:13:09.827, 157.20, 99, 7479
2026/09/18 04:13:10.827, 158.32, 100, 7479
2026/09/18 04:13:11.827, 158.46, 100, 7479
2026/09/18 04:13:12.827, 157.29, 98, 7479
2026/09/18 04:13:13.828, 158.70, 100, 7479
2026/09/18 04:13:14.828, 158.19, 100, 7479
2026/09/18 04:13:15.828, 157.93, 98, 7479
2026/09/18 04:13:16.828, 159.34, 100, 7479
2026/09/18 04:13:17.829, 158.17, 100, 7479
2026/09/18 04:13:18.829, 157.51, 98, 7481
2026/09/18 04:13:19.829, 160.20, 100, 7481
2026/09/18 04:13:20.829, 159.09, 100, 7481
2026/09/18 04:13:21.829, 158.88, 100, 7481
2026/09/18 04:13:22.830, 160.21, 100, 7481
2026/09/18 04:13:23.830, 157.85, 100, 7481
2026/09/18 04:13:24.830, 160.13, 100, 7481
2026/09/18 04:13:25.830, 160.31, 100, 7481
2026/09/18 04:13:26.830, 159.14, 100, 7481
2026/09/18 04:13:27.831, 159.60, 100, 7481
2026/09/18 04:13:28.839, 159.86, 100, 7481
2026/09/18 04:13:29.840, 158.12, 98, 7481
2026/09/18 04:13:30.840, 159.64, 100, 7481
2026/09/18 04:13:31.840, 160.07, 100, 7481
2026/09/18 04:13:32.840, 158.51, 99, 7481
2026/09/18 04:13:33.849, 159.62, 100, 7481
2026/09/18 04:13:34.849, 160.94, 100, 7481
2026/09/18 04:13:35.849, 158.54, 98, 7481
2026/09/18 04:13:36.850, 160.11, 100, 7481
2026/09/18 04:13:37.850, 160.11, 100, 7481
2026/09/18 04:13:38.858, 158.76, 99, 7481
2026/09/18 04:13:39.858, 160.23, 100, 7481
2026/09/18 04:13:40.858, 160.12, 100, 7481
2026/09/18 04:13:41.858, 158.56, 98, 7481
2026/09/18 04:13:42.858, 160.42, 100, 7481
2026/09/18 04:13:43.864, 160.17, 100, 7481
2026/09/18 04:13:44.864, 159.29, 98, 7481
2026/09/18 04:13:45.865, 160.10, 100, 7481
2026/09/18 04:13:46.865, 159.74, 100, 7481
2026/09/18 04:13:47.865, 159.06, 98, 7481
2026/09/18 04:13:48.874, 160.02, 100, 7481
2026/09/18 04:13:49.874, 160.29, 100, 7481
2026/09/18 04:13:50.874, 159.41, 98, 7481
2026/09/18 04:13:51.874, 160.35, 100, 7481
2026/09/18 04:13:52.874, 160.49, 100, 7481
2026/09/18 04:13:53.883, 159.29, 98, 7481
2026/09/18 04:13:54.883, 160.19, 100, 7481
2026/09/18 04:13:55.884, 160.03, 100, 7481
2026/09/18 04:13:56.884, 159.53, 98, 7481
2026/09/18 04:13:57.884, 160.86, 100, 7481
2026/09/18 04:13:58.893, 160.10, 100, 7481
2026/09/18 04:13:59.893, 159.52, 98, 7481
2026/09/18 04:14:00.893, 160.15, 100, 7481
2026/09/18 04:14:01.894, 160.40, 100, 7481
2026/09/18 04:14:02.894, 159.95, 99, 7481
2026/09/18 04:14:03.894, 160.85, 100, 7481
2026/09/18 04:14:04.894, 160.05, 100, 7481
2026/09/18 04:14:05.894, 159.58, 98, 7481
2026/09/18 04:14:06.895, 160.43, 100, 7481
2026/09/18 04:14:07.895, 159.90, 100, 7481
2026/09/18 04:14:08.903, 159.73, 99, 7481
2026/09/18 04:14:09.904, 161.05, 100, 7481
2026/09/18 04:14:10.904, 160.53, 100, 7481
2026/09/18 04:14:11.904, 159.59, 98, 7481
2026/09/18 04:14:12.904, 160.61, 100, 7481
2026/09/18 04:14:13.905, 160.45, 100, 7481
2026/09/18 04:14:14.905, 160.33, 98, 7481
2026/09/18 04:14:15.905, 160.87, 100, 7481
2026/09/18 04:14:16.905, 160.40, 100, 7501
2026/09/18 04:14:17.905, 160.19, 99, 7501
2026/09/18 04:14:18.914, 160.95, 100, 7501
2026/09/18 04:14:19.914, 160.08, 100, 7501
2026/09/18 04:14:20.914, 160.17, 100, 7501
2026/09/18 04:14:21.915, 161.31, 100, 7501
2026/09/18 04:14:22.915, 160.00, 100, 7501
2026/09/18 04:14:23.915, 160.23, 100, 7501
2026/09/18 04:14:24.915, 161.63, 100, 7501
2026/09/18 04:14:25.915, 160.19, 100, 7501
2026/09/18 04:14:26.916, 160.15, 100, 7501
2026/09/18 04:14:27.916, 161.13, 100, 7501
2026/09/18 04:14:28.916, 160.31, 100, 7501
2026/09/18 04:14:29.917, 160.06, 100, 7501
2026/09/18 04:14:30.917, 161.73, 100, 7501
2026/09/18 04:14:31.917, 160.10, 100, 7501
2026/09/18 04:14:32.917, 160.93, 100, 7501
2026/09/18 04:14:33.917, 161.57, 100, 7501
2026/09/18 04:14:34.918, 160.35, 100, 7501
2026/09/18 04:14:35.918, 160.35, 100, 7501
2026/09/18 04:14:36.918, 161.54, 100, 7501
2026/09/18 04:14:37.927, 160.10, 100, 7501
2026/09/18 04:14:38.927, 160.68, 100, 7501
2026/09/18 04:14:39.927, 161.04, 100, 7501
2026/09/18 04:14:40.927, 160.25, 100, 7501
2026/09/18 04:14:41.927, 160.95, 100, 7501
2026/09/18 04:14:42.936, 161.56, 100, 7501
2026/09/18 04:14:43.936, 160.50, 99, 7501
2026/09/18 04:14:44.937, 160.71, 100, 7501
2026/09/18 04:14:45.937, 161.40, 100, 7501
2026/09/18 04:14:46.937, 159.58, 98, 7501
2026/09/18 04:14:47.937, 160.45, 100, 7501
2026/09/18 04:14:48.938, 161.18, 100, 7501
2026/09/18 04:14:49.938, 160.11, 99, 7501
2026/09/18 04:14:50.938, 161.42, 100, 7501
2026/09/18 04:14:51.938, 160.67, 100, 7501
2026/09/18 04:14:52.947, 159.28, 98, 7501
2026/09/18 04:14:53.947, 160.33, 100, 7501
2026/09/18 04:14:54.947, 160.83, 100, 7501
2026/09/18 04:14:55.947, 160.05, 99, 7501
2026/09/18 04:14:56.948, 160.95, 100, 7501
2026/09/18 04:14:57.956, 161.18, 100, 7501
2026/09/18 04:14:58.957, 159.83, 98, 7501
2026/09/18 04:14:59.957, 160.57, 100, 7501
2026/09/18 04:15:00.957, 161.21, 100, 7501
2026/09/18 04:15:01.957, 160.06, 98, 7501
2026/09/18 04:15:02.958, 160.77, 100, 7501
2026/09/18 04:15:03.958, 160.88, 100, 7501
2026/09/18 04:15:04.958, 159.63, 98, 7501
2026/09/18 04:15:05.958, 160.67, 100, 7501
2026/09/18 04:15:06.958, 160.99, 100, 7501
2026/09/18 04:15:07.959, 159.96, 99, 7501
2026/09/18 04:15:08.959, 161.05, 100, 7501
2026/09/18 04:15:09.959, 160.65, 100, 7501
2026/09/18 04:15:10.959, 159.84, 98, 7501
2026/09/18 04:15:11.959, 160.76, 100, 7501
2026/09/18 04:15:12.960, 160.80, 100, 7501
2026/09/18 04:15:13.960, 160.11, 99, 7501
2026/09/18 04:15:14.960, 160.94, 100, 7501
2026/09/18 04:15:15.960, 160.51, 100, 7501
2026/09/18 04:15:16.961, 159.72, 98, 7501
2026/09/18 04:15:17.969, 160.80, 100, 7501
2026/09/18 04:15:18.969, 160.57, 100, 7501
2026/09/18 04:15:19.970, 160.04, 99, 7501
2026/09/18 04:15:20.970, 161.49, 100, 7501
2026/09/18 04:15:21.970, 161.02, 100, 7501
2026/09/18 04:15:22.970, 159.95, 98, 7501
2026/09/18 04:15:23.970, 160.81, 100, 7501
2026/09/18 04:15:24.971, 160.47, 100, 7501
2026/09/18 04:15:25.971, 160.42, 99, 7501
2026/09/18 04:15:26.971, 161.02, 100, 7501
2026/09/18 04:15:27.980, 160.50, 100, 7501
2026/09/18 04:15:28.980, 159.74, 98, 7501
2026/09/18 04:15:29.980, 161.32, 100, 7501
2026/09/18 04:15:30.981, 160.87, 100, 7501
2026/09/18 04:15:31.981, 160.34, 99, 7501
2026/09/18 04:15:32.982, 160.15, 100, 7501
2026/09/18 04:15:33.982, 160.52, 100, 7501
2026/09/18 04:15:34.982, 159.80, 98, 7501
2026/09/18 04:15:35.982, 161.29, 100, 7501
2026/09/18 04:15:36.983, 161.03, 100, 7501
2026/09/18 04:15:37.991, 95.43, 0, 7501
2026/09/18 04:15:38.991, 29.31, 0, 7501
2026/09/18 04:15:39.992, 25.30, 0, 7501
2026/09/18 04:15:40.992, 47.16, 100, 7501
2026/09/18 04:15:41.992, 37.49, 0, 7501
2026/09/18 04:15:43.001, 26.29, 0, 7501
2026/09/18 04:15:44.001, 39.09, 100, 7501
2026/09/18 04:15:45.001, 57.20, 0, 7501
2026/09/18 04:15:46.001, 44.98, 0, 7501
2026/09/18 04:15:47.001, 23.62, 0, 7501
2026/09/18 04:15:48.010, 42.59, 0, 7501
2026/09/18 04:15:49.010, 42.90, 0, 7501
2026/09/18 04:15:50.010, 25.66, 0, 7501
2026/09/18 04:15:51.011, 46.05, 0, 7501
2026/09/18 04:15:52.011, 43.65, 0, 7501
2026/09/18 04:15:53.019, 26.11, 0, 7501
2026/09/18 04:15:54.020, 45.90, 0, 7501
2026/09/18 04:15:55.020, 26.89, 0, 7501
2026/09/18 04:15:56.020, 26.88, 0, 7501
2026/09/18 04:15:57.020, 41.46, 87, 7501
2026/09/18 04:15:58.020, 49.97, 0, 7501
2026/09/18 04:15:59.021, 25.72, 0, 7501
2026/09/18 04:16:00.021, 45.79, 100, 7503
2026/09/18 04:16:01.021, 137.99, 99, 7503
2026/09/18 04:16:02.021, 155.15, 99, 7503
2026/09/18 04:16:03.021, 155.66, 100, 7503
2026/09/18 04:16:04.022, 157.91, 99, 7503
2026/09/18 04:16:05.022, 159.85, 100, 7503
2026/09/18 04:16:06.022, 157.53, 100, 7503
2026/09/18 04:16:07.022, 156.28, 100, 7503
2026/09/18 04:16:08.023, 156.65, 100, 7503
2026/09/18 04:16:09.023, 158.25, 100, 7503
2026/09/18 04:16:10.023, 160.76, 99, 7503
2026/09/18 04:16:11.023, 158.89, 100, 7503
2026/09/18 04:16:12.023, 157.16, 100, 7503
2026/09/18 04:16:13.024, 157.20, 99, 7503
2026/09/18 04:16:14.024, 158.35, 99, 7503
2026/09/18 04:16:15.024, 161.09, 100, 7503
2026/09/18 04:16:16.024, 159.57, 99, 7503
2026/09/18 04:16:17.025, 157.55, 99, 7503
2026/09/18 04:16:18.033, 157.79, 100, 7503
2026/09/18 04:16:19.034, 158.74, 100, 7503
2026/09/18 04:16:20.034, 162.33, 100, 7503
2026/09/18 04:16:21.034, 160.62, 100, 7503
2026/09/18 04:16:22.034, 157.98, 100, 7503
2026/09/18 04:16:23.043, 158.07, 100, 7503
2026/09/18 04:16:24.043, 158.46, 100, 7503
2026/09/18 04:16:25.043, 161.96, 99, 7503
2026/09/18 04:16:26.043, 161.34, 100, 7503
2026/09/18 04:16:27.044, 157.42, 100, 7503
2026/09/18 04:16:28.052, 157.61, 99, 7503
2026/09/18 04:16:29.053, 157.86, 100, 7503
2026/09/18 04:16:30.053, 162.17, 100, 7503
2026/09/18 04:16:31.053, 161.74, 99, 7503
2026/09/18 04:16:32.053, 158.76, 100, 7503
2026/09/18 04:16:33.053, 158.86, 100, 7503
2026/09/18 04:16:34.054, 158.67, 100, 7503
2026/09/18 04:16:35.054, 161.26, 99, 7503
2026/09/18 04:16:36.054, 162.35, 100, 7503
2026/09/18 04:16:37.054, 159.30, 100, 7503
2026/09/18 04:16:38.063, 159.15, 100, 7503
2026/09/18 04:16:39.063, 159.19, 99, 7503
2026/09/18 04:16:40.063, 161.68, 100, 7503
2026/09/18 04:16:41.064, 162.57, 99, 7503
2026/09/18 04:16:42.064, 160.16, 99, 7503
2026/09/18 04:16:43.072, 158.60, 99, 7503
2026/09/18 04:16:44.073, 158.37, 100, 7503
2026/09/18 04:16:45.073, 160.54, 99, 7503
2026/09/18 04:16:46.073, 162.86, 100, 7503
2026/09/18 04:16:47.073, 161.08, 100, 7503
2026/09/18 04:16:48.082, 159.48, 100, 7503
2026/09/18 04:16:49.082, 159.16, 100, 7503
2026/09/18 04:16:50.082, 160.95, 100, 7503
2026/09/18 04:16:51.082, 163.07, 99, 7503
2026/09/18 04:16:52.083, 161.49, 100, 7503
2026/09/18 04:16:53.083, 159.78, 98, 7503
2026/09/18 04:16:54.083, 159.82, 99, 7503
2026/09/18 04:16:55.083, 160.86, 99, 7503
2026/09/18 04:16:56.083, 163.07, 100, 7503
2026/09/18 04:16:57.084, 161.79, 99, 7503
2026/09/18 04:16:58.084, 159.28, 100, 7503
2026/09/18 04:16:59.084, 159.43, 100, 7503
2026/09/18 04:17:00.085, 159.92, 100, 7503
2026/09/18 04:17:01.085, 163.30, 99, 7503
2026/09/18 04:17:02.085, 162.39, 100, 7503
2026/09/18 04:17:03.094, 159.55, 100, 7503
2026/09/18 04:17:04.094, 159.63, 100, 7503
2026/09/18 04:17:05.094, 159.75, 98, 7503
2026/09/18 04:17:06.094, 163.58, 100, 7503
2026/09/18 04:17:07.094, 162.84, 100, 7503
2026/09/18 04:17:08.095, 159.48, 99, 7503
2026/09/18 04:17:09.095, 159.92, 100, 7503
2026/09/18 04:17:10.095, 159.65, 100, 7503
2026/09/18 04:17:11.095, 162.92, 99, 7503
2026/09/18 04:17:12.096, 163.41, 100, 7503
2026/09/18 04:17:13.104, 159.73, 100, 7503
2026/09/18 04:17:14.104, 159.68, 100, 7503
2026/09/18 04:17:15.105, 159.77, 100, 7503
2026/09/18 04:17:16.105, 162.48, 100, 7503
2026/09/18 04:17:17.105, 163.71, 100, 7503
2026/09/18 04:17:18.105, 160.49, 100, 7503
2026/09/18 04:17:19.105, 159.96, 99, 7503
2026/09/18 04:17:20.106, 159.96, 100, 7503
2026/09/18 04:17:21.106, 161.52, 99, 7503
2026/09/18 04:17:22.106, 163.72, 100, 7503
2026/09/18 04:17:23.115, 160.78, 100, 7503
2026/09/18 04:17:24.115, 158.91, 100, 7503
2026/09/18 04:17:25.115, 158.95, 100, 7503
2026/09/18 04:17:26.115, 160.82, 100, 7503
2026/09/18 04:17:27.115, 163.72, 99, 7503
2026/09/18 04:17:28.124, 161.79, 100, 7503
2026/09/18 04:17:29.124, 160.00, 100, 7503
2026/09/18 04:17:30.125, 159.76, 99, 7503
2026/09/18 04:17:31.125, 122.62, 29, 7503
2026/09/18 04:17:32.125, 82.16, 99, 7503
2026/09/18 04:17:33.134, 161.06, 100, 7503
2026/09/18 04:17:34.134, 160.72, 100, 7503
2026/09/18 04:17:35.134, 159.35, 98, 7503
2026/09/18 04:17:36.134, 160.41, 100, 7503
2026/09/18 04:17:37.135, 160.51, 100, 7503
2026/09/18 04:17:38.143, 159.72, 99, 7503
2026/09/18 04:17:39.144, 160.80, 100, 7503
2026/09/18 04:17:40.144, 160.37, 100, 7503
2026/09/18 04:17:41.144, 159.75, 98, 7503
2026/09/18 04:17:42.144, 160.52, 100, 7503
2026/09/18 04:17:43.145, 160.28, 100, 7503
2026/09/18 04:17:44.145, 159.62, 99, 7503
2026/09/18 04:17:45.145, 161.06, 100, 7503
2026/09/18 04:17:46.145, 160.37, 100, 7503
2026/09/18 04:17:47.146, 159.66, 98, 7503
2026/09/18 04:17:48.146, 160.67, 100, 7503
2026/09/18 04:17:49.146, 160.81, 100, 7503
2026/09/18 04:17:50.146, 159.96, 99, 7503
2026/09/18 04:17:51.146, 161.28, 100, 7503
2026/09/18 04:17:52.147, 160.96, 100, 7503
2026/09/18 04:17:53.147, 159.56, 98, 7503
2026/09/18 04:17:54.147, 161.17, 100, 7503
2026/09/18 04:17:55.147, 160.80, 100, 7503
2026/09/18 04:17:56.147, 160.10, 99, 7503
2026/09/18 04:17:57.148, 160.83, 100, 7503
2026/09/18 04:17:58.148, 160.71, 100, 7503
2026/09/18 04:17:59.148, 160.04, 98, 7503
2026/09/18 04:18:00.148, 161.04, 100, 7503
2026/09/18 04:18:01.148, 160.95, 100, 7503
2026/09/18 04:18:02.149, 160.60, 99, 7503
2026/09/18 04:18:03.149, 161.15, 100, 7503
2026/09/18 04:18:04.149, 160.71, 100, 7503
2026/09/18 04:18:05.149, 160.26, 98, 7503
2026/09/18 04:18:06.149, 161.01, 100, 7503
2026/09/18 04:18:07.150, 160.83, 100, 7503
2026/09/18 04:18:08.150, 160.50, 99, 7503
2026/09/18 04:18:09.150, 161.33, 100, 7503
2026/09/18 04:18:10.150, 160.41, 100, 7503
2026/09/18 04:18:11.150, 160.10, 98, 7503
2026/09/18 04:18:12.151, 160.80, 100, 7503
2026/09/18 04:18:13.151, 160.56, 100, 7503
2026/09/18 04:18:14.151, 159.50, 99, 7503
2026/09/18 04:18:15.151, 161.24, 100, 7503
2026/09/18 04:18:16.151, 160.56, 100, 7503
2026/09/18 04:18:17.152, 160.11, 98, 7503
2026/09/18 04:18:18.152, 161.14, 100, 7503
2026/09/18 04:18:19.160, 160.62, 100, 7503
2026/09/18 04:18:20.161, 160.17, 98, 7503
2026/09/18 04:18:21.161, 161.35, 100, 7503
2026/09/18 04:18:22.161, 160.65, 100, 7503
2026/09/18 04:18:23.161, 160.11, 99, 7503
2026/09/18 04:18:24.162, 161.13, 100, 7503
2026/09/18 04:18:25.162, 160.53, 100, 7503
2026/09/18 04:18:26.162, 160.32, 100, 7503
2026/09/18 04:18:27.162, 161.21, 100, 7503
2026/09/18 04:18:28.162, 160.56, 100, 7503
2026/09/18 04:18:29.163, 160.37, 100, 7503
2026/09/18 04:18:30.163, 161.43, 100, 7503
2026/09/18 04:18:31.163, 160.36, 100, 7503
2026/09/18 04:18:32.164, 160.53, 100, 7503
2026/09/18 04:18:33.164, 161.73, 100, 7503
2026/09/18 04:18:34.173, 160.10, 100, 7503
2026/09/18 04:18:35.173, 160.12, 100, 7503
2026/09/18 04:18:36.173, 161.18, 100, 7503
2026/09/18 04:18:37.173, 160.41, 100, 7503
2026/09/18 04:18:38.173, 160.90, 100, 7503
2026/09/18 04:18:39.182, 161.08, 100, 7503
2026/09/18 04:18:40.182, 160.49, 100, 7503
2026/09/18 04:18:41.182, 160.73, 100, 7503
2026/09/18 04:18:42.183, 161.41, 100, 7503
2026/09/18 04:18:43.183, 160.66, 100, 7503
2026/09/18 04:18:44.191, 161.11, 100, 7503
2026/09/18 04:18:45.192, 161.71, 100, 7503
2026/09/18 04:18:46.192, 160.61, 100, 7503
2026/09/18 04:18:47.192, 160.85, 100, 7503
2026/09/18 04:18:48.192, 161.55, 100, 7503
2026/09/18 04:18:49.201, 159.55, 98, 7503
2026/09/18 04:18:50.201, 161.56, 100, 7503
2026/09/18 04:18:51.201, 160.65, 100, 7503
2026/09/18 04:18:52.202, 160.43, 99, 7503
2026/09/18 04:18:53.202, 161.19, 100, 7503
2026/09/18 04:18:54.202, 160.72, 100, 7503
2026/09/18 04:18:55.202, 160.31, 98, 7503
2026/09/18 04:18:56.202, 160.94, 100, 7503
2026/09/18 04:18:57.203, 160.50, 100, 7503
2026/09/18 04:18:58.203, 160.64, 98, 7503
2026/09/18 04:18:59.203, 161.36, 100, 7503
2026/09/18 04:19:00.204, 160.66, 100, 7503
2026/09/18 04:19:01.204, 160.46, 98, 7503
2026/09/18 04:19:02.204, 161.09, 100, 7503
2026/09/18 04:19:03.204, 160.99, 100, 7503
2026/09/18 04:19:04.213, 160.61, 98, 7503
2026/09/18 04:19:05.213, 161.40, 100, 7503
2026/09/18 04:19:06.213, 160.82, 100, 7503
2026/09/18 04:19:07.213, 160.44, 98, 7503
2026/09/18 04:19:08.214, 161.68, 100, 7503
2026/09/18 04:19:09.222, 161.18, 100, 7503
2026/09/18 04:19:10.222, 160.66, 99, 7503
2026/09/18 04:19:11.223, 161.36, 100, 7503
2026/09/18 04:19:12.223, 160.73, 100, 7503
2026/09/18 04:19:13.223, 160.34, 98, 7503
2026/09/18 04:19:14.232, 161.18, 100, 7503
2026/09/18 04:19:15.232, 160.28, 100, 7503
2026/09/18 04:19:16.232, 160.91, 100, 7503
2026/09/18 04:19:17.232, 161.68, 100, 7503
2026/09/18 04:19:18.233, 160.40, 100, 7503
2026/09/18 04:19:19.241, 160.53, 100, 7503
2026/09/18 04:19:20.241, 161.53, 100, 7503
2026/09/18 04:19:21.242, 160.90, 100, 7503
2026/09/18 04:19:22.242, 160.58, 100, 7503
2026/09/18 04:19:23.242, 161.85, 100, 7503
2026/09/18 04:19:24.243, 160.37, 100, 7503
2026/09/18 04:19:25.243, 160.59, 100, 7503
2026/09/18 04:19:26.243, 161.90, 100, 7503
2026/09/18 04:19:27.243, 160.22, 100, 7503
2026/09/18 04:19:28.243, 160.66, 100, 7503
2026/09/18 04:19:29.244, 161.35, 100, 7503
2026/09/18 04:19:30.244, 160.71, 100, 7503
2026/09/18 04:19:31.244, 160.78, 100, 7503
2026/09/18 04:19:32.244, 161.71, 100, 7503
2026/09/18 04:19:33.244, 160.41, 100, 7503
2026/09/18 04:19:34.245, 160.68, 100, 7503
2026/09/18 04:19:35.245, 161.27, 100, 7503
2026/09/18 04:19:36.245, 160.18, 100, 7503
2026/09/18 04:19:37.245, 160.39, 100, 7503
2026/09/18 04:19:38.245, 161.73, 100, 7503
2026/09/18 04:19:39.246, 160.62, 100, 7503
2026/09/18 04:19:40.246, 161.28, 100, 7503
2026/09/18 04:19:41.246, 161.37, 100, 7503
2026/09/18 04:19:42.246, 160.33, 100, 7503
2026/09/18 04:19:43.246, 159.47, 100, 7503
2026/09/18 04:19:44.246, 161.54, 100, 7503
2026/09/18 04:19:45.247, 160.17, 100, 7503
2026/09/18 04:19:46.247, 161.01, 100, 7503
2026/09/18 04:19:47.247, 161.14, 100, 7503
2026/09/18 04:19:48.256, 160.51, 100, 7503
2026/09/18 04:19:49.256, 160.85, 100, 7503
2026/09/18 04:19:50.256, 161.91, 100, 7503
2026/09/18 04:19:51.256, 160.36, 99, 7503
2026/09/18 04:19:52.257, 160.76, 100, 7503
2026/09/18 04:19:53.257, 161.04, 100, 7503
2026/09/18 04:19:54.257, 160.22, 98, 7503
2026/09/18 04:19:55.257, 160.73, 100, 7503
2026/09/18 04:19:56.257, 161.34, 100, 7503
2026/09/18 04:19:57.258, 160.29, 99, 7503
2026/09/18 04:19:58.258, 160.97, 100, 7503
2026/09/18 04:19:59.258, 160.96, 100, 7503
2026/09/18 04:20:00.258, 159.65, 98, 7503
2026/09/18 04:20:01.259, 160.56, 100, 7503
2026/09/18 04:20:02.259, 161.02, 100, 7503
2026/09/18 04:20:03.259, 160.01, 99, 7503
2026/09/18 04:20:04.259, 160.75, 100, 7503
2026/09/18 04:20:05.259, 160.83, 100, 7503
2026/09/18 04:20:06.260, 161.27, 99, 7503
2026/09/18 04:20:07.260, 164.04, 100, 7503
2026/09/18 04:20:08.268, 160.38, 100, 7503
2026/09/18 04:20:09.269, 160.27, 100, 7503
2026/09/18 04:20:10.269, 160.19, 99, 7503
2026/09/18 04:20:11.269, 162.71, 100, 7503
2026/09/18 04:20:12.269, 163.88, 99, 7503
2026/09/18 04:20:13.278, 161.15, 100, 7503
2026/09/18 04:20:14.278, 160.47, 99, 7503
2026/09/18 04:20:15.278, 159.63, 100, 7503
2026/09/18 04:20:16.279, 161.85, 99, 7503
2026/09/18 04:20:17.279, 164.06, 100, 7503
2026/09/18 04:20:18.287, 161.02, 100, 7503
2026/09/18 04:20:19.288, 159.56, 100, 7503
2026/09/18 04:20:20.288, 159.37, 100, 7503
2026/09/18 04:20:21.288, 161.04, 100, 7503
2026/09/18 04:20:22.288, 163.86, 99, 7503
2026/09/18 04:20:23.288, 161.65, 100, 7503
2026/09/18 04:20:24.289, 159.34, 99, 7503
2026/09/18 04:20:25.289, 159.60, 99, 7503
2026/09/18 04:20:26.289, 160.96, 99, 7503
2026/09/18 04:20:27.289, 164.05, 100, 7503
2026/09/18 04:20:28.289, 162.51, 99, 7503
2026/09/18 04:20:29.290, 159.44, 100, 7503
2026/09/18 04:20:30.290, 159.25, 100, 7503
2026/09/18 04:20:31.290, 159.86, 100, 7503
2026/09/18 04:20:32.290, 164.09, 99, 7503
2026/09/18 04:20:33.290, 163.15, 100, 7503
2026/09/18 04:20:34.291, 159.40, 100, 7503
2026/09/18 04:20:35.291, 159.43, 99, 7503
2026/09/18 04:20:36.291, 159.38, 99, 7503
2026/09/18 04:20:37.291, 163.89, 100, 7503
2026/09/18 04:20:38.291, 163.72, 99, 7503
2026/09/18 04:20:39.292, 160.45, 99, 7503
2026/09/18 04:20:40.292, 160.74, 100, 7503
2026/09/18 04:20:41.292, 160.53, 100, 7503
2026/09/18 04:20:42.292, 163.39, 99, 7503
2026/09/18 04:20:43.292, 164.08, 100, 7503
2026/09/18 04:20:44.293, 160.90, 100, 7503
2026/09/18 04:20:45.293, 160.35, 100, 7503
2026/09/18 04:20:46.293, 159.76, 99, 7503
2026/09/18 04:20:47.293, 162.83, 100, 7503
2026/09/18 04:20:48.302, 163.94, 99, 7503
2026/09/18 04:20:49.302, 160.74, 100, 7503
2026/09/18 04:20:50.302, 159.25, 99, 7503
2026/09/18 04:20:51.303, 159.33, 100, 7503
2026/09/18 04:20:52.303, 161.89, 99, 7503
2026/09/18 04:20:53.311, 164.15, 100, 7503
2026/09/18 04:20:54.312, 161.10, 100, 7503
2026/09/18 04:20:55.312, 159.37, 100, 7503
2026/09/18 04:20:56.312, 159.35, 100, 7503
2026/09/18 04:20:57.312, 161.14, 100, 7503
2026/09/18 04:20:58.312, 164.12, 99, 7503
2026/09/18 04:20:59.312, 162.02, 100, 7503
2026/09/18 04:21:00.313, 159.39, 99, 7503
2026/09/18 04:21:01.313, 159.07, 99, 7503
2026/09/18 04:21:02.313, 160.62, 99, 7503
2026/09/18 04:21:03.313, 164.04, 100, 7503
2026/09/18 04:21:04.314, 162.86, 99, 7503
2026/09/18 04:21:05.314, 160.64, 100, 7503
2026/09/18 04:21:06.314, 160.37, 100, 7503
2026/09/18 04:21:07.314, 160.88, 100, 7503
2026/09/18 04:21:08.314, 163.95, 99, 7503
2026/09/18 04:21:09.315, 163.20, 100, 7503
2026/09/18 04:21:10.315, 160.21, 100, 7503
2026/09/18 04:21:11.315, 160.06, 99, 7503
2026/09/18 04:21:12.315, 160.17, 98, 7503
2026/09/18 04:21:13.315, 163.65, 100, 7503
2026/09/18 04:21:14.316, 163.54, 100, 7503
2026/09/18 04:21:15.316, 160.15, 99, 7503
2026/09/18 04:21:16.316, 160.43, 100, 7503
2026/09/18 04:21:17.316, 160.16, 100, 7503
2026/09/18 04:21:18.316, 163.05, 99, 7503
2026/09/18 04:21:19.317, 163.94, 100, 7503
2026/09/18 04:21:20.317, 159.95, 100, 7503
2026/09/18 04:21:21.317, 159.55, 100, 7503
2026/09/18 04:21:22.317, 160.26, 100, 7503
2026/09/18 04:21:23.317, 163.32, 100, 7503
2026/09/18 04:21:24.318, 163.96, 100, 7503
2026/09/18 04:21:25.318, 160.94, 100, 7503
2026/09/18 04:21:26.318, 160.42, 99, 7503
2026/09/18 04:21:27.318, 160.31, 100, 7503
2026/09/18 04:21:28.318, 162.65, 99, 7503
2026/09/18 04:21:29.319, 164.10, 100, 7503
2026/09/18 04:21:30.319, 160.81, 100, 7503
2026/09/18 04:21:31.319, 160.06, 100, 7503
2026/09/18 04:21:32.319, 160.41, 100, 7503
2026/09/18 04:21:33.319, 162.12, 100, 7503
2026/09/18 04:21:34.320, 164.07, 100, 7503
2026/09/18 04:21:35.320, 161.83, 100, 7503
2026/09/18 04:21:36.320, 160.29, 100, 7503
2026/09/18 04:21:37.320, 160.01, 99, 7503
2026/09/18 04:21:38.320, 101.31, 29, 7503
2026/09/18 04:21:39.321, 108.61, 99, 7503
2026/09/18 04:21:40.321, 160.93, 100, 7503
2026/09/18 04:21:41.321, 159.50, 100, 7503
2026/09/18 04:21:42.321, 160.52, 98, 7503
2026/09/18 04:21:43.322, 160.23, 100, 7503
2026/09/18 04:21:44.322, 159.96, 100, 7503
2026/09/18 04:21:45.330, 161.07, 98, 7503
2026/09/18 04:21:46.331, 160.85, 100, 7503
2026/09/18 04:21:47.331, 159.92, 100, 7503
2026/09/18 04:21:48.331, 160.50, 99, 7503
2026/09/18 04:21:49.331, 160.81, 100, 7503
2026/09/18 04:21:50.340, 160.27, 100, 7503
2026/09/18 04:21:51.340, 160.99, 100, 7503
2026/09/18 04:21:52.340, 160.83, 100, 7503
2026/09/18 04:21:53.340, 159.69, 100, 7503
2026/09/18 04:21:54.341, 161.34, 100, 7503
2026/09/18 04:21:55.349, 160.62, 100, 7503
2026/09/18 04:21:56.350, 160.14, 100, 7503
2026/09/18 04:21:57.350, 161.19, 100, 7503
2026/09/18 04:21:58.350, 160.04, 100, 7503
2026/09/18 04:21:59.350, 160.01, 100, 7503
2026/09/18 04:22:00.359, 160.52, 100, 7503
2026/09/18 04:22:01.359, 160.60, 100, 7503
2026/09/18 04:22:02.359, 160.16, 98, 7503
2026/09/18 04:22:03.360, 161.18, 100, 7503
2026/09/18 04:22:04.360, 160.29, 100, 7503
2026/09/18 04:22:05.368, 160.14, 98, 7503
2026/09/18 04:22:06.369, 161.04, 100, 7503
2026/09/18 04:22:07.369, 160.88, 100, 7503
2026/09/18 04:22:08.369, 160.43, 98, 7503
2026/09/18 04:22:09.369, 161.25, 100, 7503
2026/09/18 04:22:10.370, 160.87, 100, 7503
2026/09/18 04:22:11.370, 160.11, 98, 7503
2026/09/18 04:22:12.370, 160.85, 100, 7503
2026/09/18 04:22:13.370, 160.11, 100, 7503
2026/09/18 04:22:14.371, 160.17, 99, 7503
2026/09/18 04:22:15.371, 161.38, 100, 7503
2026/09/18 04:22:16.371, 160.66, 100, 7503
2026/09/18 04:22:17.371, 160.47, 100, 7503
2026/09/18 04:22:18.371, 161.21, 100, 7503
2026/09/18 04:22:19.372, 160.31, 100, 7503
2026/09/18 04:22:20.380, 160.41, 100, 7503
2026/09/18 04:22:21.380, 161.21, 100, 7503
2026/09/18 04:22:22.381, 160.56, 100, 7503
2026/09/18 04:22:23.381, 160.22, 100, 7503
2026/09/18 04:22:24.381, 161.26, 100, 7503
2026/09/18 04:22:25.390, 160.67, 100, 7503
2026/09/18 04:22:26.390, 160.75, 100, 7503
2026/09/18 04:22:27.390, 160.99, 100, 7503
2026/09/18 04:22:28.390, 160.46, 100, 7503
2026/09/18 04:22:29.391, 160.17, 100, 7503
2026/09/18 04:22:30.391, 161.10, 100, 7503
2026/09/18 04:22:31.391, 160.00, 100, 7503
2026/09/18 04:22:32.392, 160.40, 100, 7503
2026/09/18 04:22:33.392, 161.48, 100, 7503
2026/09/18 04:22:34.392, 160.03, 100, 7503
2026/09/18 04:22:35.392, 160.45, 100, 7503
2026/09/18 04:22:36.392, 161.41, 100, 7503
2026/09/18 04:22:37.393, 159.85, 100, 7503
2026/09/18 04:22:38.393, 160.79, 100, 7503
2026/09/18 04:22:39.393, 161.11, 100, 7503
2026/09/18 04:22:40.393, 160.10, 99, 7503
2026/09/18 04:22:41.393, 160.48, 100, 7503
2026/09/18 04:22:42.393, 160.66, 100, 7503
2026/09/18 04:22:43.394, 160.23, 98, 7503
2026/09/18 04:22:44.394, 160.51, 100, 7503
2026/09/18 04:22:45.394, 161.05, 100, 7503
2026/09/18 04:22:46.394, 158.96, 99, 7503
2026/09/18 04:22:47.394, 160.79, 100, 7503
2026/09/18 04:22:48.395, 161.17, 100, 7503
2026/09/18 04:22:49.395, 159.87, 98, 7503
2026/09/18 04:22:50.395, 161.12, 100, 7503
2026/09/18 04:22:51.395, 161.04, 100, 7503
2026/09/18 04:22:52.395, 159.43, 98, 7503
2026/09/18 04:22:53.396, 161.18, 100, 7503
2026/09/18 04:22:54.396, 160.96, 100, 7503
2026/09/18 04:22:55.396, 159.78, 99, 7503
2026/09/18 04:22:56.396, 159.94, 100, 7503
2026/09/18 04:22:57.396, 161.08, 100, 7503
2026/09/18 04:22:58.397, 159.54, 98, 7503
2026/09/18 04:22:59.397, 160.29, 100, 7503
2026/09/18 04:23:00.397, 160.60, 100, 7503
2026/09/18 04:23:01.397, 159.72, 99, 7503
2026/09/18 04:23:02.398, 160.51, 100, 7503
2026/09/18 04:23:03.398, 160.71, 100, 7503
2026/09/18 04:23:04.398, 159.38, 98, 7503
2026/09/18 04:23:05.398, 160.22, 100, 7503
2026/09/18 04:23:06.398, 159.53, 100, 7503
2026/09/18 04:23:07.399, 159.51, 99, 7503
2026/09/18 04:23:08.399, 160.64, 100, 7503
2026/09/18 04:23:09.399, 160.71, 100, 7503
2026/09/18 04:23:10.399, 159.47, 98, 7503
2026/09/18 04:23:11.399, 159.45, 100, 7503
2026/09/18 04:23:12.400, 160.86, 100, 7503
2026/09/18 04:23:13.400, 159.90, 99, 7503
2026/09/18 04:23:14.400, 160.68, 100, 7503
2026/09/18 04:23:15.400, 161.04, 100, 7503
2026/09/18 04:23:16.401, 158.23, 90, 7503
2026/09/18 04:23:17.401, 159.79, 100, 7503
2026/09/18 04:23:18.401, 160.51, 100, 7503
2026/09/18 04:23:19.401, 159.79, 99, 7503
2026/09/18 04:23:20.401, 161.30, 100, 7503
2026/09/18 04:23:21.402, 161.14, 100, 7503
2026/09/18 04:23:22.402, 158.26, 98, 7503
2026/09/18 04:23:23.402, 160.33, 100, 7503
2026/09/18 04:23:24.402, 161.18, 100, 7503
2026/09/18 04:23:25.403, 160.04, 99, 7503
2026/09/18 04:23:26.403, 161.38, 100, 7503
2026/09/18 04:23:27.411, 160.56, 100, 7503
2026/09/18 04:23:28.412, 159.46, 98, 7503
2026/09/18 04:23:29.412, 160.61, 100, 7503
2026/09/18 04:23:30.412, 160.82, 100, 7503
2026/09/18 04:23:31.412, 160.05, 99, 7503
2026/09/18 04:23:32.412, 160.96, 100, 7503
2026/09/18 04:23:33.413, 160.60, 100, 7503
2026/09/18 04:23:34.413, 159.63, 98, 7503
2026/09/18 04:23:35.413, 160.67, 100, 7503
2026/09/18 04:23:36.413, 160.25, 100, 7503
2026/09/18 04:23:37.413, 159.98, 98, 7503
2026/09/18 04:23:38.414, 160.87, 100, 7503
2026/09/18 04:23:39.414, 160.35, 100, 7503
2026/09/18 04:23:40.414, 159.99, 98, 7503
2026/09/18 04:23:41.414, 160.60, 100, 7503
2026/09/18 04:23:42.415, 160.93, 100, 7503
2026/09/18 04:23:43.415, 160.32, 99, 7503
2026/09/18 04:23:44.415, 161.37, 100, 7503
2026/09/18 04:23:45.415, 160.92, 100, 7503
2026/09/18 04:23:46.415, 160.12, 98, 7503
2026/09/18 04:23:47.424, 160.77, 100, 7503
2026/09/18 04:23:48.424, 160.80, 100, 7503
2026/09/18 04:23:49.425, 160.27, 99, 7503
2026/09/18 04:23:50.425, 161.21, 100, 7503
2026/09/18 04:23:51.425, 160.97, 100, 7503
2026/09/18 04:23:52.425, 160.28, 98, 7503
2026/09/18 04:23:53.425, 161.06, 100, 7503
2026/09/18 04:23:54.426, 160.44, 100, 7503
2026/09/18 04:23:55.426, 160.52, 99, 7503
2026/09/18 04:23:56.426, 161.21, 100, 7503
2026/09/18 04:23:57.435, 160.28, 100, 7503
2026/09/18 04:23:58.435, 160.35, 98, 7503
2026/09/18 04:23:59.435, 161.03, 100, 7503
2026/09/18 04:24:00.435, 160.60, 100, 7503
2026/09/18 04:24:01.436, 160.31, 98, 7503
2026/09/18 04:24:02.436, 161.44, 100, 7503
2026/09/18 04:24:03.436, 160.60, 100, 7503
2026/09/18 04:24:04.436, 160.40, 98, 7503
2026/09/18 04:24:05.436, 161.31, 100, 7503
2026/09/18 04:24:06.436, 160.76, 100, 7503
2026/09/18 04:24:07.437, 160.87, 99, 7503
2026/09/18 04:24:08.437, 161.49, 100, 7503
2026/09/18 04:24:09.437, 160.21, 100, 7503
2026/09/18 04:24:10.437, 160.49, 100, 7503
2026/09/18 04:24:11.437, 161.38, 100, 7503
2026/09/18 04:24:12.438, 160.86, 100, 7503
2026/09/18 04:24:13.438, 160.96, 100, 7503
2026/09/18 04:24:14.438, 161.57, 100, 7503
2026/09/18 04:24:15.438, 164.01, 99, 7503
2026/09/18 04:24:16.438, 161.12, 99, 7503
2026/09/18 04:24:17.439, 159.96, 100, 7503
2026/09/18 04:24:18.439, 159.83, 100, 7503
2026/09/18 04:24:19.440, 161.85, 100, 7503
2026/09/18 04:24:20.440, 163.62, 100, 7503
2026/09/18 04:24:21.440, 161.64, 100, 7503
2026/09/18 04:24:22.440, 159.78, 100, 7503
2026/09/18 04:24:23.440, 159.87, 100, 7503
2026/09/18 04:24:24.440, 161.52, 100, 7503
2026/09/18 04:24:25.441, 163.79, 99, 7503
2026/09/18 04:24:26.441, 162.08, 100, 7503
2026/09/18 04:24:27.441, 159.84, 99, 7503
2026/09/18 04:24:28.441, 160.12, 100, 7503
2026/09/18 04:24:29.442, 160.93, 100, 7503
2026/09/18 04:24:30.442, 163.86, 100, 7503
2026/09/18 04:24:31.442, 162.62, 100, 7503
2026/09/18 04:24:32.443, 159.95, 100, 7503
2026/09/18 04:24:33.443, 160.11, 100, 7503
2026/09/18 04:24:34.443, 160.35, 100, 7503
2026/09/18 04:24:35.443, 163.88, 99, 7503
2026/09/18 04:24:36.444, 163.27, 100, 7503
2026/09/18 04:24:37.444, 160.06, 100, 7503
2026/09/18 04:24:38.444, 159.87, 99, 7503
2026/09/18 04:24:39.444, 159.82, 98, 7503
2026/09/18 04:24:40.444, 163.31, 100, 7503
2026/09/18 04:24:41.445, 163.41, 99, 7503
2026/09/18 04:24:42.445, 159.96, 99, 7503
2026/09/18 04:24:43.445, 160.05, 100, 7503
2026/09/18 04:24:44.445, 160.03, 100, 7503
2026/09/18 04:24:45.445, 163.00, 99, 7503
2026/09/18 04:24:46.446, 163.97, 100, 7503
2026/09/18 04:24:47.446, 160.37, 100, 7503
2026/09/18 04:24:48.446, 159.93, 100, 7503
2026/09/18 04:24:49.446, 159.96, 100, 7503
2026/09/18 04:24:50.455, 162.57, 100, 7503
2026/09/18 04:24:51.455, 163.93, 100, 7503
2026/09/18 04:24:52.455, 160.79, 100, 7503
2026/09/18 04:24:53.455, 159.95, 99, 7503
2026/09/18 04:24:54.456, 160.08, 100, 7503
2026/09/18 04:24:55.456, 162.14, 99, 7503
2026/09/18 04:24:56.456, 163.93, 100, 7503
2026/09/18 04:24:57.456, 161.47, 100, 7503
2026/09/18 04:24:58.456, 159.84, 100, 7503
2026/09/18 04:24:59.457, 159.76, 100, 7503
2026/09/18 04:25:00.457, 161.83, 100, 7503
2026/09/18 04:25:01.457, 163.71, 100, 7503
2026/09/18 04:25:02.457, 161.04, 100, 7503
2026/09/18 04:25:03.457, 158.93, 100, 7503
2026/09/18 04:25:04.457, 158.79, 99, 7503
2026/09/18 04:25:05.458, 160.41, 99, 7503
2026/09/18 04:25:06.458, 163.66, 100, 7503
2026/09/18 04:25:07.458, 161.76, 99, 7503
2026/09/18 04:25:08.458, 159.21, 100, 7503
2026/09/18 04:25:09.458, 158.72, 100, 7503
2026/09/18 04:25:10.459, 159.46, 100, 7503
2026/09/18 04:25:11.459, 163.84, 99, 7503
2026/09/18 04:25:12.459, 162.84, 100, 7503
2026/09/18 04:25:13.459, 159.94, 100, 7503
2026/09/18 04:25:14.459, 159.85, 100, 7503
2026/09/18 04:25:15.459, 160.00, 98, 7503
2026/09/18 04:25:16.460, 163.75, 100, 7503
2026/09/18 04:25:17.460, 163.16, 100, 7503
2026/09/18 04:25:18.460, 159.80, 99, 7503
2026/09/18 04:25:19.460, 159.85, 100, 7503
2026/09/18 04:25:20.460, 159.89, 100, 7503
2026/09/18 04:25:21.461, 163.17, 99, 7503
2026/09/18 04:25:22.469, 163.82, 99, 7503
2026/09/18 04:25:23.469, 159.91, 100, 7503
2026/09/18 04:25:24.469, 159.89, 100, 7503
2026/09/18 04:25:25.470, 159.91, 100, 7503
2026/09/18 04:25:26.470, 163.05, 100, 7503
2026/09/18 04:25:27.478, 163.77, 100, 7503
2026/09/18 04:25:28.479, 160.36, 100, 7503
2026/09/18 04:25:29.479, 159.74, 99, 7503
2026/09/18 04:25:30.479, 159.74, 99, 7503
2026/09/18 04:25:31.479, 162.43, 100, 7503
2026/09/18 04:25:32.479, 163.74, 99, 7503
2026/09/18 04:25:33.480, 161.03, 99, 7503
2026/09/18 04:25:34.480, 159.60, 100, 7503
2026/09/18 04:25:35.480, 159.68, 100, 7503
2026/09/18 04:25:36.480, 161.49, 100, 7503
2026/09/18 04:25:37.489, 163.69, 100, 7503
2026/09/18 04:25:38.489, 161.48, 100, 7503
2026/09/18 04:25:39.489, 159.97, 100, 7503
2026/09/18 04:25:40.489, 159.79, 100, 7503
2026/09/18 04:25:41.490, 161.30, 100, 7503
2026/09/18 04:25:42.490, 163.67, 99, 7503
2026/09/18 04:25:43.490, 161.83, 100, 7503
2026/09/18 04:25:44.490, 159.87, 99, 7503
2026/09/18 04:25:45.490, 159.89, 100, 7503
2026/09/18 04:25:46.491, 125.92, 29, 7503
2026/09/18 04:25:47.491, 77.12, 100, 7503
2026/09/18 04:25:48.491, 160.31, 100, 7503
2026/09/18 04:25:49.491, 160.91, 100, 7503
2026/09/18 04:25:50.491, 159.70, 100, 7503
2026/09/18 04:25:51.492, 160.41, 100, 7503
2026/09/18 04:25:52.492, 160.26, 100, 7503
2026/09/18 04:25:53.492, 159.77, 100, 7503
2026/09/18 04:25:54.492, 160.11, 100, 7503
2026/09/18 04:25:55.492, 160.80, 100, 7503
2026/09/18 04:25:56.492, 159.82, 100, 7503
2026/09/18 04:25:57.493, 159.23, 100, 7503
2026/09/18 04:25:58.493, 161.09, 100, 7503
2026/09/18 04:25:59.493, 159.74, 100, 7503
2026/09/18 04:26:00.493, 160.52, 100, 7503
2026/09/18 04:26:01.493, 161.08, 100, 7503
2026/09/18 04:26:02.494, 159.58, 100, 7503
2026/09/18 04:26:03.494, 158.96, 100, 7503
2026/09/18 04:26:04.494, 161.00, 100, 7503
2026/09/18 04:26:05.494, 159.94, 100, 7503
2026/09/18 04:26:06.494, 160.33, 100, 7503
2026/09/18 04:26:07.495, 160.72, 100, 7503
2026/09/18 04:26:08.495, 158.75, 100, 7503
2026/09/18 04:26:09.495, 160.23, 100, 7503
2026/09/18 04:26:10.495, 160.88, 100, 7503
2026/09/18 04:26:11.495, 159.74, 100, 7503
2026/09/18 04:26:12.496, 160.65, 100, 7503
2026/09/18 04:26:13.496, 161.05, 100, 7503
2026/09/18 04:26:14.496, 160.08, 99, 7503
2026/09/18 04:26:15.496, 160.61, 100, 7503
2026/09/18 04:26:16.496, 161.15, 100, 7503
2026/09/18 04:26:17.497, 159.84, 98, 7503
2026/09/18 04:26:18.497, 160.10, 100, 7503
2026/09/18 04:26:19.497, 160.48, 100, 7503
2026/09/18 04:26:20.497, 159.09, 98, 7503
2026/09/18 04:26:21.497, 160.07, 100, 7503
2026/09/18 04:26:22.497, 160.37, 100, 7503
2026/09/18 04:26:23.498, 159.77, 98, 7503
2026/09/18 04:26:24.498, 160.37, 100, 7503
2026/09/18 04:26:25.498, 160.88, 100, 7503
2026/09/18 04:26:26.498, 158.90, 98, 7503
2026/09/18 04:26:27.499, 159.94, 100, 7503
2026/09/18 04:26:28.499, 160.33, 100, 7503
2026/09/18 04:26:29.499, 159.56, 99, 7503
2026/09/18 04:26:30.499, 160.57, 100, 7503
2026/09/18 04:26:31.499, 160.60, 100, 7503
2026/09/18 04:26:32.500, 159.20, 98, 7503
2026/09/18 04:26:33.508, 161.08, 100, 7503
2026/09/18 04:26:34.509, 160.87, 100, 7503
2026/09/18 04:26:35.509, 159.80, 99, 7503
2026/09/18 04:26:36.509, 160.66, 100, 7503
2026/09/18 04:26:37.509, 161.01, 100, 7503
2026/09/18 04:26:38.518, 159.61, 98, 7503
2026/09/18 04:26:39.518, 161.34, 100, 7503
2026/09/18 04:26:40.518, 161.18, 100, 7503
2026/09/18 04:26:41.519, 160.04, 99, 7503
2026/09/18 04:26:42.519, 160.77, 100, 7503
2026/09/18 04:26:43.519, 160.36, 100, 7503
2026/09/18 04:26:44.519, 159.79, 98, 7503
2026/09/18 04:26:45.520, 160.47, 100, 7503
2026/09/18 04:26:46.520, 160.77, 100, 7503
2026/09/18 04:26:47.520, 159.80, 99, 7503
2026/09/18 04:26:48.520, 160.66, 100, 7503
2026/09/18 04:26:49.520, 160.36, 100, 7503
2026/09/18 04:26:50.521, 159.61, 98, 7503
2026/09/18 04:26:51.521, 160.99, 100, 7503
2026/09/18 04:26:52.521, 160.75, 100, 7503
2026/09/18 04:26:53.521, 160.20, 99, 7503
2026/09/18 04:26:54.522, 160.88, 100, 7503
2026/09/18 04:26:55.522, 160.78, 100, 7503
2026/09/18 04:26:56.522, 159.89, 98, 7503
2026/09/18 04:26:57.522, 161.05, 100, 7503
2026/09/18 04:26:58.531, 160.18, 100, 7503
2026/09/18 04:26:59.531, 159.73, 99, 7503
2026/09/18 04:27:00.531, 161.05, 100, 7503
2026/09/18 04:27:01.531, 160.53, 100, 7503
2026/09/18 04:27:02.532, 159.89, 98, 7503
2026/09/18 04:27:03.540, 160.55, 100, 7503
2026/09/18 04:27:04.541, 160.17, 100, 7503
2026/09/18 04:27:05.541, 160.07, 99, 7503
2026/09/18 04:27:06.541, 160.96, 100, 7503
2026/09/18 04:27:07.541, 160.41, 100, 7503
2026/09/18 04:27:08.541, 159.57, 98, 7503
2026/09/18 04:27:09.542, 161.12, 100, 7503
2026/09/18 04:27:10.542, 160.08, 100, 7503
2026/09/18 04:27:11.542, 160.06, 99, 7503
2026/09/18 04:27:12.542, 160.72, 100, 7503
2026/09/18 04:27:13.551, 160.29, 100, 7503
2026/09/18 04:27:14.551, 159.96, 98, 7503
2026/09/18 04:27:15.551, 160.66, 100, 7503
2026/09/18 04:27:16.551, 160.06, 100, 7503
2026/09/18 04:27:17.552, 160.18, 98, 7503
2026/09/18 04:27:18.560, 161.10, 100, 7503
2026/09/18 04:27:19.561, 160.14, 100, 7503
2026/09/18 04:27:20.561, 160.12, 98, 7503
2026/09/18 04:27:21.561, 161.07, 100, 7503
2026/09/18 04:27:22.561, 160.42, 100, 7503
2026/09/18 04:27:23.561, 160.11, 100, 7503
2026/09/18 04:27:24.561, 161.27, 100, 7503
2026/09/18 04:27:25.562, 160.16, 100, 7503
2026/09/18 04:27:26.562, 159.78, 100, 7503
2026/09/18 04:27:27.562, 161.21, 100, 7503
2026/09/18 04:27:28.562, 160.07, 100, 7503
2026/09/18 04:27:29.562, 160.32, 100, 7503
2026/09/18 04:27:30.563, 161.30, 100, 7503
2026/09/18 04:27:31.563, 159.97, 100, 7503
2026/09/18 04:27:32.563, 159.96, 100, 7503
2026/09/18 04:27:33.572, 161.36, 100, 7503
2026/09/18 04:27:34.572, 159.91, 100, 7503
2026/09/18 04:27:35.572, 160.13, 100, 7503
2026/09/18 04:27:36.572, 161.34, 100, 7503
2026/09/18 04:27:37.573, 159.74, 100, 7503
2026/09/18 04:27:38.573, 160.23, 100, 7503
2026/09/18 04:27:39.573, 160.60, 100, 7503
2026/09/18 04:27:40.573, 160.06, 100, 7503
2026/09/18 04:27:41.573, 160.82, 100, 7503
2026/09/18 04:27:42.574, 161.17, 100, 7503
2026/09/18 04:27:43.582, 159.74, 100, 7503
2026/09/18 04:27:44.582, 160.15, 100, 7503
2026/09/18 04:27:45.583, 160.99, 100, 7503
2026/09/18 04:27:46.583, 159.93, 100, 7503
2026/09/18 04:27:47.583, 160.58, 100, 7503
2026/09/18 04:27:48.592, 160.92, 100, 7503
2026/09/18 04:27:49.592, 159.89, 99, 7503
2026/09/18 04:27:50.592, 160.44, 100, 7503
2026/09/18 04:27:51.592, 161.20, 100, 7503
2026/09/18 04:27:52.592, 159.63, 99, 7503
2026/09/18 04:27:53.593, 160.38, 100, 7503
2026/09/18 04:27:54.593, 160.33, 100, 7503
2026/09/18 04:27:55.593, 159.11, 98, 7503
2026/09/18 04:27:56.593, 160.26, 100, 7503
2026/09/18 04:27:57.594, 160.51, 100, 7503
2026/09/18 04:27:58.594, 159.50, 99, 7503
2026/09/18 04:27:59.594, 160.53, 100, 7503
2026/09/18 04:28:00.594, 161.17, 100, 7503
2026/09/18 04:28:01.594, 159.36, 98, 7503
2026/09/18 04:28:02.595, 160.40, 100, 7503
2026/09/18 04:28:03.603, 160.41, 100, 7503
2026/09/18 04:28:04.604, 159.54, 99, 7503
2026/09/18 04:28:05.604, 160.42, 100, 7503
2026/09/18 04:28:06.604, 160.34, 100, 7503
2026/09/18 04:28:07.604, 159.35, 98, 7503
2026/09/18 04:28:08.604, 160.22, 100, 7503
2026/09/18 04:28:09.605, 160.33, 100, 7503
2026/09/18 04:28:10.605, 159.72, 99, 7503
2026/09/18 04:28:11.605, 160.70, 100, 7503
2026/09/18 04:28:12.605, 160.20, 100, 7503
2026/09/18 04:28:13.605, 159.52, 98, 7503
2026/09/18 04:28:14.606, 160.30, 100, 7503
2026/09/18 04:28:15.606, 160.71, 100, 7503
2026/09/18 04:28:16.606, 159.80, 99, 7503
2026/09/18 04:28:17.606, 161.09, 100, 7503
2026/09/18 04:28:18.607, 160.82, 100, 7503
2026/09/18 04:28:19.607, 159.49, 98, 7503
2026/09/18 04:28:20.607, 160.40, 100, 7503
2026/09/18 04:28:21.607, 160.30, 100, 7503
2026/09/18 04:28:22.607, 161.11, 99, 7503
2026/09/18 04:28:23.608, 163.53, 100, 7503
2026/09/18 04:28:24.608, 158.73, 100, 7503
2026/09/18 04:28:25.608, 158.54, 100, 7503
2026/09/18 04:28:26.608, 158.46, 99, 7503
2026/09/18 04:28:27.608, 161.54, 100, 7503
2026/09/18 04:28:28.617, 163.38, 99, 7503
2026/09/18 04:28:29.617, 160.52, 100, 7503
2026/09/18 04:28:30.617, 159.77, 99, 7503
2026/09/18 04:28:31.618, 159.80, 100, 7503
2026/09/18 04:28:32.618, 161.90, 99, 7503
2026/09/18 04:28:33.618, 163.43, 100, 7503
2026/09/18 04:28:34.618, 160.87, 100, 7503
2026/09/18 04:28:35.618, 159.76, 100, 7503
2026/09/18 04:28:36.618, 159.73, 100, 7503
2026/09/18 04:28:37.619, 161.38, 100, 7503
2026/09/18 04:28:38.619, 163.45, 99, 7503
2026/09/18 04:28:39.619, 161.64, 100, 7503
2026/09/18 04:28:40.619, 159.84, 100, 7503
2026/09/18 04:28:41.619, 159.59, 99, 7503
2026/09/18 04:28:42.620, 160.88, 99, 7503
2026/09/18 04:28:43.620, 163.39, 100, 7503
2026/09/18 04:28:44.620, 161.51, 99, 7503
2026/09/18 04:28:45.620, 159.52, 100, 7503
2026/09/18 04:28:46.620, 159.56, 100, 7503
2026/09/18 04:28:47.621, 160.50, 100, 7503
2026/09/18 04:28:48.629, 163.37, 99, 7503
2026/09/18 04:28:49.629, 162.66, 100, 7503
2026/09/18 04:28:50.630, 159.67, 100, 7503
2026/09/18 04:28:51.630, 159.82, 100, 7503
2026/09/18 04:28:52.630, 159.99, 98, 7503
2026/09/18 04:28:53.639, 163.47, 100, 7503
2026/09/18 04:28:54.639, 163.38, 100, 7503
2026/09/18 04:28:55.639, 159.99, 99, 7503
2026/09/18 04:28:56.639, 159.96, 100, 7503
2026/09/18 04:28:57.640, 159.84, 100, 7503
2026/09/18 04:28:58.640, 163.13, 100, 7503
2026/09/18 04:28:59.640, 163.50, 99, 7503
2026/09/18 04:29:00.640, 159.95, 100, 7503
2026/09/18 04:29:01.640, 159.68, 100, 7503
2026/09/18 04:29:02.641, 159.72, 100, 7503
2026/09/18 04:29:03.641, 163.41, 100, 7503
2026/09/18 04:29:04.641, 164.19, 100, 7503
2026/09/18 04:29:05.641, 160.69, 100, 7503
2026/09/18 04:29:06.641, 159.65, 99, 7503
2026/09/18 04:29:07.642, 159.60, 99, 7503
2026/09/18 04:29:08.642, 162.46, 100, 7503
2026/09/18 04:29:09.642, 163.57, 99, 7503
2026/09/18 04:29:10.642, 160.67, 99, 7503
2026/09/18 04:29:11.643, 159.79, 100, 7503
2026/09/18 04:29:12.643, 159.88, 100, 7503
2026/09/18 04:29:13.643, 161.69, 100, 7503
2026/09/18 04:29:14.643, 163.34, 100, 7503
2026/09/18 04:29:15.644, 161.05, 100, 7503
2026/09/18 04:29:16.644, 159.80, 100, 7503
2026/09/18 04:29:17.644, 159.62, 100, 7503
2026/09/18 04:29:18.653, 161.40, 100, 7503
2026/09/18 04:29:19.653, 163.93, 99, 7503
2026/09/18 04:29:20.653, 161.64, 100, 7503
2026/09/18 04:29:21.653, 159.74, 99, 7503
2026/09/18 04:29:22.653, 159.77, 100, 7503
2026/09/18 04:29:23.662, 160.59, 100, 7503
2026/09/18 04:29:24.662, 163.48, 100, 7503
2026/09/18 04:29:25.662, 162.40, 100, 7503
2026/09/18 04:29:26.663, 159.93, 100, 7503
2026/09/18 04:29:27.663, 159.90, 100, 7503
2026/09/18 04:29:28.663, 160.17, 100, 7503
2026/09/18 04:29:29.663, 163.40, 99, 7503
2026/09/18 04:29:30.663, 162.93, 100, 7503
2026/09/18 04:29:31.664, 159.92, 100, 7503
2026/09/18 04:29:32.664, 159.87, 99, 7503
2026/09/18 04:29:33.664, 159.79, 100, 7503
2026/09/18 04:29:34.664, 164.61, 100, 7503
2026/09/18 04:29:35.664, 164.13, 99, 7503
2026/09/18 04:29:36.665, 159.90, 99, 7503
2026/09/18 04:29:37.665, 159.94, 100, 7503
2026/09/18 04:29:38.665, 159.90, 100, 7503
2026/09/18 04:29:39.665, 162.66, 99, 7503
2026/09/18 04:29:40.665, 163.63, 100, 7503
2026/09/18 04:29:41.666, 160.17, 100, 7503
2026/09/18 04:29:42.666, 160.00, 100, 7503
2026/09/18 04:29:43.666, 159.89, 99, 7503
2026/09/18 04:29:44.666, 163.00, 100, 7503
2026/09/18 04:29:45.666, 163.70, 99, 7503
2026/09/18 04:29:46.667, 160.72, 100, 7503
2026/09/18 04:29:47.667, 159.93, 99, 7503
2026/09/18 04:29:48.667, 159.90, 100, 7503
2026/09/18 04:29:49.667, 161.83, 99, 7503
2026/09/18 04:29:50.667, 163.55, 100, 7503
2026/09/18 04:29:51.668, 161.32, 100, 7503
2026/09/18 04:29:52.676, 159.77, 100, 7503
2026/09/18 04:29:53.676, 160.11, 100, 7503
2026/09/18 04:29:54.677, 106.16, 0, 7503
2026/09/18 04:29:55.677, 101.11, 100, 7503
2026/09/18 04:29:56.677, 160.84, 100, 7503
2026/09/18 04:29:57.686, 160.18, 99, 7503
2026/09/18 04:29:58.686, 160.78, 100, 7503
2026/09/18 04:29:59.686, 160.27, 100, 7503
2026/09/18 04:30:00.686, 159.91, 98, 7503
2026/09/18 04:30:01.687, 160.54, 100, 7503
2026/09/18 04:30:02.687, 160.33, 100, 7503
2026/09/18 04:30:03.687, 160.11, 99, 7503
2026/09/18 04:30:04.687, 160.89, 100, 7503
2026/09/18 04:30:05.687, 160.32, 100, 7503
2026/09/18 04:30:06.688, 158.80, 98, 7503
2026/09/18 04:30:07.688, 160.68, 100, 7503
2026/09/18 04:30:08.688, 160.71, 100, 7503
2026/09/18 04:30:09.688, 160.10, 99, 7503
2026/09/18 04:30:10.688, 161.16, 100, 7503
2026/09/18 04:30:11.689, 160.84, 100, 7503
2026/09/18 04:30:12.689, 159.74, 98, 7503
2026/09/18 04:30:13.689, 161.27, 100, 7503
2026/09/18 04:30:14.689, 160.52, 100, 7503
2026/09/18 04:30:15.689, 160.36, 99, 7503
2026/09/18 04:30:16.690, 160.19, 100, 7503
2026/09/18 04:30:17.690, 160.34, 100, 7503
2026/09/18 04:30:18.690, 160.04, 98, 7503
2026/09/18 04:30:19.690, 160.78, 100, 7503
2026/09/18 04:30:20.691, 160.14, 100, 7503
2026/09/18 04:30:21.691, 159.70, 99, 7503
2026/09/18 04:30:22.691, 161.22, 100, 7503
2026/09/18 04:30:23.691, 160.47, 100, 7503
2026/09/18 04:30:24.691, 160.14, 98, 7503
2026/09/18 04:30:25.692, 160.70, 100, 7503
2026/09/18 04:30:26.692, 160.50, 100, 7503
2026/09/18 04:30:27.692, 160.62, 99, 7503
2026/09/18 04:30:28.692, 161.00, 100, 7503
2026/09/18 04:30:29.692, 160.05, 100, 7503
2026/09/18 04:30:30.693, 160.18, 98, 7503
2026/09/18 04:30:31.693, 160.82, 100, 7503
2026/09/18 04:30:32.693, 160.63, 100, 7503
2026/09/18 04:30:33.693, 160.60, 99, 7503
2026/09/18 04:30:34.693, 161.44, 100, 7503
2026/09/18 04:30:35.694, 160.10, 100, 7503
2026/09/18 04:30:36.694, 159.29, 99, 7503
2026/09/18 04:30:37.694, 161.09, 100, 7503
2026/09/18 04:30:38.694, 160.14, 100, 7503
2026/09/18 04:30:39.694, 160.23, 100, 7503
2026/09/18 04:30:40.695, 161.16, 100, 7503
2026/09/18 04:30:41.695, 160.29, 100, 7503
2026/09/18 04:30:42.695, 159.86, 100, 7503
2026/09/18 04:30:43.695, 161.13, 100, 7503
2026/09/18 04:30:44.695, 160.14, 100, 7503
2026/09/18 04:30:45.696, 160.76, 100, 7503
2026/09/18 04:30:46.696, 161.50, 100, 7503
2026/09/18 04:30:47.696, 159.94, 100, 7503
2026/09/18 04:30:48.696, 160.11, 100, 7503
2026/09/18 04:30:49.696, 161.21, 100, 7503
2026/09/18 04:30:50.697, 160.09, 100, 7503
2026/09/18 04:30:51.697, 160.40, 100, 7503
2026/09/18 04:30:52.697, 160.16, 100, 7503
2026/09/18 04:30:53.697, 160.51, 100, 7503
2026/09/18 04:30:54.697, 160.38, 100, 7503
2026/09/18 04:30:55.698, 161.66, 100, 7503
2026/09/18 04:30:56.698, 159.81, 100, 7503
2026/09/18 04:30:57.698, 159.48, 100, 7503
2026/09/18 04:30:58.698, 161.66, 100, 7503
2026/09/18 04:30:59.698, 160.40, 100, 7503
2026/09/18 04:31:00.699, 160.61, 100, 7503
2026/09/18 04:31:01.699, 161.51, 100, 7503
2026/09/18 04:31:02.699, 160.01, 100, 7503
2026/09/18 04:31:03.699, 160.52, 100, 7503
2026/09/18 04:31:04.699, 160.93, 100, 7503
2026/09/18 04:31:05.700, 160.22, 100, 7503
2026/09/18 04:31:06.700, 160.64, 100, 7503
2026/09/18 04:31:07.707, 160.98, 100, 7503
2026/09/18 04:31:08.707, 160.13, 100, 7503
2026/09/18 04:31:09.708, 160.29, 100, 7503
2026/09/18 04:31:10.708, 161.03, 100, 7503
2026/09/18 04:31:11.708, 160.12, 99, 7503
2026/09/18 04:31:12.708, 160.17, 100, 7503
2026/09/18 04:31:13.709, 161.41, 100, 7503
2026/09/18 04:31:14.709, 159.85, 99, 7503
2026/09/18 04:31:15.709, 161.39, 100, 7503
2026/09/18 04:31:16.709, 161.03, 100, 7503
2026/09/18 04:31:17.709, 159.56, 98, 7503
2026/09/18 04:31:18.710, 161.31, 100, 7503
2026/09/18 04:31:19.710, 160.71, 100, 7503
2026/09/18 04:31:20.710, 159.81, 98, 7503
2026/09/18 04:31:21.710, 160.65, 100, 7503
2026/09/18 04:31:22.719, 161.15, 100, 7503
2026/09/18 04:31:23.719, 159.73, 98, 7503
2026/09/18 04:31:24.719, 161.37, 100, 7503
2026/09/18 04:31:25.720, 161.10, 100, 7503
2026/09/18 04:31:26.720, 159.77, 99, 7503
2026/09/18 04:31:27.729, 160.84, 100, 7503
2026/09/18 04:31:28.729, 160.79, 100, 7503
2026/09/18 04:31:29.729, 159.93, 98, 7503
2026/09/18 04:31:30.729, 161.46, 100, 7503
2026/09/18 04:31:31.729, 160.61, 100, 7503
2026/09/18 04:31:32.738, 160.12, 99, 7503
2026/09/18 04:31:33.738, 161.33, 100, 7503
2026/09/18 04:31:34.739, 160.49, 100, 7503
2026/09/18 04:31:35.739, 159.71, 98, 7503
2026/09/18 04:31:36.739, 160.76, 100, 7503
2026/09/18 04:31:37.748, 160.85, 100, 7503
2026/09/18 04:31:38.748, 160.46, 99, 7503
2026/09/18 04:31:39.748, 161.36, 100, 7503
2026/09/18 04:31:40.749, 160.65, 100, 7503
2026/09/18 04:31:41.749, 159.83, 98, 7503
2026/09/18 04:31:42.758, 161.35, 100, 7503
2026/09/18 04:31:43.758, 160.53, 100, 7503
2026/09/18 04:31:44.758, 160.17, 99, 7503
2026/09/18 04:31:45.758, 161.15, 100, 7503
2026/09/18 04:31:46.758, 160.78, 100, 7503
2026/09/18 04:31:47.767, 159.95, 98, 7503
2026/09/18 04:31:48.767, 160.85, 100, 7503
2026/09/18 04:31:49.767, 160.93, 100, 7503
2026/09/18 04:31:50.768, 160.19, 98, 7503
2026/09/18 04:31:51.768, 161.30, 100, 7503
2026/09/18 04:31:52.768, 160.31, 100, 7503
2026/09/18 04:31:53.768, 159.85, 98, 7503
2026/09/18 04:31:54.769, 160.97, 100, 7503
2026/09/18 04:31:55.769, 160.33, 100, 7503
2026/09/18 04:31:56.769, 160.55, 98, 7503
2026/09/18 04:31:57.778, 161.25, 100, 7503
2026/09/18 04:31:58.778, 160.58, 100, 7503
2026/09/18 04:31:59.778, 159.86, 98, 7503
2026/09/18 04:32:00.778, 161.47, 100, 7503
2026/09/18 04:32:01.779, 160.98, 100, 7503
2026/09/18 04:32:02.779, 160.88, 99, 7503
2026/09/18 04:32:03.779, 161.60, 100, 7503
2026/09/18 04:32:04.779, 160.50, 100, 7503
2026/09/18 04:32:05.779, 160.55, 98, 7503
2026/09/18 04:32:06.780, 161.05, 100, 7503
2026/09/18 04:32:07.780, 160.91, 100, 7503
2026/09/18 04:32:08.780, 160.99, 100, 7503
2026/09/18 04:32:09.780, 161.21, 100, 7503
2026/09/18 04:32:10.781, 160.35, 100, 7503
2026/09/18 04:32:11.781, 160.55, 100, 7503
2026/09/18 04:32:12.781, 161.56, 100, 7503
2026/09/18 04:32:13.781, 160.43, 100, 7503
2026/09/18 04:32:14.781, 160.89, 100, 7503
2026/09/18 04:32:15.782, 161.61, 100, 7503
2026/09/18 04:32:16.782, 160.61, 100, 7503
2026/09/18 04:32:17.782, 160.35, 100, 7503
2026/09/18 04:32:18.782, 161.05, 100, 7503
2026/09/18 04:32:19.783, 160.20, 100, 7503
2026/09/18 04:32:20.783, 160.70, 100, 7503
2026/09/18 04:32:21.783, 161.18, 100, 7503
2026/09/18 04:32:22.783, 160.16, 100, 7503
2026/09/18 04:32:23.784, 159.17, 100, 7503
2026/09/18 04:32:24.784, 161.66, 100, 7503
2026/09/18 04:32:25.784, 160.17, 100, 7503
2026/09/18 04:32:26.784, 160.54, 100, 7503
2026/09/18 04:32:27.784, 161.18, 100, 7503
2026/09/18 04:32:28.785, 159.57, 100, 7503
2026/09/18 04:32:29.785, 160.88, 100, 7503
2026/09/18 04:32:30.785, 161.89, 100, 7503
2026/09/18 04:32:31.785, 163.78, 99, 7503
2026/09/18 04:32:32.785, 160.50, 99, 7503
2026/09/18 04:32:33.786, 160.10, 100, 7503
2026/09/18 04:32:34.786, 159.97, 100, 7503
2026/09/18 04:32:35.786, 161.76, 100, 7503
2026/09/18 04:32:36.786, 163.51, 100, 7503
2026/09/18 04:32:37.786, 161.12, 100, 7503
2026/09/18 04:32:38.787, 158.94, 100, 7503
2026/09/18 04:32:39.787, 159.62, 100, 7503
2026/09/18 04:32:40.787, 161.28, 100, 7503
2026/09/18 04:32:41.787, 163.62, 99, 7503
2026/09/18 04:32:42.787, 161.54, 100, 7503
2026/09/18 04:32:43.788, 159.32, 99, 7503
2026/09/18 04:32:44.796, 159.49, 100, 7503
2026/09/18 04:32:45.796, 160.13, 100, 7503
2026/09/18 04:32:46.797, 163.29, 100, 7503
2026/09/18 04:32:47.797, 161.79, 100, 7503
2026/09/18 04:32:48.797, 159.52, 100, 7503
2026/09/18 04:32:49.806, 159.75, 100, 7503
2026/09/18 04:32:50.806, 161.75, 99, 7503
2026/09/18 04:32:51.806, 163.57, 100, 7503
2026/09/18 04:32:52.806, 160.45, 100, 7503
2026/09/18 04:32:53.806, 159.46, 100, 7503
2026/09/18 04:32:54.815, 159.60, 100, 7503
2026/09/18 04:32:55.815, 161.34, 100, 7503
2026/09/18 04:32:56.815, 163.59, 100, 7503
2026/09/18 04:32:57.816, 161.31, 100, 7503
2026/09/18 04:32:58.816, 159.52, 100, 7503
2026/09/18 04:32:59.816, 159.61, 99, 7503
2026/09/18 04:33:00.816, 160.79, 99, 7503
2026/09/18 04:33:01.816, 163.61, 100, 7503
2026/09/18 04:33:02.817, 161.42, 99, 7503
2026/09/18 04:33:03.817, 158.49, 100, 7503
2026/09/18 04:33:04.817, 158.37, 100, 7503
2026/09/18 04:33:05.817, 159.01, 100, 7503
2026/09/18 04:33:06.817, 163.37, 99, 7503
2026/09/18 04:33:07.818, 162.51, 100, 7503
2026/09/18 04:33:08.818, 159.32, 100, 7503
2026/09/18 04:33:09.827, 159.52, 100, 7503
2026/09/18 04:33:10.827, 159.49, 98, 7503
2026/09/18 04:33:11.827, 163.07, 100, 7503
2026/09/18 04:33:12.827, 162.95, 100, 7503
2026/09/18 04:33:13.827, 158.75, 99, 7503
2026/09/18 04:33:14.828, 159.58, 100, 7503
2026/09/18 04:33:15.828, 159.67, 100, 7503
2026/09/18 04:33:16.828, 162.85, 99, 7503
2026/09/18 04:33:17.828, 163.57, 100, 7503
2026/09/18 04:33:18.829, 159.66, 100, 7503
2026/09/18 04:33:19.829, 159.78, 100, 7503
2026/09/18 04:33:20.829, 159.61, 100, 7503
2026/09/18 04:33:21.829, 162.48, 100, 7503
2026/09/18 04:33:22.829, 163.65, 100, 7503
2026/09/18 04:33:23.830, 160.76, 100, 7503
2026/09/18 04:33:24.838, 159.57, 99, 7503
2026/09/18 04:33:25.838, 159.65, 100, 7503
2026/09/18 04:33:26.839, 161.85, 99, 7503
2026/09/18 04:33:27.839, 163.64, 100, 7503
2026/09/18 04:33:28.839, 160.97, 100, 7503
2026/09/18 04:33:29.848, 159.65, 100, 7503
2026/09/18 04:33:30.848, 159.37, 100, 7503
2026/09/18 04:33:31.848, 161.27, 100, 7503
2026/09/18 04:33:32.848, 163.77, 100, 7503
2026/09/18 04:33:33.848, 161.22, 100, 7503
2026/09/18 04:33:34.857, 159.01, 100, 7503
2026/09/18 04:33:35.857, 158.83, 99, 7503
2026/09/18 04:33:36.858, 159.88, 99, 7503
2026/09/18 04:33:37.858, 163.63, 100, 7503
2026/09/18 04:33:38.858, 161.98, 99, 7503
2026/09/18 04:33:39.867, 159.45, 100, 7503
2026/09/18 04:33:40.867, 159.59, 100, 7503
2026/09/18 04:33:41.867, 160.22, 100, 7503
2026/09/18 04:33:42.867, 163.60, 99, 7503
2026/09/18 04:33:43.868, 162.65, 100, 7503
2026/09/18 04:33:44.868, 158.49, 100, 7503
2026/09/18 04:33:45.868, 158.53, 99, 7503
2026/09/18 04:33:46.868, 158.46, 98, 7503
2026/09/18 04:33:47.868, 163.03, 100, 7503
2026/09/18 04:33:48.869, 163.27, 99, 7503
2026/09/18 04:33:49.869, 159.70, 99, 7503
2026/09/18 04:33:50.869, 159.71, 100, 7503
2026/09/18 04:33:51.869, 159.38, 100, 7503
2026/09/18 04:33:52.869, 163.05, 99, 7503
2026/09/18 04:33:53.870, 163.82, 100, 7503
2026/09/18 04:33:54.870, 159.56, 100, 7503
2026/09/18 04:33:55.870, 159.72, 100, 7503
2026/09/18 04:33:56.870, 159.63, 99, 7503
2026/09/18 04:33:57.870, 162.40, 100, 7503
2026/09/18 04:33:58.870, 163.52, 99, 7503
2026/09/18 04:33:59.871, 160.00, 99, 7503
2026/09/18 04:34:00.871, 159.52, 99, 7503
2026/09/18 04:34:01.871, 159.50, 100, 7503
2026/09/18 04:34:02.871, 91.47, 0, 7503
2026/09/18 04:34:03.871, 124.12, 100, 7503
2026/09/18 04:34:04.872, 159.70, 99, 7503
2026/09/18 04:34:05.872, 160.74, 100, 7503
2026/09/18 04:34:06.872, 160.67, 100, 7503
2026/09/18 04:34:07.872, 159.74, 98, 7503
2026/09/18 04:34:08.872, 161.21, 100, 7503
2026/09/18 04:34:09.873, 160.70, 100, 7503
2026/09/18 04:34:10.873, 159.95, 99, 7503
2026/09/18 04:34:11.873, 160.77, 100, 7503
2026/09/18 04:34:12.873, 160.65, 100, 7503
2026/09/18 04:34:13.873, 159.79, 98, 7503
2026/09/18 04:34:14.874, 160.75, 100, 7503
2026/09/18 04:34:15.874, 161.08, 100, 7503
2026/09/18 04:34:16.874, 160.43, 99, 7503
2026/09/18 04:34:17.874, 161.22, 100, 7503
2026/09/18 04:34:18.874, 160.80, 100, 7503
2026/09/18 04:34:19.875, 159.89, 98, 7503
2026/09/18 04:34:20.875, 160.74, 100, 7503
2026/09/18 04:34:21.875, 160.92, 100, 7503
2026/09/18 04:34:22.875, 160.28, 99, 7503
2026/09/18 04:34:23.875, 161.10, 100, 7503
2026/09/18 04:34:24.876, 160.51, 100, 7503
2026/09/18 04:34:25.876, 159.77, 98, 7503
2026/09/18 04:34:26.876, 161.03, 100, 7503
2026/09/18 04:34:27.876, 161.00, 100, 7503
2026/09/18 04:34:28.876, 160.22, 99, 7503
2026/09/18 04:34:29.877, 161.50, 100, 7503
2026/09/18 04:34:30.877, 160.79, 100, 7503
2026/09/18 04:34:31.877, 160.10, 98, 7503
2026/09/18 04:34:32.877, 161.00, 100, 7503
2026/09/18 04:34:33.877, 160.23, 100, 7503
2026/09/18 04:34:34.878, 160.47, 98, 7503
2026/09/18 04:34:35.878, 161.06, 100, 7503
2026/09/18 04:34:36.878, 160.68, 100, 7503
2026/09/18 04:34:37.878, 159.15, 98, 7503
2026/09/18 04:34:38.879, 161.04, 100, 7503
2026/09/18 04:34:39.879, 160.59, 100, 7503
2026/09/18 04:34:40.879, 160.04, 99, 7503
2026/09/18 04:34:41.879, 161.23, 100, 7503
2026/09/18 04:34:42.879, 160.59, 100, 7503
2026/09/18 04:34:43.880, 160.00, 98, 7503
2026/09/18 04:34:44.880, 160.73, 100, 7503
2026/09/18 04:34:45.880, 160.60, 100, 7503
2026/09/18 04:34:46.880, 160.44, 98, 7503
2026/09/18 04:34:47.881, 161.09, 100, 7503
2026/09/18 04:34:48.881, 160.70, 100, 7503
2026/09/18 04:34:49.881, 160.24, 98, 7503
2026/09/18 04:34:50.881, 160.91, 100, 7503
2026/09/18 04:34:51.881, 160.92, 100, 7503
2026/09/18 04:34:52.882, 160.18, 99, 7503
2026/09/18 04:34:53.882, 161.29, 100, 7503
2026/09/18 04:34:54.882, 160.27, 100, 7503
2026/09/18 04:34:55.882, 160.22, 100, 7503
2026/09/18 04:34:56.883, 161.33, 100, 7503
2026/09/18 04:34:57.891, 160.36, 100, 7503
2026/09/18 04:34:58.891, 160.50, 100, 7503
2026/09/18 04:34:59.892, 161.65, 100, 7503
2026/09/18 04:35:00.892, 160.64, 100, 7503
2026/09/18 04:35:01.892, 160.46, 100, 7503
2026/09/18 04:35:02.892, 161.56, 100, 7503
2026/09/18 04:35:03.893, 160.52, 100, 7503
2026/09/18 04:35:04.893, 160.57, 100, 7503
2026/09/18 04:35:05.893, 161.60, 100, 7503
2026/09/18 04:35:06.893, 159.85, 100, 7503
2026/09/18 04:35:07.893, 159.29, 100, 7503
2026/09/18 04:35:08.894, 161.63, 100, 7503
2026/09/18 04:35:09.894, 160.81, 100, 7503
2026/09/18 04:35:10.894, 160.57, 100, 7503
2026/09/18 04:35:11.894, 161.41, 100, 7503
2026/09/18 04:35:12.894, 160.04, 100, 7503
2026/09/18 04:35:13.895, 160.51, 100, 7503
2026/09/18 04:35:14.895, 161.45, 100, 7503
2026/09/18 04:35:15.895, 160.05, 100, 7503
2026/09/18 04:35:16.895, 160.83, 100, 7503
2026/09/18 04:35:17.896, 160.83, 100, 7503
2026/09/18 04:35:18.896, 160.27, 100, 7503
2026/09/18 04:35:19.896, 160.23, 100, 7503
2026/09/18 04:35:20.896, 161.03, 100, 7503
2026/09/18 04:35:21.896, 160.16, 100, 7503
2026/09/18 04:35:22.897, 161.10, 100, 7503
2026/09/18 04:35:23.897, 161.11, 100, 7503
2026/09/18 04:35:24.897, 159.92, 98, 7503
2026/09/18 04:35:25.897, 161.16, 100, 7503
2026/09/18 04:35:26.897, 161.57, 100, 7503
2026/09/18 04:35:27.898, 159.13, 98, 7503
2026/09/18 04:35:28.898, 160.59, 100, 7503
2026/09/18 04:35:29.898, 160.77, 100, 7503
2026/09/18 04:35:30.898, 159.43, 98, 7503
2026/09/18 04:35:31.898, 160.25, 100, 7503
2026/09/18 04:35:32.899, 159.58, 100, 7503
2026/09/18 04:35:33.899, 159.82, 99, 7503
2026/09/18 04:35:34.899, 160.57, 100, 7503
2026/09/18 04:35:35.899, 161.02, 100, 7503
2026/09/18 04:35:36.899, 159.53, 98, 7503
2026/09/18 04:35:37.900, 160.26, 100, 7503
2026/09/18 04:35:38.900, 160.99, 100, 7503
2026/09/18 04:35:39.900, 160.12, 99, 7503
2026/09/18 04:35:40.900, 161.38, 100, 7503
2026/09/18 04:35:41.901, 161.30, 100, 7503
2026/09/18 04:35:42.901, 159.34, 90, 7503
2026/09/18 04:35:43.901, 160.31, 100, 7503
2026/09/18 04:35:44.901, 161.27, 100, 7503
2026/09/18 04:35:45.901, 159.81, 99, 7503
2026/09/18 04:35:46.902, 160.53, 100, 7503
2026/09/18 04:35:47.902, 160.68, 100, 7503
2026/09/18 04:35:48.902, 158.89, 98, 7503
2026/09/18 04:35:49.902, 160.38, 100, 7503
2026/09/18 04:35:50.902, 160.88, 100, 7503
2026/09/18 04:35:51.903, 159.87, 98, 7503
2026/09/18 04:35:52.903, 160.69, 100, 7503
2026/09/18 04:35:53.903, 160.76, 100, 7503
2026/09/18 04:35:54.903, 159.51, 98, 7503
2026/09/18 04:35:55.904, 160.40, 100, 7503
2026/09/18 04:35:56.904, 160.80, 100, 7503
2026/09/18 04:35:57.904, 160.01, 99, 7503
2026/09/18 04:35:58.904, 161.27, 100, 7503
2026/09/18 04:35:59.904, 160.48, 100, 7503
2026/09/18 04:36:00.905, 159.43, 98, 7503
2026/09/18 04:36:01.905, 160.45, 100, 7503
2026/09/18 04:36:02.905, 160.79, 100, 7503
2026/09/18 04:36:03.914, 159.91, 99, 7503
2026/09/18 04:36:04.914, 160.76, 100, 7503
2026/09/18 04:36:05.914, 161.02, 100, 7503
2026/09/18 04:36:06.914, 159.71, 98, 7503
2026/09/18 04:36:07.915, 160.41, 100, 7503
2026/09/18 04:36:08.923, 160.64, 100, 7503
2026/09/18 04:36:09.923, 160.18, 99, 7503
2026/09/18 04:36:10.924, 161.08, 100, 7503
2026/09/18 04:36:11.924, 160.65, 100, 7503
2026/09/18 04:36:12.924, 159.79, 98, 7503
2026/09/18 04:36:13.924, 160.65, 100, 7503
2026/09/18 04:36:14.924, 160.66, 100, 7503
2026/09/18 04:36:15.925, 160.34, 99, 7503
2026/09/18 04:36:16.925, 161.22, 100, 7503
2026/09/18 04:36:17.925, 160.74, 100, 7503
2026/09/18 04:36:18.925, 160.15, 98, 7503
2026/09/18 04:36:19.925, 160.85, 100, 7503
2026/09/18 04:36:20.926, 161.07, 100, 7503
2026/09/18 04:36:21.926, 160.49, 99, 7503
2026/09/18 04:36:22.926, 161.49, 100, 7503
2026/09/18 04:36:23.935, 161.14, 100, 7503
2026/09/18 04:36:24.935, 160.32, 98, 7503
2026/09/18 04:36:25.935, 161.10, 100, 7503
2026/09/18 04:36:26.935, 160.68, 100, 7503
2026/09/18 04:36:27.936, 160.76, 99, 7503
2026/09/18 04:36:28.936, 161.03, 100, 7503
2026/09/18 04:36:29.936, 160.43, 100, 7503
2026/09/18 04:36:30.936, 160.19, 98, 7503
2026/09/18 04:36:31.937, 161.02, 100, 7503
2026/09/18 04:36:32.937, 160.42, 100, 7503
2026/09/18 04:36:33.946, 160.53, 99, 7503
2026/09/18 04:36:34.946, 161.32, 100, 7503
2026/09/18 04:36:35.946, 160.59, 100, 7503
2026/09/18 04:36:36.946, 160.52, 98, 7503
2026/09/18 04:36:37.946, 161.15, 100, 7503
2026/09/18 04:36:38.947, 161.39, 100, 7503
2026/09/18 04:36:39.947, 163.78, 100, 7503
2026/09/18 04:36:40.947, 160.28, 100, 7503
2026/09/18 04:36:41.947, 159.88, 99, 7503
2026/09/18 04:36:42.947, 159.80, 99, 7503
2026/09/18 04:36:43.948, 161.81, 100, 7503
2026/09/18 04:36:44.948, 163.89, 99, 7503
2026/09/18 04:36:45.948, 160.21, 99, 7503
2026/09/18 04:36:46.948, 159.20, 100, 7503
2026/09/18 04:36:47.948, 159.18, 100, 7503
2026/09/18 04:36:48.957, 161.03, 100, 7503
2026/09/18 04:36:49.957, 163.98, 100, 7503
2026/09/18 04:36:50.957, 161.10, 100, 7503
2026/09/18 04:36:51.958, 159.02, 100, 7503
2026/09/18 04:36:52.958, 159.12, 99, 7503
2026/09/18 04:36:53.966, 160.07, 99, 7503
2026/09/18 04:36:54.967, 163.92, 100, 7503
2026/09/18 04:36:55.967, 162.36, 99, 7503
2026/09/18 04:36:56.967, 159.86, 99, 7503
2026/09/18 04:36:57.967, 160.11, 100, 7503
2026/09/18 04:36:58.967, 160.67, 100, 7503
2026/09/18 04:36:59.968, 163.71, 100, 7503
2026/09/18 04:37:00.968, 162.48, 100, 7503
2026/09/18 04:37:01.968, 159.69, 100, 7503
2026/09/18 04:37:02.968, 159.82, 100, 7503
2026/09/18 04:37:03.968, 160.03, 98, 7503
2026/09/18 04:37:04.969, 163.59, 100, 7503
2026/09/18 04:37:05.969, 163.41, 100, 7503
2026/09/18 04:37:06.969, 159.86, 99, 7503
2026/09/18 04:37:07.969, 159.80, 99, 7503
2026/09/18 04:37:08.969, 159.72, 100, 7503
2026/09/18 04:37:09.970, 163.20, 100, 7503
2026/09/18 04:37:10.970, 163.75, 99, 7503
2026/09/18 04:37:11.970, 160.12, 100, 7503
2026/09/18 04:37:12.970, 159.81, 100, 7503
2026/09/18 04:37:13.970, 160.09, 100, 7503
2026/09/18 04:37:14.971, 162.98, 100, 7503
2026/09/18 04:37:15.971, 163.85, 100, 7503
2026/09/18 04:37:16.971, 160.72, 100, 7503
2026/09/18 04:37:17.971, 159.46, 100, 7503
2026/09/18 04:37:18.971, 160.00, 99, 7503
2026/09/18 04:37:19.972, 162.59, 100, 7503
2026/09/18 04:37:20.972, 163.86, 99, 7503
2026/09/18 04:37:21.972, 160.83, 99, 7503
2026/09/18 04:37:22.972, 159.18, 100, 7503
2026/09/18 04:37:23.972, 159.74, 100, 7503
2026/09/18 04:37:24.973, 162.29, 100, 7503
2026/09/18 04:37:25.973, 164.04, 100, 7503
2026/09/18 04:37:26.973, 160.98, 100, 7503
2026/09/18 04:37:27.973, 159.79, 100, 7503
2026/09/18 04:37:28.973, 159.94, 100, 7503
2026/09/18 04:37:29.974, 161.56, 100, 7503
2026/09/18 04:37:30.974, 163.69, 99, 7503
2026/09/18 04:37:31.974, 161.43, 100, 7503
2026/09/18 04:37:32.974, 159.78, 99, 7503
2026/09/18 04:37:33.974, 159.78, 100, 7503
2026/09/18 04:37:34.975, 161.28, 100, 7503
2026/09/18 04:37:35.975, 164.07, 100, 7503
2026/09/18 04:37:36.975, 161.87, 100, 7503
2026/09/18 04:37:37.975, 159.58, 100, 7503
2026/09/18 04:37:38.976, 159.90, 100, 7503
2026/09/18 04:37:39.976, 160.66, 100, 7503
2026/09/18 04:37:40.976, 163.61, 99, 7503
2026/09/18 04:37:41.985, 162.54, 100, 7503
2026/09/18 04:37:42.985, 159.70, 100, 7503
2026/09/18 04:37:43.985, 159.83, 99, 7503
2026/09/18 04:37:44.985, 159.83, 100, 7503
2026/09/18 04:37:45.986, 163.96, 100, 7503
2026/09/18 04:37:46.994, 163.17, 99, 7503
2026/09/18 04:37:47.994, 159.88, 100, 7503
2026/09/18 04:37:48.995, 160.09, 100, 7503
2026/09/18 04:37:49.995, 159.47, 100, 7503
2026/09/18 04:37:50.995, 163.12, 99, 7503
2026/09/18 04:37:52.004, 163.80, 100, 7503
2026/09/18 04:37:53.004, 159.33, 100, 7503
2026/09/18 04:37:54.004, 158.81, 100, 7503
2026/09/18 04:37:55.004, 159.08, 99, 7503
2026/09/18 04:37:56.004, 162.43, 100, 7503
2026/09/18 04:37:57.005, 163.84, 99, 7503
2026/09/18 04:37:58.005, 159.98, 99, 7503
2026/09/18 04:37:59.005, 158.82, 100, 7503
2026/09/18 04:38:00.005, 159.15, 100, 7503
2026/09/18 04:38:01.006, 161.72, 100, 7503
2026/09/18 04:38:02.014, 164.04, 100, 7503
2026/09/18 04:38:03.014, 161.36, 100, 7503
2026/09/18 04:38:04.015, 159.87, 100, 7503
2026/09/18 04:38:05.015, 160.02, 100, 7503
2026/09/18 04:38:06.015, 162.11, 100, 7503
2026/09/18 04:38:07.015, 164.10, 100, 7503
2026/09/18 04:38:08.015, 161.91, 100, 7503
2026/09/18 04:38:09.016, 159.93, 100, 7503
2026/09/18 04:38:10.016, 160.02, 99, 7503
2026/09/18 04:38:11.016, 117.86, 28, 7503
2026/09/18 04:38:12.016, 94.72, 100, 7503
2026/09/18 04:38:13.017, 160.69, 100, 7503
2026/09/18 04:38:14.017, 160.18, 100, 7503
2026/09/18 04:38:15.017, 159.91, 99, 7503
2026/09/18 04:38:16.017, 160.91, 100, 7503
2026/09/18 04:38:17.026, 160.15, 100, 7503
2026/09/18 04:38:18.026, 159.89, 98, 7503
2026/09/18 04:38:19.026, 160.88, 100, 7503
2026/09/18 04:38:20.027, 160.21, 100, 7503
2026/09/18 04:38:21.027, 160.85, 100, 7503
2026/09/18 04:38:22.027, 161.41, 100, 7503
2026/09/18 04:38:23.027, 160.47, 100, 7503
2026/09/18 04:38:24.027, 160.22, 100, 7503
2026/09/18 04:38:25.028, 161.32, 100, 7503
2026/09/18 04:38:26.028, 160.02, 100, 7503
2026/09/18 04:38:27.037, 160.44, 100, 7503
2026/09/18 04:38:28.037, 161.22, 100, 7503
2026/09/18 04:38:29.037, 160.18, 100, 7503
2026/09/18 04:38:30.037, 159.84, 100, 7503
2026/09/18 04:38:31.037, 161.41, 100, 7503
2026/09/18 04:38:32.038, 160.10, 100, 7503
2026/09/18 04:38:33.038, 160.69, 100, 7503
2026/09/18 04:38:34.038, 161.17, 100, 7503
2026/09/18 04:38:35.038, 160.25, 100, 7503
2026/09/18 04:38:36.038, 160.21, 100, 7503
2026/09/18 04:38:37.039, 160.05, 100, 7503
2026/09/18 04:38:38.039, 160.43, 100, 7503
2026/09/18 04:38:39.039, 161.04, 100, 7503
2026/09/18 04:38:40.039, 161.37, 100, 7503
2026/09/18 04:38:41.039, 160.18, 100, 7503
2026/09/18 04:38:42.040, 159.27, 100, 7503
2026/09/18 04:38:43.040, 160.98, 100, 7503
2026/09/18 04:38:44.040, 160.30, 100, 7503
2026/09/18 04:38:45.040, 160.85, 100, 7503
2026/09/18 04:38:46.040, 160.90, 100, 7503
2026/09/18 04:38:47.041, 160.43, 100, 7503
2026/09/18 04:38:48.041, 159.35, 100, 7503
2026/09/18 04:38:49.041, 161.46, 100, 7503
2026/09/18 04:38:50.041, 160.10, 100, 7503
2026/09/18 04:38:51.042, 160.73, 100, 7503
2026/09/18 04:38:52.042, 161.56, 100, 7503
2026/09/18 04:38:53.042, 159.34, 100, 7503
2026/09/18 04:38:54.042, 160.45, 100, 7503
2026/09/18 04:38:55.042, 161.21, 100, 7503
2026/09/18 04:38:56.043, 160.38, 98, 7503
2026/09/18 04:38:57.043, 160.98, 100, 7503
2026/09/18 04:38:58.043, 161.20, 100, 7503
2026/09/18 04:38:59.043, 159.80, 98, 7503
2026/09/18 04:39:00.044, 160.38, 100, 7503
2026/09/18 04:39:01.044, 160.70, 100, 7503
2026/09/18 04:39:02.044, 159.81, 99, 7503
2026/09/18 04:39:03.044, 161.16, 100, 7503
2026/09/18 04:39:04.044, 161.14, 100, 7503
2026/09/18 04:39:05.045, 159.43, 98, 7503
2026/09/18 04:39:06.045, 160.28, 100, 7503
2026/09/18 04:39:07.045, 161.09, 100, 7503
2026/09/18 04:39:08.054, 159.71, 99, 7503
2026/09/18 04:39:09.054, 160.65, 100, 7503
2026/09/18 04:39:10.054, 160.62, 100, 7503
2026/09/18 04:39:11.054, 159.49, 98, 7503
2026/09/18 04:39:12.054, 160.39, 100, 7503
2026/09/18 04:39:13.063, 161.14, 100, 7503
2026/09/18 04:39:14.063, 159.96, 99, 7503
2026/09/18 04:39:15.063, 160.75, 100, 7503
2026/09/18 04:39:16.064, 160.53, 100, 7503
2026/09/18 04:39:17.064, 159.42, 98, 7503
2026/09/18 04:39:18.073, 160.63, 100, 7503
2026/09/18 04:39:19.073, 160.75, 100, 7503
2026/09/18 04:39:20.073, 160.01, 99, 7503
2026/09/18 04:39:21.073, 161.57, 100, 7503
2026/09/18 04:39:22.073, 161.16, 100, 7503
2026/09/18 04:39:23.074, 160.26, 98, 7503
2026/09/18 04:39:24.074, 160.91, 100, 7503
2026/09/18 04:39:25.074, 161.17, 100, 7503
2026/09/18 04:39:26.074, 160.18, 99, 7503
2026/09/18 04:39:27.075, 161.09, 100, 7503
2026/09/18 04:39:28.075, 160.65, 100, 7503
2026/09/18 04:39:29.075, 159.85, 98, 7503
2026/09/18 04:39:30.075, 160.72, 100, 7503
2026/09/18 04:39:31.075, 160.69, 100, 7503
2026/09/18 04:39:32.076, 160.20, 98, 7503
2026/09/18 04:39:33.076, 161.40, 100, 7503
2026/09/18 04:39:34.076, 160.52, 100, 7503
2026/09/18 04:39:35.076, 159.96, 98, 7503
2026/09/18 04:39:36.076, 161.10, 100, 7503
2026/09/18 04:39:37.077, 160.42, 100, 7503
2026/09/18 04:39:38.077, 160.12, 99, 7503
2026/09/18 04:39:39.077, 161.08, 100, 7503
2026/09/18 04:39:40.077, 160.44, 100, 7503
2026/09/18 04:39:41.078, 159.96, 98, 7503
2026/09/18 04:39:42.078, 160.93, 100, 7503
2026/09/18 04:39:43.078, 160.30, 100, 7503
2026/09/18 04:39:44.078, 160.07, 99, 7503
2026/09/18 04:39:45.078, 161.17, 100, 7503
2026/09/18 04:39:46.079, 160.44, 100, 7503
2026/09/18 04:39:47.079, 160.03, 98, 7503
2026/09/18 04:39:48.079, 161.01, 100, 7503
2026/09/18 04:39:49.079, 160.58, 100, 7503
2026/09/18 04:39:50.088, 160.04, 99, 7503
2026/09/18 04:39:51.088, 160.98, 100, 7503
2026/09/18 04:39:52.088, 160.44, 100, 7503
2026/09/18 04:39:53.089, 160.27, 98, 7503
2026/09/18 04:39:54.089, 160.86, 100, 7503
2026/09/18 04:39:55.097, 160.52, 100, 7503
2026/09/18 04:39:56.098, 160.60, 99, 7503
2026/09/18 04:39:57.098, 161.33, 100, 7503
2026/09/18 04:39:58.098, 160.50, 100, 7503
2026/09/18 04:39:59.098, 160.68, 100, 7503
2026/09/18 04:40:00.099, 161.70, 100, 7503
2026/09/18 04:40:01.099, 160.23, 100, 7503
2026/09/18 04:40:02.099, 160.56, 100, 7503
2026/09/18 04:40:03.099, 161.68, 100, 7503
2026/09/18 04:40:04.099, 160.12, 100, 7503
2026/09/18 04:40:05.100, 159.88, 100, 7503
2026/09/18 04:40:06.100, 161.20, 100, 7503
2026/09/18 04:40:07.100, 160.45, 100, 7503
2026/09/18 04:40:08.100, 160.26, 100, 7503
2026/09/18 04:40:09.101, 161.46, 100, 7503
2026/09/18 04:40:10.101, 160.25, 100, 7503
2026/09/18 04:40:11.101, 160.58, 100, 7503
2026/09/18 04:40:12.101, 160.95, 100, 7503
2026/09/18 04:40:13.101, 159.86, 100, 7503
2026/09/18 04:40:14.102, 160.81, 100, 7503
2026/09/18 04:40:15.102, 161.29, 100, 7503
2026/09/18 04:40:16.102, 159.98, 100, 7503
2026/09/18 04:40:17.102, 160.25, 100, 7503
2026/09/18 04:40:18.102, 161.20, 100, 7503
2026/09/18 04:40:19.103, 160.39, 100, 7503
2026/09/18 04:40:20.103, 161.03, 100, 7503
2026/09/18 04:40:21.103, 161.21, 100, 7503
2026/09/18 04:40:22.103, 159.17, 100, 7503
2026/09/18 04:40:23.103, 160.70, 100, 7503
2026/09/18 04:40:24.104, 161.51, 100, 7503
2026/09/18 04:40:25.104, 160.20, 100, 7503
2026/09/18 04:40:26.104, 160.77, 100, 7503
2026/09/18 04:40:27.104, 161.12, 100, 7503
2026/09/18 04:40:28.104, 160.25, 98, 7503
2026/09/18 04:40:29.105, 161.32, 100, 7503
2026/09/18 04:40:30.105, 161.39, 100, 7503
2026/09/18 04:40:31.105, 160.00, 99, 7503
2026/09/18 04:40:32.114, 161.41, 100, 7503
2026/09/18 04:40:33.114, 161.23, 100, 7503
2026/09/18 04:40:34.114, 159.44, 98, 7503
2026/09/18 04:40:35.114, 160.41, 100, 7503
2026/09/18 04:40:36.115, 160.81, 100, 7503
2026/09/18 04:40:37.123, 159.95, 99, 7503
2026/09/18 04:40:38.123, 161.51, 100, 7503
2026/09/18 04:40:39.124, 161.22, 100, 7503
2026/09/18 04:40:40.124, 159.44, 98, 7503
2026/09/18 04:40:41.124, 160.40, 100, 7503
2026/09/18 04:40:42.133, 160.96, 100, 7503
2026/09/18 04:40:43.133, 160.28, 99, 7503
2026/09/18 04:40:44.133, 161.18, 100, 7503
2026/09/18 04:40:45.133, 160.85, 100, 7503
2026/09/18 04:40:46.134, 159.79, 98, 7503
2026/09/18 04:40:47.134, 160.62, 99, 7503
2026/09/18 04:40:48.134, 163.74, 100, 7503
2026/09/18 04:40:49.134, 160.64, 100, 7503
2026/09/18 04:40:50.134, 159.12, 100, 7503
2026/09/18 04:40:51.135, 159.15, 100, 7503
2026/09/18 04:40:52.143, 160.95, 100, 7503
2026/09/18 04:40:53.143, 163.61, 99, 7503
2026/09/18 04:40:54.144, 161.85, 100, 7503
2026/09/18 04:40:55.144, 160.13, 99, 7503
2026/09/18 04:40:56.144, 159.70, 99, 7503
2026/09/18 04:40:57.144, 160.98, 99, 7503
2026/09/18 04:40:58.145, 163.93, 100, 7503
2026/09/18 04:40:59.145, 162.18, 99, 7503
2026/09/18 04:41:00.145, 160.39, 100, 7503
2026/09/18 04:41:01.145, 160.13, 100, 7503
2026/09/18 04:41:02.154, 160.70, 100, 7503
2026/09/18 04:41:03.154, 163.69, 99, 7503
2026/09/18 04:41:04.154, 162.54, 100, 7503
2026/09/18 04:41:05.154, 159.95, 100, 7503
2026/09/18 04:41:06.155, 160.03, 100, 7503
2026/09/18 04:41:07.163, 159.88, 98, 7503
2026/09/18 04:41:08.163, 163.37, 100, 7503
2026/09/18 04:41:09.164, 163.44, 100, 7503
2026/09/18 04:41:10.164, 159.97, 99, 7503
2026/09/18 04:41:11.164, 160.18, 100, 7503
2026/09/18 04:41:12.164, 160.13, 100, 7503
2026/09/18 04:41:13.164, 163.01, 99, 7503
2026/09/18 04:41:14.165, 163.79, 100, 7503
2026/09/18 04:41:15.165, 160.44, 100, 7503
2026/09/18 04:41:16.165, 159.88, 100, 7503
2026/09/18 04:41:17.174, 159.45, 100, 7503
2026/09/18 04:41:18.174, 162.85, 100, 7503
2026/09/18 04:41:19.174, 163.76, 100, 7503
2026/09/18 04:41:20.174, 160.87, 100, 7503
2026/09/18 04:41:21.174, 159.62, 99, 7503
2026/09/18 04:41:22.183, 160.10, 100, 7503
2026/09/18 04:41:23.183, 161.96, 99, 7503
2026/09/18 04:41:24.184, 163.64, 100, 7503
2026/09/18 04:41:25.184, 160.84, 99, 7503
2026/09/18 04:41:26.184, 159.59, 100, 7503
2026/09/18 04:41:27.184, 159.72, 100, 7503
2026/09/18 04:41:28.184, 161.53, 100, 7503
2026/09/18 04:41:29.185, 163.66, 100, 7503
2026/09/18 04:41:30.185, 161.56, 100, 7503
2026/09/18 04:41:31.185, 159.07, 100, 7503
2026/09/18 04:41:32.185, 159.23, 99, 7503
2026/09/18 04:41:33.186, 160.60, 99, 7503
2026/09/18 04:41:34.186, 163.82, 100, 7503
2026/09/18 04:41:35.186, 162.29, 99, 7503
2026/09/18 04:41:36.186, 160.08, 100, 7503
2026/09/18 04:41:37.186, 159.78, 100, 7503
2026/09/18 04:41:38.187, 160.69, 100, 7503
2026/09/18 04:41:39.187, 163.82, 100, 7503
2026/09/18 04:41:40.187, 162.52, 100, 7503
2026/09/18 04:41:41.187, 159.31, 100, 7503
2026/09/18 04:41:42.188, 159.16, 100, 7503
2026/09/18 04:41:43.188, 159.74, 98, 7503
2026/09/18 04:41:44.188, 163.64, 100, 7503
2026/09/18 04:41:45.188, 163.37, 100, 7503
2026/09/18 04:41:46.188, 160.17, 99, 7503
2026/09/18 04:41:47.189, 160.22, 100, 7503
2026/09/18 04:41:48.189, 159.95, 100, 7503
2026/09/18 04:41:49.189, 163.13, 99, 7503
2026/09/18 04:41:50.189, 163.75, 99, 7503
2026/09/18 04:41:51.190, 159.28, 100, 7503
2026/09/18 04:41:52.190, 159.33, 100, 7503
2026/09/18 04:41:53.190, 158.90, 100, 7503
2026/09/18 04:41:54.190, 162.23, 100, 7503
2026/09/18 04:41:55.190, 163.82, 100, 7503
2026/09/18 04:41:56.191, 160.68, 100, 7503
2026/09/18 04:41:57.191, 160.16, 99, 7503
2026/09/18 04:41:58.191, 160.04, 100, 7503
2026/09/18 04:41:59.191, 162.36, 99, 7503
2026/09/18 04:42:00.192, 163.83, 100, 7503
2026/09/18 04:42:01.192, 161.02, 99, 7503
2026/09/18 04:42:02.192, 159.03, 100, 7503
2026/09/18 04:42:03.192, 159.01, 100, 7503
2026/09/18 04:42:04.192, 160.92, 100, 7503
2026/09/18 04:42:05.193, 163.81, 100, 7503
2026/09/18 04:42:06.193, 161.37, 100, 7503
2026/09/18 04:42:07.193, 158.99, 100, 7503
2026/09/18 04:42:08.193, 158.92, 99, 7503
2026/09/18 04:42:09.194, 160.21, 99, 7503
2026/09/18 04:42:10.194, 163.66, 100, 7503
2026/09/18 04:42:11.194, 161.79, 99, 7503
2026/09/18 04:42:12.194, 159.01, 100, 7503
2026/09/18 04:42:13.203, 158.72, 100, 7503
2026/09/18 04:42:14.203, 159.40, 100, 7503
2026/09/18 04:42:15.203, 163.47, 99, 7503
2026/09/18 04:42:16.204, 162.34, 100, 7503
2026/09/18 04:42:17.204, 158.72, 100, 7503
2026/09/18 04:42:18.204, 159.00, 99, 7503
2026/09/18 04:42:19.204, 157.65, 89, 7503
2026/09/18 04:42:20.204, 58.99, 100, 7503
2026/09/18 04:42:21.205, 160.63, 100, 7503
2026/09/18 04:42:22.205, 159.46, 98, 7503
2026/09/18 04:42:23.205, 161.14, 100, 7503
2026/09/18 04:42:24.205, 160.80, 100, 7503
2026/09/18 04:42:25.205, 159.83, 99, 7503
2026/09/18 04:42:26.206, 160.81, 100, 7503
2026/09/18 04:42:27.206, 160.62, 100, 7503
2026/09/18 04:42:28.207, 159.40, 98, 7503
2026/09/18 04:42:29.207, 160.49, 100, 7503
2026/09/18 04:42:30.207, 160.72, 100, 7503
2026/09/18 04:42:31.207, 159.69, 99, 7503
2026/09/18 04:42:32.207, 160.91, 100, 7503
2026/09/18 04:42:33.216, 160.93, 100, 7503
2026/09/18 04:42:34.216, 159.45, 98, 7503
2026/09/18 04:42:35.216, 160.62, 100, 7503
2026/09/18 04:42:36.217, 160.08, 100, 7503
2026/09/18 04:42:37.217, 160.05, 99, 7503
2026/09/18 04:42:38.218, 159.75, 100, 7503
2026/09/18 04:42:39.218, 160.07, 100, 7503
2026/09/18 04:42:40.218, 159.50, 98, 7503
2026/09/18 04:42:41.218, 160.45, 100, 7503
2026/09/18 04:42:42.218, 160.49, 100, 7503
2026/09/18 04:42:43.219, 159.74, 98, 7503
2026/09/18 04:42:44.219, 160.99, 100, 7503
2026/09/18 04:42:45.219, 160.31, 100, 7503
2026/09/18 04:42:46.219, 159.67, 98, 7503
2026/09/18 04:42:47.220, 160.30, 100, 7503
2026/09/18 04:42:48.228, 160.49, 100, 7503
2026/09/18 04:42:49.228, 160.01, 99, 7503
2026/09/18 04:42:50.229, 160.91, 100, 7503
2026/09/18 04:42:51.229, 160.05, 100, 7503
2026/09/18 04:42:52.229, 159.61, 98, 7503
2026/09/18 04:42:53.238, 161.21, 100, 7503
2026/09/18 04:42:54.238, 160.36, 100, 7503
2026/09/18 04:42:55.238, 160.13, 99, 7503
2026/09/18 04:42:56.238, 160.79, 100, 7503
2026/09/18 04:42:57.238, 160.06, 100, 7503
2026/09/18 04:42:58.239, 160.07, 98, 7503
2026/09/18 04:42:59.239, 161.00, 100, 7503
2026/09/18 04:43:00.239, 160.26, 100, 7503
2026/09/18 04:43:01.239, 160.39, 99, 7503
2026/09/18 04:43:02.240, 161.19, 100, 7503
2026/09/18 04:43:03.240, 160.31, 100, 7503
2026/09/18 04:43:04.240, 160.28, 100, 7503
2026/09/18 04:43:05.240, 161.28, 100, 7503
2026/09/18 04:43:06.240, 160.83, 100, 7503
2026/09/18 04:43:07.241, 160.46, 100, 7503
2026/09/18 04:43:08.249, 161.31, 100, 7503
2026/09/18 04:43:09.249, 159.67, 100, 7503
2026/09/18 04:43:10.250, 159.77, 100, 7503
2026/09/18 04:43:11.250, 161.44, 100, 7503
2026/09/18 04:43:12.250, 159.93, 100, 7503
2026/09/18 04:43:13.259, 160.27, 100, 7503
2026/09/18 04:43:14.259, 161.26, 100, 7503
2026/09/18 04:43:15.259, 159.78, 100, 7503
2026/09/18 04:43:16.259, 160.67, 100, 7503
2026/09/18 04:43:17.260, 161.37, 100, 7503
2026/09/18 04:43:18.260, 159.97, 100, 7503
2026/09/18 04:43:19.260, 160.77, 100, 7503
2026/09/18 04:43:20.260, 161.10, 100, 7503
2026/09/18 04:43:21.261, 159.57, 98, 7503
2026/09/18 04:43:22.261, 160.83, 100, 7503
2026/09/18 04:43:23.261, 160.96, 100, 7503
2026/09/18 04:43:24.261, 159.90, 99, 7503
2026/09/18 04:43:25.261, 161.16, 100, 7503
2026/09/18 04:43:26.262, 161.13, 100, 7503
2026/09/18 04:43:27.262, 159.10, 98, 7503
2026/09/18 04:43:28.262, 160.22, 100, 7503
2026/09/18 04:43:29.262, 161.04, 100, 7503
2026/09/18 04:43:30.262, 159.64, 99, 7503
2026/09/18 04:43:31.263, 160.55, 100, 7503
2026/09/18 04:43:32.263, 160.81, 100, 7503
2026/09/18 04:43:33.263, 158.11, 90, 7503
2026/09/18 04:43:34.263, 159.25, 100, 7503
2026/09/18 04:43:35.263, 160.29, 100, 7503
2026/09/18 04:43:36.264, 159.51, 99, 7503
2026/09/18 04:43:37.264, 160.34, 100, 7503
2026/09/18 04:43:38.264, 160.85, 100, 7503
2026/09/18 04:43:39.264, 159.42, 98, 7503
2026/09/18 04:43:40.264, 161.04, 100, 7503
2026/09/18 04:43:41.265, 160.99, 100, 7503
2026/09/18 04:43:42.265, 159.97, 99, 7503
2026/09/18 04:43:43.265, 160.64, 100, 7503
2026/09/18 04:43:44.265, 159.10, 100, 7503
2026/09/18 04:43:45.266, 159.40, 98, 7503
2026/09/18 04:43:46.266, 160.29, 100, 7503
2026/09/18 04:43:47.266, 160.58, 100, 7503
2026/09/18 04:43:48.266, 159.87, 99, 7503
2026/09/18 04:43:49.266, 160.93, 100, 7503
2026/09/18 04:43:50.267, 160.44, 100, 7503
2026/09/18 04:43:51.267, 159.89, 98, 7503
2026/09/18 04:43:52.267, 160.57, 100, 7503
2026/09/18 04:43:53.267, 160.47, 100, 7503
2026/09/18 04:43:54.267, 159.85, 99, 7503
2026/09/18 04:43:55.268, 160.69, 100, 7503
2026/09/18 04:43:56.268, 160.21, 100, 7503
2026/09/18 04:43:57.268, 159.89, 98, 7503
2026/09/18 04:43:58.268, 161.06, 100, 7503
2026/09/18 04:43:59.277, 160.74, 100, 7503
2026/09/18 04:44:00.277, 159.96, 98, 7503
2026/09/18 04:44:01.277, 160.96, 100, 7503
2026/09/18 04:44:02.277, 160.27, 100, 7503
2026/09/18 04:44:03.278, 159.46, 98, 7503
2026/09/18 04:44:04.278, 161.04, 100, 7503
2026/09/18 04:44:05.278, 160.27, 100, 7503
2026/09/18 04:44:06.278, 160.07, 99, 7503
2026/09/18 04:44:07.279, 161.19, 100, 7503
2026/09/18 04:44:08.279, 160.20, 100, 7503
2026/09/18 04:44:09.279, 159.80, 98, 7503
2026/09/18 04:44:10.279, 160.55, 100, 7503
2026/09/18 04:44:11.279, 160.77, 100, 7503
2026/09/18 04:44:12.280, 160.07, 98, 7503
2026/09/18 04:44:13.280, 160.85, 100, 7503
2026/09/18 04:44:14.289, 160.55, 100, 7503
2026/09/18 04:44:15.289, 160.22, 98, 7503
2026/09/18 04:44:16.289, 160.97, 100, 7503
2026/09/18 04:44:17.289, 160.25, 100, 7503
2026/09/18 04:44:18.290, 160.20, 99, 7503
2026/09/18 04:44:19.298, 161.01, 100, 7503
2026/09/18 04:44:20.298, 160.10, 100, 7503
2026/09/18 04:44:21.299, 159.74, 98, 7503
2026/09/18 04:44:22.299, 161.37, 100, 7503
2026/09/18 04:44:23.299, 160.02, 100, 7503
2026/09/18 04:44:24.308, 159.89, 98, 7503
2026/09/18 04:44:25.308, 160.99, 100, 7503
2026/09/18 04:44:26.308, 160.37, 100, 7503
2026/09/18 04:44:27.308, 159.64, 98, 7503
2026/09/18 04:44:28.309, 160.87, 100, 7503
2026/09/18 04:44:29.317, 160.48, 100, 7503
2026/09/18 04:44:30.317, 160.13, 99, 7503
2026/09/18 04:44:31.318, 160.77, 100, 7503
2026/09/18 04:44:32.318, 160.21, 100, 7503
2026/09/18 04:44:33.318, 159.90, 99, 7503
2026/09/18 04:44:34.318, 161.10, 100, 7503
2026/09/18 04:44:35.319, 160.44, 100, 7503
2026/09/18 04:44:36.319, 160.75, 100, 7503
2026/09/18 04:44:37.319, 161.28, 100, 7503
2026/09/18 04:44:38.319, 160.05, 100, 7503
2026/09/18 04:44:39.319, 159.84, 100, 7503
2026/09/18 04:44:40.320, 161.31, 100, 7503
2026/09/18 04:44:41.328, 160.07, 100, 7503
2026/09/18 04:44:42.328, 160.32, 100, 7503
2026/09/18 04:44:43.329, 160.94, 100, 7503
2026/09/18 04:44:44.329, 160.19, 100, 7503
2026/09/18 04:44:45.329, 160.20, 100, 7503
2026/09/18 04:44:46.329, 161.41, 100, 7503
2026/09/18 04:44:47.330, 160.00, 100, 7503
2026/09/18 04:44:48.330, 160.17, 100, 7503
2026/09/18 04:44:49.330, 160.75, 100, 7503
2026/09/18 04:44:50.330, 159.94, 100, 7503
2026/09/18 04:44:51.330, 160.37, 100, 7503
2026/09/18 04:44:52.331, 161.56, 100, 7503
2026/09/18 04:44:53.339, 160.04, 100, 7503
2026/09/18 04:44:54.339, 160.39, 100, 7503
2026/09/18 04:44:55.340, 160.87, 100, 7503
2026/09/18 04:44:56.340, 163.49, 99, 7503
2026/09/18 04:44:57.340, 160.80, 99, 7503
2026/09/18 04:44:58.340, 159.76, 100, 7503
2026/09/18 04:44:59.340, 159.63, 100, 7503
2026/09/18 04:45:00.341, 161.23, 99, 7503
2026/09/18 04:45:01.341, 163.82, 100, 7503
2026/09/18 04:45:02.341, 161.26, 100, 7503
2026/09/18 04:45:03.341, 158.79, 100, 7503
2026/09/18 04:45:04.341, 158.62, 100, 7503
2026/09/18 04:45:05.342, 160.43, 100, 7503
2026/09/18 04:45:06.342, 163.73, 99, 7503
2026/09/18 04:45:07.342, 161.94, 100, 7503
2026/09/18 04:45:08.342, 159.70, 99, 7503
2026/09/18 04:45:09.343, 159.73, 100, 7503
2026/09/18 04:45:10.343, 160.59, 100, 7503
2026/09/18 04:45:11.343, 163.63, 100, 7503
2026/09/18 04:45:12.343, 162.12, 99, 7503
2026/09/18 04:45:13.343, 159.76, 100, 7503
2026/09/18 04:45:14.343, 159.71, 100, 7503
2026/09/18 04:45:15.352, 160.26, 100, 7503
2026/09/18 04:45:16.352, 163.66, 99, 7503
2026/09/18 04:45:17.353, 162.70, 100, 7503
2026/09/18 04:45:18.353, 159.59, 100, 7503
2026/09/18 04:45:19.353, 159.45, 99, 7503
2026/09/18 04:45:20.362, 158.60, 100, 7503
2026/09/18 04:45:21.362, 162.82, 100, 7503
2026/09/18 04:45:22.362, 163.25, 99, 7503
2026/09/18 04:45:23.362, 159.24, 99, 7503
2026/09/18 04:45:24.363, 158.81, 100, 7503
2026/09/18 04:45:25.371, 158.75, 100, 7503
2026/09/18 04:45:26.373, 162.46, 99, 7503
2026/09/18 04:45:27.374, 163.49, 100, 7503
2026/09/18 04:45:28.374, 159.32, 100, 7503
2026/09/18 04:45:29.374, 158.73, 100, 7503
2026/09/18 04:45:30.383, 158.57, 99, 7503
2026/09/18 04:45:31.383, 161.92, 100, 7503
2026/09/18 04:45:32.383, 163.49, 99, 7503
2026/09/18 04:45:33.383, 160.01, 99, 7503
2026/09/18 04:45:34.383, 158.98, 100, 7503
2026/09/18 04:45:35.384, 158.93, 100, 7503
2026/09/18 04:45:36.384, 160.86, 100, 7503
2026/09/18 04:45:37.384, 163.66, 100, 7503
2026/09/18 04:45:38.384, 161.15, 100, 7503
2026/09/18 04:45:39.384, 159.12, 100, 7503
2026/09/18 04:45:40.385, 159.01, 100, 7503
2026/09/18 04:45:41.385, 160.33, 100, 7503
2026/09/18 04:45:42.385, 163.50, 99, 7503
2026/09/18 04:45:43.385, 161.52, 100, 7503
2026/09/18 04:45:44.385, 158.74, 99, 7503
2026/09/18 04:45:45.394, 158.97, 99, 7503
2026/09/18 04:45:46.394, 162.15, 100, 7503
2026/09/18 04:45:47.394, 163.52, 99, 7503
2026/09/18 04:45:48.395, 160.06, 100, 7503
2026/09/18 04:45:49.395, 158.75, 99, 7503
2026/09/18 04:45:50.395, 159.02, 100, 7503
2026/09/18 04:45:51.395, 160.82, 99, 7503
2026/09/18 04:45:52.395, 163.45, 100, 7503
2026/09/18 04:45:53.396, 161.20, 100, 7503
2026/09/18 04:45:54.396, 159.30, 100, 7503
2026/09/18 04:45:55.405, 159.61, 100, 7503
2026/09/18 04:45:56.405, 161.12, 100, 7503
2026/09/18 04:45:57.405, 163.77, 99, 7503
2026/09/18 04:45:58.405, 161.67, 100, 7503
2026/09/18 04:45:59.405, 159.96, 100, 7503
2026/09/18 04:46:00.414, 159.55, 99, 7503
2026/09/18 04:46:01.414, 160.54, 99, 7503
2026/09/18 04:46:02.415, 163.66, 100, 7503
2026/09/18 04:46:03.415, 162.01, 99, 7503
2026/09/18 04:46:04.415, 159.26, 100, 7503
2026/09/18 04:46:05.424, 159.16, 100, 7503
2026/09/18 04:46:06.424, 159.56, 100, 7503
2026/09/18 04:46:07.424, 163.69, 99, 7503
2026/09/18 04:46:08.424, 162.74, 100, 7503
2026/09/18 04:46:09.424, 159.18, 100, 7503
2026/09/18 04:46:10.425, 159.17, 99, 7503
2026/09/18 04:46:11.425, 158.70, 98, 7503
2026/09/18 04:46:12.425, 163.74, 100, 7503
2026/09/18 04:46:13.425, 163.42, 99, 7503
2026/09/18 04:46:14.425, 160.08, 99, 7503
2026/09/18 04:46:15.434, 159.87, 100, 7503
2026/09/18 04:46:16.434, 159.84, 100, 7503
2026/09/18 04:46:17.435, 162.86, 99, 7503
2026/09/18 04:46:18.435, 163.72, 100, 7503
2026/09/18 04:46:19.435, 160.25, 100, 7503
2026/09/18 04:46:20.444, 160.01, 100, 7503
2026/09/18 04:46:21.444, 160.17, 100, 7503
2026/09/18 04:46:22.444, 162.60, 100, 7503
2026/09/18 04:46:23.444, 163.77, 100, 7503
2026/09/18 04:46:24.445, 160.69, 100, 7503
2026/09/18 04:46:25.445, 159.95, 99, 7503
2026/09/18 04:46:26.445, 160.05, 100, 7503
2026/09/18 04:46:27.445, 80.39, 0, 7503
2026/09/18 04:46:28.446, 119.39, 100, 7503
2026/09/18 04:46:29.446, 159.72, 98, 7503
2026/09/18 04:46:30.446, 160.65, 100, 7503
2026/09/18 04:46:31.446, 160.27, 100, 7503
2026/09/18 04:46:32.446, 160.17, 98, 7503
2026/09/18 04:46:33.447, 161.04, 100, 7503
2026/09/18 04:46:34.447, 160.78, 100, 7503
2026/09/18 04:46:35.447, 159.84, 98, 7503
2026/09/18 04:46:36.447, 160.79, 100, 7503
2026/09/18 04:46:37.447, 160.86, 100, 7503
2026/09/18 04:46:38.448, 160.02, 98, 7503
2026/09/18 04:46:39.448, 161.41, 100, 7503
2026/09/18 04:46:40.448, 160.77, 100, 7503
2026/09/18 04:46:41.448, 160.19, 98, 7503
2026/09/18 04:46:42.449, 161.03, 100, 7503
2026/09/18 04:46:43.449, 160.76, 100, 7503
2026/09/18 04:46:44.449, 160.71, 98, 7503
2026/09/18 04:46:45.449, 161.15, 100, 7503
2026/09/18 04:46:46.449, 160.59, 100, 7503
2026/09/18 04:46:47.449, 159.87, 98, 7503
2026/09/18 04:46:48.450, 160.99, 100, 7503
2026/09/18 04:46:49.450, 160.44, 100, 7503
2026/09/18 04:46:50.450, 160.78, 99, 7503
2026/09/18 04:46:51.450, 160.68, 100, 7503
2026/09/18 04:46:52.450, 160.57, 100, 7503
2026/09/18 04:46:53.451, 160.31, 99, 7503
2026/09/18 04:46:54.451, 161.17, 100, 7503
2026/09/18 04:46:55.451, 160.15, 100, 7503
2026/09/18 04:46:56.451, 159.13, 99, 7503
2026/09/18 04:46:57.451, 160.83, 100, 7503
2026/09/18 04:46:58.452, 160.08, 100, 7503
2026/09/18 04:46:59.452, 159.72, 99, 7503
2026/09/18 04:47:00.452, 161.22, 100, 7503
2026/09/18 04:47:01.452, 160.53, 100, 7503
2026/09/18 04:47:02.453, 160.15, 100, 7503
2026/09/18 04:47:03.453, 161.09, 100, 7503
2026/09/18 04:47:04.453, 160.36, 100, 7503
2026/09/18 04:47:05.453, 160.12, 100, 7503
2026/09/18 04:47:06.453, 161.48, 100, 7503
2026/09/18 04:47:07.454, 160.27, 100, 7503
2026/09/18 04:47:08.454, 160.58, 100, 7503
2026/09/18 04:47:09.454, 161.60, 100, 7503
2026/09/18 04:47:10.454, 160.09, 100, 7503
2026/09/18 04:47:11.455, 159.06, 100, 7503
2026/09/18 04:47:12.455, 161.12, 100, 7503
2026/09/18 04:47:13.455, 159.97, 100, 7503
2026/09/18 04:47:14.455, 160.27, 100, 7503
2026/09/18 04:47:15.455, 161.20, 100, 7503
2026/09/18 04:47:16.456, 160.57, 100, 7503
2026/09/18 04:47:17.456, 159.26, 100, 7503
2026/09/18 04:47:18.456, 161.11, 100, 7503
2026/09/18 04:47:19.456, 159.98, 100, 7503
2026/09/18 04:47:20.457, 160.50, 100, 7503
2026/09/18 04:47:21.457, 161.13, 100, 7503
2026/09/18 04:47:22.465, 160.28, 100, 7503
2026/09/18 04:47:23.466, 160.60, 100, 7503
2026/09/18 04:47:24.466, 161.46, 100, 7503
2026/09/18 04:47:25.466, 160.35, 100, 7503
2026/09/18 04:47:26.466, 160.59, 100, 7503
2026/09/18 04:47:27.475, 161.07, 100, 7503
2026/09/18 04:47:28.475, 160.44, 100, 7503
2026/09/18 04:47:29.475, 160.73, 100, 7503
2026/09/18 04:47:30.476, 161.58, 100, 7503
2026/09/18 04:47:31.476, 160.12, 99, 7503
2026/09/18 04:47:32.476, 161.40, 100, 7503
2026/09/18 04:47:33.476, 161.48, 100, 7503
2026/09/18 04:47:34.477, 159.48, 98, 7503
2026/09/18 04:47:35.477, 160.26, 100, 7503
2026/09/18 04:47:36.477, 160.84, 100, 7503
2026/09/18 04:47:37.486, 160.22, 99, 7503
2026/09/18 04:47:38.486, 160.86, 100, 7503
2026/09/18 04:47:39.486, 160.89, 100, 7503
2026/09/18 04:47:40.486, 159.63, 98, 7503
2026/09/18 04:47:41.487, 160.75, 100, 7503
2026/09/18 04:47:42.487, 161.30, 100, 7503
2026/09/18 04:47:43.487, 160.06, 99, 7503
2026/09/18 04:47:44.487, 161.08, 100, 7503
2026/09/18 04:47:45.487, 160.27, 100, 7503
2026/09/18 04:47:46.488, 159.57, 98, 7503
2026/09/18 04:47:47.496, 160.69, 100, 7503
2026/09/18 04:47:48.496, 160.45, 100, 7503
2026/09/18 04:47:49.497, 159.93, 99, 7503
2026/09/18 04:47:50.497, 161.00, 100, 7503
2026/09/18 04:47:51.497, 160.61, 100, 7503
2026/09/18 04:47:52.506, 159.76, 98, 7503
2026/09/18 04:47:53.506, 160.49, 100, 7503
2026/09/18 04:47:54.506, 160.25, 100, 7503
2026/09/18 04:47:55.506, 160.05, 99, 7503
2026/09/18 04:47:56.507, 161.28, 100, 7503
2026/09/18 04:47:57.507, 160.22, 100, 7503
2026/09/18 04:47:58.507, 159.88, 98, 7503
2026/09/18 04:47:59.507, 160.45, 100, 7503
2026/09/18 04:48:00.508, 160.83, 100, 7503
2026/09/18 04:48:01.508, 160.42, 98, 7503
2026/09/18 04:48:02.508, 161.03, 100, 7503
2026/09/18 04:48:03.508, 160.40, 100, 7503
2026/09/18 04:48:04.509, 160.10, 98, 7503
2026/09/18 04:48:05.509, 160.72, 100, 7503
2026/09/18 04:48:06.509, 160.57, 100, 7503
2026/09/18 04:48:07.509, 160.53, 99, 7503
2026/09/18 04:48:08.509, 161.18, 100, 7503
2026/09/18 04:48:09.510, 160.65, 100, 7503
2026/09/18 04:48:10.510, 159.82, 98, 7503
2026/09/18 04:48:11.510, 161.10, 100, 7503
2026/09/18 04:48:12.510, 160.79, 100, 7503
2026/09/18 04:48:13.510, 159.82, 99, 7503
2026/09/18 04:48:14.511, 160.96, 100, 7503
2026/09/18 04:48:15.511, 160.10, 100, 7503
2026/09/18 04:48:16.511, 160.04, 98, 7503
2026/09/18 04:48:17.511, 160.82, 100, 7503
2026/09/18 04:48:18.511, 160.57, 100, 7503
2026/09/18 04:48:19.512, 160.66, 99, 7503
2026/09/18 04:48:20.512, 160.99, 100, 7503
2026/09/18 04:48:21.512, 160.25, 100, 7503
2026/09/18 04:48:22.512, 159.85, 99, 7503
2026/09/18 04:48:23.513, 161.01, 100, 7503
2026/09/18 04:48:24.513, 160.17, 100, 7503
2026/09/18 04:48:25.513, 160.68, 100, 7503
2026/09/18 04:48:26.513, 161.53, 100, 7503
2026/09/18 04:48:27.513, 160.42, 100, 7503
2026/09/18 04:48:28.514, 159.51, 100, 7503
2026/09/18 04:48:29.514, 161.65, 100, 7503
2026/09/18 04:48:30.514, 160.21, 100, 7503
2026/09/18 04:48:31.514, 160.54, 100, 7503
2026/09/18 04:48:32.514, 161.10, 100, 7503
2026/09/18 04:48:33.515, 160.40, 100, 7503
2026/09/18 04:48:34.515, 160.28, 100, 7503
2026/09/18 04:48:35.515, 161.49, 100, 7503
2026/09/18 04:48:36.515, 160.05, 100, 7503
2026/09/18 04:48:37.515, 160.51, 100, 7503
2026/09/18 04:48:38.516, 160.97, 100, 7503
2026/09/18 04:48:39.516, 160.26, 100, 7503
2026/09/18 04:48:40.516, 160.15, 100, 7503
2026/09/18 04:48:41.516, 160.62, 100, 7503
2026/09/18 04:48:42.516, 160.03, 100, 7503
2026/09/18 04:48:43.525, 160.41, 100, 7503
2026/09/18 04:48:44.525, 160.71, 100, 7503
2026/09/18 04:48:45.525, 160.19, 99, 7503
2026/09/18 04:48:46.526, 160.10, 100, 7503
2026/09/18 04:48:47.526, 160.77, 100, 7503
2026/09/18 04:48:48.535, 159.94, 98, 7503
2026/09/18 04:48:49.535, 160.47, 100, 7503
2026/09/18 04:48:50.535, 161.10, 100, 7503
2026/09/18 04:48:51.535, 159.79, 98, 7503
2026/09/18 04:48:52.536, 160.20, 100, 7503
2026/09/18 04:48:53.544, 161.25, 100, 7503
2026/09/18 04:48:54.544, 159.86, 98, 7503
2026/09/18 04:48:55.545, 160.66, 100, 7503
2026/09/18 04:48:56.545, 160.98, 100, 7503
2026/09/18 04:48:57.545, 159.77, 98, 7503
2026/09/18 04:48:58.554, 160.44, 100, 7503
2026/09/18 04:48:59.554, 161.09, 100, 7503
2026/09/18 04:49:00.554, 159.83, 99, 7503
2026/09/18 04:49:01.554, 160.82, 100, 7503
2026/09/18 04:49:02.555, 160.93, 100, 7503
2026/09/18 04:49:03.555, 160.96, 99, 7503
2026/09/18 04:49:04.555, 163.49, 100, 7503
2026/09/18 04:49:05.555, 160.10, 100, 7503
2026/09/18 04:49:06.556, 160.06, 100, 7503
2026/09/18 04:49:07.556, 159.38, 100, 7503
2026/09/18 04:49:08.564, 162.19, 100, 7503
2026/09/18 04:49:09.565, 163.38, 100, 7503
2026/09/18 04:49:10.565, 160.72, 100, 7503
2026/09/18 04:49:11.565, 159.81, 99, 7503
2026/09/18 04:49:12.565, 160.00, 100, 7503
2026/09/18 04:49:13.574, 161.57, 99, 7503
2026/09/18 04:49:14.574, 163.44, 100, 7503
2026/09/18 04:49:15.574, 161.20, 100, 7503
2026/09/18 04:49:16.574, 159.86, 100, 7503
2026/09/18 04:49:17.575, 160.06, 100, 7503
2026/09/18 04:49:18.583, 161.47, 100, 7503
2026/09/18 04:49:19.584, 163.14, 100, 7503
2026/09/18 04:49:20.584, 161.50, 100, 7503
2026/09/18 04:49:21.584, 159.58, 100, 7503
2026/09/18 04:49:22.584, 159.33, 99, 7503
2026/09/18 04:49:23.593, 160.71, 99, 7503
2026/09/18 04:49:24.593, 164.68, 100, 7503
2026/09/18 04:49:25.593, 162.30, 99, 7503
2026/09/18 04:49:26.594, 159.74, 99, 7503
2026/09/18 04:49:27.594, 160.01, 100, 7503
2026/09/18 04:49:28.594, 160.78, 100, 7503
2026/09/18 04:49:29.594, 163.38, 100, 7503
2026/09/18 04:49:30.594, 162.13, 100, 7503
2026/09/18 04:49:31.595, 159.88, 100, 7503
2026/09/18 04:49:32.595, 159.92, 100, 7503
2026/09/18 04:49:33.595, 160.22, 100, 7503
2026/09/18 04:49:34.595, 163.47, 99, 7503
2026/09/18 04:49:35.595, 162.65, 100, 7503
2026/09/18 04:49:36.596, 159.36, 100, 7503
2026/09/18 04:49:37.596, 159.46, 99, 7503
2026/09/18 04:49:38.596, 159.57, 100, 7503
2026/09/18 04:49:39.596, 162.98, 100, 7503
2026/09/18 04:49:40.597, 163.13, 99, 7503
2026/09/18 04:49:41.597, 160.10, 100, 7503
2026/09/18 04:49:42.605, 160.05, 100, 7503
2026/09/18 04:49:43.606, 159.62, 100, 7503
2026/09/18 04:49:44.606, 162.39, 99, 7503
2026/09/18 04:49:45.606, 163.60, 100, 7503
2026/09/18 04:49:46.606, 160.37, 100, 7503
2026/09/18 04:49:47.606, 159.97, 100, 7503
2026/09/18 04:49:48.607, 159.76, 99, 7503
2026/09/18 04:49:49.607, 162.02, 100, 7503
2026/09/18 04:49:50.607, 163.46, 99, 7503
2026/09/18 04:49:51.607, 160.98, 99, 7503
2026/09/18 04:49:52.607, 160.12, 99, 7503
2026/09/18 04:49:53.608, 160.13, 100, 7503
2026/09/18 04:49:54.608, 161.76, 99, 7503
2026/09/18 04:49:55.608, 163.54, 100, 7503
2026/09/18 04:49:56.608, 161.26, 100, 7503
2026/09/18 04:49:57.608, 159.62, 100, 7503
2026/09/18 04:49:58.609, 159.35, 100, 7503
2026/09/18 04:49:59.609, 161.00, 100, 7503
2026/09/18 04:50:00.609, 163.25, 99, 7503
2026/09/18 04:50:01.609, 161.57, 100, 7503
2026/09/18 04:50:02.609, 160.06, 100, 7503
2026/09/18 04:50:03.610, 160.01, 99, 7503
2026/09/18 04:50:04.610, 160.60, 99, 7503
2026/09/18 04:50:05.610, 163.35, 100, 7503
2026/09/18 04:50:06.610, 161.51, 99, 7503
2026/09/18 04:50:07.610, 159.79, 100, 7503
2026/09/18 04:50:08.611, 159.84, 100, 7503
2026/09/18 04:50:09.611, 160.52, 100, 7503
2026/09/18 04:50:10.611, 163.43, 100, 7503
2026/09/18 04:50:11.611, 162.27, 100, 7503
2026/09/18 04:50:12.611, 159.94, 100, 7503
2026/09/18 04:50:13.612, 160.05, 100, 7503
2026/09/18 04:50:14.612, 160.22, 98, 7503
2026/09/18 04:50:15.612, 163.26, 100, 7503
2026/09/18 04:50:16.612, 162.70, 100, 7503
2026/09/18 04:50:17.612, 160.12, 99, 7503
2026/09/18 04:50:18.613, 159.95, 99, 7503
2026/09/18 04:50:19.613, 159.49, 100, 7503
2026/09/18 04:50:20.613, 162.90, 100, 7503
2026/09/18 04:50:21.613, 163.30, 99, 7503
2026/09/18 04:50:22.613, 160.18, 100, 7503
2026/09/18 04:50:23.614, 160.06, 100, 7503
2026/09/18 04:50:24.614, 159.83, 100, 7503
2026/09/18 04:50:25.614, 162.35, 99, 7503
2026/09/18 04:50:26.614, 163.22, 100, 7503
2026/09/18 04:50:27.614, 160.31, 100, 7503
2026/09/18 04:50:28.615, 159.96, 100, 7503
2026/09/18 04:50:29.615, 159.69, 99, 7503
2026/09/18 04:50:30.615, 161.70, 100, 7503
2026/09/18 04:50:31.615, 163.20, 99, 7503
2026/09/18 04:50:32.615, 160.81, 99, 7503
2026/09/18 04:50:33.616, 159.48, 100, 7503
2026/09/18 04:50:34.616, 159.37, 100, 7503
2026/09/18 04:50:35.616, 86.90, 0, 7503
2026/09/18 04:50:36.616, 113.76, 100, 7503
2026/09/18 04:50:37.616, 159.33, 98, 7503
2026/09/18 04:50:38.617, 160.05, 100, 7503
2026/09/18 04:50:39.617, 160.45, 100, 7503
2026/09/18 04:50:40.617, 159.64, 99, 7503
2026/09/18 04:50:41.617, 161.00, 100, 7503
2026/09/18 04:50:42.617, 160.40, 100, 7503
2026/09/18 04:50:43.617, 159.01, 98, 7503
2026/09/18 04:50:44.618, 160.04, 100, 7503
2026/09/18 04:50:45.626, 160.52, 100, 7503
2026/09/18 04:50:46.627, 159.37, 98, 7503
2026/09/18 04:50:47.627, 160.33, 100, 7503
2026/09/18 04:50:48.627, 160.91, 100, 7503
2026/09/18 04:50:49.627, 159.46, 98, 7503
2026/09/18 04:50:50.627, 160.51, 100, 7503
2026/09/18 04:50:51.628, 161.18, 100, 7503
2026/09/18 04:50:52.628, 159.57, 98, 7503
2026/09/18 04:50:53.628, 160.93, 100, 7503
2026/09/18 04:50:54.628, 160.24, 100, 7503
2026/09/18 04:50:55.628, 159.12, 98, 7503
2026/09/18 04:50:56.629, 160.30, 100, 7503
2026/09/18 04:50:57.629, 160.82, 100, 7503
2026/09/18 04:50:58.629, 159.88, 99, 7503
2026/09/18 04:50:59.629, 160.59, 100, 7503
2026/09/18 04:51:00.629, 160.56, 100, 7503
2026/09/18 04:51:01.630, 159.63, 98, 7503
2026/09/18 04:51:02.630, 160.72, 100, 7503
2026/09/18 04:51:03.630, 160.83, 100, 7503
2026/09/18 04:51:04.630, 159.59, 98, 7503
2026/09/18 04:51:05.630, 160.92, 100, 7503
2026/09/18 04:51:06.631, 160.21, 100, 7503
2026/09/18 04:51:07.631, 159.57, 98, 7503
2026/09/18 04:51:08.631, 160.45, 100, 7503
2026/09/18 04:51:09.631, 160.45, 100, 7503
2026/09/18 04:51:10.631, 160.00, 99, 7503
2026/09/18 04:51:11.632, 160.68, 100, 7503
2026/09/18 04:51:12.632, 160.38, 100, 7503
2026/09/18 04:51:13.632, 159.85, 98, 7503
2026/09/18 04:51:14.632, 161.09, 100, 7503
2026/09/18 04:51:15.632, 160.69, 100, 7503
2026/09/18 04:51:16.633, 159.93, 99, 7503
2026/09/18 04:51:17.633, 160.69, 100, 7503
2026/09/18 04:51:18.633, 160.31, 100, 7503
2026/09/18 04:51:19.633, 159.52, 98, 7503
2026/09/18 04:51:20.634, 160.57, 100, 7503
2026/09/18 04:51:21.634, 160.43, 100, 7503
2026/09/18 04:51:22.634, 160.33, 99, 7503
2026/09/18 04:51:23.634, 160.87, 100, 7503
2026/09/18 04:51:24.634, 160.18, 100, 7503
2026/09/18 04:51:25.634, 160.15, 98, 7503
2026/09/18 04:51:26.635, 160.75, 100, 7503
2026/09/18 04:51:27.635, 160.37, 100, 7503
2026/09/18 04:51:28.635, 160.16, 98, 7503
2026/09/18 04:51:29.635, 161.11, 100, 7503
2026/09/18 04:51:30.635, 160.04, 100, 7503
2026/09/18 04:51:31.636, 158.98, 98, 7503
2026/09/18 04:51:32.636, 161.39, 100, 7503
2026/09/18 04:51:33.636, 160.23, 100, 7503
2026/09/18 04:51:34.636, 160.32, 99, 7503
2026/09/18 04:51:35.636, 161.15, 100, 7503
2026/09/18 04:51:36.637, 159.57, 100, 7503
2026/09/18 04:51:37.637, 160.01, 98, 7503
2026/09/18 04:51:38.637, 161.21, 100, 7503
2026/09/18 04:51:39.637, 160.40, 100, 7503
2026/09/18 04:51:40.637, 160.33, 99, 7503
2026/09/18 04:51:41.638, 161.07, 100, 7503
2026/09/18 04:51:42.638, 160.44, 100, 7503
2026/09/18 04:51:43.638, 160.15, 99, 7503
2026/09/18 04:51:44.638, 160.95, 100, 7503
2026/09/18 04:51:45.638, 160.48, 100, 7503
2026/09/18 04:51:46.646, 160.18, 100, 7503
2026/09/18 04:51:47.646, 161.23, 100, 7503
2026/09/18 04:51:48.646, 160.27, 100, 7503
2026/09/18 04:51:49.646, 160.27, 100, 7503
2026/09/18 04:51:50.647, 161.44, 100, 7503
2026/09/18 04:51:51.647, 159.72, 100, 7503
2026/09/18 04:51:52.647, 160.23, 100, 7503
2026/09/18 04:51:53.647, 160.82, 100, 7503
2026/09/18 04:51:54.647, 160.05, 100, 7503
2026/09/18 04:51:55.648, 160.26, 100, 7503
2026/09/18 04:51:56.648, 161.44, 100, 7503
2026/09/18 04:51:57.648, 159.95, 100, 7503
2026/09/18 04:51:58.648, 160.57, 100, 7503
2026/09/18 04:51:59.648, 160.58, 100, 7503
2026/09/18 04:52:00.649, 159.88, 100, 7503
2026/09/18 04:52:01.656, 160.33, 100, 7503
2026/09/18 04:52:02.656, 161.15, 100, 7503
2026/09/18 04:52:03.657, 159.85, 100, 7503
2026/09/18 04:52:04.657, 160.18, 100, 7503
2026/09/18 04:52:05.657, 160.44, 100, 7503
2026/09/18 04:52:06.657, 159.39, 98, 7503
2026/09/18 04:52:07.657, 159.89, 100, 7503
2026/09/18 04:52:08.658, 160.47, 100, 7503
2026/09/18 04:52:09.658, 159.57, 99, 7503
2026/09/18 04:52:10.658, 160.51, 100, 7503
2026/09/18 04:52:11.658, 160.83, 100, 7503
2026/09/18 04:52:12.658, 159.09, 97, 7503
2026/09/18 04:52:13.659, 160.04, 100, 7503
2026/09/18 04:52:14.659, 160.96, 100, 7503
2026/09/18 04:52:15.659, 159.54, 99, 7503
2026/09/18 04:52:16.668, 161.03, 100, 7503
2026/09/18 04:52:17.668, 160.80, 100, 7503
2026/09/18 04:52:18.668, 159.50, 98, 7503
2026/09/18 04:52:19.669, 160.38, 100, 7503
2026/09/18 04:52:20.669, 160.46, 100, 7503
2026/09/18 04:52:21.669, 159.78, 98, 7503
2026/09/18 04:52:22.669, 160.33, 100, 7503
2026/09/18 04:52:23.670, 160.86, 100, 7503
2026/09/18 04:52:24.670, 159.74, 98, 7503
2026/09/18 04:52:25.670, 160.45, 100, 7503
2026/09/18 04:52:26.670, 160.85, 100, 7503
2026/09/18 04:52:27.670, 159.80, 99, 7503
2026/09/18 04:52:28.671, 161.05, 100, 7503
2026/09/18 04:52:29.671, 160.82, 100, 7503
2026/09/18 04:52:30.671, 159.57, 98, 7503
2026/09/18 04:52:31.671, 160.99, 100, 7503
2026/09/18 04:52:32.672, 160.59, 100, 7503
2026/09/18 04:52:33.672, 160.01, 99, 7503
2026/09/18 04:52:34.672, 161.17, 100, 7503
2026/09/18 04:52:35.672, 160.75, 100, 7503
2026/09/18 04:52:36.681, 159.73, 98, 7503
2026/09/18 04:52:37.681, 160.55, 100, 7503
2026/09/18 04:52:38.681, 160.50, 100, 7503
2026/09/18 04:52:39.681, 160.16, 98, 7503
2026/09/18 04:52:40.682, 160.72, 100, 7503
2026/09/18 04:52:41.682, 160.64, 100, 7503
2026/09/18 04:52:42.682, 159.73, 98, 7503
2026/09/18 04:52:43.682, 160.49, 100, 7503
2026/09/18 04:52:44.683, 160.31, 100, 7503
2026/09/18 04:52:45.683, 159.90, 99, 7503
2026/09/18 04:52:46.692, 160.84, 100, 7503
2026/09/18 04:52:47.692, 159.95, 100, 7503
2026/09/18 04:52:48.692, 159.51, 98, 7503
2026/09/18 04:52:49.692, 160.81, 100, 7503
2026/09/18 04:52:50.692, 160.17, 100, 7503
2026/09/18 04:52:51.701, 159.92, 99, 7503
2026/09/18 04:52:52.701, 161.00, 100, 7503
2026/09/18 04:52:53.701, 160.09, 100, 7503
2026/09/18 04:52:54.702, 160.13, 98, 7503
2026/09/18 04:52:55.702, 160.97, 100, 7503
2026/09/18 04:52:56.702, 160.12, 100, 7503
2026/09/18 04:52:57.702, 160.31, 99, 7503
2026/09/18 04:52:58.702, 161.24, 100, 7503
2026/09/18 04:52:59.702, 160.08, 100, 7503
2026/09/18 04:53:00.703, 159.87, 100, 7503
2026/09/18 04:53:01.703, 161.23, 100, 7503
2026/09/18 04:53:02.703, 160.55, 100, 7503
2026/09/18 04:53:03.703, 160.13, 100, 7503
2026/09/18 04:53:04.703, 161.23, 100, 7503
2026/09/18 04:53:05.704, 160.42, 100, 7503
2026/09/18 04:53:06.704, 159.09, 100, 7503
2026/09/18 04:53:07.704, 161.71, 100, 7503
2026/09/18 04:53:08.704, 160.09, 100, 7503
2026/09/18 04:53:09.704, 160.56, 100, 7503
2026/09/18 04:53:10.704, 161.28, 100, 7503
2026/09/18 04:53:11.705, 163.26, 99, 7503
2026/09/18 04:53:12.705, 160.44, 99, 7503
2026/09/18 04:53:13.705, 159.57, 100, 7503
2026/09/18 04:53:14.705, 159.59, 100, 7503
2026/09/18 04:53:15.705, 161.72, 100, 7503
2026/09/18 04:53:16.706, 163.41, 100, 7503
2026/09/18 04:53:17.706, 161.09, 100, 7503
2026/09/18 04:53:18.706, 159.79, 100, 7503
2026/09/18 04:53:19.706, 159.55, 100, 7503
2026/09/18 04:53:20.706, 161.11, 100, 7503
2026/09/18 04:53:21.707, 163.32, 99, 7503
2026/09/18 04:53:22.707, 161.48, 100, 7503
2026/09/18 04:53:23.716, 159.80, 99, 7503
2026/09/18 04:53:24.716, 159.89, 100, 7503
2026/09/18 04:53:25.716, 160.38, 99, 7503
2026/09/18 04:53:26.716, 163.33, 100, 7503
2026/09/18 04:53:27.716, 161.99, 99, 7503
2026/09/18 04:53:28.725, 159.80, 100, 7503
2026/09/18 04:53:29.725, 159.77, 100, 7503
2026/09/18 04:53:30.725, 159.96, 100, 7503
2026/09/18 04:53:31.726, 163.68, 99, 7503
2026/09/18 04:53:32.726, 162.67, 100, 7503
2026/09/18 04:53:33.726, 159.58, 100, 7503
2026/09/18 04:53:34.726, 159.67, 99, 7503
2026/09/18 04:53:35.726, 160.16, 98, 7503
2026/09/18 04:53:36.727, 162.91, 100, 7503
2026/09/18 04:53:37.727, 162.58, 100, 7503
2026/09/18 04:53:38.736, 159.54, 99, 7503
2026/09/18 04:53:39.736, 159.54, 100, 7503
2026/09/18 04:53:40.736, 159.73, 100, 7503
2026/09/18 04:53:41.736, 162.61, 99, 7503
2026/09/18 04:53:42.736, 162.96, 100, 7503
2026/09/18 04:53:43.737, 159.84, 100, 7503
2026/09/18 04:53:44.737, 159.58, 100, 7503
2026/09/18 04:53:45.737, 159.53, 100, 7503
2026/09/18 04:53:46.737, 163.42, 100, 7503
2026/09/18 04:53:47.737, 164.45, 100, 7503
2026/09/18 04:53:48.746, 160.09, 100, 7503
2026/09/18 04:53:49.746, 160.04, 99, 7503
2026/09/18 04:53:50.746, 159.98, 99, 7503
2026/09/18 04:53:51.747, 162.25, 99, 7503
2026/09/18 04:53:52.747, 163.15, 99, 7503
2026/09/18 04:53:53.747, 160.29, 99, 7503
2026/09/18 04:53:54.747, 159.64, 100, 7503
2026/09/18 04:53:55.748, 159.84, 100, 7503
2026/09/18 04:53:56.748, 161.69, 100, 7503
2026/09/18 04:53:57.748, 163.40, 100, 7503
2026/09/18 04:53:58.757, 161.00, 100, 7503
2026/09/18 04:53:59.757, 159.77, 100, 7503
2026/09/18 04:54:00.757, 159.85, 99, 7503
2026/09/18 04:54:01.757, 161.63, 100, 7503
2026/09/18 04:54:02.757, 163.33, 99, 7503
2026/09/18 04:54:03.758, 161.58, 100, 7503
2026/09/18 04:54:04.758, 159.76, 99, 7503
2026/09/18 04:54:05.758, 159.72, 100, 7503
2026/09/18 04:54:06.758, 160.94, 100, 7503
2026/09/18 04:54:07.759, 163.52, 100, 7503
2026/09/18 04:54:08.767, 162.05, 100, 7503
2026/09/18 04:54:09.767, 159.62, 100, 7503
2026/09/18 04:54:10.768, 159.82, 100, 7503
2026/09/18 04:54:11.768, 160.40, 100, 7503
2026/09/18 04:54:12.768, 163.36, 99, 7503
2026/09/18 04:54:13.768, 162.40, 100, 7503
2026/09/18 04:54:14.769, 159.95, 100, 7503
2026/09/18 04:54:15.769, 159.48, 99, 7503
2026/09/18 04:54:16.769, 159.86, 100, 7503
2026/09/18 04:54:17.769, 163.03, 100, 7503
2026/09/18 04:54:18.778, 162.78, 99, 7503
2026/09/18 04:54:19.778, 159.70, 99, 7503
2026/09/18 04:54:20.778, 159.39, 99, 7503
2026/09/18 04:54:21.779, 159.69, 100, 7503
2026/09/18 04:54:22.779, 162.63, 99, 7503
2026/09/18 04:54:23.787, 162.98, 100, 7503
2026/09/18 04:54:24.788, 159.89, 100, 7503
2026/09/18 04:54:25.788, 159.70, 100, 7503
2026/09/18 04:54:26.788, 159.66, 100, 7503
2026/09/18 04:54:27.788, 162.60, 99, 7503
2026/09/18 04:54:28.789, 163.18, 100, 7503
2026/09/18 04:54:29.789, 160.26, 100, 7503
2026/09/18 04:54:30.789, 159.89, 100, 7503
2026/09/18 04:54:31.789, 159.58, 99, 7503
2026/09/18 04:54:32.790, 162.00, 100, 7503
2026/09/18 04:54:33.790, 163.22, 99, 7503
2026/09/18 04:54:34.790, 160.49, 99, 7503
2026/09/18 04:54:35.790, 160.10, 100, 7503
2026/09/18 04:54:36.790, 159.90, 100, 7503
2026/09/18 04:54:37.791, 161.74, 99, 7503
2026/09/18 04:54:38.791, 163.44, 100, 7503
2026/09/18 04:54:39.791, 161.37, 100, 7503
2026/09/18 04:54:40.791, 159.77, 100, 7503
2026/09/18 04:54:41.791, 159.80, 100, 7503
2026/09/18 04:54:42.792, 105.14, 10, 7503
2026/09/18 04:54:43.792, 97.09, 100, 7503
2026/09/18 04:54:44.792, 160.48, 100, 7503
2026/09/18 04:54:45.792, 159.18, 98, 7503
2026/09/18 04:54:46.792, 160.41, 100, 7503
2026/09/18 04:54:47.793, 161.17, 100, 7503
2026/09/18 04:54:48.793, 159.74, 98, 7503
2026/09/18 04:54:49.793, 160.74, 100, 7503
2026/09/18 04:54:50.793, 160.77, 100, 7503
2026/09/18 04:54:51.794, 159.67, 98, 7503
2026/09/18 04:54:52.794, 160.61, 100, 7503
2026/09/18 04:54:53.794, 161.24, 100, 7503
2026/09/18 04:54:54.794, 159.99, 98, 7503
2026/09/18 04:54:55.795, 160.70, 100, 7503
2026/09/18 04:54:56.795, 160.84, 100, 7503
2026/09/18 04:54:57.795, 159.63, 98, 7503
2026/09/18 04:54:58.795, 160.45, 100, 7503
2026/09/18 04:54:59.795, 160.80, 100, 7503
2026/09/18 04:55:00.796, 159.93, 99, 7503
2026/09/18 04:55:01.796, 161.38, 100, 7503
2026/09/18 04:55:02.796, 160.90, 100, 7503
2026/09/18 04:55:03.796, 159.40, 98, 7503
2026/09/18 04:55:04.796, 160.43, 100, 7503
2026/09/18 04:55:05.797, 160.35, 100, 7503
2026/09/18 04:55:06.797, 160.00, 99, 7503
2026/09/18 04:55:07.797, 160.76, 100, 7503
2026/09/18 04:55:08.797, 160.30, 100, 7503
2026/09/18 04:55:09.798, 159.66, 98, 7503
2026/09/18 04:55:10.798, 160.57, 100, 7503
2026/09/18 04:55:11.798, 160.92, 100, 7503
2026/09/18 04:55:12.798, 160.00, 98, 7503
2026/09/18 04:55:13.798, 160.67, 100, 7503
2026/09/18 04:55:14.799, 160.10, 100, 7503
2026/09/18 04:55:15.799, 159.71, 98, 7503
2026/09/18 04:55:16.799, 161.14, 100, 7503
2026/09/18 04:55:17.799, 160.37, 100, 7503
2026/09/18 04:55:18.800, 160.18, 99, 7503
2026/09/18 04:55:19.800, 161.02, 100, 7503
2026/09/18 04:55:20.800, 160.17, 100, 7503
2026/09/18 04:55:21.800, 160.20, 98, 7503
2026/09/18 04:55:22.801, 161.40, 100, 7503
2026/09/18 04:55:23.801, 160.78, 100, 7503
2026/09/18 04:55:24.801, 160.54, 99, 7503
2026/09/18 04:55:25.801, 161.22, 100, 7503
2026/09/18 04:55:26.801, 160.32, 100, 7503
2026/09/18 04:55:27.802, 159.92, 98, 7503
2026/09/18 04:55:28.802, 161.25, 100, 7503
2026/09/18 04:55:29.802, 160.10, 100, 7503
2026/09/18 04:55:30.802, 160.24, 99, 7503
2026/09/18 04:55:31.803, 161.07, 100, 7503
2026/09/18 04:55:32.803, 160.59, 100, 7503
2026/09/18 04:55:33.803, 160.19, 99, 7503
2026/09/18 04:55:34.803, 160.98, 100, 7503
2026/09/18 04:55:35.803, 160.35, 100, 7503
2026/09/18 04:55:36.804, 160.39, 100, 7503
2026/09/18 04:55:37.812, 161.09, 100, 7503
2026/09/18 04:55:38.812, 160.43, 100, 7503
2026/09/18 04:55:39.813, 160.19, 100, 7503
2026/09/18 04:55:40.813, 161.50, 100, 7503
2026/09/18 04:55:41.813, 160.13, 100, 7503
2026/09/18 04:55:42.822, 160.14, 100, 7503
2026/09/18 04:55:43.822, 161.05, 100, 7503
2026/09/18 04:55:44.822, 160.00, 100, 7503
2026/09/18 04:55:45.822, 159.90, 100, 7503
2026/09/18 04:55:46.823, 160.98, 100, 7503
2026/09/18 04:55:47.823, 160.13, 100, 7503
2026/09/18 04:55:48.823, 160.51, 100, 7503
2026/09/18 04:55:49.823, 161.25, 100, 7503
2026/09/18 04:55:50.824, 159.95, 100, 7503
2026/09/18 04:55:51.824, 160.32, 100, 7503
2026/09/18 04:55:52.832, 161.34, 100, 7503
2026/09/18 04:55:53.833, 159.89, 100, 7503
2026/09/18 04:55:54.833, 160.32, 100, 7503
2026/09/18 04:55:55.833, 160.78, 100, 7503
2026/09/18 04:55:56.833, 159.94, 98, 7503
2026/09/18 04:55:57.842, 160.60, 100, 7503
2026/09/18 04:55:58.842, 160.79, 100, 7503
2026/09/18 04:55:59.842, 160.07, 99, 7503
2026/09/18 04:56:00.843, 160.79, 100, 7503
2026/09/18 04:56:01.843, 161.12, 100, 7503
2026/09/18 04:56:02.851, 159.46, 98, 7503
2026/09/18 04:56:03.852, 160.69, 100, 7503
2026/09/18 04:56:04.852, 161.24, 100, 7503
2026/09/18 04:56:05.852, 159.86, 99, 7503
2026/09/18 04:56:06.852, 161.45, 100, 7503
2026/09/18 04:56:07.853, 160.91, 100, 7503
2026/09/18 04:56:08.853, 159.72, 98, 7503
2026/09/18 04:56:09.853, 160.38, 100, 7503
2026/09/18 04:56:10.853, 161.11, 100, 7503
2026/09/18 04:56:11.853, 160.20, 99, 7503
2026/09/18 04:56:12.854, 160.91, 100, 7503
2026/09/18 04:56:13.854, 161.20, 100, 7503
2026/09/18 04:56:14.854, 159.67, 98, 7503
2026/09/18 04:56:15.854, 160.60, 100, 7503
2026/09/18 04:56:16.854, 160.68, 100, 7503
2026/09/18 04:56:17.855, 160.18, 99, 7503
2026/09/18 04:56:18.855, 161.19, 100, 7503
2026/09/18 04:56:19.855, 161.14, 100, 7503
2026/09/18 04:56:20.855, 159.86, 98, 7503
2026/09/18 04:56:21.855, 160.57, 100, 7503
2026/09/18 04:56:22.856, 160.99, 100, 7503
2026/09/18 04:56:23.856, 160.31, 99, 7503
2026/09/18 04:56:24.856, 161.34, 100, 7503
2026/09/18 04:56:25.856, 160.50, 100, 7503
2026/09/18 04:56:26.857, 159.92, 98, 7503
2026/09/18 04:56:27.857, 160.68, 100, 7503
2026/09/18 04:56:28.857, 160.45, 100, 7503
2026/09/18 04:56:29.857, 160.14, 99, 7503
2026/09/18 04:56:30.857, 161.12, 100, 7503
2026/09/18 04:56:31.858, 160.69, 100, 7503
2026/09/18 04:56:32.858, 159.73, 98, 7503
2026/09/18 04:56:33.858, 160.60, 100, 7503
2026/09/18 04:56:34.858, 160.39, 100, 7503
2026/09/18 04:56:35.858, 159.96, 98, 7503
2026/09/18 04:56:36.859, 161.11, 100, 7503
2026/09/18 04:56:37.859, 160.63, 100, 7503
2026/09/18 04:56:38.867, 160.37, 98, 7503
2026/09/18 04:56:39.868, 161.12, 100, 7503
2026/09/18 04:56:40.868, 160.62, 100, 7503
2026/09/18 04:56:41.868, 160.47, 100, 7503
2026/09/18 04:56:42.868, 161.34, 100, 7503
2026/09/18 04:56:43.877, 160.21, 100, 7503
2026/09/18 04:56:44.877, 159.95, 100, 7503
2026/09/18 04:56:45.877, 161.43, 100, 7503
2026/09/18 04:56:46.877, 160.17, 100, 7503
2026/09/18 04:56:47.878, 160.58, 100, 7503
2026/09/18 04:56:48.886, 161.43, 100, 7503
2026/09/18 04:56:49.887, 160.05, 100, 7503
2026/09/18 04:56:50.887, 159.99, 100, 7503
2026/09/18 04:56:51.887, 160.99, 100, 7503
2026/09/18 04:56:52.887, 160.43, 100, 7503
2026/09/18 04:56:53.896, 160.58, 100, 7503
2026/09/18 04:56:54.896, 161.46, 100, 7503
2026/09/18 04:56:55.896, 160.01, 100, 7503
2026/09/18 04:56:56.897, 160.33, 100, 7503
2026/09/18 04:56:57.897, 161.19, 100, 7503
2026/09/18 04:56:58.906, 160.34, 100, 7503
2026/09/18 04:56:59.906, 161.01, 100, 7503
2026/09/18 04:57:00.906, 161.20, 100, 7503
2026/09/18 04:57:01.906, 160.35, 100, 7503
2026/09/18 04:57:02.906, 160.09, 100, 7503
2026/09/18 04:57:03.907, 160.82, 100, 7503
2026/09/18 04:57:04.907, 160.18, 99, 7503
2026/09/18 04:57:05.907, 160.56, 100, 7503
2026/09/18 04:57:06.907, 161.05, 100, 7503
2026/09/18 04:57:07.908, 159.34, 98, 7503
2026/09/18 04:57:08.916, 161.08, 100, 7503
2026/09/18 04:57:09.916, 161.19, 100, 7503
2026/09/18 04:57:10.917, 159.63, 99, 7503
2026/09/18 04:57:11.917, 160.61, 100, 7503
2026/09/18 04:57:12.917, 161.14, 100, 7503
2026/09/18 04:57:13.917, 159.62, 98, 7503
2026/09/18 04:57:14.917, 160.24, 100, 7503
2026/09/18 04:57:15.918, 160.68, 100, 7503
2026/09/18 04:57:16.918, 159.76, 99, 7503
2026/09/18 04:57:17.918, 159.35, 100, 7503
2026/09/18 04:57:18.918, 163.65, 99, 7503
2026/09/18 04:57:19.919, 162.66, 100, 7503
2026/09/18 04:57:20.919, 159.66, 100, 7503
2026/09/18 04:57:21.919, 159.96, 99, 7503
2026/09/18 04:57:22.919, 159.51, 98, 7503
2026/09/18 04:57:23.928, 163.56, 100, 7503
2026/09/18 04:57:24.928, 163.13, 100, 7503
2026/09/18 04:57:25.928, 159.79, 99, 7503
2026/09/18 04:57:26.929, 159.87, 100, 7503
2026/09/18 04:57:27.929, 159.87, 100, 7503
2026/09/18 04:57:28.937, 163.08, 99, 7503
2026/09/18 04:57:29.938, 163.80, 100, 7503
2026/09/18 04:57:30.938, 160.11, 100, 7503
2026/09/18 04:57:31.938, 159.82, 100, 7503
2026/09/18 04:57:32.938, 159.65, 100, 7503
2026/09/18 04:57:33.938, 162.33, 100, 7503
2026/09/18 04:57:34.939, 163.78, 100, 7503
2026/09/18 04:57:35.939, 160.54, 100, 7503
2026/09/18 04:57:36.939, 159.91, 99, 7503
2026/09/18 04:57:37.939, 160.16, 100, 7503
2026/09/18 04:57:38.948, 162.05, 99, 7503
2026/09/18 04:57:39.948, 163.79, 100, 7503
2026/09/18 04:57:40.948, 160.96, 100, 7503
2026/09/18 04:57:41.948, 160.03, 100, 7503
2026/09/18 04:57:42.949, 160.02, 100, 7503
2026/09/18 04:57:43.949, 161.49, 100, 7503
2026/09/18 04:57:44.949, 163.72, 100, 7503
2026/09/18 04:57:45.949, 161.80, 100, 7503
2026/09/18 04:57:46.949, 160.07, 100, 7503
2026/09/18 04:57:47.950, 159.90, 99, 7503
2026/09/18 04:57:48.950, 161.05, 99, 7503
2026/09/18 04:57:49.950, 163.77, 100, 7503
2026/09/18 04:57:50.950, 162.06, 99, 7503
2026/09/18 04:57:51.950, 159.79, 99, 7503
2026/09/18 04:57:52.950, 159.89, 100, 7503
2026/09/18 04:57:53.951, 160.52, 100, 7503
2026/09/18 04:57:54.951, 163.87, 100, 7503
2026/09/18 04:57:55.951, 162.54, 100, 7503
2026/09/18 04:57:56.951, 159.89, 100, 7503
2026/09/18 04:57:57.951, 159.84, 100, 7503
2026/09/18 04:57:58.952, 160.11, 98, 7503
2026/09/18 04:57:59.952, 163.73, 100, 7503
2026/09/18 04:58:00.960, 163.04, 100, 7503
2026/09/18 04:58:01.961, 160.00, 99, 7503
2026/09/18 04:58:02.961, 159.85, 99, 7503
2026/09/18 04:58:03.961, 159.81, 100, 7503
2026/09/18 04:58:04.961, 163.31, 100, 7503
2026/09/18 04:58:05.962, 163.68, 99, 7503
2026/09/18 04:58:06.962, 160.36, 100, 7503
2026/09/18 04:58:07.962, 160.22, 100, 7503
2026/09/18 04:58:08.962, 160.05, 100, 7503
2026/09/18 04:58:09.962, 163.01, 100, 7503
2026/09/18 04:58:10.963, 163.71, 100, 7503
2026/09/18 04:58:11.963, 160.26, 100, 7503
2026/09/18 04:58:12.963, 159.98, 100, 7503
2026/09/18 04:58:13.963, 160.14, 99, 7503
2026/09/18 04:58:14.963, 162.98, 100, 7503
2026/09/18 04:58:15.964, 163.92, 99, 7503
2026/09/18 04:58:16.964, 160.87, 99, 7503
2026/09/18 04:58:17.964, 160.35, 100, 7503
2026/09/18 04:58:18.964, 160.12, 100, 7503
2026/09/18 04:58:19.965, 161.95, 99, 7503
2026/09/18 04:58:20.972, 163.33, 100, 7503
2026/09/18 04:58:21.972, 160.07, 99, 7503
2026/09/18 04:58:22.972, 160.07, 100, 7503
2026/09/18 04:58:23.972, 160.00, 100, 7503
2026/09/18 04:58:24.973, 163.09, 99, 7503
2026/09/18 04:58:25.981, 164.11, 99, 7503
2026/09/18 04:58:26.981, 160.40, 100, 7503
2026/09/18 04:58:27.982, 159.91, 100, 7503
2026/09/18 04:58:28.982, 159.74, 100, 7503
2026/09/18 04:58:29.982, 162.60, 100, 7503
2026/09/18 04:58:30.982, 163.82, 100, 7503
2026/09/18 04:58:31.983, 160.87, 100, 7503
2026/09/18 04:58:32.983, 159.91, 99, 7503
2026/09/18 04:58:33.983, 159.91, 99, 7503
2026/09/18 04:58:34.983, 162.25, 100, 7503
2026/09/18 04:58:35.992, 163.68, 99, 7503
2026/09/18 04:58:36.992, 161.19, 99, 7503
2026/09/18 04:58:37.992, 159.99, 100, 7503
2026/09/18 04:58:38.993, 160.01, 100, 7503
2026/09/18 04:58:39.993, 161.51, 100, 7503
2026/09/18 04:58:40.993, 163.72, 100, 7503
2026/09/18 04:58:41.993, 161.71, 100, 7503
2026/09/18 04:58:42.993, 160.06, 100, 7503
2026/09/18 04:58:43.994, 159.98, 99, 7503
2026/09/18 04:58:44.994, 161.30, 100, 7503
2026/09/18 04:58:45.994, 163.76, 99, 7503
2026/09/18 04:58:46.994, 162.21, 100, 7503
2026/09/18 04:58:47.995, 159.78, 99, 7503
2026/09/18 04:58:48.995, 159.87, 100, 7503
2026/09/18 04:58:49.995, 131.44, 29, 7503
2026/09/18 04:58:50.995, 79.84, 100, 7503
2026/09/18 04:58:51.996, 160.38, 100, 7503
2026/09/18 04:58:52.996, 161.65, 100, 7503
2026/09/18 04:58:53.996, 160.05, 100, 7503
2026/09/18 04:58:54.996, 160.45, 100, 7503
2026/09/18 04:58:55.996, 161.18, 100, 7503
2026/09/18 04:58:56.997, 160.43, 100, 7503
2026/09/18 04:58:57.997, 159.95, 100, 7503
2026/09/18 04:58:58.997, 161.52, 100, 7503
2026/09/18 04:58:59.997, 159.84, 100, 7503
2026/09/18 04:59:01.006, 160.65, 100, 7503
2026/09/18 04:59:02.006, 161.32, 100, 7503
2026/09/18 04:59:03.006, 160.01, 100, 7503
2026/09/18 04:59:04.007, 160.43, 100, 7503
2026/09/18 04:59:05.007, 161.14, 100, 7503
2026/09/18 04:59:06.015, 160.21, 100, 7503
2026/09/18 04:59:07.016, 160.80, 100, 7503
2026/09/18 04:59:08.016, 160.87, 100, 7503
2026/09/18 04:59:09.016, 159.83, 99, 7503
2026/09/18 04:59:10.016, 160.73, 100, 7503
2026/09/18 04:59:11.025, 160.91, 100, 7503
2026/09/18 04:59:12.025, 159.85, 99, 7503
2026/09/18 04:59:13.025, 161.32, 100, 7503
2026/09/18 04:59:14.025, 160.81, 100, 7503
2026/09/18 04:59:15.026, 159.62, 98, 7503
2026/09/18 04:59:16.026, 160.29, 100, 7503
2026/09/18 04:59:17.026, 161.07, 100, 7503
2026/09/18 04:59:18.026, 160.10, 99, 7503
2026/09/18 04:59:19.027, 161.23, 100, 7503
2026/09/18 04:59:20.027, 160.73, 100, 7503
2026/09/18 04:59:21.027, 159.37, 98, 7503
2026/09/18 04:59:22.027, 160.33, 100, 7503
2026/09/18 04:59:23.027, 160.82, 100, 7503
2026/09/18 04:59:24.028, 160.15, 99, 7503
2026/09/18 04:59:25.028, 161.08, 100, 7503
2026/09/18 04:59:26.028, 161.20, 100, 7503
2026/09/18 04:59:27.028, 159.89, 98, 7503
2026/09/18 04:59:28.028, 160.59, 100, 7503
2026/09/18 04:59:29.029, 161.26, 100, 7503
2026/09/18 04:59:30.029, 160.00, 99, 7503
2026/09/18 04:59:31.029, 159.80, 100, 7503
2026/09/18 04:59:32.029, 160.95, 100, 7503
2026/09/18 04:59:33.029, 159.88, 98, 7503
2026/09/18 04:59:34.030, 160.82, 100, 7503
2026/09/18 04:59:35.030, 160.96, 100, 7503
2026/09/18 04:59:36.030, 160.26, 99, 7503
2026/09/18 04:59:37.030, 160.89, 100, 7503
2026/09/18 04:59:38.030, 160.84, 100, 7503
2026/09/18 04:59:39.031, 159.74, 98, 7503
2026/09/18 04:59:40.031, 160.52, 100, 7503
2026/09/18 04:59:41.031, 160.78, 100, 7503
2026/09/18 04:59:42.031, 159.99, 99, 7503
2026/09/18 04:59:43.032, 160.96, 100, 7503
2026/09/18 04:59:44.040, 160.52, 100, 7503
2026/09/18 04:59:45.040, 159.73, 98, 7503
2026/09/18 04:59:46.041, 160.71, 100, 7503
2026/09/18 04:59:47.041, 160.44, 100, 7503
2026/09/18 04:59:48.041, 160.12, 98, 7503
2026/09/18 04:59:49.041, 161.12, 100, 7503
2026/09/18 04:59:50.041, 161.05, 100, 7503
2026/09/18 04:59:51.042, 159.94, 98, 7503
2026/09/18 04:59:52.042, 161.08, 100, 7503
2026/09/18 04:59:53.042, 160.20, 100, 7503
2026/09/18 04:59:54.042, 159.96, 99, 7503
2026/09/18 04:59:55.042, 161.32, 100, 7503
2026/09/18 04:59:56.043, 160.13, 100, 7503
2026/09/18 04:59:57.043, 160.01, 98, 7503
2026/09/18 04:59:58.043, 160.66, 100, 7503
2026/09/18 04:59:59.052, 160.20, 100, 7503
2026/09/18 05:00:00.052, 160.23, 99, 7503
2026/09/18 05:00:01.052, 161.24, 100, 7503
2026/09/18 05:00:02.052, 160.58, 100, 7503
2026/09/18 05:00:03.053, 159.79, 98, 7503
2026/09/18 05:00:04.053, 160.91, 100, 7503
2026/09/18 05:00:05.053, 160.42, 100, 7503
2026/09/18 05:00:06.053, 159.30, 99, 7503
2026/09/18 05:00:07.053, 161.14, 100, 7503
2026/09/18 05:00:08.054, 160.79, 100, 7503
2026/09/18 05:00:09.054, 160.38, 98, 7503
2026/09/18 05:00:10.054, 161.01, 100, 7503
2026/09/18 05:00:11.054, 159.12, 100, 7503
2026/09/18 05:00:12.055, 160.68, 98, 7503
2026/09/18 05:00:13.055, 161.13, 100, 7503
2026/09/18 05:00:14.055, 160.26, 100, 7503
2026/09/18 05:00:15.055, 160.23, 99, 7503
2026/09/18 05:00:16.055, 159.93, 100, 7503
2026/09/18 05:00:17.056, 160.23, 100, 7503
2026/09/18 05:00:18.056, 160.97, 99, 7503
2026/09/18 05:00:19.056, 161.84, 100, 7503
2026/09/18 05:00:20.056, 160.65, 100, 7503
2026/09/18 05:00:21.056, 159.93, 100, 7503
2026/09/18 05:00:22.057, 161.26, 100, 7503
2026/09/18 05:00:23.057, 160.23, 100, 7503
2026/09/18 05:00:24.057, 160.46, 100, 7503
2026/09/18 05:00:25.057, 161.19, 100, 7503
2026/09/18 05:00:26.057, 160.45, 100, 7503
2026/09/18 05:00:27.058, 160.66, 100, 7503
2026/09/18 05:00:28.058, 161.74, 100, 7503
2026/09/18 05:00:29.058, 160.27, 100, 7503
2026/09/18 05:00:30.058, 160.53, 100, 7503
2026/09/18 05:00:31.058, 161.64, 100, 7503
2026/09/18 05:00:32.059, 160.11, 100, 7503
2026/09/18 05:00:33.059, 160.23, 100, 7503
2026/09/18 05:00:34.059, 161.14, 100, 7503
2026/09/18 05:00:35.059, 160.41, 100, 7503
2026/09/18 05:00:36.059, 160.98, 100, 7503
2026/09/18 05:00:37.068, 161.69, 100, 7503
2026/09/18 05:00:38.068, 160.39, 99, 7503
2026/09/18 05:00:39.069, 160.90, 100, 7503
2026/09/18 05:00:40.069, 161.75, 100, 7503
2026/09/18 05:00:41.069, 160.16, 99, 7503
2026/09/18 05:00:42.069, 160.76, 100, 7503
2026/09/18 05:00:43.069, 161.02, 100, 7503
2026/09/18 05:00:44.069, 159.67, 98, 7503
2026/09/18 05:00:45.070, 160.42, 100, 7503
2026/09/18 05:00:46.070, 160.82, 100, 7503
2026/09/18 05:00:47.078, 159.65, 99, 7503
2026/09/18 05:00:48.079, 160.83, 100, 7503
2026/09/18 05:00:49.079, 160.62, 100, 7503
2026/09/18 05:00:50.079, 159.67, 98, 7503
2026/09/18 05:00:51.079, 161.53, 100, 7503
2026/09/18 05:00:52.088, 161.29, 100, 7503
2026/09/18 05:00:53.088, 160.09, 99, 7503
2026/09/18 05:00:54.089, 160.96, 100, 7503
2026/09/18 05:00:55.089, 161.11, 100, 7503
2026/09/18 05:00:56.089, 159.68, 98, 7503
2026/09/18 05:00:57.089, 160.69, 100, 7503
2026/09/18 05:00:58.089, 160.60, 100, 7503
2026/09/18 05:00:59.090, 160.05, 99, 7503
2026/09/18 05:01:00.090, 161.37, 100, 7503
2026/09/18 05:01:01.090, 160.46, 100, 7503
2026/09/18 05:01:02.090, 159.71, 98, 7503
2026/09/18 05:01:03.090, 160.53, 100, 7503
2026/09/18 05:01:04.091, 160.45, 100, 7503
2026/09/18 05:01:05.091, 160.08, 99, 7503
2026/09/18 05:01:06.091, 160.67, 100, 7503
2026/09/18 05:01:07.091, 160.28, 100, 7503
2026/09/18 05:01:08.091, 159.88, 98, 7503
2026/09/18 05:01:09.091, 160.63, 100, 7503
2026/09/18 05:01:10.092, 160.40, 100, 7503
2026/09/18 05:01:11.092, 159.98, 99, 7503
2026/09/18 05:01:12.092, 161.18, 100, 7503
2026/09/18 05:01:13.092, 160.70, 100, 7503
2026/09/18 05:01:14.093, 159.86, 98, 7503
2026/09/18 05:01:15.093, 160.65, 100, 7503
2026/09/18 05:01:16.093, 160.60, 100, 7503
2026/09/18 05:01:17.093, 160.30, 99, 7503
2026/09/18 05:01:18.102, 161.07, 100, 7503
2026/09/18 05:01:19.102, 160.37, 100, 7503
2026/09/18 05:01:20.102, 160.02, 98, 7503
2026/09/18 05:01:21.102, 161.24, 100, 7503
2026/09/18 05:01:22.103, 160.27, 100, 7503
2026/09/18 05:01:23.111, 160.44, 99, 7503
2026/09/18 05:01:24.112, 160.96, 100, 7503
2026/09/18 05:01:25.112, 160.14, 100, 7503
2026/09/18 05:01:26.112, 160.03, 100, 7503
2026/09/18 05:01:27.112, 163.19, 100, 7503
2026/09/18 05:01:28.112, 161.41, 100, 7503
2026/09/18 05:01:29.113, 159.76, 100, 7503
2026/09/18 05:01:30.113, 159.73, 99, 7503
2026/09/18 05:01:31.113, 160.87, 99, 7503
2026/09/18 05:01:32.113, 163.47, 99, 7503
2026/09/18 05:01:33.114, 161.46, 99, 7503
2026/09/18 05:01:34.114, 158.64, 99, 7503
2026/09/18 05:01:35.114, 159.14, 100, 7503
2026/09/18 05:01:36.114, 159.66, 100, 7503
2026/09/18 05:01:37.114, 163.28, 100, 7503
2026/09/18 05:01:38.115, 162.54, 100, 7503
2026/09/18 05:01:39.115, 160.01, 100, 7503
2026/09/18 05:01:40.115, 160.13, 100, 7503
2026/09/18 05:01:41.115, 160.21, 98, 7503
2026/09/18 05:01:42.115, 163.48, 100, 7503
2026/09/18 05:01:43.115, 162.64, 100, 7503
2026/09/18 05:01:44.116, 159.69, 100, 7503
2026/09/18 05:01:45.116, 159.49, 99, 7503
2026/09/18 05:01:46.116, 159.69, 100, 7503
2026/09/18 05:01:47.116, 162.72, 100, 7503
2026/09/18 05:01:48.116, 163.04, 99, 7503
2026/09/18 05:01:49.117, 159.79, 100, 7503
2026/09/18 05:01:50.117, 159.46, 100, 7503
2026/09/18 05:01:51.117, 159.68, 100, 7503
2026/09/18 05:01:52.117, 162.55, 100, 7503
2026/09/18 05:01:53.117, 163.47, 100, 7503
2026/09/18 05:01:54.117, 159.90, 100, 7503
2026/09/18 05:01:55.118, 159.25, 100, 7503
2026/09/18 05:01:56.118, 158.80, 99, 7503
2026/09/18 05:01:57.118, 161.31, 100, 7503
2026/09/18 05:01:58.118, 163.23, 99, 7503
2026/09/18 05:01:59.118, 160.03, 99, 7503
2026/09/18 05:02:00.119, 159.10, 100, 7503
2026/09/18 05:02:01.119, 158.98, 100, 7503
2026/09/18 05:02:02.119, 160.91, 100, 7503
2026/09/18 05:02:03.119, 163.34, 100, 7503
2026/09/18 05:02:04.119, 161.59, 100, 7503
2026/09/18 05:02:05.120, 159.86, 100, 7503
2026/09/18 05:02:06.120, 159.90, 99, 7503
2026/09/18 05:02:07.120, 161.06, 100, 7503
2026/09/18 05:02:08.120, 163.56, 99, 7503
2026/09/18 05:02:09.120, 161.77, 100, 7503
2026/09/18 05:02:10.121, 159.58, 99, 7503
2026/09/18 05:02:11.121, 159.90, 100, 7503
2026/09/18 05:02:12.121, 160.58, 100, 7503
2026/09/18 05:02:13.130, 163.33, 100, 7503
2026/09/18 05:02:14.130, 162.55, 100, 7503
2026/09/18 05:02:15.130, 159.69, 100, 7503
2026/09/18 05:02:16.130, 159.83, 100, 7503
2026/09/18 05:02:17.131, 160.15, 100, 7503
2026/09/18 05:02:18.139, 163.27, 99, 7503
2026/09/18 05:02:19.139, 162.57, 100, 7503
2026/09/18 05:02:20.140, 158.82, 100, 7503
2026/09/18 05:02:21.140, 158.79, 99, 7503
2026/09/18 05:02:22.140, 158.96, 100, 7503
2026/09/18 05:02:23.149, 163.07, 100, 7503
2026/09/18 05:02:24.149, 163.17, 99, 7503
2026/09/18 05:02:25.149, 159.94, 100, 7503
2026/09/18 05:02:26.149, 159.23, 100, 7503
2026/09/18 05:02:27.150, 158.79, 100, 7503
2026/09/18 05:02:28.158, 162.12, 100, 7503
2026/09/18 05:02:29.158, 163.26, 100, 7503
2026/09/18 05:02:30.159, 159.44, 100, 7503
2026/09/18 05:02:31.159, 158.91, 99, 7503
2026/09/18 05:02:32.159, 158.75, 99, 7503
2026/09/18 05:02:33.159, 161.67, 100, 7503
2026/09/18 05:02:34.159, 163.28, 99, 7503
2026/09/18 05:02:35.160, 160.25, 99, 7503
2026/09/18 05:02:36.160, 158.99, 100, 7503
2026/09/18 05:02:37.160, 158.86, 100, 7503
2026/09/18 05:02:38.160, 160.81, 100, 7503
2026/09/18 05:02:39.160, 163.33, 100, 7503
2026/09/18 05:02:40.161, 160.87, 100, 7503
2026/09/18 05:02:41.161, 158.85, 100, 7503
2026/09/18 05:02:42.161, 158.86, 99, 7503
2026/09/18 05:02:43.161, 160.14, 99, 7503
2026/09/18 05:02:44.161, 163.26, 100, 7503
2026/09/18 05:02:45.162, 161.72, 99, 7503
2026/09/18 05:02:46.162, 160.10, 100, 7503
2026/09/18 05:02:47.162, 159.95, 100, 7503
2026/09/18 05:02:48.162, 160.40, 100, 7503
2026/09/18 05:02:49.164, 163.37, 100, 7503
2026/09/18 05:02:50.164, 162.73, 100, 7503
2026/09/18 05:02:51.164, 158.96, 100, 7503
2026/09/18 05:02:52.164, 158.84, 100, 7503
2026/09/18 05:02:53.165, 159.16, 98, 7503
2026/09/18 05:02:54.165, 162.87, 100, 7503
2026/09/18 05:02:55.165, 162.45, 100, 7503
2026/09/18 05:02:56.165, 159.62, 99, 7503
2026/09/18 05:02:57.165, 159.55, 100, 7503
2026/09/18 05:02:58.166, 158.68, 100, 7503
2026/09/18 05:02:59.174, 58.21, 60, 7503
2026/09/18 05:03:00.175, 154.49, 100, 7503
2026/09/18 05:03:01.175, 160.48, 100, 7503
2026/09/18 05:03:02.175, 159.43, 98, 7503
2026/09/18 05:03:03.175, 160.37, 100, 7503
2026/09/18 05:03:04.178, 159.50, 100, 7503
2026/09/18 05:03:05.178, 159.73, 98, 7503
2026/09/18 05:03:06.179, 160.47, 100, 7503
2026/09/18 05:03:07.179, 159.89, 100, 7503
2026/09/18 05:03:08.179, 159.64, 98, 7503
2026/09/18 05:03:09.188, 160.25, 100, 7503
2026/09/18 05:03:10.188, 160.59, 100, 7503
2026/09/18 05:03:11.188, 159.71, 98, 7503
2026/09/18 05:03:12.188, 160.71, 100, 7503
2026/09/18 05:03:13.189, 160.47, 100, 7503
2026/09/18 05:03:14.189, 159.60, 98, 7503
2026/09/18 05:03:15.189, 160.76, 100, 7503
2026/09/18 05:03:16.189, 160.57, 100, 7503
2026/09/18 05:03:17.189, 160.19, 98, 7503
2026/09/18 05:03:18.190, 160.98, 100, 7503
2026/09/18 05:03:19.198, 160.19, 100, 7503
2026/09/18 05:03:20.199, 159.69, 98, 7503
2026/09/18 05:03:21.199, 160.70, 100, 7503
2026/09/18 05:03:22.199, 160.35, 100, 7503
2026/09/18 05:03:23.199, 159.99, 99, 7503
2026/09/18 05:03:24.199, 161.13, 100, 7503
2026/09/18 05:03:25.200, 160.70, 100, 7503
2026/09/18 05:03:26.200, 159.92, 99, 7503
2026/09/18 05:03:27.200, 160.77, 100, 7503
2026/09/18 05:03:28.200, 160.07, 100, 7503
2026/09/18 05:03:29.200, 160.62, 100, 7503
2026/09/18 05:03:30.201, 161.51, 100, 7503
2026/09/18 05:03:31.201, 160.46, 100, 7503
2026/09/18 05:03:32.201, 159.99, 100, 7503
2026/09/18 05:03:33.201, 161.02, 100, 7503
2026/09/18 05:03:34.210, 160.09, 100, 7503
2026/09/18 05:03:35.210, 160.30, 100, 7503
2026/09/18 05:03:36.210, 161.12, 100, 7503
2026/09/18 05:03:37.211, 160.50, 100, 7503
2026/09/18 05:03:38.211, 160.40, 100, 7503
2026/09/18 05:03:39.211, 160.97, 100, 7503
2026/09/18 05:03:40.211, 160.22, 100, 7503
2026/09/18 05:03:41.211, 160.56, 100, 7503
2026/09/18 05:03:42.212, 161.38, 100, 7503
2026/09/18 05:03:43.212, 160.11, 100, 7503
2026/09/18 05:03:44.212, 160.28, 100, 7503
2026/09/18 05:03:45.212, 160.83, 100, 7503
2026/09/18 05:03:46.212, 160.23, 100, 7503
2026/09/18 05:03:47.213, 160.89, 100, 7503
2026/09/18 05:03:48.213, 160.82, 100, 7503
2026/09/18 05:03:49.213, 159.69, 98, 7503
2026/09/18 05:03:50.213, 161.18, 100, 7503
2026/09/18 05:03:51.213, 160.91, 100, 7503
2026/09/18 05:03:52.214, 159.48, 98, 7503
2026/09/18 05:03:53.214, 160.47, 100, 7503
2026/09/18 05:03:54.223, 160.81, 100, 7503
2026/09/18 05:03:55.223, 159.31, 98, 7503
2026/09/18 05:03:56.223, 160.26, 100, 7503
2026/09/18 05:03:57.223, 160.70, 100, 7503
2026/09/18 05:03:58.223, 159.94, 99, 7503
2026/09/18 05:03:59.232, 161.14, 100, 7503
2026/09/18 05:04:00.232, 160.47, 100, 7503
2026/09/18 05:04:01.233, 159.22, 98, 7503
2026/09/18 05:04:02.233, 160.32, 100, 7503
2026/09/18 05:04:03.233, 160.74, 100, 7503
2026/09/18 05:04:04.242, 160.13, 99, 7503
2026/09/18 05:04:05.242, 160.71, 100, 7503
2026/09/18 05:04:06.242, 161.01, 100, 7503
2026/09/18 05:04:07.242, 159.86, 98, 7503
2026/09/18 05:04:08.243, 160.53, 100, 7503
2026/09/18 05:04:09.243, 161.09, 100, 7503
2026/09/18 05:04:10.243, 160.17, 98, 7503
2026/09/18 05:04:11.243, 160.82, 100, 7503
2026/09/18 05:04:12.243, 160.44, 100, 7503
2026/09/18 05:04:13.244, 159.73, 98, 7503
2026/09/18 05:04:14.244, 159.52, 100, 7503
2026/09/18 05:04:15.244, 160.42, 100, 7503
2026/09/18 05:04:16.244, 159.82, 99, 7503
2026/09/18 05:04:17.244, 161.13, 100, 7503
2026/09/18 05:04:18.245, 160.72, 100, 7503
2026/09/18 05:04:19.245, 158.58, 90, 7503
2026/09/18 05:04:20.245, 159.77, 100, 7503
2026/09/18 05:04:21.245, 160.84, 100, 7503
2026/09/18 05:04:22.245, 159.90, 99, 7503
2026/09/18 05:04:23.246, 161.29, 100, 7503
2026/09/18 05:04:24.246, 160.63, 100, 7503
2026/09/18 05:04:25.246, 159.81, 98, 7503
2026/09/18 05:04:26.246, 160.79, 100, 7503
2026/09/18 05:04:27.246, 160.18, 100, 7503
2026/09/18 05:04:28.247, 160.13, 99, 7503
2026/09/18 05:04:29.247, 160.90, 100, 7503
2026/09/18 05:04:30.247, 159.09, 100, 7503
2026/09/18 05:04:31.247, 159.84, 98, 7503
2026/09/18 05:04:32.247, 160.67, 100, 7503
2026/09/18 05:04:33.248, 160.15, 100, 7503
2026/09/18 05:04:34.248, 159.94, 99, 7503
2026/09/18 05:04:35.248, 161.01, 100, 7503
2026/09/18 05:04:36.248, 160.30, 100, 7503
2026/09/18 05:04:37.248, 159.88, 98, 7503
2026/09/18 05:04:38.249, 160.77, 100, 7503
2026/09/18 05:04:39.249, 160.20, 100, 7503
2026/09/18 05:04:40.258, 160.30, 99, 7503
2026/09/18 05:04:41.258, 160.90, 100, 7503
2026/09/18 05:04:42.258, 160.07, 100, 7503
2026/09/18 05:04:43.258, 160.05, 98, 7503
2026/09/18 05:04:44.258, 160.76, 100, 7503
2026/09/18 05:04:45.267, 160.19, 100, 7503
2026/09/18 05:04:46.267, 160.10, 98, 7503
2026/09/18 05:04:47.267, 160.98, 100, 7503
2026/09/18 05:04:48.268, 160.33, 100, 7503
2026/09/18 05:04:49.268, 159.78, 100, 7503
2026/09/18 05:04:50.276, 160.86, 100, 7503
2026/09/18 05:04:51.277, 160.28, 100, 7503
2026/09/18 05:04:52.277, 160.34, 100, 7503
2026/09/18 05:04:53.277, 160.88, 100, 7503
2026/09/18 05:04:54.277, 160.02, 100, 7503
2026/09/18 05:04:55.286, 159.88, 100, 7503
2026/09/18 05:04:56.286, 160.95, 100, 7503
2026/09/18 05:04:57.286, 160.01, 100, 7503
2026/09/18 05:04:58.287, 160.36, 100, 7503
2026/09/18 05:04:59.287, 161.08, 100, 7503
2026/09/18 05:05:00.287, 160.32, 100, 7503
2026/09/18 05:05:01.287, 160.31, 100, 7503
2026/09/18 05:05:02.287, 161.70, 100, 7503
2026/09/18 05:05:03.288, 160.37, 100, 7503
2026/09/18 05:05:04.288, 160.43, 100, 7503
2026/09/18 05:05:05.288, 160.72, 100, 7503
2026/09/18 05:05:06.288, 160.14, 100, 7503
2026/09/18 05:05:07.289, 159.77, 100, 7503
2026/09/18 05:05:08.289, 161.26, 100, 7503
2026/09/18 05:05:09.289, 160.33, 100, 7503
2026/09/18 05:05:10.289, 160.71, 100, 7503
2026/09/18 05:05:11.289, 160.71, 100, 7503
2026/09/18 05:05:12.290, 160.12, 100, 7503
2026/09/18 05:05:13.290, 160.08, 100, 7503
2026/09/18 05:05:14.290, 160.68, 100, 7503
2026/09/18 05:05:15.290, 160.08, 99, 7503
2026/09/18 05:05:16.291, 160.59, 100, 7503
2026/09/18 05:05:17.291, 160.45, 100, 7503
2026/09/18 05:05:18.291, 159.42, 98, 7503
2026/09/18 05:05:19.291, 161.02, 100, 7503
2026/09/18 05:05:20.291, 160.68, 100, 7503
2026/09/18 05:05:21.292, 159.71, 99, 7503
2026/09/18 05:05:22.292, 160.17, 100, 7503
2026/09/18 05:05:23.292, 160.42, 100, 7503
2026/09/18 05:05:24.292, 159.19, 98, 7503
2026/09/18 05:05:25.292, 161.16, 100, 7503
2026/09/18 05:05:26.293, 160.67, 100, 7503
2026/09/18 05:05:27.293, 159.80, 99, 7503
2026/09/18 05:05:28.293, 161.12, 100, 7503
2026/09/18 05:05:29.293, 161.01, 100, 7523
2026/09/18 05:05:30.293, 159.28, 98, 7523
2026/09/18 05:05:31.294, 160.97, 100, 7523
2026/09/18 05:05:32.294, 160.83, 100, 7523
2026/09/18 05:05:33.303, 158.89, 95, 7523
2026/09/18 05:05:34.303, 161.47, 100, 7523
2026/09/18 05:05:35.303, 162.76, 100, 7523
2026/09/18 05:05:36.303, 158.48, 99, 7523
2026/09/18 05:05:37.303, 158.72, 100, 7523
2026/09/18 05:05:38.304, 158.51, 100, 7523
2026/09/18 05:05:39.304, 161.97, 99, 7523
2026/09/18 05:05:40.304, 163.30, 100, 7523
2026/09/18 05:05:41.304, 159.68, 100, 7523
2026/09/18 05:05:42.305, 159.59, 100, 7523
2026/09/18 05:05:43.305, 159.49, 99, 7523
2026/09/18 05:05:44.305, 161.64, 100, 7523
2026/09/18 05:05:45.305, 162.97, 99, 7523
2026/09/18 05:05:46.305, 159.75, 99, 7523
2026/09/18 05:05:47.306, 158.60, 99, 7523
2026/09/18 05:05:48.306, 158.68, 100, 7523
2026/09/18 05:05:49.306, 160.81, 99, 7523
2026/09/18 05:05:50.306, 163.14, 100, 7523
2026/09/18 05:05:51.306, 160.58, 100, 7523
2026/09/18 05:05:52.307, 158.88, 100, 7523
2026/09/18 05:05:53.307, 158.31, 100, 7523
2026/09/18 05:05:54.307, 160.06, 100, 7523
2026/09/18 05:05:55.307, 162.97, 99, 7523
2026/09/18 05:05:56.307, 161.31, 100, 7523
2026/09/18 05:05:57.308, 159.36, 99, 7523
2026/09/18 05:05:58.308, 159.52, 99, 7523
2026/09/18 05:05:59.308, 160.30, 99, 7523
2026/09/18 05:06:00.308, 163.16, 100, 7523
2026/09/18 05:06:01.309, 161.34, 99, 7523
2026/09/18 05:06:02.309, 159.08, 100, 7523
2026/09/18 05:06:03.309, 158.45, 100, 7523
2026/09/18 05:06:04.309, 159.35, 100, 7523
2026/09/18 05:06:05.309, 162.84, 99, 7523
2026/09/18 05:06:06.310, 162.53, 100, 7523
2026/09/18 05:06:07.310, 159.12, 100, 7523
2026/09/18 05:06:08.310, 159.58, 99, 7523
2026/09/18 05:06:09.310, 160.09, 99, 7523
2026/09/18 05:06:10.311, 162.69, 100, 7523
2026/09/18 05:06:11.311, 162.82, 99, 7523
2026/09/18 05:06:12.311, 159.27, 99, 7523
2026/09/18 05:06:13.311, 159.64, 100, 7523
2026/09/18 05:06:14.311, 159.43, 100, 7523
2026/09/18 05:06:15.312, 162.32, 99, 7523
2026/09/18 05:06:16.312, 163.34, 100, 7523
2026/09/18 05:06:17.312, 159.57, 100, 7523
2026/09/18 05:06:18.312, 158.69, 100, 7523
2026/09/18 05:06:19.312, 158.71, 99, 7523
2026/09/18 05:06:20.313, 161.79, 100, 7523
2026/09/18 05:06:21.313, 163.54, 99, 7523
2026/09/18 05:06:22.313, 159.70, 99, 7523
2026/09/18 05:06:23.313, 158.64, 100, 7523
2026/09/18 05:06:24.313, 158.69, 100, 7523
2026/09/18 05:06:25.314, 160.85, 99, 7523
2026/09/18 05:06:26.314, 163.64, 100, 7523
2026/09/18 05:06:27.314, 161.17, 100, 7523
2026/09/18 05:06:28.314, 159.66, 100, 7523
2026/09/18 05:06:29.323, 159.71, 100, 7523
2026/09/18 05:06:30.323, 161.16, 100, 7523
2026/09/18 05:06:31.323, 163.40, 99, 7523
2026/09/18 05:06:32.324, 161.49, 100, 7523
2026/09/18 05:06:33.324, 159.44, 99, 7523
2026/09/18 05:06:34.324, 159.65, 100, 7523
2026/09/18 05:06:35.324, 160.18, 99, 7523
2026/09/18 05:06:36.324, 163.49, 100, 7523
2026/09/18 05:06:37.325, 162.09, 99, 7523
2026/09/18 05:06:38.325, 159.94, 100, 7523
2026/09/18 05:06:39.325, 159.90, 100, 7523
2026/09/18 05:06:40.325, 159.68, 100, 7523
2026/09/18 05:06:41.325, 163.47, 99, 7523
2026/09/18 05:06:42.326, 162.47, 100, 7523
2026/09/18 05:06:43.326, 158.88, 100, 7523
2026/09/18 05:06:44.334, 158.92, 99, 7523
2026/09/18 05:06:45.335, 158.77, 100, 7523
2026/09/18 05:06:46.335, 163.11, 100, 7523
2026/09/18 05:06:47.335, 163.20, 99, 7523
2026/09/18 05:06:48.335, 160.04, 99, 7523
2026/09/18 05:06:49.335, 159.84, 100, 7523
2026/09/18 05:06:50.336, 159.72, 100, 7523
2026/09/18 05:06:51.336, 162.58, 99, 7523
2026/09/18 05:06:52.336, 163.50, 100, 7523
2026/09/18 05:06:53.336, 159.73, 100, 7523
2026/09/18 05:06:54.345, 159.45, 100, 7523
2026/09/18 05:06:55.345, 159.75, 99, 7523
2026/09/18 05:06:56.345, 162.18, 100, 7523
2026/09/18 05:06:57.345, 163.39, 99, 7523
2026/09/18 05:06:58.346, 160.06, 99, 7523
2026/09/18 05:06:59.346, 159.50, 99, 7523
2026/09/18 05:07:00.346, 159.59, 100, 7523
2026/09/18 05:07:01.346, 161.19, 99, 7523
2026/09/18 05:07:02.346, 163.09, 100, 7523
2026/09/18 05:07:03.347, 161.09, 100, 7523
2026/09/18 05:07:04.356, 159.41, 100, 7523
2026/09/18 05:07:05.356, 159.54, 100, 7523
2026/09/18 05:07:06.356, 102.39, 5, 7523
2026/09/18 05:07:07.356, 98.53, 100, 7523
2026/09/18 05:07:08.356, 160.85, 100, 7523
2026/09/18 05:07:09.365, 159.71, 99, 7523
2026/09/18 05:07:10.365, 160.43, 100, 7523
2026/09/18 05:07:11.365, 160.57, 100, 7523
2026/09/18 05:07:12.366, 159.37, 98, 7523
2026/09/18 05:07:13.366, 160.31, 100, 7523
2026/09/18 05:07:14.366, 160.53, 100, 7523
2026/09/18 05:07:15.366, 159.82, 99, 7523
2026/09/18 05:07:16.366, 161.39, 100, 7523
2026/09/18 05:07:17.367, 161.10, 100, 7523
2026/09/18 05:07:18.367, 159.42, 98, 7523
2026/09/18 05:07:19.367, 160.36, 100, 7523
2026/09/18 05:07:20.367, 160.35, 100, 7523
2026/09/18 05:07:21.367, 160.26, 99, 7523
2026/09/18 05:07:22.368, 161.11, 100, 7523
2026/09/18 05:07:23.368, 160.99, 100, 7523
2026/09/18 05:07:24.368, 158.46, 89, 7523
2026/09/18 05:07:25.368, 159.49, 100, 7523
2026/09/18 05:07:26.368, 160.53, 100, 7523
2026/09/18 05:07:27.369, 159.95, 99, 7523
2026/09/18 05:07:28.369, 160.90, 100, 7523
2026/09/18 05:07:29.369, 160.48, 100, 7523
2026/09/18 05:07:30.369, 158.62, 98, 7523
2026/09/18 05:07:31.370, 160.44, 100, 7523
2026/09/18 05:07:32.370, 161.04, 100, 7523
2026/09/18 05:07:33.370, 160.34, 99, 7523
2026/09/18 05:07:34.370, 161.18, 100, 7523
2026/09/18 05:07:35.370, 159.46, 100, 7523
2026/09/18 05:07:36.371, 159.94, 98, 7523
2026/09/18 05:07:37.371, 160.65, 100, 7523
2026/09/18 05:07:38.371, 160.92, 100, 7523
2026/09/18 05:07:39.371, 160.23, 98, 7523
2026/09/18 05:07:40.371, 160.01, 100, 7523
2026/09/18 05:07:41.372, 160.61, 100, 7523
2026/09/18 05:07:42.372, 160.02, 98, 7523
2026/09/18 05:07:43.372, 160.93, 100, 7523
2026/09/18 05:07:44.372, 160.62, 100, 7523
2026/09/18 05:07:45.381, 159.94, 98, 7523
2026/09/18 05:07:46.381, 161.19, 100, 7523
2026/09/18 05:07:47.381, 160.91, 100, 7523
2026/09/18 05:07:48.381, 159.93, 98, 7523
2026/09/18 05:07:49.382, 160.69, 100, 7523
2026/09/18 05:07:50.390, 160.77, 100, 7523
2026/09/18 05:07:51.390, 160.46, 98, 7523
2026/09/18 05:07:52.391, 161.18, 100, 7523
2026/09/18 05:07:53.391, 160.71, 100, 7523
2026/09/18 05:07:54.391, 159.77, 98, 7523
2026/09/18 05:07:55.400, 161.22, 100, 7523
2026/09/18 05:07:56.400, 160.87, 100, 7523
2026/09/18 05:07:57.400, 160.29, 98, 7523
2026/09/18 05:07:58.400, 160.96, 100, 7523
2026/09/18 05:07:59.401, 160.36, 100, 7523
2026/09/18 05:08:00.401, 160.19, 98, 7523
2026/09/18 05:08:01.401, 160.95, 100, 7523
2026/09/18 05:08:02.401, 160.50, 100, 7523
2026/09/18 05:08:03.401, 160.51, 99, 7523
2026/09/18 05:08:04.402, 161.26, 100, 7523
2026/09/18 05:08:05.410, 160.74, 100, 7523
2026/09/18 05:08:06.411, 159.98, 98, 7523
2026/09/18 05:08:07.411, 160.79, 100, 7523
2026/09/18 05:08:08.411, 160.78, 100, 7523
2026/09/18 05:08:09.411, 160.56, 99, 7523
2026/09/18 05:08:10.411, 161.31, 100, 7523
2026/09/18 05:08:11.412, 160.66, 100, 7523
2026/09/18 05:08:12.412, 160.59, 99, 7523
2026/09/18 05:08:13.412, 161.37, 100, 7523
2026/09/18 05:08:14.412, 160.55, 100, 7523
2026/09/18 05:08:15.413, 160.61, 100, 7523
2026/09/18 05:08:16.413, 161.55, 100, 7523
2026/09/18 05:08:17.413, 160.38, 100, 7523
2026/09/18 05:08:18.413, 160.13, 100, 7523
2026/09/18 05:08:19.413, 161.79, 100, 7523
2026/09/18 05:08:20.422, 160.18, 100, 7523
2026/09/18 05:08:21.422, 160.56, 100, 7523
2026/09/18 05:08:22.422, 161.41, 100, 7523
2026/09/18 05:08:23.423, 160.40, 100, 7523
2026/09/18 05:08:24.423, 160.26, 100, 7523
2026/09/18 05:08:25.432, 161.77, 100, 7523
2026/09/18 05:08:26.434, 160.70, 100, 7523
2026/09/18 05:08:27.434, 160.41, 100, 7523
2026/09/18 05:08:28.434, 161.84, 100, 7523
2026/09/18 05:08:29.435, 160.29, 100, 7523
2026/09/18 05:08:30.435, 160.64, 100, 7523
2026/09/18 05:08:31.435, 161.67, 100, 7523
2026/09/18 05:08:32.435, 160.10, 100, 7523
2026/09/18 05:08:33.435, 160.72, 100, 7523
2026/09/18 05:08:34.436, 161.63, 100, 7523
2026/09/18 05:08:35.436, 160.55, 100, 7523
2026/09/18 05:08:36.436, 160.69, 100, 7523
2026/09/18 05:08:37.436, 161.71, 100, 7523
2026/09/18 05:08:38.437, 160.45, 100, 7523
2026/09/18 05:08:39.437, 161.35, 100, 7523
2026/09/18 05:08:40.445, 161.12, 100, 7523
2026/09/18 05:08:41.446, 160.39, 98, 7523
2026/09/18 05:08:42.446, 160.49, 100, 7523
2026/09/18 05:08:43.446, 161.00, 100, 7523
2026/09/18 05:08:44.446, 160.02, 99, 7523
2026/09/18 05:08:45.455, 160.79, 100, 7523
2026/09/18 05:08:46.455, 161.52, 100, 7523
2026/09/18 05:08:47.455, 159.55, 97, 7523
2026/09/18 05:08:48.455, 160.38, 100, 7523
2026/09/18 05:08:49.456, 161.30, 100, 7523
2026/09/18 05:08:50.456, 159.74, 98, 7523
2026/09/18 05:08:51.456, 160.67, 100, 7523
2026/09/18 05:08:52.456, 160.71, 100, 7523
2026/09/18 05:08:53.456, 159.43, 98, 7523
2026/09/18 05:08:54.457, 160.32, 100, 7523
2026/09/18 05:08:55.457, 160.59, 100, 7523
2026/09/18 05:08:56.457, 159.86, 99, 7523
2026/09/18 05:08:57.457, 160.93, 100, 7523
2026/09/18 05:08:58.457, 161.12, 100, 7523
2026/09/18 05:08:59.458, 159.63, 98, 7523
2026/09/18 05:09:00.458, 160.49, 100, 7523
2026/09/18 05:09:01.458, 161.02, 100, 7523
2026/09/18 05:09:02.458, 160.23, 99, 7523
2026/09/18 05:09:03.458, 160.87, 100, 7523
2026/09/18 05:09:04.459, 160.66, 100, 7523
2026/09/18 05:09:05.459, 158.45, 89, 7523
2026/09/18 05:09:06.459, 159.59, 100, 7523
2026/09/18 05:09:07.459, 161.02, 100, 7523
2026/09/18 05:09:08.459, 160.06, 99, 7523
2026/09/18 05:09:09.460, 161.43, 100, 7523
2026/09/18 05:09:10.460, 160.75, 100, 7523
2026/09/18 05:09:11.460, 158.76, 98, 7523
2026/09/18 05:09:12.460, 161.47, 100, 7523
2026/09/18 05:09:13.460, 161.08, 100, 7523
2026/09/18 05:09:14.461, 160.05, 98, 7523
2026/09/18 05:09:15.461, 160.76, 100, 7523
2026/09/18 05:09:16.461, 159.81, 100, 7523
2026/09/18 05:09:17.461, 160.09, 98, 7523
2026/09/18 05:09:18.461, 160.93, 100, 7523
2026/09/18 05:09:19.462, 161.12, 100, 7523
2026/09/18 05:09:20.462, 160.49, 99, 7523
2026/09/18 05:09:21.462, 160.27, 100, 7523
2026/09/18 05:09:22.462, 161.30, 100, 7523
2026/09/18 05:09:23.462, 159.90, 98, 7523
2026/09/18 05:09:24.463, 160.76, 100, 7523
2026/09/18 05:09:25.463, 160.75, 100, 7523
2026/09/18 05:09:26.472, 160.27, 98, 7523
2026/09/18 05:09:27.472, 161.20, 100, 7523
2026/09/18 05:09:28.472, 160.71, 100, 7523
2026/09/18 05:09:29.472, 160.03, 98, 7523
2026/09/18 05:09:30.472, 160.86, 100, 7523
2026/09/18 05:09:31.473, 160.61, 100, 7523
2026/09/18 05:09:32.473, 160.14, 98, 7523
2026/09/18 05:09:33.473, 161.22, 100, 7523
2026/09/18 05:09:34.473, 160.67, 100, 7523
2026/09/18 05:09:35.473, 159.94, 98, 7523
2026/09/18 05:09:36.474, 161.54, 100, 7523
2026/09/18 05:09:37.474, 160.97, 100, 7523
2026/09/18 05:09:38.474, 160.36, 99, 7523
2026/09/18 05:09:39.474, 161.50, 100, 7523
2026/09/18 05:09:40.474, 160.90, 100, 7523
2026/09/18 05:09:41.475, 158.27, 96, 7523
2026/09/18 05:09:42.475, 162.03, 100, 7523
2026/09/18 05:09:43.475, 163.24, 100, 7523
2026/09/18 05:09:44.475, 159.98, 99, 7523
2026/09/18 05:09:45.476, 160.20, 99, 7523
2026/09/18 05:09:46.476, 159.71, 100, 7523
2026/09/18 05:09:47.476, 162.94, 100, 7523
2026/09/18 05:09:48.476, 163.44, 99, 7523
2026/09/18 05:09:49.476, 159.99, 100, 7523
2026/09/18 05:09:50.477, 159.62, 100, 7523
2026/09/18 05:09:51.477, 158.90, 100, 7523
2026/09/18 05:09:52.477, 162.69, 100, 7523
2026/09/18 05:09:53.477, 163.71, 100, 7523
2026/09/18 05:09:54.477, 159.35, 100, 7523
2026/09/18 05:09:55.478, 158.82, 99, 7523
2026/09/18 05:09:56.478, 158.97, 100, 7523
2026/09/18 05:09:57.478, 161.76, 99, 7523
2026/09/18 05:09:58.478, 163.50, 100, 7523
2026/09/18 05:09:59.487, 160.67, 99, 7523
2026/09/18 05:10:00.487, 158.85, 100, 7523
2026/09/18 05:10:01.487, 158.97, 100, 7523
2026/09/18 05:10:02.488, 161.38, 100, 7523
2026/09/18 05:10:03.488, 163.57, 100, 7523
2026/09/18 05:10:04.488, 161.42, 100, 7523
2026/09/18 05:10:05.488, 159.80, 100, 7523
2026/09/18 05:10:06.488, 159.53, 99, 7523
2026/09/18 05:10:07.489, 161.39, 99, 7523
2026/09/18 05:10:08.489, 163.58, 100, 7523
2026/09/18 05:10:09.489, 161.58, 100, 7523
2026/09/18 05:10:10.489, 159.58, 100, 7523
2026/09/18 05:10:11.490, 159.61, 99, 7523
2026/09/18 05:10:12.490, 160.80, 99, 7523
2026/09/18 05:10:13.490, 163.35, 100, 7523
2026/09/18 05:10:14.490, 162.06, 99, 7523
2026/09/18 05:10:15.490, 159.84, 100, 7523
2026/09/18 05:10:16.491, 159.78, 100, 7523
2026/09/18 05:10:17.491, 160.02, 100, 7523
2026/09/18 05:10:18.491, 163.49, 99, 7523
2026/09/18 05:10:19.500, 162.72, 100, 7523
2026/09/18 05:10:20.500, 159.98, 100, 7523
2026/09/18 05:10:21.500, 159.59, 100, 7523
2026/09/18 05:10:22.500, 159.81, 98, 7523
2026/09/18 05:10:23.500, 163.51, 100, 7523
2026/09/18 05:10:24.501, 162.95, 100, 7523
2026/09/18 05:10:25.501, 159.64, 99, 7523
2026/09/18 05:10:26.501, 159.77, 100, 7523
2026/09/18 05:10:27.501, 159.83, 100, 7523
2026/09/18 05:10:28.501, 162.91, 99, 7523
2026/09/18 05:10:29.510, 163.48, 99, 7523
2026/09/18 05:10:30.510, 160.06, 100, 7523
2026/09/18 05:10:31.511, 159.81, 100, 7523
2026/09/18 05:10:32.511, 159.76, 100, 7523
2026/09/18 05:10:33.511, 162.40, 100, 7523
2026/09/18 05:10:34.511, 163.23, 100, 7523
2026/09/18 05:10:35.511, 159.96, 100, 7523
2026/09/18 05:10:36.512, 159.29, 99, 7523
2026/09/18 05:10:37.512, 159.49, 99, 7523
2026/09/18 05:10:38.512, 161.96, 100, 7523
2026/09/18 05:10:39.512, 163.35, 99, 7523
2026/09/18 05:10:40.512, 160.68, 99, 7523
2026/09/18 05:10:41.513, 159.80, 100, 7523
2026/09/18 05:10:42.513, 159.51, 100, 7523
2026/09/18 05:10:43.513, 161.39, 100, 7523
2026/09/18 05:10:44.513, 163.35, 100, 7523
2026/09/18 05:10:45.513, 161.20, 100, 7523
2026/09/18 05:10:46.514, 159.86, 100, 7523
2026/09/18 05:10:47.514, 159.67, 100, 7523
2026/09/18 05:10:48.514, 161.24, 100, 7523
2026/09/18 05:10:49.514, 163.52, 99, 7523
2026/09/18 05:10:50.523, 161.70, 100, 7523
2026/09/18 05:10:51.523, 159.58, 99, 7523
2026/09/18 05:10:52.523, 159.67, 100, 7523
2026/09/18 05:10:53.524, 160.33, 100, 7523
2026/09/18 05:10:54.524, 163.82, 100, 7523
2026/09/18 05:10:55.533, 162.01, 100, 7523
2026/09/18 05:10:56.533, 160.26, 100, 7523
2026/09/18 05:10:57.533, 159.85, 100, 7523
2026/09/18 05:10:58.533, 159.57, 100, 7523
2026/09/18 05:10:59.534, 163.81, 99, 7523
2026/09/18 05:11:00.534, 162.84, 100, 7523
2026/09/18 05:11:01.534, 159.17, 100, 7523
2026/09/18 05:11:02.534, 159.92, 99, 7523
2026/09/18 05:11:03.534, 160.43, 100, 7523
2026/09/18 05:11:04.535, 162.93, 100, 7523
2026/09/18 05:11:05.543, 163.22, 99, 7523
2026/09/18 05:11:06.544, 159.73, 99, 7523
2026/09/18 05:11:07.544, 160.05, 100, 7523
2026/09/18 05:11:08.544, 159.89, 100, 7523
2026/09/18 05:11:09.544, 162.82, 99, 7523
2026/09/18 05:11:10.553, 163.62, 100, 7523
2026/09/18 05:11:11.553, 160.51, 100, 7523
2026/09/18 05:11:12.553, 159.80, 100, 7523
2026/09/18 05:11:13.553, 159.55, 99, 7523
2026/09/18 05:11:14.554, 65.47, 0, 7523
2026/09/18 05:11:15.562, 142.89, 98, 7523
2026/09/18 05:11:16.563, 160.23, 100, 7523
2026/09/18 05:11:17.563, 160.28, 100, 7523
2026/09/18 05:11:18.563, 159.85, 99, 7523
2026/09/18 05:11:19.563, 161.04, 100, 7523
2026/09/18 05:11:20.563, 160.73, 100, 7523
2026/09/18 05:11:21.564, 159.39, 98, 7523
2026/09/18 05:11:22.564, 160.26, 100, 7523
2026/09/18 05:11:23.564, 160.45, 100, 7523
2026/09/18 05:11:24.564, 159.67, 99, 7523
2026/09/18 05:11:25.564, 160.50, 100, 7523
2026/09/18 05:11:26.565, 160.45, 100, 7523
2026/09/18 05:11:27.565, 159.69, 98, 7523
2026/09/18 05:11:28.565, 160.15, 100, 7523
2026/09/18 05:11:29.565, 160.59, 100, 7523
2026/09/18 05:11:30.566, 160.13, 99, 7523
2026/09/18 05:11:31.566, 161.02, 100, 7523
2026/09/18 05:11:32.566, 160.51, 100, 7523
2026/09/18 05:11:33.566, 159.84, 98, 7523
2026/09/18 05:11:34.566, 160.61, 100, 7523
2026/09/18 05:11:35.575, 160.38, 100, 7523
2026/09/18 05:11:36.575, 160.45, 100, 7523
2026/09/18 05:11:37.576, 161.23, 100, 7523
2026/09/18 05:11:38.576, 160.05, 100, 7523
2026/09/18 05:11:39.576, 160.32, 100, 7523
2026/09/18 05:11:40.576, 160.76, 100, 7523
2026/09/18 05:11:41.576, 160.09, 100, 7523
2026/09/18 05:11:42.577, 160.18, 100, 7523
2026/09/18 05:11:43.577, 160.89, 100, 7523
2026/09/18 05:11:44.577, 160.15, 98, 7523
2026/09/18 05:11:45.577, 160.94, 100, 7523
2026/09/18 05:11:46.577, 160.68, 100, 7523
2026/09/18 05:11:47.578, 159.47, 98, 7523
2026/09/18 05:11:48.578, 161.28, 100, 7523
2026/09/18 05:11:49.578, 161.22, 100, 7523
2026/09/18 05:11:50.578, 159.70, 99, 7523
2026/09/18 05:11:51.578, 161.33, 100, 7523
2026/09/18 05:11:52.579, 160.79, 100, 7523
2026/09/18 05:11:53.579, 159.47, 98, 7523
2026/09/18 05:11:54.579, 160.39, 100, 7523
2026/09/18 05:11:55.579, 161.23, 100, 7523
2026/09/18 05:11:56.579, 159.87, 99, 7523
2026/09/18 05:11:57.580, 160.80, 100, 7523
2026/09/18 05:11:58.580, 161.00, 100, 7523
2026/09/18 05:11:59.580, 159.57, 98, 7523
2026/09/18 05:12:00.589, 160.54, 100, 7523
2026/09/18 05:12:01.589, 160.99, 100, 7523
2026/09/18 05:12:02.589, 160.00, 99, 7523
2026/09/18 05:12:03.589, 161.45, 100, 7523
2026/09/18 05:12:04.590, 160.69, 100, 7523
2026/09/18 05:12:05.590, 159.62, 98, 7523
2026/09/18 05:12:06.590, 160.51, 100, 7523
2026/09/18 05:12:07.590, 160.46, 100, 7523
2026/09/18 05:12:08.590, 159.93, 99, 7523
2026/09/18 05:12:09.591, 160.54, 100, 7523
2026/09/18 05:12:10.591, 160.45, 100, 7523
2026/09/18 05:12:11.591, 159.75, 98, 7523
2026/09/18 05:12:12.591, 160.40, 100, 7523
2026/09/18 05:12:13.591, 160.44, 100, 7523
2026/09/18 05:12:14.592, 159.86, 99, 7523
2026/09/18 05:12:15.592, 160.84, 100, 7523
2026/09/18 05:12:16.592, 160.34, 100, 7523
2026/09/18 05:12:17.592, 159.92, 98, 7523
2026/09/18 05:12:18.592, 160.62, 100, 7523
2026/09/18 05:12:19.593, 160.72, 100, 7523
2026/09/18 05:12:20.593, 160.12, 99, 7523
2026/09/18 05:12:21.593, 161.02, 100, 7523
2026/09/18 05:12:22.593, 160.45, 100, 7523
2026/09/18 05:12:23.593, 159.48, 98, 7523
2026/09/18 05:12:24.594, 161.17, 100, 7523
2026/09/18 05:12:25.594, 159.91, 100, 7523
2026/09/18 05:12:26.594, 160.27, 99, 7523
2026/09/18 05:12:27.594, 160.98, 100, 7523
2026/09/18 05:12:28.594, 160.14, 100, 7523
2026/09/18 05:12:29.595, 159.72, 98, 7523
2026/09/18 05:12:30.595, 159.99, 100, 7523
2026/09/18 05:12:31.595, 160.75, 100, 7523
2026/09/18 05:12:32.595, 159.81, 98, 7523
2026/09/18 05:12:33.595, 160.75, 100, 7523
2026/09/18 05:12:34.596, 160.39, 100, 7523
2026/09/18 05:12:35.596, 158.89, 89, 7523
2026/09/18 05:12:36.596, 159.68, 100, 7523
2026/09/18 05:12:37.596, 160.16, 100, 7523
2026/09/18 05:12:38.596, 160.16, 98, 7523
2026/09/18 05:12:39.597, 161.25, 100, 7523
2026/09/18 05:12:40.597, 160.57, 100, 7523
2026/09/18 05:12:41.606, 160.30, 98, 7523
2026/09/18 05:12:42.606, 160.83, 100, 7523
2026/09/18 05:12:43.606, 160.76, 100, 7523
2026/09/18 05:12:44.606, 160.56, 98, 7523
2026/09/18 05:12:45.606, 161.07, 100, 7523
2026/09/18 05:12:46.607, 160.36, 100, 7523
2026/09/18 05:12:47.607, 160.06, 98, 7523
2026/09/18 05:12:48.607, 161.09, 100, 7523
2026/09/18 05:12:49.607, 160.38, 100, 7523
2026/09/18 05:12:50.608, 160.12, 99, 7523
2026/09/18 05:12:51.616, 161.17, 100, 7523
2026/09/18 05:12:52.616, 159.92, 100, 7523
2026/09/18 05:12:53.617, 160.31, 99, 7523
2026/09/18 05:12:54.617, 161.10, 100, 7523
2026/09/18 05:12:55.617, 160.39, 100, 7523
2026/09/18 05:12:56.617, 160.32, 100, 7523
2026/09/18 05:12:57.617, 161.65, 100, 7523
2026/09/18 05:12:58.618, 160.42, 100, 7523
2026/09/18 05:12:59.618, 160.14, 100, 7523
2026/09/18 05:13:00.618, 161.68, 100, 7523
2026/09/18 05:13:01.618, 160.36, 100, 7523
2026/09/18 05:13:02.618, 160.73, 100, 7523
2026/09/18 05:13:03.618, 161.49, 100, 7523
2026/09/18 05:13:04.619, 160.10, 100, 7523
2026/09/18 05:13:05.619, 160.37, 100, 7523
2026/09/18 05:13:06.628, 161.13, 100, 7523
2026/09/18 05:13:07.628, 160.25, 100, 7523
2026/09/18 05:13:08.628, 160.46, 100, 7523
2026/09/18 05:13:09.628, 160.99, 100, 7523
2026/09/18 05:13:10.628, 160.42, 100, 7523
2026/09/18 05:13:11.629, 160.62, 100, 7523
2026/09/18 05:13:12.629, 161.30, 100, 7523
2026/09/18 05:13:13.629, 159.98, 100, 7523
2026/09/18 05:13:14.629, 160.81, 100, 7523
2026/09/18 05:13:15.629, 160.87, 100, 7523
2026/09/18 05:13:16.638, 159.97, 99, 7523
2026/09/18 05:13:17.638, 160.55, 100, 7523
2026/09/18 05:13:18.638, 160.90, 100, 7523
2026/09/18 05:13:19.639, 160.14, 99, 7523
2026/09/18 05:13:20.639, 161.18, 100, 7523
2026/09/18 05:13:21.648, 160.93, 100, 7523
2026/09/18 05:13:22.648, 159.54, 98, 7523
2026/09/18 05:13:23.648, 161.54, 100, 7523
2026/09/18 05:13:24.648, 160.91, 100, 7523
2026/09/18 05:13:25.649, 159.85, 99, 7523
2026/09/18 05:13:26.657, 161.00, 100, 7523
2026/09/18 05:13:27.657, 161.26, 100, 7523
2026/09/18 05:13:28.658, 159.56, 98, 7523
2026/09/18 05:13:29.658, 160.53, 100, 7523
2026/09/18 05:13:30.658, 161.31, 100, 7523
2026/09/18 05:13:31.667, 159.69, 98, 7523
2026/09/18 05:13:32.667, 160.71, 100, 7523
2026/09/18 05:13:33.667, 161.18, 100, 7523
2026/09/18 05:13:34.668, 159.67, 98, 7523
2026/09/18 05:13:35.668, 160.69, 100, 7523
2026/09/18 05:13:36.668, 160.96, 100, 7523
2026/09/18 05:13:37.668, 159.99, 99, 7523
2026/09/18 05:13:38.668, 160.93, 100, 7523
2026/09/18 05:13:39.669, 160.67, 100, 7523
2026/09/18 05:13:40.669, 159.91, 98, 7523
2026/09/18 05:13:41.678, 160.51, 100, 7523
2026/09/18 05:13:42.678, 161.18, 100, 7523
2026/09/18 05:13:43.678, 160.27, 99, 7523
2026/09/18 05:13:44.678, 160.95, 100, 7523
2026/09/18 05:13:45.678, 160.85, 100, 7523
2026/09/18 05:13:46.679, 159.78, 98, 7523
2026/09/18 05:13:47.679, 160.64, 100, 7523
2026/09/18 05:13:48.679, 160.14, 99, 7523
2026/09/18 05:13:49.679, 163.37, 100, 7523
2026/09/18 05:13:50.680, 161.84, 99, 7523
2026/09/18 05:13:51.680, 159.60, 100, 7523
2026/09/18 05:13:52.688, 159.82, 100, 7523
2026/09/18 05:13:53.689, 160.20, 100, 7523
2026/09/18 05:13:54.689, 163.19, 100, 7523
2026/09/18 05:13:55.689, 162.45, 100, 7523
2026/09/18 05:13:56.689, 159.03, 100, 7523
2026/09/18 05:13:57.698, 158.98, 100, 7523
2026/09/18 05:13:58.698, 158.75, 98, 7523
2026/09/18 05:13:59.698, 162.80, 100, 7523
2026/09/18 05:14:00.699, 163.09, 100, 7523
2026/09/18 05:14:01.699, 159.67, 99, 7523
2026/09/18 05:14:02.699, 158.94, 100, 7523
2026/09/18 05:14:03.699, 159.11, 100, 7523
2026/09/18 05:14:04.699, 162.85, 99, 7523
2026/09/18 05:14:05.700, 163.65, 100, 7523
2026/09/18 05:14:06.700, 160.13, 100, 7523
2026/09/18 05:14:07.709, 159.99, 100, 7523
2026/09/18 05:14:08.709, 160.21, 100, 7523
2026/09/18 05:14:09.709, 162.59, 100, 7523
2026/09/18 05:14:10.709, 163.68, 100, 7523
2026/09/18 05:14:11.709, 160.92, 100, 7523
2026/09/18 05:14:12.710, 159.98, 99, 7523
2026/09/18 05:14:13.710, 160.10, 99, 7523
2026/09/18 05:14:14.710, 161.97, 99, 7523
2026/09/18 05:14:15.710, 163.61, 99, 7523
2026/09/18 05:14:16.710, 161.35, 99, 7523
2026/09/18 05:14:17.711, 160.23, 100, 7523
2026/09/18 05:14:18.711, 160.05, 100, 7523
2026/09/18 05:14:19.711, 161.67, 100, 7523
2026/09/18 05:14:20.711, 163.36, 100, 7523
2026/09/18 05:14:21.711, 161.58, 100, 7523
2026/09/18 05:14:22.720, 159.50, 100, 7523
2026/09/18 05:14:23.720, 159.03, 99, 7523
2026/09/18 05:14:24.721, 160.51, 99, 7523
2026/09/18 05:14:25.721, 163.35, 99, 7523
2026/09/18 05:14:26.721, 161.51, 99, 7523
2026/09/18 05:14:27.721, 159.41, 99, 7523
2026/09/18 05:14:28.721, 160.10, 100, 7523
2026/09/18 05:14:29.722, 160.31, 100, 7523
2026/09/18 05:14:30.722, 163.14, 100, 7523
2026/09/18 05:14:31.722, 162.48, 100, 7523
2026/09/18 05:14:32.722, 160.04, 100, 7523
2026/09/18 05:14:33.722, 159.69, 100, 7523
2026/09/18 05:14:34.722, 159.86, 100, 7523
2026/09/18 05:14:35.723, 163.16, 99, 7523
2026/09/18 05:14:36.723, 162.97, 100, 7523
2026/09/18 05:14:37.723, 160.01, 100, 7523
2026/09/18 05:14:38.723, 159.90, 99, 7523
2026/09/18 05:14:39.723, 159.91, 100, 7523
2026/09/18 05:14:40.724, 163.00, 100, 7523
2026/09/18 05:14:41.724, 163.29, 99, 7523
2026/09/18 05:14:42.724, 159.68, 100, 7523
2026/09/18 05:14:43.724, 159.13, 100, 7523
2026/09/18 05:14:44.724, 160.25, 100, 7523
2026/09/18 05:14:45.725, 162.45, 99, 7523
2026/09/18 05:14:46.725, 163.58, 100, 7523
2026/09/18 05:14:47.725, 160.72, 100, 7523
2026/09/18 05:14:48.725, 159.88, 100, 7523
2026/09/18 05:14:49.726, 159.71, 99, 7523
2026/09/18 05:14:50.726, 161.93, 100, 7523
2026/09/18 05:14:51.726, 163.45, 99, 7523
2026/09/18 05:14:52.735, 161.00, 99, 7523
2026/09/18 05:14:53.735, 159.57, 99, 7523
2026/09/18 05:14:54.735, 160.04, 100, 7523
2026/09/18 05:14:55.735, 161.71, 99, 7523
2026/09/18 05:14:56.735, 163.40, 100, 7523
2026/09/18 05:14:57.744, 161.49, 100, 7523
2026/09/18 05:14:58.744, 159.94, 100, 7523
2026/09/18 05:14:59.744, 159.90, 100, 7523
2026/09/18 05:15:00.745, 161.41, 100, 7523
2026/09/18 05:15:01.745, 163.47, 99, 7523
2026/09/18 05:15:02.745, 161.71, 100, 7523
2026/09/18 05:15:03.745, 159.86, 100, 7523
2026/09/18 05:15:04.745, 159.68, 99, 7523
2026/09/18 05:15:05.746, 161.10, 99, 7523
2026/09/18 05:15:06.746, 163.19, 100, 7523
2026/09/18 05:15:07.746, 161.98, 99, 7523
2026/09/18 05:15:08.746, 160.16, 100, 7523
2026/09/18 05:15:09.747, 159.85, 100, 7523
2026/09/18 05:15:10.747, 160.21, 100, 7523
2026/09/18 05:15:11.747, 163.26, 100, 7523
2026/09/18 05:15:12.756, 162.73, 100, 7523
2026/09/18 05:15:13.756, 159.71, 100, 7523
2026/09/18 05:15:14.756, 159.77, 100, 7523
2026/09/18 05:15:15.756, 160.02, 98, 7523
2026/09/18 05:15:16.756, 163.13, 100, 7523
2026/09/18 05:15:17.757, 162.75, 100, 7523
2026/09/18 05:15:18.757, 159.50, 99, 7523
2026/09/18 05:15:19.757, 159.61, 99, 7523
2026/09/18 05:15:20.757, 159.77, 100, 7523
2026/09/18 05:15:21.757, 48.66, 92, 7523
2026/09/18 05:15:22.758, 159.51, 100, 7523
2026/09/18 05:15:23.758, 160.47, 100, 7523
2026/09/18 05:15:24.758, 160.52, 100, 7523
2026/09/18 05:15:25.758, 160.80, 100, 7523
2026/09/18 05:15:26.759, 160.42, 100, 7523
2026/09/18 05:15:27.759, 160.14, 100, 7523
2026/09/18 05:15:28.759, 161.37, 100, 7523
2026/09/18 05:15:29.759, 160.14, 100, 7523
2026/09/18 05:15:30.759, 160.10, 100, 7523
2026/09/18 05:15:31.760, 161.30, 100, 7523
2026/09/18 05:15:32.768, 159.92, 100, 7523
2026/09/18 05:15:33.768, 159.82, 100, 7523
2026/09/18 05:15:34.769, 160.92, 100, 7523
2026/09/18 05:15:35.769, 160.26, 100, 7523
2026/09/18 05:15:36.769, 160.59, 100, 7523
2026/09/18 05:15:37.769, 161.24, 100, 7523
2026/09/18 05:15:38.770, 160.13, 100, 7523
2026/09/18 05:15:39.770, 160.20, 100, 7523
2026/09/18 05:15:40.770, 161.10, 100, 7523
2026/09/18 05:15:41.770, 160.08, 100, 7523
2026/09/18 05:15:42.779, 160.50, 100, 7523
2026/09/18 05:15:43.779, 160.90, 100, 7523
2026/09/18 05:15:44.780, 160.14, 100, 7523
2026/09/18 05:15:45.780, 160.48, 100, 7523
2026/09/18 05:15:46.780, 161.17, 100, 7523
2026/09/18 05:15:47.789, 159.87, 98, 7523
2026/09/18 05:15:48.789, 160.52, 100, 7523
2026/09/18 05:15:49.789, 160.57, 100, 7523
2026/09/18 05:15:50.789, 159.48, 98, 7523
2026/09/18 05:15:51.789, 161.20, 100, 7523
2026/09/18 05:15:52.798, 161.02, 100, 7523
2026/09/18 05:15:53.798, 160.16, 99, 7523
2026/09/18 05:15:54.798, 160.70, 100, 7523
2026/09/18 05:15:55.799, 160.58, 100, 7523
2026/09/18 05:15:56.799, 159.54, 98, 7523
2026/09/18 05:15:57.799, 160.47, 100, 7523
2026/09/18 05:15:58.799, 160.49, 100, 7523
2026/09/18 05:15:59.799, 159.88, 99, 7523
2026/09/18 05:16:00.800, 161.39, 100, 7523
2026/09/18 05:16:01.800, 161.19, 100, 7523
2026/09/18 05:16:02.800, 159.79, 98, 7523
2026/09/18 05:16:03.800, 160.73, 100, 7523
2026/09/18 05:16:04.800, 161.14, 100, 7523
2026/09/18 05:16:05.801, 160.29, 99, 7523
2026/09/18 05:16:06.801, 160.78, 100, 7523
2026/09/18 05:16:07.810, 160.36, 100, 7523
2026/09/18 05:16:08.810, 159.55, 98, 7523
2026/09/18 05:16:09.810, 160.58, 100, 7523
2026/09/18 05:16:10.810, 160.65, 100, 7523
2026/09/18 05:16:11.810, 160.08, 99, 7523
2026/09/18 05:16:12.819, 161.11, 100, 7523
2026/09/18 05:16:13.819, 160.81, 100, 7523
2026/09/18 05:16:14.819, 159.87, 98, 7523
2026/09/18 05:16:15.820, 160.56, 100, 7523
2026/09/18 05:16:16.820, 160.54, 100, 7523
2026/09/18 05:16:17.828, 160.09, 99, 7523
2026/09/18 05:16:18.829, 160.79, 100, 7523
2026/09/18 05:16:19.829, 160.67, 100, 7523
2026/09/18 05:16:20.829, 159.84, 98, 7523
2026/09/18 05:16:21.829, 160.36, 100, 7523
2026/09/18 05:16:22.838, 160.58, 100, 7523
2026/09/18 05:16:23.838, 160.21, 99, 7523
2026/09/18 05:16:24.838, 161.01, 100, 7523
2026/09/18 05:16:25.839, 160.39, 100, 7523
2026/09/18 05:16:26.839, 159.78, 98, 7523
2026/09/18 05:16:27.839, 160.73, 100, 7523
2026/09/18 05:16:28.839, 160.42, 100, 7523
2026/09/18 05:16:29.839, 159.95, 99, 7523
2026/09/18 05:16:30.839, 160.80, 100, 7523
2026/09/18 05:16:31.840, 160.15, 100, 7523
2026/09/18 05:16:32.840, 159.80, 98, 7523
2026/09/18 05:16:33.840, 160.71, 100, 7523
2026/09/18 05:16:34.840, 160.45, 100, 7523
2026/09/18 05:16:35.840, 160.23, 99, 7523
2026/09/18 05:16:36.841, 160.92, 100, 7523
2026/09/18 05:16:37.841, 160.34, 100, 7523
2026/09/18 05:16:38.841, 160.00, 99, 7523
2026/09/18 05:16:39.841, 161.01, 100, 7523
2026/09/18 05:16:40.842, 160.56, 100, 7523
2026/09/18 05:16:41.842, 160.28, 100, 7523
2026/09/18 05:16:42.850, 161.56, 100, 7523
2026/09/18 05:16:43.851, 160.04, 100, 7523
2026/09/18 05:16:44.851, 159.95, 100, 7523
2026/09/18 05:16:45.851, 161.63, 100, 7523
2026/09/18 05:16:46.851, 160.16, 100, 7523
2026/09/18 05:16:47.860, 160.34, 100, 7523
2026/09/18 05:16:48.860, 161.39, 100, 7523
2026/09/18 05:16:49.860, 159.91, 100, 7523
2026/09/18 05:16:50.860, 160.17, 100, 7523
2026/09/18 05:16:51.861, 161.74, 100, 7523
2026/09/18 05:16:52.861, 160.10, 100, 7523
2026/09/18 05:16:53.861, 160.54, 100, 7523
2026/09/18 05:16:54.861, 161.08, 100, 7523
2026/09/18 05:16:55.861, 160.21, 100, 7523
2026/09/18 05:16:56.862, 159.97, 100, 7523
2026/09/18 05:16:57.870, 161.48, 100, 7523
2026/09/18 05:16:58.870, 160.04, 100, 7523
2026/09/18 05:16:59.871, 160.65, 100, 7523
2026/09/18 05:17:00.871, 161.42, 100, 7523
2026/09/18 05:17:01.871, 159.78, 98, 7523
2026/09/18 05:17:02.871, 160.34, 100, 7523
2026/09/18 05:17:03.871, 160.76, 100, 7523
2026/09/18 05:17:04.872, 160.04, 99, 7523
2026/09/18 05:17:05.872, 160.98, 100, 7523
2026/09/18 05:17:06.872, 161.16, 100, 7523
2026/09/18 05:17:07.872, 159.16, 98, 7523
2026/09/18 05:17:08.872, 161.39, 100, 7523
2026/09/18 05:17:09.873, 161.34, 100, 7523
2026/09/18 05:17:10.873, 159.81, 99, 7523
2026/09/18 05:17:11.873, 160.69, 100, 7523
2026/09/18 05:17:12.873, 160.71, 100, 7523
2026/09/18 05:17:13.873, 159.35, 98, 7523
2026/09/18 05:17:14.874, 160.59, 100, 7523
2026/09/18 05:17:15.874, 161.03, 100, 7523
2026/09/18 05:17:16.874, 159.95, 98, 7523
2026/09/18 05:17:17.874, 161.07, 100, 7523
2026/09/18 05:17:18.874, 160.44, 100, 7523
2026/09/18 05:17:19.875, 159.52, 98, 7523
2026/09/18 05:17:20.875, 160.72, 100, 7523
2026/09/18 05:17:21.875, 160.25, 100, 7523
2026/09/18 05:17:22.884, 159.99, 99, 7523
2026/09/18 05:17:23.884, 160.95, 100, 7523
2026/09/18 05:17:24.884, 160.47, 100, 7523
2026/09/18 05:17:25.884, 159.67, 98, 7523
2026/09/18 05:17:26.884, 160.54, 100, 7523
2026/09/18 05:17:27.885, 160.55, 100, 7523
2026/09/18 05:17:28.885, 160.15, 99, 7523
2026/09/18 05:17:29.885, 160.97, 100, 7523
2026/09/18 05:17:30.885, 160.62, 100, 7523
2026/09/18 05:17:31.885, 159.90, 98, 7523
2026/09/18 05:17:32.894, 160.65, 100, 7523
2026/09/18 05:17:33.894, 160.49, 100, 7523
2026/09/18 05:17:34.895, 160.34, 99, 7523
2026/09/18 05:17:35.895, 160.98, 100, 7523
2026/09/18 05:17:36.895, 160.71, 100, 7523
2026/09/18 05:17:37.895, 160.14, 98, 7523
2026/09/18 05:17:38.895, 160.84, 100, 7523
2026/09/18 05:17:39.896, 160.46, 100, 7523
2026/09/18 05:17:40.896, 160.14, 99, 7523
2026/09/18 05:17:41.896, 161.00, 100, 7523
2026/09/18 05:17:42.905, 160.14, 100, 7523
2026/09/18 05:17:43.905, 160.41, 98, 7523
2026/09/18 05:17:44.905, 160.23, 100, 7523
2026/09/18 05:17:45.905, 159.58, 100, 7523
2026/09/18 05:17:46.906, 160.91, 99, 7523
2026/09/18 05:17:47.907, 159.21, 100, 7523
2026/09/18 05:17:48.907, 159.53, 100, 7523
2026/09/18 05:17:49.907, 160.29, 98, 7523
2026/09/18 05:17:50.907, 160.28, 100, 7523
2026/09/18 05:17:51.907, 160.04, 100, 7523
2026/09/18 05:17:52.916, 161.14, 99, 7523
2026/09/18 05:17:53.916, 160.77, 100, 7523
2026/09/18 05:17:54.916, 159.70, 100, 7523
2026/09/18 05:17:55.917, 160.71, 98, 7523
2026/09/18 05:17:56.917, 160.48, 100, 7523
2026/09/18 05:17:57.918, 163.16, 99, 7523
2026/09/18 05:17:58.918, 160.37, 99, 7523
2026/09/18 05:17:59.919, 159.45, 100, 7523
2026/09/18 05:18:00.919, 159.68, 100, 7523
2026/09/18 05:18:01.919, 161.23, 100, 7523
2026/09/18 05:18:02.928, 163.32, 100, 7523
2026/09/18 05:18:03.928, 160.60, 100, 7523
2026/09/18 05:18:04.928, 159.52, 100, 7523
2026/09/18 05:18:05.928, 158.67, 100, 7523
2026/09/18 05:18:06.929, 160.52, 100, 7523
2026/09/18 05:18:07.936, 163.19, 99, 7523
2026/09/18 05:18:08.936, 161.08, 100, 7523
2026/09/18 05:18:09.936, 158.70, 100, 7523
2026/09/18 05:18:10.937, 158.78, 99, 7523
2026/09/18 05:18:11.937, 159.97, 99, 7523
2026/09/18 05:18:12.937, 163.51, 100, 7523
2026/09/18 05:18:13.937, 161.50, 99, 7523
2026/09/18 05:18:14.937, 159.97, 100, 7523
2026/09/18 05:18:15.938, 160.09, 100, 7523
2026/09/18 05:18:16.938, 160.40, 100, 7523
2026/09/18 05:18:17.938, 163.67, 99, 7523
2026/09/18 05:18:18.938, 162.49, 100, 7523
2026/09/18 05:18:19.938, 159.89, 100, 7523
2026/09/18 05:18:20.939, 159.90, 100, 7523
2026/09/18 05:18:21.939, 159.94, 98, 7523
2026/09/18 05:18:22.939, 163.21, 100, 7523
2026/09/18 05:18:23.939, 162.90, 100, 7523
2026/09/18 05:18:24.940, 159.70, 99, 7523
2026/09/18 05:18:25.940, 159.79, 100, 7523
2026/09/18 05:18:26.940, 159.68, 100, 7523
2026/09/18 05:18:27.949, 162.81, 99, 7523
2026/09/18 05:18:28.949, 163.35, 100, 7523
2026/09/18 05:18:29.949, 159.71, 100, 7523
2026/09/18 05:18:30.949, 159.56, 100, 7523
2026/09/18 05:18:31.949, 159.64, 100, 7523
2026/09/18 05:18:32.950, 162.05, 100, 7523
2026/09/18 05:18:33.950, 163.33, 100, 7523
2026/09/18 05:18:34.950, 160.03, 100, 7523
2026/09/18 05:18:35.950, 159.13, 99, 7523
2026/09/18 05:18:36.950, 158.81, 100, 7523
2026/09/18 05:18:37.951, 161.05, 99, 7523
2026/09/18 05:18:38.951, 163.33, 100, 7523
2026/09/18 05:18:39.951, 160.96, 100, 7523
2026/09/18 05:18:40.951, 159.54, 100, 7523
2026/09/18 05:18:41.951, 159.72, 100, 7523
2026/09/18 05:18:42.952, 161.27, 100, 7523
2026/09/18 05:18:43.952, 163.47, 100, 7523
2026/09/18 05:18:44.952, 160.77, 100, 7523
2026/09/18 05:18:45.952, 158.77, 100, 7523
2026/09/18 05:18:46.952, 158.75, 99, 7523
2026/09/18 05:18:47.953, 159.97, 99, 7523
2026/09/18 05:18:48.953, 163.39, 100, 7523
2026/09/18 05:18:49.953, 161.48, 99, 7523
2026/09/18 05:18:50.953, 158.95, 100, 7523
2026/09/18 05:18:51.953, 159.93, 100, 7523
2026/09/18 05:18:52.954, 160.05, 100, 7523
2026/09/18 05:18:53.954, 163.13, 100, 7523
2026/09/18 05:18:54.954, 162.37, 100, 7523
2026/09/18 05:18:55.954, 159.56, 100, 7523
2026/09/18 05:18:56.954, 159.61, 100, 7523
2026/09/18 05:18:57.955, 159.91, 98, 7523
2026/09/18 05:18:58.955, 163.08, 100, 7523
2026/09/18 05:18:59.955, 162.78, 100, 7523
2026/09/18 05:19:00.964, 159.35, 99, 7523
2026/09/18 05:19:01.964, 159.75, 99, 7523
2026/09/18 05:19:02.964, 159.74, 100, 7523
2026/09/18 05:19:03.964, 162.93, 100, 7523
2026/09/18 05:19:04.965, 163.34, 99, 7523
2026/09/18 05:19:05.965, 160.16, 100, 7523
2026/09/18 05:19:06.965, 159.81, 100, 7523
2026/09/18 05:19:07.965, 159.79, 100, 7523
2026/09/18 05:19:08.965, 162.35, 100, 7523
2026/09/18 05:19:09.966, 163.46, 100, 7523
2026/09/18 05:19:10.966, 159.52, 100, 7523
2026/09/18 05:19:11.966, 160.18, 99, 7523
2026/09/18 05:19:12.966, 159.35, 99, 7523
2026/09/18 05:19:13.966, 161.69, 100, 7523
2026/09/18 05:19:14.967, 163.36, 99, 7523
2026/09/18 05:19:15.967, 160.86, 99, 7523
2026/09/18 05:19:16.967, 159.82, 100, 7523
2026/09/18 05:19:17.967, 159.88, 100, 7523
2026/09/18 05:19:18.967, 161.49, 100, 7523
2026/09/18 05:19:19.968, 163.33, 100, 7523
2026/09/18 05:19:20.976, 161.35, 100, 7523
2026/09/18 05:19:21.976, 159.48, 100, 7523
2026/09/18 05:19:22.977, 159.64, 100, 7523
2026/09/18 05:19:23.977, 160.56, 100, 7523
2026/09/18 05:19:24.977, 163.08, 99, 7523
2026/09/18 05:19:25.986, 161.65, 100, 7523
2026/09/18 05:19:26.986, 158.76, 99, 7523
2026/09/18 05:19:27.986, 159.68, 100, 7523
2026/09/18 05:19:28.986, 128.39, 29, 7523
2026/09/18 05:19:29.987, 75.54, 100, 7523
2026/09/18 05:19:30.987, 159.98, 100, 7523
2026/09/18 05:19:31.987, 160.88, 100, 7523
2026/09/18 05:19:32.987, 160.29, 100, 7523
2026/09/18 05:19:33.987, 160.21, 100, 7523
2026/09/18 05:19:34.988, 160.85, 100, 7523
2026/09/18 05:19:35.988, 160.47, 100, 7523
2026/09/18 05:19:36.988, 160.35, 100, 7523
2026/09/18 05:19:37.988, 161.67, 100, 7523
2026/09/18 05:19:38.988, 160.12, 100, 7523
2026/09/18 05:19:39.989, 160.38, 100, 7523
2026/09/18 05:19:40.989, 161.25, 100, 7523
2026/09/18 05:19:41.989, 159.82, 100, 7523
2026/09/18 05:19:42.989, 159.97, 100, 7523
2026/09/18 05:19:43.990, 161.37, 100, 7523
2026/09/18 05:19:44.990, 160.03, 100, 7523
2026/09/18 05:19:45.990, 160.64, 100, 7523
2026/09/18 05:19:46.990, 160.61, 100, 7523
2026/09/18 05:19:47.990, 159.91, 99, 7523
2026/09/18 05:19:48.991, 160.54, 100, 7523
2026/09/18 05:19:49.991, 161.29, 100, 7523
2026/09/18 05:19:50.991, 159.98, 99, 7523
2026/09/18 05:19:51.991, 160.94, 100, 7523
2026/09/18 05:19:52.991, 160.93, 100, 7523
2026/09/18 05:19:53.992, 158.66, 99, 7523
2026/09/18 05:19:54.992, 160.12, 100, 7523
2026/09/18 05:19:55.992, 160.88, 100, 7523
2026/09/18 05:19:56.992, 159.89, 99, 7523
2026/09/18 05:19:57.992, 160.94, 100, 7523
2026/09/18 05:19:58.993, 160.12, 100, 7523
2026/09/18 05:19:59.993, 159.70, 99, 7523
2026/09/18 05:20:00.993, 160.36, 100, 7523
2026/09/18 05:20:01.993, 161.21, 100, 7523
2026/09/18 05:20:02.994, 159.82, 99, 7523
2026/09/18 05:20:03.994, 160.97, 100, 7523
2026/09/18 05:20:04.994, 161.13, 100, 7523
2026/09/18 05:20:05.994, 159.38, 98, 7523
2026/09/18 05:20:06.994, 160.35, 100, 7523
2026/09/18 05:20:07.995, 160.73, 100, 7523
2026/09/18 05:20:08.995, 159.78, 98, 7523
2026/09/18 05:20:09.995, 160.62, 100, 7523
2026/09/18 05:20:10.995, 160.73, 100, 7523
2026/09/18 05:20:11.995, 159.47, 98, 7523
2026/09/18 05:20:12.996, 160.32, 100, 7523
2026/09/18 05:20:13.996, 160.87, 100, 7523
2026/09/18 05:20:14.996, 159.99, 99, 7523
2026/09/18 05:20:15.996, 161.27, 100, 7523
2026/09/18 05:20:16.996, 160.00, 100, 7523
2026/09/18 05:20:17.997, 159.54, 98, 7523
2026/09/18 05:20:18.997, 161.24, 100, 7523
2026/09/18 05:20:19.997, 160.45, 100, 7523
2026/09/18 05:20:20.997, 159.95, 99, 7523
2026/09/18 05:20:21.997, 161.36, 100, 7523
2026/09/18 05:20:22.998, 161.07, 100, 7523
2026/09/18 05:20:23.998, 159.55, 98, 7523
2026/09/18 05:20:24.998, 160.34, 100, 7523
2026/09/18 05:20:25.998, 160.94, 100, 7523
2026/09/18 05:20:26.998, 158.79, 99, 7523
2026/09/18 05:20:27.999, 160.89, 100, 7523
2026/09/18 05:20:28.999, 161.01, 100, 7523
2026/09/18 05:20:29.999, 159.63, 98, 7523
2026/09/18 05:20:30.999, 161.01, 100, 7523
2026/09/18 05:20:31.999, 160.66, 100, 7523
2026/09/18 05:20:33.000, 160.05, 99, 7523
2026/09/18 05:20:34.000, 160.81, 100, 7523
2026/09/18 05:20:35.000, 160.93, 100, 7523
2026/09/18 05:20:36.000, 159.97, 98, 7523
2026/09/18 05:20:37.000, 159.75, 100, 7523
2026/09/18 05:20:38.001, 161.14, 100, 7523
2026/09/18 05:20:39.001, 160.04, 99, 7523
2026/09/18 05:20:40.001, 160.88, 100, 7523
2026/09/18 05:20:41.001, 160.80, 100, 7523
2026/09/18 05:20:42.001, 158.68, 90, 7523
2026/09/18 05:20:43.002, 159.85, 100, 7523
2026/09/18 05:20:44.002, 160.56, 100, 7523
2026/09/18 05:20:45.002, 159.91, 99, 7523
2026/09/18 05:20:46.002, 161.46, 100, 7523
2026/09/18 05:20:47.002, 161.24, 100, 7523
2026/09/18 05:20:48.003, 158.84, 98, 7523
2026/09/18 05:20:49.003, 160.73, 100, 7523
2026/09/18 05:20:50.003, 161.24, 100, 7523
2026/09/18 05:20:51.003, 160.06, 98, 7523
2026/09/18 05:20:52.004, 161.31, 100, 7523
2026/09/18 05:20:53.004, 159.58, 100, 7523
2026/09/18 05:20:54.004, 159.66, 98, 7523
2026/09/18 05:20:55.004, 160.54, 100, 7523
2026/09/18 05:20:56.004, 161.08, 100, 7523
2026/09/18 05:20:57.005, 159.89, 99, 7523
2026/09/18 05:20:58.013, 161.29, 100, 7523
2026/09/18 05:20:59.014, 160.78, 100, 7523
2026/09/18 05:21:00.014, 159.73, 98, 7523
2026/09/18 05:21:01.014, 160.61, 100, 7523
2026/09/18 05:21:02.014, 160.78, 100, 7523
2026/09/18 05:21:03.023, 159.79, 99, 7523
2026/09/18 05:21:04.023, 161.28, 100, 7523
2026/09/18 05:21:05.023, 160.47, 100, 7523
2026/09/18 05:21:06.024, 160.13, 98, 7523
2026/09/18 05:21:07.024, 160.56, 100, 7523
2026/09/18 05:21:08.032, 160.78, 100, 7523
2026/09/18 05:21:09.033, 160.10, 98, 7523
2026/09/18 05:21:10.033, 160.87, 100, 7523
2026/09/18 05:21:11.033, 160.50, 100, 7523
2026/09/18 05:21:12.033, 160.02, 98, 7523
2026/09/18 05:21:13.042, 160.67, 100, 7523
2026/09/18 05:21:14.042, 160.09, 100, 7523
2026/09/18 05:21:15.042, 160.28, 99, 7523
2026/09/18 05:21:16.043, 161.05, 100, 7523
2026/09/18 05:21:17.043, 160.65, 100, 7523
2026/09/18 05:21:18.052, 160.00, 98, 7523
2026/09/18 05:21:19.052, 161.05, 100, 7523
2026/09/18 05:21:20.052, 160.71, 100, 7523
2026/09/18 05:21:21.052, 159.97, 98, 7523
2026/09/18 05:21:22.052, 161.06, 100, 7523
2026/09/18 05:21:23.061, 160.06, 100, 7523
2026/09/18 05:21:24.061, 160.46, 99, 7523
2026/09/18 05:21:25.061, 161.02, 100, 7523
2026/09/18 05:21:26.062, 160.28, 100, 7523
2026/09/18 05:21:27.062, 160.67, 100, 7523
2026/09/18 05:21:28.062, 161.21, 100, 7523
2026/09/18 05:21:29.062, 160.57, 100, 7523
2026/09/18 05:21:30.062, 160.05, 100, 7523
2026/09/18 05:21:31.063, 161.07, 100, 7523
2026/09/18 05:21:32.063, 160.07, 100, 7523
2026/09/18 05:21:33.063, 160.32, 100, 7523
2026/09/18 05:21:34.063, 161.48, 100, 7523
2026/09/18 05:21:35.064, 160.11, 100, 7523
2026/09/18 05:21:36.064, 160.00, 100, 7523
2026/09/18 05:21:37.064, 160.87, 100, 7523
2026/09/18 05:21:38.073, 160.27, 100, 7523
2026/09/18 05:21:39.073, 160.82, 100, 7523
2026/09/18 05:21:40.073, 161.42, 100, 7523
2026/09/18 05:21:41.073, 159.96, 100, 7523
2026/09/18 05:21:42.073, 160.64, 100, 7523
2026/09/18 05:21:43.074, 161.36, 100, 7523
2026/09/18 05:21:44.074, 159.82, 100, 7523
2026/09/18 05:21:45.074, 160.29, 100, 7523
2026/09/18 05:21:46.074, 160.84, 100, 7523
2026/09/18 05:21:47.074, 159.72, 99, 7523
2026/09/18 05:21:48.075, 160.26, 100, 7523
2026/09/18 05:21:49.075, 160.72, 100, 7523
2026/09/18 05:21:50.075, 159.91, 99, 7523
2026/09/18 05:21:51.075, 161.38, 100, 7523
2026/09/18 05:21:52.075, 161.13, 100, 7523
2026/09/18 05:21:53.076, 158.52, 90, 7523
2026/09/18 05:21:54.076, 159.10, 100, 7523
2026/09/18 05:21:55.076, 161.26, 100, 7523
2026/09/18 05:21:56.076, 159.56, 99, 7523
2026/09/18 05:21:57.076, 160.46, 100, 7523
2026/09/18 05:21:58.077, 160.48, 100, 7523
2026/09/18 05:21:59.077, 158.08, 98, 7523
2026/09/18 05:22:00.077, 159.87, 100, 7523
2026/09/18 05:22:01.077, 160.42, 100, 7523
2026/09/18 05:22:02.078, 159.47, 99, 7523
2026/09/18 05:22:03.078, 160.37, 100, 7523
2026/09/18 05:22:04.078, 159.07, 99, 7523
2026/09/18 05:22:05.078, 163.55, 100, 7523
2026/09/18 05:22:06.078, 161.87, 99, 7523
2026/09/18 05:22:07.078, 159.94, 100, 7523
2026/09/18 05:22:08.079, 159.60, 100, 7523
2026/09/18 05:22:09.079, 159.84, 100, 7523
2026/09/18 05:22:10.079, 163.35, 99, 7523
2026/09/18 05:22:11.079, 162.45, 100, 7523
2026/09/18 05:22:12.080, 159.66, 100, 7523
2026/09/18 05:22:13.080, 159.60, 99, 7523
2026/09/18 05:22:14.080, 158.33, 98, 7523
2026/09/18 05:22:15.080, 162.66, 100, 7523
2026/09/18 05:22:16.080, 163.01, 100, 7523
2026/09/18 05:22:17.081, 158.74, 99, 7523
2026/09/18 05:22:18.081, 158.79, 100, 7523
2026/09/18 05:22:19.081, 158.60, 100, 7523
2026/09/18 05:22:20.081, 162.45, 99, 7523
2026/09/18 05:22:21.081, 163.45, 100, 7523
2026/09/18 05:22:22.082, 160.33, 100, 7523
2026/09/18 05:22:23.082, 159.75, 100, 7523
2026/09/18 05:22:24.090, 159.57, 99, 7523
2026/09/18 05:22:25.091, 162.23, 100, 7523
2026/09/18 05:22:26.091, 163.49, 99, 7523
2026/09/18 05:22:27.091, 160.57, 100, 7523
2026/09/18 05:22:28.091, 159.86, 99, 7523
2026/09/18 05:22:29.092, 159.08, 100, 7523
2026/09/18 05:22:30.092, 161.43, 99, 7523
2026/09/18 05:22:31.092, 163.26, 100, 7523
2026/09/18 05:22:32.092, 160.36, 100, 7523
2026/09/18 05:22:33.092, 158.83, 100, 7523
2026/09/18 05:22:34.101, 158.57, 100, 7523
2026/09/18 05:22:35.101, 160.44, 100, 7523
2026/09/18 05:22:36.102, 163.39, 99, 7523
2026/09/18 05:22:37.102, 161.01, 100, 7523
2026/09/18 05:22:38.102, 158.86, 100, 7523
2026/09/18 05:22:39.111, 158.66, 99, 7523
2026/09/18 05:22:40.111, 159.73, 99, 7523
2026/09/18 05:22:41.111, 163.64, 100, 7523
2026/09/18 05:22:42.111, 162.07, 99, 7523
2026/09/18 05:22:43.112, 159.38, 100, 7523
2026/09/18 05:22:44.112, 158.73, 100, 7523
2026/09/18 05:22:45.112, 159.26, 100, 7523
2026/09/18 05:22:46.112, 163.66, 99, 7523
2026/09/18 05:22:47.112, 162.72, 100, 7523
2026/09/18 05:22:48.113, 159.00, 100, 7523
2026/09/18 05:22:49.113, 158.61, 99, 7523
2026/09/18 05:22:50.113, 158.49, 98, 7523
2026/09/18 05:22:51.113, 162.92, 100, 7523
2026/09/18 05:22:52.113, 163.09, 99, 7523
2026/09/18 05:22:53.114, 159.84, 99, 7523
2026/09/18 05:22:54.114, 159.82, 100, 7523
2026/09/18 05:22:55.114, 159.57, 100, 7523
2026/09/18 05:22:56.114, 162.38, 99, 7523
2026/09/18 05:22:57.114, 163.46, 100, 7523
2026/09/18 05:22:58.115, 158.96, 100, 7523
2026/09/18 05:22:59.123, 158.79, 100, 7523
2026/09/18 05:23:00.123, 158.64, 99, 7523
2026/09/18 05:23:01.124, 161.83, 100, 7523
2026/09/18 05:23:02.124, 163.36, 99, 7523
2026/09/18 05:23:03.124, 160.70, 99, 7523
2026/09/18 05:23:04.133, 158.77, 99, 7523
2026/09/18 05:23:05.133, 158.61, 100, 7523
2026/09/18 05:23:06.133, 161.15, 99, 7523
2026/09/18 05:23:07.133, 163.33, 100, 7523
2026/09/18 05:23:08.134, 160.37, 100, 7523
2026/09/18 05:23:09.134, 158.92, 100, 7523
2026/09/18 05:23:10.134, 158.47, 100, 7523
2026/09/18 05:23:11.134, 160.14, 100, 7523
2026/09/18 05:23:12.134, 163.16, 99, 7523
2026/09/18 05:23:13.135, 161.46, 100, 7523
2026/09/18 05:23:14.135, 158.69, 99, 7523
2026/09/18 05:23:15.135, 158.69, 100, 7523
2026/09/18 05:23:16.135, 159.60, 99, 7523
2026/09/18 05:23:17.135, 163.25, 100, 7523
2026/09/18 05:23:18.136, 162.00, 99, 7523
2026/09/18 05:23:19.136, 159.13, 100, 7523
2026/09/18 05:23:20.136, 158.60, 100, 7523
2026/09/18 05:23:21.136, 159.66, 100, 7523
2026/09/18 05:23:22.136, 163.48, 99, 7523
2026/09/18 05:23:23.137, 162.61, 100, 7523
2026/09/18 05:23:24.137, 159.78, 100, 7523
2026/09/18 05:23:25.137, 158.73, 99, 7523
2026/09/18 05:23:26.137, 159.91, 100, 7523
2026/09/18 05:23:27.137, 162.98, 100, 7523
2026/09/18 05:23:28.138, 163.07, 99, 7523
2026/09/18 05:23:29.138, 159.40, 99, 7523
2026/09/18 05:23:30.138, 159.68, 100, 7523
2026/09/18 05:23:31.138, 159.48, 100, 7523
2026/09/18 05:23:32.138, 162.99, 99, 7523
2026/09/18 05:23:33.139, 164.60, 100, 7523
2026/09/18 05:23:34.139, 159.82, 100, 7523
2026/09/18 05:23:35.139, 159.52, 100, 7523
2026/09/18 05:23:36.139, 159.64, 100, 7523
2026/09/18 05:23:37.139, 62.15, 0, 7523
2026/09/18 05:23:38.140, 135.03, 99, 7523
2026/09/18 05:23:39.140, 160.96, 100, 7523
2026/09/18 05:23:40.140, 160.55, 100, 7523
2026/09/18 05:23:41.140, 160.05, 98, 7523
2026/09/18 05:23:42.140, 160.36, 100, 7523
2026/09/18 05:23:43.141, 159.92, 100, 7523
2026/09/18 05:23:44.141, 159.68, 98, 7523
2026/09/18 05:23:45.141, 160.51, 100, 7523
2026/09/18 05:23:46.141, 159.50, 100, 7523
2026/09/18 05:23:47.141, 159.44, 98, 7523
2026/09/18 05:23:48.142, 160.21, 100, 7523
2026/09/18 05:23:49.142, 159.79, 100, 7523
2026/09/18 05:23:50.142, 159.52, 98, 7523
2026/09/18 05:23:51.142, 160.90, 100, 7523
2026/09/18 05:23:52.142, 159.79, 100, 7523
2026/09/18 05:23:53.143, 159.33, 98, 7523
2026/09/18 05:23:54.143, 160.18, 100, 7523
2026/09/18 05:23:55.143, 160.77, 100, 7523
2026/09/18 05:23:56.143, 159.84, 99, 7523
2026/09/18 05:23:57.143, 161.00, 100, 7523
2026/09/18 05:23:58.144, 160.12, 100, 7523
2026/09/18 05:23:59.144, 159.32, 98, 7523
2026/09/18 05:24:00.144, 160.55, 100, 7523
2026/09/18 05:24:01.153, 159.86, 100, 7523
2026/09/18 05:24:02.153, 159.85, 99, 7523
2026/09/18 05:24:03.153, 160.75, 100, 7523
2026/09/18 05:24:04.154, 160.26, 100, 7523
2026/09/18 05:24:05.154, 159.65, 98, 7523
2026/09/18 05:24:06.162, 161.18, 100, 7523
2026/09/18 05:24:07.163, 159.96, 100, 7523
2026/09/18 05:24:08.163, 160.09, 100, 7523
2026/09/18 05:24:09.163, 160.82, 100, 7523
2026/09/18 05:24:10.163, 159.76, 100, 7523
2026/09/18 05:24:11.164, 160.09, 100, 7523
2026/09/18 05:24:12.164, 161.32, 100, 7523
2026/09/18 05:24:13.164, 159.92, 100, 7523
2026/09/18 05:24:14.164, 160.01, 100, 7523
2026/09/18 05:24:15.164, 160.94, 100, 7523
2026/09/18 05:24:16.173, 160.29, 100, 7523
2026/09/18 05:24:17.173, 160.11, 100, 7523
2026/09/18 05:24:18.174, 161.54, 100, 7523
2026/09/18 05:24:19.174, 160.24, 100, 7523
2026/09/18 05:24:20.174, 160.34, 100, 7523
2026/09/18 05:24:21.174, 160.72, 100, 7523
2026/09/18 05:24:22.175, 159.85, 100, 7523
2026/09/18 05:24:23.175, 160.32, 100, 7523
2026/09/18 05:24:24.175, 161.16, 100, 7523
2026/09/18 05:24:25.175, 159.68, 100, 7523
2026/09/18 05:24:26.176, 160.26, 100, 7523
2026/09/18 05:24:27.176, 160.79, 100, 7523
2026/09/18 05:24:28.176, 159.99, 99, 7523
2026/09/18 05:24:29.176, 160.26, 100, 7523
2026/09/18 05:24:30.176, 160.91, 100, 7523
2026/09/18 05:24:31.177, 160.12, 98, 7523
2026/09/18 05:24:32.177, 160.97, 100, 7523
2026/09/18 05:24:33.177, 161.51, 100, 7523
2026/09/18 05:24:34.177, 159.60, 98, 7523
2026/09/18 05:24:35.178, 161.51, 100, 7523
2026/09/18 05:24:36.186, 161.29, 100, 7523
2026/09/18 05:24:37.186, 159.90, 99, 7523
2026/09/18 05:24:38.187, 160.76, 100, 7523
2026/09/18 05:24:39.187, 161.19, 100, 7523
2026/09/18 05:24:40.187, 159.69, 98, 7523
2026/09/18 05:24:41.187, 160.49, 100, 7523
2026/09/18 05:24:42.187, 161.30, 100, 7523
2026/09/18 05:24:43.188, 160.13, 99, 7523
2026/09/18 05:24:44.188, 159.47, 100, 7523
2026/09/18 05:24:45.188, 160.53, 100, 7523
2026/09/18 05:24:46.188, 159.52, 98, 7523
2026/09/18 05:24:47.188, 160.45, 100, 7523
2026/09/18 05:24:48.189, 160.75, 100, 7523
2026/09/18 05:24:49.197, 159.82, 99, 7523
2026/09/18 05:24:50.197, 161.13, 100, 7523
2026/09/18 05:24:51.198, 160.89, 100, 7523
2026/09/18 05:24:52.198, 159.62, 98, 7523
2026/09/18 05:24:53.198, 160.46, 100, 7523
2026/09/18 05:24:54.198, 160.90, 100, 7523
2026/09/18 05:24:55.199, 160.07, 99, 7523
2026/09/18 05:24:56.199, 160.90, 100, 7523
2026/09/18 05:24:57.199, 160.84, 100, 7523
2026/09/18 05:24:58.199, 159.57, 98, 7523
2026/09/18 05:24:59.199, 160.52, 100, 7523
2026/09/18 05:25:00.200, 160.63, 100, 7523
2026/09/18 05:25:01.200, 159.90, 99, 7523
2026/09/18 05:25:02.200, 160.72, 100, 7523
2026/09/18 05:25:03.200, 160.81, 100, 7523
2026/09/18 05:25:04.200, 159.69, 98, 7523
2026/09/18 05:25:05.201, 161.32, 100, 7523
2026/09/18 05:25:06.201, 160.82, 100, 7523
2026/09/18 05:25:07.201, 159.88, 99, 7523
2026/09/18 05:25:08.201, 160.89, 100, 7523
2026/09/18 05:25:09.201, 160.32, 100, 7523
2026/09/18 05:25:10.202, 159.71, 98, 7523
2026/09/18 05:25:11.202, 161.25, 100, 7523
2026/09/18 05:25:12.202, 160.42, 100, 7523
2026/09/18 05:25:13.202, 159.97, 99, 7523
2026/09/18 05:25:14.202, 161.13, 100, 7523
2026/09/18 05:25:15.202, 160.66, 100, 7523
2026/09/18 05:25:16.203, 159.60, 98, 7523
2026/09/18 05:25:17.203, 160.40, 100, 7523
2026/09/18 05:25:18.203, 160.26, 100, 7523
2026/09/18 05:25:19.203, 160.30, 99, 7523
2026/09/18 05:25:20.203, 161.09, 100, 7523
2026/09/18 05:25:21.204, 160.67, 100, 7523
2026/09/18 05:25:22.204, 159.90, 98, 7523
2026/09/18 05:25:23.204, 160.55, 100, 7523
2026/09/18 05:25:24.204, 160.64, 100, 7523
2026/09/18 05:25:25.204, 160.01, 99, 7523
2026/09/18 05:25:26.205, 160.86, 100, 7523
2026/09/18 05:25:27.205, 160.22, 100, 7523
2026/09/18 05:25:28.205, 159.71, 98, 7523
2026/09/18 05:25:29.205, 160.89, 100, 7523
2026/09/18 05:25:30.205, 160.65, 100, 7523
2026/09/18 05:25:31.206, 160.18, 99, 7523
2026/09/18 05:25:32.206, 161.16, 100, 7523
2026/09/18 05:25:33.214, 160.25, 100, 7523
2026/09/18 05:25:34.215, 160.00, 100, 7523
2026/09/18 05:25:35.215, 161.16, 100, 7523
2026/09/18 05:25:36.215, 160.59, 100, 7523
2026/09/18 05:25:37.215, 160.75, 100, 7523
2026/09/18 05:25:38.224, 161.01, 100, 7523
2026/09/18 05:25:39.224, 160.44, 100, 7523
2026/09/18 05:25:40.225, 160.34, 100, 7523
2026/09/18 05:25:41.225, 160.75, 100, 7523
2026/09/18 05:25:42.225, 160.48, 100, 7523
2026/09/18 05:25:43.234, 160.94, 100, 7523
2026/09/18 05:25:44.234, 160.11, 100, 7523
2026/09/18 05:25:45.234, 160.04, 100, 7523
2026/09/18 05:25:46.234, 160.80, 100, 7523
2026/09/18 05:25:47.235, 160.12, 100, 7523
2026/09/18 05:25:48.243, 160.04, 100, 7523
2026/09/18 05:25:49.243, 160.99, 100, 7523
2026/09/18 05:25:50.244, 159.94, 100, 7523
2026/09/18 05:25:51.244, 159.94, 100, 7523
2026/09/18 05:25:52.244, 161.02, 100, 7523
2026/09/18 05:25:53.253, 160.24, 100, 7523
2026/09/18 05:25:54.253, 160.10, 99, 7523
2026/09/18 05:25:55.253, 161.10, 100, 7523
2026/09/18 05:25:56.253, 159.91, 100, 7523
2026/09/18 05:25:57.254, 159.63, 100, 7523
2026/09/18 05:25:58.262, 161.12, 100, 7523
2026/09/18 05:25:59.262, 160.02, 100, 7523
2026/09/18 05:26:00.263, 160.07, 100, 7523
2026/09/18 05:26:01.263, 160.91, 100, 7523
2026/09/18 05:26:02.263, 160.37, 100, 7523
2026/09/18 05:26:03.263, 160.25, 100, 7523
2026/09/18 05:26:04.263, 161.56, 100, 7523
2026/09/18 05:26:05.264, 160.27, 100, 7523
2026/09/18 05:26:06.264, 160.43, 100, 7523
2026/09/18 05:26:07.264, 161.06, 100, 7523
2026/09/18 05:26:08.264, 159.91, 100, 7523
2026/09/18 05:26:09.264, 160.38, 100, 7523
2026/09/18 05:26:10.264, 160.64, 100, 7523
2026/09/18 05:26:11.265, 160.78, 100, 7523
2026/09/18 05:26:12.265, 163.38, 100, 7523
2026/09/18 05:26:13.265, 161.62, 100, 7523
2026/09/18 05:26:14.265, 159.64, 99, 7523
2026/09/18 05:26:15.265, 159.92, 100, 7523
2026/09/18 05:26:16.266, 162.63, 100, 7523
2026/09/18 05:26:17.266, 163.58, 100, 7523
2026/09/18 05:26:18.266, 162.40, 100, 7523
2026/09/18 05:26:19.266, 159.73, 100, 7523
2026/09/18 05:26:20.266, 159.65, 100, 7523
2026/09/18 05:26:21.266, 159.93, 100, 7523
2026/09/18 05:26:22.267, 163.68, 99, 7523
2026/09/18 05:26:23.267, 162.56, 100, 7523
2026/09/18 05:26:24.267, 159.68, 100, 7523
2026/09/18 05:26:25.267, 159.50, 99, 7523
2026/09/18 05:26:26.267, 159.60, 99, 7523
2026/09/18 05:26:27.268, 163.08, 100, 7523
2026/09/18 05:26:28.268, 163.33, 99, 7523
2026/09/18 05:26:29.268, 159.92, 99, 7523
2026/09/18 05:26:30.268, 159.78, 100, 7523
2026/09/18 05:26:31.268, 159.69, 100, 7523
2026/09/18 05:26:32.269, 162.71, 99, 7523
2026/09/18 05:26:33.269, 163.54, 100, 7523
2026/09/18 05:26:34.269, 160.37, 100, 7523
2026/09/18 05:26:35.269, 159.64, 100, 7523
2026/09/18 05:26:36.269, 159.93, 99, 7523
2026/09/18 05:26:37.269, 162.52, 100, 7523
2026/09/18 05:26:38.269, 163.57, 99, 7523
2026/09/18 05:26:39.270, 160.30, 99, 7523
2026/09/18 05:26:40.270, 159.67, 99, 7523
2026/09/18 05:26:41.270, 159.86, 100, 7523
2026/09/18 05:26:42.271, 161.47, 99, 7523
2026/09/18 05:26:43.271, 163.56, 100, 7523
2026/09/18 05:26:44.271, 160.87, 100, 7523
2026/09/18 05:26:45.271, 158.83, 100, 7523
2026/09/18 05:26:46.271, 159.21, 100, 7523
2026/09/18 05:26:47.272, 160.59, 100, 7523
2026/09/18 05:26:48.272, 163.56, 99, 7523
2026/09/18 05:26:49.272, 161.27, 100, 7523
2026/09/18 05:26:50.272, 159.57, 99, 7523
2026/09/18 05:26:51.273, 159.51, 99, 7523
2026/09/18 05:26:52.273, 160.52, 99, 7523
2026/09/18 05:26:53.273, 163.46, 100, 7523
2026/09/18 05:26:54.273, 162.02, 99, 7523
2026/09/18 05:26:55.282, 159.86, 100, 7523
2026/09/18 05:26:56.282, 159.65, 99, 7523
2026/09/18 05:26:57.282, 162.26, 100, 7523
2026/09/18 05:26:58.282, 163.59, 99, 7523
2026/09/18 05:26:59.283, 160.91, 99, 7523
2026/09/18 05:27:00.283, 159.93, 100, 7523
2026/09/18 05:27:01.283, 159.63, 100, 7523
2026/09/18 05:27:02.283, 161.50, 100, 7523
2026/09/18 05:27:03.283, 163.16, 100, 7523
2026/09/18 05:27:04.284, 161.38, 100, 7523
2026/09/18 05:27:05.284, 159.70, 100, 7523
2026/09/18 05:27:06.284, 159.60, 100, 7523
2026/09/18 05:27:07.284, 160.93, 100, 7523
2026/09/18 05:27:08.284, 163.52, 99, 7523
2026/09/18 05:27:09.284, 161.64, 100, 7523
2026/09/18 05:27:10.285, 159.76, 99, 7523
2026/09/18 05:27:11.285, 159.68, 100, 7523
2026/09/18 05:27:12.285, 160.61, 100, 7523
2026/09/18 05:27:13.285, 163.57, 100, 7523
2026/09/18 05:27:14.285, 162.51, 99, 7523
2026/09/18 05:27:15.294, 159.72, 100, 7523
2026/09/18 05:27:16.294, 159.68, 100, 7523
2026/09/18 05:27:17.295, 160.23, 100, 7523
2026/09/18 05:27:18.295, 163.80, 99, 7523
2026/09/18 05:27:19.295, 162.99, 100, 7523
2026/09/18 05:27:20.295, 159.79, 100, 7523
2026/09/18 05:27:21.296, 160.03, 99, 7523
2026/09/18 05:27:22.296, 159.93, 98, 7523
2026/09/18 05:27:23.296, 163.32, 100, 7523
2026/09/18 05:27:24.296, 163.29, 99, 7523
2026/09/18 05:27:25.296, 159.54, 99, 7523
2026/09/18 05:27:26.297, 159.68, 100, 7523
2026/09/18 05:27:27.297, 159.71, 100, 7523
2026/09/18 05:27:28.297, 162.86, 99, 7523
2026/09/18 05:27:29.297, 163.52, 100, 7523
2026/09/18 05:27:30.297, 160.15, 100, 7523
2026/09/18 05:27:31.298, 159.80, 100, 7523
2026/09/18 05:27:32.298, 159.90, 99, 7523
2026/09/18 05:27:33.298, 162.42, 100, 7523
2026/09/18 05:27:34.298, 163.47, 99, 7523
2026/09/18 05:27:35.298, 160.53, 100, 7523
2026/09/18 05:27:36.299, 159.77, 99, 7523
2026/09/18 05:27:37.299, 159.84, 100, 7523
2026/09/18 05:27:38.299, 161.77, 99, 7523
2026/09/18 05:27:39.299, 163.65, 100, 7523
2026/09/18 05:27:40.299, 161.11, 100, 7523
2026/09/18 05:27:41.299, 159.78, 100, 7523
2026/09/18 05:27:42.300, 159.62, 100, 7523
2026/09/18 05:27:43.300, 99.92, 0, 7523
2026/09/18 05:27:44.300, 108.38, 100, 7523
2026/09/18 05:27:45.300, 160.62, 100, 7523
2026/09/18 05:27:46.300, 159.51, 98, 7523
2026/09/18 05:27:47.301, 160.21, 100, 7523
2026/09/18 05:27:48.301, 160.86, 100, 7523
2026/09/18 05:27:49.301, 159.95, 99, 7523
2026/09/18 05:27:50.301, 161.06, 100, 7523
2026/09/18 05:27:51.301, 160.49, 100, 7523
2026/09/18 05:27:52.302, 159.61, 98, 7523
2026/09/18 05:27:53.302, 160.63, 100, 7523
2026/09/18 05:27:54.302, 160.30, 100, 7523
2026/09/18 05:27:55.302, 159.91, 98, 7523
2026/09/18 05:27:56.302, 160.72, 100, 7523
2026/09/18 05:27:57.303, 160.07, 100, 7523
2026/09/18 05:27:58.303, 159.69, 98, 7523
2026/09/18 05:27:59.303, 160.53, 100, 7523
2026/09/18 05:28:00.303, 160.11, 100, 7523
2026/09/18 05:28:01.303, 159.78, 99, 7523
2026/09/18 05:28:02.304, 160.98, 100, 7523
2026/09/18 05:28:03.304, 160.65, 100, 7523
2026/09/18 05:28:04.312, 159.99, 98, 7523
2026/09/18 05:28:05.313, 161.26, 100, 7523
2026/09/18 05:28:06.313, 160.60, 100, 7523
2026/09/18 05:28:07.313, 160.32, 99, 7523
2026/09/18 05:28:08.313, 161.03, 100, 7523
2026/09/18 05:28:09.313, 160.16, 100, 7523
2026/09/18 05:28:10.314, 160.29, 98, 7523
2026/09/18 05:28:11.314, 161.12, 100, 7523
2026/09/18 05:28:12.314, 160.26, 100, 7523
2026/09/18 05:28:13.314, 160.08, 100, 7523
2026/09/18 05:28:14.314, 161.36, 100, 7523
2026/09/18 05:28:15.315, 160.20, 100, 7523
2026/09/18 05:28:16.315, 160.22, 100, 7523
2026/09/18 05:28:17.315, 161.35, 100, 7523
2026/09/18 05:28:18.315, 160.28, 100, 7523
2026/09/18 05:28:19.315, 160.35, 100, 7523
2026/09/18 05:28:20.316, 161.25, 100, 7523
2026/09/18 05:28:21.316, 160.51, 100, 7523
2026/09/18 05:28:22.316, 160.04, 100, 7523
2026/09/18 05:28:23.316, 161.08, 100, 7523
2026/09/18 05:28:24.316, 160.05, 100, 7523
2026/09/18 05:28:25.317, 160.81, 100, 7523
2026/09/18 05:28:26.317, 161.61, 100, 7523
2026/09/18 05:28:27.317, 160.34, 100, 7523
2026/09/18 05:28:28.317, 160.56, 100, 7523
2026/09/18 05:28:29.317, 159.74, 100, 7523
2026/09/18 05:28:30.318, 160.15, 100, 7523
2026/09/18 05:28:31.318, 160.93, 100, 7523
2026/09/18 05:28:32.318, 161.28, 100, 7523
2026/09/18 05:28:33.318, 159.85, 100, 7523
2026/09/18 05:28:34.318, 159.25, 100, 7523
2026/09/18 05:28:35.319, 161.39, 100, 7523
2026/09/18 05:28:36.319, 159.71, 100, 7523
2026/09/18 05:28:37.319, 160.34, 100, 7523
2026/09/18 05:28:38.319, 160.62, 100, 7523
2026/09/18 05:28:39.319, 159.63, 100, 7523
2026/09/18 05:28:40.320, 158.88, 100, 7523
2026/09/18 05:28:41.320, 161.27, 100, 7523
2026/09/18 05:28:42.320, 159.95, 100, 7523
2026/09/18 05:28:43.320, 160.37, 100, 7523
2026/09/18 05:28:44.320, 160.88, 100, 7523
2026/09/18 05:28:45.320, 159.87, 100, 7523
2026/09/18 05:28:46.321, 160.38, 100, 7523
2026/09/18 05:28:47.321, 161.32, 100, 7523
2026/09/18 05:28:48.321, 159.88, 99, 7523
2026/09/18 05:28:49.321, 160.92, 100, 7523
2026/09/18 05:28:50.321, 161.21, 100, 7523
2026/09/18 05:28:51.322, 159.36, 98, 7523
2026/09/18 05:28:52.322, 160.06, 100, 7523
2026/09/18 05:28:53.322, 160.69, 100, 7523
2026/09/18 05:28:54.322, 159.78, 99, 7523
2026/09/18 05:28:55.322, 160.79, 100, 7523
2026/09/18 05:28:56.323, 160.68, 100, 7523
2026/09/18 05:28:57.323, 159.72, 98, 7523
2026/09/18 05:28:58.323, 161.55, 100, 7523
2026/09/18 05:28:59.323, 160.84, 100, 7523
2026/09/18 05:29:00.324, 160.01, 99, 7523
2026/09/18 05:29:01.324, 160.80, 100, 7523
2026/09/18 05:29:02.324, 161.13, 100, 7523
2026/09/18 05:29:03.324, 159.71, 98, 7523
2026/09/18 05:29:04.324, 160.67, 100, 7523
2026/09/18 05:29:05.333, 161.21, 100, 7523
2026/09/18 05:29:06.333, 160.28, 99, 7523
2026/09/18 05:29:07.333, 160.82, 100, 7523
2026/09/18 05:29:08.334, 160.69, 100, 7523
2026/09/18 05:29:09.334, 159.83, 98, 7523
2026/09/18 05:29:10.342, 160.60, 100, 7523
2026/09/18 05:29:11.343, 160.99, 100, 7523
2026/09/18 05:29:12.343, 160.03, 99, 7523
2026/09/18 05:29:13.343, 160.82, 100, 7523
2026/09/18 05:29:14.343, 161.04, 100, 7523
2026/09/18 05:29:15.343, 159.49, 98, 7523
2026/09/18 05:29:16.344, 160.49, 100, 7523
2026/09/18 05:29:17.344, 160.90, 100, 7523
2026/09/18 05:29:18.344, 160.16, 99, 7523
2026/09/18 05:29:19.344, 160.96, 100, 7523
2026/09/18 05:29:20.344, 160.76, 100, 7523
2026/09/18 05:29:21.345, 159.93, 98, 7523
2026/09/18 05:29:22.345, 160.60, 100, 7523
2026/09/18 05:29:23.345, 160.50, 100, 7523
2026/09/18 05:29:24.345, 160.10, 99, 7523
2026/09/18 05:29:25.354, 161.01, 100, 7523
2026/09/18 05:29:26.354, 160.48, 100, 7523
2026/09/18 05:29:27.354, 160.01, 98, 7523
2026/09/18 05:29:28.354, 160.63, 100, 7523
2026/09/18 05:29:29.355, 160.11, 100, 7523
2026/09/18 05:29:30.355, 160.18, 99, 7523
2026/09/18 05:29:31.355, 161.11, 100, 7523
2026/09/18 05:29:32.355, 160.16, 100, 7523
2026/09/18 05:29:33.356, 160.30, 98, 7523
2026/09/18 05:29:34.356, 160.99, 100, 7523
2026/09/18 05:29:35.364, 160.12, 100, 7523
2026/09/18 05:29:36.365, 160.28, 99, 7523
2026/09/18 05:29:37.365, 161.00, 100, 7523
2026/09/18 05:29:38.365, 160.35, 100, 7523
2026/09/18 05:29:39.365, 160.13, 100, 7523
2026/09/18 05:29:40.365, 161.36, 100, 7523
2026/09/18 05:29:41.366, 160.19, 100, 7523
2026/09/18 05:29:42.366, 160.58, 100, 7523
2026/09/18 05:29:43.366, 161.55, 100, 7523
2026/09/18 05:29:44.366, 159.96, 100, 7523
2026/09/18 05:29:45.366, 160.29, 100, 7523
2026/09/18 05:29:46.367, 161.18, 100, 7523
2026/09/18 05:29:47.367, 159.82, 100, 7523
2026/09/18 05:29:48.367, 160.71, 100, 7523
2026/09/18 05:29:49.367, 161.27, 100, 7523
2026/09/18 05:29:50.367, 159.50, 100, 7523
2026/09/18 05:29:51.368, 160.42, 100, 7523
2026/09/18 05:29:52.368, 161.34, 100, 7523
2026/09/18 05:29:53.368, 159.84, 100, 7523
2026/09/18 05:29:54.368, 160.23, 100, 7523
2026/09/18 05:29:55.368, 161.26, 100, 7523
2026/09/18 05:29:56.369, 160.09, 99, 7523
2026/09/18 05:29:57.369, 160.28, 100, 7523
2026/09/18 05:29:58.369, 161.01, 100, 7523
2026/09/18 05:29:59.369, 159.91, 99, 7523
2026/09/18 05:30:00.369, 161.16, 100, 7523
2026/09/18 05:30:01.370, 160.77, 100, 7523
2026/09/18 05:30:02.370, 159.21, 98, 7523
2026/09/18 05:30:03.370, 160.21, 100, 7523
2026/09/18 05:30:04.370, 160.97, 100, 7523
2026/09/18 05:30:05.370, 159.46, 98, 7523
2026/09/18 05:30:06.371, 161.13, 100, 7523
2026/09/18 05:30:07.371, 160.93, 100, 7523
2026/09/18 05:30:08.371, 159.37, 98, 7523
2026/09/18 05:30:09.371, 160.16, 100, 7523
2026/09/18 05:30:10.371, 160.47, 100, 7523
2026/09/18 05:30:11.372, 159.76, 99, 7523
2026/09/18 05:30:12.372, 160.49, 100, 7523
2026/09/18 05:30:13.372, 160.69, 100, 7523
2026/09/18 05:30:14.372, 159.27, 98, 7523
2026/09/18 05:30:15.372, 160.24, 100, 7523
2026/09/18 05:30:16.373, 160.43, 100, 7523
2026/09/18 05:30:17.373, 159.90, 98, 7523
2026/09/18 05:30:18.373, 159.32, 100, 7523
2026/09/18 05:30:19.373, 163.32, 99, 7523
2026/09/18 05:30:20.373, 162.29, 100, 7523
2026/09/18 05:30:21.374, 158.65, 100, 7523
2026/09/18 05:30:22.374, 158.51, 100, 7523
2026/09/18 05:30:23.374, 158.26, 98, 7523
2026/09/18 05:30:24.374, 163.17, 100, 7523
2026/09/18 05:30:25.375, 162.91, 100, 7523
2026/09/18 05:30:26.375, 158.96, 99, 7523
2026/09/18 05:30:27.375, 159.08, 100, 7523
2026/09/18 05:30:28.375, 159.29, 100, 7523
2026/09/18 05:30:29.375, 162.49, 99, 7523
2026/09/18 05:30:30.376, 163.24, 100, 7523
2026/09/18 05:30:31.376, 159.63, 100, 7523
2026/09/18 05:30:32.376, 158.60, 100, 7523
2026/09/18 05:30:33.376, 158.52, 99, 7523
2026/09/18 05:30:34.376, 161.73, 100, 7523
2026/09/18 05:30:35.385, 163.28, 99, 7523
2026/09/18 05:30:36.385, 159.58, 99, 7523
2026/09/18 05:30:37.385, 158.66, 99, 7523
2026/09/18 05:30:38.386, 158.58, 100, 7523
2026/09/18 05:30:39.386, 160.93, 99, 7523
2026/09/18 05:30:40.386, 163.13, 100, 7523
2026/09/18 05:30:41.386, 160.66, 100, 7523
2026/09/18 05:30:42.387, 158.54, 100, 7523
2026/09/18 05:30:43.387, 158.61, 100, 7523
2026/09/18 05:30:44.387, 160.24, 100, 7523
2026/09/18 05:30:45.387, 163.18, 99, 7523
2026/09/18 05:30:46.387, 161.11, 100, 7523
2026/09/18 05:30:47.388, 158.47, 99, 7523
2026/09/18 05:30:48.388, 158.73, 100, 7523
2026/09/18 05:30:49.388, 160.01, 100, 7523
2026/09/18 05:30:50.388, 163.25, 100, 7523
2026/09/18 05:30:51.388, 161.91, 100, 7523
2026/09/18 05:30:52.389, 158.79, 100, 7523
2026/09/18 05:30:53.389, 158.56, 100, 7523
2026/09/18 05:30:54.389, 158.75, 100, 7523
2026/09/18 05:30:55.389, 163.03, 99, 7523
2026/09/18 05:30:56.389, 162.50, 100, 7523
2026/09/18 05:30:57.390, 158.64, 100, 7523
2026/09/18 05:30:58.390, 158.58, 99, 7523
2026/09/18 05:30:59.390, 158.65, 100, 7523
2026/09/18 05:31:00.390, 162.41, 100, 7523
2026/09/18 05:31:01.390, 163.28, 99, 7523
2026/09/18 05:31:02.391, 159.36, 100, 7523
2026/09/18 05:31:03.391, 158.60, 100, 7523
2026/09/18 05:31:04.391, 158.72, 100, 7523
2026/09/18 05:31:05.391, 162.19, 100, 7523
2026/09/18 05:31:06.391, 163.37, 100, 7523
2026/09/18 05:31:07.392, 159.70, 100, 7523
2026/09/18 05:31:08.392, 158.81, 99, 7523
2026/09/18 05:31:09.392, 158.56, 99, 7523
2026/09/18 05:31:10.392, 162.07, 100, 7523
2026/09/18 05:31:11.392, 163.42, 99, 7523
2026/09/18 05:31:12.393, 160.76, 99, 7523
2026/09/18 05:31:13.393, 158.97, 100, 7523
2026/09/18 05:31:14.393, 158.67, 100, 7523
2026/09/18 05:31:15.393, 160.49, 100, 7523
2026/09/18 05:31:16.393, 163.16, 100, 7523
2026/09/18 05:31:17.394, 160.62, 100, 7523
2026/09/18 05:31:18.394, 158.77, 100, 7523
2026/09/18 05:31:19.394, 158.67, 99, 7523
2026/09/18 05:31:20.394, 160.23, 99, 7523
2026/09/18 05:31:21.395, 163.43, 100, 7523
2026/09/18 05:31:22.395, 161.38, 99, 7523
2026/09/18 05:31:23.395, 158.80, 100, 7523
2026/09/18 05:31:24.395, 158.84, 100, 7523
2026/09/18 05:31:25.395, 159.69, 100, 7523
2026/09/18 05:31:26.396, 163.50, 100, 7523
2026/09/18 05:31:27.396, 162.08, 100, 7523
2026/09/18 05:31:28.396, 158.65, 100, 7523
2026/09/18 05:31:29.396, 158.52, 100, 7523
2026/09/18 05:31:30.396, 158.55, 98, 7523
2026/09/18 05:31:31.397, 163.45, 100, 7523
2026/09/18 05:31:32.397, 162.80, 100, 7523
2026/09/18 05:31:33.397, 158.87, 99, 7523
2026/09/18 05:31:34.397, 158.78, 100, 7523
2026/09/18 05:31:35.397, 158.63, 100, 7523
2026/09/18 05:31:36.398, 162.29, 99, 7523
2026/09/18 05:31:37.398, 163.43, 100, 7523
2026/09/18 05:31:38.398, 159.97, 100, 7523
2026/09/18 05:31:39.398, 159.63, 100, 7523
2026/09/18 05:31:40.398, 158.76, 100, 7523
2026/09/18 05:31:41.399, 161.68, 100, 7523
2026/09/18 05:31:42.399, 163.27, 100, 7523
2026/09/18 05:31:43.399, 159.80, 100, 7523
2026/09/18 05:31:44.399, 158.45, 99, 7523
2026/09/18 05:31:45.399, 158.43, 100, 7523
2026/09/18 05:31:46.400, 161.07, 99, 7523
2026/09/18 05:31:47.400, 163.16, 100, 7523
2026/09/18 05:31:48.400, 160.53, 100, 7523
2026/09/18 05:31:49.400, 158.70, 100, 7523
2026/09/18 05:31:50.400, 158.56, 100, 7523
2026/09/18 05:31:51.401, 102.92, 6, 7523
2026/09/18 05:31:52.401, 98.69, 100, 7523
2026/09/18 05:31:53.401, 160.37, 100, 7523
2026/09/18 05:31:54.401, 159.62, 99, 7523
2026/09/18 05:31:55.402, 160.40, 100, 7523
2026/09/18 05:31:56.410, 160.25, 100, 7523
2026/09/18 05:31:57.410, 159.17, 98, 7523
2026/09/18 05:31:58.411, 160.14, 100, 7523
2026/09/18 05:31:59.411, 160.40, 100, 7523
2026/09/18 05:32:00.411, 159.79, 99, 7523
2026/09/18 05:32:01.411, 160.62, 100, 7523
2026/09/18 05:32:02.412, 160.58, 100, 7523
2026/09/18 05:32:03.412, 159.35, 98, 7523
2026/09/18 05:32:04.412, 160.43, 100, 7523
2026/09/18 05:32:05.412, 160.72, 100, 7523
2026/09/18 05:32:06.421, 159.82, 99, 7523
2026/09/18 05:32:07.421, 160.37, 100, 7523
2026/09/18 05:32:08.421, 160.25, 100, 7523
2026/09/18 05:32:09.421, 159.46, 98, 7523
2026/09/18 05:32:10.422, 160.17, 100, 7523
2026/09/18 05:32:11.430, 160.66, 100, 7523
2026/09/18 05:32:12.431, 159.72, 99, 7523
2026/09/18 05:32:13.431, 160.52, 100, 7523
2026/09/18 05:32:14.431, 160.13, 100, 7523
2026/09/18 05:32:15.431, 159.67, 98, 7523
2026/09/18 05:32:16.440, 160.20, 100, 7523
2026/09/18 05:32:17.440, 160.58, 100, 7523
2026/09/18 05:32:18.440, 159.95, 99, 7523
2026/09/18 05:32:19.440, 160.75, 100, 7523
2026/09/18 05:32:20.441, 160.16, 100, 7523
2026/09/18 05:32:21.441, 159.36, 98, 7523
2026/09/18 05:32:22.441, 160.90, 100, 7523
2026/09/18 05:32:23.441, 160.38, 100, 7523
2026/09/18 05:32:24.441, 160.21, 99, 7523
2026/09/18 05:32:25.442, 160.98, 100, 7523
2026/09/18 05:32:26.442, 160.12, 100, 7523
2026/09/18 05:32:27.442, 159.51, 98, 7523
2026/09/18 05:32:28.442, 160.65, 100, 7523
2026/09/18 05:32:29.442, 160.20, 100, 7523
2026/09/18 05:32:30.443, 160.04, 99, 7523
2026/09/18 05:32:31.443, 161.02, 100, 7523
2026/09/18 05:32:32.443, 160.19, 100, 7523
2026/09/18 05:32:33.443, 159.37, 99, 7523
2026/09/18 05:32:34.443, 160.99, 100, 7523
2026/09/18 05:32:35.444, 159.95, 100, 7523
2026/09/18 05:32:36.444, 160.10, 100, 7523
2026/09/18 05:32:37.444, 161.37, 100, 7523
2026/09/18 05:32:38.444, 160.04, 100, 7523
2026/09/18 05:32:39.444, 160.16, 100, 7523
2026/09/18 05:32:40.445, 161.51, 100, 7523
2026/09/18 05:32:41.445, 160.33, 100, 7523
2026/09/18 05:32:42.445, 160.45, 100, 7523
2026/09/18 05:32:43.446, 161.22, 100, 7523
2026/09/18 05:32:44.446, 160.24, 100, 7523
2026/09/18 05:32:45.446, 160.34, 100, 7523
2026/09/18 05:32:46.455, 161.63, 100, 7523
2026/09/18 05:32:47.455, 160.37, 100, 7523
2026/09/18 05:32:48.455, 160.91, 100, 7523
2026/09/18 05:32:49.455, 160.70, 100, 7523
2026/09/18 05:32:50.455, 160.10, 100, 7523
2026/09/18 05:32:51.464, 160.53, 100, 7523
2026/09/18 05:32:52.464, 161.30, 100, 7523
2026/09/18 05:32:53.465, 159.72, 100, 7523
2026/09/18 05:32:54.465, 160.28, 100, 7523
2026/09/18 05:32:55.465, 160.71, 100, 7523
2026/09/18 05:32:56.465, 160.22, 100, 7523
2026/09/18 05:32:57.465, 160.58, 100, 7523
2026/09/18 05:32:58.466, 161.07, 100, 7523
2026/09/18 05:32:59.466, 160.16, 99, 7523
2026/09/18 05:33:00.466, 160.60, 100, 7523
2026/09/18 05:33:01.466, 160.95, 100, 7523
2026/09/18 05:33:02.466, 159.78, 98, 7523
2026/09/18 05:33:03.467, 161.30, 100, 7523
2026/09/18 05:33:04.467, 161.21, 100, 7523
2026/09/18 05:33:05.467, 159.95, 98, 7523
2026/09/18 05:33:06.467, 161.18, 100, 7523
2026/09/18 05:33:07.467, 161.06, 100, 7523
2026/09/18 05:33:08.468, 159.42, 98, 7523
2026/09/18 05:33:09.468, 160.41, 100, 7523
2026/09/18 05:33:10.468, 160.75, 100, 7523
2026/09/18 05:33:11.468, 159.77, 99, 7523
2026/09/18 05:33:12.468, 160.54, 100, 7523
2026/09/18 05:33:13.469, 160.57, 100, 7523
2026/09/18 05:33:14.469, 160.61, 98, 7523
2026/09/18 05:33:15.469, 161.33, 100, 7523
2026/09/18 05:33:16.469, 160.49, 100, 7523
2026/09/18 05:33:17.470, 161.05, 99, 7523
2026/09/18 05:33:18.470, 161.65, 100, 7523
2026/09/18 05:33:19.470, 159.99, 100, 7523
2026/09/18 05:33:20.470, 160.34, 98, 7523
2026/09/18 05:33:21.470, 161.04, 100, 7523
2026/09/18 05:33:22.479, 160.39, 100, 7523
2026/09/18 05:33:23.479, 160.55, 99, 7523
2026/09/18 05:33:24.479, 160.84, 100, 7523
2026/09/18 05:33:25.480, 160.10, 100, 7523
2026/09/18 05:33:26.480, 160.28, 98, 7523
2026/09/18 05:33:27.480, 160.83, 100, 7523
2026/09/18 05:33:28.480, 159.93, 100, 7523
2026/09/18 05:33:29.480, 161.01, 99, 7523
2026/09/18 05:33:30.481, 161.14, 100, 7523
2026/09/18 05:33:31.481, 159.19, 100, 7523
2026/09/18 05:33:32.481, 160.12, 100, 7523
2026/09/18 05:33:33.481, 161.12, 100, 7523
2026/09/18 05:33:34.482, 159.60, 99, 7523
2026/09/18 05:33:35.482, 160.41, 100, 7523
2026/09/18 05:33:36.482, 160.52, 100, 7523
2026/09/18 05:33:37.482, 159.21, 98, 7523
2026/09/18 05:33:38.482, 160.31, 100, 7523
2026/09/18 05:33:39.482, 160.82, 100, 7523
2026/09/18 05:33:40.483, 159.92, 99, 7523
2026/09/18 05:33:41.483, 160.59, 100, 7523
2026/09/18 05:33:42.483, 160.93, 100, 7523
2026/09/18 05:33:43.483, 159.47, 98, 7523
2026/09/18 05:33:44.483, 160.61, 100, 7523
2026/09/18 05:33:45.484, 161.27, 100, 7523
2026/09/18 05:33:46.484, 159.95, 99, 7523
2026/09/18 05:33:47.484, 161.16, 100, 7523
2026/09/18 05:33:48.484, 160.90, 100, 7523
2026/09/18 05:33:49.484, 159.56, 98, 7523
2026/09/18 05:33:50.485, 160.26, 100, 7523
2026/09/18 05:33:51.485, 160.89, 100, 7523
2026/09/18 05:33:52.493, 159.69, 99, 7523
2026/09/18 05:33:53.494, 160.75, 100, 7523
2026/09/18 05:33:54.494, 160.76, 100, 7523
2026/09/18 05:33:55.494, 159.50, 98, 7523
2026/09/18 05:33:56.494, 160.63, 100, 7523
2026/09/18 05:33:57.503, 160.60, 100, 7523
2026/09/18 05:33:58.503, 160.05, 98, 7523
2026/09/18 05:33:59.503, 160.70, 100, 7523
2026/09/18 05:34:00.504, 160.72, 100, 7523
2026/09/18 05:34:01.504, 159.83, 98, 7523
2026/09/18 05:34:02.512, 160.59, 100, 7523
2026/09/18 05:34:03.513, 160.81, 100, 7523
2026/09/18 05:34:04.513, 159.76, 99, 7523
2026/09/18 05:34:05.513, 160.98, 100, 7523
2026/09/18 05:34:06.513, 160.41, 100, 7523
2026/09/18 05:34:07.513, 159.58, 98, 7523
2026/09/18 05:34:08.514, 161.07, 100, 7523
2026/09/18 05:34:09.514, 160.51, 100, 7523
2026/09/18 05:34:10.514, 160.09, 99, 7523
2026/09/18 05:34:11.514, 160.78, 100, 7523
2026/09/18 05:34:12.523, 160.15, 100, 7523
2026/09/18 05:34:13.523, 159.51, 98, 7523
2026/09/18 05:34:14.523, 160.54, 100, 7523
2026/09/18 05:34:15.524, 160.12, 100, 7523
2026/09/18 05:34:16.524, 159.93, 99, 7523
2026/09/18 05:34:17.532, 161.03, 100, 7523
2026/09/18 05:34:18.533, 160.43, 100, 7523
2026/09/18 05:34:19.533, 160.17, 98, 7523
2026/09/18 05:34:20.533, 160.88, 100, 7523
2026/09/18 05:34:21.533, 160.10, 100, 7523
2026/09/18 05:34:22.533, 160.29, 99, 7523
2026/09/18 05:34:23.534, 160.99, 100, 7523
2026/09/18 05:34:24.534, 159.99, 100, 7523
2026/09/18 05:34:25.534, 159.78, 98, 7523
2026/09/18 05:34:26.534, 161.15, 100, 7523
2026/09/18 05:34:27.543, 163.50, 99, 7523
2026/09/18 05:34:28.543, 160.51, 99, 7523
2026/09/18 05:34:29.543, 159.20, 100, 7523
2026/09/18 05:34:30.544, 160.03, 100, 7523
2026/09/18 05:34:31.544, 161.60, 100, 7523
2026/09/18 05:34:32.544, 163.42, 100, 7523
2026/09/18 05:34:33.544, 161.08, 100, 7523
2026/09/18 05:34:34.544, 158.66, 100, 7523
2026/09/18 05:34:35.545, 158.72, 99, 7523
2026/09/18 05:34:36.545, 159.99, 99, 7523
2026/09/18 05:34:37.545, 163.54, 100, 7523
2026/09/18 05:34:38.545, 161.71, 99, 7523
2026/09/18 05:34:39.545, 159.66, 99, 7523
2026/09/18 05:34:40.546, 159.91, 100, 7523
2026/09/18 05:34:41.546, 160.22, 100, 7523
2026/09/18 05:34:42.546, 163.51, 100, 7523
2026/09/18 05:34:43.546, 162.29, 100, 7523
2026/09/18 05:34:44.546, 159.66, 100, 7523
2026/09/18 05:34:45.555, 159.72, 100, 7523
2026/09/18 05:34:46.555, 159.87, 98, 7523
2026/09/18 05:34:47.555, 163.59, 100, 7523
2026/09/18 05:34:48.556, 162.90, 100, 7523
2026/09/18 05:34:49.556, 159.73, 99, 7523
2026/09/18 05:34:50.558, 159.62, 99, 7523
2026/09/18 05:34:51.558, 159.09, 100, 7523
2026/09/18 05:34:52.559, 162.87, 100, 7523
2026/09/18 05:34:53.559, 163.21, 99, 7523
2026/09/18 05:34:54.559, 159.46, 100, 7523
2026/09/18 05:34:55.559, 158.83, 100, 7523
2026/09/18 05:34:56.560, 158.91, 100, 7523
2026/09/18 05:34:57.560, 162.06, 100, 7523
2026/09/18 05:34:58.560, 163.34, 100, 7523
2026/09/18 05:34:59.560, 159.62, 100, 7523
2026/09/18 05:35:00.560, 158.62, 99, 7523
2026/09/18 05:35:01.561, 158.57, 100, 7523
2026/09/18 05:35:02.561, 161.33, 99, 7523
2026/09/18 05:35:03.561, 163.46, 100, 7523
2026/09/18 05:35:04.570, 160.65, 100, 7523
2026/09/18 05:35:05.570, 158.78, 100, 7523
2026/09/18 05:35:06.570, 158.87, 100, 7523
2026/09/18 05:35:07.570, 160.76, 100, 7523
2026/09/18 05:35:08.570, 163.63, 100, 7523
2026/09/18 05:35:09.571, 161.35, 100, 7523
2026/09/18 05:35:10.571, 158.85, 100, 7523
2026/09/18 05:35:11.571, 158.87, 99, 7523
2026/09/18 05:35:12.571, 160.30, 99, 7523
2026/09/18 05:35:13.572, 163.45, 100, 7523
2026/09/18 05:35:14.580, 162.04, 99, 7523
2026/09/18 05:35:15.580, 159.93, 100, 7523
2026/09/18 05:35:16.581, 159.83, 100, 7523
2026/09/18 05:35:17.581, 160.20, 100, 7523
2026/09/18 05:35:18.581, 163.42, 99, 7523
2026/09/18 05:35:19.581, 162.33, 100, 7523
2026/09/18 05:35:20.581, 158.78, 100, 7523
2026/09/18 05:35:21.582, 159.55, 100, 7523
2026/09/18 05:35:22.582, 159.57, 98, 7523
2026/09/18 05:35:23.582, 163.18, 100, 7523
2026/09/18 05:35:24.582, 162.94, 100, 7523
2026/09/18 05:35:25.582, 159.72, 99, 7523
2026/09/18 05:35:26.583, 159.88, 100, 7523
2026/09/18 05:35:27.583, 159.86, 100, 7523
2026/09/18 05:35:28.583, 162.66, 99, 7523
2026/09/18 05:35:29.583, 163.43, 100, 7523
2026/09/18 05:35:30.584, 159.99, 100, 7523
2026/09/18 05:35:31.584, 159.85, 100, 7523
2026/09/18 05:35:32.584, 159.91, 100, 7523
2026/09/18 05:35:33.584, 163.38, 100, 7523
2026/09/18 05:35:34.584, 164.49, 100, 7523
2026/09/18 05:35:35.585, 160.50, 100, 7523
2026/09/18 05:35:36.585, 159.55, 99, 7523
2026/09/18 05:35:37.585, 159.55, 99, 7523
2026/09/18 05:35:38.585, 161.80, 99, 7523
2026/09/18 05:35:39.586, 163.44, 99, 7523
2026/09/18 05:35:40.586, 160.95, 99, 7523
2026/09/18 05:35:41.586, 159.87, 100, 7523
2026/09/18 05:35:42.586, 159.67, 100, 7523
2026/09/18 05:35:43.587, 161.91, 100, 7523
2026/09/18 05:35:44.595, 164.74, 100, 7523
2026/09/18 05:35:45.595, 162.14, 100, 7523
2026/09/18 05:35:46.596, 159.87, 100, 7523
2026/09/18 05:35:47.596, 159.71, 100, 7523
2026/09/18 05:35:48.596, 161.25, 100, 7523
2026/09/18 05:35:49.600, 163.54, 99, 7523
2026/09/18 05:35:50.600, 162.13, 100, 7523
2026/09/18 05:35:51.600, 159.91, 99, 7523
2026/09/18 05:35:52.600, 159.96, 100, 7523
2026/09/18 05:35:53.601, 160.65, 100, 7523
2026/09/18 05:35:54.601, 163.32, 100, 7523
2026/09/18 05:35:55.601, 162.40, 100, 7523
2026/09/18 05:35:56.601, 159.66, 100, 7523
2026/09/18 05:35:57.601, 159.55, 100, 7523
2026/09/18 05:35:58.602, 145.17, 29, 7523
2026/09/18 05:35:59.610, 61.20, 100, 7523
2026/09/18 05:36:00.610, 159.42, 100, 7523
2026/09/18 05:36:01.611, 159.60, 100, 7523
2026/09/18 05:36:02.611, 160.73, 100, 7523
2026/09/18 05:36:03.611, 159.62, 100, 7523
2026/09/18 05:36:04.611, 160.06, 100, 7523
2026/09/18 05:36:05.612, 160.58, 100, 7523
2026/09/18 05:36:06.612, 159.61, 99, 7523
2026/09/18 05:36:07.612, 159.95, 100, 7523
2026/09/18 05:36:08.612, 160.52, 100, 7523
2026/09/18 05:36:09.612, 159.97, 98, 7523
2026/09/18 05:36:10.612, 160.73, 100, 7523
2026/09/18 05:36:11.613, 160.98, 100, 7523
2026/09/18 05:36:12.613, 159.08, 98, 7523
2026/09/18 05:36:13.613, 161.07, 100, 7523
2026/09/18 05:36:14.613, 159.57, 100, 7523
2026/09/18 05:36:15.614, 159.61, 99, 7523
2026/09/18 05:36:16.614, 160.94, 100, 7523
2026/09/18 05:36:17.614, 160.53, 100, 7523
2026/09/18 05:36:18.614, 159.18, 98, 7523
2026/09/18 05:36:19.614, 160.93, 100, 7523
2026/09/18 05:36:20.615, 160.90, 100, 7523
2026/09/18 05:36:21.615, 159.50, 99, 7523
2026/09/18 05:36:22.615, 160.31, 100, 7523
2026/09/18 05:36:23.615, 160.35, 100, 7523
2026/09/18 05:36:24.615, 159.05, 98, 7523
2026/09/18 05:36:25.615, 161.11, 100, 7523
2026/09/18 05:36:26.616, 160.66, 100, 7523
2026/09/18 05:36:27.616, 159.44, 99, 7523
2026/09/18 05:36:28.616, 160.52, 100, 7523
2026/09/18 05:36:29.616, 160.87, 100, 7523
2026/09/18 05:36:30.616, 159.53, 98, 7523
2026/09/18 05:36:31.617, 160.40, 100, 7523
2026/09/18 05:36:32.617, 160.40, 100, 7523
2026/09/18 05:36:33.617, 160.04, 99, 7523
2026/09/18 05:36:34.617, 160.59, 100, 7523
2026/09/18 05:36:35.617, 160.53, 100, 7523
2026/09/18 05:36:36.617, 159.47, 98, 7523
2026/09/18 05:36:37.618, 160.37, 100, 7523
2026/09/18 05:36:38.618, 160.27, 100, 7523
2026/09/18 05:36:39.618, 159.74, 99, 7523
2026/09/18 05:36:40.618, 161.18, 100, 7523
2026/09/18 05:36:41.618, 160.64, 100, 7523
2026/09/18 05:36:42.619, 159.67, 98, 7523
2026/09/18 05:36:43.619, 160.59, 100, 7523
2026/09/18 05:36:44.619, 160.89, 100, 7523
2026/09/18 05:36:45.619, 159.75, 99, 7523
2026/09/18 05:36:46.619, 160.57, 100, 7523
2026/09/18 05:36:47.620, 160.20, 100, 7523
2026/09/18 05:36:48.620, 159.53, 98, 7523
2026/09/18 05:36:49.620, 160.99, 100, 7523
2026/09/18 05:36:50.629, 160.20, 100, 7523
2026/09/18 05:36:51.629, 159.80, 99, 7523
2026/09/18 05:36:52.629, 161.15, 100, 7523
2026/09/18 05:36:53.629, 160.62, 100, 7523
2026/09/18 05:36:54.629, 160.02, 98, 7523
2026/09/18 05:36:55.638, 160.81, 100, 7523
2026/09/18 05:36:56.638, 160.64, 100, 7523
2026/09/18 05:36:57.638, 160.09, 99, 7523
2026/09/18 05:36:58.639, 160.90, 100, 7523
2026/09/18 05:36:59.639, 160.34, 100, 7523
2026/09/18 05:37:00.639, 159.79, 98, 7523
2026/09/18 05:37:01.639, 160.88, 100, 7523
2026/09/18 05:37:02.640, 160.51, 100, 7523
2026/09/18 05:37:03.640, 160.21, 99, 7523
2026/09/18 05:37:04.640, 160.98, 100, 7523
2026/09/18 05:37:05.640, 160.23, 100, 7523
2026/09/18 05:37:06.641, 159.95, 100, 7523
2026/09/18 05:37:07.641, 161.16, 100, 7523
2026/09/18 05:37:08.641, 160.10, 100, 7523
2026/09/18 05:37:09.641, 160.41, 100, 7523
2026/09/18 05:37:10.642, 160.78, 100, 7523
2026/09/18 05:37:11.642, 160.28, 100, 7523
2026/09/18 05:37:12.642, 160.15, 100, 7523
2026/09/18 05:37:13.642, 160.90, 100, 7523
2026/09/18 05:37:14.642, 160.31, 100, 7523
2026/09/18 05:37:15.651, 160.47, 100, 7523
2026/09/18 05:37:16.651, 160.85, 100, 7523
2026/09/18 05:37:17.652, 160.14, 100, 7523
2026/09/18 05:37:18.652, 160.49, 100, 7523
2026/09/18 05:37:19.652, 161.59, 100, 7523
2026/09/18 05:37:20.652, 159.91, 100, 7523
2026/09/18 05:37:21.652, 160.31, 100, 7523
2026/09/18 05:37:22.653, 160.66, 100, 7523
2026/09/18 05:37:23.653, 160.09, 100, 7523
2026/09/18 05:37:24.653, 160.15, 100, 7523
2026/09/18 05:37:25.659, 161.38, 100, 7523
2026/09/18 05:37:26.659, 159.92, 98, 7523
2026/09/18 05:37:27.659, 160.51, 100, 7523
2026/09/18 05:37:28.660, 160.95, 100, 7523
2026/09/18 05:37:29.660, 159.32, 98, 7523
2026/09/18 05:37:30.668, 161.04, 100, 7523
2026/09/18 05:37:31.669, 160.66, 100, 7523
2026/09/18 05:37:32.669, 159.93, 99, 7523
2026/09/18 05:37:33.669, 161.40, 100, 7523
2026/09/18 05:37:34.669, 161.10, 100, 7523
2026/09/18 05:37:35.670, 159.60, 98, 7523
2026/09/18 05:37:36.670, 160.42, 100, 7523
2026/09/18 05:37:37.670, 160.57, 100, 7523
2026/09/18 05:37:38.670, 160.03, 99, 7523
2026/09/18 05:37:39.670, 160.94, 100, 7523
2026/09/18 05:37:40.671, 160.59, 100, 7523
2026/09/18 05:37:41.671, 159.56, 98, 7523
2026/09/18 05:37:42.671, 160.27, 100, 7523
2026/09/18 05:37:43.671, 160.87, 100, 7523
2026/09/18 05:37:44.671, 159.69, 98, 7523
2026/09/18 05:37:45.672, 161.43, 100, 7523
2026/09/18 05:37:46.672, 160.84, 100, 7523
2026/09/18 05:37:47.672, 159.62, 98, 7523
2026/09/18 05:37:48.672, 160.60, 100, 7523
2026/09/18 05:37:49.672, 160.95, 100, 7523
2026/09/18 05:37:50.673, 158.69, 98, 7523
2026/09/18 05:37:51.673, 161.07, 100, 7523
2026/09/18 05:37:52.673, 160.69, 100, 7523
2026/09/18 05:37:53.673, 159.62, 98, 7523
2026/09/18 05:37:54.673, 160.45, 100, 7523
2026/09/18 05:37:55.674, 160.75, 100, 7523
2026/09/18 05:37:56.674, 159.96, 99, 7523
2026/09/18 05:37:57.674, 160.95, 100, 7523
2026/09/18 05:37:58.674, 160.26, 100, 7523
2026/09/18 05:37:59.674, 159.78, 98, 7523
2026/09/18 05:38:00.675, 160.46, 100, 7523
2026/09/18 05:38:01.675, 160.56, 100, 7523
2026/09/18 05:38:02.675, 159.97, 98, 7523
2026/09/18 05:38:03.675, 161.07, 100, 7523
2026/09/18 05:38:04.675, 160.22, 100, 7523
2026/09/18 05:38:05.676, 159.55, 98, 7523
2026/09/18 05:38:06.676, 160.43, 100, 7523
2026/09/18 05:38:07.676, 160.04, 100, 7523
2026/09/18 05:38:08.676, 160.02, 99, 7523
2026/09/18 05:38:09.676, 161.26, 100, 7523
2026/09/18 05:38:10.677, 160.65, 100, 7523
2026/09/18 05:38:11.677, 159.89, 98, 7523
2026/09/18 05:38:12.677, 160.62, 100, 7523
2026/09/18 05:38:13.677, 160.01, 100, 7523
2026/09/18 05:38:14.678, 159.91, 98, 7523
2026/09/18 05:38:15.678, 160.92, 100, 7523
2026/09/18 05:38:16.678, 159.84, 100, 7523
2026/09/18 05:38:17.678, 159.71, 99, 7523
2026/09/18 05:38:18.678, 160.65, 100, 7523
2026/09/18 05:38:19.678, 160.25, 100, 7523
2026/09/18 05:38:20.679, 160.00, 100, 7523
2026/09/18 05:38:21.679, 160.72, 100, 7523
2026/09/18 05:38:22.679, 159.73, 100, 7523
2026/09/18 05:38:23.679, 160.14, 100, 7523
2026/09/18 05:38:24.680, 161.44, 100, 7523
2026/09/18 05:38:25.680, 160.03, 100, 7523
2026/09/18 05:38:26.688, 160.25, 100, 7523
2026/09/18 05:38:27.689, 161.39, 100, 7523
2026/09/18 05:38:28.689, 159.92, 100, 7523
2026/09/18 05:38:29.689, 160.36, 100, 7523
2026/09/18 05:38:30.689, 161.56, 100, 7523
2026/09/18 05:38:31.689, 160.10, 100, 7523
2026/09/18 05:38:32.690, 160.56, 100, 7523
2026/09/18 05:38:33.690, 160.07, 100, 7523
2026/09/18 05:38:34.690, 163.41, 100, 7523
2026/09/18 05:38:35.690, 162.15, 100, 7523
2026/09/18 05:38:36.691, 159.69, 100, 7523
2026/09/18 05:38:37.691, 159.47, 100, 7523
2026/09/18 05:38:38.691, 159.95, 100, 7523
2026/09/18 05:38:39.691, 163.31, 99, 7523
2026/09/18 05:38:40.691, 162.54, 100, 7523
2026/09/18 05:38:41.692, 159.68, 100, 7523
2026/09/18 05:38:42.692, 159.62, 99, 7523
2026/09/18 05:38:43.692, 159.66, 100, 7523
2026/09/18 05:38:44.692, 162.61, 100, 7523
2026/09/18 05:38:45.701, 162.79, 99, 7523
2026/09/18 05:38:46.701, 159.50, 99, 7523
2026/09/18 05:38:47.701, 159.41, 100, 7523
2026/09/18 05:38:48.702, 159.36, 100, 7523
2026/09/18 05:38:49.702, 162.18, 99, 7523
2026/09/18 05:38:50.702, 163.17, 100, 7523
2026/09/18 05:38:51.702, 160.00, 100, 7523
2026/09/18 05:38:52.702, 159.71, 100, 7523
2026/09/18 05:38:53.703, 159.45, 99, 7523
2026/09/18 05:38:54.703, 161.96, 100, 7523
2026/09/18 05:38:55.703, 163.14, 99, 7523
2026/09/18 05:38:56.703, 160.22, 99, 7523
2026/09/18 05:38:57.703, 159.39, 99, 7523
2026/09/18 05:38:58.704, 159.54, 100, 7523
2026/09/18 05:38:59.704, 161.56, 99, 7523
2026/09/18 05:39:00.712, 163.31, 100, 7523
2026/09/18 05:39:01.713, 161.11, 100, 7523
2026/09/18 05:39:02.713, 159.62, 100, 7523
2026/09/18 05:39:03.713, 159.53, 100, 7523
2026/09/18 05:39:04.713, 161.12, 100, 7523
2026/09/18 05:39:05.713, 163.18, 99, 7523
2026/09/18 05:39:06.714, 161.49, 100, 7523
2026/09/18 05:39:07.714, 159.68, 100, 7523
2026/09/18 05:39:08.714, 159.54, 99, 7523
2026/09/18 05:39:09.714, 160.71, 99, 7523
2026/09/18 05:39:10.723, 163.38, 100, 7523
2026/09/18 05:39:11.723, 161.63, 99, 7523
2026/09/18 05:39:12.723, 159.60, 100, 7523
2026/09/18 05:39:13.724, 159.52, 100, 7523
2026/09/18 05:39:14.724, 160.21, 100, 7523
2026/09/18 05:39:15.732, 163.79, 99, 7523
2026/09/18 05:39:16.733, 162.32, 100, 7523
2026/09/18 05:39:17.733, 159.62, 100, 7523
2026/09/18 05:39:18.733, 159.65, 100, 7523
2026/09/18 05:39:19.733, 159.63, 98, 7523
2026/09/18 05:39:20.733, 163.03, 100, 7523
2026/09/18 05:39:21.734, 162.79, 100, 7523
2026/09/18 05:39:22.734, 159.77, 99, 7523
2026/09/18 05:39:23.734, 159.65, 100, 7523
2026/09/18 05:39:24.734, 159.56, 100, 7523
2026/09/18 05:39:25.734, 162.58, 99, 7523
2026/09/18 05:39:26.735, 163.35, 99, 7523
2026/09/18 05:39:27.735, 160.11, 100, 7523
2026/09/18 05:39:28.735, 159.60, 100, 7523
2026/09/18 05:39:29.735, 159.67, 100, 7523
2026/09/18 05:39:30.735, 163.00, 100, 7523
2026/09/18 05:39:31.735, 164.61, 100, 7523
2026/09/18 05:39:32.736, 160.95, 100, 7523
2026/09/18 05:39:33.736, 159.69, 99, 7523
2026/09/18 05:39:34.736, 159.77, 99, 7523
2026/09/18 05:39:35.736, 162.47, 100, 7523
2026/09/18 05:39:36.736, 164.46, 99, 7523
2026/09/18 05:39:37.737, 160.78, 99, 7523
2026/09/18 05:39:38.737, 159.95, 100, 7523
2026/09/18 05:39:39.737, 159.70, 100, 7523
2026/09/18 05:39:40.737, 162.13, 100, 7523
2026/09/18 05:39:41.737, 164.51, 100, 7523
2026/09/18 05:39:42.738, 161.64, 100, 7523
2026/09/18 05:39:43.738, 159.93, 100, 7523
2026/09/18 05:39:44.738, 159.58, 100, 7523
2026/09/18 05:39:45.738, 161.05, 100, 7523
2026/09/18 05:39:46.738, 163.29, 99, 7523
2026/09/18 05:39:47.739, 161.61, 100, 7523
2026/09/18 05:39:48.739, 159.81, 99, 7523
2026/09/18 05:39:49.739, 159.67, 100, 7523
2026/09/18 05:39:50.739, 160.62, 99, 7523
2026/09/18 05:39:51.740, 163.38, 100, 7523
2026/09/18 05:39:52.740, 161.86, 99, 7523
2026/09/18 05:39:53.740, 159.80, 100, 7523
2026/09/18 05:39:54.740, 159.45, 100, 7523
2026/09/18 05:39:55.740, 159.98, 100, 7523
2026/09/18 05:39:56.741, 162.95, 99, 7523
2026/09/18 05:39:57.741, 162.52, 100, 7523
2026/09/18 05:39:58.741, 159.71, 100, 7523
2026/09/18 05:39:59.741, 159.55, 99, 7523
2026/09/18 05:40:00.741, 159.13, 98, 7523
2026/09/18 05:40:01.742, 163.73, 100, 7523
2026/09/18 05:40:02.742, 163.81, 100, 7523
2026/09/18 05:40:03.742, 159.50, 99, 7523
2026/09/18 05:40:04.742, 159.79, 100, 7523
2026/09/18 05:40:05.742, 159.67, 100, 7523
2026/09/18 05:40:06.743, 46.38, 33, 7523
2026/09/18 05:40:07.743, 150.90, 100, 7523
2026/09/18 05:40:08.743, 160.44, 100, 7523
2026/09/18 05:40:09.743, 159.03, 98, 7523
2026/09/18 05:40:10.744, 159.79, 100, 7523
2026/09/18 05:40:11.744, 160.57, 100, 7523
2026/09/18 05:40:12.744, 159.36, 99, 7523
2026/09/18 05:40:13.744, 161.39, 100, 7523
2026/09/18 05:40:14.744, 160.68, 100, 7523
2026/09/18 05:40:15.745, 159.47, 98, 7523
2026/09/18 05:40:16.752, 161.00, 100, 7523
2026/09/18 05:40:17.752, 160.71, 100, 7523
2026/09/18 05:40:18.752, 159.65, 98, 7523
2026/09/18 05:40:19.752, 160.74, 100, 7523
2026/09/18 05:40:20.753, 159.91, 100, 7523
2026/09/18 05:40:21.753, 159.46, 98, 7523
2026/09/18 05:40:22.753, 160.41, 100, 7523
2026/09/18 05:40:23.753, 160.23, 100, 7523
2026/09/18 05:40:24.753, 159.87, 99, 7523
2026/09/18 05:40:25.754, 161.07, 100, 7523
2026/09/18 05:40:26.754, 160.55, 100, 7523
2026/09/18 05:40:27.754, 160.07, 98, 7523
2026/09/18 05:40:28.754, 160.61, 100, 7523
2026/09/18 05:40:29.755, 160.60, 100, 7523
2026/09/18 05:40:30.755, 160.11, 98, 7523
2026/09/18 05:40:31.763, 160.85, 100, 7523
2026/09/18 05:40:32.764, 160.15, 100, 7523
2026/09/18 05:40:33.764, 159.58, 98, 7523
2026/09/18 05:40:34.764, 160.51, 100, 7523
2026/09/18 05:40:35.764, 160.48, 100, 7523
2026/09/18 05:40:36.765, 159.96, 99, 7523
2026/09/18 05:40:37.765, 161.04, 100, 7523
2026/09/18 05:40:38.765, 160.27, 100, 7523
2026/09/18 05:40:39.765, 159.90, 98, 7523
2026/09/18 05:40:40.765, 161.20, 100, 7523
2026/09/18 05:40:41.774, 160.28, 100, 7523
2026/09/18 05:40:42.774, 160.04, 100, 7523
2026/09/18 05:40:43.774, 160.82, 100, 7523
2026/09/18 05:40:44.775, 160.05, 100, 7523
2026/09/18 05:40:45.775, 160.10, 100, 7523
2026/09/18 05:40:46.775, 161.54, 100, 7523
2026/09/18 05:40:47.775, 160.19, 100, 7523
2026/09/18 05:40:48.776, 160.18, 100, 7523
2026/09/18 05:40:49.776, 161.55, 100, 7523
2026/09/18 05:40:50.776, 160.18, 100, 7523
2026/09/18 05:40:51.776, 160.49, 100, 7523
2026/09/18 05:40:52.776, 161.49, 100, 7523
2026/09/18 05:40:53.777, 160.08, 100, 7523
2026/09/18 05:40:54.777, 160.32, 100, 7523
2026/09/18 05:40:55.777, 161.04, 100, 7523
2026/09/18 05:40:56.777, 160.34, 100, 7523
2026/09/18 05:40:57.777, 160.56, 100, 7523
2026/09/18 05:40:58.778, 161.45, 100, 7523
2026/09/18 05:40:59.778, 160.21, 100, 7523
2026/09/18 05:41:00.778, 160.43, 100, 7523
2026/09/18 05:41:01.778, 160.53, 100, 7523
2026/09/18 05:41:02.778, 160.17, 99, 7523
2026/09/18 05:41:03.779, 161.43, 100, 7523
2026/09/18 05:41:04.779, 160.15, 100, 7523
2026/09/18 05:41:05.779, 160.05, 98, 7523
2026/09/18 05:41:06.779, 161.64, 100, 7523
2026/09/18 05:41:07.779, 158.90, 100, 7523
2026/09/18 05:41:08.780, 159.63, 99, 7523
2026/09/18 05:41:09.780, 161.07, 100, 7523
2026/09/18 05:41:10.780, 159.91, 100, 7523
2026/09/18 05:41:11.780, 160.09, 99, 7523
2026/09/18 05:41:12.780, 160.86, 100, 7523
2026/09/18 05:41:13.781, 159.83, 100, 7523
2026/09/18 05:41:14.781, 159.80, 98, 7523
2026/09/18 05:41:15.781, 160.96, 100, 7523
2026/09/18 05:41:16.781, 160.03, 100, 7523
2026/09/18 05:41:17.782, 160.19, 98, 7523
2026/09/18 05:41:18.782, 160.91, 100, 7523
2026/09/18 05:41:19.782, 159.91, 100, 7523
2026/09/18 05:41:20.782, 160.38, 100, 7523
2026/09/18 05:41:21.782, 161.36, 100, 7523
2026/09/18 05:41:22.783, 159.86, 100, 7523
2026/09/18 05:41:23.783, 160.73, 100, 7523
2026/09/18 05:41:24.783, 161.22, 100, 7523
2026/09/18 05:41:25.783, 160.10, 100, 7523
2026/09/18 05:41:26.783, 160.31, 100, 7523
2026/09/18 05:41:27.784, 160.61, 100, 7523
2026/09/18 05:41:28.784, 160.01, 100, 7523
2026/09/18 05:41:29.784, 160.53, 100, 7523
2026/09/18 05:41:30.784, 161.49, 100, 7523
2026/09/18 05:41:31.784, 159.92, 100, 7523
2026/09/18 05:41:32.785, 160.23, 100, 7523
2026/09/18 05:41:33.785, 160.69, 100, 7523
2026/09/18 05:41:34.785, 159.94, 99, 7523
2026/09/18 05:41:35.785, 160.55, 100, 7523
2026/09/18 05:41:36.786, 161.15, 100, 7523
2026/09/18 05:41:37.786, 159.80, 98, 7523
2026/09/18 05:41:38.786, 160.90, 100, 7523
2026/09/18 05:41:39.786, 161.05, 100, 7523
2026/09/18 05:41:40.786, 159.91, 99, 7523
2026/09/18 05:41:41.787, 161.21, 100, 7523
2026/09/18 05:41:42.795, 161.26, 100, 7523
2026/09/18 05:41:43.796, 159.12, 98, 7523
2026/09/18 05:41:44.796, 160.98, 100, 7523
2026/09/18 05:41:45.796, 160.88, 100, 7523
2026/09/18 05:41:46.796, 159.50, 98, 7523
2026/09/18 05:41:47.805, 160.21, 100, 7523
2026/09/18 05:41:48.805, 160.75, 100, 7523
2026/09/18 05:41:49.805, 159.00, 98, 7523
2026/09/18 05:41:50.806, 159.89, 100, 7523
2026/09/18 05:41:51.806, 160.41, 100, 7523
2026/09/18 05:41:52.806, 159.63, 98, 7523
2026/09/18 05:41:53.806, 161.07, 100, 7523
2026/09/18 05:41:54.806, 160.68, 100, 7523
2026/09/18 05:41:55.807, 159.18, 98, 7523
2026/09/18 05:41:56.807, 160.13, 100, 7523
2026/09/18 05:41:57.815, 160.17, 100, 7523
2026/09/18 05:41:58.816, 159.78, 99, 7523
2026/09/18 05:41:59.816, 161.18, 100, 7523
2026/09/18 05:42:00.816, 160.92, 100, 7523
2026/09/18 05:42:01.816, 159.34, 98, 7523
2026/09/18 05:42:02.817, 160.53, 100, 7523
2026/09/18 05:42:03.817, 160.39, 100, 7523
2026/09/18 05:42:04.817, 159.77, 98, 7523
2026/09/18 05:42:05.817, 160.64, 100, 7523
2026/09/18 05:42:06.817, 160.85, 100, 7523
2026/09/18 05:42:07.818, 159.41, 98, 7523
2026/09/18 05:42:08.818, 160.15, 100, 7523
2026/09/18 05:42:09.818, 160.82, 100, 7523
2026/09/18 05:42:10.818, 159.71, 99, 7523
2026/09/18 05:42:11.818, 160.60, 100, 7523
2026/09/18 05:42:12.819, 160.68, 100, 7523
2026/09/18 05:42:13.819, 159.64, 98, 7523
2026/09/18 05:42:14.819, 160.26, 100, 7523
2026/09/18 05:42:15.819, 159.94, 100, 7523
2026/09/18 05:42:16.820, 159.74, 98, 7523
2026/09/18 05:42:17.828, 161.25, 100, 7523
2026/09/18 05:42:18.828, 160.12, 100, 7523
2026/09/18 05:42:19.829, 159.61, 98, 7523
2026/09/18 05:42:20.829, 160.96, 100, 7523
2026/09/18 05:42:21.829, 160.60, 100, 7523
2026/09/18 05:42:22.838, 160.21, 99, 7523
2026/09/18 05:42:23.838, 161.09, 100, 7523
2026/09/18 05:42:24.838, 160.65, 100, 7523
2026/09/18 05:42:25.838, 159.88, 98, 7523
2026/09/18 05:42:26.838, 160.79, 100, 7523
2026/09/18 05:42:27.839, 160.06, 100, 7523
2026/09/18 05:42:28.839, 159.91, 98, 7523
2026/09/18 05:42:29.839, 161.07, 100, 7523
2026/09/18 05:42:30.839, 160.66, 100, 7523
2026/09/18 05:42:31.840, 160.00, 98, 7523
2026/09/18 05:42:32.840, 160.91, 100, 7523
2026/09/18 05:42:33.840, 160.77, 100, 7523
2026/09/18 05:42:34.840, 160.32, 99, 7523
2026/09/18 05:42:35.840, 161.25, 100, 7523
2026/09/18 05:42:36.841, 160.51, 100, 7523
2026/09/18 05:42:37.841, 159.95, 99, 7523
2026/09/18 05:42:38.841, 160.78, 100, 7523
2026/09/18 05:42:39.841, 160.39, 100, 7523
2026/09/18 05:42:40.841, 160.62, 100, 7523
2026/09/18 05:42:41.841, 160.29, 100, 7523
2026/09/18 05:42:42.842, 163.54, 100, 7523
2026/09/18 05:42:43.842, 162.12, 100, 7523
2026/09/18 05:42:44.842, 158.98, 100, 7523
2026/09/18 05:42:45.842, 158.85, 100, 7523
2026/09/18 05:42:46.842, 159.21, 98, 7523
2026/09/18 05:42:47.843, 163.61, 100, 7523
2026/09/18 05:42:48.843, 162.95, 100, 7523
2026/09/18 05:42:49.843, 158.77, 99, 7523
2026/09/18 05:42:50.843, 158.80, 99, 7523
2026/09/18 05:42:51.844, 158.73, 100, 7523
2026/09/18 05:42:52.844, 162.53, 100, 7523
2026/09/18 05:42:53.852, 163.44, 99, 7523
2026/09/18 05:42:54.853, 160.07, 100, 7523
2026/09/18 05:42:55.853, 159.75, 100, 7523
2026/09/18 05:42:56.853, 159.32, 100, 7523
2026/09/18 05:42:57.853, 162.74, 100, 7523
2026/09/18 05:42:58.862, 163.42, 100, 7523
2026/09/18 05:42:59.862, 160.43, 100, 7523
2026/09/18 05:43:00.862, 159.01, 100, 7523
2026/09/18 05:43:01.863, 158.70, 99, 7523
2026/09/18 05:43:02.863, 161.38, 100, 7523
2026/09/18 05:43:03.871, 163.68, 99, 7523
2026/09/18 05:43:04.872, 160.63, 99, 7523
2026/09/18 05:43:05.872, 159.59, 100, 7523
2026/09/18 05:43:06.872, 159.70, 100, 7523
2026/09/18 05:43:07.872, 161.80, 100, 7523
2026/09/18 05:43:08.881, 163.59, 100, 7523
2026/09/18 05:43:09.881, 161.18, 100, 7523
2026/09/18 05:43:10.881, 159.00, 100, 7523
2026/09/18 05:43:11.882, 158.82, 100, 7523
2026/09/18 05:43:12.882, 160.27, 100, 7523
2026/09/18 05:43:13.882, 163.59, 99, 7523
2026/09/18 05:43:14.882, 161.38, 100, 7523
2026/09/18 05:43:15.882, 159.04, 99, 7523
2026/09/18 05:43:16.883, 159.41, 100, 7523
2026/09/18 05:43:17.883, 160.37, 100, 7523
2026/09/18 05:43:18.883, 163.70, 100, 7523
2026/09/18 05:43:19.883, 162.37, 100, 7523
2026/09/18 05:43:20.883, 159.86, 100, 7523
2026/09/18 05:43:21.884, 159.69, 100, 7523
2026/09/18 05:43:22.884, 160.18, 100, 7523
2026/09/18 05:43:23.884, 163.67, 99, 7523
2026/09/18 05:43:24.884, 162.85, 100, 7523
2026/09/18 05:43:25.884, 159.90, 100, 7523
2026/09/18 05:43:26.885, 159.78, 99, 7523
2026/09/18 05:43:27.885, 159.98, 100, 7523
2026/09/18 05:43:28.885, 163.08, 100, 7523
2026/09/18 05:43:29.885, 163.13, 99, 7523
2026/09/18 05:43:30.885, 160.13, 99, 7523
2026/09/18 05:43:31.886, 160.17, 100, 7523
2026/09/18 05:43:32.886, 159.83, 100, 7523
2026/09/18 05:43:33.886, 162.68, 99, 7523
2026/09/18 05:43:34.886, 163.39, 100, 7523
2026/09/18 05:43:35.886, 159.88, 100, 7523
2026/09/18 05:43:36.887, 159.40, 100, 7523
2026/09/18 05:43:37.887, 159.67, 99, 7523
2026/09/18 05:43:38.887, 162.09, 100, 7523
2026/09/18 05:43:39.887, 163.43, 99, 7523
2026/09/18 05:43:40.888, 160.68, 100, 7523
2026/09/18 05:43:41.888, 159.70, 99, 7523
2026/09/18 05:43:42.888, 159.65, 100, 7523
2026/09/18 05:43:43.897, 161.85, 99, 7523
2026/09/18 05:43:44.897, 163.47, 100, 7523
2026/09/18 05:43:45.897, 160.69, 100, 7523
2026/09/18 05:43:46.897, 158.88, 100, 7523
2026/09/18 05:43:47.898, 158.68, 100, 7523
2026/09/18 05:43:48.906, 160.67, 100, 7523
2026/09/18 05:43:49.907, 163.27, 99, 7523
2026/09/18 05:43:50.907, 160.93, 100, 7523
2026/09/18 05:43:51.907, 159.23, 100, 7523
2026/09/18 05:43:52.907, 159.48, 99, 7523
2026/09/18 05:43:53.916, 160.46, 99, 7523
2026/09/18 05:43:54.916, 163.41, 100, 7523
2026/09/18 05:43:55.916, 161.88, 99, 7523
2026/09/18 05:43:56.916, 158.90, 100, 7523
2026/09/18 05:43:57.917, 158.80, 100, 7523
2026/09/18 05:43:58.917, 159.43, 100, 7523
2026/09/18 05:43:59.917, 163.51, 99, 7523
2026/09/18 05:44:00.917, 162.40, 100, 7523
2026/09/18 05:44:01.918, 159.22, 100, 7523
2026/09/18 05:44:02.918, 159.84, 100, 7523
2026/09/18 05:44:03.926, 159.87, 98, 7523
2026/09/18 05:44:04.927, 162.90, 100, 7523
2026/09/18 05:44:05.927, 162.74, 100, 7523
2026/09/18 05:44:06.927, 159.62, 99, 7523
2026/09/18 05:44:07.927, 159.86, 100, 7523
2026/09/18 05:44:08.928, 159.18, 100, 7523
2026/09/18 05:44:09.928, 162.73, 100, 7523
2026/09/18 05:44:10.928, 163.32, 99, 7523
2026/09/18 05:44:11.928, 158.76, 100, 7523
2026/09/18 05:44:12.928, 158.53, 100, 7523
2026/09/18 05:44:13.929, 158.70, 100, 7523
2026/09/18 05:44:14.929, 68.60, 0, 7523
2026/09/18 05:44:15.929, 137.25, 98, 7523
2026/09/18 05:44:16.929, 160.68, 100, 7523
2026/09/18 05:44:17.929, 160.30, 100, 7523
2026/09/18 05:44:18.930, 159.37, 98, 7523
2026/09/18 05:44:19.930, 159.51, 100, 7523
2026/09/18 05:44:20.930, 160.30, 100, 7523
2026/09/18 05:44:21.930, 159.71, 99, 7523
2026/09/18 05:44:22.930, 160.81, 100, 7523
2026/09/18 05:44:23.931, 159.95, 100, 7523
2026/09/18 05:44:24.931, 159.48, 98, 7523
2026/09/18 05:44:25.931, 160.42, 100, 7523
2026/09/18 05:44:26.931, 160.21, 100, 7523
2026/09/18 05:44:27.932, 159.76, 99, 7523
2026/09/18 05:44:28.932, 160.63, 100, 7523
2026/09/18 05:44:29.932, 159.73, 100, 7523
2026/09/18 05:44:30.932, 158.23, 98, 7523
2026/09/18 05:44:31.933, 160.35, 100, 7523
2026/09/18 05:44:32.933, 159.83, 100, 7523
2026/09/18 05:44:33.933, 159.68, 98, 7523
2026/09/18 05:44:34.933, 160.81, 100, 7523
2026/09/18 05:44:35.933, 158.48, 100, 7523
2026/09/18 05:44:36.934, 159.27, 98, 7523
2026/09/18 05:44:37.934, 160.76, 100, 7523
2026/09/18 05:44:38.934, 160.35, 100, 7523
2026/09/18 05:44:39.934, 160.12, 99, 7523
2026/09/18 05:44:40.934, 159.58, 100, 7523
2026/09/18 05:44:41.935, 159.94, 100, 7523
2026/09/18 05:44:42.935, 159.54, 98, 7523
2026/09/18 05:44:43.935, 160.61, 100, 7523
2026/09/18 05:44:44.935, 159.86, 100, 7523
2026/09/18 05:44:45.935, 159.73, 99, 7523
2026/09/18 05:44:46.936, 160.81, 100, 7523
2026/09/18 05:44:47.936, 159.56, 100, 7523
2026/09/18 05:44:48.936, 159.79, 99, 7523
2026/09/18 05:44:49.936, 160.41, 100, 7523
2026/09/18 05:44:50.936, 160.15, 100, 7523
2026/09/18 05:44:51.937, 160.16, 100, 7523
2026/09/18 05:44:52.937, 161.01, 100, 7523
2026/09/18 05:44:53.937, 159.90, 100, 7523
2026/09/18 05:44:54.937, 159.70, 100, 7523
2026/09/18 05:44:55.937, 161.13, 100, 7523
2026/09/18 05:44:56.946, 159.75, 100, 7523
2026/09/18 05:44:57.946, 159.65, 100, 7523
2026/09/18 05:44:58.947, 160.70, 100, 7523
2026/09/18 05:44:59.947, 160.03, 100, 7523
2026/09/18 05:45:00.947, 159.74, 100, 7523
2026/09/18 05:45:01.956, 160.53, 100, 7523
2026/09/18 05:45:02.956, 159.52, 100, 7523
2026/09/18 05:45:03.956, 160.23, 100, 7523
2026/09/18 05:45:04.956, 160.49, 100, 7523
2026/09/18 05:45:05.957, 159.91, 100, 7523
2026/09/18 05:45:06.957, 160.12, 100, 7523
2026/09/18 05:45:07.957, 161.37, 100, 7523
2026/09/18 05:45:08.957, 159.96, 100, 7523
2026/09/18 05:45:09.957, 160.40, 100, 7523
2026/09/18 05:45:10.958, 161.16, 100, 7523
2026/09/18 05:45:11.958, 160.01, 100, 7523
2026/09/18 05:45:12.958, 159.88, 100, 7523
2026/09/18 05:45:13.958, 160.64, 100, 7523
2026/09/18 05:45:14.959, 159.88, 100, 7523
2026/09/18 05:45:15.959, 160.29, 100, 7523
2026/09/18 05:45:16.959, 160.31, 100, 7523
2026/09/18 05:45:17.959, 159.71, 98, 7523
2026/09/18 05:45:18.960, 160.66, 100, 7523
2026/09/18 05:45:19.960, 161.04, 100, 7523
2026/09/18 05:45:20.960, 159.63, 99, 7523
2026/09/18 05:45:21.960, 160.88, 100, 7523
2026/09/18 05:45:22.969, 160.95, 100, 7523
2026/09/18 05:45:23.969, 158.96, 98, 7523
2026/09/18 05:45:24.969, 160.01, 100, 7523
2026/09/18 05:45:25.969, 160.27, 100, 7523
2026/09/18 05:45:26.970, 159.64, 99, 7523
2026/09/18 05:45:27.970, 160.37, 100, 7523
2026/09/18 05:45:28.970, 160.70, 100, 7523
2026/09/18 05:45:29.970, 159.08, 98, 7523
2026/09/18 05:45:30.970, 159.91, 100, 7523
2026/09/18 05:45:31.971, 160.84, 100, 7523
2026/09/18 05:45:32.971, 159.44, 98, 7523
2026/09/18 05:45:33.971, 160.35, 100, 7523
2026/09/18 05:45:34.971, 160.54, 100, 7523
2026/09/18 05:45:35.971, 158.99, 98, 7523
2026/09/18 05:45:36.972, 160.30, 100, 7523
2026/09/18 05:45:37.980, 160.68, 100, 7523
2026/09/18 05:45:38.980, 159.78, 98, 7523
2026/09/18 05:45:39.981, 161.12, 100, 7523
2026/09/18 05:45:40.981, 160.71, 100, 7523
2026/09/18 05:45:41.981, 159.24, 98, 7523
2026/09/18 05:45:42.981, 160.12, 100, 7523
2026/09/18 05:45:43.981, 160.22, 100, 7523
2026/09/18 05:45:44.982, 159.85, 98, 7523
2026/09/18 05:45:45.982, 161.01, 100, 7523
2026/09/18 05:45:46.982, 160.61, 100, 7523
2026/09/18 05:45:47.982, 159.49, 98, 7523
2026/09/18 05:45:48.982, 160.31, 100, 7523
2026/09/18 05:45:49.983, 160.15, 100, 7523
2026/09/18 05:45:50.983, 159.84, 99, 7523
2026/09/18 05:45:51.983, 160.77, 100, 7523
2026/09/18 05:45:52.983, 160.40, 100, 7523
2026/09/18 05:45:53.984, 158.38, 98, 7523
2026/09/18 05:45:54.984, 160.51, 100, 7523
2026/09/18 05:45:55.984, 160.29, 100, 7523
2026/09/18 05:45:56.984, 159.88, 99, 7523
2026/09/18 05:45:57.984, 160.82, 100, 7523
2026/09/18 05:45:58.985, 160.27, 100, 7523
2026/09/18 05:45:59.985, 159.71, 98, 7523
2026/09/18 05:46:00.985, 160.50, 100, 7523
2026/09/18 05:46:01.985, 160.43, 100, 7523
2026/09/18 05:46:02.985, 159.85, 99, 7523
2026/09/18 05:46:03.986, 160.95, 100, 7523
2026/09/18 05:46:04.986, 160.60, 100, 7523
2026/09/18 05:46:05.986, 159.66, 98, 7523
2026/09/18 05:46:06.986, 160.39, 100, 7523
2026/09/18 05:46:07.986, 160.65, 100, 7523
2026/09/18 05:46:08.987, 159.10, 98, 7523
2026/09/18 05:46:09.987, 160.47, 100, 7523
2026/09/18 05:46:10.987, 160.57, 100, 7523
2026/09/18 05:46:11.987, 159.71, 98, 7523
2026/09/18 05:46:12.987, 160.41, 100, 7523
2026/09/18 05:46:13.988, 160.17, 100, 7523
2026/09/18 05:46:14.988, 160.38, 99, 7523
2026/09/18 05:46:15.988, 160.68, 100, 7523
2026/09/18 05:46:16.988, 160.43, 100, 7523
2026/09/18 05:46:17.989, 159.99, 98, 7523
2026/09/18 05:46:18.997, 160.56, 100, 7523
2026/09/18 05:46:19.997, 159.94, 100, 7523
2026/09/18 05:46:20.998, 159.98, 99, 7523
2026/09/18 05:46:21.998, 160.90, 100, 7523
2026/09/18 05:46:22.998, 160.06, 100, 7523
2026/09/18 05:46:23.998, 159.80, 99, 7523
2026/09/18 05:46:24.998, 160.73, 100, 7523
2026/09/18 05:46:25.999, 160.25, 100, 7523
2026/09/18 05:46:26.999, 160.16, 100, 7523
2026/09/18 05:46:27.999, 160.98, 100, 7523
2026/09/18 05:46:29.008, 159.87, 100, 7523
2026/09/18 05:46:30.008, 159.82, 100, 7523
2026/09/18 05:46:31.008, 160.78, 100, 7523
2026/09/18 05:46:32.009, 160.03, 100, 7523
2026/09/18 05:46:33.009, 160.05, 100, 7523
2026/09/18 05:46:34.009, 160.81, 100, 7523
2026/09/18 05:46:35.009, 159.75, 100, 7523
2026/09/18 05:46:36.009, 159.56, 100, 7523
2026/09/18 05:46:37.010, 160.95, 100, 7523
2026/09/18 05:46:38.010, 159.96, 100, 7523
2026/09/18 05:46:39.018, 160.15, 100, 7523
2026/09/18 05:46:40.019, 160.74, 100, 7523
2026/09/18 05:46:41.019, 160.03, 100, 7523
2026/09/18 05:46:42.019, 159.75, 100, 7523
2026/09/18 05:46:43.019, 160.39, 100, 7523
2026/09/18 05:46:44.028, 159.67, 100, 7523
2026/09/18 05:46:45.028, 160.46, 100, 7523
2026/09/18 05:46:46.029, 160.97, 100, 7523
2026/09/18 05:46:47.029, 159.65, 99, 7523
2026/09/18 05:46:48.029, 160.26, 100, 7523
2026/09/18 05:46:49.029, 159.31, 100, 7523
2026/09/18 05:46:50.029, 163.22, 100, 7523
2026/09/18 05:46:51.030, 161.62, 100, 7523
2026/09/18 05:46:52.030, 158.64, 100, 7523
2026/09/18 05:46:53.030, 158.34, 100, 7523
2026/09/18 05:46:54.030, 158.79, 100, 7523
2026/09/18 05:46:55.030, 162.99, 99, 7523
2026/09/18 05:46:56.031, 162.32, 100, 7523
2026/09/18 05:46:57.031, 159.09, 100, 7523
2026/09/18 05:46:58.031, 159.59, 99, 7523
2026/09/18 05:46:59.040, 159.76, 100, 7523
2026/09/18 05:47:00.040, 162.51, 100, 7523
2026/09/18 05:47:01.040, 162.97, 99, 7523
2026/09/18 05:47:02.040, 158.91, 100, 7523
2026/09/18 05:47:03.040, 159.21, 100, 7523
2026/09/18 05:47:04.049, 160.76, 99, 7523
2026/09/18 05:47:05.049, 163.22, 100, 7523
2026/09/18 05:47:06.050, 161.18, 99, 7523
2026/09/18 05:47:07.050, 158.42, 100, 7523
2026/09/18 05:47:08.050, 158.28, 100, 7523
2026/09/18 05:47:09.050, 158.82, 100, 7523
2026/09/18 05:47:10.050, 163.03, 99, 7523
2026/09/18 05:47:11.051, 162.13, 100, 7523
2026/09/18 05:47:12.051, 158.77, 100, 7523
2026/09/18 05:47:13.051, 159.75, 100, 7523
2026/09/18 05:47:14.051, 159.63, 98, 7523
2026/09/18 05:47:15.051, 162.67, 100, 7523
2026/09/18 05:47:16.052, 162.66, 100, 7523
2026/09/18 05:47:17.052, 159.61, 99, 7523
2026/09/18 05:47:18.052, 159.66, 100, 7523
2026/09/18 05:47:19.052, 159.64, 100, 7523
2026/09/18 05:47:20.052, 162.20, 99, 7523
2026/09/18 05:47:21.053, 163.23, 100, 7523
2026/09/18 05:47:22.053, 159.51, 100, 7523
2026/09/18 05:47:23.053, 158.77, 100, 7523
2026/09/18 05:47:24.053, 158.56, 100, 7523
2026/09/18 05:47:25.062, 161.49, 100, 7523
2026/09/18 05:47:26.062, 163.16, 99, 7523
2026/09/18 05:47:27.062, 159.82, 100, 7523
2026/09/18 05:47:28.063, 158.52, 99, 7523
2026/09/18 05:47:29.063, 158.42, 100, 7523
2026/09/18 05:47:30.072, 160.89, 99, 7523
2026/09/18 05:47:31.072, 163.12, 100, 7523
2026/09/18 05:47:32.072, 160.64, 100, 7523
2026/09/18 05:47:33.072, 158.69, 100, 7523
2026/09/18 05:47:34.072, 158.86, 100, 7523
2026/09/18 05:47:35.081, 160.31, 100, 7523
2026/09/18 05:47:36.081, 163.26, 99, 7523
2026/09/18 05:47:37.081, 161.18, 100, 7523
2026/09/18 05:47:38.082, 158.83, 99, 7523
2026/09/18 05:47:39.082, 158.46, 100, 7523
2026/09/18 05:47:40.082, 159.44, 100, 7523
2026/09/18 05:47:41.082, 163.13, 100, 7523
2026/09/18 05:47:42.082, 162.06, 100, 7523
2026/09/18 05:47:43.083, 159.31, 100, 7523
2026/09/18 05:47:44.083, 159.20, 100, 7523
2026/09/18 05:47:45.091, 159.89, 100, 7523
2026/09/18 05:47:46.092, 163.21, 99, 7523
2026/09/18 05:47:47.092, 162.09, 100, 7523
2026/09/18 05:47:48.092, 158.53, 100, 7523
2026/09/18 05:47:49.092, 158.58, 99, 7523
2026/09/18 05:47:50.101, 158.49, 100, 7523
2026/09/18 05:47:51.101, 162.73, 100, 7523
2026/09/18 05:47:52.101, 163.00, 99, 7523
2026/09/18 05:47:53.102, 158.93, 100, 7523
2026/09/18 05:47:54.102, 158.67, 100, 7523
2026/09/18 05:47:55.102, 158.75, 100, 7523
2026/09/18 05:47:56.102, 161.79, 100, 7523
2026/09/18 05:47:57.102, 163.15, 100, 7523
2026/09/18 05:47:58.103, 159.29, 100, 7523
2026/09/18 05:47:59.103, 158.28, 99, 7523
2026/09/18 05:48:00.112, 158.32, 99, 7523
2026/09/18 05:48:01.112, 161.38, 100, 7523
2026/09/18 05:48:02.112, 163.20, 99, 7523
2026/09/18 05:48:03.112, 160.11, 99, 7523
2026/09/18 05:48:04.112, 158.60, 100, 7523
2026/09/18 05:48:05.113, 158.41, 100, 7523
2026/09/18 05:48:06.113, 160.24, 100, 7523
2026/09/18 05:48:07.113, 162.87, 100, 7523
2026/09/18 05:48:08.113, 160.89, 100, 7523
2026/09/18 05:48:09.114, 158.70, 100, 7523
2026/09/18 05:48:10.114, 158.60, 99, 7523
2026/09/18 05:48:11.114, 159.81, 99, 7523
2026/09/18 05:48:12.114, 163.00, 100, 7523
2026/09/18 05:48:13.114, 161.29, 99, 7523
2026/09/18 05:48:14.114, 158.69, 100, 7523
2026/09/18 05:48:15.123, 158.45, 100, 7523
2026/09/18 05:48:16.123, 159.75, 100, 7523
2026/09/18 05:48:17.123, 163.53, 99, 7523
2026/09/18 05:48:18.124, 162.61, 100, 7523
2026/09/18 05:48:19.124, 159.45, 100, 7523
2026/09/18 05:48:20.133, 159.17, 100, 7523
2026/09/18 05:48:21.133, 153.91, 63, 7523
2026/09/18 05:48:22.133, 57.54, 100, 7523
2026/09/18 05:48:23.133, 160.02, 100, 7523
2026/09/18 05:48:24.133, 159.57, 99, 7523
2026/09/18 05:48:25.142, 160.59, 100, 7523
2026/09/18 05:48:26.142, 160.65, 100, 7523
2026/09/18 05:48:27.143, 159.34, 98, 7523
2026/09/18 05:48:28.143, 160.32, 100, 7523
2026/09/18 05:48:29.143, 160.43, 100, 7523
2026/09/18 05:48:30.143, 159.44, 99, 7523
2026/09/18 05:48:31.143, 160.67, 100, 7523
2026/09/18 05:48:32.144, 159.97, 100, 7523
2026/09/18 05:48:33.144, 159.50, 98, 7523
2026/09/18 05:48:34.144, 160.29, 100, 7523
2026/09/18 05:48:35.153, 160.04, 100, 7523
2026/09/18 05:48:36.153, 159.84, 98, 7523
2026/09/18 05:48:37.153, 160.73, 100, 7523
2026/09/18 05:48:38.153, 160.28, 100, 7523
2026/09/18 05:48:39.153, 159.74, 98, 7523
2026/09/18 05:48:40.154, 160.68, 100, 7523
2026/09/18 05:48:41.154, 160.38, 100, 7523
2026/09/18 05:48:42.154, 159.95, 98, 7523
2026/09/18 05:48:43.154, 161.09, 100, 7523
2026/09/18 05:48:44.154, 160.41, 100, 7523
2026/09/18 05:48:45.155, 158.96, 98, 7523
2026/09/18 05:48:46.155, 160.91, 100, 7523
2026/09/18 05:48:47.155, 160.40, 100, 7523
2026/09/18 05:48:48.155, 160.47, 99, 7523
2026/09/18 05:48:49.156, 160.70, 100, 7523
2026/09/18 05:48:50.164, 159.41, 100, 7523
2026/09/18 05:48:51.165, 159.83, 98, 7523
2026/09/18 05:48:52.165, 160.66, 100, 7523
2026/09/18 05:48:53.165, 159.72, 100, 7523
2026/09/18 05:48:54.165, 160.76, 99, 7523
2026/09/18 05:48:55.165, 160.31, 100, 7523
2026/09/18 05:48:56.166, 159.48, 100, 7523
2026/09/18 05:48:57.166, 160.25, 100, 7523
2026/09/18 05:48:58.166, 160.37, 100, 7523
2026/09/18 05:48:59.166, 159.71, 100, 7523
2026/09/18 05:49:00.166, 160.47, 100, 7523
2026/09/18 05:49:01.167, 160.06, 100, 7523
2026/09/18 05:49:02.167, 159.54, 100, 7523
2026/09/18 05:49:03.167, 160.40, 100, 7523
2026/09/18 05:49:04.167, 159.88, 100, 7523
2026/09/18 05:49:05.167, 159.84, 98, 7523
2026/09/18 05:49:06.168, 160.69, 100, 7523
2026/09/18 05:49:07.168, 160.08, 100, 7523
2026/09/18 05:49:08.168, 159.09, 98, 7523
2026/09/18 05:49:09.168, 160.27, 100, 7523
2026/09/18 05:49:10.169, 160.14, 100, 7523
2026/09/18 05:49:11.169, 160.03, 98, 7523
2026/09/18 05:49:12.169, 160.78, 100, 7523
2026/09/18 05:49:13.169, 159.96, 100, 7523
2026/09/18 05:49:14.169, 159.87, 98, 7523
2026/09/18 05:49:15.170, 159.51, 100, 7523
2026/09/18 05:49:16.170, 160.40, 100, 7523
2026/09/18 05:49:17.170, 161.12, 99, 7523
2026/09/18 05:49:18.170, 161.10, 100, 7523
2026/09/18 05:49:19.170, 160.15, 100, 7523
2026/09/18 05:49:20.171, 158.77, 90, 7523
2026/09/18 05:49:21.171, 159.58, 100, 7523
2026/09/18 05:49:22.171, 159.95, 100, 7523
2026/09/18 05:49:23.171, 160.27, 99, 7523
2026/09/18 05:49:24.171, 160.98, 100, 7523
2026/09/18 05:49:25.172, 160.20, 100, 7523
2026/09/18 05:49:26.172, 158.67, 98, 7523
2026/09/18 05:49:27.172, 160.70, 100, 7523
2026/09/18 05:49:28.172, 160.08, 100, 7523
2026/09/18 05:49:29.173, 160.04, 99, 7523
2026/09/18 05:49:30.173, 160.68, 100, 7523
2026/09/18 05:49:31.181, 159.70, 100, 7523
2026/09/18 05:49:32.182, 159.64, 100, 7523
2026/09/18 05:49:33.182, 160.73, 100, 7523
2026/09/18 05:49:34.182, 160.17, 100, 7523
2026/09/18 05:49:35.182, 159.82, 100, 7523
2026/09/18 05:49:36.191, 160.93, 100, 7523
2026/09/18 05:49:37.191, 160.27, 100, 7523
2026/09/18 05:49:38.192, 160.16, 100, 7523
2026/09/18 05:49:39.192, 160.69, 100, 7523
2026/09/18 05:49:40.192, 160.04, 100, 7523
2026/09/18 05:49:41.201, 160.40, 100, 7523
2026/09/18 05:49:42.201, 160.70, 100, 7523
2026/09/18 05:49:43.201, 160.04, 100, 7523
2026/09/18 05:49:44.201, 159.80, 100, 7523
2026/09/18 05:49:45.201, 160.60, 100, 7523
2026/09/18 05:49:46.201, 159.67, 100, 7523
2026/09/18 05:49:47.202, 160.05, 100, 7523
2026/09/18 05:49:48.202, 160.54, 100, 7523
2026/09/18 05:49:49.202, 159.89, 100, 7523
2026/09/18 05:49:50.202, 160.26, 100, 7523
2026/09/18 05:49:51.202, 160.54, 100, 7523
2026/09/18 05:49:52.203, 159.77, 100, 7523
2026/09/18 05:49:53.203, 160.39, 100, 7523
2026/09/18 05:49:54.203, 160.89, 100, 7523
2026/09/18 05:49:55.203, 159.62, 100, 7523
2026/09/18 05:49:56.203, 160.25, 100, 7523
2026/09/18 05:49:57.204, 160.90, 100, 7523
2026/09/18 05:49:58.212, 159.69, 100, 7523
2026/09/18 05:49:59.212, 160.46, 100, 7523
2026/09/18 05:50:00.213, 160.51, 100, 7523
2026/09/18 05:50:01.213, 159.50, 98, 7523
2026/09/18 05:50:02.213, 159.91, 100, 7523
2026/09/18 05:50:03.213, 160.54, 100, 7523
2026/09/18 05:50:04.213, 159.50, 99, 7523
2026/09/18 05:50:05.214, 160.80, 100, 7523
2026/09/18 05:50:06.214, 159.93, 100, 7523
2026/09/18 05:50:07.214, 159.25, 98, 7523
2026/09/18 05:50:08.214, 161.13, 100, 7523
2026/09/18 05:50:09.214, 161.15, 100, 7523
2026/09/18 05:50:10.215, 159.55, 99, 7523
2026/09/18 05:50:11.215, 159.53, 100, 7523
2026/09/18 05:50:12.215, 161.64, 100, 7523
2026/09/18 05:50:13.215, 159.40, 98, 7523
2026/09/18 05:50:14.215, 160.37, 100, 7523
2026/09/18 05:50:15.216, 161.02, 100, 7523
2026/09/18 05:50:16.216, 158.35, 99, 7523
2026/09/18 05:50:17.216, 160.34, 100, 7523
2026/09/18 05:50:18.216, 160.26, 100, 7523
2026/09/18 05:50:19.217, 159.15, 98, 7523
2026/09/18 05:50:20.217, 161.01, 100, 7523
2026/09/18 05:50:21.217, 160.17, 100, 7523
2026/09/18 05:50:22.217, 159.93, 99, 7523
2026/09/18 05:50:23.217, 160.61, 100, 7523
2026/09/18 05:50:24.218, 160.93, 100, 7523
2026/09/18 05:50:25.218, 159.29, 98, 7523
2026/09/18 05:50:26.218, 159.26, 100, 7523
2026/09/18 05:50:27.218, 160.90, 100, 7523
2026/09/18 05:50:28.218, 159.64, 99, 7523
2026/09/18 05:50:29.219, 160.53, 100, 7523
2026/09/18 05:50:30.219, 160.49, 100, 7523
2026/09/18 05:50:31.219, 158.24, 90, 7523
2026/09/18 05:50:32.219, 159.28, 100, 7523
2026/09/18 05:50:33.219, 160.73, 100, 7523
2026/09/18 05:50:34.220, 159.73, 99, 7523
2026/09/18 05:50:35.220, 160.51, 100, 7523
2026/09/18 05:50:36.220, 160.48, 100, 7523
2026/09/18 05:50:37.220, 158.57, 98, 7523
2026/09/18 05:50:38.221, 160.43, 100, 7523
2026/09/18 05:50:39.221, 160.50, 100, 7523
2026/09/18 05:50:40.221, 159.75, 99, 7523
2026/09/18 05:50:41.221, 161.17, 100, 7523
2026/09/18 05:50:42.230, 160.62, 100, 7523
2026/09/18 05:50:43.230, 159.60, 98, 7523
2026/09/18 05:50:44.230, 160.56, 100, 7523
2026/09/18 05:50:45.230, 160.86, 100, 7523
2026/09/18 05:50:46.231, 160.00, 99, 7523
2026/09/18 05:50:47.239, 160.62, 100, 7523
2026/09/18 05:50:48.240, 160.25, 100, 7523
2026/09/18 05:50:49.240, 159.67, 98, 7523
2026/09/18 05:50:50.240, 160.51, 100, 7523
2026/09/18 05:50:51.240, 160.37, 100, 7523
2026/09/18 05:50:52.249, 160.09, 99, 7523
2026/09/18 05:50:53.249, 160.77, 100, 7523
2026/09/18 05:50:54.250, 160.37, 100, 7523
2026/09/18 05:50:55.250, 159.70, 98, 7523
2026/09/18 05:50:56.250, 159.08, 100, 7523
2026/09/18 05:50:57.250, 163.24, 99, 7523
2026/09/18 05:50:58.250, 162.37, 100, 7523
2026/09/18 05:50:59.251, 159.16, 100, 7523
2026/09/18 05:51:00.251, 159.07, 100, 7523
2026/09/18 05:51:01.251, 158.79, 98, 7523
2026/09/18 05:51:02.260, 162.81, 100, 7523
2026/09/18 05:51:03.260, 163.08, 100, 7523
2026/09/18 05:51:04.260, 159.65, 99, 7523
2026/09/18 05:51:05.260, 159.45, 100, 7523
2026/09/18 05:51:06.261, 159.09, 100, 7523
2026/09/18 05:51:07.269, 162.53, 99, 7523
2026/09/18 05:51:08.270, 163.18, 99, 7523
2026/09/18 05:51:09.270, 159.20, 100, 7523
2026/09/18 05:51:10.270, 158.51, 100, 7523
2026/09/18 05:51:11.270, 158.79, 100, 7523
2026/09/18 05:51:12.279, 161.77, 100, 7523
2026/09/18 05:51:13.279, 163.43, 100, 7523
2026/09/18 05:51:14.279, 159.54, 100, 7523
2026/09/18 05:51:15.279, 158.51, 99, 7523
2026/09/18 05:51:16.280, 158.65, 100, 7523
2026/09/18 05:51:17.288, 161.25, 99, 7523
2026/09/18 05:51:18.289, 163.36, 100, 7523
2026/09/18 05:51:19.289, 160.49, 100, 7523
2026/09/18 05:51:20.289, 158.59, 100, 7523
2026/09/18 05:51:21.289, 158.83, 100, 7523
2026/09/18 05:51:22.289, 161.17, 100, 7523
2026/09/18 05:51:23.290, 163.18, 100, 7523
2026/09/18 05:51:24.290, 161.01, 100, 7523
2026/09/18 05:51:25.290, 158.77, 100, 7523
2026/09/18 05:51:26.290, 159.06, 99, 7523
2026/09/18 05:51:27.290, 159.95, 99, 7523
2026/09/18 05:51:28.291, 163.17, 100, 7523
2026/09/18 05:51:29.291, 161.39, 99, 7523
2026/09/18 05:51:30.291, 159.48, 100, 7523
2026/09/18 05:51:31.291, 159.43, 100, 7523
2026/09/18 05:51:32.292, 159.97, 100, 7523
2026/09/18 05:51:33.292, 163.30, 100, 7523
2026/09/18 05:51:34.292, 162.35, 100, 7523
2026/09/18 05:51:35.292, 159.61, 100, 7523
2026/09/18 05:51:36.292, 158.85, 100, 7523
2026/09/18 05:51:37.301, 158.72, 98, 7523
2026/09/18 05:51:38.301, 162.85, 100, 7523
2026/09/18 05:51:39.301, 162.65, 100, 7523
2026/09/18 05:51:40.302, 159.66, 99, 7523
2026/09/18 05:51:41.302, 159.64, 100, 7523
2026/09/18 05:51:42.302, 159.59, 100, 7523
2026/09/18 05:51:43.302, 162.68, 100, 7523
2026/09/18 05:51:44.303, 163.28, 99, 7523
2026/09/18 05:51:45.303, 159.85, 100, 7523
2026/09/18 05:51:46.303, 159.76, 100, 7523
2026/09/18 05:51:47.312, 159.88, 100, 7523
2026/09/18 05:51:48.312, 163.54, 100, 7523
2026/09/18 05:51:49.312, 164.49, 100, 7523
2026/09/18 05:51:50.312, 160.24, 100, 7523
2026/09/18 05:51:51.313, 159.71, 100, 7523
2026/09/18 05:51:52.321, 159.81, 99, 7523
2026/09/18 05:51:53.321, 161.70, 100, 7523
2026/09/18 05:51:54.322, 163.29, 99, 7523
2026/09/18 05:51:55.322, 160.73, 99, 7523
2026/09/18 05:51:56.322, 159.68, 100, 7523
2026/09/18 05:51:57.331, 159.66, 100, 7523
2026/09/18 05:51:58.331, 161.60, 99, 7523
2026/09/18 05:51:59.331, 163.53, 100, 7523
2026/09/18 05:52:00.331, 161.38, 100, 7523
2026/09/18 05:52:01.331, 159.55, 100, 7523
2026/09/18 05:52:02.332, 159.71, 100, 7523
2026/09/18 05:52:03.332, 161.10, 100, 7523
2026/09/18 05:52:04.332, 163.27, 99, 7523
2026/09/18 05:52:05.332, 161.68, 100, 7523
2026/09/18 05:52:06.333, 159.70, 99, 7523
2026/09/18 05:52:07.333, 159.57, 99, 7523
2026/09/18 05:52:08.333, 160.79, 99, 7523
2026/09/18 05:52:09.333, 163.41, 100, 7523
2026/09/18 05:52:10.333, 162.04, 99, 7523
2026/09/18 05:52:11.334, 159.82, 100, 7523
2026/09/18 05:52:12.334, 159.62, 100, 7523
2026/09/18 05:52:13.334, 160.18, 100, 7523
2026/09/18 05:52:14.334, 163.58, 99, 7523
2026/09/18 05:52:15.335, 162.53, 100, 7523
2026/09/18 05:52:16.335, 159.86, 100, 7523
2026/09/18 05:52:17.335, 159.80, 100, 7523
2026/09/18 05:52:18.335, 160.01, 98, 7523
2026/09/18 05:52:19.336, 164.23, 100, 7523
2026/09/18 05:52:20.336, 163.90, 100, 7523
2026/09/18 05:52:21.336, 159.81, 99, 7523
2026/09/18 05:52:22.336, 159.65, 99, 7523
2026/09/18 05:52:23.336, 159.62, 100, 7523
2026/09/18 05:52:24.337, 163.24, 100, 7523
2026/09/18 05:52:25.337, 163.28, 99, 7523
2026/09/18 05:52:26.337, 159.96, 100, 7523
2026/09/18 05:52:27.337, 159.64, 100, 7523
2026/09/18 05:52:28.338, 159.91, 100, 7523
2026/09/18 05:52:29.338, 62.97, 3, 7523
2026/09/18 05:52:30.338, 154.13, 100, 7523
2026/09/18 05:52:31.338, 160.69, 100, 7523
2026/09/18 05:52:32.338, 159.64, 100, 7523
2026/09/18 05:52:33.339, 159.58, 100, 7523
2026/09/18 05:52:34.339, 160.63, 100, 7523
2026/09/18 05:52:35.339, 160.03, 100, 7523
2026/09/18 05:52:36.339, 160.15, 100, 7523
2026/09/18 05:52:37.340, 161.45, 100, 7523
2026/09/18 05:52:38.340, 160.06, 100, 7523
2026/09/18 05:52:39.340, 159.90, 100, 7523
2026/09/18 05:52:40.340, 161.26, 100, 7523
2026/09/18 05:52:41.340, 159.60, 100, 7523
2026/09/18 05:52:42.341, 159.63, 100, 7523
2026/09/18 05:52:43.341, 160.65, 100, 7523
2026/09/18 05:52:44.341, 159.50, 100, 7523
2026/09/18 05:52:45.341, 160.42, 100, 7523
2026/09/18 05:52:46.342, 160.72, 100, 7523
2026/09/18 05:52:47.342, 159.30, 99, 7523
2026/09/18 05:52:48.351, 160.00, 100, 7523
2026/09/18 05:52:49.351, 160.74, 100, 7523
2026/09/18 05:52:50.351, 159.61, 99, 7523
2026/09/18 05:52:51.351, 160.61, 100, 7523
2026/09/18 05:52:52.352, 160.42, 100, 7523
2026/09/18 05:52:53.360, 158.99, 98, 7523
2026/09/18 05:52:54.361, 159.89, 100, 7523
2026/09/18 05:52:55.361, 160.70, 100, 7523
2026/09/18 05:52:56.361, 159.31, 98, 7523
2026/09/18 05:52:57.361, 160.23, 100, 7523
2026/09/18 05:52:58.370, 160.21, 100, 7523
2026/09/18 05:52:59.370, 159.14, 98, 7523
2026/09/18 05:53:00.370, 160.04, 100, 7523
2026/09/18 05:53:01.370, 160.40, 100, 7523
2026/09/18 05:53:02.371, 159.43, 99, 7523
2026/09/18 05:53:03.371, 160.91, 100, 7523
2026/09/18 05:53:04.371, 160.55, 100, 7523
2026/09/18 05:53:05.371, 159.35, 98, 7523
2026/09/18 05:53:06.372, 160.21, 100, 7523
2026/09/18 05:53:07.372, 160.69, 100, 7523
2026/09/18 05:53:08.381, 159.82, 99, 7523
2026/09/18 05:53:09.381, 160.40, 100, 7523
2026/09/18 05:53:10.381, 160.74, 100, 7523
2026/09/18 05:53:11.381, 159.26, 98, 7523
2026/09/18 05:53:12.381, 159.90, 100, 7523
2026/09/18 05:53:13.390, 160.51, 100, 7523
2026/09/18 05:53:14.390, 159.66, 99, 7523
2026/09/18 05:53:15.390, 160.65, 100, 7523
2026/09/18 05:53:16.391, 160.55, 100, 7523
2026/09/18 05:53:17.391, 159.30, 98, 7523
2026/09/18 05:53:18.399, 160.35, 100, 7523
2026/09/18 05:53:19.400, 160.07, 100, 7523
2026/09/18 05:53:20.400, 159.91, 99, 7523
2026/09/18 05:53:21.400, 160.57, 100, 7523
2026/09/18 05:53:22.400, 159.86, 100, 7523
2026/09/18 05:53:23.409, 159.57, 98, 7523
2026/09/18 05:53:24.409, 160.56, 100, 7523
2026/09/18 05:53:25.409, 159.96, 100, 7523
2026/09/18 05:53:26.410, 159.55, 98, 7523
2026/09/18 05:53:27.410, 160.84, 100, 7523
2026/09/18 05:53:28.418, 160.53, 100, 7523
2026/09/18 05:53:29.419, 159.76, 98, 7523
2026/09/18 05:53:30.419, 160.85, 100, 7523
2026/09/18 05:53:31.419, 160.31, 100, 7523
2026/09/18 05:53:32.419, 159.88, 99, 7523
2026/09/18 05:53:33.420, 160.79, 100, 7523
2026/09/18 05:53:34.420, 160.15, 100, 7523
2026/09/18 05:53:35.420, 159.45, 98, 7523
2026/09/18 05:53:36.420, 160.23, 100, 7523
2026/09/18 05:53:37.420, 160.16, 100, 7523
2026/09/18 05:53:38.429, 159.95, 99, 7523
2026/09/18 05:53:39.429, 161.10, 100, 7523
2026/09/18 05:53:40.429, 159.74, 100, 7523
2026/09/18 05:53:41.430, 159.74, 98, 7523
2026/09/18 05:53:42.430, 160.62, 100, 7523
2026/09/18 05:53:43.430, 160.21, 100, 7523
2026/09/18 05:53:44.430, 160.02, 99, 7523
2026/09/18 05:53:45.430, 160.69, 100, 7523
2026/09/18 05:53:46.431, 159.76, 100, 7523
2026/09/18 05:53:47.431, 159.59, 100, 7523
2026/09/18 05:53:48.431, 159.53, 100, 7523
2026/09/18 05:53:49.431, 159.62, 100, 7523
2026/09/18 05:53:50.432, 159.57, 100, 7523
2026/09/18 05:53:51.432, 160.46, 100, 7523
2026/09/18 05:53:52.432, 160.03, 100, 7523
2026/09/18 05:53:53.432, 159.21, 100, 7523
2026/09/18 05:53:54.433, 160.40, 100, 7523
2026/09/18 05:53:55.433, 159.96, 100, 7523
2026/09/18 05:53:56.433, 159.74, 100, 7523
2026/09/18 05:53:57.433, 160.41, 100, 7523
2026/09/18 05:53:58.433, 159.96, 100, 7523
2026/09/18 05:53:59.434, 158.42, 100, 7523
2026/09/18 05:54:00.434, 160.65, 100, 7523
2026/09/18 05:54:01.434, 159.90, 100, 7523
2026/09/18 05:54:02.434, 160.12, 100, 7523
2026/09/18 05:54:03.434, 160.70, 100, 7523
2026/09/18 05:54:04.435, 160.05, 100, 7523
2026/09/18 05:54:05.435, 159.87, 100, 7523
2026/09/18 05:54:06.435, 160.84, 100, 7523
2026/09/18 05:54:07.435, 159.88, 100, 7523
2026/09/18 05:54:08.435, 160.13, 100, 7523
2026/09/18 05:54:09.436, 160.96, 100, 7523
2026/09/18 05:54:10.436, 160.04, 100, 7523
2026/09/18 05:54:11.436, 159.84, 100, 7523
2026/09/18 05:54:12.436, 160.90, 100, 7523
2026/09/18 05:54:13.437, 159.57, 100, 7523
2026/09/18 05:54:14.437, 160.42, 100, 7523
2026/09/18 05:54:15.437, 160.72, 100, 7523
2026/09/18 05:54:16.437, 159.65, 100, 7523
2026/09/18 05:54:17.437, 159.89, 100, 7523
2026/09/18 05:54:18.438, 160.93, 100, 7523
2026/09/18 05:54:19.446, 159.82, 99, 7523
2026/09/18 05:54:20.447, 160.03, 100, 7523
2026/09/18 05:54:21.447, 160.51, 100, 7523
2026/09/18 05:54:22.447, 159.48, 98, 7523
2026/09/18 05:54:23.447, 160.84, 100, 7523
2026/09/18 05:54:24.456, 160.43, 100, 7523
2026/09/18 05:54:25.456, 159.50, 99, 7523
2026/09/18 05:54:26.456, 160.37, 100, 7523
2026/09/18 05:54:27.457, 160.81, 100, 7523
2026/09/18 05:54:28.457, 159.00, 98, 7523
2026/09/18 05:54:29.457, 160.84, 100, 7523
2026/09/18 05:54:30.457, 160.61, 100, 7523
2026/09/18 05:54:31.457, 159.32, 99, 7523
2026/09/18 05:54:32.458, 160.11, 100, 7523
2026/09/18 05:54:33.458, 160.61, 100, 7523
2026/09/18 05:54:34.467, 159.04, 98, 7523
2026/09/18 05:54:35.467, 160.12, 100, 7523
2026/09/18 05:54:36.467, 160.14, 100, 7523
2026/09/18 05:54:37.467, 159.63, 99, 7523
2026/09/18 05:54:38.467, 160.34, 100, 7523
2026/09/18 05:54:39.468, 160.47, 100, 7523
2026/09/18 05:54:40.468, 159.10, 98, 7523
2026/09/18 05:54:41.468, 160.17, 100, 7523
2026/09/18 05:54:42.468, 160.18, 100, 7523
2026/09/18 05:54:43.468, 159.68, 99, 7523
2026/09/18 05:54:44.469, 160.33, 100, 7523
2026/09/18 05:54:45.469, 160.00, 100, 7523
2026/09/18 05:54:46.469, 159.26, 98, 7523
2026/09/18 05:54:47.469, 159.97, 100, 7523
2026/09/18 05:54:48.469, 159.96, 100, 7523
2026/09/18 05:54:49.470, 159.64, 99, 7523
2026/09/18 05:54:50.470, 160.46, 100, 7523
2026/09/18 05:54:51.470, 159.93, 100, 7523
2026/09/18 05:54:52.470, 159.29, 98, 7523
2026/09/18 05:54:53.471, 159.96, 100, 7523
2026/09/18 05:54:54.471, 160.31, 100, 7523
2026/09/18 05:54:55.471, 159.73, 99, 7523
2026/09/18 05:54:56.471, 160.78, 100, 7523
2026/09/18 05:54:57.471, 160.46, 100, 7523
2026/09/18 05:54:58.472, 158.37, 90, 7523
2026/09/18 05:54:59.472, 159.60, 100, 7523
2026/09/18 05:55:00.472, 160.46, 100, 7523
2026/09/18 05:55:01.472, 159.93, 99, 7523
2026/09/18 05:55:02.472, 160.79, 100, 7523
2026/09/18 05:55:03.473, 120.15, 56, 7523
2026/09/18 05:55:04.473, 156.12, 100, 7523
2026/09/18 05:55:05.473, 162.13, 100, 7523
2026/09/18 05:55:06.473, 157.89, 99, 7523
2026/09/18 05:55:07.473, 158.08, 100, 7523
2026/09/18 05:55:08.474, 158.14, 100, 7523
2026/09/18 05:55:09.474, 162.09, 99, 7523
2026/09/18 05:55:10.474, 163.36, 100, 7523
2026/09/18 05:55:11.474, 159.34, 100, 7523
2026/09/18 05:55:12.475, 159.30, 100, 7523
2026/09/18 05:55:13.475, 159.50, 100, 7523
2026/09/18 05:55:14.475, 161.86, 100, 7523
2026/09/18 05:55:15.475, 162.85, 100, 7523
2026/09/18 05:55:16.475, 159.82, 100, 7523
2026/09/18 05:55:17.476, 159.42, 99, 7523
2026/09/18 05:55:18.476, 159.34, 100, 7523
2026/09/18 05:55:19.476, 161.27, 99, 7523
2026/09/18 05:55:20.476, 162.91, 100, 7523
2026/09/18 05:55:21.476, 160.52, 100, 7523
2026/09/18 05:55:22.476, 159.33, 100, 7523
2026/09/18 05:55:23.477, 159.08, 100, 7523
2026/09/18 05:55:24.477, 160.79, 100, 7523
2026/09/18 05:55:25.477, 162.82, 100, 7523
2026/09/18 05:55:26.477, 161.05, 100, 7523
2026/09/18 05:55:27.478, 159.24, 100, 7523
2026/09/18 05:55:28.478, 159.22, 99, 7523
2026/09/18 05:55:29.478, 160.24, 99, 7523
2026/09/18 05:55:30.478, 162.91, 100, 7523
2026/09/18 05:55:31.478, 161.31, 99, 7523
2026/09/18 05:55:32.479, 159.33, 100, 7523
2026/09/18 05:55:33.479, 159.15, 100, 7523
2026/09/18 05:55:34.488, 159.71, 100, 7523
2026/09/18 05:55:35.488, 162.83, 100, 7523
2026/09/18 05:55:36.488, 161.74, 100, 7523
2026/09/18 05:55:37.488, 159.14, 100, 7523
2026/09/18 05:55:38.488, 159.18, 100, 7523
2026/09/18 05:55:39.497, 159.30, 98, 7523
2026/09/18 05:55:40.497, 163.04, 100, 7523
2026/09/18 05:55:41.497, 162.42, 100, 7523
2026/09/18 05:55:42.498, 159.41, 99, 7523
2026/09/18 05:55:43.498, 159.00, 99, 7523
2026/09/18 05:55:44.506, 159.17, 100, 7523
2026/09/18 05:55:45.507, 163.14, 100, 7523
2026/09/18 05:55:46.507, 163.85, 99, 7523
2026/09/18 05:55:47.507, 159.53, 100, 7523
2026/09/18 05:55:48.507, 159.24, 100, 7523
2026/09/18 05:55:49.516, 159.14, 100, 7523
2026/09/18 05:55:50.516, 161.89, 100, 7523
2026/09/18 05:55:51.516, 162.69, 100, 7523
2026/09/18 05:55:52.517, 159.57, 100, 7523
2026/09/18 05:55:53.517, 159.01, 100, 7523
2026/09/18 05:55:54.526, 158.95, 99, 7523
2026/09/18 05:55:55.526, 161.57, 100, 7523
2026/09/18 05:55:56.526, 162.96, 99, 7523
2026/09/18 05:55:57.526, 160.37, 99, 7523
2026/09/18 05:55:58.526, 159.26, 100, 7523
2026/09/18 05:55:59.527, 159.05, 100, 7523
2026/09/18 05:56:00.527, 161.25, 100, 7523
2026/09/18 05:56:01.527, 163.93, 100, 7523
2026/09/18 05:56:02.527, 161.39, 100, 7523
2026/09/18 05:56:03.528, 159.56, 100, 7523
2026/09/18 05:56:04.528, 159.72, 100, 7523
2026/09/18 05:56:05.528, 160.58, 100, 7523
2026/09/18 05:56:06.528, 163.15, 99, 7523
2026/09/18 05:56:07.528, 161.24, 100, 7523
2026/09/18 05:56:08.529, 159.32, 99, 7523
2026/09/18 05:56:09.529, 159.31, 100, 7523
2026/09/18 05:56:10.529, 160.21, 99, 7523
2026/09/18 05:56:11.529, 163.05, 100, 7523
2026/09/18 05:56:12.529, 162.04, 99, 7523
2026/09/18 05:56:13.530, 159.34, 100, 7523
2026/09/18 05:56:14.530, 159.30, 100, 7523
2026/09/18 05:56:15.530, 159.65, 100, 7523
2026/09/18 05:56:16.530, 162.98, 99, 7523
2026/09/18 05:56:17.531, 162.16, 100, 7523
2026/09/18 05:56:18.531, 159.29, 100, 7523
2026/09/18 05:56:19.539, 159.29, 99, 7523
2026/09/18 05:56:20.540, 159.21, 100, 7523
2026/09/18 05:56:21.540, 162.95, 100, 7523
2026/09/18 05:56:22.540, 162.67, 99, 7523
2026/09/18 05:56:23.540, 159.15, 99, 7523
2026/09/18 05:56:24.549, 159.26, 100, 7523
2026/09/18 05:56:25.549, 159.36, 100, 7523
2026/09/18 05:56:26.549, 162.37, 99, 7523
2026/09/18 05:56:27.549, 163.01, 100, 7523
2026/09/18 05:56:28.550, 159.70, 100, 7523
2026/09/18 05:56:29.558, 159.42, 100, 7523
2026/09/18 05:56:30.559, 159.14, 99, 7523
2026/09/18 05:56:31.560, 161.88, 100, 7523
2026/09/18 05:56:32.560, 163.02, 99, 7523
2026/09/18 05:56:33.561, 159.51, 99, 7523
2026/09/18 05:56:34.569, 159.10, 99, 7523
2026/09/18 05:56:35.570, 159.18, 100, 7523
2026/09/18 05:56:36.570, 79.06, 0, 7523
2026/09/18 05:56:37.570, 27.92, 0, 7523
2026/09/18 05:56:38.570, 23.36, 0, 7523
