2026/08/27 21:39:17.229, 15.29, 0, 33
2026/08/27 21:39:18.232, 15.29, 0, 33
2026/08/27 21:39:19.233, 10.32, 0, 33
2026/08/27 21:39:20.233, 10.20, 0, 36
2026/08/27 21:39:21.233, 12.27, 0, 975
2026/08/27 21:39:22.233, 20.62, 0, 1057
2026/08/27 21:39:23.233, 19.89, 0, 1057
2026/08/27 21:39:24.233, 19.88, 0, 1057
2026/08/27 21:39:25.233, 19.82, 0, 1057
2026/08/27 21:39:26.234, 19.39, 0, 1057
2026/08/27 21:39:27.234, 19.51, 0, 1057
2026/08/27 21:39:28.234, 19.52, 0, 1057
2026/08/27 21:39:29.234, 19.46, 0, 1057
2026/08/27 21:39:30.234, 19.40, 0, 1057
2026/08/27 21:39:31.234, 19.31, 0, 1057
2026/08/27 21:39:32.234, 19.46, 0, 1057
2026/08/27 21:39:33.235, 19.13, 0, 1057
2026/08/27 21:39:34.235, 19.04, 0, 1057
2026/08/27 21:39:35.235, 19.19, 0, 1057
2026/08/27 21:39:36.235, 26.84, 60, 1109
2026/08/27 21:39:37.235, 30.55, 0, 1109
2026/08/27 21:39:38.235, 24.45, 0, 1109
2026/08/27 21:39:39.236, 22.23, 0, 1109
2026/08/27 21:39:40.236, 18.82, 0, 1109
2026/08/27 21:39:41.236, 18.64, 0, 1109
2026/08/27 21:39:42.236, 18.55, 0, 1109
2026/08/27 21:39:43.236, 18.59, 0, 1109
2026/08/27 21:39:44.236, 18.56, 0, 1109
2026/08/27 21:39:45.236, 18.76, 0, 1109
2026/08/27 21:39:46.237, 18.83, 0, 1109
2026/08/27 21:39:47.237, 18.52, 0, 1109
2026/08/27 21:39:48.237, 18.56, 0, 1109
2026/08/27 21:39:49.237, 18.49, 0, 1109
2026/08/27 21:39:50.237, 18.50, 0, 1109
2026/08/27 21:39:51.237, 18.34, 0, 1109
2026/08/27 21:39:52.238, 18.38, 0, 1109
2026/08/27 21:39:53.238, 15.48, 0, 1109
2026/08/27 21:39:54.238, 9.06, 1, 1109
2026/08/27 21:39:55.238, 18.67, 0, 1109
2026/08/27 21:39:56.238, 18.49, 0, 1109
2026/08/27 21:39:57.238, 18.08, 0, 1251
2026/08/27 21:39:58.239, 83.04, 98, 1753
2026/08/27 21:39:59.239, 76.60, 0, 7137
2026/08/27 21:40:00.239, 24.53, 0, 7137
2026/08/27 21:40:01.239, 24.44, 0, 7137
2026/08/27 21:40:02.239, 19.76, 0, 7137
2026/08/27 21:40:03.248, 18.69, 0, 7137
2026/08/27 21:40:04.248, 17.96, 0, 7137
2026/08/27 21:40:05.249, 17.91, 0, 7137
2026/08/27 21:40:06.249, 17.85, 0, 7137
2026/08/27 21:40:07.249, 18.11, 0, 7137
2026/08/27 21:40:08.250, 25.56, 96, 7225
2026/08/27 21:40:09.250, 104.93, 99, 7241
2026/08/27 21:40:10.250, 107.31, 98, 7247
2026/08/27 21:40:11.250, 113.81, 98, 7369
2026/08/27 21:40:12.250, 153.27, 100, 7369
2026/08/27 21:40:13.251, 152.96, 100, 7369
2026/08/27 21:40:14.251, 153.00, 98, 7369
2026/08/27 21:40:15.251, 154.19, 100, 7369
2026/08/27 21:40:16.251, 153.95, 100, 7369
2026/08/27 21:40:17.251, 153.12, 98, 7369
2026/08/27 21:40:18.252, 154.45, 100, 7369
2026/08/27 21:40:19.252, 154.16, 100, 7369
2026/08/27 21:40:20.252, 154.21, 98, 7369
2026/08/27 21:40:21.252, 155.79, 100, 7369
2026/08/27 21:40:22.252, 154.99, 100, 7369
2026/08/27 21:40:23.253, 154.49, 98, 7369
2026/08/27 21:40:24.253, 156.20, 100, 7369
2026/08/27 21:40:25.253, 155.07, 100, 7369
2026/08/27 21:40:26.253, 155.17, 100, 7369
2026/08/27 21:40:27.253, 156.57, 100, 7369
2026/08/27 21:40:28.253, 155.40, 100, 7369
2026/08/27 21:40:29.254, 155.09, 100, 7369
2026/08/27 21:40:30.254, 156.35, 100, 7369
2026/08/27 21:40:31.254, 155.75, 100, 7369
2026/08/27 21:40:32.254, 156.00, 100, 7369
2026/08/27 21:40:33.263, 157.24, 100, 7369
2026/08/27 21:40:34.263, 156.43, 100, 7369
2026/08/27 21:40:35.263, 156.10, 100, 7369
2026/08/27 21:40:36.263, 157.44, 100, 7369
2026/08/27 21:40:37.264, 155.98, 100, 7369
2026/08/27 21:40:38.264, 156.31, 100, 7369
2026/08/27 21:40:39.264, 158.30, 100, 7369
2026/08/27 21:40:40.264, 157.03, 100, 7369
2026/08/27 21:40:41.264, 156.66, 100, 7369
2026/08/27 21:40:42.264, 158.26, 100, 7369
2026/08/27 21:40:43.264, 156.54, 100, 7369
2026/08/27 21:40:44.265, 157.30, 100, 7369
2026/08/27 21:40:45.265, 158.12, 100, 7369
2026/08/27 21:40:46.265, 155.76, 100, 7369
2026/08/27 21:40:47.265, 157.79, 100, 7369
2026/08/27 21:40:48.265, 158.53, 100, 7369
2026/08/27 21:40:49.265, 157.32, 100, 7369
2026/08/27 21:40:50.266, 157.62, 100, 7369
2026/08/27 21:40:51.266, 157.16, 100, 7369
2026/08/27 21:40:52.266, 157.50, 100, 7369
2026/08/27 21:40:53.266, 158.12, 100, 7369
2026/08/27 21:40:54.266, 158.86, 100, 7369
2026/08/27 21:40:55.266, 157.42, 100, 7369
2026/08/27 21:40:56.267, 157.58, 100, 7369
2026/08/27 21:40:57.267, 157.74, 100, 7369
2026/08/27 21:40:58.267, 157.69, 100, 7369
2026/08/27 21:40:59.267, 158.93, 100, 7369
2026/08/27 21:41:00.267, 158.34, 100, 7369
2026/08/27 21:41:01.267, 157.89, 100, 7369
2026/08/27 21:41:02.268, 158.88, 100, 7369
2026/08/27 21:41:03.268, 158.35, 100, 7369
2026/08/27 21:41:04.268, 157.87, 100, 7369
2026/08/27 21:41:05.268, 158.81, 100, 7369
2026/08/27 21:41:06.268, 157.30, 100, 7369
2026/08/27 21:41:07.268, 158.56, 100, 7369
2026/08/27 21:41:08.269, 159.35, 100, 7369
2026/08/27 21:41:09.269, 159.08, 100, 7369
2026/08/27 21:41:10.269, 158.53, 100, 7369
2026/08/27 21:41:11.269, 158.20, 100, 7369
2026/08/27 21:41:12.269, 158.68, 100, 7369
2026/08/27 21:41:13.270, 158.48, 100, 7369
2026/08/27 21:41:14.270, 159.30, 100, 7369
2026/08/27 21:41:15.270, 158.47, 100, 7369
2026/08/27 21:41:16.270, 157.24, 100, 7369
2026/08/27 21:41:17.270, 158.09, 100, 7369
2026/08/27 21:41:18.270, 158.28, 100, 7369
2026/08/27 21:41:19.271, 157.92, 100, 7369
2026/08/27 21:41:20.271, 159.13, 100, 7369
2026/08/27 21:41:21.271, 159.00, 100, 7369
2026/08/27 21:41:22.271, 157.00, 100, 7369
2026/08/27 21:41:23.271, 159.22, 100, 7369
2026/08/27 21:41:24.271, 158.62, 100, 7369
2026/08/27 21:41:25.272, 158.13, 100, 7369
2026/08/27 21:41:26.272, 159.75, 100, 7369
2026/08/27 21:41:27.277, 159.24, 100, 7369
2026/08/27 21:41:28.277, 158.07, 100, 7369
2026/08/27 21:41:29.277, 159.74, 100, 7369
2026/08/27 21:41:30.277, 159.54, 100, 7369
2026/08/27 21:41:31.278, 158.30, 98, 7369
2026/08/27 21:41:32.278, 159.32, 100, 7369
2026/08/27 21:41:33.278, 159.62, 100, 7369
2026/08/27 21:41:34.278, 158.08, 98, 7369
2026/08/27 21:41:35.278, 160.27, 100, 7369
2026/08/27 21:41:36.279, 159.68, 100, 7369
2026/08/27 21:41:37.287, 158.35, 98, 7389
2026/08/27 21:41:38.287, 159.23, 100, 7389
2026/08/27 21:41:39.288, 159.01, 100, 7389
2026/08/27 21:41:40.288, 158.17, 98, 7389
2026/08/27 21:41:41.288, 159.36, 100, 7389
2026/08/27 21:41:42.288, 159.44, 100, 7389
2026/08/27 21:41:43.288, 158.41, 98, 7389
2026/08/27 21:41:44.288, 159.32, 100, 7389
2026/08/27 21:41:45.289, 159.57, 100, 7389
2026/08/27 21:41:46.289, 158.28, 98, 7389
2026/08/27 21:41:47.289, 159.04, 100, 7389
2026/08/27 21:41:48.289, 159.78, 100, 7389
2026/08/27 21:41:49.289, 158.14, 98, 7389
2026/08/27 21:41:50.290, 160.23, 100, 7389
2026/08/27 21:41:51.290, 160.08, 100, 7389
2026/08/27 21:41:52.298, 157.94, 98, 7389
2026/08/27 21:41:53.299, 159.94, 100, 7389
2026/08/27 21:41:54.299, 160.09, 100, 7389
2026/08/27 21:41:55.299, 158.73, 99, 7389
2026/08/27 21:41:56.299, 159.58, 100, 7389
2026/08/27 21:41:57.307, 159.80, 100, 7389
2026/08/27 21:41:58.307, 159.02, 100, 7389
2026/08/27 21:41:59.307, 159.75, 100, 7389
2026/08/27 21:42:00.307, 160.14, 100, 7389
2026/08/27 21:42:01.307, 158.88, 100, 7389
2026/08/27 21:42:02.307, 159.02, 100, 7389
2026/08/27 21:42:03.308, 159.83, 100, 7389
2026/08/27 21:42:04.308, 159.01, 100, 7389
2026/08/27 21:42:05.308, 159.30, 100, 7389
2026/08/27 21:42:06.308, 160.54, 100, 7389
2026/08/27 21:42:07.317, 159.31, 100, 7389
2026/08/27 21:42:08.317, 158.98, 100, 7389
2026/08/27 21:42:09.317, 160.05, 100, 7389
2026/08/27 21:42:10.317, 159.21, 100, 7389
2026/08/27 21:42:11.317, 159.14, 100, 7389
2026/08/27 21:42:12.326, 160.37, 100, 7389
2026/08/27 21:42:13.326, 159.34, 100, 7389
2026/08/27 21:42:14.326, 158.83, 98, 7389
2026/08/27 21:42:15.327, 160.01, 100, 7389
2026/08/27 21:42:16.327, 159.05, 100, 7389
2026/08/27 21:42:17.327, 159.02, 98, 7389
2026/08/27 21:42:18.327, 159.70, 100, 7389
2026/08/27 21:42:19.327, 159.86, 100, 7389
2026/08/27 21:42:20.327, 158.78, 98, 7389
2026/08/27 21:42:21.328, 159.85, 100, 7389
2026/08/27 21:42:22.336, 159.39, 100, 7389
2026/08/27 21:42:23.336, 158.92, 98, 7389
2026/08/27 21:42:24.336, 159.82, 100, 7389
2026/08/27 21:42:25.337, 159.93, 100, 7389
2026/08/27 21:42:26.337, 158.93, 98, 7389
2026/08/27 21:42:27.337, 160.01, 100, 7389
2026/08/27 21:42:28.337, 159.71, 100, 7389
2026/08/27 21:42:29.337, 158.84, 98, 7389
2026/08/27 21:42:30.338, 159.61, 100, 7389
2026/08/27 21:42:31.338, 159.34, 100, 7389
2026/08/27 21:42:32.338, 158.67, 98, 7389
2026/08/27 21:42:33.338, 159.72, 100, 7389
2026/08/27 21:42:34.338, 159.62, 100, 7389
2026/08/27 21:42:35.338, 158.79, 97, 7389
2026/08/27 21:42:36.339, 159.66, 100, 7389
2026/08/27 21:42:37.339, 159.68, 100, 7389
2026/08/27 21:42:38.339, 158.70, 98, 7389
2026/08/27 21:42:39.339, 159.62, 100, 7389
2026/08/27 21:42:40.339, 159.95, 100, 7389
2026/08/27 21:42:41.339, 158.76, 98, 7389
2026/08/27 21:42:42.340, 160.54, 100, 7389
2026/08/27 21:42:43.340, 160.76, 100, 7389
2026/08/27 21:42:44.340, 158.82, 98, 7389
2026/08/27 21:42:45.340, 85.39, 0, 7389
2026/08/27 21:42:46.340, 31.52, 0, 7389
2026/08/27 21:42:47.340, 26.44, 0, 7389
2026/08/27 21:42:48.341, 21.00, 0, 7389
2026/08/27 21:42:49.341, 20.91, 0, 7389
2026/08/27 21:42:50.341, 20.74, 0, 7389
2026/08/27 21:42:51.341, 20.46, 0, 7389
2026/08/27 21:42:52.341, 20.51, 0, 7389
2026/08/27 21:42:53.341, 20.51, 0, 7389
2026/08/27 21:42:54.342, 20.19, 0, 7389
2026/08/27 21:42:55.342, 20.20, 0, 7389
2026/08/27 21:42:56.342, 19.81, 0, 7389
2026/08/27 21:42:57.342, 19.72, 0, 7389
2026/08/27 21:42:58.342, 19.67, 0, 7389
2026/08/27 21:42:59.342, 19.68, 0, 7389
2026/08/27 21:43:00.343, 19.65, 0, 7389
2026/08/27 21:43:01.343, 19.33, 0, 7389
2026/08/27 21:43:02.343, 19.30, 0, 7389
2026/08/27 21:43:03.343, 19.23, 0, 7389
2026/08/27 21:43:04.343, 19.16, 0, 7389
2026/08/27 21:43:05.343, 19.10, 0, 7389
2026/08/27 21:43:06.344, 19.00, 0, 7389
2026/08/27 21:43:07.344, 19.09, 0, 7389
2026/08/27 21:43:08.344, 18.83, 0, 7389
2026/08/27 21:43:09.344, 18.74, 0, 7389
2026/08/27 21:43:10.344, 18.59, 0, 7389
2026/08/27 21:43:11.344, 18.69, 0, 7389
2026/08/27 21:43:12.345, 10.23, 0, 7389
2026/08/27 21:43:13.345, 11.13, 0, 7391
2026/08/27 21:43:14.345, 18.76, 0, 7391
2026/08/27 21:43:15.345, 18.75, 0, 7391
2026/08/27 21:43:16.345, 40.72, 98, 7391
2026/08/27 21:43:17.346, 121.74, 100, 7391
2026/08/27 21:43:18.346, 157.86, 100, 7391
2026/08/27 21:43:19.346, 157.64, 100, 7391
2026/08/27 21:43:20.346, 158.02, 100, 7391
2026/08/27 21:43:21.346, 158.40, 99, 7391
2026/08/27 21:43:22.346, 157.97, 100, 7391
2026/08/27 21:43:23.355, 158.57, 100, 7391
2026/08/27 21:43:24.355, 159.72, 99, 7391
2026/08/27 21:43:25.355, 160.05, 100, 7391
2026/08/27 21:43:26.355, 159.91, 100, 7391
2026/08/27 21:43:27.356, 159.21, 100, 7391
2026/08/27 21:43:28.356, 160.58, 100, 7391
2026/08/27 21:43:29.356, 160.66, 100, 7391
2026/08/27 21:43:30.356, 160.46, 100, 7391
2026/08/27 21:43:31.356, 160.07, 100, 7391
2026/08/27 21:43:32.357, 160.04, 100, 7391
2026/08/27 21:43:33.365, 160.36, 99, 7391
2026/08/27 21:43:34.365, 161.20, 99, 7391
2026/08/27 21:43:35.366, 160.27, 100, 7391
2026/08/27 21:43:36.366, 160.52, 100, 7391
2026/08/27 21:43:37.366, 160.53, 100, 7391
2026/08/27 21:43:38.375, 160.84, 100, 7391
2026/08/27 21:43:39.375, 160.55, 100, 7391
2026/08/27 21:43:40.375, 160.67, 100, 7391
2026/08/27 21:43:41.375, 161.77, 100, 7391
2026/08/27 21:43:42.375, 162.02, 100, 7391
2026/08/27 21:43:43.384, 161.14, 99, 7391
2026/08/27 21:43:44.384, 161.24, 100, 7391
2026/08/27 21:43:45.384, 161.30, 100, 7391
2026/08/27 21:43:46.384, 161.44, 99, 7391
2026/08/27 21:43:47.385, 161.50, 100, 7391
2026/08/27 21:43:48.385, 161.27, 100, 7391
2026/08/27 21:43:49.385, 161.40, 99, 7391
2026/08/27 21:43:50.385, 161.65, 100, 7391
2026/08/27 21:43:51.385, 161.73, 100, 7391
2026/08/27 21:43:52.385, 162.36, 99, 7391
2026/08/27 21:43:53.386, 161.80, 100, 7391
2026/08/27 21:43:54.386, 161.95, 100, 7391
2026/08/27 21:43:55.386, 161.99, 99, 7391
2026/08/27 21:43:56.386, 161.98, 100, 7391
2026/08/27 21:43:57.386, 162.09, 100, 7391
2026/08/27 21:43:58.387, 162.25, 99, 7391
2026/08/27 21:43:59.387, 162.37, 100, 7391
2026/08/27 21:44:00.387, 162.39, 100, 7391
2026/08/27 21:44:01.387, 162.05, 99, 7391
2026/08/27 21:44:02.387, 162.23, 100, 7391
2026/08/27 21:44:03.396, 162.24, 100, 7391
2026/08/27 21:44:04.396, 162.00, 100, 7391
2026/08/27 21:44:05.396, 161.83, 100, 7391
2026/08/27 21:44:06.396, 161.95, 100, 7391
2026/08/27 21:44:07.397, 162.10, 99, 7391
2026/08/27 21:44:08.405, 162.06, 100, 7391
2026/08/27 21:44:09.405, 162.12, 100, 7391
2026/08/27 21:44:10.405, 162.41, 99, 7391
2026/08/27 21:44:11.406, 163.41, 100, 7391
2026/08/27 21:44:12.406, 163.49, 100, 7391
2026/08/27 21:44:13.406, 163.53, 99, 7391
2026/08/27 21:44:14.406, 162.82, 100, 7391
2026/08/27 21:44:15.406, 162.45, 100, 7391
2026/08/27 21:44:16.406, 162.35, 99, 7391
2026/08/27 21:44:17.407, 162.18, 100, 7391
2026/08/27 21:44:18.407, 162.31, 100, 7391
2026/08/27 21:44:19.407, 162.39, 100, 7391
2026/08/27 21:44:20.407, 162.54, 100, 7391
2026/08/27 21:44:21.407, 162.73, 100, 7391
2026/08/27 21:44:22.407, 162.62, 99, 7391
2026/08/27 21:44:23.408, 162.52, 100, 7391
2026/08/27 21:44:24.408, 162.59, 100, 7391
2026/08/27 21:44:25.408, 162.54, 100, 7391
2026/08/27 21:44:26.408, 162.72, 100, 7391
2026/08/27 21:44:27.408, 162.58, 99, 7391
2026/08/27 21:44:28.408, 162.74, 100, 7391
2026/08/27 21:44:29.409, 162.80, 100, 7391
2026/08/27 21:44:30.409, 162.74, 99, 7391
2026/08/27 21:44:31.409, 162.73, 100, 7391
2026/08/27 21:44:32.409, 162.88, 100, 7391
2026/08/27 21:44:33.409, 162.70, 100, 7391
2026/08/27 21:44:34.409, 162.85, 100, 7391
2026/08/27 21:44:35.410, 162.78, 100, 7391
2026/08/27 21:44:36.410, 162.54, 99, 7391
2026/08/27 21:44:37.410, 162.84, 100, 7391
2026/08/27 21:44:38.410, 162.94, 100, 7391
2026/08/27 21:44:39.410, 162.90, 99, 7391
2026/08/27 21:44:40.410, 162.83, 100, 7391
2026/08/27 21:44:41.411, 162.97, 100, 7391
2026/08/27 21:44:42.411, 162.99, 99, 7391
2026/08/27 21:44:43.411, 163.04, 100, 7391
2026/08/27 21:44:44.411, 163.08, 100, 7391
2026/08/27 21:44:45.411, 163.16, 99, 7391
2026/08/27 21:44:46.412, 163.23, 100, 7391
2026/08/27 21:44:47.412, 163.19, 100, 7391
2026/08/27 21:44:48.420, 163.41, 99, 7391
2026/08/27 21:44:49.420, 163.05, 100, 7391
2026/08/27 21:44:50.421, 163.21, 100, 7391
2026/08/27 21:44:51.421, 163.33, 100, 7391
2026/08/27 21:44:52.421, 163.31, 100, 7391
2026/08/27 21:44:53.421, 115.22, 27, 7391
2026/08/27 21:44:54.421, 92.37, 98, 7391
2026/08/27 21:44:55.422, 159.47, 100, 7391
2026/08/27 21:44:56.422, 159.19, 100, 7391
2026/08/27 21:44:57.422, 157.52, 89, 7391
2026/08/27 21:44:58.422, 158.51, 100, 7391
2026/08/27 21:44:59.422, 159.35, 100, 7391
2026/08/27 21:45:00.422, 158.41, 98, 7391
2026/08/27 21:45:01.423, 159.27, 100, 7391
2026/08/27 21:45:02.423, 159.91, 100, 7391
2026/08/27 21:45:03.423, 157.24, 98, 7391
2026/08/27 21:45:04.423, 159.54, 100, 7391
2026/08/27 21:45:05.423, 159.87, 100, 7391
2026/08/27 21:45:06.423, 158.65, 98, 7391
2026/08/27 21:45:07.424, 160.23, 100, 7391
2026/08/27 21:45:08.424, 160.53, 100, 7391
2026/08/27 21:45:09.424, 159.19, 100, 7391
2026/08/27 21:45:10.424, 159.24, 100, 7391
2026/08/27 21:45:11.424, 159.95, 100, 7391
2026/08/27 21:45:12.424, 159.27, 100, 7391
2026/08/27 21:45:13.425, 158.49, 100, 7391
2026/08/27 21:45:14.425, 160.11, 100, 7391
2026/08/27 21:45:15.425, 159.36, 100, 7391
2026/08/27 21:45:16.425, 158.91, 100, 7391
2026/08/27 21:45:17.425, 160.46, 100, 7391
2026/08/27 21:45:18.434, 158.28, 98, 7391
2026/08/27 21:45:19.434, 159.52, 100, 7391
2026/08/27 21:45:20.434, 159.66, 100, 7391
2026/08/27 21:45:21.435, 158.57, 98, 7391
2026/08/27 21:45:22.435, 159.42, 100, 7391
2026/08/27 21:45:23.443, 160.13, 100, 7391
2026/08/27 21:45:24.444, 158.83, 98, 7391
2026/08/27 21:45:25.444, 159.72, 100, 7391
2026/08/27 21:45:26.444, 160.05, 100, 7391
2026/08/27 21:45:27.444, 159.26, 100, 7391
2026/08/27 21:45:28.444, 159.99, 100, 7391
2026/08/27 21:45:29.445, 160.20, 100, 7391
2026/08/27 21:45:30.445, 159.43, 100, 7391
2026/08/27 21:45:31.445, 159.81, 100, 7391
2026/08/27 21:45:32.445, 160.82, 100, 7391
2026/08/27 21:45:33.445, 159.06, 100, 7391
2026/08/27 21:45:34.445, 159.23, 100, 7391
2026/08/27 21:45:35.446, 160.50, 100, 7391
2026/08/27 21:45:36.446, 159.26, 100, 7391
2026/08/27 21:45:37.446, 159.31, 100, 7391
2026/08/27 21:45:38.455, 160.54, 100, 7391
2026/08/27 21:45:39.455, 159.40, 100, 7391
2026/08/27 21:45:40.455, 159.35, 99, 7391
2026/08/27 21:45:41.455, 160.32, 100, 7391
2026/08/27 21:45:42.455, 159.80, 100, 7391
2026/08/27 21:45:43.456, 159.31, 98, 7391
2026/08/27 21:45:44.456, 160.06, 100, 7391
2026/08/27 21:45:45.456, 159.43, 100, 7391
2026/08/27 21:45:46.456, 159.28, 98, 7391
2026/08/27 21:45:47.456, 160.20, 100, 7391
2026/08/27 21:45:48.456, 159.71, 100, 7391
2026/08/27 21:45:49.457, 159.14, 97, 7391
2026/08/27 21:45:50.457, 159.86, 100, 7391
2026/08/27 21:45:51.457, 159.89, 100, 7391
2026/08/27 21:45:52.457, 159.21, 98, 7391
2026/08/27 21:45:53.457, 159.79, 100, 7391
2026/08/27 21:45:54.457, 160.72, 100, 7391
2026/08/27 21:45:55.458, 159.07, 98, 7391
2026/08/27 21:45:56.458, 159.95, 100, 7391
2026/08/27 21:45:57.458, 160.02, 100, 7391
2026/08/27 21:45:58.458, 157.85, 98, 7391
2026/08/27 21:45:59.458, 159.96, 100, 7391
2026/08/27 21:46:00.458, 160.48, 100, 7391
2026/08/27 21:46:01.459, 159.01, 98, 7391
2026/08/27 21:46:02.459, 160.87, 100, 7391
2026/08/27 21:46:03.459, 159.59, 100, 7391
2026/08/27 21:46:04.459, 159.15, 98, 7391
2026/08/27 21:46:05.459, 160.17, 100, 7391
2026/08/27 21:46:06.459, 160.66, 100, 7391
2026/08/27 21:46:07.460, 159.31, 100, 7391
2026/08/27 21:46:08.460, 158.39, 100, 7391
2026/08/27 21:46:09.460, 161.35, 100, 7391
2026/08/27 21:46:10.460, 159.38, 100, 7391
2026/08/27 21:46:11.460, 159.48, 100, 7391
2026/08/27 21:46:12.461, 160.73, 100, 7391
2026/08/27 21:46:13.461, 159.67, 100, 7391
2026/08/27 21:46:14.461, 158.53, 99, 7391
2026/08/27 21:46:15.461, 160.49, 100, 7391
2026/08/27 21:46:16.461, 159.40, 100, 7391
2026/08/27 21:46:17.461, 159.78, 98, 7391
2026/08/27 21:46:18.462, 160.65, 100, 7391
2026/08/27 21:46:19.462, 160.14, 100, 7391
2026/08/27 21:46:20.462, 159.47, 98, 7391
2026/08/27 21:46:21.462, 160.25, 100, 7391
2026/08/27 21:46:22.462, 159.39, 100, 7391
2026/08/27 21:46:23.463, 159.52, 98, 7391
2026/08/27 21:46:24.463, 160.18, 100, 7391
2026/08/27 21:46:25.463, 160.17, 100, 7391
2026/08/27 21:46:26.463, 159.11, 98, 7391
2026/08/27 21:46:27.463, 160.24, 100, 7391
2026/08/27 21:46:28.463, 160.17, 100, 7391
2026/08/27 21:46:29.472, 159.32, 98, 7391
2026/08/27 21:46:30.472, 160.09, 100, 7391
2026/08/27 21:46:31.472, 160.21, 100, 7391
2026/08/27 21:46:32.472, 159.06, 98, 7391
2026/08/27 21:46:33.473, 160.53, 100, 7391
2026/08/27 21:46:34.481, 159.72, 100, 7391
2026/08/27 21:46:35.481, 158.95, 98, 7391
2026/08/27 21:46:36.482, 159.91, 100, 7391
2026/08/27 21:46:37.482, 159.74, 100, 7391
2026/08/27 21:46:38.482, 158.99, 98, 7393
2026/08/27 21:46:39.482, 160.02, 100, 7393
2026/08/27 21:46:40.482, 160.49, 100, 7393
2026/08/27 21:46:41.482, 159.06, 98, 7393
2026/08/27 21:46:42.483, 160.17, 100, 7393
2026/08/27 21:46:43.483, 160.23, 100, 7393
2026/08/27 21:46:44.483, 159.20, 98, 7393
2026/08/27 21:46:45.483, 159.82, 100, 7393
2026/08/27 21:46:46.483, 160.95, 100, 7393
2026/08/27 21:46:47.484, 159.15, 98, 7393
2026/08/27 21:46:48.484, 159.90, 100, 7393
2026/08/27 21:46:49.492, 160.30, 100, 7393
2026/08/27 21:46:50.493, 159.55, 99, 7393
2026/08/27 21:46:51.493, 159.89, 100, 7393
2026/08/27 21:46:52.493, 160.78, 100, 7393
2026/08/27 21:46:53.493, 159.07, 100, 7393
2026/08/27 21:46:54.493, 159.66, 100, 7393
2026/08/27 21:46:55.493, 160.61, 100, 7393
2026/08/27 21:46:56.494, 159.79, 100, 7393
2026/08/27 21:46:57.494, 160.16, 100, 7393
2026/08/27 21:46:58.494, 160.43, 100, 7393
2026/08/27 21:46:59.494, 159.89, 100, 7393
2026/08/27 21:47:00.494, 159.44, 100, 7393
2026/08/27 21:47:01.494, 160.66, 100, 7393
2026/08/27 21:47:02.495, 159.64, 100, 7393
2026/08/27 21:47:03.495, 159.58, 100, 7393
2026/08/27 21:47:04.495, 160.76, 100, 7393
2026/08/27 21:47:05.495, 159.40, 100, 7393
2026/08/27 21:47:06.495, 159.40, 98, 7393
2026/08/27 21:47:07.495, 160.52, 100, 7393
2026/08/27 21:47:08.496, 160.13, 100, 7393
2026/08/27 21:47:09.496, 159.39, 98, 7393
2026/08/27 21:47:10.496, 160.71, 100, 7393
2026/08/27 21:47:11.496, 160.04, 100, 7393
2026/08/27 21:47:12.496, 159.92, 98, 7393
2026/08/27 21:47:13.496, 161.01, 100, 7393
2026/08/27 21:47:14.505, 160.39, 100, 7393
2026/08/27 21:47:15.505, 159.37, 98, 7393
2026/08/27 21:47:16.505, 160.22, 100, 7393
2026/08/27 21:47:17.506, 160.20, 100, 7393
2026/08/27 21:47:18.506, 159.32, 98, 7393
2026/08/27 21:47:19.515, 160.53, 100, 7393
2026/08/27 21:47:20.515, 160.91, 100, 7393
2026/08/27 21:47:21.515, 159.47, 98, 7393
2026/08/27 21:47:22.515, 160.03, 100, 7393
2026/08/27 21:47:23.515, 159.77, 100, 7393
2026/08/27 21:47:24.515, 159.09, 98, 7393
2026/08/27 21:47:25.516, 160.08, 100, 7393
2026/08/27 21:47:26.516, 159.90, 100, 7393
2026/08/27 21:47:27.516, 159.08, 98, 7393
2026/08/27 21:47:28.516, 158.93, 100, 7393
2026/08/27 21:47:29.516, 164.30, 99, 7393
2026/08/27 21:47:30.516, 163.56, 100, 7393
2026/08/27 21:47:31.517, 163.80, 100, 7393
2026/08/27 21:47:32.517, 163.74, 99, 7393
2026/08/27 21:47:33.517, 163.67, 100, 7393
2026/08/27 21:47:34.517, 163.70, 100, 7393
2026/08/27 21:47:35.517, 163.83, 99, 7393
2026/08/27 21:47:36.518, 163.70, 100, 7393
2026/08/27 21:47:37.518, 163.42, 100, 7393
2026/08/27 21:47:38.518, 163.56, 99, 7393
2026/08/27 21:47:39.518, 163.76, 100, 7393
2026/08/27 21:47:40.527, 163.65, 100, 7393
2026/08/27 21:47:41.527, 163.67, 99, 7393
2026/08/27 21:47:42.527, 163.60, 100, 7393
2026/08/27 21:47:43.527, 163.81, 100, 7393
2026/08/27 21:47:44.528, 163.77, 99, 7393
2026/08/27 21:47:45.528, 163.85, 100, 7393
2026/08/27 21:47:46.528, 163.60, 100, 7393
2026/08/27 21:47:47.528, 163.77, 99, 7393
2026/08/27 21:47:48.528, 163.73, 100, 7393
2026/08/27 21:47:49.528, 163.87, 100, 7393
2026/08/27 21:47:50.529, 163.76, 99, 7393
2026/08/27 21:47:51.529, 163.93, 100, 7393
2026/08/27 21:47:52.529, 163.88, 100, 7393
2026/08/27 21:47:53.529, 163.75, 100, 7393
2026/08/27 21:47:54.529, 163.57, 100, 7393
2026/08/27 21:47:55.538, 163.46, 99, 7393
2026/08/27 21:47:56.538, 163.60, 100, 7393
2026/08/27 21:47:57.538, 163.73, 100, 7393
2026/08/27 21:47:58.538, 163.54, 100, 7393
2026/08/27 21:47:59.538, 163.39, 100, 7393
2026/08/27 21:48:00.539, 163.62, 100, 7393
2026/08/27 21:48:01.539, 163.78, 100, 7393
2026/08/27 21:48:02.539, 163.81, 100, 7393
2026/08/27 21:48:03.539, 163.59, 100, 7393
2026/08/27 21:48:04.539, 163.62, 99, 7393
2026/08/27 21:48:05.540, 163.76, 100, 7393
2026/08/27 21:48:06.540, 163.65, 100, 7393
2026/08/27 21:48:07.540, 163.68, 99, 7393
2026/08/27 21:48:08.540, 163.59, 100, 7393
2026/08/27 21:48:09.540, 163.86, 100, 7393
2026/08/27 21:48:10.540, 163.57, 100, 7393
2026/08/27 21:48:11.541, 163.66, 100, 7393
2026/08/27 21:48:12.541, 163.43, 100, 7393
2026/08/27 21:48:13.541, 163.71, 99, 7393
2026/08/27 21:48:14.541, 163.80, 100, 7393
2026/08/27 21:48:15.550, 163.74, 100, 7393
2026/08/27 21:48:16.550, 163.45, 99, 7393
2026/08/27 21:48:17.550, 163.63, 100, 7393
2026/08/27 21:48:18.550, 163.71, 100, 7393
2026/08/27 21:48:19.550, 163.57, 100, 7393
2026/08/27 21:48:20.551, 163.66, 100, 7393
2026/08/27 21:48:21.551, 163.58, 100, 7393
2026/08/27 21:48:22.551, 163.60, 100, 7393
2026/08/27 21:48:23.551, 163.59, 100, 7393
2026/08/27 21:48:24.551, 163.90, 100, 7393
2026/08/27 21:48:25.560, 163.60, 99, 7393
2026/08/27 21:48:26.560, 163.74, 100, 7393
2026/08/27 21:48:27.560, 163.71, 99, 7393
2026/08/27 21:48:28.560, 163.79, 99, 7393
2026/08/27 21:48:29.561, 163.86, 100, 7393
2026/08/27 21:48:30.569, 163.69, 100, 7393
2026/08/27 21:48:31.569, 163.84, 100, 7393
2026/08/27 21:48:32.569, 163.89, 100, 7393
2026/08/27 21:48:33.570, 163.91, 99, 7393
2026/08/27 21:48:34.570, 163.74, 100, 7393
2026/08/27 21:48:35.570, 163.93, 100, 7393
2026/08/27 21:48:36.570, 163.82, 99, 7393
2026/08/27 21:48:37.570, 163.93, 100, 7393
2026/08/27 21:48:38.570, 163.85, 100, 7393
2026/08/27 21:48:39.571, 163.90, 99, 7393
2026/08/27 21:48:40.579, 163.80, 100, 7393
2026/08/27 21:48:41.579, 164.01, 100, 7393
2026/08/27 21:48:42.580, 163.71, 99, 7393
2026/08/27 21:48:43.580, 163.92, 100, 7393
2026/08/27 21:48:44.580, 163.90, 100, 7393
2026/08/27 21:48:45.580, 163.96, 99, 7393
2026/08/27 21:48:46.580, 164.04, 100, 7393
2026/08/27 21:48:47.580, 163.72, 100, 7393
2026/08/27 21:48:48.581, 164.09, 100, 7393
2026/08/27 21:48:49.581, 163.72, 100, 7393
2026/08/27 21:48:50.581, 163.79, 100, 7393
2026/08/27 21:48:51.581, 163.86, 99, 7393
2026/08/27 21:48:52.581, 164.17, 100, 7393
2026/08/27 21:48:53.581, 163.99, 100, 7393
2026/08/27 21:48:54.582, 163.96, 99, 7393
2026/08/27 21:48:55.582, 164.00, 100, 7393
2026/08/27 21:48:56.582, 163.81, 100, 7393
2026/08/27 21:48:57.582, 163.61, 99, 7393
2026/08/27 21:48:58.582, 163.94, 100, 7393
2026/08/27 21:48:59.582, 163.79, 100, 7393
2026/08/27 21:49:00.583, 163.57, 100, 7393
2026/08/27 21:49:01.583, 163.69, 100, 7393
2026/08/27 21:49:02.583, 163.66, 99, 7393
2026/08/27 21:49:03.583, 163.77, 100, 7393
2026/08/27 21:49:04.583, 163.79, 100, 7393
2026/08/27 21:49:05.583, 48.96, 61, 7393
2026/08/27 21:49:06.584, 154.23, 100, 7393
2026/08/27 21:49:07.584, 159.74, 100, 7393
2026/08/27 21:49:08.584, 159.13, 98, 7393
2026/08/27 21:49:09.584, 159.90, 100, 7393
2026/08/27 21:49:10.584, 159.08, 100, 7393
2026/08/27 21:49:11.585, 159.38, 98, 7393
2026/08/27 21:49:12.585, 160.09, 100, 7393
2026/08/27 21:49:13.585, 160.58, 100, 7393
2026/08/27 21:49:14.585, 158.95, 98, 7393
2026/08/27 21:49:15.585, 158.83, 100, 7393
2026/08/27 21:49:16.585, 160.27, 100, 7393
2026/08/27 21:49:17.586, 159.03, 98, 7393
2026/08/27 21:49:18.586, 159.71, 100, 7393
2026/08/27 21:49:19.586, 160.08, 100, 7393
2026/08/27 21:49:20.586, 159.38, 100, 7393
2026/08/27 21:49:21.586, 158.62, 100, 7393
2026/08/27 21:49:22.586, 161.23, 100, 7393
2026/08/27 21:49:23.587, 159.91, 100, 7393
2026/08/27 21:49:24.587, 159.96, 100, 7393
2026/08/27 21:49:25.587, 160.91, 100, 7393
2026/08/27 21:49:26.587, 159.73, 100, 7393
2026/08/27 21:49:27.587, 159.58, 100, 7393
2026/08/27 21:49:28.587, 160.77, 100, 7393
2026/08/27 21:49:29.588, 159.96, 100, 7393
2026/08/27 21:49:30.588, 159.83, 99, 7393
2026/08/27 21:49:31.588, 160.59, 100, 7393
2026/08/27 21:49:32.588, 159.66, 100, 7393
2026/08/27 21:49:33.588, 159.46, 98, 7393
2026/08/27 21:49:34.597, 160.32, 100, 7393
2026/08/27 21:49:35.597, 159.68, 100, 7393
2026/08/27 21:49:36.597, 159.56, 98, 7393
2026/08/27 21:49:37.598, 160.60, 100, 7393
2026/08/27 21:49:38.598, 159.94, 100, 7393
2026/08/27 21:49:39.606, 159.21, 98, 7393
2026/08/27 21:49:40.606, 160.09, 100, 7393
2026/08/27 21:49:41.607, 160.08, 100, 7393
2026/08/27 21:49:42.607, 159.28, 98, 7393
2026/08/27 21:49:43.607, 160.33, 100, 7393
2026/08/27 21:49:44.616, 160.60, 100, 7393
2026/08/27 21:49:45.616, 159.31, 98, 7393
2026/08/27 21:49:46.616, 160.15, 100, 7393
2026/08/27 21:49:47.616, 159.85, 100, 7393
2026/08/27 21:49:48.616, 159.40, 98, 7393
2026/08/27 21:49:49.625, 160.26, 100, 7393
2026/08/27 21:49:50.625, 160.84, 100, 7393
2026/08/27 21:49:51.625, 159.45, 98, 7393
2026/08/27 21:49:52.625, 161.17, 100, 7393
2026/08/27 21:49:53.625, 160.29, 100, 7393
2026/08/27 21:49:54.626, 159.12, 98, 7393
2026/08/27 21:49:55.626, 160.13, 100, 7393
2026/08/27 21:49:56.626, 160.76, 100, 7393
2026/08/27 21:49:57.626, 158.84, 98, 7393
2026/08/27 21:49:58.626, 159.81, 100, 7393
2026/08/27 21:49:59.626, 160.16, 100, 7393
2026/08/27 21:50:00.627, 159.07, 98, 7393
2026/08/27 21:50:01.627, 159.66, 100, 7393
2026/08/27 21:50:02.627, 160.71, 100, 7393
2026/08/27 21:50:03.627, 159.62, 98, 7393
2026/08/27 21:50:04.627, 159.95, 100, 7393
2026/08/27 21:50:05.627, 160.66, 100, 7393
2026/08/27 21:50:06.628, 159.46, 100, 7393
2026/08/27 21:50:07.628, 159.74, 100, 7393
2026/08/27 21:50:08.628, 160.67, 100, 7393
2026/08/27 21:50:09.628, 159.77, 100, 7393
2026/08/27 21:50:10.628, 159.85, 100, 7393
2026/08/27 21:50:11.628, 160.98, 100, 7393
2026/08/27 21:50:12.629, 159.56, 100, 7393
2026/08/27 21:50:13.629, 159.49, 100, 7393
2026/08/27 21:50:14.629, 160.81, 100, 7393
2026/08/27 21:50:15.629, 159.46, 100, 7393
2026/08/27 21:50:16.629, 158.22, 89, 7393
2026/08/27 21:50:17.629, 159.27, 100, 7393
2026/08/27 21:50:18.630, 159.76, 100, 7393
2026/08/27 21:50:19.630, 159.65, 98, 7393
2026/08/27 21:50:20.630, 160.28, 100, 7393
2026/08/27 21:50:21.630, 160.16, 100, 7393
2026/08/27 21:50:22.630, 158.04, 97, 7393
2026/08/27 21:50:23.630, 160.15, 100, 7393
2026/08/27 21:50:24.631, 159.83, 100, 7393
2026/08/27 21:50:25.631, 158.90, 98, 7393
2026/08/27 21:50:26.631, 159.74, 100, 7393
2026/08/27 21:50:27.631, 159.93, 100, 7393
2026/08/27 21:50:28.631, 158.97, 98, 7393
2026/08/27 21:50:29.632, 159.96, 100, 7393
2026/08/27 21:50:30.632, 160.30, 100, 7393
2026/08/27 21:50:31.632, 159.00, 98, 7393
2026/08/27 21:50:32.640, 159.87, 100, 7393
2026/08/27 21:50:33.641, 159.90, 100, 7393
2026/08/27 21:50:34.641, 158.76, 98, 7393
2026/08/27 21:50:35.641, 159.83, 100, 7393
2026/08/27 21:50:36.641, 160.06, 100, 7393
2026/08/27 21:50:37.641, 158.96, 98, 7393
2026/08/27 21:50:38.641, 160.52, 100, 7393
2026/08/27 21:50:39.642, 160.75, 100, 7393
2026/08/27 21:50:40.642, 159.56, 99, 7393
2026/08/27 21:50:41.642, 159.94, 100, 7393
2026/08/27 21:50:42.642, 159.80, 100, 7393
2026/08/27 21:50:43.642, 159.71, 100, 7393
2026/08/27 21:50:44.642, 159.83, 100, 7393
2026/08/27 21:50:45.643, 161.31, 100, 7393
2026/08/27 21:50:46.643, 160.08, 100, 7393
2026/08/27 21:50:47.643, 158.89, 98, 7393
2026/08/27 21:50:48.643, 160.45, 100, 7393
2026/08/27 21:50:49.643, 160.05, 100, 7393
2026/08/27 21:50:50.643, 159.79, 98, 7393
2026/08/27 21:50:51.643, 160.54, 100, 7393
2026/08/27 21:50:52.644, 160.19, 100, 7393
2026/08/27 21:50:53.644, 159.83, 98, 7393
2026/08/27 21:50:54.644, 160.68, 100, 7393
2026/08/27 21:50:55.644, 159.90, 100, 7393
2026/08/27 21:50:56.644, 159.86, 98, 7393
2026/08/27 21:50:57.645, 160.62, 100, 7393
2026/08/27 21:50:58.645, 159.59, 100, 7393
2026/08/27 21:50:59.645, 159.64, 98, 7393
2026/08/27 21:51:00.645, 160.76, 100, 7393
2026/08/27 21:51:01.645, 160.47, 100, 7393
2026/08/27 21:51:02.645, 159.38, 98, 7393
2026/08/27 21:51:03.646, 160.10, 100, 7393
2026/08/27 21:51:04.646, 159.72, 100, 7393
2026/08/27 21:51:05.646, 159.10, 98, 7393
2026/08/27 21:51:06.646, 160.07, 100, 7393
2026/08/27 21:51:07.646, 160.57, 100, 7393
2026/08/27 21:51:08.647, 158.81, 98, 7393
2026/08/27 21:51:09.647, 159.77, 100, 7393
2026/08/27 21:51:10.647, 160.74, 100, 7393
2026/08/27 21:51:11.647, 158.98, 98, 7393
2026/08/27 21:51:12.647, 160.19, 100, 7393
2026/08/27 21:51:13.647, 160.53, 100, 7393
2026/08/27 21:51:14.648, 159.33, 98, 7393
2026/08/27 21:51:15.648, 160.02, 100, 7393
2026/08/27 21:51:16.648, 160.28, 100, 7393
2026/08/27 21:51:17.648, 159.48, 100, 7393
2026/08/27 21:51:18.657, 159.72, 100, 7393
2026/08/27 21:51:19.657, 160.45, 100, 7393
2026/08/27 21:51:20.657, 159.94, 100, 7393
2026/08/27 21:51:21.657, 159.88, 100, 7393
2026/08/27 21:51:22.657, 161.10, 100, 7393
2026/08/27 21:51:23.658, 159.41, 100, 7393
2026/08/27 21:51:24.658, 159.86, 100, 7393
2026/08/27 21:51:25.658, 160.95, 100, 7393
2026/08/27 21:51:26.658, 159.39, 100, 7393
2026/08/27 21:51:27.658, 159.46, 100, 7393
2026/08/27 21:51:28.658, 160.69, 100, 7393
2026/08/27 21:51:29.659, 159.48, 100, 7393
2026/08/27 21:51:30.659, 159.71, 98, 7393
2026/08/27 21:51:31.659, 160.50, 100, 7393
2026/08/27 21:51:32.659, 160.00, 100, 7393
2026/08/27 21:51:33.659, 159.33, 98, 7393
2026/08/27 21:51:34.659, 160.40, 100, 7393
2026/08/27 21:51:35.660, 160.05, 100, 7393
2026/08/27 21:51:36.660, 159.08, 98, 7393
2026/08/27 21:51:37.660, 160.39, 100, 7393
2026/08/27 21:51:38.660, 160.00, 100, 7393
2026/08/27 21:51:39.660, 159.27, 98, 7393
2026/08/27 21:51:40.661, 158.62, 100, 7393
2026/08/27 21:51:41.661, 163.37, 99, 7393
2026/08/27 21:51:42.661, 163.29, 100, 7393
2026/08/27 21:51:43.669, 163.37, 100, 7393
2026/08/27 21:51:44.670, 163.41, 99, 7393
2026/08/27 21:51:45.670, 163.43, 100, 7393
2026/08/27 21:51:46.670, 163.46, 100, 7393
2026/08/27 21:51:47.670, 163.49, 99, 7393
2026/08/27 21:51:48.670, 163.39, 100, 7393
2026/08/27 21:51:49.670, 163.49, 100, 7393
2026/08/27 21:51:50.671, 163.58, 99, 7393
2026/08/27 21:51:51.671, 163.59, 100, 7393
2026/08/27 21:51:52.671, 163.54, 100, 7393
2026/08/27 21:51:53.671, 163.31, 99, 7393
2026/08/27 21:51:54.671, 163.22, 100, 7393
2026/08/27 21:51:55.671, 163.60, 100, 7393
2026/08/27 21:51:56.672, 163.44, 99, 7393
2026/08/27 21:51:57.672, 163.51, 100, 7393
2026/08/27 21:51:58.672, 163.22, 100, 7393
2026/08/27 21:51:59.672, 163.49, 100, 7393
2026/08/27 21:52:00.672, 163.46, 100, 7393
2026/08/27 21:52:01.672, 163.38, 100, 7393
2026/08/27 21:52:02.673, 163.50, 99, 7393
2026/08/27 21:52:03.673, 163.63, 100, 7393
2026/08/27 21:52:04.673, 163.52, 100, 7393
2026/08/27 21:52:05.673, 163.50, 100, 7393
2026/08/27 21:52:06.673, 163.65, 100, 7393
2026/08/27 21:52:07.673, 163.42, 100, 7393
2026/08/27 21:52:08.674, 163.62, 100, 7393
2026/08/27 21:52:09.674, 163.51, 100, 7393
2026/08/27 21:52:10.674, 163.60, 100, 7393
2026/08/27 21:52:11.674, 163.31, 99, 7393
2026/08/27 21:52:12.674, 163.62, 100, 7393
2026/08/27 21:52:13.674, 163.63, 100, 7393
2026/08/27 21:52:14.675, 163.55, 99, 7393
2026/08/27 21:52:15.675, 163.46, 100, 7393
2026/08/27 21:52:16.675, 163.51, 100, 7393
2026/08/27 21:52:17.675, 163.42, 100, 7393
2026/08/27 21:52:18.675, 163.72, 100, 7393
2026/08/27 21:52:19.676, 163.36, 99, 7393
2026/08/27 21:52:20.676, 163.40, 100, 7393
2026/08/27 21:52:21.676, 163.51, 100, 7393
2026/08/27 21:52:22.676, 163.59, 99, 7393
2026/08/27 21:52:23.676, 163.54, 100, 7393
2026/08/27 21:52:24.676, 163.57, 100, 7393
2026/08/27 21:52:25.677, 163.60, 99, 7393
2026/08/27 21:52:26.677, 163.64, 100, 7393
2026/08/27 21:52:27.677, 163.48, 100, 7393
2026/08/27 21:52:28.677, 163.51, 99, 7393
2026/08/27 21:52:29.677, 163.52, 100, 7393
2026/08/27 21:52:30.677, 163.61, 100, 7393
2026/08/27 21:52:31.678, 163.45, 99, 7393
2026/08/27 21:52:32.678, 163.57, 100, 7393
2026/08/27 21:52:33.678, 163.40, 100, 7393
2026/08/27 21:52:34.678, 163.50, 99, 7393
2026/08/27 21:52:35.678, 163.56, 100, 7393
2026/08/27 21:52:36.678, 163.57, 100, 7393
2026/08/27 21:52:37.679, 163.48, 99, 7393
2026/08/27 21:52:38.679, 163.56, 100, 7393
2026/08/27 21:52:39.679, 163.64, 100, 7393
2026/08/27 21:52:40.687, 163.60, 99, 7393
2026/08/27 21:52:41.688, 163.62, 100, 7393
2026/08/27 21:52:42.688, 163.41, 100, 7393
2026/08/27 21:52:43.688, 163.67, 100, 7393
2026/08/27 21:52:44.688, 163.60, 100, 7393
2026/08/27 21:52:45.697, 163.77, 100, 7393
2026/08/27 21:52:46.697, 163.62, 100, 7393
2026/08/27 21:52:47.697, 163.82, 100, 7393
2026/08/27 21:52:48.697, 163.79, 100, 7393
2026/08/27 21:52:49.698, 163.63, 100, 7393
2026/08/27 21:52:50.698, 163.48, 100, 7393
2026/08/27 21:52:51.698, 163.74, 100, 7393
2026/08/27 21:52:52.698, 163.75, 99, 7393
2026/08/27 21:52:53.698, 163.59, 100, 7393
2026/08/27 21:52:54.698, 163.55, 100, 7393
2026/08/27 21:52:55.699, 163.43, 100, 7393
2026/08/27 21:52:56.699, 163.62, 100, 7393
2026/08/27 21:52:57.699, 163.77, 99, 7393
2026/08/27 21:52:58.699, 163.94, 100, 7393
2026/08/27 21:52:59.699, 163.77, 100, 7393
2026/08/27 21:53:00.700, 163.56, 99, 7393
2026/08/27 21:53:01.700, 163.72, 100, 7393
2026/08/27 21:53:02.700, 163.68, 100, 7393
2026/08/27 21:53:03.700, 163.38, 98, 7393
2026/08/27 21:53:04.700, 163.78, 100, 7393
2026/08/27 21:53:05.709, 163.87, 100, 7393
2026/08/27 21:53:06.709, 163.56, 100, 7393
2026/08/27 21:53:07.709, 163.71, 100, 7393
2026/08/27 21:53:08.709, 163.52, 100, 7393
2026/08/27 21:53:09.710, 163.73, 100, 7393
2026/08/27 21:53:10.710, 163.89, 100, 7393
2026/08/27 21:53:11.710, 163.79, 100, 7393
2026/08/27 21:53:12.710, 163.67, 100, 7393
2026/08/27 21:53:13.710, 163.77, 100, 7393
2026/08/27 21:53:14.710, 163.98, 100, 7393
2026/08/27 21:53:15.711, 163.87, 99, 7393
2026/08/27 21:53:16.711, 163.92, 100, 7393
2026/08/27 21:53:17.711, 49.68, 94, 7393
2026/08/27 21:53:18.711, 159.46, 100, 7393
2026/08/27 21:53:19.711, 159.79, 100, 7393
2026/08/27 21:53:20.711, 159.52, 98, 7393
2026/08/27 21:53:21.712, 160.25, 100, 7393
2026/08/27 21:53:22.712, 159.51, 100, 7393
2026/08/27 21:53:23.712, 159.46, 98, 7393
2026/08/27 21:53:24.712, 160.56, 100, 7393
2026/08/27 21:53:25.712, 160.01, 100, 7393
2026/08/27 21:53:26.713, 159.54, 98, 7393
2026/08/27 21:53:27.713, 160.11, 100, 7393
2026/08/27 21:53:28.713, 159.61, 100, 7393
2026/08/27 21:53:29.713, 159.13, 98, 7393
2026/08/27 21:53:30.722, 160.62, 100, 7393
2026/08/27 21:53:31.722, 160.11, 100, 7393
2026/08/27 21:53:32.722, 159.11, 98, 7393
2026/08/27 21:53:33.722, 160.71, 100, 7393
2026/08/27 21:53:34.722, 159.71, 100, 7393
2026/08/27 21:53:35.722, 159.33, 98, 7393
2026/08/27 21:53:36.723, 160.09, 100, 7393
2026/08/27 21:53:37.723, 159.83, 100, 7393
2026/08/27 21:53:38.723, 159.15, 98, 7393
2026/08/27 21:53:39.723, 159.90, 100, 7393
2026/08/27 21:53:40.732, 159.96, 100, 7393
2026/08/27 21:53:41.732, 159.02, 98, 7393
2026/08/27 21:53:42.732, 159.90, 100, 7393
2026/08/27 21:53:43.732, 160.10, 100, 7393
2026/08/27 21:53:44.732, 158.98, 98, 7393
2026/08/27 21:53:45.733, 159.92, 100, 7393
2026/08/27 21:53:46.733, 160.21, 100, 7393
2026/08/27 21:53:47.733, 158.89, 98, 7393
2026/08/27 21:53:48.733, 159.99, 100, 7393
2026/08/27 21:53:49.733, 160.26, 100, 7393
2026/08/27 21:53:50.733, 159.29, 98, 7393
2026/08/27 21:53:51.734, 160.43, 100, 7393
2026/08/27 21:53:52.734, 160.55, 100, 7393
2026/08/27 21:53:53.734, 159.40, 99, 7393
2026/08/27 21:53:54.734, 159.71, 100, 7393
2026/08/27 21:53:55.734, 159.75, 100, 7393
2026/08/27 21:53:56.734, 159.45, 100, 7393
2026/08/27 21:53:57.735, 159.52, 100, 7393
2026/08/27 21:53:58.735, 160.82, 100, 7393
2026/08/27 21:53:59.735, 159.47, 100, 7393
2026/08/27 21:54:00.735, 159.71, 100, 7393
2026/08/27 21:54:01.735, 160.99, 100, 7393
2026/08/27 21:54:02.735, 159.60, 100, 7393
2026/08/27 21:54:03.736, 159.61, 99, 7393
2026/08/27 21:54:04.736, 160.41, 100, 7393
2026/08/27 21:54:05.736, 159.56, 100, 7393
2026/08/27 21:54:06.736, 158.13, 98, 7393
2026/08/27 21:54:07.736, 160.10, 100, 7393
2026/08/27 21:54:08.736, 159.62, 100, 7393
2026/08/27 21:54:09.737, 159.06, 98, 7393
2026/08/27 21:54:10.737, 160.51, 100, 7393
2026/08/27 21:54:11.737, 159.43, 100, 7393
2026/08/27 21:54:12.737, 159.24, 98, 7393
2026/08/27 21:54:13.737, 160.57, 100, 7393
2026/08/27 21:54:14.737, 160.43, 100, 7393
2026/08/27 21:54:15.738, 159.08, 98, 7393
2026/08/27 21:54:16.738, 159.90, 100, 7393
2026/08/27 21:54:17.738, 160.19, 100, 7393
2026/08/27 21:54:18.738, 159.00, 98, 7393
2026/08/27 21:54:19.738, 159.52, 100, 7393
2026/08/27 21:54:20.738, 159.75, 100, 7393
2026/08/27 21:54:21.739, 158.79, 98, 7393
2026/08/27 21:54:22.739, 159.85, 100, 7393
2026/08/27 21:54:23.739, 159.82, 100, 7393
2026/08/27 21:54:24.739, 159.18, 98, 7393
2026/08/27 21:54:25.739, 160.01, 100, 7393
2026/08/27 21:54:26.740, 160.42, 100, 7393
2026/08/27 21:54:27.740, 159.07, 98, 7393
2026/08/27 21:54:28.740, 160.20, 100, 7393
2026/08/27 21:54:29.740, 160.28, 100, 7393
2026/08/27 21:54:30.740, 158.79, 98, 7393
2026/08/27 21:54:31.740, 159.47, 100, 7393
2026/08/27 21:54:32.741, 160.42, 100, 7393
2026/08/27 21:54:33.741, 159.39, 100, 7393
2026/08/27 21:54:34.741, 159.57, 100, 7393
2026/08/27 21:54:35.741, 160.54, 100, 7393
2026/08/27 21:54:36.741, 159.29, 100, 7393
2026/08/27 21:54:37.741, 160.07, 100, 7393
2026/08/27 21:54:38.742, 161.07, 100, 7393
2026/08/27 21:54:39.742, 159.42, 100, 7393
2026/08/27 21:54:40.742, 158.59, 100, 7393
2026/08/27 21:54:41.742, 161.51, 100, 7393
2026/08/27 21:54:42.742, 159.83, 100, 7393
2026/08/27 21:54:43.743, 160.24, 100, 7393
2026/08/27 21:54:44.743, 160.77, 100, 7393
2026/08/27 21:54:45.743, 159.77, 100, 7393
2026/08/27 21:54:46.743, 158.46, 99, 7393
2026/08/27 21:54:47.743, 160.27, 100, 7393
2026/08/27 21:54:48.744, 159.44, 100, 7393
2026/08/27 21:54:49.744, 159.31, 98, 7393
2026/08/27 21:54:50.744, 160.30, 100, 7393
2026/08/27 21:54:51.744, 158.63, 100, 7393
2026/08/27 21:54:52.744, 158.89, 98, 7393
2026/08/27 21:54:53.744, 160.69, 100, 7393
2026/08/27 21:54:54.745, 159.99, 100, 7393
2026/08/27 21:54:55.745, 159.06, 98, 7393
2026/08/27 21:54:56.745, 160.51, 100, 7393
2026/08/27 21:54:57.745, 159.65, 100, 7393
2026/08/27 21:54:58.745, 158.99, 98, 7393
2026/08/27 21:54:59.746, 160.54, 100, 7393
2026/08/27 21:55:00.746, 159.72, 100, 7393
2026/08/27 21:55:01.746, 159.12, 98, 7393
2026/08/27 21:55:02.746, 159.77, 100, 7393
2026/08/27 21:55:03.746, 160.20, 100, 7393
2026/08/27 21:55:04.746, 159.23, 98, 7393
2026/08/27 21:55:05.747, 160.51, 100, 7393
2026/08/27 21:55:06.747, 160.38, 100, 7393
2026/08/27 21:55:07.747, 157.78, 98, 7393
2026/08/27 21:55:08.747, 159.88, 100, 7393
2026/08/27 21:55:09.747, 160.30, 100, 7393
2026/08/27 21:55:10.748, 158.60, 98, 7393
2026/08/27 21:55:11.748, 159.69, 100, 7393
2026/08/27 21:55:12.748, 160.80, 100, 7393
2026/08/27 21:55:13.748, 159.44, 99, 7393
2026/08/27 21:55:14.748, 160.07, 100, 7393
2026/08/27 21:55:15.748, 160.20, 100, 7393
2026/08/27 21:55:16.749, 159.54, 100, 7393
2026/08/27 21:55:17.757, 159.88, 100, 7393
2026/08/27 21:55:18.757, 160.43, 100, 7393
2026/08/27 21:55:19.758, 159.56, 100, 7393
2026/08/27 21:55:20.758, 159.90, 100, 7393
2026/08/27 21:55:21.758, 160.90, 100, 7393
2026/08/27 21:55:22.758, 160.04, 100, 7393
2026/08/27 21:55:23.758, 159.75, 100, 7393
2026/08/27 21:55:24.758, 160.48, 100, 7393
2026/08/27 21:55:25.759, 159.87, 100, 7393
2026/08/27 21:55:26.759, 159.43, 100, 7393
2026/08/27 21:55:27.759, 159.07, 100, 7393
2026/08/27 21:55:28.759, 159.95, 100, 7393
2026/08/27 21:55:29.759, 159.28, 98, 7393
2026/08/27 21:55:30.759, 160.20, 100, 7393
2026/08/27 21:55:31.760, 159.81, 100, 7393
2026/08/27 21:55:32.760, 157.50, 89, 7393
2026/08/27 21:55:33.760, 160.33, 100, 7393
2026/08/27 21:55:34.760, 159.34, 100, 7393
2026/08/27 21:55:35.760, 158.87, 98, 7393
2026/08/27 21:55:36.760, 160.37, 100, 7393
2026/08/27 21:55:37.761, 159.60, 100, 7393
2026/08/27 21:55:38.761, 159.20, 98, 7393
2026/08/27 21:55:39.761, 160.29, 100, 7393
2026/08/27 21:55:40.761, 159.90, 100, 7393
2026/08/27 21:55:41.761, 159.09, 98, 7393
2026/08/27 21:55:42.761, 160.01, 100, 7393
2026/08/27 21:55:43.762, 159.42, 100, 7393
2026/08/27 21:55:44.762, 158.62, 98, 7393
2026/08/27 21:55:45.762, 160.43, 100, 7393
2026/08/27 21:55:46.762, 160.35, 100, 7393
2026/08/27 21:55:47.762, 158.62, 98, 7393
2026/08/27 21:55:48.762, 160.51, 100, 7393
2026/08/27 21:55:49.765, 160.49, 100, 7393
2026/08/27 21:55:50.765, 159.06, 98, 7393
2026/08/27 21:55:51.765, 160.24, 100, 7393
2026/08/27 21:55:52.766, 160.65, 100, 7393
2026/08/27 21:55:53.766, 158.06, 100, 7393
2026/08/27 21:55:54.766, 163.73, 100, 7393
2026/08/27 21:55:55.766, 163.13, 100, 7393
2026/08/27 21:55:56.766, 163.30, 100, 7393
2026/08/27 21:55:57.766, 163.04, 99, 7393
2026/08/27 21:55:58.767, 163.24, 100, 7393
2026/08/27 21:55:59.775, 163.37, 100, 7393
2026/08/27 21:56:00.775, 163.44, 99, 7393
2026/08/27 21:56:01.776, 163.38, 100, 7393
2026/08/27 21:56:02.776, 163.35, 100, 7393
2026/08/27 21:56:03.776, 163.35, 99, 7393
2026/08/27 21:56:04.784, 163.44, 100, 7393
2026/08/27 21:56:05.785, 163.43, 100, 7393
2026/08/27 21:56:06.785, 163.06, 100, 7393
2026/08/27 21:56:07.785, 163.59, 100, 7393
2026/08/27 21:56:08.785, 163.19, 99, 7393
2026/08/27 21:56:09.785, 163.33, 99, 7393
2026/08/27 21:56:10.785, 163.26, 100, 7393
2026/08/27 21:56:11.785, 163.15, 100, 7393
2026/08/27 21:56:12.786, 163.26, 100, 7393
2026/08/27 21:56:13.786, 163.40, 100, 7393
2026/08/27 21:56:14.794, 163.54, 99, 7393
2026/08/27 21:56:15.795, 163.45, 100, 7393
2026/08/27 21:56:16.795, 163.56, 100, 7393
2026/08/27 21:56:17.795, 163.34, 100, 7393
2026/08/27 21:56:18.795, 163.52, 100, 7393
2026/08/27 21:56:19.804, 163.29, 100, 7393
2026/08/27 21:56:20.804, 163.53, 99, 7393
2026/08/27 21:56:21.804, 163.50, 100, 7393
2026/08/27 21:56:22.804, 163.53, 100, 7393
2026/08/27 21:56:23.804, 163.31, 99, 7393
2026/08/27 21:56:24.805, 163.26, 100, 7393
2026/08/27 21:56:25.805, 163.60, 100, 7393
2026/08/27 21:56:26.805, 163.52, 99, 7393
2026/08/27 21:56:27.805, 163.72, 100, 7393
2026/08/27 21:56:28.805, 163.46, 100, 7393
2026/08/27 21:56:29.814, 163.59, 99, 7393
2026/08/27 21:56:30.814, 163.51, 100, 7393
2026/08/27 21:56:31.814, 163.55, 100, 7393
2026/08/27 21:56:32.815, 163.56, 99, 7393
2026/08/27 21:56:33.815, 163.45, 100, 7393
2026/08/27 21:56:34.823, 163.41, 100, 7393
2026/08/27 21:56:35.824, 163.47, 100, 7393
2026/08/27 21:56:36.824, 163.40, 100, 7393
2026/08/27 21:56:37.824, 163.27, 100, 7393
2026/08/27 21:56:38.824, 163.45, 99, 7393
2026/08/27 21:56:39.833, 163.36, 100, 7393
2026/08/27 21:56:40.833, 163.58, 100, 7393
2026/08/27 21:56:41.833, 163.27, 99, 7393
2026/08/27 21:56:42.833, 163.46, 100, 7393
2026/08/27 21:56:43.833, 163.30, 100, 7393
2026/08/27 21:56:44.833, 163.51, 99, 7393
2026/08/27 21:56:45.834, 163.27, 100, 7393
2026/08/27 21:56:46.834, 163.44, 100, 7393
2026/08/27 21:56:47.834, 163.28, 99, 7393
2026/08/27 21:56:48.834, 163.62, 100, 7393
2026/08/27 21:56:49.843, 163.75, 100, 7393
2026/08/27 21:56:50.843, 163.56, 100, 7393
2026/08/27 21:56:51.843, 163.61, 100, 7393
2026/08/27 21:56:52.843, 163.64, 100, 7393
2026/08/27 21:56:53.843, 163.63, 100, 7393
2026/08/27 21:56:54.844, 163.60, 100, 7393
2026/08/27 21:56:55.844, 163.60, 100, 7393
2026/08/27 21:56:56.844, 163.61, 100, 7393
2026/08/27 21:56:57.844, 163.62, 100, 7393
2026/08/27 21:56:58.844, 163.61, 99, 7393
2026/08/27 21:56:59.845, 163.58, 100, 7393
2026/08/27 21:57:00.845, 163.63, 100, 7393
2026/08/27 21:57:01.845, 163.41, 100, 7393
2026/08/27 21:57:02.845, 163.68, 100, 7393
2026/08/27 21:57:03.845, 163.51, 100, 7393
2026/08/27 21:57:04.845, 163.81, 99, 7393
2026/08/27 21:57:05.846, 163.61, 100, 7393
2026/08/27 21:57:06.846, 163.66, 100, 7393
2026/08/27 21:57:07.846, 163.32, 99, 7393
2026/08/27 21:57:08.846, 163.70, 100, 7393
2026/08/27 21:57:09.846, 163.33, 100, 7393
2026/08/27 21:57:10.846, 163.54, 99, 7393
2026/08/27 21:57:11.847, 163.43, 100, 7393
2026/08/27 21:57:12.847, 163.33, 100, 7393
2026/08/27 21:57:13.847, 163.42, 100, 7393
2026/08/27 21:57:14.847, 163.64, 100, 7393
2026/08/27 21:57:15.847, 163.75, 100, 7393
2026/08/27 21:57:16.847, 163.56, 99, 7393
2026/08/27 21:57:17.848, 163.64, 100, 7393
2026/08/27 21:57:18.848, 163.74, 100, 7393
2026/08/27 21:57:19.848, 163.85, 100, 7393
2026/08/27 21:57:20.848, 163.60, 99, 7393
2026/08/27 21:57:21.848, 163.73, 100, 7393
2026/08/27 21:57:22.848, 163.61, 100, 7393
2026/08/27 21:57:23.849, 163.72, 99, 7393
2026/08/27 21:57:24.849, 163.68, 100, 7393
2026/08/27 21:57:25.849, 163.64, 100, 7393
2026/08/27 21:57:26.849, 163.74, 100, 7393
2026/08/27 21:57:27.849, 163.66, 100, 7393
2026/08/27 21:57:28.849, 163.89, 100, 7393
2026/08/27 21:57:29.850, 127.17, 29, 7393
2026/08/27 21:57:30.850, 85.31, 100, 7393
2026/08/27 21:57:31.850, 159.31, 100, 7393
2026/08/27 21:57:32.850, 160.06, 100, 7393
2026/08/27 21:57:33.850, 159.05, 98, 7393
2026/08/27 21:57:34.850, 160.12, 100, 7393
2026/08/27 21:57:35.851, 160.67, 100, 7393
2026/08/27 21:57:36.851, 159.38, 100, 7393
2026/08/27 21:57:37.851, 159.72, 100, 7393
2026/08/27 21:57:38.851, 160.42, 100, 7393
2026/08/27 21:57:39.851, 159.80, 100, 7393
2026/08/27 21:57:40.851, 159.85, 100, 7393
2026/08/27 21:57:41.851, 160.86, 100, 7393
2026/08/27 21:57:42.852, 159.72, 100, 7393
2026/08/27 21:57:43.852, 159.30, 100, 7393
2026/08/27 21:57:44.852, 160.27, 100, 7393
2026/08/27 21:57:45.852, 159.44, 100, 7393
2026/08/27 21:57:46.852, 159.16, 100, 7393
2026/08/27 21:57:47.852, 160.22, 100, 7393
2026/08/27 21:57:48.853, 159.78, 100, 7393
2026/08/27 21:57:49.853, 159.44, 98, 7393
2026/08/27 21:57:50.853, 160.31, 100, 7393
2026/08/27 21:57:51.853, 159.52, 100, 7393
2026/08/27 21:57:52.862, 159.13, 97, 7393
2026/08/27 21:57:53.862, 159.93, 100, 7393
2026/08/27 21:57:54.862, 160.03, 100, 7393
2026/08/27 21:57:55.862, 159.02, 98, 7393
2026/08/27 21:57:56.862, 160.48, 100, 7393
2026/08/27 21:57:57.863, 159.40, 100, 7393
2026/08/27 21:57:58.863, 158.98, 98, 7393
2026/08/27 21:57:59.863, 160.54, 100, 7393
2026/08/27 21:58:00.863, 159.77, 100, 7393
2026/08/27 21:58:01.863, 159.15, 98, 7393
2026/08/27 21:58:02.872, 160.08, 100, 7393
2026/08/27 21:58:03.872, 159.95, 100, 7393
2026/08/27 21:58:04.872, 158.96, 98, 7393
2026/08/27 21:58:05.873, 159.90, 100, 7393
2026/08/27 21:58:06.873, 160.14, 100, 7393
2026/08/27 21:58:07.873, 159.07, 98, 7393
2026/08/27 21:58:08.873, 159.76, 100, 7393
2026/08/27 21:58:09.873, 160.13, 100, 7393
2026/08/27 21:58:10.874, 158.85, 98, 7393
2026/08/27 21:58:11.874, 160.45, 100, 7393
2026/08/27 21:58:12.882, 159.85, 100, 7393
2026/08/27 21:58:13.883, 158.76, 98, 7393
2026/08/27 21:58:14.883, 159.46, 100, 7393
2026/08/27 21:58:15.883, 160.50, 100, 7393
2026/08/27 21:58:16.883, 159.47, 99, 7393
2026/08/27 21:58:17.892, 159.87, 100, 7393
2026/08/27 21:58:18.892, 160.52, 100, 7393
2026/08/27 21:58:19.892, 159.37, 100, 7393
2026/08/27 21:58:20.892, 159.59, 100, 7393
2026/08/27 21:58:21.892, 160.48, 100, 7393
2026/08/27 21:58:22.892, 159.49, 100, 7393
2026/08/27 21:58:23.893, 159.30, 100, 7393
2026/08/27 21:58:24.893, 160.52, 100, 7393
2026/08/27 21:58:25.893, 159.62, 100, 7393
2026/08/27 21:58:26.893, 159.64, 100, 7393
2026/08/27 21:58:27.893, 160.85, 100, 7393
2026/08/27 21:58:28.894, 159.81, 100, 7393
2026/08/27 21:58:29.894, 159.38, 99, 7393
2026/08/27 21:58:30.894, 160.35, 100, 7393
2026/08/27 21:58:31.894, 159.42, 100, 7393
2026/08/27 21:58:32.903, 159.55, 98, 7393
2026/08/27 21:58:33.903, 160.17, 100, 7393
2026/08/27 21:58:34.903, 159.46, 100, 7393
2026/08/27 21:58:35.903, 159.37, 98, 7393
2026/08/27 21:58:36.903, 159.94, 100, 7393
2026/08/27 21:58:37.904, 159.45, 100, 7393
2026/08/27 21:58:38.904, 159.04, 98, 7393
2026/08/27 21:58:39.904, 160.01, 100, 7393
2026/08/27 21:58:40.904, 159.91, 100, 7393
2026/08/27 21:58:41.904, 159.09, 98, 7393
2026/08/27 21:58:42.904, 158.83, 100, 7393
2026/08/27 21:58:43.905, 159.74, 100, 7393
2026/08/27 21:58:44.905, 159.07, 98, 7393
2026/08/27 21:58:45.905, 159.85, 100, 7393
2026/08/27 21:58:46.905, 160.38, 100, 7393
2026/08/27 21:58:47.905, 157.84, 89, 7393
2026/08/27 21:58:48.906, 158.74, 100, 7393
2026/08/27 21:58:49.906, 160.56, 100, 7393
2026/08/27 21:58:50.906, 159.10, 98, 7393
2026/08/27 21:58:51.906, 159.72, 100, 7393
2026/08/27 21:58:52.906, 160.27, 100, 7393
2026/08/27 21:58:53.906, 158.29, 99, 7393
2026/08/27 21:58:54.907, 159.86, 100, 7393
2026/08/27 21:58:55.907, 160.66, 100, 7393
2026/08/27 21:58:56.907, 159.17, 100, 7393
2026/08/27 21:58:57.907, 159.57, 100, 7393
2026/08/27 21:58:58.907, 159.59, 100, 7393
2026/08/27 21:58:59.907, 159.16, 100, 7393
2026/08/27 21:59:00.908, 159.26, 100, 7393
2026/08/27 21:59:01.908, 160.17, 100, 7393
2026/08/27 21:59:02.908, 159.27, 100, 7393
2026/08/27 21:59:03.917, 159.20, 99, 7393
2026/08/27 21:59:04.917, 160.29, 100, 7393
2026/08/27 21:59:05.917, 159.45, 100, 7393
2026/08/27 21:59:06.917, 159.32, 98, 7393
2026/08/27 21:59:07.917, 160.32, 100, 7393
2026/08/27 21:59:08.926, 159.57, 100, 7393
2026/08/27 21:59:09.926, 159.48, 98, 7393
2026/08/27 21:59:10.926, 159.97, 100, 7393
2026/08/27 21:59:11.926, 159.65, 100, 7393
2026/08/27 21:59:12.926, 159.00, 98, 7393
2026/08/27 21:59:13.927, 159.94, 100, 7393
2026/08/27 21:59:14.927, 159.59, 100, 7393
2026/08/27 21:59:15.927, 159.00, 98, 7393
2026/08/27 21:59:16.927, 159.76, 100, 7393
2026/08/27 21:59:17.927, 159.58, 100, 7393
2026/08/27 21:59:18.936, 158.87, 98, 7393
2026/08/27 21:59:19.936, 159.84, 100, 7393
2026/08/27 21:59:20.936, 159.63, 100, 7393
2026/08/27 21:59:21.936, 158.82, 98, 7393
2026/08/27 21:59:22.937, 159.77, 100, 7393
2026/08/27 21:59:23.945, 160.02, 100, 7393
2026/08/27 21:59:24.945, 158.97, 98, 7393
2026/08/27 21:59:25.946, 159.79, 100, 7393
2026/08/27 21:59:26.946, 159.76, 100, 7393
2026/08/27 21:59:27.946, 159.02, 98, 7393
2026/08/27 21:59:28.946, 159.86, 100, 7393
2026/08/27 21:59:29.946, 159.99, 100, 7393
2026/08/27 21:59:30.946, 158.60, 98, 7393
2026/08/27 21:59:31.947, 159.55, 100, 7393
2026/08/27 21:59:32.947, 159.91, 100, 7393
2026/08/27 21:59:33.947, 159.17, 98, 7393
2026/08/27 21:59:34.947, 160.23, 100, 7393
2026/08/27 21:59:35.956, 160.28, 100, 7393
2026/08/27 21:59:36.956, 159.47, 100, 7393
2026/08/27 21:59:37.956, 159.80, 100, 7393
2026/08/27 21:59:38.956, 160.66, 100, 7393
2026/08/27 21:59:39.956, 159.16, 100, 7393
2026/08/27 21:59:40.965, 159.39, 100, 7393
2026/08/27 21:59:41.965, 160.46, 100, 7393
2026/08/27 21:59:42.965, 159.49, 100, 7393
2026/08/27 21:59:43.966, 159.67, 100, 7393
2026/08/27 21:59:44.966, 160.47, 100, 7393
2026/08/27 21:59:45.966, 159.42, 100, 7393
2026/08/27 21:59:46.966, 159.69, 100, 7393
2026/08/27 21:59:47.966, 160.50, 100, 7393
2026/08/27 21:59:48.966, 159.74, 100, 7393
2026/08/27 21:59:49.967, 159.51, 99, 7393
2026/08/27 21:59:50.967, 160.08, 100, 7393
2026/08/27 21:59:51.967, 159.38, 100, 7393
2026/08/27 21:59:52.967, 159.13, 98, 7393
2026/08/27 21:59:53.967, 159.95, 100, 7393
2026/08/27 21:59:54.968, 159.42, 100, 7393
2026/08/27 21:59:55.968, 159.09, 98, 7393
2026/08/27 21:59:56.968, 160.45, 100, 7393
2026/08/27 21:59:57.968, 159.98, 100, 7393
2026/08/27 21:59:58.968, 159.25, 98, 7393
2026/08/27 21:59:59.968, 159.80, 100, 7393
2026/08/27 22:00:00.969, 159.66, 100, 7393
2026/08/27 22:00:01.969, 159.08, 98, 7393
2026/08/27 22:00:02.969, 160.03, 100, 7393
2026/08/27 22:00:03.969, 160.10, 100, 7393
2026/08/27 22:00:04.969, 159.21, 98, 7393
2026/08/27 22:00:05.978, 159.15, 100, 7393
2026/08/27 22:00:06.978, 163.18, 99, 7393
2026/08/27 22:00:07.978, 163.30, 100, 7393
2026/08/27 22:00:08.979, 163.56, 100, 7393
2026/08/27 22:00:09.979, 164.45, 99, 7393
2026/08/27 22:00:10.979, 164.45, 99, 7393
2026/08/27 22:00:11.979, 163.78, 100, 7393
2026/08/27 22:00:12.979, 163.11, 99, 7393
2026/08/27 22:00:13.979, 163.25, 100, 7393
2026/08/27 22:00:14.980, 163.08, 100, 7393
2026/08/27 22:00:15.980, 163.39, 99, 7393
2026/08/27 22:00:16.980, 163.26, 100, 7393
2026/08/27 22:00:17.980, 163.37, 100, 7393
2026/08/27 22:00:18.980, 163.42, 99, 7393
2026/08/27 22:00:19.980, 163.42, 100, 7393
2026/08/27 22:00:20.981, 163.44, 100, 7393
2026/08/27 22:00:21.981, 163.36, 99, 7393
2026/08/27 22:00:22.981, 163.37, 100, 7393
2026/08/27 22:00:23.981, 163.40, 100, 7393
2026/08/27 22:00:24.981, 163.46, 99, 7393
2026/08/27 22:00:25.981, 163.48, 100, 7393
2026/08/27 22:00:26.981, 163.55, 100, 7393
2026/08/27 22:00:27.982, 163.66, 100, 7393
2026/08/27 22:00:28.982, 163.77, 100, 7393
2026/08/27 22:00:29.982, 163.39, 100, 7393
2026/08/27 22:00:30.982, 163.55, 99, 7393
2026/08/27 22:00:31.982, 163.74, 100, 7393
2026/08/27 22:00:32.982, 163.61, 100, 7393
2026/08/27 22:00:33.983, 163.73, 100, 7393
2026/08/27 22:00:34.983, 163.64, 100, 7393
2026/08/27 22:00:35.983, 163.64, 100, 7393
2026/08/27 22:00:36.983, 163.55, 100, 7393
2026/08/27 22:00:37.983, 163.62, 100, 7393
2026/08/27 22:00:38.992, 163.51, 100, 7393
2026/08/27 22:00:39.992, 163.65, 99, 7393
2026/08/27 22:00:40.992, 163.57, 100, 7393
2026/08/27 22:00:41.992, 163.57, 100, 7393
2026/08/27 22:00:42.992, 163.54, 99, 7393
2026/08/27 22:00:43.993, 163.73, 100, 7393
2026/08/27 22:00:44.993, 163.62, 100, 7393
2026/08/27 22:00:45.993, 163.23, 100, 7393
2026/08/27 22:00:46.993, 163.52, 100, 7393
2026/08/27 22:00:47.993, 163.76, 100, 7393
2026/08/27 22:00:48.994, 163.71, 99, 7393
2026/08/27 22:00:49.994, 163.53, 100, 7393
2026/08/27 22:00:50.994, 163.91, 100, 7393
2026/08/27 22:00:51.994, 163.73, 99, 7393
2026/08/27 22:00:52.994, 163.66, 100, 7393
2026/08/27 22:00:53.994, 163.56, 99, 7393
2026/08/27 22:00:54.994, 163.85, 100, 7393
2026/08/27 22:00:55.995, 163.75, 100, 7393
2026/08/27 22:00:56.995, 163.92, 100, 7393
2026/08/27 22:00:57.995, 163.83, 100, 7393
2026/08/27 22:00:58.995, 163.71, 100, 7393
2026/08/27 22:00:59.995, 163.81, 99, 7393
2026/08/27 22:01:00.995, 163.88, 100, 7393
2026/08/27 22:01:01.996, 163.88, 100, 7393
2026/08/27 22:01:02.996, 163.79, 99, 7393
2026/08/27 22:01:03.996, 164.15, 100, 7393
2026/08/27 22:01:04.996, 163.72, 100, 7393
2026/08/27 22:01:05.996, 164.07, 99, 7393
2026/08/27 22:01:06.996, 164.16, 100, 7393
2026/08/27 22:01:07.997, 163.78, 100, 7393
2026/08/27 22:01:09.005, 163.96, 100, 7393
2026/08/27 22:01:10.005, 164.04, 100, 7393
2026/08/27 22:01:11.006, 163.78, 100, 7393
2026/08/27 22:01:12.006, 163.64, 99, 7393
2026/08/27 22:01:13.006, 163.71, 100, 7393
2026/08/27 22:01:14.014, 163.69, 100, 7393
2026/08/27 22:01:15.015, 163.46, 99, 7393
2026/08/27 22:01:16.015, 163.40, 100, 7393
2026/08/27 22:01:17.015, 163.73, 100, 7393
2026/08/27 22:01:18.015, 163.54, 100, 7393
2026/08/27 22:01:19.015, 163.74, 100, 7393
2026/08/27 22:01:20.015, 163.66, 100, 7393
2026/08/27 22:01:21.016, 163.69, 100, 7393
2026/08/27 22:01:22.016, 163.85, 100, 7393
2026/08/27 22:01:23.016, 163.90, 100, 7393
2026/08/27 22:01:24.016, 163.73, 99, 7393
2026/08/27 22:01:25.016, 163.84, 100, 7393
2026/08/27 22:01:26.016, 163.84, 100, 7393
2026/08/27 22:01:27.016, 163.83, 100, 7393
2026/08/27 22:01:28.017, 163.90, 100, 7393
2026/08/27 22:01:29.017, 163.43, 100, 7393
2026/08/27 22:01:30.017, 163.76, 100, 7393
2026/08/27 22:01:31.017, 163.90, 100, 7393
2026/08/27 22:01:32.017, 163.71, 100, 7393
2026/08/27 22:01:33.017, 163.50, 99, 7393
2026/08/27 22:01:34.026, 163.80, 100, 7393
2026/08/27 22:01:35.026, 163.71, 100, 7393
2026/08/27 22:01:36.026, 163.67, 99, 7393
2026/08/27 22:01:37.026, 164.05, 100, 7393
2026/08/27 22:01:38.027, 163.80, 99, 7393
2026/08/27 22:01:39.035, 163.88, 99, 7393
2026/08/27 22:01:40.035, 163.82, 100, 7393
2026/08/27 22:01:41.035, 163.99, 99, 7393
2026/08/27 22:01:42.036, 163.63, 100, 7393
2026/08/27 22:01:43.036, 49.34, 100, 7393
2026/08/27 22:01:44.036, 160.11, 100, 7393
2026/08/27 22:01:45.036, 159.56, 99, 7393
2026/08/27 22:01:46.036, 159.85, 100, 7393
2026/08/27 22:01:47.036, 160.39, 100, 7393
2026/08/27 22:01:48.037, 159.84, 100, 7393
2026/08/27 22:01:49.037, 160.03, 100, 7393
2026/08/27 22:01:50.037, 160.58, 100, 7393
2026/08/27 22:01:51.037, 159.77, 100, 7393
2026/08/27 22:01:52.037, 159.84, 100, 7393
2026/08/27 22:01:53.037, 161.01, 100, 7393
2026/08/27 22:01:54.037, 159.89, 100, 7393
2026/08/27 22:01:55.038, 158.56, 100, 7393
2026/08/27 22:01:56.038, 161.17, 100, 7393
2026/08/27 22:01:57.038, 160.69, 100, 7393
2026/08/27 22:01:58.038, 160.23, 100, 7393
2026/08/27 22:01:59.038, 160.99, 100, 7393
2026/08/27 22:02:00.038, 158.87, 100, 7393
2026/08/27 22:02:01.039, 159.76, 98, 7393
2026/08/27 22:02:02.039, 160.46, 100, 7393
2026/08/27 22:02:03.039, 159.61, 100, 7393
2026/08/27 22:02:04.039, 159.40, 98, 7393
2026/08/27 22:02:05.039, 158.96, 100, 7393
2026/08/27 22:02:06.039, 159.64, 100, 7393
2026/08/27 22:02:07.039, 159.51, 98, 7393
2026/08/27 22:02:08.040, 160.03, 100, 7393
2026/08/27 22:02:09.040, 159.76, 100, 7393
2026/08/27 22:02:10.040, 158.29, 98, 7393
2026/08/27 22:02:11.040, 160.36, 100, 7393
2026/08/27 22:02:12.040, 159.90, 100, 7393
2026/08/27 22:02:13.040, 159.13, 98, 7393
2026/08/27 22:02:14.041, 160.13, 100, 7393
2026/08/27 22:02:15.049, 160.11, 100, 7393
2026/08/27 22:02:16.049, 159.27, 98, 7393
2026/08/27 22:02:17.049, 160.30, 100, 7393
2026/08/27 22:02:18.050, 160.60, 100, 7393
2026/08/27 22:02:19.050, 159.04, 98, 7393
2026/08/27 22:02:20.050, 159.90, 100, 7393
2026/08/27 22:02:21.050, 160.56, 100, 7393
2026/08/27 22:02:22.050, 159.03, 98, 7393
2026/08/27 22:02:23.050, 159.99, 100, 7393
2026/08/27 22:02:24.051, 160.11, 100, 7393
2026/08/27 22:02:25.059, 158.91, 98, 7393
2026/08/27 22:02:26.059, 160.66, 100, 7393
2026/08/27 22:02:27.059, 160.33, 100, 7393
2026/08/27 22:02:28.060, 159.55, 98, 7393
2026/08/27 22:02:29.060, 160.32, 100, 7393
2026/08/27 22:02:30.060, 160.48, 100, 7393
2026/08/27 22:02:31.060, 159.77, 98, 7393
2026/08/27 22:02:32.060, 160.55, 100, 7393
2026/08/27 22:02:33.060, 159.90, 100, 7393
2026/08/27 22:02:34.061, 159.36, 98, 7393
2026/08/27 22:02:35.061, 160.17, 100, 7393
2026/08/27 22:02:36.061, 159.80, 100, 7393
2026/08/27 22:02:37.061, 159.39, 98, 7393
2026/08/27 22:02:38.062, 160.15, 100, 7393
2026/08/27 22:02:39.062, 159.77, 100, 7393
2026/08/27 22:02:40.062, 158.99, 97, 7393
2026/08/27 22:02:41.062, 160.31, 100, 7393
2026/08/27 22:02:42.062, 160.00, 100, 7393
2026/08/27 22:02:43.062, 159.08, 98, 7393
2026/08/27 22:02:44.062, 160.12, 100, 7393
2026/08/27 22:02:45.063, 160.47, 100, 7393
2026/08/27 22:02:46.063, 159.17, 98, 7393
2026/08/27 22:02:47.063, 160.14, 100, 7393
2026/08/27 22:02:48.063, 160.55, 100, 7393
2026/08/27 22:02:49.063, 159.10, 98, 7393
2026/08/27 22:02:50.064, 159.95, 100, 7393
2026/08/27 22:02:51.064, 160.30, 100, 7393
2026/08/27 22:02:52.064, 159.28, 98, 7393
2026/08/27 22:02:53.064, 160.05, 100, 7393
2026/08/27 22:02:54.064, 160.03, 100, 7393
2026/08/27 22:02:55.073, 159.13, 98, 7393
2026/08/27 22:02:56.073, 159.59, 100, 7393
2026/08/27 22:02:57.073, 160.56, 100, 7393
2026/08/27 22:02:58.074, 159.48, 99, 7393
2026/08/27 22:02:59.074, 159.53, 100, 7393
2026/08/27 22:03:00.082, 161.00, 100, 7393
2026/08/27 22:03:01.082, 159.54, 100, 7393
2026/08/27 22:03:02.083, 159.64, 100, 7393
2026/08/27 22:03:03.083, 160.40, 100, 7393
2026/08/27 22:03:04.083, 159.41, 100, 7393
2026/08/27 22:03:05.083, 159.56, 100, 7393
2026/08/27 22:03:06.083, 160.93, 100, 7393
2026/08/27 22:03:07.084, 159.50, 100, 7393
2026/08/27 22:03:08.084, 159.32, 100, 7393
2026/08/27 22:03:09.084, 160.15, 100, 7393
2026/08/27 22:03:10.084, 159.85, 100, 7393
2026/08/27 22:03:11.084, 159.46, 100, 7393
2026/08/27 22:03:12.084, 161.04, 100, 7393
2026/08/27 22:03:13.085, 159.60, 100, 7393
2026/08/27 22:03:14.085, 159.47, 99, 7393
2026/08/27 22:03:15.085, 160.48, 100, 7393
2026/08/27 22:03:16.085, 159.61, 100, 7393
2026/08/27 22:03:17.085, 159.55, 98, 7393
2026/08/27 22:03:18.085, 160.57, 100, 7393
2026/08/27 22:03:19.086, 159.70, 100, 7393
2026/08/27 22:03:20.094, 159.63, 98, 7393
2026/08/27 22:03:21.094, 160.44, 100, 7393
2026/08/27 22:03:22.095, 159.58, 100, 7393
2026/08/27 22:03:23.095, 159.21, 98, 7393
2026/08/27 22:03:24.095, 160.15, 100, 7393
2026/08/27 22:03:25.095, 159.79, 100, 7393
2026/08/27 22:03:26.095, 158.89, 98, 7393
2026/08/27 22:03:27.095, 160.47, 100, 7393
2026/08/27 22:03:28.096, 159.30, 100, 7393
2026/08/27 22:03:29.096, 159.24, 98, 7393
2026/08/27 22:03:30.096, 159.14, 100, 7393
2026/08/27 22:03:31.096, 159.91, 100, 7393
2026/08/27 22:03:32.096, 158.95, 98, 7393
2026/08/27 22:03:33.097, 160.32, 100, 7393
2026/08/27 22:03:34.097, 160.27, 100, 7393
2026/08/27 22:03:35.097, 159.17, 98, 7393
2026/08/27 22:03:36.097, 160.05, 100, 7393
2026/08/27 22:03:37.097, 159.93, 100, 7393
2026/08/27 22:03:38.097, 158.95, 98, 7393
2026/08/27 22:03:39.097, 159.75, 100, 7393
2026/08/27 22:03:40.098, 160.27, 100, 7393
2026/08/27 22:03:41.098, 159.27, 98, 7393
2026/08/27 22:03:42.098, 159.94, 100, 7393
2026/08/27 22:03:43.098, 160.38, 100, 7393
2026/08/27 22:03:44.098, 159.04, 98, 7393
2026/08/27 22:03:45.098, 159.41, 100, 7393
2026/08/27 22:03:46.098, 160.93, 100, 7393
2026/08/27 22:03:47.099, 159.04, 98, 7393
2026/08/27 22:03:48.099, 160.49, 100, 7393
2026/08/27 22:03:49.099, 160.58, 100, 7393
2026/08/27 22:03:50.099, 159.55, 100, 7393
2026/08/27 22:03:51.099, 158.58, 100, 7393
2026/08/27 22:03:52.099, 160.49, 100, 7393
2026/08/27 22:03:53.100, 159.51, 100, 7393
2026/08/27 22:03:54.100, 159.49, 100, 7393
2026/08/27 22:03:55.100, 160.77, 100, 7393
2026/08/27 22:03:56.109, 159.64, 100, 7393
2026/08/27 22:03:57.109, 159.71, 100, 7393
2026/08/27 22:03:58.109, 160.82, 100, 7393
2026/08/27 22:03:59.109, 159.98, 100, 7393
2026/08/27 22:04:00.109, 159.18, 98, 7393
2026/08/27 22:04:01.110, 160.01, 100, 7393
2026/08/27 22:04:02.110, 159.47, 100, 7393
2026/08/27 22:04:03.110, 159.57, 98, 7393
2026/08/27 22:04:04.110, 160.28, 100, 7393
2026/08/27 22:04:05.110, 160.02, 100, 7393
2026/08/27 22:04:06.119, 159.40, 98, 7393
2026/08/27 22:04:07.119, 160.06, 100, 7393
2026/08/27 22:04:08.119, 159.52, 100, 7393
2026/08/27 22:04:09.119, 159.17, 98, 7393
2026/08/27 22:04:10.119, 160.25, 100, 7393
2026/08/27 22:04:11.120, 159.65, 100, 7393
2026/08/27 22:04:12.120, 159.14, 98, 7393
2026/08/27 22:04:13.120, 160.12, 100, 7393
2026/08/27 22:04:14.120, 159.76, 100, 7393
2026/08/27 22:04:15.120, 159.05, 98, 7393
2026/08/27 22:04:16.120, 159.92, 100, 7393
2026/08/27 22:04:17.121, 160.28, 100, 7393
2026/08/27 22:04:18.121, 157.90, 95, 7393
2026/08/27 22:04:19.121, 161.42, 100, 7393
2026/08/27 22:04:20.121, 163.21, 100, 7393
2026/08/27 22:04:21.121, 163.10, 100, 7393
2026/08/27 22:04:22.121, 163.17, 100, 7393
2026/08/27 22:04:23.122, 162.97, 100, 7393
2026/08/27 22:04:24.122, 163.19, 99, 7393
2026/08/27 22:04:25.122, 163.44, 100, 7393
2026/08/27 22:04:26.122, 163.33, 99, 7393
2026/08/27 22:04:27.122, 163.24, 99, 7393
2026/08/27 22:04:28.122, 163.24, 100, 7393
2026/08/27 22:04:29.123, 163.34, 99, 7393
2026/08/27 22:04:30.123, 163.67, 100, 7393
2026/08/27 22:04:31.123, 164.54, 100, 7393
2026/08/27 22:04:32.123, 164.55, 100, 7393
2026/08/27 22:04:33.123, 164.57, 99, 7393
2026/08/27 22:04:34.123, 164.50, 100, 7393
2026/08/27 22:04:35.124, 164.67, 100, 7393
2026/08/27 22:04:36.124, 164.42, 99, 7393
2026/08/27 22:04:37.124, 164.68, 100, 7393
2026/08/27 22:04:38.124, 164.60, 100, 7393
2026/08/27 22:04:39.124, 164.70, 99, 7393
2026/08/27 22:04:40.124, 164.55, 100, 7393
2026/08/27 22:04:41.125, 164.86, 100, 7393
2026/08/27 22:04:42.125, 164.70, 99, 7393
2026/08/27 22:04:43.125, 164.84, 100, 7393
2026/08/27 22:04:44.125, 164.80, 100, 7393
2026/08/27 22:04:45.125, 164.76, 100, 7393
2026/08/27 22:04:46.125, 164.86, 100, 7393
2026/08/27 22:04:47.126, 164.74, 100, 7393
2026/08/27 22:04:48.126, 164.82, 100, 7393
2026/08/27 22:04:49.126, 164.57, 99, 7393
2026/08/27 22:04:50.126, 164.83, 100, 7393
2026/08/27 22:04:51.126, 164.94, 100, 7393
2026/08/27 22:04:52.126, 164.79, 100, 7393
2026/08/27 22:04:53.126, 164.61, 100, 7393
2026/08/27 22:04:54.127, 164.83, 100, 7393
2026/08/27 22:04:55.127, 164.85, 99, 7393
2026/08/27 22:04:56.127, 164.72, 100, 7393
2026/08/27 22:04:57.127, 164.76, 100, 7393
2026/08/27 22:04:58.127, 164.71, 99, 7393
2026/08/27 22:04:59.127, 164.86, 100, 7393
2026/08/27 22:05:00.128, 164.80, 100, 7393
2026/08/27 22:05:01.128, 164.76, 99, 7393
2026/08/27 22:05:02.128, 164.70, 99, 7393
2026/08/27 22:05:03.128, 164.76, 100, 7393
2026/08/27 22:05:04.128, 164.82, 100, 7393
2026/08/27 22:05:05.128, 164.82, 99, 7393
2026/08/27 22:05:06.129, 164.66, 100, 7393
2026/08/27 22:05:07.129, 164.47, 100, 7393
2026/08/27 22:05:08.129, 164.66, 100, 7393
2026/08/27 22:05:09.129, 164.73, 100, 7393
2026/08/27 22:05:10.129, 164.85, 100, 7393
2026/08/27 22:05:11.129, 164.62, 99, 7393
2026/08/27 22:05:12.129, 164.84, 100, 7393
2026/08/27 22:05:13.130, 164.73, 100, 7393
2026/08/27 22:05:14.130, 164.89, 99, 7393
2026/08/27 22:05:15.130, 164.72, 100, 7393
2026/08/27 22:05:16.130, 164.78, 100, 7393
2026/08/27 22:05:17.130, 164.67, 100, 7393
2026/08/27 22:05:18.130, 164.64, 100, 7393
2026/08/27 22:05:19.130, 164.48, 100, 7393
2026/08/27 22:05:20.131, 163.95, 100, 7393
2026/08/27 22:05:21.131, 163.61, 99, 7393
2026/08/27 22:05:22.131, 163.74, 100, 7393
2026/08/27 22:05:23.131, 163.57, 100, 7393
2026/08/27 22:05:24.131, 163.41, 100, 7393
2026/08/27 22:05:25.131, 163.76, 100, 7393
2026/08/27 22:05:26.132, 163.50, 100, 7393
2026/08/27 22:05:27.132, 163.56, 100, 7393
2026/08/27 22:05:28.132, 163.47, 100, 7393
2026/08/27 22:05:29.132, 163.64, 99, 7393
2026/08/27 22:05:30.132, 163.60, 100, 7393
2026/08/27 22:05:31.133, 163.84, 100, 7393
2026/08/27 22:05:32.133, 163.40, 99, 7393
2026/08/27 22:05:33.133, 163.48, 100, 7393
2026/08/27 22:05:34.133, 163.59, 100, 7393
2026/08/27 22:05:35.133, 163.64, 100, 7393
2026/08/27 22:05:36.133, 163.73, 100, 7393
2026/08/27 22:05:37.134, 163.60, 100, 7393
2026/08/27 22:05:38.134, 163.70, 99, 7393
2026/08/27 22:05:39.134, 163.67, 100, 7393
2026/08/27 22:05:40.134, 163.83, 100, 7393
2026/08/27 22:05:41.134, 163.44, 99, 7393
2026/08/27 22:05:42.134, 163.69, 100, 7393
2026/08/27 22:05:43.134, 163.71, 100, 7393
2026/08/27 22:05:44.135, 163.76, 99, 7393
2026/08/27 22:05:45.135, 163.63, 100, 7393
2026/08/27 22:05:46.135, 163.49, 100, 7393
2026/08/27 22:05:47.135, 163.57, 99, 7393
2026/08/27 22:05:48.135, 163.89, 100, 7393
2026/08/27 22:05:49.144, 163.59, 100, 7393
2026/08/27 22:05:50.144, 163.40, 99, 7393
2026/08/27 22:05:51.144, 163.90, 100, 7393
2026/08/27 22:05:52.144, 163.81, 100, 7393
2026/08/27 22:05:53.145, 163.84, 99, 7393
2026/08/27 22:05:54.145, 135.16, 29, 7393
2026/08/27 22:05:55.145, 73.59, 100, 7393
2026/08/27 22:05:56.145, 159.77, 98, 7393
2026/08/27 22:05:57.145, 160.86, 100, 7393
2026/08/27 22:05:58.145, 160.17, 100, 7393
2026/08/27 22:05:59.154, 159.91, 98, 7393
2026/08/27 22:06:00.154, 160.79, 100, 7393
2026/08/27 22:06:01.154, 160.72, 100, 7393
2026/08/27 22:06:02.155, 160.29, 98, 7393
2026/08/27 22:06:03.155, 160.86, 100, 7393
2026/08/27 22:06:04.155, 160.43, 100, 7393
2026/08/27 22:06:05.155, 159.84, 98, 7393
2026/08/27 22:06:06.155, 160.74, 100, 7393
2026/08/27 22:06:07.156, 160.31, 100, 7393
2026/08/27 22:06:08.156, 159.94, 98, 7393
2026/08/27 22:06:09.156, 161.09, 100, 7393
2026/08/27 22:06:10.156, 160.65, 100, 7393
2026/08/27 22:06:11.156, 159.84, 98, 7393
2026/08/27 22:06:12.156, 160.49, 100, 7393
2026/08/27 22:06:13.157, 160.79, 100, 7393
2026/08/27 22:06:14.157, 159.95, 98, 7393
2026/08/27 22:06:15.157, 160.44, 100, 7393
2026/08/27 22:06:16.157, 160.28, 100, 7393
2026/08/27 22:06:17.157, 159.58, 98, 7393
2026/08/27 22:06:18.158, 160.50, 100, 7393
2026/08/27 22:06:19.158, 160.92, 100, 7393
2026/08/27 22:06:20.158, 159.87, 98, 7393
2026/08/27 22:06:21.158, 160.50, 100, 7393
2026/08/27 22:06:22.158, 160.53, 100, 7393
2026/08/27 22:06:23.158, 159.46, 98, 7393
2026/08/27 22:06:24.167, 160.38, 100, 7393
2026/08/27 22:06:25.167, 160.76, 100, 7393
2026/08/27 22:06:26.167, 159.40, 98, 7393
2026/08/27 22:06:27.167, 161.36, 100, 7393
2026/08/27 22:06:28.168, 161.02, 100, 7393
2026/08/27 22:06:29.168, 159.40, 98, 7393
2026/08/27 22:06:30.168, 161.00, 100, 7393
2026/08/27 22:06:31.168, 160.47, 100, 7393
2026/08/27 22:06:32.168, 159.49, 98, 7393
2026/08/27 22:06:33.168, 160.15, 100, 7393
2026/08/27 22:06:34.169, 160.96, 100, 7393
2026/08/27 22:06:35.169, 159.93, 99, 7393
2026/08/27 22:06:36.169, 159.98, 100, 7393
2026/08/27 22:06:37.169, 160.68, 100, 7393
2026/08/27 22:06:38.169, 159.70, 100, 7393
2026/08/27 22:06:39.169, 160.26, 100, 7393
2026/08/27 22:06:40.170, 161.08, 100, 7393
2026/08/27 22:06:41.170, 159.80, 100, 7393
2026/08/27 22:06:42.170, 160.05, 100, 7393
2026/08/27 22:06:43.170, 161.02, 100, 7393
2026/08/27 22:06:44.170, 160.28, 100, 7393
2026/08/27 22:06:45.170, 160.10, 100, 7393
2026/08/27 22:06:46.171, 161.27, 100, 7393
2026/08/27 22:06:47.171, 160.18, 100, 7393
2026/08/27 22:06:48.171, 159.78, 100, 7393
2026/08/27 22:06:49.171, 160.10, 100, 7393
2026/08/27 22:06:50.171, 159.60, 100, 7393
2026/08/27 22:06:51.171, 159.54, 98, 7393
2026/08/27 22:06:52.172, 160.62, 100, 7393
2026/08/27 22:06:53.172, 160.16, 100, 7393
2026/08/27 22:06:54.172, 159.69, 98, 7393
2026/08/27 22:06:55.172, 160.85, 100, 7393
2026/08/27 22:06:56.172, 160.12, 100, 7393
2026/08/27 22:06:57.172, 159.06, 98, 7393
2026/08/27 22:06:58.173, 160.57, 100, 7393
2026/08/27 22:06:59.173, 160.21, 100, 7393
2026/08/27 22:07:00.173, 159.43, 98, 7393
2026/08/27 22:07:01.173, 160.09, 100, 7393
2026/08/27 22:07:02.173, 160.40, 100, 7393
2026/08/27 22:07:03.173, 159.24, 98, 7393
2026/08/27 22:07:04.174, 159.12, 100, 7393
2026/08/27 22:07:05.174, 159.76, 100, 7393
2026/08/27 22:07:06.174, 159.13, 98, 7393
2026/08/27 22:07:07.174, 160.73, 100, 7393
2026/08/27 22:07:08.174, 160.60, 100, 7393
2026/08/27 22:07:09.174, 159.24, 98, 7393
2026/08/27 22:07:10.175, 160.81, 100, 7393
2026/08/27 22:07:11.175, 160.56, 100, 7393
2026/08/27 22:07:12.175, 158.96, 98, 7393
2026/08/27 22:07:13.175, 159.84, 100, 7393
2026/08/27 22:07:14.175, 160.21, 100, 7393
2026/08/27 22:07:15.175, 158.78, 98, 7393
2026/08/27 22:07:16.176, 159.64, 100, 7393
2026/08/27 22:07:17.176, 160.31, 100, 7393
2026/08/27 22:07:18.176, 159.04, 98, 7393
2026/08/27 22:07:19.176, 159.84, 100, 7393
2026/08/27 22:07:20.176, 160.64, 100, 7393
2026/08/27 22:07:21.176, 159.33, 98, 7393
2026/08/27 22:07:22.177, 159.68, 100, 7393
2026/08/27 22:07:23.177, 160.29, 100, 7393
2026/08/27 22:07:24.177, 159.74, 99, 7393
2026/08/27 22:07:25.177, 160.20, 100, 7393
2026/08/27 22:07:26.177, 160.41, 100, 7393
2026/08/27 22:07:27.177, 159.58, 100, 7393
2026/08/27 22:07:28.178, 159.94, 100, 7393
2026/08/27 22:07:29.178, 160.97, 100, 7393
2026/08/27 22:07:30.178, 159.53, 100, 7393
2026/08/27 22:07:31.178, 159.79, 100, 7393
2026/08/27 22:07:32.178, 160.49, 100, 7393
2026/08/27 22:07:33.179, 159.81, 100, 7393
2026/08/27 22:07:34.179, 159.73, 100, 7393
2026/08/27 22:07:35.179, 160.26, 100, 7393
2026/08/27 22:07:36.179, 159.86, 100, 7393
2026/08/27 22:07:37.179, 159.69, 100, 7393
2026/08/27 22:07:38.179, 160.84, 100, 7393
2026/08/27 22:07:39.180, 160.27, 100, 7393
2026/08/27 22:07:40.180, 159.49, 98, 7393
2026/08/27 22:07:41.180, 160.50, 100, 7393
2026/08/27 22:07:42.180, 159.80, 100, 7393
2026/08/27 22:07:43.180, 159.73, 98, 7393
2026/08/27 22:07:44.181, 160.36, 100, 7393
2026/08/27 22:07:45.181, 160.20, 100, 7393
2026/08/27 22:07:46.181, 159.41, 98, 7393
2026/08/27 22:07:47.181, 160.75, 100, 7393
2026/08/27 22:07:48.181, 159.89, 100, 7393
2026/08/27 22:07:49.181, 159.15, 98, 7393
2026/08/27 22:07:50.182, 160.53, 100, 7393
2026/08/27 22:07:51.182, 159.93, 100, 7393
2026/08/27 22:07:52.182, 159.53, 98, 7393
2026/08/27 22:07:53.182, 160.22, 100, 7393
2026/08/27 22:07:54.182, 160.26, 100, 7393
2026/08/27 22:07:55.183, 158.08, 98, 7393
2026/08/27 22:07:56.183, 160.08, 100, 7393
2026/08/27 22:07:57.183, 160.30, 100, 7393
2026/08/27 22:07:58.183, 159.16, 98, 7393
2026/08/27 22:07:59.183, 159.87, 100, 7393
2026/08/27 22:08:00.192, 159.98, 100, 7393
2026/08/27 22:08:01.192, 158.97, 97, 7393
2026/08/27 22:08:02.192, 159.88, 100, 7393
2026/08/27 22:08:03.192, 160.12, 100, 7393
2026/08/27 22:08:04.193, 158.86, 98, 7393
2026/08/27 22:08:05.193, 160.46, 100, 7393
2026/08/27 22:08:06.193, 160.53, 100, 7393
2026/08/27 22:08:07.193, 159.47, 98, 7393
2026/08/27 22:08:08.193, 159.65, 100, 7393
2026/08/27 22:08:09.193, 160.07, 100, 7393
2026/08/27 22:08:10.194, 159.47, 100, 7393
2026/08/27 22:08:11.194, 159.92, 100, 7393
2026/08/27 22:08:12.194, 160.33, 100, 7393
2026/08/27 22:08:13.194, 159.61, 100, 7393
2026/08/27 22:08:14.194, 159.59, 100, 7393
2026/08/27 22:08:15.195, 160.86, 100, 7393
2026/08/27 22:08:16.195, 159.47, 100, 7393
2026/08/27 22:08:17.195, 159.63, 100, 7393
2026/08/27 22:08:18.195, 160.94, 100, 7393
2026/08/27 22:08:19.195, 159.62, 100, 7393
2026/08/27 22:08:20.195, 158.38, 93, 7393
2026/08/27 22:08:21.196, 159.61, 100, 7393
2026/08/27 22:08:22.196, 160.01, 100, 7393
2026/08/27 22:08:23.196, 159.07, 98, 7393
2026/08/27 22:08:24.196, 160.31, 100, 7393
2026/08/27 22:08:25.196, 159.89, 100, 7393
2026/08/27 22:08:26.196, 159.11, 98, 7393
2026/08/27 22:08:27.196, 160.50, 100, 7393
2026/08/27 22:08:28.197, 159.53, 100, 7393
2026/08/27 22:08:29.197, 159.10, 98, 7393
2026/08/27 22:08:30.197, 160.55, 100, 7393
2026/08/27 22:08:31.197, 160.31, 100, 7393
2026/08/27 22:08:32.197, 163.29, 100, 7393
2026/08/27 22:08:33.197, 163.21, 99, 7393
2026/08/27 22:08:34.197, 163.35, 100, 7393
2026/08/27 22:08:35.198, 163.28, 100, 7393
2026/08/27 22:08:36.198, 163.22, 99, 7393
2026/08/27 22:08:37.198, 163.32, 100, 7393
2026/08/27 22:08:38.198, 163.34, 100, 7393
2026/08/27 22:08:39.198, 163.19, 99, 7393
2026/08/27 22:08:40.198, 163.34, 100, 7393
2026/08/27 22:08:41.199, 163.34, 99, 7393
2026/08/27 22:08:42.199, 163.30, 100, 7393
2026/08/27 22:08:43.199, 163.27, 100, 7393
2026/08/27 22:08:44.199, 163.31, 99, 7393
2026/08/27 22:08:45.199, 163.29, 100, 7393
2026/08/27 22:08:46.200, 163.35, 100, 7393
2026/08/27 22:08:47.200, 163.43, 99, 7393
2026/08/27 22:08:48.200, 163.26, 100, 7393
2026/08/27 22:08:49.200, 163.58, 100, 7393
2026/08/27 22:08:50.200, 163.37, 100, 7393
2026/08/27 22:08:51.209, 163.48, 100, 7393
2026/08/27 22:08:52.209, 163.49, 100, 7393
2026/08/27 22:08:53.209, 163.48, 99, 7393
2026/08/27 22:08:54.209, 163.57, 100, 7393
2026/08/27 22:08:55.210, 163.43, 100, 7393
2026/08/27 22:08:56.210, 163.51, 99, 7393
2026/08/27 22:08:57.210, 163.44, 100, 7393
2026/08/27 22:08:58.210, 163.55, 100, 7393
2026/08/27 22:08:59.210, 163.40, 99, 7393
2026/08/27 22:09:00.210, 163.55, 100, 7393
2026/08/27 22:09:01.211, 163.29, 100, 7393
2026/08/27 22:09:02.211, 163.47, 99, 7393
2026/08/27 22:09:03.211, 163.42, 100, 7393
2026/08/27 22:09:04.211, 163.50, 100, 7393
2026/08/27 22:09:05.211, 163.71, 100, 7393
2026/08/27 22:09:06.211, 163.44, 100, 7393
2026/08/27 22:09:07.212, 163.36, 100, 7393
2026/08/27 22:09:08.212, 163.56, 99, 7393
2026/08/27 22:09:09.212, 163.43, 100, 7393
2026/08/27 22:09:10.212, 163.58, 100, 7393
2026/08/27 22:09:11.212, 163.49, 99, 7393
2026/08/27 22:09:12.212, 163.31, 100, 7393
2026/08/27 22:09:13.213, 163.39, 99, 7393
2026/08/27 22:09:14.213, 163.39, 99, 7393
2026/08/27 22:09:15.213, 163.63, 100, 7393
2026/08/27 22:09:16.213, 163.70, 99, 7393
2026/08/27 22:09:17.213, 163.66, 100, 7393
2026/08/27 22:09:18.214, 163.66, 100, 7393
2026/08/27 22:09:19.214, 163.32, 99, 7393
2026/08/27 22:09:20.214, 163.55, 100, 7393
2026/08/27 22:09:21.222, 163.52, 100, 7393
2026/08/27 22:09:22.223, 163.52, 100, 7393
2026/08/27 22:09:23.223, 163.31, 100, 7393
2026/08/27 22:09:24.223, 163.61, 100, 7393
2026/08/27 22:09:25.223, 163.54, 100, 7393
2026/08/27 22:09:26.232, 163.69, 100, 7393
2026/08/27 22:09:27.232, 163.69, 100, 7393
2026/08/27 22:09:28.232, 163.22, 99, 7393
2026/08/27 22:09:29.233, 163.71, 100, 7393
2026/08/27 22:09:30.233, 163.83, 100, 7393
2026/08/27 22:09:31.233, 163.88, 99, 7393
2026/08/27 22:09:32.233, 163.57, 100, 7393
2026/08/27 22:09:33.233, 163.72, 100, 7393
2026/08/27 22:09:34.233, 163.50, 100, 7393
2026/08/27 22:09:35.234, 163.72, 99, 7393
2026/08/27 22:09:36.234, 163.47, 100, 7393
2026/08/27 22:09:37.234, 163.60, 100, 7393
2026/08/27 22:09:38.234, 163.91, 100, 7393
2026/08/27 22:09:39.234, 163.82, 100, 7393
2026/08/27 22:09:40.234, 163.68, 100, 7393
2026/08/27 22:09:41.235, 163.47, 99, 7393
2026/08/27 22:09:42.235, 163.77, 100, 7393
2026/08/27 22:09:43.235, 163.52, 100, 7393
2026/08/27 22:09:44.235, 163.62, 99, 7393
2026/08/27 22:09:45.235, 163.45, 100, 7393
2026/08/27 22:09:46.235, 163.54, 100, 7393
2026/08/27 22:09:47.236, 163.50, 100, 7393
2026/08/27 22:09:48.236, 163.66, 100, 7393
2026/08/27 22:09:49.236, 163.30, 99, 7393
2026/08/27 22:09:50.236, 163.57, 100, 7393
2026/08/27 22:09:51.236, 163.68, 100, 7393
2026/08/27 22:09:52.236, 163.77, 99, 7393
2026/08/27 22:09:53.236, 163.59, 100, 7393
2026/08/27 22:09:54.237, 163.44, 100, 7393
2026/08/27 22:09:55.237, 163.55, 99, 7393
2026/08/27 22:09:56.237, 163.60, 100, 7393
2026/08/27 22:09:57.237, 163.60, 100, 7393
2026/08/27 22:09:58.237, 163.67, 99, 7393
2026/08/27 22:09:59.237, 163.81, 100, 7393
2026/08/27 22:10:00.238, 163.74, 100, 7393
2026/08/27 22:10:01.238, 163.70, 100, 7393
2026/08/27 22:10:02.238, 163.61, 100, 7393
2026/08/27 22:10:03.238, 163.35, 100, 7393
2026/08/27 22:10:04.238, 163.65, 99, 7393
2026/08/27 22:10:05.238, 163.63, 100, 7393
2026/08/27 22:10:06.238, 163.52, 100, 7393
2026/08/27 22:10:07.239, 85.53, 0, 7393
2026/08/27 22:10:08.247, 116.67, 100, 7393
2026/08/27 22:10:09.247, 159.19, 98, 7393
2026/08/27 22:10:10.248, 160.29, 100, 7393
2026/08/27 22:10:11.248, 160.82, 100, 7393
2026/08/27 22:10:12.248, 159.29, 98, 7393
2026/08/27 22:10:13.257, 160.37, 100, 7393
2026/08/27 22:10:14.257, 160.94, 100, 7393
2026/08/27 22:10:15.257, 159.56, 98, 7393
2026/08/27 22:10:16.257, 160.61, 100, 7393
2026/08/27 22:10:17.257, 161.05, 100, 7393
2026/08/27 22:10:18.257, 159.78, 100, 7393
2026/08/27 22:10:19.258, 160.29, 100, 7393
2026/08/27 22:10:20.258, 160.41, 100, 7393
2026/08/27 22:10:21.258, 159.63, 100, 7393
2026/08/27 22:10:22.258, 159.90, 100, 7393
2026/08/27 22:10:23.258, 160.74, 100, 7393
2026/08/27 22:10:24.258, 160.02, 100, 7393
2026/08/27 22:10:25.259, 159.76, 100, 7393
2026/08/27 22:10:26.259, 161.05, 100, 7393
2026/08/27 22:10:27.259, 160.10, 100, 7393
2026/08/27 22:10:28.268, 159.95, 100, 7393
2026/08/27 22:10:29.268, 160.85, 100, 7393
2026/08/27 22:10:30.268, 159.91, 100, 7393
2026/08/27 22:10:31.268, 159.34, 98, 7393
2026/08/27 22:10:32.268, 160.59, 100, 7393
2026/08/27 22:10:33.277, 160.17, 100, 7393
2026/08/27 22:10:34.277, 159.60, 98, 7393
2026/08/27 22:10:35.277, 160.43, 100, 7393
2026/08/27 22:10:36.277, 160.43, 100, 7393
2026/08/27 22:10:37.278, 159.40, 98, 7393
2026/08/27 22:10:38.286, 160.66, 100, 7393
2026/08/27 22:10:39.286, 160.32, 100, 7393
2026/08/27 22:10:40.287, 159.31, 98, 7393
2026/08/27 22:10:41.287, 160.51, 100, 7393
2026/08/27 22:10:42.287, 160.10, 100, 7393
2026/08/27 22:10:43.287, 159.12, 98, 7393
2026/08/27 22:10:44.287, 160.22, 100, 7393
2026/08/27 22:10:45.287, 160.23, 100, 7393
2026/08/27 22:10:46.288, 159.01, 98, 7393
2026/08/27 22:10:47.288, 159.97, 100, 7393
2026/08/27 22:10:48.288, 160.48, 100, 7393
2026/08/27 22:10:49.288, 158.90, 97, 7393
2026/08/27 22:10:50.288, 159.87, 100, 7393
2026/08/27 22:10:51.288, 160.72, 100, 7393
2026/08/27 22:10:52.289, 159.13, 98, 7393
2026/08/27 22:10:53.289, 159.91, 100, 7393
2026/08/27 22:10:54.289, 160.71, 100, 7393
2026/08/27 22:10:55.289, 158.76, 98, 7393
2026/08/27 22:10:56.289, 159.78, 100, 7393
2026/08/27 22:10:57.290, 160.48, 100, 7393
2026/08/27 22:10:58.290, 159.74, 99, 7393
2026/08/27 22:10:59.290, 160.24, 100, 7393
2026/08/27 22:11:00.290, 160.28, 100, 7393
2026/08/27 22:11:01.290, 159.67, 100, 7393
2026/08/27 22:11:02.290, 159.92, 100, 7393
2026/08/27 22:11:03.299, 160.17, 100, 7393
2026/08/27 22:11:04.299, 159.53, 100, 7393
2026/08/27 22:11:05.299, 159.90, 100, 7393
2026/08/27 22:11:06.300, 160.80, 100, 7393
2026/08/27 22:11:07.300, 159.47, 100, 7393
2026/08/27 22:11:08.308, 159.50, 100, 7393
2026/08/27 22:11:09.309, 160.35, 100, 7393
2026/08/27 22:11:10.309, 159.71, 100, 7393
2026/08/27 22:11:11.309, 159.79, 99, 7393
2026/08/27 22:11:12.309, 160.39, 100, 7393
2026/08/27 22:11:13.318, 159.16, 100, 7393
2026/08/27 22:11:14.318, 159.63, 98, 7393
2026/08/27 22:11:15.318, 160.37, 100, 7393
2026/08/27 22:11:16.318, 159.87, 100, 7393
2026/08/27 22:11:17.318, 159.52, 97, 7393
2026/08/27 22:11:18.319, 160.24, 100, 7393
2026/08/27 22:11:19.319, 160.01, 100, 7393
2026/08/27 22:11:20.319, 159.29, 98, 7393
2026/08/27 22:11:21.319, 159.97, 100, 7393
2026/08/27 22:11:22.319, 160.22, 100, 7393
2026/08/27 22:11:23.319, 159.11, 98, 7393
2026/08/27 22:11:24.320, 160.78, 100, 7393
2026/08/27 22:11:25.320, 160.30, 100, 7393
2026/08/27 22:11:26.320, 159.06, 98, 7393
2026/08/27 22:11:27.320, 159.93, 100, 7393
2026/08/27 22:11:28.320, 158.89, 100, 7393
2026/08/27 22:11:29.320, 159.12, 98, 7393
2026/08/27 22:11:30.321, 159.86, 100, 7393
2026/08/27 22:11:31.321, 159.98, 100, 7393
2026/08/27 22:11:32.321, 159.07, 98, 7393
2026/08/27 22:11:33.321, 158.99, 100, 7393
2026/08/27 22:11:34.321, 160.69, 100, 7393
2026/08/27 22:11:35.321, 159.43, 98, 7393
2026/08/27 22:11:36.322, 160.17, 100, 7393
2026/08/27 22:11:37.322, 160.41, 100, 7393
2026/08/27 22:11:38.322, 159.68, 100, 7393
2026/08/27 22:11:39.322, 159.35, 100, 7393
2026/08/27 22:11:40.322, 160.95, 100, 7393
2026/08/27 22:11:41.322, 159.56, 100, 7393
2026/08/27 22:11:42.322, 159.47, 100, 7393
2026/08/27 22:11:43.323, 160.48, 100, 7393
2026/08/27 22:11:44.323, 158.77, 100, 7393
2026/08/27 22:11:45.323, 159.40, 99, 7393
2026/08/27 22:11:46.323, 160.36, 100, 7393
2026/08/27 22:11:47.323, 159.87, 100, 7393
2026/08/27 22:11:48.323, 159.09, 98, 7393
2026/08/27 22:11:49.324, 159.98, 100, 7393
2026/08/27 22:11:50.324, 159.51, 100, 7393
2026/08/27 22:11:51.324, 159.39, 97, 7393
2026/08/27 22:11:52.324, 160.13, 100, 7393
2026/08/27 22:11:53.324, 160.02, 100, 7393
2026/08/27 22:11:54.325, 159.21, 98, 7393
2026/08/27 22:11:55.325, 159.97, 100, 7393
2026/08/27 22:11:56.325, 159.64, 100, 7393
2026/08/27 22:11:57.325, 159.24, 98, 7393
2026/08/27 22:11:58.325, 160.07, 100, 7393
2026/08/27 22:11:59.325, 160.10, 100, 7393
2026/08/27 22:12:00.326, 159.05, 98, 7393
2026/08/27 22:12:01.326, 160.16, 100, 7393
2026/08/27 22:12:02.326, 160.42, 100, 7393
2026/08/27 22:12:03.326, 159.01, 98, 7393
2026/08/27 22:12:04.326, 160.03, 100, 7393
2026/08/27 22:12:05.326, 160.30, 100, 7393
2026/08/27 22:12:06.327, 159.21, 98, 7393
2026/08/27 22:12:07.327, 159.99, 100, 7393
2026/08/27 22:12:08.327, 160.07, 100, 7393
2026/08/27 22:12:09.327, 158.96, 98, 7393
2026/08/27 22:12:10.327, 159.86, 100, 7393
2026/08/27 22:12:11.327, 160.22, 100, 7393
2026/08/27 22:12:12.328, 159.05, 98, 7393
2026/08/27 22:12:13.328, 159.97, 100, 7393
2026/08/27 22:12:14.328, 160.45, 100, 7393
2026/08/27 22:12:15.328, 159.30, 99, 7393
2026/08/27 22:12:16.328, 159.70, 100, 7393
2026/08/27 22:12:17.328, 160.16, 100, 7393
2026/08/27 22:12:18.329, 159.38, 100, 7393
2026/08/27 22:12:19.329, 159.93, 100, 7393
2026/08/27 22:12:20.329, 160.79, 100, 7393
2026/08/27 22:12:21.329, 159.58, 100, 7393
2026/08/27 22:12:22.329, 159.85, 100, 7393
2026/08/27 22:12:23.329, 161.18, 100, 7393
2026/08/27 22:12:24.338, 160.01, 100, 7393
2026/08/27 22:12:25.338, 159.79, 100, 7393
2026/08/27 22:12:26.338, 160.98, 100, 7393
2026/08/27 22:12:27.339, 160.07, 100, 7393
2026/08/27 22:12:28.339, 159.72, 99, 7393
2026/08/27 22:12:29.347, 160.43, 100, 7393
2026/08/27 22:12:30.347, 160.11, 100, 7393
2026/08/27 22:12:31.348, 159.48, 98, 7393
2026/08/27 22:12:32.348, 160.25, 100, 7393
2026/08/27 22:12:33.348, 160.09, 100, 7393
2026/08/27 22:12:34.348, 159.65, 98, 7393
2026/08/27 22:12:35.348, 160.46, 100, 7393
2026/08/27 22:12:36.349, 160.12, 100, 7393
2026/08/27 22:12:37.349, 159.19, 98, 7393
2026/08/27 22:12:38.349, 160.48, 100, 7393
2026/08/27 22:12:39.349, 160.02, 100, 7393
2026/08/27 22:12:40.349, 159.18, 98, 7393
2026/08/27 22:12:41.349, 160.02, 100, 7393
2026/08/27 22:12:42.350, 159.75, 100, 7393
2026/08/27 22:12:43.350, 157.82, 95, 7393
2026/08/27 22:12:44.350, 161.16, 100, 7393
2026/08/27 22:12:45.350, 163.19, 100, 7393
2026/08/27 22:12:46.350, 163.21, 99, 7393
2026/08/27 22:12:47.351, 162.94, 100, 7393
2026/08/27 22:12:48.351, 162.91, 100, 7393
2026/08/27 22:12:49.351, 163.10, 99, 7393
2026/08/27 22:12:50.351, 163.17, 100, 7393
2026/08/27 22:12:51.351, 162.94, 100, 7393
2026/08/27 22:12:52.351, 162.96, 100, 7393
2026/08/27 22:12:53.352, 163.10, 100, 7393
2026/08/27 22:12:54.352, 163.16, 100, 7393
2026/08/27 22:12:55.352, 163.08, 99, 7393
2026/08/27 22:12:56.352, 163.28, 100, 7393
2026/08/27 22:12:57.352, 163.05, 99, 7393
2026/08/27 22:12:58.352, 163.30, 100, 7393
2026/08/27 22:12:59.353, 163.11, 100, 7393
2026/08/27 22:13:00.353, 163.09, 99, 7393
2026/08/27 22:13:01.353, 163.20, 100, 7393
2026/08/27 22:13:02.353, 163.18, 100, 7393
2026/08/27 22:13:03.353, 163.39, 99, 7393
2026/08/27 22:13:04.353, 162.99, 100, 7393
2026/08/27 22:13:05.354, 162.91, 100, 7393
2026/08/27 22:13:06.354, 163.06, 99, 7393
2026/08/27 22:13:07.354, 163.52, 100, 7393
2026/08/27 22:13:08.354, 163.38, 100, 7393
2026/08/27 22:13:09.354, 163.27, 99, 7393
2026/08/27 22:13:10.354, 163.32, 100, 7393
2026/08/27 22:13:11.355, 163.35, 100, 7393
2026/08/27 22:13:12.355, 163.47, 99, 7393
2026/08/27 22:13:13.355, 163.37, 100, 7393
2026/08/27 22:13:14.355, 163.38, 100, 7393
2026/08/27 22:13:15.355, 163.30, 99, 7393
2026/08/27 22:13:16.355, 163.51, 100, 7393
2026/08/27 22:13:17.356, 163.20, 100, 7393
2026/08/27 22:13:18.356, 163.10, 99, 7393
2026/08/27 22:13:19.356, 163.32, 100, 7393
2026/08/27 22:13:20.356, 163.27, 100, 7393
2026/08/27 22:13:21.356, 163.20, 99, 7393
2026/08/27 22:13:22.356, 163.17, 100, 7393
2026/08/27 22:13:23.357, 163.26, 100, 7393
2026/08/27 22:13:24.357, 163.65, 100, 7393
2026/08/27 22:13:25.357, 163.67, 100, 7393
2026/08/27 22:13:26.357, 163.48, 100, 7393
2026/08/27 22:13:27.357, 163.28, 99, 7393
2026/08/27 22:13:28.357, 163.49, 100, 7393
2026/08/27 22:13:29.358, 163.59, 100, 7393
2026/08/27 22:13:30.358, 163.29, 99, 7393
2026/08/27 22:13:31.358, 163.37, 100, 7393
2026/08/27 22:13:32.358, 163.25, 100, 7393
2026/08/27 22:13:33.358, 163.43, 99, 7393
2026/08/27 22:13:34.358, 163.15, 100, 7393
2026/08/27 22:13:35.359, 163.30, 100, 7393
2026/08/27 22:13:36.366, 163.02, 100, 7393
2026/08/27 22:13:37.366, 163.27, 100, 7393
2026/08/27 22:13:38.366, 163.24, 99, 7393
2026/08/27 22:13:39.366, 163.30, 100, 7393
2026/08/27 22:13:40.366, 163.09, 100, 7393
2026/08/27 22:13:41.366, 163.53, 99, 7393
2026/08/27 22:13:42.367, 163.37, 100, 7393
2026/08/27 22:13:43.367, 163.11, 100, 7393
2026/08/27 22:13:44.367, 163.29, 99, 7393
2026/08/27 22:13:45.367, 163.35, 100, 7393
2026/08/27 22:13:46.367, 163.51, 100, 7393
2026/08/27 22:13:47.367, 163.53, 99, 7393
2026/08/27 22:13:48.368, 163.33, 100, 7393
2026/08/27 22:13:49.368, 163.43, 100, 7393
2026/08/27 22:13:50.368, 163.37, 99, 7393
2026/08/27 22:13:51.368, 163.49, 100, 7393
2026/08/27 22:13:52.368, 163.25, 100, 7393
2026/08/27 22:13:53.368, 163.34, 99, 7393
2026/08/27 22:13:54.369, 163.33, 100, 7393
2026/08/27 22:13:55.369, 163.38, 100, 7393
2026/08/27 22:13:56.377, 163.10, 99, 7393
2026/08/27 22:13:57.378, 163.45, 100, 7393
2026/08/27 22:13:58.378, 163.24, 100, 7393
2026/08/27 22:13:59.378, 163.41, 99, 7393
2026/08/27 22:14:00.378, 163.39, 100, 7393
2026/08/27 22:14:01.378, 163.23, 100, 7393
2026/08/27 22:14:02.378, 163.02, 99, 7393
2026/08/27 22:14:03.379, 163.22, 100, 7393
2026/08/27 22:14:04.379, 163.29, 100, 7393
2026/08/27 22:14:05.379, 163.14, 100, 7393
2026/08/27 22:14:06.379, 163.36, 100, 7393
2026/08/27 22:14:07.379, 163.29, 100, 7393
2026/08/27 22:14:08.380, 163.34, 99, 7393
2026/08/27 22:14:09.380, 163.39, 100, 7393
2026/08/27 22:14:10.380, 163.43, 100, 7393
2026/08/27 22:14:11.380, 163.24, 100, 7393
2026/08/27 22:14:12.380, 163.54, 100, 7393
2026/08/27 22:14:13.380, 163.40, 100, 7393
2026/08/27 22:14:14.381, 163.28, 100, 7393
2026/08/27 22:14:15.381, 163.18, 100, 7393
2026/08/27 22:14:16.381, 163.29, 100, 7393
2026/08/27 22:14:17.381, 163.25, 99, 7393
2026/08/27 22:14:18.381, 162.98, 100, 7393
2026/08/27 22:14:19.381, 163.12, 100, 7393
2026/08/27 22:14:20.382, 53.16, 4, 7393
2026/08/27 22:14:21.382, 154.88, 100, 7393
2026/08/27 22:14:22.382, 160.08, 100, 7393
2026/08/27 22:14:23.382, 159.36, 100, 7393
2026/08/27 22:14:24.382, 159.44, 100, 7393
2026/08/27 22:14:25.382, 160.84, 100, 7393
2026/08/27 22:14:26.383, 159.90, 100, 7393
2026/08/27 22:14:27.383, 159.93, 98, 7393
2026/08/27 22:14:28.383, 160.60, 100, 7393
2026/08/27 22:14:29.383, 159.93, 100, 7393
2026/08/27 22:14:30.383, 159.53, 98, 7393
2026/08/27 22:14:31.384, 160.51, 100, 7393
2026/08/27 22:14:32.384, 160.30, 100, 7393
2026/08/27 22:14:33.384, 159.54, 98, 7393
2026/08/27 22:14:34.384, 160.72, 100, 7393
2026/08/27 22:14:35.384, 159.82, 100, 7393
2026/08/27 22:14:36.384, 159.72, 98, 7393
2026/08/27 22:14:37.385, 160.24, 100, 7393
2026/08/27 22:14:38.385, 159.95, 100, 7393
2026/08/27 22:14:39.385, 159.50, 98, 7393
2026/08/27 22:14:40.385, 160.08, 100, 7393
2026/08/27 22:14:41.385, 159.86, 100, 7393
2026/08/27 22:14:42.385, 158.08, 98, 7393
2026/08/27 22:14:43.386, 160.29, 100, 7393
2026/08/27 22:14:44.386, 160.63, 100, 7393
2026/08/27 22:14:45.386, 159.36, 98, 7393
2026/08/27 22:14:46.386, 160.42, 100, 7393
2026/08/27 22:14:47.386, 159.18, 100, 7393
2026/08/27 22:14:48.386, 159.09, 98, 7393
2026/08/27 22:14:49.386, 160.11, 100, 7393
2026/08/27 22:14:50.387, 160.68, 100, 7393
2026/08/27 22:14:51.387, 159.28, 98, 7393
2026/08/27 22:14:52.387, 160.30, 100, 7393
2026/08/27 22:14:53.387, 160.12, 100, 7393
2026/08/27 22:14:54.387, 158.64, 98, 7393
2026/08/27 22:14:55.388, 160.83, 100, 7393
2026/08/27 22:14:56.388, 160.54, 100, 7393
2026/08/27 22:14:57.388, 159.27, 97, 7393
2026/08/27 22:14:58.388, 159.29, 100, 7393
2026/08/27 22:14:59.388, 160.23, 100, 7393
2026/08/27 22:15:00.388, 159.66, 100, 7393
2026/08/27 22:15:01.389, 160.04, 100, 7393
2026/08/27 22:15:02.389, 160.24, 100, 7393
2026/08/27 22:15:03.389, 159.94, 100, 7393
2026/08/27 22:15:04.389, 159.59, 100, 7393
2026/08/27 22:15:05.389, 160.71, 100, 7393
2026/08/27 22:15:06.389, 159.75, 100, 7393
2026/08/27 22:15:07.390, 159.92, 100, 7393
2026/08/27 22:15:08.390, 160.83, 100, 7393
2026/08/27 22:15:09.390, 159.43, 100, 7393
2026/08/27 22:15:10.390, 159.11, 100, 7393
2026/08/27 22:15:11.390, 160.80, 100, 7393
2026/08/27 22:15:12.390, 159.57, 100, 7393
2026/08/27 22:15:13.391, 159.65, 98, 7393
2026/08/27 22:15:14.391, 160.30, 100, 7393
2026/08/27 22:15:15.391, 159.59, 100, 7393
2026/08/27 22:15:16.391, 159.40, 98, 7393
2026/08/27 22:15:17.391, 160.10, 100, 7393
2026/08/27 22:15:18.392, 160.06, 100, 7393
2026/08/27 22:15:19.392, 159.46, 98, 7393
2026/08/27 22:15:20.392, 160.13, 100, 7393
2026/08/27 22:15:21.392, 159.67, 100, 7393
2026/08/27 22:15:22.392, 159.23, 98, 7393
2026/08/27 22:15:23.393, 160.65, 100, 7393
2026/08/27 22:15:24.393, 160.24, 100, 7393
2026/08/27 22:15:25.393, 159.21, 98, 7393
2026/08/27 22:15:26.393, 160.67, 100, 7393
2026/08/27 22:15:27.393, 159.74, 100, 7393
2026/08/27 22:15:28.393, 159.29, 98, 7393
2026/08/27 22:15:29.394, 160.23, 100, 7393
2026/08/27 22:15:30.394, 159.90, 100, 7393
2026/08/27 22:15:31.394, 159.01, 98, 7393
2026/08/27 22:15:32.403, 159.92, 100, 7393
2026/08/27 22:15:33.403, 160.38, 100, 7393
2026/08/27 22:15:34.403, 159.06, 98, 7393
2026/08/27 22:15:35.403, 159.95, 100, 7393
2026/08/27 22:15:36.403, 160.38, 100, 7393
2026/08/27 22:15:37.403, 158.90, 98, 7393
2026/08/27 22:15:38.404, 160.03, 100, 7393
2026/08/27 22:15:39.404, 160.63, 100, 7393
2026/08/27 22:15:40.404, 158.84, 97, 7393
2026/08/27 22:15:41.404, 159.90, 100, 7393
2026/08/27 22:15:42.404, 160.18, 100, 7393
2026/08/27 22:15:43.404, 159.15, 98, 7393
2026/08/27 22:15:44.405, 159.95, 100, 7393
2026/08/27 22:15:45.405, 160.88, 100, 7393
2026/08/27 22:15:46.405, 159.36, 98, 7393
2026/08/27 22:15:47.405, 159.88, 100, 7393
2026/08/27 22:15:48.405, 160.64, 100, 7393
2026/08/27 22:15:49.406, 159.63, 100, 7393
2026/08/27 22:15:50.406, 159.88, 100, 7393
2026/08/27 22:15:51.406, 160.42, 100, 7393
2026/08/27 22:15:52.406, 159.38, 100, 7393
2026/08/27 22:15:53.406, 159.64, 100, 7393
2026/08/27 22:15:54.407, 160.92, 100, 7393
2026/08/27 22:15:55.407, 159.42, 100, 7393
2026/08/27 22:15:56.407, 159.78, 100, 7393
2026/08/27 22:15:57.407, 160.99, 100, 7393
2026/08/27 22:15:58.407, 159.58, 100, 7393
2026/08/27 22:15:59.408, 159.62, 100, 7393
2026/08/27 22:16:00.408, 160.65, 100, 7393
2026/08/27 22:16:01.408, 160.02, 100, 7393
2026/08/27 22:16:02.417, 160.12, 100, 7393
2026/08/27 22:16:03.417, 161.00, 100, 7393
2026/08/27 22:16:04.417, 160.02, 100, 7393
2026/08/27 22:16:05.417, 159.36, 98, 7393
2026/08/27 22:16:06.417, 160.34, 100, 7393
2026/08/27 22:16:07.426, 159.96, 100, 7393
2026/08/27 22:16:08.426, 159.41, 98, 7393
2026/08/27 22:16:09.426, 160.59, 100, 7393
2026/08/27 22:16:10.426, 159.72, 100, 7393
2026/08/27 22:16:11.427, 159.38, 98, 7393
2026/08/27 22:16:12.427, 160.22, 100, 7393
2026/08/27 22:16:13.427, 159.93, 100, 7393
2026/08/27 22:16:14.427, 159.49, 98, 7393
2026/08/27 22:16:15.427, 160.47, 100, 7393
2026/08/27 22:16:16.428, 159.91, 100, 7393
2026/08/27 22:16:17.428, 158.44, 98, 7393
2026/08/27 22:16:18.428, 160.13, 100, 7393
2026/08/27 22:16:19.428, 160.37, 100, 7393
2026/08/27 22:16:20.428, 159.14, 98, 7393
2026/08/27 22:16:21.428, 160.24, 100, 7393
2026/08/27 22:16:22.429, 158.92, 100, 7393
2026/08/27 22:16:23.429, 159.17, 98, 7393
2026/08/27 22:16:24.429, 160.79, 100, 7393
2026/08/27 22:16:25.429, 160.59, 100, 7393
2026/08/27 22:16:26.429, 158.94, 98, 7393
2026/08/27 22:16:27.429, 158.95, 100, 7393
2026/08/27 22:16:28.430, 160.38, 100, 7393
2026/08/27 22:16:29.430, 158.99, 98, 7393
2026/08/27 22:16:30.430, 160.45, 100, 7393
2026/08/27 22:16:31.430, 160.73, 100, 7393
2026/08/27 22:16:32.430, 159.37, 100, 7393
2026/08/27 22:16:33.431, 158.34, 100, 7393
2026/08/27 22:16:34.431, 160.71, 100, 7393
2026/08/27 22:16:35.431, 159.15, 100, 7393
2026/08/27 22:16:36.431, 159.20, 100, 7393
2026/08/27 22:16:37.431, 160.21, 100, 7393
2026/08/27 22:16:38.431, 158.52, 100, 7393
2026/08/27 22:16:39.432, 159.37, 99, 7393
2026/08/27 22:16:40.432, 160.28, 100, 7393
2026/08/27 22:16:41.432, 159.47, 100, 7393
2026/08/27 22:16:42.432, 159.58, 98, 7393
2026/08/27 22:16:43.432, 160.47, 100, 7393
2026/08/27 22:16:44.432, 160.15, 100, 7393
2026/08/27 22:16:45.433, 159.63, 98, 7393
2026/08/27 22:16:46.433, 160.24, 100, 7393
2026/08/27 22:16:47.433, 160.10, 100, 7393
2026/08/27 22:16:48.433, 159.55, 98, 7393
2026/08/27 22:16:49.433, 160.26, 100, 7393
2026/08/27 22:16:50.434, 159.62, 100, 7393
2026/08/27 22:16:51.434, 159.03, 98, 7393
2026/08/27 22:16:52.434, 160.11, 100, 7393
2026/08/27 22:16:53.434, 159.90, 100, 7393
2026/08/27 22:16:54.434, 159.27, 98, 7393
2026/08/27 22:16:55.434, 160.05, 100, 7393
2026/08/27 22:16:56.435, 160.35, 100, 7393
2026/08/27 22:16:57.435, 162.94, 100, 7393
2026/08/27 22:16:58.443, 163.02, 100, 7393
2026/08/27 22:16:59.444, 163.09, 100, 7393
2026/08/27 22:17:00.444, 162.99, 100, 7393
2026/08/27 22:17:01.444, 162.88, 100, 7393
2026/08/27 22:17:02.444, 163.15, 100, 7393
2026/08/27 22:17:03.453, 162.96, 99, 7393
2026/08/27 22:17:04.453, 162.92, 99, 7393
2026/08/27 22:17:05.453, 162.78, 100, 7393
2026/08/27 22:17:06.453, 163.23, 100, 7393
2026/08/27 22:17:07.453, 163.25, 100, 7393
2026/08/27 22:17:08.454, 163.29, 100, 7393
2026/08/27 22:17:09.454, 163.14, 100, 7393
2026/08/27 22:17:10.454, 163.05, 100, 7393
2026/08/27 22:17:11.454, 163.16, 100, 7393
2026/08/27 22:17:12.454, 162.91, 100, 7393
2026/08/27 22:17:13.463, 162.82, 100, 7393
2026/08/27 22:17:14.463, 163.11, 100, 7393
2026/08/27 22:17:15.463, 163.17, 100, 7393
2026/08/27 22:17:16.463, 163.15, 100, 7393
2026/08/27 22:17:17.464, 163.24, 100, 7393
2026/08/27 22:17:18.464, 163.00, 99, 7393
2026/08/27 22:17:19.464, 163.19, 100, 7393
2026/08/27 22:17:20.464, 163.16, 100, 7393
2026/08/27 22:17:21.464, 163.06, 99, 7393
2026/08/27 22:17:22.465, 162.96, 100, 7393
2026/08/27 22:17:23.465, 162.96, 100, 7393
2026/08/27 22:17:24.465, 163.04, 99, 7393
2026/08/27 22:17:25.465, 163.04, 100, 7393
2026/08/27 22:17:26.465, 162.93, 100, 7393
2026/08/27 22:17:27.465, 163.24, 100, 7393
2026/08/27 22:17:28.466, 163.23, 100, 7393
2026/08/27 22:17:29.466, 163.23, 100, 7393
2026/08/27 22:17:30.466, 163.23, 100, 7393
2026/08/27 22:17:31.466, 163.17, 99, 7393
2026/08/27 22:17:32.466, 163.27, 100, 7393
2026/08/27 22:17:33.475, 163.29, 100, 7393
2026/08/27 22:17:34.475, 163.10, 100, 7393
2026/08/27 22:17:35.475, 163.12, 100, 7393
2026/08/27 22:17:36.475, 163.05, 100, 7393
2026/08/27 22:17:37.476, 163.12, 99, 7393
2026/08/27 22:17:38.476, 163.09, 100, 7393
2026/08/27 22:17:39.476, 162.88, 100, 7393
2026/08/27 22:17:40.476, 163.18, 100, 7393
2026/08/27 22:17:41.476, 163.21, 100, 7393
2026/08/27 22:17:42.476, 163.10, 99, 7393
2026/08/27 22:17:43.477, 163.27, 99, 7393
2026/08/27 22:17:44.477, 163.12, 100, 7393
2026/08/27 22:17:45.477, 163.27, 100, 7393
2026/08/27 22:17:46.477, 163.37, 100, 7393
2026/08/27 22:17:47.477, 163.48, 100, 7393
2026/08/27 22:17:48.478, 163.12, 99, 7393
2026/08/27 22:17:49.478, 163.26, 100, 7393
2026/08/27 22:17:50.478, 163.21, 100, 7393
2026/08/27 22:17:51.478, 163.30, 99, 7393
2026/08/27 22:17:52.478, 163.16, 100, 7393
2026/08/27 22:17:53.478, 163.08, 100, 7393
2026/08/27 22:17:54.478, 163.37, 100, 7393
2026/08/27 22:17:55.479, 163.10, 100, 7393
2026/08/27 22:17:56.479, 163.29, 100, 7393
2026/08/27 22:17:57.479, 163.10, 100, 7393
2026/08/27 22:17:58.479, 163.37, 100, 7393
2026/08/27 22:17:59.479, 163.20, 100, 7393
2026/08/27 22:18:00.480, 163.11, 100, 7393
2026/08/27 22:18:01.480, 163.15, 100, 7393
2026/08/27 22:18:02.480, 163.27, 100, 7393
2026/08/27 22:18:03.480, 163.16, 99, 7393
2026/08/27 22:18:04.480, 163.32, 100, 7393
2026/08/27 22:18:05.480, 163.26, 100, 7393
2026/08/27 22:18:06.481, 163.27, 99, 7393
2026/08/27 22:18:07.481, 163.47, 100, 7393
2026/08/27 22:18:08.481, 163.39, 100, 7393
2026/08/27 22:18:09.481, 163.34, 99, 7393
2026/08/27 22:18:10.481, 163.39, 100, 7393
2026/08/27 22:18:11.482, 163.52, 100, 7393
2026/08/27 22:18:12.482, 163.24, 99, 7393
2026/08/27 22:18:13.482, 163.34, 100, 7393
2026/08/27 22:18:14.482, 163.17, 100, 7393
2026/08/27 22:18:15.491, 163.35, 99, 7393
2026/08/27 22:18:16.491, 163.27, 100, 7393
2026/08/27 22:18:17.491, 163.43, 100, 7393
2026/08/27 22:18:18.491, 163.40, 99, 7393
2026/08/27 22:18:19.491, 163.29, 100, 7393
2026/08/27 22:18:20.500, 163.39, 99, 7393
2026/08/27 22:18:21.500, 163.45, 100, 7393
2026/08/27 22:18:22.500, 163.51, 100, 7393
2026/08/27 22:18:23.501, 163.13, 99, 7393
2026/08/27 22:18:24.501, 163.35, 100, 7393
2026/08/27 22:18:25.501, 163.33, 100, 7393
2026/08/27 22:18:26.501, 163.42, 99, 7393
2026/08/27 22:18:27.501, 163.35, 100, 7393
2026/08/27 22:18:28.501, 163.33, 100, 7393
2026/08/27 22:18:29.502, 163.50, 99, 7393
2026/08/27 22:18:30.510, 163.49, 100, 7393
2026/08/27 22:18:31.510, 163.44, 100, 7393
2026/08/27 22:18:32.510, 82.46, 0, 7393
2026/08/27 22:18:33.511, 119.28, 100, 7393
2026/08/27 22:18:34.511, 159.33, 98, 7393
2026/08/27 22:18:35.511, 160.16, 100, 7393
2026/08/27 22:18:36.511, 160.16, 100, 7393
2026/08/27 22:18:37.511, 159.12, 98, 7393
2026/08/27 22:18:38.512, 160.36, 100, 7393
2026/08/27 22:18:39.512, 159.98, 100, 7393
2026/08/27 22:18:40.520, 158.94, 98, 7393
2026/08/27 22:18:41.521, 159.99, 100, 7393
2026/08/27 22:18:42.521, 160.24, 100, 7393
2026/08/27 22:18:43.521, 159.15, 98, 7393
2026/08/27 22:18:44.521, 160.02, 100, 7393
2026/08/27 22:18:45.521, 160.76, 100, 7393
2026/08/27 22:18:46.521, 159.02, 98, 7393
2026/08/27 22:18:47.522, 160.76, 100, 7393
2026/08/27 22:18:48.522, 160.71, 100, 7393
2026/08/27 22:18:49.522, 159.36, 99, 7393
2026/08/27 22:18:50.522, 159.55, 100, 7393
2026/08/27 22:18:51.522, 160.41, 100, 7393
2026/08/27 22:18:52.522, 159.62, 100, 7393
2026/08/27 22:18:53.523, 159.41, 100, 7393
2026/08/27 22:18:54.523, 160.46, 100, 7393
2026/08/27 22:18:55.523, 159.70, 100, 7393
2026/08/27 22:18:56.523, 159.86, 100, 7393
2026/08/27 22:18:57.523, 160.92, 100, 7393
2026/08/27 22:18:58.524, 159.84, 100, 7393
2026/08/27 22:18:59.524, 159.98, 100, 7393
2026/08/27 22:19:00.532, 161.03, 100, 7393
2026/08/27 22:19:01.532, 159.52, 100, 7393
2026/08/27 22:19:02.533, 159.83, 99, 7393
2026/08/27 22:19:03.533, 160.37, 100, 7393
2026/08/27 22:19:04.533, 160.10, 100, 7393
2026/08/27 22:19:05.542, 159.37, 98, 7393
2026/08/27 22:19:06.542, 160.18, 100, 7393
2026/08/27 22:19:07.542, 159.77, 100, 7393
2026/08/27 22:19:08.542, 159.62, 98, 7393
2026/08/27 22:19:09.542, 160.24, 100, 7393
2026/08/27 22:19:10.542, 160.24, 100, 7393
2026/08/27 22:19:11.543, 159.22, 98, 7393
2026/08/27 22:19:12.543, 160.84, 100, 7393
2026/08/27 22:19:13.543, 159.98, 100, 7393
2026/08/27 22:19:14.543, 159.38, 98, 7393
2026/08/27 22:19:15.543, 160.87, 100, 7393
2026/08/27 22:19:16.543, 160.59, 100, 7393
2026/08/27 22:19:17.544, 159.10, 98, 7393
2026/08/27 22:19:18.544, 160.17, 100, 7393
2026/08/27 22:19:19.544, 160.10, 100, 7393
2026/08/27 22:19:20.544, 159.00, 98, 7393
2026/08/27 22:19:21.544, 160.21, 100, 7393
2026/08/27 22:19:22.544, 160.15, 100, 7393
2026/08/27 22:19:23.545, 159.21, 98, 7393
2026/08/27 22:19:24.545, 160.92, 100, 7393
2026/08/27 22:19:25.545, 160.46, 100, 7393
2026/08/27 22:19:26.545, 159.10, 98, 7393
2026/08/27 22:19:27.545, 160.07, 100, 7393
2026/08/27 22:19:28.545, 160.54, 100, 7393
2026/08/27 22:19:29.546, 158.89, 98, 7393
2026/08/27 22:19:30.546, 160.12, 100, 7393
2026/08/27 22:19:31.546, 160.50, 100, 7393
2026/08/27 22:19:32.546, 158.99, 98, 7393
2026/08/27 22:19:33.546, 159.73, 100, 7393
2026/08/27 22:19:34.546, 160.68, 100, 7393
2026/08/27 22:19:35.547, 159.40, 100, 7393
2026/08/27 22:19:36.547, 159.60, 100, 7393
2026/08/27 22:19:37.547, 160.76, 100, 7393
2026/08/27 22:19:38.547, 159.57, 100, 7393
2026/08/27 22:19:39.547, 159.55, 100, 7393
2026/08/27 22:19:40.547, 160.69, 100, 7393
2026/08/27 22:19:41.548, 159.54, 100, 7393
2026/08/27 22:19:42.548, 159.26, 100, 7393
2026/08/27 22:19:43.548, 159.30, 100, 7393
2026/08/27 22:19:44.548, 159.79, 100, 7393
2026/08/27 22:19:45.548, 159.63, 100, 7393
2026/08/27 22:19:46.548, 160.63, 100, 7393
2026/08/27 22:19:47.549, 159.76, 100, 7393
2026/08/27 22:19:48.549, 158.64, 90, 7393
2026/08/27 22:19:49.549, 159.19, 100, 7393
2026/08/27 22:19:50.549, 160.00, 100, 7393
2026/08/27 22:19:51.549, 159.44, 97, 7393
2026/08/27 22:19:52.549, 160.03, 100, 7393
2026/08/27 22:19:53.550, 159.95, 100, 7393
2026/08/27 22:19:54.550, 158.18, 98, 7393
2026/08/27 22:19:55.550, 159.93, 100, 7393
2026/08/27 22:19:56.550, 160.05, 100, 7393
2026/08/27 22:19:57.550, 159.54, 98, 7393
2026/08/27 22:19:58.551, 160.12, 100, 7393
2026/08/27 22:19:59.551, 159.02, 100, 7393
2026/08/27 22:20:00.551, 158.98, 98, 7393
2026/08/27 22:20:01.551, 159.83, 100, 7393
2026/08/27 22:20:02.551, 159.85, 100, 7393
2026/08/27 22:20:03.551, 159.05, 98, 7393
2026/08/27 22:20:04.560, 159.82, 100, 7393
2026/08/27 22:20:05.560, 159.89, 100, 7393
2026/08/27 22:20:06.560, 158.86, 98, 7393
2026/08/27 22:20:07.561, 159.87, 100, 7393
2026/08/27 22:20:08.561, 160.16, 100, 7393
2026/08/27 22:20:09.561, 158.99, 93, 7393
2026/08/27 22:20:10.561, 159.59, 100, 7393
2026/08/27 22:20:11.561, 160.40, 100, 7393
2026/08/27 22:20:12.562, 159.66, 100, 7393
2026/08/27 22:20:13.562, 159.49, 100, 7393
2026/08/27 22:20:14.562, 160.66, 100, 7393
2026/08/27 22:20:15.562, 159.02, 100, 7393
2026/08/27 22:20:16.562, 159.93, 100, 7393
2026/08/27 22:20:17.562, 160.94, 100, 7393
2026/08/27 22:20:18.563, 160.00, 100, 7393
2026/08/27 22:20:19.563, 159.80, 100, 7393
2026/08/27 22:20:20.563, 159.89, 100, 7393
2026/08/27 22:20:21.563, 159.86, 100, 7393
2026/08/27 22:20:22.563, 159.76, 98, 7393
2026/08/27 22:20:23.564, 160.27, 100, 7393
2026/08/27 22:20:24.564, 159.69, 100, 7393
2026/08/27 22:20:25.564, 159.06, 98, 7393
2026/08/27 22:20:26.564, 160.74, 100, 7393
2026/08/27 22:20:27.564, 159.71, 100, 7393
2026/08/27 22:20:28.564, 159.39, 98, 7393
2026/08/27 22:20:29.565, 159.93, 100, 7393
2026/08/27 22:20:30.565, 159.44, 100, 7393
2026/08/27 22:20:31.565, 158.91, 98, 7393
2026/08/27 22:20:32.565, 160.48, 100, 7393
2026/08/27 22:20:33.565, 159.68, 100, 7393
2026/08/27 22:20:34.565, 159.16, 98, 7393
2026/08/27 22:20:35.574, 159.79, 100, 7393
2026/08/27 22:20:36.574, 159.50, 100, 7393
2026/08/27 22:20:37.574, 159.02, 98, 7393
2026/08/27 22:20:38.575, 159.86, 100, 7393
2026/08/27 22:20:39.575, 159.76, 100, 7393
2026/08/27 22:20:40.583, 159.04, 98, 7393
2026/08/27 22:20:41.583, 160.04, 100, 7393
2026/08/27 22:20:42.584, 159.69, 100, 7393
2026/08/27 22:20:43.584, 159.10, 98, 7393
2026/08/27 22:20:44.584, 159.74, 100, 7393
2026/08/27 22:20:45.584, 160.03, 100, 7393
2026/08/27 22:20:46.584, 158.63, 97, 7393
2026/08/27 22:20:47.585, 159.83, 100, 7393
2026/08/27 22:20:48.585, 160.23, 100, 7393
2026/08/27 22:20:49.585, 158.69, 98, 7393
2026/08/27 22:20:50.585, 159.73, 100, 7393
2026/08/27 22:20:51.585, 160.60, 100, 7393
2026/08/27 22:20:52.585, 159.16, 99, 7393
2026/08/27 22:20:53.586, 159.98, 100, 7393
2026/08/27 22:20:54.586, 160.24, 100, 7393
2026/08/27 22:20:55.594, 159.36, 100, 7393
2026/08/27 22:20:56.594, 160.17, 100, 7393
2026/08/27 22:20:57.595, 161.02, 100, 7393
2026/08/27 22:20:58.595, 159.75, 100, 7393
2026/08/27 22:20:59.595, 159.81, 100, 7393
2026/08/27 22:21:00.595, 161.08, 100, 7393
2026/08/27 22:21:01.595, 159.77, 100, 7393
2026/08/27 22:21:02.595, 159.60, 100, 7393
2026/08/27 22:21:03.596, 160.50, 100, 7393
2026/08/27 22:21:04.596, 159.52, 100, 7393
2026/08/27 22:21:05.596, 158.53, 100, 7393
2026/08/27 22:21:06.596, 160.57, 100, 7393
2026/08/27 22:21:07.596, 159.77, 100, 7393
2026/08/27 22:21:08.596, 158.58, 96, 7393
2026/08/27 22:21:09.597, 161.64, 100, 7393
2026/08/27 22:21:10.597, 163.00, 100, 7393
2026/08/27 22:21:11.597, 163.23, 100, 7393
2026/08/27 22:21:12.597, 163.21, 100, 7393
2026/08/27 22:21:13.597, 163.25, 100, 7393
2026/08/27 22:21:14.597, 163.33, 99, 7393
2026/08/27 22:21:15.598, 163.45, 100, 7393
2026/08/27 22:21:16.598, 163.35, 100, 7393
2026/08/27 22:21:17.598, 163.06, 99, 7393
2026/08/27 22:21:18.598, 163.26, 100, 7393
2026/08/27 22:21:19.598, 163.12, 100, 7393
2026/08/27 22:21:20.598, 163.12, 99, 7393
2026/08/27 22:21:21.599, 163.27, 100, 7393
2026/08/27 22:21:22.599, 163.12, 100, 7393
2026/08/27 22:21:23.599, 163.23, 99, 7393
2026/08/27 22:21:24.599, 163.36, 100, 7393
2026/08/27 22:21:25.599, 163.22, 100, 7393
2026/08/27 22:21:26.599, 163.17, 100, 7393
2026/08/27 22:21:27.600, 163.47, 100, 7393
2026/08/27 22:21:28.608, 163.22, 100, 7393
2026/08/27 22:21:29.608, 163.38, 100, 7393
2026/08/27 22:21:30.609, 163.02, 100, 7393
2026/08/27 22:21:31.609, 163.23, 100, 7393
2026/08/27 22:21:32.609, 163.09, 99, 7393
2026/08/27 22:21:33.617, 163.38, 100, 7393
2026/08/27 22:21:34.618, 163.41, 100, 7393
2026/08/27 22:21:35.618, 163.13, 99, 7393
2026/08/27 22:21:36.618, 163.51, 100, 7393
2026/08/27 22:21:37.618, 163.17, 99, 7393
2026/08/27 22:21:38.627, 163.43, 99, 7393
2026/08/27 22:21:39.627, 163.10, 100, 7393
2026/08/27 22:21:40.627, 163.28, 99, 7393
2026/08/27 22:21:41.627, 163.33, 100, 7393
2026/08/27 22:21:42.627, 163.41, 100, 7393
2026/08/27 22:21:43.627, 163.19, 98, 7393
2026/08/27 22:21:44.628, 163.28, 100, 7393
2026/08/27 22:21:45.628, 163.27, 100, 7393
2026/08/27 22:21:46.628, 163.17, 100, 7393
2026/08/27 22:21:47.628, 163.49, 100, 7393
2026/08/27 22:21:48.628, 163.04, 100, 7393
2026/08/27 22:21:49.628, 163.26, 99, 7393
2026/08/27 22:21:50.629, 163.35, 100, 7393
2026/08/27 22:21:51.629, 163.33, 100, 7393
2026/08/27 22:21:52.629, 163.11, 99, 7393
2026/08/27 22:21:53.629, 163.19, 100, 7393
2026/08/27 22:21:54.629, 163.54, 100, 7393
2026/08/27 22:21:55.630, 163.37, 100, 7393
2026/08/27 22:21:56.630, 163.43, 100, 7393
2026/08/27 22:21:57.630, 163.45, 100, 7393
2026/08/27 22:21:58.630, 163.40, 100, 7393
2026/08/27 22:21:59.630, 163.38, 100, 7393
2026/08/27 22:22:00.630, 163.48, 100, 7393
2026/08/27 22:22:01.631, 163.42, 99, 7393
2026/08/27 22:22:02.631, 163.27, 100, 7393
2026/08/27 22:22:03.631, 163.41, 100, 7393
2026/08/27 22:22:04.631, 163.35, 100, 7393
2026/08/27 22:22:05.631, 163.37, 100, 7393
2026/08/27 22:22:06.632, 163.56, 100, 7393
2026/08/27 22:22:07.632, 163.31, 99, 7393
2026/08/27 22:22:08.632, 163.52, 100, 7393
2026/08/27 22:22:09.632, 163.44, 100, 7393
2026/08/27 22:22:10.632, 163.37, 99, 7393
2026/08/27 22:22:11.632, 163.50, 100, 7393
2026/08/27 22:22:12.633, 163.46, 99, 7393
2026/08/27 22:22:13.633, 163.38, 100, 7393
2026/08/27 22:22:14.633, 163.43, 100, 7393
2026/08/27 22:22:15.633, 163.24, 99, 7393
2026/08/27 22:22:16.633, 163.41, 100, 7393
2026/08/27 22:22:17.634, 163.34, 100, 7393
2026/08/27 22:22:18.634, 163.57, 99, 7393
2026/08/27 22:22:19.634, 163.43, 100, 7393
2026/08/27 22:22:20.634, 163.48, 100, 7393
2026/08/27 22:22:21.634, 163.47, 99, 7393
2026/08/27 22:22:22.634, 163.57, 100, 7393
2026/08/27 22:22:23.635, 163.22, 100, 7393
2026/08/27 22:22:24.635, 163.48, 99, 7393
2026/08/27 22:22:25.635, 163.37, 100, 7393
2026/08/27 22:22:26.635, 163.29, 100, 7393
2026/08/27 22:22:27.635, 163.16, 100, 7393
2026/08/27 22:22:28.635, 163.49, 100, 7393
2026/08/27 22:22:29.636, 163.53, 100, 7393
2026/08/27 22:22:30.636, 163.51, 100, 7393
2026/08/27 22:22:31.636, 163.47, 100, 7393
2026/08/27 22:22:32.636, 163.44, 100, 7393
2026/08/27 22:22:33.636, 163.58, 99, 7393
2026/08/27 22:22:34.636, 163.54, 100, 7393
2026/08/27 22:22:35.637, 163.49, 100, 7393
2026/08/27 22:22:36.637, 163.51, 99, 7393
2026/08/27 22:22:37.637, 163.53, 100, 7393
2026/08/27 22:22:38.637, 163.42, 100, 7393
2026/08/27 22:22:39.637, 163.39, 99, 7393
2026/08/27 22:22:40.638, 163.21, 100, 7393
2026/08/27 22:22:41.638, 163.11, 100, 7393
2026/08/27 22:22:42.638, 163.35, 99, 7393
2026/08/27 22:22:43.638, 163.46, 100, 7393
2026/08/27 22:22:44.638, 163.45, 99, 7393
2026/08/27 22:22:45.638, 63.45, 4, 7393
2026/08/27 22:22:46.639, 155.70, 100, 7393
2026/08/27 22:22:47.639, 161.12, 100, 7393
2026/08/27 22:22:48.639, 160.10, 100, 7393
2026/08/27 22:22:49.639, 160.09, 100, 7393
2026/08/27 22:22:50.639, 160.78, 100, 7393
2026/08/27 22:22:51.639, 160.40, 100, 7393
2026/08/27 22:22:52.640, 159.82, 98, 7393
2026/08/27 22:22:53.640, 160.80, 100, 7393
2026/08/27 22:22:54.648, 160.12, 100, 7393
2026/08/27 22:22:55.649, 159.53, 98, 7393
2026/08/27 22:22:56.649, 161.05, 100, 7393
2026/08/27 22:22:57.649, 160.54, 100, 7393
2026/08/27 22:22:58.649, 159.58, 98, 7393
2026/08/27 22:22:59.658, 160.66, 100, 7393
2026/08/27 22:23:00.658, 160.29, 100, 7393
2026/08/27 22:23:01.658, 159.24, 98, 7393
2026/08/27 22:23:02.658, 160.79, 100, 7393
2026/08/27 22:23:03.658, 160.05, 100, 7393
2026/08/27 22:23:04.659, 159.32, 98, 7393
2026/08/27 22:23:05.659, 159.97, 100, 7393
2026/08/27 22:23:06.659, 159.95, 100, 7393
2026/08/27 22:23:07.659, 159.22, 98, 7393
2026/08/27 22:23:08.659, 160.13, 100, 7393
2026/08/27 22:23:09.668, 160.83, 100, 7393
2026/08/27 22:23:10.668, 159.25, 98, 7393
2026/08/27 22:23:11.668, 161.31, 100, 7393
2026/08/27 22:23:12.668, 160.69, 100, 7393
2026/08/27 22:23:13.669, 159.23, 98, 7393
2026/08/27 22:23:14.669, 160.03, 100, 7393
2026/08/27 22:23:15.669, 160.71, 100, 7393
2026/08/27 22:23:16.669, 159.06, 98, 7393
2026/08/27 22:23:17.669, 159.98, 100, 7393
2026/08/27 22:23:18.670, 160.35, 100, 7393
2026/08/27 22:23:19.678, 159.54, 98, 7393
2026/08/27 22:23:20.678, 159.97, 100, 7393
2026/08/27 22:23:21.679, 160.87, 100, 7393
2026/08/27 22:23:22.679, 159.48, 100, 7393
2026/08/27 22:23:23.679, 159.75, 100, 7393
2026/08/27 22:23:24.679, 160.40, 100, 7393
2026/08/27 22:23:25.679, 159.46, 100, 7393
2026/08/27 22:23:26.679, 160.04, 100, 7393
2026/08/27 22:23:27.680, 161.20, 100, 7393
2026/08/27 22:23:28.680, 159.43, 100, 7393
2026/08/27 22:23:29.680, 159.30, 100, 7393
2026/08/27 22:23:30.680, 160.54, 100, 7393
2026/08/27 22:23:31.680, 160.04, 100, 7393
2026/08/27 22:23:32.681, 159.65, 99, 7393
2026/08/27 22:23:33.681, 160.53, 100, 7393
2026/08/27 22:23:34.681, 160.11, 100, 7393
2026/08/27 22:23:35.681, 159.60, 98, 7393
2026/08/27 22:23:36.681, 160.64, 100, 7393
2026/08/27 22:23:37.682, 160.18, 100, 7393
2026/08/27 22:23:38.682, 159.57, 98, 7393
2026/08/27 22:23:39.682, 160.38, 100, 7393
2026/08/27 22:23:40.682, 160.47, 100, 7393
2026/08/27 22:23:41.682, 159.83, 98, 7393
2026/08/27 22:23:42.682, 160.30, 100, 7393
2026/08/27 22:23:43.683, 159.78, 100, 7393
2026/08/27 22:23:44.683, 159.54, 97, 7393
2026/08/27 22:23:45.683, 160.90, 100, 7393
2026/08/27 22:23:46.683, 160.47, 100, 7393
2026/08/27 22:23:47.683, 159.24, 98, 7393
2026/08/27 22:23:48.684, 160.90, 100, 7393
2026/08/27 22:23:49.692, 160.55, 100, 7393
2026/08/27 22:23:50.692, 159.07, 98, 7393
2026/08/27 22:23:51.693, 159.96, 100, 7393
2026/08/27 22:23:52.693, 160.14, 100, 7393
2026/08/27 22:23:53.693, 159.21, 98, 7393
2026/08/27 22:23:54.693, 160.11, 100, 7393
2026/08/27 22:23:55.693, 160.79, 100, 7393
2026/08/27 22:23:56.694, 159.33, 98, 7393
2026/08/27 22:23:57.694, 160.08, 100, 7393
2026/08/27 22:23:58.694, 160.75, 100, 7393
2026/08/27 22:23:59.703, 159.08, 98, 7393
2026/08/27 22:24:00.703, 160.68, 100, 7393
2026/08/27 22:24:01.703, 160.13, 100, 7393
2026/08/27 22:24:02.703, 159.83, 99, 7393
2026/08/27 22:24:03.703, 159.65, 100, 7393
2026/08/27 22:24:04.703, 160.63, 100, 7393
2026/08/27 22:24:05.704, 160.00, 100, 7393
2026/08/27 22:24:06.704, 159.50, 100, 7393
2026/08/27 22:24:07.704, 160.16, 100, 7393
2026/08/27 22:24:08.704, 159.52, 100, 7393
2026/08/27 22:24:09.704, 159.86, 100, 7393
2026/08/27 22:24:10.705, 161.10, 100, 7393
2026/08/27 22:24:11.705, 159.67, 100, 7393
2026/08/27 22:24:12.705, 159.43, 100, 7393
2026/08/27 22:24:13.705, 160.47, 100, 7393
2026/08/27 22:24:14.705, 159.65, 100, 7393
2026/08/27 22:24:15.706, 159.41, 98, 7393
2026/08/27 22:24:16.706, 160.43, 100, 7393
2026/08/27 22:24:17.706, 159.66, 100, 7393
2026/08/27 22:24:18.706, 159.63, 98, 7393
2026/08/27 22:24:19.706, 160.45, 100, 7393
2026/08/27 22:24:20.706, 159.22, 100, 7393
2026/08/27 22:24:21.707, 159.50, 98, 7393
2026/08/27 22:24:22.707, 160.17, 100, 7393
2026/08/27 22:24:23.707, 159.58, 100, 7393
2026/08/27 22:24:24.707, 158.93, 98, 7393
2026/08/27 22:24:25.707, 159.85, 100, 7393
2026/08/27 22:24:26.707, 160.48, 100, 7393
2026/08/27 22:24:27.708, 159.39, 98, 7393
2026/08/27 22:24:28.708, 160.12, 100, 7393
2026/08/27 22:24:29.708, 160.50, 100, 7393
2026/08/27 22:24:30.708, 159.27, 98, 7393
2026/08/27 22:24:31.708, 160.33, 100, 7393
2026/08/27 22:24:32.709, 160.18, 100, 7393
2026/08/27 22:24:33.709, 159.23, 98, 7393
2026/08/27 22:24:34.709, 160.17, 100, 7393
2026/08/27 22:24:35.709, 160.42, 100, 7393
2026/08/27 22:24:36.709, 159.29, 98, 7393
2026/08/27 22:24:37.709, 160.20, 100, 7393
2026/08/27 22:24:38.710, 161.02, 100, 7393
2026/08/27 22:24:39.710, 159.72, 98, 7393
2026/08/27 22:24:40.710, 160.62, 100, 7393
2026/08/27 22:24:41.710, 159.97, 100, 7393
2026/08/27 22:24:42.710, 159.85, 100, 7393
2026/08/27 22:24:43.710, 160.13, 100, 7393
2026/08/27 22:24:44.711, 161.24, 100, 7393
2026/08/27 22:24:45.711, 159.57, 100, 7393
2026/08/27 22:24:46.711, 158.54, 100, 7393
2026/08/27 22:24:47.711, 160.83, 100, 7393
2026/08/27 22:24:48.711, 159.67, 100, 7393
2026/08/27 22:24:49.711, 159.61, 99, 7393
2026/08/27 22:24:50.712, 160.55, 100, 7393
2026/08/27 22:24:51.720, 159.47, 100, 7393
2026/08/27 22:24:52.721, 159.76, 98, 7393
2026/08/27 22:24:53.721, 160.49, 100, 7393
2026/08/27 22:24:54.721, 159.84, 100, 7393
2026/08/27 22:24:55.721, 159.76, 98, 7393
2026/08/27 22:24:56.721, 160.85, 100, 7393
2026/08/27 22:24:57.721, 160.33, 100, 7393
2026/08/27 22:24:58.722, 159.27, 98, 7393
2026/08/27 22:24:59.722, 160.41, 100, 7393
2026/08/27 22:25:00.722, 159.97, 100, 7393
2026/08/27 22:25:01.722, 159.40, 98, 7393
2026/08/27 22:25:02.722, 160.49, 100, 7393
2026/08/27 22:25:03.722, 158.88, 100, 7393
2026/08/27 22:25:04.723, 159.81, 97, 7393
2026/08/27 22:25:05.723, 160.91, 100, 7393
2026/08/27 22:25:06.731, 159.32, 100, 7393
2026/08/27 22:25:07.732, 159.77, 98, 7393
2026/08/27 22:25:08.732, 160.35, 100, 7393
2026/08/27 22:25:09.732, 159.47, 100, 7393
2026/08/27 22:25:10.732, 159.91, 98, 7393
2026/08/27 22:25:11.741, 160.19, 100, 7393
2026/08/27 22:25:12.741, 159.69, 100, 7393
2026/08/27 22:25:13.741, 159.74, 98, 7393
2026/08/27 22:25:14.741, 160.88, 100, 7393
2026/08/27 22:25:15.741, 159.23, 100, 7393
2026/08/27 22:25:16.742, 159.51, 100, 7393
2026/08/27 22:25:17.742, 160.39, 100, 7393
2026/08/27 22:25:18.742, 159.79, 100, 7393
2026/08/27 22:25:19.742, 159.59, 100, 7393
2026/08/27 22:25:20.742, 159.19, 100, 7393
2026/08/27 22:25:21.742, 163.17, 100, 7393
2026/08/27 22:25:22.743, 162.91, 99, 7393
2026/08/27 22:25:23.743, 163.14, 100, 7393
2026/08/27 22:25:24.743, 163.18, 100, 7393
2026/08/27 22:25:25.743, 162.81, 99, 7393
2026/08/27 22:25:26.743, 163.08, 100, 7393
2026/08/27 22:25:27.743, 163.12, 100, 7393
2026/08/27 22:25:28.744, 163.15, 99, 7393
2026/08/27 22:25:29.744, 163.07, 100, 7393
2026/08/27 22:25:30.744, 163.27, 100, 7393
2026/08/27 22:25:31.744, 163.19, 99, 7393
2026/08/27 22:25:32.744, 163.25, 100, 7393
2026/08/27 22:25:33.744, 162.99, 100, 7393
2026/08/27 22:25:34.745, 162.96, 99, 7393
2026/08/27 22:25:35.745, 163.28, 100, 7393
2026/08/27 22:25:36.745, 163.19, 99, 7393
2026/08/27 22:25:37.745, 163.40, 99, 7393
2026/08/27 22:25:38.745, 162.99, 100, 7393
2026/08/27 22:25:39.745, 163.28, 99, 7393
2026/08/27 22:25:40.754, 163.29, 100, 7393
2026/08/27 22:25:41.754, 163.21, 100, 7393
2026/08/27 22:25:42.754, 163.13, 99, 7393
2026/08/27 22:25:43.755, 163.36, 100, 7393
2026/08/27 22:25:44.755, 163.25, 100, 7393
2026/08/27 22:25:45.755, 163.33, 99, 7393
2026/08/27 22:25:46.755, 163.13, 100, 7393
2026/08/27 22:25:47.755, 162.90, 100, 7393
2026/08/27 22:25:48.755, 163.09, 99, 7393
2026/08/27 22:25:49.756, 163.51, 100, 7393
2026/08/27 22:25:50.756, 163.29, 100, 7393
2026/08/27 22:25:51.756, 162.95, 99, 7393
2026/08/27 22:25:52.756, 163.36, 100, 7393
2026/08/27 22:25:53.756, 163.21, 100, 7393
2026/08/27 22:25:54.757, 163.25, 100, 7393
2026/08/27 22:25:55.757, 163.15, 100, 7393
2026/08/27 22:25:56.757, 163.20, 100, 7393
2026/08/27 22:25:57.766, 163.18, 99, 7393
2026/08/27 22:25:58.766, 163.17, 100, 7393
2026/08/27 22:25:59.766, 163.33, 100, 7393
2026/08/27 22:26:00.766, 163.18, 99, 7393
2026/08/27 22:26:01.766, 163.28, 100, 7393
2026/08/27 22:26:02.775, 163.11, 100, 7393
2026/08/27 22:26:03.775, 163.28, 99, 7393
2026/08/27 22:26:04.775, 163.19, 100, 7393
2026/08/27 22:26:05.775, 163.20, 100, 7393
2026/08/27 22:26:06.776, 163.25, 100, 7393
2026/08/27 22:26:07.776, 163.57, 100, 7393
2026/08/27 22:26:08.776, 163.21, 99, 7393
2026/08/27 22:26:09.776, 163.21, 99, 7393
2026/08/27 22:26:10.776, 163.41, 100, 7393
2026/08/27 22:26:11.776, 163.49, 99, 7393
2026/08/27 22:26:12.777, 163.59, 100, 7393
2026/08/27 22:26:13.777, 163.37, 100, 7393
2026/08/27 22:26:14.777, 163.48, 99, 7393
2026/08/27 22:26:15.777, 163.70, 100, 7393
2026/08/27 22:26:16.777, 163.65, 100, 7393
2026/08/27 22:26:17.786, 163.24, 99, 7393
2026/08/27 22:26:18.786, 163.40, 100, 7393
2026/08/27 22:26:19.786, 163.55, 100, 7393
2026/08/27 22:26:20.787, 163.51, 100, 7393
2026/08/27 22:26:21.787, 163.54, 100, 7393
2026/08/27 22:26:22.787, 163.35, 100, 7393
2026/08/27 22:26:23.787, 163.31, 99, 7393
2026/08/27 22:26:24.787, 163.62, 100, 7393
2026/08/27 22:26:25.787, 163.72, 100, 7393
2026/08/27 22:26:26.788, 163.25, 99, 7393
2026/08/27 22:26:27.796, 163.31, 100, 7393
2026/08/27 22:26:28.796, 163.26, 100, 7393
2026/08/27 22:26:29.796, 163.35, 100, 7393
2026/08/27 22:26:30.797, 163.23, 100, 7393
2026/08/27 22:26:31.797, 163.32, 100, 7393
2026/08/27 22:26:32.797, 163.37, 99, 7393
2026/08/27 22:26:33.797, 163.44, 100, 7393
2026/08/27 22:26:34.797, 163.57, 100, 7393
2026/08/27 22:26:35.797, 163.33, 100, 7393
2026/08/27 22:26:36.798, 163.62, 100, 7393
2026/08/27 22:26:37.806, 163.40, 100, 7393
2026/08/27 22:26:38.806, 163.70, 100, 7393
2026/08/27 22:26:39.807, 163.59, 100, 7393
2026/08/27 22:26:40.807, 163.60, 100, 7393
2026/08/27 22:26:41.807, 163.46, 99, 7393
2026/08/27 22:26:42.815, 163.53, 100, 7393
2026/08/27 22:26:43.816, 163.39, 99, 7393
2026/08/27 22:26:44.816, 163.59, 99, 7393
2026/08/27 22:26:45.816, 163.49, 100, 7393
2026/08/27 22:26:46.816, 163.67, 99, 7393
2026/08/27 22:26:47.816, 163.52, 100, 7393
2026/08/27 22:26:48.817, 163.49, 100, 7393
2026/08/27 22:26:49.817, 163.51, 100, 7393
2026/08/27 22:26:50.817, 163.58, 100, 7393
2026/08/27 22:26:51.817, 163.74, 100, 7393
2026/08/27 22:26:52.817, 163.50, 99, 7393
2026/08/27 22:26:53.817, 163.49, 100, 7393
2026/08/27 22:26:54.818, 163.53, 100, 7393
2026/08/27 22:26:55.818, 163.65, 99, 7393
2026/08/27 22:26:56.818, 163.49, 100, 7393
2026/08/27 22:26:57.827, 50.25, 100, 7393
2026/08/27 22:26:58.827, 160.80, 100, 7393
2026/08/27 22:26:59.827, 159.49, 100, 7393
2026/08/27 22:27:00.827, 159.45, 100, 7393
2026/08/27 22:27:01.827, 161.17, 100, 7393
2026/08/27 22:27:02.827, 159.61, 100, 7393
2026/08/27 22:27:03.828, 159.45, 100, 7393
2026/08/27 22:27:04.828, 160.56, 100, 7393
2026/08/27 22:27:05.828, 159.78, 100, 7393
2026/08/27 22:27:06.828, 159.31, 99, 7393
2026/08/27 22:27:07.837, 160.42, 100, 7393
2026/08/27 22:27:08.837, 160.13, 100, 7393
2026/08/27 22:27:09.837, 159.66, 98, 7393
2026/08/27 22:27:10.837, 160.55, 100, 7393
2026/08/27 22:27:11.837, 160.10, 100, 7393
2026/08/27 22:27:12.846, 159.64, 98, 7393
2026/08/27 22:27:13.846, 160.47, 100, 7393
2026/08/27 22:27:14.846, 159.98, 100, 7393
2026/08/27 22:27:15.847, 159.55, 98, 7393
2026/08/27 22:27:16.847, 160.30, 100, 7393
2026/08/27 22:27:17.847, 159.51, 100, 7393
2026/08/27 22:27:18.847, 159.12, 98, 7393
2026/08/27 22:27:19.847, 160.32, 100, 7393
2026/08/27 22:27:20.847, 160.22, 100, 7393
2026/08/27 22:27:21.848, 159.18, 98, 7393
2026/08/27 22:27:22.848, 160.01, 100, 7393
2026/08/27 22:27:23.848, 159.69, 100, 7393
2026/08/27 22:27:24.848, 158.74, 98, 7393
2026/08/27 22:27:25.848, 159.61, 100, 7393
2026/08/27 22:27:26.848, 160.19, 100, 7393
2026/08/27 22:27:27.849, 157.73, 89, 7393
2026/08/27 22:27:28.849, 158.85, 100, 7393
2026/08/27 22:27:29.849, 159.91, 100, 7393
2026/08/27 22:27:30.849, 158.89, 98, 7393
2026/08/27 22:27:31.849, 159.61, 100, 7393
2026/08/27 22:27:32.849, 159.81, 100, 7393
2026/08/27 22:27:33.850, 158.05, 98, 7393
2026/08/27 22:27:34.850, 160.15, 100, 7393
2026/08/27 22:27:35.850, 160.49, 100, 7393
2026/08/27 22:27:36.850, 159.55, 100, 7393
2026/08/27 22:27:37.850, 159.89, 100, 7393
2026/08/27 22:27:38.850, 159.48, 100, 7393
2026/08/27 22:27:39.851, 159.89, 100, 7393
2026/08/27 22:27:40.851, 159.68, 100, 7393
2026/08/27 22:27:41.851, 160.77, 100, 7393
2026/08/27 22:27:42.851, 159.39, 100, 7393
2026/08/27 22:27:43.851, 159.30, 100, 7393
2026/08/27 22:27:44.851, 160.85, 100, 7393
2026/08/27 22:27:45.852, 159.49, 100, 7393
2026/08/27 22:27:46.852, 159.41, 99, 7393
2026/08/27 22:27:47.852, 160.07, 100, 7393
2026/08/27 22:27:48.852, 159.63, 100, 7393
2026/08/27 22:27:49.852, 159.21, 98, 7393
2026/08/27 22:27:50.853, 160.25, 100, 7393
2026/08/27 22:27:51.853, 159.53, 100, 7393
2026/08/27 22:27:52.853, 159.36, 98, 7393
2026/08/27 22:27:53.853, 160.09, 100, 7393
2026/08/27 22:27:54.853, 160.00, 100, 7393
2026/08/27 22:27:55.853, 159.09, 97, 7393
2026/08/27 22:27:56.854, 159.96, 100, 7393
2026/08/27 22:27:57.854, 159.66, 100, 7393
2026/08/27 22:27:58.854, 158.94, 98, 7393
2026/08/27 22:27:59.854, 159.81, 100, 7393
2026/08/27 22:28:00.854, 159.81, 100, 7393
2026/08/27 22:28:01.855, 158.85, 98, 7393
2026/08/27 22:28:02.855, 160.24, 100, 7393
2026/08/27 22:28:03.855, 159.80, 100, 7393
2026/08/27 22:28:04.855, 159.04, 98, 7393
2026/08/27 22:28:05.855, 160.59, 100, 7393
2026/08/27 22:28:06.856, 160.49, 100, 7393
2026/08/27 22:28:07.856, 158.74, 98, 7393
2026/08/27 22:28:08.856, 159.84, 100, 7393
2026/08/27 22:28:09.856, 160.37, 100, 7393
2026/08/27 22:28:10.856, 158.73, 98, 7393
2026/08/27 22:28:11.856, 159.71, 100, 7393
2026/08/27 22:28:12.857, 160.33, 100, 7393
2026/08/27 22:28:13.865, 158.94, 98, 7393
2026/08/27 22:28:14.865, 159.74, 100, 7393
2026/08/27 22:28:15.865, 160.27, 100, 7393
2026/08/27 22:28:16.866, 158.77, 98, 7393
2026/08/27 22:28:17.866, 159.80, 100, 7393
2026/08/27 22:28:18.866, 160.38, 100, 7393
2026/08/27 22:28:19.866, 159.30, 98, 7393
2026/08/27 22:28:20.866, 160.81, 100, 7393
2026/08/27 22:28:21.866, 160.08, 100, 7393
2026/08/27 22:28:22.867, 159.32, 99, 7393
2026/08/27 22:28:23.875, 160.28, 100, 7393
2026/08/27 22:28:24.875, 159.86, 100, 7393
2026/08/27 22:28:25.876, 159.13, 98, 7393
2026/08/27 22:28:26.876, 159.65, 100, 7393
2026/08/27 22:28:27.876, 159.89, 100, 7393
2026/08/27 22:28:28.876, 159.23, 98, 7393
2026/08/27 22:28:29.876, 159.83, 100, 7393
2026/08/27 22:28:30.876, 160.16, 100, 7393
2026/08/27 22:28:31.876, 159.02, 98, 7393
2026/08/27 22:28:32.877, 159.86, 100, 7393
2026/08/27 22:28:33.885, 160.32, 100, 7393
2026/08/27 22:28:34.885, 158.86, 98, 7393
2026/08/27 22:28:35.886, 159.87, 100, 7393
2026/08/27 22:28:36.886, 160.42, 100, 7393
2026/08/27 22:28:37.886, 158.74, 98, 7393
2026/08/27 22:28:38.895, 159.95, 100, 7393
2026/08/27 22:28:39.895, 159.97, 100, 7393
2026/08/27 22:28:40.895, 159.07, 98, 7393
2026/08/27 22:28:41.895, 160.51, 100, 7393
2026/08/27 22:28:42.895, 160.40, 100, 7393
2026/08/27 22:28:43.895, 159.06, 98, 7393
2026/08/27 22:28:44.896, 160.75, 100, 7393
2026/08/27 22:28:45.896, 160.56, 100, 7393
2026/08/27 22:28:46.896, 159.09, 98, 7393
2026/08/27 22:28:47.896, 159.77, 100, 7393
2026/08/27 22:28:48.896, 160.08, 100, 7393
2026/08/27 22:28:49.896, 159.13, 98, 7393
2026/08/27 22:28:50.897, 160.28, 100, 7393
2026/08/27 22:28:51.897, 160.62, 100, 7393
2026/08/27 22:28:52.897, 159.29, 99, 7393
2026/08/27 22:28:53.897, 160.44, 100, 7393
2026/08/27 22:28:54.897, 160.21, 100, 7393
2026/08/27 22:28:55.898, 159.29, 100, 7393
2026/08/27 22:28:56.898, 159.34, 100, 7393
2026/08/27 22:28:57.898, 160.51, 100, 7393
2026/08/27 22:28:58.898, 159.70, 100, 7393
2026/08/27 22:28:59.898, 159.59, 100, 7393
2026/08/27 22:29:00.898, 160.78, 100, 7393
2026/08/27 22:29:01.899, 159.54, 100, 7393
2026/08/27 22:29:02.899, 159.90, 100, 7393
2026/08/27 22:29:03.899, 160.14, 100, 7393
2026/08/27 22:29:04.899, 159.18, 100, 7393
2026/08/27 22:29:05.899, 159.13, 100, 7393
2026/08/27 22:29:06.900, 160.21, 100, 7393
2026/08/27 22:29:07.900, 159.69, 100, 7393
2026/08/27 22:29:08.900, 158.20, 98, 7393
2026/08/27 22:29:09.900, 160.15, 100, 7393
2026/08/27 22:29:10.900, 159.49, 100, 7393
2026/08/27 22:29:11.900, 159.14, 98, 7393
2026/08/27 22:29:12.901, 159.92, 100, 7393
2026/08/27 22:29:13.901, 158.53, 100, 7393
2026/08/27 22:29:14.901, 159.18, 98, 7393
2026/08/27 22:29:15.901, 159.84, 100, 7393
2026/08/27 22:29:16.901, 159.46, 100, 7393
2026/08/27 22:29:17.902, 159.23, 98, 7393
2026/08/27 22:29:18.902, 158.91, 100, 7393
2026/08/27 22:29:19.902, 159.62, 100, 7393
2026/08/27 22:29:20.902, 158.91, 98, 7393
2026/08/27 22:29:21.902, 159.76, 100, 7393
2026/08/27 22:29:22.902, 159.70, 100, 7393
2026/08/27 22:29:23.903, 158.58, 98, 7393
2026/08/27 22:29:24.903, 159.60, 100, 7393
2026/08/27 22:29:25.903, 160.20, 100, 7393
2026/08/27 22:29:26.903, 158.60, 98, 7393
2026/08/27 22:29:27.903, 159.45, 100, 7393
2026/08/27 22:29:28.903, 159.81, 100, 7393
2026/08/27 22:29:29.904, 158.62, 98, 7393
2026/08/27 22:29:30.904, 160.35, 100, 7393
2026/08/27 22:29:31.904, 160.01, 100, 7393
2026/08/27 22:29:32.904, 159.20, 100, 7393
2026/08/27 22:29:33.904, 162.83, 100, 7393
2026/08/27 22:29:34.905, 162.72, 100, 7393
2026/08/27 22:29:35.905, 162.77, 100, 7393
2026/08/27 22:29:36.905, 162.63, 99, 7393
2026/08/27 22:29:37.905, 162.67, 100, 7393
2026/08/27 22:29:38.905, 162.62, 100, 7393
2026/08/27 22:29:39.905, 162.85, 100, 7393
2026/08/27 22:29:40.906, 162.92, 100, 7393
2026/08/27 22:29:41.906, 162.67, 100, 7393
2026/08/27 22:29:42.906, 162.90, 99, 7393
2026/08/27 22:29:43.906, 163.11, 100, 7393
2026/08/27 22:29:44.906, 163.03, 100, 7393
2026/08/27 22:29:45.906, 162.80, 99, 7393
2026/08/27 22:29:46.915, 162.97, 100, 7393
2026/08/27 22:29:47.915, 163.07, 100, 7393
2026/08/27 22:29:48.915, 162.74, 100, 7393
2026/08/27 22:29:49.916, 163.11, 100, 7393
2026/08/27 22:29:50.916, 162.94, 100, 7393
2026/08/27 22:29:51.916, 162.99, 100, 7393
2026/08/27 22:29:52.916, 162.94, 100, 7393
2026/08/27 22:29:53.916, 163.12, 99, 7393
2026/08/27 22:29:54.916, 162.63, 100, 7393
2026/08/27 22:29:55.917, 163.05, 100, 7393
2026/08/27 22:29:56.917, 162.82, 99, 7393
2026/08/27 22:29:57.917, 162.85, 100, 7393
2026/08/27 22:29:58.917, 162.87, 100, 7393
2026/08/27 22:29:59.917, 162.93, 99, 7393
2026/08/27 22:30:00.917, 162.99, 100, 7393
2026/08/27 22:30:01.918, 163.25, 100, 7393
2026/08/27 22:30:02.918, 163.07, 99, 7393
2026/08/27 22:30:03.918, 162.87, 100, 7393
2026/08/27 22:30:04.918, 163.06, 100, 7393
2026/08/27 22:30:05.918, 162.84, 99, 7393
2026/08/27 22:30:06.919, 163.01, 100, 7393
2026/08/27 22:30:07.919, 162.76, 100, 7393
2026/08/27 22:30:08.919, 163.79, 99, 7393
2026/08/27 22:30:09.919, 164.15, 100, 7393
2026/08/27 22:30:10.919, 164.33, 100, 7393
2026/08/27 22:30:11.919, 164.06, 98, 7393
2026/08/27 22:30:12.920, 163.79, 100, 7393
2026/08/27 22:30:13.920, 163.09, 100, 7393
2026/08/27 22:30:14.920, 163.33, 100, 7393
2026/08/27 22:30:15.920, 163.09, 100, 7393
2026/08/27 22:30:16.920, 163.05, 100, 7393
2026/08/27 22:30:17.920, 163.06, 100, 7393
2026/08/27 22:30:18.921, 163.13, 100, 7393
2026/08/27 22:30:19.921, 163.08, 100, 7393
2026/08/27 22:30:20.921, 163.08, 100, 7393
2026/08/27 22:30:21.921, 163.38, 100, 7393
2026/08/27 22:30:22.930, 163.32, 100, 7393
2026/08/27 22:30:23.930, 163.30, 99, 7393
2026/08/27 22:30:24.930, 163.23, 100, 7393
2026/08/27 22:30:25.930, 163.16, 100, 7393
2026/08/27 22:30:26.930, 163.29, 100, 7393
2026/08/27 22:30:27.931, 163.37, 100, 7393
2026/08/27 22:30:28.931, 163.28, 100, 7393
2026/08/27 22:30:29.931, 163.20, 100, 7393
2026/08/27 22:30:30.931, 163.39, 100, 7393
2026/08/27 22:30:31.931, 163.47, 100, 7393
2026/08/27 22:30:32.931, 163.19, 99, 7393
2026/08/27 22:30:33.931, 163.13, 100, 7393
2026/08/27 22:30:34.932, 163.20, 99, 7393
2026/08/27 22:30:35.932, 163.33, 99, 7393
2026/08/27 22:30:36.932, 163.19, 100, 7393
2026/08/27 22:30:37.932, 163.36, 99, 7393
2026/08/27 22:30:38.932, 163.21, 100, 7393
2026/08/27 22:30:39.932, 163.33, 100, 7393
2026/08/27 22:30:40.933, 163.26, 100, 7393
2026/08/27 22:30:41.933, 163.38, 100, 7393
2026/08/27 22:30:42.933, 163.18, 100, 7393
2026/08/27 22:30:43.933, 163.30, 99, 7393
2026/08/27 22:30:44.933, 163.29, 100, 7393
2026/08/27 22:30:45.934, 162.95, 100, 7393
2026/08/27 22:30:46.934, 163.06, 99, 7393
2026/08/27 22:30:47.934, 163.10, 100, 7393
2026/08/27 22:30:48.942, 163.13, 100, 7393
2026/08/27 22:30:49.943, 163.44, 100, 7393
2026/08/27 22:30:50.943, 163.39, 100, 7393
2026/08/27 22:30:51.943, 163.19, 100, 7393
2026/08/27 22:30:52.943, 163.45, 99, 7393
2026/08/27 22:30:53.943, 163.45, 100, 7393
2026/08/27 22:30:54.943, 163.37, 100, 7393
2026/08/27 22:30:55.944, 163.17, 100, 7393
2026/08/27 22:30:56.944, 163.42, 100, 7393
2026/08/27 22:30:57.944, 163.25, 100, 7393
2026/08/27 22:30:58.944, 163.25, 100, 7393
2026/08/27 22:30:59.944, 163.49, 100, 7393
2026/08/27 22:31:00.944, 163.24, 100, 7393
2026/08/27 22:31:01.945, 163.54, 100, 7393
2026/08/27 22:31:02.945, 163.43, 100, 7393
2026/08/27 22:31:03.954, 163.57, 100, 7393
2026/08/27 22:31:04.954, 163.45, 100, 7393
2026/08/27 22:31:05.954, 163.53, 100, 7393
2026/08/27 22:31:06.954, 163.41, 100, 7393
2026/08/27 22:31:07.954, 163.37, 99, 7393
2026/08/27 22:31:08.963, 139.17, 29, 7393
2026/08/27 22:31:09.963, 70.24, 100, 7393
2026/08/27 22:31:10.963, 159.30, 98, 7393
2026/08/27 22:31:11.963, 160.06, 100, 7393
2026/08/27 22:31:12.963, 160.00, 100, 7393
2026/08/27 22:31:13.964, 159.28, 98, 7393
2026/08/27 22:31:14.964, 160.37, 100, 7393
2026/08/27 22:31:15.964, 160.53, 100, 7393
2026/08/27 22:31:16.964, 159.29, 97, 7393
2026/08/27 22:31:17.964, 160.32, 100, 7393
2026/08/27 22:31:18.964, 159.95, 100, 7393
2026/08/27 22:31:19.965, 159.28, 98, 7393
2026/08/27 22:31:20.965, 160.08, 100, 7393
2026/08/27 22:31:21.965, 160.05, 100, 7393
2026/08/27 22:31:22.965, 159.37, 98, 7393
2026/08/27 22:31:23.974, 160.09, 100, 7393
2026/08/27 22:31:24.974, 160.27, 100, 7393
2026/08/27 22:31:25.974, 159.33, 98, 7393
2026/08/27 22:31:26.974, 160.72, 100, 7393
2026/08/27 22:31:27.974, 160.63, 100, 7393
2026/08/27 22:31:28.983, 158.63, 100, 7393
2026/08/27 22:31:29.983, 159.90, 100, 7393
2026/08/27 22:31:30.983, 160.95, 100, 7393
2026/08/27 22:31:31.984, 159.90, 100, 7393
2026/08/27 22:31:32.984, 159.53, 100, 7393
2026/08/27 22:31:33.984, 160.56, 100, 7393
2026/08/27 22:31:34.984, 159.86, 100, 7393
2026/08/27 22:31:35.984, 159.74, 100, 7393
2026/08/27 22:31:36.984, 161.04, 100, 7393
2026/08/27 22:31:37.985, 159.46, 100, 7393
2026/08/27 22:31:38.993, 159.67, 100, 7393
2026/08/27 22:31:39.993, 161.19, 100, 7393
2026/08/27 22:31:40.994, 159.94, 100, 7393
2026/08/27 22:31:41.994, 159.61, 99, 7393
2026/08/27 22:31:42.994, 160.45, 100, 7393
2026/08/27 22:31:44.003, 159.53, 100, 7393
2026/08/27 22:31:45.003, 159.49, 98, 7393
2026/08/27 22:31:46.003, 160.53, 100, 7393
2026/08/27 22:31:47.003, 159.91, 100, 7393
2026/08/27 22:31:48.003, 159.77, 98, 7393
2026/08/27 22:31:49.012, 160.67, 100, 7393
2026/08/27 22:31:50.012, 159.66, 100, 7393
2026/08/27 22:31:51.012, 159.46, 98, 7393
2026/08/27 22:31:52.012, 160.32, 100, 7393
2026/08/27 22:31:53.013, 160.24, 100, 7393
2026/08/27 22:31:54.013, 159.68, 98, 7393
2026/08/27 22:31:55.013, 160.22, 100, 7393
2026/08/27 22:31:56.013, 159.82, 100, 7393
2026/08/27 22:31:57.013, 159.23, 98, 7393
2026/08/27 22:31:58.014, 160.20, 100, 7393
2026/08/27 22:31:59.014, 160.25, 100, 7393
2026/08/27 22:32:00.014, 159.36, 98, 7393
2026/08/27 22:32:01.014, 160.15, 100, 7393
2026/08/27 22:32:02.014, 159.95, 100, 7393
2026/08/27 22:32:03.014, 159.34, 98, 7393
2026/08/27 22:32:04.015, 160.10, 100, 7393
2026/08/27 22:32:05.015, 159.93, 100, 7393
2026/08/27 22:32:06.015, 159.01, 98, 7393
2026/08/27 22:32:07.015, 159.99, 100, 7393
2026/08/27 22:32:08.016, 159.77, 100, 7393
2026/08/27 22:32:09.016, 159.01, 98, 7393
2026/08/27 22:32:10.016, 159.88, 100, 7393
2026/08/27 22:32:11.016, 159.80, 100, 7393
2026/08/27 22:32:12.016, 158.73, 98, 7393
2026/08/27 22:32:13.016, 160.88, 100, 7393
2026/08/27 22:32:14.016, 159.68, 100, 7393
2026/08/27 22:32:15.017, 159.13, 98, 7393
2026/08/27 22:32:16.017, 159.76, 100, 7393
2026/08/27 22:32:17.017, 160.75, 100, 7393
2026/08/27 22:32:18.017, 158.82, 98, 7393
2026/08/27 22:32:19.017, 159.64, 100, 7393
2026/08/27 22:32:20.018, 160.90, 100, 7393
2026/08/27 22:32:21.018, 159.54, 100, 7393
2026/08/27 22:32:22.018, 160.20, 100, 7393
2026/08/27 22:32:23.018, 160.97, 100, 7393
2026/08/27 22:32:24.018, 159.82, 100, 7393
2026/08/27 22:32:25.018, 158.84, 100, 7393
2026/08/27 22:32:26.019, 160.71, 100, 7393
2026/08/27 22:32:27.019, 159.57, 100, 7393
2026/08/27 22:32:28.019, 159.58, 100, 7393
2026/08/27 22:32:29.019, 160.58, 100, 7393
2026/08/27 22:32:30.025, 159.02, 100, 7393
2026/08/27 22:32:31.025, 159.79, 98, 7393
2026/08/27 22:32:32.025, 160.31, 100, 7393
2026/08/27 22:32:33.025, 160.13, 100, 7393
2026/08/27 22:32:34.025, 159.49, 98, 7393
2026/08/27 22:32:35.026, 160.70, 100, 7393
2026/08/27 22:32:36.026, 159.68, 100, 7393
2026/08/27 22:32:37.026, 159.30, 98, 7393
2026/08/27 22:32:38.026, 160.29, 100, 7393
2026/08/27 22:32:39.026, 160.27, 100, 7393
2026/08/27 22:32:40.035, 159.21, 98, 7393
2026/08/27 22:32:41.035, 159.96, 100, 7393
2026/08/27 22:32:42.035, 159.73, 100, 7393
2026/08/27 22:32:43.035, 159.25, 98, 7393
2026/08/27 22:32:44.036, 160.70, 100, 7393
2026/08/27 22:32:45.044, 160.36, 100, 7393
2026/08/27 22:32:46.044, 159.27, 97, 7393
2026/08/27 22:32:47.045, 160.04, 100, 7393
2026/08/27 22:32:48.045, 160.29, 100, 7393
2026/08/27 22:32:49.045, 159.16, 98, 7393
2026/08/27 22:32:50.045, 160.08, 100, 7393
2026/08/27 22:32:51.045, 160.03, 100, 7393
2026/08/27 22:32:52.046, 158.92, 98, 7393
2026/08/27 22:32:53.046, 160.04, 100, 7393
2026/08/27 22:32:54.046, 160.36, 100, 7393
2026/08/27 22:32:55.046, 159.01, 98, 7393
2026/08/27 22:32:56.046, 159.83, 100, 7393
2026/08/27 22:32:57.046, 160.67, 100, 7393
2026/08/27 22:32:58.047, 158.81, 98, 7393
2026/08/27 22:32:59.047, 160.23, 100, 7393
2026/08/27 22:33:00.055, 159.89, 100, 7393
2026/08/27 22:33:01.056, 159.96, 97, 7393
2026/08/27 22:33:02.056, 160.78, 100, 7393
2026/08/27 22:33:03.056, 159.24, 100, 7393
2026/08/27 22:33:04.056, 159.68, 98, 7393
2026/08/27 22:33:05.056, 160.18, 100, 7393
2026/08/27 22:33:06.057, 159.89, 100, 7393
2026/08/27 22:33:07.057, 159.59, 98, 7393
2026/08/27 22:33:08.057, 160.85, 100, 7393
2026/08/27 22:33:09.057, 159.53, 100, 7393
2026/08/27 22:33:10.057, 159.58, 99, 7393
2026/08/27 22:33:11.057, 160.70, 100, 7393
2026/08/27 22:33:12.058, 159.96, 100, 7393
2026/08/27 22:33:13.058, 159.72, 100, 7393
2026/08/27 22:33:14.058, 160.42, 100, 7393
2026/08/27 22:33:15.067, 159.59, 100, 7393
2026/08/27 22:33:16.067, 159.56, 100, 7393
2026/08/27 22:33:17.067, 160.57, 100, 7393
2026/08/27 22:33:18.067, 160.10, 100, 7393
2026/08/27 22:33:19.067, 159.64, 100, 7393
2026/08/27 22:33:20.076, 160.34, 100, 7393
2026/08/27 22:33:21.076, 160.27, 100, 7393
2026/08/27 22:33:22.076, 159.52, 98, 7393
2026/08/27 22:33:23.076, 160.19, 100, 7393
2026/08/27 22:33:24.076, 159.69, 100, 7393
2026/08/27 22:33:25.077, 159.20, 98, 7393
2026/08/27 22:33:26.077, 160.51, 100, 7393
2026/08/27 22:33:27.077, 160.27, 100, 7393
2026/08/27 22:33:28.077, 159.54, 98, 7393
2026/08/27 22:33:29.077, 160.22, 100, 7393
2026/08/27 22:33:30.086, 159.88, 100, 7393
2026/08/27 22:33:31.086, 159.34, 98, 7393
2026/08/27 22:33:32.086, 160.06, 100, 7393
2026/08/27 22:33:33.087, 159.79, 100, 7393
2026/08/27 22:33:34.087, 159.11, 98, 7393
2026/08/27 22:33:35.087, 159.82, 100, 7393
2026/08/27 22:33:36.087, 159.89, 100, 7393
2026/08/27 22:33:37.087, 159.01, 98, 7393
2026/08/27 22:33:38.087, 159.78, 100, 7393
2026/08/27 22:33:39.088, 159.70, 100, 7393
2026/08/27 22:33:40.096, 159.02, 98, 7393
2026/08/27 22:33:41.096, 160.31, 100, 7393
2026/08/27 22:33:42.097, 160.22, 100, 7393
2026/08/27 22:33:43.097, 158.97, 98, 7393
2026/08/27 22:33:44.097, 160.82, 100, 7393
2026/08/27 22:33:45.097, 159.72, 100, 7393
2026/08/27 22:33:46.097, 160.49, 99, 7393
2026/08/27 22:33:47.097, 163.18, 100, 7393
2026/08/27 22:33:48.098, 162.92, 100, 7393
2026/08/27 22:33:49.098, 163.11, 100, 7393
2026/08/27 22:33:50.098, 163.02, 100, 7393
2026/08/27 22:33:51.098, 163.14, 100, 7393
2026/08/27 22:33:52.098, 163.11, 99, 7393
2026/08/27 22:33:53.098, 163.30, 100, 7393
2026/08/27 22:33:54.099, 162.87, 100, 7393
2026/08/27 22:33:55.099, 162.90, 99, 7393
2026/08/27 22:33:56.099, 163.12, 100, 7393
2026/08/27 22:33:57.099, 163.07, 99, 7393
2026/08/27 22:33:58.099, 163.02, 99, 7393
2026/08/27 22:33:59.099, 162.78, 100, 7393
2026/08/27 22:34:00.100, 163.08, 99, 7393
2026/08/27 22:34:01.100, 163.26, 100, 7393
2026/08/27 22:34:02.100, 163.16, 100, 7393
2026/08/27 22:34:03.100, 162.90, 99, 7393
2026/08/27 22:34:04.100, 163.01, 100, 7393
2026/08/27 22:34:05.101, 163.06, 100, 7393
2026/08/27 22:34:06.101, 163.26, 99, 7393
2026/08/27 22:34:07.101, 163.24, 100, 7393
2026/08/27 22:34:08.101, 163.10, 100, 7393
2026/08/27 22:34:09.101, 163.35, 100, 7393
2026/08/27 22:34:10.101, 163.19, 100, 7393
2026/08/27 22:34:11.102, 163.12, 100, 7393
2026/08/27 22:34:12.102, 163.18, 99, 7393
2026/08/27 22:34:13.102, 163.25, 100, 7393
2026/08/27 22:34:14.102, 163.22, 100, 7393
2026/08/27 22:34:15.102, 163.14, 99, 7393
2026/08/27 22:34:16.111, 163.04, 100, 7393
2026/08/27 22:34:17.111, 162.98, 100, 7393
2026/08/27 22:34:18.111, 163.06, 100, 7393
2026/08/27 22:34:19.111, 163.13, 100, 7393
2026/08/27 22:34:20.111, 163.23, 100, 7393
2026/08/27 22:34:21.112, 163.28, 100, 7393
2026/08/27 22:34:22.112, 163.18, 100, 7393
2026/08/27 22:34:23.112, 163.15, 100, 7393
2026/08/27 22:34:24.112, 163.29, 100, 7393
2026/08/27 22:34:25.112, 163.01, 100, 7393
2026/08/27 22:34:26.121, 163.24, 100, 7393
2026/08/27 22:34:27.121, 163.25, 100, 7393
2026/08/27 22:34:28.121, 162.97, 100, 7393
2026/08/27 22:34:29.121, 162.70, 99, 7393
2026/08/27 22:34:30.122, 162.78, 99, 7393
2026/08/27 22:34:31.130, 163.24, 100, 7393
2026/08/27 22:34:32.130, 163.20, 99, 7393
2026/08/27 22:34:33.130, 163.27, 100, 7393
2026/08/27 22:34:34.131, 163.12, 100, 7393
2026/08/27 22:34:35.131, 163.12, 100, 7393
2026/08/27 22:34:36.131, 163.28, 100, 7393
2026/08/27 22:34:37.131, 163.10, 100, 7393
2026/08/27 22:34:38.131, 163.14, 99, 7393
2026/08/27 22:34:39.131, 163.16, 100, 7393
2026/08/27 22:34:40.132, 163.20, 100, 7393
2026/08/27 22:34:41.132, 163.31, 99, 7393
2026/08/27 22:34:42.132, 163.24, 100, 7393
2026/08/27 22:34:43.132, 163.13, 100, 7393
2026/08/27 22:34:44.132, 163.02, 100, 7393
2026/08/27 22:34:45.132, 163.24, 100, 7393
2026/08/27 22:34:46.133, 163.26, 100, 7393
2026/08/27 22:34:47.133, 163.29, 100, 7393
2026/08/27 22:34:48.142, 163.30, 100, 7393
2026/08/27 22:34:49.142, 163.29, 100, 7393
2026/08/27 22:34:50.142, 163.20, 100, 7393
2026/08/27 22:34:51.142, 163.09, 100, 7393
2026/08/27 22:34:52.142, 163.12, 100, 7393
2026/08/27 22:34:53.151, 163.14, 99, 7393
2026/08/27 22:34:54.151, 163.40, 100, 7393
2026/08/27 22:34:55.151, 163.16, 100, 7393
2026/08/27 22:34:56.151, 163.08, 99, 7393
2026/08/27 22:34:57.151, 163.08, 100, 7393
2026/08/27 22:34:58.152, 163.14, 100, 7393
2026/08/27 22:34:59.152, 163.26, 100, 7393
2026/08/27 22:35:00.152, 163.14, 100, 7393
2026/08/27 22:35:01.152, 163.11, 100, 7393
2026/08/27 22:35:02.152, 163.27, 99, 7393
2026/08/27 22:35:03.152, 163.07, 100, 7393
2026/08/27 22:35:04.153, 162.97, 100, 7393
2026/08/27 22:35:05.153, 163.06, 100, 7393
2026/08/27 22:35:06.153, 163.26, 100, 7393
2026/08/27 22:35:07.153, 163.15, 99, 7393
2026/08/27 22:35:08.153, 163.36, 100, 7393
2026/08/27 22:35:09.153, 163.10, 100, 7393
2026/08/27 22:35:10.154, 162.96, 100, 7393
2026/08/27 22:35:11.154, 163.04, 100, 7393
2026/08/27 22:35:12.154, 163.20, 100, 7393
2026/08/27 22:35:13.154, 162.95, 99, 7393
2026/08/27 22:35:14.154, 163.11, 100, 7393
2026/08/27 22:35:15.155, 163.20, 100, 7393
2026/08/27 22:35:16.155, 163.33, 100, 7393
2026/08/27 22:35:17.155, 163.23, 100, 7393
2026/08/27 22:35:18.164, 163.12, 100, 7393
2026/08/27 22:35:19.164, 163.10, 100, 7393
2026/08/27 22:35:20.164, 163.25, 100, 7393
2026/08/27 22:35:21.164, 163.05, 100, 7393
2026/08/27 22:35:22.164, 90.64, 0, 7393
2026/08/27 22:35:23.168, 125.26, 100, 7393
2026/08/27 22:35:24.169, 158.60, 98, 7393
2026/08/27 22:35:25.169, 159.76, 100, 7393
2026/08/27 22:35:26.169, 159.70, 100, 7393
2026/08/27 22:35:27.169, 158.72, 98, 7393
2026/08/27 22:35:28.169, 160.78, 100, 7393
2026/08/27 22:35:29.169, 160.42, 100, 7393
2026/08/27 22:35:30.170, 158.79, 98, 7393
2026/08/27 22:35:31.170, 160.31, 100, 7393
2026/08/27 22:35:32.170, 160.56, 100, 7393
2026/08/27 22:35:33.170, 159.24, 100, 7393
2026/08/27 22:35:34.170, 159.96, 100, 7393
2026/08/27 22:35:35.171, 160.64, 100, 7393
2026/08/27 22:35:36.171, 159.26, 100, 7393
2026/08/27 22:35:37.171, 159.37, 100, 7393
2026/08/27 22:35:38.179, 160.26, 100, 7393
2026/08/27 22:35:39.180, 159.28, 100, 7393
2026/08/27 22:35:40.180, 159.43, 100, 7393
2026/08/27 22:35:41.180, 160.38, 100, 7393
2026/08/27 22:35:42.180, 159.49, 100, 7393
2026/08/27 22:35:43.189, 159.22, 100, 7393
2026/08/27 22:35:44.189, 160.74, 100, 7393
2026/08/27 22:35:45.189, 159.35, 100, 7393
2026/08/27 22:35:46.189, 159.38, 100, 7393
2026/08/27 22:35:47.189, 160.27, 100, 7393
2026/08/27 22:35:48.198, 159.52, 100, 7393
2026/08/27 22:35:49.198, 159.46, 98, 7393
2026/08/27 22:35:50.198, 160.19, 100, 7393
2026/08/27 22:35:51.199, 159.91, 100, 7393
2026/08/27 22:35:52.199, 159.47, 98, 7393
2026/08/27 22:35:53.199, 160.21, 100, 7393
2026/08/27 22:35:54.199, 160.07, 100, 7393
2026/08/27 22:35:55.199, 159.26, 98, 7393
2026/08/27 22:35:56.200, 160.03, 100, 7393
2026/08/27 22:35:57.200, 159.49, 100, 7393
2026/08/27 22:35:58.200, 158.79, 98, 7393
2026/08/27 22:35:59.200, 160.15, 100, 7393
2026/08/27 22:36:00.200, 159.97, 100, 7393
2026/08/27 22:36:01.200, 158.88, 98, 7393
2026/08/27 22:36:02.201, 159.72, 100, 7393
2026/08/27 22:36:03.201, 159.87, 100, 7393
2026/08/27 22:36:04.201, 159.03, 98, 7393
2026/08/27 22:36:05.201, 160.10, 100, 7393
2026/08/27 22:36:06.201, 159.59, 100, 7393
2026/08/27 22:36:07.201, 158.80, 98, 7393
2026/08/27 22:36:08.202, 159.76, 100, 7393
2026/08/27 22:36:09.202, 160.39, 100, 7393
2026/08/27 22:36:10.202, 158.84, 98, 7393
2026/08/27 22:36:11.202, 159.42, 100, 7393
2026/08/27 22:36:12.202, 160.24, 100, 7393
2026/08/27 22:36:13.203, 158.87, 98, 7393
2026/08/27 22:36:14.203, 159.71, 100, 7393
2026/08/27 22:36:15.203, 159.95, 100, 7393
2026/08/27 22:36:16.203, 158.83, 98, 7393
2026/08/27 22:36:17.203, 160.22, 100, 7393
2026/08/27 22:36:18.212, 160.54, 100, 7393
2026/08/27 22:36:19.212, 159.15, 100, 7393
2026/08/27 22:36:20.212, 159.76, 100, 7393
2026/08/27 22:36:21.212, 160.58, 100, 7393
2026/08/27 22:36:22.213, 159.37, 100, 7393
2026/08/27 22:36:23.221, 159.62, 100, 7393
2026/08/27 22:36:24.221, 160.15, 100, 7393
2026/08/27 22:36:25.222, 159.11, 100, 7393
2026/08/27 22:36:26.222, 159.40, 100, 7393
2026/08/27 22:36:27.222, 160.95, 100, 7393
2026/08/27 22:36:28.222, 159.43, 100, 7393
2026/08/27 22:36:29.222, 159.31, 100, 7393
2026/08/27 22:36:30.223, 160.45, 100, 7393
2026/08/27 22:36:31.223, 159.38, 100, 7393
2026/08/27 22:36:32.223, 159.56, 99, 7393
2026/08/27 22:36:33.231, 160.11, 100, 7393
2026/08/27 22:36:34.232, 160.08, 100, 7393
2026/08/27 22:36:35.232, 159.26, 98, 7393
2026/08/27 22:36:36.232, 160.20, 100, 7393
2026/08/27 22:36:37.232, 159.45, 100, 7393
2026/08/27 22:36:38.232, 158.86, 98, 7393
2026/08/27 22:36:39.232, 160.45, 100, 7393
2026/08/27 22:36:40.233, 160.04, 100, 7393
2026/08/27 22:36:41.233, 158.85, 98, 7393
2026/08/27 22:36:42.233, 159.95, 100, 7393
2026/08/27 22:36:43.233, 159.91, 100, 7393
2026/08/27 22:36:44.233, 159.41, 98, 7393
2026/08/27 22:36:45.234, 159.92, 100, 7393
2026/08/27 22:36:46.234, 159.72, 100, 7393
2026/08/27 22:36:47.234, 159.04, 98, 7393
2026/08/27 22:36:48.234, 159.88, 100, 7393
2026/08/27 22:36:49.234, 159.89, 100, 7393
2026/08/27 22:36:50.235, 158.81, 98, 7393
2026/08/27 22:36:51.235, 159.85, 100, 7393
2026/08/27 22:36:52.235, 159.81, 100, 7393
2026/08/27 22:36:53.243, 158.95, 98, 7393
2026/08/27 22:36:54.244, 160.12, 100, 7393
2026/08/27 22:36:55.244, 159.65, 100, 7393
2026/08/27 22:36:56.244, 158.57, 98, 7393
2026/08/27 22:36:57.244, 159.58, 100, 7393
2026/08/27 22:36:58.244, 159.86, 100, 7393
2026/08/27 22:36:59.245, 158.82, 98, 7393
2026/08/27 22:37:00.245, 159.55, 100, 7393
2026/08/27 22:37:01.245, 160.29, 100, 7393
2026/08/27 22:37:02.245, 158.94, 98, 7393
2026/08/27 22:37:03.245, 158.63, 100, 7393
2026/08/27 22:37:04.245, 160.85, 100, 7393
2026/08/27 22:37:05.245, 159.31, 100, 7393
2026/08/27 22:37:06.246, 159.64, 100, 7393
2026/08/27 22:37:07.246, 160.73, 100, 7393
2026/08/27 22:37:08.246, 158.35, 100, 7393
2026/08/27 22:37:09.246, 159.36, 100, 7393
2026/08/27 22:37:10.246, 160.82, 100, 7393
2026/08/27 22:37:11.247, 159.26, 100, 7393
2026/08/27 22:37:12.247, 159.12, 100, 7393
2026/08/27 22:37:13.247, 159.45, 100, 7393
2026/08/27 22:37:14.247, 159.23, 100, 7393
2026/08/27 22:37:15.247, 158.81, 98, 7393
2026/08/27 22:37:16.248, 160.12, 100, 7393
2026/08/27 22:37:17.248, 159.54, 100, 7393
2026/08/27 22:37:18.248, 157.68, 89, 7393
2026/08/27 22:37:19.248, 158.83, 100, 7393
2026/08/27 22:37:20.248, 159.49, 100, 7393
2026/08/27 22:37:21.248, 158.84, 98, 7393
2026/08/27 22:37:22.249, 160.26, 100, 7393
2026/08/27 22:37:23.249, 160.03, 100, 7393
2026/08/27 22:37:24.249, 159.14, 98, 7393
2026/08/27 22:37:25.249, 159.85, 100, 7393
2026/08/27 22:37:26.249, 160.01, 100, 7393
2026/08/27 22:37:27.250, 158.95, 98, 7393
2026/08/27 22:37:28.250, 159.76, 100, 7393
2026/08/27 22:37:29.250, 159.05, 100, 7393
2026/08/27 22:37:30.250, 158.87, 98, 7393
2026/08/27 22:37:31.250, 159.76, 100, 7393
2026/08/27 22:37:32.251, 159.99, 100, 7393
2026/08/27 22:37:33.251, 158.72, 98, 7393
2026/08/27 22:37:34.259, 159.65, 100, 7393
2026/08/27 22:37:35.260, 159.73, 100, 7393
2026/08/27 22:37:36.260, 158.53, 97, 7393
2026/08/27 22:37:37.260, 160.98, 100, 7393
2026/08/27 22:37:38.260, 160.31, 100, 7393
2026/08/27 22:37:39.260, 158.88, 98, 7393
2026/08/27 22:37:40.260, 160.34, 100, 7393
2026/08/27 22:37:41.261, 160.42, 100, 7393
2026/08/27 22:37:42.261, 159.07, 98, 7393
2026/08/27 22:37:43.261, 159.60, 100, 7393
2026/08/27 22:37:44.261, 160.49, 100, 7393
2026/08/27 22:37:45.261, 159.01, 100, 7393
2026/08/27 22:37:46.262, 159.38, 100, 7393
2026/08/27 22:37:47.262, 160.58, 100, 7393
2026/08/27 22:37:48.262, 159.23, 100, 7393
2026/08/27 22:37:49.262, 158.98, 100, 7393
2026/08/27 22:37:50.262, 160.05, 100, 7393
2026/08/27 22:37:51.262, 159.36, 100, 7393
2026/08/27 22:37:52.263, 159.39, 100, 7393
2026/08/27 22:37:53.263, 160.89, 100, 7393
2026/08/27 22:37:54.263, 159.68, 100, 7393
2026/08/27 22:37:55.263, 159.35, 100, 7393
2026/08/27 22:37:56.263, 160.60, 100, 7393
2026/08/27 22:37:57.263, 159.68, 100, 7393
2026/08/27 22:37:58.264, 160.44, 100, 7393
2026/08/27 22:37:59.272, 162.85, 99, 7393
2026/08/27 22:38:00.272, 162.88, 100, 7393
2026/08/27 22:38:01.273, 162.82, 100, 7393
2026/08/27 22:38:02.273, 162.59, 99, 7393
2026/08/27 22:38:03.273, 162.88, 100, 7393
2026/08/27 22:38:04.282, 162.80, 100, 7393
2026/08/27 22:38:05.282, 163.00, 99, 7393
2026/08/27 22:38:06.282, 162.81, 100, 7393
2026/08/27 22:38:07.282, 162.90, 100, 7393
2026/08/27 22:38:08.282, 162.94, 99, 7393
2026/08/27 22:38:09.282, 162.96, 100, 7393
2026/08/27 22:38:10.283, 162.80, 100, 7393
2026/08/27 22:38:11.283, 162.86, 100, 7393
2026/08/27 22:38:12.283, 162.99, 100, 7393
2026/08/27 22:38:13.283, 162.81, 99, 7393
2026/08/27 22:38:14.283, 162.85, 100, 7393
2026/08/27 22:38:15.283, 162.75, 100, 7393
2026/08/27 22:38:16.284, 163.14, 100, 7393
2026/08/27 22:38:17.284, 163.12, 100, 7393
2026/08/27 22:38:18.284, 163.20, 100, 7393
2026/08/27 22:38:19.292, 162.82, 99, 7393
2026/08/27 22:38:20.293, 163.15, 100, 7393
2026/08/27 22:38:21.293, 163.13, 100, 7393
2026/08/27 22:38:22.293, 162.94, 99, 7393
2026/08/27 22:38:23.293, 163.12, 100, 7393
2026/08/27 22:38:24.293, 162.86, 100, 7393
2026/08/27 22:38:25.294, 162.96, 99, 7393
2026/08/27 22:38:26.294, 163.03, 100, 7393
2026/08/27 22:38:27.294, 163.26, 100, 7393
2026/08/27 22:38:28.294, 163.04, 99, 7393
2026/08/27 22:38:29.294, 163.09, 100, 7393
2026/08/27 22:38:30.294, 163.13, 100, 7393
2026/08/27 22:38:31.295, 163.01, 99, 7393
2026/08/27 22:38:32.295, 162.90, 100, 7393
2026/08/27 22:38:33.295, 162.89, 100, 7393
2026/08/27 22:38:34.295, 163.17, 100, 7393
2026/08/27 22:38:35.295, 163.29, 100, 7393
2026/08/27 22:38:36.295, 163.20, 100, 7393
2026/08/27 22:38:37.296, 163.00, 99, 7393
2026/08/27 22:38:38.296, 163.17, 100, 7393
2026/08/27 22:38:39.296, 163.12, 100, 7393
2026/08/27 22:38:40.296, 163.32, 100, 7393
2026/08/27 22:38:41.296, 163.14, 100, 7393
2026/08/27 22:38:42.296, 163.30, 100, 7393
2026/08/27 22:38:43.296, 163.20, 99, 7393
2026/08/27 22:38:44.297, 163.27, 100, 7393
2026/08/27 22:38:45.297, 163.15, 99, 7393
2026/08/27 22:38:46.297, 163.12, 99, 7393
2026/08/27 22:38:47.297, 163.08, 100, 7393
2026/08/27 22:38:48.297, 163.04, 99, 7393
2026/08/27 22:38:49.297, 163.20, 100, 7393
2026/08/27 22:38:50.298, 163.11, 100, 7393
2026/08/27 22:38:51.298, 163.15, 99, 7393
2026/08/27 22:38:52.298, 163.29, 100, 7393
2026/08/27 22:38:53.298, 163.27, 100, 7393
2026/08/27 22:38:54.298, 163.17, 99, 7393
2026/08/27 22:38:55.299, 163.19, 100, 7393
2026/08/27 22:38:56.299, 163.13, 100, 7393
2026/08/27 22:38:57.299, 163.13, 99, 7393
2026/08/27 22:38:58.299, 163.33, 100, 7393
2026/08/27 22:38:59.299, 162.93, 100, 7393
2026/08/27 22:39:00.300, 163.26, 99, 7393
2026/08/27 22:39:01.308, 163.22, 100, 7393
2026/08/27 22:39:02.308, 163.15, 100, 7393
2026/08/27 22:39:03.309, 163.04, 99, 7393
2026/08/27 22:39:04.309, 163.25, 100, 7393
2026/08/27 22:39:05.309, 163.27, 100, 7393
2026/08/27 22:39:06.309, 163.05, 99, 7393
2026/08/27 22:39:07.309, 163.26, 100, 7393
2026/08/27 22:39:08.309, 163.03, 100, 7393
2026/08/27 22:39:09.310, 163.04, 99, 7393
2026/08/27 22:39:10.310, 163.16, 100, 7393
2026/08/27 22:39:11.310, 163.38, 100, 7393
2026/08/27 22:39:12.310, 163.33, 100, 7393
2026/08/27 22:39:13.310, 163.29, 100, 7393
2026/08/27 22:39:14.310, 163.33, 100, 7393
2026/08/27 22:39:15.311, 163.26, 99, 7393
2026/08/27 22:39:16.319, 163.19, 100, 7393
2026/08/27 22:39:17.319, 163.28, 100, 7393
2026/08/27 22:39:18.320, 163.24, 99, 7393
2026/08/27 22:39:19.320, 163.33, 100, 7393
2026/08/27 22:39:20.320, 163.20, 100, 7393
2026/08/27 22:39:21.320, 163.12, 99, 7393
2026/08/27 22:39:22.320, 163.03, 100, 7393
2026/08/27 22:39:23.320, 163.16, 100, 7393
2026/08/27 22:39:24.321, 163.25, 100, 7393
2026/08/27 22:39:25.321, 162.95, 100, 7393
2026/08/27 22:39:26.329, 163.14, 99, 7393
2026/08/27 22:39:27.329, 163.20, 100, 7393
2026/08/27 22:39:28.330, 163.30, 100, 7393
2026/08/27 22:39:29.330, 162.91, 98, 7393
2026/08/27 22:39:30.330, 162.87, 100, 7393
2026/08/27 22:39:31.330, 162.90, 100, 7393
2026/08/27 22:39:32.330, 163.14, 99, 7393
2026/08/27 22:39:33.331, 163.26, 100, 7393
2026/08/27 22:39:34.331, 70.43, 0, 7393
2026/08/27 22:39:35.331, 138.84, 100, 7393
2026/08/27 22:39:36.340, 159.74, 100, 7393
2026/08/27 22:39:37.340, 160.63, 100, 7393
2026/08/27 22:39:38.340, 159.40, 100, 7393
2026/08/27 22:39:39.340, 159.48, 100, 7393
2026/08/27 22:39:40.340, 160.49, 100, 7393
2026/08/27 22:39:41.340, 159.96, 100, 7393
2026/08/27 22:39:42.341, 159.65, 100, 7393
2026/08/27 22:39:43.341, 160.46, 100, 7393
2026/08/27 22:39:44.341, 160.00, 100, 7393
2026/08/27 22:39:45.341, 159.68, 100, 7393
2026/08/27 22:39:46.341, 160.44, 100, 7393
2026/08/27 22:39:47.341, 159.97, 100, 7393
2026/08/27 22:39:48.342, 159.33, 97, 7393
2026/08/27 22:39:49.350, 160.53, 100, 7393
2026/08/27 22:39:50.350, 159.43, 100, 7393
2026/08/27 22:39:51.350, 159.70, 98, 7393
2026/08/27 22:39:52.351, 160.60, 100, 7393
2026/08/27 22:39:53.351, 159.83, 100, 7393
2026/08/27 22:39:54.351, 159.33, 98, 7393
2026/08/27 22:39:55.351, 160.38, 100, 7393
2026/08/27 22:39:56.351, 159.92, 100, 7393
2026/08/27 22:39:57.351, 159.59, 98, 7393
2026/08/27 22:39:58.352, 160.47, 100, 7393
2026/08/27 22:39:59.352, 160.63, 100, 7393
2026/08/27 22:40:00.352, 159.41, 98, 7393
2026/08/27 22:40:01.352, 160.59, 100, 7393
2026/08/27 22:40:02.352, 160.39, 100, 7393
2026/08/27 22:40:03.353, 159.73, 98, 7393
2026/08/27 22:40:04.353, 160.24, 100, 7393
2026/08/27 22:40:05.353, 160.43, 100, 7393
2026/08/27 22:40:06.353, 159.39, 98, 7393
2026/08/27 22:40:07.353, 160.14, 100, 7393
2026/08/27 22:40:08.354, 160.38, 100, 7393
2026/08/27 22:40:09.354, 159.32, 98, 7393
2026/08/27 22:40:10.354, 160.52, 100, 7393
2026/08/27 22:40:11.354, 160.72, 100, 7393
2026/08/27 22:40:12.354, 159.56, 98, 7393
2026/08/27 22:40:13.354, 160.47, 100, 7393
2026/08/27 22:40:14.355, 159.74, 100, 7393
2026/08/27 22:40:15.355, 159.05, 98, 7393
2026/08/27 22:40:16.355, 160.04, 100, 7393
2026/08/27 22:40:17.355, 160.49, 100, 7393
2026/08/27 22:40:18.355, 159.03, 98, 7393
2026/08/27 22:40:19.355, 159.58, 100, 7393
2026/08/27 22:40:20.356, 160.79, 100, 7393
2026/08/27 22:40:21.356, 159.32, 99, 7393
2026/08/27 22:40:22.356, 160.30, 100, 7393
2026/08/27 22:40:23.356, 160.79, 100, 7393
2026/08/27 22:40:24.356, 159.38, 100, 7393
2026/08/27 22:40:25.356, 159.02, 100, 7393
2026/08/27 22:40:26.357, 161.41, 100, 7393
2026/08/27 22:40:27.357, 159.77, 100, 7393
2026/08/27 22:40:28.357, 159.86, 100, 7393
2026/08/27 22:40:29.357, 159.78, 100, 7393
2026/08/27 22:40:30.357, 159.31, 100, 7393
2026/08/27 22:40:31.357, 159.64, 100, 7393
2026/08/27 22:40:32.358, 159.93, 100, 7393
2026/08/27 22:40:33.358, 159.66, 100, 7393
2026/08/27 22:40:34.358, 159.01, 99, 7393
2026/08/27 22:40:35.358, 159.61, 100, 7393
2026/08/27 22:40:36.358, 159.39, 100, 7393
2026/08/27 22:40:37.358, 159.86, 98, 7393
2026/08/27 22:40:38.359, 160.05, 100, 7393
2026/08/27 22:40:39.359, 157.71, 100, 7393
2026/08/27 22:40:40.359, 159.82, 98, 7393
2026/08/27 22:40:41.359, 159.64, 100, 7393
2026/08/27 22:40:42.359, 158.49, 100, 7393
2026/08/27 22:40:43.359, 160.38, 97, 7393
2026/08/27 22:40:44.360, 159.71, 100, 7393
2026/08/27 22:40:45.360, 158.82, 100, 7393
2026/08/27 22:40:46.360, 159.39, 98, 7393
2026/08/27 22:40:47.360, 160.33, 100, 7393
2026/08/27 22:40:48.360, 158.70, 100, 7393
2026/08/27 22:40:49.361, 159.55, 98, 7393
2026/08/27 22:40:50.361, 159.54, 100, 7393
2026/08/27 22:40:51.361, 159.07, 100, 7393
2026/08/27 22:40:52.361, 159.45, 98, 7393
2026/08/27 22:40:53.361, 160.29, 100, 7393
2026/08/27 22:40:54.361, 159.18, 100, 7393
2026/08/27 22:40:55.362, 159.27, 100, 7393
2026/08/27 22:40:56.362, 160.72, 100, 7393
2026/08/27 22:40:57.362, 159.05, 100, 7393
2026/08/27 22:40:58.362, 159.14, 100, 7393
2026/08/27 22:40:59.362, 160.24, 100, 7393
2026/08/27 22:41:00.363, 159.17, 100, 7393
2026/08/27 22:41:01.363, 159.06, 100, 7393
2026/08/27 22:41:02.363, 160.21, 100, 7393
2026/08/27 22:41:03.363, 159.31, 100, 7393
2026/08/27 22:41:04.372, 158.97, 98, 7393
2026/08/27 22:41:05.372, 159.97, 100, 7393
2026/08/27 22:41:06.372, 159.08, 100, 7393
2026/08/27 22:41:07.372, 158.74, 98, 7393
2026/08/27 22:41:08.372, 160.16, 100, 7393
2026/08/27 22:41:09.373, 159.09, 100, 7393
2026/08/27 22:41:10.373, 159.14, 98, 7393
2026/08/27 22:41:11.373, 159.99, 100, 7393
2026/08/27 22:41:12.373, 159.58, 100, 7393
2026/08/27 22:41:13.373, 158.67, 98, 7393
2026/08/27 22:41:14.382, 160.22, 100, 7393
2026/08/27 22:41:15.382, 159.73, 100, 7393
2026/08/27 22:41:16.382, 158.79, 98, 7393
2026/08/27 22:41:17.382, 160.25, 100, 7393
2026/08/27 22:41:18.383, 159.98, 100, 7393
2026/08/27 22:41:19.391, 158.98, 98, 7393
2026/08/27 22:41:20.391, 159.85, 100, 7393
2026/08/27 22:41:21.392, 160.14, 100, 7393
2026/08/27 22:41:22.392, 159.02, 98, 7393
2026/08/27 22:41:23.392, 160.58, 100, 7393
2026/08/27 22:41:24.392, 159.76, 100, 7393
2026/08/27 22:41:25.392, 158.75, 98, 7393
2026/08/27 22:41:26.392, 159.59, 100, 7393
2026/08/27 22:41:27.393, 159.57, 100, 7393
2026/08/27 22:41:28.393, 158.59, 98, 7393
2026/08/27 22:41:29.393, 159.29, 100, 7393
2026/08/27 22:41:30.393, 159.73, 100, 7393
2026/08/27 22:41:31.393, 158.47, 98, 7393
2026/08/27 22:41:32.394, 159.38, 100, 7393
2026/08/27 22:41:33.394, 160.46, 100, 7393
2026/08/27 22:41:34.394, 158.82, 97, 7393
2026/08/27 22:41:35.394, 159.46, 100, 7393
2026/08/27 22:41:36.394, 159.76, 100, 7393
2026/08/27 22:41:37.394, 159.29, 100, 7393
2026/08/27 22:41:38.395, 159.71, 100, 7393
2026/08/27 22:41:39.403, 159.97, 100, 7393
2026/08/27 22:41:40.403, 159.41, 100, 7393
2026/08/27 22:41:41.404, 159.74, 100, 7393
2026/08/27 22:41:42.404, 160.61, 100, 7393
2026/08/27 22:41:43.404, 159.26, 100, 7393
2026/08/27 22:41:44.404, 159.61, 100, 7393
2026/08/27 22:41:45.404, 161.02, 100, 7393
2026/08/27 22:41:46.404, 159.47, 100, 7393
2026/08/27 22:41:47.405, 159.20, 100, 7393
2026/08/27 22:41:48.405, 160.19, 100, 7393
2026/08/27 22:41:49.405, 158.28, 100, 7393
2026/08/27 22:41:50.405, 159.29, 98, 7393
2026/08/27 22:41:51.405, 160.12, 100, 7393
2026/08/27 22:41:52.405, 159.39, 100, 7393
2026/08/27 22:41:53.406, 159.22, 98, 7393
2026/08/27 22:41:54.406, 158.86, 100, 7393
2026/08/27 22:41:55.406, 159.32, 100, 7393
2026/08/27 22:41:56.406, 158.96, 98, 7393
2026/08/27 22:41:57.406, 160.48, 100, 7393
2026/08/27 22:41:58.406, 159.98, 100, 7393
2026/08/27 22:41:59.407, 159.07, 98, 7393
2026/08/27 22:42:00.407, 159.78, 100, 7393
2026/08/27 22:42:01.407, 160.10, 100, 7393
2026/08/27 22:42:02.407, 159.05, 98, 7393
2026/08/27 22:42:03.407, 159.86, 100, 7393
2026/08/27 22:42:04.408, 159.65, 100, 7393
2026/08/27 22:42:05.408, 157.75, 97, 7393
2026/08/27 22:42:06.408, 159.99, 100, 7393
2026/08/27 22:42:07.408, 160.50, 100, 7393
2026/08/27 22:42:08.408, 159.07, 98, 7393
2026/08/27 22:42:09.408, 159.78, 100, 7393
2026/08/27 22:42:10.409, 160.90, 100, 7393
2026/08/27 22:42:11.409, 162.96, 99, 7393
2026/08/27 22:42:12.409, 162.97, 100, 7393
2026/08/27 22:42:13.409, 163.17, 100, 7393
2026/08/27 22:42:14.409, 163.06, 99, 7393
2026/08/27 22:42:15.409, 162.87, 100, 7393
2026/08/27 22:42:16.410, 163.09, 100, 7393
2026/08/27 22:42:17.410, 163.02, 99, 7393
2026/08/27 22:42:18.410, 163.34, 100, 7393
2026/08/27 22:42:19.410, 162.80, 100, 7393
2026/08/27 22:42:20.419, 162.98, 100, 7393
2026/08/27 22:42:21.419, 162.85, 100, 7393
2026/08/27 22:42:22.419, 163.22, 100, 7393
2026/08/27 22:42:23.419, 162.82, 99, 7393
2026/08/27 22:42:24.419, 162.99, 100, 7393
2026/08/27 22:42:25.420, 163.15, 100, 7393
2026/08/27 22:42:26.420, 163.03, 99, 7393
2026/08/27 22:42:27.420, 162.88, 100, 7393
2026/08/27 22:42:28.420, 162.86, 100, 7393
2026/08/27 22:42:29.420, 162.86, 99, 7393
2026/08/27 22:42:30.420, 162.98, 100, 7393
2026/08/27 22:42:31.421, 163.12, 100, 7393
2026/08/27 22:42:32.421, 162.96, 99, 7393
2026/08/27 22:42:33.421, 163.17, 100, 7393
2026/08/27 22:42:34.421, 163.09, 100, 7393
2026/08/27 22:42:35.430, 163.02, 100, 7393
2026/08/27 22:42:36.430, 162.94, 100, 7393
2026/08/27 22:42:37.430, 163.12, 99, 7393
2026/08/27 22:42:38.430, 162.92, 100, 7393
2026/08/27 22:42:39.430, 163.18, 100, 7393
2026/08/27 22:42:40.431, 163.00, 99, 7393
2026/08/27 22:42:41.431, 162.82, 100, 7393
2026/08/27 22:42:42.431, 163.22, 100, 7393
2026/08/27 22:42:43.431, 163.22, 100, 7393
2026/08/27 22:42:44.431, 163.43, 100, 7393
2026/08/27 22:42:45.431, 163.15, 100, 7393
2026/08/27 22:42:46.432, 163.05, 99, 7393
2026/08/27 22:42:47.432, 163.08, 100, 7393
2026/08/27 22:42:48.432, 163.40, 100, 7393
2026/08/27 22:42:49.432, 163.27, 99, 7393
2026/08/27 22:42:50.432, 163.10, 100, 7393
2026/08/27 22:42:51.432, 163.16, 100, 7393
2026/08/27 22:42:52.433, 163.49, 99, 7393
2026/08/27 22:42:53.433, 163.55, 100, 7393
2026/08/27 22:42:54.433, 163.43, 100, 7393
2026/08/27 22:42:55.442, 163.37, 99, 7393
2026/08/27 22:42:56.442, 163.33, 100, 7393
2026/08/27 22:42:57.442, 163.37, 100, 7393
2026/08/27 22:42:58.442, 163.19, 99, 7393
2026/08/27 22:42:59.442, 163.32, 100, 7393
2026/08/27 22:43:00.442, 163.23, 100, 7393
2026/08/27 22:43:01.443, 163.44, 99, 7393
2026/08/27 22:43:02.443, 163.27, 100, 7393
2026/08/27 22:43:03.443, 163.26, 100, 7393
2026/08/27 22:43:04.443, 163.16, 100, 7393
2026/08/27 22:43:05.443, 163.33, 100, 7393
2026/08/27 22:43:06.444, 163.43, 100, 7393
2026/08/27 22:43:07.444, 163.38, 99, 7393
2026/08/27 22:43:08.444, 163.34, 100, 7393
2026/08/27 22:43:09.444, 163.40, 100, 7393
2026/08/27 22:43:10.444, 163.43, 99, 7393
2026/08/27 22:43:11.445, 163.36, 100, 7393
2026/08/27 22:43:12.445, 163.36, 100, 7393
2026/08/27 22:43:13.445, 163.33, 99, 7393
2026/08/27 22:43:14.445, 163.44, 100, 7393
2026/08/27 22:43:15.445, 163.37, 99, 7393
2026/08/27 22:43:16.445, 163.40, 99, 7393
2026/08/27 22:43:17.446, 163.41, 100, 7393
2026/08/27 22:43:18.446, 163.47, 100, 7393
2026/08/27 22:43:19.446, 163.27, 100, 7393
2026/08/27 22:43:20.446, 163.33, 100, 7393
2026/08/27 22:43:21.446, 163.21, 99, 7393
2026/08/27 22:43:22.446, 163.20, 100, 7393
2026/08/27 22:43:23.447, 163.20, 100, 7393
2026/08/27 22:43:24.447, 162.99, 99, 7393
2026/08/27 22:43:25.447, 163.00, 100, 7393
2026/08/27 22:43:26.447, 163.16, 100, 7393
2026/08/27 22:43:27.447, 163.28, 99, 7393
2026/08/27 22:43:28.448, 163.20, 100, 7393
2026/08/27 22:43:29.448, 163.14, 100, 7393
2026/08/27 22:43:30.448, 163.26, 99, 7393
2026/08/27 22:43:31.448, 163.46, 100, 7393
2026/08/27 22:43:32.448, 163.65, 100, 7393
2026/08/27 22:43:33.448, 163.45, 99, 7393
2026/08/27 22:43:34.448, 163.41, 100, 7393
2026/08/27 22:43:35.449, 163.42, 100, 7393
2026/08/27 22:43:36.449, 163.61, 100, 7393
2026/08/27 22:43:37.449, 163.53, 100, 7393
2026/08/27 22:43:38.449, 163.40, 100, 7393
2026/08/27 22:43:39.449, 163.29, 100, 7393
2026/08/27 22:43:40.449, 163.64, 100, 7393
2026/08/27 22:43:41.450, 163.59, 100, 7393
2026/08/27 22:43:42.450, 163.27, 99, 7393
2026/08/27 22:43:43.450, 163.26, 100, 7393
2026/08/27 22:43:44.450, 163.22, 100, 7393
2026/08/27 22:43:45.450, 163.52, 100, 7393
2026/08/27 22:43:46.450, 99.91, 0, 7393
2026/08/27 22:43:47.451, 111.17, 100, 7393
2026/08/27 22:43:48.451, 160.29, 100, 7393
2026/08/27 22:43:49.451, 159.64, 98, 7393
2026/08/27 22:43:50.451, 160.27, 100, 7393
2026/08/27 22:43:51.451, 160.15, 100, 7393
2026/08/27 22:43:52.460, 159.32, 98, 7393
2026/08/27 22:43:53.460, 160.06, 100, 7393
2026/08/27 22:43:54.460, 159.99, 100, 7393
2026/08/27 22:43:55.460, 159.13, 98, 7393
2026/08/27 22:43:56.461, 159.87, 100, 7393
2026/08/27 22:43:57.469, 160.58, 100, 7393
2026/08/27 22:43:58.469, 159.13, 98, 7393
2026/08/27 22:43:59.470, 160.10, 100, 7393
2026/08/27 22:44:00.470, 160.08, 100, 7393
2026/08/27 22:44:01.470, 158.85, 98, 7393
2026/08/27 22:44:02.470, 159.81, 100, 7393
2026/08/27 22:44:03.470, 160.52, 100, 7393
2026/08/27 22:44:04.470, 158.90, 98, 7393
2026/08/27 22:44:05.471, 159.75, 100, 7393
2026/08/27 22:44:06.471, 160.20, 100, 7393
2026/08/27 22:44:07.471, 159.02, 97, 7393
2026/08/27 22:44:08.471, 159.49, 100, 7393
2026/08/27 22:44:09.471, 160.12, 100, 7393
2026/08/27 22:44:10.471, 159.69, 100, 7393
2026/08/27 22:44:11.472, 159.66, 100, 7393
2026/08/27 22:44:12.472, 160.68, 100, 7393
2026/08/27 22:44:13.472, 159.37, 100, 7393
2026/08/27 22:44:14.472, 159.77, 100, 7393
2026/08/27 22:44:15.472, 160.36, 100, 7393
2026/08/27 22:44:16.472, 160.08, 100, 7393
2026/08/27 22:44:17.481, 160.69, 100, 7393
2026/08/27 22:44:18.481, 161.02, 100, 7393
2026/08/27 22:44:19.482, 159.66, 100, 7393
2026/08/27 22:44:20.482, 159.87, 100, 7393
2026/08/27 22:44:21.482, 160.48, 100, 7393
2026/08/27 22:44:22.482, 159.89, 100, 7393
2026/08/27 22:44:23.482, 159.64, 100, 7393
2026/08/27 22:44:24.482, 161.09, 100, 7393
2026/08/27 22:44:25.483, 159.49, 100, 7393
2026/08/27 22:44:26.483, 159.24, 100, 7393
2026/08/27 22:44:27.483, 160.49, 100, 7393
2026/08/27 22:44:28.483, 160.04, 100, 7393
2026/08/27 22:44:29.483, 159.64, 98, 7393
2026/08/27 22:44:30.483, 160.35, 100, 7393
2026/08/27 22:44:31.484, 160.01, 100, 7393
2026/08/27 22:44:32.492, 159.48, 98, 7393
2026/08/27 22:44:33.492, 160.39, 100, 7393
2026/08/27 22:44:34.492, 159.88, 100, 7393
2026/08/27 22:44:35.493, 159.47, 98, 7393
2026/08/27 22:44:36.493, 160.22, 100, 7393
2026/08/27 22:44:37.501, 159.75, 100, 7393
2026/08/27 22:44:38.502, 159.66, 98, 7393
2026/08/27 22:44:39.502, 160.60, 100, 7393
2026/08/27 22:44:40.502, 160.42, 100, 7393
2026/08/27 22:44:41.502, 159.36, 98, 7393
2026/08/27 22:44:42.502, 160.51, 100, 7393
2026/08/27 22:44:43.502, 159.88, 100, 7393
2026/08/27 22:44:44.503, 159.52, 98, 7393
2026/08/27 22:44:45.503, 158.94, 100, 7393
2026/08/27 22:44:46.503, 160.18, 100, 7393
2026/08/27 22:44:47.503, 159.28, 98, 7393
2026/08/27 22:44:48.503, 159.83, 100, 7393
2026/08/27 22:44:49.503, 160.58, 100, 7393
2026/08/27 22:44:50.504, 159.35, 98, 7393
2026/08/27 22:44:51.504, 159.90, 100, 7393
2026/08/27 22:44:52.504, 160.19, 100, 7393
2026/08/27 22:44:53.504, 158.76, 98, 7393
2026/08/27 22:44:54.504, 159.62, 100, 7393
2026/08/27 22:44:55.504, 160.10, 100, 7393
2026/08/27 22:44:56.505, 158.00, 98, 7393
2026/08/27 22:44:57.505, 159.46, 100, 7393
2026/08/27 22:44:58.505, 159.87, 100, 7393
2026/08/27 22:44:59.505, 159.23, 99, 7393
2026/08/27 22:45:00.505, 159.66, 100, 7393
2026/08/27 22:45:01.505, 160.61, 100, 7393
2026/08/27 22:45:02.506, 159.47, 100, 7393
2026/08/27 22:45:03.506, 159.55, 100, 7393
2026/08/27 22:45:04.506, 160.24, 100, 7393
2026/08/27 22:45:05.506, 159.70, 100, 7393
2026/08/27 22:45:06.506, 159.61, 100, 7393
2026/08/27 22:45:07.506, 159.38, 100, 7393
2026/08/27 22:45:08.507, 159.99, 100, 7393
2026/08/27 22:45:09.507, 159.52, 100, 7393
2026/08/27 22:45:10.507, 160.61, 100, 7393
2026/08/27 22:45:11.507, 160.12, 100, 7393
2026/08/27 22:45:12.507, 159.64, 98, 7393
2026/08/27 22:45:13.507, 160.43, 100, 7393
2026/08/27 22:45:14.508, 160.00, 100, 7393
2026/08/27 22:45:15.508, 159.57, 98, 7393
2026/08/27 22:45:16.508, 160.79, 100, 7393
2026/08/27 22:45:17.508, 159.74, 100, 7393
2026/08/27 22:45:18.508, 159.59, 98, 7393
2026/08/27 22:45:19.508, 160.59, 100, 7393
2026/08/27 22:45:20.509, 159.61, 100, 7393
2026/08/27 22:45:21.509, 159.49, 98, 7393
2026/08/27 22:45:22.509, 160.59, 100, 7393
2026/08/27 22:45:23.509, 160.12, 100, 7393
2026/08/27 22:45:24.509, 159.46, 98, 7393
2026/08/27 22:45:25.509, 160.04, 100, 7393
2026/08/27 22:45:26.510, 159.59, 100, 7393
2026/08/27 22:45:27.510, 159.28, 98, 7393
2026/08/27 22:45:28.510, 160.11, 100, 7393
2026/08/27 22:45:29.510, 159.95, 100, 7393
2026/08/27 22:45:30.510, 158.94, 98, 7393
2026/08/27 22:45:31.511, 159.81, 100, 7393
2026/08/27 22:45:32.511, 159.71, 100, 7393
2026/08/27 22:45:33.511, 158.95, 98, 7393
2026/08/27 22:45:34.511, 160.00, 100, 7393
2026/08/27 22:45:35.511, 160.32, 100, 7393
2026/08/27 22:45:36.511, 159.17, 98, 7393
2026/08/27 22:45:37.520, 159.61, 100, 7393
2026/08/27 22:45:38.520, 160.20, 100, 7393
2026/08/27 22:45:39.520, 158.84, 98, 7393
2026/08/27 22:45:40.521, 159.87, 100, 7393
2026/08/27 22:45:41.521, 160.57, 100, 7393
2026/08/27 22:45:42.521, 159.00, 98, 7393
2026/08/27 22:45:43.521, 160.41, 100, 7393
2026/08/27 22:45:44.521, 160.48, 100, 7393
2026/08/27 22:45:45.521, 159.33, 100, 7393
2026/08/27 22:45:46.522, 159.85, 100, 7393
2026/08/27 22:45:47.522, 161.04, 100, 7393
2026/08/27 22:45:48.522, 159.62, 100, 7393
2026/08/27 22:45:49.522, 160.08, 100, 7393
2026/08/27 22:45:50.522, 161.15, 100, 7393
2026/08/27 22:45:51.522, 159.93, 100, 7393
2026/08/27 22:45:52.523, 159.83, 100, 7393
2026/08/27 22:45:53.523, 160.88, 100, 7393
2026/08/27 22:45:54.523, 159.91, 100, 7393
2026/08/27 22:45:55.523, 159.85, 100, 7393
2026/08/27 22:45:56.523, 160.36, 100, 7393
2026/08/27 22:45:57.524, 159.79, 100, 7393
2026/08/27 22:45:58.524, 159.42, 100, 7393
2026/08/27 22:45:59.524, 160.66, 100, 7393
2026/08/27 22:46:00.524, 160.20, 100, 7393
2026/08/27 22:46:01.524, 159.49, 98, 7393
2026/08/27 22:46:02.533, 160.23, 100, 7393
2026/08/27 22:46:03.533, 159.93, 100, 7393
2026/08/27 22:46:04.533, 159.37, 98, 7393
2026/08/27 22:46:05.533, 160.16, 100, 7393
2026/08/27 22:46:06.533, 160.25, 100, 7393
2026/08/27 22:46:07.542, 158.39, 98, 7393
2026/08/27 22:46:08.542, 159.98, 100, 7393
2026/08/27 22:46:09.542, 159.99, 100, 7393
2026/08/27 22:46:10.543, 159.08, 98, 7393
2026/08/27 22:46:11.543, 160.54, 100, 7393
2026/08/27 22:46:12.543, 160.23, 100, 7393
2026/08/27 22:46:13.543, 159.09, 98, 7393
2026/08/27 22:46:14.543, 159.99, 100, 7393
2026/08/27 22:46:15.543, 160.21, 100, 7393
2026/08/27 22:46:16.544, 158.93, 97, 7393
2026/08/27 22:46:17.544, 159.84, 100, 7393
2026/08/27 22:46:18.544, 159.69, 100, 7393
2026/08/27 22:46:19.544, 158.91, 98, 7393
2026/08/27 22:46:20.544, 159.86, 100, 7393
2026/08/27 22:46:21.544, 160.47, 100, 7393
2026/08/27 22:46:22.553, 160.78, 100, 7393
2026/08/27 22:46:23.553, 164.14, 100, 7393
2026/08/27 22:46:24.553, 163.25, 100, 7393
2026/08/27 22:46:25.554, 163.05, 99, 7393
2026/08/27 22:46:26.554, 163.27, 100, 7393
2026/08/27 22:46:27.562, 163.17, 100, 7393
2026/08/27 22:46:28.562, 163.09, 99, 7393
2026/08/27 22:46:29.563, 163.22, 100, 7393
2026/08/27 22:46:30.563, 163.27, 100, 7393
2026/08/27 22:46:31.563, 163.13, 99, 7393
2026/08/27 22:46:32.563, 163.21, 100, 7393
2026/08/27 22:46:33.563, 163.25, 100, 7393
2026/08/27 22:46:34.564, 163.01, 100, 7393
2026/08/27 22:46:35.564, 163.11, 100, 7393
2026/08/27 22:46:36.564, 163.07, 100, 7393
2026/08/27 22:46:37.564, 163.01, 99, 7393
2026/08/27 22:46:38.564, 163.29, 100, 7393
2026/08/27 22:46:39.564, 162.89, 100, 7393
2026/08/27 22:46:40.565, 163.07, 100, 7393
2026/08/27 22:46:41.565, 162.96, 100, 7393
2026/08/27 22:46:42.565, 163.07, 99, 7393
2026/08/27 22:46:43.565, 163.28, 100, 7393
2026/08/27 22:46:44.565, 162.90, 100, 7393
2026/08/27 22:46:45.565, 163.18, 100, 7393
2026/08/27 22:46:46.566, 163.27, 100, 7393
2026/08/27 22:46:47.566, 163.09, 100, 7393
2026/08/27 22:46:48.566, 163.04, 99, 7393
2026/08/27 22:46:49.566, 163.12, 100, 7393
2026/08/27 22:46:50.566, 163.07, 100, 7393
2026/08/27 22:46:51.566, 163.19, 99, 7393
2026/08/27 22:46:52.567, 163.00, 100, 7393
2026/08/27 22:46:53.567, 163.14, 100, 7393
2026/08/27 22:46:54.567, 162.95, 99, 7393
2026/08/27 22:46:55.567, 163.29, 100, 7393
2026/08/27 22:46:56.576, 163.16, 100, 7393
2026/08/27 22:46:57.576, 162.99, 100, 7393
2026/08/27 22:46:58.576, 163.16, 100, 7393
2026/08/27 22:46:59.576, 163.13, 100, 7393
2026/08/27 22:47:00.576, 163.12, 100, 7393
2026/08/27 22:47:01.577, 163.05, 100, 7393
2026/08/27 22:47:02.577, 163.09, 100, 7393
2026/08/27 22:47:03.577, 163.11, 99, 7393
2026/08/27 22:47:04.577, 163.24, 100, 7393
2026/08/27 22:47:05.577, 163.20, 100, 7393
2026/08/27 22:47:06.586, 163.17, 99, 7393
2026/08/27 22:47:07.586, 163.49, 100, 7393
2026/08/27 22:47:08.586, 163.41, 100, 7393
2026/08/27 22:47:09.586, 163.27, 99, 7393
2026/08/27 22:47:10.586, 163.39, 100, 7393
2026/08/27 22:47:11.587, 163.28, 100, 7393
2026/08/27 22:47:12.587, 163.37, 100, 7393
2026/08/27 22:47:13.587, 163.22, 100, 7393
2026/08/27 22:47:14.587, 163.16, 99, 7393
2026/08/27 22:47:15.587, 163.23, 100, 7393
2026/08/27 22:47:16.596, 163.22, 100, 7393
2026/08/27 22:47:17.596, 163.26, 99, 7393
2026/08/27 22:47:18.596, 163.24, 100, 7393
2026/08/27 22:47:19.596, 163.32, 100, 7393
2026/08/27 22:47:20.597, 163.34, 99, 7393
2026/08/27 22:47:21.605, 163.29, 100, 7393
2026/08/27 22:47:22.605, 163.36, 100, 7393
2026/08/27 22:47:23.606, 163.11, 99, 7393
2026/08/27 22:47:24.606, 163.23, 100, 7393
2026/08/27 22:47:25.606, 162.97, 100, 7393
2026/08/27 22:47:26.606, 163.20, 99, 7393
2026/08/27 22:47:27.606, 163.00, 100, 7393
2026/08/27 22:47:28.606, 163.08, 100, 7393
2026/08/27 22:47:29.607, 163.02, 99, 7393
2026/08/27 22:47:30.607, 163.17, 100, 7393
2026/08/27 22:47:31.615, 163.26, 100, 7393
2026/08/27 22:47:32.615, 163.25, 99, 7393
2026/08/27 22:47:33.616, 163.30, 100, 7393
2026/08/27 22:47:34.616, 163.15, 100, 7393
2026/08/27 22:47:35.616, 163.24, 99, 7393
2026/08/27 22:47:36.616, 163.09, 100, 7393
2026/08/27 22:47:37.616, 163.29, 100, 7393
2026/08/27 22:47:38.616, 163.28, 99, 7393
2026/08/27 22:47:39.617, 163.25, 100, 7393
2026/08/27 22:47:40.617, 163.09, 98, 7393
2026/08/27 22:47:41.625, 163.37, 99, 7393
2026/08/27 22:47:42.625, 163.20, 100, 7393
2026/08/27 22:47:43.626, 163.15, 100, 7393
2026/08/27 22:47:44.626, 163.12, 100, 7393
2026/08/27 22:47:45.626, 163.17, 100, 7393
2026/08/27 22:47:46.626, 163.24, 99, 7393
2026/08/27 22:47:47.626, 163.41, 100, 7393
2026/08/27 22:47:48.627, 163.36, 100, 7393
2026/08/27 22:47:49.627, 163.21, 99, 7393
2026/08/27 22:47:50.627, 163.55, 100, 7393
2026/08/27 22:47:51.627, 163.40, 100, 7393
2026/08/27 22:47:52.627, 163.39, 99, 7393
2026/08/27 22:47:53.627, 163.68, 100, 7393
2026/08/27 22:47:54.627, 163.37, 100, 7393
2026/08/27 22:47:55.628, 163.43, 100, 7393
2026/08/27 22:47:56.628, 163.34, 100, 7393
2026/08/27 22:47:57.628, 163.26, 100, 7393
2026/08/27 22:47:58.628, 84.66, 0, 7393
2026/08/27 22:47:59.628, 125.12, 100, 7393
2026/08/27 22:48:00.628, 158.88, 98, 7393
2026/08/27 22:48:01.637, 160.37, 100, 7393
2026/08/27 22:48:02.637, 159.72, 100, 7393
2026/08/27 22:48:03.637, 159.20, 98, 7393
2026/08/27 22:48:04.637, 160.65, 100, 7393
2026/08/27 22:48:05.638, 160.03, 100, 7393
2026/08/27 22:48:06.638, 159.51, 98, 7393
2026/08/27 22:48:07.638, 160.13, 100, 7393
2026/08/27 22:48:08.638, 159.56, 100, 7393
2026/08/27 22:48:09.638, 159.27, 98, 7393
2026/08/27 22:48:10.638, 159.92, 100, 7393
2026/08/27 22:48:11.638, 160.01, 100, 7393
2026/08/27 22:48:12.639, 159.14, 98, 7393
2026/08/27 22:48:13.639, 159.88, 100, 7393
2026/08/27 22:48:14.639, 159.73, 100, 7393
2026/08/27 22:48:15.639, 159.70, 100, 7393
2026/08/27 22:48:16.639, 159.84, 100, 7393
2026/08/27 22:48:17.639, 160.46, 100, 7393
2026/08/27 22:48:18.639, 159.88, 100, 7393
2026/08/27 22:48:19.639, 159.96, 100, 7393
2026/08/27 22:48:20.640, 160.53, 100, 7393
2026/08/27 22:48:21.640, 157.70, 89, 7393
2026/08/27 22:48:22.640, 158.46, 98, 7393
2026/08/27 22:48:23.640, 160.56, 100, 7393
2026/08/27 22:48:24.640, 158.89, 100, 7393
2026/08/27 22:48:25.640, 159.52, 98, 7393
2026/08/27 22:48:26.640, 160.23, 100, 7393
2026/08/27 22:48:27.640, 158.90, 100, 7393
2026/08/27 22:48:28.641, 159.81, 98, 7393
2026/08/27 22:48:29.641, 159.69, 100, 7393
2026/08/27 22:48:30.641, 158.76, 100, 7393
2026/08/27 22:48:31.641, 159.55, 98, 7393
2026/08/27 22:48:32.641, 159.90, 100, 7393
2026/08/27 22:48:33.641, 158.56, 100, 7393
2026/08/27 22:48:34.642, 160.38, 97, 7393
2026/08/27 22:48:35.642, 160.48, 100, 7393
2026/08/27 22:48:36.642, 158.84, 100, 7393
2026/08/27 22:48:37.642, 160.55, 98, 7393
2026/08/27 22:48:38.642, 160.43, 100, 7393
2026/08/27 22:48:39.642, 158.98, 100, 7393
2026/08/27 22:48:40.642, 159.08, 98, 7393
2026/08/27 22:48:41.643, 159.95, 100, 7393
2026/08/27 22:48:42.643, 159.33, 100, 7393
2026/08/27 22:48:43.643, 159.39, 97, 7393
2026/08/27 22:48:44.643, 159.98, 100, 7393
2026/08/27 22:48:45.645, 159.26, 100, 7393
2026/08/27 22:48:46.646, 159.20, 100, 7393
2026/08/27 22:48:47.646, 159.67, 100, 7393
2026/08/27 22:48:48.646, 159.69, 100, 7393
2026/08/27 22:48:49.646, 159.26, 100, 7393
2026/08/27 22:48:50.646, 160.48, 100, 7393
2026/08/27 22:48:51.646, 159.26, 100, 7393
2026/08/27 22:48:52.646, 157.88, 89, 7393
2026/08/27 22:48:53.647, 159.07, 100, 7393
2026/08/27 22:48:54.647, 159.70, 100, 7393
2026/08/27 22:48:55.647, 159.08, 97, 7393
2026/08/27 22:48:56.647, 159.81, 100, 7393
2026/08/27 22:48:57.647, 159.52, 100, 7393
2026/08/27 22:48:58.647, 157.81, 97, 7393
2026/08/27 22:48:59.647, 159.73, 100, 7393
2026/08/27 22:49:00.648, 159.65, 100, 7393
2026/08/27 22:49:01.648, 159.02, 97, 7393
2026/08/27 22:49:02.648, 160.26, 100, 7393
2026/08/27 22:49:03.648, 160.15, 100, 7393
2026/08/27 22:49:04.648, 158.71, 97, 7393
2026/08/27 22:49:05.648, 159.66, 100, 7393
2026/08/27 22:49:06.649, 160.25, 100, 7393
2026/08/27 22:49:07.649, 158.72, 98, 7393
2026/08/27 22:49:08.649, 159.33, 100, 7393
2026/08/27 22:49:09.649, 160.19, 100, 7393
2026/08/27 22:49:10.649, 158.47, 98, 7393
2026/08/27 22:49:11.650, 160.27, 100, 7393
2026/08/27 22:49:12.650, 160.30, 100, 7393
2026/08/27 22:49:13.650, 159.20, 99, 7393
2026/08/27 22:49:14.650, 159.30, 100, 7393
2026/08/27 22:49:15.650, 160.13, 100, 7393
2026/08/27 22:49:16.650, 159.22, 100, 7393
2026/08/27 22:49:17.651, 159.66, 100, 7393
2026/08/27 22:49:18.651, 160.53, 100, 7393
2026/08/27 22:49:19.651, 159.19, 100, 7393
2026/08/27 22:49:20.651, 159.38, 100, 7393
2026/08/27 22:49:21.651, 160.79, 100, 7393
2026/08/27 22:49:22.652, 159.34, 100, 7393
2026/08/27 22:49:23.652, 159.47, 100, 7393
2026/08/27 22:49:24.653, 160.21, 100, 7393
2026/08/27 22:49:25.653, 159.43, 100, 7393
2026/08/27 22:49:26.653, 159.21, 98, 7393
2026/08/27 22:49:27.653, 160.24, 100, 7393
2026/08/27 22:49:28.653, 159.52, 100, 7393
2026/08/27 22:49:29.653, 159.13, 98, 7393
2026/08/27 22:49:30.654, 159.82, 100, 7393
2026/08/27 22:49:31.654, 159.29, 100, 7393
2026/08/27 22:49:32.654, 159.06, 98, 7393
2026/08/27 22:49:33.655, 159.76, 100, 7393
2026/08/27 22:49:34.655, 159.89, 100, 7393
2026/08/27 22:49:35.656, 159.02, 98, 7393
2026/08/27 22:49:36.656, 160.42, 100, 7393
2026/08/27 22:49:37.656, 160.05, 100, 7393
2026/08/27 22:49:38.665, 159.23, 100, 7393
2026/08/27 22:49:39.665, 160.62, 100, 7393
2026/08/27 22:49:40.665, 159.36, 100, 7393
2026/08/27 22:49:41.665, 159.42, 100, 7393
2026/08/27 22:49:42.665, 160.58, 100, 7393
2026/08/27 22:49:43.665, 159.95, 100, 7393
2026/08/27 22:49:44.666, 159.46, 100, 7393
2026/08/27 22:49:45.666, 160.43, 100, 7393
2026/08/27 22:49:46.666, 159.42, 100, 7393
2026/08/27 22:49:47.666, 159.12, 97, 7393
2026/08/27 22:49:48.666, 160.19, 100, 7393
2026/08/27 22:49:49.666, 159.85, 100, 7393
2026/08/27 22:49:50.666, 159.52, 98, 7393
2026/08/27 22:49:51.667, 159.27, 100, 7393
2026/08/27 22:49:52.667, 160.11, 100, 7393
2026/08/27 22:49:53.667, 159.16, 98, 7393
2026/08/27 22:49:54.667, 160.11, 100, 7393
2026/08/27 22:49:55.667, 159.64, 100, 7393
2026/08/27 22:49:56.667, 159.27, 98, 7393
2026/08/27 22:49:57.667, 159.85, 100, 7393
2026/08/27 22:49:58.667, 159.80, 100, 7393
2026/08/27 22:49:59.668, 159.16, 98, 7393
2026/08/27 22:50:00.668, 159.92, 100, 7393
2026/08/27 22:50:01.668, 159.37, 100, 7393
2026/08/27 22:50:02.668, 158.89, 98, 7393
2026/08/27 22:50:03.668, 159.89, 100, 7393
2026/08/27 22:50:04.668, 160.56, 100, 7393
2026/08/27 22:50:05.668, 158.99, 98, 7393
2026/08/27 22:50:06.669, 160.01, 100, 7393
2026/08/27 22:50:07.669, 160.48, 100, 7393
2026/08/27 22:50:08.669, 159.24, 98, 7393
2026/08/27 22:50:09.669, 160.20, 100, 7393
2026/08/27 22:50:10.669, 160.62, 100, 7393
2026/08/27 22:50:11.669, 159.49, 100, 7393
2026/08/27 22:50:12.670, 158.42, 100, 7393
2026/08/27 22:50:13.670, 160.26, 100, 7393
2026/08/27 22:50:14.670, 159.54, 100, 7393
2026/08/27 22:50:15.670, 159.58, 100, 7393
2026/08/27 22:50:16.670, 160.69, 100, 7393
2026/08/27 22:50:17.670, 159.49, 100, 7393
2026/08/27 22:50:18.670, 159.37, 100, 7393
2026/08/27 22:50:19.671, 160.40, 100, 7393
2026/08/27 22:50:20.671, 159.19, 100, 7393
2026/08/27 22:50:21.671, 158.89, 98, 7393
2026/08/27 22:50:22.679, 160.25, 100, 7393
2026/08/27 22:50:23.680, 159.35, 100, 7393
2026/08/27 22:50:24.680, 159.02, 98, 7393
2026/08/27 22:50:25.680, 159.82, 100, 7393
2026/08/27 22:50:26.680, 159.26, 100, 7393
2026/08/27 22:50:27.689, 158.97, 98, 7393
2026/08/27 22:50:28.689, 159.80, 100, 7393
2026/08/27 22:50:29.689, 159.83, 100, 7393
2026/08/27 22:50:30.689, 159.02, 98, 7393
2026/08/27 22:50:31.689, 159.96, 100, 7393
2026/08/27 22:50:32.689, 159.81, 100, 7393
2026/08/27 22:50:33.690, 157.71, 95, 7393
2026/08/27 22:50:34.690, 161.51, 100, 7393
2026/08/27 22:50:35.690, 162.98, 100, 7393
2026/08/27 22:50:36.690, 162.99, 99, 7393
2026/08/27 22:50:37.690, 162.87, 100, 7393
2026/08/27 22:50:38.690, 162.47, 100, 7393
2026/08/27 22:50:39.691, 162.96, 100, 7393
2026/08/27 22:50:40.691, 163.27, 100, 7393
2026/08/27 22:50:41.691, 163.07, 100, 7393
2026/08/27 22:50:42.691, 162.93, 99, 7393
2026/08/27 22:50:43.691, 163.19, 100, 7393
2026/08/27 22:50:44.692, 162.97, 100, 7393
2026/08/27 22:50:45.692, 163.01, 100, 7393
2026/08/27 22:50:46.692, 163.28, 100, 7393
2026/08/27 22:50:47.692, 163.23, 99, 7393
2026/08/27 22:50:48.692, 163.27, 99, 7393
2026/08/27 22:50:49.692, 163.04, 100, 7393
2026/08/27 22:50:50.692, 163.06, 100, 7393
2026/08/27 22:50:51.693, 163.17, 100, 7393
2026/08/27 22:50:52.693, 163.38, 100, 7393
2026/08/27 22:50:53.693, 163.24, 99, 7393
2026/08/27 22:50:54.693, 163.31, 100, 7393
2026/08/27 22:50:55.693, 163.19, 100, 7393
2026/08/27 22:50:56.693, 163.25, 99, 7393
2026/08/27 22:50:57.702, 163.14, 100, 7393
2026/08/27 22:50:58.702, 162.96, 100, 7393
2026/08/27 22:50:59.702, 163.05, 99, 7393
2026/08/27 22:51:00.703, 163.04, 100, 7393
2026/08/27 22:51:01.703, 163.18, 100, 7393
2026/08/27 22:51:02.703, 163.10, 99, 7393
2026/08/27 22:51:03.703, 163.06, 100, 7393
2026/08/27 22:51:04.703, 162.98, 100, 7393
2026/08/27 22:51:05.703, 163.17, 99, 7393
2026/08/27 22:51:06.704, 163.08, 100, 7393
2026/08/27 22:51:07.704, 163.29, 100, 7393
2026/08/27 22:51:08.704, 163.21, 99, 7393
2026/08/27 22:51:09.704, 163.26, 100, 7393
2026/08/27 22:51:10.704, 163.28, 100, 7393
2026/08/27 22:51:11.705, 163.08, 100, 7393
2026/08/27 22:51:12.705, 163.17, 100, 7393
2026/08/27 22:51:13.705, 163.03, 100, 7393
2026/08/27 22:51:14.705, 163.08, 100, 7393
2026/08/27 22:51:15.705, 163.17, 100, 7393
2026/08/27 22:51:16.706, 163.07, 100, 7393
2026/08/27 22:51:17.714, 163.11, 100, 7393
2026/08/27 22:51:18.714, 163.29, 100, 7393
2026/08/27 22:51:19.714, 163.17, 100, 7393
2026/08/27 22:51:20.715, 163.24, 99, 7393
2026/08/27 22:51:21.715, 163.19, 100, 7393
2026/08/27 22:51:22.715, 163.26, 99, 7393
2026/08/27 22:51:23.715, 163.29, 99, 7393
2026/08/27 22:51:24.715, 163.27, 100, 7393
2026/08/27 22:51:25.715, 163.17, 99, 7393
2026/08/27 22:51:26.715, 163.20, 100, 7393
2026/08/27 22:51:27.716, 163.03, 100, 7393
2026/08/27 22:51:28.716, 163.19, 99, 7393
2026/08/27 22:51:29.716, 163.34, 100, 7393
2026/08/27 22:51:30.716, 162.88, 100, 7393
2026/08/27 22:51:31.716, 163.08, 99, 7393
2026/08/27 22:51:32.716, 163.07, 100, 7393
2026/08/27 22:51:33.716, 162.99, 100, 7393
2026/08/27 22:51:34.717, 163.08, 100, 7393
2026/08/27 22:51:35.717, 163.10, 100, 7393
2026/08/27 22:51:36.717, 163.24, 100, 7393
2026/08/27 22:51:37.717, 163.11, 100, 7393
2026/08/27 22:51:38.717, 163.09, 100, 7393
2026/08/27 22:51:39.717, 163.16, 100, 7393
2026/08/27 22:51:40.717, 163.09, 100, 7393
2026/08/27 22:51:41.718, 163.07, 100, 7393
2026/08/27 22:51:42.718, 162.96, 100, 7393
2026/08/27 22:51:43.718, 162.88, 99, 7393
2026/08/27 22:51:44.718, 163.04, 100, 7393
2026/08/27 22:51:45.718, 163.23, 100, 7393
2026/08/27 22:51:46.718, 163.11, 99, 7393
2026/08/27 22:51:47.719, 163.14, 100, 7393
2026/08/27 22:51:48.719, 163.11, 100, 7393
2026/08/27 22:51:49.719, 163.41, 100, 7393
2026/08/27 22:51:50.719, 163.21, 100, 7393
2026/08/27 22:51:51.719, 163.20, 100, 7393
2026/08/27 22:51:52.719, 162.90, 100, 7393
2026/08/27 22:51:53.720, 163.17, 100, 7393
2026/08/27 22:51:54.720, 163.16, 100, 7393
2026/08/27 22:51:55.728, 163.21, 99, 7393
2026/08/27 22:51:56.728, 163.17, 100, 7393
2026/08/27 22:51:57.729, 162.97, 99, 7393
2026/08/27 22:51:58.729, 163.12, 99, 7393
2026/08/27 22:51:59.729, 163.19, 100, 7393
2026/08/27 22:52:00.738, 163.02, 100, 7393
2026/08/27 22:52:01.738, 163.28, 100, 7393
2026/08/27 22:52:02.738, 163.21, 100, 7393
2026/08/27 22:52:03.738, 163.29, 99, 7393
2026/08/27 22:52:04.738, 163.27, 100, 7393
2026/08/27 22:52:05.738, 162.79, 100, 7393
2026/08/27 22:52:06.738, 163.22, 99, 7393
2026/08/27 22:52:07.739, 163.35, 100, 7393
2026/08/27 22:52:08.739, 163.07, 100, 7393
2026/08/27 22:52:09.739, 163.31, 99, 7393
2026/08/27 22:52:10.748, 57.61, 0, 7393
2026/08/27 22:52:11.748, 151.05, 98, 7393
2026/08/27 22:52:12.748, 160.21, 100, 7393
2026/08/27 22:52:13.748, 160.05, 100, 7393
2026/08/27 22:52:14.748, 159.45, 98, 7393
2026/08/27 22:52:15.757, 159.92, 100, 7393
2026/08/27 22:52:16.757, 159.37, 100, 7393
2026/08/27 22:52:17.757, 158.88, 98, 7393
2026/08/27 22:52:18.757, 160.07, 100, 7393
2026/08/27 22:52:19.758, 159.50, 100, 7393
2026/08/27 22:52:20.758, 158.97, 98, 7393
2026/08/27 22:52:21.758, 159.96, 100, 7393
2026/08/27 22:52:22.758, 159.47, 100, 7393
2026/08/27 22:52:23.758, 158.85, 98, 7393
2026/08/27 22:52:24.758, 159.89, 100, 7393
2026/08/27 22:52:25.759, 159.58, 100, 7393
2026/08/27 22:52:26.759, 159.01, 98, 7393
2026/08/27 22:52:27.759, 159.87, 100, 7393
2026/08/27 22:52:28.759, 160.33, 100, 7393
2026/08/27 22:52:29.759, 158.82, 98, 7393
2026/08/27 22:52:30.768, 159.90, 100, 7393
2026/08/27 22:52:31.768, 160.00, 100, 7393
2026/08/27 22:52:32.768, 158.97, 98, 7393
2026/08/27 22:52:33.768, 159.69, 100, 7393
2026/08/27 22:52:34.769, 159.96, 100, 7393
2026/08/27 22:52:35.769, 158.62, 98, 7393
2026/08/27 22:52:36.769, 159.63, 100, 7393
2026/08/27 22:52:37.769, 160.39, 100, 7393
2026/08/27 22:52:38.769, 159.12, 98, 7393
2026/08/27 22:52:39.769, 160.10, 100, 7393
2026/08/27 22:52:40.770, 159.97, 100, 7393
2026/08/27 22:52:41.770, 159.50, 100, 7393
2026/08/27 22:52:42.770, 159.91, 100, 7393
2026/08/27 22:52:43.770, 160.46, 100, 7393
2026/08/27 22:52:44.770, 159.62, 100, 7393
2026/08/27 22:52:45.770, 159.52, 100, 7393
2026/08/27 22:52:46.771, 160.12, 100, 7393
2026/08/27 22:52:47.771, 159.27, 100, 7393
2026/08/27 22:52:48.771, 159.29, 100, 7393
2026/08/27 22:52:49.771, 160.43, 100, 7393
2026/08/27 22:52:50.771, 159.23, 100, 7393
2026/08/27 22:52:51.771, 160.07, 100, 7393
2026/08/27 22:52:52.772, 160.87, 100, 7393
2026/08/27 22:52:53.772, 159.72, 100, 7393
2026/08/27 22:52:54.772, 159.67, 100, 7393
2026/08/27 22:52:55.772, 160.21, 100, 7393
2026/08/27 22:52:56.772, 159.66, 100, 7393
2026/08/27 22:52:57.772, 159.33, 98, 7393
2026/08/27 22:52:58.773, 160.04, 100, 7393
2026/08/27 22:52:59.773, 159.79, 100, 7393
2026/08/27 22:53:00.773, 158.15, 97, 7393
2026/08/27 22:53:01.773, 159.92, 100, 7393
2026/08/27 22:53:02.773, 159.94, 100, 7393
2026/08/27 22:53:03.773, 159.29, 98, 7393
2026/08/27 22:53:04.774, 160.07, 100, 7393
2026/08/27 22:53:05.774, 158.94, 100, 7393
2026/08/27 22:53:06.774, 159.08, 98, 7393
2026/08/27 22:53:07.774, 159.87, 100, 7393
2026/08/27 22:53:08.774, 160.03, 100, 7393
2026/08/27 22:53:09.774, 158.90, 98, 7393
2026/08/27 22:53:10.774, 158.64, 100, 7393
2026/08/27 22:53:11.775, 160.21, 100, 7393
2026/08/27 22:53:12.775, 159.00, 98, 7393
2026/08/27 22:53:13.775, 159.64, 100, 7393
2026/08/27 22:53:14.775, 159.67, 100, 7393
2026/08/27 22:53:15.775, 157.68, 90, 7393
2026/08/27 22:53:16.776, 158.56, 100, 7393
2026/08/27 22:53:17.776, 159.97, 100, 7393
2026/08/27 22:53:18.776, 159.10, 99, 7393
2026/08/27 22:53:19.776, 159.38, 100, 7393
2026/08/27 22:53:20.776, 159.74, 100, 7393
2026/08/27 22:53:21.785, 159.32, 100, 7393
2026/08/27 22:53:22.785, 159.43, 100, 7393
2026/08/27 22:53:23.785, 160.77, 100, 7393
2026/08/27 22:53:24.785, 159.10, 100, 7393
2026/08/27 22:53:25.786, 159.19, 100, 7393
2026/08/27 22:53:26.794, 160.10, 100, 7393
2026/08/27 22:53:27.794, 159.20, 100, 7393
2026/08/27 22:53:28.794, 159.33, 100, 7393
2026/08/27 22:53:29.795, 160.16, 100, 7393
2026/08/27 22:53:30.795, 159.88, 100, 7393
2026/08/27 22:53:31.803, 159.23, 100, 7393
2026/08/27 22:53:32.804, 160.33, 100, 7393
2026/08/27 22:53:33.804, 159.62, 100, 7393
2026/08/27 22:53:34.804, 159.41, 98, 7393
2026/08/27 22:53:35.804, 160.20, 100, 7393
2026/08/27 22:53:36.804, 159.85, 100, 7393
2026/08/27 22:53:37.804, 159.19, 98, 7393
2026/08/27 22:53:38.805, 159.98, 100, 7393
2026/08/27 22:53:39.805, 159.19, 100, 7393
2026/08/27 22:53:40.805, 159.12, 98, 7393
2026/08/27 22:53:41.805, 159.82, 100, 7393
2026/08/27 22:53:42.805, 159.84, 100, 7393
2026/08/27 22:53:43.805, 158.98, 98, 7393
2026/08/27 22:53:44.806, 159.59, 100, 7393
2026/08/27 22:53:45.806, 159.43, 100, 7393
2026/08/27 22:53:46.806, 159.05, 98, 7393
2026/08/27 22:53:47.806, 160.26, 100, 7393
2026/08/27 22:53:48.806, 159.90, 100, 7393
2026/08/27 22:53:49.807, 158.69, 98, 7393
2026/08/27 22:53:50.807, 159.76, 100, 7393
2026/08/27 22:53:51.807, 160.17, 100, 7393
2026/08/27 22:53:52.807, 158.77, 98, 7393
2026/08/27 22:53:53.807, 159.68, 100, 7393
2026/08/27 22:53:54.807, 159.90, 100, 7393
2026/08/27 22:53:55.808, 158.63, 98, 7393
2026/08/27 22:53:56.816, 159.39, 100, 7393
2026/08/27 22:53:57.816, 159.66, 100, 7393
2026/08/27 22:53:58.816, 158.45, 98, 7393
2026/08/27 22:53:59.817, 159.54, 100, 7393
2026/08/27 22:54:00.817, 160.32, 100, 7393
2026/08/27 22:54:01.817, 158.74, 98, 7393
2026/08/27 22:54:02.817, 159.27, 100, 7393
2026/08/27 22:54:03.817, 160.40, 100, 7393
2026/08/27 22:54:04.817, 159.10, 100, 7393
2026/08/27 22:54:05.818, 159.57, 100, 7393
2026/08/27 22:54:06.826, 160.40, 100, 7393
2026/08/27 22:54:07.826, 159.33, 100, 7393
2026/08/27 22:54:08.826, 159.49, 100, 7393
2026/08/27 22:54:09.827, 160.20, 100, 7393
2026/08/27 22:54:10.827, 158.96, 100, 7393
2026/08/27 22:54:11.835, 159.32, 100, 7393
2026/08/27 22:54:12.836, 160.73, 100, 7393
2026/08/27 22:54:13.836, 159.28, 100, 7393
2026/08/27 22:54:14.836, 159.34, 100, 7393
2026/08/27 22:54:15.836, 160.29, 100, 7393
2026/08/27 22:54:16.844, 158.68, 100, 7393
2026/08/27 22:54:17.844, 158.86, 98, 7393
2026/08/27 22:54:18.844, 160.36, 100, 7393
2026/08/27 22:54:19.844, 159.91, 100, 7393
2026/08/27 22:54:20.844, 159.07, 98, 7393
2026/08/27 22:54:21.845, 159.99, 100, 7393
2026/08/27 22:54:22.845, 159.28, 100, 7393
2026/08/27 22:54:23.845, 158.76, 98, 7393
2026/08/27 22:54:24.845, 160.39, 100, 7393
2026/08/27 22:54:25.845, 159.60, 100, 7393
2026/08/27 22:54:26.845, 158.66, 98, 7393
2026/08/27 22:54:27.846, 160.18, 100, 7393
2026/08/27 22:54:28.846, 159.90, 100, 7393
2026/08/27 22:54:29.846, 158.78, 98, 7393
2026/08/27 22:54:30.846, 159.61, 100, 7393
2026/08/27 22:54:31.846, 159.56, 100, 7393
2026/08/27 22:54:32.846, 158.55, 98, 7393
2026/08/27 22:54:33.847, 159.69, 100, 7393
2026/08/27 22:54:34.847, 159.70, 100, 7393
2026/08/27 22:54:35.847, 158.62, 98, 7393
2026/08/27 22:54:36.847, 159.53, 100, 7393
2026/08/27 22:54:37.847, 159.83, 100, 7393
2026/08/27 22:54:38.847, 158.73, 98, 7393
2026/08/27 22:54:39.848, 159.52, 100, 7393
2026/08/27 22:54:40.848, 160.24, 100, 7393
2026/08/27 22:54:41.848, 158.98, 99, 7393
2026/08/27 22:54:42.848, 159.10, 100, 7393
2026/08/27 22:54:43.848, 159.99, 100, 7393
2026/08/27 22:54:44.848, 159.04, 100, 7393
2026/08/27 22:54:45.849, 158.34, 100, 7393
2026/08/27 22:54:46.849, 163.11, 100, 7393
2026/08/27 22:54:47.849, 162.98, 100, 7393
2026/08/27 22:54:48.849, 162.81, 100, 7393
2026/08/27 22:54:49.849, 162.99, 99, 7393
2026/08/27 22:54:50.849, 162.77, 100, 7393
2026/08/27 22:54:51.850, 162.93, 100, 7393
2026/08/27 22:54:52.850, 163.01, 99, 7393
2026/08/27 22:54:53.850, 163.14, 100, 7393
2026/08/27 22:54:54.850, 163.07, 100, 7393
2026/08/27 22:54:55.850, 163.35, 99, 7393
2026/08/27 22:54:56.850, 163.43, 100, 7393
2026/08/27 22:54:57.851, 163.32, 100, 7393
2026/08/27 22:54:58.851, 163.36, 99, 7393
2026/08/27 22:54:59.851, 163.34, 100, 7393
2026/08/27 22:55:00.851, 163.34, 100, 7393
2026/08/27 22:55:01.851, 163.35, 99, 7393
2026/08/27 22:55:02.851, 163.47, 100, 7393
2026/08/27 22:55:03.852, 163.36, 100, 7393
2026/08/27 22:55:04.852, 163.51, 100, 7393
2026/08/27 22:55:05.852, 163.60, 100, 7393
2026/08/27 22:55:06.852, 163.51, 100, 7393
2026/08/27 22:55:07.852, 163.61, 100, 7393
2026/08/27 22:55:08.853, 163.59, 100, 7393
2026/08/27 22:55:09.853, 163.57, 100, 7393
2026/08/27 22:55:10.853, 163.85, 100, 7393
2026/08/27 22:55:11.853, 163.68, 100, 7393
2026/08/27 22:55:12.853, 163.60, 100, 7393
2026/08/27 22:55:13.853, 163.55, 99, 7393
2026/08/27 22:55:14.854, 163.64, 100, 7393
2026/08/27 22:55:15.854, 163.50, 99, 7393
2026/08/27 22:55:16.854, 163.26, 99, 7393
2026/08/27 22:55:17.854, 163.35, 100, 7393
2026/08/27 22:55:18.854, 163.63, 100, 7393
2026/08/27 22:55:19.854, 163.57, 100, 7393
2026/08/27 22:55:20.855, 163.33, 100, 7393
2026/08/27 22:55:21.855, 163.29, 99, 7393
2026/08/27 22:55:22.863, 163.52, 99, 7393
2026/08/27 22:55:23.864, 163.32, 100, 7393
2026/08/27 22:55:24.864, 163.40, 100, 7393
2026/08/27 22:55:25.864, 163.30, 99, 7393
2026/08/27 22:55:26.864, 163.36, 100, 7393
2026/08/27 22:55:27.864, 163.42, 99, 7393
2026/08/27 22:55:28.865, 163.52, 99, 7393
2026/08/27 22:55:29.865, 163.33, 100, 7393
2026/08/27 22:55:30.865, 163.62, 99, 7393
2026/08/27 22:55:31.865, 163.90, 100, 7393
2026/08/27 22:55:32.874, 163.68, 100, 7393
2026/08/27 22:55:33.874, 163.52, 99, 7393
2026/08/27 22:55:34.874, 163.57, 100, 7393
2026/08/27 22:55:35.874, 163.48, 100, 7393
2026/08/27 22:55:36.874, 163.28, 99, 7393
2026/08/27 22:55:37.875, 163.42, 100, 7393
2026/08/27 22:55:38.875, 163.42, 100, 7393
2026/08/27 22:55:39.875, 163.63, 99, 7393
2026/08/27 22:55:40.875, 163.66, 100, 7393
2026/08/27 22:55:41.875, 163.48, 100, 7393
2026/08/27 22:55:42.884, 163.32, 99, 7393
2026/08/27 22:55:43.884, 163.73, 100, 7393
2026/08/27 22:55:44.884, 163.57, 100, 7393
2026/08/27 22:55:45.884, 163.72, 99, 7393
2026/08/27 22:55:46.885, 163.85, 100, 7393
2026/08/27 22:55:47.885, 163.46, 100, 7393
2026/08/27 22:55:48.885, 163.65, 99, 7393
2026/08/27 22:55:49.885, 163.73, 100, 7393
2026/08/27 22:55:50.885, 163.81, 100, 7393
2026/08/27 22:55:51.885, 163.40, 99, 7393
2026/08/27 22:55:52.886, 163.37, 100, 7393
2026/08/27 22:55:53.886, 163.39, 100, 7393
2026/08/27 22:55:54.886, 163.51, 100, 7393
2026/08/27 22:55:55.886, 163.57, 100, 7393
2026/08/27 22:55:56.886, 163.69, 100, 7393
2026/08/27 22:55:57.887, 163.56, 100, 7393
2026/08/27 22:55:58.887, 163.65, 100, 7393
2026/08/27 22:55:59.887, 163.78, 100, 7393
2026/08/27 22:56:00.887, 163.63, 99, 7393
2026/08/27 22:56:01.887, 163.63, 100, 7393
2026/08/27 22:56:02.887, 163.58, 100, 7393
2026/08/27 22:56:03.888, 163.63, 99, 7393
2026/08/27 22:56:04.888, 163.47, 100, 7393
2026/08/27 22:56:05.888, 163.54, 100, 7393
2026/08/27 22:56:06.888, 163.50, 99, 7393
2026/08/27 22:56:07.888, 163.36, 100, 7393
2026/08/27 22:56:08.889, 163.39, 100, 7393
2026/08/27 22:56:09.889, 163.53, 100, 7393
2026/08/27 22:56:10.889, 163.62, 99, 7393
2026/08/27 22:56:11.889, 163.63, 100, 7393
2026/08/27 22:56:12.889, 163.49, 100, 7393
2026/08/27 22:56:13.889, 163.65, 100, 7393
2026/08/27 22:56:14.889, 163.52, 100, 7393
2026/08/27 22:56:15.890, 163.45, 100, 7393
2026/08/27 22:56:16.890, 163.58, 100, 7393
2026/08/27 22:56:17.890, 163.42, 100, 7393
2026/08/27 22:56:18.890, 163.44, 100, 7393
2026/08/27 22:56:19.890, 163.36, 100, 7393
2026/08/27 22:56:20.890, 163.32, 100, 7393
2026/08/27 22:56:21.891, 142.57, 29, 7393
2026/08/27 22:56:22.891, 69.68, 100, 7393
2026/08/27 22:56:23.891, 158.80, 98, 7393
2026/08/27 22:56:24.891, 159.95, 100, 7393
2026/08/27 22:56:25.891, 160.49, 100, 7393
2026/08/27 22:56:26.892, 158.66, 98, 7393
2026/08/27 22:56:27.892, 159.83, 100, 7393
2026/08/27 22:56:28.892, 160.62, 100, 7393
2026/08/27 22:56:29.892, 158.09, 98, 7393
2026/08/27 22:56:30.892, 160.22, 100, 7393
2026/08/27 22:56:31.892, 160.56, 100, 7393
2026/08/27 22:56:32.893, 159.24, 100, 7393
2026/08/27 22:56:33.893, 159.86, 100, 7393
2026/08/27 22:56:34.893, 160.18, 100, 7393
2026/08/27 22:56:35.893, 159.43, 100, 7393
2026/08/27 22:56:36.893, 159.64, 100, 7393
2026/08/27 22:56:37.893, 160.29, 100, 7393
2026/08/27 22:56:38.894, 159.31, 100, 7393
2026/08/27 22:56:39.894, 159.64, 100, 7393
2026/08/27 22:56:40.894, 160.77, 100, 7393
2026/08/27 22:56:41.894, 158.98, 100, 7393
2026/08/27 22:56:42.894, 159.77, 100, 7393
2026/08/27 22:56:43.894, 160.42, 100, 7393
2026/08/27 22:56:44.903, 159.13, 100, 7393
2026/08/27 22:56:45.903, 159.07, 100, 7393
2026/08/27 22:56:46.903, 160.38, 100, 7393
2026/08/27 22:56:47.903, 159.33, 100, 7393
2026/08/27 22:56:48.904, 159.53, 98, 7393
2026/08/27 22:56:49.904, 160.17, 100, 7393
2026/08/27 22:56:50.904, 159.68, 100, 7393
2026/08/27 22:56:51.904, 159.31, 97, 7393
2026/08/27 22:56:52.904, 160.37, 100, 7393
2026/08/27 22:56:53.905, 159.56, 100, 7393
2026/08/27 22:56:54.905, 159.14, 98, 7393
2026/08/27 22:56:55.905, 160.48, 100, 7393
2026/08/27 22:56:56.905, 159.36, 100, 7393
2026/08/27 22:56:57.905, 159.13, 98, 7393
2026/08/27 22:56:58.905, 160.00, 100, 7393
2026/08/27 22:56:59.914, 159.87, 100, 7393
2026/08/27 22:57:00.914, 159.06, 98, 7393
2026/08/27 22:57:01.914, 159.65, 100, 7393
2026/08/27 22:57:02.915, 159.40, 100, 7393
2026/08/27 22:57:03.915, 158.87, 98, 7393
2026/08/27 22:57:04.923, 159.74, 100, 7393
2026/08/27 22:57:05.923, 160.09, 100, 7393
2026/08/27 22:57:06.924, 158.90, 98, 7393
2026/08/27 22:57:07.924, 160.08, 100, 7393
2026/08/27 22:57:08.924, 159.68, 100, 7393
2026/08/27 22:57:09.935, 158.88, 98, 7393
2026/08/27 22:57:10.935, 159.87, 100, 7393
2026/08/27 22:57:11.936, 160.31, 100, 7393
2026/08/27 22:57:12.936, 159.02, 98, 7393
2026/08/27 22:57:13.936, 159.77, 100, 7393
2026/08/27 22:57:14.945, 159.74, 100, 7393
2026/08/27 22:57:15.945, 158.69, 98, 7393
2026/08/27 22:57:16.945, 159.76, 100, 7393
2026/08/27 22:57:17.945, 160.27, 100, 7393
2026/08/27 22:57:18.945, 158.84, 98, 7393
2026/08/27 22:57:19.946, 159.70, 100, 7393
2026/08/27 22:57:20.946, 160.54, 100, 7393
2026/08/27 22:57:21.946, 159.49, 99, 7393
2026/08/27 22:57:22.946, 159.96, 100, 7393
2026/08/27 22:57:23.946, 160.54, 100, 7393
2026/08/27 22:57:24.946, 159.25, 100, 7393
2026/08/27 22:57:25.947, 159.52, 100, 7393
2026/08/27 22:57:26.947, 160.77, 100, 7393
2026/08/27 22:57:27.947, 159.52, 100, 7393
2026/08/27 22:57:28.947, 159.82, 100, 7393
2026/08/27 22:57:29.947, 160.78, 100, 7393
2026/08/27 22:57:30.947, 159.18, 100, 7393
2026/08/27 22:57:31.948, 159.36, 100, 7393
2026/08/27 22:57:32.948, 160.63, 100, 7393
2026/08/27 22:57:33.948, 159.42, 100, 7393
2026/08/27 22:57:34.948, 159.10, 99, 7393
2026/08/27 22:57:35.948, 160.08, 100, 7393
2026/08/27 22:57:36.948, 159.45, 100, 7393
2026/08/27 22:57:37.949, 159.38, 98, 7393
2026/08/27 22:57:38.949, 160.21, 100, 7393
2026/08/27 22:57:39.949, 159.36, 100, 7393
2026/08/27 22:57:40.949, 159.07, 97, 7393
2026/08/27 22:57:41.949, 160.25, 100, 7393
2026/08/27 22:57:42.950, 160.07, 100, 7393
2026/08/27 22:57:43.950, 158.94, 98, 7393
2026/08/27 22:57:44.950, 160.54, 100, 7393
2026/08/27 22:57:45.950, 159.66, 100, 7393
2026/08/27 22:57:46.950, 159.36, 97, 7393
2026/08/27 22:57:47.950, 159.93, 100, 7393
2026/08/27 22:57:48.951, 159.68, 100, 7393
2026/08/27 22:57:49.951, 157.94, 98, 7393
2026/08/27 22:57:50.951, 159.86, 100, 7393
2026/08/27 22:57:51.951, 159.90, 100, 7393
2026/08/27 22:57:52.951, 158.99, 98, 7393
2026/08/27 22:57:53.951, 159.76, 100, 7393
2026/08/27 22:57:54.951, 160.38, 100, 7393
2026/08/27 22:57:55.952, 158.88, 98, 7393
2026/08/27 22:57:56.952, 159.66, 100, 7393
2026/08/27 22:57:57.952, 160.24, 100, 7393
2026/08/27 22:57:58.952, 158.42, 98, 7393
2026/08/27 22:57:59.952, 158.75, 100, 7393
2026/08/27 22:58:00.952, 160.57, 100, 7393
2026/08/27 22:58:01.953, 159.48, 100, 7393
2026/08/27 22:58:02.953, 159.71, 100, 7393
2026/08/27 22:58:03.953, 159.97, 100, 7393
2026/08/27 22:58:04.953, 159.32, 100, 7393
2026/08/27 22:58:05.953, 159.28, 100, 7393
2026/08/27 22:58:06.953, 160.32, 100, 7393
2026/08/27 22:58:07.954, 159.52, 100, 7393
2026/08/27 22:58:08.954, 159.15, 100, 7393
2026/08/27 22:58:09.954, 160.09, 100, 7393
2026/08/27 22:58:10.954, 159.62, 100, 7393
2026/08/27 22:58:11.954, 159.04, 100, 7393
2026/08/27 22:58:12.954, 160.36, 100, 7393
2026/08/27 22:58:13.955, 159.80, 100, 7393
2026/08/27 22:58:14.955, 159.08, 97, 7393
2026/08/27 22:58:15.955, 160.42, 100, 7393
2026/08/27 22:58:16.955, 159.70, 100, 7393
2026/08/27 22:58:17.955, 159.52, 98, 7393
2026/08/27 22:58:18.955, 160.69, 100, 7393
2026/08/27 22:58:19.956, 159.67, 100, 7393
2026/08/27 22:58:20.964, 158.91, 98, 7393
2026/08/27 22:58:21.964, 160.41, 100, 7393
2026/08/27 22:58:22.965, 159.92, 100, 7393
2026/08/27 22:58:23.965, 159.07, 98, 7393
2026/08/27 22:58:24.965, 160.31, 100, 7393
2026/08/27 22:58:25.974, 160.35, 100, 7393
2026/08/27 22:58:26.974, 159.31, 98, 7393
2026/08/27 22:58:27.974, 160.16, 100, 7393
2026/08/27 22:58:28.974, 160.23, 100, 7393
2026/08/27 22:58:29.975, 159.37, 98, 7393
2026/08/27 22:58:30.975, 160.09, 100, 7393
2026/08/27 22:58:31.975, 160.00, 100, 7393
2026/08/27 22:58:32.975, 159.16, 98, 7393
2026/08/27 22:58:33.975, 159.87, 100, 7393
2026/08/27 22:58:34.976, 159.77, 100, 7393
2026/08/27 22:58:35.984, 158.88, 98, 7393
2026/08/27 22:58:36.984, 159.80, 100, 7393
2026/08/27 22:58:37.985, 160.11, 100, 7393
2026/08/27 22:58:38.985, 158.93, 98, 7393
2026/08/27 22:58:39.985, 159.83, 100, 7393
2026/08/27 22:58:40.985, 160.44, 100, 7393
2026/08/27 22:58:41.985, 158.96, 97, 7393
2026/08/27 22:58:42.986, 159.58, 100, 7393
2026/08/27 22:58:43.986, 160.13, 100, 7393
2026/08/27 22:58:44.986, 158.88, 98, 7393
2026/08/27 22:58:45.994, 159.86, 100, 7393
2026/08/27 22:58:46.995, 160.18, 100, 7393
2026/08/27 22:58:47.995, 159.42, 98, 7393
2026/08/27 22:58:48.995, 160.53, 100, 7393
2026/08/27 22:58:49.995, 160.85, 100, 7393
2026/08/27 22:58:50.995, 159.25, 99, 7393
2026/08/27 22:58:51.996, 159.69, 100, 7393
2026/08/27 22:58:52.996, 160.83, 100, 7393
2026/08/27 22:58:53.996, 159.62, 100, 7393
2026/08/27 22:58:54.996, 160.15, 100, 7393
2026/08/27 22:58:56.005, 160.84, 100, 7393
2026/08/27 22:58:57.005, 159.65, 100, 7393
2026/08/27 22:58:58.005, 161.18, 100, 7393
2026/08/27 22:58:59.005, 163.00, 99, 7393
2026/08/27 22:59:00.006, 163.11, 100, 7393
2026/08/27 22:59:01.014, 163.01, 100, 7393
2026/08/27 22:59:02.014, 163.14, 100, 7393
2026/08/27 22:59:03.015, 162.99, 100, 7393
2026/08/27 22:59:04.015, 162.95, 100, 7393
2026/08/27 22:59:05.015, 163.14, 100, 7393
2026/08/27 22:59:06.015, 162.93, 100, 7393
2026/08/27 22:59:07.015, 163.09, 100, 7393
2026/08/27 22:59:08.015, 163.21, 99, 7393
2026/08/27 22:59:09.015, 163.41, 100, 7393
2026/08/27 22:59:10.016, 163.29, 100, 7393
2026/08/27 22:59:11.024, 163.04, 99, 7393
2026/08/27 22:59:12.024, 163.11, 100, 7393
2026/08/27 22:59:13.025, 163.09, 100, 7393
2026/08/27 22:59:14.025, 163.38, 99, 7393
2026/08/27 22:59:15.025, 163.21, 100, 7393
2026/08/27 22:59:16.025, 163.12, 100, 7393
2026/08/27 22:59:17.025, 163.26, 99, 7393
2026/08/27 22:59:18.025, 163.41, 100, 7393
2026/08/27 22:59:19.026, 163.07, 100, 7393
2026/08/27 22:59:20.026, 163.35, 99, 7393
2026/08/27 22:59:21.026, 163.34, 100, 7393
2026/08/27 22:59:22.026, 163.45, 99, 7393
2026/08/27 22:59:23.026, 163.48, 100, 7393
2026/08/27 22:59:24.027, 163.15, 100, 7393
2026/08/27 22:59:25.027, 163.26, 99, 7393
2026/08/27 22:59:26.027, 163.22, 100, 7393
2026/08/27 22:59:27.027, 163.28, 100, 7393
2026/08/27 22:59:28.027, 163.00, 99, 7393
2026/08/27 22:59:29.027, 163.31, 100, 7393
2026/08/27 22:59:30.028, 163.45, 100, 7393
2026/08/27 22:59:31.028, 163.44, 99, 7393
2026/08/27 22:59:32.028, 163.43, 100, 7393
2026/08/27 22:59:33.028, 163.41, 100, 7393
2026/08/27 22:59:34.028, 163.38, 100, 7393
2026/08/27 22:59:35.028, 163.32, 100, 7393
2026/08/27 22:59:36.029, 163.39, 100, 7393
2026/08/27 22:59:37.029, 163.34, 99, 7393
2026/08/27 22:59:38.029, 163.47, 100, 7393
2026/08/27 22:59:39.029, 163.25, 100, 7393
2026/08/27 22:59:40.029, 163.28, 100, 7393
2026/08/27 22:59:41.029, 163.07, 100, 7393
2026/08/27 22:59:42.029, 163.24, 100, 7393
2026/08/27 22:59:43.030, 162.99, 99, 7393
2026/08/27 22:59:44.030, 163.32, 100, 7393
2026/08/27 22:59:45.030, 163.14, 100, 7393
2026/08/27 22:59:46.030, 162.89, 99, 7393
2026/08/27 22:59:47.030, 163.16, 100, 7393
2026/08/27 22:59:48.031, 163.17, 100, 7393
2026/08/27 22:59:49.031, 163.45, 99, 7393
2026/08/27 22:59:50.031, 163.16, 100, 7393
2026/08/27 22:59:51.031, 163.32, 100, 7393
2026/08/27 22:59:52.031, 163.33, 99, 7393
2026/08/27 22:59:53.031, 163.44, 100, 7393
2026/08/27 22:59:54.032, 163.35, 99, 7393
2026/08/27 22:59:55.032, 163.35, 100, 7393
2026/08/27 22:59:56.032, 163.25, 100, 7393
2026/08/27 22:59:57.032, 163.40, 99, 7393
2026/08/27 22:59:58.032, 163.27, 100, 7393
2026/08/27 22:59:59.032, 163.11, 100, 7393
2026/08/27 23:00:00.033, 163.50, 100, 7393
2026/08/27 23:00:01.033, 163.29, 100, 7393
2026/08/27 23:00:02.033, 163.33, 100, 7393
2026/08/27 23:00:03.033, 163.29, 99, 7393
2026/08/27 23:00:04.033, 163.33, 100, 7393
2026/08/27 23:00:05.033, 163.36, 100, 7393
2026/08/27 23:00:06.034, 163.29, 99, 7393
2026/08/27 23:00:07.034, 163.12, 100, 7393
2026/08/27 23:00:08.034, 163.12, 100, 7393
2026/08/27 23:00:09.034, 163.23, 99, 7393
2026/08/27 23:00:10.034, 163.42, 100, 7393
2026/08/27 23:00:11.034, 163.32, 100, 7393
2026/08/27 23:00:12.035, 163.05, 99, 7393
2026/08/27 23:00:13.035, 163.38, 100, 7393
2026/08/27 23:00:14.035, 163.16, 100, 7393
2026/08/27 23:00:15.035, 163.20, 99, 7393
2026/08/27 23:00:16.035, 162.93, 100, 7393
2026/08/27 23:00:17.036, 163.08, 100, 7393
2026/08/27 23:00:18.036, 162.91, 99, 7393
2026/08/27 23:00:19.044, 163.12, 100, 7393
2026/08/27 23:00:20.045, 163.02, 100, 7393
2026/08/27 23:00:21.045, 162.88, 99, 7393
2026/08/27 23:00:22.045, 163.08, 100, 7393
2026/08/27 23:00:23.045, 163.16, 100, 7393
2026/08/27 23:00:24.054, 163.32, 100, 7393
2026/08/27 23:00:25.054, 163.05, 100, 7393
2026/08/27 23:00:26.054, 162.81, 100, 7393
2026/08/27 23:00:27.054, 162.88, 99, 7393
2026/08/27 23:00:28.054, 163.05, 100, 7393
2026/08/27 23:00:29.055, 163.03, 99, 7393
2026/08/27 23:00:30.055, 163.07, 100, 7393
2026/08/27 23:00:31.055, 163.04, 100, 7393
2026/08/27 23:00:32.055, 163.40, 99, 7393
2026/08/27 23:00:33.055, 163.01, 100, 7393
2026/08/27 23:00:34.064, 67.76, 0, 7393
2026/08/27 23:00:35.064, 140.24, 99, 7393
2026/08/27 23:00:36.064, 159.73, 100, 7393
2026/08/27 23:00:37.065, 160.43, 100, 7393
2026/08/27 23:00:38.065, 159.05, 100, 7393
2026/08/27 23:00:39.065, 159.73, 100, 7393
2026/08/27 23:00:40.065, 160.68, 100, 7393
2026/08/27 23:00:41.065, 159.60, 100, 7393
2026/08/27 23:00:42.065, 160.13, 100, 7393
2026/08/27 23:00:43.066, 160.73, 100, 7393
2026/08/27 23:00:44.074, 159.43, 100, 7393
2026/08/27 23:00:45.074, 159.52, 100, 7393
2026/08/27 23:00:46.075, 160.50, 100, 7393
2026/08/27 23:00:47.075, 158.92, 100, 7393
2026/08/27 23:00:48.075, 159.26, 100, 7393
2026/08/27 23:00:49.083, 159.60, 100, 7393
2026/08/27 23:00:50.083, 159.83, 100, 7393
2026/08/27 23:00:51.083, 159.22, 98, 7393
2026/08/27 23:00:52.084, 160.58, 100, 7393
2026/08/27 23:00:53.084, 160.05, 100, 7393
2026/08/27 23:00:54.084, 159.41, 98, 7393
2026/08/27 23:00:55.084, 160.16, 100, 7393
2026/08/27 23:00:56.084, 159.37, 100, 7393
2026/08/27 23:00:57.084, 159.72, 98, 7393
2026/08/27 23:00:58.085, 160.18, 100, 7393
2026/08/27 23:00:59.085, 159.76, 100, 7393
2026/08/27 23:01:00.085, 159.07, 98, 7393
2026/08/27 23:01:01.085, 159.79, 100, 7393
2026/08/27 23:01:02.085, 159.98, 100, 7393
2026/08/27 23:01:03.085, 159.12, 98, 7393
2026/08/27 23:01:04.085, 159.81, 100, 7393
2026/08/27 23:01:05.086, 160.26, 100, 7393
2026/08/27 23:01:06.086, 158.91, 98, 7393
2026/08/27 23:01:07.086, 159.80, 100, 7393
2026/08/27 23:01:08.086, 159.51, 100, 7393
2026/08/27 23:01:09.086, 158.82, 98, 7393
2026/08/27 23:01:10.087, 159.96, 100, 7393
2026/08/27 23:01:11.087, 159.56, 100, 7393
2026/08/27 23:01:12.087, 158.94, 98, 7393
2026/08/27 23:01:13.087, 160.00, 100, 7393
2026/08/27 23:01:14.087, 159.88, 100, 7393
2026/08/27 23:01:15.087, 157.77, 98, 7393
2026/08/27 23:01:16.088, 160.59, 100, 7393
2026/08/27 23:01:17.088, 160.11, 100, 7393
2026/08/27 23:01:18.088, 159.21, 98, 7393
2026/08/27 23:01:19.088, 160.19, 100, 7393
2026/08/27 23:01:20.088, 159.74, 100, 7393
2026/08/27 23:01:21.088, 159.45, 100, 7393
2026/08/27 23:01:22.089, 159.36, 100, 7393
2026/08/27 23:01:23.089, 160.32, 100, 7393
2026/08/27 23:01:24.089, 159.23, 100, 7393
2026/08/27 23:01:25.089, 159.62, 100, 7393
2026/08/27 23:01:26.089, 160.35, 100, 7393
2026/08/27 23:01:27.090, 159.82, 100, 7393
2026/08/27 23:01:28.090, 159.25, 100, 7393
2026/08/27 23:01:29.090, 160.68, 100, 7393
2026/08/27 23:01:30.099, 159.22, 100, 7393
2026/08/27 23:01:31.099, 159.40, 99, 7393
2026/08/27 23:01:32.099, 160.33, 100, 7393
2026/08/27 23:01:33.099, 159.60, 100, 7393
2026/08/27 23:01:34.099, 159.40, 98, 7393
2026/08/27 23:01:35.105, 158.88, 100, 7393
2026/08/27 23:01:36.106, 159.49, 100, 7393
2026/08/27 23:01:37.106, 159.43, 98, 7393
2026/08/27 23:01:38.106, 159.93, 100, 7393
2026/08/27 23:01:39.106, 159.64, 100, 7393
2026/08/27 23:01:40.115, 159.29, 98, 7393
2026/08/27 23:01:41.115, 160.13, 100, 7393
2026/08/27 23:01:42.115, 160.22, 100, 7393
2026/08/27 23:01:43.115, 159.18, 98, 7393
2026/08/27 23:01:44.115, 159.95, 100, 7393
2026/08/27 23:01:45.124, 160.31, 100, 7393
2026/08/27 23:01:46.124, 159.04, 98, 7393
2026/08/27 23:01:47.124, 159.90, 100, 7393
2026/08/27 23:01:48.125, 160.44, 100, 7393
2026/08/27 23:01:49.125, 159.13, 98, 7393
2026/08/27 23:01:50.125, 159.72, 100, 7393
2026/08/27 23:01:51.125, 160.46, 100, 7393
2026/08/27 23:01:52.125, 158.86, 98, 7393
2026/08/27 23:01:53.125, 159.61, 100, 7393
2026/08/27 23:01:54.126, 160.57, 100, 7393
2026/08/27 23:01:55.126, 158.73, 98, 7393
2026/08/27 23:01:56.126, 160.69, 100, 7393
2026/08/27 23:01:57.126, 160.67, 100, 7393
2026/08/27 23:01:58.126, 159.46, 99, 7393
2026/08/27 23:01:59.126, 160.06, 100, 7393
2026/08/27 23:02:00.127, 160.35, 100, 7393
2026/08/27 23:02:01.127, 159.65, 100, 7393
2026/08/27 23:02:02.127, 160.03, 100, 7393
2026/08/27 23:02:03.127, 161.07, 100, 7393
2026/08/27 23:02:04.127, 159.64, 100, 7393
2026/08/27 23:02:05.136, 159.77, 100, 7393
2026/08/27 23:02:06.136, 160.94, 100, 7393
2026/08/27 23:02:07.136, 159.50, 100, 7393
2026/08/27 23:02:08.136, 159.37, 100, 7393
2026/08/27 23:02:09.137, 160.27, 100, 7393
2026/08/27 23:02:10.137, 159.40, 100, 7393
2026/08/27 23:02:11.137, 159.01, 98, 7393
2026/08/27 23:02:12.137, 159.99, 100, 7393
2026/08/27 23:02:13.137, 159.49, 100, 7393
2026/08/27 23:02:14.137, 159.43, 98, 7393
2026/08/27 23:02:15.146, 160.12, 100, 7393
2026/08/27 23:02:16.146, 159.36, 100, 7393
2026/08/27 23:02:17.147, 159.36, 98, 7393
2026/08/27 23:02:18.147, 159.95, 100, 7393
2026/08/27 23:02:19.147, 159.51, 100, 7393
2026/08/27 23:02:20.147, 159.41, 98, 7393
2026/08/27 23:02:21.147, 160.12, 100, 7393
2026/08/27 23:02:22.147, 160.01, 100, 7393
2026/08/27 23:02:23.148, 159.21, 98, 7393
2026/08/27 23:02:24.148, 160.65, 100, 7393
2026/08/27 23:02:25.156, 160.14, 100, 7393
2026/08/27 23:02:26.157, 159.00, 98, 7393
2026/08/27 23:02:27.157, 159.76, 100, 7393
2026/08/27 23:02:28.157, 159.60, 100, 7393
2026/08/27 23:02:29.157, 158.84, 98, 7393
2026/08/27 23:02:30.157, 160.28, 100, 7393
2026/08/27 23:02:31.158, 160.20, 100, 7393
2026/08/27 23:02:32.158, 158.38, 98, 7393
2026/08/27 23:02:33.158, 159.71, 100, 7393
2026/08/27 23:02:34.158, 159.73, 100, 7393
2026/08/27 23:02:35.158, 157.58, 89, 7393
2026/08/27 23:02:36.158, 158.65, 100, 7393
2026/08/27 23:02:37.159, 160.01, 100, 7393
2026/08/27 23:02:38.159, 159.37, 98, 7393
2026/08/27 23:02:39.159, 160.28, 100, 7393
2026/08/27 23:02:40.159, 160.48, 100, 7393
2026/08/27 23:02:41.159, 159.20, 100, 7393
2026/08/27 23:02:42.159, 159.67, 100, 7393
2026/08/27 23:02:43.160, 160.22, 100, 7393
2026/08/27 23:02:44.160, 159.29, 100, 7393
2026/08/27 23:02:45.160, 159.66, 100, 7393
2026/08/27 23:02:46.160, 161.19, 100, 7393
2026/08/27 23:02:47.160, 159.14, 100, 7393
2026/08/27 23:02:48.160, 159.19, 100, 7393
2026/08/27 23:02:49.161, 160.75, 100, 7393
2026/08/27 23:02:50.161, 159.39, 100, 7393
2026/08/27 23:02:51.169, 159.69, 100, 7393
2026/08/27 23:02:52.170, 160.22, 100, 7393
2026/08/27 23:02:53.170, 159.70, 100, 7393
2026/08/27 23:02:54.170, 159.42, 100, 7393
2026/08/27 23:02:55.170, 160.88, 100, 7393
2026/08/27 23:02:56.170, 159.12, 100, 7393
2026/08/27 23:02:57.171, 159.16, 99, 7393
2026/08/27 23:02:58.171, 159.76, 100, 7393
2026/08/27 23:02:59.171, 159.29, 100, 7393
2026/08/27 23:03:00.171, 158.94, 98, 7393
2026/08/27 23:03:01.171, 159.88, 100, 7393
2026/08/27 23:03:02.172, 159.24, 100, 7393
2026/08/27 23:03:03.172, 159.21, 98, 7393
2026/08/27 23:03:04.172, 160.52, 100, 7393
2026/08/27 23:03:05.172, 159.72, 100, 7393
2026/08/27 23:03:06.172, 159.60, 98, 7393
2026/08/27 23:03:07.172, 159.85, 100, 7393
2026/08/27 23:03:08.173, 159.69, 100, 7393
2026/08/27 23:03:09.173, 159.17, 98, 7393
2026/08/27 23:03:10.173, 160.15, 100, 7393
2026/08/27 23:03:11.182, 162.93, 100, 7393
2026/08/27 23:03:12.182, 162.76, 100, 7393
2026/08/27 23:03:13.182, 162.96, 99, 7393
2026/08/27 23:03:14.182, 162.87, 100, 7393
2026/08/27 23:03:15.182, 162.99, 100, 7393
2026/08/27 23:03:16.182, 162.84, 100, 7393
2026/08/27 23:03:17.183, 163.04, 100, 7393
2026/08/27 23:03:18.183, 162.88, 100, 7393
2026/08/27 23:03:19.183, 162.70, 99, 7393
2026/08/27 23:03:20.183, 163.01, 100, 7393
2026/08/27 23:03:21.183, 163.10, 100, 7393
2026/08/27 23:03:22.183, 163.06, 99, 7393
2026/08/27 23:03:23.184, 162.97, 100, 7393
2026/08/27 23:03:24.184, 162.99, 100, 7393
2026/08/27 23:03:25.184, 162.78, 99, 7393
2026/08/27 23:03:26.184, 162.98, 100, 7393
2026/08/27 23:03:27.184, 162.72, 100, 7393
2026/08/27 23:03:28.184, 162.82, 100, 7393
2026/08/27 23:03:29.185, 163.02, 100, 7393
2026/08/27 23:03:30.185, 162.91, 100, 7393
2026/08/27 23:03:31.193, 163.01, 99, 7393
2026/08/27 23:03:32.194, 162.95, 100, 7393
2026/08/27 23:03:33.194, 162.95, 100, 7393
2026/08/27 23:03:34.194, 163.25, 100, 7393
2026/08/27 23:03:35.194, 162.89, 100, 7393
2026/08/27 23:03:36.194, 162.76, 99, 7393
2026/08/27 23:03:37.194, 162.92, 99, 7393
2026/08/27 23:03:38.195, 162.98, 100, 7393
2026/08/27 23:03:39.195, 163.04, 99, 7393
2026/08/27 23:03:40.195, 162.75, 100, 7393
2026/08/27 23:03:41.195, 162.93, 100, 7393
2026/08/27 23:03:42.195, 163.11, 99, 7393
2026/08/27 23:03:43.196, 163.24, 100, 7393
2026/08/27 23:03:44.196, 163.08, 100, 7393
2026/08/27 23:03:45.196, 162.78, 99, 7393
2026/08/27 23:03:46.196, 163.07, 100, 7393
2026/08/27 23:03:47.196, 163.15, 100, 7393
2026/08/27 23:03:48.196, 163.14, 100, 7393
2026/08/27 23:03:49.197, 162.87, 100, 7393
2026/08/27 23:03:50.197, 163.05, 100, 7393
2026/08/27 23:03:51.197, 162.89, 99, 7393
2026/08/27 23:03:52.197, 163.07, 100, 7393
2026/08/27 23:03:53.197, 163.20, 100, 7393
2026/08/27 23:03:54.198, 163.11, 99, 7393
2026/08/27 23:03:55.198, 163.21, 100, 7393
2026/08/27 23:03:56.198, 163.35, 100, 7393
2026/08/27 23:03:57.198, 163.09, 100, 7393
2026/08/27 23:03:58.198, 163.02, 99, 7393
2026/08/27 23:03:59.198, 163.31, 100, 7393
2026/08/27 23:04:00.199, 163.32, 100, 7393
2026/08/27 23:04:01.207, 163.38, 100, 7393
2026/08/27 23:04:02.207, 163.48, 100, 7393
2026/08/27 23:04:03.208, 163.38, 100, 7393
2026/08/27 23:04:04.208, 163.12, 100, 7393
2026/08/27 23:04:05.208, 163.33, 100, 7393
2026/08/27 23:04:06.208, 163.24, 100, 7393
2026/08/27 23:04:07.208, 163.01, 99, 7393
2026/08/27 23:04:08.208, 163.40, 100, 7393
2026/08/27 23:04:09.209, 163.44, 100, 7393
2026/08/27 23:04:10.209, 163.18, 99, 7393
2026/08/27 23:04:11.209, 163.16, 100, 7393
2026/08/27 23:04:12.209, 163.17, 99, 7393
2026/08/27 23:04:13.209, 163.15, 100, 7393
2026/08/27 23:04:14.209, 163.25, 100, 7393
2026/08/27 23:04:15.210, 163.27, 99, 7393
2026/08/27 23:04:16.210, 163.15, 100, 7393
2026/08/27 23:04:17.210, 163.23, 100, 7393
2026/08/27 23:04:18.210, 163.34, 100, 7393
2026/08/27 23:04:19.210, 163.48, 100, 7393
2026/08/27 23:04:20.210, 163.33, 100, 7393
2026/08/27 23:04:21.211, 163.56, 99, 7393
2026/08/27 23:04:22.211, 163.36, 100, 7393
2026/08/27 23:04:23.211, 163.71, 100, 7393
2026/08/27 23:04:24.211, 163.11, 99, 7393
2026/08/27 23:04:25.211, 163.38, 100, 7393
2026/08/27 23:04:26.212, 163.39, 100, 7393
2026/08/27 23:04:27.212, 163.49, 100, 7393
2026/08/27 23:04:28.220, 163.63, 100, 7393
2026/08/27 23:04:29.221, 163.37, 100, 7393
2026/08/27 23:04:30.221, 163.49, 99, 7393
2026/08/27 23:04:31.221, 163.49, 100, 7393
2026/08/27 23:04:32.221, 163.24, 100, 7393
2026/08/27 23:04:33.230, 163.28, 99, 7393
2026/08/27 23:04:34.230, 163.55, 100, 7393
2026/08/27 23:04:35.230, 163.61, 100, 7393
2026/08/27 23:04:36.230, 163.47, 99, 7393
2026/08/27 23:04:37.230, 163.45, 100, 7393
2026/08/27 23:04:38.231, 163.34, 100, 7393
2026/08/27 23:04:39.231, 163.41, 99, 7393
2026/08/27 23:04:40.231, 163.43, 100, 7393
2026/08/27 23:04:41.231, 163.19, 99, 7393
2026/08/27 23:04:42.231, 163.12, 100, 7393
2026/08/27 23:04:43.231, 163.39, 100, 7393
2026/08/27 23:04:44.232, 163.52, 99, 7393
2026/08/27 23:04:45.232, 163.23, 100, 7393
2026/08/27 23:04:46.232, 104.84, 5, 7393
2026/08/27 23:04:47.232, 98.46, 100, 7393
2026/08/27 23:04:48.232, 160.35, 100, 7393
2026/08/27 23:04:49.232, 158.70, 98, 7393
2026/08/27 23:04:50.233, 159.35, 100, 7393
2026/08/27 23:04:51.233, 160.03, 100, 7393
2026/08/27 23:04:52.233, 159.42, 100, 7393
2026/08/27 23:04:53.233, 159.48, 100, 7393
2026/08/27 23:04:54.233, 160.45, 100, 7393
2026/08/27 23:04:55.233, 160.15, 100, 7393
2026/08/27 23:04:56.234, 158.88, 100, 7393
2026/08/27 23:04:57.234, 161.14, 100, 7393
2026/08/27 23:04:58.234, 159.58, 100, 7393
2026/08/27 23:04:59.234, 159.59, 100, 7393
2026/08/27 23:05:00.234, 160.79, 100, 7393
2026/08/27 23:05:01.234, 158.34, 100, 7393
2026/08/27 23:05:02.235, 159.38, 99, 7393
2026/08/27 23:05:03.235, 160.36, 100, 7393
2026/08/27 23:05:04.235, 159.72, 100, 7393
2026/08/27 23:05:05.235, 159.35, 98, 7393
2026/08/27 23:05:06.235, 160.41, 100, 7393
2026/08/27 23:05:07.235, 158.57, 100, 7393
2026/08/27 23:05:08.236, 159.58, 98, 7393
2026/08/27 23:05:09.236, 160.53, 100, 7393
2026/08/27 23:05:10.236, 160.21, 100, 7393
2026/08/27 23:05:11.236, 159.31, 98, 7393
2026/08/27 23:05:12.236, 158.90, 100, 7393
2026/08/27 23:05:13.236, 159.64, 100, 7393
2026/08/27 23:05:14.237, 158.99, 98, 7393
2026/08/27 23:05:15.237, 159.79, 100, 7393
2026/08/27 23:05:16.237, 159.74, 100, 7393
2026/08/27 23:05:17.237, 159.10, 98, 7393
2026/08/27 23:05:18.237, 159.62, 100, 7393
2026/08/27 23:05:19.238, 159.56, 100, 7393
2026/08/27 23:05:20.238, 158.79, 98, 7393
2026/08/27 23:05:21.238, 160.28, 100, 7393
2026/08/27 23:05:22.238, 159.90, 100, 7393
2026/08/27 23:05:23.238, 158.72, 98, 7393
2026/08/27 23:05:24.238, 160.40, 100, 7393
2026/08/27 23:05:25.239, 160.44, 100, 7393
2026/08/27 23:05:26.239, 158.81, 98, 7393
2026/08/27 23:05:27.239, 159.40, 100, 7393
2026/08/27 23:05:28.239, 160.20, 100, 7393
2026/08/27 23:05:29.239, 159.17, 99, 7393
2026/08/27 23:05:30.239, 159.85, 100, 7393
2026/08/27 23:05:31.240, 160.65, 100, 7393
2026/08/27 23:05:32.240, 159.45, 100, 7393
2026/08/27 23:05:33.240, 159.77, 100, 7393
2026/08/27 23:05:34.240, 160.07, 100, 7393
2026/08/27 23:05:35.240, 159.67, 100, 7393
2026/08/27 23:05:36.240, 159.40, 100, 7393
2026/08/27 23:05:37.241, 160.57, 100, 7393
2026/08/27 23:05:38.241, 159.97, 100, 7393
2026/08/27 23:05:39.241, 159.55, 100, 7393
2026/08/27 23:05:40.241, 160.71, 100, 7393
2026/08/27 23:05:41.241, 159.40, 100, 7393
2026/08/27 23:05:42.241, 159.37, 98, 7393
2026/08/27 23:05:43.242, 160.05, 100, 7393
2026/08/27 23:05:44.242, 159.39, 100, 7393
2026/08/27 23:05:45.242, 159.25, 98, 7393
2026/08/27 23:05:46.242, 159.91, 100, 7393
2026/08/27 23:05:47.242, 159.31, 100, 7393
2026/08/27 23:05:48.242, 157.81, 90, 7393
2026/08/27 23:05:49.243, 159.09, 100, 7393
2026/08/27 23:05:50.243, 159.58, 100, 7393
2026/08/27 23:05:51.243, 159.17, 98, 7393
2026/08/27 23:05:52.243, 159.93, 100, 7393
2026/08/27 23:05:53.243, 160.12, 100, 7393
2026/08/27 23:05:54.244, 159.12, 98, 7393
2026/08/27 23:05:55.244, 159.95, 100, 7393
2026/08/27 23:05:56.244, 159.76, 100, 7393
2026/08/27 23:05:57.244, 158.99, 98, 7393
2026/08/27 23:05:58.244, 159.85, 100, 7393
2026/08/27 23:05:59.244, 159.00, 100, 7393
2026/08/27 23:06:00.245, 159.04, 98, 7393
2026/08/27 23:06:01.245, 159.76, 100, 7393
2026/08/27 23:06:02.245, 160.02, 100, 7393
2026/08/27 23:06:03.245, 159.04, 98, 7393
2026/08/27 23:06:04.254, 160.72, 100, 7393
2026/08/27 23:06:05.254, 160.32, 100, 7393
2026/08/27 23:06:06.254, 158.66, 97, 7393
2026/08/27 23:06:07.254, 159.57, 100, 7393
2026/08/27 23:06:08.254, 160.27, 100, 7393
2026/08/27 23:06:09.263, 159.56, 99, 7393
2026/08/27 23:06:10.263, 160.12, 100, 7393
2026/08/27 23:06:11.263, 161.19, 100, 7393
2026/08/27 23:06:12.264, 159.25, 100, 7393
2026/08/27 23:06:13.264, 159.72, 100, 7393
2026/08/27 23:06:14.264, 160.67, 100, 7393
2026/08/27 23:06:15.264, 159.23, 100, 7393
2026/08/27 23:06:16.264, 159.41, 100, 7393
2026/08/27 23:06:17.264, 161.04, 100, 7393
2026/08/27 23:06:18.265, 159.56, 100, 7393
2026/08/27 23:06:19.265, 159.80, 100, 7393
2026/08/27 23:06:20.265, 160.44, 100, 7393
2026/08/27 23:06:21.265, 159.45, 100, 7393
2026/08/27 23:06:22.265, 159.41, 100, 7393
2026/08/27 23:06:23.266, 160.31, 100, 7393
2026/08/27 23:06:24.274, 159.43, 100, 7393
2026/08/27 23:06:25.274, 159.74, 100, 7393
2026/08/27 23:06:26.274, 160.73, 100, 7393
2026/08/27 23:06:27.275, 160.13, 100, 7393
2026/08/27 23:06:28.275, 159.61, 99, 7393
2026/08/27 23:06:29.283, 160.36, 100, 7393
2026/08/27 23:06:30.284, 160.12, 100, 7393
2026/08/27 23:06:31.284, 159.32, 98, 7393
2026/08/27 23:06:32.284, 160.30, 100, 7393
2026/08/27 23:06:33.284, 159.72, 100, 7393
2026/08/27 23:06:34.293, 159.13, 97, 7393
2026/08/27 23:06:35.293, 159.93, 100, 7393
2026/08/27 23:06:36.293, 159.88, 100, 7393
2026/08/27 23:06:37.293, 159.07, 98, 7393
2026/08/27 23:06:38.294, 160.02, 100, 7393
2026/08/27 23:06:39.302, 159.55, 100, 7393
2026/08/27 23:06:40.302, 159.06, 98, 7393
2026/08/27 23:06:41.302, 159.74, 100, 7393
2026/08/27 23:06:42.303, 159.31, 100, 7393
2026/08/27 23:06:43.303, 158.84, 97, 7393
2026/08/27 23:06:44.303, 159.43, 100, 7393
2026/08/27 23:06:45.303, 159.97, 100, 7393
2026/08/27 23:06:46.303, 158.96, 98, 7393
2026/08/27 23:06:47.303, 159.90, 100, 7393
2026/08/27 23:06:48.304, 159.68, 100, 7393
2026/08/27 23:06:49.304, 158.75, 98, 7393
2026/08/27 23:06:50.304, 159.83, 100, 7393
2026/08/27 23:06:51.304, 160.17, 100, 7393
2026/08/27 23:06:52.304, 158.73, 98, 7393
2026/08/27 23:06:53.304, 159.80, 100, 7393
2026/08/27 23:06:54.313, 159.69, 100, 7393
2026/08/27 23:06:55.313, 159.27, 98, 7393
2026/08/27 23:06:56.313, 159.95, 100, 7393
2026/08/27 23:06:57.314, 160.22, 100, 7393
2026/08/27 23:06:58.314, 158.76, 98, 7393
2026/08/27 23:06:59.314, 159.78, 100, 7393
2026/08/27 23:07:00.314, 160.63, 100, 7393
2026/08/27 23:07:01.314, 158.77, 98, 7393
2026/08/27 23:07:02.314, 160.74, 100, 7393
2026/08/27 23:07:03.315, 160.79, 100, 7393
2026/08/27 23:07:04.323, 159.17, 98, 7393
2026/08/27 23:07:05.323, 160.16, 100, 7393
2026/08/27 23:07:06.324, 160.19, 100, 7393
2026/08/27 23:07:07.324, 159.42, 99, 7393
2026/08/27 23:07:08.324, 159.46, 100, 7393
2026/08/27 23:07:09.333, 160.62, 100, 7393
2026/08/27 23:07:10.333, 159.67, 100, 7393
2026/08/27 23:07:11.333, 159.95, 100, 7393
2026/08/27 23:07:12.333, 161.20, 100, 7393
2026/08/27 23:07:13.333, 159.88, 100, 7393
2026/08/27 23:07:14.333, 159.79, 100, 7393
2026/08/27 23:07:15.334, 161.23, 100, 7393
2026/08/27 23:07:16.334, 159.84, 100, 7393
2026/08/27 23:07:17.334, 159.34, 100, 7393
2026/08/27 23:07:18.334, 161.02, 100, 7393
2026/08/27 23:07:19.334, 159.26, 100, 7393
2026/08/27 23:07:20.335, 159.49, 100, 7393
2026/08/27 23:07:21.335, 160.92, 100, 7393
2026/08/27 23:07:22.335, 160.82, 100, 7393
2026/08/27 23:07:23.335, 163.16, 100, 7393
2026/08/27 23:07:24.335, 163.37, 100, 7393
2026/08/27 23:07:25.335, 163.18, 100, 7393
2026/08/27 23:07:26.336, 163.24, 100, 7393
2026/08/27 23:07:27.336, 163.06, 100, 7393
2026/08/27 23:07:28.336, 163.29, 100, 7393
2026/08/27 23:07:29.336, 163.02, 100, 7393
2026/08/27 23:07:30.345, 162.97, 99, 7393
2026/08/27 23:07:31.345, 163.16, 100, 7393
2026/08/27 23:07:32.345, 163.28, 100, 7393
2026/08/27 23:07:33.345, 163.12, 99, 7393
2026/08/27 23:07:34.346, 163.22, 100, 7393
2026/08/27 23:07:35.346, 163.18, 100, 7393
2026/08/27 23:07:36.346, 163.16, 99, 7393
2026/08/27 23:07:37.346, 163.07, 100, 7393
2026/08/27 23:07:38.346, 163.07, 100, 7393
2026/08/27 23:07:39.346, 162.99, 99, 7393
2026/08/27 23:07:40.347, 163.14, 100, 7393
2026/08/27 23:07:41.347, 163.15, 100, 7393
2026/08/27 23:07:42.347, 163.12, 99, 7393
2026/08/27 23:07:43.347, 163.29, 100, 7393
2026/08/27 23:07:44.347, 162.91, 100, 7393
2026/08/27 23:07:45.356, 162.89, 99, 7393
2026/08/27 23:07:46.356, 163.12, 100, 7393
2026/08/27 23:07:47.356, 163.13, 100, 7393
2026/08/27 23:07:48.356, 162.98, 99, 7393
2026/08/27 23:07:49.357, 163.09, 100, 7393
2026/08/27 23:07:50.357, 163.34, 100, 7393
2026/08/27 23:07:51.357, 163.13, 100, 7393
2026/08/27 23:07:52.357, 163.30, 100, 7393
2026/08/27 23:07:53.357, 163.21, 100, 7393
2026/08/27 23:07:54.357, 163.24, 99, 7393
2026/08/27 23:07:55.358, 163.35, 100, 7393
2026/08/27 23:07:56.358, 163.45, 99, 7393
2026/08/27 23:07:57.358, 163.44, 100, 7393
2026/08/27 23:07:58.358, 163.50, 100, 7393
2026/08/27 23:07:59.358, 163.41, 99, 7393
2026/08/27 23:08:00.359, 163.45, 100, 7393
2026/08/27 23:08:01.359, 163.14, 100, 7393
2026/08/27 23:08:02.359, 163.15, 99, 7393
2026/08/27 23:08:03.359, 163.22, 100, 7393
2026/08/27 23:08:04.359, 163.21, 100, 7393
2026/08/27 23:08:05.368, 163.29, 99, 7393
2026/08/27 23:08:06.368, 163.58, 100, 7393
2026/08/27 23:08:07.368, 163.58, 100, 7393
2026/08/27 23:08:08.368, 163.53, 100, 7393
2026/08/27 23:08:09.368, 163.57, 100, 7393
2026/08/27 23:08:10.369, 163.48, 100, 7393
2026/08/27 23:08:11.369, 163.44, 99, 7393
2026/08/27 23:08:12.369, 163.56, 100, 7393
2026/08/27 23:08:13.369, 163.58, 100, 7393
2026/08/27 23:08:14.369, 163.52, 100, 7393
2026/08/27 23:08:15.378, 163.43, 100, 7393
2026/08/27 23:08:16.378, 163.65, 100, 7393
2026/08/27 23:08:17.378, 163.25, 99, 7393
2026/08/27 23:08:18.378, 163.50, 100, 7393
2026/08/27 23:08:19.379, 163.52, 100, 7393
2026/08/27 23:08:20.387, 163.49, 99, 7393
2026/08/27 23:08:21.387, 163.61, 100, 7393
2026/08/27 23:08:22.388, 163.41, 100, 7393
2026/08/27 23:08:23.388, 163.50, 100, 7393
2026/08/27 23:08:24.388, 163.35, 100, 7393
2026/08/27 23:08:25.396, 163.55, 100, 7393
2026/08/27 23:08:26.397, 163.46, 100, 7393
2026/08/27 23:08:27.397, 163.49, 100, 7393
2026/08/27 23:08:28.397, 163.52, 99, 7393
2026/08/27 23:08:29.397, 163.40, 99, 7393
2026/08/27 23:08:30.406, 163.26, 100, 7393
2026/08/27 23:08:31.406, 163.44, 100, 7393
2026/08/27 23:08:32.406, 163.51, 100, 7393
2026/08/27 23:08:33.406, 163.57, 100, 7393
2026/08/27 23:08:34.407, 163.38, 99, 7393
2026/08/27 23:08:35.407, 163.32, 100, 7393
2026/08/27 23:08:36.407, 163.27, 100, 7393
2026/08/27 23:08:37.407, 163.41, 100, 7393
2026/08/27 23:08:38.407, 163.53, 100, 7393
2026/08/27 23:08:39.407, 163.28, 100, 7393
2026/08/27 23:08:40.416, 163.62, 99, 7393
2026/08/27 23:08:41.416, 163.55, 100, 7393
2026/08/27 23:08:42.416, 163.50, 100, 7393
2026/08/27 23:08:43.417, 163.54, 99, 7393
2026/08/27 23:08:44.417, 163.43, 100, 7393
2026/08/27 23:08:45.425, 163.52, 100, 7393
2026/08/27 23:08:46.425, 163.42, 99, 7393
2026/08/27 23:08:47.426, 163.59, 100, 7393
2026/08/27 23:08:48.426, 163.55, 100, 7393
2026/08/27 23:08:49.426, 163.46, 99, 7393
2026/08/27 23:08:50.426, 163.40, 100, 7393
2026/08/27 23:08:51.426, 163.32, 99, 7393
2026/08/27 23:08:52.427, 163.44, 100, 7393
2026/08/27 23:08:53.427, 163.40, 100, 7393
2026/08/27 23:08:54.427, 163.32, 100, 7393
2026/08/27 23:08:55.427, 163.61, 100, 7393
2026/08/27 23:08:56.427, 163.29, 100, 7393
2026/08/27 23:08:57.427, 154.70, 48, 7393
2026/08/27 23:08:58.428, 59.42, 100, 7393
2026/08/27 23:08:59.428, 159.74, 100, 7393
2026/08/27 23:09:00.428, 159.51, 98, 7393
2026/08/27 23:09:01.428, 160.22, 100, 7393
2026/08/27 23:09:02.428, 160.25, 100, 7393
2026/08/27 23:09:03.428, 159.36, 98, 7393
2026/08/27 23:09:04.429, 160.26, 100, 7393
2026/08/27 23:09:05.429, 160.23, 100, 7393
2026/08/27 23:09:06.429, 159.25, 98, 7393
2026/08/27 23:09:07.429, 160.06, 100, 7393
2026/08/27 23:09:08.429, 160.25, 100, 7393
2026/08/27 23:09:09.429, 158.95, 98, 7393
2026/08/27 23:09:10.430, 159.76, 100, 7393
2026/08/27 23:09:11.430, 160.30, 100, 7393
2026/08/27 23:09:12.430, 159.02, 98, 7393
2026/08/27 23:09:13.430, 160.67, 100, 7393
2026/08/27 23:09:14.430, 160.44, 100, 7393
2026/08/27 23:09:15.430, 158.68, 98, 7393
2026/08/27 23:09:16.431, 159.71, 100, 7393
2026/08/27 23:09:17.431, 160.46, 100, 7393
2026/08/27 23:09:18.431, 158.57, 98, 7393
2026/08/27 23:09:19.431, 159.50, 100, 7393
2026/08/27 23:09:20.431, 160.01, 100, 7393
2026/08/27 23:09:21.440, 159.29, 98, 7393
2026/08/27 23:09:22.440, 160.17, 100, 7393
2026/08/27 23:09:23.440, 160.60, 100, 7393
2026/08/27 23:09:24.440, 159.51, 100, 7393
2026/08/27 23:09:25.441, 159.94, 100, 7393
2026/08/27 23:09:26.441, 160.74, 100, 7393
2026/08/27 23:09:27.441, 159.24, 100, 7393
2026/08/27 23:09:28.441, 159.77, 100, 7393
2026/08/27 23:09:29.441, 160.88, 100, 7393
2026/08/27 23:09:30.441, 159.39, 100, 7393
2026/08/27 23:09:31.442, 159.54, 100, 7393
2026/08/27 23:09:32.442, 160.95, 100, 7393
2026/08/27 23:09:33.442, 159.90, 100, 7393
2026/08/27 23:09:34.442, 159.49, 100, 7393
2026/08/27 23:09:35.442, 160.67, 100, 7393
2026/08/27 23:09:36.442, 159.81, 100, 7393
2026/08/27 23:09:37.443, 159.61, 99, 7393
2026/08/27 23:09:38.443, 160.51, 100, 7393
2026/08/27 23:09:39.443, 159.53, 100, 7393
2026/08/27 23:09:40.443, 159.40, 98, 7393
2026/08/27 23:09:41.443, 160.41, 100, 7393
2026/08/27 23:09:42.443, 159.61, 100, 7393
2026/08/27 23:09:43.444, 159.29, 98, 7393
2026/08/27 23:09:44.444, 160.21, 100, 7393
2026/08/27 23:09:45.444, 160.00, 100, 7393
2026/08/27 23:09:46.444, 159.45, 98, 7393
2026/08/27 23:09:47.444, 160.61, 100, 7393
2026/08/27 23:09:48.444, 159.62, 100, 7393
2026/08/27 23:09:49.444, 159.39, 98, 7393
2026/08/27 23:09:50.445, 160.46, 100, 7393
2026/08/27 23:09:51.445, 160.18, 100, 7393
2026/08/27 23:09:52.445, 159.28, 98, 7393
2026/08/27 23:09:53.445, 160.11, 100, 7393
2026/08/27 23:09:54.445, 160.35, 100, 7393
2026/08/27 23:09:55.446, 159.13, 98, 7393
2026/08/27 23:09:56.446, 160.04, 100, 7393
2026/08/27 23:09:57.446, 159.68, 100, 7393
2026/08/27 23:09:58.446, 159.09, 98, 7393
2026/08/27 23:09:59.446, 159.98, 100, 7393
2026/08/27 23:10:00.447, 159.93, 100, 7393
2026/08/27 23:10:01.447, 158.77, 98, 7393
2026/08/27 23:10:02.447, 159.76, 100, 7393
2026/08/27 23:10:03.447, 160.07, 100, 7393
2026/08/27 23:10:04.447, 159.01, 98, 7393
2026/08/27 23:10:05.448, 160.80, 100, 7393
2026/08/27 23:10:06.448, 160.53, 100, 7393
2026/08/27 23:10:07.448, 159.10, 98, 7393
2026/08/27 23:10:08.448, 159.78, 100, 7393
2026/08/27 23:10:09.448, 160.71, 100, 7393
2026/08/27 23:10:10.448, 159.43, 100, 7393
2026/08/27 23:10:11.449, 159.89, 100, 7393
2026/08/27 23:10:12.449, 160.65, 100, 7393
2026/08/27 23:10:13.449, 159.40, 100, 7393
2026/08/27 23:10:14.449, 159.47, 100, 7393
2026/08/27 23:10:15.449, 159.93, 100, 7393
2026/08/27 23:10:16.449, 159.96, 100, 7393
2026/08/27 23:10:17.450, 159.87, 100, 7393
2026/08/27 23:10:18.450, 160.97, 100, 7393
2026/08/27 23:10:19.450, 159.73, 100, 7393
2026/08/27 23:10:20.450, 159.68, 99, 7393
2026/08/27 23:10:21.450, 160.44, 100, 7393
2026/08/27 23:10:22.450, 160.05, 100, 7393
2026/08/27 23:10:23.451, 159.87, 98, 7393
2026/08/27 23:10:24.451, 160.48, 100, 7393
2026/08/27 23:10:25.451, 159.97, 100, 7393
2026/08/27 23:10:26.451, 159.41, 98, 7393
2026/08/27 23:10:27.451, 160.38, 100, 7393
2026/08/27 23:10:28.451, 159.99, 100, 7393
2026/08/27 23:10:29.452, 159.21, 98, 7393
2026/08/27 23:10:30.452, 160.18, 100, 7393
2026/08/27 23:10:31.452, 160.02, 100, 7393
2026/08/27 23:10:32.452, 159.39, 98, 7393
2026/08/27 23:10:33.452, 159.97, 100, 7393
2026/08/27 23:10:34.452, 159.61, 100, 7393
2026/08/27 23:10:35.453, 159.41, 98, 7393
2026/08/27 23:10:36.453, 160.25, 100, 7393
2026/08/27 23:10:37.453, 159.94, 100, 7393
2026/08/27 23:10:38.453, 159.13, 98, 7393
2026/08/27 23:10:39.453, 160.38, 100, 7393
2026/08/27 23:10:40.453, 160.37, 100, 7393
2026/08/27 23:10:41.454, 158.98, 98, 7393
2026/08/27 23:10:42.454, 160.15, 100, 7393
2026/08/27 23:10:43.454, 159.89, 100, 7393
2026/08/27 23:10:44.454, 159.05, 98, 7393
2026/08/27 23:10:45.454, 160.49, 100, 7393
2026/08/27 23:10:46.454, 159.74, 100, 7393
2026/08/27 23:10:47.455, 158.90, 98, 7393
2026/08/27 23:10:48.455, 159.81, 100, 7393
2026/08/27 23:10:49.455, 160.36, 100, 7393
2026/08/27 23:10:50.455, 158.92, 98, 7393
2026/08/27 23:10:51.455, 160.70, 100, 7393
2026/08/27 23:10:52.455, 160.51, 100, 7393
2026/08/27 23:10:53.456, 158.75, 98, 7393
2026/08/27 23:10:54.456, 159.74, 100, 7393
2026/08/27 23:10:55.456, 160.71, 100, 7393
2026/08/27 23:10:56.456, 158.95, 98, 7393
2026/08/27 23:10:57.456, 160.36, 100, 7393
2026/08/27 23:10:58.457, 159.90, 100, 7393
2026/08/27 23:10:59.457, 159.55, 100, 7393
2026/08/27 23:11:00.457, 159.92, 100, 7393
2026/08/27 23:11:01.457, 160.13, 100, 7393
2026/08/27 23:11:02.457, 159.61, 100, 7393
2026/08/27 23:11:03.457, 159.69, 100, 7393
2026/08/27 23:11:04.457, 160.68, 100, 7393
2026/08/27 23:11:05.458, 159.18, 100, 7393
2026/08/27 23:11:06.458, 159.59, 100, 7393
2026/08/27 23:11:07.458, 160.97, 100, 7393
2026/08/27 23:11:08.458, 159.80, 100, 7393
2026/08/27 23:11:09.458, 159.79, 100, 7393
2026/08/27 23:11:10.458, 160.52, 100, 7393
2026/08/27 23:11:11.459, 159.85, 100, 7393
2026/08/27 23:11:12.459, 159.75, 100, 7393
2026/08/27 23:11:13.459, 160.65, 100, 7393
2026/08/27 23:11:14.459, 159.59, 100, 7393
2026/08/27 23:11:15.459, 159.59, 98, 7393
2026/08/27 23:11:16.459, 160.32, 100, 7393
2026/08/27 23:11:17.460, 160.17, 100, 7393
2026/08/27 23:11:18.460, 159.27, 98, 7393
2026/08/27 23:11:19.460, 160.65, 100, 7393
2026/08/27 23:11:20.460, 159.34, 100, 7393
2026/08/27 23:11:21.460, 160.81, 98, 7393
2026/08/27 23:11:22.460, 160.84, 100, 7393
2026/08/27 23:11:23.461, 159.21, 100, 7393
2026/08/27 23:11:24.461, 159.98, 98, 7393
2026/08/27 23:11:25.461, 159.92, 100, 7393
2026/08/27 23:11:26.461, 159.00, 100, 7393
2026/08/27 23:11:27.461, 160.04, 98, 7393
2026/08/27 23:11:28.461, 160.15, 100, 7393
2026/08/27 23:11:29.461, 159.30, 100, 7393
2026/08/27 23:11:30.462, 161.40, 98, 7393
2026/08/27 23:11:31.462, 160.21, 100, 7393
2026/08/27 23:11:32.462, 158.88, 100, 7393
2026/08/27 23:11:33.462, 160.93, 100, 7393
2026/08/27 23:11:34.462, 163.04, 100, 7393
2026/08/27 23:11:35.462, 163.08, 99, 7393
2026/08/27 23:11:36.463, 163.09, 100, 7393
2026/08/27 23:11:37.463, 163.08, 99, 7393
2026/08/27 23:11:38.463, 163.01, 99, 7393
2026/08/27 23:11:39.463, 162.96, 100, 7393
2026/08/27 23:11:40.463, 163.08, 100, 7393
2026/08/27 23:11:41.463, 163.01, 100, 7393
2026/08/27 23:11:42.464, 163.25, 100, 7393
2026/08/27 23:11:43.464, 163.23, 99, 7393
2026/08/27 23:11:44.464, 163.17, 99, 7393
2026/08/27 23:11:45.464, 163.40, 100, 7393
2026/08/27 23:11:46.464, 163.19, 100, 7393
2026/08/27 23:11:47.464, 163.16, 99, 7393
2026/08/27 23:11:48.465, 163.38, 100, 7393
2026/08/27 23:11:49.465, 163.38, 100, 7393
2026/08/27 23:11:50.465, 163.06, 99, 7393
2026/08/27 23:11:51.465, 163.23, 100, 7393
2026/08/27 23:11:52.465, 163.16, 100, 7393
2026/08/27 23:11:53.465, 163.35, 100, 7393
2026/08/27 23:11:54.465, 163.33, 100, 7393
2026/08/27 23:11:55.466, 163.27, 100, 7393
2026/08/27 23:11:56.466, 163.31, 99, 7393
2026/08/27 23:11:57.466, 163.35, 100, 7393
2026/08/27 23:11:58.466, 163.24, 100, 7393
2026/08/27 23:11:59.466, 163.29, 99, 7393
2026/08/27 23:12:00.466, 163.45, 100, 7393
2026/08/27 23:12:01.467, 163.45, 100, 7393
2026/08/27 23:12:02.467, 163.49, 100, 7393
2026/08/27 23:12:03.467, 163.51, 100, 7393
2026/08/27 23:12:04.467, 163.18, 100, 7393
2026/08/27 23:12:05.467, 163.35, 100, 7393
2026/08/27 23:12:06.467, 163.53, 100, 7393
2026/08/27 23:12:07.468, 163.38, 100, 7393
2026/08/27 23:12:08.468, 163.14, 99, 7393
2026/08/27 23:12:09.468, 163.42, 100, 7393
2026/08/27 23:12:10.468, 163.29, 100, 7393
2026/08/27 23:12:11.468, 163.26, 99, 7393
2026/08/27 23:12:12.468, 163.46, 100, 7393
2026/08/27 23:12:13.469, 163.41, 100, 7393
2026/08/27 23:12:14.469, 163.31, 99, 7393
2026/08/27 23:12:15.469, 163.25, 100, 7393
2026/08/27 23:12:16.469, 163.14, 99, 7393
2026/08/27 23:12:17.469, 163.36, 100, 7393
2026/08/27 23:12:18.469, 163.39, 100, 7393
2026/08/27 23:12:19.470, 163.46, 99, 7393
2026/08/27 23:12:20.470, 163.47, 100, 7393
2026/08/27 23:12:21.470, 163.23, 100, 7393
2026/08/27 23:12:22.470, 163.44, 100, 7393
2026/08/27 23:12:23.470, 163.62, 100, 7393
2026/08/27 23:12:24.470, 163.57, 100, 7393
2026/08/27 23:12:25.471, 163.43, 99, 7393
2026/08/27 23:12:26.471, 163.36, 100, 7393
2026/08/27 23:12:27.471, 163.40, 100, 7393
2026/08/27 23:12:28.471, 163.62, 99, 7393
2026/08/27 23:12:29.471, 163.61, 100, 7393
2026/08/27 23:12:30.471, 163.45, 100, 7393
2026/08/27 23:12:31.472, 163.65, 100, 7393
2026/08/27 23:12:32.472, 163.54, 100, 7393
2026/08/27 23:12:33.472, 163.58, 100, 7393
2026/08/27 23:12:34.472, 163.50, 99, 7393
2026/08/27 23:12:35.472, 163.64, 100, 7393
2026/08/27 23:12:36.472, 163.34, 100, 7393
2026/08/27 23:12:37.473, 163.40, 100, 7393
2026/08/27 23:12:38.473, 163.71, 100, 7393
2026/08/27 23:12:39.473, 163.54, 100, 7393
2026/08/27 23:12:40.473, 163.51, 99, 7393
2026/08/27 23:12:41.473, 163.57, 100, 7393
2026/08/27 23:12:42.473, 163.35, 100, 7393
2026/08/27 23:12:43.474, 163.37, 99, 7393
2026/08/27 23:12:44.474, 163.50, 100, 7393
2026/08/27 23:12:45.474, 163.33, 100, 7393
2026/08/27 23:12:46.483, 163.43, 99, 7393
2026/08/27 23:12:47.483, 163.68, 100, 7393
2026/08/27 23:12:48.483, 163.39, 100, 7393
2026/08/27 23:12:49.483, 163.56, 100, 7393
2026/08/27 23:12:50.483, 163.58, 100, 7393
2026/08/27 23:12:51.484, 163.43, 100, 7393
2026/08/27 23:12:52.484, 163.51, 100, 7393
2026/08/27 23:12:53.484, 163.32, 100, 7393
2026/08/27 23:12:54.484, 163.46, 100, 7393
2026/08/27 23:12:55.484, 163.40, 100, 7393
2026/08/27 23:12:56.493, 163.30, 100, 7393
2026/08/27 23:12:57.493, 163.40, 100, 7393
2026/08/27 23:12:58.493, 163.37, 100, 7393
2026/08/27 23:12:59.493, 163.40, 100, 7393
2026/08/27 23:13:00.493, 163.29, 99, 7393
2026/08/27 23:13:01.494, 163.40, 100, 7393
2026/08/27 23:13:02.494, 163.53, 100, 7393
2026/08/27 23:13:03.494, 163.48, 100, 7393
2026/08/27 23:13:04.494, 163.45, 100, 7393
2026/08/27 23:13:05.494, 163.33, 100, 7393
2026/08/27 23:13:06.494, 163.41, 100, 7393
2026/08/27 23:13:07.495, 163.47, 100, 7393
2026/08/27 23:13:08.495, 163.32, 100, 7393
2026/08/27 23:13:09.495, 120.73, 29, 7393
2026/08/27 23:13:10.495, 83.00, 98, 7393
2026/08/27 23:13:11.495, 159.97, 100, 7393
2026/08/27 23:13:12.495, 159.76, 100, 7393
2026/08/27 23:13:13.496, 159.02, 98, 7393
2026/08/27 23:13:14.496, 160.07, 100, 7393
2026/08/27 23:13:15.496, 160.52, 100, 7393
2026/08/27 23:13:16.496, 159.50, 98, 7393
2026/08/27 23:13:17.496, 159.87, 100, 7393
2026/08/27 23:13:18.496, 160.36, 100, 7393
2026/08/27 23:13:19.497, 158.37, 98, 7393
2026/08/27 23:13:20.497, 159.71, 100, 7393
2026/08/27 23:13:21.497, 160.49, 100, 7393
2026/08/27 23:13:22.497, 158.99, 98, 7393
2026/08/27 23:13:23.497, 159.88, 100, 7393
2026/08/27 23:13:24.497, 160.24, 100, 7393
2026/08/27 23:13:25.498, 159.27, 98, 7393
2026/08/27 23:13:26.498, 160.59, 100, 7393
2026/08/27 23:13:27.498, 161.01, 100, 7393
2026/08/27 23:13:28.498, 159.71, 99, 7393
2026/08/27 23:13:29.498, 159.96, 100, 7393
2026/08/27 23:13:30.498, 160.84, 100, 7393
2026/08/27 23:13:31.499, 159.51, 100, 7393
2026/08/27 23:13:32.499, 159.43, 100, 7393
2026/08/27 23:13:33.499, 160.77, 100, 7393
2026/08/27 23:13:34.499, 159.22, 100, 7393
2026/08/27 23:13:35.500, 159.87, 100, 7393
2026/08/27 23:13:36.500, 161.04, 100, 7393
2026/08/27 23:13:37.500, 159.45, 100, 7393
2026/08/27 23:13:38.500, 159.73, 100, 7393
2026/08/27 23:13:39.500, 161.23, 100, 7393
2026/08/27 23:13:40.500, 159.74, 100, 7393
2026/08/27 23:13:41.501, 159.35, 100, 7393
2026/08/27 23:13:42.501, 160.37, 100, 7393
2026/08/27 23:13:43.501, 160.24, 100, 7393
2026/08/27 23:13:44.501, 159.69, 100, 7393
2026/08/27 23:13:45.501, 160.49, 100, 7393
2026/08/27 23:13:46.501, 159.83, 100, 7393
2026/08/27 23:13:47.502, 159.58, 100, 7393
2026/08/27 23:13:48.502, 160.81, 100, 7393
2026/08/27 23:13:49.502, 159.81, 100, 7393
2026/08/27 23:13:50.502, 159.73, 98, 7393
2026/08/27 23:13:51.502, 159.49, 100, 7393
2026/08/27 23:13:52.502, 159.62, 100, 7393
2026/08/27 23:13:53.502, 159.20, 97, 7393
2026/08/27 23:13:54.503, 159.94, 100, 7393
2026/08/27 23:13:55.503, 159.82, 100, 7393
2026/08/27 23:13:56.503, 159.20, 98, 7393
2026/08/27 23:13:57.503, 159.93, 100, 7393
2026/08/27 23:13:58.503, 159.87, 100, 7393
2026/08/27 23:13:59.503, 159.09, 98, 7393
2026/08/27 23:14:00.504, 160.40, 100, 7393
2026/08/27 23:14:01.504, 159.95, 100, 7393
2026/08/27 23:14:02.504, 158.92, 98, 7393
2026/08/27 23:14:03.504, 160.20, 100, 7393
2026/08/27 23:14:04.504, 159.99, 100, 7393
2026/08/27 23:14:05.504, 158.91, 98, 7393
2026/08/27 23:14:06.505, 159.96, 100, 7393
2026/08/27 23:14:07.505, 159.85, 100, 7393
2026/08/27 23:14:08.505, 159.12, 98, 7393
2026/08/27 23:14:09.505, 159.96, 100, 7393
2026/08/27 23:14:10.505, 160.35, 100, 7393
2026/08/27 23:14:11.505, 159.01, 98, 7393
2026/08/27 23:14:12.506, 159.68, 100, 7393
2026/08/27 23:14:13.514, 159.84, 100, 7393
2026/08/27 23:14:14.514, 158.91, 98, 7393
2026/08/27 23:14:15.515, 159.76, 100, 7393
2026/08/27 23:14:16.515, 160.53, 100, 7393
2026/08/27 23:14:17.515, 158.87, 98, 7393
2026/08/27 23:14:18.515, 160.60, 100, 7393
2026/08/27 23:14:19.516, 160.67, 100, 7393
2026/08/27 23:14:20.516, 159.26, 99, 7393
2026/08/27 23:14:21.516, 160.09, 100, 7393
2026/08/27 23:14:22.516, 160.13, 100, 7393
2026/08/27 23:14:23.516, 159.51, 100, 7393
2026/08/27 23:14:24.516, 159.61, 100, 7393
2026/08/27 23:14:25.517, 160.65, 100, 7393
2026/08/27 23:14:26.517, 159.37, 100, 7393
2026/08/27 23:14:27.517, 159.45, 100, 7393
2026/08/27 23:14:28.526, 160.26, 100, 7393
2026/08/27 23:14:29.526, 159.56, 100, 7393
2026/08/27 23:14:30.526, 159.13, 100, 7393
2026/08/27 23:14:31.526, 160.17, 100, 7393
2026/08/27 23:14:32.526, 159.45, 100, 7393
2026/08/27 23:14:33.526, 159.55, 100, 7393
2026/08/27 23:14:34.527, 160.46, 100, 7393
2026/08/27 23:14:35.527, 159.84, 100, 7393
2026/08/27 23:14:36.527, 159.21, 98, 7393
2026/08/27 23:14:37.527, 160.35, 100, 7393
2026/08/27 23:14:38.527, 159.70, 100, 7393
2026/08/27 23:14:39.527, 159.22, 98, 7393
2026/08/27 23:14:40.528, 160.45, 100, 7393
2026/08/27 23:14:41.528, 159.18, 100, 7393
2026/08/27 23:14:42.528, 159.28, 98, 7393
2026/08/27 23:14:43.528, 160.62, 100, 7393
2026/08/27 23:14:44.528, 160.33, 100, 7393
2026/08/27 23:14:45.529, 159.32, 98, 7393
2026/08/27 23:14:46.529, 160.40, 100, 7393
2026/08/27 23:14:47.529, 160.47, 100, 7393
2026/08/27 23:14:48.529, 159.11, 98, 7393
2026/08/27 23:14:49.529, 159.99, 100, 7393
2026/08/27 23:14:50.530, 159.97, 100, 7393
2026/08/27 23:14:51.530, 159.70, 98, 7393
2026/08/27 23:14:52.530, 160.40, 100, 7393
2026/08/27 23:14:53.530, 160.60, 100, 7393
2026/08/27 23:14:54.530, 159.40, 98, 7393
2026/08/27 23:14:55.530, 160.09, 100, 7393
2026/08/27 23:14:56.531, 160.66, 100, 7393
2026/08/27 23:14:57.531, 158.97, 98, 7393
2026/08/27 23:14:58.531, 159.87, 100, 7393
2026/08/27 23:14:59.531, 160.27, 100, 7393
2026/08/27 23:15:00.531, 159.03, 98, 7393
2026/08/27 23:15:01.531, 160.04, 100, 7393
2026/08/27 23:15:02.532, 160.25, 100, 7393
2026/08/27 23:15:03.532, 158.96, 98, 7393
2026/08/27 23:15:04.532, 159.97, 100, 7393
2026/08/27 23:15:05.532, 160.14, 100, 7393
2026/08/27 23:15:06.532, 158.30, 89, 7393
2026/08/27 23:15:07.532, 159.76, 100, 7393
2026/08/27 23:15:08.533, 160.90, 100, 7393
2026/08/27 23:15:09.533, 159.38, 100, 7393
2026/08/27 23:15:10.533, 159.71, 100, 7393
2026/08/27 23:15:11.533, 160.80, 100, 7393
2026/08/27 23:15:12.533, 159.60, 100, 7393
2026/08/27 23:15:13.533, 159.42, 100, 7393
2026/08/27 23:15:14.534, 160.47, 100, 7393
2026/08/27 23:15:15.534, 159.70, 100, 7393
2026/08/27 23:15:16.534, 159.56, 100, 7393
2026/08/27 23:15:17.534, 161.12, 100, 7393
2026/08/27 23:15:18.534, 159.92, 100, 7393
2026/08/27 23:15:19.534, 159.65, 100, 7393
2026/08/27 23:15:20.535, 160.87, 100, 7393
2026/08/27 23:15:21.535, 159.77, 100, 7393
2026/08/27 23:15:22.535, 159.39, 100, 7393
2026/08/27 23:15:23.535, 160.31, 100, 7393
2026/08/27 23:15:24.535, 159.89, 100, 7393
2026/08/27 23:15:25.535, 159.33, 98, 7393
2026/08/27 23:15:26.536, 160.25, 100, 7393
2026/08/27 23:15:27.536, 159.58, 100, 7393
2026/08/27 23:15:28.536, 159.41, 98, 7393
2026/08/27 23:15:29.536, 160.36, 100, 7393
2026/08/27 23:15:30.536, 159.48, 100, 7393
2026/08/27 23:15:31.536, 159.41, 98, 7393
2026/08/27 23:15:32.537, 160.21, 100, 7393
2026/08/27 23:15:33.537, 159.53, 100, 7393
2026/08/27 23:15:34.537, 159.41, 98, 7393
2026/08/27 23:15:35.537, 160.80, 100, 7393
2026/08/27 23:15:36.538, 160.28, 100, 7393
2026/08/27 23:15:37.538, 159.28, 98, 7393
2026/08/27 23:15:38.538, 160.52, 100, 7393
2026/08/27 23:15:39.538, 159.69, 100, 7393
2026/08/27 23:15:40.538, 159.22, 98, 7393
2026/08/27 23:15:41.538, 160.06, 100, 7393
2026/08/27 23:15:42.538, 160.35, 100, 7393
2026/08/27 23:15:43.539, 159.21, 98, 7393
2026/08/27 23:15:44.539, 159.98, 100, 7393
2026/08/27 23:15:45.539, 160.30, 100, 7393
2026/08/27 23:15:46.539, 160.80, 99, 7393
2026/08/27 23:15:47.539, 163.17, 100, 7393
2026/08/27 23:15:48.539, 163.05, 100, 7393
2026/08/27 23:15:49.540, 163.42, 99, 7393
2026/08/27 23:15:50.540, 163.25, 100, 7393
2026/08/27 23:15:51.540, 163.32, 100, 7393
2026/08/27 23:15:52.540, 163.29, 100, 7393
2026/08/27 23:15:53.540, 163.40, 100, 7393
2026/08/27 23:15:54.541, 163.29, 100, 7393
2026/08/27 23:15:55.541, 163.22, 100, 7393
2026/08/27 23:15:56.541, 163.18, 100, 7393
2026/08/27 23:15:57.541, 163.19, 100, 7393
2026/08/27 23:15:58.541, 163.52, 99, 7393
2026/08/27 23:15:59.541, 163.32, 100, 7393
2026/08/27 23:16:00.542, 163.27, 100, 7393
2026/08/27 23:16:01.542, 163.45, 99, 7393
2026/08/27 23:16:02.542, 163.57, 100, 7393
2026/08/27 23:16:03.542, 163.26, 100, 7393
2026/08/27 23:16:04.542, 163.41, 99, 7393
2026/08/27 23:16:05.542, 163.31, 100, 7393
2026/08/27 23:16:06.543, 163.32, 100, 7393
2026/08/27 23:16:07.543, 163.24, 99, 7393
2026/08/27 23:16:08.543, 163.41, 100, 7393
2026/08/27 23:16:09.543, 163.32, 100, 7393
2026/08/27 23:16:10.543, 163.38, 99, 7393
2026/08/27 23:16:11.543, 163.42, 100, 7393
2026/08/27 23:16:12.544, 163.22, 100, 7393
2026/08/27 23:16:13.544, 163.29, 100, 7393
2026/08/27 23:16:14.544, 163.38, 100, 7393
2026/08/27 23:16:15.544, 163.21, 100, 7393
2026/08/27 23:16:16.544, 162.96, 99, 7393
2026/08/27 23:16:17.544, 163.21, 100, 7393
2026/08/27 23:16:18.545, 163.35, 100, 7393
2026/08/27 23:16:19.545, 163.32, 99, 7393
2026/08/27 23:16:20.545, 163.30, 100, 7393
2026/08/27 23:16:21.545, 163.11, 100, 7393
2026/08/27 23:16:22.545, 163.20, 99, 7393
2026/08/27 23:16:23.545, 163.08, 100, 7393
2026/08/27 23:16:24.545, 163.24, 100, 7393
2026/08/27 23:16:25.546, 163.20, 99, 7393
2026/08/27 23:16:26.546, 163.41, 100, 7393
2026/08/27 23:16:27.546, 163.40, 100, 7393
2026/08/27 23:16:28.546, 163.36, 99, 7393
2026/08/27 23:16:29.546, 163.44, 100, 7393
2026/08/27 23:16:30.546, 163.47, 100, 7393
2026/08/27 23:16:31.547, 163.49, 99, 7393
2026/08/27 23:16:32.547, 163.43, 100, 7393
2026/08/27 23:16:33.547, 163.62, 100, 7393
2026/08/27 23:16:34.547, 163.35, 99, 7393
2026/08/27 23:16:35.547, 163.38, 100, 7393
2026/08/27 23:16:36.547, 163.48, 100, 7393
2026/08/27 23:16:37.548, 163.29, 100, 7393
2026/08/27 23:16:38.548, 163.30, 100, 7393
2026/08/27 23:16:39.548, 163.31, 100, 7393
2026/08/27 23:16:40.548, 163.40, 100, 7393
2026/08/27 23:16:41.548, 163.54, 100, 7393
2026/08/27 23:16:42.548, 163.40, 100, 7393
2026/08/27 23:16:43.549, 163.57, 99, 7393
2026/08/27 23:16:44.549, 163.55, 100, 7393
2026/08/27 23:16:45.549, 163.46, 100, 7393
2026/08/27 23:16:46.549, 163.34, 100, 7393
2026/08/27 23:16:47.549, 163.53, 100, 7393
2026/08/27 23:16:48.549, 163.50, 99, 7393
2026/08/27 23:16:49.550, 163.33, 100, 7393
2026/08/27 23:16:50.550, 163.65, 100, 7393
2026/08/27 23:16:51.550, 163.49, 99, 7393
2026/08/27 23:16:52.550, 163.70, 100, 7393
2026/08/27 23:16:53.550, 163.74, 100, 7393
2026/08/27 23:16:54.551, 163.64, 99, 7393
2026/08/27 23:16:55.551, 163.70, 100, 7393
2026/08/27 23:16:56.551, 163.40, 100, 7393
2026/08/27 23:16:57.551, 163.62, 99, 7393
2026/08/27 23:16:58.551, 163.58, 100, 7393
2026/08/27 23:16:59.551, 163.60, 100, 7393
2026/08/27 23:17:00.552, 163.33, 99, 7393
2026/08/27 23:17:01.552, 163.58, 100, 7393
2026/08/27 23:17:02.552, 163.73, 100, 7393
2026/08/27 23:17:03.552, 163.71, 99, 7393
2026/08/27 23:17:04.552, 163.58, 100, 7393
2026/08/27 23:17:05.552, 163.63, 100, 7393
2026/08/27 23:17:06.553, 163.59, 100, 7393
2026/08/27 23:17:07.553, 163.63, 100, 7393
2026/08/27 23:17:08.553, 163.72, 100, 7393
2026/08/27 23:17:09.553, 163.49, 100, 7393
2026/08/27 23:17:10.553, 163.56, 100, 7393
2026/08/27 23:17:11.553, 163.52, 100, 7393
2026/08/27 23:17:12.554, 163.52, 99, 7393
2026/08/27 23:17:13.554, 163.56, 100, 7393
2026/08/27 23:17:14.554, 163.59, 100, 7393
2026/08/27 23:17:15.554, 163.62, 100, 7393
2026/08/27 23:17:16.554, 163.63, 100, 7393
2026/08/27 23:17:17.554, 163.63, 100, 7393
2026/08/27 23:17:18.555, 163.64, 99, 7393
2026/08/27 23:17:19.555, 163.53, 100, 7393
2026/08/27 23:17:20.555, 163.63, 100, 7393
2026/08/27 23:17:21.555, 163.66, 100, 7393
2026/08/27 23:17:22.555, 57.99, 0, 7393
2026/08/27 23:17:23.555, 150.91, 98, 7393
2026/08/27 23:17:24.556, 160.24, 100, 7393
2026/08/27 23:17:25.556, 159.85, 100, 7393
2026/08/27 23:17:26.556, 159.28, 98, 7393
2026/08/27 23:17:27.556, 160.70, 100, 7393
2026/08/27 23:17:28.556, 159.75, 100, 7393
2026/08/27 23:17:29.556, 159.43, 98, 7393
2026/08/27 23:17:30.557, 160.20, 100, 7393
2026/08/27 23:17:31.557, 160.35, 100, 7393
2026/08/27 23:17:32.557, 159.37, 98, 7393
2026/08/27 23:17:33.557, 160.40, 100, 7393
2026/08/27 23:17:34.557, 160.36, 100, 7393
2026/08/27 23:17:35.557, 159.31, 98, 7393
2026/08/27 23:17:36.558, 160.35, 100, 7393
2026/08/27 23:17:37.558, 160.43, 100, 7393
2026/08/27 23:17:38.558, 159.57, 98, 7393
2026/08/27 23:17:39.558, 160.26, 100, 7393
2026/08/27 23:17:40.558, 160.56, 100, 7393
2026/08/27 23:17:41.558, 158.95, 98, 7393
2026/08/27 23:17:42.559, 160.92, 100, 7393
2026/08/27 23:17:43.559, 160.43, 100, 7393
2026/08/27 23:17:44.559, 159.08, 98, 7393
2026/08/27 23:17:45.559, 159.75, 100, 7393
2026/08/27 23:17:46.559, 160.10, 100, 7393
2026/08/27 23:17:47.559, 159.02, 98, 7393
2026/08/27 23:17:48.560, 159.71, 100, 7393
2026/08/27 23:17:49.560, 160.67, 100, 7393
2026/08/27 23:17:50.560, 159.09, 98, 7393
2026/08/27 23:17:51.560, 159.90, 100, 7393
2026/08/27 23:17:52.560, 160.79, 100, 7393
2026/08/27 23:17:53.561, 159.33, 98, 7393
2026/08/27 23:17:54.561, 160.18, 100, 7393
2026/08/27 23:17:55.561, 160.14, 100, 7393
2026/08/27 23:17:56.561, 159.55, 99, 7393
2026/08/27 23:17:57.561, 159.69, 100, 7393
2026/08/27 23:17:58.561, 160.85, 100, 7393
2026/08/27 23:17:59.562, 159.43, 100, 7393
2026/08/27 23:18:00.562, 159.25, 100, 7393
2026/08/27 23:18:01.562, 160.04, 100, 7393
2026/08/27 23:18:02.562, 159.41, 100, 7393
2026/08/27 23:18:03.562, 159.39, 100, 7393
2026/08/27 23:18:04.562, 160.50, 100, 7393
2026/08/27 23:18:05.563, 159.52, 100, 7393
2026/08/27 23:18:06.563, 159.45, 100, 7393
2026/08/27 23:18:07.563, 161.02, 100, 7393
2026/08/27 23:18:08.563, 159.67, 100, 7393
2026/08/27 23:18:09.563, 160.04, 100, 7393
2026/08/27 23:18:10.563, 159.72, 100, 7393
2026/08/27 23:18:11.564, 159.99, 100, 7393
2026/08/27 23:18:12.564, 159.21, 98, 7393
2026/08/27 23:18:13.564, 160.54, 100, 7393
2026/08/27 23:18:14.564, 160.02, 100, 7393
2026/08/27 23:18:15.564, 159.34, 98, 7393
2026/08/27 23:18:16.564, 160.51, 100, 7393
2026/08/27 23:18:17.565, 159.97, 100, 7393
2026/08/27 23:18:18.565, 158.90, 98, 7393
2026/08/27 23:18:19.565, 160.44, 100, 7393
2026/08/27 23:18:20.565, 160.18, 100, 7393
2026/08/27 23:18:21.565, 159.03, 98, 7393
2026/08/27 23:18:22.565, 159.94, 100, 7393
2026/08/27 23:18:23.566, 160.30, 100, 7393
2026/08/27 23:18:24.566, 159.27, 98, 7393
2026/08/27 23:18:25.566, 160.35, 100, 7393
2026/08/27 23:18:26.566, 160.10, 100, 7393
2026/08/27 23:18:27.566, 158.86, 98, 7393
2026/08/27 23:18:28.566, 159.66, 100, 7393
2026/08/27 23:18:29.567, 160.02, 100, 7393
2026/08/27 23:18:30.567, 158.58, 98, 7393
2026/08/27 23:18:31.567, 159.70, 100, 7393
2026/08/27 23:18:32.567, 160.25, 100, 7393
2026/08/27 23:18:33.567, 158.70, 98, 7393
2026/08/27 23:18:34.567, 159.67, 100, 7393
2026/08/27 23:18:35.568, 159.96, 100, 7393
2026/08/27 23:18:36.568, 158.68, 98, 7393
2026/08/27 23:18:37.568, 159.49, 100, 7393
2026/08/27 23:18:38.568, 160.01, 100, 7393
2026/08/27 23:18:39.568, 159.35, 100, 7393
2026/08/27 23:18:40.568, 159.49, 100, 7393
2026/08/27 23:18:41.569, 159.55, 100, 7393
2026/08/27 23:18:42.569, 159.31, 100, 7393
2026/08/27 23:18:43.569, 159.67, 100, 7393
2026/08/27 23:18:44.569, 161.38, 100, 7393
2026/08/27 23:18:45.569, 159.45, 100, 7393
2026/08/27 23:18:46.569, 158.93, 100, 7393
2026/08/27 23:18:47.570, 160.20, 100, 7393
2026/08/27 23:18:48.570, 159.34, 100, 7393
2026/08/27 23:18:49.570, 159.16, 99, 7393
2026/08/27 23:18:50.570, 160.15, 100, 7393
2026/08/27 23:18:51.570, 159.63, 100, 7393
2026/08/27 23:18:52.570, 159.26, 98, 7393
2026/08/27 23:18:53.571, 160.35, 100, 7393
2026/08/27 23:18:54.571, 160.04, 100, 7393
2026/08/27 23:18:55.571, 159.31, 98, 7393
2026/08/27 23:18:56.571, 160.30, 100, 7393
2026/08/27 23:18:57.571, 159.96, 100, 7393
2026/08/27 23:18:58.572, 159.04, 98, 7393
2026/08/27 23:18:59.572, 159.87, 100, 7393
2026/08/27 23:19:00.572, 159.23, 100, 7393
2026/08/27 23:19:01.572, 159.22, 98, 7393
2026/08/27 23:19:02.572, 159.92, 100, 7393
2026/08/27 23:19:03.573, 159.81, 100, 7393
2026/08/27 23:19:04.573, 159.48, 98, 7393
2026/08/27 23:19:05.573, 159.80, 100, 7393
2026/08/27 23:19:06.573, 159.75, 100, 7393
2026/08/27 23:19:07.573, 159.04, 98, 7393
2026/08/27 23:19:08.573, 159.88, 100, 7393
2026/08/27 23:19:09.574, 160.15, 100, 7393
2026/08/27 23:19:10.574, 159.26, 98, 7393
2026/08/27 23:19:11.574, 161.14, 100, 7393
2026/08/27 23:19:12.574, 159.64, 100, 7393
2026/08/27 23:19:13.574, 159.45, 98, 7393
2026/08/27 23:19:14.574, 160.18, 100, 7393
2026/08/27 23:19:15.575, 159.47, 100, 7393
2026/08/27 23:19:16.575, 159.97, 98, 7393
2026/08/27 23:19:17.575, 161.04, 100, 7393
2026/08/27 23:19:18.575, 159.26, 100, 7393
2026/08/27 23:19:19.575, 159.37, 98, 7393
2026/08/27 23:19:20.575, 160.88, 100, 7393
2026/08/27 23:19:21.576, 159.72, 100, 7393
2026/08/27 23:19:22.576, 159.40, 98, 7393
2026/08/27 23:19:23.576, 160.71, 100, 7393
2026/08/27 23:19:24.576, 159.84, 100, 7393
2026/08/27 23:19:25.576, 159.46, 98, 7393
2026/08/27 23:19:26.577, 160.15, 100, 7393
2026/08/27 23:19:27.577, 159.53, 100, 7393
2026/08/27 23:19:28.577, 159.23, 98, 7393
2026/08/27 23:19:29.577, 160.76, 100, 7393
2026/08/27 23:19:30.577, 159.74, 100, 7393
2026/08/27 23:19:31.577, 159.55, 99, 7393
2026/08/27 23:19:32.577, 160.43, 100, 7393
2026/08/27 23:19:33.578, 159.91, 100, 7393
2026/08/27 23:19:34.578, 159.13, 98, 7393
2026/08/27 23:19:35.578, 160.49, 100, 7393
2026/08/27 23:19:36.578, 159.54, 100, 7393
2026/08/27 23:19:37.578, 159.50, 98, 7393
2026/08/27 23:19:38.579, 160.48, 100, 7393
2026/08/27 23:19:39.579, 159.85, 100, 7393
2026/08/27 23:19:40.579, 159.15, 98, 7393
2026/08/27 23:19:41.579, 159.10, 100, 7393
2026/08/27 23:19:42.579, 159.80, 100, 7393
2026/08/27 23:19:43.579, 159.22, 98, 7393
2026/08/27 23:19:44.580, 159.77, 100, 7393
2026/08/27 23:19:45.580, 159.68, 100, 7393
2026/08/27 23:19:46.580, 158.99, 98, 7393
2026/08/27 23:19:47.580, 159.79, 100, 7393
2026/08/27 23:19:48.580, 159.68, 100, 7393
2026/08/27 23:19:49.580, 159.31, 98, 7393
2026/08/27 23:19:50.581, 159.87, 100, 7393
2026/08/27 23:19:51.581, 159.82, 100, 7393
2026/08/27 23:19:52.581, 159.08, 98, 7393
2026/08/27 23:19:53.581, 160.02, 100, 7393
2026/08/27 23:19:54.581, 160.21, 100, 7393
2026/08/27 23:19:55.582, 158.83, 98, 7393
2026/08/27 23:19:56.582, 159.83, 100, 7393
2026/08/27 23:19:57.582, 160.05, 100, 7393
2026/08/27 23:19:58.582, 162.77, 99, 7393
2026/08/27 23:19:59.582, 162.83, 100, 7393
2026/08/27 23:20:00.582, 162.74, 100, 7393
2026/08/27 23:20:01.583, 162.83, 99, 7393
2026/08/27 23:20:02.583, 163.77, 100, 7393
2026/08/27 23:20:03.583, 164.03, 100, 7393
2026/08/27 23:20:04.583, 163.87, 100, 7393
2026/08/27 23:20:05.583, 163.74, 99, 7393
2026/08/27 23:20:06.583, 163.96, 100, 7393
2026/08/27 23:20:07.584, 164.13, 100, 7393
2026/08/27 23:20:08.584, 164.08, 99, 7393
2026/08/27 23:20:09.584, 163.24, 100, 7393
2026/08/27 23:20:10.584, 162.80, 100, 7393
2026/08/27 23:20:11.584, 162.97, 99, 7393
2026/08/27 23:20:12.584, 162.81, 100, 7393
2026/08/27 23:20:13.585, 162.80, 100, 7393
2026/08/27 23:20:14.585, 162.60, 99, 7393
2026/08/27 23:20:15.585, 162.82, 100, 7393
2026/08/27 23:20:16.585, 162.68, 99, 7393
2026/08/27 23:20:17.585, 163.00, 100, 7393
2026/08/27 23:20:18.585, 163.04, 100, 7393
2026/08/27 23:20:19.586, 163.03, 100, 7393
2026/08/27 23:20:20.586, 163.13, 100, 7393
2026/08/27 23:20:21.586, 162.94, 100, 7393
2026/08/27 23:20:22.586, 162.93, 99, 7393
2026/08/27 23:20:23.586, 162.86, 100, 7393
2026/08/27 23:20:24.586, 162.94, 100, 7393
2026/08/27 23:20:25.587, 163.03, 100, 7393
2026/08/27 23:20:26.587, 163.23, 100, 7393
2026/08/27 23:20:27.587, 162.79, 100, 7393
2026/08/27 23:20:28.587, 162.99, 100, 7393
2026/08/27 23:20:29.587, 162.90, 100, 7393
2026/08/27 23:20:30.588, 162.83, 100, 7393
2026/08/27 23:20:31.588, 163.00, 100, 7393
2026/08/27 23:20:32.588, 163.03, 100, 7393
2026/08/27 23:20:33.588, 163.12, 100, 7393
2026/08/27 23:20:34.588, 162.97, 100, 7393
2026/08/27 23:20:35.589, 163.20, 100, 7393
2026/08/27 23:20:36.589, 162.80, 100, 7393
2026/08/27 23:20:37.589, 163.10, 99, 7393
2026/08/27 23:20:38.589, 163.26, 100, 7393
2026/08/27 23:20:39.589, 163.13, 100, 7393
2026/08/27 23:20:40.589, 162.87, 99, 7393
2026/08/27 23:20:41.590, 162.95, 100, 7393
2026/08/27 23:20:42.590, 162.99, 99, 7393
2026/08/27 23:20:43.590, 163.04, 99, 7393
2026/08/27 23:20:44.590, 163.13, 100, 7393
2026/08/27 23:20:45.590, 163.03, 99, 7393
2026/08/27 23:20:46.590, 163.29, 100, 7393
2026/08/27 23:20:47.591, 163.20, 100, 7393
2026/08/27 23:20:48.591, 163.18, 100, 7393
2026/08/27 23:20:49.591, 163.08, 100, 7393
2026/08/27 23:20:50.591, 163.09, 100, 7393
2026/08/27 23:20:51.591, 163.13, 100, 7393
2026/08/27 23:20:52.591, 163.20, 100, 7393
2026/08/27 23:20:53.592, 163.17, 100, 7393
2026/08/27 23:20:54.592, 163.23, 100, 7393
2026/08/27 23:20:55.592, 163.16, 100, 7393
2026/08/27 23:20:56.592, 163.14, 100, 7393
2026/08/27 23:20:57.592, 163.29, 99, 7393
2026/08/27 23:20:58.593, 163.06, 100, 7393
2026/08/27 23:20:59.593, 163.15, 100, 7393
2026/08/27 23:21:00.593, 163.11, 99, 7393
2026/08/27 23:21:01.593, 162.96, 100, 7393
2026/08/27 23:21:02.593, 163.02, 100, 7393
2026/08/27 23:21:03.593, 163.11, 99, 7393
2026/08/27 23:21:04.594, 163.15, 100, 7393
2026/08/27 23:21:05.594, 163.02, 100, 7393
2026/08/27 23:21:06.594, 163.04, 99, 7393
2026/08/27 23:21:07.594, 162.99, 100, 7393
2026/08/27 23:21:08.594, 162.94, 100, 7393
2026/08/27 23:21:09.594, 163.07, 100, 7393
2026/08/27 23:21:10.595, 163.22, 100, 7393
2026/08/27 23:21:11.595, 162.84, 99, 7393
2026/08/27 23:21:12.595, 163.06, 100, 7393
2026/08/27 23:21:13.595, 163.21, 100, 7393
2026/08/27 23:21:14.595, 163.24, 99, 7393
2026/08/27 23:21:15.595, 163.10, 100, 7393
2026/08/27 23:21:16.596, 162.88, 100, 7393
2026/08/27 23:21:17.596, 163.09, 99, 7393
2026/08/27 23:21:18.596, 163.20, 100, 7393
2026/08/27 23:21:19.596, 163.19, 100, 7393
2026/08/27 23:21:20.596, 163.10, 100, 7393
2026/08/27 23:21:21.597, 163.28, 100, 7393
2026/08/27 23:21:22.597, 163.07, 100, 7393
2026/08/27 23:21:23.597, 163.13, 99, 7393
2026/08/27 23:21:24.597, 163.02, 100, 7393
2026/08/27 23:21:25.597, 163.28, 100, 7393
2026/08/27 23:21:26.598, 163.27, 100, 7393
2026/08/27 23:21:27.598, 163.20, 100, 7393
2026/08/27 23:21:28.598, 163.30, 100, 7393
2026/08/27 23:21:29.598, 163.24, 100, 7393
2026/08/27 23:21:30.598, 163.27, 100, 7393
2026/08/27 23:21:31.598, 162.95, 100, 7393
2026/08/27 23:21:32.599, 163.15, 100, 7393
2026/08/27 23:21:33.599, 100.34, 0, 7393
2026/08/27 23:21:34.604, 108.05, 100, 7393
2026/08/27 23:21:35.604, 160.19, 100, 7393
2026/08/27 23:21:36.604, 158.79, 98, 7393
2026/08/27 23:21:37.605, 159.90, 100, 7393
2026/08/27 23:21:38.605, 159.77, 100, 7393
2026/08/27 23:21:39.605, 158.72, 98, 7393
2026/08/27 23:21:40.605, 159.82, 100, 7393
2026/08/27 23:21:41.605, 159.81, 100, 7393
2026/08/27 23:21:42.605, 158.48, 98, 7393
2026/08/27 23:21:43.606, 159.62, 100, 7393
2026/08/27 23:21:44.606, 159.76, 100, 7393
2026/08/27 23:21:45.606, 158.88, 98, 7393
2026/08/27 23:21:46.606, 160.09, 100, 7393
2026/08/27 23:21:47.606, 160.00, 100, 7393
2026/08/27 23:21:48.606, 159.07, 100, 7393
2026/08/27 23:21:49.607, 159.71, 100, 7393
2026/08/27 23:21:50.607, 160.51, 100, 7393
2026/08/27 23:21:51.607, 159.28, 100, 7393
2026/08/27 23:21:52.607, 159.46, 100, 7393
2026/08/27 23:21:53.607, 160.19, 100, 7393
2026/08/27 23:21:54.607, 159.18, 100, 7393
2026/08/27 23:21:55.608, 159.42, 100, 7393
2026/08/27 23:21:56.608, 160.76, 100, 7393
2026/08/27 23:21:57.608, 159.51, 100, 7393
2026/08/27 23:21:58.608, 159.28, 100, 7393
2026/08/27 23:21:59.608, 160.17, 100, 7393
2026/08/27 23:22:00.608, 159.25, 100, 7393
2026/08/27 23:22:01.609, 159.10, 98, 7393
2026/08/27 23:22:02.609, 160.35, 100, 7393
2026/08/27 23:22:03.609, 159.15, 100, 7393
2026/08/27 23:22:04.609, 159.11, 98, 7393
2026/08/27 23:22:05.609, 159.81, 100, 7393
2026/08/27 23:22:06.610, 159.33, 100, 7393
2026/08/27 23:22:07.610, 158.80, 98, 7393
2026/08/27 23:22:08.610, 160.19, 100, 7393
2026/08/27 23:22:09.610, 159.38, 100, 7393
2026/08/27 23:22:10.610, 158.87, 98, 7393
2026/08/27 23:22:11.610, 160.38, 100, 7393
2026/08/27 23:22:12.611, 159.63, 100, 7393
2026/08/27 23:22:13.611, 158.94, 98, 7393
2026/08/27 23:22:14.611, 160.24, 100, 7393
2026/08/27 23:22:15.611, 159.61, 100, 7393
2026/08/27 23:22:16.611, 158.90, 98, 7393
2026/08/27 23:22:17.611, 160.53, 100, 7393
2026/08/27 23:22:18.612, 160.25, 100, 7393
2026/08/27 23:22:19.612, 158.91, 98, 7393
2026/08/27 23:22:20.612, 159.93, 100, 7393
2026/08/27 23:22:21.612, 160.05, 100, 7393
2026/08/27 23:22:22.612, 158.88, 98, 7393
2026/08/27 23:22:23.612, 158.78, 100, 7393
2026/08/27 23:22:24.613, 160.27, 100, 7393
2026/08/27 23:22:25.613, 158.86, 98, 7393
2026/08/27 23:22:26.613, 159.83, 100, 7393
2026/08/27 23:22:27.613, 160.56, 100, 7393
2026/08/27 23:22:28.613, 159.22, 99, 7393
2026/08/27 23:22:29.613, 160.03, 100, 7393
2026/08/27 23:22:30.614, 160.63, 100, 7393
2026/08/27 23:22:31.614, 159.40, 100, 7393
2026/08/27 23:22:32.614, 159.81, 100, 7393
2026/08/27 23:22:33.614, 160.21, 100, 7393
2026/08/27 23:22:34.614, 159.74, 100, 7393
2026/08/27 23:22:35.614, 159.90, 100, 7393
2026/08/27 23:22:36.615, 160.57, 100, 7393
2026/08/27 23:22:37.615, 159.22, 100, 7393
2026/08/27 23:22:38.615, 159.45, 100, 7393
2026/08/27 23:22:39.615, 160.65, 100, 7393
2026/08/27 23:22:40.615, 159.57, 100, 7393
2026/08/27 23:22:41.615, 159.55, 100, 7393
2026/08/27 23:22:42.615, 160.75, 100, 7393
2026/08/27 23:22:43.616, 159.18, 100, 7393
2026/08/27 23:22:44.616, 159.10, 100, 7393
2026/08/27 23:22:45.616, 160.67, 100, 7393
2026/08/27 23:22:46.616, 159.38, 100, 7393
2026/08/27 23:22:47.616, 159.58, 99, 7393
2026/08/27 23:22:48.616, 160.27, 100, 7393
2026/08/27 23:22:49.617, 159.78, 100, 7393
2026/08/27 23:22:50.617, 159.19, 98, 7393
2026/08/27 23:22:51.617, 160.23, 100, 7393
2026/08/27 23:22:52.617, 159.60, 100, 7393
2026/08/27 23:22:53.617, 159.28, 98, 7393
2026/08/27 23:22:54.617, 160.16, 100, 7393
2026/08/27 23:22:55.617, 160.40, 100, 7393
2026/08/27 23:22:56.618, 159.44, 98, 7393
2026/08/27 23:22:57.618, 160.41, 100, 7393
2026/08/27 23:22:58.618, 159.35, 100, 7393
2026/08/27 23:22:59.618, 159.24, 98, 7393
2026/08/27 23:23:00.618, 159.91, 100, 7393
2026/08/27 23:23:01.618, 159.99, 100, 7393
2026/08/27 23:23:02.619, 159.12, 98, 7393
2026/08/27 23:23:03.619, 160.43, 100, 7393
2026/08/27 23:23:04.619, 160.06, 100, 7393
2026/08/27 23:23:05.619, 157.95, 98, 7393
2026/08/27 23:23:06.619, 159.74, 100, 7393
2026/08/27 23:23:07.619, 159.73, 100, 7393
2026/08/27 23:23:08.620, 158.93, 98, 7393
2026/08/27 23:23:09.620, 159.78, 100, 7393
2026/08/27 23:23:10.620, 160.15, 100, 7393
2026/08/27 23:23:11.620, 158.63, 98, 7393
2026/08/27 23:23:12.620, 159.54, 100, 7393
2026/08/27 23:23:13.620, 159.29, 100, 7393
2026/08/27 23:23:14.620, 159.05, 98, 7393
2026/08/27 23:23:15.621, 159.99, 100, 7393
2026/08/27 23:23:16.621, 160.53, 100, 7393
2026/08/27 23:23:17.621, 159.54, 100, 7393
2026/08/27 23:23:18.621, 158.42, 100, 7393
2026/08/27 23:23:19.621, 160.40, 100, 7393
2026/08/27 23:23:20.621, 159.23, 100, 7393
2026/08/27 23:23:21.622, 159.36, 100, 7393
2026/08/27 23:23:22.622, 160.10, 100, 7393
2026/08/27 23:23:23.622, 159.18, 100, 7393
2026/08/27 23:23:24.622, 159.82, 100, 7393
2026/08/27 23:23:25.622, 161.11, 100, 7393
2026/08/27 23:23:26.622, 159.35, 100, 7393
2026/08/27 23:23:27.623, 159.37, 100, 7393
2026/08/27 23:23:28.623, 160.32, 100, 7393
2026/08/27 23:23:29.623, 159.81, 100, 7393
2026/08/27 23:23:30.623, 159.52, 98, 7393
2026/08/27 23:23:31.623, 160.48, 100, 7393
2026/08/27 23:23:32.623, 159.26, 100, 7393
2026/08/27 23:23:33.623, 159.46, 98, 7393
2026/08/27 23:23:34.624, 160.18, 100, 7393
2026/08/27 23:23:35.624, 159.85, 100, 7393
2026/08/27 23:23:36.624, 159.42, 98, 7393
2026/08/27 23:23:37.624, 160.45, 100, 7393
2026/08/27 23:23:38.624, 159.93, 100, 7393
2026/08/27 23:23:39.624, 159.27, 98, 7393
2026/08/27 23:23:40.625, 160.05, 100, 7393
2026/08/27 23:23:41.625, 160.01, 100, 7393
2026/08/27 23:23:42.625, 158.89, 98, 7393
2026/08/27 23:23:43.625, 160.27, 100, 7393
2026/08/27 23:23:44.625, 159.89, 100, 7393
2026/08/27 23:23:45.625, 159.15, 98, 7393
2026/08/27 23:23:46.626, 159.71, 100, 7393
2026/08/27 23:23:47.626, 160.29, 100, 7393
2026/08/27 23:23:48.626, 158.91, 98, 7393
2026/08/27 23:23:49.626, 160.13, 100, 7393
2026/08/27 23:23:50.626, 160.11, 100, 7393
2026/08/27 23:23:51.626, 158.80, 98, 7393
2026/08/27 23:23:52.627, 159.72, 100, 7393
2026/08/27 23:23:53.627, 160.30, 100, 7393
2026/08/27 23:23:54.627, 158.75, 98, 7393
2026/08/27 23:23:55.627, 159.46, 100, 7393
2026/08/27 23:23:56.627, 160.21, 100, 7393
2026/08/27 23:23:57.627, 158.76, 98, 7393
2026/08/27 23:23:58.627, 159.52, 100, 7393
2026/08/27 23:23:59.628, 159.56, 100, 7393
2026/08/27 23:24:00.628, 158.73, 97, 7393
2026/08/27 23:24:01.628, 160.18, 100, 7393
2026/08/27 23:24:02.628, 160.53, 100, 7393
2026/08/27 23:24:03.628, 159.18, 100, 7393
2026/08/27 23:24:04.628, 159.68, 100, 7393
2026/08/27 23:24:05.629, 159.91, 100, 7393
2026/08/27 23:24:06.629, 159.36, 100, 7393
2026/08/27 23:24:07.629, 159.21, 100, 7393
2026/08/27 23:24:08.629, 160.63, 100, 7393
2026/08/27 23:24:09.629, 160.74, 99, 7393
2026/08/27 23:24:10.629, 164.00, 100, 7393
2026/08/27 23:24:11.630, 164.13, 100, 7393
2026/08/27 23:24:12.630, 164.09, 99, 7393
2026/08/27 23:24:13.630, 164.15, 100, 7393
2026/08/27 23:24:14.630, 164.25, 100, 7393
2026/08/27 23:24:15.630, 164.21, 99, 7393
2026/08/27 23:24:16.630, 163.77, 100, 7393
2026/08/27 23:24:17.631, 162.92, 100, 7393
2026/08/27 23:24:18.631, 162.95, 99, 7393
2026/08/27 23:24:19.631, 163.17, 100, 7393
2026/08/27 23:24:20.631, 162.90, 100, 7393
2026/08/27 23:24:21.631, 162.98, 99, 7393
2026/08/27 23:24:22.631, 162.96, 100, 7393
2026/08/27 23:24:23.632, 163.08, 100, 7393
2026/08/27 23:24:24.632, 163.06, 100, 7393
2026/08/27 23:24:25.632, 163.04, 100, 7393
2026/08/27 23:24:26.632, 162.78, 100, 7393
2026/08/27 23:24:27.632, 162.92, 100, 7393
2026/08/27 23:24:28.633, 163.10, 100, 7393
2026/08/27 23:24:29.633, 163.13, 99, 7393
2026/08/27 23:24:30.633, 163.22, 100, 7393
2026/08/27 23:24:31.633, 163.05, 100, 7393
2026/08/27 23:24:32.633, 162.97, 99, 7393
2026/08/27 23:24:33.633, 162.95, 100, 7393
2026/08/27 23:24:34.634, 162.86, 100, 7393
2026/08/27 23:24:35.634, 162.92, 99, 7393
2026/08/27 23:24:36.634, 163.14, 100, 7393
2026/08/27 23:24:37.634, 163.22, 100, 7393
2026/08/27 23:24:38.634, 163.19, 100, 7393
2026/08/27 23:24:39.634, 163.08, 100, 7393
2026/08/27 23:24:40.635, 163.19, 100, 7393
2026/08/27 23:24:41.635, 163.16, 99, 7393
2026/08/27 23:24:42.635, 163.15, 100, 7393
2026/08/27 23:24:43.635, 163.26, 100, 7393
2026/08/27 23:24:44.635, 163.10, 100, 7393
2026/08/27 23:24:45.636, 163.20, 100, 7393
2026/08/27 23:24:46.636, 163.19, 100, 7393
2026/08/27 23:24:47.636, 163.25, 99, 7393
2026/08/27 23:24:48.636, 163.28, 100, 7393
2026/08/27 23:24:49.636, 163.41, 100, 7393
2026/08/27 23:24:50.636, 163.38, 99, 7393
2026/08/27 23:24:51.637, 163.30, 100, 7393
2026/08/27 23:24:52.637, 163.04, 100, 7393
2026/08/27 23:24:53.637, 163.21, 99, 7393
2026/08/27 23:24:54.637, 163.34, 100, 7393
2026/08/27 23:24:55.637, 163.50, 100, 7393
2026/08/27 23:24:56.637, 163.25, 100, 7393
2026/08/27 23:24:57.638, 163.39, 100, 7393
2026/08/27 23:24:58.638, 163.41, 100, 7393
2026/08/27 23:24:59.638, 163.57, 99, 7393
2026/08/27 23:25:00.638, 163.40, 100, 7393
2026/08/27 23:25:01.638, 163.11, 99, 7393
2026/08/27 23:25:02.638, 163.26, 100, 7393
2026/08/27 23:25:03.639, 163.45, 100, 7393
2026/08/27 23:25:04.639, 163.26, 99, 7393
2026/08/27 23:25:05.639, 163.29, 100, 7393
2026/08/27 23:25:06.639, 163.18, 100, 7393
2026/08/27 23:25:07.639, 163.13, 99, 7393
2026/08/27 23:25:08.639, 163.19, 100, 7393
2026/08/27 23:25:09.640, 163.33, 100, 7393
2026/08/27 23:25:10.640, 163.07, 99, 7393
2026/08/27 23:25:11.640, 163.18, 100, 7393
2026/08/27 23:25:12.640, 163.29, 100, 7393
2026/08/27 23:25:13.640, 163.14, 99, 7393
2026/08/27 23:25:14.640, 163.06, 100, 7393
2026/08/27 23:25:15.641, 163.22, 100, 7393
2026/08/27 23:25:16.641, 163.20, 99, 7393
2026/08/27 23:25:17.641, 163.19, 100, 7393
2026/08/27 23:25:18.641, 163.28, 100, 7393
2026/08/27 23:25:19.641, 163.25, 99, 7393
2026/08/27 23:25:20.641, 163.04, 100, 7393
2026/08/27 23:25:21.642, 163.27, 100, 7393
2026/08/27 23:25:22.642, 163.29, 99, 7393
2026/08/27 23:25:23.642, 163.23, 100, 7393
2026/08/27 23:25:24.642, 163.35, 100, 7393
2026/08/27 23:25:25.642, 163.10, 100, 7393
2026/08/27 23:25:26.642, 163.33, 100, 7393
2026/08/27 23:25:27.643, 163.02, 100, 7393
2026/08/27 23:25:28.643, 163.30, 99, 7393
2026/08/27 23:25:29.643, 163.29, 100, 7393
2026/08/27 23:25:30.643, 163.49, 100, 7393
2026/08/27 23:25:31.643, 163.33, 99, 7393
2026/08/27 23:25:32.643, 163.28, 100, 7393
2026/08/27 23:25:33.644, 163.12, 100, 7393
2026/08/27 23:25:34.644, 162.94, 99, 7393
2026/08/27 23:25:35.644, 163.13, 100, 7393
2026/08/27 23:25:36.644, 163.02, 100, 7393
2026/08/27 23:25:37.644, 163.27, 100, 7393
2026/08/27 23:25:38.644, 163.25, 100, 7393
2026/08/27 23:25:39.645, 163.33, 100, 7393
2026/08/27 23:25:40.645, 163.23, 100, 7393
2026/08/27 23:25:41.645, 163.11, 100, 7393
2026/08/27 23:25:42.645, 163.29, 99, 7393
2026/08/27 23:25:43.645, 163.40, 100, 7393
2026/08/27 23:25:44.645, 163.32, 100, 7393
2026/08/27 23:25:45.646, 81.34, 0, 7393
2026/08/27 23:25:46.646, 27.73, 0, 7393
2026/08/27 23:25:47.646, 25.05, 0, 7393
2026/08/27 23:25:48.646, 21.06, 0, 7393
