2026/06/28 04:45:57.219, 29.01, 0, 41
2026/06/28 04:45:58.222, 22.16, 0, 41
2026/06/28 04:45:59.222, 22.04, 0, 41
2026/06/28 04:46:00.222, 11.60, 0, 43
2026/06/28 04:46:01.222, 13.44, 0, 262
2026/06/28 04:46:02.222, 21.22, 0, 324
2026/06/28 04:46:03.222, 20.65, 0, 324
2026/06/28 04:46:04.223, 20.60, 0, 324
2026/06/28 04:46:05.223, 20.78, 0, 2278
2026/06/28 04:46:06.223, 105.86, 52, 10516
2026/06/28 04:46:07.223, 129.23, 100, 10740
2026/06/28 04:46:08.223, 157.47, 100, 10740
2026/06/28 04:46:09.223, 158.34, 100, 10740
2026/06/28 04:46:10.224, 158.37, 100, 10740
2026/06/28 04:46:11.224, 157.68, 98, 10740
2026/06/28 04:46:12.224, 158.68, 100, 10740
2026/06/28 04:46:13.224, 157.99, 100, 10740
2026/06/28 04:46:14.224, 158.41, 100, 10740
2026/06/28 04:46:15.224, 158.73, 100, 10740
2026/06/28 04:46:16.225, 156.54, 98, 10740
2026/06/28 04:46:17.225, 159.15, 100, 10740
2026/06/28 04:46:18.225, 158.80, 100, 10740
2026/06/28 04:46:19.225, 159.19, 100, 10740
2026/06/28 04:46:20.225, 159.50, 100, 10740
2026/06/28 04:46:21.226, 159.20, 98, 10740
2026/06/28 04:46:22.226, 159.13, 100, 10740
2026/06/28 04:46:23.226, 159.62, 100, 10740
2026/06/28 04:46:24.226, 159.01, 100, 10740
2026/06/28 04:46:25.226, 159.77, 100, 10740
2026/06/28 04:46:26.226, 158.27, 100, 10740
2026/06/28 04:46:27.227, 159.90, 100, 10740
2026/06/28 04:46:28.227, 159.86, 100, 10740
2026/06/28 04:46:29.227, 159.17, 99, 10740
2026/06/28 04:46:30.227, 159.86, 100, 10740
2026/06/28 04:46:31.227, 159.61, 100, 10740
2026/06/28 04:46:32.228, 159.77, 100, 10740
2026/06/28 04:46:33.228, 160.07, 100, 10740
2026/06/28 04:46:34.228, 159.40, 98, 10740
2026/06/28 04:46:35.228, 160.70, 100, 10740
2026/06/28 04:46:36.228, 159.68, 100, 10740
2026/06/28 04:46:37.228, 159.07, 100, 10740
2026/06/28 04:46:38.229, 160.28, 100, 10740
2026/06/28 04:46:39.229, 159.39, 99, 10740
2026/06/28 04:46:40.229, 160.25, 100, 10740
2026/06/28 04:46:41.229, 160.05, 100, 10740
2026/06/28 04:46:42.229, 159.10, 100, 10740
2026/06/28 04:46:43.229, 160.20, 100, 10740
2026/06/28 04:46:44.230, 159.69, 98, 10740
2026/06/28 04:46:45.230, 160.72, 100, 10740
2026/06/28 04:46:46.230, 160.50, 100, 10740
2026/06/28 04:46:47.230, 159.64, 98, 10740
2026/06/28 04:46:48.230, 161.03, 100, 10740
2026/06/28 04:46:49.230, 160.22, 100, 10740
2026/06/28 04:46:50.231, 160.43, 100, 10740
2026/06/28 04:46:51.231, 160.49, 100, 10740
2026/06/28 04:46:52.239, 159.93, 98, 10740
2026/06/28 04:46:53.240, 160.40, 100, 10740
2026/06/28 04:46:54.240, 160.19, 100, 10740
2026/06/28 04:46:55.240, 160.37, 100, 10740
2026/06/28 04:46:56.240, 161.13, 100, 10740
2026/06/28 04:46:57.249, 160.40, 100, 10740
2026/06/28 04:46:58.249, 160.84, 100, 10740
2026/06/28 04:46:59.249, 160.63, 100, 10740
2026/06/28 04:47:00.249, 160.52, 100, 10740
2026/06/28 04:47:01.249, 160.82, 100, 10740
2026/06/28 04:47:02.250, 160.25, 100, 10740
2026/06/28 04:47:03.250, 160.84, 100, 10740
2026/06/28 04:47:04.250, 160.80, 100, 10740
2026/06/28 04:47:05.250, 159.62, 98, 10740
2026/06/28 04:47:06.250, 161.01, 100, 10740
2026/06/28 04:47:07.259, 160.26, 100, 10740
2026/06/28 04:47:08.259, 161.22, 100, 10740
2026/06/28 04:47:09.259, 160.90, 100, 10740
2026/06/28 04:47:10.260, 159.91, 98, 10740
2026/06/28 04:47:11.260, 161.12, 100, 10740
2026/06/28 04:47:12.268, 160.52, 100, 10740
2026/06/28 04:47:13.269, 160.80, 100, 10740
2026/06/28 04:47:14.269, 160.84, 100, 10740
2026/06/28 04:47:15.269, 160.20, 98, 10740
2026/06/28 04:47:16.269, 161.00, 100, 10740
2026/06/28 04:47:17.278, 160.64, 100, 10740
2026/06/28 04:47:18.278, 161.15, 100, 10740
2026/06/28 04:47:19.278, 161.07, 100, 10740
2026/06/28 04:47:20.278, 160.32, 98, 10740
2026/06/28 04:47:21.278, 161.25, 100, 10740
2026/06/28 04:47:22.287, 160.79, 100, 10740
2026/06/28 04:47:23.287, 161.06, 100, 10740
2026/06/28 04:47:24.287, 161.30, 100, 10740
2026/06/28 04:47:25.287, 160.22, 98, 10740
2026/06/28 04:47:26.288, 161.04, 100, 10740
2026/06/28 04:47:27.296, 160.95, 100, 10740
2026/06/28 04:47:28.296, 160.89, 100, 10740
2026/06/28 04:47:29.297, 161.30, 100, 10740
2026/06/28 04:47:30.297, 160.60, 100, 10740
2026/06/28 04:47:31.297, 161.67, 100, 10740
2026/06/28 04:47:32.297, 160.95, 100, 10740
2026/06/28 04:47:33.297, 161.03, 99, 10740
2026/06/28 04:47:34.298, 161.09, 100, 10740
2026/06/28 04:47:35.298, 160.59, 100, 10740
2026/06/28 04:47:36.298, 161.49, 100, 10740
2026/06/28 04:47:37.298, 161.09, 100, 10740
2026/06/28 04:47:38.298, 159.48, 98, 10740
2026/06/28 04:47:39.299, 161.41, 100, 10740
2026/06/28 04:47:40.299, 160.89, 100, 10740
2026/06/28 04:47:41.299, 161.26, 100, 10740
2026/06/28 04:47:42.299, 161.34, 100, 10740
2026/06/28 04:47:43.299, 160.67, 98, 10740
2026/06/28 04:47:44.300, 161.64, 100, 10740
2026/06/28 04:47:45.300, 161.11, 100, 10740
2026/06/28 04:47:46.300, 161.48, 100, 10740
2026/06/28 04:47:47.300, 161.02, 100, 10740
2026/06/28 04:47:48.301, 160.11, 98, 10740
2026/06/28 04:47:49.301, 161.91, 100, 10740
2026/06/28 04:47:50.301, 160.69, 100, 10740
2026/06/28 04:47:51.301, 161.33, 100, 10740
2026/06/28 04:47:52.301, 161.64, 100, 10740
2026/06/28 04:47:53.310, 160.79, 98, 10740
2026/06/28 04:47:54.310, 161.41, 100, 10740
2026/06/28 04:47:55.310, 161.24, 100, 10740
2026/06/28 04:47:56.310, 161.51, 100, 10740
2026/06/28 04:47:57.311, 161.50, 100, 10740
2026/06/28 04:47:58.311, 160.82, 100, 10740
2026/06/28 04:47:59.311, 161.69, 100, 10740
2026/06/28 04:48:00.311, 161.53, 100, 10740
2026/06/28 04:48:01.311, 161.18, 99, 10740
2026/06/28 04:48:02.312, 161.89, 100, 10740
2026/06/28 04:48:03.320, 160.94, 100, 10740
2026/06/28 04:48:04.320, 162.21, 100, 10740
2026/06/28 04:48:05.321, 161.56, 100, 10740
2026/06/28 04:48:06.321, 160.42, 98, 10740
2026/06/28 04:48:07.321, 161.43, 100, 10740
2026/06/28 04:48:08.321, 161.37, 100, 10740
2026/06/28 04:48:09.321, 161.83, 100, 10740
2026/06/28 04:48:10.322, 161.63, 100, 10740
2026/06/28 04:48:11.322, 160.93, 98, 10740
2026/06/28 04:48:12.322, 162.43, 100, 10740
2026/06/28 04:48:13.322, 161.29, 100, 10740
2026/06/28 04:48:14.322, 161.79, 100, 10740
2026/06/28 04:48:15.323, 162.29, 100, 10740
2026/06/28 04:48:16.323, 161.16, 98, 10740
2026/06/28 04:48:17.323, 162.13, 100, 10740
2026/06/28 04:48:18.332, 161.60, 100, 10740
2026/06/28 04:48:19.332, 161.73, 100, 10740
2026/06/28 04:48:20.332, 162.00, 100, 10740
2026/06/28 04:48:21.332, 160.96, 98, 10740
2026/06/28 04:48:22.333, 161.93, 100, 10740
2026/06/28 04:48:23.333, 161.67, 100, 10740
2026/06/28 04:48:24.333, 161.55, 100, 10740
2026/06/28 04:48:25.333, 161.91, 100, 10740
2026/06/28 04:48:26.333, 161.16, 100, 10740
2026/06/28 04:48:27.333, 161.82, 100, 10740
2026/06/28 04:48:28.342, 161.66, 100, 10740
2026/06/28 04:48:29.342, 161.09, 98, 10740
2026/06/28 04:48:30.342, 162.00, 100, 10740
2026/06/28 04:48:31.343, 161.20, 100, 10740
2026/06/28 04:48:32.343, 161.60, 100, 10740
2026/06/28 04:48:33.343, 161.71, 100, 10740
2026/06/28 04:48:34.343, 160.46, 98, 10740
2026/06/28 04:48:35.343, 162.27, 100, 10740
2026/06/28 04:48:36.344, 160.97, 100, 10740
2026/06/28 04:48:37.344, 161.58, 100, 10740
2026/06/28 04:48:38.352, 161.49, 100, 10740
2026/06/28 04:48:39.353, 161.09, 98, 10740
2026/06/28 04:48:40.353, 161.80, 100, 10740
2026/06/28 04:48:41.353, 161.52, 100, 10740
2026/06/28 04:48:42.353, 161.90, 100, 10740
2026/06/28 04:48:43.362, 161.71, 100, 10740
2026/06/28 04:48:44.362, 161.07, 98, 10740
2026/06/28 04:48:45.362, 162.30, 100, 10740
2026/06/28 04:48:46.362, 161.49, 100, 10740
2026/06/28 04:48:47.362, 161.89, 100, 10740
2026/06/28 04:48:48.371, 162.11, 100, 10740
2026/06/28 04:48:49.371, 161.24, 99, 10740
2026/06/28 04:48:50.371, 162.08, 100, 10740
2026/06/28 04:48:51.372, 161.57, 100, 10740
2026/06/28 04:48:52.372, 161.68, 100, 10740
2026/06/28 04:48:53.372, 162.24, 100, 10740
2026/06/28 04:48:54.372, 161.62, 100, 10740
2026/06/28 04:48:55.372, 162.21, 100, 10740
2026/06/28 04:48:56.372, 161.72, 100, 10740
2026/06/28 04:48:57.373, 160.92, 98, 10740
2026/06/28 04:48:58.381, 162.71, 100, 10740
2026/06/28 04:48:59.382, 161.37, 100, 10740
2026/06/28 04:49:00.382, 162.24, 100, 10740
2026/06/28 04:49:01.382, 162.03, 100, 10740
2026/06/28 04:49:02.382, 161.11, 98, 10740
2026/06/28 04:49:03.382, 162.11, 100, 10740
2026/06/28 04:49:04.382, 161.58, 100, 10740
2026/06/28 04:49:05.383, 162.26, 100, 10740
2026/06/28 04:49:06.383, 162.13, 100, 10740
2026/06/28 04:49:07.383, 161.46, 98, 10740
2026/06/28 04:49:08.383, 162.48, 100, 10740
2026/06/28 04:49:09.384, 161.53, 100, 10740
2026/06/28 04:49:10.384, 161.50, 100, 10740
2026/06/28 04:49:11.384, 161.54, 100, 10740
2026/06/28 04:49:12.384, 161.01, 98, 10740
2026/06/28 04:49:13.384, 162.26, 100, 10740
2026/06/28 04:49:14.385, 160.23, 100, 10740
2026/06/28 04:49:15.385, 161.86, 100, 10740
2026/06/28 04:49:16.385, 162.02, 100, 10740
2026/06/28 04:49:17.385, 161.30, 99, 10740
2026/06/28 04:49:18.385, 162.24, 100, 10740
2026/06/28 04:49:19.386, 161.80, 100, 10740
2026/06/28 04:49:20.386, 161.99, 100, 10740
2026/06/28 04:49:21.386, 162.05, 100, 10740
2026/06/28 04:49:22.386, 161.22, 100, 10740
2026/06/28 04:49:23.386, 161.96, 100, 10740
2026/06/28 04:49:24.386, 161.78, 100, 10740
2026/06/28 04:49:25.387, 161.04, 98, 10740
2026/06/28 04:49:26.387, 161.87, 100, 10740
2026/06/28 04:49:27.387, 161.26, 100, 10740
2026/06/28 04:49:28.387, 162.23, 100, 10740
2026/06/28 04:49:29.387, 161.76, 100, 10740
2026/06/28 04:49:30.388, 161.18, 98, 10740
2026/06/28 04:49:31.396, 161.92, 100, 10740
2026/06/28 04:49:32.396, 161.07, 98, 10740
2026/06/28 04:49:33.397, 161.90, 100, 10740
2026/06/28 04:49:34.397, 161.40, 100, 10740
2026/06/28 04:49:35.397, 161.93, 100, 10740
2026/06/28 04:49:36.397, 162.01, 100, 10740
2026/06/28 04:49:37.397, 160.91, 98, 10740
2026/06/28 04:49:38.398, 161.59, 100, 10740
2026/06/28 04:49:39.398, 161.26, 100, 10740
2026/06/28 04:49:40.398, 161.69, 100, 10740
2026/06/28 04:49:41.407, 161.91, 100, 10740
2026/06/28 04:49:42.407, 161.07, 99, 10740
2026/06/28 04:49:43.407, 162.04, 100, 10740
2026/06/28 04:49:44.407, 161.66, 100, 10740
2026/06/28 04:49:45.407, 161.49, 100, 10740
2026/06/28 04:49:46.408, 161.72, 100, 10740
2026/06/28 04:49:47.408, 160.90, 100, 10740
2026/06/28 04:49:48.408, 162.25, 100, 10740
2026/06/28 04:49:49.408, 161.56, 100, 10740
2026/06/28 04:49:50.408, 160.74, 98, 10740
2026/06/28 04:49:51.417, 162.14, 100, 10740
2026/06/28 04:49:52.417, 161.26, 100, 10740
2026/06/28 04:49:53.417, 162.18, 100, 10740
2026/06/28 04:49:54.418, 161.55, 100, 10740
2026/06/28 04:49:55.418, 160.90, 98, 10740
2026/06/28 04:49:56.426, 161.32, 100, 10740
2026/06/28 04:49:57.427, 161.10, 100, 10740
2026/06/28 04:49:58.427, 161.96, 100, 10740
2026/06/28 04:49:59.427, 162.01, 100, 10740
2026/06/28 04:50:00.427, 160.88, 98, 10740
2026/06/28 04:50:01.436, 162.30, 100, 10740
2026/06/28 04:50:02.436, 161.38, 100, 10740
2026/06/28 04:50:03.436, 161.62, 100, 10740
2026/06/28 04:50:04.436, 161.58, 100, 10740
2026/06/28 04:50:05.436, 160.60, 98, 10740
2026/06/28 04:50:06.437, 161.99, 100, 10740
2026/06/28 04:50:07.437, 160.23, 100, 10740
2026/06/28 04:50:08.437, 161.36, 100, 10740
2026/06/28 04:50:09.437, 161.67, 100, 10740
2026/06/28 04:50:10.437, 160.94, 98, 10740
2026/06/28 04:50:11.438, 161.85, 100, 10740
2026/06/28 04:50:12.438, 161.52, 100, 10740
2026/06/28 04:50:13.446, 161.32, 100, 10740
2026/06/28 04:50:14.446, 161.82, 100, 10740
2026/06/28 04:50:15.447, 161.15, 100, 10740
2026/06/28 04:50:16.447, 162.26, 100, 10740
2026/06/28 04:50:17.447, 162.14, 100, 10740
2026/06/28 04:50:18.447, 161.09, 98, 10740
2026/06/28 04:50:19.447, 162.40, 100, 10740
2026/06/28 04:50:20.448, 161.24, 100, 10740
2026/06/28 04:50:21.448, 162.17, 100, 10740
2026/06/28 04:50:22.448, 161.69, 100, 10740
2026/06/28 04:50:23.457, 160.62, 98, 10740
2026/06/28 04:50:24.457, 162.19, 100, 10740
2026/06/28 04:50:25.457, 161.32, 100, 10740
2026/06/28 04:50:26.457, 161.86, 100, 10740
2026/06/28 04:50:27.457, 161.71, 100, 10740
2026/06/28 04:50:28.457, 161.26, 98, 10740
2026/06/28 04:50:29.458, 161.92, 100, 10740
2026/06/28 04:50:30.458, 161.06, 100, 10740
2026/06/28 04:50:31.458, 161.00, 100, 10740
2026/06/28 04:50:32.458, 161.74, 100, 10740
2026/06/28 04:50:33.459, 160.97, 98, 10740
2026/06/28 04:50:34.459, 161.88, 100, 10740
2026/06/28 04:50:35.459, 161.27, 100, 10740
2026/06/28 04:50:36.459, 161.32, 100, 10740
2026/06/28 04:50:37.459, 161.76, 100, 10740
2026/06/28 04:50:38.468, 160.61, 100, 10740
2026/06/28 04:50:39.468, 161.64, 100, 10740
2026/06/28 04:50:40.468, 161.58, 100, 10740
2026/06/28 04:50:41.469, 161.43, 99, 10740
2026/06/28 04:50:42.469, 161.34, 100, 10740
2026/06/28 04:50:43.469, 161.22, 100, 10740
2026/06/28 04:50:44.469, 161.47, 100, 10740
2026/06/28 04:50:45.469, 161.65, 100, 10740
2026/06/28 04:50:46.470, 160.38, 99, 10740
2026/06/28 04:50:47.470, 161.51, 100, 10740
2026/06/28 04:50:48.470, 159.70, 100, 10740
2026/06/28 04:50:49.470, 161.78, 100, 10740
2026/06/28 04:50:50.470, 161.70, 100, 10740
2026/06/28 04:50:51.470, 160.43, 98, 10740
2026/06/28 04:50:52.471, 161.53, 100, 10740
2026/06/28 04:50:53.471, 161.00, 100, 10740
2026/06/28 04:50:54.471, 161.65, 100, 10740
2026/06/28 04:50:55.471, 161.64, 100, 10740
2026/06/28 04:50:56.471, 161.01, 97, 10740
2026/06/28 04:50:57.472, 162.15, 100, 10740
2026/06/28 04:50:58.472, 161.34, 100, 10740
2026/06/28 04:50:59.472, 161.32, 100, 10740
2026/06/28 04:51:00.472, 161.52, 100, 10740
2026/06/28 04:51:01.472, 160.91, 99, 10740
2026/06/28 04:51:02.473, 161.67, 100, 10740
2026/06/28 04:51:03.473, 161.44, 100, 10740
2026/06/28 04:51:04.481, 161.46, 100, 10740
2026/06/28 04:51:05.482, 161.74, 100, 10740
2026/06/28 04:51:06.482, 160.60, 100, 10740
2026/06/28 04:51:07.482, 162.15, 100, 10740
2026/06/28 04:51:08.482, 161.22, 100, 10740
2026/06/28 04:51:09.482, 161.55, 100, 10740
2026/06/28 04:51:10.483, 161.71, 100, 10740
2026/06/28 04:51:11.483, 161.24, 100, 10740
2026/06/28 04:51:12.483, 161.51, 100, 10740
2026/06/28 04:51:13.483, 161.28, 100, 10740
2026/06/28 04:51:14.483, 160.58, 98, 10740
2026/06/28 04:51:15.484, 161.89, 100, 10740
2026/06/28 04:51:16.484, 160.91, 100, 10740
2026/06/28 04:51:17.484, 91.45, 0, 10740
2026/06/28 04:51:18.484, 37.31, 0, 10740
2026/06/28 04:51:19.484, 88.93, 100, 10740
2026/06/28 04:51:20.484, 162.22, 99, 10740
2026/06/28 04:51:21.485, 162.66, 100, 10740
2026/06/28 04:51:22.485, 163.00, 100, 10740
2026/06/28 04:51:23.485, 163.00, 100, 10740
2026/06/28 04:51:24.494, 163.03, 100, 10740
2026/06/28 04:51:25.494, 162.64, 100, 10740
2026/06/28 04:51:26.494, 163.02, 100, 10740
2026/06/28 04:51:27.494, 163.18, 100, 10740
2026/06/28 04:51:28.494, 163.20, 100, 10740
2026/06/28 04:51:29.495, 163.08, 100, 10740
2026/06/28 04:51:30.495, 163.25, 100, 10740
2026/06/28 04:51:31.495, 163.35, 100, 10740
2026/06/28 04:51:32.495, 163.20, 100, 10740
2026/06/28 04:51:33.495, 163.36, 100, 10740
2026/06/28 04:51:34.504, 163.37, 99, 10740
2026/06/28 04:51:35.504, 163.08, 100, 10740
2026/06/28 04:51:36.504, 163.11, 99, 10740
2026/06/28 04:51:37.504, 163.41, 100, 10740
2026/06/28 04:51:38.505, 163.18, 99, 10740
2026/06/28 04:51:39.513, 163.02, 100, 10740
2026/06/28 04:51:40.513, 163.31, 100, 10740
2026/06/28 04:51:41.514, 163.61, 100, 10740
2026/06/28 04:51:42.514, 163.53, 99, 10740
2026/06/28 04:51:43.514, 163.33, 100, 10740
2026/06/28 04:51:44.523, 162.93, 99, 10740
2026/06/28 04:51:45.523, 163.22, 100, 10740
2026/06/28 04:51:46.523, 163.04, 100, 10740
2026/06/28 04:51:47.523, 163.49, 100, 10740
2026/06/28 04:51:48.523, 163.14, 100, 10740
2026/06/28 04:51:49.532, 163.11, 100, 10740
2026/06/28 04:51:50.532, 163.15, 99, 10740
2026/06/28 04:51:51.532, 163.22, 100, 10740
2026/06/28 04:51:52.532, 163.24, 100, 10740
2026/06/28 04:51:53.533, 163.33, 100, 10740
2026/06/28 04:51:54.541, 163.50, 100, 10740
2026/06/28 04:51:55.541, 163.36, 100, 10740
2026/06/28 04:51:56.542, 163.37, 100, 10740
2026/06/28 04:51:57.542, 163.43, 100, 10740
2026/06/28 04:51:58.542, 163.32, 100, 10740
2026/06/28 04:51:59.542, 163.35, 100, 10740
2026/06/28 04:52:00.542, 163.14, 99, 10740
2026/06/28 04:52:01.542, 163.14, 100, 10740
2026/06/28 04:52:02.543, 163.15, 100, 10740
2026/06/28 04:52:03.543, 163.26, 100, 10740
2026/06/28 04:52:04.551, 163.20, 100, 10740
2026/06/28 04:52:05.552, 163.40, 100, 10740
2026/06/28 04:52:06.552, 163.36, 100, 10740
2026/06/28 04:52:07.552, 163.12, 100, 10740
2026/06/28 04:52:08.552, 163.43, 100, 10740
2026/06/28 04:52:09.561, 163.26, 100, 10740
2026/06/28 04:52:10.561, 152.82, 100, 10740
2026/06/28 04:52:11.561, 160.47, 98, 10740
2026/06/28 04:52:12.561, 161.43, 100, 10740
2026/06/28 04:52:13.561, 160.81, 100, 10740
2026/06/28 04:52:14.562, 160.97, 100, 10740
2026/06/28 04:52:15.562, 161.39, 100, 10740
2026/06/28 04:52:16.562, 160.49, 98, 10740
2026/06/28 04:52:17.562, 161.18, 100, 10740
2026/06/28 04:52:18.562, 160.74, 100, 10740
2026/06/28 04:52:19.562, 160.72, 100, 10740
2026/06/28 04:52:20.563, 161.06, 100, 10740
2026/06/28 04:52:21.563, 160.64, 100, 10740
2026/06/28 04:52:22.563, 161.43, 100, 10740
2026/06/28 04:52:23.563, 160.79, 100, 10740
2026/06/28 04:52:24.563, 160.72, 100, 10740
2026/06/28 04:52:25.563, 160.08, 100, 10740
2026/06/28 04:52:26.564, 160.52, 100, 10740
2026/06/28 04:52:27.564, 161.21, 100, 10740
2026/06/28 04:52:28.564, 161.30, 100, 10740
2026/06/28 04:52:29.564, 160.56, 98, 10740
2026/06/28 04:52:30.564, 161.94, 100, 10740
2026/06/28 04:52:31.565, 160.64, 100, 10740
2026/06/28 04:52:32.565, 161.68, 100, 10740
2026/06/28 04:52:33.565, 161.20, 100, 10740
2026/06/28 04:52:34.565, 160.68, 98, 10740
2026/06/28 04:52:35.565, 160.36, 100, 10740
2026/06/28 04:52:36.566, 160.81, 100, 10740
2026/06/28 04:52:37.566, 161.56, 100, 10740
2026/06/28 04:52:38.566, 161.14, 100, 10740
2026/06/28 04:52:39.566, 160.27, 98, 10740
2026/06/28 04:52:40.566, 161.17, 100, 10740
2026/06/28 04:52:41.567, 160.87, 100, 10740
2026/06/28 04:52:42.567, 161.84, 100, 10740
2026/06/28 04:52:43.567, 161.40, 100, 10740
2026/06/28 04:52:44.567, 160.46, 98, 10740
2026/06/28 04:52:45.567, 161.50, 100, 10740
2026/06/28 04:52:46.568, 160.67, 100, 10740
2026/06/28 04:52:47.568, 161.15, 100, 10740
2026/06/28 04:52:48.568, 161.71, 100, 10740
2026/06/28 04:52:49.568, 160.90, 98, 10740
2026/06/28 04:52:50.568, 161.43, 100, 10740
2026/06/28 04:52:51.569, 160.92, 100, 10740
2026/06/28 04:52:52.569, 161.38, 100, 10740
2026/06/28 04:52:53.569, 161.23, 100, 10740
2026/06/28 04:52:54.569, 160.54, 100, 10740
2026/06/28 04:52:55.569, 161.56, 100, 10740
2026/06/28 04:52:56.578, 161.18, 100, 10740
2026/06/28 04:52:57.578, 160.69, 98, 10740
2026/06/28 04:52:58.578, 161.58, 100, 10740
2026/06/28 04:52:59.579, 160.71, 100, 10740
2026/06/28 04:53:00.579, 161.69, 100, 10740
2026/06/28 04:53:01.587, 161.15, 100, 10740
2026/06/28 04:53:02.587, 160.34, 98, 10740
2026/06/28 04:53:03.588, 161.29, 100, 10740
2026/06/28 04:53:04.588, 160.76, 100, 10740
2026/06/28 04:53:05.588, 161.58, 100, 10740
2026/06/28 04:53:06.588, 161.32, 100, 10740
2026/06/28 04:53:07.588, 160.31, 98, 10740
2026/06/28 04:53:08.589, 161.47, 100, 10740
2026/06/28 04:53:09.589, 160.95, 100, 10740
2026/06/28 04:53:10.589, 161.12, 100, 10740
2026/06/28 04:53:11.598, 160.92, 100, 10740
2026/06/28 04:53:12.598, 160.77, 98, 10740
2026/06/28 04:53:13.598, 161.08, 100, 10740
2026/06/28 04:53:14.598, 160.94, 100, 10740
2026/06/28 04:53:15.598, 160.90, 100, 10740
2026/06/28 04:53:16.599, 161.03, 100, 10740
2026/06/28 04:53:17.599, 160.57, 98, 10740
2026/06/28 04:53:18.599, 161.56, 100, 10740
2026/06/28 04:53:19.599, 161.41, 100, 10740
2026/06/28 04:53:20.599, 161.33, 100, 10740
2026/06/28 04:53:21.608, 161.58, 100, 10740
2026/06/28 04:53:22.608, 160.71, 100, 10740
2026/06/28 04:53:23.608, 161.71, 100, 10740
2026/06/28 04:53:24.609, 161.55, 100, 10740
2026/06/28 04:53:25.609, 160.59, 98, 10740
2026/06/28 04:53:26.609, 161.89, 100, 10740
2026/06/28 04:53:27.609, 160.50, 100, 10740
2026/06/28 04:53:28.609, 161.57, 100, 10740
2026/06/28 04:53:29.610, 161.08, 100, 10740
2026/06/28 04:53:30.610, 160.12, 98, 10740
2026/06/28 04:53:31.610, 161.83, 100, 10740
2026/06/28 04:53:32.610, 160.78, 100, 10740
2026/06/28 04:53:33.610, 161.31, 100, 10740
2026/06/28 04:53:34.611, 161.13, 100, 10740
2026/06/28 04:53:35.611, 160.33, 98, 10740
2026/06/28 04:53:36.611, 161.31, 100, 10740
2026/06/28 04:53:37.611, 160.87, 100, 10740
2026/06/28 04:53:38.611, 161.04, 100, 10740
2026/06/28 04:53:39.611, 161.27, 100, 10740
2026/06/28 04:53:40.612, 160.79, 98, 10740
2026/06/28 04:53:41.612, 161.80, 100, 10740
2026/06/28 04:53:42.612, 160.96, 100, 10740
2026/06/28 04:53:43.612, 161.36, 100, 10740
2026/06/28 04:53:44.612, 161.49, 100, 10740
2026/06/28 04:53:45.613, 160.47, 99, 10740
2026/06/28 04:53:46.621, 161.40, 100, 10740
2026/06/28 04:53:47.621, 160.90, 100, 10740
2026/06/28 04:53:48.621, 160.92, 100, 10740
2026/06/28 04:53:49.622, 161.22, 100, 10740
2026/06/28 04:53:50.622, 160.38, 100, 10740
2026/06/28 04:53:51.622, 161.34, 100, 10740
2026/06/28 04:53:52.622, 160.78, 100, 10740
2026/06/28 04:53:53.622, 160.32, 98, 10740
2026/06/28 04:53:54.623, 161.78, 100, 10740
2026/06/28 04:53:55.623, 160.39, 100, 10740
2026/06/28 04:53:56.623, 161.25, 100, 10740
2026/06/28 04:53:57.623, 159.74, 100, 10740
2026/06/28 04:53:58.623, 160.05, 98, 10740
2026/06/28 04:53:59.623, 161.25, 100, 10740
2026/06/28 04:54:00.624, 160.67, 100, 10740
2026/06/28 04:54:01.624, 161.40, 100, 10740
2026/06/28 04:54:02.624, 161.36, 100, 10740
2026/06/28 04:54:03.624, 160.87, 98, 10740
2026/06/28 04:54:04.624, 162.19, 100, 10740
2026/06/28 04:54:05.625, 161.14, 100, 10740
2026/06/28 04:54:06.625, 161.38, 100, 10740
2026/06/28 04:54:07.625, 161.21, 100, 10740
2026/06/28 04:54:08.625, 160.49, 98, 10740
2026/06/28 04:54:09.625, 161.85, 100, 10740
2026/06/28 04:54:10.626, 160.96, 100, 10740
2026/06/28 04:54:11.626, 161.32, 100, 10740
2026/06/28 04:54:12.626, 161.35, 100, 10740
2026/06/28 04:54:13.626, 160.64, 99, 10740
2026/06/28 04:54:14.626, 161.42, 100, 10740
2026/06/28 04:54:15.627, 161.03, 100, 10740
2026/06/28 04:54:16.627, 160.83, 100, 10740
2026/06/28 04:54:17.627, 161.26, 100, 10740
2026/06/28 04:54:18.627, 160.41, 100, 10740
2026/06/28 04:54:19.627, 161.34, 100, 10740
2026/06/28 04:54:20.627, 161.33, 100, 10740
2026/06/28 04:54:21.628, 160.80, 98, 10740
2026/06/28 04:54:22.628, 162.26, 100, 10740
2026/06/28 04:54:23.628, 160.71, 100, 10740
2026/06/28 04:54:24.628, 161.31, 100, 10740
2026/06/28 04:54:25.628, 160.95, 100, 10740
2026/06/28 04:54:26.629, 160.09, 98, 10740
2026/06/28 04:54:27.629, 161.34, 100, 10740
2026/06/28 04:54:28.629, 161.10, 100, 10740
2026/06/28 04:54:29.629, 161.76, 100, 10740
2026/06/28 04:54:30.629, 161.72, 100, 10740
2026/06/28 04:54:31.638, 160.50, 98, 10740
2026/06/28 04:54:32.638, 161.86, 100, 10740
2026/06/28 04:54:33.638, 160.93, 100, 10740
2026/06/28 04:54:34.638, 161.37, 100, 10740
2026/06/28 04:54:35.639, 161.25, 100, 10740
2026/06/28 04:54:36.647, 160.43, 98, 10740
2026/06/28 04:54:37.647, 161.49, 100, 10740
2026/06/28 04:54:38.648, 161.06, 100, 10740
2026/06/28 04:54:39.648, 160.92, 100, 10740
2026/06/28 04:54:40.648, 161.18, 100, 10740
2026/06/28 04:54:41.648, 160.60, 100, 10740
2026/06/28 04:54:42.648, 161.60, 100, 10740
2026/06/28 04:54:43.648, 161.21, 100, 10740
2026/06/28 04:54:44.649, 160.87, 98, 10740
2026/06/28 04:54:45.649, 161.32, 100, 10740
2026/06/28 04:54:46.657, 160.60, 100, 10740
2026/06/28 04:54:47.658, 161.30, 100, 10740
2026/06/28 04:54:48.658, 160.98, 100, 10740
2026/06/28 04:54:49.658, 160.20, 99, 10740
2026/06/28 04:54:50.658, 161.84, 100, 10740
2026/06/28 04:54:51.658, 160.72, 100, 10740
2026/06/28 04:54:52.658, 161.52, 100, 10740
2026/06/28 04:54:53.659, 161.10, 100, 10740
2026/06/28 04:54:54.659, 160.89, 98, 10740
2026/06/28 04:54:55.659, 162.02, 100, 10740
2026/06/28 04:54:56.668, 160.86, 100, 10740
2026/06/28 04:54:57.668, 161.25, 100, 10740
2026/06/28 04:54:58.668, 161.31, 100, 10740
2026/06/28 04:54:59.668, 160.97, 98, 10740
2026/06/28 04:55:00.669, 161.43, 100, 10740
2026/06/28 04:55:01.677, 161.10, 100, 10740
2026/06/28 04:55:02.677, 160.97, 100, 10740
2026/06/28 04:55:03.678, 161.39, 100, 10740
2026/06/28 04:55:04.678, 160.61, 98, 10740
2026/06/28 04:55:05.678, 161.37, 100, 10740
2026/06/28 04:55:06.678, 160.70, 100, 10740
2026/06/28 04:55:07.678, 160.69, 100, 10740
2026/06/28 04:55:08.678, 161.21, 100, 10740
2026/06/28 04:55:09.679, 160.27, 100, 10740
2026/06/28 04:55:10.679, 161.65, 100, 10740
2026/06/28 04:55:11.679, 161.29, 100, 10740
2026/06/28 04:55:12.679, 160.90, 98, 10740
2026/06/28 04:55:13.679, 161.80, 100, 10740
2026/06/28 04:55:14.680, 160.65, 100, 10740
2026/06/28 04:55:15.680, 161.23, 100, 10740
2026/06/28 04:55:16.680, 160.88, 100, 10740
2026/06/28 04:55:17.680, 159.91, 98, 10740
2026/06/28 04:55:18.680, 161.34, 100, 10740
2026/06/28 04:55:19.681, 160.92, 100, 10740
2026/06/28 04:55:20.681, 161.27, 100, 10740
2026/06/28 04:55:21.681, 161.29, 100, 10740
2026/06/28 04:55:22.681, 160.70, 99, 10740
2026/06/28 04:55:23.681, 161.42, 100, 10740
2026/06/28 04:55:24.682, 160.98, 100, 10740
2026/06/28 04:55:25.682, 161.40, 100, 10740
2026/06/28 04:55:26.682, 161.43, 100, 10740
2026/06/28 04:55:27.682, 159.04, 89, 10740
2026/06/28 04:55:28.682, 159.97, 100, 10740
2026/06/28 04:55:29.683, 161.10, 100, 10740
2026/06/28 04:55:30.683, 161.32, 100, 10740
2026/06/28 04:55:31.683, 161.10, 100, 10740
2026/06/28 04:55:32.683, 160.48, 98, 10740
2026/06/28 04:55:33.683, 161.39, 100, 10740
2026/06/28 04:55:34.684, 160.73, 100, 10740
2026/06/28 04:55:35.684, 161.13, 100, 10740
2026/06/28 04:55:36.684, 161.53, 100, 10740
2026/06/28 04:55:37.684, 160.81, 100, 10740
2026/06/28 04:55:38.684, 161.90, 100, 10740
2026/06/28 04:55:39.684, 161.30, 100, 10740
2026/06/28 04:55:40.685, 160.59, 98, 10740
2026/06/28 04:55:41.685, 161.31, 100, 10740
2026/06/28 04:55:42.685, 160.68, 100, 10740
2026/06/28 04:55:43.685, 161.48, 100, 10740
2026/06/28 04:55:44.685, 160.11, 100, 10740
2026/06/28 04:55:45.686, 160.63, 98, 10740
2026/06/28 04:55:46.686, 161.64, 100, 10740
2026/06/28 04:55:47.686, 160.34, 100, 10740
2026/06/28 04:55:48.686, 161.22, 100, 10740
2026/06/28 04:55:49.686, 161.29, 100, 10740
2026/06/28 04:55:50.687, 160.41, 98, 10740
2026/06/28 04:55:51.687, 161.18, 100, 10740
2026/06/28 04:55:52.687, 160.58, 100, 10740
2026/06/28 04:55:53.687, 161.26, 100, 10740
2026/06/28 04:55:54.696, 161.19, 100, 10740
2026/06/28 04:55:55.696, 160.30, 98, 10740
2026/06/28 04:55:56.696, 161.25, 100, 10740
2026/06/28 04:55:57.696, 160.87, 100, 10740
2026/06/28 04:55:58.696, 161.15, 100, 10740
2026/06/28 04:55:59.705, 161.09, 100, 10740
2026/06/28 04:56:00.705, 160.48, 98, 10740
2026/06/28 04:56:01.705, 161.49, 100, 10740
2026/06/28 04:56:02.706, 160.76, 100, 10740
2026/06/28 04:56:03.706, 161.09, 100, 10740
2026/06/28 04:56:04.706, 161.13, 100, 10740
2026/06/28 04:56:05.706, 160.54, 100, 10740
2026/06/28 04:56:06.706, 161.68, 100, 10740
2026/06/28 04:56:07.707, 161.05, 100, 10740
2026/06/28 04:56:08.707, 160.96, 98, 10740
2026/06/28 04:56:09.707, 161.34, 100, 10740
2026/06/28 04:56:10.707, 160.76, 100, 10740
2026/06/28 04:56:11.707, 161.86, 100, 10740
2026/06/28 04:56:12.708, 161.39, 100, 10740
2026/06/28 04:56:13.708, 160.44, 98, 10740
2026/06/28 04:56:14.716, 161.31, 100, 10740
2026/06/28 04:56:15.717, 160.77, 100, 10740
2026/06/28 04:56:16.717, 161.20, 100, 10740
2026/06/28 04:56:17.717, 160.82, 100, 10740
2026/06/28 04:56:18.717, 159.93, 98, 10740
2026/06/28 04:56:19.726, 160.97, 100, 10740
2026/06/28 04:56:20.726, 160.68, 100, 10740
2026/06/28 04:56:21.726, 160.98, 100, 10740
2026/06/28 04:56:22.726, 161.13, 100, 10740
2026/06/28 04:56:23.726, 160.55, 99, 10740
2026/06/28 04:56:24.727, 160.93, 100, 10740
2026/06/28 04:56:25.727, 160.72, 100, 10740
2026/06/28 04:56:26.727, 161.12, 100, 10740
2026/06/28 04:56:27.727, 161.20, 100, 10740
2026/06/28 04:56:28.728, 160.58, 98, 10740
2026/06/28 04:56:29.728, 161.45, 100, 10740
2026/06/28 04:56:30.728, 160.76, 100, 10740
2026/06/28 04:56:31.728, 160.58, 100, 10740
2026/06/28 04:56:32.728, 161.31, 100, 10740
2026/06/28 04:56:33.729, 160.55, 100, 10740
2026/06/28 04:56:34.737, 161.66, 100, 10740
2026/06/28 04:56:35.737, 160.90, 100, 10740
2026/06/28 04:56:36.738, 160.31, 98, 10740
2026/06/28 04:56:37.738, 161.48, 100, 10740
2026/06/28 04:56:38.738, 160.39, 100, 10740
2026/06/28 04:56:39.738, 161.44, 100, 10740
2026/06/28 04:56:40.738, 161.07, 100, 10740
2026/06/28 04:56:41.739, 160.38, 98, 10740
2026/06/28 04:56:42.739, 161.21, 100, 10740
2026/06/28 04:56:43.739, 160.75, 100, 10740
2026/06/28 04:56:44.739, 161.06, 100, 10740
2026/06/28 04:56:45.739, 161.46, 100, 10740
2026/06/28 04:56:46.740, 160.41, 98, 10740
2026/06/28 04:56:47.740, 161.09, 100, 10740
2026/06/28 04:56:48.740, 160.98, 100, 10740
2026/06/28 04:56:49.740, 161.35, 100, 10740
2026/06/28 04:56:50.740, 161.41, 100, 10740
2026/06/28 04:56:51.741, 160.69, 98, 10740
2026/06/28 04:56:52.741, 161.53, 100, 10740
2026/06/28 04:56:53.741, 161.26, 100, 10740
2026/06/28 04:56:54.743, 160.65, 100, 10740
2026/06/28 04:56:55.744, 161.17, 100, 10740
2026/06/28 04:56:56.744, 160.52, 100, 10740
2026/06/28 04:56:57.744, 161.84, 100, 10740
2026/06/28 04:56:58.744, 161.12, 100, 10740
2026/06/28 04:56:59.746, 160.49, 98, 10740
2026/06/28 04:57:00.746, 162.08, 100, 10740
2026/06/28 04:57:01.746, 160.72, 100, 10740
2026/06/28 04:57:02.747, 161.64, 100, 10740
2026/06/28 04:57:03.747, 161.19, 100, 10740
2026/06/28 04:57:04.747, 160.13, 98, 10740
2026/06/28 04:57:05.747, 161.90, 100, 10740
2026/06/28 04:57:06.747, 160.63, 100, 10740
2026/06/28 04:57:07.748, 161.02, 100, 10740
2026/06/28 04:57:08.748, 161.23, 100, 10740
2026/06/28 04:57:09.748, 159.81, 97, 10740
2026/06/28 04:57:10.748, 161.76, 100, 10740
2026/06/28 04:57:11.748, 160.45, 100, 10740
2026/06/28 04:57:12.749, 161.28, 100, 10740
2026/06/28 04:57:13.749, 161.14, 100, 10740
2026/06/28 04:57:14.749, 160.07, 97, 10740
2026/06/28 04:57:15.749, 161.42, 100, 10740
2026/06/28 04:57:16.749, 160.60, 100, 10740
2026/06/28 04:57:17.749, 161.42, 100, 10740
2026/06/28 04:57:18.750, 161.09, 100, 10740
2026/06/28 04:57:19.750, 160.49, 98, 10740
2026/06/28 04:57:20.750, 161.71, 100, 10740
2026/06/28 04:57:21.759, 159.95, 100, 10740
2026/06/28 04:57:22.759, 163.33, 99, 10740
2026/06/28 04:57:23.759, 163.58, 100, 10740
2026/06/28 04:57:24.759, 163.48, 99, 10740
2026/06/28 04:57:25.759, 163.63, 100, 10740
2026/06/28 04:57:26.768, 163.64, 100, 10740
2026/06/28 04:57:27.768, 163.58, 100, 10740
2026/06/28 04:57:28.768, 163.24, 99, 10740
2026/06/28 04:57:29.768, 163.59, 100, 10740
2026/06/28 04:57:30.769, 163.67, 100, 10740
2026/06/28 04:57:31.769, 163.75, 100, 10740
2026/06/28 04:57:32.769, 163.57, 100, 10740
2026/06/28 04:57:33.769, 163.65, 100, 10740
2026/06/28 04:57:34.769, 163.53, 100, 10740
2026/06/28 04:57:35.770, 163.51, 100, 10740
2026/06/28 04:57:36.770, 163.73, 100, 10740
2026/06/28 04:57:37.770, 163.67, 100, 10740
2026/06/28 04:57:38.770, 163.73, 100, 10740
2026/06/28 04:57:39.770, 163.85, 100, 10740
2026/06/28 04:57:40.770, 163.55, 100, 10740
2026/06/28 04:57:41.771, 163.16, 100, 10740
2026/06/28 04:57:42.771, 163.52, 100, 10740
2026/06/28 04:57:43.771, 163.48, 100, 10740
2026/06/28 04:57:44.771, 163.38, 100, 10740
2026/06/28 04:57:45.771, 163.36, 100, 10740
2026/06/28 04:57:46.772, 163.53, 100, 10740
2026/06/28 04:57:47.772, 163.49, 100, 10740
2026/06/28 04:57:48.772, 163.89, 100, 10740
2026/06/28 04:57:49.772, 163.75, 100, 10740
2026/06/28 04:57:50.772, 163.82, 100, 10740
2026/06/28 04:57:51.773, 163.57, 100, 10740
2026/06/28 04:57:52.773, 163.70, 100, 10740
2026/06/28 04:57:53.773, 163.61, 100, 10740
2026/06/28 04:57:54.773, 163.54, 100, 10740
2026/06/28 04:57:55.773, 163.77, 100, 10740
2026/06/28 04:57:56.774, 163.58, 100, 10740
2026/06/28 04:57:57.774, 163.51, 100, 10740
2026/06/28 04:57:58.774, 163.61, 100, 10740
2026/06/28 04:57:59.774, 163.62, 100, 10740
2026/06/28 04:58:00.774, 163.39, 100, 10740
2026/06/28 04:58:01.774, 163.35, 100, 10740
2026/06/28 04:58:02.775, 163.54, 100, 10740
2026/06/28 04:58:03.775, 163.59, 100, 10740
2026/06/28 04:58:04.775, 163.74, 100, 10740
2026/06/28 04:58:05.775, 163.88, 100, 10740
2026/06/28 04:58:06.784, 163.66, 100, 10740
2026/06/28 04:58:07.784, 163.56, 100, 10740
2026/06/28 04:58:08.784, 163.87, 100, 10740
2026/06/28 04:58:09.784, 163.77, 100, 10740
2026/06/28 04:58:10.785, 163.72, 100, 10740
2026/06/28 04:58:11.793, 163.68, 100, 10740
2026/06/28 04:58:12.793, 163.63, 100, 10740
2026/06/28 04:58:13.793, 153.89, 100, 10740
2026/06/28 04:58:14.794, 160.66, 98, 10740
2026/06/28 04:58:15.794, 161.08, 100, 10740
2026/06/28 04:58:16.802, 160.49, 100, 10740
2026/06/28 04:58:17.803, 161.47, 100, 10740
2026/06/28 04:58:18.803, 161.01, 100, 10740
2026/06/28 04:58:19.803, 160.24, 98, 10740
2026/06/28 04:58:20.803, 161.76, 100, 10740
2026/06/28 04:58:21.812, 160.96, 100, 10740
2026/06/28 04:58:22.812, 161.20, 100, 10740
2026/06/28 04:58:23.812, 161.41, 100, 10740
2026/06/28 04:58:24.812, 160.48, 98, 10740
2026/06/28 04:58:25.813, 161.66, 100, 10740
2026/06/28 04:58:26.813, 161.24, 100, 10740
2026/06/28 04:58:27.813, 160.46, 100, 10740
2026/06/28 04:58:28.813, 161.20, 100, 10740
2026/06/28 04:58:29.813, 160.99, 98, 10740
2026/06/28 04:58:30.813, 161.07, 100, 10740
2026/06/28 04:58:31.814, 161.36, 100, 10740
2026/06/28 04:58:32.814, 160.85, 100, 10740
2026/06/28 04:58:33.814, 161.93, 100, 10740
2026/06/28 04:58:34.814, 161.03, 100, 10740
2026/06/28 04:58:35.814, 161.21, 100, 10740
2026/06/28 04:58:36.814, 161.48, 100, 10740
2026/06/28 04:58:37.814, 159.32, 100, 10740
2026/06/28 04:58:38.815, 161.45, 100, 10740
2026/06/28 04:58:39.815, 161.10, 100, 10740
2026/06/28 04:58:40.815, 161.56, 100, 10740
2026/06/28 04:58:41.815, 161.17, 100, 10740
2026/06/28 04:58:42.815, 161.12, 98, 10740
2026/06/28 04:58:43.816, 162.24, 100, 10740
2026/06/28 04:58:44.816, 161.00, 100, 10740
2026/06/28 04:58:45.816, 160.83, 100, 10740
2026/06/28 04:58:46.816, 161.75, 100, 10740
2026/06/28 04:58:47.816, 160.65, 100, 10740
2026/06/28 04:58:48.817, 161.75, 100, 10740
2026/06/28 04:58:49.817, 161.18, 100, 10740
2026/06/28 04:58:50.817, 160.59, 98, 10740
2026/06/28 04:58:51.817, 161.51, 100, 10740
2026/06/28 04:58:52.817, 160.87, 100, 10740
2026/06/28 04:58:53.826, 161.68, 100, 10740
2026/06/28 04:58:54.826, 161.29, 100, 10740
2026/06/28 04:58:55.826, 160.57, 98, 10740
2026/06/28 04:58:56.826, 161.31, 100, 10740
2026/06/28 04:58:57.827, 160.75, 100, 10740
2026/06/28 04:58:58.827, 161.66, 100, 10740
2026/06/28 04:58:59.827, 161.41, 100, 10740
2026/06/28 04:59:00.827, 160.20, 98, 10740
2026/06/28 04:59:01.827, 161.37, 100, 10740
2026/06/28 04:59:02.828, 160.75, 100, 10740
2026/06/28 04:59:03.828, 160.93, 100, 10740
2026/06/28 04:59:04.828, 161.55, 100, 10740
2026/06/28 04:59:05.828, 160.65, 100, 10740
2026/06/28 04:59:06.828, 161.74, 100, 10740
2026/06/28 04:59:07.829, 160.95, 100, 10740
2026/06/28 04:59:08.837, 161.25, 98, 10740
2026/06/28 04:59:09.837, 161.34, 100, 10740
2026/06/28 04:59:10.838, 160.43, 100, 10740
2026/06/28 04:59:11.838, 161.60, 100, 10740
2026/06/28 04:59:12.838, 161.37, 100, 10740
2026/06/28 04:59:13.838, 160.04, 98, 10740
2026/06/28 04:59:14.838, 161.25, 100, 10740
2026/06/28 04:59:15.839, 160.79, 100, 10740
2026/06/28 04:59:16.839, 161.57, 100, 10740
2026/06/28 04:59:17.839, 161.33, 100, 10740
2026/06/28 04:59:18.839, 160.57, 98, 10740
2026/06/28 04:59:19.839, 161.70, 100, 10740
2026/06/28 04:59:20.840, 160.71, 100, 10740
2026/06/28 04:59:21.840, 161.06, 100, 10740
2026/06/28 04:59:22.840, 161.24, 100, 10740
2026/06/28 04:59:23.840, 160.72, 98, 10740
2026/06/28 04:59:24.840, 161.16, 100, 10740
2026/06/28 04:59:25.840, 160.96, 100, 10740
2026/06/28 04:59:26.841, 160.97, 100, 10740
2026/06/28 04:59:27.841, 161.16, 100, 10740
2026/06/28 04:59:28.841, 160.15, 100, 10740
2026/06/28 04:59:29.841, 161.19, 100, 10740
2026/06/28 04:59:30.841, 161.04, 100, 10740
2026/06/28 04:59:31.842, 161.10, 100, 10740
2026/06/28 04:59:32.842, 161.25, 100, 10740
2026/06/28 04:59:33.842, 160.86, 100, 10740
2026/06/28 04:59:34.842, 161.23, 100, 10740
2026/06/28 04:59:35.842, 161.05, 100, 10740
2026/06/28 04:59:36.842, 160.21, 98, 10740
2026/06/28 04:59:37.843, 161.13, 100, 10740
2026/06/28 04:59:38.843, 160.80, 100, 10740
2026/06/28 04:59:39.843, 161.36, 100, 10740
2026/06/28 04:59:40.843, 161.17, 100, 10740
2026/06/28 04:59:41.843, 160.20, 98, 10740
2026/06/28 04:59:42.844, 161.15, 100, 10740
2026/06/28 04:59:43.844, 160.42, 100, 10740
2026/06/28 04:59:44.844, 161.09, 100, 10740
2026/06/28 04:59:45.844, 161.35, 100, 10740
2026/06/28 04:59:46.844, 160.30, 98, 10740
2026/06/28 04:59:47.853, 161.66, 100, 10740
2026/06/28 04:59:48.853, 160.75, 100, 10740
2026/06/28 04:59:49.853, 161.30, 100, 10740
2026/06/28 04:59:50.853, 161.21, 100, 10740
2026/06/28 04:59:51.854, 160.38, 98, 10740
2026/06/28 04:59:52.854, 161.33, 100, 10740
2026/06/28 04:59:53.854, 160.91, 100, 10740
2026/06/28 04:59:54.854, 160.66, 100, 10740
2026/06/28 04:59:55.854, 161.35, 100, 10740
2026/06/28 04:59:56.855, 160.81, 100, 10740
2026/06/28 04:59:57.863, 161.31, 100, 10740
2026/06/28 04:59:58.863, 160.90, 100, 10740
2026/06/28 04:59:59.863, 160.91, 98, 10740
2026/06/28 05:00:00.864, 161.59, 100, 10740
2026/06/28 05:00:01.864, 160.67, 100, 10740
2026/06/28 05:00:02.864, 161.55, 100, 10740
2026/06/28 05:00:03.864, 161.05, 100, 10740
2026/06/28 05:00:04.864, 160.39, 98, 10740
2026/06/28 05:00:05.865, 161.42, 100, 10740
2026/06/28 05:00:06.865, 160.86, 100, 10740
2026/06/28 05:00:07.865, 161.50, 100, 10740
2026/06/28 05:00:08.865, 161.20, 100, 10740
2026/06/28 05:00:09.865, 160.37, 98, 10740
2026/06/28 05:00:10.866, 161.51, 100, 10740
2026/06/28 05:00:11.866, 160.79, 100, 10740
2026/06/28 05:00:12.866, 160.89, 100, 10740
2026/06/28 05:00:13.866, 161.29, 100, 10740
2026/06/28 05:00:14.866, 160.77, 98, 10740
2026/06/28 05:00:15.867, 160.55, 100, 10740
2026/06/28 05:00:16.867, 160.80, 100, 10740
2026/06/28 05:00:17.867, 161.23, 100, 10740
2026/06/28 05:00:18.867, 161.17, 100, 10740
2026/06/28 05:00:19.867, 160.40, 98, 10740
2026/06/28 05:00:20.867, 161.24, 100, 10740
2026/06/28 05:00:21.868, 159.83, 100, 10740
2026/06/28 05:00:22.868, 161.45, 100, 10740
2026/06/28 05:00:23.868, 161.37, 100, 10740
2026/06/28 05:00:24.868, 160.45, 100, 10740
2026/06/28 05:00:25.868, 161.60, 100, 10740
2026/06/28 05:00:26.868, 160.90, 100, 10740
2026/06/28 05:00:27.869, 161.09, 100, 10740
2026/06/28 05:00:28.869, 161.49, 100, 10740
2026/06/28 05:00:29.869, 160.64, 100, 10740
2026/06/28 05:00:30.869, 161.47, 100, 10740
2026/06/28 05:00:31.869, 160.83, 100, 10740
2026/06/28 05:00:32.869, 160.25, 98, 10740
2026/06/28 05:00:33.870, 161.37, 100, 10740
2026/06/28 05:00:34.870, 160.48, 100, 10740
2026/06/28 05:00:35.870, 161.57, 100, 10740
2026/06/28 05:00:36.870, 161.07, 100, 10740
2026/06/28 05:00:37.870, 160.50, 99, 10740
2026/06/28 05:00:38.871, 161.84, 100, 10740
2026/06/28 05:00:39.871, 160.39, 100, 10740
2026/06/28 05:00:40.871, 161.07, 100, 10740
2026/06/28 05:00:41.871, 161.10, 100, 10740
2026/06/28 05:00:42.871, 160.68, 98, 10740
2026/06/28 05:00:43.872, 161.02, 100, 10740
2026/06/28 05:00:44.872, 160.79, 100, 10740
2026/06/28 05:00:45.872, 160.92, 100, 10740
2026/06/28 05:00:46.872, 161.15, 100, 10740
2026/06/28 05:00:47.872, 160.77, 98, 10740
2026/06/28 05:00:48.873, 161.45, 100, 10740
2026/06/28 05:00:49.873, 160.70, 100, 10740
2026/06/28 05:00:50.873, 161.09, 100, 10740
2026/06/28 05:00:51.873, 161.10, 100, 10740
2026/06/28 05:00:52.873, 160.26, 98, 10740
2026/06/28 05:00:53.874, 161.29, 100, 10740
2026/06/28 05:00:54.874, 160.63, 100, 10740
2026/06/28 05:00:55.874, 161.00, 100, 10740
2026/06/28 05:00:56.874, 161.23, 100, 10740
2026/06/28 05:00:57.874, 160.31, 100, 10740
2026/06/28 05:00:58.875, 161.53, 100, 10740
2026/06/28 05:00:59.875, 160.97, 100, 10740
2026/06/28 05:01:00.875, 161.15, 100, 10740
2026/06/28 05:01:01.875, 161.36, 100, 10740
2026/06/28 05:01:02.875, 160.51, 100, 10740
2026/06/28 05:01:03.876, 161.52, 100, 10740
2026/06/28 05:01:04.876, 161.12, 100, 10740
2026/06/28 05:01:05.876, 160.29, 98, 10740
2026/06/28 05:01:06.876, 161.22, 100, 10740
2026/06/28 05:01:07.885, 160.71, 100, 10740
2026/06/28 05:01:08.885, 161.72, 100, 10740
2026/06/28 05:01:09.885, 161.39, 100, 10740
2026/06/28 05:01:10.885, 160.45, 99, 10740
2026/06/28 05:01:11.886, 161.46, 100, 10740
2026/06/28 05:01:12.894, 160.51, 100, 10740
2026/06/28 05:01:13.894, 161.51, 100, 10740
2026/06/28 05:01:14.894, 161.31, 100, 10740
2026/06/28 05:01:15.895, 160.22, 98, 10740
2026/06/28 05:01:16.895, 161.14, 100, 10740
2026/06/28 05:01:17.895, 160.67, 100, 10740
2026/06/28 05:01:18.895, 161.13, 100, 10740
2026/06/28 05:01:19.895, 161.26, 100, 10740
2026/06/28 05:01:20.896, 160.26, 98, 10740
2026/06/28 05:01:21.896, 161.82, 100, 10740
2026/06/28 05:01:22.896, 160.82, 100, 10740
2026/06/28 05:01:23.896, 160.97, 100, 10740
2026/06/28 05:01:24.896, 161.05, 100, 10740
2026/06/28 05:01:25.896, 160.32, 98, 10740
2026/06/28 05:01:26.897, 161.24, 100, 10740
2026/06/28 05:01:27.905, 160.80, 100, 10740
2026/06/28 05:01:28.905, 161.18, 100, 10740
2026/06/28 05:01:29.906, 161.32, 100, 10740
2026/06/28 05:01:30.906, 160.61, 100, 10740
2026/06/28 05:01:31.906, 161.40, 100, 10740
2026/06/28 05:01:32.906, 160.90, 100, 10740
2026/06/28 05:01:33.906, 161.06, 100, 10740
2026/06/28 05:01:34.907, 161.33, 100, 10740
2026/06/28 05:01:35.907, 160.72, 100, 10740
2026/06/28 05:01:36.907, 161.58, 100, 10740
2026/06/28 05:01:37.907, 161.20, 100, 10740
2026/06/28 05:01:38.908, 160.31, 98, 10740
2026/06/28 05:01:39.908, 161.31, 100, 10740
2026/06/28 05:01:40.908, 160.54, 100, 10740
2026/06/28 05:01:41.908, 161.67, 100, 10740
2026/06/28 05:01:42.908, 161.15, 100, 10740
2026/06/28 05:01:43.909, 160.56, 99, 10740
2026/06/28 05:01:44.909, 161.51, 100, 10740
2026/06/28 05:01:45.909, 161.04, 100, 10740
2026/06/28 05:01:46.909, 161.39, 100, 10740
2026/06/28 05:01:47.918, 161.52, 100, 10740
2026/06/28 05:01:48.918, 160.87, 98, 10740
2026/06/28 05:01:49.918, 161.71, 100, 10740
2026/06/28 05:01:50.918, 160.65, 100, 10740
2026/06/28 05:01:51.918, 161.44, 100, 10740
2026/06/28 05:01:52.927, 161.34, 100, 10740
2026/06/28 05:01:53.927, 160.49, 98, 10740
2026/06/28 05:01:54.927, 161.45, 100, 10740
2026/06/28 05:01:55.928, 160.94, 100, 10740
2026/06/28 05:01:56.928, 161.30, 100, 10740
2026/06/28 05:01:57.928, 161.49, 100, 10740
2026/06/28 05:01:58.928, 160.57, 99, 10740
2026/06/28 05:01:59.928, 161.42, 100, 10740
2026/06/28 05:02:00.929, 161.00, 100, 10740
2026/06/28 05:02:01.929, 160.69, 100, 10740
2026/06/28 05:02:02.929, 161.26, 100, 10740
2026/06/28 05:02:03.929, 160.38, 100, 10740
2026/06/28 05:02:04.929, 161.74, 100, 10740
2026/06/28 05:02:05.929, 161.07, 100, 10740
2026/06/28 05:02:06.930, 161.20, 99, 10740
2026/06/28 05:02:07.930, 161.46, 100, 10740
2026/06/28 05:02:08.930, 160.50, 100, 10740
2026/06/28 05:02:09.930, 161.33, 100, 10740
2026/06/28 05:02:10.930, 161.04, 100, 10740
2026/06/28 05:02:11.931, 160.24, 99, 10740
2026/06/28 05:02:12.931, 161.12, 100, 10740
2026/06/28 05:02:13.931, 160.55, 100, 10740
2026/06/28 05:02:14.931, 161.39, 100, 10740
2026/06/28 05:02:15.931, 160.92, 100, 10740
2026/06/28 05:02:16.932, 160.28, 98, 10740
2026/06/28 05:02:17.932, 161.68, 100, 10740
2026/06/28 05:02:18.932, 160.55, 100, 10740
2026/06/28 05:02:19.932, 161.25, 100, 10740
2026/06/28 05:02:20.932, 161.47, 100, 10740
2026/06/28 05:02:21.932, 160.56, 98, 10740
2026/06/28 05:02:22.933, 161.26, 100, 10740
2026/06/28 05:02:23.933, 160.79, 100, 10740
2026/06/28 05:02:24.933, 161.28, 100, 10740
2026/06/28 05:02:25.933, 161.10, 100, 10740
2026/06/28 05:02:26.933, 160.59, 97, 10740
2026/06/28 05:02:27.942, 161.59, 100, 10740
2026/06/28 05:02:28.942, 160.70, 100, 10740
2026/06/28 05:02:29.942, 161.25, 100, 10740
2026/06/28 05:02:30.943, 161.30, 100, 10740
2026/06/28 05:02:31.943, 160.46, 98, 10740
2026/06/28 05:02:32.951, 161.33, 100, 10740
2026/06/28 05:02:33.952, 160.92, 100, 10740
2026/06/28 05:02:34.953, 160.84, 100, 10740
2026/06/28 05:02:35.953, 161.21, 100, 10740
2026/06/28 05:02:36.954, 160.73, 100, 10740
2026/06/28 05:02:37.955, 161.60, 100, 10740
2026/06/28 05:02:38.955, 161.22, 100, 10740
2026/06/28 05:02:39.955, 160.77, 100, 10740
2026/06/28 05:02:40.955, 161.23, 100, 10740
2026/06/28 05:02:41.955, 160.59, 100, 10740
2026/06/28 05:02:42.964, 161.77, 100, 10740
2026/06/28 05:02:43.964, 161.12, 100, 10740
2026/06/28 05:02:44.964, 160.35, 98, 10740
2026/06/28 05:02:45.964, 161.38, 100, 10740
2026/06/28 05:02:46.965, 160.62, 100, 10740
2026/06/28 05:02:47.965, 160.34, 100, 10740
2026/06/28 05:02:48.965, 161.34, 100, 10740
2026/06/28 05:02:49.965, 160.31, 98, 10740
2026/06/28 05:02:50.965, 161.79, 100, 10740
2026/06/28 05:02:51.965, 160.65, 100, 10740
2026/06/28 05:02:52.974, 161.21, 100, 10740
2026/06/28 05:02:53.974, 161.14, 100, 10740
2026/06/28 05:02:54.974, 160.19, 98, 10740
2026/06/28 05:02:55.974, 161.80, 100, 10740
2026/06/28 05:02:56.974, 160.65, 100, 10740
2026/06/28 05:02:57.975, 161.11, 100, 10740
2026/06/28 05:02:58.975, 161.00, 100, 10740
2026/06/28 05:02:59.975, 160.28, 98, 10740
2026/06/28 05:03:00.975, 161.32, 100, 10740
2026/06/28 05:03:01.975, 160.70, 100, 10740
2026/06/28 05:03:02.984, 161.25, 100, 10740
2026/06/28 05:03:03.984, 161.31, 100, 10740
2026/06/28 05:03:04.984, 160.46, 98, 10740
2026/06/28 05:03:05.984, 161.06, 100, 10740
2026/06/28 05:03:06.984, 161.06, 100, 10740
2026/06/28 05:03:07.984, 160.87, 100, 10740
2026/06/28 05:03:08.985, 161.34, 100, 10740
2026/06/28 05:03:09.985, 160.30, 98, 10740
2026/06/28 05:03:10.985, 161.33, 100, 10740
2026/06/28 05:03:11.985, 160.61, 100, 10740
2026/06/28 05:03:12.985, 160.83, 100, 10740
2026/06/28 05:03:13.985, 161.13, 100, 10740
2026/06/28 05:03:14.986, 160.38, 100, 10740
2026/06/28 05:03:15.986, 161.17, 100, 10740
2026/06/28 05:03:16.986, 161.07, 100, 10740
2026/06/28 05:03:17.986, 160.94, 100, 10740
2026/06/28 05:03:18.986, 161.24, 100, 10740
2026/06/28 05:03:19.986, 160.49, 100, 10740
2026/06/28 05:03:20.986, 161.51, 100, 10740
2026/06/28 05:03:21.987, 161.06, 100, 10740
2026/06/28 05:03:22.987, 160.00, 98, 10740
2026/06/28 05:03:23.995, 161.05, 100, 10740
2026/06/28 05:03:24.995, 160.81, 100, 10740
2026/06/28 05:03:25.996, 163.40, 100, 10740
2026/06/28 05:03:26.996, 163.25, 100, 10740
2026/06/28 05:03:27.996, 163.43, 100, 10740
2026/06/28 05:03:28.996, 163.54, 100, 10740
2026/06/28 05:03:29.996, 163.67, 100, 10740
2026/06/28 05:03:30.996, 163.46, 100, 10740
2026/06/28 05:03:31.997, 163.33, 100, 10740
2026/06/28 05:03:32.997, 163.24, 100, 10740
2026/06/28 05:03:34.005, 163.20, 100, 10740
2026/06/28 05:03:35.005, 163.23, 100, 10740
2026/06/28 05:03:36.006, 163.18, 100, 10740
2026/06/28 05:03:37.006, 163.44, 100, 10740
2026/06/28 05:03:38.006, 163.03, 100, 10740
2026/06/28 05:03:39.014, 163.39, 99, 10740
2026/06/28 05:03:40.015, 163.30, 100, 10740
2026/06/28 05:03:41.015, 163.30, 99, 10740
2026/06/28 05:03:42.015, 163.74, 100, 10740
2026/06/28 05:03:43.015, 163.23, 99, 10740
2026/06/28 05:03:44.015, 163.44, 100, 10740
2026/06/28 05:03:45.015, 163.56, 100, 10740
2026/06/28 05:03:46.015, 163.66, 100, 10740
2026/06/28 05:03:47.016, 163.83, 100, 10740
2026/06/28 05:03:48.016, 163.71, 100, 10740
2026/06/28 05:03:49.016, 163.69, 100, 10740
2026/06/28 05:03:50.016, 163.70, 100, 10740
2026/06/28 05:03:51.016, 163.59, 99, 10740
2026/06/28 05:03:52.016, 163.70, 100, 10740
2026/06/28 05:03:53.016, 163.61, 99, 10740
2026/06/28 05:03:54.017, 163.63, 100, 10740
2026/06/28 05:03:55.017, 163.59, 99, 10740
2026/06/28 05:03:56.017, 163.36, 100, 10740
2026/06/28 05:03:57.017, 163.34, 100, 10740
2026/06/28 05:03:58.017, 163.51, 100, 10740
2026/06/28 05:03:59.026, 163.63, 99, 10740
2026/06/28 05:04:00.026, 163.35, 100, 10740
2026/06/28 05:04:01.026, 163.33, 100, 10740
2026/06/28 05:04:02.026, 163.38, 100, 10740
2026/06/28 05:04:03.026, 163.14, 100, 10740
2026/06/28 05:04:04.035, 163.48, 100, 10740
2026/06/28 05:04:05.035, 163.66, 100, 10740
2026/06/28 05:04:06.035, 163.68, 100, 10740
2026/06/28 05:04:07.035, 163.67, 100, 10740
2026/06/28 05:04:08.036, 163.93, 100, 10740
2026/06/28 05:04:09.044, 163.72, 100, 10740
2026/06/28 05:04:10.044, 163.83, 100, 10740
2026/06/28 05:04:11.044, 163.79, 100, 10740
2026/06/28 05:04:12.045, 163.82, 100, 10740
2026/06/28 05:04:13.045, 163.94, 100, 10740
2026/06/28 05:04:14.045, 163.60, 100, 10740
2026/06/28 05:04:15.045, 163.80, 100, 10740
2026/06/28 05:04:16.045, 154.15, 100, 10740
2026/06/28 05:04:17.045, 160.43, 98, 10740
2026/06/28 05:04:18.046, 161.38, 100, 10740
2026/06/28 05:04:19.046, 161.02, 100, 10740
2026/06/28 05:04:20.046, 161.67, 100, 10740
2026/06/28 05:04:21.046, 161.50, 100, 10740
2026/06/28 05:04:22.046, 160.78, 98, 10740
2026/06/28 05:04:23.046, 161.82, 100, 10740
2026/06/28 05:04:24.047, 161.23, 100, 10740
2026/06/28 05:04:25.047, 161.63, 100, 10740
2026/06/28 05:04:26.047, 161.77, 100, 10740
2026/06/28 05:04:27.047, 159.95, 90, 10740
2026/06/28 05:04:28.047, 161.53, 100, 10740
2026/06/28 05:04:29.047, 161.13, 100, 10740
2026/06/28 05:04:30.048, 161.04, 100, 10740
2026/06/28 05:04:31.048, 161.38, 100, 10740
2026/06/28 05:04:32.048, 160.51, 100, 10740
2026/06/28 05:04:33.057, 161.84, 100, 10740
2026/06/28 05:04:34.057, 161.44, 100, 10740
2026/06/28 05:04:35.057, 160.80, 98, 10740
2026/06/28 05:04:36.057, 162.05, 100, 10740
2026/06/28 05:04:37.057, 160.72, 100, 10740
2026/06/28 05:04:38.057, 161.78, 100, 10740
2026/06/28 05:04:39.058, 161.36, 100, 10740
2026/06/28 05:04:40.058, 160.25, 98, 10740
2026/06/28 05:04:41.058, 161.28, 100, 10740
2026/06/28 05:04:42.058, 161.01, 100, 10740
2026/06/28 05:04:43.058, 161.40, 100, 10740
2026/06/28 05:04:44.058, 161.49, 100, 10740
2026/06/28 05:04:45.058, 160.86, 98, 10740
2026/06/28 05:04:46.059, 161.95, 100, 10740
2026/06/28 05:04:47.059, 161.01, 100, 10740
2026/06/28 05:04:48.059, 161.44, 100, 10740
2026/06/28 05:04:49.059, 160.29, 100, 10740
2026/06/28 05:04:50.059, 160.64, 98, 10740
2026/06/28 05:04:51.060, 161.58, 100, 10740
2026/06/28 05:04:52.060, 161.11, 100, 10740
2026/06/28 05:04:53.060, 161.38, 100, 10740
2026/06/28 05:04:54.060, 161.52, 100, 10740
2026/06/28 05:04:55.060, 160.35, 98, 10740
2026/06/28 05:04:56.060, 161.12, 100, 10740
2026/06/28 05:04:57.061, 161.06, 100, 10740
2026/06/28 05:04:58.061, 161.43, 100, 10740
2026/06/28 05:04:59.061, 161.79, 100, 10740
2026/06/28 05:05:00.061, 160.78, 100, 10740
2026/06/28 05:05:01.061, 161.61, 100, 10740
2026/06/28 05:05:02.062, 160.92, 100, 10740
2026/06/28 05:05:03.062, 160.64, 100, 10740
2026/06/28 05:05:04.062, 161.36, 100, 10740
2026/06/28 05:05:05.062, 160.67, 100, 10740
2026/06/28 05:05:06.062, 161.76, 100, 10740
2026/06/28 05:05:07.062, 160.08, 100, 10740
2026/06/28 05:05:08.063, 160.62, 98, 10740
2026/06/28 05:05:09.063, 161.32, 100, 10740
2026/06/28 05:05:10.063, 160.58, 100, 10740
2026/06/28 05:05:11.063, 161.14, 100, 10740
2026/06/28 05:05:12.063, 160.94, 100, 10740
2026/06/28 05:05:13.072, 160.25, 98, 10740
2026/06/28 05:05:14.072, 161.26, 100, 10740
2026/06/28 05:05:15.072, 160.83, 100, 10740
2026/06/28 05:05:16.072, 161.19, 100, 10740
2026/06/28 05:05:17.072, 161.10, 100, 10740
2026/06/28 05:05:18.073, 160.33, 98, 10740
2026/06/28 05:05:19.073, 161.17, 100, 10740
2026/06/28 05:05:20.073, 160.79, 100, 10740
2026/06/28 05:05:21.073, 161.27, 100, 10740
2026/06/28 05:05:22.073, 161.45, 100, 10740
2026/06/28 05:05:23.073, 160.41, 98, 10740
2026/06/28 05:05:24.074, 161.37, 100, 10740
2026/06/28 05:05:25.074, 160.82, 100, 10740
2026/06/28 05:05:26.074, 161.20, 100, 10740
2026/06/28 05:05:27.074, 161.04, 100, 10740
2026/06/28 05:05:28.074, 160.37, 98, 10740
2026/06/28 05:05:29.075, 161.30, 100, 10740
2026/06/28 05:05:30.075, 160.81, 100, 10740
2026/06/28 05:05:31.075, 160.92, 100, 10740
2026/06/28 05:05:32.075, 161.27, 100, 10740
2026/06/28 05:05:33.075, 160.67, 98, 10740
2026/06/28 05:05:34.075, 161.48, 100, 10740
2026/06/28 05:05:35.076, 161.09, 100, 10740
2026/06/28 05:05:36.076, 161.19, 100, 10740
2026/06/28 05:05:37.076, 161.53, 100, 10740
2026/06/28 05:05:38.076, 160.42, 100, 10740
2026/06/28 05:05:39.076, 161.12, 100, 10740
2026/06/28 05:05:40.077, 161.00, 100, 10740
2026/06/28 05:05:41.077, 160.55, 99, 10740
2026/06/28 05:05:42.077, 161.40, 100, 10740
2026/06/28 05:05:43.086, 160.84, 100, 10740
2026/06/28 05:05:44.086, 161.24, 100, 10740
2026/06/28 05:05:45.086, 161.15, 100, 10740
2026/06/28 05:05:46.086, 160.45, 98, 10740
2026/06/28 05:05:47.086, 161.18, 100, 10740
2026/06/28 05:05:48.087, 160.69, 100, 10740
2026/06/28 05:05:49.087, 161.53, 100, 10740
2026/06/28 05:05:50.087, 161.28, 100, 10740
2026/06/28 05:05:51.087, 160.25, 98, 10740
2026/06/28 05:05:52.087, 161.27, 100, 10740
2026/06/28 05:05:53.096, 160.63, 100, 10740
2026/06/28 05:05:54.096, 161.30, 100, 10740
2026/06/28 05:05:55.096, 161.43, 100, 10740
2026/06/28 05:05:56.096, 160.78, 98, 10740
2026/06/28 05:05:57.097, 161.35, 100, 10740
2026/06/28 05:05:58.097, 161.13, 100, 10740
2026/06/28 05:05:59.097, 161.51, 100, 10740
2026/06/28 05:06:00.097, 161.29, 100, 10740
2026/06/28 05:06:01.097, 160.25, 98, 10740
2026/06/28 05:06:02.098, 161.06, 100, 10740
2026/06/28 05:06:03.106, 160.94, 100, 10740
2026/06/28 05:06:04.106, 161.28, 100, 10740
2026/06/28 05:06:05.107, 161.53, 100, 10740
2026/06/28 05:06:06.107, 160.84, 98, 10740
2026/06/28 05:06:07.107, 161.27, 100, 10740
2026/06/28 05:06:08.115, 161.25, 100, 10740
2026/06/28 05:06:09.116, 161.29, 100, 10740
2026/06/28 05:06:10.116, 161.35, 100, 10740
2026/06/28 05:06:11.116, 160.59, 100, 10740
2026/06/28 05:06:12.116, 161.77, 100, 10740
2026/06/28 05:06:13.118, 160.00, 100, 10740
2026/06/28 05:06:14.119, 161.41, 100, 10740
2026/06/28 05:06:15.119, 161.73, 100, 10740
2026/06/28 05:06:16.119, 161.09, 100, 10740
2026/06/28 05:06:17.119, 161.66, 100, 10740
2026/06/28 05:06:18.119, 161.23, 100, 10740
2026/06/28 05:06:19.119, 160.84, 98, 10740
2026/06/28 05:06:20.120, 162.27, 100, 10740
2026/06/28 05:06:21.120, 161.01, 100, 10740
2026/06/28 05:06:22.120, 161.81, 100, 10740
2026/06/28 05:06:23.120, 161.30, 100, 10740
2026/06/28 05:06:24.120, 160.26, 98, 10740
2026/06/28 05:06:25.120, 161.32, 100, 10740
2026/06/28 05:06:26.121, 160.74, 100, 10740
2026/06/28 05:06:27.121, 161.37, 100, 10740
2026/06/28 05:06:28.121, 161.51, 100, 10740
2026/06/28 05:06:29.121, 160.81, 98, 10740
2026/06/28 05:06:30.121, 161.77, 100, 10740
2026/06/28 05:06:31.122, 161.32, 100, 10740
2026/06/28 05:06:32.122, 161.28, 100, 10740
2026/06/28 05:06:33.130, 161.36, 100, 10740
2026/06/28 05:06:34.131, 160.63, 98, 10740
2026/06/28 05:06:35.131, 161.38, 100, 10740
2026/06/28 05:06:36.131, 161.16, 100, 10740
2026/06/28 05:06:37.131, 160.83, 100, 10740
2026/06/28 05:06:38.131, 161.35, 100, 10740
2026/06/28 05:06:39.131, 161.03, 100, 10740
2026/06/28 05:06:40.132, 162.00, 100, 10740
2026/06/28 05:06:41.132, 161.29, 100, 10740
2026/06/28 05:06:42.132, 161.37, 99, 10740
2026/06/28 05:06:43.141, 161.66, 100, 10740
2026/06/28 05:06:44.141, 160.81, 100, 10740
2026/06/28 05:06:45.141, 161.38, 100, 10740
2026/06/28 05:06:46.141, 161.15, 100, 10740
2026/06/28 05:06:47.141, 160.51, 98, 10740
2026/06/28 05:06:48.150, 161.74, 100, 10740
2026/06/28 05:06:49.150, 160.99, 100, 10740
2026/06/28 05:06:50.150, 161.63, 100, 10740
2026/06/28 05:06:51.151, 161.69, 100, 10740
2026/06/28 05:06:52.151, 160.40, 98, 10740
2026/06/28 05:06:53.151, 161.38, 100, 10740
2026/06/28 05:06:54.151, 161.04, 100, 10740
2026/06/28 05:06:55.151, 161.68, 100, 10740
2026/06/28 05:06:56.152, 161.30, 100, 10740
2026/06/28 05:06:57.152, 160.82, 98, 10740
2026/06/28 05:06:58.152, 161.50, 100, 10740
2026/06/28 05:06:59.152, 161.27, 100, 10740
2026/06/28 05:07:00.152, 161.28, 100, 10740
2026/06/28 05:07:01.152, 161.66, 100, 10740
2026/06/28 05:07:02.153, 160.79, 99, 10740
2026/06/28 05:07:03.161, 161.91, 100, 10740
2026/06/28 05:07:04.161, 161.47, 100, 10740
2026/06/28 05:07:05.162, 161.22, 100, 10740
2026/06/28 05:07:06.162, 161.54, 100, 10740
2026/06/28 05:07:07.162, 160.73, 100, 10740
2026/06/28 05:07:08.171, 161.67, 100, 10740
2026/06/28 05:07:09.171, 161.58, 100, 10740
2026/06/28 05:07:10.171, 160.63, 98, 10740
2026/06/28 05:07:11.171, 161.36, 100, 10740
2026/06/28 05:07:12.171, 161.00, 100, 10740
2026/06/28 05:07:13.180, 161.68, 100, 10740
2026/06/28 05:07:14.180, 161.57, 100, 10740
2026/06/28 05:07:15.180, 160.24, 98, 10740
2026/06/28 05:07:16.180, 161.61, 100, 10740
2026/06/28 05:07:17.180, 160.99, 100, 10740
2026/06/28 05:07:18.189, 161.58, 100, 10740
2026/06/28 05:07:19.189, 161.36, 100, 10740
2026/06/28 05:07:20.189, 160.88, 98, 10740
2026/06/28 05:07:21.190, 161.89, 100, 10740
2026/06/28 05:07:22.190, 161.29, 100, 10740
2026/06/28 05:07:23.198, 161.86, 100, 10740
2026/06/28 05:07:24.199, 161.59, 100, 10740
2026/06/28 05:07:25.199, 161.15, 98, 10740
2026/06/28 05:07:26.199, 161.88, 100, 10740
2026/06/28 05:07:27.199, 161.58, 100, 10740
2026/06/28 05:07:28.208, 161.47, 100, 10740
2026/06/28 05:07:29.208, 161.52, 100, 10740
2026/06/28 05:07:30.208, 160.82, 100, 10740
2026/06/28 05:07:31.208, 162.21, 100, 10740
2026/06/28 05:07:32.208, 161.38, 100, 10740
2026/06/28 05:07:33.209, 160.47, 98, 10740
2026/06/28 05:07:34.209, 161.56, 100, 10740
2026/06/28 05:07:35.209, 160.59, 100, 10740
2026/06/28 05:07:36.209, 161.88, 100, 10740
2026/06/28 05:07:37.209, 161.50, 100, 10740
2026/06/28 05:07:38.210, 160.79, 98, 10740
2026/06/28 05:07:39.210, 161.82, 100, 10740
2026/06/28 05:07:40.210, 160.87, 100, 10740
2026/06/28 05:07:41.210, 161.58, 100, 10740
2026/06/28 05:07:42.210, 161.71, 100, 10740
2026/06/28 05:07:43.219, 161.35, 98, 10740
2026/06/28 05:07:44.219, 162.55, 100, 10740
2026/06/28 05:07:45.219, 161.75, 100, 10740
2026/06/28 05:07:46.220, 161.89, 100, 10740
2026/06/28 05:07:47.220, 161.55, 100, 10740
2026/06/28 05:07:48.220, 160.85, 99, 10740
2026/06/28 05:07:49.220, 161.66, 100, 10740
2026/06/28 05:07:50.220, 161.17, 100, 10740
2026/06/28 05:07:51.220, 161.90, 100, 10740
2026/06/28 05:07:52.221, 160.81, 100, 10740
2026/06/28 05:07:53.221, 160.93, 100, 10740
2026/06/28 05:07:54.221, 162.09, 100, 10740
2026/06/28 05:07:55.221, 161.65, 100, 10740
2026/06/28 05:07:56.221, 161.58, 99, 10740
2026/06/28 05:07:57.221, 161.60, 100, 10740
2026/06/28 05:07:58.222, 160.81, 100, 10740
2026/06/28 05:07:59.222, 161.73, 100, 10740
2026/06/28 05:08:00.222, 161.13, 100, 10740
2026/06/28 05:08:01.222, 160.98, 98, 10740
2026/06/28 05:08:02.222, 162.12, 100, 10740
2026/06/28 05:08:03.222, 159.82, 100, 10740
2026/06/28 05:08:04.223, 161.97, 100, 10740
2026/06/28 05:08:05.223, 161.40, 100, 10740
2026/06/28 05:08:06.223, 160.76, 98, 10740
2026/06/28 05:08:07.223, 161.67, 100, 10740
2026/06/28 05:08:08.232, 161.22, 100, 10740
2026/06/28 05:08:09.232, 161.21, 100, 10740
2026/06/28 05:08:10.232, 161.55, 100, 10740
2026/06/28 05:08:11.232, 161.11, 98, 10740
2026/06/28 05:08:12.232, 162.08, 100, 10740
2026/06/28 05:08:13.241, 161.25, 100, 10740
2026/06/28 05:08:14.241, 161.87, 100, 10740
2026/06/28 05:08:15.241, 161.85, 100, 10740
2026/06/28 05:08:16.242, 160.73, 98, 10740
2026/06/28 05:08:17.242, 161.64, 100, 10740
2026/06/28 05:08:18.250, 161.35, 100, 10740
2026/06/28 05:08:19.250, 161.83, 100, 10740
2026/06/28 05:08:20.251, 162.11, 100, 10740
2026/06/28 05:08:21.251, 161.13, 100, 10740
2026/06/28 05:08:22.251, 162.15, 100, 10740
2026/06/28 05:08:23.259, 161.67, 100, 10740
2026/06/28 05:08:24.260, 161.19, 100, 10740
2026/06/28 05:08:25.260, 161.96, 100, 10740
2026/06/28 05:08:26.260, 160.87, 100, 10740
2026/06/28 05:08:27.260, 161.96, 100, 10740
2026/06/28 05:08:28.260, 161.74, 100, 10740
2026/06/28 05:08:29.261, 160.46, 98, 10740
2026/06/28 05:08:30.261, 161.67, 100, 10740
2026/06/28 05:08:31.261, 161.21, 100, 10740
2026/06/28 05:08:32.261, 161.79, 100, 10740
2026/06/28 05:08:33.270, 161.35, 100, 10740
2026/06/28 05:08:34.270, 160.56, 98, 10740
2026/06/28 05:08:35.270, 161.89, 100, 10740
2026/06/28 05:08:36.270, 161.78, 100, 10740
2026/06/28 05:08:37.271, 161.47, 100, 10740
2026/06/28 05:08:38.271, 161.61, 100, 10740
2026/06/28 05:08:39.271, 161.14, 98, 10740
2026/06/28 05:08:40.271, 162.18, 100, 10740
2026/06/28 05:08:41.271, 161.16, 100, 10740
2026/06/28 05:08:42.272, 161.52, 100, 10740
2026/06/28 05:08:43.280, 161.35, 100, 10740
2026/06/28 05:08:44.280, 160.84, 99, 10740
2026/06/28 05:08:45.281, 161.72, 100, 10740
2026/06/28 05:08:46.281, 161.29, 100, 10740
2026/06/28 05:08:47.281, 161.04, 100, 10740
2026/06/28 05:08:48.290, 161.35, 100, 10740
2026/06/28 05:08:49.290, 160.95, 100, 10740
2026/06/28 05:08:50.290, 162.34, 100, 10740
2026/06/28 05:08:51.290, 161.35, 100, 10740
2026/06/28 05:08:52.290, 160.21, 98, 10740
2026/06/28 05:08:53.291, 161.40, 100, 10740
2026/06/28 05:08:54.291, 161.19, 100, 10740
2026/06/28 05:08:55.291, 161.95, 100, 10740
2026/06/28 05:08:56.291, 161.66, 100, 10740
2026/06/28 05:08:57.291, 160.69, 98, 10740
2026/06/28 05:08:58.292, 161.65, 100, 10740
2026/06/28 05:08:59.292, 161.20, 100, 10740
2026/06/28 05:09:00.292, 161.72, 100, 10740
2026/06/28 05:09:01.292, 161.30, 100, 10740
2026/06/28 05:09:02.292, 160.93, 99, 10740
2026/06/28 05:09:03.301, 162.09, 100, 10740
2026/06/28 05:09:04.301, 161.21, 100, 10740
2026/06/28 05:09:05.301, 161.81, 100, 10740
2026/06/28 05:09:06.301, 161.94, 100, 10740
2026/06/28 05:09:07.302, 160.90, 98, 10740
2026/06/28 05:09:08.310, 161.55, 100, 10740
2026/06/28 05:09:09.310, 160.77, 100, 10740
2026/06/28 05:09:10.311, 161.03, 100, 10740
2026/06/28 05:09:11.311, 161.43, 100, 10740
2026/06/28 05:09:12.311, 160.82, 100, 10740
2026/06/28 05:09:13.311, 161.74, 100, 10740
2026/06/28 05:09:14.311, 161.41, 100, 10740
2026/06/28 05:09:15.312, 161.22, 98, 10740
2026/06/28 05:09:16.312, 162.06, 100, 10740
2026/06/28 05:09:17.312, 160.65, 100, 10740
2026/06/28 05:09:18.312, 161.82, 100, 10740
2026/06/28 05:09:19.312, 161.32, 100, 10740
2026/06/28 05:09:20.313, 160.27, 98, 10740
2026/06/28 05:09:21.313, 161.35, 100, 10740
2026/06/28 05:09:22.313, 160.71, 100, 10740
2026/06/28 05:09:23.313, 161.19, 100, 10740
2026/06/28 05:09:24.313, 161.39, 100, 10740
2026/06/28 05:09:25.314, 160.33, 98, 10740
2026/06/28 05:09:26.314, 161.94, 100, 10740
2026/06/28 05:09:27.314, 161.19, 100, 10740
2026/06/28 05:09:28.314, 163.57, 100, 10740
2026/06/28 05:09:29.314, 163.46, 100, 10740
2026/06/28 05:09:30.314, 163.44, 100, 10740
2026/06/28 05:09:31.315, 163.58, 100, 10740
2026/06/28 05:09:32.315, 163.57, 100, 10740
2026/06/28 05:09:33.315, 163.47, 100, 10740
2026/06/28 05:09:34.315, 163.68, 100, 10740
2026/06/28 05:09:35.315, 163.57, 100, 10740
2026/06/28 05:09:36.315, 163.36, 100, 10740
2026/06/28 05:09:37.316, 163.52, 100, 10740
2026/06/28 05:09:38.316, 163.68, 100, 10740
2026/06/28 05:09:39.316, 163.67, 100, 10740
2026/06/28 05:09:40.316, 163.59, 100, 10740
2026/06/28 05:09:41.316, 163.66, 100, 10740
2026/06/28 05:09:42.316, 163.38, 100, 10740
2026/06/28 05:09:43.317, 163.71, 100, 10740
2026/06/28 05:09:44.325, 163.61, 100, 10740
2026/06/28 05:09:45.325, 163.60, 100, 10740
2026/06/28 05:09:46.326, 163.24, 100, 10740
2026/06/28 05:09:47.326, 163.57, 100, 10740
2026/06/28 05:09:48.326, 163.51, 100, 10740
2026/06/28 05:09:49.334, 163.64, 100, 10740
2026/06/28 05:09:50.335, 163.68, 100, 10740
2026/06/28 05:09:51.335, 163.54, 100, 10740
2026/06/28 05:09:52.335, 163.45, 100, 10740
2026/06/28 05:09:53.335, 163.59, 100, 10740
2026/06/28 05:09:54.335, 163.40, 100, 10740
2026/06/28 05:09:55.336, 163.48, 100, 10740
2026/06/28 05:09:56.336, 163.42, 100, 10740
2026/06/28 05:09:57.336, 163.61, 100, 10740
2026/06/28 05:09:58.336, 163.58, 100, 10740
2026/06/28 05:09:59.336, 163.44, 100, 10740
2026/06/28 05:10:00.336, 163.67, 100, 10740
2026/06/28 05:10:01.337, 163.66, 100, 10740
2026/06/28 05:10:02.337, 163.31, 100, 10740
2026/06/28 05:10:03.337, 163.49, 100, 10740
2026/06/28 05:10:04.337, 163.57, 100, 10740
2026/06/28 05:10:05.337, 163.85, 100, 10740
2026/06/28 05:10:06.337, 163.64, 100, 10740
2026/06/28 05:10:07.338, 163.54, 100, 10740
2026/06/28 05:10:08.338, 163.56, 100, 10740
2026/06/28 05:10:09.338, 163.51, 100, 10740
2026/06/28 05:10:10.338, 163.74, 100, 10740
2026/06/28 05:10:11.338, 163.36, 100, 10740
2026/06/28 05:10:12.347, 163.25, 100, 10740
2026/06/28 05:10:13.347, 163.62, 100, 10740
2026/06/28 05:10:14.347, 163.67, 100, 10740
2026/06/28 05:10:15.347, 163.68, 100, 10740
2026/06/28 05:10:16.347, 163.70, 100, 10740
2026/06/28 05:10:17.356, 163.65, 100, 10740
2026/06/28 05:10:18.356, 154.45, 100, 10740
2026/06/28 05:10:19.356, 161.43, 100, 10740
2026/06/28 05:10:20.357, 160.39, 100, 10740
2026/06/28 05:10:21.357, 161.95, 100, 10740
2026/06/28 05:10:22.365, 160.53, 98, 10740
2026/06/28 05:10:23.366, 161.45, 100, 10740
2026/06/28 05:10:24.366, 161.47, 100, 10740
2026/06/28 05:10:25.366, 160.65, 100, 10740
2026/06/28 05:10:26.366, 161.23, 100, 10740
2026/06/28 05:10:27.366, 160.84, 98, 10740
2026/06/28 05:10:28.367, 161.33, 100, 10740
2026/06/28 05:10:29.367, 161.77, 100, 10740
2026/06/28 05:10:30.367, 161.13, 100, 10740
2026/06/28 05:10:31.367, 161.86, 100, 10740
2026/06/28 05:10:32.376, 161.09, 100, 10740
2026/06/28 05:10:33.376, 161.41, 100, 10740
2026/06/28 05:10:34.376, 161.66, 100, 10740
2026/06/28 05:10:35.376, 160.58, 98, 10740
2026/06/28 05:10:36.376, 161.70, 100, 10740
2026/06/28 05:10:37.377, 161.29, 100, 10740
2026/06/28 05:10:38.377, 161.02, 100, 10740
2026/06/28 05:10:39.377, 161.46, 100, 10740
2026/06/28 05:10:40.377, 160.83, 100, 10740
2026/06/28 05:10:41.377, 162.10, 100, 10740
2026/06/28 05:10:42.386, 161.21, 100, 10740
2026/06/28 05:10:43.386, 161.39, 99, 10740
2026/06/28 05:10:44.386, 161.91, 100, 10740
2026/06/28 05:10:45.387, 160.78, 100, 10740
2026/06/28 05:10:46.387, 161.88, 100, 10740
2026/06/28 05:10:47.395, 161.50, 100, 10740
2026/06/28 05:10:48.396, 160.59, 98, 10740
2026/06/28 05:10:49.396, 162.16, 100, 10740
2026/06/28 05:10:50.396, 161.00, 100, 10740
2026/06/28 05:10:51.396, 161.40, 100, 10740
2026/06/28 05:10:52.405, 161.31, 100, 10740
2026/06/28 05:10:53.405, 160.78, 98, 10740
2026/06/28 05:10:54.405, 161.90, 100, 10740
2026/06/28 05:10:55.405, 160.98, 100, 10740
2026/06/28 05:10:56.405, 161.92, 100, 10740
2026/06/28 05:10:57.406, 161.77, 100, 10740
2026/06/28 05:10:58.406, 161.10, 98, 10740
2026/06/28 05:10:59.406, 161.76, 100, 10740
2026/06/28 05:11:00.406, 161.09, 100, 10740
2026/06/28 05:11:01.406, 161.42, 100, 10740
2026/06/28 05:11:02.407, 161.39, 100, 10740
2026/06/28 05:11:03.407, 160.96, 98, 10740
2026/06/28 05:11:04.407, 161.80, 100, 10740
2026/06/28 05:11:05.407, 161.01, 100, 10740
2026/06/28 05:11:06.407, 161.05, 100, 10740
2026/06/28 05:11:07.408, 161.38, 100, 10740
2026/06/28 05:11:08.408, 159.37, 98, 10740
2026/06/28 05:11:09.408, 161.56, 100, 10740
2026/06/28 05:11:10.408, 161.29, 100, 10740
2026/06/28 05:11:11.408, 161.31, 100, 10740
2026/06/28 05:11:12.409, 161.94, 100, 10740
2026/06/28 05:11:13.417, 160.78, 100, 10740
2026/06/28 05:11:14.417, 161.65, 100, 10740
2026/06/28 05:11:15.417, 161.40, 100, 10740
2026/06/28 05:11:16.418, 160.98, 100, 10740
2026/06/28 05:11:17.418, 161.61, 100, 10740
2026/06/28 05:11:18.426, 160.82, 100, 10740
2026/06/28 05:11:19.427, 162.20, 100, 10740
2026/06/28 05:11:20.427, 161.40, 100, 10740
2026/06/28 05:11:21.427, 160.79, 98, 10740
2026/06/28 05:11:22.427, 161.59, 100, 10740
2026/06/28 05:11:23.427, 160.62, 100, 10740
2026/06/28 05:11:24.427, 161.60, 100, 10740
2026/06/28 05:11:25.428, 161.38, 100, 10740
2026/06/28 05:11:26.428, 160.41, 98, 10740
2026/06/28 05:11:27.428, 161.28, 100, 10740
2026/06/28 05:11:28.436, 160.89, 100, 10740
2026/06/28 05:11:29.437, 161.66, 100, 10740
2026/06/28 05:11:30.437, 161.39, 100, 10740
2026/06/28 05:11:31.437, 160.31, 98, 10740
2026/06/28 05:11:32.437, 161.81, 100, 10740
2026/06/28 05:11:33.446, 160.64, 100, 10740
2026/06/28 05:11:34.446, 160.95, 100, 10740
2026/06/28 05:11:35.446, 161.26, 100, 10740
2026/06/28 05:11:36.446, 160.81, 98, 10740
2026/06/28 05:11:37.446, 161.54, 100, 10740
2026/06/28 05:11:38.447, 161.14, 100, 10740
2026/06/28 05:11:39.447, 161.35, 100, 10740
2026/06/28 05:11:40.447, 161.50, 100, 10740
2026/06/28 05:11:41.447, 160.50, 99, 10740
2026/06/28 05:11:42.447, 161.26, 100, 10740
2026/06/28 05:11:43.448, 160.67, 100, 10740
2026/06/28 05:11:44.448, 160.60, 100, 10740
2026/06/28 05:11:45.448, 160.96, 100, 10740
2026/06/28 05:11:46.448, 160.41, 100, 10740
2026/06/28 05:11:47.449, 161.53, 100, 10740
2026/06/28 05:11:48.449, 161.07, 100, 10740
2026/06/28 05:11:49.449, 159.96, 98, 10740
2026/06/28 05:11:50.449, 161.96, 100, 10740
2026/06/28 05:11:51.449, 161.03, 100, 10740
2026/06/28 05:11:52.449, 161.40, 100, 10740
2026/06/28 05:11:53.450, 160.97, 100, 10740
2026/06/28 05:11:54.450, 160.03, 98, 10740
2026/06/28 05:11:55.450, 161.17, 100, 10740
2026/06/28 05:11:56.450, 160.74, 100, 10740
2026/06/28 05:11:57.450, 161.99, 100, 10740
2026/06/28 05:11:58.451, 161.11, 100, 10740
2026/06/28 05:11:59.451, 160.54, 99, 10740
2026/06/28 05:12:00.451, 161.31, 100, 10740
2026/06/28 05:12:01.451, 160.73, 100, 10740
2026/06/28 05:12:02.451, 161.15, 100, 10740
2026/06/28 05:12:03.460, 161.34, 100, 10740
2026/06/28 05:12:04.460, 160.31, 98, 10740
2026/06/28 05:12:05.460, 161.45, 100, 10740
2026/06/28 05:12:06.461, 161.38, 100, 10740
2026/06/28 05:12:07.461, 161.36, 100, 10740
2026/06/28 05:12:08.469, 161.55, 100, 10740
2026/06/28 05:12:09.470, 160.64, 99, 10740
2026/06/28 05:12:10.470, 161.59, 100, 10740
2026/06/28 05:12:11.470, 161.07, 100, 10740
2026/06/28 05:12:12.470, 161.12, 100, 10740
2026/06/28 05:12:13.470, 161.61, 100, 10740
2026/06/28 05:12:14.471, 160.66, 100, 10740
2026/06/28 05:12:15.471, 161.91, 100, 10740
2026/06/28 05:12:16.471, 161.09, 100, 10740
2026/06/28 05:12:17.471, 161.02, 98, 10740
2026/06/28 05:12:18.480, 161.85, 100, 10740
2026/06/28 05:12:19.480, 160.81, 100, 10740
2026/06/28 05:12:20.480, 161.99, 100, 10740
2026/06/28 05:12:21.480, 161.37, 100, 10740
2026/06/28 05:12:22.481, 160.37, 98, 10740
2026/06/28 05:12:23.481, 161.24, 100, 10740
2026/06/28 05:12:24.481, 160.66, 100, 10740
2026/06/28 05:12:25.481, 161.51, 100, 10740
2026/06/28 05:12:26.482, 161.26, 100, 10740
2026/06/28 05:12:27.482, 160.69, 99, 10740
2026/06/28 05:12:28.482, 161.84, 100, 10740
2026/06/28 05:12:29.482, 161.02, 100, 10740
2026/06/28 05:12:30.482, 161.62, 100, 10740
2026/06/28 05:12:31.483, 161.50, 100, 10740
2026/06/28 05:12:32.483, 160.89, 98, 10740
2026/06/28 05:12:33.483, 161.85, 100, 10740
2026/06/28 05:12:34.483, 160.82, 100, 10740
2026/06/28 05:12:35.483, 161.51, 100, 10740
2026/06/28 05:12:36.483, 161.45, 100, 10740
2026/06/28 05:12:37.484, 160.76, 99, 10740
2026/06/28 05:12:38.484, 161.39, 100, 10740
2026/06/28 05:12:39.484, 161.11, 100, 10740
2026/06/28 05:12:40.484, 161.22, 100, 10740
2026/06/28 05:12:41.484, 161.61, 100, 10740
2026/06/28 05:12:42.485, 160.73, 100, 10740
2026/06/28 05:12:43.485, 161.66, 100, 10740
2026/06/28 05:12:44.485, 161.35, 100, 10740
2026/06/28 05:12:45.485, 160.25, 98, 10740
2026/06/28 05:12:46.485, 161.28, 100, 10740
2026/06/28 05:12:47.485, 160.66, 100, 10740
2026/06/28 05:12:48.486, 161.60, 100, 10740
2026/06/28 05:12:49.494, 161.34, 100, 10740
2026/06/28 05:12:50.494, 160.09, 98, 10740
2026/06/28 05:12:51.495, 161.42, 100, 10740
2026/06/28 05:12:52.495, 160.77, 100, 10740
2026/06/28 05:12:53.495, 161.49, 100, 10740
2026/06/28 05:12:54.495, 161.38, 100, 10740
2026/06/28 05:12:55.496, 160.63, 98, 10740
2026/06/28 05:12:56.496, 161.73, 100, 10740
2026/06/28 05:12:57.496, 161.38, 100, 10740
2026/06/28 05:12:58.496, 161.60, 100, 10740
2026/06/28 05:12:59.496, 161.64, 100, 10740
2026/06/28 05:13:00.496, 160.57, 98, 10740
2026/06/28 05:13:01.497, 161.84, 100, 10740
2026/06/28 05:13:02.497, 161.30, 100, 10740
2026/06/28 05:13:03.497, 161.12, 100, 10740
2026/06/28 05:13:04.497, 161.42, 100, 10740
2026/06/28 05:13:05.497, 160.24, 100, 10740
2026/06/28 05:13:06.497, 161.57, 100, 10740
2026/06/28 05:13:07.498, 161.28, 100, 10740
2026/06/28 05:13:08.498, 161.24, 100, 10740
2026/06/28 05:13:09.506, 161.59, 100, 10740
2026/06/28 05:13:10.506, 160.44, 100, 10740
2026/06/28 05:13:11.507, 161.70, 100, 10740
2026/06/28 05:13:12.507, 161.42, 100, 10740
2026/06/28 05:13:13.507, 160.32, 98, 10740
2026/06/28 05:13:14.516, 161.08, 100, 10740
2026/06/28 05:13:15.516, 160.57, 100, 10740
2026/06/28 05:13:16.516, 161.57, 100, 10740
2026/06/28 05:13:17.516, 161.34, 100, 10740
2026/06/28 05:13:18.516, 160.05, 98, 10740
2026/06/28 05:13:19.525, 161.09, 100, 10740
2026/06/28 05:13:20.525, 160.67, 100, 10740
2026/06/28 05:13:21.525, 161.45, 100, 10740
2026/06/28 05:13:22.526, 161.21, 100, 10740
2026/06/28 05:13:23.526, 160.66, 98, 10740
2026/06/28 05:13:24.526, 161.20, 100, 10740
2026/06/28 05:13:25.526, 160.72, 100, 10740
2026/06/28 05:13:26.526, 161.55, 100, 10740
2026/06/28 05:13:27.526, 161.56, 100, 10740
2026/06/28 05:13:28.527, 160.84, 98, 10740
2026/06/28 05:13:29.527, 161.73, 100, 10740
2026/06/28 05:13:30.527, 160.99, 100, 10740
2026/06/28 05:13:31.527, 161.08, 100, 10740
2026/06/28 05:13:32.527, 161.14, 100, 10740
2026/06/28 05:13:33.528, 160.43, 99, 10740
2026/06/28 05:13:34.528, 161.39, 100, 10740
2026/06/28 05:13:35.528, 161.06, 100, 10740
2026/06/28 05:13:36.528, 161.07, 100, 10740
2026/06/28 05:13:37.528, 161.39, 100, 10740
2026/06/28 05:13:38.529, 160.57, 100, 10740
2026/06/28 05:13:39.529, 161.98, 100, 10740
2026/06/28 05:13:40.529, 161.22, 100, 10740
2026/06/28 05:13:41.529, 160.66, 98, 10740
2026/06/28 05:13:42.529, 161.55, 100, 10740
2026/06/28 05:13:43.530, 160.55, 100, 10740
2026/06/28 05:13:44.538, 161.39, 100, 10740
2026/06/28 05:13:45.538, 161.33, 100, 10740
2026/06/28 05:13:46.538, 160.23, 98, 10740
2026/06/28 05:13:47.539, 162.13, 100, 10740
2026/06/28 05:13:48.539, 160.82, 100, 10740
2026/06/28 05:13:49.548, 161.05, 100, 10740
2026/06/28 05:13:50.548, 161.19, 100, 10740
2026/06/28 05:13:51.548, 160.01, 98, 10740
2026/06/28 05:13:52.548, 161.30, 100, 10740
2026/06/28 05:13:53.548, 160.85, 100, 10740
2026/06/28 05:13:54.557, 161.37, 100, 10740
2026/06/28 05:13:55.557, 161.37, 100, 10740
2026/06/28 05:13:56.557, 160.75, 98, 10740
2026/06/28 05:13:57.557, 161.43, 100, 10740
2026/06/28 05:13:58.558, 161.14, 100, 10740
2026/06/28 05:13:59.566, 161.54, 100, 10740
2026/06/28 05:14:00.566, 161.47, 100, 10740
2026/06/28 05:14:01.567, 160.52, 98, 10740
2026/06/28 05:14:02.567, 161.85, 100, 10740
2026/06/28 05:14:03.567, 161.21, 100, 10740
2026/06/28 05:14:04.567, 161.29, 100, 10740
2026/06/28 05:14:05.567, 161.62, 100, 10740
2026/06/28 05:14:06.568, 160.76, 100, 10740
2026/06/28 05:14:07.568, 161.70, 100, 10740
2026/06/28 05:14:08.568, 161.54, 100, 10740
2026/06/28 05:14:09.568, 161.35, 100, 10740
2026/06/28 05:14:10.568, 161.50, 100, 10740
2026/06/28 05:14:11.569, 160.55, 100, 10740
2026/06/28 05:14:12.569, 162.03, 100, 10740
2026/06/28 05:14:13.569, 161.37, 100, 10740
2026/06/28 05:14:14.569, 160.28, 98, 10740
2026/06/28 05:14:15.569, 161.88, 100, 10740
2026/06/28 05:14:16.569, 160.80, 100, 10740
2026/06/28 05:14:17.570, 161.29, 100, 10740
2026/06/28 05:14:18.570, 161.68, 100, 10740
2026/06/28 05:14:19.570, 161.03, 98, 10740
2026/06/28 05:14:20.570, 161.53, 100, 10740
2026/06/28 05:14:21.570, 160.87, 100, 10740
2026/06/28 05:14:22.571, 161.49, 100, 10740
2026/06/28 05:14:23.571, 161.60, 100, 10740
2026/06/28 05:14:24.571, 160.98, 98, 10740
2026/06/28 05:14:25.571, 161.29, 100, 10740
2026/06/28 05:14:26.571, 161.15, 100, 10740
2026/06/28 05:14:27.572, 161.54, 100, 10740
2026/06/28 05:14:28.572, 161.36, 100, 10740
2026/06/28 05:14:29.572, 160.66, 98, 10740
2026/06/28 05:14:30.572, 161.94, 100, 10740
2026/06/28 05:14:31.572, 161.39, 100, 10740
2026/06/28 05:14:32.573, 161.66, 100, 10740
2026/06/28 05:14:33.581, 161.72, 100, 10740
2026/06/28 05:14:34.581, 160.76, 100, 10740
2026/06/28 05:14:35.582, 161.51, 100, 10740
2026/06/28 05:14:36.582, 161.35, 100, 10740
2026/06/28 05:14:37.582, 161.12, 100, 10740
2026/06/28 05:14:38.582, 161.46, 100, 10740
2026/06/28 05:14:39.582, 160.75, 100, 10740
2026/06/28 05:14:40.582, 161.70, 100, 10740
2026/06/28 05:14:41.583, 161.31, 100, 10740
2026/06/28 05:14:42.583, 160.52, 98, 10740
2026/06/28 05:14:43.583, 162.36, 100, 10740
2026/06/28 05:14:44.583, 161.13, 100, 10740
2026/06/28 05:14:45.583, 161.72, 100, 10740
2026/06/28 05:14:46.584, 161.48, 100, 10740
2026/06/28 05:14:47.584, 160.41, 98, 10740
2026/06/28 05:14:48.584, 161.74, 100, 10740
2026/06/28 05:14:49.584, 161.10, 100, 10740
2026/06/28 05:14:50.584, 161.58, 100, 10740
2026/06/28 05:14:51.585, 161.70, 100, 10740
2026/06/28 05:14:52.585, 160.60, 98, 10740
2026/06/28 05:14:53.585, 161.95, 100, 10740
2026/06/28 05:14:54.585, 160.99, 100, 10740
2026/06/28 05:14:55.585, 161.51, 100, 10740
2026/06/28 05:14:56.586, 161.49, 100, 10740
2026/06/28 05:14:57.586, 160.66, 98, 10740
2026/06/28 05:14:58.594, 161.89, 100, 10740
2026/06/28 05:14:59.595, 161.17, 100, 10740
2026/06/28 05:15:00.595, 161.39, 100, 10740
2026/06/28 05:15:01.595, 161.38, 100, 10740
2026/06/28 05:15:02.595, 160.76, 98, 10740
2026/06/28 05:15:03.595, 161.91, 100, 10740
2026/06/28 05:15:04.596, 161.34, 100, 10740
2026/06/28 05:15:05.596, 161.51, 100, 10740
2026/06/28 05:15:06.596, 161.91, 100, 10740
2026/06/28 05:15:07.596, 160.63, 100, 10740
2026/06/28 05:15:08.596, 161.60, 100, 10740
2026/06/28 05:15:09.597, 161.35, 100, 10740
2026/06/28 05:15:10.597, 160.73, 98, 10740
2026/06/28 05:15:11.597, 161.52, 100, 10740
2026/06/28 05:15:12.605, 160.86, 100, 10740
2026/06/28 05:15:13.606, 161.50, 100, 10740
2026/06/28 05:15:14.606, 161.38, 100, 10740
2026/06/28 05:15:15.606, 160.45, 98, 10740
2026/06/28 05:15:16.606, 161.16, 100, 10740
2026/06/28 05:15:17.606, 160.95, 100, 10740
2026/06/28 05:15:18.607, 161.53, 100, 10740
2026/06/28 05:15:19.607, 160.95, 100, 10740
2026/06/28 05:15:20.607, 160.24, 98, 10740
2026/06/28 05:15:21.607, 161.79, 100, 10740
2026/06/28 05:15:22.616, 160.89, 100, 10740
2026/06/28 05:15:23.616, 161.08, 100, 10740
2026/06/28 05:15:24.616, 161.30, 100, 10740
2026/06/28 05:15:25.616, 160.61, 98, 10740
2026/06/28 05:15:26.617, 161.63, 100, 10740
2026/06/28 05:15:27.617, 161.21, 100, 10740
2026/06/28 05:15:28.617, 161.56, 100, 10740
2026/06/28 05:15:29.617, 160.30, 100, 10740
2026/06/28 05:15:30.617, 163.55, 100, 10740
2026/06/28 05:15:31.618, 163.54, 100, 10740
2026/06/28 05:15:32.618, 163.85, 100, 10740
2026/06/28 05:15:33.618, 163.73, 100, 10740
2026/06/28 05:15:34.618, 163.68, 100, 10740
2026/06/28 05:15:35.618, 163.52, 100, 10740
2026/06/28 05:15:36.619, 163.51, 100, 10740
2026/06/28 05:15:37.619, 163.61, 100, 10740
2026/06/28 05:15:38.619, 163.70, 100, 10740
2026/06/28 05:15:39.619, 163.35, 100, 10740
2026/06/28 05:15:40.619, 163.52, 100, 10740
2026/06/28 05:15:41.619, 163.57, 100, 10740
2026/06/28 05:15:42.619, 163.35, 100, 10740
2026/06/28 05:15:43.620, 163.53, 100, 10740
2026/06/28 05:15:44.620, 163.37, 100, 10740
2026/06/28 05:15:45.620, 163.60, 100, 10740
2026/06/28 05:15:46.620, 163.38, 100, 10740
2026/06/28 05:15:47.620, 163.67, 100, 10740
2026/06/28 05:15:48.621, 163.28, 99, 10740
2026/06/28 05:15:49.621, 163.58, 100, 10740
2026/06/28 05:15:50.621, 163.59, 99, 10740
2026/06/28 05:15:51.621, 163.68, 100, 10740
2026/06/28 05:15:52.621, 163.46, 100, 10740
2026/06/28 05:15:53.621, 163.43, 100, 10740
2026/06/28 05:15:54.622, 163.67, 100, 10740
2026/06/28 05:15:55.622, 163.69, 100, 10740
2026/06/28 05:15:56.622, 163.80, 100, 10740
2026/06/28 05:15:57.622, 163.65, 100, 10740
2026/06/28 05:15:58.622, 163.77, 100, 10740
2026/06/28 05:15:59.623, 163.67, 100, 10740
2026/06/28 05:16:00.623, 163.67, 99, 10740
2026/06/28 05:16:01.623, 163.48, 100, 10740
2026/06/28 05:16:02.623, 163.79, 100, 10740
2026/06/28 05:16:03.623, 163.69, 100, 10740
2026/06/28 05:16:04.624, 163.90, 100, 10740
2026/06/28 05:16:05.624, 163.69, 100, 10740
2026/06/28 05:16:06.624, 163.58, 100, 10740
2026/06/28 05:16:07.624, 163.38, 100, 10740
2026/06/28 05:16:08.624, 163.30, 100, 10740
2026/06/28 05:16:09.624, 163.73, 100, 10740
2026/06/28 05:16:10.625, 163.53, 100, 10740
2026/06/28 05:16:11.625, 163.55, 100, 10740
2026/06/28 05:16:12.625, 163.53, 100, 10740
2026/06/28 05:16:13.625, 163.44, 100, 10740
2026/06/28 05:16:14.625, 163.41, 100, 10740
2026/06/28 05:16:15.626, 163.62, 100, 10740
2026/06/28 05:16:16.626, 163.55, 100, 10740
2026/06/28 05:16:17.626, 163.49, 100, 10740
2026/06/28 05:16:18.626, 163.56, 100, 10740
2026/06/28 05:16:19.626, 163.70, 100, 10740
2026/06/28 05:16:20.627, 163.65, 96, 10740
2026/06/28 05:16:21.627, 153.91, 100, 10740
2026/06/28 05:16:22.627, 160.73, 98, 10740
2026/06/28 05:16:23.627, 161.79, 100, 10740
2026/06/28 05:16:24.627, 161.24, 100, 10740
2026/06/28 05:16:25.636, 161.24, 100, 10740
2026/06/28 05:16:26.636, 161.50, 100, 10740
2026/06/28 05:16:27.636, 160.79, 98, 10740
2026/06/28 05:16:28.636, 161.46, 100, 10740
2026/06/28 05:16:29.636, 161.27, 100, 10740
2026/06/28 05:16:30.637, 160.93, 100, 10740
2026/06/28 05:16:31.637, 161.59, 100, 10740
2026/06/28 05:16:32.637, 160.70, 100, 10740
2026/06/28 05:16:33.637, 161.71, 100, 10740
2026/06/28 05:16:34.637, 161.30, 100, 10740
2026/06/28 05:16:35.638, 160.55, 98, 10740
2026/06/28 05:16:36.638, 161.38, 100, 10740
2026/06/28 05:16:37.638, 160.90, 100, 10740
2026/06/28 05:16:38.638, 161.84, 100, 10740
2026/06/28 05:16:39.638, 161.68, 100, 10740
2026/06/28 05:16:40.639, 160.71, 98, 10740
2026/06/28 05:16:41.639, 161.42, 100, 10740
2026/06/28 05:16:42.639, 161.07, 100, 10740
2026/06/28 05:16:43.639, 161.70, 100, 10740
2026/06/28 05:16:44.639, 161.62, 100, 10740
2026/06/28 05:16:45.648, 160.92, 98, 10740
2026/06/28 05:16:46.648, 161.47, 100, 10740
2026/06/28 05:16:47.648, 161.04, 100, 10740
2026/06/28 05:16:48.649, 161.51, 100, 10740
2026/06/28 05:16:49.649, 161.55, 100, 10740
2026/06/28 05:16:50.657, 160.72, 98, 10740
2026/06/28 05:16:51.658, 161.77, 100, 10740
2026/06/28 05:16:52.658, 161.29, 100, 10740
2026/06/28 05:16:53.658, 160.70, 100, 10740
2026/06/28 05:16:54.658, 161.50, 100, 10740
2026/06/28 05:16:55.667, 161.35, 98, 10740
2026/06/28 05:16:56.667, 161.63, 100, 10740
2026/06/28 05:16:57.667, 161.75, 100, 10740
2026/06/28 05:16:58.667, 160.77, 100, 10740
2026/06/28 05:16:59.668, 161.91, 100, 10740
2026/06/28 05:17:00.668, 161.28, 100, 10740
2026/06/28 05:17:01.668, 161.41, 100, 10740
2026/06/28 05:17:02.668, 161.47, 100, 10740
2026/06/28 05:17:03.668, 160.81, 98, 10740
2026/06/28 05:17:04.668, 161.86, 100, 10740
2026/06/28 05:17:05.677, 161.11, 99, 10740
2026/06/28 05:17:06.677, 162.00, 100, 10740
2026/06/28 05:17:07.677, 162.11, 100, 10740
2026/06/28 05:17:08.678, 161.05, 100, 10740
2026/06/28 05:17:09.678, 162.00, 100, 10740
2026/06/28 05:17:10.678, 161.52, 100, 10740
2026/06/28 05:17:11.678, 160.76, 98, 10740
2026/06/28 05:17:12.678, 161.76, 100, 10740
2026/06/28 05:17:13.679, 161.10, 100, 10740
2026/06/28 05:17:14.679, 161.59, 100, 10740
2026/06/28 05:17:15.679, 161.68, 100, 10740
2026/06/28 05:17:16.679, 159.82, 98, 10740
2026/06/28 05:17:17.679, 162.14, 100, 10740
2026/06/28 05:17:18.679, 160.98, 100, 10740
2026/06/28 05:17:19.680, 161.99, 100, 10740
2026/06/28 05:17:20.680, 162.05, 100, 10740
2026/06/28 05:17:21.680, 161.32, 98, 10740
2026/06/28 05:17:22.680, 161.90, 100, 10740
2026/06/28 05:17:23.680, 161.38, 100, 10740
2026/06/28 05:17:24.680, 161.81, 100, 10740
2026/06/28 05:17:25.681, 161.87, 100, 10740
2026/06/28 05:17:26.681, 161.03, 98, 10740
2026/06/28 05:17:27.681, 161.60, 100, 10740
2026/06/28 05:17:28.681, 161.03, 100, 10740
2026/06/28 05:17:29.681, 161.48, 100, 10740
2026/06/28 05:17:30.681, 161.78, 100, 10740
2026/06/28 05:17:31.682, 160.76, 100, 10740
2026/06/28 05:17:32.682, 161.95, 100, 10740
2026/06/28 05:17:33.682, 161.37, 100, 10740
2026/06/28 05:17:34.682, 161.36, 99, 10740
2026/06/28 05:17:35.682, 161.75, 100, 10740
2026/06/28 05:17:36.682, 160.87, 100, 10740
2026/06/28 05:17:37.683, 161.57, 100, 10740
2026/06/28 05:17:38.683, 160.48, 100, 10740
2026/06/28 05:17:39.683, 160.38, 98, 10740
2026/06/28 05:17:40.683, 161.97, 100, 10740
2026/06/28 05:17:41.683, 160.67, 100, 10740
2026/06/28 05:17:42.683, 161.61, 100, 10740
2026/06/28 05:17:43.684, 161.38, 100, 10740
2026/06/28 05:17:44.684, 160.44, 98, 10740
2026/06/28 05:17:45.684, 161.17, 100, 10740
2026/06/28 05:17:46.684, 160.89, 100, 10740
2026/06/28 05:17:47.684, 161.71, 100, 10740
2026/06/28 05:17:48.685, 161.37, 100, 10740
2026/06/28 05:17:49.685, 160.40, 98, 10740
2026/06/28 05:17:50.685, 161.94, 100, 10740
2026/06/28 05:17:51.685, 160.83, 100, 10740
2026/06/28 05:17:52.685, 161.32, 100, 10740
2026/06/28 05:17:53.694, 161.24, 100, 10740
2026/06/28 05:17:54.694, 161.33, 100, 10740
2026/06/28 05:17:55.694, 161.68, 100, 10740
2026/06/28 05:17:56.695, 160.69, 98, 10740
2026/06/28 05:17:57.695, 161.88, 100, 10740
2026/06/28 05:17:58.703, 161.04, 100, 10740
2026/06/28 05:17:59.704, 161.17, 100, 10740
2026/06/28 05:18:00.704, 161.32, 100, 10740
2026/06/28 05:18:01.704, 160.83, 100, 10740
2026/06/28 05:18:02.704, 161.78, 100, 10740
2026/06/28 05:18:03.713, 161.15, 100, 10740
2026/06/28 05:18:04.713, 160.45, 98, 10740
2026/06/28 05:18:05.713, 161.34, 100, 10740
2026/06/28 05:18:06.713, 160.59, 100, 10740
2026/06/28 05:18:07.713, 161.30, 100, 10740
2026/06/28 05:18:08.714, 161.13, 100, 10740
2026/06/28 05:18:09.714, 160.56, 98, 10740
2026/06/28 05:18:10.714, 161.21, 100, 10740
2026/06/28 05:18:11.714, 160.72, 100, 10740
2026/06/28 05:18:12.715, 161.49, 100, 10740
2026/06/28 05:18:13.715, 161.42, 100, 10740
2026/06/28 05:18:14.715, 160.86, 98, 10740
2026/06/28 05:18:15.715, 161.46, 100, 10740
2026/06/28 05:18:16.715, 160.95, 100, 10740
2026/06/28 05:18:17.716, 161.40, 100, 10740
2026/06/28 05:18:18.716, 161.58, 100, 10740
2026/06/28 05:18:19.716, 160.87, 98, 10740
2026/06/28 05:18:20.716, 161.68, 100, 10740
2026/06/28 05:18:21.717, 161.21, 100, 10740
2026/06/28 05:18:22.717, 161.45, 100, 10740
2026/06/28 05:18:23.725, 161.49, 100, 10740
2026/06/28 05:18:24.725, 160.76, 99, 10740
2026/06/28 05:18:25.726, 161.65, 100, 10740
2026/06/28 05:18:26.726, 160.96, 100, 10740
2026/06/28 05:18:27.726, 160.86, 100, 10740
2026/06/28 05:18:28.735, 161.31, 100, 10740
2026/06/28 05:18:29.735, 160.67, 100, 10740
2026/06/28 05:18:30.735, 161.55, 100, 10740
2026/06/28 05:18:31.735, 161.48, 100, 10740
2026/06/28 05:18:32.735, 160.71, 98, 10740
2026/06/28 05:18:33.744, 162.05, 100, 10740
2026/06/28 05:18:34.744, 160.76, 100, 10740
2026/06/28 05:18:35.744, 161.51, 100, 10740
2026/06/28 05:18:36.745, 161.26, 100, 10740
2026/06/28 05:18:37.745, 160.32, 99, 10740
2026/06/28 05:18:38.745, 161.36, 100, 10740
2026/06/28 05:18:39.745, 161.01, 100, 10740
2026/06/28 05:18:40.745, 161.62, 100, 10740
2026/06/28 05:18:41.746, 161.67, 100, 10740
2026/06/28 05:18:42.746, 160.46, 98, 10740
2026/06/28 05:18:43.754, 161.51, 100, 10740
2026/06/28 05:18:44.755, 161.01, 100, 10740
2026/06/28 05:18:45.755, 160.99, 100, 10740
2026/06/28 05:18:46.755, 161.57, 100, 10740
2026/06/28 05:18:47.755, 160.73, 98, 10740
2026/06/28 05:18:48.755, 162.02, 100, 10740
2026/06/28 05:18:49.755, 161.23, 100, 10740
2026/06/28 05:18:50.756, 161.10, 100, 10740
2026/06/28 05:18:51.756, 161.53, 100, 10740
2026/06/28 05:18:52.756, 160.39, 98, 10740
2026/06/28 05:18:53.765, 161.22, 100, 10740
2026/06/28 05:18:54.765, 160.94, 100, 10740
2026/06/28 05:18:55.765, 161.36, 100, 10740
2026/06/28 05:18:56.765, 161.86, 100, 10740
2026/06/28 05:18:57.766, 160.76, 100, 10740
2026/06/28 05:18:58.774, 162.03, 100, 10740
2026/06/28 05:18:59.774, 161.26, 100, 10740
2026/06/28 05:19:00.774, 160.82, 98, 10740
2026/06/28 05:19:01.775, 162.21, 100, 10740
2026/06/28 05:19:02.775, 160.83, 100, 10740
2026/06/28 05:19:03.783, 161.62, 100, 10740
2026/06/28 05:19:04.784, 161.39, 100, 10740
2026/06/28 05:19:05.784, 160.48, 97, 10740
2026/06/28 05:19:06.784, 161.66, 100, 10740
2026/06/28 05:19:07.784, 161.12, 100, 10740
2026/06/28 05:19:08.793, 161.73, 100, 10740
2026/06/28 05:19:09.793, 161.70, 100, 10740
2026/06/28 05:19:10.793, 160.58, 98, 10740
2026/06/28 05:19:11.793, 161.41, 100, 10740
2026/06/28 05:19:12.793, 161.01, 100, 10740
2026/06/28 05:19:13.802, 161.14, 100, 10740
2026/06/28 05:19:14.802, 161.52, 100, 10740
2026/06/28 05:19:15.802, 160.73, 98, 10740
2026/06/28 05:19:16.803, 161.56, 100, 10740
2026/06/28 05:19:17.803, 161.33, 100, 10740
2026/06/28 05:19:18.803, 161.21, 100, 10740
2026/06/28 05:19:19.803, 161.67, 100, 10740
2026/06/28 05:19:20.803, 160.94, 98, 10740
2026/06/28 05:19:21.804, 161.67, 100, 10740
2026/06/28 05:19:22.804, 161.28, 100, 10740
2026/06/28 05:19:23.804, 161.40, 100, 10740
2026/06/28 05:19:24.804, 161.94, 100, 10740
2026/06/28 05:19:25.804, 160.76, 100, 10740
2026/06/28 05:19:26.805, 161.76, 100, 10740
2026/06/28 05:19:27.805, 161.38, 100, 10740
2026/06/28 05:19:28.805, 160.27, 98, 10740
2026/06/28 05:19:29.805, 162.33, 100, 10740
2026/06/28 05:19:30.805, 160.87, 100, 10740
2026/06/28 05:19:31.805, 161.62, 100, 10740
2026/06/28 05:19:32.806, 161.15, 100, 10740
2026/06/28 05:19:33.806, 160.50, 98, 10740
2026/06/28 05:19:34.806, 161.95, 100, 10740
2026/06/28 05:19:35.806, 160.67, 100, 10740
2026/06/28 05:19:36.807, 161.36, 100, 10740
2026/06/28 05:19:37.807, 161.44, 100, 10740
2026/06/28 05:19:38.807, 160.71, 98, 10740
2026/06/28 05:19:39.809, 161.45, 100, 10740
2026/06/28 05:19:40.810, 161.20, 100, 10740
2026/06/28 05:19:41.810, 161.39, 100, 10740
2026/06/28 05:19:42.810, 161.49, 100, 10740
2026/06/28 05:19:43.819, 160.65, 98, 10740
2026/06/28 05:19:44.819, 162.08, 100, 10740
2026/06/28 05:19:45.819, 160.93, 100, 10740
2026/06/28 05:19:46.819, 160.96, 100, 10740
2026/06/28 05:19:47.819, 161.55, 100, 10740
2026/06/28 05:19:48.828, 160.61, 100, 10740
2026/06/28 05:19:49.828, 162.13, 100, 10740
2026/06/28 05:19:50.828, 161.15, 100, 10740
2026/06/28 05:19:51.828, 160.90, 100, 10740
2026/06/28 05:19:52.829, 161.25, 100, 10740
2026/06/28 05:19:53.837, 160.79, 100, 10740
2026/06/28 05:19:54.837, 161.30, 100, 10740
2026/06/28 05:19:55.837, 161.36, 100, 10740
2026/06/28 05:19:56.838, 160.44, 98, 10740
2026/06/28 05:19:57.838, 162.12, 100, 10740
2026/06/28 05:19:58.838, 160.86, 100, 10740
2026/06/28 05:19:59.838, 162.00, 100, 10740
2026/06/28 05:20:00.839, 161.29, 100, 10740
2026/06/28 05:20:01.839, 160.44, 98, 10740
2026/06/28 05:20:02.839, 161.60, 100, 10740
2026/06/28 05:20:03.848, 161.20, 100, 10740
2026/06/28 05:20:04.848, 162.00, 100, 10740
2026/06/28 05:20:05.848, 161.36, 100, 10740
2026/06/28 05:20:06.848, 160.98, 98, 10740
2026/06/28 05:20:07.848, 161.75, 100, 10740
2026/06/28 05:20:08.856, 159.91, 100, 10740
2026/06/28 05:20:09.857, 161.20, 100, 10740
2026/06/28 05:20:10.857, 161.35, 100, 10740
2026/06/28 05:20:11.857, 160.58, 98, 10740
2026/06/28 05:20:12.857, 161.23, 100, 10740
2026/06/28 05:20:13.866, 160.91, 100, 10740
2026/06/28 05:20:14.866, 160.74, 100, 10740
2026/06/28 05:20:15.866, 161.08, 100, 10740
2026/06/28 05:20:16.866, 160.54, 100, 10740
2026/06/28 05:20:17.866, 161.28, 100, 10740
2026/06/28 05:20:18.867, 160.85, 100, 10740
2026/06/28 05:20:19.867, 160.71, 100, 10740
2026/06/28 05:20:20.867, 160.86, 100, 10740
2026/06/28 05:20:21.867, 160.42, 100, 10740
2026/06/28 05:20:22.867, 161.43, 100, 10740
2026/06/28 05:20:23.868, 161.14, 100, 10740
2026/06/28 05:20:24.868, 160.23, 98, 10740
2026/06/28 05:20:25.868, 162.10, 100, 10740
2026/06/28 05:20:26.868, 160.90, 100, 10740
2026/06/28 05:20:27.868, 161.63, 100, 10740
2026/06/28 05:20:28.869, 161.10, 100, 10740
2026/06/28 05:20:29.869, 160.53, 98, 10740
2026/06/28 05:20:30.869, 161.86, 100, 10740
2026/06/28 05:20:31.869, 160.65, 100, 10740
2026/06/28 05:20:32.869, 161.38, 100, 10740
2026/06/28 05:20:33.869, 161.19, 100, 10740
2026/06/28 05:20:34.870, 160.28, 98, 10740
2026/06/28 05:20:35.870, 161.12, 100, 10740
2026/06/28 05:20:36.870, 160.82, 100, 10740
2026/06/28 05:20:37.870, 161.49, 100, 10740
2026/06/28 05:20:38.871, 161.41, 100, 10740
2026/06/28 05:20:39.871, 160.39, 98, 10740
2026/06/28 05:20:40.871, 161.72, 100, 10740
2026/06/28 05:20:41.879, 161.17, 100, 10740
2026/06/28 05:20:42.880, 161.40, 100, 10740
2026/06/28 05:20:43.880, 161.46, 100, 10740
2026/06/28 05:20:44.880, 160.58, 98, 10740
2026/06/28 05:20:45.880, 161.26, 100, 10740
2026/06/28 05:20:46.880, 160.85, 100, 10740
2026/06/28 05:20:47.881, 161.06, 100, 10740
2026/06/28 05:20:48.881, 161.37, 100, 10740
2026/06/28 05:20:49.881, 160.58, 100, 10740
2026/06/28 05:20:50.881, 161.60, 100, 10740
2026/06/28 05:20:51.881, 160.87, 100, 10740
2026/06/28 05:20:52.882, 161.17, 100, 10740
2026/06/28 05:20:53.882, 161.77, 100, 10740
2026/06/28 05:20:54.882, 160.60, 100, 10740
2026/06/28 05:20:55.882, 161.52, 100, 10740
2026/06/28 05:20:56.882, 161.38, 100, 10740
2026/06/28 05:20:57.883, 160.79, 98, 10740
2026/06/28 05:20:58.883, 161.24, 100, 10740
2026/06/28 05:20:59.883, 160.66, 100, 10740
2026/06/28 05:21:00.883, 161.58, 100, 10740
2026/06/28 05:21:01.884, 161.38, 100, 10740
2026/06/28 05:21:02.884, 160.24, 98, 10740
2026/06/28 05:21:03.884, 162.22, 100, 10740
2026/06/28 05:21:04.884, 160.88, 100, 10740
2026/06/28 05:21:05.884, 161.78, 100, 10740
2026/06/28 05:21:06.893, 161.49, 100, 10740
2026/06/28 05:21:07.893, 160.26, 98, 10740
2026/06/28 05:21:08.893, 161.24, 100, 10740
2026/06/28 05:21:09.894, 160.88, 100, 10740
2026/06/28 05:21:10.894, 161.52, 100, 10740
2026/06/28 05:21:11.894, 161.24, 100, 10740
2026/06/28 05:21:12.894, 160.58, 98, 10740
2026/06/28 05:21:13.894, 162.04, 100, 10740
2026/06/28 05:21:14.894, 161.13, 100, 10740
2026/06/28 05:21:15.895, 161.33, 100, 10740
2026/06/28 05:21:16.903, 161.75, 100, 10740
2026/06/28 05:21:17.903, 160.72, 98, 10740
2026/06/28 05:21:18.904, 161.85, 100, 10740
2026/06/28 05:21:19.904, 161.39, 100, 10740
2026/06/28 05:21:20.904, 161.59, 100, 10740
2026/06/28 05:21:21.904, 161.63, 100, 10740
2026/06/28 05:21:22.904, 160.90, 99, 10740
2026/06/28 05:21:23.905, 161.44, 100, 10740
2026/06/28 05:21:24.905, 161.24, 100, 10740
2026/06/28 05:21:25.905, 161.14, 100, 10740
2026/06/28 05:21:26.905, 161.44, 100, 10740
2026/06/28 05:21:27.906, 160.76, 100, 10740
2026/06/28 05:21:28.906, 161.71, 100, 10740
2026/06/28 05:21:29.906, 160.91, 100, 10740
2026/06/28 05:21:30.906, 160.18, 98, 10740
2026/06/28 05:21:31.906, 160.93, 100, 10740
2026/06/28 05:21:32.907, 163.45, 100, 10740
2026/06/28 05:21:33.907, 163.64, 100, 10740
2026/06/28 05:21:34.907, 163.68, 100, 10740
2026/06/28 05:21:35.907, 163.46, 100, 10740
2026/06/28 05:21:36.916, 163.50, 100, 10740
2026/06/28 05:21:37.916, 163.59, 100, 10740
2026/06/28 05:21:38.916, 163.33, 100, 10740
2026/06/28 05:21:39.916, 163.34, 100, 10740
2026/06/28 05:21:40.917, 163.52, 100, 10740
2026/06/28 05:21:41.925, 163.51, 100, 10740
2026/06/28 05:21:42.925, 163.59, 100, 10740
2026/06/28 05:21:43.926, 163.76, 100, 10740
2026/06/28 05:21:44.926, 163.31, 100, 10740
2026/06/28 05:21:45.926, 163.57, 100, 10740
2026/06/28 05:21:46.935, 163.55, 100, 10740
2026/06/28 05:21:47.935, 163.78, 100, 10740
2026/06/28 05:21:48.935, 163.77, 100, 10740
2026/06/28 05:21:49.935, 163.80, 100, 10740
2026/06/28 05:21:50.935, 163.41, 100, 10740
2026/06/28 05:21:51.936, 163.60, 100, 10740
2026/06/28 05:21:52.936, 163.75, 100, 10740
2026/06/28 05:21:53.936, 163.73, 100, 10740
2026/06/28 05:21:54.936, 163.66, 100, 10740
2026/06/28 05:21:55.936, 163.68, 100, 10740
2026/06/28 05:21:56.937, 163.73, 100, 10740
2026/06/28 05:21:57.937, 163.70, 100, 10740
2026/06/28 05:21:58.937, 163.59, 100, 10740
2026/06/28 05:21:59.937, 163.54, 100, 10740
2026/06/28 05:22:00.937, 163.71, 100, 10740
2026/06/28 05:22:01.938, 163.69, 100, 10740
2026/06/28 05:22:02.938, 163.58, 100, 10740
2026/06/28 05:22:03.938, 163.35, 100, 10740
2026/06/28 05:22:04.938, 163.44, 100, 10740
2026/06/28 05:22:05.938, 163.56, 100, 10740
2026/06/28 05:22:06.938, 163.63, 100, 10740
2026/06/28 05:22:07.947, 163.53, 100, 10740
2026/06/28 05:22:08.947, 163.40, 100, 10740
2026/06/28 05:22:09.947, 163.34, 100, 10740
2026/06/28 05:22:10.948, 163.40, 99, 10740
2026/06/28 05:22:11.948, 163.51, 100, 10740
2026/06/28 05:22:12.956, 163.47, 100, 10740
2026/06/28 05:22:13.956, 163.74, 100, 10740
2026/06/28 05:22:14.957, 163.46, 100, 10740
2026/06/28 05:22:15.957, 163.69, 100, 10740
2026/06/28 05:22:16.957, 163.26, 100, 10740
2026/06/28 05:22:17.957, 163.48, 100, 10740
2026/06/28 05:22:18.957, 163.43, 100, 10740
2026/06/28 05:22:19.958, 163.60, 100, 10740
2026/06/28 05:22:20.958, 163.45, 100, 10740
2026/06/28 05:22:21.958, 163.47, 100, 10740
2026/06/28 05:22:22.958, 155.54, 44, 10740
2026/06/28 05:22:23.958, 154.46, 100, 10740
2026/06/28 05:22:24.958, 160.80, 100, 10740
2026/06/28 05:22:25.959, 161.72, 100, 10740
2026/06/28 05:22:26.959, 161.50, 100, 10740
2026/06/28 05:22:27.959, 160.46, 98, 10740
2026/06/28 05:22:28.959, 161.54, 100, 10740
2026/06/28 05:22:29.959, 160.90, 100, 10740
2026/06/28 05:22:30.960, 161.56, 100, 10740
2026/06/28 05:22:31.960, 161.15, 100, 10740
2026/06/28 05:22:32.968, 160.48, 99, 10740
2026/06/28 05:22:33.969, 161.45, 100, 10740
2026/06/28 05:22:34.969, 160.71, 100, 10740
2026/06/28 05:22:35.969, 161.38, 100, 10740
2026/06/28 05:22:36.969, 161.45, 100, 10740
2026/06/28 05:22:37.969, 160.38, 98, 10740
2026/06/28 05:22:38.970, 161.43, 100, 10740
2026/06/28 05:22:39.970, 161.08, 100, 10740
2026/06/28 05:22:40.970, 161.28, 100, 10740
2026/06/28 05:22:41.970, 161.38, 100, 10740
2026/06/28 05:22:42.979, 159.86, 98, 10740
2026/06/28 05:22:43.979, 161.66, 100, 10740
2026/06/28 05:22:44.979, 161.19, 100, 10740
2026/06/28 05:22:45.979, 161.26, 100, 10740
2026/06/28 05:22:46.980, 161.38, 100, 10740
2026/06/28 05:22:47.980, 160.35, 98, 10740
2026/06/28 05:22:48.980, 161.77, 100, 10740
2026/06/28 05:22:49.980, 161.06, 100, 10740
2026/06/28 05:22:50.980, 160.70, 100, 10740
2026/06/28 05:22:51.981, 161.44, 100, 10740
2026/06/28 05:22:52.989, 160.76, 100, 10740
2026/06/28 05:22:53.989, 161.74, 100, 10740
2026/06/28 05:22:54.989, 161.01, 100, 10740
2026/06/28 05:22:55.990, 160.72, 98, 10740
2026/06/28 05:22:56.990, 161.60, 100, 10740
2026/06/28 05:22:57.990, 160.62, 100, 10740
2026/06/28 05:22:58.990, 161.67, 100, 10740
2026/06/28 05:22:59.990, 161.35, 100, 10740
2026/06/28 05:23:00.991, 160.25, 98, 10740
2026/06/28 05:23:01.991, 161.43, 100, 10740
2026/06/28 05:23:02.991, 160.65, 100, 10740
2026/06/28 05:23:03.991, 161.80, 100, 10740
2026/06/28 05:23:04.991, 161.21, 100, 10740
2026/06/28 05:23:05.992, 160.56, 98, 10740
2026/06/28 05:23:06.992, 161.16, 100, 10740
2026/06/28 05:23:07.992, 160.59, 100, 10740
2026/06/28 05:23:08.992, 161.45, 100, 10740
2026/06/28 05:23:09.993, 161.46, 100, 10740
2026/06/28 05:23:10.993, 160.70, 98, 10740
2026/06/28 05:23:11.993, 161.97, 100, 10740
2026/06/28 05:23:12.993, 160.98, 100, 10740
2026/06/28 05:23:13.993, 161.28, 100, 10740
2026/06/28 05:23:14.994, 161.31, 100, 10740
2026/06/28 05:23:15.994, 160.72, 98, 10740
2026/06/28 05:23:16.994, 161.76, 100, 10740
2026/06/28 05:23:18.003, 161.13, 100, 10740
2026/06/28 05:23:19.003, 161.24, 100, 10740
2026/06/28 05:23:20.003, 161.53, 100, 10740
2026/06/28 05:23:21.003, 160.57, 99, 10740
2026/06/28 05:23:22.003, 161.65, 100, 10740
2026/06/28 05:23:23.004, 161.27, 100, 10740
2026/06/28 05:23:24.004, 161.18, 100, 10740
2026/06/28 05:23:25.004, 161.50, 100, 10740
2026/06/28 05:23:26.004, 160.46, 100, 10740
2026/06/28 05:23:27.004, 161.62, 100, 10740
2026/06/28 05:23:28.013, 161.16, 100, 10740
2026/06/28 05:23:29.013, 160.34, 97, 10740
2026/06/28 05:23:30.013, 161.79, 100, 10740
2026/06/28 05:23:31.013, 160.62, 100, 10740
2026/06/28 05:23:32.014, 161.35, 100, 10740
2026/06/28 05:23:33.014, 161.54, 100, 10740
2026/06/28 05:23:34.014, 160.96, 98, 10740
2026/06/28 05:23:35.014, 161.67, 100, 10740
2026/06/28 05:23:36.014, 161.03, 100, 10740
2026/06/28 05:23:37.015, 160.66, 100, 10740
2026/06/28 05:23:38.015, 161.99, 100, 10740
2026/06/28 05:23:39.015, 160.87, 98, 10740
2026/06/28 05:23:40.015, 161.71, 100, 10740
2026/06/28 05:23:41.015, 160.90, 100, 10740
2026/06/28 05:23:42.016, 160.22, 98, 10740
2026/06/28 05:23:43.016, 161.77, 100, 10740
2026/06/28 05:23:44.016, 160.54, 100, 10740
2026/06/28 05:23:45.016, 161.42, 100, 10740
2026/06/28 05:23:46.016, 161.18, 100, 10740
2026/06/28 05:23:47.016, 160.75, 99, 10740
2026/06/28 05:23:48.017, 161.39, 100, 10740
2026/06/28 05:23:49.017, 160.51, 100, 10740
2026/06/28 05:23:50.017, 161.44, 100, 10740
2026/06/28 05:23:51.017, 161.74, 100, 10740
2026/06/28 05:23:52.017, 160.80, 98, 10740
2026/06/28 05:23:53.026, 161.55, 100, 10740
2026/06/28 05:23:54.026, 160.89, 100, 10740
2026/06/28 05:23:55.026, 161.21, 100, 10740
2026/06/28 05:23:56.027, 161.28, 100, 10740
2026/06/28 05:23:57.027, 160.59, 99, 10740
2026/06/28 05:23:58.027, 161.37, 100, 10740
2026/06/28 05:23:59.027, 160.88, 100, 10740
2026/06/28 05:24:00.027, 160.74, 100, 10740
2026/06/28 05:24:01.028, 161.26, 100, 10740
2026/06/28 05:24:02.028, 160.76, 100, 10740
2026/06/28 05:24:03.028, 161.69, 100, 10740
2026/06/28 05:24:04.028, 161.27, 100, 10740
2026/06/28 05:24:05.028, 160.69, 99, 10740
2026/06/28 05:24:06.029, 161.37, 100, 10740
2026/06/28 05:24:07.029, 160.42, 100, 10740
2026/06/28 05:24:08.029, 161.48, 100, 10740
2026/06/28 05:24:09.029, 161.09, 100, 10740
2026/06/28 05:24:10.029, 160.20, 98, 10740
2026/06/28 05:24:11.029, 161.29, 100, 10740
2026/06/28 05:24:12.029, 160.53, 100, 10740
2026/06/28 05:24:13.038, 161.52, 100, 10740
2026/06/28 05:24:14.038, 161.41, 100, 10740
2026/06/28 05:24:15.038, 160.41, 98, 10740
2026/06/28 05:24:16.039, 161.88, 100, 10740
2026/06/28 05:24:17.039, 160.67, 100, 10740
2026/06/28 05:24:18.047, 161.42, 100, 10740
2026/06/28 05:24:19.048, 161.13, 100, 10740
2026/06/28 05:24:20.048, 160.54, 98, 10740
2026/06/28 05:24:21.048, 161.17, 100, 10740
2026/06/28 05:24:22.048, 160.93, 100, 10740
2026/06/28 05:24:23.048, 161.30, 100, 10740
2026/06/28 05:24:24.049, 161.39, 100, 10740
2026/06/28 05:24:25.049, 160.58, 98, 10740
2026/06/28 05:24:26.049, 161.46, 100, 10740
2026/06/28 05:24:27.049, 161.03, 100, 10740
2026/06/28 05:24:28.049, 161.21, 100, 10740
2026/06/28 05:24:29.050, 160.33, 100, 10740
2026/06/28 05:24:30.050, 160.55, 98, 10740
2026/06/28 05:24:31.050, 161.42, 100, 10740
2026/06/28 05:24:32.050, 161.26, 100, 10740
2026/06/28 05:24:33.050, 161.27, 100, 10740
2026/06/28 05:24:34.051, 161.41, 100, 10740
2026/06/28 05:24:35.051, 160.79, 100, 10740
2026/06/28 05:24:36.051, 161.85, 100, 10740
2026/06/28 05:24:37.051, 161.18, 100, 10740
2026/06/28 05:24:38.051, 161.22, 99, 10740
2026/06/28 05:24:39.052, 161.77, 100, 10740
2026/06/28 05:24:40.052, 159.79, 100, 10740
2026/06/28 05:24:41.052, 161.67, 100, 10740
2026/06/28 05:24:42.052, 161.43, 100, 10740
2026/06/28 05:24:43.052, 160.51, 98, 10740
2026/06/28 05:24:44.053, 162.29, 100, 10740
2026/06/28 05:24:45.053, 160.82, 100, 10740
2026/06/28 05:24:46.053, 161.71, 100, 10740
2026/06/28 05:24:47.053, 161.47, 100, 10740
2026/06/28 05:24:48.053, 160.24, 98, 10740
2026/06/28 05:24:49.054, 161.52, 100, 10740
2026/06/28 05:24:50.054, 160.99, 100, 10740
2026/06/28 05:24:51.054, 161.03, 100, 10740
2026/06/28 05:24:52.054, 161.13, 100, 10740
2026/06/28 05:24:53.054, 160.40, 98, 10740
2026/06/28 05:24:54.055, 161.90, 100, 10740
2026/06/28 05:24:55.063, 161.04, 100, 10740
2026/06/28 05:24:56.063, 161.46, 100, 10740
2026/06/28 05:24:57.064, 161.80, 100, 10740
2026/06/28 05:24:58.064, 161.14, 98, 10740
2026/06/28 05:24:59.064, 161.88, 100, 10740
2026/06/28 05:25:00.064, 161.28, 100, 10740
2026/06/28 05:25:01.064, 161.82, 100, 10740
2026/06/28 05:25:02.065, 161.88, 100, 10740
2026/06/28 05:25:03.065, 160.76, 100, 10740
2026/06/28 05:25:04.065, 161.82, 100, 10740
2026/06/28 05:25:05.065, 161.32, 100, 10740
2026/06/28 05:25:06.065, 161.38, 100, 10740
2026/06/28 05:25:07.065, 161.43, 100, 10740
2026/06/28 05:25:08.066, 159.40, 100, 10740
2026/06/28 05:25:09.066, 161.44, 100, 10740
2026/06/28 05:25:10.066, 161.49, 100, 10740
2026/06/28 05:25:11.066, 160.85, 98, 10740
2026/06/28 05:25:12.066, 161.29, 100, 10740
2026/06/28 05:25:13.075, 160.54, 100, 10740
2026/06/28 05:25:14.075, 161.59, 100, 10740
2026/06/28 05:25:15.075, 161.36, 100, 10740
2026/06/28 05:25:16.076, 160.29, 98, 10740
2026/06/28 05:25:17.076, 161.87, 100, 10740
2026/06/28 05:25:18.076, 160.80, 100, 10740
2026/06/28 05:25:19.076, 161.16, 100, 10740
2026/06/28 05:25:20.076, 161.30, 100, 10740
2026/06/28 05:25:21.077, 160.20, 98, 10740
2026/06/28 05:25:22.077, 161.89, 100, 10740
2026/06/28 05:25:23.077, 160.66, 100, 10740
2026/06/28 05:25:24.077, 161.33, 100, 10740
2026/06/28 05:25:25.077, 161.10, 100, 10740
2026/06/28 05:25:26.078, 160.47, 98, 10740
2026/06/28 05:25:27.078, 161.78, 100, 10740
2026/06/28 05:25:28.086, 160.89, 100, 10740
2026/06/28 05:25:29.087, 161.51, 100, 10740
2026/06/28 05:25:30.087, 161.50, 100, 10740
2026/06/28 05:25:31.087, 160.47, 98, 10740
2026/06/28 05:25:32.087, 161.58, 100, 10740
2026/06/28 05:25:33.096, 160.91, 100, 10740
2026/06/28 05:25:34.096, 160.90, 100, 10740
2026/06/28 05:25:35.096, 161.11, 100, 10740
2026/06/28 05:25:36.096, 160.59, 100, 10740
2026/06/28 05:25:37.096, 161.25, 100, 10740
2026/06/28 05:25:38.105, 160.81, 100, 10740
2026/06/28 05:25:39.105, 160.54, 100, 10740
2026/06/28 05:25:40.105, 161.52, 100, 10740
2026/06/28 05:25:41.106, 160.47, 100, 10740
2026/06/28 05:25:42.106, 161.57, 100, 10740
2026/06/28 05:25:43.106, 160.87, 100, 10740
2026/06/28 05:25:44.106, 160.63, 98, 10740
2026/06/28 05:25:45.106, 161.70, 100, 10740
2026/06/28 05:25:46.107, 160.46, 100, 10740
2026/06/28 05:25:47.107, 161.31, 100, 10740
2026/06/28 05:25:48.107, 161.42, 100, 10740
2026/06/28 05:25:49.107, 160.27, 98, 10740
2026/06/28 05:25:50.107, 161.21, 100, 10740
2026/06/28 05:25:51.107, 160.54, 100, 10740
2026/06/28 05:25:52.108, 161.42, 100, 10740
2026/06/28 05:25:53.116, 161.10, 100, 10740
2026/06/28 05:25:54.116, 160.36, 98, 10740
2026/06/28 05:25:55.117, 161.89, 100, 10740
2026/06/28 05:25:56.117, 160.76, 100, 10740
2026/06/28 05:25:57.117, 161.16, 100, 10740
2026/06/28 05:25:58.117, 161.20, 100, 10740
2026/06/28 05:25:59.117, 160.22, 98, 10740
2026/06/28 05:26:00.118, 161.69, 100, 10740
2026/06/28 05:26:01.118, 160.73, 100, 10740
2026/06/28 05:26:02.118, 161.21, 100, 10740
2026/06/28 05:26:03.127, 161.20, 100, 10740
2026/06/28 05:26:04.127, 160.70, 98, 10740
2026/06/28 05:26:05.127, 161.88, 100, 10740
2026/06/28 05:26:06.127, 161.18, 100, 10740
2026/06/28 05:26:07.127, 161.63, 100, 10740
2026/06/28 05:26:08.128, 161.77, 100, 10740
2026/06/28 05:26:09.128, 160.73, 100, 10740
2026/06/28 05:26:10.128, 161.57, 100, 10740
2026/06/28 05:26:11.128, 160.92, 100, 10740
2026/06/28 05:26:12.128, 160.99, 100, 10740
2026/06/28 05:26:13.137, 161.44, 100, 10740
2026/06/28 05:26:14.137, 160.74, 100, 10740
2026/06/28 05:26:15.137, 161.70, 100, 10740
2026/06/28 05:26:16.137, 161.13, 100, 10740
2026/06/28 05:26:17.138, 160.22, 98, 10740
2026/06/28 05:26:18.138, 162.23, 100, 10740
2026/06/28 05:26:19.138, 160.54, 100, 10740
2026/06/28 05:26:20.138, 161.55, 100, 10740
2026/06/28 05:26:21.138, 161.00, 100, 10740
2026/06/28 05:26:22.138, 160.38, 98, 10740
2026/06/28 05:26:23.139, 161.20, 100, 10740
2026/06/28 05:26:24.139, 160.78, 100, 10740
2026/06/28 05:26:25.139, 161.23, 100, 10740
2026/06/28 05:26:26.139, 161.29, 100, 10740
2026/06/28 05:26:27.139, 160.34, 98, 10740
2026/06/28 05:26:28.148, 161.60, 100, 10740
2026/06/28 05:26:29.148, 160.55, 100, 10740
2026/06/28 05:26:30.148, 161.12, 100, 10740
2026/06/28 05:26:31.148, 161.17, 100, 10740
2026/06/28 05:26:32.149, 160.51, 98, 10740
2026/06/28 05:26:33.149, 161.71, 100, 10740
2026/06/28 05:26:34.149, 160.88, 100, 10740
2026/06/28 05:26:35.149, 161.03, 100, 10740
2026/06/28 05:26:36.149, 161.09, 100, 10740
2026/06/28 05:26:37.150, 160.76, 98, 10740
2026/06/28 05:26:38.150, 161.58, 100, 10740
2026/06/28 05:26:39.150, 160.71, 100, 10740
2026/06/28 05:26:40.150, 160.82, 100, 10740
2026/06/28 05:26:41.150, 161.49, 100, 10740
2026/06/28 05:26:42.151, 160.71, 100, 10740
2026/06/28 05:26:43.151, 161.48, 100, 10740
2026/06/28 05:26:44.151, 161.15, 100, 10740
2026/06/28 05:26:45.151, 161.23, 100, 10740
2026/06/28 05:26:46.151, 161.74, 100, 10740
2026/06/28 05:26:47.152, 160.71, 100, 10740
2026/06/28 05:26:48.152, 161.47, 100, 10740
2026/06/28 05:26:49.152, 161.07, 100, 10740
2026/06/28 05:26:50.152, 160.03, 98, 10740
2026/06/28 05:26:51.152, 161.72, 100, 10740
2026/06/28 05:26:52.153, 160.67, 100, 10740
2026/06/28 05:26:53.161, 161.25, 100, 10740
2026/06/28 05:26:54.161, 160.98, 100, 10740
2026/06/28 05:26:55.161, 160.45, 98, 10740
2026/06/28 05:26:56.162, 161.32, 100, 10740
2026/06/28 05:26:57.162, 160.75, 100, 10740
2026/06/28 05:26:58.170, 161.18, 100, 10740
2026/06/28 05:26:59.170, 161.20, 100, 10740
2026/06/28 05:27:00.171, 160.74, 99, 10740
2026/06/28 05:27:01.171, 161.53, 100, 10740
2026/06/28 05:27:02.171, 160.87, 100, 10740
2026/06/28 05:27:03.171, 161.20, 100, 10740
2026/06/28 05:27:04.171, 161.41, 100, 10740
2026/06/28 05:27:05.172, 160.65, 98, 10740
2026/06/28 05:27:06.172, 161.36, 100, 10740
2026/06/28 05:27:07.172, 160.94, 100, 10740
2026/06/28 05:27:08.172, 161.25, 100, 10740
2026/06/28 05:27:09.172, 161.36, 100, 10740
2026/06/28 05:27:10.173, 160.36, 98, 10740
2026/06/28 05:27:11.173, 161.16, 100, 10740
2026/06/28 05:27:12.173, 160.95, 100, 10740
2026/06/28 05:27:13.182, 161.23, 100, 10740
2026/06/28 05:27:14.182, 161.60, 100, 10740
2026/06/28 05:27:15.182, 160.45, 100, 10740
2026/06/28 05:27:16.182, 161.71, 100, 10740
2026/06/28 05:27:17.182, 160.90, 100, 10740
2026/06/28 05:27:18.183, 160.03, 100, 10740
2026/06/28 05:27:19.183, 161.49, 100, 10740
2026/06/28 05:27:20.183, 160.60, 100, 10740
2026/06/28 05:27:21.183, 161.44, 100, 10740
2026/06/28 05:27:22.184, 160.99, 100, 10740
2026/06/28 05:27:23.192, 161.41, 99, 10740
2026/06/28 05:27:24.192, 161.70, 100, 10740
2026/06/28 05:27:25.192, 160.63, 100, 10740
2026/06/28 05:27:26.193, 161.98, 100, 10740
2026/06/28 05:27:27.193, 161.01, 100, 10740
2026/06/28 05:27:28.201, 160.35, 98, 10740
2026/06/28 05:27:29.202, 161.55, 100, 10740
2026/06/28 05:27:30.202, 161.04, 100, 10740
2026/06/28 05:27:31.202, 161.61, 100, 10740
2026/06/28 05:27:32.202, 161.07, 100, 10740
2026/06/28 05:27:33.202, 160.56, 98, 10740
2026/06/28 05:27:34.203, 161.48, 100, 10740
2026/06/28 05:27:35.203, 161.06, 100, 10740
2026/06/28 05:27:36.203, 163.32, 100, 10740
2026/06/28 05:27:37.203, 163.69, 100, 10740
2026/06/28 05:27:38.203, 163.65, 100, 10740
2026/06/28 05:27:39.204, 163.78, 100, 10740
2026/06/28 05:27:40.204, 163.77, 100, 10740
2026/06/28 05:27:41.204, 163.44, 100, 10740
2026/06/28 05:27:42.204, 163.52, 100, 10740
2026/06/28 05:27:43.205, 163.65, 100, 10740
2026/06/28 05:27:44.205, 163.77, 100, 10740
2026/06/28 05:27:45.205, 163.71, 100, 10740
2026/06/28 05:27:46.205, 163.53, 100, 10740
2026/06/28 05:27:47.205, 163.43, 100, 10740
2026/06/28 05:27:48.206, 163.27, 100, 10740
2026/06/28 05:27:49.206, 163.62, 100, 10740
2026/06/28 05:27:50.206, 163.64, 100, 10740
2026/06/28 05:27:51.206, 163.65, 100, 10740
2026/06/28 05:27:52.206, 163.52, 100, 10740
2026/06/28 05:27:53.215, 163.58, 100, 10740
2026/06/28 05:27:54.215, 163.41, 100, 10740
2026/06/28 05:27:55.215, 163.54, 100, 10740
2026/06/28 05:27:56.216, 163.46, 100, 10740
2026/06/28 05:27:57.216, 163.57, 100, 10740
2026/06/28 05:27:58.216, 163.77, 100, 10740
2026/06/28 05:27:59.216, 163.53, 100, 10740
2026/06/28 05:28:00.216, 163.38, 100, 10740
2026/06/28 05:28:01.217, 163.45, 100, 10740
2026/06/28 05:28:02.217, 163.50, 100, 10740
2026/06/28 05:28:03.225, 163.70, 100, 10740
2026/06/28 05:28:04.225, 163.68, 100, 10740
2026/06/28 05:28:05.226, 163.70, 100, 10740
2026/06/28 05:28:06.226, 163.59, 100, 10740
2026/06/28 05:28:07.226, 163.38, 100, 10740
2026/06/28 05:28:08.235, 163.57, 100, 10740
2026/06/28 05:28:09.235, 163.69, 100, 10740
2026/06/28 05:28:10.235, 163.57, 100, 10740
2026/06/28 05:28:11.235, 163.47, 100, 10740
2026/06/28 05:28:12.235, 163.49, 100, 10740
2026/06/28 05:28:13.236, 163.34, 100, 10740
2026/06/28 05:28:14.236, 163.75, 100, 10740
2026/06/28 05:28:15.236, 164.00, 100, 10740
2026/06/28 05:28:16.236, 164.39, 100, 10740
2026/06/28 05:28:17.236, 164.26, 100, 10740
2026/06/28 05:28:18.237, 163.98, 100, 10740
2026/06/28 05:28:19.237, 163.67, 100, 10740
2026/06/28 05:28:20.237, 163.50, 100, 10740
2026/06/28 05:28:21.237, 163.54, 100, 10740
2026/06/28 05:28:22.237, 163.63, 100, 10740
2026/06/28 05:28:23.238, 163.62, 100, 10740
2026/06/28 05:28:24.238, 163.73, 100, 10740
2026/06/28 05:28:25.238, 164.09, 100, 10740
2026/06/28 05:28:26.238, 156.12, 100, 10740
2026/06/28 05:28:27.238, 161.20, 100, 10740
2026/06/28 05:28:28.247, 161.15, 100, 10740
2026/06/28 05:28:29.247, 161.15, 100, 10740
2026/06/28 05:28:30.247, 160.66, 98, 10740
2026/06/28 05:28:31.248, 161.46, 100, 10740
2026/06/28 05:28:32.248, 161.18, 100, 10740
2026/06/28 05:28:33.248, 161.19, 100, 10740
2026/06/28 05:28:34.248, 161.79, 100, 10740
2026/06/28 05:28:35.249, 160.91, 98, 10740
2026/06/28 05:28:36.249, 161.90, 100, 10740
2026/06/28 05:28:37.249, 161.32, 100, 10740
2026/06/28 05:28:38.249, 161.45, 100, 10740
2026/06/28 05:28:39.249, 161.51, 100, 10740
2026/06/28 05:28:40.249, 160.52, 100, 10740
2026/06/28 05:28:41.250, 161.92, 100, 10740
2026/06/28 05:28:42.250, 161.34, 100, 10740
2026/06/28 05:28:43.258, 161.04, 98, 10740
2026/06/28 05:28:44.259, 161.45, 100, 10740
2026/06/28 05:28:45.259, 160.91, 100, 10740
2026/06/28 05:28:46.259, 161.52, 100, 10740
2026/06/28 05:28:47.259, 161.20, 100, 10740
2026/06/28 05:28:48.268, 160.41, 98, 10740
2026/06/28 05:28:49.268, 161.99, 100, 10740
2026/06/28 05:28:50.268, 160.79, 100, 10740
2026/06/28 05:28:51.268, 161.68, 100, 10740
2026/06/28 05:28:52.269, 161.40, 100, 10740
2026/06/28 05:28:53.277, 160.42, 98, 10740
2026/06/28 05:28:54.277, 161.41, 100, 10740
2026/06/28 05:28:55.277, 160.88, 100, 10740
2026/06/28 05:28:56.278, 161.19, 100, 10740
2026/06/28 05:28:57.278, 161.37, 100, 10740
2026/06/28 05:28:58.278, 160.86, 97, 10740
2026/06/28 05:28:59.278, 161.49, 100, 10740
2026/06/28 05:29:00.278, 160.84, 100, 10740
2026/06/28 05:29:01.279, 161.20, 100, 10740
2026/06/28 05:29:02.279, 161.55, 100, 10740
2026/06/28 05:29:03.287, 160.83, 98, 10740
2026/06/28 05:29:04.288, 161.75, 100, 10740
2026/06/28 05:29:05.288, 161.28, 100, 10740
2026/06/28 05:29:06.288, 161.62, 100, 10740
2026/06/28 05:29:07.288, 161.72, 100, 10740
2026/06/28 05:29:08.288, 160.99, 100, 10740
2026/06/28 05:29:09.289, 161.95, 100, 10740
2026/06/28 05:29:10.289, 161.18, 100, 10740
2026/06/28 05:29:11.289, 161.34, 100, 10740
2026/06/28 05:29:12.289, 161.61, 100, 10740
2026/06/28 05:29:13.289, 160.60, 100, 10740
2026/06/28 05:29:14.290, 161.27, 100, 10740
2026/06/28 05:29:15.290, 161.31, 100, 10740
2026/06/28 05:29:16.290, 160.36, 98, 10740
2026/06/28 05:29:17.290, 161.40, 100, 10740
2026/06/28 05:29:18.299, 160.86, 100, 10740
2026/06/28 05:29:19.299, 161.25, 100, 10740
2026/06/28 05:29:20.299, 161.11, 100, 10740
2026/06/28 05:29:21.299, 160.62, 98, 10740
2026/06/28 05:29:22.299, 161.70, 100, 10740
2026/06/28 05:29:23.300, 161.06, 100, 10740
2026/06/28 05:29:24.300, 161.45, 100, 10740
2026/06/28 05:29:25.300, 161.63, 100, 10740
2026/06/28 05:29:26.300, 160.88, 98, 10740
2026/06/28 05:29:27.300, 161.38, 100, 10740
2026/06/28 05:29:28.301, 160.79, 100, 10740
2026/06/28 05:29:29.301, 161.34, 100, 10740
2026/06/28 05:29:30.301, 160.10, 100, 10740
2026/06/28 05:29:31.301, 160.38, 98, 10740
2026/06/28 05:29:32.301, 161.34, 100, 10740
2026/06/28 05:29:33.302, 160.89, 100, 10740
2026/06/28 05:29:34.302, 161.05, 100, 10740
2026/06/28 05:29:35.302, 161.33, 100, 10740
2026/06/28 05:29:36.302, 160.59, 98, 10740
2026/06/28 05:29:37.302, 161.28, 100, 10740
2026/06/28 05:29:38.303, 160.88, 100, 10740
2026/06/28 05:29:39.303, 161.02, 100, 10740
2026/06/28 05:29:40.303, 161.29, 100, 10740
2026/06/28 05:29:41.303, 160.65, 100, 10740
2026/06/28 05:29:42.303, 161.66, 100, 10740
2026/06/28 05:29:43.304, 161.03, 100, 10740
2026/06/28 05:29:44.304, 161.24, 100, 10740
2026/06/28 05:29:45.304, 161.35, 100, 10740
2026/06/28 05:29:46.304, 160.55, 100, 10740
2026/06/28 05:29:47.304, 161.86, 100, 10740
2026/06/28 05:29:48.305, 161.30, 100, 10740
2026/06/28 05:29:49.305, 160.78, 98, 10740
2026/06/28 05:29:50.305, 162.16, 100, 10740
2026/06/28 05:29:51.305, 160.78, 100, 10740
2026/06/28 05:29:52.305, 161.39, 100, 10740
2026/06/28 05:29:53.305, 161.21, 100, 10740
2026/06/28 05:29:54.306, 160.32, 98, 10740
2026/06/28 05:29:55.306, 161.26, 100, 10740
2026/06/28 05:29:56.306, 160.70, 100, 10740
2026/06/28 05:29:57.306, 161.24, 100, 10740
2026/06/28 05:29:58.306, 161.21, 100, 10740
2026/06/28 05:29:59.307, 160.80, 98, 10740
2026/06/28 05:30:00.315, 161.91, 100, 10740
2026/06/28 05:30:01.315, 161.11, 100, 10740
2026/06/28 05:30:02.316, 161.67, 100, 10740
2026/06/28 05:30:03.316, 161.11, 100, 10740
2026/06/28 05:30:04.316, 160.74, 98, 10740
2026/06/28 05:30:05.325, 161.46, 100, 10740
2026/06/28 05:30:06.325, 161.24, 100, 10740
2026/06/28 05:30:07.325, 161.00, 100, 10740
2026/06/28 05:30:08.325, 161.32, 100, 10740
2026/06/28 05:30:09.326, 160.88, 98, 10740
2026/06/28 05:30:10.334, 160.58, 100, 10740
2026/06/28 05:30:11.334, 160.86, 100, 10740
2026/06/28 05:30:12.335, 160.73, 100, 10740
2026/06/28 05:30:13.335, 161.23, 100, 10740
2026/06/28 05:30:14.335, 160.70, 99, 10740
2026/06/28 05:30:15.344, 161.41, 100, 10740
2026/06/28 05:30:16.344, 160.97, 100, 10740
2026/06/28 05:30:17.344, 161.22, 100, 10740
2026/06/28 05:30:18.344, 161.60, 100, 10740
2026/06/28 05:30:19.345, 160.86, 100, 10740
2026/06/28 05:30:20.345, 161.37, 100, 10740
2026/06/28 05:30:21.345, 161.08, 100, 10740
2026/06/28 05:30:22.345, 160.46, 98, 10740
2026/06/28 05:30:23.345, 161.30, 100, 10740
2026/06/28 05:30:24.346, 160.57, 100, 10740
2026/06/28 05:30:25.354, 161.76, 100, 10740
2026/06/28 05:30:26.354, 161.38, 100, 10740
2026/06/28 05:30:27.355, 160.21, 98, 10740
2026/06/28 05:30:28.355, 161.28, 100, 10740
2026/06/28 05:30:29.355, 160.75, 100, 10740
2026/06/28 05:30:30.355, 161.27, 100, 10740
2026/06/28 05:30:31.355, 160.12, 100, 10740
2026/06/28 05:30:32.356, 160.16, 98, 10740
2026/06/28 05:30:33.356, 161.37, 100, 10740
2026/06/28 05:30:34.356, 160.71, 100, 10740
2026/06/28 05:30:35.356, 161.39, 100, 10740
2026/06/28 05:30:36.356, 161.26, 100, 10740
2026/06/28 05:30:37.357, 159.10, 98, 10740
2026/06/28 05:30:38.357, 161.37, 100, 10740
2026/06/28 05:30:39.357, 160.80, 100, 10740
2026/06/28 05:30:40.357, 161.55, 100, 10740
2026/06/28 05:30:41.357, 161.38, 100, 10740
2026/06/28 05:30:42.366, 160.69, 98, 10740
2026/06/28 05:30:43.366, 161.61, 100, 10740
2026/06/28 05:30:44.366, 160.83, 100, 10740
2026/06/28 05:30:45.366, 161.08, 100, 10740
2026/06/28 05:30:46.367, 161.59, 100, 10740
2026/06/28 05:30:47.367, 160.49, 98, 10740
2026/06/28 05:30:48.367, 161.51, 100, 10740
2026/06/28 05:30:49.367, 160.91, 100, 10740
2026/06/28 05:30:50.368, 160.89, 100, 10740
2026/06/28 05:30:51.368, 161.41, 100, 10740
2026/06/28 05:30:52.368, 160.55, 99, 10740
2026/06/28 05:30:53.368, 161.30, 100, 10740
2026/06/28 05:30:54.368, 160.87, 100, 10740
2026/06/28 05:30:55.369, 160.80, 100, 10740
2026/06/28 05:30:56.369, 161.54, 100, 10740
2026/06/28 05:30:57.369, 160.43, 100, 10740
2026/06/28 05:30:58.369, 161.15, 100, 10740
2026/06/28 05:30:59.369, 161.22, 100, 10740
2026/06/28 05:31:00.370, 160.47, 98, 10740
2026/06/28 05:31:01.370, 161.16, 100, 10740
2026/06/28 05:31:02.378, 160.70, 100, 10740
2026/06/28 05:31:03.379, 160.70, 100, 10740
2026/06/28 05:31:04.379, 161.33, 100, 10740
2026/06/28 05:31:05.379, 160.33, 98, 10740
2026/06/28 05:31:06.379, 161.57, 100, 10740
2026/06/28 05:31:07.388, 161.05, 100, 10740
2026/06/28 05:31:08.389, 160.61, 100, 10740
2026/06/28 05:31:09.389, 161.93, 100, 10740
2026/06/28 05:31:10.390, 160.81, 98, 10740
2026/06/28 05:31:11.390, 161.34, 100, 10740
2026/06/28 05:31:12.390, 161.13, 100, 10740
2026/06/28 05:31:13.393, 160.50, 98, 10740
2026/06/28 05:31:14.393, 161.05, 100, 10740
2026/06/28 05:31:15.393, 160.87, 100, 10740
2026/06/28 05:31:16.393, 161.26, 100, 10740
2026/06/28 05:31:17.393, 161.06, 100, 10740
2026/06/28 05:31:18.393, 160.33, 98, 10740
2026/06/28 05:31:19.393, 161.91, 100, 10740
2026/06/28 05:31:20.393, 160.74, 100, 10740
2026/06/28 05:31:21.394, 161.15, 100, 10740
2026/06/28 05:31:22.394, 161.06, 100, 10740
2026/06/28 05:31:23.394, 159.11, 98, 10740
2026/06/28 05:31:24.394, 161.37, 100, 10740
2026/06/28 05:31:25.394, 160.77, 100, 10740
2026/06/28 05:31:26.395, 161.50, 100, 10740
2026/06/28 05:31:27.395, 161.12, 100, 10740
2026/06/28 05:31:28.396, 160.40, 98, 10740
2026/06/28 05:31:29.396, 161.19, 100, 10740
2026/06/28 05:31:30.396, 160.91, 100, 10740
2026/06/28 05:31:31.396, 161.05, 100, 10740
2026/06/28 05:31:32.396, 161.28, 100, 10740
2026/06/28 05:31:33.405, 161.34, 100, 10740
2026/06/28 05:31:34.405, 161.43, 100, 10740
2026/06/28 05:31:35.405, 160.44, 98, 10740
2026/06/28 05:31:36.405, 161.23, 100, 10740
2026/06/28 05:31:37.405, 160.84, 100, 10740
2026/06/28 05:31:38.414, 161.03, 100, 10740
2026/06/28 05:31:39.414, 161.59, 100, 10740
2026/06/28 05:31:40.414, 161.34, 100, 10740
2026/06/28 05:31:41.414, 161.50, 100, 10740
2026/06/28 05:31:42.414, 160.79, 100, 10740
2026/06/28 05:31:43.423, 160.85, 98, 10740
2026/06/28 05:31:44.423, 161.93, 100, 10740
2026/06/28 05:31:45.423, 160.51, 100, 10740
2026/06/28 05:31:46.423, 161.95, 100, 10740
2026/06/28 05:31:47.424, 161.18, 100, 10740
2026/06/28 05:31:48.432, 160.37, 98, 10740
2026/06/28 05:31:49.432, 161.29, 100, 10740
2026/06/28 05:31:50.432, 160.86, 100, 10740
2026/06/28 05:31:51.433, 161.31, 100, 10740
2026/06/28 05:31:52.433, 161.38, 100, 10740
2026/06/28 05:31:53.441, 160.48, 98, 10740
2026/06/28 05:31:54.441, 161.34, 100, 10740
2026/06/28 05:31:55.442, 161.06, 100, 10740
2026/06/28 05:31:56.442, 160.99, 100, 10740
2026/06/28 05:31:57.442, 161.40, 100, 10740
2026/06/28 05:31:58.442, 160.29, 98, 10740
2026/06/28 05:31:59.442, 161.60, 100, 10740
2026/06/28 05:32:00.442, 160.79, 100, 10740
2026/06/28 05:32:01.443, 161.21, 100, 10740
2026/06/28 05:32:02.443, 161.59, 100, 10740
2026/06/28 05:32:03.443, 160.78, 100, 10740
2026/06/28 05:32:04.443, 161.66, 100, 10740
2026/06/28 05:32:05.443, 160.87, 100, 10740
2026/06/28 05:32:06.444, 161.13, 99, 10740
2026/06/28 05:32:07.444, 161.56, 100, 10740
2026/06/28 05:32:08.444, 160.92, 100, 10740
2026/06/28 05:32:09.444, 162.12, 100, 10740
2026/06/28 05:32:10.444, 161.68, 100, 10740
2026/06/28 05:32:11.444, 160.98, 98, 10740
2026/06/28 05:32:12.445, 162.16, 100, 10740
2026/06/28 05:32:13.445, 160.82, 100, 10740
2026/06/28 05:32:14.445, 161.73, 100, 10740
2026/06/28 05:32:15.445, 161.31, 100, 10740
2026/06/28 05:32:16.445, 159.98, 98, 10740
2026/06/28 05:32:17.445, 161.79, 100, 10740
2026/06/28 05:32:18.454, 160.77, 100, 10740
2026/06/28 05:32:19.454, 161.20, 100, 10740
2026/06/28 05:32:20.454, 160.99, 100, 10740
2026/06/28 05:32:21.455, 160.21, 98, 10740
2026/06/28 05:32:22.455, 161.81, 100, 10740
2026/06/28 05:32:23.455, 160.97, 100, 10740
2026/06/28 05:32:24.455, 161.46, 100, 10740
2026/06/28 05:32:25.455, 161.30, 100, 10740
2026/06/28 05:32:26.455, 160.49, 98, 10740
2026/06/28 05:32:27.456, 161.64, 100, 10740
2026/06/28 05:32:28.464, 161.19, 100, 10740
2026/06/28 05:32:29.464, 161.12, 100, 10740
2026/06/28 05:32:30.464, 161.64, 100, 10740
2026/06/28 05:32:31.465, 160.68, 100, 10740
2026/06/28 05:32:32.465, 161.49, 100, 10740
2026/06/28 05:32:33.473, 160.88, 100, 10740
2026/06/28 05:32:34.473, 160.54, 98, 10740
2026/06/28 05:32:35.474, 161.30, 100, 10740
2026/06/28 05:32:36.474, 160.73, 100, 10740
2026/06/28 05:32:37.474, 161.57, 100, 10740
2026/06/28 05:32:38.474, 161.33, 100, 10740
2026/06/28 05:32:39.474, 160.58, 98, 10740
2026/06/28 05:32:40.475, 161.81, 100, 10740
2026/06/28 05:32:41.475, 160.38, 100, 10740
2026/06/28 05:32:42.475, 161.23, 100, 10740
2026/06/28 05:32:43.475, 161.08, 100, 10740
2026/06/28 05:32:44.475, 161.01, 98, 10740
2026/06/28 05:32:45.475, 162.04, 100, 10740
2026/06/28 05:32:46.476, 160.89, 100, 10740
2026/06/28 05:32:47.476, 161.51, 100, 10740
2026/06/28 05:32:48.476, 161.47, 100, 10740
2026/06/28 05:32:49.476, 160.80, 98, 10740
2026/06/28 05:32:50.476, 161.87, 100, 10740
2026/06/28 05:32:51.477, 161.01, 100, 10740
2026/06/28 05:32:52.477, 161.59, 100, 10740
2026/06/28 05:32:53.485, 161.70, 100, 10740
2026/06/28 05:32:54.485, 161.04, 99, 10740
2026/06/28 05:32:55.486, 161.43, 100, 10740
2026/06/28 05:32:56.486, 161.03, 100, 10740
2026/06/28 05:32:57.486, 161.45, 100, 10740
2026/06/28 05:32:58.495, 161.87, 100, 10740
2026/06/28 05:32:59.495, 160.79, 100, 10740
2026/06/28 05:33:00.495, 161.76, 100, 10740
2026/06/28 05:33:01.495, 161.29, 100, 10740
2026/06/28 05:33:02.495, 160.37, 98, 10740
2026/06/28 05:33:03.495, 161.40, 100, 10740
2026/06/28 05:33:04.496, 160.76, 100, 10740
2026/06/28 05:33:05.496, 161.41, 100, 10740
2026/06/28 05:33:06.496, 161.26, 100, 10740
2026/06/28 05:33:07.496, 160.21, 98, 10740
2026/06/28 05:33:08.505, 161.90, 100, 10740
2026/06/28 05:33:09.505, 161.01, 100, 10740
2026/06/28 05:33:10.505, 162.02, 100, 10740
2026/06/28 05:33:11.505, 161.29, 100, 10740
2026/06/28 05:33:12.505, 160.66, 98, 10740
2026/06/28 05:33:13.506, 161.71, 100, 10740
2026/06/28 05:33:14.506, 160.83, 100, 10740
2026/06/28 05:33:15.506, 161.25, 100, 10740
2026/06/28 05:33:16.506, 161.70, 100, 10740
2026/06/28 05:33:17.506, 160.71, 98, 10740
2026/06/28 05:33:18.507, 161.46, 100, 10740
2026/06/28 05:33:19.507, 161.27, 100, 10740
2026/06/28 05:33:20.507, 160.86, 100, 10740
2026/06/28 05:33:21.507, 161.86, 100, 10740
2026/06/28 05:33:22.507, 160.86, 100, 10740
2026/06/28 05:33:23.516, 161.49, 100, 10740
2026/06/28 05:33:24.516, 161.01, 100, 10740
2026/06/28 05:33:25.516, 160.78, 100, 10740
2026/06/28 05:33:26.516, 161.69, 100, 10740
2026/06/28 05:33:27.517, 160.67, 100, 10740
2026/06/28 05:33:28.525, 161.66, 100, 10740
2026/06/28 05:33:29.525, 161.46, 100, 10740
2026/06/28 05:33:30.525, 161.14, 98, 10740
2026/06/28 05:33:31.526, 162.05, 100, 10740
2026/06/28 05:33:32.526, 160.78, 100, 10740
2026/06/28 05:33:33.534, 161.90, 100, 10740
2026/06/28 05:33:34.535, 161.73, 100, 10740
2026/06/28 05:33:35.535, 160.88, 98, 10740
2026/06/28 05:33:36.535, 161.79, 100, 10740
2026/06/28 05:33:37.535, 160.97, 100, 10740
2026/06/28 05:33:38.535, 163.84, 100, 10740
2026/06/28 05:33:39.536, 163.73, 100, 10740
2026/06/28 05:33:40.536, 163.70, 100, 10740
2026/06/28 05:33:41.536, 163.67, 100, 10740
2026/06/28 05:33:42.536, 163.59, 100, 10740
2026/06/28 05:33:43.545, 163.53, 100, 10740
2026/06/28 05:33:44.545, 163.44, 100, 10740
2026/06/28 05:33:45.545, 163.59, 100, 10740
2026/06/28 05:33:46.545, 163.63, 100, 10740
2026/06/28 05:33:47.545, 163.70, 100, 10740
2026/06/28 05:33:48.546, 163.73, 100, 10740
2026/06/28 05:33:49.546, 163.72, 100, 10740
2026/06/28 05:33:50.546, 163.60, 100, 10740
2026/06/28 05:33:51.546, 163.53, 100, 10740
2026/06/28 05:33:52.546, 163.45, 100, 10740
2026/06/28 05:33:53.546, 163.64, 100, 10740
2026/06/28 05:33:54.547, 163.59, 100, 10740
2026/06/28 05:33:55.547, 163.65, 100, 10740
2026/06/28 05:33:56.547, 163.68, 100, 10740
2026/06/28 05:33:57.547, 163.93, 100, 10740
2026/06/28 05:33:58.547, 163.71, 100, 10740
2026/06/28 05:33:59.547, 163.43, 100, 10740
2026/06/28 05:34:00.548, 163.58, 100, 10740
2026/06/28 05:34:01.548, 163.54, 100, 10740
2026/06/28 05:34:02.548, 163.36, 100, 10740
2026/06/28 05:34:03.556, 163.68, 100, 10740
2026/06/28 05:34:04.557, 163.58, 100, 10740
2026/06/28 05:34:05.557, 163.75, 100, 10740
2026/06/28 05:34:06.557, 163.43, 100, 10740
2026/06/28 05:34:07.557, 163.81, 100, 10740
2026/06/28 05:34:08.566, 163.70, 100, 10740
2026/06/28 05:34:09.566, 163.33, 100, 10740
2026/06/28 05:34:10.566, 163.67, 100, 10740
2026/06/28 05:34:11.566, 163.59, 100, 10740
2026/06/28 05:34:12.566, 163.51, 100, 10740
2026/06/28 05:34:13.575, 163.85, 100, 10740
2026/06/28 05:34:14.575, 163.56, 100, 10740
2026/06/28 05:34:15.575, 163.45, 100, 10740
2026/06/28 05:34:16.575, 163.52, 100, 10740
2026/06/28 05:34:17.576, 163.68, 100, 10740
2026/06/28 05:34:18.576, 163.58, 100, 10740
2026/06/28 05:34:19.576, 163.72, 100, 10740
2026/06/28 05:34:20.576, 163.70, 100, 10740
2026/06/28 05:34:21.576, 163.99, 100, 10740
2026/06/28 05:34:22.576, 163.54, 100, 10740
2026/06/28 05:34:23.577, 163.63, 100, 10740
2026/06/28 05:34:24.577, 163.50, 100, 10740
2026/06/28 05:34:25.577, 163.81, 100, 10740
2026/06/28 05:34:26.577, 163.57, 99, 10740
2026/06/28 05:34:27.577, 163.69, 100, 10740
2026/06/28 05:34:28.578, 155.21, 100, 10740
2026/06/28 05:34:29.578, 160.91, 100, 10740
2026/06/28 05:34:30.578, 161.58, 100, 10740
2026/06/28 05:34:31.578, 161.76, 100, 10740
2026/06/28 05:34:32.578, 160.83, 98, 10740
2026/06/28 05:34:33.579, 161.46, 100, 10740
2026/06/28 05:34:34.579, 161.43, 100, 10740
2026/06/28 05:34:35.579, 161.74, 100, 10740
2026/06/28 05:34:36.579, 161.74, 100, 10740
2026/06/28 05:34:37.579, 160.90, 98, 10740
2026/06/28 05:34:38.580, 161.71, 100, 10740
2026/06/28 05:34:39.580, 161.50, 100, 10740
2026/06/28 05:34:40.580, 161.42, 100, 10740
2026/06/28 05:34:41.580, 161.55, 100, 10740
2026/06/28 05:34:42.580, 160.65, 100, 10740
2026/06/28 05:34:43.580, 161.94, 100, 10740
2026/06/28 05:34:44.581, 161.29, 100, 10740
2026/06/28 05:34:45.581, 161.25, 100, 10740
2026/06/28 05:34:46.581, 161.60, 100, 10740
2026/06/28 05:34:47.581, 160.85, 100, 10740
2026/06/28 05:34:48.581, 161.66, 100, 10740
2026/06/28 05:34:49.582, 161.57, 100, 10740
2026/06/28 05:34:50.582, 160.45, 98, 10740
2026/06/28 05:34:51.582, 162.02, 100, 10740
2026/06/28 05:34:52.582, 160.81, 100, 10740
2026/06/28 05:34:53.582, 162.00, 100, 10740
2026/06/28 05:34:54.582, 161.62, 100, 10740
2026/06/28 05:34:55.583, 160.59, 98, 10740
2026/06/28 05:34:56.583, 161.40, 100, 10740
2026/06/28 05:34:57.583, 160.87, 100, 10740
2026/06/28 05:34:58.583, 161.66, 100, 10740
2026/06/28 05:34:59.583, 161.54, 100, 10740
2026/06/28 05:35:00.584, 160.37, 98, 10740
2026/06/28 05:35:01.584, 161.90, 100, 10740
2026/06/28 05:35:02.584, 161.23, 100, 10740
2026/06/28 05:35:03.584, 161.43, 100, 10740
2026/06/28 05:35:04.584, 161.74, 100, 10740
2026/06/28 05:35:05.584, 160.88, 98, 10740
2026/06/28 05:35:06.585, 161.62, 100, 10740
2026/06/28 05:35:07.585, 160.46, 100, 10740
2026/06/28 05:35:08.585, 161.76, 100, 10740
2026/06/28 05:35:09.585, 161.59, 100, 10740
2026/06/28 05:35:10.585, 161.25, 98, 10740
2026/06/28 05:35:11.585, 161.84, 100, 10740
2026/06/28 05:35:12.586, 161.31, 100, 10740
2026/06/28 05:35:13.586, 161.48, 100, 10740
2026/06/28 05:35:14.586, 161.59, 100, 10740
2026/06/28 05:35:15.586, 160.87, 100, 10740
2026/06/28 05:35:16.586, 162.02, 100, 10740
2026/06/28 05:35:17.587, 161.40, 100, 10740
2026/06/28 05:35:18.587, 160.92, 98, 10740
2026/06/28 05:35:19.587, 161.81, 100, 10740
2026/06/28 05:35:20.587, 160.55, 100, 10740
2026/06/28 05:35:21.587, 161.45, 100, 10740
2026/06/28 05:35:22.588, 161.64, 100, 10740
2026/06/28 05:35:23.588, 160.51, 98, 10740
2026/06/28 05:35:24.588, 161.60, 100, 10740
2026/06/28 05:35:25.588, 161.13, 100, 10740
2026/06/28 05:35:26.588, 161.85, 100, 10740
2026/06/28 05:35:27.597, 161.75, 100, 10740
2026/06/28 05:35:28.597, 160.77, 97, 10740
2026/06/28 05:35:29.597, 162.00, 100, 10740
2026/06/28 05:35:30.597, 161.16, 100, 10740
2026/06/28 05:35:31.598, 161.73, 100, 10740
2026/06/28 05:35:32.606, 161.64, 100, 10740
2026/06/28 05:35:33.606, 160.99, 98, 10740
2026/06/28 05:35:34.606, 161.52, 100, 10740
2026/06/28 05:35:35.607, 161.17, 100, 10740
2026/06/28 05:35:36.607, 161.09, 100, 10740
2026/06/28 05:35:37.607, 161.83, 100, 10740
2026/06/28 05:35:38.607, 160.82, 100, 10740
2026/06/28 05:35:39.607, 161.75, 100, 10740
2026/06/28 05:35:40.608, 161.43, 100, 10740
2026/06/28 05:35:41.608, 161.36, 100, 10740
2026/06/28 05:35:42.616, 161.52, 100, 10740
2026/06/28 05:35:43.617, 160.59, 100, 10740
2026/06/28 05:35:44.617, 161.40, 100, 10740
2026/06/28 05:35:45.617, 161.17, 100, 10740
2026/06/28 05:35:46.617, 160.67, 99, 10740
2026/06/28 05:35:47.626, 161.69, 100, 10740
2026/06/28 05:35:48.626, 160.79, 100, 10740
2026/06/28 05:35:49.626, 161.85, 100, 10740
2026/06/28 05:35:50.626, 161.48, 100, 10740
2026/06/28 05:35:51.626, 160.80, 98, 10740
2026/06/28 05:35:52.627, 161.41, 100, 10740
2026/06/28 05:35:53.627, 161.18, 100, 10740
2026/06/28 05:35:54.627, 161.70, 100, 10740
2026/06/28 05:35:55.627, 161.19, 100, 10740
2026/06/28 05:35:56.627, 160.52, 98, 10740
2026/06/28 05:35:57.627, 162.03, 100, 10740
2026/06/28 05:35:58.628, 159.89, 100, 10740
2026/06/28 05:35:59.628, 161.27, 100, 10740
2026/06/28 05:36:00.628, 161.57, 100, 10740
2026/06/28 05:36:01.628, 160.43, 98, 10740
2026/06/28 05:36:02.628, 161.49, 100, 10740
2026/06/28 05:36:03.637, 161.27, 100, 10740
2026/06/28 05:36:04.637, 161.31, 100, 10740
2026/06/28 05:36:05.638, 161.38, 100, 10740
2026/06/28 05:36:06.638, 160.58, 98, 10740
2026/06/28 05:36:07.638, 161.42, 100, 10740
2026/06/28 05:36:08.646, 160.58, 100, 10740
2026/06/28 05:36:09.647, 161.06, 100, 10740
2026/06/28 05:36:10.647, 161.19, 100, 10740
2026/06/28 05:36:11.647, 160.55, 99, 10740
2026/06/28 05:36:12.647, 161.23, 100, 10740
2026/06/28 05:36:13.647, 161.13, 100, 10740
2026/06/28 05:36:14.647, 161.13, 100, 10740
2026/06/28 05:36:15.648, 161.25, 100, 10740
2026/06/28 05:36:16.648, 160.45, 100, 10740
2026/06/28 05:36:17.648, 161.76, 100, 10740
2026/06/28 05:36:18.648, 161.26, 100, 10740
2026/06/28 05:36:19.648, 160.29, 98, 10740
2026/06/28 05:36:20.648, 161.80, 100, 10740
2026/06/28 05:36:21.649, 160.71, 100, 10740
2026/06/28 05:36:22.649, 161.32, 100, 10740
2026/06/28 05:36:23.649, 161.25, 100, 10740
2026/06/28 05:36:24.649, 160.01, 98, 10740
2026/06/28 05:36:25.649, 161.74, 100, 10740
2026/06/28 05:36:26.650, 160.85, 100, 10740
2026/06/28 05:36:27.650, 161.50, 100, 10740
2026/06/28 05:36:28.650, 161.16, 100, 10740
2026/06/28 05:36:29.650, 160.26, 98, 10740
2026/06/28 05:36:30.650, 161.08, 100, 10740
2026/06/28 05:36:31.651, 160.77, 100, 10740
2026/06/28 05:36:32.651, 160.88, 100, 10740
2026/06/28 05:36:33.658, 161.12, 100, 10740
2026/06/28 05:36:34.658, 160.59, 98, 10740
2026/06/28 05:36:35.658, 161.68, 100, 10740
2026/06/28 05:36:36.658, 160.51, 100, 10740
2026/06/28 05:36:37.658, 161.14, 100, 10740
2026/06/28 05:36:38.659, 161.05, 100, 10740
2026/06/28 05:36:39.659, 160.20, 98, 10740
2026/06/28 05:36:40.659, 161.29, 100, 10740
2026/06/28 05:36:41.659, 160.66, 100, 10740
2026/06/28 05:36:42.659, 161.27, 100, 10740
2026/06/28 05:36:43.668, 161.30, 100, 10740
2026/06/28 05:36:44.668, 160.37, 98, 10740
2026/06/28 05:36:45.668, 161.44, 100, 10740
2026/06/28 05:36:46.669, 160.57, 100, 10740
2026/06/28 05:36:47.669, 161.00, 100, 10740
2026/06/28 05:36:48.677, 161.13, 100, 10740
2026/06/28 05:36:49.678, 160.65, 100, 10740
2026/06/28 05:36:50.678, 161.36, 100, 10740
2026/06/28 05:36:51.678, 160.73, 100, 10740
2026/06/28 05:36:52.678, 160.95, 100, 10740
2026/06/28 05:36:53.679, 161.18, 100, 10740
2026/06/28 05:36:54.679, 160.32, 100, 10740
2026/06/28 05:36:55.679, 161.34, 100, 10740
2026/06/28 05:36:56.679, 161.16, 100, 10740
2026/06/28 05:36:57.679, 160.40, 99, 10740
2026/06/28 05:36:58.688, 161.90, 100, 10740
2026/06/28 05:36:59.688, 160.74, 100, 10740
2026/06/28 05:37:00.688, 161.56, 100, 10740
2026/06/28 05:37:01.688, 161.15, 100, 10740
2026/06/28 05:37:02.689, 160.36, 98, 10740
2026/06/28 05:37:03.697, 161.32, 100, 10740
2026/06/28 05:37:04.697, 160.78, 100, 10740
2026/06/28 05:37:05.698, 161.39, 100, 10740
2026/06/28 05:37:06.698, 161.32, 100, 10740
2026/06/28 05:37:07.698, 160.33, 98, 10740
2026/06/28 05:37:08.706, 161.22, 100, 10740
2026/06/28 05:37:09.707, 160.78, 100, 10740
2026/06/28 05:37:10.707, 161.43, 100, 10740
2026/06/28 05:37:11.707, 161.28, 100, 10740
2026/06/28 05:37:12.707, 160.57, 98, 10740
2026/06/28 05:37:13.716, 161.34, 100, 10740
2026/06/28 05:37:14.716, 161.17, 100, 10740
2026/06/28 05:37:15.716, 161.43, 100, 10740
2026/06/28 05:37:16.716, 161.47, 100, 10740
2026/06/28 05:37:17.717, 160.92, 98, 10740
2026/06/28 05:37:18.725, 161.71, 100, 10740
2026/06/28 05:37:19.725, 160.98, 100, 10740
2026/06/28 05:37:20.726, 161.23, 100, 10740
2026/06/28 05:37:21.726, 161.37, 100, 10740
2026/06/28 05:37:22.726, 160.74, 98, 10740
2026/06/28 05:37:23.726, 161.45, 100, 10740
2026/06/28 05:37:24.726, 160.65, 100, 10740
2026/06/28 05:37:25.727, 160.86, 100, 10740
2026/06/28 05:37:26.727, 161.11, 100, 10740
2026/06/28 05:37:27.727, 160.52, 100, 10740
2026/06/28 05:37:28.727, 161.24, 100, 10740
2026/06/28 05:37:29.727, 161.03, 100, 10740
2026/06/28 05:37:30.728, 161.09, 99, 10740
2026/06/28 05:37:31.728, 161.52, 100, 10740
2026/06/28 05:37:32.728, 160.65, 100, 10740
2026/06/28 05:37:33.728, 161.59, 100, 10740
2026/06/28 05:37:34.728, 160.03, 100, 10740
2026/06/28 05:37:35.729, 160.81, 98, 10740
2026/06/28 05:37:36.729, 162.26, 100, 10740
2026/06/28 05:37:37.729, 160.88, 100, 10740
2026/06/28 05:37:38.729, 161.15, 100, 10740
2026/06/28 05:37:39.729, 161.28, 100, 10740
2026/06/28 05:37:40.730, 160.38, 98, 10740
2026/06/28 05:37:41.730, 161.91, 100, 10740
2026/06/28 05:37:42.730, 160.80, 100, 10740
2026/06/28 05:37:43.730, 161.58, 100, 10740
2026/06/28 05:37:44.739, 161.10, 100, 10740
2026/06/28 05:37:45.739, 160.57, 97, 10740
2026/06/28 05:37:46.739, 161.29, 100, 10740
2026/06/28 05:37:47.739, 160.97, 100, 10740
2026/06/28 05:37:48.740, 161.16, 100, 10740
2026/06/28 05:37:49.740, 161.29, 100, 10740
2026/06/28 05:37:50.740, 160.50, 98, 10740
2026/06/28 05:37:51.740, 161.24, 100, 10740
2026/06/28 05:37:52.740, 160.83, 100, 10740
2026/06/28 05:37:53.741, 161.26, 100, 10740
2026/06/28 05:37:54.749, 161.68, 100, 10740
2026/06/28 05:37:55.749, 160.78, 99, 10740
2026/06/28 05:37:56.749, 161.49, 100, 10740
2026/06/28 05:37:57.750, 160.79, 100, 10740
2026/06/28 05:37:58.750, 161.11, 100, 10740
2026/06/28 05:37:59.758, 161.32, 100, 10740
2026/06/28 05:38:00.759, 160.84, 100, 10740
2026/06/28 05:38:01.759, 161.78, 100, 10740
2026/06/28 05:38:02.759, 161.20, 100, 10740
2026/06/28 05:38:03.759, 160.69, 98, 10740
2026/06/28 05:38:04.768, 161.86, 100, 10740
2026/06/28 05:38:05.768, 160.67, 100, 10740
2026/06/28 05:38:06.768, 161.47, 100, 10740
2026/06/28 05:38:07.768, 161.57, 100, 10740
2026/06/28 05:38:08.768, 160.58, 97, 10740
2026/06/28 05:38:09.777, 162.03, 100, 10740
2026/06/28 05:38:10.777, 161.30, 100, 10740
2026/06/28 05:38:11.778, 160.87, 100, 10740
2026/06/28 05:38:12.778, 161.49, 100, 10740
2026/06/28 05:38:13.778, 161.17, 98, 10740
2026/06/28 05:38:14.778, 161.42, 100, 10740
2026/06/28 05:38:15.778, 161.16, 100, 10740
2026/06/28 05:38:16.778, 160.26, 100, 10740
2026/06/28 05:38:17.779, 161.52, 100, 10740
2026/06/28 05:38:18.779, 161.13, 98, 10740
2026/06/28 05:38:19.779, 161.34, 100, 10740
2026/06/28 05:38:20.779, 161.09, 100, 10740
2026/06/28 05:38:21.779, 160.72, 98, 10740
2026/06/28 05:38:22.779, 161.32, 100, 10740
2026/06/28 05:38:23.780, 160.77, 100, 10740
2026/06/28 05:38:24.780, 160.99, 100, 10740
2026/06/28 05:38:25.780, 161.39, 100, 10740
2026/06/28 05:38:26.780, 160.79, 98, 10740
2026/06/28 05:38:27.780, 161.30, 100, 10740
2026/06/28 05:38:28.780, 160.89, 100, 10740
2026/06/28 05:38:29.789, 161.03, 100, 10740
2026/06/28 05:38:30.789, 161.84, 100, 10740
2026/06/28 05:38:31.789, 160.81, 100, 10740
2026/06/28 05:38:32.790, 161.78, 100, 10740
2026/06/28 05:38:33.790, 161.41, 100, 10740
2026/06/28 05:38:34.798, 160.66, 98, 10740
2026/06/28 05:38:35.798, 161.58, 100, 10740
2026/06/28 05:38:36.799, 160.89, 100, 10740
2026/06/28 05:38:37.799, 161.96, 100, 10740
2026/06/28 05:38:38.799, 161.65, 100, 10740
2026/06/28 05:38:39.799, 160.56, 98, 10740
2026/06/28 05:38:40.799, 161.95, 100, 10740
2026/06/28 05:38:41.800, 160.93, 100, 10740
2026/06/28 05:38:42.800, 161.62, 100, 10740
2026/06/28 05:38:43.800, 161.67, 100, 10740
2026/06/28 05:38:44.800, 160.84, 98, 10740
2026/06/28 05:38:45.800, 162.07, 100, 10740
2026/06/28 05:38:46.801, 161.01, 100, 10740
2026/06/28 05:38:47.801, 161.15, 100, 10740
2026/06/28 05:38:48.801, 161.50, 100, 10740
2026/06/28 05:38:49.809, 160.76, 98, 10740
2026/06/28 05:38:50.810, 161.74, 100, 10740
2026/06/28 05:38:51.810, 161.20, 100, 10740
2026/06/28 05:38:52.810, 161.11, 100, 10740
2026/06/28 05:38:53.810, 161.35, 100, 10740
2026/06/28 05:38:54.810, 160.64, 100, 10740
2026/06/28 05:38:55.810, 161.60, 100, 10740
2026/06/28 05:38:56.811, 161.32, 100, 10740
2026/06/28 05:38:57.811, 161.38, 99, 10740
2026/06/28 05:38:58.811, 161.93, 100, 10740
2026/06/28 05:38:59.811, 160.89, 100, 10740
2026/06/28 05:39:00.811, 161.74, 100, 10740
2026/06/28 05:39:01.812, 161.57, 100, 10740
2026/06/28 05:39:02.812, 160.43, 98, 10740
2026/06/28 05:39:03.812, 161.56, 100, 10740
2026/06/28 05:39:04.820, 160.97, 100, 10740
2026/06/28 05:39:05.821, 161.72, 100, 10740
2026/06/28 05:39:06.821, 161.57, 100, 10740
2026/06/28 05:39:07.821, 161.16, 98, 10740
2026/06/28 05:39:08.821, 161.59, 100, 10740
2026/06/28 05:39:09.821, 161.00, 100, 10740
2026/06/28 05:39:10.821, 161.39, 100, 10740
2026/06/28 05:39:11.822, 161.15, 100, 10740
2026/06/28 05:39:12.822, 160.83, 98, 10740
2026/06/28 05:39:13.822, 161.47, 100, 10740
2026/06/28 05:39:14.822, 159.65, 100, 10740
2026/06/28 05:39:15.822, 161.08, 100, 10740
2026/06/28 05:39:16.823, 161.36, 100, 10740
2026/06/28 05:39:17.823, 160.72, 98, 10740
2026/06/28 05:39:18.823, 161.45, 100, 10740
2026/06/28 05:39:19.823, 160.99, 100, 10740
2026/06/28 05:39:20.823, 161.31, 100, 10740
2026/06/28 05:39:21.824, 161.21, 100, 10740
2026/06/28 05:39:22.824, 160.49, 99, 10740
2026/06/28 05:39:23.824, 161.39, 100, 10740
2026/06/28 05:39:24.824, 161.13, 100, 10740
2026/06/28 05:39:25.824, 161.28, 100, 10740
2026/06/28 05:39:26.824, 161.87, 100, 10740
2026/06/28 05:39:27.825, 160.47, 100, 10740
2026/06/28 05:39:28.825, 161.51, 100, 10740
2026/06/28 05:39:29.825, 161.35, 100, 10740
2026/06/28 05:39:30.834, 160.55, 98, 10740
2026/06/28 05:39:31.834, 161.62, 100, 10740
2026/06/28 05:39:32.834, 161.12, 100, 10740
2026/06/28 05:39:33.834, 161.62, 100, 10740
2026/06/28 05:39:34.834, 161.73, 100, 10740
2026/06/28 05:39:35.835, 160.69, 98, 10740
2026/06/28 05:39:36.835, 161.32, 100, 10740
2026/06/28 05:39:37.835, 160.80, 100, 10740
2026/06/28 05:39:38.835, 161.63, 100, 10740
2026/06/28 05:39:39.835, 160.17, 100, 10740
2026/06/28 05:39:40.835, 163.44, 99, 10740
2026/06/28 05:39:41.836, 163.37, 100, 10740
2026/06/28 05:39:42.836, 163.58, 100, 10740
2026/06/28 05:39:43.836, 163.46, 100, 10740
2026/06/28 05:39:44.836, 163.58, 99, 10740
2026/06/28 05:39:45.845, 163.68, 100, 10740
2026/06/28 05:39:46.845, 163.42, 100, 10740
2026/06/28 05:39:47.845, 163.45, 100, 10740
2026/06/28 05:39:48.845, 163.61, 100, 10740
2026/06/28 05:39:49.845, 163.68, 100, 10740
2026/06/28 05:39:50.854, 163.38, 99, 10740
2026/06/28 05:39:51.854, 163.57, 100, 10740
2026/06/28 05:39:52.854, 163.29, 100, 10740
2026/06/28 05:39:53.854, 163.52, 100, 10740
2026/06/28 05:39:54.855, 163.41, 100, 10740
2026/06/28 05:39:55.863, 163.45, 100, 10740
2026/06/28 05:39:56.863, 163.56, 100, 10740
2026/06/28 05:39:57.864, 163.50, 100, 10740
2026/06/28 05:39:58.864, 163.25, 99, 10740
2026/06/28 05:39:59.864, 163.38, 100, 10740
2026/06/28 05:40:00.872, 163.45, 100, 10740
2026/06/28 05:40:01.873, 163.46, 100, 10740
2026/06/28 05:40:02.873, 163.62, 100, 10740
2026/06/28 05:40:03.873, 163.46, 100, 10740
2026/06/28 05:40:04.873, 163.26, 100, 10740
2026/06/28 05:40:05.873, 163.17, 100, 10740
2026/06/28 05:40:06.873, 163.44, 100, 10740
2026/06/28 05:40:07.874, 163.40, 100, 10740
2026/06/28 05:40:08.874, 163.54, 100, 10740
2026/06/28 05:40:09.874, 163.43, 100, 10740
2026/06/28 05:40:10.883, 163.62, 100, 10740
2026/06/28 05:40:11.883, 163.41, 100, 10740
2026/06/28 05:40:12.883, 163.57, 100, 10740
2026/06/28 05:40:13.883, 163.40, 100, 10740
2026/06/28 05:40:14.883, 163.59, 100, 10740
2026/06/28 05:40:15.892, 163.65, 100, 10740
2026/06/28 05:40:16.892, 163.59, 100, 10740
2026/06/28 05:40:17.892, 163.57, 100, 10740
2026/06/28 05:40:18.892, 163.30, 100, 10740
2026/06/28 05:40:19.892, 163.49, 100, 10740
2026/06/28 05:40:20.893, 163.67, 100, 10740
2026/06/28 05:40:21.893, 163.58, 100, 10740
2026/06/28 05:40:22.893, 163.65, 100, 10740
2026/06/28 05:40:23.893, 163.61, 100, 10740
2026/06/28 05:40:24.893, 163.48, 100, 10740
2026/06/28 05:40:25.893, 163.73, 100, 10740
2026/06/28 05:40:26.894, 163.58, 100, 10740
2026/06/28 05:40:27.894, 163.57, 100, 10740
2026/06/28 05:40:28.894, 163.56, 100, 10740
2026/06/28 05:40:29.894, 163.57, 100, 10740
2026/06/28 05:40:30.894, 163.52, 100, 10740
2026/06/28 05:40:31.894, 154.44, 100, 10740
2026/06/28 05:40:32.895, 160.89, 98, 10740
2026/06/28 05:40:33.895, 161.42, 100, 10740
2026/06/28 05:40:34.895, 161.02, 100, 10740
2026/06/28 05:40:35.895, 161.48, 100, 10740
2026/06/28 05:40:36.895, 161.56, 100, 10740
2026/06/28 05:40:37.895, 159.69, 98, 10740
2026/06/28 05:40:38.896, 161.96, 100, 10740
2026/06/28 05:40:39.896, 160.85, 100, 10740
2026/06/28 05:40:40.896, 161.23, 100, 10740
2026/06/28 05:40:41.896, 161.25, 100, 10740
2026/06/28 05:40:42.896, 160.57, 98, 10740
2026/06/28 05:40:43.896, 161.91, 100, 10740
2026/06/28 05:40:44.897, 161.11, 100, 10740
2026/06/28 05:40:45.897, 161.23, 100, 10740
2026/06/28 05:40:46.897, 161.40, 100, 10740
2026/06/28 05:40:47.897, 160.41, 98, 10740
2026/06/28 05:40:48.897, 161.41, 100, 10740
2026/06/28 05:40:49.898, 161.21, 100, 10740
2026/06/28 05:40:50.898, 161.45, 100, 10740
2026/06/28 05:40:51.898, 161.86, 100, 10740
2026/06/28 05:40:52.898, 161.05, 98, 10740
2026/06/28 05:40:53.898, 161.60, 100, 10740
2026/06/28 05:40:54.899, 160.23, 100, 10740
2026/06/28 05:40:55.899, 161.44, 100, 10740
2026/06/28 05:40:56.899, 161.41, 100, 10740
2026/06/28 05:40:57.899, 161.10, 100, 10740
2026/06/28 05:40:58.899, 161.90, 100, 10740
2026/06/28 05:40:59.899, 161.19, 100, 10740
2026/06/28 05:41:00.900, 161.16, 100, 10740
2026/06/28 05:41:01.900, 161.77, 100, 10740
2026/06/28 05:41:02.900, 160.84, 100, 10740
2026/06/28 05:41:03.900, 161.70, 100, 10740
2026/06/28 05:41:04.900, 161.81, 100, 10740
2026/06/28 05:41:05.901, 160.80, 98, 10740
2026/06/28 05:41:06.901, 161.90, 100, 10740
2026/06/28 05:41:07.901, 161.04, 100, 10740
2026/06/28 05:41:08.901, 161.65, 100, 10740
2026/06/28 05:41:09.910, 161.57, 100, 10740
2026/06/28 05:41:10.910, 160.80, 98, 10740
2026/06/28 05:41:11.910, 161.69, 100, 10740
2026/06/28 05:41:12.910, 161.47, 100, 10740
2026/06/28 05:41:13.911, 161.70, 100, 10740
2026/06/28 05:41:14.919, 161.53, 100, 10740
2026/06/28 05:41:15.919, 160.74, 98, 10740
2026/06/28 05:41:16.920, 161.70, 100, 10740
2026/06/28 05:41:17.920, 161.13, 100, 10740
2026/06/28 05:41:18.920, 161.51, 100, 10740
2026/06/28 05:41:19.920, 161.51, 100, 10740
2026/06/28 05:41:20.920, 160.82, 98, 10740
2026/06/28 05:41:21.921, 161.95, 100, 10740
2026/06/28 05:41:22.921, 161.46, 100, 10740
2026/06/28 05:41:23.921, 161.30, 100, 10740
2026/06/28 05:41:24.921, 161.39, 100, 10740
2026/06/28 05:41:25.921, 160.80, 100, 10740
2026/06/28 05:41:26.922, 161.65, 100, 10740
2026/06/28 05:41:27.922, 161.54, 100, 10740
2026/06/28 05:41:28.922, 160.42, 98, 10740
2026/06/28 05:41:29.922, 161.35, 100, 10740
2026/06/28 05:41:30.922, 160.90, 100, 10740
2026/06/28 05:41:31.923, 161.29, 100, 10740
2026/06/28 05:41:32.923, 161.45, 100, 10740
2026/06/28 05:41:33.923, 161.08, 98, 10740
2026/06/28 05:41:34.923, 161.98, 100, 10740
2026/06/28 05:41:35.923, 160.87, 100, 10740
2026/06/28 05:41:36.924, 161.40, 100, 10740
2026/06/28 05:41:37.924, 161.93, 100, 10740
2026/06/28 05:41:38.924, 161.08, 97, 10740
2026/06/28 05:41:39.924, 162.09, 100, 10740
2026/06/28 05:41:40.924, 161.02, 100, 10740
2026/06/28 05:41:41.925, 161.69, 100, 10740
2026/06/28 05:41:42.925, 161.63, 100, 10740
2026/06/28 05:41:43.925, 160.68, 98, 10740
2026/06/28 05:41:44.925, 161.23, 100, 10740
2026/06/28 05:41:45.925, 161.39, 100, 10740
2026/06/28 05:41:46.926, 160.65, 100, 10740
2026/06/28 05:41:47.926, 161.34, 100, 10740
2026/06/28 05:41:48.926, 160.46, 100, 10740
2026/06/28 05:41:49.926, 161.99, 100, 10740
2026/06/28 05:41:50.926, 161.24, 100, 10740
2026/06/28 05:41:51.926, 161.47, 100, 10740
2026/06/28 05:41:52.927, 161.80, 100, 10740
2026/06/28 05:41:53.927, 160.83, 100, 10740
2026/06/28 05:41:54.927, 161.45, 100, 10740
2026/06/28 05:41:55.927, 161.03, 100, 10740
2026/06/28 05:41:56.927, 160.51, 98, 10740
2026/06/28 05:41:57.928, 161.30, 100, 10740
2026/06/28 05:41:58.928, 161.01, 100, 10740
2026/06/28 05:41:59.928, 161.84, 100, 10740
2026/06/28 05:42:00.928, 161.29, 100, 10740
2026/06/28 05:42:01.928, 160.63, 98, 10740
2026/06/28 05:42:02.929, 161.86, 100, 10740
2026/06/28 05:42:03.929, 161.21, 100, 10740
2026/06/28 05:42:04.937, 161.61, 100, 10740
2026/06/28 05:42:05.938, 161.88, 100, 10740
2026/06/28 05:42:06.938, 160.90, 98, 10740
2026/06/28 05:42:07.938, 161.92, 100, 10740
2026/06/28 05:42:08.938, 161.10, 100, 10740
2026/06/28 05:42:09.938, 161.84, 100, 10740
2026/06/28 05:42:10.938, 161.56, 100, 10740
2026/06/28 05:42:11.939, 160.87, 98, 10740
2026/06/28 05:42:12.939, 161.81, 100, 10740
2026/06/28 05:42:13.939, 161.39, 100, 10740
2026/06/28 05:42:14.939, 161.67, 100, 10740
2026/06/28 05:42:15.939, 161.60, 100, 10740
2026/06/28 05:42:16.940, 160.73, 100, 10740
2026/06/28 05:42:17.940, 162.10, 100, 10740
2026/06/28 05:42:18.940, 161.48, 100, 10740
2026/06/28 05:42:19.940, 160.61, 99, 10740
2026/06/28 05:42:20.940, 162.19, 100, 10740
2026/06/28 05:42:21.940, 159.97, 100, 10740
2026/06/28 05:42:22.941, 161.73, 100, 10740
2026/06/28 05:42:23.941, 161.29, 100, 10740
2026/06/28 05:42:24.941, 160.29, 98, 10740
2026/06/28 05:42:25.941, 161.68, 100, 10740
2026/06/28 05:42:26.941, 160.48, 100, 10740
2026/06/28 05:42:27.942, 161.37, 100, 10740
2026/06/28 05:42:28.942, 161.01, 100, 10740
2026/06/28 05:42:29.942, 160.21, 98, 10740
2026/06/28 05:42:30.942, 160.99, 100, 10740
2026/06/28 05:42:31.942, 160.70, 100, 10740
2026/06/28 05:42:32.943, 161.36, 100, 10740
2026/06/28 05:42:33.943, 161.18, 100, 10740
2026/06/28 05:42:34.943, 160.25, 98, 10740
2026/06/28 05:42:35.943, 160.99, 100, 10740
2026/06/28 05:42:36.943, 160.77, 100, 10740
2026/06/28 05:42:37.952, 161.20, 100, 10740
2026/06/28 05:42:38.952, 161.15, 100, 10740
2026/06/28 05:42:39.952, 160.51, 98, 10740
2026/06/28 05:42:40.952, 161.11, 100, 10740
2026/06/28 05:42:41.953, 160.97, 100, 10740
2026/06/28 05:42:42.961, 161.49, 100, 10740
2026/06/28 05:42:43.961, 161.52, 100, 10740
2026/06/28 05:42:44.962, 160.57, 98, 10740
2026/06/28 05:42:45.962, 161.24, 100, 10740
2026/06/28 05:42:46.962, 160.93, 100, 10740
2026/06/28 05:42:47.962, 160.88, 100, 10740
2026/06/28 05:42:48.962, 161.64, 100, 10740
2026/06/28 05:42:49.963, 160.59, 100, 10740
2026/06/28 05:42:50.963, 161.41, 100, 10740
2026/06/28 05:42:51.963, 161.06, 100, 10740
2026/06/28 05:42:52.972, 161.14, 100, 10740
2026/06/28 05:42:53.972, 161.37, 100, 10740
2026/06/28 05:42:54.972, 160.63, 100, 10740
2026/06/28 05:42:55.972, 161.46, 100, 10740
2026/06/28 05:42:56.972, 161.18, 100, 10740
2026/06/28 05:42:57.981, 160.86, 98, 10740
2026/06/28 05:42:58.981, 161.47, 100, 10740
2026/06/28 05:42:59.981, 160.87, 100, 10740
2026/06/28 05:43:00.981, 161.43, 100, 10740
2026/06/28 05:43:01.981, 161.35, 100, 10740
2026/06/28 05:43:02.982, 160.52, 98, 10740
2026/06/28 05:43:03.982, 161.95, 100, 10740
2026/06/28 05:43:04.982, 160.74, 100, 10740
2026/06/28 05:43:05.982, 161.68, 100, 10740
2026/06/28 05:43:06.982, 161.55, 100, 10740
2026/06/28 05:43:07.983, 160.54, 98, 10740
2026/06/28 05:43:08.983, 162.00, 100, 10740
2026/06/28 05:43:09.983, 161.18, 100, 10740
2026/06/28 05:43:10.983, 161.51, 100, 10740
2026/06/28 05:43:11.983, 161.39, 100, 10740
2026/06/28 05:43:12.992, 160.54, 98, 10740
2026/06/28 05:43:13.992, 161.39, 100, 10740
2026/06/28 05:43:14.992, 161.13, 100, 10740
2026/06/28 05:43:15.993, 161.53, 100, 10740
2026/06/28 05:43:16.993, 161.46, 100, 10740
2026/06/28 05:43:18.001, 160.55, 98, 10740
2026/06/28 05:43:19.001, 161.87, 100, 10740
2026/06/28 05:43:20.002, 161.23, 100, 10740
2026/06/28 05:43:21.002, 161.60, 100, 10740
2026/06/28 05:43:22.002, 161.66, 100, 10740
2026/06/28 05:43:23.002, 160.86, 100, 10740
2026/06/28 05:43:24.003, 161.73, 100, 10740
2026/06/28 05:43:25.003, 161.10, 100, 10740
2026/06/28 05:43:26.003, 160.94, 100, 10740
2026/06/28 05:43:27.003, 161.55, 100, 10740
2026/06/28 05:43:28.003, 160.87, 100, 10740
2026/06/28 05:43:29.003, 162.01, 100, 10740
2026/06/28 05:43:30.004, 161.22, 100, 10740
2026/06/28 05:43:31.004, 160.81, 98, 10740
2026/06/28 05:43:32.004, 161.98, 100, 10740
2026/06/28 05:43:33.013, 161.02, 100, 10740
2026/06/28 05:43:34.013, 161.89, 100, 10740
2026/06/28 05:43:35.013, 161.24, 100, 10740
2026/06/28 05:43:36.013, 160.30, 98, 10740
2026/06/28 05:43:37.013, 162.11, 100, 10740
2026/06/28 05:43:38.013, 160.85, 100, 10740
2026/06/28 05:43:39.014, 161.71, 100, 10740
2026/06/28 05:43:40.014, 161.28, 100, 10740
2026/06/28 05:43:41.014, 160.27, 98, 10740
2026/06/28 05:43:42.014, 161.45, 100, 10740
2026/06/28 05:43:43.014, 160.76, 100, 10740
2026/06/28 05:43:44.014, 161.52, 100, 10740
2026/06/28 05:43:45.015, 161.38, 100, 10740
2026/06/28 05:43:46.015, 160.85, 98, 10740
2026/06/28 05:43:47.015, 161.49, 100, 10740
2026/06/28 05:43:48.015, 161.06, 100, 10740
2026/06/28 05:43:49.015, 161.41, 100, 10740
2026/06/28 05:43:50.016, 161.39, 100, 10740
2026/06/28 05:43:51.016, 160.94, 98, 10740
2026/06/28 05:43:52.016, 161.69, 100, 10740
2026/06/28 05:43:53.016, 160.87, 100, 10740
2026/06/28 05:43:54.016, 160.98, 100, 10740
2026/06/28 05:43:55.016, 161.30, 100, 10740
2026/06/28 05:43:56.017, 160.60, 99, 10740
2026/06/28 05:43:57.017, 161.49, 100, 10740
2026/06/28 05:43:58.017, 161.11, 100, 10740
2026/06/28 05:43:59.017, 161.24, 100, 10740
2026/06/28 05:44:00.017, 161.47, 100, 10740
2026/06/28 05:44:01.018, 160.49, 100, 10740
2026/06/28 05:44:02.018, 161.89, 100, 10740
2026/06/28 05:44:03.018, 161.23, 100, 10740
2026/06/28 05:44:04.018, 161.13, 100, 10740
2026/06/28 05:44:05.018, 161.72, 100, 10740
2026/06/28 05:44:06.018, 160.64, 100, 10740
2026/06/28 05:44:07.019, 161.77, 100, 10740
2026/06/28 05:44:08.019, 161.01, 100, 10740
2026/06/28 05:44:09.019, 160.21, 98, 10740
2026/06/28 05:44:10.019, 161.30, 100, 10740
2026/06/28 05:44:11.019, 160.71, 100, 10740
2026/06/28 05:44:12.019, 161.57, 100, 10740
2026/06/28 05:44:13.020, 161.34, 100, 10740
2026/06/28 05:44:14.020, 160.79, 98, 10740
2026/06/28 05:44:15.020, 161.36, 100, 10740
2026/06/28 05:44:16.020, 159.68, 100, 10740
2026/06/28 05:44:17.020, 161.65, 100, 10740
2026/06/28 05:44:18.021, 161.34, 100, 10740
2026/06/28 05:44:19.021, 160.40, 98, 10740
2026/06/28 05:44:20.021, 161.79, 100, 10740
2026/06/28 05:44:21.021, 160.64, 100, 10740
2026/06/28 05:44:22.021, 161.52, 100, 10740
2026/06/28 05:44:23.022, 161.17, 100, 10740
2026/06/28 05:44:24.022, 160.65, 98, 10740
2026/06/28 05:44:25.022, 162.00, 100, 10740
2026/06/28 05:44:26.022, 160.12, 100, 10740
2026/06/28 05:44:27.022, 161.48, 100, 10740
2026/06/28 05:44:28.023, 161.51, 100, 10740
2026/06/28 05:44:29.023, 160.92, 98, 10740
2026/06/28 05:44:30.023, 162.05, 100, 10740
2026/06/28 05:44:31.023, 161.11, 100, 10740
2026/06/28 05:44:32.023, 161.11, 100, 10740
2026/06/28 05:44:33.024, 161.43, 100, 10740
2026/06/28 05:44:34.024, 160.68, 98, 10740
2026/06/28 05:44:35.024, 161.21, 100, 10740
2026/06/28 05:44:36.024, 160.89, 100, 10740
2026/06/28 05:44:37.024, 160.08, 100, 10740
2026/06/28 05:44:38.025, 161.29, 100, 10740
2026/06/28 05:44:39.025, 160.44, 100, 10740
2026/06/28 05:44:40.025, 161.44, 100, 10740
2026/06/28 05:44:41.025, 160.93, 100, 10740
2026/06/28 05:44:42.034, 161.10, 100, 10740
2026/06/28 05:44:43.034, 161.77, 100, 10740
2026/06/28 05:44:44.034, 160.71, 100, 10740
2026/06/28 05:44:45.034, 161.64, 100, 10740
2026/06/28 05:44:46.034, 161.33, 100, 10740
2026/06/28 05:44:47.035, 160.77, 98, 10740
2026/06/28 05:44:48.035, 162.23, 100, 10740
2026/06/28 05:44:49.035, 160.75, 100, 10740
2026/06/28 05:44:50.035, 161.32, 100, 10740
2026/06/28 05:44:51.035, 161.68, 100, 10740
2026/06/28 05:44:52.044, 160.17, 98, 10740
2026/06/28 05:44:53.044, 161.51, 100, 10740
2026/06/28 05:44:54.044, 160.51, 100, 10740
2026/06/28 05:44:55.045, 161.08, 100, 10740
2026/06/28 05:44:56.045, 161.40, 100, 10740
2026/06/28 05:44:57.045, 160.93, 99, 10740
2026/06/28 05:44:58.045, 162.08, 100, 10740
2026/06/28 05:44:59.045, 160.80, 100, 10740
2026/06/28 05:45:00.045, 161.47, 100, 10740
2026/06/28 05:45:01.046, 161.54, 100, 10740
2026/06/28 05:45:02.054, 160.90, 98, 10740
2026/06/28 05:45:03.054, 161.44, 100, 10740
2026/06/28 05:45:04.055, 161.29, 100, 10740
2026/06/28 05:45:05.055, 161.49, 100, 10740
2026/06/28 05:45:06.055, 161.62, 100, 10740
2026/06/28 05:45:07.055, 160.61, 100, 10740
2026/06/28 05:45:08.055, 160.48, 100, 10740
2026/06/28 05:45:09.055, 160.70, 100, 10740
2026/06/28 05:45:10.056, 161.22, 100, 10740
2026/06/28 05:45:11.056, 161.41, 100, 10740
2026/06/28 05:45:12.056, 161.06, 100, 10740
2026/06/28 05:45:13.056, 161.13, 100, 10740
2026/06/28 05:45:14.056, 161.55, 100, 10740
2026/06/28 05:45:15.057, 160.60, 98, 10740
2026/06/28 05:45:16.057, 161.36, 100, 10740
2026/06/28 05:45:17.057, 160.82, 100, 10740
2026/06/28 05:45:18.057, 160.76, 100, 10740
2026/06/28 05:45:19.057, 161.42, 100, 10740
2026/06/28 05:45:20.058, 160.58, 98, 10740
2026/06/28 05:45:21.058, 161.60, 100, 10740
2026/06/28 05:45:22.058, 160.81, 100, 10740
2026/06/28 05:45:23.058, 160.10, 100, 10740
2026/06/28 05:45:24.058, 160.82, 100, 10740
2026/06/28 05:45:25.058, 160.60, 98, 10740
2026/06/28 05:45:26.059, 161.54, 100, 10740
2026/06/28 05:45:27.059, 160.83, 100, 10740
2026/06/28 05:45:28.059, 160.05, 98, 10740
2026/06/28 05:45:29.059, 160.92, 100, 10740
2026/06/28 05:45:30.059, 160.53, 100, 10740
2026/06/28 05:45:31.060, 161.13, 100, 10740
2026/06/28 05:45:32.060, 161.04, 100, 10740
2026/06/28 05:45:33.060, 160.46, 98, 10740
2026/06/28 05:45:34.060, 161.89, 100, 10740
2026/06/28 05:45:35.060, 159.59, 100, 10740
2026/06/28 05:45:36.060, 161.46, 100, 10740
2026/06/28 05:45:37.061, 161.04, 100, 10740
2026/06/28 05:45:38.061, 160.24, 98, 10740
2026/06/28 05:45:39.061, 161.19, 100, 10740
2026/06/28 05:45:40.061, 160.59, 100, 10740
2026/06/28 05:45:41.061, 161.27, 100, 10740
2026/06/28 05:45:42.062, 161.35, 100, 10740
2026/06/28 05:45:43.062, 161.08, 100, 10740
2026/06/28 05:45:44.062, 163.39, 100, 10740
2026/06/28 05:45:45.062, 163.39, 100, 10740
2026/06/28 05:45:46.062, 163.25, 100, 10740
2026/06/28 05:45:47.062, 163.37, 100, 10740
2026/06/28 05:45:48.063, 163.28, 100, 10740
2026/06/28 05:45:49.063, 163.26, 100, 10740
2026/06/28 05:45:50.063, 163.08, 100, 10740
2026/06/28 05:45:51.063, 163.45, 100, 10740
2026/06/28 05:45:52.063, 163.42, 99, 10740
2026/06/28 05:45:53.064, 163.38, 100, 10740
2026/06/28 05:45:54.064, 163.39, 99, 10740
2026/06/28 05:45:55.064, 163.25, 100, 10740
2026/06/28 05:45:56.064, 163.27, 99, 10740
2026/06/28 05:45:57.064, 163.34, 100, 10740
2026/06/28 05:45:58.064, 163.28, 99, 10740
2026/06/28 05:45:59.064, 163.33, 100, 10740
2026/06/28 05:46:00.065, 163.33, 99, 10740
2026/06/28 05:46:01.073, 163.35, 100, 10740
2026/06/28 05:46:02.073, 163.15, 99, 10740
2026/06/28 05:46:03.074, 163.23, 100, 10740
2026/06/28 05:46:04.074, 163.13, 100, 10740
2026/06/28 05:46:05.074, 163.12, 100, 10740
2026/06/28 05:46:06.074, 163.30, 100, 10740
2026/06/28 05:46:07.074, 163.43, 100, 10740
2026/06/28 05:46:08.074, 163.11, 99, 10740
2026/06/28 05:46:09.075, 163.26, 100, 10740
2026/06/28 05:46:10.075, 163.28, 99, 10740
2026/06/28 05:46:11.075, 163.31, 100, 10740
2026/06/28 05:46:12.075, 163.44, 100, 10740
2026/06/28 05:46:13.075, 163.38, 100, 10740
2026/06/28 05:46:14.075, 163.25, 99, 10740
2026/06/28 05:46:15.076, 163.05, 100, 10740
2026/06/28 05:46:16.084, 163.33, 100, 10740
2026/06/28 05:46:17.084, 163.37, 100, 10740
2026/06/28 05:46:18.085, 163.30, 100, 10740
2026/06/28 05:46:19.085, 163.38, 100, 10740
2026/06/28 05:46:20.085, 163.33, 100, 10740
2026/06/28 05:46:21.093, 163.13, 100, 10740
2026/06/28 05:46:22.094, 163.49, 100, 10740
2026/06/28 05:46:23.094, 163.35, 100, 10740
2026/06/28 05:46:24.094, 163.53, 100, 10740
2026/06/28 05:46:25.094, 163.41, 100, 10740
2026/06/28 05:46:26.103, 163.53, 100, 10740
2026/06/28 05:46:27.103, 163.34, 100, 10740
2026/06/28 05:46:28.103, 163.15, 100, 10740
2026/06/28 05:46:29.103, 163.29, 100, 10740
2026/06/28 05:46:30.103, 163.49, 100, 10740
2026/06/28 05:46:31.104, 163.31, 100, 10740
2026/06/28 05:46:32.104, 163.38, 100, 10740
2026/06/28 05:46:33.104, 163.44, 100, 10740
2026/06/28 05:46:34.104, 155.89, 100, 10740
2026/06/28 05:46:35.104, 160.96, 98, 10740
2026/06/28 05:46:36.113, 161.42, 100, 10740
2026/06/28 05:46:37.113, 161.14, 100, 10740
2026/06/28 05:46:38.113, 161.78, 100, 10740
2026/06/28 05:46:39.114, 161.45, 100, 10740
2026/06/28 05:46:40.114, 161.12, 98, 10740
2026/06/28 05:46:41.122, 161.87, 100, 10740
2026/06/28 05:46:42.123, 161.16, 100, 10740
2026/06/28 05:46:43.123, 161.16, 100, 10740
2026/06/28 05:46:44.123, 161.65, 100, 10740
2026/06/28 05:46:45.123, 161.12, 98, 10740
2026/06/28 05:46:46.123, 161.82, 100, 10740
2026/06/28 05:46:47.123, 161.44, 100, 10740
2026/06/28 05:46:48.124, 161.28, 100, 10740
2026/06/28 05:46:49.124, 161.86, 100, 10740
2026/06/28 05:46:50.124, 160.71, 100, 10740
2026/06/28 05:46:51.124, 161.83, 100, 10740
2026/06/28 05:46:52.124, 161.48, 100, 10740
2026/06/28 05:46:53.124, 160.52, 98, 10740
2026/06/28 05:46:54.125, 161.57, 100, 10740
2026/06/28 05:46:55.125, 160.73, 100, 10740
2026/06/28 05:46:56.125, 162.03, 100, 10740
2026/06/28 05:46:57.125, 161.60, 100, 10740
2026/06/28 05:46:58.125, 160.43, 98, 10740
2026/06/28 05:46:59.126, 161.57, 100, 10740
2026/06/28 05:47:00.126, 161.24, 100, 10740
2026/06/28 05:47:01.126, 162.13, 100, 10740
2026/06/28 05:47:02.126, 161.72, 100, 10740
2026/06/28 05:47:03.126, 160.99, 98, 10740
2026/06/28 05:47:04.126, 162.24, 100, 10740
2026/06/28 05:47:05.127, 161.30, 100, 10740
2026/06/28 05:47:06.127, 161.84, 100, 10740
2026/06/28 05:47:07.127, 161.67, 100, 10740
2026/06/28 05:47:08.127, 160.58, 98, 10740
2026/06/28 05:47:09.127, 161.88, 100, 10740
2026/06/28 05:47:10.127, 161.13, 100, 10740
2026/06/28 05:47:11.127, 161.47, 100, 10740
2026/06/28 05:47:12.128, 161.73, 100, 10740
2026/06/28 05:47:13.128, 160.84, 98, 10740
2026/06/28 05:47:14.128, 162.21, 100, 10740
2026/06/28 05:47:15.128, 161.31, 100, 10740
2026/06/28 05:47:16.128, 161.54, 100, 10740
2026/06/28 05:47:17.128, 161.73, 100, 10740
2026/06/28 05:47:18.129, 160.94, 100, 10740
2026/06/28 05:47:19.129, 160.41, 100, 10740
2026/06/28 05:47:20.129, 161.14, 100, 10740
2026/06/28 05:47:21.129, 160.50, 98, 10740
2026/06/28 05:47:22.129, 161.67, 100, 10740
2026/06/28 05:47:23.129, 160.70, 100, 10740
2026/06/28 05:47:24.138, 161.83, 100, 10740
2026/06/28 05:47:25.138, 160.98, 100, 10740
2026/06/28 05:47:26.138, 161.98, 100, 10740
2026/06/28 05:47:27.138, 161.61, 100, 10740
2026/06/28 05:47:28.139, 160.84, 98, 10740
2026/06/28 05:47:29.147, 161.62, 100, 10740
2026/06/28 05:47:30.147, 161.03, 100, 10740
2026/06/28 05:47:31.147, 161.43, 100, 10740
2026/06/28 05:47:32.148, 161.50, 100, 10740
2026/06/28 05:47:33.148, 160.88, 98, 10740
2026/06/28 05:47:34.156, 161.62, 100, 10740
2026/06/28 05:47:35.157, 161.06, 100, 10740
2026/06/28 05:47:36.157, 161.33, 100, 10740
2026/06/28 05:47:37.157, 161.95, 100, 10740
2026/06/28 05:47:38.157, 161.04, 98, 10740
2026/06/28 05:47:39.157, 162.23, 100, 10740
2026/06/28 05:47:40.158, 161.40, 100, 10740
2026/06/28 05:47:41.158, 161.35, 100, 10740
2026/06/28 05:47:42.158, 161.49, 100, 10740
2026/06/28 05:47:43.158, 160.89, 100, 10740
2026/06/28 05:47:44.167, 161.76, 100, 10740
2026/06/28 05:47:45.167, 161.22, 100, 10740
2026/06/28 05:47:46.167, 161.10, 100, 10740
2026/06/28 05:47:47.167, 161.53, 100, 10740
2026/06/28 05:47:48.167, 160.95, 100, 10740
2026/06/28 05:47:49.176, 161.57, 100, 10740
2026/06/28 05:47:50.176, 161.11, 100, 10740
2026/06/28 05:47:51.177, 160.95, 98, 10740
2026/06/28 05:47:52.177, 162.01, 100, 10740
2026/06/28 05:47:53.177, 161.07, 100, 10740
2026/06/28 05:47:54.177, 161.40, 100, 10740
2026/06/28 05:47:55.177, 161.43, 100, 10740
2026/06/28 05:47:56.178, 160.53, 99, 10740
2026/06/28 05:47:57.178, 161.71, 100, 10740
2026/06/28 05:47:58.178, 161.07, 100, 10740
2026/06/28 05:47:59.178, 161.82, 100, 10740
2026/06/28 05:48:00.178, 161.87, 100, 10740
2026/06/28 05:48:01.179, 160.63, 98, 10740
2026/06/28 05:48:02.179, 161.35, 100, 10740
2026/06/28 05:48:03.179, 161.06, 100, 10740
2026/06/28 05:48:04.187, 161.33, 100, 10740
2026/06/28 05:48:05.188, 161.44, 100, 10740
2026/06/28 05:48:06.188, 160.81, 98, 10740
2026/06/28 05:48:07.188, 161.77, 100, 10740
2026/06/28 05:48:08.188, 161.35, 100, 10740
2026/06/28 05:48:09.188, 161.29, 100, 10740
2026/06/28 05:48:10.189, 161.61, 100, 10740
2026/06/28 05:48:11.189, 160.63, 100, 10740
2026/06/28 05:48:12.189, 161.75, 100, 10740
2026/06/28 05:48:13.189, 161.38, 100, 10740
2026/06/28 05:48:14.189, 161.44, 100, 10740
2026/06/28 05:48:15.190, 161.70, 100, 10740
2026/06/28 05:48:16.190, 160.72, 100, 10740
2026/06/28 05:48:17.190, 161.63, 100, 10740
2026/06/28 05:48:18.190, 161.59, 100, 10740
2026/06/28 05:48:19.190, 160.86, 98, 10740
2026/06/28 05:48:20.190, 161.94, 100, 10740
2026/06/28 05:48:21.191, 161.01, 100, 10740
2026/06/28 05:48:22.191, 161.24, 100, 10740
2026/06/28 05:48:23.191, 161.01, 100, 10740
2026/06/28 05:48:24.191, 159.17, 89, 10740
2026/06/28 05:48:25.191, 160.10, 100, 10740
2026/06/28 05:48:26.192, 160.51, 100, 10740
2026/06/28 05:48:27.192, 160.98, 100, 10740
2026/06/28 05:48:28.192, 161.01, 100, 10740
2026/06/28 05:48:29.192, 160.41, 98, 10740
2026/06/28 05:48:30.192, 161.63, 100, 10740
2026/06/28 05:48:31.192, 161.06, 100, 10740
2026/06/28 05:48:32.193, 161.92, 100, 10740
2026/06/28 05:48:33.193, 161.36, 100, 10740
2026/06/28 05:48:34.193, 160.60, 98, 10740
2026/06/28 05:48:35.202, 161.43, 100, 10740
2026/06/28 05:48:36.202, 161.04, 100, 10740
2026/06/28 05:48:37.202, 161.57, 100, 10740
2026/06/28 05:48:38.202, 161.54, 100, 10740
2026/06/28 05:48:39.202, 160.64, 98, 10740
2026/06/28 05:48:40.203, 161.68, 100, 10740
2026/06/28 05:48:41.203, 161.13, 100, 10740
2026/06/28 05:48:42.203, 161.39, 100, 10740
2026/06/28 05:48:43.203, 161.84, 100, 10740
2026/06/28 05:48:44.203, 160.69, 100, 10740
2026/06/28 05:48:45.203, 161.73, 100, 10740
2026/06/28 05:48:46.204, 161.12, 100, 10740
2026/06/28 05:48:47.204, 160.71, 98, 10740
2026/06/28 05:48:48.204, 162.11, 100, 10740
2026/06/28 05:48:49.204, 160.95, 100, 10740
2026/06/28 05:48:50.204, 161.96, 100, 10740
2026/06/28 05:48:51.205, 161.81, 100, 10740
2026/06/28 05:48:52.205, 160.94, 98, 10740
2026/06/28 05:48:53.205, 162.41, 100, 10740
2026/06/28 05:48:54.205, 161.11, 100, 10740
2026/06/28 05:48:55.214, 162.11, 100, 10740
2026/06/28 05:48:56.214, 161.41, 100, 10740
2026/06/28 05:48:57.214, 160.66, 98, 10740
2026/06/28 05:48:58.214, 161.76, 100, 10740
2026/06/28 05:48:59.214, 160.96, 100, 10740
2026/06/28 05:49:00.223, 161.04, 100, 10740
2026/06/28 05:49:01.223, 161.65, 100, 10740
2026/06/28 05:49:02.223, 160.82, 99, 10740
2026/06/28 05:49:03.224, 161.90, 100, 10740
2026/06/28 05:49:04.224, 161.13, 100, 10740
2026/06/28 05:49:05.232, 161.35, 100, 10740
2026/06/28 05:49:06.232, 161.60, 100, 10740
2026/06/28 05:49:07.233, 160.76, 100, 10740
2026/06/28 05:49:08.233, 161.58, 100, 10740
2026/06/28 05:49:09.233, 161.38, 100, 10740
2026/06/28 05:49:10.233, 160.86, 100, 10740
2026/06/28 05:49:11.233, 161.63, 100, 10740
2026/06/28 05:49:12.234, 160.82, 100, 10740
2026/06/28 05:49:13.234, 161.66, 100, 10740
2026/06/28 05:49:14.234, 161.52, 100, 10740
2026/06/28 05:49:15.243, 161.00, 98, 10740
2026/06/28 05:49:16.243, 162.24, 100, 10740
2026/06/28 05:49:17.243, 160.97, 100, 10740
2026/06/28 05:49:18.243, 161.54, 100, 10740
2026/06/28 05:49:19.243, 161.57, 100, 10740
2026/06/28 05:49:20.252, 160.61, 98, 10740
2026/06/28 05:49:21.252, 161.60, 100, 10740
2026/06/28 05:49:22.252, 161.05, 100, 10740
2026/06/28 05:49:23.252, 161.85, 100, 10740
2026/06/28 05:49:24.253, 161.49, 100, 10740
2026/06/28 05:49:25.253, 161.10, 98, 10740
2026/06/28 05:49:26.253, 161.89, 100, 10740
2026/06/28 05:49:27.253, 161.39, 100, 10740
2026/06/28 05:49:28.253, 161.61, 100, 10740
2026/06/28 05:49:29.254, 161.74, 100, 10740
2026/06/28 05:49:30.254, 161.16, 98, 10740
2026/06/28 05:49:31.254, 161.74, 100, 10740
2026/06/28 05:49:32.262, 160.85, 100, 10740
2026/06/28 05:49:33.263, 161.48, 100, 10740
2026/06/28 05:49:34.263, 161.65, 100, 10740
2026/06/28 05:49:35.263, 160.91, 100, 10740
2026/06/28 05:49:36.263, 162.05, 100, 10740
2026/06/28 05:49:37.272, 161.12, 100, 10740
2026/06/28 05:49:38.272, 160.66, 99, 10740
2026/06/28 05:49:39.272, 161.84, 100, 10740
2026/06/28 05:49:40.272, 160.92, 100, 10740
2026/06/28 05:49:41.272, 162.02, 100, 10740
2026/06/28 05:49:42.273, 161.43, 100, 10740
2026/06/28 05:49:43.273, 160.35, 98, 10740
2026/06/28 05:49:44.273, 161.69, 100, 10740
2026/06/28 05:49:45.273, 160.83, 100, 10740
2026/06/28 05:49:46.273, 161.44, 100, 10740
2026/06/28 05:49:47.282, 161.48, 100, 10740
2026/06/28 05:49:48.282, 160.53, 98, 10740
2026/06/28 05:49:49.282, 161.34, 100, 10740
2026/06/28 05:49:50.283, 160.76, 100, 10740
2026/06/28 05:49:51.283, 161.21, 100, 10740
2026/06/28 05:49:52.291, 161.44, 100, 10740
2026/06/28 05:49:53.292, 160.59, 98, 10740
2026/06/28 05:49:54.292, 161.79, 100, 10740
2026/06/28 05:49:55.292, 161.13, 100, 10740
2026/06/28 05:49:56.292, 161.24, 100, 10740
2026/06/28 05:49:57.292, 161.07, 100, 10740
2026/06/28 05:49:58.293, 160.34, 98, 10740
2026/06/28 05:49:59.293, 161.87, 100, 10740
2026/06/28 05:50:00.293, 161.26, 100, 10740
2026/06/28 05:50:01.293, 161.01, 100, 10740
2026/06/28 05:50:02.293, 160.42, 100, 10740
2026/06/28 05:50:03.293, 160.56, 98, 10740
2026/06/28 05:50:04.294, 161.38, 100, 10740
2026/06/28 05:50:05.294, 161.05, 100, 10740
2026/06/28 05:50:06.294, 161.16, 100, 10740
2026/06/28 05:50:07.294, 161.39, 100, 10740
2026/06/28 05:50:08.294, 159.70, 99, 10740
2026/06/28 05:50:09.294, 160.88, 100, 10740
2026/06/28 05:50:10.295, 161.04, 100, 10740
2026/06/28 05:50:11.295, 161.21, 100, 10740
2026/06/28 05:50:12.295, 161.63, 100, 10740
2026/06/28 05:50:13.295, 160.56, 100, 10740
2026/06/28 05:50:14.304, 161.72, 100, 10740
2026/06/28 05:50:15.304, 160.99, 100, 10740
2026/06/28 05:50:16.304, 160.56, 98, 10740
2026/06/28 05:50:17.304, 161.52, 100, 10740
2026/06/28 05:50:18.305, 160.31, 100, 10740
2026/06/28 05:50:19.313, 161.15, 100, 10740
2026/06/28 05:50:20.313, 161.08, 100, 10740
2026/06/28 05:50:21.314, 160.20, 98, 10740
2026/06/28 05:50:22.314, 160.94, 100, 10740
2026/06/28 05:50:23.314, 160.43, 100, 10740
2026/06/28 05:50:24.323, 161.29, 100, 10740
2026/06/28 05:50:25.323, 160.96, 100, 10740
2026/06/28 05:50:26.323, 160.10, 98, 10740
2026/06/28 05:50:27.323, 161.03, 100, 10740
2026/06/28 05:50:28.323, 160.38, 100, 10740
2026/06/28 05:50:29.323, 161.24, 100, 10740
2026/06/28 05:50:30.324, 161.21, 100, 10740
2026/06/28 05:50:31.324, 160.32, 98, 10740
2026/06/28 05:50:32.324, 161.30, 100, 10740
2026/06/28 05:50:33.324, 160.85, 100, 10740
2026/06/28 05:50:34.324, 161.13, 100, 10740
2026/06/28 05:50:35.325, 160.95, 100, 10740
2026/06/28 05:50:36.325, 160.27, 98, 10740
2026/06/28 05:50:37.325, 161.01, 100, 10740
2026/06/28 05:50:38.325, 160.68, 100, 10740
2026/06/28 05:50:39.334, 160.84, 100, 10740
2026/06/28 05:50:40.334, 160.76, 100, 10740
2026/06/28 05:50:41.334, 160.20, 98, 10740
2026/06/28 05:50:42.334, 161.15, 100, 10740
2026/06/28 05:50:43.335, 160.59, 100, 10740
2026/06/28 05:50:44.343, 160.75, 100, 10740
2026/06/28 05:50:45.343, 161.06, 100, 10740
2026/06/28 05:50:46.344, 160.27, 100, 10740
2026/06/28 05:50:47.344, 161.49, 100, 10740
2026/06/28 05:50:48.344, 160.64, 100, 10740
2026/06/28 05:50:49.353, 160.73, 100, 10740
2026/06/28 05:50:50.353, 160.97, 100, 10740
2026/06/28 05:50:51.353, 160.29, 100, 10740
2026/06/28 05:50:52.353, 161.06, 100, 10740
2026/06/28 05:50:53.353, 160.88, 100, 10740
2026/06/28 05:50:54.354, 160.33, 98, 10740
2026/06/28 05:50:55.354, 161.91, 100, 10740
2026/06/28 05:50:56.354, 160.26, 100, 10740
2026/06/28 05:50:57.354, 161.26, 100, 10740
2026/06/28 05:50:58.354, 160.96, 100, 10740
2026/06/28 05:50:59.355, 160.43, 98, 10740
2026/06/28 05:51:00.355, 161.62, 100, 10740
2026/06/28 05:51:01.355, 160.36, 100, 10740
2026/06/28 05:51:02.355, 160.78, 100, 10740
2026/06/28 05:51:03.355, 160.98, 100, 10740
2026/06/28 05:51:04.364, 159.89, 98, 10740
2026/06/28 05:51:05.364, 160.82, 100, 10740
2026/06/28 05:51:06.364, 160.42, 100, 10740
2026/06/28 05:51:07.365, 161.24, 100, 10740
2026/06/28 05:51:08.365, 161.01, 100, 10740
2026/06/28 05:51:09.365, 160.30, 98, 10740
2026/06/28 05:51:10.365, 161.40, 100, 10740
2026/06/28 05:51:11.365, 160.39, 100, 10740
2026/06/28 05:51:12.366, 160.87, 100, 10740
2026/06/28 05:51:13.366, 160.91, 100, 10740
2026/06/28 05:51:14.366, 160.37, 98, 10740
2026/06/28 05:51:15.366, 161.15, 100, 10740
2026/06/28 05:51:16.366, 160.60, 100, 10740
2026/06/28 05:51:17.367, 160.94, 100, 10740
2026/06/28 05:51:18.367, 161.16, 100, 10740
2026/06/28 05:51:19.367, 160.40, 98, 10740
2026/06/28 05:51:20.367, 161.30, 100, 10740
2026/06/28 05:51:21.367, 160.74, 100, 10740
2026/06/28 05:51:22.368, 161.21, 100, 10740
2026/06/28 05:51:23.368, 161.15, 100, 10740
2026/06/28 05:51:24.376, 160.42, 100, 10740
2026/06/28 05:51:25.377, 161.62, 100, 10740
2026/06/28 05:51:26.377, 160.91, 100, 10740
2026/06/28 05:51:27.377, 160.87, 100, 10740
2026/06/28 05:51:28.377, 161.11, 100, 10740
2026/06/28 05:51:29.377, 160.30, 100, 10740
2026/06/28 05:51:30.378, 161.13, 100, 10740
2026/06/28 05:51:31.378, 160.74, 100, 10740
2026/06/28 05:51:32.378, 160.36, 98, 10740
2026/06/28 05:51:33.378, 161.75, 100, 10740
2026/06/28 05:51:34.378, 160.36, 100, 10740
2026/06/28 05:51:35.379, 160.82, 100, 10740
2026/06/28 05:51:36.379, 160.71, 100, 10740
2026/06/28 05:51:37.379, 160.08, 98, 10740
2026/06/28 05:51:38.379, 161.04, 100, 10740
2026/06/28 05:51:39.379, 160.43, 100, 10740
2026/06/28 05:51:40.379, 161.35, 100, 10740
2026/06/28 05:51:41.380, 160.20, 100, 10740
2026/06/28 05:51:42.380, 160.02, 98, 10740
2026/06/28 05:51:43.380, 161.98, 100, 10740
2026/06/28 05:51:44.380, 161.04, 100, 10740
2026/06/28 05:51:45.380, 160.71, 100, 10740
2026/06/28 05:51:46.389, 163.18, 100, 10740
2026/06/28 05:51:47.389, 163.25, 100, 10740
2026/06/28 05:51:48.389, 163.47, 100, 10740
2026/06/28 05:51:49.389, 163.31, 100, 10740
2026/06/28 05:51:50.390, 163.24, 100, 10740
2026/06/28 05:51:51.390, 163.12, 100, 10740
2026/06/28 05:51:52.390, 163.30, 100, 10740
2026/06/28 05:51:53.390, 163.37, 100, 10740
2026/06/28 05:51:54.390, 163.52, 100, 10740
2026/06/28 05:51:55.391, 163.58, 100, 10740
2026/06/28 05:51:56.399, 163.46, 100, 10740
2026/06/28 05:51:57.399, 163.40, 100, 10740
2026/06/28 05:51:58.399, 163.29, 100, 10740
2026/06/28 05:51:59.400, 163.21, 100, 10740
2026/06/28 05:52:00.400, 163.10, 100, 10740
2026/06/28 05:52:01.400, 163.19, 100, 10740
2026/06/28 05:52:02.400, 163.37, 100, 10740
2026/06/28 05:52:03.400, 163.36, 100, 10740
2026/06/28 05:52:04.401, 163.42, 100, 10740
2026/06/28 05:52:05.401, 163.76, 100, 10740
2026/06/28 05:52:06.409, 163.76, 100, 10740
2026/06/28 05:52:07.410, 163.74, 100, 10740
2026/06/28 05:52:08.410, 163.77, 100, 10740
2026/06/28 05:52:09.410, 163.69, 100, 10740
2026/06/28 05:52:10.410, 163.72, 100, 10740
2026/06/28 05:52:11.419, 163.30, 100, 10740
2026/06/28 05:52:12.419, 163.23, 100, 10740
2026/06/28 05:52:13.419, 163.17, 100, 10740
2026/06/28 05:52:14.419, 163.33, 100, 10740
2026/06/28 05:52:15.419, 163.42, 100, 10740
2026/06/28 05:52:16.420, 163.52, 100, 10740
2026/06/28 05:52:17.420, 163.14, 100, 10740
2026/06/28 05:52:18.420, 163.43, 100, 10740
2026/06/28 05:52:19.420, 163.46, 100, 10740
2026/06/28 05:52:20.420, 163.53, 100, 10740
2026/06/28 05:52:21.421, 163.30, 100, 10740
2026/06/28 05:52:22.421, 163.25, 100, 10740
2026/06/28 05:52:23.421, 163.54, 99, 10740
2026/06/28 05:52:24.421, 163.50, 100, 10740
2026/06/28 05:52:25.422, 163.58, 100, 10740
2026/06/28 05:52:26.430, 163.80, 100, 10740
2026/06/28 05:52:27.430, 163.72, 99, 10740
2026/06/28 05:52:28.430, 163.68, 100, 10740
2026/06/28 05:52:29.431, 163.49, 100, 10740
2026/06/28 05:52:30.431, 163.33, 100, 10740
2026/06/28 05:52:31.439, 163.46, 100, 10740
2026/06/28 05:52:32.440, 163.46, 100, 10740
2026/06/28 05:52:33.440, 163.30, 99, 10740
2026/06/28 05:52:34.440, 163.51, 100, 10740
2026/06/28 05:52:35.440, 163.40, 99, 10740
2026/06/28 05:52:36.449, 154.96, 100, 10740
2026/06/28 05:52:37.449, 160.65, 100, 10740
2026/06/28 05:52:38.449, 161.07, 100, 10740
2026/06/28 05:52:39.449, 160.83, 98, 10740
2026/06/28 05:52:40.449, 161.03, 100, 10740
2026/06/28 05:52:41.450, 161.32, 100, 10740
2026/06/28 05:52:42.450, 160.69, 100, 10740
2026/06/28 05:52:43.450, 161.49, 100, 10740
2026/06/28 05:52:44.450, 160.86, 98, 10740
2026/06/28 05:52:45.450, 161.07, 100, 10740
2026/06/28 05:52:46.458, 161.36, 100, 10740
2026/06/28 05:52:47.458, 160.63, 98, 10740
2026/06/28 05:52:48.458, 161.62, 100, 10740
2026/06/28 05:52:49.458, 160.98, 100, 10740
2026/06/28 05:52:50.458, 160.95, 100, 10740
2026/06/28 05:52:51.459, 161.27, 100, 10740
2026/06/28 05:52:52.459, 160.66, 99, 10740
2026/06/28 05:52:53.459, 161.37, 100, 10740
2026/06/28 05:52:54.459, 161.00, 100, 10740
2026/06/28 05:52:55.459, 160.93, 100, 10740
2026/06/28 05:52:56.459, 161.44, 100, 10740
2026/06/28 05:52:57.460, 160.47, 100, 10740
2026/06/28 05:52:58.460, 161.35, 100, 10740
2026/06/28 05:52:59.460, 161.10, 100, 10740
2026/06/28 05:53:00.460, 160.39, 98, 10740
2026/06/28 05:53:01.461, 161.91, 100, 10740
2026/06/28 05:53:02.461, 160.78, 100, 10740
2026/06/28 05:53:03.461, 161.61, 100, 10740
2026/06/28 05:53:04.461, 161.28, 100, 10740
2026/06/28 05:53:05.461, 160.41, 98, 10740
2026/06/28 05:53:06.461, 161.11, 100, 10740
2026/06/28 05:53:07.462, 160.77, 100, 10740
2026/06/28 05:53:08.462, 161.54, 100, 10740
2026/06/28 05:53:09.462, 161.21, 100, 10740
2026/06/28 05:53:10.462, 160.52, 98, 10740
2026/06/28 05:53:11.462, 161.35, 100, 10740
2026/06/28 05:53:12.462, 159.68, 100, 10740
2026/06/28 05:53:13.462, 161.48, 100, 10740
2026/06/28 05:53:14.463, 161.61, 100, 10740
2026/06/28 05:53:15.463, 160.90, 98, 10740
2026/06/28 05:53:16.463, 161.70, 100, 10740
2026/06/28 05:53:17.471, 161.02, 100, 10740
2026/06/28 05:53:18.472, 161.12, 100, 10740
2026/06/28 05:53:19.472, 161.57, 100, 10740
2026/06/28 05:53:20.472, 160.96, 98, 10740
2026/06/28 05:53:21.472, 161.50, 100, 10740
2026/06/28 05:53:22.481, 160.83, 100, 10740
2026/06/28 05:53:23.481, 161.15, 100, 10740
2026/06/28 05:53:24.481, 161.25, 100, 10740
2026/06/28 05:53:25.481, 160.76, 100, 10740
2026/06/28 05:53:26.481, 161.55, 100, 10740
2026/06/28 05:53:27.490, 161.06, 100, 10740
2026/06/28 05:53:28.490, 160.79, 99, 10740
2026/06/28 05:53:29.490, 161.19, 100, 10740
2026/06/28 05:53:30.490, 160.63, 100, 10740
2026/06/28 05:53:31.491, 161.33, 100, 10740
2026/06/28 05:53:32.491, 161.15, 100, 10740
2026/06/28 05:53:33.491, 160.03, 98, 10740
2026/06/28 05:53:34.491, 161.13, 100, 10740
2026/06/28 05:53:35.491, 160.65, 100, 10740
2026/06/28 05:53:36.492, 161.29, 100, 10740
2026/06/28 05:53:37.492, 161.18, 100, 10740
2026/06/28 05:53:38.492, 160.34, 98, 10740
2026/06/28 05:53:39.492, 161.60, 100, 10740
2026/06/28 05:53:40.492, 160.80, 100, 10740
2026/06/28 05:53:41.493, 161.00, 100, 10740
2026/06/28 05:53:42.493, 161.26, 100, 10740
2026/06/28 05:53:43.493, 160.33, 98, 10740
2026/06/28 05:53:44.493, 161.26, 100, 10740
2026/06/28 05:53:45.493, 160.72, 100, 10740
2026/06/28 05:53:46.493, 160.90, 100, 10740
2026/06/28 05:53:47.502, 160.97, 100, 10740
2026/06/28 05:53:48.502, 160.26, 98, 10740
2026/06/28 05:53:49.502, 161.29, 100, 10740
2026/06/28 05:53:50.502, 160.75, 100, 10740
2026/06/28 05:53:51.503, 160.97, 100, 10740
2026/06/28 05:53:52.503, 161.09, 100, 10740
2026/06/28 05:53:53.503, 160.68, 100, 10740
2026/06/28 05:53:54.503, 161.51, 100, 10740
2026/06/28 05:53:55.503, 161.04, 100, 10740
2026/06/28 05:53:56.504, 161.02, 99, 10740
2026/06/28 05:53:57.504, 161.57, 100, 10740
2026/06/28 05:53:58.504, 160.73, 100, 10740
2026/06/28 05:53:59.504, 161.40, 100, 10740
2026/06/28 05:54:00.504, 161.18, 100, 10740
2026/06/28 05:54:01.505, 160.04, 98, 10740
2026/06/28 05:54:02.505, 161.33, 100, 10740
2026/06/28 05:54:03.505, 160.51, 100, 10740
2026/06/28 05:54:04.505, 161.23, 100, 10740
2026/06/28 05:54:05.505, 161.13, 100, 10740
2026/06/28 05:54:06.505, 160.32, 98, 10740
2026/06/28 05:54:07.506, 161.23, 100, 10740
2026/06/28 05:54:08.506, 160.86, 100, 10740
2026/06/28 05:54:09.506, 160.95, 100, 10740
2026/06/28 05:54:10.506, 161.08, 100, 10740
2026/06/28 05:54:11.506, 160.45, 98, 10740
2026/06/28 05:54:12.507, 161.59, 100, 10740
2026/06/28 05:54:13.507, 161.10, 100, 10740
2026/06/28 05:54:14.507, 161.23, 100, 10740
2026/06/28 05:54:15.507, 161.23, 100, 10740
2026/06/28 05:54:16.507, 160.69, 98, 10740
2026/06/28 05:54:17.508, 161.68, 100, 10740
2026/06/28 05:54:18.508, 160.71, 100, 10740
2026/06/28 05:54:19.508, 160.89, 100, 10740
2026/06/28 05:54:20.508, 161.33, 100, 10740
2026/06/28 05:54:21.508, 160.35, 100, 10740
2026/06/28 05:54:22.508, 161.38, 100, 10740
2026/06/28 05:54:23.509, 160.88, 100, 10740
2026/06/28 05:54:24.509, 160.77, 99, 10740
2026/06/28 05:54:25.509, 161.45, 100, 10740
2026/06/28 05:54:26.509, 160.61, 100, 10740
2026/06/28 05:54:27.509, 160.58, 100, 10740
2026/06/28 05:54:28.510, 160.98, 100, 10740
2026/06/28 05:54:29.510, 160.27, 97, 10740
2026/06/28 05:54:30.510, 161.69, 100, 10740
2026/06/28 05:54:31.510, 160.36, 100, 10740
2026/06/28 05:54:32.510, 161.43, 100, 10740
2026/06/28 05:54:33.511, 160.90, 100, 10740
2026/06/28 05:54:34.511, 160.12, 98, 10740
2026/06/28 05:54:35.511, 161.04, 100, 10740
2026/06/28 05:54:36.511, 160.31, 100, 10740
2026/06/28 05:54:37.511, 160.94, 100, 10740
2026/06/28 05:54:38.512, 160.08, 100, 10740
2026/06/28 05:54:39.512, 159.98, 98, 10740
2026/06/28 05:54:40.512, 161.14, 100, 10740
2026/06/28 05:54:41.512, 160.78, 100, 10740
2026/06/28 05:54:42.512, 161.06, 100, 10740
2026/06/28 05:54:43.512, 160.97, 100, 10740
2026/06/28 05:54:44.513, 159.99, 98, 10740
2026/06/28 05:54:45.513, 161.03, 100, 10740
2026/06/28 05:54:46.513, 160.45, 100, 10740
2026/06/28 05:54:47.513, 160.93, 100, 10740
2026/06/28 05:54:48.513, 161.10, 100, 10740
2026/06/28 05:54:49.514, 160.55, 98, 10740
2026/06/28 05:54:50.514, 161.31, 100, 10740
2026/06/28 05:54:51.514, 160.95, 100, 10740
2026/06/28 05:54:52.514, 160.95, 100, 10740
2026/06/28 05:54:53.514, 159.99, 100, 10740
2026/06/28 05:54:54.514, 160.43, 98, 10740
2026/06/28 05:54:55.515, 161.10, 100, 10740
2026/06/28 05:54:56.515, 161.03, 100, 10740
2026/06/28 05:54:57.515, 160.95, 100, 10740
2026/06/28 05:54:58.515, 161.24, 100, 10740
2026/06/28 05:54:59.515, 160.65, 100, 10740
2026/06/28 05:55:00.515, 161.56, 100, 10740
2026/06/28 05:55:01.516, 160.70, 100, 10740
2026/06/28 05:55:02.516, 160.56, 99, 10740
2026/06/28 05:55:03.516, 161.02, 100, 10740
2026/06/28 05:55:04.516, 160.73, 100, 10740
2026/06/28 05:55:05.516, 161.72, 100, 10740
2026/06/28 05:55:06.517, 161.11, 100, 10740
2026/06/28 05:55:07.517, 160.16, 99, 10740
2026/06/28 05:55:08.517, 161.86, 100, 10740
2026/06/28 05:55:09.517, 160.74, 100, 10740
2026/06/28 05:55:10.517, 161.49, 100, 10740
2026/06/28 05:55:11.518, 160.90, 100, 10740
2026/06/28 05:55:12.526, 160.20, 98, 10740
2026/06/28 05:55:13.526, 160.93, 100, 10740
2026/06/28 05:55:14.527, 160.96, 100, 10740
2026/06/28 05:55:15.527, 161.66, 100, 10740
2026/06/28 05:55:16.527, 161.18, 100, 10740
2026/06/28 05:55:17.535, 158.68, 98, 10740
2026/06/28 05:55:18.535, 161.47, 100, 10740
2026/06/28 05:55:19.535, 160.89, 100, 10740
2026/06/28 05:55:20.535, 161.12, 100, 10740
2026/06/28 05:55:21.536, 161.15, 100, 10740
2026/06/28 05:55:22.536, 160.23, 98, 10740
2026/06/28 05:55:23.536, 161.04, 100, 10740
2026/06/28 05:55:24.536, 160.67, 100, 10740
2026/06/28 05:55:25.536, 161.20, 100, 10740
2026/06/28 05:55:26.537, 161.33, 100, 10740
2026/06/28 05:55:27.537, 160.50, 98, 10740
2026/06/28 05:55:28.537, 161.39, 100, 10740
2026/06/28 05:55:29.537, 160.80, 100, 10740
2026/06/28 05:55:30.537, 161.00, 100, 10740
2026/06/28 05:55:31.538, 161.32, 100, 10740
2026/06/28 05:55:32.546, 160.46, 100, 10740
2026/06/28 05:55:33.546, 161.04, 100, 10740
2026/06/28 05:55:34.546, 160.60, 100, 10740
2026/06/28 05:55:35.547, 160.62, 99, 10740
2026/06/28 05:55:36.547, 161.42, 100, 10740
2026/06/28 05:55:37.547, 160.17, 100, 10740
2026/06/28 05:55:38.547, 161.17, 100, 10740
2026/06/28 05:55:39.547, 160.96, 100, 10740
2026/06/28 05:55:40.548, 159.90, 98, 10740
2026/06/28 05:55:41.548, 161.07, 100, 10740
2026/06/28 05:55:42.548, 160.27, 100, 10740
2026/06/28 05:55:43.548, 160.88, 100, 10740
2026/06/28 05:55:44.548, 160.82, 100, 10740
2026/06/28 05:55:45.549, 160.11, 98, 10740
2026/06/28 05:55:46.549, 161.38, 100, 10740
2026/06/28 05:55:47.549, 160.41, 100, 10740
2026/06/28 05:55:48.549, 160.70, 100, 10740
2026/06/28 05:55:49.549, 160.93, 100, 10740
2026/06/28 05:55:50.550, 160.27, 98, 10740
2026/06/28 05:55:51.550, 161.37, 100, 10740
2026/06/28 05:55:52.550, 160.58, 100, 10740
2026/06/28 05:55:53.550, 160.57, 100, 10740
2026/06/28 05:55:54.550, 161.20, 100, 10740
2026/06/28 05:55:55.551, 160.29, 98, 10740
2026/06/28 05:55:56.551, 161.51, 100, 10740
2026/06/28 05:55:57.559, 160.82, 100, 10740
2026/06/28 05:55:58.560, 160.89, 100, 10740
2026/06/28 05:55:59.560, 160.86, 100, 10740
2026/06/28 05:56:00.560, 160.38, 99, 10740
2026/06/28 05:56:01.560, 161.06, 100, 10740
2026/06/28 05:56:02.569, 160.62, 100, 10740
2026/06/28 05:56:03.569, 160.58, 100, 10740
2026/06/28 05:56:04.569, 160.99, 100, 10740
2026/06/28 05:56:05.569, 160.34, 100, 10740
2026/06/28 05:56:06.569, 161.39, 100, 10740
2026/06/28 05:56:07.570, 160.89, 100, 10740
2026/06/28 05:56:08.570, 160.77, 99, 10740
2026/06/28 05:56:09.570, 161.13, 100, 10740
2026/06/28 05:56:10.570, 160.62, 100, 10740
2026/06/28 05:56:11.570, 161.34, 100, 10740
2026/06/28 05:56:12.571, 160.18, 100, 10740
2026/06/28 05:56:13.571, 160.50, 98, 10740
2026/06/28 05:56:14.571, 161.22, 100, 10740
2026/06/28 05:56:15.571, 160.55, 100, 10740
2026/06/28 05:56:16.571, 161.33, 100, 10740
2026/06/28 05:56:17.572, 161.14, 100, 10740
2026/06/28 05:56:18.572, 160.10, 98, 10740
2026/06/28 05:56:19.572, 161.08, 100, 10740
2026/06/28 05:56:20.572, 160.57, 100, 10740
2026/06/28 05:56:21.572, 161.24, 100, 10740
2026/06/28 05:56:22.572, 161.04, 100, 10740
2026/06/28 05:56:23.573, 158.98, 98, 10740
2026/06/28 05:56:24.573, 161.60, 100, 10740
2026/06/28 05:56:25.573, 160.40, 100, 10740
2026/06/28 05:56:26.573, 161.24, 100, 10740
2026/06/28 05:56:27.573, 161.05, 100, 10740
2026/06/28 05:56:28.582, 160.14, 98, 10740
2026/06/28 05:56:29.582, 161.57, 100, 10740
2026/06/28 05:56:30.582, 160.58, 100, 10740
2026/06/28 05:56:31.583, 161.03, 100, 10740
2026/06/28 05:56:32.583, 161.07, 100, 10740
2026/06/28 05:56:33.583, 160.02, 98, 10740
2026/06/28 05:56:34.583, 160.96, 100, 10740
2026/06/28 05:56:35.583, 160.32, 100, 10740
2026/06/28 05:56:36.584, 160.53, 100, 10740
2026/06/28 05:56:37.584, 161.02, 100, 10740
2026/06/28 05:56:38.593, 160.36, 99, 10740
2026/06/28 05:56:39.593, 160.97, 100, 10740
2026/06/28 05:56:40.593, 160.41, 100, 10740
2026/06/28 05:56:41.593, 160.44, 100, 10740
2026/06/28 05:56:42.593, 160.93, 100, 10740
2026/06/28 05:56:43.602, 160.47, 100, 10740
2026/06/28 05:56:44.602, 161.46, 100, 10740
2026/06/28 05:56:45.602, 160.90, 100, 10740
2026/06/28 05:56:46.602, 160.39, 98, 10740
2026/06/28 05:56:47.603, 161.16, 100, 10740
2026/06/28 05:56:48.611, 160.25, 100, 10740
2026/06/28 05:56:49.611, 161.12, 100, 10740
2026/06/28 05:56:50.612, 160.90, 100, 10740
2026/06/28 05:56:51.612, 159.97, 98, 10740
2026/06/28 05:56:52.612, 160.97, 100, 10740
2026/06/28 05:56:53.621, 160.27, 100, 10740
2026/06/28 05:56:54.621, 161.18, 100, 10740
2026/06/28 05:56:55.621, 160.86, 100, 10740
2026/06/28 05:56:56.621, 160.19, 98, 10740
2026/06/28 05:56:57.621, 161.20, 100, 10740
2026/06/28 05:56:58.630, 160.63, 100, 10740
2026/06/28 05:56:59.630, 160.91, 100, 10740
2026/06/28 05:57:00.630, 161.17, 100, 10740
2026/06/28 05:57:01.631, 160.44, 98, 10740
2026/06/28 05:57:02.631, 161.68, 100, 10740
2026/06/28 05:57:03.639, 160.74, 100, 10740
2026/06/28 05:57:04.640, 161.16, 100, 10740
2026/06/28 05:57:05.640, 161.29, 100, 10740
2026/06/28 05:57:06.640, 160.58, 98, 10740
2026/06/28 05:57:07.640, 161.44, 100, 10740
2026/06/28 05:57:08.640, 160.81, 100, 10740
2026/06/28 05:57:09.641, 160.92, 100, 10740
2026/06/28 05:57:10.641, 160.97, 100, 10740
2026/06/28 05:57:11.641, 160.32, 98, 10740
2026/06/28 05:57:12.641, 161.13, 100, 10740
2026/06/28 05:57:13.650, 160.87, 100, 10740
2026/06/28 05:57:14.650, 161.19, 100, 10740
2026/06/28 05:57:15.650, 161.52, 100, 10740
2026/06/28 05:57:16.650, 160.50, 100, 10740
2026/06/28 05:57:17.650, 161.59, 100, 10740
2026/06/28 05:57:18.659, 160.71, 100, 10740
2026/06/28 05:57:19.659, 161.08, 100, 10740
2026/06/28 05:57:20.659, 161.38, 100, 10740
2026/06/28 05:57:21.660, 160.49, 100, 10740
2026/06/28 05:57:22.660, 161.61, 100, 10740
2026/06/28 05:57:23.668, 161.34, 100, 10740
2026/06/28 05:57:24.669, 160.47, 98, 10740
2026/06/28 05:57:25.669, 161.01, 100, 10740
2026/06/28 05:57:26.669, 160.53, 100, 10740
2026/06/28 05:57:27.669, 161.11, 100, 10740
2026/06/28 05:57:28.678, 160.95, 100, 10740
2026/06/28 05:57:29.678, 159.95, 98, 10740
2026/06/28 05:57:30.678, 161.07, 100, 10740
2026/06/28 05:57:31.678, 160.62, 100, 10740
2026/06/28 05:57:32.679, 161.38, 100, 10740
2026/06/28 05:57:33.679, 161.24, 100, 10740
2026/06/28 05:57:34.679, 160.12, 98, 10740
2026/06/28 05:57:35.679, 161.13, 100, 10740
2026/06/28 05:57:36.679, 160.76, 100, 10740
2026/06/28 05:57:37.680, 161.13, 100, 10740
2026/06/28 05:57:38.688, 161.21, 100, 10740
2026/06/28 05:57:39.688, 160.76, 98, 10740
2026/06/28 05:57:40.689, 161.45, 100, 10740
2026/06/28 05:57:41.689, 160.91, 100, 10740
2026/06/28 05:57:42.689, 161.10, 100, 10740
2026/06/28 05:57:43.689, 161.38, 100, 10740
2026/06/28 05:57:44.689, 160.38, 98, 10740
2026/06/28 05:57:45.690, 161.25, 100, 10740
2026/06/28 05:57:46.690, 161.02, 100, 10740
2026/06/28 05:57:47.690, 161.36, 100, 10740
2026/06/28 05:57:48.690, 161.32, 100, 10740
2026/06/28 05:57:49.691, 163.41, 100, 10740
2026/06/28 05:57:50.691, 163.36, 100, 10740
2026/06/28 05:57:51.691, 163.70, 100, 10740
2026/06/28 05:57:52.691, 163.58, 100, 10740
2026/06/28 05:57:53.691, 163.62, 100, 10740
2026/06/28 05:57:54.692, 163.38, 100, 10740
2026/06/28 05:57:55.692, 163.59, 100, 10740
2026/06/28 05:57:56.692, 163.56, 100, 10740
2026/06/28 05:57:57.692, 163.60, 100, 10740
2026/06/28 05:57:58.692, 163.35, 100, 10740
2026/06/28 05:57:59.692, 163.59, 100, 10740
2026/06/28 05:58:00.693, 163.26, 100, 10740
2026/06/28 05:58:01.693, 163.52, 100, 10740
2026/06/28 05:58:02.693, 163.30, 100, 10740
2026/06/28 05:58:03.693, 163.48, 100, 10740
2026/06/28 05:58:04.693, 163.34, 100, 10740
2026/06/28 05:58:05.693, 163.64, 100, 10740
2026/06/28 05:58:06.694, 163.51, 100, 10740
2026/06/28 05:58:07.694, 163.25, 100, 10740
2026/06/28 05:58:08.694, 163.41, 100, 10740
2026/06/28 05:58:09.694, 163.35, 100, 10740
2026/06/28 05:58:10.694, 163.28, 100, 10740
2026/06/28 05:58:11.694, 163.31, 100, 10740
2026/06/28 05:58:12.695, 163.18, 100, 10740
2026/06/28 05:58:13.695, 163.12, 100, 10740
2026/06/28 05:58:14.695, 163.44, 100, 10740
2026/06/28 05:58:15.695, 163.13, 100, 10740
2026/06/28 05:58:16.695, 163.51, 100, 10740
2026/06/28 05:58:17.696, 163.32, 100, 10740
2026/06/28 05:58:18.696, 163.41, 100, 10740
2026/06/28 05:58:19.696, 163.19, 100, 10740
2026/06/28 05:58:20.696, 163.27, 100, 10740
2026/06/28 05:58:21.696, 163.25, 100, 10740
2026/06/28 05:58:22.697, 163.29, 100, 10740
2026/06/28 05:58:23.697, 163.23, 100, 10740
2026/06/28 05:58:24.697, 163.46, 99, 10740
2026/06/28 05:58:25.697, 163.39, 100, 10740
2026/06/28 05:58:26.706, 163.06, 99, 10740
2026/06/28 05:58:27.706, 163.49, 100, 10740
2026/06/28 05:58:28.706, 163.43, 99, 10740
2026/06/28 05:58:29.706, 163.48, 100, 10740
2026/06/28 05:58:30.706, 163.36, 100, 10740
2026/06/28 05:58:31.707, 163.74, 100, 10740
2026/06/28 05:58:32.707, 163.65, 99, 10740
2026/06/28 05:58:33.707, 163.50, 100, 10740
2026/06/28 05:58:34.707, 163.30, 100, 10740
2026/06/28 05:58:35.707, 163.32, 100, 10740
2026/06/28 05:58:36.716, 163.31, 99, 10740
2026/06/28 05:58:37.716, 163.40, 100, 10740
2026/06/28 05:58:38.716, 163.55, 100, 10740
2026/06/28 05:58:39.717, 154.37, 100, 10740
2026/06/28 05:58:40.717, 161.42, 100, 10740
2026/06/28 05:58:41.717, 160.55, 100, 10740
2026/06/28 05:58:42.717, 161.41, 100, 10740
2026/06/28 05:58:43.717, 160.91, 100, 10740
2026/06/28 05:58:44.717, 160.33, 98, 10740
2026/06/28 05:58:45.718, 161.94, 100, 10740
2026/06/28 05:58:46.718, 160.51, 100, 10740
2026/06/28 05:58:47.718, 161.61, 100, 10740
2026/06/28 05:58:48.718, 161.26, 100, 10740
2026/06/28 05:58:49.718, 160.62, 98, 10740
2026/06/28 05:58:50.718, 161.20, 100, 10740
2026/06/28 05:58:51.719, 160.51, 100, 10740
2026/06/28 05:58:52.719, 161.46, 100, 10740
2026/06/28 05:58:53.719, 161.28, 100, 10740
2026/06/28 05:58:54.719, 160.27, 98, 10740
2026/06/28 05:58:55.719, 161.30, 100, 10740
2026/06/28 05:58:56.728, 160.66, 100, 10740
2026/06/28 05:58:57.728, 161.45, 100, 10740
2026/06/28 05:58:58.728, 161.38, 100, 10740
2026/06/28 05:58:59.729, 160.67, 98, 10740
2026/06/28 05:59:00.729, 161.78, 100, 10740
2026/06/28 05:59:01.737, 160.64, 100, 10740
2026/06/28 05:59:02.738, 161.13, 100, 10740
2026/06/28 05:59:03.738, 161.25, 100, 10740
2026/06/28 05:59:04.738, 160.55, 98, 10740
2026/06/28 05:59:05.738, 161.48, 100, 10740
2026/06/28 05:59:06.747, 161.00, 100, 10740
2026/06/28 05:59:07.747, 161.24, 100, 10740
2026/06/28 05:59:08.747, 161.35, 100, 10740
2026/06/28 05:59:09.747, 160.24, 99, 10740
2026/06/28 05:59:10.747, 161.02, 100, 10740
2026/06/28 05:59:11.756, 160.74, 100, 10740
2026/06/28 05:59:12.756, 160.71, 100, 10740
2026/06/28 05:59:13.756, 161.31, 100, 10740
2026/06/28 05:59:14.757, 160.25, 100, 10740
2026/06/28 05:59:15.757, 161.28, 100, 10740
2026/06/28 05:59:16.757, 161.07, 100, 10740
2026/06/28 05:59:17.757, 160.55, 98, 10740
2026/06/28 05:59:18.757, 161.33, 100, 10740
2026/06/28 05:59:19.758, 160.60, 100, 10740
2026/06/28 05:59:20.758, 161.47, 100, 10740
2026/06/28 05:59:21.758, 161.15, 100, 10740
2026/06/28 05:59:22.758, 160.15, 98, 10740
2026/06/28 05:59:23.758, 161.79, 100, 10740
2026/06/28 05:59:24.759, 160.47, 100, 10740
2026/06/28 05:59:25.759, 161.43, 100, 10740
2026/06/28 05:59:26.759, 161.09, 100, 10740
2026/06/28 05:59:27.759, 160.51, 98, 10740
2026/06/28 05:59:28.759, 161.11, 100, 10740
2026/06/28 05:59:29.760, 160.86, 100, 10740
2026/06/28 05:59:30.760, 160.02, 100, 10740
2026/06/28 05:59:31.760, 161.70, 100, 10740
2026/06/28 05:59:32.760, 159.55, 89, 10740
2026/06/28 05:59:33.760, 160.90, 100, 10740
2026/06/28 05:59:34.761, 161.11, 100, 10740
2026/06/28 05:59:35.761, 159.87, 97, 10740
2026/06/28 05:59:36.761, 161.49, 100, 10740
2026/06/28 05:59:37.761, 160.40, 100, 10740
2026/06/28 05:59:38.761, 161.20, 100, 10740
2026/06/28 05:59:39.762, 161.03, 100, 10740
2026/06/28 05:59:40.762, 159.85, 98, 10740
2026/06/28 05:59:41.762, 160.90, 100, 10740
2026/06/28 05:59:42.762, 160.66, 100, 10740
2026/06/28 05:59:43.769, 160.05, 100, 10740
2026/06/28 05:59:44.769, 161.15, 100, 10740
2026/06/28 05:59:45.769, 160.40, 97, 10740
2026/06/28 05:59:46.769, 161.12, 100, 10740
2026/06/28 05:59:47.769, 160.78, 100, 10740
2026/06/28 05:59:48.770, 160.89, 100, 10740
2026/06/28 05:59:49.770, 161.15, 100, 10740
2026/06/28 05:59:50.770, 160.43, 98, 10740
2026/06/28 05:59:51.770, 161.60, 100, 10740
2026/06/28 05:59:52.770, 160.93, 100, 10740
2026/06/28 05:59:53.771, 161.35, 100, 10740
2026/06/28 05:59:54.771, 161.52, 100, 10740
2026/06/28 05:59:55.771, 160.53, 100, 10740
2026/06/28 05:59:56.771, 161.37, 100, 10740
2026/06/28 05:59:57.771, 161.00, 100, 10740
2026/06/28 05:59:58.772, 161.09, 100, 10740
2026/06/28 05:59:59.772, 161.25, 100, 10740
2026/06/28 06:00:00.772, 160.21, 100, 10740
2026/06/28 06:00:01.772, 161.03, 100, 10740
2026/06/28 06:00:02.772, 160.66, 100, 10740
2026/06/28 06:00:03.773, 160.12, 99, 10740
2026/06/28 06:00:04.773, 161.24, 100, 10740
2026/06/28 06:00:05.773, 160.57, 100, 10740
2026/06/28 06:00:06.773, 160.87, 100, 10740
2026/06/28 06:00:07.773, 160.74, 100, 10740
2026/06/28 06:00:08.774, 159.87, 98, 10740
2026/06/28 06:00:09.774, 160.88, 100, 10740
2026/06/28 06:00:10.774, 160.69, 100, 10740
2026/06/28 06:00:11.774, 161.18, 100, 10740
2026/06/28 06:00:12.774, 160.71, 100, 10740
2026/06/28 06:00:13.774, 160.41, 98, 10740
2026/06/28 06:00:14.775, 161.54, 100, 10740
2026/06/28 06:00:15.775, 160.77, 100, 10740
2026/06/28 06:00:16.775, 160.98, 100, 10740
2026/06/28 06:00:17.775, 161.12, 100, 10740
2026/06/28 06:00:18.775, 160.49, 98, 10740
2026/06/28 06:00:19.776, 161.28, 100, 10740
2026/06/28 06:00:20.776, 160.60, 100, 10740
2026/06/28 06:00:21.776, 161.03, 100, 10740
2026/06/28 06:00:22.776, 161.30, 100, 10740
2026/06/28 06:00:23.776, 160.56, 100, 10740
2026/06/28 06:00:24.777, 161.16, 100, 10740
2026/06/28 06:00:25.777, 161.21, 100, 10740
2026/06/28 06:00:26.779, 161.06, 99, 10740
2026/06/28 06:00:27.779, 161.57, 100, 10740
2026/06/28 06:00:28.779, 160.69, 100, 10740
2026/06/28 06:00:29.779, 161.13, 100, 10740
2026/06/28 06:00:30.779, 160.95, 100, 10740
2026/06/28 06:00:31.780, 160.34, 98, 10740
2026/06/28 06:00:32.780, 161.41, 100, 10740
2026/06/28 06:00:33.780, 160.68, 100, 10740
2026/06/28 06:00:34.780, 160.90, 100, 10740
2026/06/28 06:00:35.780, 161.08, 100, 10740
2026/06/28 06:00:36.780, 160.25, 98, 10740
2026/06/28 06:00:37.781, 161.39, 100, 10740
2026/06/28 06:00:38.781, 160.79, 100, 10740
2026/06/28 06:00:39.781, 160.97, 100, 10740
2026/06/28 06:00:40.781, 160.66, 100, 10740
2026/06/28 06:00:41.781, 160.09, 98, 10740
2026/06/28 06:00:42.782, 161.18, 100, 10740
2026/06/28 06:00:43.782, 160.74, 100, 10740
2026/06/28 06:00:44.782, 160.76, 100, 10740
2026/06/28 06:00:45.782, 161.05, 100, 10740
2026/06/28 06:00:46.782, 160.50, 99, 10740
2026/06/28 06:00:47.783, 161.64, 100, 10740
2026/06/28 06:00:48.783, 160.85, 100, 10740
2026/06/28 06:00:49.783, 160.87, 100, 10740
2026/06/28 06:00:50.783, 161.16, 100, 10740
2026/06/28 06:00:51.783, 159.27, 100, 10740
2026/06/28 06:00:52.784, 161.05, 100, 10740
2026/06/28 06:00:53.784, 161.09, 100, 10740
2026/06/28 06:00:54.784, 160.82, 99, 10740
2026/06/28 06:00:55.784, 161.37, 100, 10740
2026/06/28 06:00:56.784, 160.51, 100, 10740
2026/06/28 06:00:57.785, 161.41, 100, 10740
2026/06/28 06:00:58.785, 160.93, 100, 10740
2026/06/28 06:00:59.785, 160.08, 98, 10740
2026/06/28 06:01:00.785, 161.23, 100, 10740
2026/06/28 06:01:01.785, 160.42, 100, 10740
2026/06/28 06:01:02.785, 161.04, 100, 10740
2026/06/28 06:01:03.786, 160.85, 100, 10740
2026/06/28 06:01:04.786, 160.14, 98, 10740
2026/06/28 06:01:05.786, 160.93, 100, 10740
2026/06/28 06:01:06.786, 160.34, 100, 10740
2026/06/28 06:01:07.795, 161.17, 100, 10740
2026/06/28 06:01:08.795, 161.27, 100, 10740
2026/06/28 06:01:09.795, 160.66, 98, 10740
2026/06/28 06:01:10.795, 161.47, 100, 10740
2026/06/28 06:01:11.795, 160.47, 100, 10740
2026/06/28 06:01:12.796, 160.80, 100, 10740
2026/06/28 06:01:13.796, 161.09, 100, 10740
2026/06/28 06:01:14.796, 160.44, 98, 10740
2026/06/28 06:01:15.796, 161.32, 100, 10740
2026/06/28 06:01:16.796, 160.49, 100, 10740
2026/06/28 06:01:17.797, 160.57, 100, 10740
2026/06/28 06:01:18.797, 160.76, 100, 10740
2026/06/28 06:01:19.797, 160.01, 98, 10740
2026/06/28 06:01:20.797, 161.38, 100, 10740
2026/06/28 06:01:21.797, 160.71, 100, 10740
2026/06/28 06:01:22.798, 160.80, 100, 10740
2026/06/28 06:01:23.798, 160.92, 100, 10740
2026/06/28 06:01:24.798, 160.13, 100, 10740
2026/06/28 06:01:25.798, 161.16, 100, 10740
2026/06/28 06:01:26.798, 160.50, 100, 10740
2026/06/28 06:01:27.807, 160.31, 100, 10740
2026/06/28 06:01:28.807, 161.16, 100, 10740
2026/06/28 06:01:29.807, 160.37, 100, 10740
2026/06/28 06:01:30.808, 161.08, 100, 10740
2026/06/28 06:01:31.808, 160.60, 100, 10740
2026/06/28 06:01:32.808, 160.07, 98, 10740
2026/06/28 06:01:33.808, 161.70, 100, 10740
2026/06/28 06:01:34.808, 160.44, 100, 10740
2026/06/28 06:01:35.809, 161.36, 100, 10740
2026/06/28 06:01:36.809, 160.93, 100, 10740
2026/06/28 06:01:37.809, 160.18, 98, 10740
2026/06/28 06:01:38.809, 161.52, 100, 10740
2026/06/28 06:01:39.809, 160.51, 100, 10740
2026/06/28 06:01:40.809, 161.14, 100, 10740
2026/06/28 06:01:41.810, 160.64, 100, 10740
2026/06/28 06:01:42.810, 160.01, 98, 10740
2026/06/28 06:01:43.810, 160.98, 100, 10740
2026/06/28 06:01:44.810, 160.69, 100, 10740
2026/06/28 06:01:45.810, 160.81, 100, 10740
2026/06/28 06:01:46.811, 160.95, 100, 10740
2026/06/28 06:01:47.811, 160.17, 97, 10740
2026/06/28 06:01:48.811, 161.60, 100, 10740
2026/06/28 06:01:49.811, 160.66, 100, 10740
2026/06/28 06:01:50.811, 161.04, 100, 10740
2026/06/28 06:01:51.812, 160.79, 100, 10740
2026/06/28 06:01:52.812, 160.13, 98, 10740
2026/06/28 06:01:53.812, 161.20, 100, 10740
2026/06/28 06:01:54.812, 160.39, 100, 10740
2026/06/28 06:01:55.812, 160.65, 100, 10740
2026/06/28 06:01:56.813, 161.27, 100, 10740
2026/06/28 06:01:57.813, 160.11, 97, 10740
2026/06/28 06:01:58.813, 161.08, 100, 10740
2026/06/28 06:01:59.813, 160.99, 100, 10740
2026/06/28 06:02:00.813, 160.91, 100, 10740
2026/06/28 06:02:01.814, 161.28, 100, 10740
2026/06/28 06:02:02.814, 160.52, 100, 10740
2026/06/28 06:02:03.814, 161.55, 100, 10740
2026/06/28 06:02:04.814, 160.70, 100, 10740
2026/06/28 06:02:05.814, 160.80, 99, 10740
2026/06/28 06:02:06.815, 161.16, 100, 10740
2026/06/28 06:02:07.823, 160.40, 100, 10740
2026/06/28 06:02:08.823, 161.57, 100, 10740
2026/06/28 06:02:09.824, 160.71, 100, 10740
2026/06/28 06:02:10.824, 160.19, 98, 10740
2026/06/28 06:02:11.824, 160.83, 100, 10740
2026/06/28 06:02:12.833, 160.59, 100, 10740
2026/06/28 06:02:13.833, 161.05, 100, 10740
2026/06/28 06:02:14.833, 160.90, 100, 10740
2026/06/28 06:02:15.833, 160.23, 98, 10740
2026/06/28 06:02:16.833, 161.18, 100, 10740
2026/06/28 06:02:17.834, 160.31, 100, 10740
2026/06/28 06:02:18.834, 160.68, 100, 10740
2026/06/28 06:02:19.834, 160.92, 100, 10740
2026/06/28 06:02:20.834, 160.28, 98, 10740
2026/06/28 06:02:21.834, 160.91, 100, 10740
2026/06/28 06:02:22.835, 160.28, 100, 10740
2026/06/28 06:02:23.835, 161.13, 100, 10740
2026/06/28 06:02:24.835, 161.01, 100, 10740
2026/06/28 06:02:25.835, 160.23, 98, 10740
2026/06/28 06:02:26.835, 161.40, 100, 10740
2026/06/28 06:02:27.835, 160.51, 100, 10740
2026/06/28 06:02:28.836, 160.98, 100, 10740
2026/06/28 06:02:29.836, 160.86, 100, 10740
2026/06/28 06:02:30.836, 160.40, 98, 10740
2026/06/28 06:02:31.836, 161.12, 100, 10740
2026/06/28 06:02:32.836, 160.97, 100, 10740
2026/06/28 06:02:33.845, 161.35, 100, 10740
2026/06/28 06:02:34.845, 161.27, 100, 10740
2026/06/28 06:02:35.845, 160.56, 100, 10740
2026/06/28 06:02:36.845, 161.27, 100, 10740
2026/06/28 06:02:37.846, 161.03, 100, 10740
2026/06/28 06:02:38.854, 160.51, 100, 10740
2026/06/28 06:02:39.854, 161.18, 100, 10740
2026/06/28 06:02:40.855, 160.24, 100, 10740
2026/06/28 06:02:41.855, 161.41, 100, 10740
2026/06/28 06:02:42.855, 160.93, 100, 10740
2026/06/28 06:02:43.864, 161.36, 100, 10740
2026/06/28 06:02:44.864, 160.90, 100, 10740
2026/06/28 06:02:45.864, 160.09, 98, 10740
2026/06/28 06:02:46.864, 160.99, 100, 10740
2026/06/28 06:02:47.864, 160.40, 100, 10740
2026/06/28 06:02:48.864, 161.10, 100, 10740
2026/06/28 06:02:49.864, 160.89, 100, 10740
2026/06/28 06:02:50.865, 160.18, 97, 10740
2026/06/28 06:02:51.865, 161.51, 100, 10740
2026/06/28 06:02:52.865, 160.51, 100, 10740
2026/06/28 06:02:53.873, 161.02, 100, 10740
2026/06/28 06:02:54.873, 161.33, 100, 10740
2026/06/28 06:02:55.874, 160.70, 98, 10740
2026/06/28 06:02:56.874, 161.15, 100, 10740
2026/06/28 06:02:57.874, 160.78, 100, 10740
2026/06/28 06:02:58.874, 160.97, 100, 10740
2026/06/28 06:02:59.874, 161.30, 100, 10740
2026/06/28 06:03:00.874, 160.67, 98, 10740
2026/06/28 06:03:01.875, 161.19, 100, 10740
2026/06/28 06:03:02.875, 160.78, 100, 10740
2026/06/28 06:03:03.883, 160.96, 100, 10740
2026/06/28 06:03:04.883, 161.48, 100, 10740
2026/06/28 06:03:05.884, 160.57, 97, 10740
2026/06/28 06:03:06.884, 161.11, 100, 10740
2026/06/28 06:03:07.884, 160.78, 100, 10740
2026/06/28 06:03:08.892, 161.27, 100, 10740
2026/06/28 06:03:09.893, 161.45, 100, 10740
2026/06/28 06:03:10.893, 160.25, 100, 10740
2026/06/28 06:03:11.893, 161.46, 100, 10740
2026/06/28 06:03:12.893, 160.91, 100, 10740
2026/06/28 06:03:13.893, 161.21, 100, 10740
2026/06/28 06:03:14.893, 161.46, 100, 10740
2026/06/28 06:03:15.894, 160.55, 100, 10740
2026/06/28 06:03:16.894, 161.48, 100, 10740
2026/06/28 06:03:17.894, 160.99, 100, 10740
2026/06/28 06:03:18.902, 160.34, 98, 10740
2026/06/28 06:03:19.903, 161.35, 100, 10740
2026/06/28 06:03:20.903, 160.62, 100, 10740
2026/06/28 06:03:21.903, 161.26, 100, 10740
2026/06/28 06:03:22.903, 160.99, 100, 10740
2026/06/28 06:03:23.912, 160.36, 98, 10740
2026/06/28 06:03:24.912, 161.69, 100, 10740
2026/06/28 06:03:25.912, 160.58, 100, 10740
2026/06/28 06:03:26.912, 161.52, 100, 10740
2026/06/28 06:03:27.912, 161.41, 100, 10740
2026/06/28 06:03:28.921, 160.37, 98, 10740
2026/06/28 06:03:29.921, 161.24, 100, 10740
2026/06/28 06:03:30.921, 160.59, 100, 10740
2026/06/28 06:03:31.921, 161.24, 100, 10740
2026/06/28 06:03:32.922, 161.57, 100, 10740
2026/06/28 06:03:33.922, 160.46, 98, 10740
2026/06/28 06:03:34.922, 161.35, 100, 10740
2026/06/28 06:03:35.922, 160.77, 100, 10740
2026/06/28 06:03:36.922, 160.95, 100, 10740
2026/06/28 06:03:37.922, 161.00, 100, 10740
2026/06/28 06:03:38.931, 160.40, 98, 10740
2026/06/28 06:03:39.931, 161.20, 100, 10740
2026/06/28 06:03:40.931, 160.94, 100, 10740
2026/06/28 06:03:41.931, 161.04, 100, 10740
2026/06/28 06:03:42.932, 161.38, 100, 10740
2026/06/28 06:03:43.940, 160.37, 100, 10740
2026/06/28 06:03:44.940, 161.37, 100, 10740
2026/06/28 06:03:45.941, 160.89, 100, 10740
2026/06/28 06:03:46.941, 161.00, 100, 10740
2026/06/28 06:03:47.941, 161.32, 100, 10740
2026/06/28 06:03:48.941, 160.60, 100, 10740
2026/06/28 06:03:49.941, 161.53, 100, 10740
2026/06/28 06:03:50.941, 161.37, 100, 10740
2026/06/28 06:03:51.941, 163.24, 100, 10740
2026/06/28 06:03:52.942, 163.21, 100, 10740
2026/06/28 06:03:53.942, 163.31, 100, 10740
2026/06/28 06:03:54.942, 163.00, 99, 10740
2026/06/28 06:03:55.942, 163.23, 100, 10740
2026/06/28 06:03:56.942, 163.01, 100, 10740
2026/06/28 06:03:57.943, 163.25, 100, 10740
2026/06/28 06:03:58.943, 163.39, 99, 10740
2026/06/28 06:03:59.943, 163.31, 100, 10740
2026/06/28 06:04:00.943, 163.25, 100, 10740
2026/06/28 06:04:01.943, 163.17, 100, 10740
2026/06/28 06:04:02.943, 162.98, 99, 10740
2026/06/28 06:04:03.943, 162.94, 100, 10740
2026/06/28 06:04:04.952, 162.98, 99, 10740
2026/06/28 06:04:05.952, 163.07, 100, 10740
2026/06/28 06:04:06.952, 163.01, 100, 10740
2026/06/28 06:04:07.953, 163.24, 100, 10740
2026/06/28 06:04:08.953, 163.40, 100, 10740
2026/06/28 06:04:09.961, 163.37, 100, 10740
2026/06/28 06:04:10.961, 163.23, 99, 10740
2026/06/28 06:04:11.961, 163.25, 100, 10740
2026/06/28 06:04:12.962, 163.24, 99, 10740
2026/06/28 06:04:13.962, 163.39, 100, 10740
2026/06/28 06:04:14.970, 163.36, 99, 10740
2026/06/28 06:04:15.971, 163.29, 100, 10740
2026/06/28 06:04:16.971, 163.68, 100, 10740
2026/06/28 06:04:17.971, 163.38, 100, 10740
2026/06/28 06:04:18.971, 163.64, 100, 10740
2026/06/28 06:04:19.980, 163.48, 100, 10740
2026/06/28 06:04:20.980, 163.50, 100, 10740
2026/06/28 06:04:21.980, 163.55, 100, 10740
2026/06/28 06:04:22.980, 163.42, 100, 10740
2026/06/28 06:04:23.980, 163.41, 100, 10740
2026/06/28 06:04:24.980, 163.42, 100, 10740
2026/06/28 06:04:25.981, 163.27, 100, 10740
2026/06/28 06:04:26.981, 163.37, 100, 10740
2026/06/28 06:04:27.981, 163.24, 100, 10740
2026/06/28 06:04:28.981, 163.18, 100, 10740
2026/06/28 06:04:29.981, 163.48, 100, 10740
2026/06/28 06:04:30.981, 163.61, 100, 10740
2026/06/28 06:04:31.981, 163.46, 100, 10740
2026/06/28 06:04:32.982, 163.47, 100, 10740
2026/06/28 06:04:33.982, 163.34, 100, 10740
2026/06/28 06:04:34.982, 163.55, 100, 10740
2026/06/28 06:04:35.982, 163.13, 100, 10740
2026/06/28 06:04:36.982, 163.28, 100, 10740
2026/06/28 06:04:37.983, 163.18, 100, 10740
2026/06/28 06:04:38.991, 163.32, 100, 10740
2026/06/28 06:04:39.991, 163.25, 100, 10740
2026/06/28 06:04:40.991, 163.34, 100, 10740
2026/06/28 06:04:41.992, 154.47, 100, 10740
2026/06/28 06:04:42.992, 161.12, 100, 10740
2026/06/28 06:04:43.992, 160.79, 100, 10740
2026/06/28 06:04:44.992, 161.24, 100, 10740
2026/06/28 06:04:45.992, 160.50, 100, 10740
2026/06/28 06:04:46.992, 161.78, 100, 10740
2026/06/28 06:04:47.993, 161.07, 100, 10740
2026/06/28 06:04:48.993, 160.23, 98, 10740
2026/06/28 06:04:49.993, 161.40, 100, 10740
2026/06/28 06:04:50.993, 160.53, 100, 10740
2026/06/28 06:04:51.993, 161.50, 100, 10740
2026/06/28 06:04:52.993, 161.28, 100, 10740
2026/06/28 06:04:53.994, 160.25, 98, 10740
2026/06/28 06:04:54.994, 161.41, 100, 10740
2026/06/28 06:04:55.994, 160.62, 100, 10740
2026/06/28 06:04:56.994, 160.92, 100, 10740
2026/06/28 06:04:57.994, 161.04, 100, 10740
2026/06/28 06:04:58.995, 160.24, 98, 10740
2026/06/28 06:04:59.995, 161.05, 100, 10740
2026/06/28 06:05:00.995, 160.51, 100, 10740
2026/06/28 06:05:01.995, 161.41, 100, 10740
2026/06/28 06:05:02.995, 161.29, 100, 10740
2026/06/28 06:05:03.995, 160.67, 98, 10740
2026/06/28 06:05:04.995, 161.38, 100, 10740
2026/06/28 06:05:05.996, 160.89, 100, 10740
2026/06/28 06:05:06.996, 161.22, 100, 10740
2026/06/28 06:05:07.996, 160.31, 100, 10740
2026/06/28 06:05:08.996, 160.60, 98, 10740
2026/06/28 06:05:09.996, 161.30, 100, 10740
2026/06/28 06:05:10.996, 160.90, 100, 10740
2026/06/28 06:05:11.997, 161.42, 100, 10740
2026/06/28 06:05:13.005, 161.38, 100, 10740
2026/06/28 06:05:14.005, 160.67, 98, 10740
2026/06/28 06:05:15.006, 161.31, 100, 10740
2026/06/28 06:05:16.006, 160.77, 100, 10740
2026/06/28 06:05:17.006, 160.96, 100, 10740
2026/06/28 06:05:18.006, 161.52, 100, 10740
2026/06/28 06:05:19.006, 160.74, 100, 10740
2026/06/28 06:05:20.006, 161.43, 100, 10740
2026/06/28 06:05:21.007, 161.24, 100, 10740
2026/06/28 06:05:22.007, 160.67, 100, 10740
2026/06/28 06:05:23.007, 161.25, 100, 10740
2026/06/28 06:05:24.007, 160.54, 100, 10740
2026/06/28 06:05:25.007, 161.39, 100, 10740
2026/06/28 06:05:26.007, 161.05, 100, 10740
2026/06/28 06:05:27.008, 159.97, 98, 10740
2026/06/28 06:05:28.008, 161.35, 100, 10740
2026/06/28 06:05:29.008, 160.60, 100, 10740
2026/06/28 06:05:30.008, 161.18, 100, 10740
2026/06/28 06:05:31.008, 160.93, 100, 10740
2026/06/28 06:05:32.009, 160.13, 98, 10740
2026/06/28 06:05:33.009, 161.10, 100, 10740
2026/06/28 06:05:34.009, 160.76, 100, 10740
2026/06/28 06:05:35.009, 161.23, 100, 10740
2026/06/28 06:05:36.009, 161.06, 100, 10740
2026/06/28 06:05:37.009, 160.21, 98, 10740
2026/06/28 06:05:38.010, 161.49, 100, 10740
2026/06/28 06:05:39.010, 160.65, 100, 10740
2026/06/28 06:05:40.010, 161.12, 100, 10740
2026/06/28 06:05:41.010, 161.03, 100, 10740
2026/06/28 06:05:42.010, 160.05, 97, 10740
2026/06/28 06:05:43.010, 160.94, 100, 10740
2026/06/28 06:05:44.011, 160.65, 100, 10740
2026/06/28 06:05:45.011, 161.05, 100, 10740
2026/06/28 06:05:46.011, 161.01, 100, 10740
2026/06/28 06:05:47.011, 160.27, 98, 10740
2026/06/28 06:05:48.011, 161.13, 100, 10740
2026/06/28 06:05:49.012, 160.82, 100, 10740
2026/06/28 06:05:50.012, 161.14, 100, 10740
2026/06/28 06:05:51.012, 161.14, 100, 10740
2026/06/28 06:05:52.012, 160.31, 99, 10740
2026/06/28 06:05:53.012, 161.12, 100, 10740
2026/06/28 06:05:54.012, 160.70, 100, 10740
2026/06/28 06:05:55.013, 160.54, 100, 10740
2026/06/28 06:05:56.013, 161.31, 100, 10740
2026/06/28 06:05:57.013, 160.37, 100, 10740
2026/06/28 06:05:58.013, 161.17, 100, 10740
2026/06/28 06:05:59.013, 161.11, 100, 10740
2026/06/28 06:06:00.014, 160.34, 99, 10740
2026/06/28 06:06:01.014, 161.14, 100, 10740
2026/06/28 06:06:02.014, 160.81, 100, 10740
2026/06/28 06:06:03.014, 160.77, 100, 10740
2026/06/28 06:06:04.014, 161.22, 100, 10740
2026/06/28 06:06:05.014, 160.27, 98, 10740
2026/06/28 06:06:06.015, 161.38, 100, 10740
2026/06/28 06:06:07.015, 160.99, 100, 10740
2026/06/28 06:06:08.015, 159.95, 98, 10740
2026/06/28 06:06:09.015, 161.68, 100, 10740
2026/06/28 06:06:10.015, 160.50, 100, 10740
2026/06/28 06:06:11.015, 161.39, 100, 10740
2026/06/28 06:06:12.016, 161.21, 100, 10740
2026/06/28 06:06:13.016, 160.12, 98, 10740
2026/06/28 06:06:14.016, 160.93, 100, 10740
2026/06/28 06:06:15.016, 160.67, 100, 10740
2026/06/28 06:06:16.016, 161.31, 100, 10740
2026/06/28 06:06:17.017, 161.12, 100, 10740
2026/06/28 06:06:18.017, 160.30, 98, 10740
2026/06/28 06:06:19.017, 160.84, 100, 10740
2026/06/28 06:06:20.017, 160.52, 100, 10740
2026/06/28 06:06:21.017, 161.27, 100, 10740
2026/06/28 06:06:22.017, 160.84, 100, 10740
2026/06/28 06:06:23.018, 160.08, 98, 10740
2026/06/28 06:06:24.018, 161.38, 100, 10740
2026/06/28 06:06:25.018, 160.62, 100, 10740
2026/06/28 06:06:26.018, 160.92, 100, 10740
2026/06/28 06:06:27.027, 161.08, 100, 10740
2026/06/28 06:06:28.027, 160.09, 98, 10740
2026/06/28 06:06:29.027, 161.17, 100, 10740
2026/06/28 06:06:30.027, 160.62, 100, 10740
2026/06/28 06:06:31.027, 161.04, 100, 10740
2026/06/28 06:06:32.036, 161.25, 100, 10740
2026/06/28 06:06:33.036, 160.51, 98, 10740
2026/06/28 06:06:34.036, 161.23, 100, 10740
2026/06/28 06:06:35.036, 160.85, 100, 10740
2026/06/28 06:06:36.036, 161.37, 100, 10740
2026/06/28 06:06:37.037, 161.39, 100, 10740
2026/06/28 06:06:38.037, 160.49, 100, 10740
2026/06/28 06:06:39.037, 161.94, 100, 10740
2026/06/28 06:06:40.037, 160.86, 100, 10740
2026/06/28 06:06:41.037, 160.51, 99, 10740
2026/06/28 06:06:42.041, 161.67, 100, 10740
2026/06/28 06:06:43.042, 160.43, 100, 10740
2026/06/28 06:06:44.042, 161.50, 100, 10740
2026/06/28 06:06:45.042, 160.81, 100, 10740
2026/06/28 06:06:46.042, 160.19, 98, 10740
2026/06/28 06:06:47.051, 161.30, 100, 10740
2026/06/28 06:06:48.051, 160.43, 100, 10740
2026/06/28 06:06:49.051, 161.13, 100, 10740
2026/06/28 06:06:50.051, 160.86, 100, 10740
2026/06/28 06:06:51.051, 160.30, 98, 10740
2026/06/28 06:06:52.051, 161.24, 100, 10740
2026/06/28 06:06:53.052, 160.55, 100, 10740
2026/06/28 06:06:54.052, 161.54, 100, 10740
2026/06/28 06:06:55.052, 161.07, 100, 10740
2026/06/28 06:06:56.052, 160.39, 98, 10740
2026/06/28 06:06:57.052, 161.65, 100, 10740
2026/06/28 06:06:58.053, 160.37, 100, 10740
2026/06/28 06:06:59.053, 160.72, 100, 10740
2026/06/28 06:07:00.053, 161.04, 100, 10740
2026/06/28 06:07:01.053, 160.21, 99, 10740
2026/06/28 06:07:02.053, 160.92, 100, 10740
2026/06/28 06:07:03.053, 160.57, 100, 10740
2026/06/28 06:07:04.054, 160.97, 100, 10740
2026/06/28 06:07:05.054, 160.94, 100, 10740
2026/06/28 06:07:06.054, 160.23, 98, 10740
2026/06/28 06:07:07.054, 160.86, 100, 10740
2026/06/28 06:07:08.054, 160.42, 100, 10740
2026/06/28 06:07:09.055, 160.86, 100, 10740
2026/06/28 06:07:10.055, 161.36, 100, 10740
2026/06/28 06:07:11.055, 160.20, 100, 10740
2026/06/28 06:07:12.055, 161.26, 100, 10740
2026/06/28 06:07:13.055, 159.78, 100, 10740
2026/06/28 06:07:14.055, 160.55, 100, 10740
2026/06/28 06:07:15.056, 161.18, 100, 10740
2026/06/28 06:07:16.056, 160.48, 100, 10740
2026/06/28 06:07:17.056, 161.23, 100, 10740
2026/06/28 06:07:18.056, 160.85, 100, 10740
2026/06/28 06:07:19.065, 160.56, 98, 10740
2026/06/28 06:07:20.065, 161.57, 100, 10740
2026/06/28 06:07:21.065, 160.17, 100, 10740
2026/06/28 06:07:22.065, 161.17, 100, 10740
2026/06/28 06:07:23.065, 160.78, 100, 10740
2026/06/28 06:07:24.074, 159.85, 98, 10740
2026/06/28 06:07:25.074, 161.03, 100, 10740
2026/06/28 06:07:26.074, 160.64, 100, 10740
2026/06/28 06:07:27.074, 161.25, 100, 10740
2026/06/28 06:07:28.075, 160.72, 100, 10740
2026/06/28 06:07:29.083, 160.20, 98, 10740
2026/06/28 06:07:30.083, 161.38, 100, 10740
2026/06/28 06:07:31.083, 160.47, 100, 10740
2026/06/28 06:07:32.084, 161.15, 100, 10740
2026/06/28 06:07:33.084, 161.22, 100, 10740
2026/06/28 06:07:34.084, 160.18, 98, 10740
2026/06/28 06:07:35.084, 161.07, 100, 10740
2026/06/28 06:07:36.084, 160.82, 100, 10740
2026/06/28 06:07:37.084, 161.15, 100, 10740
2026/06/28 06:07:38.085, 161.27, 100, 10740
2026/06/28 06:07:39.085, 160.10, 98, 10740
2026/06/28 06:07:40.085, 161.40, 100, 10740
2026/06/28 06:07:41.085, 160.42, 100, 10740
2026/06/28 06:07:42.085, 161.11, 100, 10740
2026/06/28 06:07:43.086, 161.34, 100, 10740
2026/06/28 06:07:44.086, 160.37, 98, 10740
2026/06/28 06:07:45.086, 161.28, 100, 10740
2026/06/28 06:07:46.086, 160.73, 100, 10740
2026/06/28 06:07:47.086, 160.67, 100, 10740
2026/06/28 06:07:48.087, 160.88, 100, 10740
2026/06/28 06:07:49.095, 160.36, 100, 10740
2026/06/28 06:07:50.095, 161.26, 100, 10740
2026/06/28 06:07:51.096, 160.78, 100, 10740
2026/06/28 06:07:52.096, 160.97, 100, 10740
2026/06/28 06:07:53.096, 161.27, 100, 10740
2026/06/28 06:07:54.096, 160.45, 100, 10740
2026/06/28 06:07:55.096, 161.32, 100, 10740
2026/06/28 06:07:56.097, 160.91, 100, 10740
2026/06/28 06:07:57.097, 160.01, 97, 10740
2026/06/28 06:07:58.097, 160.98, 100, 10740
2026/06/28 06:07:59.097, 160.38, 100, 10740
2026/06/28 06:08:00.097, 160.97, 100, 10740
2026/06/28 06:08:01.098, 160.96, 100, 10740
2026/06/28 06:08:02.098, 160.01, 98, 10740
2026/06/28 06:08:03.106, 161.79, 100, 10740
2026/06/28 06:08:04.106, 160.57, 100, 10740
2026/06/28 06:08:05.107, 161.46, 100, 10740
2026/06/28 06:08:06.107, 160.82, 100, 10740
2026/06/28 06:08:07.107, 159.92, 98, 10740
2026/06/28 06:08:08.107, 161.03, 100, 10740
2026/06/28 06:08:09.107, 160.45, 100, 10740
2026/06/28 06:08:10.107, 161.21, 100, 10740
2026/06/28 06:08:11.108, 161.04, 100, 10740
2026/06/28 06:08:12.108, 160.38, 98, 10740
2026/06/28 06:08:13.108, 161.64, 100, 10740
2026/06/28 06:08:14.108, 160.88, 100, 10740
2026/06/28 06:08:15.108, 161.10, 100, 10740
2026/06/28 06:08:16.109, 161.01, 100, 10740
2026/06/28 06:08:17.109, 160.16, 98, 10740
2026/06/28 06:08:18.117, 161.07, 100, 10740
2026/06/28 06:08:19.117, 160.86, 100, 10740
2026/06/28 06:08:20.118, 160.77, 100, 10740
2026/06/28 06:08:21.118, 161.02, 100, 10740
2026/06/28 06:08:22.118, 160.49, 99, 10740
2026/06/28 06:08:23.118, 161.24, 100, 10740
2026/06/28 06:08:24.118, 160.83, 100, 10740
2026/06/28 06:08:25.118, 160.64, 100, 10740
2026/06/28 06:08:26.118, 161.31, 100, 10740
2026/06/28 06:08:27.119, 160.49, 100, 10740
2026/06/28 06:08:28.119, 161.14, 100, 10740
2026/06/28 06:08:29.119, 160.99, 100, 10740
2026/06/28 06:08:30.119, 160.50, 98, 10740
2026/06/28 06:08:31.119, 161.27, 100, 10740
2026/06/28 06:08:32.120, 160.31, 100, 10740
2026/06/28 06:08:33.128, 161.57, 100, 10740
2026/06/28 06:08:34.128, 160.97, 100, 10740
2026/06/28 06:08:35.128, 159.84, 98, 10740
2026/06/28 06:08:36.129, 161.85, 100, 10740
2026/06/28 06:08:37.129, 160.48, 100, 10740
2026/06/28 06:08:38.129, 161.09, 100, 10740
2026/06/28 06:08:39.129, 161.21, 100, 10740
2026/06/28 06:08:40.129, 160.15, 98, 10740
2026/06/28 06:08:41.130, 161.20, 100, 10740
2026/06/28 06:08:42.130, 160.80, 100, 10740
2026/06/28 06:08:43.130, 161.06, 100, 10740
2026/06/28 06:08:44.130, 160.45, 100, 10740
2026/06/28 06:08:45.130, 160.35, 98, 10740
2026/06/28 06:08:46.130, 161.36, 100, 10740
2026/06/28 06:08:47.130, 161.11, 100, 10740
2026/06/28 06:08:48.131, 161.16, 100, 10740
2026/06/28 06:08:49.131, 161.45, 100, 10740
2026/06/28 06:08:50.131, 160.84, 98, 10740
2026/06/28 06:08:51.131, 161.39, 100, 10740
2026/06/28 06:08:52.131, 161.10, 100, 10740
2026/06/28 06:08:53.132, 161.14, 100, 10740
2026/06/28 06:08:54.132, 161.11, 100, 10740
2026/06/28 06:08:55.140, 160.44, 99, 10740
2026/06/28 06:08:56.141, 161.21, 100, 10740
2026/06/28 06:08:57.141, 160.83, 100, 10740
2026/06/28 06:08:58.141, 160.71, 100, 10740
2026/06/28 06:08:59.141, 161.56, 100, 10740
2026/06/28 06:09:00.141, 160.60, 100, 10740
2026/06/28 06:09:01.142, 161.46, 100, 10740
2026/06/28 06:09:02.142, 161.43, 100, 10740
2026/06/28 06:09:03.142, 160.65, 98, 10740
2026/06/28 06:09:04.142, 161.31, 100, 10740
2026/06/28 06:09:05.151, 159.47, 100, 10740
2026/06/28 06:09:06.151, 161.62, 100, 10740
2026/06/28 06:09:07.151, 161.39, 100, 10740
2026/06/28 06:09:08.151, 160.53, 98, 10740
2026/06/28 06:09:09.151, 161.27, 100, 10740
2026/06/28 06:09:10.151, 160.64, 100, 10740
2026/06/28 06:09:11.152, 161.16, 100, 10740
2026/06/28 06:09:12.152, 161.07, 100, 10740
2026/06/28 06:09:13.152, 160.31, 98, 10740
2026/06/28 06:09:14.152, 160.95, 100, 10740
2026/06/28 06:09:15.152, 160.54, 100, 10740
2026/06/28 06:09:16.153, 160.82, 100, 10740
2026/06/28 06:09:17.153, 161.10, 100, 10740
2026/06/28 06:09:18.153, 160.18, 98, 10740
2026/06/28 06:09:19.153, 161.02, 100, 10740
2026/06/28 06:09:20.154, 160.49, 100, 10740
2026/06/28 06:09:21.154, 160.30, 100, 10740
2026/06/28 06:09:22.154, 161.09, 100, 10740
2026/06/28 06:09:23.154, 160.32, 99, 10740
2026/06/28 06:09:24.154, 161.55, 100, 10740
2026/06/28 06:09:25.154, 160.70, 100, 10740
2026/06/28 06:09:26.155, 160.79, 100, 10740
2026/06/28 06:09:27.155, 161.16, 100, 10740
2026/06/28 06:09:28.155, 160.17, 100, 10740
2026/06/28 06:09:29.155, 161.06, 100, 10740
2026/06/28 06:09:30.155, 160.64, 100, 10740
2026/06/28 06:09:31.156, 159.79, 98, 10740
2026/06/28 06:09:32.156, 160.90, 100, 10740
2026/06/28 06:09:33.156, 160.06, 100, 10740
2026/06/28 06:09:34.156, 160.78, 100, 10740
2026/06/28 06:09:35.156, 160.91, 100, 10740
2026/06/28 06:09:36.156, 159.93, 98, 10740
2026/06/28 06:09:37.157, 161.07, 100, 10740
2026/06/28 06:09:38.157, 160.51, 100, 10740
2026/06/28 06:09:39.157, 160.98, 100, 10740
2026/06/28 06:09:40.157, 161.07, 100, 10740
2026/06/28 06:09:41.157, 160.34, 98, 10740
2026/06/28 06:09:42.158, 161.30, 100, 10740
2026/06/28 06:09:43.158, 160.44, 100, 10740
2026/06/28 06:09:44.158, 161.04, 100, 10740
2026/06/28 06:09:45.158, 160.99, 100, 10740
2026/06/28 06:09:46.158, 160.04, 99, 10740
2026/06/28 06:09:47.158, 161.33, 100, 10740
2026/06/28 06:09:48.159, 160.69, 100, 10740
2026/06/28 06:09:49.167, 161.19, 100, 10740
2026/06/28 06:09:50.167, 161.27, 100, 10740
2026/06/28 06:09:51.167, 160.18, 98, 10740
2026/06/28 06:09:52.168, 160.81, 100, 10740
2026/06/28 06:09:53.168, 159.17, 100, 10740
2026/06/28 06:09:54.168, 162.83, 99, 10740
2026/06/28 06:09:55.168, 162.90, 100, 10740
2026/06/28 06:09:56.168, 163.04, 99, 10740
2026/06/28 06:09:57.169, 162.76, 100, 10740
2026/06/28 06:09:58.169, 163.17, 100, 10740
2026/06/28 06:09:59.177, 163.06, 100, 10740
2026/06/28 06:10:00.177, 163.09, 100, 10740
2026/06/28 06:10:01.178, 163.12, 100, 10740
2026/06/28 06:10:02.178, 163.40, 100, 10740
2026/06/28 06:10:03.178, 163.24, 100, 10740
2026/06/28 06:10:04.186, 163.22, 100, 10740
2026/06/28 06:10:05.187, 163.29, 100, 10740
2026/06/28 06:10:06.187, 163.25, 100, 10740
2026/06/28 06:10:07.187, 163.37, 100, 10740
2026/06/28 06:10:08.187, 163.48, 100, 10740
2026/06/28 06:10:09.187, 163.24, 100, 10740
2026/06/28 06:10:10.187, 163.35, 100, 10740
2026/06/28 06:10:11.188, 163.29, 100, 10740
2026/06/28 06:10:12.188, 163.37, 100, 10740
2026/06/28 06:10:13.188, 163.20, 100, 10740
2026/06/28 06:10:14.188, 163.05, 100, 10740
2026/06/28 06:10:15.188, 163.11, 100, 10740
2026/06/28 06:10:16.188, 163.35, 100, 10740
2026/06/28 06:10:17.189, 163.47, 100, 10740
2026/06/28 06:10:18.189, 163.41, 100, 10740
2026/06/28 06:10:19.189, 163.30, 100, 10740
2026/06/28 06:10:20.189, 163.36, 100, 10740
2026/06/28 06:10:21.189, 163.24, 100, 10740
2026/06/28 06:10:22.189, 163.27, 100, 10740
2026/06/28 06:10:23.190, 163.41, 100, 10740
2026/06/28 06:10:24.190, 163.37, 100, 10740
2026/06/28 06:10:25.190, 163.16, 100, 10740
2026/06/28 06:10:26.190, 163.49, 100, 10740
2026/06/28 06:10:27.190, 163.47, 100, 10740
2026/06/28 06:10:28.190, 163.37, 100, 10740
2026/06/28 06:10:29.191, 163.55, 100, 10740
2026/06/28 06:10:30.191, 163.63, 100, 10740
2026/06/28 06:10:31.191, 163.43, 100, 10740
2026/06/28 06:10:32.191, 163.40, 100, 10740
2026/06/28 06:10:33.191, 163.38, 100, 10740
2026/06/28 06:10:34.191, 163.38, 100, 10740
2026/06/28 06:10:35.192, 163.40, 100, 10740
2026/06/28 06:10:36.192, 163.38, 100, 10740
2026/06/28 06:10:37.200, 163.48, 100, 10740
2026/06/28 06:10:38.201, 163.23, 100, 10740
2026/06/28 06:10:39.201, 163.43, 100, 10740
2026/06/28 06:10:40.201, 163.49, 100, 10740
2026/06/28 06:10:41.201, 163.60, 100, 10740
2026/06/28 06:10:42.201, 163.55, 100, 10740
2026/06/28 06:10:43.202, 163.58, 100, 10740
2026/06/28 06:10:44.202, 163.58, 100, 10740
2026/06/28 06:10:45.202, 153.75, 100, 10740
2026/06/28 06:10:46.202, 160.78, 100, 10740
2026/06/28 06:10:47.211, 161.30, 100, 10740
2026/06/28 06:10:48.211, 161.02, 100, 10740
2026/06/28 06:10:49.211, 161.93, 100, 10740
2026/06/28 06:10:50.211, 161.18, 100, 10740
2026/06/28 06:10:51.212, 160.43, 98, 10740
2026/06/28 06:10:52.220, 161.29, 100, 10740
2026/06/28 06:10:53.220, 160.83, 100, 10740
2026/06/28 06:10:54.221, 161.43, 100, 10740
2026/06/28 06:10:55.221, 161.39, 100, 10740
2026/06/28 06:10:56.221, 160.95, 98, 10740
2026/06/28 06:10:57.229, 162.07, 100, 10740
2026/06/28 06:10:58.230, 160.98, 100, 10740
2026/06/28 06:10:59.230, 161.52, 100, 10740
2026/06/28 06:11:00.230, 161.38, 100, 10740
2026/06/28 06:11:01.230, 160.54, 98, 10740
2026/06/28 06:11:02.239, 161.69, 100, 10740
2026/06/28 06:11:03.239, 160.99, 100, 10740
2026/06/28 06:11:04.239, 161.24, 100, 10740
2026/06/28 06:11:05.239, 161.26, 100, 10740
2026/06/28 06:11:06.240, 160.69, 98, 10740
2026/06/28 06:11:07.248, 162.04, 100, 10740
2026/06/28 06:11:08.248, 161.06, 100, 10740
2026/06/28 06:11:09.249, 161.46, 100, 10740
2026/06/28 06:11:10.249, 161.59, 100, 10740
2026/06/28 06:11:11.249, 160.49, 99, 10740
2026/06/28 06:11:12.249, 161.06, 100, 10740
2026/06/28 06:11:13.249, 161.34, 100, 10740
2026/06/28 06:11:14.250, 160.82, 100, 10740
2026/06/28 06:11:15.250, 161.43, 100, 10740
2026/06/28 06:11:16.250, 160.79, 100, 10740
2026/06/28 06:11:17.259, 161.29, 100, 10740
2026/06/28 06:11:18.259, 161.03, 100, 10740
2026/06/28 06:11:19.259, 160.51, 99, 10740
2026/06/28 06:11:20.259, 161.85, 100, 10740
2026/06/28 06:11:21.259, 160.66, 100, 10740
2026/06/28 06:11:22.259, 161.18, 100, 10740
2026/06/28 06:11:23.260, 160.98, 100, 10740
2026/06/28 06:11:24.260, 160.22, 98, 10740
2026/06/28 06:11:25.260, 161.79, 100, 10740
2026/06/28 06:11:26.260, 160.74, 100, 10740
2026/06/28 06:11:27.260, 161.54, 100, 10740
2026/06/28 06:11:28.261, 161.33, 100, 10740
2026/06/28 06:11:29.261, 160.84, 98, 10740
2026/06/28 06:11:30.261, 161.30, 100, 10740
2026/06/28 06:11:31.261, 160.89, 100, 10740
2026/06/28 06:11:32.261, 161.63, 100, 10740
2026/06/28 06:11:33.262, 161.57, 100, 10740
2026/06/28 06:11:34.262, 160.59, 98, 10740
2026/06/28 06:11:35.262, 161.57, 100, 10740
2026/06/28 06:11:36.262, 160.81, 100, 10740
2026/06/28 06:11:37.271, 161.04, 100, 10740
2026/06/28 06:11:38.271, 161.09, 100, 10740
2026/06/28 06:11:39.271, 160.51, 100, 10740
2026/06/28 06:11:40.271, 161.61, 100, 10740
2026/06/28 06:11:41.272, 161.20, 100, 10740
2026/06/28 06:11:42.272, 160.89, 100, 10740
2026/06/28 06:11:43.272, 161.81, 100, 10740
2026/06/28 06:11:44.272, 160.81, 100, 10740
2026/06/28 06:11:45.272, 161.85, 100, 10740
2026/06/28 06:11:46.273, 160.98, 100, 10740
2026/06/28 06:11:47.273, 159.94, 98, 10740
2026/06/28 06:11:48.273, 161.97, 100, 10740
2026/06/28 06:11:49.273, 160.81, 100, 10740
2026/06/28 06:11:50.273, 161.45, 100, 10740
2026/06/28 06:11:51.273, 161.36, 100, 10740
2026/06/28 06:11:52.274, 160.38, 98, 10740
2026/06/28 06:11:53.274, 161.29, 100, 10740
2026/06/28 06:11:54.274, 160.67, 100, 10740
2026/06/28 06:11:55.274, 160.98, 100, 10740
2026/06/28 06:11:56.274, 161.20, 100, 10740
2026/06/28 06:11:57.275, 160.63, 98, 10740
2026/06/28 06:11:58.275, 161.24, 100, 10740
2026/06/28 06:11:59.275, 159.96, 100, 10740
2026/06/28 06:12:00.275, 161.09, 100, 10740
2026/06/28 06:12:01.275, 161.29, 100, 10740
2026/06/28 06:12:02.276, 160.45, 98, 10740
2026/06/28 06:12:03.276, 161.36, 100, 10740
2026/06/28 06:12:04.276, 161.61, 100, 10740
2026/06/28 06:12:05.276, 161.08, 100, 10740
2026/06/28 06:12:06.276, 161.45, 100, 10740
2026/06/28 06:12:07.277, 160.63, 100, 10740
2026/06/28 06:12:08.277, 161.39, 100, 10740
2026/06/28 06:12:09.277, 160.89, 100, 10740
2026/06/28 06:12:10.277, 161.01, 100, 10740
2026/06/28 06:12:11.277, 161.44, 100, 10740
2026/06/28 06:12:12.277, 160.33, 100, 10740
2026/06/28 06:12:13.278, 161.58, 100, 10740
2026/06/28 06:12:14.286, 161.34, 100, 10740
2026/06/28 06:12:15.286, 160.22, 98, 10740
2026/06/28 06:12:16.286, 162.11, 100, 10740
2026/06/28 06:12:17.287, 161.16, 100, 10740
2026/06/28 06:12:18.287, 161.57, 100, 10740
2026/06/28 06:12:19.295, 161.44, 100, 10740
2026/06/28 06:12:20.296, 160.14, 97, 10740
2026/06/28 06:12:21.296, 161.19, 100, 10740
2026/06/28 06:12:22.296, 160.78, 100, 10740
2026/06/28 06:12:23.296, 161.21, 100, 10740
2026/06/28 06:12:24.305, 161.23, 100, 10740
2026/06/28 06:12:25.305, 160.72, 98, 10740
2026/06/28 06:12:26.305, 161.56, 100, 10740
2026/06/28 06:12:27.305, 160.81, 100, 10740
2026/06/28 06:12:28.305, 161.38, 100, 10740
2026/06/28 06:12:29.306, 161.37, 100, 10740
2026/06/28 06:12:30.306, 160.62, 98, 10740
2026/06/28 06:12:31.306, 161.69, 100, 10740
2026/06/28 06:12:32.306, 161.09, 100, 10740
2026/06/28 06:12:33.307, 161.38, 100, 10740
2026/06/28 06:12:34.307, 161.73, 100, 10740
2026/06/28 06:12:35.307, 160.87, 100, 10740
2026/06/28 06:12:36.307, 161.53, 100, 10740
2026/06/28 06:12:37.307, 161.26, 100, 10740
2026/06/28 06:12:38.307, 160.99, 98, 10740
2026/06/28 06:12:39.308, 161.94, 100, 10740
2026/06/28 06:12:40.308, 160.49, 100, 10740
2026/06/28 06:12:41.308, 161.48, 100, 10740
2026/06/28 06:12:42.308, 161.33, 100, 10740
2026/06/28 06:12:43.308, 160.07, 98, 10740
2026/06/28 06:12:44.308, 161.19, 100, 10740
2026/06/28 06:12:45.309, 160.81, 100, 10740
2026/06/28 06:12:46.309, 161.68, 100, 10740
2026/06/28 06:12:47.309, 161.45, 100, 10740
2026/06/28 06:12:48.309, 160.96, 98, 10740
2026/06/28 06:12:49.318, 161.11, 100, 10740
2026/06/28 06:12:50.318, 161.10, 100, 10740
2026/06/28 06:12:51.318, 161.63, 100, 10740
2026/06/28 06:12:52.318, 161.19, 100, 10740
2026/06/28 06:12:53.318, 160.42, 99, 10740
2026/06/28 06:12:54.319, 161.20, 100, 10740
2026/06/28 06:12:55.319, 160.46, 100, 10740
2026/06/28 06:12:56.319, 160.56, 100, 10740
2026/06/28 06:12:57.319, 161.15, 100, 10740
2026/06/28 06:12:58.319, 160.80, 99, 10740
2026/06/28 06:12:59.320, 161.61, 100, 10740
2026/06/28 06:13:00.320, 161.43, 100, 10740
2026/06/28 06:13:01.320, 160.06, 100, 10740
2026/06/28 06:13:02.320, 161.18, 100, 10740
2026/06/28 06:13:03.320, 161.00, 100, 10740
2026/06/28 06:13:04.321, 160.48, 100, 10740
2026/06/28 06:13:05.321, 161.40, 100, 10740
2026/06/28 06:13:06.321, 160.80, 98, 10740
2026/06/28 06:13:07.321, 161.68, 100, 10740
2026/06/28 06:13:08.321, 160.56, 100, 10740
2026/06/28 06:13:09.322, 160.13, 100, 10740
2026/06/28 06:13:10.322, 162.00, 100, 10740
2026/06/28 06:13:11.322, 160.71, 98, 10740
2026/06/28 06:13:12.322, 161.55, 100, 10740
2026/06/28 06:13:13.322, 161.23, 100, 10740
2026/06/28 06:13:14.331, 160.29, 98, 10740
2026/06/28 06:13:15.331, 161.01, 100, 10740
2026/06/28 06:13:16.331, 160.50, 100, 10740
2026/06/28 06:13:17.331, 161.35, 100, 10740
2026/06/28 06:13:18.332, 161.23, 100, 10740
2026/06/28 06:13:19.332, 160.23, 98, 10740
2026/06/28 06:13:20.332, 161.15, 100, 10740
2026/06/28 06:13:21.332, 160.61, 100, 10740
2026/06/28 06:13:22.332, 160.93, 100, 10740
2026/06/28 06:13:23.332, 161.10, 100, 10740
2026/06/28 06:13:24.333, 160.59, 98, 10740
2026/06/28 06:13:25.333, 161.24, 100, 10740
2026/06/28 06:13:26.333, 161.18, 100, 10740
2026/06/28 06:13:27.333, 161.53, 100, 10740
2026/06/28 06:13:28.333, 161.39, 100, 10740
2026/06/28 06:13:29.334, 160.67, 100, 10740
2026/06/28 06:13:30.334, 161.49, 100, 10740
2026/06/28 06:13:31.334, 160.95, 100, 10740
2026/06/28 06:13:32.334, 160.76, 98, 10740
2026/06/28 06:13:33.334, 161.34, 100, 10740
2026/06/28 06:13:34.334, 160.67, 100, 10740
2026/06/28 06:13:35.335, 161.60, 100, 10740
2026/06/28 06:13:36.335, 160.02, 100, 10740
2026/06/28 06:13:37.335, 160.71, 98, 10740
2026/06/28 06:13:38.335, 161.41, 100, 10740
2026/06/28 06:13:39.335, 160.45, 100, 10740
2026/06/28 06:13:40.336, 161.10, 100, 10740
2026/06/28 06:13:41.336, 161.02, 100, 10740
2026/06/28 06:13:42.336, 160.36, 98, 10740
2026/06/28 06:13:43.336, 161.82, 100, 10740
2026/06/28 06:13:44.336, 160.77, 100, 10740
2026/06/28 06:13:45.336, 161.21, 100, 10740
2026/06/28 06:13:46.337, 161.08, 100, 10740
2026/06/28 06:13:47.337, 160.31, 98, 10740
2026/06/28 06:13:48.337, 161.21, 100, 10740
2026/06/28 06:13:49.337, 161.16, 100, 10740
2026/06/28 06:13:50.337, 160.98, 100, 10740
2026/06/28 06:13:51.338, 161.16, 100, 10740
2026/06/28 06:13:52.338, 160.74, 98, 10740
2026/06/28 06:13:53.338, 161.66, 100, 10740
2026/06/28 06:13:54.338, 160.80, 100, 10740
2026/06/28 06:13:55.338, 160.95, 100, 10740
2026/06/28 06:13:56.338, 161.38, 100, 10740
2026/06/28 06:13:57.339, 160.70, 100, 10740
2026/06/28 06:13:58.339, 161.52, 100, 10740
2026/06/28 06:13:59.339, 160.93, 100, 10740
2026/06/28 06:14:00.339, 160.47, 100, 10740
2026/06/28 06:14:01.340, 161.37, 100, 10740
2026/06/28 06:14:02.340, 160.54, 100, 10740
2026/06/28 06:14:03.340, 161.19, 100, 10740
2026/06/28 06:14:04.340, 160.92, 100, 10740
2026/06/28 06:14:05.340, 160.54, 98, 10740
2026/06/28 06:14:06.341, 161.87, 100, 10740
2026/06/28 06:14:07.341, 160.74, 100, 10740
2026/06/28 06:14:08.341, 161.65, 100, 10740
2026/06/28 06:14:09.341, 161.25, 100, 10740
2026/06/28 06:14:10.341, 160.68, 98, 10740
2026/06/28 06:14:11.342, 161.24, 100, 10740
2026/06/28 06:14:12.342, 160.64, 100, 10740
2026/06/28 06:14:13.342, 161.18, 100, 10740
2026/06/28 06:14:14.342, 160.34, 100, 10740
2026/06/28 06:14:15.342, 160.18, 97, 10740
2026/06/28 06:14:16.343, 161.12, 100, 10740
2026/06/28 06:14:17.343, 160.82, 100, 10740
2026/06/28 06:14:18.343, 161.01, 100, 10740
2026/06/28 06:14:19.343, 161.21, 100, 10740
2026/06/28 06:14:20.343, 160.65, 98, 10740
2026/06/28 06:14:21.344, 161.68, 100, 10740
2026/06/28 06:14:22.344, 160.88, 100, 10740
2026/06/28 06:14:23.344, 160.88, 100, 10740
2026/06/28 06:14:24.344, 161.26, 100, 10740
2026/06/28 06:14:25.344, 160.31, 99, 10740
2026/06/28 06:14:26.344, 161.37, 100, 10740
2026/06/28 06:14:27.345, 161.18, 100, 10740
2026/06/28 06:14:28.345, 160.65, 100, 10740
2026/06/28 06:14:29.345, 161.42, 100, 10740
2026/06/28 06:14:30.345, 160.38, 100, 10740
2026/06/28 06:14:31.345, 161.66, 100, 10740
2026/06/28 06:14:32.346, 160.84, 100, 10740
2026/06/28 06:14:33.346, 160.22, 98, 10740
2026/06/28 06:14:34.346, 161.23, 100, 10740
2026/06/28 06:14:35.346, 160.47, 100, 10740
2026/06/28 06:14:36.346, 161.15, 100, 10740
2026/06/28 06:14:37.347, 161.13, 100, 10740
2026/06/28 06:14:38.347, 160.10, 98, 10740
2026/06/28 06:14:39.347, 161.09, 100, 10740
2026/06/28 06:14:40.347, 160.83, 100, 10740
2026/06/28 06:14:41.348, 161.18, 100, 10740
2026/06/28 06:14:42.348, 161.15, 100, 10740
2026/06/28 06:14:43.348, 160.43, 98, 10740
2026/06/28 06:14:44.348, 161.49, 100, 10740
2026/06/28 06:14:45.348, 160.63, 100, 10740
2026/06/28 06:14:46.349, 161.33, 100, 10740
2026/06/28 06:14:47.349, 161.32, 100, 10740
2026/06/28 06:14:48.349, 160.56, 99, 10740
2026/06/28 06:14:49.349, 161.69, 100, 10740
2026/06/28 06:14:50.349, 160.98, 100, 10740
2026/06/28 06:14:51.350, 160.95, 100, 10740
2026/06/28 06:14:52.350, 161.63, 100, 10740
2026/06/28 06:14:53.350, 160.59, 98, 10740
2026/06/28 06:14:54.350, 161.48, 100, 10740
2026/06/28 06:14:55.350, 160.88, 100, 10740
2026/06/28 06:14:56.351, 161.28, 100, 10740
2026/06/28 06:14:57.351, 161.57, 100, 10740
2026/06/28 06:14:58.351, 160.40, 100, 10740
2026/06/28 06:14:59.351, 161.49, 100, 10740
2026/06/28 06:15:00.352, 159.93, 100, 10740
2026/06/28 06:15:01.352, 160.69, 100, 10740
2026/06/28 06:15:02.352, 161.38, 100, 10740
2026/06/28 06:15:03.352, 160.69, 100, 10740
2026/06/28 06:15:04.352, 161.20, 100, 10740
2026/06/28 06:15:05.353, 161.32, 100, 10740
2026/06/28 06:15:06.353, 160.73, 98, 10740
2026/06/28 06:15:07.353, 160.90, 100, 10740
2026/06/28 06:15:08.353, 160.49, 100, 10740
2026/06/28 06:15:09.353, 161.42, 100, 10740
2026/06/28 06:15:10.354, 161.15, 100, 10740
2026/06/28 06:15:11.354, 160.11, 98, 10740
2026/06/28 06:15:12.354, 161.03, 100, 10740
2026/06/28 06:15:13.354, 159.46, 100, 10740
2026/06/28 06:15:14.354, 161.52, 100, 10740
2026/06/28 06:15:15.355, 161.50, 100, 10740
2026/06/28 06:15:16.355, 160.87, 98, 10740
2026/06/28 06:15:17.355, 161.94, 100, 10740
2026/06/28 06:15:18.363, 161.07, 100, 10740
2026/06/28 06:15:19.364, 161.89, 100, 10740
2026/06/28 06:15:20.364, 161.33, 100, 10740
2026/06/28 06:15:21.364, 160.77, 98, 10740
2026/06/28 06:15:22.364, 161.80, 100, 10740
2026/06/28 06:15:23.373, 161.06, 100, 10740
2026/06/28 06:15:24.373, 161.09, 100, 10740
2026/06/28 06:15:25.373, 161.00, 100, 10740
2026/06/28 06:15:26.373, 160.44, 98, 10740
2026/06/28 06:15:27.374, 161.86, 100, 10740
2026/06/28 06:15:28.382, 160.97, 100, 10740
2026/06/28 06:15:29.382, 161.06, 100, 10740
2026/06/28 06:15:30.383, 161.14, 100, 10740
2026/06/28 06:15:31.383, 160.64, 100, 10740
2026/06/28 06:15:32.383, 161.33, 100, 10740
2026/06/28 06:15:33.391, 160.87, 100, 10740
2026/06/28 06:15:34.392, 160.35, 98, 10740
2026/06/28 06:15:35.392, 161.83, 100, 10740
2026/06/28 06:15:36.392, 160.83, 100, 10740
2026/06/28 06:15:37.392, 161.24, 100, 10740
2026/06/28 06:15:38.392, 161.29, 100, 10740
2026/06/28 06:15:39.393, 160.21, 98, 10740
2026/06/28 06:15:40.393, 161.12, 100, 10740
2026/06/28 06:15:41.393, 160.48, 100, 10740
2026/06/28 06:15:42.393, 161.57, 100, 10740
2026/06/28 06:15:43.402, 161.05, 100, 10740
2026/06/28 06:15:44.402, 160.55, 98, 10740
2026/06/28 06:15:45.402, 161.22, 100, 10740
2026/06/28 06:15:46.403, 160.80, 100, 10740
2026/06/28 06:15:47.403, 161.27, 100, 10740
2026/06/28 06:15:48.411, 160.91, 100, 10740
2026/06/28 06:15:49.412, 160.51, 98, 10740
2026/06/28 06:15:50.412, 161.69, 100, 10740
2026/06/28 06:15:51.412, 161.04, 100, 10740
2026/06/28 06:15:52.412, 161.06, 100, 10740
2026/06/28 06:15:53.421, 161.59, 100, 10740
2026/06/28 06:15:54.421, 160.68, 99, 10740
2026/06/28 06:15:55.421, 161.42, 100, 10740
2026/06/28 06:15:56.421, 161.05, 99, 10740
2026/06/28 06:15:57.421, 163.32, 100, 10740
2026/06/28 06:15:58.430, 163.14, 99, 10740
2026/06/28 06:15:59.430, 163.70, 100, 10740
2026/06/28 06:16:00.430, 163.68, 99, 10740
2026/06/28 06:16:01.430, 163.20, 100, 10740
2026/06/28 06:16:02.431, 163.11, 99, 10740
2026/06/28 06:16:03.431, 163.47, 100, 10740
2026/06/28 06:16:04.431, 163.36, 99, 10740
2026/06/28 06:16:05.431, 163.33, 100, 10740
2026/06/28 06:16:06.431, 163.31, 99, 10740
2026/06/28 06:16:07.432, 163.51, 100, 10740
2026/06/28 06:16:08.432, 163.14, 99, 10740
2026/06/28 06:16:09.432, 163.01, 100, 10740
2026/06/28 06:16:10.432, 163.27, 99, 10740
2026/06/28 06:16:11.432, 163.38, 100, 10740
2026/06/28 06:16:12.432, 163.51, 100, 10740
2026/06/28 06:16:13.433, 163.21, 100, 10740
2026/06/28 06:16:14.433, 163.36, 100, 10740
2026/06/28 06:16:15.433, 163.08, 100, 10740
2026/06/28 06:16:16.433, 163.41, 100, 10740
2026/06/28 06:16:17.433, 163.35, 100, 10740
2026/06/28 06:16:18.434, 163.54, 100, 10740
2026/06/28 06:16:19.434, 163.46, 100, 10740
2026/06/28 06:16:20.434, 163.31, 100, 10740
2026/06/28 06:16:21.434, 163.01, 100, 10740
2026/06/28 06:16:22.434, 163.46, 100, 10740
2026/06/28 06:16:23.435, 163.58, 100, 10740
2026/06/28 06:16:24.435, 163.45, 100, 10740
2026/06/28 06:16:25.435, 163.63, 100, 10740
2026/06/28 06:16:26.435, 163.52, 100, 10740
2026/06/28 06:16:27.435, 163.52, 100, 10740
2026/06/28 06:16:28.435, 163.63, 100, 10740
2026/06/28 06:16:29.436, 163.80, 100, 10740
2026/06/28 06:16:30.436, 163.73, 100, 10740
2026/06/28 06:16:31.436, 163.49, 100, 10740
2026/06/28 06:16:32.436, 163.65, 100, 10740
2026/06/28 06:16:33.436, 163.61, 100, 10740
2026/06/28 06:16:34.437, 163.29, 100, 10740
2026/06/28 06:16:35.437, 163.44, 100, 10740
2026/06/28 06:16:36.437, 163.65, 100, 10740
2026/06/28 06:16:37.437, 163.65, 100, 10740
2026/06/28 06:16:38.437, 163.81, 100, 10740
2026/06/28 06:16:39.437, 163.65, 100, 10740
2026/06/28 06:16:40.438, 163.60, 100, 10740
2026/06/28 06:16:41.438, 163.37, 100, 10740
2026/06/28 06:16:42.438, 163.54, 100, 10740
2026/06/28 06:16:43.438, 163.26, 100, 10740
2026/06/28 06:16:44.438, 163.44, 100, 10740
2026/06/28 06:16:45.439, 163.29, 100, 10740
2026/06/28 06:16:46.439, 163.47, 100, 10740
2026/06/28 06:16:47.439, 155.73, 100, 10740
2026/06/28 06:16:48.439, 161.17, 100, 10740
2026/06/28 06:16:49.439, 161.35, 100, 10740
2026/06/28 06:16:50.440, 161.63, 100, 10740
2026/06/28 06:16:51.448, 160.79, 98, 10740
2026/06/28 06:16:52.448, 161.69, 100, 10740
2026/06/28 06:16:53.449, 161.28, 100, 10740
2026/06/28 06:16:54.449, 161.44, 100, 10740
2026/06/28 06:16:55.449, 161.62, 100, 10740
2026/06/28 06:16:56.458, 160.80, 100, 10740
2026/06/28 06:16:57.458, 161.96, 100, 10740
2026/06/28 06:16:58.458, 161.00, 100, 10740
2026/06/28 06:16:59.458, 161.07, 100, 10740
2026/06/28 06:17:00.458, 161.77, 100, 10740
2026/06/28 06:17:01.459, 160.99, 100, 10740
2026/06/28 06:17:02.459, 161.42, 100, 10740
2026/06/28 06:17:03.459, 161.41, 100, 10740
2026/06/28 06:17:04.459, 160.50, 98, 10740
2026/06/28 06:17:05.459, 161.31, 100, 10740
2026/06/28 06:17:06.468, 160.88, 100, 10740
2026/06/28 06:17:07.468, 161.17, 100, 10740
2026/06/28 06:17:08.468, 161.25, 100, 10740
2026/06/28 06:17:09.468, 160.53, 98, 10740
2026/06/28 06:17:10.469, 161.36, 100, 10740
2026/06/28 06:17:11.469, 161.05, 100, 10740
2026/06/28 06:17:12.469, 161.24, 100, 10740
2026/06/28 06:17:13.469, 161.40, 100, 10740
2026/06/28 06:17:14.469, 160.02, 97, 10740
2026/06/28 06:17:15.469, 161.06, 100, 10740
2026/06/28 06:17:16.478, 161.09, 100, 10740
2026/06/28 06:17:17.478, 161.11, 100, 10740
2026/06/28 06:17:18.478, 161.47, 100, 10740
2026/06/28 06:17:19.479, 160.82, 98, 10740
2026/06/28 06:17:20.479, 161.36, 100, 10740
2026/06/28 06:17:21.487, 160.99, 100, 10740
2026/06/28 06:17:22.488, 161.03, 100, 10740
2026/06/28 06:17:23.488, 161.49, 100, 10740
2026/06/28 06:17:24.488, 160.63, 100, 10740
2026/06/28 06:17:25.488, 161.29, 100, 10740
2026/06/28 06:17:26.497, 160.80, 100, 10740
2026/06/28 06:17:27.497, 160.36, 98, 10740
2026/06/28 06:17:28.497, 161.96, 100, 10740
2026/06/28 06:17:29.497, 160.69, 100, 10740
2026/06/28 06:17:30.498, 161.62, 100, 10740
2026/06/28 06:17:31.506, 161.33, 100, 10740
2026/06/28 06:17:32.506, 160.18, 98, 10740
2026/06/28 06:17:33.507, 161.86, 100, 10740
2026/06/28 06:17:34.507, 160.62, 100, 10740
2026/06/28 06:17:35.507, 161.04, 100, 10740
2026/06/28 06:17:36.507, 160.90, 100, 10740
2026/06/28 06:17:37.507, 160.06, 98, 10740
2026/06/28 06:17:38.508, 161.05, 100, 10740
2026/06/28 06:17:39.508, 160.78, 100, 10740
2026/06/28 06:17:40.508, 161.31, 100, 10740
2026/06/28 06:17:41.508, 161.47, 100, 10740
2026/06/28 06:17:42.508, 160.50, 98, 10740
2026/06/28 06:17:43.509, 161.05, 100, 10740
2026/06/28 06:17:44.509, 160.86, 100, 10740
2026/06/28 06:17:45.509, 161.19, 100, 10740
2026/06/28 06:17:46.509, 161.20, 100, 10740
2026/06/28 06:17:47.509, 160.59, 99, 10740
2026/06/28 06:17:48.510, 161.36, 100, 10740
2026/06/28 06:17:49.510, 161.34, 100, 10740
2026/06/28 06:17:50.510, 161.15, 100, 10740
2026/06/28 06:17:51.510, 161.24, 100, 10740
2026/06/28 06:17:52.510, 160.62, 100, 10740
2026/06/28 06:17:53.511, 161.52, 100, 10740
2026/06/28 06:17:54.511, 161.38, 100, 10740
2026/06/28 06:17:55.511, 160.86, 98, 10740
2026/06/28 06:17:56.511, 161.96, 100, 10740
2026/06/28 06:17:57.511, 160.77, 100, 10740
2026/06/28 06:17:58.512, 161.62, 100, 10740
2026/06/28 06:17:59.512, 161.09, 100, 10740
2026/06/28 06:18:00.512, 160.59, 98, 10740
2026/06/28 06:18:01.512, 162.05, 100, 10740
2026/06/28 06:18:02.512, 159.52, 100, 10740
2026/06/28 06:18:03.512, 161.60, 100, 10740
2026/06/28 06:18:04.513, 161.47, 100, 10740
2026/06/28 06:18:05.513, 160.19, 98, 10740
2026/06/28 06:18:06.513, 161.38, 100, 10740
2026/06/28 06:18:07.513, 160.97, 100, 10740
2026/06/28 06:18:08.514, 161.43, 100, 10740
2026/06/28 06:18:09.514, 161.09, 100, 10740
2026/06/28 06:18:10.514, 160.30, 97, 10740
2026/06/28 06:18:11.514, 161.01, 100, 10740
2026/06/28 06:18:12.514, 160.61, 100, 10740
2026/06/28 06:18:13.515, 160.36, 100, 10740
2026/06/28 06:18:14.515, 161.43, 100, 10740
2026/06/28 06:18:15.515, 161.04, 98, 10740
2026/06/28 06:18:16.515, 161.60, 100, 10740
2026/06/28 06:18:17.516, 161.09, 100, 10740
2026/06/28 06:18:18.516, 161.25, 100, 10740
2026/06/28 06:18:19.516, 161.21, 100, 10740
2026/06/28 06:18:20.516, 160.77, 100, 10740
2026/06/28 06:18:21.516, 161.61, 100, 10740
2026/06/28 06:18:22.516, 160.97, 100, 10740
2026/06/28 06:18:23.517, 160.99, 100, 10740
2026/06/28 06:18:24.517, 161.94, 100, 10740
2026/06/28 06:18:25.517, 161.31, 100, 10740
2026/06/28 06:18:26.517, 161.83, 100, 10740
2026/06/28 06:18:27.517, 161.65, 100, 10740
2026/06/28 06:18:28.518, 160.43, 98, 10740
2026/06/28 06:18:29.518, 161.41, 100, 10740
2026/06/28 06:18:30.518, 160.76, 100, 10740
2026/06/28 06:18:31.518, 161.53, 100, 10740
2026/06/28 06:18:32.518, 161.35, 100, 10740
2026/06/28 06:18:33.519, 160.39, 98, 10740
2026/06/28 06:18:34.519, 161.29, 100, 10740
2026/06/28 06:18:35.519, 161.04, 100, 10740
2026/06/28 06:18:36.519, 161.52, 100, 10740
2026/06/28 06:18:37.519, 161.57, 100, 10740
2026/06/28 06:18:38.528, 160.93, 98, 10740
2026/06/28 06:18:39.528, 161.69, 100, 10740
2026/06/28 06:18:40.528, 160.87, 100, 10740
2026/06/28 06:18:41.528, 161.30, 100, 10740
2026/06/28 06:18:42.528, 161.23, 100, 10740
2026/06/28 06:18:43.537, 161.08, 99, 10740
2026/06/28 06:18:44.537, 161.38, 100, 10740
2026/06/28 06:18:45.537, 161.01, 100, 10740
2026/06/28 06:18:46.538, 160.91, 100, 10740
2026/06/28 06:18:47.538, 161.38, 100, 10740
2026/06/28 06:18:48.546, 160.83, 100, 10740
2026/06/28 06:18:49.547, 162.02, 100, 10740
2026/06/28 06:18:50.547, 161.32, 100, 10740
2026/06/28 06:18:51.547, 160.75, 98, 10740
2026/06/28 06:18:52.547, 162.17, 100, 10740
2026/06/28 06:18:53.547, 160.78, 100, 10740
2026/06/28 06:18:54.548, 161.59, 100, 10740
2026/06/28 06:18:55.548, 161.56, 100, 10740
2026/06/28 06:18:56.548, 160.55, 98, 10740
2026/06/28 06:18:57.548, 161.97, 100, 10740
2026/06/28 06:18:58.557, 160.81, 100, 10740
2026/06/28 06:18:59.557, 160.91, 100, 10740
2026/06/28 06:19:00.557, 161.10, 100, 10740
2026/06/28 06:19:01.557, 160.89, 98, 10740
2026/06/28 06:19:02.558, 161.45, 100, 10740
2026/06/28 06:19:03.566, 160.99, 100, 10740
2026/06/28 06:19:04.566, 161.66, 100, 10740
2026/06/28 06:19:05.567, 161.59, 100, 10740
2026/06/28 06:19:06.567, 160.35, 97, 10740
2026/06/28 06:19:07.567, 161.59, 100, 10740
2026/06/28 06:19:08.576, 160.84, 100, 10740
2026/06/28 06:19:09.576, 160.85, 100, 10740
2026/06/28 06:19:10.576, 161.27, 100, 10740
2026/06/28 06:19:11.576, 160.26, 100, 10740
2026/06/28 06:19:12.576, 161.30, 100, 10740
2026/06/28 06:19:13.577, 160.59, 100, 10740
2026/06/28 06:19:14.577, 160.72, 100, 10740
2026/06/28 06:19:15.577, 161.68, 100, 10740
2026/06/28 06:19:16.577, 160.69, 100, 10740
2026/06/28 06:19:17.577, 161.43, 100, 10740
2026/06/28 06:19:18.578, 161.44, 100, 10740
2026/06/28 06:19:19.578, 160.69, 98, 10740
2026/06/28 06:19:20.578, 162.03, 100, 10740
2026/06/28 06:19:21.578, 160.79, 100, 10740
2026/06/28 06:19:22.578, 161.54, 100, 10740
2026/06/28 06:19:23.579, 160.95, 100, 10740
2026/06/28 06:19:24.579, 160.20, 98, 10740
2026/06/28 06:19:25.579, 161.16, 100, 10740
2026/06/28 06:19:26.579, 161.03, 100, 10740
2026/06/28 06:19:27.579, 161.02, 100, 10740
2026/06/28 06:19:28.580, 161.40, 100, 10740
2026/06/28 06:19:29.580, 160.55, 97, 10740
2026/06/28 06:19:30.580, 161.72, 100, 10740
2026/06/28 06:19:31.580, 159.71, 100, 10740
2026/06/28 06:19:32.580, 161.07, 100, 10740
2026/06/28 06:19:33.580, 161.30, 100, 10740
2026/06/28 06:19:34.580, 160.49, 98, 10740
2026/06/28 06:19:35.581, 161.48, 100, 10740
2026/06/28 06:19:36.581, 161.13, 100, 10740
2026/06/28 06:19:37.581, 160.98, 100, 10740
2026/06/28 06:19:38.581, 161.51, 100, 10740
2026/06/28 06:19:39.581, 160.36, 100, 10740
2026/06/28 06:19:40.581, 161.46, 100, 10740
2026/06/28 06:19:41.582, 161.16, 100, 10740
2026/06/28 06:19:42.582, 159.39, 100, 10740
2026/06/28 06:19:43.582, 161.07, 100, 10740
2026/06/28 06:19:44.582, 160.27, 100, 10740
2026/06/28 06:19:45.582, 161.30, 100, 10740
2026/06/28 06:19:46.583, 160.96, 100, 10740
2026/06/28 06:19:47.583, 160.71, 98, 10740
2026/06/28 06:19:48.583, 161.34, 100, 10740
2026/06/28 06:19:49.583, 160.30, 100, 10740
2026/06/28 06:19:50.583, 161.48, 100, 10740
2026/06/28 06:19:51.584, 160.83, 100, 10740
2026/06/28 06:19:52.584, 158.74, 89, 10740
2026/06/28 06:19:53.584, 161.65, 100, 10740
2026/06/28 06:19:54.584, 160.36, 100, 10740
2026/06/28 06:19:55.584, 161.17, 100, 10740
2026/06/28 06:19:56.585, 160.81, 100, 10740
2026/06/28 06:19:57.585, 159.97, 98, 10740
2026/06/28 06:19:58.585, 161.08, 100, 10740
2026/06/28 06:19:59.585, 160.37, 100, 10740
2026/06/28 06:20:00.585, 161.06, 100, 10740
2026/06/28 06:20:01.585, 160.99, 100, 10740
2026/06/28 06:20:02.586, 160.13, 98, 10740
2026/06/28 06:20:03.586, 161.54, 100, 10740
2026/06/28 06:20:04.586, 160.63, 100, 10740
2026/06/28 06:20:05.586, 160.51, 100, 10740
2026/06/28 06:20:06.586, 161.08, 100, 10740
2026/06/28 06:20:07.587, 160.77, 98, 10740
2026/06/28 06:20:08.587, 161.47, 100, 10740
2026/06/28 06:20:09.587, 161.30, 100, 10740
2026/06/28 06:20:10.587, 160.42, 100, 10740
2026/06/28 06:20:11.587, 161.47, 100, 10740
2026/06/28 06:20:12.588, 160.56, 98, 10740
2026/06/28 06:20:13.588, 160.97, 100, 10740
2026/06/28 06:20:14.588, 161.29, 100, 10740
2026/06/28 06:20:15.588, 160.21, 100, 10740
2026/06/28 06:20:16.588, 161.34, 100, 10740
2026/06/28 06:20:17.588, 160.49, 99, 10740
2026/06/28 06:20:18.589, 160.79, 100, 10740
2026/06/28 06:20:19.589, 160.05, 100, 10740
2026/06/28 06:20:20.589, 160.35, 100, 10740
2026/06/28 06:20:21.589, 161.37, 100, 10740
2026/06/28 06:20:22.589, 160.79, 100, 10740
2026/06/28 06:20:23.590, 161.25, 100, 10740
2026/06/28 06:20:24.598, 161.15, 100, 10740
2026/06/28 06:20:25.598, 160.41, 100, 10740
2026/06/28 06:20:26.599, 161.44, 100, 10740
2026/06/28 06:20:27.599, 161.10, 100, 10740
2026/06/28 06:20:28.599, 161.49, 100, 10740
2026/06/28 06:20:29.599, 161.88, 100, 10740
2026/06/28 06:20:30.599, 160.67, 100, 10740
2026/06/28 06:20:31.600, 161.44, 100, 10740
2026/06/28 06:20:32.600, 161.12, 100, 10740
2026/06/28 06:20:33.600, 160.58, 97, 10740
2026/06/28 06:20:34.600, 161.28, 100, 10740
2026/06/28 06:20:35.600, 161.00, 100, 10740
2026/06/28 06:20:36.600, 161.92, 100, 10740
2026/06/28 06:20:37.601, 161.26, 100, 10740
2026/06/28 06:20:38.601, 160.31, 98, 10740
2026/06/28 06:20:39.609, 161.74, 100, 10740
2026/06/28 06:20:40.609, 160.97, 100, 10740
2026/06/28 06:20:41.610, 161.38, 100, 10740
2026/06/28 06:20:42.610, 161.42, 100, 10740
2026/06/28 06:20:43.610, 160.39, 98, 10740
2026/06/28 06:20:44.619, 160.90, 100, 10740
2026/06/28 06:20:45.619, 160.49, 100, 10740
2026/06/28 06:20:46.619, 161.20, 100, 10740
2026/06/28 06:20:47.619, 160.92, 100, 10740
2026/06/28 06:20:48.619, 160.37, 98, 10740
2026/06/28 06:20:49.620, 161.53, 100, 10740
2026/06/28 06:20:50.620, 160.68, 100, 10740
2026/06/28 06:20:51.620, 161.30, 100, 10740
2026/06/28 06:20:52.620, 161.48, 100, 10740
2026/06/28 06:20:53.620, 160.72, 100, 10740
2026/06/28 06:20:54.621, 162.14, 100, 10740
2026/06/28 06:20:55.621, 160.87, 100, 10740
2026/06/28 06:20:56.621, 160.88, 99, 10740
2026/06/28 06:20:57.621, 161.50, 100, 10740
2026/06/28 06:20:58.621, 160.68, 100, 10740
2026/06/28 06:20:59.621, 161.48, 100, 10740
2026/06/28 06:21:00.622, 161.17, 100, 10740
2026/06/28 06:21:01.622, 160.25, 98, 10740
2026/06/28 06:21:02.622, 161.85, 100, 10740
2026/06/28 06:21:03.622, 160.88, 100, 10740
2026/06/28 06:21:04.622, 161.42, 100, 10740
2026/06/28 06:21:05.623, 161.14, 100, 10740
2026/06/28 06:21:06.623, 160.54, 98, 10740
2026/06/28 06:21:07.623, 161.37, 100, 10740
2026/06/28 06:21:08.623, 160.90, 100, 10740
2026/06/28 06:21:09.623, 161.33, 100, 10740
2026/06/28 06:21:10.623, 161.29, 100, 10740
2026/06/28 06:21:11.624, 160.81, 98, 10740
2026/06/28 06:21:12.624, 161.80, 100, 10740
2026/06/28 06:21:13.624, 160.86, 100, 10740
2026/06/28 06:21:14.624, 161.04, 100, 10740
2026/06/28 06:21:15.624, 161.06, 100, 10740
2026/06/28 06:21:16.624, 160.59, 98, 10740
2026/06/28 06:21:17.625, 161.45, 100, 10740
2026/06/28 06:21:18.625, 161.01, 100, 10740
2026/06/28 06:21:19.625, 161.18, 100, 10740
2026/06/28 06:21:20.625, 161.37, 100, 10740
2026/06/28 06:21:21.625, 159.65, 100, 10740
2026/06/28 06:21:22.626, 161.69, 100, 10740
2026/06/28 06:21:23.626, 161.33, 100, 10740
2026/06/28 06:21:24.626, 161.14, 99, 10740
2026/06/28 06:21:25.626, 161.51, 100, 10740
2026/06/28 06:21:26.626, 160.52, 100, 10740
2026/06/28 06:21:27.627, 161.69, 100, 10740
2026/06/28 06:21:28.627, 161.31, 100, 10740
2026/06/28 06:21:29.627, 160.21, 98, 10740
2026/06/28 06:21:30.627, 161.19, 100, 10740
2026/06/28 06:21:31.627, 161.20, 100, 10740
2026/06/28 06:21:32.628, 161.73, 100, 10740
2026/06/28 06:21:33.628, 161.31, 100, 10740
2026/06/28 06:21:34.628, 160.92, 98, 10740
2026/06/28 06:21:35.628, 161.36, 100, 10740
2026/06/28 06:21:36.628, 160.86, 100, 10740
2026/06/28 06:21:37.637, 161.61, 100, 10740
2026/06/28 06:21:38.637, 161.17, 100, 10740
2026/06/28 06:21:39.637, 161.40, 100, 10740
2026/06/28 06:21:40.638, 161.32, 100, 10740
2026/06/28 06:21:41.638, 160.50, 98, 10740
2026/06/28 06:21:42.646, 161.52, 100, 10740
2026/06/28 06:21:43.646, 161.00, 100, 10740
2026/06/28 06:21:44.647, 160.92, 100, 10740
2026/06/28 06:21:45.647, 161.24, 100, 10740
2026/06/28 06:21:46.647, 160.91, 100, 10740
2026/06/28 06:21:47.655, 161.88, 100, 10740
2026/06/28 06:21:48.656, 160.75, 100, 10740
2026/06/28 06:21:49.656, 160.32, 98, 10740
2026/06/28 06:21:50.656, 161.69, 100, 10740
2026/06/28 06:21:51.656, 160.80, 100, 10740
2026/06/28 06:21:52.656, 161.78, 100, 10740
2026/06/28 06:21:53.657, 161.17, 100, 10740
2026/06/28 06:21:54.657, 160.33, 98, 10740
2026/06/28 06:21:55.657, 161.82, 100, 10740
2026/06/28 06:21:56.657, 161.00, 100, 10740
2026/06/28 06:21:57.657, 161.64, 100, 10740
2026/06/28 06:21:58.658, 161.35, 100, 10740
2026/06/28 06:21:59.658, 163.63, 100, 10740
2026/06/28 06:22:00.658, 163.54, 100, 10740
2026/06/28 06:22:01.658, 163.63, 100, 10740
2026/06/28 06:22:02.658, 163.53, 100, 10740
2026/06/28 06:22:03.658, 163.54, 100, 10740
2026/06/28 06:22:04.659, 163.18, 99, 10740
2026/06/28 06:22:05.667, 163.69, 100, 10740
2026/06/28 06:22:06.667, 163.48, 99, 10740
2026/06/28 06:22:07.668, 163.58, 100, 10740
2026/06/28 06:22:08.668, 163.60, 99, 10740
2026/06/28 06:22:09.668, 163.44, 100, 10740
2026/06/28 06:22:10.668, 163.12, 98, 10740
2026/06/28 06:22:11.668, 163.38, 100, 10740
2026/06/28 06:22:12.669, 163.28, 99, 10740
2026/06/28 06:22:13.669, 163.55, 100, 10740
2026/06/28 06:22:14.669, 163.52, 100, 10740
2026/06/28 06:22:15.669, 163.53, 100, 10740
2026/06/28 06:22:16.669, 163.38, 100, 10740
2026/06/28 06:22:17.670, 163.37, 100, 10740
2026/06/28 06:22:18.670, 163.62, 99, 10740
2026/06/28 06:22:19.670, 163.52, 100, 10740
2026/06/28 06:22:20.678, 163.67, 99, 10740
2026/06/28 06:22:21.679, 163.68, 100, 10740
2026/06/28 06:22:22.679, 163.66, 99, 10740
2026/06/28 06:22:23.679, 163.54, 100, 10740
2026/06/28 06:22:24.679, 163.60, 99, 10740
2026/06/28 06:22:25.680, 163.86, 100, 10740
2026/06/28 06:22:26.680, 163.70, 99, 10740
2026/06/28 06:22:27.680, 163.49, 100, 10740
2026/06/28 06:22:28.680, 163.55, 99, 10740
2026/06/28 06:22:29.680, 163.67, 100, 10740
2026/06/28 06:22:30.689, 163.45, 99, 10740
2026/06/28 06:22:31.689, 163.64, 100, 10740
2026/06/28 06:22:32.689, 163.55, 99, 10740
2026/06/28 06:22:33.689, 163.57, 100, 10740
2026/06/28 06:22:34.689, 163.62, 99, 10740
2026/06/28 06:22:35.690, 163.61, 100, 10740
2026/06/28 06:22:36.690, 163.49, 100, 10740
2026/06/28 06:22:37.690, 163.83, 100, 10740
2026/06/28 06:22:38.690, 163.69, 100, 10740
2026/06/28 06:22:39.690, 163.68, 100, 10740
2026/06/28 06:22:40.690, 163.35, 100, 10740
2026/06/28 06:22:41.691, 163.67, 100, 10740
2026/06/28 06:22:42.691, 163.54, 99, 10740
2026/06/28 06:22:43.691, 163.67, 100, 10740
2026/06/28 06:22:44.691, 163.70, 99, 10740
2026/06/28 06:22:45.691, 163.59, 100, 10740
2026/06/28 06:22:46.691, 163.74, 99, 10740
2026/06/28 06:22:47.692, 163.60, 100, 10740
2026/06/28 06:22:48.692, 163.60, 100, 10740
2026/06/28 06:22:49.692, 80.20, 0, 10740
2026/06/28 06:22:50.692, 28.34, 0, 10740
