2026/06/27 23:38:40.033, 28.89, 0, 41
2026/06/27 23:38:41.036, 24.29, 0, 41
2026/06/27 23:38:42.036, 18.48, 0, 41
2026/06/27 23:38:43.037, 16.93, 0, 41
2026/06/27 23:38:44.037, 19.90, 0, 262
2026/06/27 23:38:45.038, 21.42, 0, 324
2026/06/27 23:38:46.038, 21.43, 0, 324
2026/06/27 23:38:47.038, 20.96, 0, 324
2026/06/27 23:38:48.038, 61.05, 0, 936
2026/06/27 23:38:49.038, 114.99, 100, 10516
2026/06/27 23:38:50.038, 138.55, 100, 10740
2026/06/27 23:38:51.039, 158.62, 98, 10740
2026/06/27 23:38:52.039, 159.20, 100, 10740
2026/06/27 23:38:53.039, 157.84, 100, 10740
2026/06/27 23:38:54.039, 159.12, 100, 10740
2026/06/27 23:38:55.039, 158.40, 100, 10740
2026/06/27 23:38:56.039, 159.18, 100, 10740
2026/06/27 23:38:57.040, 160.00, 100, 10740
2026/06/27 23:38:58.040, 159.01, 98, 10740
2026/06/27 23:38:59.040, 159.82, 100, 10740
2026/06/27 23:39:00.040, 159.28, 100, 10740
2026/06/27 23:39:01.040, 159.37, 100, 10740
2026/06/27 23:39:02.040, 159.84, 100, 10740
2026/06/27 23:39:03.041, 158.96, 99, 10740
2026/06/27 23:39:04.041, 159.13, 100, 10740
2026/06/27 23:39:05.041, 159.49, 100, 10740
2026/06/27 23:39:06.041, 160.11, 100, 10740
2026/06/27 23:39:07.041, 160.30, 100, 10740
2026/06/27 23:39:08.042, 159.50, 100, 10740
2026/06/27 23:39:09.042, 160.98, 100, 10740
2026/06/27 23:39:10.042, 160.23, 100, 10740
2026/06/27 23:39:11.042, 160.14, 99, 10740
2026/06/27 23:39:12.042, 160.86, 100, 10740
2026/06/27 23:39:13.042, 160.00, 100, 10740
2026/06/27 23:39:14.043, 160.81, 100, 10740
2026/06/27 23:39:15.043, 160.60, 100, 10740
2026/06/27 23:39:16.043, 159.53, 98, 10740
2026/06/27 23:39:17.043, 160.68, 100, 10740
2026/06/27 23:39:18.043, 160.02, 100, 10740
2026/06/27 23:39:19.043, 160.65, 100, 10740
2026/06/27 23:39:20.044, 160.53, 100, 10740
2026/06/27 23:39:21.044, 159.84, 98, 10740
2026/06/27 23:39:22.044, 161.43, 100, 10740
2026/06/27 23:39:23.044, 160.26, 100, 10740
2026/06/27 23:39:24.044, 160.72, 100, 10740
2026/06/27 23:39:25.045, 160.91, 100, 10740
2026/06/27 23:39:26.045, 159.99, 98, 10740
2026/06/27 23:39:27.045, 161.77, 100, 10740
2026/06/27 23:39:28.045, 160.77, 100, 10740
2026/06/27 23:39:29.045, 161.29, 100, 10740
2026/06/27 23:39:30.045, 161.27, 100, 10740
2026/06/27 23:39:31.046, 160.79, 98, 10740
2026/06/27 23:39:32.046, 161.37, 100, 10740
2026/06/27 23:39:33.046, 160.69, 100, 10740
2026/06/27 23:39:34.046, 161.18, 100, 10740
2026/06/27 23:39:35.046, 161.49, 100, 10740
2026/06/27 23:39:36.046, 160.91, 99, 10740
2026/06/27 23:39:37.047, 161.45, 100, 10740
2026/06/27 23:39:38.047, 160.82, 100, 10740
2026/06/27 23:39:39.047, 160.97, 100, 10740
2026/06/27 23:39:40.047, 161.60, 100, 10740
2026/06/27 23:39:41.047, 160.76, 100, 10740
2026/06/27 23:39:42.047, 161.90, 100, 10740
2026/06/27 23:39:43.048, 161.00, 100, 10740
2026/06/27 23:39:44.048, 160.65, 97, 10740
2026/06/27 23:39:45.048, 161.78, 100, 10740
2026/06/27 23:39:46.048, 160.80, 100, 10740
2026/06/27 23:39:47.048, 161.91, 100, 10740
2026/06/27 23:39:48.049, 161.57, 100, 10740
2026/06/27 23:39:49.049, 160.79, 98, 10740
2026/06/27 23:39:50.049, 162.02, 100, 10740
2026/06/27 23:39:51.049, 160.70, 100, 10740
2026/06/27 23:39:52.049, 161.63, 100, 10740
2026/06/27 23:39:53.049, 161.73, 100, 10740
2026/06/27 23:39:54.050, 161.11, 98, 10740
2026/06/27 23:39:55.050, 162.26, 100, 10740
2026/06/27 23:39:56.050, 161.24, 100, 10740
2026/06/27 23:39:57.050, 161.54, 100, 10740
2026/06/27 23:39:58.051, 161.55, 100, 10740
2026/06/27 23:39:59.051, 160.83, 98, 10740
2026/06/27 23:40:00.051, 162.19, 100, 10740
2026/06/27 23:40:01.051, 161.07, 100, 10740
2026/06/27 23:40:02.051, 161.73, 100, 10740
2026/06/27 23:40:03.052, 161.73, 100, 10740
2026/06/27 23:40:04.052, 160.66, 98, 10740
2026/06/27 23:40:05.052, 161.71, 100, 10740
2026/06/27 23:40:06.052, 161.44, 100, 10740
2026/06/27 23:40:07.052, 161.83, 100, 10740
2026/06/27 23:40:08.053, 161.92, 100, 10740
2026/06/27 23:40:09.053, 160.81, 98, 10740
2026/06/27 23:40:10.053, 162.06, 100, 10740
2026/06/27 23:40:11.053, 161.22, 100, 10740
2026/06/27 23:40:12.053, 161.44, 100, 10740
2026/06/27 23:40:13.053, 161.57, 100, 10740
2026/06/27 23:40:14.054, 160.78, 100, 10740
2026/06/27 23:40:15.054, 162.19, 100, 10740
2026/06/27 23:40:16.054, 161.27, 100, 10740
2026/06/27 23:40:17.054, 161.56, 100, 10740
2026/06/27 23:40:18.054, 161.82, 100, 10740
2026/06/27 23:40:19.054, 160.88, 100, 10740
2026/06/27 23:40:20.055, 161.95, 100, 10740
2026/06/27 23:40:21.055, 161.44, 100, 10740
2026/06/27 23:40:22.055, 161.47, 98, 10740
2026/06/27 23:40:23.055, 161.91, 100, 10740
2026/06/27 23:40:24.055, 160.97, 100, 10740
2026/06/27 23:40:25.056, 162.04, 100, 10740
2026/06/27 23:40:26.056, 161.88, 100, 10740
2026/06/27 23:40:27.056, 160.93, 98, 10740
2026/06/27 23:40:28.056, 162.20, 100, 10740
2026/06/27 23:40:29.056, 161.39, 100, 10740
2026/06/27 23:40:30.056, 161.93, 100, 10740
2026/06/27 23:40:31.056, 160.84, 100, 10740
2026/06/27 23:40:32.057, 160.96, 98, 10740
2026/06/27 23:40:33.057, 162.03, 100, 10740
2026/06/27 23:40:34.057, 161.21, 100, 10740
2026/06/27 23:40:35.057, 162.08, 100, 10740
2026/06/27 23:40:36.057, 161.86, 100, 10740
2026/06/27 23:40:37.058, 161.11, 98, 10740
2026/06/27 23:40:38.058, 162.12, 100, 10740
2026/06/27 23:40:39.058, 161.49, 100, 10740
2026/06/27 23:40:40.058, 161.63, 100, 10740
2026/06/27 23:40:41.058, 162.01, 100, 10740
2026/06/27 23:40:42.059, 161.42, 98, 10740
2026/06/27 23:40:43.059, 162.64, 100, 10740
2026/06/27 23:40:44.059, 161.71, 100, 10740
2026/06/27 23:40:45.059, 161.83, 100, 10740
2026/06/27 23:40:46.059, 161.79, 100, 10740
2026/06/27 23:40:47.059, 161.25, 98, 10740
2026/06/27 23:40:48.060, 162.26, 100, 10740
2026/06/27 23:40:49.060, 161.55, 100, 10740
2026/06/27 23:40:50.060, 161.78, 100, 10740
2026/06/27 23:40:51.060, 162.12, 100, 10740
2026/06/27 23:40:52.060, 161.32, 100, 10740
2026/06/27 23:40:53.060, 162.56, 100, 10740
2026/06/27 23:40:54.061, 161.82, 100, 10740
2026/06/27 23:40:55.061, 161.40, 100, 10740
2026/06/27 23:40:56.061, 162.02, 100, 10740
2026/06/27 23:40:57.061, 161.29, 100, 10740
2026/06/27 23:40:58.061, 162.33, 100, 10740
2026/06/27 23:40:59.062, 161.79, 100, 10740
2026/06/27 23:41:00.062, 161.60, 100, 10740
2026/06/27 23:41:01.062, 162.31, 100, 10740
2026/06/27 23:41:02.062, 161.54, 100, 10740
2026/06/27 23:41:03.062, 162.09, 100, 10740
2026/06/27 23:41:04.062, 161.96, 100, 10740
2026/06/27 23:41:05.063, 161.11, 98, 10740
2026/06/27 23:41:06.063, 162.26, 100, 10740
2026/06/27 23:41:07.063, 161.78, 100, 10740
2026/06/27 23:41:08.063, 162.34, 100, 10740
2026/06/27 23:41:09.063, 161.87, 100, 10740
2026/06/27 23:41:10.065, 161.16, 98, 10740
2026/06/27 23:41:11.065, 162.64, 100, 10740
2026/06/27 23:41:12.065, 161.60, 100, 10740
2026/06/27 23:41:13.065, 162.09, 100, 10740
2026/06/27 23:41:14.066, 162.50, 100, 10740
2026/06/27 23:41:15.066, 161.73, 98, 10740
2026/06/27 23:41:16.066, 162.57, 100, 10740
2026/06/27 23:41:17.066, 161.97, 100, 10740
2026/06/27 23:41:18.066, 161.88, 100, 10740
2026/06/27 23:41:19.066, 162.34, 100, 10740
2026/06/27 23:41:20.067, 161.31, 99, 10740
2026/06/27 23:41:21.067, 162.28, 100, 10740
2026/06/27 23:41:22.067, 161.89, 100, 10740
2026/06/27 23:41:23.067, 162.33, 100, 10740
2026/06/27 23:41:24.067, 162.60, 100, 10740
2026/06/27 23:41:25.067, 161.68, 100, 10740
2026/06/27 23:41:26.068, 162.68, 100, 10740
2026/06/27 23:41:27.068, 162.13, 100, 10740
2026/06/27 23:41:28.068, 162.03, 100, 10740
2026/06/27 23:41:29.068, 162.38, 100, 10740
2026/06/27 23:41:30.068, 161.33, 100, 10740
2026/06/27 23:41:31.069, 162.37, 100, 10740
2026/06/27 23:41:32.069, 161.96, 100, 10740
2026/06/27 23:41:33.069, 161.34, 98, 10740
2026/06/27 23:41:34.069, 162.45, 100, 10740
2026/06/27 23:41:35.069, 161.88, 100, 10740
2026/06/27 23:41:36.069, 161.36, 98, 10740
2026/06/27 23:41:37.070, 162.39, 100, 10740
2026/06/27 23:41:38.070, 161.43, 98, 10740
2026/06/27 23:41:39.070, 162.87, 100, 10740
2026/06/27 23:41:40.070, 161.71, 100, 10740
2026/06/27 23:41:41.070, 162.61, 98, 10740
2026/06/27 23:41:42.071, 162.30, 100, 10740
2026/06/27 23:41:43.071, 161.49, 98, 10740
2026/06/27 23:41:44.071, 162.54, 100, 10740
2026/06/27 23:41:45.071, 161.84, 100, 10740
2026/06/27 23:41:46.071, 162.56, 98, 10740
2026/06/27 23:41:47.072, 162.43, 100, 10740
2026/06/27 23:41:48.072, 161.96, 98, 10740
2026/06/27 23:41:49.072, 162.84, 100, 10740
2026/06/27 23:41:50.072, 161.95, 100, 10740
2026/06/27 23:41:51.072, 162.56, 100, 10740
2026/06/27 23:41:52.073, 162.61, 100, 10740
2026/06/27 23:41:53.073, 162.32, 100, 10740
2026/06/27 23:41:54.073, 162.63, 100, 10740
2026/06/27 23:41:55.073, 162.44, 100, 10740
2026/06/27 23:41:56.073, 161.61, 98, 10740
2026/06/27 23:41:57.073, 162.35, 100, 10740
2026/06/27 23:41:58.074, 162.18, 100, 10740
2026/06/27 23:41:59.074, 161.90, 100, 10740
2026/06/27 23:42:00.074, 162.46, 100, 10740
2026/06/27 23:42:01.074, 161.54, 100, 10740
2026/06/27 23:42:02.074, 162.80, 100, 10740
2026/06/27 23:42:03.074, 162.35, 100, 10740
2026/06/27 23:42:04.075, 162.10, 100, 10740
2026/06/27 23:42:05.075, 162.68, 100, 10740
2026/06/27 23:42:06.075, 161.91, 100, 10740
2026/06/27 23:42:07.075, 162.60, 100, 10740
2026/06/27 23:42:08.075, 162.34, 100, 10740
2026/06/27 23:42:09.076, 161.23, 98, 10740
2026/06/27 23:42:10.076, 162.51, 100, 10740
2026/06/27 23:42:11.076, 161.98, 100, 10740
2026/06/27 23:42:12.076, 162.92, 100, 10740
2026/06/27 23:42:13.076, 162.88, 100, 10740
2026/06/27 23:42:14.077, 161.46, 98, 10740
2026/06/27 23:42:15.077, 162.62, 100, 10740
2026/06/27 23:42:16.077, 162.01, 100, 10740
2026/06/27 23:42:17.077, 162.68, 100, 10740
2026/06/27 23:42:18.077, 162.71, 100, 10740
2026/06/27 23:42:19.077, 161.94, 98, 10740
2026/06/27 23:42:20.078, 162.82, 100, 10740
2026/06/27 23:42:21.078, 161.66, 100, 10740
2026/06/27 23:42:22.078, 162.30, 100, 10740
2026/06/27 23:42:23.078, 162.63, 100, 10740
2026/06/27 23:42:24.078, 161.51, 98, 10740
2026/06/27 23:42:25.079, 162.72, 100, 10740
2026/06/27 23:42:26.079, 162.10, 100, 10740
2026/06/27 23:42:27.079, 162.52, 100, 10740
2026/06/27 23:42:28.079, 162.77, 100, 10740
2026/06/27 23:42:29.079, 161.63, 98, 10740
2026/06/27 23:42:30.079, 162.48, 100, 10740
2026/06/27 23:42:31.080, 162.20, 100, 10740
2026/06/27 23:42:32.080, 162.35, 100, 10740
2026/06/27 23:42:33.080, 162.67, 100, 10740
2026/06/27 23:42:34.080, 161.76, 100, 10740
2026/06/27 23:42:35.080, 162.67, 100, 10740
2026/06/27 23:42:36.080, 162.17, 100, 10740
2026/06/27 23:42:37.081, 162.24, 100, 10740
2026/06/27 23:42:38.081, 162.78, 100, 10740
2026/06/27 23:42:39.081, 161.75, 100, 10740
2026/06/27 23:42:40.081, 162.87, 100, 10740
2026/06/27 23:42:41.081, 162.51, 100, 10740
2026/06/27 23:42:42.081, 162.08, 98, 10740
2026/06/27 23:42:43.082, 162.98, 100, 10740
2026/06/27 23:42:44.082, 162.02, 100, 10740
2026/06/27 23:42:45.082, 162.80, 100, 10740
2026/06/27 23:42:46.082, 162.60, 100, 10740
2026/06/27 23:42:47.082, 161.89, 98, 10740
2026/06/27 23:42:48.083, 162.72, 100, 10740
2026/06/27 23:42:49.083, 162.25, 100, 10740
2026/06/27 23:42:50.083, 162.86, 100, 10740
2026/06/27 23:42:51.083, 162.58, 100, 10740
2026/06/27 23:42:52.083, 161.58, 98, 10740
2026/06/27 23:42:53.083, 162.39, 100, 10740
2026/06/27 23:42:54.084, 161.99, 100, 10740
2026/06/27 23:42:55.084, 162.67, 100, 10740
2026/06/27 23:42:56.084, 162.45, 100, 10740
2026/06/27 23:42:57.084, 161.85, 98, 10740
2026/06/27 23:42:58.084, 162.80, 100, 10740
2026/06/27 23:42:59.085, 162.09, 100, 10740
2026/06/27 23:43:00.085, 162.52, 100, 10740
2026/06/27 23:43:01.085, 162.29, 100, 10740
2026/06/27 23:43:02.085, 161.74, 98, 10740
2026/06/27 23:43:03.085, 162.78, 100, 10740
2026/06/27 23:43:04.086, 162.43, 100, 10740
2026/06/27 23:43:05.086, 162.50, 100, 10740
2026/06/27 23:43:06.086, 162.77, 100, 10740
2026/06/27 23:43:07.086, 162.03, 99, 10740
2026/06/27 23:43:08.086, 162.67, 100, 10740
2026/06/27 23:43:09.086, 162.42, 100, 10740
2026/06/27 23:43:10.087, 162.57, 100, 10740
2026/06/27 23:43:11.087, 162.74, 100, 10740
2026/06/27 23:43:12.087, 161.98, 100, 10740
2026/06/27 23:43:13.087, 162.91, 100, 10740
2026/06/27 23:43:14.087, 162.31, 100, 10740
2026/06/27 23:43:15.088, 162.11, 98, 10740
2026/06/27 23:43:16.088, 162.45, 100, 10740
2026/06/27 23:43:17.088, 161.60, 100, 10740
2026/06/27 23:43:18.088, 162.45, 100, 10740
2026/06/27 23:43:19.088, 162.13, 100, 10740
2026/06/27 23:43:20.089, 161.95, 98, 10740
2026/06/27 23:43:21.089, 163.09, 100, 10740
2026/06/27 23:43:22.089, 161.93, 100, 10740
2026/06/27 23:43:23.089, 162.58, 100, 10740
2026/06/27 23:43:24.089, 162.42, 100, 10740
2026/06/27 23:43:25.090, 161.51, 98, 10740
2026/06/27 23:43:26.090, 162.17, 100, 10740
2026/06/27 23:43:27.090, 161.87, 100, 10740
2026/06/27 23:43:28.090, 162.30, 100, 10740
2026/06/27 23:43:29.090, 162.33, 100, 10740
2026/06/27 23:43:30.090, 161.60, 98, 10740
2026/06/27 23:43:31.091, 162.36, 100, 10740
2026/06/27 23:43:32.091, 161.87, 100, 10740
2026/06/27 23:43:33.091, 162.50, 100, 10740
2026/06/27 23:43:34.091, 162.34, 100, 10740
2026/06/27 23:43:35.091, 161.29, 98, 10740
2026/06/27 23:43:36.092, 162.05, 100, 10740
2026/06/27 23:43:37.092, 162.19, 100, 10740
2026/06/27 23:43:38.092, 162.59, 100, 10740
2026/06/27 23:43:39.092, 162.43, 100, 10740
2026/06/27 23:43:40.092, 161.57, 97, 10740
2026/06/27 23:43:41.093, 162.66, 100, 10740
2026/06/27 23:43:42.093, 161.65, 100, 10740
2026/06/27 23:43:43.093, 162.01, 100, 10740
2026/06/27 23:43:44.093, 162.12, 100, 10740
2026/06/27 23:43:45.093, 161.58, 100, 10740
2026/06/27 23:43:46.094, 162.43, 100, 10740
2026/06/27 23:43:47.094, 162.18, 100, 10740
2026/06/27 23:43:48.094, 161.70, 100, 10740
2026/06/27 23:43:49.094, 162.05, 100, 10740
2026/06/27 23:43:50.094, 161.42, 100, 10740
2026/06/27 23:43:51.095, 162.31, 100, 10740
2026/06/27 23:43:52.095, 161.96, 100, 10740
2026/06/27 23:43:53.095, 161.24, 98, 10740
2026/06/27 23:43:54.095, 162.84, 100, 10740
2026/06/27 23:43:55.095, 161.59, 100, 10740
2026/06/27 23:43:56.096, 161.92, 100, 10740
2026/06/27 23:43:57.096, 161.78, 100, 10740
2026/06/27 23:43:58.096, 160.72, 97, 10740
2026/06/27 23:43:59.096, 162.37, 100, 10740
2026/06/27 23:44:00.096, 161.30, 100, 10740
2026/06/27 23:44:01.096, 97.95, 0, 10740
2026/06/27 23:44:02.097, 28.99, 0, 10740
2026/06/27 23:44:03.097, 88.24, 100, 10740
2026/06/27 23:44:04.097, 163.26, 100, 10740
2026/06/27 23:44:05.097, 163.48, 100, 10740
2026/06/27 23:44:06.097, 163.46, 99, 10740
2026/06/27 23:44:07.097, 163.67, 100, 10740
2026/06/27 23:44:08.098, 163.49, 99, 10740
2026/06/27 23:44:09.098, 163.40, 100, 10740
2026/06/27 23:44:10.098, 163.72, 99, 10740
2026/06/27 23:44:11.098, 163.69, 100, 10740
2026/06/27 23:44:12.098, 163.85, 99, 10740
2026/06/27 23:44:13.099, 163.84, 100, 10740
2026/06/27 23:44:14.099, 163.59, 99, 10740
2026/06/27 23:44:15.099, 163.66, 100, 10740
2026/06/27 23:44:16.099, 163.46, 99, 10740
2026/06/27 23:44:17.099, 163.70, 100, 10740
2026/06/27 23:44:18.100, 163.72, 99, 10740
2026/06/27 23:44:19.100, 163.90, 100, 10740
2026/06/27 23:44:20.100, 163.80, 99, 10740
2026/06/27 23:44:21.100, 163.70, 100, 10740
2026/06/27 23:44:22.100, 163.59, 99, 10740
2026/06/27 23:44:23.101, 163.80, 100, 10740
2026/06/27 23:44:24.101, 163.65, 99, 10740
2026/06/27 23:44:25.101, 163.47, 100, 10740
2026/06/27 23:44:26.101, 163.55, 99, 10740
2026/06/27 23:44:27.101, 163.70, 100, 10740
2026/06/27 23:44:28.102, 163.41, 99, 10740
2026/06/27 23:44:29.102, 163.93, 100, 10740
2026/06/27 23:44:30.102, 163.88, 99, 10740
2026/06/27 23:44:31.102, 164.08, 100, 10740
2026/06/27 23:44:32.102, 163.86, 99, 10740
2026/06/27 23:44:33.103, 163.83, 100, 10740
2026/06/27 23:44:34.103, 163.96, 100, 10740
2026/06/27 23:44:35.103, 163.80, 100, 10740
2026/06/27 23:44:36.103, 164.05, 100, 10740
2026/06/27 23:44:37.103, 163.87, 100, 10740
2026/06/27 23:44:38.104, 164.02, 100, 10740
2026/06/27 23:44:39.104, 164.17, 100, 10740
2026/06/27 23:44:40.104, 163.98, 100, 10740
2026/06/27 23:44:41.104, 163.87, 100, 10740
2026/06/27 23:44:42.104, 163.80, 100, 10740
2026/06/27 23:44:43.105, 164.02, 100, 10740
2026/06/27 23:44:44.105, 163.99, 100, 10740
2026/06/27 23:44:45.105, 164.38, 100, 10740
2026/06/27 23:44:46.105, 164.24, 100, 10740
2026/06/27 23:44:47.105, 164.18, 100, 10740
2026/06/27 23:44:48.106, 164.15, 100, 10740
2026/06/27 23:44:49.106, 164.06, 100, 10740
2026/06/27 23:44:50.106, 163.92, 100, 10740
2026/06/27 23:44:51.106, 164.09, 100, 10740
2026/06/27 23:44:52.106, 164.18, 100, 10740
2026/06/27 23:44:53.107, 164.06, 100, 10740
2026/06/27 23:44:54.107, 154.61, 100, 10740
2026/06/27 23:44:55.107, 161.43, 98, 10740
2026/06/27 23:44:56.107, 162.54, 100, 10740
2026/06/27 23:44:57.107, 161.41, 100, 10740
2026/06/27 23:44:58.108, 162.14, 100, 10740
2026/06/27 23:44:59.108, 161.88, 100, 10740
2026/06/27 23:45:00.108, 161.02, 98, 10740
2026/06/27 23:45:01.108, 162.02, 100, 10740
2026/06/27 23:45:02.108, 161.76, 100, 10740
2026/06/27 23:45:03.109, 161.82, 100, 10740
2026/06/27 23:45:04.109, 161.79, 100, 10740
2026/06/27 23:45:05.109, 161.18, 98, 10740
2026/06/27 23:45:06.109, 162.15, 100, 10740
2026/06/27 23:45:07.109, 160.55, 100, 10740
2026/06/27 23:45:08.109, 161.98, 100, 10740
2026/06/27 23:45:09.110, 162.03, 100, 10740
2026/06/27 23:45:10.110, 161.25, 98, 10740
2026/06/27 23:45:11.110, 162.74, 100, 10740
2026/06/27 23:45:12.110, 161.66, 100, 10740
2026/06/27 23:45:13.110, 162.12, 100, 10740
2026/06/27 23:45:14.111, 162.32, 100, 10740
2026/06/27 23:45:15.111, 161.67, 98, 10740
2026/06/27 23:45:16.111, 161.99, 100, 10740
2026/06/27 23:45:17.111, 161.57, 100, 10740
2026/06/27 23:45:18.111, 162.21, 100, 10740
2026/06/27 23:45:19.112, 162.40, 100, 10740
2026/06/27 23:45:20.112, 161.36, 99, 10740
2026/06/27 23:45:21.112, 162.36, 100, 10740
2026/06/27 23:45:22.112, 161.84, 100, 10740
2026/06/27 23:45:23.112, 161.97, 100, 10740
2026/06/27 23:45:24.113, 162.54, 100, 10740
2026/06/27 23:45:25.113, 161.76, 100, 10740
2026/06/27 23:45:26.113, 162.60, 100, 10740
2026/06/27 23:45:27.113, 162.29, 100, 10740
2026/06/27 23:45:28.113, 161.13, 98, 10740
2026/06/27 23:45:29.113, 163.02, 100, 10740
2026/06/27 23:45:30.114, 161.73, 100, 10740
2026/06/27 23:45:31.114, 162.62, 100, 10740
2026/06/27 23:45:32.114, 161.77, 100, 10740
2026/06/27 23:45:33.114, 160.90, 98, 10740
2026/06/27 23:45:34.114, 162.13, 100, 10740
2026/06/27 23:45:35.115, 161.81, 100, 10740
2026/06/27 23:45:36.115, 162.57, 100, 10740
2026/06/27 23:45:37.115, 162.49, 100, 10740
2026/06/27 23:45:38.115, 161.31, 98, 10740
2026/06/27 23:45:39.115, 162.54, 100, 10740
2026/06/27 23:45:40.115, 161.77, 100, 10740
2026/06/27 23:45:41.116, 162.11, 100, 10740
2026/06/27 23:45:42.116, 162.19, 100, 10740
2026/06/27 23:45:43.116, 161.17, 98, 10740
2026/06/27 23:45:44.116, 162.05, 100, 10740
2026/06/27 23:45:45.116, 161.89, 100, 10740
2026/06/27 23:45:46.117, 160.94, 100, 10740
2026/06/27 23:45:47.117, 161.98, 100, 10740
2026/06/27 23:45:48.117, 161.69, 98, 10740
2026/06/27 23:45:49.117, 161.92, 100, 10740
2026/06/27 23:45:50.117, 162.25, 100, 10740
2026/06/27 23:45:51.117, 161.54, 100, 10740
2026/06/27 23:45:52.118, 162.29, 100, 10740
2026/06/27 23:45:53.118, 161.83, 100, 10740
2026/06/27 23:45:54.118, 162.14, 100, 10740
2026/06/27 23:45:55.118, 162.36, 100, 10740
2026/06/27 23:45:56.118, 161.41, 98, 10740
2026/06/27 23:45:57.119, 162.52, 100, 10740
2026/06/27 23:45:58.119, 162.12, 100, 10740
2026/06/27 23:45:59.119, 162.32, 100, 10740
2026/06/27 23:46:00.119, 162.20, 100, 10740
2026/06/27 23:46:01.119, 161.51, 100, 10740
2026/06/27 23:46:02.119, 162.42, 100, 10740
2026/06/27 23:46:03.120, 162.16, 100, 10740
2026/06/27 23:46:04.120, 161.93, 98, 10740
2026/06/27 23:46:05.120, 162.25, 100, 10740
2026/06/27 23:46:06.120, 161.69, 100, 10740
2026/06/27 23:46:07.120, 162.52, 100, 10740
2026/06/27 23:46:08.121, 162.32, 100, 10740
2026/06/27 23:46:09.121, 161.76, 98, 10740
2026/06/27 23:46:10.121, 162.52, 100, 10740
2026/06/27 23:46:11.121, 161.54, 100, 10740
2026/06/27 23:46:12.121, 161.88, 100, 10740
2026/06/27 23:46:13.122, 161.82, 100, 10740
2026/06/27 23:46:14.122, 161.02, 98, 10740
2026/06/27 23:46:15.122, 162.57, 100, 10740
2026/06/27 23:46:16.122, 161.69, 100, 10740
2026/06/27 23:46:17.122, 162.23, 100, 10740
2026/06/27 23:46:18.122, 162.13, 100, 10740
2026/06/27 23:46:19.123, 161.30, 98, 10740
2026/06/27 23:46:20.123, 161.99, 100, 10740
2026/06/27 23:46:21.123, 161.70, 100, 10740
2026/06/27 23:46:22.123, 161.88, 100, 10740
2026/06/27 23:46:23.123, 161.92, 100, 10740
2026/06/27 23:46:24.124, 161.45, 98, 10740
2026/06/27 23:46:25.124, 162.24, 100, 10740
2026/06/27 23:46:26.124, 162.05, 100, 10740
2026/06/27 23:46:27.124, 162.15, 100, 10740
2026/06/27 23:46:28.124, 162.15, 100, 10740
2026/06/27 23:46:29.124, 161.66, 100, 10740
2026/06/27 23:46:30.125, 162.47, 100, 10740
2026/06/27 23:46:31.125, 162.28, 100, 10740
2026/06/27 23:46:32.125, 162.08, 99, 10740
2026/06/27 23:46:33.125, 162.54, 100, 10740
2026/06/27 23:46:34.125, 161.69, 100, 10740
2026/06/27 23:46:35.125, 162.46, 100, 10740
2026/06/27 23:46:36.126, 162.42, 100, 10740
2026/06/27 23:46:37.126, 161.45, 98, 10740
2026/06/27 23:46:38.126, 162.10, 100, 10740
2026/06/27 23:46:39.126, 161.56, 100, 10740
2026/06/27 23:46:40.126, 162.38, 100, 10740
2026/06/27 23:46:41.127, 161.87, 100, 10740
2026/06/27 23:46:42.127, 161.27, 98, 10740
2026/06/27 23:46:43.127, 162.20, 100, 10740
2026/06/27 23:46:44.127, 162.08, 100, 10740
2026/06/27 23:46:45.127, 162.37, 100, 10740
2026/06/27 23:46:46.127, 161.91, 100, 10740
2026/06/27 23:46:47.127, 161.37, 98, 10740
2026/06/27 23:46:48.128, 162.12, 100, 10740
2026/06/27 23:46:49.128, 162.05, 100, 10740
2026/06/27 23:46:50.128, 162.51, 100, 10740
2026/06/27 23:46:51.128, 162.49, 100, 10740
2026/06/27 23:46:52.128, 161.87, 98, 10740
2026/06/27 23:46:53.129, 162.54, 100, 10740
2026/06/27 23:46:54.129, 162.29, 100, 10740
2026/06/27 23:46:55.129, 162.24, 100, 10740
2026/06/27 23:46:56.129, 162.48, 100, 10740
2026/06/27 23:46:57.129, 161.64, 100, 10740
2026/06/27 23:46:58.129, 162.54, 100, 10740
2026/06/27 23:46:59.130, 162.04, 100, 10740
2026/06/27 23:47:00.130, 162.05, 100, 10740
2026/06/27 23:47:01.130, 162.55, 100, 10740
2026/06/27 23:47:02.130, 161.92, 100, 10740
2026/06/27 23:47:03.130, 162.70, 100, 10740
2026/06/27 23:47:04.130, 162.01, 100, 10740
2026/06/27 23:47:05.131, 161.40, 98, 10740
2026/06/27 23:47:06.131, 162.24, 100, 10740
2026/06/27 23:47:07.131, 161.75, 100, 10740
2026/06/27 23:47:08.131, 162.51, 100, 10740
2026/06/27 23:47:09.131, 162.46, 100, 10740
2026/06/27 23:47:10.131, 161.67, 98, 10740
2026/06/27 23:47:11.132, 162.45, 100, 10740
2026/06/27 23:47:12.132, 161.69, 100, 10740
2026/06/27 23:47:13.132, 162.22, 100, 10740
2026/06/27 23:47:14.132, 162.29, 100, 10740
2026/06/27 23:47:15.132, 161.38, 98, 10740
2026/06/27 23:47:16.133, 162.51, 100, 10740
2026/06/27 23:47:17.133, 161.79, 100, 10740
2026/06/27 23:47:18.133, 162.57, 100, 10740
2026/06/27 23:47:19.133, 162.59, 100, 10740
2026/06/27 23:47:20.133, 161.88, 98, 10740
2026/06/27 23:47:21.134, 162.88, 100, 10740
2026/06/27 23:47:22.134, 161.98, 100, 10740
2026/06/27 23:47:23.134, 162.17, 100, 10740
2026/06/27 23:47:24.134, 162.44, 100, 10740
2026/06/27 23:47:25.134, 161.97, 98, 10740
2026/06/27 23:47:26.134, 162.56, 100, 10740
2026/06/27 23:47:27.135, 162.02, 100, 10740
2026/06/27 23:47:28.135, 162.50, 100, 10740
2026/06/27 23:47:29.135, 162.58, 100, 10740
2026/06/27 23:47:30.135, 162.18, 100, 10740
2026/06/27 23:47:31.135, 162.68, 100, 10740
2026/06/27 23:47:32.136, 162.12, 100, 10740
2026/06/27 23:47:33.136, 162.06, 99, 10740
2026/06/27 23:47:34.136, 162.80, 100, 10740
2026/06/27 23:47:35.136, 161.91, 100, 10740
2026/06/27 23:47:36.136, 162.46, 100, 10740
2026/06/27 23:47:37.136, 162.23, 100, 10740
2026/06/27 23:47:38.137, 161.58, 98, 10740
2026/06/27 23:47:39.137, 162.52, 100, 10740
2026/06/27 23:47:40.137, 161.97, 100, 10740
2026/06/27 23:47:41.137, 162.12, 100, 10740
2026/06/27 23:47:42.137, 162.47, 100, 10740
2026/06/27 23:47:43.137, 161.68, 98, 10740
2026/06/27 23:47:44.138, 162.61, 100, 10740
2026/06/27 23:47:45.138, 162.16, 100, 10740
2026/06/27 23:47:46.138, 162.28, 100, 10740
2026/06/27 23:47:47.138, 162.41, 100, 10740
2026/06/27 23:47:48.138, 161.54, 98, 10740
2026/06/27 23:47:49.139, 162.46, 100, 10740
2026/06/27 23:47:50.139, 161.78, 100, 10740
2026/06/27 23:47:51.139, 162.35, 100, 10740
2026/06/27 23:47:52.139, 162.45, 100, 10740
2026/06/27 23:47:53.139, 161.59, 98, 10740
2026/06/27 23:47:54.139, 162.77, 100, 10740
2026/06/27 23:47:55.140, 162.07, 100, 10740
2026/06/27 23:47:56.140, 162.17, 100, 10740
2026/06/27 23:47:57.140, 162.73, 100, 10740
2026/06/27 23:47:58.140, 161.66, 100, 10740
2026/06/27 23:47:59.140, 162.51, 100, 10740
2026/06/27 23:48:00.141, 162.12, 100, 10740
2026/06/27 23:48:01.141, 161.85, 99, 10740
2026/06/27 23:48:02.141, 162.50, 100, 10740
2026/06/27 23:48:03.141, 161.78, 100, 10740
2026/06/27 23:48:04.141, 162.55, 100, 10740
2026/06/27 23:48:05.142, 162.15, 100, 10740
2026/06/27 23:48:06.142, 161.96, 98, 10740
2026/06/27 23:48:07.142, 162.87, 100, 10740
2026/06/27 23:48:08.142, 161.57, 100, 10740
2026/06/27 23:48:09.142, 162.37, 100, 10740
2026/06/27 23:48:10.143, 162.25, 100, 10740
2026/06/27 23:48:11.143, 161.81, 98, 10740
2026/06/27 23:48:12.143, 162.94, 100, 10740
2026/06/27 23:48:13.143, 161.88, 100, 10740
2026/06/27 23:48:14.143, 162.77, 100, 10740
2026/06/27 23:48:15.144, 162.15, 100, 10740
2026/06/27 23:48:16.144, 161.44, 98, 10740
2026/06/27 23:48:17.144, 162.68, 100, 10740
2026/06/27 23:48:18.144, 162.15, 100, 10740
2026/06/27 23:48:19.144, 162.64, 100, 10740
2026/06/27 23:48:20.144, 162.27, 100, 10740
2026/06/27 23:48:21.145, 161.67, 98, 10740
2026/06/27 23:48:22.145, 162.47, 100, 10740
2026/06/27 23:48:23.145, 161.84, 100, 10740
2026/06/27 23:48:24.145, 162.24, 100, 10740
2026/06/27 23:48:25.145, 162.58, 100, 10740
2026/06/27 23:48:26.146, 161.68, 100, 10740
2026/06/27 23:48:27.146, 162.92, 100, 10740
2026/06/27 23:48:28.146, 162.10, 100, 10740
2026/06/27 23:48:29.146, 162.10, 99, 10740
2026/06/27 23:48:30.146, 162.62, 100, 10740
2026/06/27 23:48:31.147, 161.79, 100, 10740
2026/06/27 23:48:32.147, 162.43, 100, 10740
2026/06/27 23:48:33.147, 162.58, 100, 10740
2026/06/27 23:48:34.147, 161.88, 98, 10740
2026/06/27 23:48:35.147, 163.08, 100, 10740
2026/06/27 23:48:36.147, 161.96, 100, 10740
2026/06/27 23:48:37.148, 162.19, 100, 10740
2026/06/27 23:48:38.148, 162.25, 100, 10740
2026/06/27 23:48:39.148, 161.68, 98, 10740
2026/06/27 23:48:40.148, 162.39, 100, 10740
2026/06/27 23:48:41.148, 161.93, 100, 10740
2026/06/27 23:48:42.149, 162.52, 100, 10740
2026/06/27 23:48:43.149, 162.30, 100, 10740
2026/06/27 23:48:44.149, 161.83, 98, 10740
2026/06/27 23:48:45.149, 162.40, 100, 10740
2026/06/27 23:48:46.149, 161.98, 100, 10740
2026/06/27 23:48:47.149, 162.45, 100, 10740
2026/06/27 23:48:48.150, 162.45, 100, 10740
2026/06/27 23:48:49.150, 161.58, 98, 10740
2026/06/27 23:48:50.150, 162.29, 100, 10740
2026/06/27 23:48:51.150, 161.97, 100, 10740
2026/06/27 23:48:52.150, 161.93, 100, 10740
2026/06/27 23:48:53.151, 162.48, 100, 10740
2026/06/27 23:48:54.151, 161.67, 100, 10740
2026/06/27 23:48:55.151, 162.74, 100, 10740
2026/06/27 23:48:56.151, 162.20, 100, 10740
2026/06/27 23:48:57.151, 161.90, 99, 10740
2026/06/27 23:48:58.152, 162.71, 100, 10740
2026/06/27 23:48:59.152, 161.52, 100, 10740
2026/06/27 23:49:00.152, 162.47, 100, 10740
2026/06/27 23:49:01.152, 162.11, 100, 10740
2026/06/27 23:49:02.152, 161.66, 98, 10740
2026/06/27 23:49:03.152, 162.23, 100, 10740
2026/06/27 23:49:04.153, 161.89, 100, 10740
2026/06/27 23:49:05.153, 162.59, 100, 10740
2026/06/27 23:49:06.153, 162.40, 100, 10740
2026/06/27 23:49:07.153, 161.37, 98, 10740
2026/06/27 23:49:08.153, 163.11, 100, 10740
2026/06/27 23:49:09.154, 161.98, 100, 10740
2026/06/27 23:49:10.154, 162.40, 100, 10740
2026/06/27 23:49:11.154, 162.35, 100, 10740
2026/06/27 23:49:12.154, 161.58, 99, 10740
2026/06/27 23:49:13.154, 162.34, 100, 10740
2026/06/27 23:49:14.154, 161.94, 100, 10740
2026/06/27 23:49:15.155, 161.98, 100, 10740
2026/06/27 23:49:16.155, 162.52, 100, 10740
2026/06/27 23:49:17.155, 161.46, 97, 10740
2026/06/27 23:49:18.155, 162.59, 100, 10740
2026/06/27 23:49:19.155, 162.03, 100, 10740
2026/06/27 23:49:20.156, 162.12, 100, 10740
2026/06/27 23:49:21.156, 162.12, 100, 10740
2026/06/27 23:49:22.156, 161.13, 100, 10740
2026/06/27 23:49:23.156, 162.48, 100, 10740
2026/06/27 23:49:24.156, 161.78, 100, 10740
2026/06/27 23:49:25.156, 161.94, 99, 10740
2026/06/27 23:49:26.157, 162.02, 100, 10740
2026/06/27 23:49:27.157, 161.41, 100, 10740
2026/06/27 23:49:28.157, 162.36, 100, 10740
2026/06/27 23:49:29.157, 162.07, 100, 10740
2026/06/27 23:49:30.157, 161.28, 98, 10740
2026/06/27 23:49:31.157, 162.18, 100, 10740
2026/06/27 23:49:32.158, 161.52, 100, 10740
2026/06/27 23:49:33.158, 162.27, 100, 10740
2026/06/27 23:49:34.158, 162.33, 100, 10740
2026/06/27 23:49:35.158, 161.29, 98, 10740
2026/06/27 23:49:36.158, 162.04, 100, 10740
2026/06/27 23:49:37.159, 161.92, 100, 10740
2026/06/27 23:49:38.159, 162.49, 100, 10740
2026/06/27 23:49:39.159, 162.04, 100, 10740
2026/06/27 23:49:40.159, 161.45, 98, 10740
2026/06/27 23:49:41.159, 162.12, 100, 10740
2026/06/27 23:49:42.159, 161.77, 100, 10740
2026/06/27 23:49:43.160, 162.44, 100, 10740
2026/06/27 23:49:44.160, 162.26, 100, 10740
2026/06/27 23:49:45.160, 161.47, 98, 10740
2026/06/27 23:49:46.160, 162.50, 100, 10740
2026/06/27 23:49:47.160, 161.98, 100, 10740
2026/06/27 23:49:48.160, 162.14, 100, 10740
2026/06/27 23:49:49.161, 162.17, 100, 10740
2026/06/27 23:49:50.161, 161.49, 100, 10740
2026/06/27 23:49:51.161, 162.37, 100, 10740
2026/06/27 23:49:52.161, 161.99, 100, 10740
2026/06/27 23:49:53.161, 161.95, 100, 10740
2026/06/27 23:49:54.162, 162.40, 100, 10740
2026/06/27 23:49:55.162, 161.41, 100, 10740
2026/06/27 23:49:56.162, 162.54, 100, 10740
2026/06/27 23:49:57.162, 162.14, 100, 10740
2026/06/27 23:49:58.162, 160.87, 98, 10740
2026/06/27 23:49:59.163, 162.05, 100, 10740
2026/06/27 23:50:00.163, 161.54, 100, 10740
2026/06/27 23:50:01.163, 162.39, 100, 10740
2026/06/27 23:50:02.163, 162.10, 100, 10740
2026/06/27 23:50:03.163, 161.53, 98, 10740
2026/06/27 23:50:04.164, 162.22, 100, 10740
2026/06/27 23:50:05.164, 160.18, 100, 10740
2026/06/27 23:50:06.164, 164.09, 100, 10740
2026/06/27 23:50:07.164, 164.02, 100, 10740
2026/06/27 23:50:08.164, 164.11, 100, 10740
2026/06/27 23:50:09.165, 164.12, 100, 10740
2026/06/27 23:50:10.165, 164.29, 100, 10740
2026/06/27 23:50:11.165, 164.09, 100, 10740
2026/06/27 23:50:12.165, 164.00, 100, 10740
2026/06/27 23:50:13.165, 163.91, 100, 10740
2026/06/27 23:50:14.165, 163.98, 100, 10740
2026/06/27 23:50:15.166, 163.94, 100, 10740
2026/06/27 23:50:16.166, 164.07, 100, 10740
2026/06/27 23:50:17.166, 163.98, 100, 10740
2026/06/27 23:50:18.166, 164.09, 100, 10740
2026/06/27 23:50:19.166, 164.20, 100, 10740
2026/06/27 23:50:20.166, 164.01, 100, 10740
2026/06/27 23:50:21.167, 163.84, 100, 10740
2026/06/27 23:50:22.167, 164.03, 100, 10740
2026/06/27 23:50:23.167, 163.97, 100, 10740
2026/06/27 23:50:24.167, 163.77, 100, 10740
2026/06/27 23:50:25.167, 163.70, 100, 10740
2026/06/27 23:50:26.167, 163.66, 100, 10740
2026/06/27 23:50:27.168, 163.80, 99, 10740
2026/06/27 23:50:28.168, 163.95, 100, 10740
2026/06/27 23:50:29.168, 163.96, 100, 10740
2026/06/27 23:50:30.169, 164.06, 100, 10740
2026/06/27 23:50:31.169, 163.66, 99, 10740
2026/06/27 23:50:32.169, 163.91, 100, 10740
2026/06/27 23:50:33.169, 163.90, 99, 10740
2026/06/27 23:50:34.170, 164.15, 100, 10740
2026/06/27 23:50:35.170, 164.04, 99, 10740
2026/06/27 23:50:36.170, 164.20, 100, 10740
2026/06/27 23:50:37.170, 163.98, 99, 10740
2026/06/27 23:50:38.170, 164.23, 100, 10740
2026/06/27 23:50:39.171, 163.96, 99, 10740
2026/06/27 23:50:40.176, 164.22, 100, 10740
2026/06/27 23:50:41.176, 163.96, 99, 10740
2026/06/27 23:50:42.176, 164.03, 100, 10740
2026/06/27 23:50:43.176, 163.92, 99, 10740
2026/06/27 23:50:44.177, 163.90, 100, 10740
2026/06/27 23:50:45.178, 164.01, 99, 10740
2026/06/27 23:50:46.178, 164.02, 100, 10740
2026/06/27 23:50:47.178, 163.92, 99, 10740
2026/06/27 23:50:48.178, 164.20, 100, 10740
2026/06/27 23:50:49.179, 164.09, 99, 10740
2026/06/27 23:50:50.181, 163.98, 100, 10740
2026/06/27 23:50:51.182, 164.17, 99, 10740
2026/06/27 23:50:52.182, 164.15, 100, 10740
2026/06/27 23:50:53.182, 163.90, 99, 10740
2026/06/27 23:50:54.182, 164.06, 100, 10740
2026/06/27 23:50:55.184, 164.07, 99, 10740
2026/06/27 23:50:56.184, 164.14, 100, 10740
2026/06/27 23:50:57.184, 155.25, 100, 10740
2026/06/27 23:50:58.184, 162.39, 100, 10740
2026/06/27 23:50:59.184, 162.09, 100, 10740
2026/06/27 23:51:00.187, 161.44, 98, 10740
2026/06/27 23:51:01.187, 162.21, 100, 10740
2026/06/27 23:51:02.187, 161.35, 100, 10740
2026/06/27 23:51:03.187, 162.30, 100, 10740
2026/06/27 23:51:04.188, 162.18, 100, 10740
2026/06/27 23:51:05.190, 161.66, 98, 10740
2026/06/27 23:51:06.190, 162.35, 100, 10740
2026/06/27 23:51:07.190, 161.65, 100, 10740
2026/06/27 23:51:08.190, 162.55, 100, 10740
2026/06/27 23:51:09.191, 162.13, 100, 10740
2026/06/27 23:51:10.191, 161.62, 98, 10740
2026/06/27 23:51:11.191, 162.77, 100, 10740
2026/06/27 23:51:12.191, 161.67, 100, 10740
2026/06/27 23:51:13.191, 161.93, 100, 10740
2026/06/27 23:51:14.192, 162.28, 100, 10740
2026/06/27 23:51:15.193, 161.66, 98, 10740
2026/06/27 23:51:16.193, 162.67, 100, 10740
2026/06/27 23:51:17.193, 161.69, 100, 10740
2026/06/27 23:51:18.193, 162.18, 100, 10740
2026/06/27 23:51:19.194, 162.33, 100, 10740
2026/06/27 23:51:20.198, 161.56, 98, 10740
2026/06/27 23:51:21.198, 162.50, 100, 10740
2026/06/27 23:51:22.198, 161.86, 100, 10740
2026/06/27 23:51:23.198, 162.17, 100, 10740
2026/06/27 23:51:24.198, 162.45, 100, 10740
2026/06/27 23:51:25.201, 161.53, 100, 10740
2026/06/27 23:51:26.201, 162.85, 100, 10740
2026/06/27 23:51:27.201, 162.02, 100, 10740
2026/06/27 23:51:28.202, 161.74, 99, 10740
2026/06/27 23:51:29.202, 162.12, 100, 10740
2026/06/27 23:51:30.205, 161.49, 100, 10740
2026/06/27 23:51:31.205, 162.50, 100, 10740
2026/06/27 23:51:32.205, 162.09, 100, 10740
2026/06/27 23:51:33.206, 161.59, 98, 10740
2026/06/27 23:51:34.206, 162.68, 100, 10740
2026/06/27 23:51:35.208, 161.53, 100, 10740
2026/06/27 23:51:36.208, 162.04, 100, 10740
2026/06/27 23:51:37.208, 162.24, 100, 10740
2026/06/27 23:51:38.208, 161.13, 97, 10740
2026/06/27 23:51:39.208, 162.24, 100, 10740
2026/06/27 23:51:40.211, 161.58, 100, 10740
2026/06/27 23:51:41.211, 162.31, 100, 10740
2026/06/27 23:51:42.211, 162.13, 100, 10740
2026/06/27 23:51:43.211, 161.22, 97, 10740
2026/06/27 23:51:44.211, 162.49, 100, 10740
2026/06/27 23:51:45.216, 161.84, 100, 10740
2026/06/27 23:51:46.216, 162.05, 100, 10740
2026/06/27 23:51:47.216, 161.96, 100, 10740
2026/06/27 23:51:48.216, 161.68, 98, 10740
2026/06/27 23:51:49.216, 162.50, 100, 10740
2026/06/27 23:51:50.218, 161.90, 100, 10740
2026/06/27 23:51:51.219, 162.04, 100, 10740
2026/06/27 23:51:52.219, 162.29, 100, 10740
2026/06/27 23:51:53.219, 161.59, 100, 10740
2026/06/27 23:51:54.219, 162.35, 100, 10740
2026/06/27 23:51:55.221, 161.43, 100, 10740
2026/06/27 23:51:56.221, 162.71, 100, 10740
2026/06/27 23:51:57.222, 162.04, 100, 10740
2026/06/27 23:51:58.222, 161.62, 99, 10740
2026/06/27 23:51:59.222, 162.66, 100, 10740
2026/06/27 23:52:00.225, 161.72, 100, 10740
2026/06/27 23:52:01.226, 162.41, 100, 10740
2026/06/27 23:52:02.226, 162.49, 100, 10740
2026/06/27 23:52:03.226, 161.26, 98, 10740
2026/06/27 23:52:04.226, 162.26, 100, 10740
2026/06/27 23:52:05.230, 161.63, 100, 10740
2026/06/27 23:52:06.230, 161.62, 100, 10740
2026/06/27 23:52:07.230, 161.88, 100, 10740
2026/06/27 23:52:08.230, 161.20, 98, 10740
2026/06/27 23:52:09.231, 162.29, 100, 10740
2026/06/27 23:52:10.233, 161.73, 100, 10740
2026/06/27 23:52:11.233, 161.98, 100, 10740
2026/06/27 23:52:12.233, 162.07, 100, 10740
2026/06/27 23:52:13.233, 161.25, 98, 10740
2026/06/27 23:52:14.233, 162.24, 100, 10740
2026/06/27 23:52:15.234, 161.61, 100, 10740
2026/06/27 23:52:16.234, 162.08, 100, 10740
2026/06/27 23:52:17.234, 162.34, 100, 10740
2026/06/27 23:52:18.234, 161.47, 98, 10740
2026/06/27 23:52:19.235, 162.35, 100, 10740
2026/06/27 23:52:20.237, 162.07, 100, 10740
2026/06/27 23:52:21.237, 162.09, 100, 10740
2026/06/27 23:52:22.238, 162.38, 100, 10740
2026/06/27 23:52:23.238, 161.26, 99, 10740
2026/06/27 23:52:24.238, 162.03, 100, 10740
2026/06/27 23:52:25.241, 161.89, 100, 10740
2026/06/27 23:52:26.241, 161.87, 100, 10740
2026/06/27 23:52:27.242, 162.24, 100, 10740
2026/06/27 23:52:28.242, 161.36, 100, 10740
2026/06/27 23:52:29.242, 162.15, 100, 10740
2026/06/27 23:52:30.245, 161.95, 100, 10740
2026/06/27 23:52:31.245, 160.91, 98, 10740
2026/06/27 23:52:32.245, 162.74, 100, 10740
2026/06/27 23:52:33.245, 161.66, 100, 10740
2026/06/27 23:52:34.246, 162.17, 100, 10740
2026/06/27 23:52:35.246, 160.86, 100, 10740
2026/06/27 23:52:36.246, 161.46, 98, 10740
2026/06/27 23:52:37.246, 162.11, 100, 10740
2026/06/27 23:52:38.246, 161.63, 100, 10740
2026/06/27 23:52:39.246, 162.18, 100, 10740
2026/06/27 23:52:40.251, 162.05, 100, 10740
2026/06/27 23:52:41.251, 161.09, 98, 10740
2026/06/27 23:52:42.251, 162.60, 100, 10740
2026/06/27 23:52:43.251, 161.95, 100, 10740
2026/06/27 23:52:44.251, 161.13, 100, 10740
2026/06/27 23:52:45.254, 162.28, 100, 10740
2026/06/27 23:52:46.254, 161.74, 98, 10740
2026/06/27 23:52:47.254, 161.79, 100, 10740
2026/06/27 23:52:48.254, 162.13, 100, 10740
2026/06/27 23:52:49.254, 161.11, 100, 10740
2026/06/27 23:52:50.257, 161.95, 100, 10740
2026/06/27 23:52:51.257, 161.39, 98, 10740
2026/06/27 23:52:52.257, 162.15, 100, 10740
2026/06/27 23:52:53.257, 161.91, 100, 10740
2026/06/27 23:52:54.258, 161.06, 100, 10740
2026/06/27 23:52:55.259, 161.98, 100, 10740
2026/06/27 23:52:56.259, 161.60, 100, 10740
2026/06/27 23:52:57.259, 161.97, 100, 10740
2026/06/27 23:52:58.259, 162.22, 100, 10740
2026/06/27 23:52:59.259, 161.47, 98, 10740
2026/06/27 23:53:00.262, 162.30, 100, 10740
2026/06/27 23:53:01.262, 161.57, 100, 10740
2026/06/27 23:53:02.263, 161.37, 100, 10740
2026/06/27 23:53:03.263, 162.44, 100, 10740
2026/06/27 23:53:04.263, 161.44, 98, 10740
2026/06/27 23:53:05.264, 162.46, 100, 10740
2026/06/27 23:53:06.264, 161.97, 100, 10740
2026/06/27 23:53:07.264, 161.29, 100, 10740
2026/06/27 23:53:08.265, 163.02, 100, 10740
2026/06/27 23:53:09.265, 161.84, 100, 10740
2026/06/27 23:53:10.267, 162.28, 100, 10740
2026/06/27 23:53:11.267, 161.99, 100, 10740
2026/06/27 23:53:12.267, 161.68, 98, 10740
2026/06/27 23:53:13.267, 162.64, 100, 10740
2026/06/27 23:53:14.268, 161.62, 100, 10740
2026/06/27 23:53:15.271, 162.03, 100, 10740
2026/06/27 23:53:16.271, 162.05, 100, 10740
2026/06/27 23:53:17.271, 161.35, 98, 10740
2026/06/27 23:53:18.271, 162.53, 100, 10740
2026/06/27 23:53:19.271, 161.63, 100, 10740
2026/06/27 23:53:20.272, 161.90, 100, 10740
2026/06/27 23:53:21.272, 161.83, 100, 10740
2026/06/27 23:53:22.272, 161.30, 98, 10740
2026/06/27 23:53:23.272, 162.22, 100, 10740
2026/06/27 23:53:24.272, 162.22, 100, 10740
2026/06/27 23:53:25.274, 162.28, 100, 10740
2026/06/27 23:53:26.274, 162.37, 100, 10740
2026/06/27 23:53:27.274, 161.41, 100, 10740
2026/06/27 23:53:28.274, 162.57, 100, 10740
2026/06/27 23:53:29.275, 161.82, 100, 10740
2026/06/27 23:53:30.278, 161.61, 99, 10740
2026/06/27 23:53:31.278, 162.50, 100, 10740
2026/06/27 23:53:32.279, 161.61, 100, 10740
2026/06/27 23:53:33.279, 162.17, 100, 10740
2026/06/27 23:53:34.279, 161.92, 100, 10740
2026/06/27 23:53:35.282, 160.70, 98, 10740
2026/06/27 23:53:36.282, 162.68, 100, 10740
2026/06/27 23:53:37.282, 161.46, 100, 10740
2026/06/27 23:53:38.282, 162.19, 100, 10740
2026/06/27 23:53:39.282, 161.83, 100, 10740
2026/06/27 23:53:40.284, 161.09, 98, 10740
2026/06/27 23:53:41.285, 161.98, 100, 10740
2026/06/27 23:53:42.285, 161.24, 100, 10740
2026/06/27 23:53:43.285, 162.06, 100, 10740
2026/06/27 23:53:44.285, 161.92, 100, 10740
2026/06/27 23:53:45.285, 161.15, 98, 10740
2026/06/27 23:53:46.286, 162.09, 100, 10740
2026/06/27 23:53:47.286, 161.64, 100, 10740
2026/06/27 23:53:48.286, 161.86, 100, 10740
2026/06/27 23:53:49.286, 161.85, 100, 10740
2026/06/27 23:53:50.286, 161.07, 98, 10740
2026/06/27 23:53:51.287, 162.12, 100, 10740
2026/06/27 23:53:52.287, 161.49, 100, 10740
2026/06/27 23:53:53.287, 161.50, 100, 10740
2026/06/27 23:53:54.287, 162.02, 100, 10740
2026/06/27 23:53:55.287, 159.84, 94, 10740
2026/06/27 23:53:56.287, 161.31, 100, 10740
2026/06/27 23:53:57.288, 161.97, 100, 10740
2026/06/27 23:53:58.288, 161.57, 100, 10740
2026/06/27 23:53:59.288, 162.12, 100, 10740
2026/06/27 23:54:00.288, 161.19, 100, 10740
2026/06/27 23:54:01.295, 162.31, 100, 10740
2026/06/27 23:54:02.295, 161.75, 100, 10740
2026/06/27 23:54:03.295, 161.25, 98, 10740
2026/06/27 23:54:04.296, 162.01, 100, 10740
2026/06/27 23:54:05.296, 161.07, 100, 10740
2026/06/27 23:54:06.296, 161.98, 100, 10740
2026/06/27 23:54:07.296, 161.82, 100, 10740
2026/06/27 23:54:08.297, 161.02, 98, 10740
2026/06/27 23:54:09.297, 162.74, 100, 10740
2026/06/27 23:54:10.297, 161.50, 100, 10740
2026/06/27 23:54:11.298, 161.99, 100, 10740
2026/06/27 23:54:12.298, 161.71, 100, 10740
2026/06/27 23:54:13.298, 160.81, 98, 10740
2026/06/27 23:54:14.299, 161.86, 100, 10740
2026/06/27 23:54:15.299, 161.65, 100, 10740
2026/06/27 23:54:16.300, 162.45, 100, 10740
2026/06/27 23:54:17.300, 162.20, 100, 10740
2026/06/27 23:54:18.300, 161.02, 98, 10740
2026/06/27 23:54:19.301, 162.05, 100, 10740
2026/06/27 23:54:20.301, 161.70, 100, 10740
2026/06/27 23:54:21.303, 161.99, 100, 10740
2026/06/27 23:54:22.303, 162.21, 100, 10740
2026/06/27 23:54:23.303, 161.23, 98, 10740
2026/06/27 23:54:24.303, 162.25, 100, 10740
2026/06/27 23:54:25.303, 161.50, 100, 10740
2026/06/27 23:54:26.305, 161.43, 100, 10740
2026/06/27 23:54:27.306, 161.77, 100, 10740
2026/06/27 23:54:28.306, 161.39, 100, 10740
2026/06/27 23:54:29.306, 162.27, 100, 10740
2026/06/27 23:54:30.306, 161.77, 100, 10740
2026/06/27 23:54:31.308, 161.57, 100, 10740
2026/06/27 23:54:32.308, 162.06, 100, 10740
2026/06/27 23:54:33.308, 161.24, 100, 10740
2026/06/27 23:54:34.308, 161.90, 100, 10740
2026/06/27 23:54:35.308, 161.79, 100, 10740
2026/06/27 23:54:36.311, 161.12, 97, 10740
2026/06/27 23:54:37.312, 161.85, 100, 10740
2026/06/27 23:54:38.312, 161.18, 100, 10740
2026/06/27 23:54:39.312, 162.07, 100, 10740
2026/06/27 23:54:40.312, 161.73, 100, 10740
2026/06/27 23:54:41.314, 161.26, 98, 10740
2026/06/27 23:54:42.314, 162.23, 100, 10740
2026/06/27 23:54:43.314, 161.05, 100, 10740
2026/06/27 23:54:44.315, 161.54, 100, 10740
2026/06/27 23:54:45.315, 162.01, 100, 10740
2026/06/27 23:54:46.316, 161.35, 98, 10740
2026/06/27 23:54:47.317, 161.62, 100, 10740
2026/06/27 23:54:48.317, 161.35, 100, 10740
2026/06/27 23:54:49.317, 161.91, 100, 10740
2026/06/27 23:54:50.317, 162.03, 100, 10740
2026/06/27 23:54:51.319, 161.29, 98, 10740
2026/06/27 23:54:52.319, 162.42, 100, 10740
2026/06/27 23:54:53.319, 161.82, 100, 10740
2026/06/27 23:54:54.319, 162.16, 100, 10740
2026/06/27 23:54:55.320, 162.35, 100, 10740
2026/06/27 23:54:56.321, 161.45, 98, 10740
2026/06/27 23:54:57.321, 162.46, 100, 10740
2026/06/27 23:54:58.321, 161.83, 100, 10740
2026/06/27 23:54:59.322, 162.08, 100, 10740
2026/06/27 23:55:00.322, 162.44, 100, 10740
2026/06/27 23:55:01.324, 161.66, 100, 10740
2026/06/27 23:55:02.325, 162.59, 100, 10740
2026/06/27 23:55:03.325, 161.83, 100, 10740
2026/06/27 23:55:04.325, 161.89, 100, 10740
2026/06/27 23:55:05.325, 162.54, 100, 10740
2026/06/27 23:55:06.325, 161.57, 100, 10740
2026/06/27 23:55:07.328, 162.53, 100, 10740
2026/06/27 23:55:08.328, 162.18, 100, 10740
2026/06/27 23:55:09.328, 160.76, 98, 10740
2026/06/27 23:55:10.328, 162.53, 100, 10740
2026/06/27 23:55:11.328, 161.38, 100, 10740
2026/06/27 23:55:12.328, 162.33, 100, 10740
2026/06/27 23:55:13.329, 161.95, 100, 10740
2026/06/27 23:55:14.329, 160.94, 98, 10740
2026/06/27 23:55:15.329, 161.91, 100, 10740
2026/06/27 23:55:16.329, 161.68, 100, 10740
2026/06/27 23:55:17.331, 161.99, 100, 10740
2026/06/27 23:55:18.331, 161.97, 100, 10740
2026/06/27 23:55:19.331, 161.40, 98, 10740
2026/06/27 23:55:20.331, 162.07, 100, 10740
2026/06/27 23:55:21.331, 161.66, 100, 10740
2026/06/27 23:55:22.334, 162.05, 100, 10740
2026/06/27 23:55:23.334, 162.02, 100, 10740
2026/06/27 23:55:24.334, 161.38, 98, 10740
2026/06/27 23:55:25.335, 162.07, 100, 10740
2026/06/27 23:55:26.335, 161.54, 100, 10740
2026/06/27 23:55:27.338, 162.17, 100, 10740
2026/06/27 23:55:28.338, 162.21, 100, 10740
2026/06/27 23:55:29.338, 161.73, 98, 10740
2026/06/27 23:55:30.338, 162.31, 100, 10740
2026/06/27 23:55:31.339, 162.11, 100, 10740
2026/06/27 23:55:32.341, 162.09, 100, 10740
2026/06/27 23:55:33.341, 162.49, 100, 10740
2026/06/27 23:55:34.341, 161.38, 100, 10740
2026/06/27 23:55:35.342, 162.05, 100, 10740
2026/06/27 23:55:36.342, 161.72, 100, 10740
2026/06/27 23:55:37.343, 161.62, 98, 10740
2026/06/27 23:55:38.343, 162.21, 100, 10740
2026/06/27 23:55:39.344, 161.27, 100, 10740
2026/06/27 23:55:40.344, 162.51, 100, 10740
2026/06/27 23:55:41.344, 161.98, 100, 10740
2026/06/27 23:55:42.347, 160.93, 98, 10740
2026/06/27 23:55:43.348, 162.07, 100, 10740
2026/06/27 23:55:44.348, 161.40, 100, 10740
2026/06/27 23:55:45.348, 162.48, 100, 10740
2026/06/27 23:55:46.348, 161.71, 100, 10740
2026/06/27 23:55:47.351, 161.35, 98, 10740
2026/06/27 23:55:48.351, 162.20, 100, 10740
2026/06/27 23:55:49.351, 161.32, 100, 10740
2026/06/27 23:55:50.351, 162.09, 100, 10740
2026/06/27 23:55:51.352, 161.60, 100, 10740
2026/06/27 23:55:52.353, 161.21, 98, 10740
2026/06/27 23:55:53.353, 162.24, 100, 10740
2026/06/27 23:55:54.354, 161.45, 100, 10740
2026/06/27 23:55:55.354, 161.93, 100, 10740
2026/06/27 23:55:56.354, 161.97, 100, 10740
2026/06/27 23:55:57.355, 161.13, 98, 10740
2026/06/27 23:55:58.355, 162.11, 100, 10740
2026/06/27 23:55:59.355, 161.45, 100, 10740
2026/06/27 23:56:00.355, 162.21, 100, 10740
2026/06/27 23:56:01.356, 162.00, 100, 10740
2026/06/27 23:56:02.359, 161.27, 99, 10740
2026/06/27 23:56:03.359, 162.13, 100, 10740
2026/06/27 23:56:04.360, 161.68, 100, 10740
2026/06/27 23:56:05.360, 161.46, 100, 10740
2026/06/27 23:56:06.360, 162.21, 100, 10740
2026/06/27 23:56:07.364, 160.37, 100, 10740
2026/06/27 23:56:08.364, 164.04, 100, 10740
2026/06/27 23:56:09.364, 164.05, 100, 10740
2026/06/27 23:56:10.364, 164.17, 100, 10740
2026/06/27 23:56:11.364, 164.15, 100, 10740
2026/06/27 23:56:12.367, 164.21, 100, 10740
2026/06/27 23:56:13.367, 164.16, 100, 10740
2026/06/27 23:56:14.367, 163.83, 100, 10740
2026/06/27 23:56:15.367, 164.00, 100, 10740
2026/06/27 23:56:16.368, 164.07, 100, 10740
2026/06/27 23:56:17.369, 163.91, 99, 10740
2026/06/27 23:56:18.369, 164.14, 100, 10740
2026/06/27 23:56:19.369, 163.88, 99, 10740
2026/06/27 23:56:20.370, 163.62, 100, 10740
2026/06/27 23:56:21.370, 164.05, 100, 10740
2026/06/27 23:56:22.372, 164.05, 100, 10740
2026/06/27 23:56:23.372, 164.02, 99, 10740
2026/06/27 23:56:24.372, 163.98, 100, 10740
2026/06/27 23:56:25.372, 164.19, 99, 10740
2026/06/27 23:56:26.373, 164.09, 100, 10740
2026/06/27 23:56:27.376, 163.88, 99, 10740
2026/06/27 23:56:28.376, 164.11, 100, 10740
2026/06/27 23:56:29.376, 163.93, 99, 10740
2026/06/27 23:56:30.376, 164.08, 100, 10740
2026/06/27 23:56:31.377, 164.16, 99, 10740
2026/06/27 23:56:32.381, 164.39, 100, 10740
2026/06/27 23:56:33.381, 164.03, 99, 10740
2026/06/27 23:56:34.381, 164.02, 100, 10740
2026/06/27 23:56:35.382, 164.19, 99, 10740
2026/06/27 23:56:36.382, 164.26, 100, 10740
2026/06/27 23:56:37.385, 164.29, 100, 10740
2026/06/27 23:56:38.385, 164.42, 100, 10740
2026/06/27 23:56:39.385, 163.91, 99, 10740
2026/06/27 23:56:40.385, 164.11, 100, 10740
2026/06/27 23:56:41.386, 164.03, 99, 10740
2026/06/27 23:56:42.388, 164.07, 100, 10740
2026/06/27 23:56:43.388, 164.19, 100, 10740
2026/06/27 23:56:44.388, 164.12, 100, 10740
2026/06/27 23:56:45.388, 164.07, 100, 10740
2026/06/27 23:56:46.388, 163.87, 100, 10740
2026/06/27 23:56:47.392, 163.97, 100, 10740
2026/06/27 23:56:48.392, 164.23, 100, 10740
2026/06/27 23:56:49.392, 164.14, 100, 10740
2026/06/27 23:56:50.392, 163.94, 100, 10740
2026/06/27 23:56:51.393, 164.13, 100, 10740
2026/06/27 23:56:52.394, 163.89, 100, 10740
2026/06/27 23:56:53.395, 164.07, 100, 10740
2026/06/27 23:56:54.395, 164.15, 100, 10740
2026/06/27 23:56:55.395, 164.29, 100, 10740
2026/06/27 23:56:56.395, 164.07, 100, 10740
2026/06/27 23:56:57.395, 164.17, 100, 10740
2026/06/27 23:56:58.395, 164.04, 100, 10740
2026/06/27 23:56:59.396, 155.58, 98, 10740
2026/06/27 23:57:00.396, 162.24, 100, 10740
2026/06/27 23:57:01.396, 162.04, 100, 10740
2026/06/27 23:57:02.398, 162.17, 100, 10740
2026/06/27 23:57:03.398, 162.19, 100, 10740
2026/06/27 23:57:04.398, 161.51, 100, 10740
2026/06/27 23:57:05.398, 162.23, 100, 10740
2026/06/27 23:57:06.398, 161.80, 100, 10740
2026/06/27 23:57:07.401, 161.67, 100, 10740
2026/06/27 23:57:08.401, 162.03, 100, 10740
2026/06/27 23:57:09.401, 161.43, 100, 10740
2026/06/27 23:57:10.401, 162.58, 100, 10740
2026/06/27 23:57:11.401, 161.78, 100, 10740
2026/06/27 23:57:12.406, 161.12, 98, 10740
2026/06/27 23:57:13.406, 162.27, 100, 10740
2026/06/27 23:57:14.406, 161.48, 100, 10740
2026/06/27 23:57:15.406, 162.07, 100, 10740
2026/06/27 23:57:16.406, 161.87, 100, 10740
2026/06/27 23:57:17.408, 160.99, 98, 10740
2026/06/27 23:57:18.409, 162.18, 100, 10740
2026/06/27 23:57:19.409, 161.52, 100, 10740
2026/06/27 23:57:20.409, 162.04, 100, 10740
2026/06/27 23:57:21.409, 161.93, 100, 10740
2026/06/27 23:57:22.410, 161.27, 98, 10740
2026/06/27 23:57:23.410, 162.12, 100, 10740
2026/06/27 23:57:24.411, 161.56, 100, 10740
2026/06/27 23:57:25.411, 162.25, 100, 10740
2026/06/27 23:57:26.411, 162.05, 100, 10740
2026/06/27 23:57:27.411, 161.44, 98, 10740
2026/06/27 23:57:28.412, 162.28, 100, 10740
2026/06/27 23:57:29.412, 161.51, 100, 10740
2026/06/27 23:57:30.412, 161.88, 100, 10740
2026/06/27 23:57:31.412, 162.09, 100, 10740
2026/06/27 23:57:32.415, 161.28, 98, 10740
2026/06/27 23:57:33.415, 162.26, 100, 10740
2026/06/27 23:57:34.415, 161.50, 100, 10740
2026/06/27 23:57:35.415, 161.56, 100, 10740
2026/06/27 23:57:36.415, 161.86, 100, 10740
2026/06/27 23:57:37.419, 161.16, 100, 10740
2026/06/27 23:57:38.419, 162.12, 100, 10740
2026/06/27 23:57:39.419, 161.65, 100, 10740
2026/06/27 23:57:40.419, 161.47, 100, 10740
2026/06/27 23:57:41.419, 162.37, 100, 10740
2026/06/27 23:57:42.420, 161.15, 100, 10740
2026/06/27 23:57:43.421, 162.49, 100, 10740
2026/06/27 23:57:44.421, 161.61, 100, 10740
2026/06/27 23:57:45.421, 161.34, 98, 10740
2026/06/27 23:57:46.421, 162.51, 100, 10740
2026/06/27 23:57:47.422, 161.46, 100, 10740
2026/06/27 23:57:48.423, 162.35, 100, 10740
2026/06/27 23:57:49.423, 161.91, 100, 10740
2026/06/27 23:57:50.423, 160.96, 98, 10740
2026/06/27 23:57:51.423, 162.05, 100, 10740
2026/06/27 23:57:52.425, 161.65, 100, 10740
2026/06/27 23:57:53.425, 162.28, 100, 10740
2026/06/27 23:57:54.425, 161.78, 100, 10740
2026/06/27 23:57:55.425, 161.25, 98, 10740
2026/06/27 23:57:56.425, 161.86, 100, 10740
2026/06/27 23:57:57.427, 161.76, 100, 10740
2026/06/27 23:57:58.428, 162.06, 100, 10740
2026/06/27 23:57:59.428, 162.11, 100, 10740
2026/06/27 23:58:00.428, 161.29, 98, 10740
2026/06/27 23:58:01.428, 161.83, 100, 10740
2026/06/27 23:58:02.432, 161.66, 100, 10740
2026/06/27 23:58:03.432, 161.89, 100, 10740
2026/06/27 23:58:04.432, 162.23, 100, 10740
2026/06/27 23:58:05.432, 160.99, 98, 10740
2026/06/27 23:58:06.432, 161.93, 100, 10740
2026/06/27 23:58:07.434, 161.89, 100, 10740
2026/06/27 23:58:08.434, 162.22, 100, 10740
2026/06/27 23:58:09.434, 162.00, 100, 10740
2026/06/27 23:58:10.434, 161.10, 100, 10740
2026/06/27 23:58:11.434, 162.24, 100, 10740
2026/06/27 23:58:12.436, 161.73, 100, 10740
2026/06/27 23:58:13.436, 161.72, 100, 10740
2026/06/27 23:58:14.436, 162.31, 100, 10740
2026/06/27 23:58:15.437, 161.48, 100, 10740
2026/06/27 23:58:16.437, 162.50, 100, 10740
2026/06/27 23:58:17.442, 162.01, 100, 10740
2026/06/27 23:58:18.442, 161.31, 99, 10740
2026/06/27 23:58:19.442, 163.09, 100, 10740
2026/06/27 23:58:20.442, 161.63, 100, 10740
2026/06/27 23:58:21.443, 162.26, 100, 10740
2026/06/27 23:58:22.443, 162.10, 100, 10740
2026/06/27 23:58:23.443, 161.44, 98, 10740
2026/06/27 23:58:24.443, 162.31, 100, 10740
2026/06/27 23:58:25.443, 161.62, 100, 10740
2026/06/27 23:58:26.443, 162.13, 100, 10740
2026/06/27 23:58:27.446, 162.07, 100, 10740
2026/06/27 23:58:28.446, 161.55, 98, 10740
2026/06/27 23:58:29.446, 162.16, 100, 10740
2026/06/27 23:58:30.446, 161.60, 100, 10740
2026/06/27 23:58:31.446, 161.75, 100, 10740
2026/06/27 23:58:32.448, 161.85, 100, 10740
2026/06/27 23:58:33.448, 161.40, 98, 10740
2026/06/27 23:58:34.448, 162.09, 100, 10740
2026/06/27 23:58:35.449, 161.46, 100, 10740
2026/06/27 23:58:36.449, 162.17, 100, 10740
2026/06/27 23:58:37.452, 162.18, 100, 10740
2026/06/27 23:58:38.453, 161.42, 99, 10740
2026/06/27 23:58:39.453, 162.15, 100, 10740
2026/06/27 23:58:40.453, 161.93, 100, 10740
2026/06/27 23:58:41.453, 161.93, 100, 10740
2026/06/27 23:58:42.454, 162.35, 100, 10740
2026/06/27 23:58:43.455, 161.53, 100, 10740
2026/06/27 23:58:44.455, 162.41, 100, 10740
2026/06/27 23:58:45.455, 161.95, 100, 10740
2026/06/27 23:58:46.455, 161.60, 98, 10740
2026/06/27 23:58:47.455, 162.82, 100, 10740
2026/06/27 23:58:48.456, 161.62, 100, 10740
2026/06/27 23:58:49.456, 162.45, 100, 10740
2026/06/27 23:58:50.456, 160.87, 100, 10740
2026/06/27 23:58:51.456, 160.75, 98, 10740
2026/06/27 23:58:52.456, 161.79, 100, 10740
2026/06/27 23:58:53.457, 161.23, 100, 10740
2026/06/27 23:58:54.457, 161.86, 100, 10740
2026/06/27 23:58:55.457, 161.75, 100, 10740
2026/06/27 23:58:56.457, 160.72, 99, 10740
2026/06/27 23:58:57.457, 161.98, 100, 10740
2026/06/27 23:58:58.457, 161.44, 100, 10740
2026/06/27 23:58:59.458, 162.05, 100, 10740
2026/06/27 23:59:00.458, 161.88, 100, 10740
2026/06/27 23:59:01.463, 161.37, 98, 10740
2026/06/27 23:59:02.463, 162.39, 100, 10740
2026/06/27 23:59:03.464, 161.24, 100, 10740
2026/06/27 23:59:04.464, 162.09, 100, 10740
2026/06/27 23:59:05.464, 162.12, 100, 10740
2026/06/27 23:59:06.464, 160.93, 98, 10740
2026/06/27 23:59:07.464, 161.61, 100, 10740
2026/06/27 23:59:08.464, 161.43, 100, 10740
2026/06/27 23:59:09.465, 161.79, 100, 10740
2026/06/27 23:59:10.465, 162.01, 100, 10740
2026/06/27 23:59:11.465, 161.29, 99, 10740
2026/06/27 23:59:12.471, 162.44, 100, 10740
2026/06/27 23:59:13.472, 161.62, 100, 10740
2026/06/27 23:59:14.472, 161.79, 100, 10740
2026/06/27 23:59:15.472, 161.90, 100, 10740
2026/06/27 23:59:16.472, 160.79, 100, 10740
2026/06/27 23:59:17.475, 161.78, 100, 10740
2026/06/27 23:59:18.475, 161.39, 100, 10740
2026/06/27 23:59:19.475, 161.54, 100, 10740
2026/06/27 23:59:20.475, 162.11, 100, 10740
2026/06/27 23:59:21.476, 161.15, 100, 10740
2026/06/27 23:59:22.476, 161.83, 100, 10740
2026/06/27 23:59:23.476, 161.74, 100, 10740
2026/06/27 23:59:24.476, 161.22, 98, 10740
2026/06/27 23:59:25.476, 162.59, 100, 10740
2026/06/27 23:59:26.477, 161.40, 100, 10740
2026/06/27 23:59:27.482, 161.75, 100, 10740
2026/06/27 23:59:28.482, 161.86, 100, 10740
2026/06/27 23:59:29.482, 160.75, 98, 10740
2026/06/27 23:59:30.482, 162.39, 100, 10740
2026/06/27 23:59:31.482, 161.06, 100, 10740
2026/06/27 23:59:32.486, 161.67, 100, 10740
2026/06/27 23:59:33.486, 161.67, 100, 10740
2026/06/27 23:59:34.486, 161.17, 98, 10740
2026/06/27 23:59:35.486, 161.93, 100, 10740
2026/06/27 23:59:36.486, 161.08, 100, 10740
2026/06/27 23:59:37.488, 161.82, 100, 10740
2026/06/27 23:59:38.489, 161.57, 100, 10740
2026/06/27 23:59:39.489, 160.96, 98, 10740
2026/06/27 23:59:40.489, 161.67, 100, 10740
2026/06/27 23:59:41.489, 161.42, 100, 10740
2026/06/27 23:59:42.491, 161.35, 100, 10740
2026/06/27 23:59:43.491, 162.12, 100, 10740
2026/06/27 23:59:44.491, 161.13, 98, 10740
2026/06/27 23:59:45.491, 161.95, 100, 10740
2026/06/27 23:59:46.492, 162.07, 100, 10740
2026/06/27 23:59:47.493, 161.24, 100, 10740
2026/06/27 23:59:48.493, 162.17, 100, 10740
2026/06/27 23:59:49.494, 161.50, 100, 10740
2026/06/27 23:59:50.494, 161.92, 100, 10740
2026/06/27 23:59:51.494, 161.76, 100, 10740
2026/06/27 23:59:52.496, 160.93, 100, 10740
2026/06/27 23:59:53.497, 161.90, 100, 10740
2026/06/27 23:59:54.497, 161.73, 100, 10740
2026/06/27 23:59:55.497, 161.51, 100, 10740
2026/06/27 23:59:56.497, 161.75, 100, 10740
2026/06/27 23:59:57.500, 161.20, 98, 10740
2026/06/27 23:59:58.500, 162.04, 100, 10740
2026/06/27 23:59:59.500, 161.46, 100, 10740
2026/06/28 00:00:00.500, 161.95, 100, 10740
2026/06/28 00:00:01.500, 162.03, 100, 10740
2026/06/28 00:00:02.502, 161.38, 100, 10740
2026/06/28 00:00:03.503, 162.40, 100, 10740
2026/06/28 00:00:04.503, 161.82, 100, 10740
2026/06/28 00:00:05.503, 161.08, 98, 10740
2026/06/28 00:00:06.503, 161.94, 100, 10740
2026/06/28 00:00:07.510, 161.29, 100, 10740
2026/06/28 00:00:08.510, 161.91, 100, 10740
2026/06/28 00:00:09.510, 161.84, 100, 10740
2026/06/28 00:00:10.511, 160.88, 98, 10740
2026/06/28 00:00:11.511, 162.45, 100, 10740
2026/06/28 00:00:12.511, 161.41, 100, 10740
2026/06/28 00:00:13.511, 161.91, 100, 10740
2026/06/28 00:00:14.511, 161.99, 100, 10740
2026/06/28 00:00:15.512, 159.80, 89, 10740
2026/06/28 00:00:16.512, 160.47, 100, 10740
2026/06/28 00:00:17.512, 161.22, 100, 10740
2026/06/28 00:00:18.512, 162.06, 100, 10740
2026/06/28 00:00:19.512, 161.68, 100, 10740
2026/06/28 00:00:20.513, 161.10, 99, 10740
2026/06/28 00:00:21.513, 162.50, 100, 10740
2026/06/28 00:00:22.513, 161.66, 100, 10740
2026/06/28 00:00:23.513, 161.77, 100, 10740
2026/06/28 00:00:24.513, 161.72, 100, 10740
2026/06/28 00:00:25.513, 160.90, 98, 10740
2026/06/28 00:00:26.514, 161.92, 100, 10740
2026/06/28 00:00:27.514, 161.46, 100, 10740
2026/06/28 00:00:28.514, 161.59, 100, 10740
2026/06/28 00:00:29.514, 162.08, 100, 10740
2026/06/28 00:00:30.514, 161.21, 100, 10740
2026/06/28 00:00:31.515, 162.33, 100, 10740
2026/06/28 00:00:32.515, 162.12, 100, 10740
2026/06/28 00:00:33.515, 161.98, 100, 10740
2026/06/28 00:00:34.515, 162.54, 100, 10740
2026/06/28 00:00:35.515, 161.56, 100, 10740
2026/06/28 00:00:36.515, 162.40, 100, 10740
2026/06/28 00:00:37.516, 162.04, 100, 10740
2026/06/28 00:00:38.516, 160.99, 98, 10740
2026/06/28 00:00:39.516, 162.10, 100, 10740
2026/06/28 00:00:40.516, 161.42, 100, 10740
2026/06/28 00:00:41.517, 162.21, 100, 10740
2026/06/28 00:00:42.517, 161.80, 100, 10740
2026/06/28 00:00:43.517, 161.07, 99, 10740
2026/06/28 00:00:44.517, 162.15, 100, 10740
2026/06/28 00:00:45.517, 161.42, 100, 10740
2026/06/28 00:00:46.518, 162.27, 100, 10740
2026/06/28 00:00:47.518, 160.57, 100, 10740
2026/06/28 00:00:48.518, 160.75, 98, 10740
2026/06/28 00:00:49.518, 161.90, 100, 10740
2026/06/28 00:00:50.518, 161.45, 100, 10740
2026/06/28 00:00:51.519, 162.21, 100, 10740
2026/06/28 00:00:52.519, 162.07, 100, 10740
2026/06/28 00:00:53.519, 160.91, 98, 10740
2026/06/28 00:00:54.519, 161.98, 100, 10740
2026/06/28 00:00:55.519, 161.32, 100, 10740
2026/06/28 00:00:56.520, 161.85, 100, 10740
2026/06/28 00:00:57.520, 161.95, 100, 10740
2026/06/28 00:00:58.520, 161.17, 98, 10740
2026/06/28 00:00:59.520, 162.12, 100, 10740
2026/06/28 00:01:00.520, 161.84, 100, 10740
2026/06/28 00:01:01.520, 161.90, 100, 10740
2026/06/28 00:01:02.529, 161.96, 100, 10740
2026/06/28 00:01:03.529, 161.10, 100, 10740
2026/06/28 00:01:04.529, 162.06, 100, 10740
2026/06/28 00:01:05.530, 161.62, 100, 10740
2026/06/28 00:01:06.530, 161.63, 100, 10740
2026/06/28 00:01:07.538, 162.02, 100, 10740
2026/06/28 00:01:08.538, 161.17, 100, 10740
2026/06/28 00:01:09.539, 161.99, 100, 10740
2026/06/28 00:01:10.539, 161.75, 100, 10740
2026/06/28 00:01:11.539, 161.22, 98, 10740
2026/06/28 00:01:12.547, 162.35, 100, 10740
2026/06/28 00:01:13.548, 161.14, 100, 10740
2026/06/28 00:01:14.548, 161.99, 100, 10740
2026/06/28 00:01:15.548, 161.88, 100, 10740
2026/06/28 00:01:16.548, 161.02, 98, 10740
2026/06/28 00:01:17.555, 161.89, 100, 10740
2026/06/28 00:01:18.555, 161.26, 100, 10740
2026/06/28 00:01:19.555, 162.26, 100, 10740
2026/06/28 00:01:20.555, 161.59, 100, 10740
2026/06/28 00:01:21.556, 160.98, 98, 10740
2026/06/28 00:01:22.558, 162.37, 100, 10740
2026/06/28 00:01:23.558, 161.23, 100, 10740
2026/06/28 00:01:24.558, 161.74, 100, 10740
2026/06/28 00:01:25.559, 161.67, 100, 10740
2026/06/28 00:01:26.559, 161.08, 98, 10740
2026/06/28 00:01:27.561, 162.05, 100, 10740
2026/06/28 00:01:28.561, 161.33, 100, 10740
2026/06/28 00:01:29.561, 161.81, 100, 10740
2026/06/28 00:01:30.562, 162.03, 100, 10740
2026/06/28 00:01:31.562, 160.95, 98, 10740
2026/06/28 00:01:32.564, 161.89, 100, 10740
2026/06/28 00:01:33.565, 161.42, 100, 10740
2026/06/28 00:01:34.565, 161.62, 100, 10740
2026/06/28 00:01:35.565, 161.93, 100, 10740
2026/06/28 00:01:36.565, 161.13, 100, 10740
2026/06/28 00:01:37.567, 161.71, 100, 10740
2026/06/28 00:01:38.567, 161.66, 100, 10740
2026/06/28 00:01:39.568, 161.54, 100, 10740
2026/06/28 00:01:40.568, 161.73, 100, 10740
2026/06/28 00:01:41.568, 160.95, 100, 10740
2026/06/28 00:01:42.572, 162.21, 100, 10740
2026/06/28 00:01:43.572, 161.96, 100, 10740
2026/06/28 00:01:44.573, 161.36, 98, 10740
2026/06/28 00:01:45.573, 162.07, 100, 10740
2026/06/28 00:01:46.573, 161.14, 100, 10740
2026/06/28 00:01:47.576, 162.04, 100, 10740
2026/06/28 00:01:48.577, 161.73, 100, 10740
2026/06/28 00:01:49.577, 160.85, 98, 10740
2026/06/28 00:01:50.577, 161.84, 100, 10740
2026/06/28 00:01:51.577, 161.19, 100, 10740
2026/06/28 00:01:52.580, 161.70, 100, 10740
2026/06/28 00:01:53.580, 161.88, 100, 10740
2026/06/28 00:01:54.580, 161.02, 98, 10740
2026/06/28 00:01:55.580, 161.62, 100, 10740
2026/06/28 00:01:56.581, 161.31, 100, 10740
2026/06/28 00:01:57.582, 161.65, 100, 10740
2026/06/28 00:01:58.583, 161.87, 100, 10740
2026/06/28 00:01:59.583, 160.93, 98, 10740
2026/06/28 00:02:00.583, 161.57, 100, 10740
2026/06/28 00:02:01.583, 161.25, 100, 10740
2026/06/28 00:02:02.586, 161.65, 100, 10740
2026/06/28 00:02:03.586, 162.01, 100, 10740
2026/06/28 00:02:04.586, 161.38, 98, 10740
2026/06/28 00:02:05.586, 162.19, 100, 10740
2026/06/28 00:02:06.586, 161.48, 100, 10740
2026/06/28 00:02:07.589, 161.83, 100, 10740
2026/06/28 00:02:08.589, 161.99, 100, 10740
2026/06/28 00:02:09.589, 161.15, 100, 10740
2026/06/28 00:02:10.589, 161.45, 99, 10740
2026/06/28 00:02:11.590, 164.02, 100, 10740
2026/06/28 00:02:12.591, 164.14, 99, 10740
2026/06/28 00:02:13.591, 164.02, 100, 10740
2026/06/28 00:02:14.591, 164.00, 99, 10740
2026/06/28 00:02:15.592, 163.87, 100, 10740
2026/06/28 00:02:16.592, 163.92, 98, 10740
2026/06/28 00:02:17.594, 163.88, 100, 10740
2026/06/28 00:02:18.594, 163.80, 99, 10740
2026/06/28 00:02:19.594, 164.03, 100, 10740
2026/06/28 00:02:20.594, 164.01, 99, 10740
2026/06/28 00:02:21.594, 164.02, 100, 10740
2026/06/28 00:02:22.598, 163.86, 99, 10740
2026/06/28 00:02:23.599, 163.82, 100, 10740
2026/06/28 00:02:24.599, 164.09, 99, 10740
2026/06/28 00:02:25.599, 164.18, 100, 10740
2026/06/28 00:02:26.599, 164.04, 99, 10740
2026/06/28 00:02:27.602, 164.07, 100, 10740
2026/06/28 00:02:28.602, 164.16, 99, 10740
2026/06/28 00:02:29.603, 164.08, 100, 10740
2026/06/28 00:02:30.603, 164.21, 99, 10740
2026/06/28 00:02:31.603, 164.26, 100, 10740
2026/06/28 00:02:32.606, 164.18, 100, 10740
2026/06/28 00:02:33.606, 164.24, 100, 10740
2026/06/28 00:02:34.606, 164.10, 99, 10740
2026/06/28 00:02:35.606, 164.17, 100, 10740
2026/06/28 00:02:36.606, 164.18, 100, 10740
2026/06/28 00:02:37.607, 164.17, 100, 10740
2026/06/28 00:02:38.608, 164.12, 100, 10740
2026/06/28 00:02:39.608, 164.27, 100, 10740
2026/06/28 00:02:40.608, 164.42, 100, 10740
2026/06/28 00:02:41.608, 164.19, 100, 10740
2026/06/28 00:02:42.610, 164.14, 100, 10740
2026/06/28 00:02:43.610, 164.58, 100, 10740
2026/06/28 00:02:44.610, 164.62, 100, 10740
2026/06/28 00:02:45.610, 164.53, 100, 10740
2026/06/28 00:02:46.610, 164.51, 100, 10740
2026/06/28 00:02:47.613, 164.32, 100, 10740
2026/06/28 00:02:48.614, 164.44, 100, 10740
2026/06/28 00:02:49.614, 164.16, 100, 10740
2026/06/28 00:02:50.614, 164.45, 100, 10740
2026/06/28 00:02:51.614, 164.46, 100, 10740
2026/06/28 00:02:52.616, 164.58, 100, 10740
2026/06/28 00:02:53.617, 164.37, 100, 10740
2026/06/28 00:02:54.617, 164.48, 100, 10740
2026/06/28 00:02:55.617, 164.29, 100, 10740
2026/06/28 00:02:56.617, 164.13, 100, 10740
2026/06/28 00:02:57.619, 164.11, 100, 10740
2026/06/28 00:02:58.619, 164.29, 100, 10740
2026/06/28 00:02:59.619, 164.18, 100, 10740
2026/06/28 00:03:00.619, 164.30, 100, 10740
2026/06/28 00:03:01.619, 155.71, 77, 10740
2026/06/28 00:03:02.623, 159.06, 100, 10740
2026/06/28 00:03:03.623, 161.40, 100, 10740
2026/06/28 00:03:04.623, 162.24, 100, 10740
2026/06/28 00:03:05.624, 162.14, 100, 10740
2026/06/28 00:03:06.624, 161.34, 99, 10740
2026/06/28 00:03:07.627, 162.22, 100, 10740
2026/06/28 00:03:08.627, 161.96, 100, 10740
2026/06/28 00:03:09.627, 161.72, 100, 10740
2026/06/28 00:03:10.627, 162.18, 100, 10740
2026/06/28 00:03:11.627, 161.36, 100, 10740
2026/06/28 00:03:12.630, 162.40, 100, 10740
2026/06/28 00:03:13.630, 161.91, 100, 10740
2026/06/28 00:03:14.630, 161.13, 98, 10740
2026/06/28 00:03:15.630, 162.20, 100, 10740
2026/06/28 00:03:16.630, 161.22, 100, 10740
2026/06/28 00:03:17.633, 162.27, 100, 10740
2026/06/28 00:03:18.633, 162.10, 100, 10740
2026/06/28 00:03:19.634, 161.50, 98, 10740
2026/06/28 00:03:20.634, 162.25, 100, 10740
2026/06/28 00:03:21.634, 161.49, 100, 10740
2026/06/28 00:03:22.638, 161.97, 100, 10740
2026/06/28 00:03:23.638, 161.70, 100, 10740
2026/06/28 00:03:24.638, 161.15, 98, 10740
2026/06/28 00:03:25.638, 162.00, 100, 10740
2026/06/28 00:03:26.639, 161.64, 100, 10740
2026/06/28 00:03:27.641, 162.22, 100, 10740
2026/06/28 00:03:28.641, 162.27, 100, 10740
2026/06/28 00:03:29.641, 161.89, 98, 10740
2026/06/28 00:03:30.642, 162.62, 100, 10740
2026/06/28 00:03:31.642, 161.90, 100, 10740
2026/06/28 00:03:32.645, 161.79, 100, 10740
2026/06/28 00:03:33.646, 162.20, 100, 10740
2026/06/28 00:03:34.646, 161.63, 98, 10740
2026/06/28 00:03:35.646, 162.25, 100, 10740
2026/06/28 00:03:36.646, 161.87, 100, 10740
2026/06/28 00:03:37.649, 162.00, 100, 10740
2026/06/28 00:03:38.649, 162.21, 100, 10740
2026/06/28 00:03:39.649, 161.45, 100, 10740
2026/06/28 00:03:40.649, 162.82, 100, 10740
2026/06/28 00:03:41.650, 161.89, 100, 10740
2026/06/28 00:03:42.653, 161.86, 100, 10740
2026/06/28 00:03:43.653, 162.36, 100, 10740
2026/06/28 00:03:44.653, 161.57, 100, 10740
2026/06/28 00:03:45.653, 162.40, 100, 10740
2026/06/28 00:03:46.653, 162.15, 100, 10740
2026/06/28 00:03:47.654, 161.35, 98, 10740
2026/06/28 00:03:48.654, 162.58, 100, 10740
2026/06/28 00:03:49.654, 161.78, 100, 10740
2026/06/28 00:03:50.654, 162.46, 100, 10740
2026/06/28 00:03:51.654, 161.09, 100, 10740
2026/06/28 00:03:52.655, 161.30, 98, 10740
2026/06/28 00:03:53.655, 163.12, 100, 10740
2026/06/28 00:03:54.655, 162.07, 100, 10740
2026/06/28 00:03:55.655, 163.01, 100, 10740
2026/06/28 00:03:56.660, 162.55, 100, 10740
2026/06/28 00:03:57.660, 161.59, 98, 10740
2026/06/28 00:03:58.661, 162.54, 100, 10740
2026/06/28 00:03:59.661, 162.10, 100, 10740
2026/06/28 00:04:00.661, 162.29, 100, 10740
2026/06/28 00:04:01.664, 162.23, 100, 10740
2026/06/28 00:04:02.664, 161.87, 98, 10740
2026/06/28 00:04:03.664, 162.88, 100, 10740
2026/06/28 00:04:04.664, 162.13, 100, 10740
2026/06/28 00:04:05.665, 162.04, 100, 10740
2026/06/28 00:04:06.666, 162.47, 100, 10740
2026/06/28 00:04:07.666, 161.86, 100, 10740
2026/06/28 00:04:08.667, 162.56, 100, 10740
2026/06/28 00:04:09.667, 162.04, 100, 10740
2026/06/28 00:04:10.667, 161.68, 100, 10740
2026/06/28 00:04:11.670, 162.44, 100, 10740
2026/06/28 00:04:12.671, 161.35, 100, 10740
2026/06/28 00:04:13.671, 162.68, 100, 10740
2026/06/28 00:04:14.671, 162.13, 100, 10740
2026/06/28 00:04:15.671, 161.47, 98, 10740
2026/06/28 00:04:16.673, 163.11, 100, 10740
2026/06/28 00:04:17.673, 161.69, 100, 10740
2026/06/28 00:04:18.673, 162.31, 100, 10740
2026/06/28 00:04:19.673, 162.30, 100, 10740
2026/06/28 00:04:20.673, 161.23, 98, 10740
2026/06/28 00:04:21.676, 162.35, 100, 10740
2026/06/28 00:04:22.676, 161.85, 100, 10740
2026/06/28 00:04:23.676, 162.26, 100, 10740
2026/06/28 00:04:24.676, 162.44, 100, 10740
2026/06/28 00:04:25.676, 161.45, 98, 10740
2026/06/28 00:04:26.677, 162.93, 100, 10740
2026/06/28 00:04:27.677, 162.06, 100, 10740
2026/06/28 00:04:28.677, 162.34, 100, 10740
2026/06/28 00:04:29.677, 162.21, 100, 10740
2026/06/28 00:04:30.677, 161.69, 98, 10740
2026/06/28 00:04:31.680, 162.33, 100, 10740
2026/06/28 00:04:32.680, 161.95, 100, 10740
2026/06/28 00:04:33.681, 161.95, 100, 10740
2026/06/28 00:04:34.681, 162.27, 100, 10740
2026/06/28 00:04:35.681, 161.49, 99, 10740
2026/06/28 00:04:36.685, 162.21, 100, 10740
2026/06/28 00:04:37.685, 162.07, 100, 10740
2026/06/28 00:04:38.685, 162.44, 100, 10740
2026/06/28 00:04:39.685, 162.46, 100, 10740
2026/06/28 00:04:40.686, 161.45, 100, 10740
2026/06/28 00:04:41.689, 162.58, 100, 10740
2026/06/28 00:04:42.689, 161.96, 100, 10740
2026/06/28 00:04:43.689, 161.29, 98, 10740
2026/06/28 00:04:44.689, 162.23, 100, 10740
2026/06/28 00:04:45.690, 161.41, 100, 10740
2026/06/28 00:04:46.693, 162.25, 100, 10740
2026/06/28 00:04:47.693, 162.21, 100, 10740
2026/06/28 00:04:48.693, 161.25, 98, 10740
2026/06/28 00:04:49.693, 162.31, 100, 10740
2026/06/28 00:04:50.694, 161.61, 100, 10740
2026/06/28 00:04:51.694, 161.93, 100, 10740
2026/06/28 00:04:52.694, 161.89, 100, 10740
2026/06/28 00:04:53.694, 161.26, 98, 10740
2026/06/28 00:04:54.695, 162.35, 100, 10740
2026/06/28 00:04:55.695, 161.70, 100, 10740
2026/06/28 00:04:56.698, 162.31, 100, 10740
2026/06/28 00:04:57.698, 162.40, 100, 10740
2026/06/28 00:04:58.698, 161.31, 98, 10740
2026/06/28 00:04:59.699, 162.08, 100, 10740
2026/06/28 00:05:00.699, 161.88, 100, 10740
2026/06/28 00:05:01.703, 161.75, 100, 10740
2026/06/28 00:05:02.703, 162.21, 100, 10740
2026/06/28 00:05:03.703, 161.30, 98, 10740
2026/06/28 00:05:04.703, 162.34, 100, 10740
2026/06/28 00:05:05.704, 161.59, 100, 10740
2026/06/28 00:05:06.704, 161.91, 100, 10740
2026/06/28 00:05:07.704, 161.10, 100, 10740
2026/06/28 00:05:08.704, 161.40, 100, 10740
2026/06/28 00:05:09.704, 162.17, 100, 10740
2026/06/28 00:05:10.705, 161.73, 100, 10740
2026/06/28 00:05:11.705, 161.44, 100, 10740
2026/06/28 00:05:12.705, 162.17, 100, 10740
2026/06/28 00:05:13.705, 161.38, 100, 10740
2026/06/28 00:05:14.705, 162.18, 100, 10740
2026/06/28 00:05:15.706, 161.86, 100, 10740
2026/06/28 00:05:16.706, 160.96, 98, 10740
2026/06/28 00:05:17.713, 162.21, 100, 10740
2026/06/28 00:05:18.713, 161.17, 100, 10740
2026/06/28 00:05:19.713, 162.05, 100, 10740
2026/06/28 00:05:20.713, 162.05, 100, 10740
2026/06/28 00:05:21.713, 161.29, 98, 10740
2026/06/28 00:05:22.715, 162.34, 100, 10740
2026/06/28 00:05:23.716, 161.39, 100, 10740
2026/06/28 00:05:24.716, 162.13, 100, 10740
2026/06/28 00:05:25.716, 161.82, 100, 10740
2026/06/28 00:05:26.716, 161.40, 98, 10740
2026/06/28 00:05:27.718, 162.58, 100, 10740
2026/06/28 00:05:28.719, 161.45, 100, 10740
2026/06/28 00:05:29.719, 162.13, 100, 10740
2026/06/28 00:05:30.719, 162.43, 100, 10740
2026/06/28 00:05:31.719, 161.56, 99, 10740
2026/06/28 00:05:32.721, 162.67, 100, 10740
2026/06/28 00:05:33.721, 161.96, 100, 10740
2026/06/28 00:05:34.721, 162.05, 100, 10740
2026/06/28 00:05:35.721, 162.24, 100, 10740
2026/06/28 00:05:36.721, 161.46, 98, 10740
2026/06/28 00:05:37.724, 162.43, 100, 10740
2026/06/28 00:05:38.724, 161.78, 100, 10740
2026/06/28 00:05:39.724, 161.73, 100, 10740
2026/06/28 00:05:40.724, 162.14, 100, 10740
2026/06/28 00:05:41.725, 161.42, 99, 10740
2026/06/28 00:05:42.728, 162.27, 100, 10740
2026/06/28 00:05:43.728, 161.62, 100, 10740
2026/06/28 00:05:44.728, 161.93, 100, 10740
2026/06/28 00:05:45.728, 161.89, 100, 10740
2026/06/28 00:05:46.728, 161.19, 100, 10740
2026/06/28 00:05:47.732, 162.11, 100, 10740
2026/06/28 00:05:48.732, 161.54, 100, 10740
2026/06/28 00:05:49.732, 161.29, 98, 10740
2026/06/28 00:05:50.733, 162.15, 100, 10740
2026/06/28 00:05:51.733, 161.33, 100, 10740
2026/06/28 00:05:52.734, 162.25, 100, 10740
2026/06/28 00:05:53.735, 161.77, 100, 10740
2026/06/28 00:05:54.735, 160.81, 98, 10740
2026/06/28 00:05:55.735, 162.02, 100, 10740
2026/06/28 00:05:56.735, 161.22, 100, 10740
2026/06/28 00:05:57.736, 162.12, 100, 10740
2026/06/28 00:05:58.736, 161.99, 100, 10740
2026/06/28 00:05:59.737, 160.85, 98, 10740
2026/06/28 00:06:00.737, 162.42, 100, 10740
2026/06/28 00:06:01.737, 161.23, 100, 10740
2026/06/28 00:06:02.739, 161.51, 100, 10740
2026/06/28 00:06:03.739, 161.80, 100, 10740
2026/06/28 00:06:04.740, 160.79, 98, 10740
2026/06/28 00:06:05.740, 162.23, 100, 10740
2026/06/28 00:06:06.740, 161.34, 100, 10740
2026/06/28 00:06:07.744, 161.62, 100, 10740
2026/06/28 00:06:08.744, 161.80, 100, 10740
2026/06/28 00:06:09.744, 161.12, 98, 10740
2026/06/28 00:06:10.745, 162.09, 100, 10740
2026/06/28 00:06:11.745, 161.38, 100, 10740
2026/06/28 00:06:12.748, 161.77, 100, 10740
2026/06/28 00:06:13.748, 161.91, 100, 10740
2026/06/28 00:06:14.749, 160.84, 98, 10740
2026/06/28 00:06:15.749, 161.81, 100, 10740
2026/06/28 00:06:16.749, 161.38, 100, 10740
2026/06/28 00:06:17.749, 160.64, 100, 10740
2026/06/28 00:06:18.749, 161.90, 100, 10740
2026/06/28 00:06:19.750, 161.32, 100, 10740
2026/06/28 00:06:20.750, 162.01, 100, 10740
2026/06/28 00:06:21.750, 161.66, 100, 10740
2026/06/28 00:06:22.755, 161.14, 100, 10740
2026/06/28 00:06:23.755, 161.88, 100, 10740
2026/06/28 00:06:24.756, 161.14, 100, 10740
2026/06/28 00:06:25.756, 162.19, 100, 10740
2026/06/28 00:06:26.756, 161.52, 100, 10740
2026/06/28 00:06:27.760, 161.31, 98, 10740
2026/06/28 00:06:28.760, 162.54, 100, 10740
2026/06/28 00:06:29.760, 161.27, 100, 10740
2026/06/28 00:06:30.760, 162.32, 100, 10740
2026/06/28 00:06:31.760, 161.88, 100, 10740
2026/06/28 00:06:32.762, 160.85, 98, 10740
2026/06/28 00:06:33.762, 162.43, 100, 10740
2026/06/28 00:06:34.763, 161.32, 100, 10740
2026/06/28 00:06:35.763, 161.87, 100, 10740
2026/06/28 00:06:36.763, 161.84, 100, 10740
2026/06/28 00:06:37.765, 161.03, 98, 10740
2026/06/28 00:06:38.765, 162.07, 100, 10740
2026/06/28 00:06:39.765, 161.50, 100, 10740
2026/06/28 00:06:40.765, 162.16, 100, 10740
2026/06/28 00:06:41.766, 161.99, 100, 10740
2026/06/28 00:06:42.767, 161.22, 97, 10740
2026/06/28 00:06:43.767, 162.52, 100, 10740
2026/06/28 00:06:44.768, 161.55, 100, 10740
2026/06/28 00:06:45.768, 161.85, 100, 10740
2026/06/28 00:06:46.768, 162.22, 100, 10740
2026/06/28 00:06:47.770, 161.46, 97, 10740
2026/06/28 00:06:48.771, 162.38, 100, 10740
2026/06/28 00:06:49.771, 161.57, 100, 10740
2026/06/28 00:06:50.771, 161.49, 100, 10740
2026/06/28 00:06:51.771, 162.04, 100, 10740
2026/06/28 00:06:52.775, 161.40, 100, 10740
2026/06/28 00:06:53.775, 162.00, 100, 10740
2026/06/28 00:06:54.775, 162.28, 100, 10740
2026/06/28 00:06:55.775, 162.00, 100, 10740
2026/06/28 00:06:56.776, 162.48, 100, 10740
2026/06/28 00:06:57.776, 161.72, 100, 10740
2026/06/28 00:06:58.776, 161.68, 100, 10740
2026/06/28 00:06:59.777, 162.26, 100, 10740
2026/06/28 00:07:00.777, 161.28, 98, 10740
2026/06/28 00:07:01.777, 162.50, 100, 10740
2026/06/28 00:07:02.779, 161.84, 100, 10740
2026/06/28 00:07:03.780, 161.47, 100, 10740
2026/06/28 00:07:04.780, 161.92, 100, 10740
2026/06/28 00:07:05.780, 161.27, 98, 10740
2026/06/28 00:07:06.780, 162.73, 100, 10740
2026/06/28 00:07:07.782, 161.95, 100, 10740
2026/06/28 00:07:08.782, 161.49, 100, 10740
2026/06/28 00:07:09.783, 162.15, 100, 10740
2026/06/28 00:07:10.783, 161.37, 100, 10740
2026/06/28 00:07:11.783, 162.34, 100, 10740
2026/06/28 00:07:12.786, 162.08, 100, 10740
2026/06/28 00:07:13.786, 160.74, 100, 10740
2026/06/28 00:07:14.786, 162.38, 100, 10740
2026/06/28 00:07:15.787, 161.48, 100, 10740
2026/06/28 00:07:16.787, 161.95, 100, 10740
2026/06/28 00:07:17.789, 162.10, 100, 10740
2026/06/28 00:07:18.789, 161.08, 98, 10740
2026/06/28 00:07:19.789, 162.11, 100, 10740
2026/06/28 00:07:20.789, 161.70, 100, 10740
2026/06/28 00:07:21.790, 162.00, 100, 10740
2026/06/28 00:07:22.794, 161.91, 100, 10740
2026/06/28 00:07:23.794, 160.69, 98, 10740
2026/06/28 00:07:24.794, 162.30, 100, 10740
2026/06/28 00:07:25.794, 161.59, 100, 10740
2026/06/28 00:07:26.795, 161.63, 100, 10740
2026/06/28 00:07:27.801, 161.87, 100, 10740
2026/06/28 00:07:28.801, 160.79, 97, 10740
2026/06/28 00:07:29.802, 161.84, 100, 10740
2026/06/28 00:07:30.802, 161.82, 100, 10740
2026/06/28 00:07:31.802, 162.12, 100, 10740
2026/06/28 00:07:32.806, 162.17, 100, 10740
2026/06/28 00:07:33.806, 161.04, 99, 10740
2026/06/28 00:07:34.806, 162.02, 100, 10740
2026/06/28 00:07:35.806, 161.62, 100, 10740
2026/06/28 00:07:36.806, 161.54, 100, 10740
2026/06/28 00:07:37.808, 162.12, 100, 10740
2026/06/28 00:07:38.808, 161.10, 100, 10740
2026/06/28 00:07:39.808, 162.36, 100, 10740
2026/06/28 00:07:40.809, 161.85, 100, 10740
2026/06/28 00:07:41.809, 161.25, 98, 10740
2026/06/28 00:07:42.809, 162.52, 100, 10740
2026/06/28 00:07:43.809, 161.36, 100, 10740
2026/06/28 00:07:44.809, 161.86, 100, 10740
2026/06/28 00:07:45.809, 161.60, 100, 10740
2026/06/28 00:07:46.810, 160.71, 98, 10740
2026/06/28 00:07:47.815, 161.67, 100, 10740
2026/06/28 00:07:48.816, 161.15, 100, 10740
2026/06/28 00:07:49.816, 162.18, 100, 10740
2026/06/28 00:07:50.816, 161.83, 100, 10740
2026/06/28 00:07:51.816, 161.09, 98, 10740
2026/06/28 00:07:52.816, 162.58, 100, 10740
2026/06/28 00:07:53.816, 161.23, 100, 10740
2026/06/28 00:07:54.817, 161.61, 100, 10740
2026/06/28 00:07:55.817, 162.02, 100, 10740
2026/06/28 00:07:56.817, 160.25, 89, 10740
2026/06/28 00:07:57.817, 160.85, 100, 10740
2026/06/28 00:07:58.817, 161.17, 100, 10740
2026/06/28 00:07:59.818, 162.21, 100, 10740
2026/06/28 00:08:00.818, 161.90, 100, 10740
2026/06/28 00:08:01.818, 161.08, 98, 10740
2026/06/28 00:08:02.824, 161.81, 100, 10740
2026/06/28 00:08:03.824, 161.22, 100, 10740
2026/06/28 00:08:04.824, 161.45, 100, 10740
2026/06/28 00:08:05.824, 161.75, 100, 10740
2026/06/28 00:08:06.824, 161.25, 98, 10740
2026/06/28 00:08:07.827, 162.34, 100, 10740
2026/06/28 00:08:08.827, 161.77, 100, 10740
2026/06/28 00:08:09.827, 161.89, 100, 10740
2026/06/28 00:08:10.827, 161.92, 100, 10740
2026/06/28 00:08:11.827, 161.13, 100, 10740
2026/06/28 00:08:12.829, 162.27, 100, 10740
2026/06/28 00:08:13.829, 161.34, 100, 10740
2026/06/28 00:08:14.829, 164.11, 100, 10740
2026/06/28 00:08:15.830, 164.01, 99, 10740
2026/06/28 00:08:16.830, 164.15, 100, 10740
2026/06/28 00:08:17.833, 164.23, 99, 10740
2026/06/28 00:08:18.833, 164.35, 100, 10740
2026/06/28 00:08:19.834, 163.96, 99, 10740
2026/06/28 00:08:20.834, 164.21, 100, 10740
2026/06/28 00:08:21.834, 163.96, 99, 10740
2026/06/28 00:08:22.835, 164.16, 100, 10740
2026/06/28 00:08:23.835, 164.04, 99, 10740
2026/06/28 00:08:24.836, 164.22, 100, 10740
2026/06/28 00:08:25.836, 163.98, 99, 10740
2026/06/28 00:08:26.836, 164.15, 100, 10740
2026/06/28 00:08:27.838, 164.18, 99, 10740
2026/06/28 00:08:28.839, 164.04, 100, 10740
2026/06/28 00:08:29.839, 164.17, 100, 10740
2026/06/28 00:08:30.839, 164.37, 100, 10740
2026/06/28 00:08:31.839, 164.49, 100, 10740
2026/06/28 00:08:32.841, 164.27, 100, 10740
2026/06/28 00:08:33.841, 164.65, 100, 10740
2026/06/28 00:08:34.841, 164.58, 100, 10740
2026/06/28 00:08:35.841, 164.32, 100, 10740
2026/06/28 00:08:36.841, 164.30, 100, 10740
2026/06/28 00:08:37.845, 164.45, 100, 10740
2026/06/28 00:08:38.845, 164.24, 100, 10740
2026/06/28 00:08:39.845, 164.27, 100, 10740
2026/06/28 00:08:40.845, 164.23, 100, 10740
2026/06/28 00:08:41.845, 164.28, 100, 10740
2026/06/28 00:08:42.848, 164.35, 100, 10740
2026/06/28 00:08:43.848, 164.56, 100, 10740
2026/06/28 00:08:44.848, 164.44, 100, 10740
2026/06/28 00:08:45.848, 164.48, 100, 10740
2026/06/28 00:08:46.849, 164.31, 100, 10740
2026/06/28 00:08:47.849, 164.41, 100, 10740
2026/06/28 00:08:48.849, 164.62, 100, 10740
2026/06/28 00:08:49.849, 164.45, 100, 10740
2026/06/28 00:08:50.850, 164.27, 100, 10740
2026/06/28 00:08:51.850, 164.07, 100, 10740
2026/06/28 00:08:52.850, 164.23, 100, 10740
2026/06/28 00:08:53.850, 164.39, 100, 10740
2026/06/28 00:08:54.850, 164.37, 100, 10740
2026/06/28 00:08:55.850, 164.26, 100, 10740
2026/06/28 00:08:56.851, 164.28, 100, 10740
2026/06/28 00:08:57.857, 164.63, 100, 10740
2026/06/28 00:08:58.858, 164.44, 100, 10740
2026/06/28 00:08:59.858, 164.42, 100, 10740
2026/06/28 00:09:00.858, 164.38, 100, 10740
2026/06/28 00:09:01.858, 164.44, 100, 10740
2026/06/28 00:09:02.862, 164.28, 100, 10740
2026/06/28 00:09:03.862, 164.60, 100, 10740
2026/06/28 00:09:04.862, 156.83, 100, 10740
2026/06/28 00:09:05.862, 161.73, 100, 10740
2026/06/28 00:09:06.862, 162.01, 100, 10740
2026/06/28 00:09:07.865, 162.35, 100, 10740
2026/06/28 00:09:08.865, 161.31, 100, 10740
2026/06/28 00:09:09.866, 162.30, 100, 10740
2026/06/28 00:09:10.866, 161.87, 100, 10740
2026/06/28 00:09:11.866, 161.30, 98, 10740
2026/06/28 00:09:12.866, 162.23, 100, 10740
2026/06/28 00:09:13.866, 161.76, 100, 10740
2026/06/28 00:09:14.866, 162.39, 100, 10740
2026/06/28 00:09:15.867, 161.79, 100, 10740
2026/06/28 00:09:16.867, 160.97, 98, 10740
2026/06/28 00:09:17.871, 162.66, 100, 10740
2026/06/28 00:09:18.871, 161.48, 100, 10740
2026/06/28 00:09:19.872, 162.06, 100, 10740
2026/06/28 00:09:20.872, 162.02, 100, 10740
2026/06/28 00:09:21.872, 161.24, 98, 10740
2026/06/28 00:09:22.875, 162.07, 100, 10740
2026/06/28 00:09:23.875, 161.60, 100, 10740
2026/06/28 00:09:24.875, 161.95, 100, 10740
2026/06/28 00:09:25.875, 162.24, 100, 10740
2026/06/28 00:09:26.875, 161.96, 98, 10740
2026/06/28 00:09:27.878, 162.50, 100, 10740
2026/06/28 00:09:28.878, 161.63, 100, 10740
2026/06/28 00:09:29.878, 162.31, 100, 10740
2026/06/28 00:09:30.878, 162.48, 100, 10740
2026/06/28 00:09:31.879, 161.52, 100, 10740
2026/06/28 00:09:32.881, 162.32, 100, 10740
2026/06/28 00:09:33.882, 162.17, 100, 10740
2026/06/28 00:09:34.882, 161.98, 100, 10740
2026/06/28 00:09:35.882, 162.38, 100, 10740
2026/06/28 00:09:36.882, 161.77, 100, 10740
2026/06/28 00:09:37.884, 162.73, 100, 10740
2026/06/28 00:09:38.884, 162.22, 100, 10740
2026/06/28 00:09:39.884, 161.58, 98, 10740
2026/06/28 00:09:40.884, 162.63, 100, 10740
2026/06/28 00:09:41.884, 161.37, 100, 10740
2026/06/28 00:09:42.886, 162.38, 100, 10740
2026/06/28 00:09:43.887, 162.04, 100, 10740
2026/06/28 00:09:44.887, 161.26, 97, 10740
2026/06/28 00:09:45.887, 161.96, 100, 10740
2026/06/28 00:09:46.887, 161.87, 100, 10740
2026/06/28 00:09:47.891, 162.09, 100, 10740
2026/06/28 00:09:48.892, 162.29, 100, 10740
2026/06/28 00:09:49.892, 161.40, 98, 10740
2026/06/28 00:09:50.892, 162.20, 100, 10740
2026/06/28 00:09:51.892, 161.62, 100, 10740
2026/06/28 00:09:52.894, 162.29, 100, 10740
2026/06/28 00:09:53.895, 162.36, 100, 10740
2026/06/28 00:09:54.895, 161.23, 98, 10740
2026/06/28 00:09:55.895, 161.89, 100, 10740
2026/06/28 00:09:56.895, 161.59, 100, 10740
2026/06/28 00:09:57.897, 162.06, 100, 10740
2026/06/28 00:09:58.898, 161.85, 100, 10740
2026/06/28 00:09:59.898, 161.21, 99, 10740
2026/06/28 00:10:00.898, 162.16, 100, 10740
2026/06/28 00:10:01.898, 161.55, 100, 10740
2026/06/28 00:10:02.905, 161.73, 100, 10740
2026/06/28 00:10:03.905, 161.99, 100, 10740
2026/06/28 00:10:04.905, 161.29, 100, 10740
2026/06/28 00:10:05.905, 162.47, 100, 10740
2026/06/28 00:10:06.905, 161.99, 100, 10740
2026/06/28 00:10:07.910, 161.59, 98, 10740
2026/06/28 00:10:08.910, 162.24, 100, 10740
2026/06/28 00:10:09.910, 161.52, 100, 10740
2026/06/28 00:10:10.910, 162.12, 100, 10740
2026/06/28 00:10:11.910, 162.01, 100, 10740
2026/06/28 00:10:12.911, 161.20, 98, 10740
2026/06/28 00:10:13.911, 162.32, 100, 10740
2026/06/28 00:10:14.912, 161.86, 100, 10740
2026/06/28 00:10:15.912, 162.37, 100, 10740
2026/06/28 00:10:16.912, 161.95, 100, 10740
2026/06/28 00:10:17.912, 160.86, 98, 10740
2026/06/28 00:10:18.912, 162.55, 100, 10740
2026/06/28 00:10:19.912, 160.30, 100, 10740
2026/06/28 00:10:20.913, 161.79, 100, 10740
2026/06/28 00:10:21.913, 161.87, 100, 10740
2026/06/28 00:10:22.913, 161.07, 98, 10740
2026/06/28 00:10:23.913, 162.56, 100, 10740
2026/06/28 00:10:24.919, 161.14, 100, 10740
2026/06/28 00:10:25.919, 162.05, 100, 10740
2026/06/28 00:10:26.920, 162.11, 100, 10740
2026/06/28 00:10:27.920, 161.37, 98, 10740
2026/06/28 00:10:28.920, 162.05, 100, 10740
2026/06/28 00:10:29.924, 161.54, 100, 10740
2026/06/28 00:10:30.924, 162.01, 100, 10740
2026/06/28 00:10:31.925, 161.85, 100, 10740
2026/06/28 00:10:32.925, 161.04, 98, 10740
2026/06/28 00:10:33.925, 162.35, 100, 10740
2026/06/28 00:10:34.925, 161.53, 100, 10740
2026/06/28 00:10:35.925, 161.49, 100, 10740
2026/06/28 00:10:36.926, 162.11, 100, 10740
2026/06/28 00:10:37.926, 161.62, 100, 10740
2026/06/28 00:10:38.926, 162.23, 100, 10740
2026/06/28 00:10:39.926, 160.77, 100, 10740
2026/06/28 00:10:40.926, 162.21, 100, 10740
2026/06/28 00:10:41.926, 162.42, 100, 10740
2026/06/28 00:10:42.927, 161.75, 100, 10740
2026/06/28 00:10:43.927, 162.81, 100, 10740
2026/06/28 00:10:44.932, 162.08, 100, 10740
2026/06/28 00:10:45.932, 161.57, 98, 10740
2026/06/28 00:10:46.932, 162.26, 100, 10740
2026/06/28 00:10:47.932, 161.43, 100, 10740
2026/06/28 00:10:48.933, 162.38, 100, 10740
2026/06/28 00:10:49.936, 161.76, 100, 10740
2026/06/28 00:10:50.937, 160.82, 98, 10740
2026/06/28 00:10:51.937, 162.67, 100, 10740
2026/06/28 00:10:52.937, 161.58, 100, 10740
2026/06/28 00:10:53.937, 161.95, 100, 10740
2026/06/28 00:10:54.941, 161.81, 100, 10740
2026/06/28 00:10:55.941, 161.02, 98, 10740
2026/06/28 00:10:56.941, 162.15, 100, 10740
2026/06/28 00:10:57.942, 161.51, 100, 10740
2026/06/28 00:10:58.942, 161.86, 100, 10740
2026/06/28 00:10:59.944, 161.89, 100, 10740
2026/06/28 00:11:00.944, 161.22, 98, 10740
2026/06/28 00:11:01.944, 162.12, 100, 10740
2026/06/28 00:11:02.944, 161.32, 100, 10740
2026/06/28 00:11:03.944, 161.92, 100, 10740
2026/06/28 00:11:04.944, 162.10, 100, 10740
2026/06/28 00:11:05.945, 161.12, 98, 10740
2026/06/28 00:11:06.945, 162.36, 100, 10740
2026/06/28 00:11:07.945, 161.54, 100, 10740
2026/06/28 00:11:08.945, 161.92, 100, 10740
2026/06/28 00:11:09.948, 162.72, 100, 10740
2026/06/28 00:11:10.948, 161.69, 100, 10740
2026/06/28 00:11:11.948, 162.64, 100, 10740
2026/06/28 00:11:12.948, 162.09, 100, 10740
2026/06/28 00:11:13.949, 161.79, 98, 10740
2026/06/28 00:11:14.953, 162.06, 100, 10740
2026/06/28 00:11:15.953, 161.41, 100, 10740
2026/06/28 00:11:16.953, 162.49, 100, 10740
2026/06/28 00:11:17.953, 161.94, 100, 10740
2026/06/28 00:11:18.954, 161.17, 98, 10740
2026/06/28 00:11:19.957, 162.32, 100, 10740
2026/06/28 00:11:20.957, 161.74, 100, 10740
2026/06/28 00:11:21.957, 162.46, 100, 10740
2026/06/28 00:11:22.957, 162.11, 100, 10740
2026/06/28 00:11:23.958, 161.17, 98, 10740
2026/06/28 00:11:24.961, 162.08, 100, 10740
2026/06/28 00:11:25.961, 161.48, 100, 10740
2026/06/28 00:11:26.962, 161.65, 100, 10740
2026/06/28 00:11:27.962, 161.85, 100, 10740
2026/06/28 00:11:28.962, 161.22, 98, 10740
2026/06/28 00:11:29.963, 162.01, 100, 10740
2026/06/28 00:11:30.963, 161.48, 100, 10740
2026/06/28 00:11:31.963, 161.61, 100, 10740
2026/06/28 00:11:32.963, 162.00, 100, 10740
2026/06/28 00:11:33.963, 161.16, 98, 10740
2026/06/28 00:11:34.968, 162.11, 100, 10740
2026/06/28 00:11:35.968, 161.74, 100, 10740
2026/06/28 00:11:36.968, 161.92, 100, 10740
2026/06/28 00:11:37.969, 161.90, 100, 10740
2026/06/28 00:11:38.969, 161.12, 100, 10740
2026/06/28 00:11:39.969, 162.42, 100, 10740
2026/06/28 00:11:40.969, 161.90, 100, 10740
2026/06/28 00:11:41.969, 161.57, 100, 10740
2026/06/28 00:11:42.969, 162.38, 100, 10740
2026/06/28 00:11:43.970, 161.39, 100, 10740
2026/06/28 00:11:44.977, 162.46, 100, 10740
2026/06/28 00:11:45.977, 162.00, 100, 10740
2026/06/28 00:11:46.977, 161.04, 98, 10740
2026/06/28 00:11:47.977, 161.82, 100, 10740
2026/06/28 00:11:48.978, 161.11, 100, 10740
2026/06/28 00:11:49.981, 162.23, 100, 10740
2026/06/28 00:11:50.981, 161.74, 100, 10740
2026/06/28 00:11:51.981, 160.88, 98, 10740
2026/06/28 00:11:52.981, 161.80, 100, 10740
2026/06/28 00:11:53.982, 161.42, 100, 10740
2026/06/28 00:11:54.985, 162.08, 100, 10740
2026/06/28 00:11:55.986, 162.23, 100, 10740
2026/06/28 00:11:56.986, 161.57, 98, 10740
2026/06/28 00:11:57.986, 162.35, 100, 10740
2026/06/28 00:11:58.986, 161.58, 100, 10740
2026/06/28 00:11:59.988, 162.09, 100, 10740
2026/06/28 00:12:00.988, 162.00, 100, 10740
2026/06/28 00:12:01.988, 161.35, 98, 10740
2026/06/28 00:12:02.989, 162.22, 100, 10740
2026/06/28 00:12:03.989, 161.95, 100, 10740
2026/06/28 00:12:04.990, 162.12, 100, 10740
2026/06/28 00:12:05.991, 161.96, 100, 10740
2026/06/28 00:12:06.991, 161.14, 100, 10740
2026/06/28 00:12:07.991, 162.11, 100, 10740
2026/06/28 00:12:08.991, 161.57, 100, 10740
2026/06/28 00:12:09.991, 161.48, 100, 10740
2026/06/28 00:12:10.992, 161.80, 100, 10740
2026/06/28 00:12:11.992, 161.19, 100, 10740
2026/06/28 00:12:12.992, 162.26, 100, 10740
2026/06/28 00:12:13.992, 162.11, 100, 10740
2026/06/28 00:12:14.999, 160.90, 98, 10740
2026/06/28 00:12:15.999, 162.28, 100, 10740
2026/06/28 00:12:16.999, 161.50, 100, 10740
2026/06/28 00:12:17.999, 162.29, 100, 10740
2026/06/28 00:12:18.999, 162.03, 100, 10740
2026/06/28 00:12:20.002, 161.13, 98, 10740
2026/06/28 00:12:21.003, 162.14, 100, 10740
2026/06/28 00:12:22.003, 161.50, 100, 10740
2026/06/28 00:12:23.003, 162.37, 100, 10740
2026/06/28 00:12:24.003, 162.22, 100, 10740
2026/06/28 00:12:25.006, 161.26, 98, 10740
2026/06/28 00:12:26.006, 162.49, 100, 10740
2026/06/28 00:12:27.006, 161.66, 100, 10740
2026/06/28 00:12:28.006, 162.07, 100, 10740
2026/06/28 00:12:29.007, 161.83, 100, 10740
2026/06/28 00:12:30.009, 161.34, 98, 10740
2026/06/28 00:12:31.009, 162.19, 100, 10740
2026/06/28 00:12:32.009, 161.63, 100, 10740
2026/06/28 00:12:33.009, 161.76, 100, 10740
2026/06/28 00:12:34.010, 162.15, 100, 10740
2026/06/28 00:12:35.012, 161.07, 97, 10740
2026/06/28 00:12:36.012, 162.26, 100, 10740
2026/06/28 00:12:37.012, 162.12, 100, 10740
2026/06/28 00:12:38.012, 161.84, 100, 10740
2026/06/28 00:12:39.013, 162.28, 100, 10740
2026/06/28 00:12:40.017, 161.66, 100, 10740
2026/06/28 00:12:41.017, 162.46, 100, 10740
2026/06/28 00:12:42.018, 162.27, 100, 10740
2026/06/28 00:12:43.018, 161.24, 98, 10740
2026/06/28 00:12:44.018, 162.97, 100, 10740
2026/06/28 00:12:45.022, 161.74, 100, 10740
2026/06/28 00:12:46.023, 162.49, 100, 10740
2026/06/28 00:12:47.025, 161.88, 100, 10740
2026/06/28 00:12:48.025, 160.99, 98, 10740
2026/06/28 00:12:49.025, 162.11, 100, 10740
2026/06/28 00:12:50.025, 161.49, 100, 10740
2026/06/28 00:12:51.025, 162.47, 100, 10740
2026/06/28 00:12:52.026, 161.97, 100, 10740
2026/06/28 00:12:53.026, 161.36, 98, 10740
2026/06/28 00:12:54.026, 162.46, 100, 10740
2026/06/28 00:12:55.028, 161.05, 98, 10740
2026/06/28 00:12:56.029, 162.04, 100, 10740
2026/06/28 00:12:57.029, 161.78, 100, 10740
2026/06/28 00:12:58.029, 162.04, 100, 10740
2026/06/28 00:12:59.029, 162.05, 100, 10740
2026/06/28 00:13:00.032, 160.93, 97, 10740
2026/06/28 00:13:01.033, 161.79, 100, 10740
2026/06/28 00:13:02.033, 161.54, 100, 10740
2026/06/28 00:13:03.033, 161.48, 100, 10740
2026/06/28 00:13:04.033, 162.42, 100, 10740
2026/06/28 00:13:05.036, 161.39, 100, 10740
2026/06/28 00:13:06.037, 162.28, 100, 10740
2026/06/28 00:13:07.037, 161.73, 100, 10740
2026/06/28 00:13:08.037, 161.67, 100, 10740
2026/06/28 00:13:09.037, 162.26, 100, 10740
2026/06/28 00:13:10.040, 161.13, 100, 10740
2026/06/28 00:13:11.040, 162.58, 100, 10740
2026/06/28 00:13:12.040, 161.88, 100, 10740
2026/06/28 00:13:13.040, 160.72, 98, 10740
2026/06/28 00:13:14.040, 161.79, 100, 10740
2026/06/28 00:13:15.041, 160.95, 100, 10740
2026/06/28 00:13:16.041, 161.84, 100, 10740
2026/06/28 00:13:17.042, 161.92, 100, 10740
2026/06/28 00:13:18.042, 161.07, 98, 10740
2026/06/28 00:13:19.042, 162.48, 100, 10740
2026/06/28 00:13:20.043, 161.36, 100, 10740
2026/06/28 00:13:21.044, 161.70, 100, 10740
2026/06/28 00:13:22.044, 162.13, 100, 10740
2026/06/28 00:13:23.044, 161.19, 98, 10740
2026/06/28 00:13:24.044, 162.04, 100, 10740
2026/06/28 00:13:25.047, 161.51, 100, 10740
2026/06/28 00:13:26.047, 162.21, 100, 10740
2026/06/28 00:13:27.047, 161.93, 100, 10740
2026/06/28 00:13:28.047, 161.39, 98, 10740
2026/06/28 00:13:29.047, 162.29, 100, 10740
2026/06/28 00:13:30.049, 161.98, 100, 10740
2026/06/28 00:13:31.049, 162.17, 100, 10740
2026/06/28 00:13:32.049, 162.11, 100, 10740
2026/06/28 00:13:33.050, 161.32, 99, 10740
2026/06/28 00:13:34.050, 162.23, 100, 10740
2026/06/28 00:13:35.053, 161.72, 100, 10740
2026/06/28 00:13:36.053, 161.73, 100, 10740
2026/06/28 00:13:37.054, 162.41, 100, 10740
2026/06/28 00:13:38.054, 161.54, 100, 10740
2026/06/28 00:13:39.054, 162.50, 100, 10740
2026/06/28 00:13:40.055, 162.12, 100, 10740
2026/06/28 00:13:41.055, 160.85, 98, 10740
2026/06/28 00:13:42.056, 162.83, 100, 10740
2026/06/28 00:13:43.056, 161.41, 100, 10740
2026/06/28 00:13:44.056, 162.43, 100, 10740
2026/06/28 00:13:45.056, 160.94, 100, 10740
2026/06/28 00:13:46.056, 160.95, 98, 10740
2026/06/28 00:13:47.056, 162.66, 100, 10740
2026/06/28 00:13:48.057, 161.90, 100, 10740
2026/06/28 00:13:49.057, 160.90, 100, 10740
2026/06/28 00:13:50.057, 162.23, 100, 10740
2026/06/28 00:13:51.057, 161.16, 98, 10740
2026/06/28 00:13:52.057, 162.12, 100, 10740
2026/06/28 00:13:53.065, 161.82, 100, 10740
2026/06/28 00:13:54.065, 160.79, 100, 10740
2026/06/28 00:13:55.065, 161.74, 100, 10740
2026/06/28 00:13:56.066, 161.43, 98, 10740
2026/06/28 00:13:57.066, 162.15, 100, 10740
2026/06/28 00:13:58.066, 162.06, 100, 10740
2026/06/28 00:13:59.066, 160.74, 100, 10740
2026/06/28 00:14:00.066, 161.88, 100, 10740
2026/06/28 00:14:01.066, 161.16, 98, 10740
2026/06/28 00:14:02.067, 161.81, 100, 10740
2026/06/28 00:14:03.069, 162.10, 100, 10740
2026/06/28 00:14:04.069, 160.94, 100, 10740
2026/06/28 00:14:05.069, 162.12, 100, 10740
2026/06/28 00:14:06.069, 161.76, 99, 10740
2026/06/28 00:14:07.069, 161.73, 100, 10740
2026/06/28 00:14:08.072, 161.92, 100, 10740
2026/06/28 00:14:09.072, 161.10, 98, 10740
2026/06/28 00:14:10.072, 162.09, 100, 10740
2026/06/28 00:14:11.072, 161.74, 100, 10740
2026/06/28 00:14:12.072, 162.14, 100, 10740
2026/06/28 00:14:13.076, 162.02, 100, 10740
2026/06/28 00:14:14.077, 161.41, 100, 10740
2026/06/28 00:14:15.077, 162.25, 100, 10740
2026/06/28 00:14:16.077, 161.61, 99, 10740
2026/06/28 00:14:17.077, 164.06, 100, 10740
2026/06/28 00:14:18.081, 164.08, 100, 10740
2026/06/28 00:14:19.081, 164.12, 100, 10740
2026/06/28 00:14:20.081, 164.04, 99, 10740
2026/06/28 00:14:21.081, 164.06, 100, 10740
2026/06/28 00:14:22.081, 163.86, 99, 10740
2026/06/28 00:14:23.083, 164.29, 100, 10740
2026/06/28 00:14:24.083, 163.87, 99, 10740
2026/06/28 00:14:25.083, 163.84, 100, 10740
2026/06/28 00:14:26.083, 163.95, 99, 10740
2026/06/28 00:14:27.084, 164.00, 100, 10740
2026/06/28 00:14:28.086, 163.95, 99, 10740
2026/06/28 00:14:29.086, 164.05, 100, 10740
2026/06/28 00:14:30.087, 164.07, 99, 10740
2026/06/28 00:14:31.087, 164.06, 100, 10740
2026/06/28 00:14:32.087, 164.27, 99, 10740
2026/06/28 00:14:33.090, 164.13, 100, 10740
2026/06/28 00:14:34.090, 164.16, 100, 10740
2026/06/28 00:14:35.090, 163.96, 100, 10740
2026/06/28 00:14:36.090, 163.96, 100, 10740
2026/06/28 00:14:37.091, 163.90, 100, 10740
2026/06/28 00:14:38.092, 163.99, 100, 10740
2026/06/28 00:14:39.092, 164.00, 100, 10740
2026/06/28 00:14:40.093, 164.10, 100, 10740
2026/06/28 00:14:41.093, 164.10, 100, 10740
2026/06/28 00:14:42.093, 164.07, 100, 10740
2026/06/28 00:14:43.097, 163.95, 100, 10740
2026/06/28 00:14:44.097, 164.06, 100, 10740
2026/06/28 00:14:45.097, 164.08, 100, 10740
2026/06/28 00:14:46.098, 164.05, 100, 10740
2026/06/28 00:14:47.098, 163.89, 100, 10740
2026/06/28 00:14:48.101, 163.98, 100, 10740
2026/06/28 00:14:49.101, 164.18, 100, 10740
2026/06/28 00:14:50.101, 164.21, 100, 10740
2026/06/28 00:14:51.101, 164.15, 100, 10740
2026/06/28 00:14:52.101, 164.29, 100, 10740
2026/06/28 00:14:53.102, 164.20, 100, 10740
2026/06/28 00:14:54.102, 164.09, 100, 10740
2026/06/28 00:14:55.102, 164.11, 100, 10740
2026/06/28 00:14:56.102, 164.25, 100, 10740
2026/06/28 00:14:57.102, 164.08, 100, 10740
2026/06/28 00:14:58.102, 164.08, 100, 10740
2026/06/28 00:14:59.111, 163.79, 100, 10740
2026/06/28 00:15:00.111, 164.05, 100, 10740
2026/06/28 00:15:01.111, 163.81, 100, 10740
2026/06/28 00:15:02.112, 163.96, 100, 10740
2026/06/28 00:15:03.112, 164.15, 100, 10740
2026/06/28 00:15:04.112, 164.05, 100, 10740
2026/06/28 00:15:05.112, 164.06, 100, 10740
2026/06/28 00:15:06.112, 164.12, 100, 10740
2026/06/28 00:15:07.112, 155.67, 100, 10740
2026/06/28 00:15:08.113, 161.55, 100, 10740
2026/06/28 00:15:09.113, 162.13, 100, 10740
2026/06/28 00:15:10.113, 161.85, 100, 10740
2026/06/28 00:15:11.113, 160.93, 98, 10740
2026/06/28 00:15:12.113, 160.76, 100, 10740
2026/06/28 00:15:13.113, 161.50, 100, 10740
2026/06/28 00:15:14.114, 162.11, 100, 10740
2026/06/28 00:15:15.114, 162.29, 100, 10740
2026/06/28 00:15:16.114, 161.49, 98, 10740
2026/06/28 00:15:17.114, 162.46, 100, 10740
2026/06/28 00:15:18.114, 161.57, 100, 10740
2026/06/28 00:15:19.115, 161.99, 100, 10740
2026/06/28 00:15:20.115, 161.93, 100, 10740
2026/06/28 00:15:21.115, 161.19, 100, 10740
2026/06/28 00:15:22.115, 162.43, 100, 10740
2026/06/28 00:15:23.115, 161.45, 100, 10740
2026/06/28 00:15:24.116, 161.67, 99, 10740
2026/06/28 00:15:25.116, 162.10, 100, 10740
2026/06/28 00:15:26.116, 161.22, 100, 10740
2026/06/28 00:15:27.116, 161.73, 100, 10740
2026/06/28 00:15:28.125, 161.57, 100, 10740
2026/06/28 00:15:29.125, 161.60, 98, 10740
2026/06/28 00:15:30.125, 163.23, 100, 10740
2026/06/28 00:15:31.125, 161.55, 100, 10740
2026/06/28 00:15:32.125, 162.29, 100, 10740
2026/06/28 00:15:33.134, 162.10, 100, 10740
2026/06/28 00:15:34.134, 160.99, 98, 10740
2026/06/28 00:15:35.134, 161.94, 100, 10740
2026/06/28 00:15:36.135, 161.48, 100, 10740
2026/06/28 00:15:37.135, 161.70, 100, 10740
2026/06/28 00:15:38.143, 161.61, 100, 10740
2026/06/28 00:15:39.143, 160.71, 98, 10740
2026/06/28 00:15:40.144, 162.45, 100, 10740
2026/06/28 00:15:41.144, 161.75, 100, 10740
2026/06/28 00:15:42.144, 161.64, 100, 10740
2026/06/28 00:15:43.144, 161.93, 100, 10740
2026/06/28 00:15:44.144, 161.59, 98, 10740
2026/06/28 00:15:45.145, 162.19, 100, 10740
2026/06/28 00:15:46.145, 161.80, 100, 10740
2026/06/28 00:15:47.145, 161.92, 100, 10740
2026/06/28 00:15:48.145, 162.21, 100, 10740
2026/06/28 00:15:49.145, 161.16, 100, 10740
2026/06/28 00:15:50.145, 162.34, 100, 10740
2026/06/28 00:15:51.146, 161.85, 100, 10740
2026/06/28 00:15:52.146, 161.38, 100, 10740
2026/06/28 00:15:53.146, 162.21, 100, 10740
2026/06/28 00:15:54.146, 161.23, 100, 10740
2026/06/28 00:15:55.146, 162.08, 100, 10740
2026/06/28 00:15:56.147, 162.07, 100, 10740
2026/06/28 00:15:57.147, 161.41, 98, 10740
2026/06/28 00:15:58.147, 162.39, 100, 10740
2026/06/28 00:15:59.147, 161.17, 100, 10740
2026/06/28 00:16:00.147, 162.25, 100, 10740
2026/06/28 00:16:01.147, 161.62, 100, 10740
2026/06/28 00:16:02.148, 160.73, 98, 10740
2026/06/28 00:16:03.156, 161.78, 100, 10740
2026/06/28 00:16:04.156, 161.29, 100, 10740
2026/06/28 00:16:05.157, 161.74, 100, 10740
2026/06/28 00:16:06.157, 161.98, 100, 10740
2026/06/28 00:16:07.157, 161.47, 98, 10740
2026/06/28 00:16:08.157, 162.28, 100, 10740
2026/06/28 00:16:09.157, 161.36, 100, 10740
2026/06/28 00:16:10.157, 161.59, 100, 10740
2026/06/28 00:16:11.158, 160.91, 100, 10740
2026/06/28 00:16:12.158, 161.42, 98, 10740
2026/06/28 00:16:13.158, 162.24, 100, 10740
2026/06/28 00:16:14.158, 161.57, 100, 10740
2026/06/28 00:16:15.158, 162.38, 100, 10740
2026/06/28 00:16:16.158, 162.13, 100, 10740
2026/06/28 00:16:17.159, 161.00, 98, 10740
2026/06/28 00:16:18.159, 161.88, 100, 10740
2026/06/28 00:16:19.159, 161.25, 100, 10740
2026/06/28 00:16:20.159, 161.23, 100, 10740
2026/06/28 00:16:21.159, 161.84, 100, 10740
2026/06/28 00:16:22.160, 161.03, 100, 10740
2026/06/28 00:16:23.160, 162.19, 100, 10740
2026/06/28 00:16:24.160, 161.60, 100, 10740
2026/06/28 00:16:25.160, 161.34, 99, 10740
2026/06/28 00:16:26.160, 161.76, 100, 10740
2026/06/28 00:16:27.161, 161.37, 100, 10740
2026/06/28 00:16:28.161, 162.21, 100, 10740
2026/06/28 00:16:29.161, 161.95, 100, 10740
2026/06/28 00:16:30.161, 161.32, 98, 10740
2026/06/28 00:16:31.161, 162.67, 100, 10740
2026/06/28 00:16:32.161, 161.48, 100, 10740
2026/06/28 00:16:33.162, 162.06, 100, 10740
2026/06/28 00:16:34.162, 161.68, 100, 10740
2026/06/28 00:16:35.162, 160.93, 98, 10740
2026/06/28 00:16:36.162, 162.54, 100, 10740
2026/06/28 00:16:37.171, 161.29, 100, 10740
2026/06/28 00:16:38.171, 161.99, 100, 10740
2026/06/28 00:16:39.171, 161.85, 100, 10740
2026/06/28 00:16:40.171, 160.93, 98, 10740
2026/06/28 00:16:41.171, 161.86, 100, 10740
2026/06/28 00:16:42.179, 161.35, 100, 10740
2026/06/28 00:16:43.179, 161.91, 100, 10740
2026/06/28 00:16:44.180, 161.99, 100, 10740
2026/06/28 00:16:45.180, 161.25, 99, 10740
2026/06/28 00:16:46.180, 161.87, 100, 10740
2026/06/28 00:16:47.180, 161.72, 100, 10740
2026/06/28 00:16:48.180, 161.93, 100, 10740
2026/06/28 00:16:49.180, 162.24, 100, 10740
2026/06/28 00:16:50.181, 161.37, 100, 10740
2026/06/28 00:16:51.181, 162.01, 100, 10740
2026/06/28 00:16:52.189, 160.40, 100, 10740
2026/06/28 00:16:53.189, 161.15, 100, 10740
2026/06/28 00:16:54.189, 161.76, 100, 10740
2026/06/28 00:16:55.189, 161.00, 100, 10740
2026/06/28 00:16:56.189, 161.88, 100, 10740
2026/06/28 00:16:57.190, 161.68, 100, 10740
2026/06/28 00:16:58.190, 160.54, 98, 10740
2026/06/28 00:16:59.190, 161.77, 100, 10740
2026/06/28 00:17:00.190, 161.13, 100, 10740
2026/06/28 00:17:01.190, 161.96, 100, 10740
2026/06/28 00:17:02.191, 161.51, 100, 10740
2026/06/28 00:17:03.191, 160.58, 98, 10740
2026/06/28 00:17:04.191, 161.55, 100, 10740
2026/06/28 00:17:05.191, 161.12, 100, 10740
2026/06/28 00:17:06.191, 161.60, 100, 10740
2026/06/28 00:17:07.191, 161.58, 100, 10740
2026/06/28 00:17:08.192, 160.46, 98, 10740
2026/06/28 00:17:09.192, 161.70, 100, 10740
2026/06/28 00:17:10.192, 161.29, 100, 10740
2026/06/28 00:17:11.192, 161.83, 100, 10740
2026/06/28 00:17:12.192, 161.75, 100, 10740
2026/06/28 00:17:13.193, 160.76, 98, 10740
2026/06/28 00:17:14.193, 161.75, 100, 10740
2026/06/28 00:17:15.193, 161.12, 100, 10740
2026/06/28 00:17:16.193, 161.75, 100, 10740
2026/06/28 00:17:17.193, 161.63, 100, 10740
2026/06/28 00:17:18.194, 160.88, 98, 10740
2026/06/28 00:17:19.194, 161.80, 100, 10740
2026/06/28 00:17:20.194, 161.50, 100, 10740
2026/06/28 00:17:21.194, 161.54, 100, 10740
2026/06/28 00:17:22.194, 161.81, 100, 10740
2026/06/28 00:17:23.194, 161.19, 98, 10740
2026/06/28 00:17:24.195, 161.97, 100, 10740
2026/06/28 00:17:25.195, 161.55, 100, 10740
2026/06/28 00:17:26.195, 161.81, 100, 10740
2026/06/28 00:17:27.195, 161.96, 100, 10740
2026/06/28 00:17:28.195, 161.21, 100, 10740
2026/06/28 00:17:29.196, 162.36, 100, 10740
2026/06/28 00:17:30.196, 161.56, 100, 10740
2026/06/28 00:17:31.196, 161.25, 100, 10740
2026/06/28 00:17:32.205, 162.26, 100, 10740
2026/06/28 00:17:33.205, 160.97, 100, 10740
2026/06/28 00:17:34.205, 162.11, 100, 10740
2026/06/28 00:17:35.205, 161.72, 100, 10740
2026/06/28 00:17:36.205, 161.48, 98, 10740
2026/06/28 00:17:37.214, 162.86, 100, 10740
2026/06/28 00:17:38.214, 161.13, 100, 10740
2026/06/28 00:17:39.214, 162.01, 100, 10740
2026/06/28 00:17:40.215, 162.12, 100, 10740
2026/06/28 00:17:41.215, 161.00, 98, 10740
2026/06/28 00:17:42.215, 162.05, 100, 10740
2026/06/28 00:17:43.215, 161.44, 100, 10740
2026/06/28 00:17:44.215, 162.22, 100, 10740
2026/06/28 00:17:45.215, 162.16, 100, 10740
2026/06/28 00:17:46.216, 161.24, 98, 10740
2026/06/28 00:17:47.216, 162.13, 100, 10740
2026/06/28 00:17:48.216, 161.45, 100, 10740
2026/06/28 00:17:49.216, 162.09, 100, 10740
2026/06/28 00:17:50.216, 162.19, 100, 10740
2026/06/28 00:17:51.217, 161.69, 98, 10740
2026/06/28 00:17:52.217, 162.04, 100, 10740
2026/06/28 00:17:53.217, 161.81, 100, 10740
2026/06/28 00:17:54.217, 161.63, 100, 10740
2026/06/28 00:17:55.217, 161.98, 100, 10740
2026/06/28 00:17:56.217, 161.46, 98, 10740
2026/06/28 00:17:57.218, 161.86, 100, 10740
2026/06/28 00:17:58.218, 161.68, 100, 10740
2026/06/28 00:17:59.226, 161.36, 100, 10740
2026/06/28 00:18:00.226, 161.69, 100, 10740
2026/06/28 00:18:01.227, 161.27, 100, 10740
2026/06/28 00:18:02.227, 162.04, 100, 10740
2026/06/28 00:18:03.227, 161.36, 100, 10740
2026/06/28 00:18:04.236, 161.32, 100, 10740
2026/06/28 00:18:05.236, 162.10, 100, 10740
2026/06/28 00:18:06.236, 161.22, 100, 10740
2026/06/28 00:18:07.236, 161.86, 100, 10740
2026/06/28 00:18:08.236, 161.77, 100, 10740
2026/06/28 00:18:09.237, 161.18, 98, 10740
2026/06/28 00:18:10.237, 162.71, 100, 10740
2026/06/28 00:18:11.237, 161.30, 100, 10740
2026/06/28 00:18:12.237, 162.29, 100, 10740
2026/06/28 00:18:13.237, 161.57, 100, 10740
2026/06/28 00:18:14.246, 160.76, 98, 10740
2026/06/28 00:18:15.246, 162.13, 100, 10740
2026/06/28 00:18:16.246, 161.08, 100, 10740
2026/06/28 00:18:17.247, 161.83, 100, 10740
2026/06/28 00:18:18.247, 161.82, 100, 10740
2026/06/28 00:18:19.247, 160.98, 98, 10740
2026/06/28 00:18:20.247, 162.15, 100, 10740
2026/06/28 00:18:21.247, 161.33, 100, 10740
2026/06/28 00:18:22.248, 161.58, 100, 10740
2026/06/28 00:18:23.248, 162.03, 100, 10740
2026/06/28 00:18:24.256, 160.85, 98, 10740
2026/06/28 00:18:25.257, 162.17, 100, 10740
2026/06/28 00:18:26.257, 161.43, 100, 10740
2026/06/28 00:18:27.257, 161.66, 100, 10740
2026/06/28 00:18:28.257, 162.15, 100, 10740
2026/06/28 00:18:29.257, 161.14, 99, 10740
2026/06/28 00:18:30.258, 162.07, 100, 10740
2026/06/28 00:18:31.258, 161.55, 100, 10740
2026/06/28 00:18:32.258, 161.63, 100, 10740
2026/06/28 00:18:33.258, 161.97, 100, 10740
2026/06/28 00:18:34.259, 161.23, 100, 10740
2026/06/28 00:18:35.259, 162.19, 100, 10740
2026/06/28 00:18:36.259, 161.53, 100, 10740
2026/06/28 00:18:37.259, 161.32, 100, 10740
2026/06/28 00:18:38.259, 161.95, 100, 10740
2026/06/28 00:18:39.259, 161.00, 100, 10740
2026/06/28 00:18:40.260, 161.88, 100, 10740
2026/06/28 00:18:41.260, 161.72, 100, 10740
2026/06/28 00:18:42.260, 161.16, 98, 10740
2026/06/28 00:18:43.260, 162.57, 100, 10740
2026/06/28 00:18:44.260, 161.33, 100, 10740
2026/06/28 00:18:45.261, 162.26, 100, 10740
2026/06/28 00:18:46.261, 161.58, 100, 10740
2026/06/28 00:18:47.261, 160.78, 98, 10740
2026/06/28 00:18:48.261, 162.23, 100, 10740
2026/06/28 00:18:49.261, 161.03, 100, 10740
2026/06/28 00:18:50.262, 161.99, 100, 10740
2026/06/28 00:18:51.262, 161.79, 100, 10740
2026/06/28 00:18:52.262, 161.10, 98, 10740
2026/06/28 00:18:53.271, 162.29, 100, 10740
2026/06/28 00:18:54.271, 160.98, 100, 10740
2026/06/28 00:18:55.271, 161.48, 100, 10740
2026/06/28 00:18:56.271, 161.97, 100, 10740
2026/06/28 00:18:57.271, 161.39, 98, 10740
2026/06/28 00:18:58.280, 162.17, 100, 10740
2026/06/28 00:18:59.280, 161.36, 100, 10740
2026/06/28 00:19:00.280, 161.84, 100, 10740
2026/06/28 00:19:01.280, 161.94, 100, 10740
2026/06/28 00:19:02.281, 161.42, 98, 10740
2026/06/28 00:19:03.289, 162.49, 100, 10740
2026/06/28 00:19:04.289, 161.49, 100, 10740
2026/06/28 00:19:05.290, 161.60, 100, 10740
2026/06/28 00:19:06.290, 162.12, 100, 10740
2026/06/28 00:19:07.290, 161.18, 100, 10740
2026/06/28 00:19:08.298, 162.06, 100, 10740
2026/06/28 00:19:09.299, 161.53, 100, 10740
2026/06/28 00:19:10.299, 161.44, 100, 10740
2026/06/28 00:19:11.299, 162.01, 100, 10740
2026/06/28 00:19:12.299, 161.41, 100, 10740
2026/06/28 00:19:13.300, 162.19, 100, 10740
2026/06/28 00:19:14.300, 161.47, 100, 10740
2026/06/28 00:19:15.300, 161.06, 98, 10740
2026/06/28 00:19:16.300, 162.62, 100, 10740
2026/06/28 00:19:17.300, 161.51, 100, 10740
2026/06/28 00:19:18.300, 161.95, 100, 10740
2026/06/28 00:19:19.301, 161.84, 100, 10740
2026/06/28 00:19:20.301, 160.97, 98, 10740
2026/06/28 00:19:21.301, 161.91, 100, 10740
2026/06/28 00:19:22.301, 161.22, 100, 10740
2026/06/28 00:19:23.301, 161.83, 100, 10740
2026/06/28 00:19:24.301, 160.53, 100, 10740
2026/06/28 00:19:25.302, 160.66, 98, 10740
2026/06/28 00:19:26.302, 161.79, 100, 10740
2026/06/28 00:19:27.302, 161.32, 100, 10740
2026/06/28 00:19:28.302, 161.64, 100, 10740
2026/06/28 00:19:29.302, 161.96, 100, 10740
2026/06/28 00:19:30.303, 161.23, 98, 10740
2026/06/28 00:19:31.303, 162.06, 100, 10740
2026/06/28 00:19:32.303, 161.19, 100, 10740
2026/06/28 00:19:33.303, 161.60, 100, 10740
2026/06/28 00:19:34.303, 161.75, 100, 10740
2026/06/28 00:19:35.304, 161.09, 98, 10740
2026/06/28 00:19:36.304, 161.99, 100, 10740
2026/06/28 00:19:37.304, 161.26, 100, 10740
2026/06/28 00:19:38.304, 161.68, 100, 10740
2026/06/28 00:19:39.304, 161.70, 100, 10740
2026/06/28 00:19:40.305, 161.01, 98, 10740
2026/06/28 00:19:41.305, 161.74, 100, 10740
2026/06/28 00:19:42.305, 161.42, 100, 10740
2026/06/28 00:19:43.305, 161.65, 100, 10740
2026/06/28 00:19:44.306, 161.74, 100, 10740
2026/06/28 00:19:45.306, 160.86, 100, 10740
2026/06/28 00:19:46.306, 162.10, 100, 10740
2026/06/28 00:19:47.306, 161.70, 100, 10740
2026/06/28 00:19:48.306, 161.23, 100, 10740
2026/06/28 00:19:49.306, 161.81, 100, 10740
2026/06/28 00:19:50.315, 161.26, 100, 10740
2026/06/28 00:19:51.315, 162.35, 100, 10740
2026/06/28 00:19:52.315, 161.79, 100, 10740
2026/06/28 00:19:53.316, 160.66, 98, 10740
2026/06/28 00:19:54.316, 161.91, 100, 10740
2026/06/28 00:19:55.316, 161.24, 100, 10740
2026/06/28 00:19:56.316, 162.23, 100, 10740
2026/06/28 00:19:57.317, 162.00, 100, 10740
2026/06/28 00:19:58.317, 161.06, 98, 10740
2026/06/28 00:19:59.317, 161.76, 100, 10740
2026/06/28 00:20:00.326, 161.34, 100, 10740
2026/06/28 00:20:01.326, 162.24, 100, 10740
2026/06/28 00:20:02.326, 161.99, 100, 10740
2026/06/28 00:20:03.326, 160.99, 98, 10740
2026/06/28 00:20:04.326, 161.79, 100, 10740
2026/06/28 00:20:05.327, 161.31, 100, 10740
2026/06/28 00:20:06.327, 161.52, 100, 10740
2026/06/28 00:20:07.327, 161.67, 100, 10740
2026/06/28 00:20:08.327, 161.39, 98, 10740
2026/06/28 00:20:09.327, 162.03, 100, 10740
2026/06/28 00:20:10.328, 161.55, 100, 10740
2026/06/28 00:20:11.328, 161.91, 100, 10740
2026/06/28 00:20:12.336, 161.99, 100, 10740
2026/06/28 00:20:13.337, 161.01, 98, 10740
2026/06/28 00:20:14.337, 161.93, 100, 10740
2026/06/28 00:20:15.337, 161.63, 100, 10740
2026/06/28 00:20:16.337, 161.87, 100, 10740
2026/06/28 00:20:17.337, 161.93, 100, 10740
2026/06/28 00:20:18.338, 159.67, 93, 10740
2026/06/28 00:20:19.338, 163.90, 100, 10740
2026/06/28 00:20:20.338, 163.91, 99, 10740
2026/06/28 00:20:21.338, 164.10, 100, 10740
2026/06/28 00:20:22.338, 164.23, 99, 10740
2026/06/28 00:20:23.339, 163.99, 100, 10740
2026/06/28 00:20:24.339, 163.93, 99, 10740
2026/06/28 00:20:25.339, 163.84, 100, 10740
2026/06/28 00:20:26.339, 163.86, 99, 10740
2026/06/28 00:20:27.339, 164.02, 100, 10740
2026/06/28 00:20:28.340, 164.15, 99, 10740
2026/06/28 00:20:29.340, 164.34, 100, 10740
2026/06/28 00:20:30.340, 164.00, 99, 10740
2026/06/28 00:20:31.340, 164.32, 100, 10740
2026/06/28 00:20:32.349, 164.30, 99, 10740
2026/06/28 00:20:33.349, 164.39, 100, 10740
2026/06/28 00:20:34.349, 164.44, 99, 10740
2026/06/28 00:20:35.349, 164.29, 100, 10740
2026/06/28 00:20:36.349, 164.29, 99, 10740
2026/06/28 00:20:37.350, 164.15, 100, 10740
2026/06/28 00:20:38.350, 164.12, 99, 10740
2026/06/28 00:20:39.350, 164.22, 100, 10740
2026/06/28 00:20:40.350, 164.13, 99, 10740
2026/06/28 00:20:41.350, 164.32, 100, 10740
2026/06/28 00:20:42.351, 164.29, 100, 10740
2026/06/28 00:20:43.351, 164.26, 100, 10740
2026/06/28 00:20:44.351, 163.95, 99, 10740
2026/06/28 00:20:45.351, 164.12, 100, 10740
2026/06/28 00:20:46.351, 164.09, 100, 10740
2026/06/28 00:20:47.352, 164.13, 100, 10740
2026/06/28 00:20:48.352, 164.07, 100, 10740
2026/06/28 00:20:49.352, 164.09, 100, 10740
2026/06/28 00:20:50.352, 164.14, 99, 10740
2026/06/28 00:20:51.352, 164.09, 100, 10740
2026/06/28 00:20:52.352, 164.30, 99, 10740
2026/06/28 00:20:53.353, 164.32, 100, 10740
2026/06/28 00:20:54.353, 164.08, 99, 10740
2026/06/28 00:20:55.353, 164.13, 100, 10740
2026/06/28 00:20:56.353, 164.03, 99, 10740
2026/06/28 00:20:57.353, 164.03, 100, 10740
2026/06/28 00:20:58.354, 164.49, 100, 10740
2026/06/28 00:20:59.354, 164.36, 100, 10740
2026/06/28 00:21:00.354, 164.27, 100, 10740
2026/06/28 00:21:01.354, 164.24, 100, 10740
2026/06/28 00:21:02.354, 164.10, 100, 10740
2026/06/28 00:21:03.354, 164.09, 100, 10740
2026/06/28 00:21:04.355, 164.23, 99, 10740
2026/06/28 00:21:05.355, 164.25, 100, 10740
2026/06/28 00:21:06.355, 164.19, 100, 10740
2026/06/28 00:21:07.355, 164.16, 100, 10740
2026/06/28 00:21:08.355, 164.08, 99, 10740
2026/06/28 00:21:09.356, 164.42, 100, 10740
2026/06/28 00:21:10.356, 154.53, 100, 10740
2026/06/28 00:21:11.356, 162.18, 100, 10740
2026/06/28 00:21:12.356, 162.15, 100, 10740
2026/06/28 00:21:13.356, 160.93, 98, 10740
2026/06/28 00:21:14.357, 161.83, 100, 10740
2026/06/28 00:21:15.357, 161.65, 100, 10740
2026/06/28 00:21:16.357, 161.95, 100, 10740
2026/06/28 00:21:17.357, 161.82, 100, 10740
2026/06/28 00:21:18.357, 161.35, 99, 10740
2026/06/28 00:21:19.358, 162.22, 100, 10740
2026/06/28 00:21:20.366, 161.61, 100, 10740
2026/06/28 00:21:21.366, 161.46, 100, 10740
2026/06/28 00:21:22.366, 162.27, 100, 10740
2026/06/28 00:21:23.367, 161.50, 100, 10740
2026/06/28 00:21:24.367, 162.30, 100, 10740
2026/06/28 00:21:25.375, 161.49, 100, 10740
2026/06/28 00:21:26.376, 161.93, 100, 10740
2026/06/28 00:21:27.376, 162.16, 100, 10740
2026/06/28 00:21:28.376, 161.48, 100, 10740
2026/06/28 00:21:29.376, 162.32, 100, 10740
2026/06/28 00:21:30.385, 161.56, 100, 10740
2026/06/28 00:21:31.385, 160.79, 98, 10740
2026/06/28 00:21:32.385, 161.85, 100, 10740
2026/06/28 00:21:33.385, 161.42, 100, 10740
2026/06/28 00:21:34.385, 162.10, 100, 10740
2026/06/28 00:21:35.386, 161.94, 100, 10740
2026/06/28 00:21:36.386, 161.10, 98, 10740
2026/06/28 00:21:37.386, 162.08, 100, 10740
2026/06/28 00:21:38.386, 161.23, 100, 10740
2026/06/28 00:21:39.386, 161.95, 100, 10740
2026/06/28 00:21:40.395, 161.87, 100, 10740
2026/06/28 00:21:41.395, 160.65, 98, 10740
2026/06/28 00:21:42.395, 162.48, 100, 10740
2026/06/28 00:21:43.395, 161.21, 100, 10740
2026/06/28 00:21:44.396, 161.86, 100, 10740
2026/06/28 00:21:45.396, 161.90, 100, 10740
2026/06/28 00:21:46.396, 161.29, 98, 10740
2026/06/28 00:21:47.396, 162.31, 100, 10740
2026/06/28 00:21:48.396, 161.53, 100, 10740
2026/06/28 00:21:49.396, 162.18, 100, 10740
2026/06/28 00:21:50.397, 162.09, 100, 10740
2026/06/28 00:21:51.397, 161.18, 98, 10740
2026/06/28 00:21:52.397, 162.33, 100, 10740
2026/06/28 00:21:53.397, 161.65, 100, 10740
2026/06/28 00:21:54.397, 162.04, 100, 10740
2026/06/28 00:21:55.398, 162.01, 100, 10740
2026/06/28 00:21:56.398, 160.95, 98, 10740
2026/06/28 00:21:57.398, 162.00, 100, 10740
2026/06/28 00:21:58.398, 161.66, 100, 10740
2026/06/28 00:21:59.398, 161.90, 100, 10740
2026/06/28 00:22:00.398, 161.86, 100, 10740
2026/06/28 00:22:01.399, 161.16, 100, 10740
2026/06/28 00:22:02.399, 162.51, 100, 10740
2026/06/28 00:22:03.399, 161.69, 100, 10740
2026/06/28 00:22:04.399, 161.32, 99, 10740
2026/06/28 00:22:05.399, 162.38, 100, 10740
2026/06/28 00:22:06.399, 161.46, 100, 10740
2026/06/28 00:22:07.400, 162.14, 100, 10740
2026/06/28 00:22:08.400, 161.81, 100, 10740
2026/06/28 00:22:09.400, 161.16, 98, 10740
2026/06/28 00:22:10.408, 162.85, 100, 10740
2026/06/28 00:22:11.409, 161.31, 100, 10740
2026/06/28 00:22:12.409, 162.20, 100, 10740
2026/06/28 00:22:13.409, 161.94, 100, 10740
2026/06/28 00:22:14.409, 161.38, 98, 10740
2026/06/28 00:22:15.409, 162.55, 100, 10740
2026/06/28 00:22:16.410, 161.34, 100, 10740
2026/06/28 00:22:17.410, 161.81, 100, 10740
2026/06/28 00:22:18.410, 162.03, 100, 10740
2026/06/28 00:22:19.410, 161.49, 98, 10740
2026/06/28 00:22:20.410, 162.46, 100, 10740
2026/06/28 00:22:21.411, 161.54, 100, 10740
2026/06/28 00:22:22.411, 161.91, 100, 10740
2026/06/28 00:22:23.411, 161.94, 100, 10740
2026/06/28 00:22:24.411, 161.12, 98, 10740
2026/06/28 00:22:25.411, 162.09, 100, 10740
2026/06/28 00:22:26.411, 161.56, 100, 10740
2026/06/28 00:22:27.412, 162.05, 100, 10740
2026/06/28 00:22:28.412, 162.13, 100, 10740
2026/06/28 00:22:29.412, 161.15, 97, 10740
2026/06/28 00:22:30.412, 162.07, 100, 10740
2026/06/28 00:22:31.412, 160.55, 100, 10740
2026/06/28 00:22:32.412, 162.16, 100, 10740
2026/06/28 00:22:33.413, 162.21, 100, 10740
2026/06/28 00:22:34.413, 161.42, 98, 10740
2026/06/28 00:22:35.413, 162.27, 100, 10740
2026/06/28 00:22:36.413, 161.97, 100, 10740
2026/06/28 00:22:37.413, 162.09, 100, 10740
2026/06/28 00:22:38.414, 162.08, 100, 10740
2026/06/28 00:22:39.414, 161.31, 100, 10740
2026/06/28 00:22:40.414, 162.45, 100, 10740
2026/06/28 00:22:41.423, 161.78, 100, 10740
2026/06/28 00:22:42.423, 161.79, 99, 10740
2026/06/28 00:22:43.423, 162.51, 100, 10740
2026/06/28 00:22:44.423, 161.54, 100, 10740
2026/06/28 00:22:45.423, 162.28, 100, 10740
2026/06/28 00:22:46.432, 162.13, 100, 10740
2026/06/28 00:22:47.432, 161.34, 98, 10740
2026/06/28 00:22:48.432, 162.23, 100, 10740
2026/06/28 00:22:49.432, 161.76, 100, 10740
2026/06/28 00:22:50.433, 162.40, 100, 10740
2026/06/28 00:22:51.441, 162.12, 100, 10740
2026/06/28 00:22:52.441, 161.28, 98, 10740
2026/06/28 00:22:53.442, 161.90, 100, 10740
2026/06/28 00:22:54.442, 161.61, 100, 10740
2026/06/28 00:22:55.442, 162.31, 100, 10740
2026/06/28 00:22:56.442, 162.15, 100, 10740
2026/06/28 00:22:57.442, 161.00, 98, 10740
2026/06/28 00:22:58.443, 162.45, 100, 10740
2026/06/28 00:22:59.443, 161.59, 100, 10740
2026/06/28 00:23:00.443, 162.08, 100, 10740
2026/06/28 00:23:01.443, 162.40, 100, 10740
2026/06/28 00:23:02.443, 161.47, 98, 10740
2026/06/28 00:23:03.444, 162.37, 100, 10740
2026/06/28 00:23:04.444, 161.80, 100, 10740
2026/06/28 00:23:05.444, 161.94, 100, 10740
2026/06/28 00:23:06.452, 162.04, 100, 10740
2026/06/28 00:23:07.453, 161.42, 100, 10740
2026/06/28 00:23:08.453, 162.58, 100, 10740
2026/06/28 00:23:09.453, 161.83, 100, 10740
2026/06/28 00:23:10.453, 161.86, 100, 10740
2026/06/28 00:23:11.453, 162.29, 100, 10740
2026/06/28 00:23:12.454, 161.50, 100, 10740
2026/06/28 00:23:13.454, 162.50, 100, 10740
2026/06/28 00:23:14.454, 162.06, 100, 10740
2026/06/28 00:23:15.454, 161.07, 98, 10740
2026/06/28 00:23:16.463, 162.98, 100, 10740
2026/06/28 00:23:17.463, 161.61, 100, 10740
2026/06/28 00:23:18.463, 162.02, 100, 10740
2026/06/28 00:23:19.463, 162.10, 100, 10740
2026/06/28 00:23:20.464, 161.32, 97, 10740
2026/06/28 00:23:21.464, 162.36, 100, 10740
2026/06/28 00:23:22.464, 161.72, 100, 10740
2026/06/28 00:23:23.464, 162.54, 100, 10740
2026/06/28 00:23:24.464, 162.21, 100, 10740
2026/06/28 00:23:25.464, 161.52, 98, 10740
2026/06/28 00:23:26.465, 162.50, 100, 10740
2026/06/28 00:23:27.465, 161.98, 100, 10740
2026/06/28 00:23:28.465, 161.97, 100, 10740
2026/06/28 00:23:29.465, 162.24, 100, 10740
2026/06/28 00:23:30.465, 161.32, 98, 10740
2026/06/28 00:23:31.466, 162.32, 100, 10740
2026/06/28 00:23:32.466, 161.85, 100, 10740
2026/06/28 00:23:33.466, 162.03, 100, 10740
2026/06/28 00:23:34.466, 162.31, 100, 10740
2026/06/28 00:23:35.467, 161.46, 100, 10740
2026/06/28 00:23:36.467, 162.19, 100, 10740
2026/06/28 00:23:37.467, 161.73, 100, 10740
2026/06/28 00:23:38.467, 161.80, 99, 10740
2026/06/28 00:23:39.467, 162.31, 100, 10740
2026/06/28 00:23:40.468, 161.64, 100, 10740
2026/06/28 00:23:41.468, 162.15, 100, 10740
2026/06/28 00:23:42.468, 162.02, 100, 10740
2026/06/28 00:23:43.468, 161.08, 98, 10740
2026/06/28 00:23:44.468, 162.39, 100, 10740
2026/06/28 00:23:45.468, 162.01, 100, 10740
2026/06/28 00:23:46.477, 163.06, 100, 10740
2026/06/28 00:23:47.477, 162.46, 100, 10740
2026/06/28 00:23:48.477, 161.49, 98, 10740
2026/06/28 00:23:49.478, 162.62, 100, 10740
2026/06/28 00:23:50.478, 161.76, 100, 10740
2026/06/28 00:23:51.478, 162.02, 100, 10740
2026/06/28 00:23:52.478, 162.10, 100, 10740
2026/06/28 00:23:53.478, 161.14, 98, 10740
2026/06/28 00:23:54.479, 162.55, 100, 10740
2026/06/28 00:23:55.479, 161.82, 100, 10740
2026/06/28 00:23:56.479, 161.96, 100, 10740
2026/06/28 00:23:57.479, 162.30, 100, 10740
2026/06/28 00:23:58.479, 160.52, 89, 10740
2026/06/28 00:23:59.480, 162.67, 100, 10740
2026/06/28 00:24:00.480, 161.59, 100, 10740
2026/06/28 00:24:01.480, 161.74, 100, 10740
2026/06/28 00:24:02.480, 162.21, 100, 10740
2026/06/28 00:24:03.480, 161.16, 99, 10740
2026/06/28 00:24:04.481, 161.96, 100, 10740
2026/06/28 00:24:05.481, 161.52, 100, 10740
2026/06/28 00:24:06.481, 161.63, 100, 10740
2026/06/28 00:24:07.481, 162.28, 100, 10740
2026/06/28 00:24:08.481, 161.30, 100, 10740
2026/06/28 00:24:09.481, 161.40, 100, 10740
2026/06/28 00:24:10.482, 161.68, 100, 10740
2026/06/28 00:24:11.482, 161.87, 100, 10740
2026/06/28 00:24:12.482, 162.11, 100, 10740
2026/06/28 00:24:13.482, 161.48, 100, 10740
2026/06/28 00:24:14.482, 162.20, 100, 10740
2026/06/28 00:24:15.483, 161.86, 100, 10740
2026/06/28 00:24:16.483, 161.03, 98, 10740
2026/06/28 00:24:17.483, 162.60, 100, 10740
2026/06/28 00:24:18.483, 161.49, 100, 10740
2026/06/28 00:24:19.483, 162.24, 100, 10740
2026/06/28 00:24:20.484, 160.79, 100, 10740
2026/06/28 00:24:21.484, 160.81, 98, 10740
2026/06/28 00:24:22.484, 161.92, 100, 10740
2026/06/28 00:24:23.484, 161.57, 100, 10740
2026/06/28 00:24:24.484, 161.93, 100, 10740
2026/06/28 00:24:25.493, 162.00, 100, 10740
2026/06/28 00:24:26.493, 161.17, 98, 10740
2026/06/28 00:24:27.493, 161.98, 100, 10740
2026/06/28 00:24:28.493, 161.48, 100, 10740
2026/06/28 00:24:29.493, 161.64, 100, 10740
2026/06/28 00:24:30.494, 161.88, 100, 10740
2026/06/28 00:24:31.494, 160.97, 98, 10740
2026/06/28 00:24:32.494, 162.03, 100, 10740
2026/06/28 00:24:33.494, 161.36, 100, 10740
2026/06/28 00:24:34.494, 162.00, 100, 10740
2026/06/28 00:24:35.494, 162.37, 100, 10740
2026/06/28 00:24:36.495, 161.31, 98, 10740
2026/06/28 00:24:37.495, 161.93, 100, 10740
2026/06/28 00:24:38.495, 161.35, 100, 10740
2026/06/28 00:24:39.495, 161.54, 100, 10740
2026/06/28 00:24:40.504, 162.12, 100, 10740
2026/06/28 00:24:41.504, 161.36, 98, 10740
2026/06/28 00:24:42.504, 162.33, 100, 10740
2026/06/28 00:24:43.504, 161.54, 100, 10740
2026/06/28 00:24:44.505, 161.88, 100, 10740
2026/06/28 00:24:45.505, 162.21, 100, 10740
2026/06/28 00:24:46.505, 161.08, 100, 10740
2026/06/28 00:24:47.505, 162.37, 100, 10740
2026/06/28 00:24:48.505, 161.79, 100, 10740
2026/06/28 00:24:49.506, 161.78, 99, 10740
2026/06/28 00:24:50.506, 162.41, 100, 10740
2026/06/28 00:24:51.506, 161.72, 100, 10740
2026/06/28 00:24:52.506, 162.34, 100, 10740
2026/06/28 00:24:53.507, 162.12, 100, 10740
2026/06/28 00:24:54.507, 161.16, 98, 10740
2026/06/28 00:24:55.515, 162.02, 100, 10740
2026/06/28 00:24:56.516, 161.40, 100, 10740
2026/06/28 00:24:57.516, 162.50, 100, 10740
2026/06/28 00:24:58.516, 162.09, 100, 10740
2026/06/28 00:24:59.516, 161.22, 98, 10740
2026/06/28 00:25:00.525, 162.23, 100, 10740
2026/06/28 00:25:01.525, 161.89, 100, 10740
2026/06/28 00:25:02.525, 162.58, 100, 10740
2026/06/28 00:25:03.525, 162.32, 100, 10740
2026/06/28 00:25:04.525, 161.57, 98, 10740
2026/06/28 00:25:05.526, 162.14, 100, 10740
2026/06/28 00:25:06.526, 161.65, 100, 10740
2026/06/28 00:25:07.526, 162.18, 100, 10740
2026/06/28 00:25:08.526, 162.14, 100, 10740
2026/06/28 00:25:09.526, 161.54, 98, 10740
2026/06/28 00:25:10.527, 162.31, 100, 10740
2026/06/28 00:25:11.527, 161.45, 100, 10740
2026/06/28 00:25:12.527, 161.70, 100, 10740
2026/06/28 00:25:13.527, 162.02, 100, 10740
2026/06/28 00:25:14.527, 161.43, 98, 10740
2026/06/28 00:25:15.528, 162.30, 100, 10740
2026/06/28 00:25:16.528, 161.62, 100, 10740
2026/06/28 00:25:17.528, 161.65, 100, 10740
2026/06/28 00:25:18.528, 161.97, 100, 10740
2026/06/28 00:25:19.529, 161.24, 99, 10740
2026/06/28 00:25:20.529, 162.02, 100, 10740
2026/06/28 00:25:21.529, 161.32, 100, 10740
2026/06/28 00:25:22.538, 161.54, 100, 10740
2026/06/28 00:25:23.538, 161.93, 100, 10740
2026/06/28 00:25:24.538, 161.10, 100, 10740
2026/06/28 00:25:25.538, 162.43, 100, 10740
2026/06/28 00:25:26.538, 161.53, 100, 10740
2026/06/28 00:25:27.539, 161.55, 98, 10740
2026/06/28 00:25:28.539, 162.11, 100, 10740
2026/06/28 00:25:29.539, 161.34, 100, 10740
2026/06/28 00:25:30.539, 162.39, 100, 10740
2026/06/28 00:25:31.539, 162.03, 100, 10740
2026/06/28 00:25:32.539, 161.52, 98, 10740
2026/06/28 00:25:33.540, 162.62, 100, 10740
2026/06/28 00:25:34.540, 161.23, 100, 10740
2026/06/28 00:25:35.540, 162.24, 100, 10740
2026/06/28 00:25:36.540, 161.80, 100, 10740
2026/06/28 00:25:37.540, 160.79, 98, 10740
2026/06/28 00:25:38.541, 162.52, 100, 10740
2026/06/28 00:25:39.541, 161.37, 100, 10740
2026/06/28 00:25:40.541, 161.92, 100, 10740
2026/06/28 00:25:41.541, 162.07, 100, 10740
2026/06/28 00:25:42.541, 161.21, 98, 10740
2026/06/28 00:25:43.541, 162.29, 100, 10740
2026/06/28 00:25:44.542, 160.34, 100, 10740
2026/06/28 00:25:45.542, 162.07, 100, 10740
2026/06/28 00:25:46.542, 161.98, 100, 10740
2026/06/28 00:25:47.542, 161.13, 98, 10740
2026/06/28 00:25:48.542, 161.96, 100, 10740
2026/06/28 00:25:49.542, 161.49, 100, 10740
2026/06/28 00:25:50.543, 161.98, 100, 10740
2026/06/28 00:25:51.543, 162.37, 100, 10740
2026/06/28 00:25:52.543, 161.57, 98, 10740
2026/06/28 00:25:53.543, 162.31, 100, 10740
2026/06/28 00:25:54.543, 160.51, 100, 10740
2026/06/28 00:25:55.543, 162.14, 100, 10740
2026/06/28 00:25:56.544, 161.99, 100, 10740
2026/06/28 00:25:57.544, 161.31, 98, 10740
2026/06/28 00:25:58.544, 162.14, 100, 10740
2026/06/28 00:25:59.544, 161.81, 100, 10740
2026/06/28 00:26:00.544, 162.00, 100, 10740
2026/06/28 00:26:01.545, 162.03, 100, 10740
2026/06/28 00:26:02.545, 161.18, 99, 10740
2026/06/28 00:26:03.545, 161.89, 100, 10740
2026/06/28 00:26:04.545, 161.62, 100, 10740
2026/06/28 00:26:05.552, 160.87, 100, 10740
2026/06/28 00:26:06.552, 161.90, 100, 10740
2026/06/28 00:26:07.552, 161.32, 100, 10740
2026/06/28 00:26:08.552, 162.16, 100, 10740
2026/06/28 00:26:09.553, 161.57, 100, 10740
2026/06/28 00:26:10.561, 161.41, 100, 10740
2026/06/28 00:26:11.562, 162.38, 100, 10740
2026/06/28 00:26:12.562, 161.47, 100, 10740
2026/06/28 00:26:13.562, 162.12, 100, 10740
2026/06/28 00:26:14.562, 161.75, 100, 10740
2026/06/28 00:26:15.571, 161.00, 98, 10740
2026/06/28 00:26:16.571, 161.94, 100, 10740
2026/06/28 00:26:17.571, 161.40, 100, 10740
2026/06/28 00:26:18.571, 162.55, 100, 10740
2026/06/28 00:26:19.571, 161.71, 100, 10740
2026/06/28 00:26:20.580, 160.87, 97, 10740
2026/06/28 00:26:21.580, 161.20, 100, 10740
2026/06/28 00:26:22.580, 163.96, 100, 10740
2026/06/28 00:26:23.580, 163.91, 100, 10740
2026/06/28 00:26:24.581, 164.03, 100, 10740
2026/06/28 00:26:25.589, 163.99, 100, 10740
2026/06/28 00:26:26.589, 163.86, 100, 10740
2026/06/28 00:26:27.590, 163.97, 100, 10740
2026/06/28 00:26:28.590, 163.89, 100, 10740
2026/06/28 00:26:29.590, 163.96, 100, 10740
2026/06/28 00:26:30.590, 163.95, 100, 10740
2026/06/28 00:26:31.590, 164.11, 100, 10740
2026/06/28 00:26:32.591, 163.99, 100, 10740
2026/06/28 00:26:33.591, 164.26, 100, 10740
2026/06/28 00:26:34.591, 163.80, 100, 10740
2026/06/28 00:26:35.599, 164.24, 100, 10740
2026/06/28 00:26:36.600, 164.04, 100, 10740
2026/06/28 00:26:37.600, 164.11, 100, 10740
2026/06/28 00:26:38.600, 164.09, 100, 10740
2026/06/28 00:26:39.600, 164.33, 100, 10740
2026/06/28 00:26:40.609, 163.91, 100, 10740
2026/06/28 00:26:41.609, 164.02, 100, 10740
2026/06/28 00:26:42.609, 164.22, 100, 10740
2026/06/28 00:26:43.609, 164.13, 100, 10740
2026/06/28 00:26:44.610, 164.09, 100, 10740
2026/06/28 00:26:45.610, 164.07, 100, 10740
2026/06/28 00:26:46.610, 164.28, 100, 10740
2026/06/28 00:26:47.610, 164.12, 100, 10740
2026/06/28 00:26:48.610, 164.07, 100, 10740
2026/06/28 00:26:49.610, 164.19, 100, 10740
2026/06/28 00:26:50.611, 164.08, 100, 10740
2026/06/28 00:26:51.611, 164.14, 100, 10740
2026/06/28 00:26:52.611, 164.09, 99, 10740
2026/06/28 00:26:53.611, 163.92, 100, 10740
2026/06/28 00:26:54.611, 164.35, 99, 10740
2026/06/28 00:26:55.612, 164.41, 100, 10740
2026/06/28 00:26:56.612, 164.34, 99, 10740
2026/06/28 00:26:57.612, 164.19, 100, 10740
2026/06/28 00:26:58.612, 164.11, 100, 10740
2026/06/28 00:26:59.612, 164.40, 100, 10740
2026/06/28 00:27:00.612, 164.14, 99, 10740
2026/06/28 00:27:01.613, 164.33, 100, 10740
2026/06/28 00:27:02.613, 164.04, 99, 10740
2026/06/28 00:27:03.613, 164.22, 100, 10740
2026/06/28 00:27:04.613, 164.10, 99, 10740
2026/06/28 00:27:05.613, 164.20, 100, 10740
2026/06/28 00:27:06.614, 164.05, 99, 10740
2026/06/28 00:27:07.614, 164.27, 100, 10740
2026/06/28 00:27:08.614, 164.14, 99, 10740
2026/06/28 00:27:09.614, 164.34, 100, 10740
2026/06/28 00:27:10.614, 164.59, 99, 10740
2026/06/28 00:27:11.614, 164.43, 100, 10740
2026/06/28 00:27:12.615, 160.20, 72, 10740
2026/06/28 00:27:13.615, 155.80, 100, 10740
2026/06/28 00:27:14.615, 161.64, 100, 10740
2026/06/28 00:27:15.615, 162.65, 100, 10740
2026/06/28 00:27:16.615, 161.96, 100, 10740
2026/06/28 00:27:17.615, 161.72, 100, 10740
2026/06/28 00:27:18.616, 161.43, 100, 10740
2026/06/28 00:27:19.616, 161.49, 100, 10740
2026/06/28 00:27:20.616, 162.28, 100, 10740
2026/06/28 00:27:21.616, 162.21, 100, 10740
2026/06/28 00:27:22.616, 161.83, 98, 10740
2026/06/28 00:27:23.617, 162.83, 100, 10740
2026/06/28 00:27:24.617, 161.31, 100, 10740
2026/06/28 00:27:25.617, 162.49, 100, 10740
2026/06/28 00:27:26.617, 162.33, 100, 10740
2026/06/28 00:27:27.617, 161.08, 98, 10740
2026/06/28 00:27:28.618, 162.20, 100, 10740
2026/06/28 00:27:29.618, 160.44, 100, 10740
2026/06/28 00:27:30.618, 162.48, 100, 10740
2026/06/28 00:27:31.618, 162.07, 100, 10740
2026/06/28 00:27:32.618, 161.20, 98, 10740
2026/06/28 00:27:33.618, 162.10, 100, 10740
2026/06/28 00:27:34.619, 161.63, 100, 10740
2026/06/28 00:27:35.619, 162.41, 100, 10740
2026/06/28 00:27:36.619, 161.85, 100, 10740
2026/06/28 00:27:37.619, 161.29, 98, 10740
2026/06/28 00:27:38.619, 162.54, 100, 10740
2026/06/28 00:27:39.628, 161.59, 100, 10740
2026/06/28 00:27:40.628, 161.77, 100, 10740
2026/06/28 00:27:41.628, 162.15, 100, 10740
2026/06/28 00:27:42.629, 161.39, 98, 10740
2026/06/28 00:27:43.629, 162.12, 100, 10740
2026/06/28 00:27:44.629, 161.83, 100, 10740
2026/06/28 00:27:45.629, 161.55, 100, 10740
2026/06/28 00:27:46.629, 162.33, 100, 10740
2026/06/28 00:27:47.630, 161.26, 98, 10740
2026/06/28 00:27:48.630, 162.09, 100, 10740
2026/06/28 00:27:49.638, 161.58, 100, 10740
2026/06/28 00:27:50.639, 161.97, 100, 10740
2026/06/28 00:27:51.639, 162.26, 100, 10740
2026/06/28 00:27:52.639, 161.31, 100, 10740
2026/06/28 00:27:53.639, 162.20, 100, 10740
2026/06/28 00:27:54.648, 161.60, 100, 10740
2026/06/28 00:27:55.648, 161.38, 98, 10740
2026/06/28 00:27:56.648, 162.03, 100, 10740
2026/06/28 00:27:57.648, 161.30, 100, 10740
2026/06/28 00:27:58.649, 162.03, 100, 10740
2026/06/28 00:27:59.657, 161.84, 100, 10740
2026/06/28 00:28:00.657, 160.92, 98, 10740
2026/06/28 00:28:01.658, 162.09, 100, 10740
2026/06/28 00:28:02.658, 161.19, 100, 10740
2026/06/28 00:28:03.658, 161.91, 100, 10740
2026/06/28 00:28:04.667, 161.79, 100, 10740
2026/06/28 00:28:05.667, 160.95, 98, 10740
2026/06/28 00:28:06.667, 161.92, 100, 10740
2026/06/28 00:28:07.667, 161.53, 100, 10740
2026/06/28 00:28:08.667, 161.84, 100, 10740
2026/06/28 00:28:09.668, 161.95, 100, 10740
2026/06/28 00:28:10.668, 161.37, 98, 10740
2026/06/28 00:28:11.668, 161.95, 100, 10740
2026/06/28 00:28:12.668, 161.54, 100, 10740
2026/06/28 00:28:13.668, 162.15, 100, 10740
2026/06/28 00:28:14.677, 161.86, 100, 10740
2026/06/28 00:28:15.677, 161.26, 98, 10740
2026/06/28 00:28:16.677, 161.86, 100, 10740
2026/06/28 00:28:17.677, 161.70, 100, 10740
2026/06/28 00:28:18.678, 161.94, 100, 10740
2026/06/28 00:28:19.678, 162.22, 100, 10740
2026/06/28 00:28:20.678, 161.34, 99, 10740
2026/06/28 00:28:21.678, 162.05, 100, 10740
2026/06/28 00:28:22.678, 161.49, 100, 10740
2026/06/28 00:28:23.679, 161.71, 100, 10740
2026/06/28 00:28:24.679, 161.82, 100, 10740
2026/06/28 00:28:25.679, 161.13, 100, 10740
2026/06/28 00:28:26.679, 162.33, 100, 10740
2026/06/28 00:28:27.679, 161.63, 100, 10740
2026/06/28 00:28:28.680, 161.23, 98, 10740
2026/06/28 00:28:29.680, 161.97, 100, 10740
2026/06/28 00:28:30.680, 161.25, 100, 10740
2026/06/28 00:28:31.680, 161.65, 100, 10740
2026/06/28 00:28:32.680, 161.98, 100, 10740
2026/06/28 00:28:33.681, 161.08, 98, 10740
2026/06/28 00:28:34.681, 162.38, 100, 10740
2026/06/28 00:28:35.681, 161.67, 100, 10740
2026/06/28 00:28:36.681, 160.88, 100, 10740
2026/06/28 00:28:37.681, 161.91, 100, 10740
2026/06/28 00:28:38.682, 161.25, 98, 10740
2026/06/28 00:28:39.682, 162.39, 100, 10740
2026/06/28 00:28:40.682, 160.97, 100, 10740
2026/06/28 00:28:41.682, 161.35, 100, 10740
2026/06/28 00:28:42.682, 161.92, 100, 10740
2026/06/28 00:28:43.682, 161.15, 98, 10740
2026/06/28 00:28:44.683, 161.90, 100, 10740
2026/06/28 00:28:45.683, 161.65, 100, 10740
2026/06/28 00:28:46.683, 160.94, 100, 10740
2026/06/28 00:28:47.683, 161.87, 100, 10740
2026/06/28 00:28:48.683, 161.47, 100, 10740
2026/06/28 00:28:49.684, 162.06, 100, 10740
2026/06/28 00:28:50.684, 161.80, 100, 10740
2026/06/28 00:28:51.684, 161.21, 98, 10740
2026/06/28 00:28:52.684, 161.59, 100, 10740
2026/06/28 00:28:53.684, 161.28, 100, 10740
2026/06/28 00:28:54.685, 161.74, 100, 10740
2026/06/28 00:28:55.685, 161.61, 100, 10740
2026/06/28 00:28:56.685, 160.80, 98, 10740
2026/06/28 00:28:57.685, 161.44, 100, 10740
2026/06/28 00:28:58.685, 160.10, 100, 10740
2026/06/28 00:28:59.685, 161.43, 100, 10740
2026/06/28 00:29:00.685, 161.74, 100, 10740
2026/06/28 00:29:01.686, 160.78, 98, 10740
2026/06/28 00:29:02.686, 162.05, 100, 10740
2026/06/28 00:29:03.686, 161.28, 100, 10740
2026/06/28 00:29:04.686, 160.36, 100, 10740
2026/06/28 00:29:05.686, 161.61, 100, 10740
2026/06/28 00:29:06.686, 160.95, 98, 10740
2026/06/28 00:29:07.687, 161.87, 100, 10740
2026/06/28 00:29:08.687, 161.53, 100, 10740
2026/06/28 00:29:09.695, 161.13, 100, 10740
2026/06/28 00:29:10.696, 161.86, 100, 10740
2026/06/28 00:29:11.696, 160.83, 100, 10740
2026/06/28 00:29:12.696, 161.79, 100, 10740
2026/06/28 00:29:13.696, 161.29, 100, 10740
2026/06/28 00:29:14.696, 161.51, 100, 10740
2026/06/28 00:29:15.696, 161.73, 100, 10740
2026/06/28 00:29:16.697, 160.75, 100, 10740
2026/06/28 00:29:17.697, 161.62, 100, 10740
2026/06/28 00:29:18.697, 161.34, 100, 10740
2026/06/28 00:29:19.697, 160.49, 98, 10740
2026/06/28 00:29:20.697, 162.29, 100, 10740
2026/06/28 00:29:21.698, 160.58, 100, 10740
2026/06/28 00:29:22.698, 161.63, 100, 10740
2026/06/28 00:29:23.698, 161.25, 100, 10740
2026/06/28 00:29:24.706, 160.46, 98, 10740
2026/06/28 00:29:25.707, 161.71, 100, 10740
2026/06/28 00:29:26.707, 161.00, 100, 10740
2026/06/28 00:29:27.707, 161.49, 100, 10740
2026/06/28 00:29:28.707, 161.47, 100, 10740
2026/06/28 00:29:29.716, 160.53, 98, 10740
2026/06/28 00:29:30.716, 161.50, 100, 10740
2026/06/28 00:29:31.716, 161.02, 100, 10740
2026/06/28 00:29:32.716, 161.67, 100, 10740
2026/06/28 00:29:33.716, 161.83, 100, 10740
2026/06/28 00:29:34.717, 161.03, 98, 10740
2026/06/28 00:29:35.717, 161.56, 100, 10740
2026/06/28 00:29:36.717, 161.16, 100, 10740
2026/06/28 00:29:37.717, 161.56, 100, 10740
2026/06/28 00:29:38.718, 161.59, 100, 10740
2026/06/28 00:29:39.726, 160.62, 98, 10740
2026/06/28 00:29:40.726, 161.59, 100, 10740
2026/06/28 00:29:41.726, 161.18, 100, 10740
2026/06/28 00:29:42.727, 161.66, 100, 10740
2026/06/28 00:29:43.727, 161.53, 100, 10740
2026/06/28 00:29:44.735, 160.82, 98, 10740
2026/06/28 00:29:45.736, 162.02, 100, 10740
2026/06/28 00:29:46.736, 161.41, 100, 10740
2026/06/28 00:29:47.736, 161.76, 100, 10740
2026/06/28 00:29:48.736, 161.79, 100, 10740
2026/06/28 00:29:49.736, 161.15, 100, 10740
2026/06/28 00:29:50.737, 162.25, 100, 10740
2026/06/28 00:29:51.737, 161.50, 100, 10740
2026/06/28 00:29:52.737, 161.34, 99, 10740
2026/06/28 00:29:53.737, 161.99, 100, 10740
2026/06/28 00:29:54.737, 161.07, 100, 10740
2026/06/28 00:29:55.737, 162.43, 100, 10740
2026/06/28 00:29:56.738, 161.71, 100, 10740
2026/06/28 00:29:57.738, 160.81, 98, 10740
2026/06/28 00:29:58.738, 161.89, 100, 10740
2026/06/28 00:29:59.738, 161.49, 100, 10740
2026/06/28 00:30:00.738, 162.43, 100, 10740
2026/06/28 00:30:01.739, 161.82, 100, 10740
2026/06/28 00:30:02.739, 160.91, 98, 10740
2026/06/28 00:30:03.739, 162.29, 100, 10740
2026/06/28 00:30:04.739, 161.53, 100, 10740
2026/06/28 00:30:05.739, 161.91, 100, 10740
2026/06/28 00:30:06.740, 161.97, 100, 10740
2026/06/28 00:30:07.740, 161.27, 98, 10740
2026/06/28 00:30:08.740, 161.92, 100, 10740
2026/06/28 00:30:09.740, 161.33, 100, 10740
2026/06/28 00:30:10.740, 161.94, 100, 10740
2026/06/28 00:30:11.741, 161.98, 100, 10740
2026/06/28 00:30:12.741, 161.27, 98, 10740
2026/06/28 00:30:13.741, 161.99, 100, 10740
2026/06/28 00:30:14.741, 162.04, 100, 10740
2026/06/28 00:30:15.742, 161.92, 100, 10740
2026/06/28 00:30:16.742, 162.00, 100, 10740
2026/06/28 00:30:17.742, 161.18, 100, 10740
2026/06/28 00:30:18.742, 162.30, 100, 10740
2026/06/28 00:30:19.742, 161.65, 100, 10740
2026/06/28 00:30:20.743, 161.93, 100, 10740
2026/06/28 00:30:21.743, 162.04, 100, 10740
2026/06/28 00:30:22.743, 161.29, 100, 10740
2026/06/28 00:30:23.743, 162.18, 100, 10740
2026/06/28 00:30:24.743, 161.77, 100, 10740
2026/06/28 00:30:25.743, 160.90, 98, 10740
2026/06/28 00:30:26.744, 161.94, 100, 10740
2026/06/28 00:30:27.744, 161.34, 100, 10740
2026/06/28 00:30:28.744, 162.27, 100, 10740
2026/06/28 00:30:29.744, 161.71, 100, 10740
2026/06/28 00:30:30.744, 160.77, 98, 10740
2026/06/28 00:30:31.745, 161.71, 100, 10740
2026/06/28 00:30:32.745, 161.34, 100, 10740
2026/06/28 00:30:33.745, 161.99, 100, 10740
2026/06/28 00:30:34.745, 161.80, 100, 10740
2026/06/28 00:30:35.745, 161.07, 98, 10740
2026/06/28 00:30:36.746, 161.92, 100, 10740
2026/06/28 00:30:37.746, 161.45, 100, 10740
2026/06/28 00:30:38.746, 162.00, 100, 10740
2026/06/28 00:30:39.755, 162.39, 100, 10740
2026/06/28 00:30:40.755, 161.30, 98, 10740
2026/06/28 00:30:41.755, 162.40, 100, 10740
2026/06/28 00:30:42.755, 161.69, 100, 10740
2026/06/28 00:30:43.755, 161.68, 100, 10740
2026/06/28 00:30:44.756, 162.25, 100, 10740
2026/06/28 00:30:45.756, 161.57, 100, 10740
2026/06/28 00:30:46.756, 162.07, 100, 10740
2026/06/28 00:30:47.756, 161.95, 100, 10740
2026/06/28 00:30:48.756, 161.92, 100, 10740
2026/06/28 00:30:49.765, 161.96, 100, 10740
2026/06/28 00:30:50.765, 161.31, 100, 10740
2026/06/28 00:30:51.765, 162.51, 100, 10740
2026/06/28 00:30:52.765, 161.94, 100, 10740
2026/06/28 00:30:53.766, 161.08, 98, 10740
2026/06/28 00:30:54.766, 162.15, 100, 10740
2026/06/28 00:30:55.766, 161.36, 100, 10740
2026/06/28 00:30:56.766, 161.97, 100, 10740
2026/06/28 00:30:57.766, 161.81, 100, 10740
2026/06/28 00:30:58.767, 161.04, 98, 10740
2026/06/28 00:30:59.775, 162.37, 100, 10740
2026/06/28 00:31:00.775, 161.31, 100, 10740
2026/06/28 00:31:01.776, 161.92, 100, 10740
2026/06/28 00:31:02.776, 161.73, 100, 10740
2026/06/28 00:31:03.776, 160.79, 98, 10740
2026/06/28 00:31:04.776, 162.51, 100, 10740
2026/06/28 00:31:05.776, 161.38, 100, 10740
2026/06/28 00:31:06.777, 161.62, 100, 10740
2026/06/28 00:31:07.777, 161.92, 100, 10740
2026/06/28 00:31:08.777, 161.15, 98, 10740
2026/06/28 00:31:09.777, 161.89, 100, 10740
2026/06/28 00:31:10.777, 161.46, 100, 10740
2026/06/28 00:31:11.777, 161.90, 100, 10740
2026/06/28 00:31:12.778, 162.06, 100, 10740
2026/06/28 00:31:13.778, 161.15, 97, 10740
2026/06/28 00:31:14.786, 161.65, 100, 10740
2026/06/28 00:31:15.787, 161.07, 100, 10740
2026/06/28 00:31:16.787, 161.92, 100, 10740
2026/06/28 00:31:17.787, 161.79, 100, 10740
2026/06/28 00:31:18.787, 161.53, 100, 10740
2026/06/28 00:31:19.787, 162.06, 100, 10740
2026/06/28 00:31:20.787, 161.03, 100, 10740
2026/06/28 00:31:21.788, 162.40, 99, 10740
2026/06/28 00:31:22.788, 161.88, 100, 10740
2026/06/28 00:31:23.788, 160.94, 100, 10740
2026/06/28 00:31:24.796, 162.04, 100, 10740
2026/06/28 00:31:25.797, 161.26, 100, 10740
2026/06/28 00:31:26.797, 161.81, 100, 10740
2026/06/28 00:31:27.797, 161.68, 100, 10740
2026/06/28 00:31:28.797, 161.08, 98, 10740
2026/06/28 00:31:29.806, 161.77, 100, 10740
2026/06/28 00:31:30.806, 161.39, 100, 10740
2026/06/28 00:31:31.806, 161.97, 100, 10740
2026/06/28 00:31:32.806, 161.68, 100, 10740
2026/06/28 00:31:33.806, 161.14, 98, 10740
2026/06/28 00:31:34.807, 161.69, 100, 10740
2026/06/28 00:31:35.807, 161.26, 100, 10740
2026/06/28 00:31:36.807, 161.58, 100, 10740
2026/06/28 00:31:37.807, 161.76, 100, 10740
2026/06/28 00:31:38.807, 160.94, 98, 10740
2026/06/28 00:31:39.808, 161.65, 100, 10740
2026/06/28 00:31:40.808, 161.62, 100, 10740
2026/06/28 00:31:41.808, 161.85, 100, 10740
2026/06/28 00:31:42.808, 161.81, 100, 10740
2026/06/28 00:31:43.808, 161.34, 98, 10740
2026/06/28 00:31:44.809, 161.93, 100, 10740
2026/06/28 00:31:45.809, 161.47, 100, 10740
2026/06/28 00:31:46.809, 161.61, 100, 10740
2026/06/28 00:31:47.809, 162.37, 100, 10740
2026/06/28 00:31:48.809, 161.28, 100, 10740
2026/06/28 00:31:49.810, 162.41, 100, 10740
2026/06/28 00:31:50.810, 161.74, 100, 10740
2026/06/28 00:31:51.810, 161.96, 99, 10740
2026/06/28 00:31:52.810, 162.23, 100, 10740
2026/06/28 00:31:53.810, 161.49, 100, 10740
2026/06/28 00:31:54.810, 162.39, 100, 10740
2026/06/28 00:31:55.819, 161.79, 100, 10740
2026/06/28 00:31:56.819, 160.80, 98, 10740
2026/06/28 00:31:57.819, 161.88, 100, 10740
2026/06/28 00:31:58.820, 161.31, 100, 10740
2026/06/28 00:31:59.820, 162.53, 100, 10740
2026/06/28 00:32:00.820, 162.00, 100, 10740
2026/06/28 00:32:01.820, 160.89, 98, 10740
2026/06/28 00:32:02.820, 162.47, 100, 10740
2026/06/28 00:32:03.821, 161.42, 100, 10740
2026/06/28 00:32:04.821, 162.18, 100, 10740
2026/06/28 00:32:05.829, 162.09, 100, 10740
2026/06/28 00:32:06.829, 161.49, 98, 10740
2026/06/28 00:32:07.830, 162.03, 100, 10740
2026/06/28 00:32:08.830, 161.48, 100, 10740
2026/06/28 00:32:09.830, 162.17, 100, 10740
2026/06/28 00:32:10.830, 162.15, 100, 10740
2026/06/28 00:32:11.830, 161.12, 98, 10740
2026/06/28 00:32:12.831, 162.45, 100, 10740
2026/06/28 00:32:13.831, 161.46, 100, 10740
2026/06/28 00:32:14.831, 162.09, 100, 10740
2026/06/28 00:32:15.839, 161.81, 100, 10740
2026/06/28 00:32:16.840, 161.18, 98, 10740
2026/06/28 00:32:17.840, 162.07, 100, 10740
2026/06/28 00:32:18.840, 161.47, 100, 10740
2026/06/28 00:32:19.840, 161.61, 100, 10740
2026/06/28 00:32:20.849, 162.28, 100, 10740
2026/06/28 00:32:21.849, 161.45, 100, 10740
2026/06/28 00:32:22.849, 162.56, 100, 10740
2026/06/28 00:32:23.849, 160.52, 100, 10740
2026/06/28 00:32:24.849, 164.40, 99, 10740
2026/06/28 00:32:25.850, 164.23, 100, 10740
2026/06/28 00:32:26.850, 164.15, 99, 10740
2026/06/28 00:32:27.850, 164.31, 100, 10740
2026/06/28 00:32:28.850, 164.19, 99, 10740
2026/06/28 00:32:29.850, 164.40, 100, 10740
2026/06/28 00:32:30.851, 163.89, 100, 10740
2026/06/28 00:32:31.851, 164.14, 100, 10740
2026/06/28 00:32:32.851, 164.21, 99, 10740
2026/06/28 00:32:33.851, 163.99, 100, 10740
2026/06/28 00:32:34.851, 164.14, 100, 10740
2026/06/28 00:32:35.860, 164.15, 100, 10740
2026/06/28 00:32:36.860, 163.95, 100, 10740
2026/06/28 00:32:37.860, 164.04, 100, 10740
2026/06/28 00:32:38.860, 163.86, 99, 10740
2026/06/28 00:32:39.861, 164.20, 100, 10740
2026/06/28 00:32:40.869, 164.11, 100, 10740
2026/06/28 00:32:41.869, 163.86, 100, 10740
2026/06/28 00:32:42.869, 164.00, 99, 10740
2026/06/28 00:32:43.870, 163.63, 100, 10740
2026/06/28 00:32:44.870, 163.82, 100, 10740
2026/06/28 00:32:45.870, 163.96, 100, 10740
2026/06/28 00:32:46.870, 164.19, 100, 10740
2026/06/28 00:32:47.870, 164.04, 100, 10740
2026/06/28 00:32:48.871, 164.20, 100, 10740
2026/06/28 00:32:49.871, 163.87, 100, 10740
2026/06/28 00:32:50.879, 164.22, 100, 10740
2026/06/28 00:32:51.880, 164.15, 100, 10740
2026/06/28 00:32:52.880, 164.18, 100, 10740
2026/06/28 00:32:53.880, 164.15, 100, 10740
2026/06/28 00:32:54.880, 164.23, 100, 10740
2026/06/28 00:32:55.889, 163.98, 100, 10740
2026/06/28 00:32:56.889, 164.02, 100, 10740
2026/06/28 00:32:57.889, 164.02, 100, 10740
2026/06/28 00:32:58.889, 164.21, 100, 10740
2026/06/28 00:32:59.889, 164.18, 100, 10740
2026/06/28 00:33:00.890, 164.26, 100, 10740
2026/06/28 00:33:01.890, 164.23, 100, 10740
2026/06/28 00:33:02.890, 164.08, 100, 10740
2026/06/28 00:33:03.890, 164.30, 100, 10740
2026/06/28 00:33:04.890, 164.21, 100, 10740
2026/06/28 00:33:05.899, 164.07, 100, 10740
2026/06/28 00:33:06.899, 164.23, 100, 10740
2026/06/28 00:33:07.899, 164.43, 100, 10740
2026/06/28 00:33:08.899, 164.28, 100, 10740
2026/06/28 00:33:09.900, 164.12, 100, 10740
2026/06/28 00:33:10.908, 164.40, 100, 10740
2026/06/28 00:33:11.908, 164.15, 100, 10740
2026/06/28 00:33:12.908, 164.32, 100, 10740
2026/06/28 00:33:13.909, 164.18, 100, 10740
2026/06/28 00:33:14.909, 164.18, 100, 10740
2026/06/28 00:33:15.909, 154.35, 100, 10740
2026/06/28 00:33:16.909, 161.83, 98, 10740
2026/06/28 00:33:17.909, 162.12, 100, 10740
2026/06/28 00:33:18.910, 161.48, 100, 10740
2026/06/28 00:33:19.910, 162.47, 100, 10740
2026/06/28 00:33:20.910, 162.27, 100, 10740
2026/06/28 00:33:21.910, 161.16, 98, 10740
2026/06/28 00:33:22.910, 162.24, 100, 10740
2026/06/28 00:33:23.911, 161.44, 100, 10740
2026/06/28 00:33:24.911, 162.34, 100, 10740
2026/06/28 00:33:25.911, 161.89, 100, 10740
2026/06/28 00:33:26.911, 161.10, 98, 10740
2026/06/28 00:33:27.911, 162.24, 100, 10740
2026/06/28 00:33:28.912, 161.51, 100, 10740
2026/06/28 00:33:29.912, 162.18, 100, 10740
2026/06/28 00:33:30.912, 162.27, 100, 10740
2026/06/28 00:33:31.912, 161.59, 99, 10740
2026/06/28 00:33:32.921, 162.21, 100, 10740
2026/06/28 00:33:33.921, 161.69, 100, 10740
2026/06/28 00:33:34.921, 161.96, 100, 10740
2026/06/28 00:33:35.921, 161.99, 100, 10740
2026/06/28 00:33:36.921, 161.28, 98, 10740
2026/06/28 00:33:37.930, 162.29, 100, 10740
2026/06/28 00:33:38.930, 162.01, 100, 10740
2026/06/28 00:33:39.930, 161.98, 100, 10740
2026/06/28 00:33:40.930, 162.32, 100, 10740
2026/06/28 00:33:41.931, 161.62, 98, 10740
2026/06/28 00:33:42.939, 162.57, 100, 10740
2026/06/28 00:33:43.939, 161.67, 100, 10740
2026/06/28 00:33:44.939, 162.01, 100, 10740
2026/06/28 00:33:45.940, 162.32, 100, 10740
2026/06/28 00:33:46.940, 161.61, 100, 10740
2026/06/28 00:33:47.940, 162.34, 100, 10740
2026/06/28 00:33:48.940, 161.81, 100, 10740
2026/06/28 00:33:49.941, 161.80, 100, 10740
2026/06/28 00:33:50.941, 162.36, 100, 10740
2026/06/28 00:33:51.941, 161.24, 100, 10740
2026/06/28 00:33:52.941, 162.27, 100, 10740
2026/06/28 00:33:53.941, 160.85, 100, 10740
2026/06/28 00:33:54.942, 161.74, 98, 10740
2026/06/28 00:33:55.942, 162.41, 100, 10740
2026/06/28 00:33:56.942, 161.46, 100, 10740
2026/06/28 00:33:57.942, 162.51, 100, 10740
2026/06/28 00:33:58.942, 161.92, 100, 10740
2026/06/28 00:33:59.943, 160.98, 98, 10740
2026/06/28 00:34:00.943, 162.32, 100, 10740
2026/06/28 00:34:01.943, 161.31, 100, 10740
2026/06/28 00:34:02.943, 162.06, 100, 10740
2026/06/28 00:34:03.943, 162.11, 100, 10740
2026/06/28 00:34:04.944, 161.62, 98, 10740
2026/06/28 00:34:05.944, 162.18, 100, 10740
2026/06/28 00:34:06.944, 161.89, 100, 10740
2026/06/28 00:34:07.944, 162.33, 100, 10740
2026/06/28 00:34:08.944, 162.30, 100, 10740
2026/06/28 00:34:09.945, 161.43, 98, 10740
2026/06/28 00:34:10.945, 162.21, 100, 10740
2026/06/28 00:34:11.945, 161.73, 100, 10740
2026/06/28 00:34:12.945, 162.19, 100, 10740
2026/06/28 00:34:13.945, 162.40, 100, 10740
2026/06/28 00:34:14.945, 161.37, 98, 10740
2026/06/28 00:34:15.946, 162.03, 100, 10740
2026/06/28 00:34:16.946, 161.71, 100, 10740
2026/06/28 00:34:17.946, 161.97, 100, 10740
2026/06/28 00:34:18.946, 161.72, 100, 10740
2026/06/28 00:34:19.946, 161.12, 98, 10740
2026/06/28 00:34:20.947, 161.82, 100, 10740
2026/06/28 00:34:21.947, 161.58, 100, 10740
2026/06/28 00:34:22.947, 161.33, 100, 10740
2026/06/28 00:34:23.947, 161.85, 100, 10740
2026/06/28 00:34:24.956, 160.97, 100, 10740
2026/06/28 00:34:25.956, 162.20, 100, 10740
2026/06/28 00:34:26.956, 161.92, 100, 10740
2026/06/28 00:34:27.956, 161.40, 100, 10740
2026/06/28 00:34:28.956, 162.11, 100, 10740
2026/06/28 00:34:29.957, 161.16, 100, 10740
2026/06/28 00:34:30.957, 162.45, 100, 10740
2026/06/28 00:34:31.957, 161.93, 100, 10740
2026/06/28 00:34:32.957, 161.09, 98, 10740
2026/06/28 00:34:33.957, 162.65, 100, 10740
2026/06/28 00:34:34.958, 161.46, 100, 10740
2026/06/28 00:34:35.958, 162.33, 100, 10740
2026/06/28 00:34:36.958, 162.05, 100, 10740
2026/06/28 00:34:37.958, 161.26, 98, 10740
2026/06/28 00:34:38.958, 162.54, 100, 10740
2026/06/28 00:34:39.959, 161.54, 100, 10740
2026/06/28 00:34:40.959, 162.29, 100, 10740
2026/06/28 00:34:41.959, 161.84, 100, 10740
2026/06/28 00:34:42.959, 160.82, 98, 10740
2026/06/28 00:34:43.959, 161.91, 100, 10740
2026/06/28 00:34:44.968, 161.57, 100, 10740
2026/06/28 00:34:45.968, 162.29, 100, 10740
2026/06/28 00:34:46.968, 162.06, 100, 10740
2026/06/28 00:34:47.968, 161.33, 98, 10740
2026/06/28 00:34:48.969, 162.33, 100, 10740
2026/06/28 00:34:49.969, 161.66, 100, 10740
2026/06/28 00:34:50.969, 161.89, 100, 10740
2026/06/28 00:34:51.969, 162.04, 100, 10740
2026/06/28 00:34:52.969, 161.21, 98, 10740
2026/06/28 00:34:53.969, 162.17, 100, 10740
2026/06/28 00:34:54.970, 161.81, 100, 10740
2026/06/28 00:34:55.970, 161.87, 100, 10740
2026/06/28 00:34:56.970, 162.11, 100, 10740
2026/06/28 00:34:57.970, 161.25, 99, 10740
2026/06/28 00:34:58.970, 162.12, 100, 10740
2026/06/28 00:34:59.971, 161.65, 100, 10740
2026/06/28 00:35:00.971, 161.84, 100, 10740
2026/06/28 00:35:01.971, 162.29, 100, 10740
2026/06/28 00:35:02.971, 161.20, 100, 10740
2026/06/28 00:35:03.971, 162.12, 100, 10740
2026/06/28 00:35:04.972, 161.62, 100, 10740
2026/06/28 00:35:05.972, 161.18, 98, 10740
2026/06/28 00:35:06.972, 161.16, 100, 10740
2026/06/28 00:35:07.972, 161.30, 100, 10740
2026/06/28 00:35:08.972, 162.04, 100, 10740
2026/06/28 00:35:09.973, 161.76, 100, 10740
2026/06/28 00:35:10.973, 160.98, 98, 10740
2026/06/28 00:35:11.973, 161.94, 100, 10740
2026/06/28 00:35:12.973, 161.48, 100, 10740
2026/06/28 00:35:13.973, 162.02, 100, 10740
2026/06/28 00:35:14.974, 161.86, 100, 10740
2026/06/28 00:35:15.974, 161.33, 98, 10740
2026/06/28 00:35:16.974, 162.68, 100, 10740
2026/06/28 00:35:17.982, 161.62, 100, 10740
2026/06/28 00:35:18.983, 162.28, 100, 10740
2026/06/28 00:35:19.983, 161.86, 100, 10740
2026/06/28 00:35:20.983, 160.96, 98, 10740
2026/06/28 00:35:21.983, 162.61, 100, 10740
2026/06/28 00:35:22.992, 161.67, 100, 10740
2026/06/28 00:35:23.992, 162.14, 100, 10740
2026/06/28 00:35:24.992, 161.84, 100, 10740
2026/06/28 00:35:25.992, 161.28, 98, 10740
2026/06/28 00:35:26.993, 162.26, 100, 10740
2026/06/28 00:35:27.993, 161.55, 100, 10740
2026/06/28 00:35:28.993, 161.87, 100, 10740
2026/06/28 00:35:29.993, 162.11, 100, 10740
2026/06/28 00:35:30.993, 161.18, 99, 10740
2026/06/28 00:35:31.994, 162.18, 100, 10740
2026/06/28 00:35:32.994, 161.53, 100, 10740
2026/06/28 00:35:33.994, 161.63, 100, 10740
2026/06/28 00:35:34.994, 162.10, 100, 10740
2026/06/28 00:35:35.994, 161.11, 100, 10740
2026/06/28 00:35:36.994, 162.21, 100, 10740
2026/06/28 00:35:37.995, 161.60, 100, 10740
2026/06/28 00:35:38.995, 161.79, 100, 10740
2026/06/28 00:35:39.995, 162.13, 100, 10740
2026/06/28 00:35:40.995, 161.43, 100, 10740
2026/06/28 00:35:41.995, 162.15, 100, 10740
2026/06/28 00:35:43.004, 161.96, 100, 10740
2026/06/28 00:35:44.004, 161.65, 98, 10740
2026/06/28 00:35:45.004, 162.19, 100, 10740
2026/06/28 00:35:46.005, 161.43, 100, 10740
2026/06/28 00:35:47.005, 162.43, 100, 10740
2026/06/28 00:35:48.013, 161.99, 100, 10740
2026/06/28 00:35:49.014, 160.91, 98, 10740
2026/06/28 00:35:50.014, 161.91, 100, 10740
2026/06/28 00:35:51.014, 162.02, 100, 10740
2026/06/28 00:35:52.014, 160.95, 100, 10740
2026/06/28 00:35:53.014, 161.85, 100, 10740
2026/06/28 00:35:54.015, 161.10, 98, 10740
2026/06/28 00:35:55.015, 162.22, 100, 10740
2026/06/28 00:35:56.015, 161.76, 100, 10740
2026/06/28 00:35:57.015, 160.88, 100, 10740
2026/06/28 00:35:58.015, 162.49, 100, 10740
2026/06/28 00:35:59.016, 161.60, 100, 10740
2026/06/28 00:36:00.016, 161.70, 100, 10740
2026/06/28 00:36:01.016, 161.77, 100, 10740
2026/06/28 00:36:02.016, 161.01, 98, 10740
2026/06/28 00:36:03.025, 161.87, 100, 10740
2026/06/28 00:36:04.025, 161.56, 100, 10740
2026/06/28 00:36:05.025, 162.04, 100, 10740
2026/06/28 00:36:06.025, 161.78, 100, 10740
2026/06/28 00:36:07.025, 160.93, 98, 10740
2026/06/28 00:36:08.034, 161.88, 100, 10740
2026/06/28 00:36:09.034, 161.34, 100, 10740
2026/06/28 00:36:10.034, 161.69, 100, 10740
2026/06/28 00:36:11.035, 161.95, 100, 10740
2026/06/28 00:36:12.035, 161.14, 97, 10740
2026/06/28 00:36:13.035, 162.20, 100, 10740
2026/06/28 00:36:14.035, 161.86, 100, 10740
2026/06/28 00:36:15.035, 161.88, 100, 10740
2026/06/28 00:36:16.035, 161.94, 100, 10740
2026/06/28 00:36:17.036, 161.38, 100, 10740
2026/06/28 00:36:18.036, 162.16, 100, 10740
2026/06/28 00:36:19.036, 161.84, 100, 10740
2026/06/28 00:36:20.036, 161.39, 100, 10740
2026/06/28 00:36:21.036, 162.29, 100, 10740
2026/06/28 00:36:22.037, 161.40, 100, 10740
2026/06/28 00:36:23.037, 162.51, 100, 10740
2026/06/28 00:36:24.037, 161.91, 100, 10740
2026/06/28 00:36:25.037, 160.89, 98, 10740
2026/06/28 00:36:26.037, 162.00, 100, 10740
2026/06/28 00:36:27.038, 161.29, 100, 10740
2026/06/28 00:36:28.038, 162.04, 100, 10740
2026/06/28 00:36:29.038, 161.76, 100, 10740
2026/06/28 00:36:30.038, 161.25, 98, 10740
2026/06/28 00:36:31.038, 161.87, 100, 10740
2026/06/28 00:36:32.038, 161.39, 100, 10740
2026/06/28 00:36:33.039, 162.18, 100, 10740
2026/06/28 00:36:34.039, 162.05, 100, 10740
2026/06/28 00:36:35.039, 160.90, 98, 10740
2026/06/28 00:36:36.039, 162.12, 100, 10740
2026/06/28 00:36:37.039, 161.70, 100, 10740
2026/06/28 00:36:38.039, 162.12, 100, 10740
2026/06/28 00:36:39.040, 161.87, 100, 10740
2026/06/28 00:36:40.040, 161.10, 98, 10740
2026/06/28 00:36:41.040, 162.12, 100, 10740
2026/06/28 00:36:42.040, 161.86, 100, 10740
2026/06/28 00:36:43.040, 162.29, 100, 10740
2026/06/28 00:36:44.041, 162.30, 100, 10740
2026/06/28 00:36:45.049, 160.98, 98, 10740
2026/06/28 00:36:46.049, 162.08, 100, 10740
2026/06/28 00:36:47.049, 161.70, 100, 10740
2026/06/28 00:36:48.050, 161.74, 100, 10740
2026/06/28 00:36:49.050, 162.05, 100, 10740
2026/06/28 00:36:50.050, 161.43, 100, 10740
2026/06/28 00:36:51.050, 162.14, 100, 10740
2026/06/28 00:36:52.051, 161.83, 100, 10740
2026/06/28 00:36:53.051, 162.01, 100, 10740
2026/06/28 00:36:54.051, 162.27, 100, 10740
2026/06/28 00:36:55.060, 161.45, 100, 10740
2026/06/28 00:36:56.060, 161.94, 100, 10740
2026/06/28 00:36:57.060, 161.96, 100, 10740
2026/06/28 00:36:58.060, 161.02, 98, 10740
2026/06/28 00:36:59.060, 161.99, 100, 10740
2026/06/28 00:37:00.061, 161.67, 100, 10740
2026/06/28 00:37:01.061, 162.63, 100, 10740
2026/06/28 00:37:02.061, 162.01, 100, 10740
2026/06/28 00:37:03.061, 161.21, 98, 10740
2026/06/28 00:37:04.061, 162.36, 100, 10740
2026/06/28 00:37:05.070, 161.85, 100, 10740
2026/06/28 00:37:06.070, 161.83, 100, 10740
2026/06/28 00:37:07.070, 162.00, 100, 10740
2026/06/28 00:37:08.071, 160.95, 98, 10740
2026/06/28 00:37:09.071, 161.97, 100, 10740
2026/06/28 00:37:10.079, 161.74, 100, 10740
2026/06/28 00:37:11.080, 161.99, 100, 10740
2026/06/28 00:37:12.080, 162.05, 100, 10740
2026/06/28 00:37:13.080, 161.32, 98, 10740
2026/06/28 00:37:14.080, 162.01, 100, 10740
2026/06/28 00:37:15.089, 161.71, 100, 10740
2026/06/28 00:37:16.089, 161.81, 100, 10740
2026/06/28 00:37:17.089, 162.00, 100, 10740
2026/06/28 00:37:18.089, 161.02, 98, 10740
2026/06/28 00:37:19.090, 162.15, 100, 10740
2026/06/28 00:37:20.090, 161.82, 100, 10740
2026/06/28 00:37:21.090, 161.51, 100, 10740
2026/06/28 00:37:22.090, 161.84, 100, 10740
2026/06/28 00:37:23.090, 161.40, 100, 10740
2026/06/28 00:37:24.091, 162.09, 100, 10740
2026/06/28 00:37:25.099, 161.88, 100, 10740
2026/06/28 00:37:26.099, 161.85, 100, 10740
2026/06/28 00:37:27.100, 162.24, 100, 10740
2026/06/28 00:37:28.100, 161.66, 100, 10740
2026/06/28 00:37:29.100, 162.41, 100, 10740
2026/06/28 00:37:30.100, 161.90, 100, 10740
2026/06/28 00:37:31.100, 161.17, 98, 10740
2026/06/28 00:37:32.100, 162.12, 100, 10740
2026/06/28 00:37:33.101, 161.35, 100, 10740
2026/06/28 00:37:34.101, 162.16, 100, 10740
2026/06/28 00:37:35.109, 161.68, 100, 10740
2026/06/28 00:37:36.110, 160.76, 98, 10740
2026/06/28 00:37:37.110, 162.53, 100, 10740
2026/06/28 00:37:38.110, 161.38, 100, 10740
2026/06/28 00:37:39.110, 162.05, 100, 10740
2026/06/28 00:37:40.110, 161.97, 100, 10740
2026/06/28 00:37:41.110, 161.01, 98, 10740
2026/06/28 00:37:42.111, 161.89, 100, 10740
2026/06/28 00:37:43.111, 161.51, 100, 10740
2026/06/28 00:37:44.111, 161.79, 100, 10740
2026/06/28 00:37:45.111, 161.88, 100, 10740
2026/06/28 00:37:46.111, 161.03, 98, 10740
2026/06/28 00:37:47.111, 162.11, 100, 10740
2026/06/28 00:37:48.112, 161.65, 100, 10740
2026/06/28 00:37:49.112, 162.09, 100, 10740
2026/06/28 00:37:50.112, 162.12, 100, 10740
2026/06/28 00:37:51.112, 161.37, 97, 10740
2026/06/28 00:37:52.112, 161.80, 100, 10740
2026/06/28 00:37:53.113, 161.54, 100, 10740
2026/06/28 00:37:54.113, 161.76, 100, 10740
2026/06/28 00:37:55.113, 162.10, 100, 10740
2026/06/28 00:37:56.113, 161.30, 98, 10740
2026/06/28 00:37:57.113, 162.28, 100, 10740
2026/06/28 00:37:58.114, 161.97, 100, 10740
2026/06/28 00:37:59.114, 161.87, 100, 10740
2026/06/28 00:38:00.114, 162.18, 100, 10740
2026/06/28 00:38:01.114, 161.45, 100, 10740
2026/06/28 00:38:02.114, 162.30, 100, 10740
2026/06/28 00:38:03.115, 161.83, 100, 10740
2026/06/28 00:38:04.115, 161.49, 99, 10740
2026/06/28 00:38:05.115, 162.24, 100, 10740
2026/06/28 00:38:06.115, 161.35, 100, 10740
2026/06/28 00:38:07.115, 162.27, 100, 10740
2026/06/28 00:38:08.116, 161.68, 100, 10740
2026/06/28 00:38:09.116, 160.89, 98, 10740
2026/06/28 00:38:10.116, 161.93, 100, 10740
2026/06/28 00:38:11.116, 161.29, 100, 10740
2026/06/28 00:38:12.116, 162.05, 100, 10740
2026/06/28 00:38:13.116, 161.94, 100, 10740
2026/06/28 00:38:14.117, 161.47, 98, 10740
2026/06/28 00:38:15.117, 161.88, 100, 10740
2026/06/28 00:38:16.117, 161.25, 100, 10740
2026/06/28 00:38:17.117, 162.29, 100, 10740
2026/06/28 00:38:18.117, 161.79, 100, 10740
2026/06/28 00:38:19.117, 161.45, 98, 10740
2026/06/28 00:38:20.118, 162.37, 100, 10740
2026/06/28 00:38:21.118, 161.22, 100, 10740
2026/06/28 00:38:22.118, 161.96, 100, 10740
2026/06/28 00:38:23.118, 161.94, 100, 10740
2026/06/28 00:38:24.118, 161.24, 98, 10740
2026/06/28 00:38:25.118, 162.27, 100, 10740
2026/06/28 00:38:26.119, 161.52, 100, 10740
2026/06/28 00:38:27.119, 161.39, 100, 10740
2026/06/28 00:38:28.119, 164.02, 100, 10740
2026/06/28 00:38:29.119, 163.95, 100, 10740
2026/06/28 00:38:30.119, 163.99, 100, 10740
2026/06/28 00:38:31.120, 163.84, 100, 10740
2026/06/28 00:38:32.120, 163.83, 100, 10740
2026/06/28 00:38:33.128, 163.76, 100, 10740
2026/06/28 00:38:34.128, 163.91, 100, 10740
2026/06/28 00:38:35.129, 163.79, 100, 10740
2026/06/28 00:38:36.129, 164.04, 100, 10740
2026/06/28 00:38:37.129, 163.93, 100, 10740
2026/06/28 00:38:38.129, 163.91, 100, 10740
2026/06/28 00:38:39.129, 163.66, 100, 10740
2026/06/28 00:38:40.129, 163.71, 100, 10740
2026/06/28 00:38:41.130, 163.77, 100, 10740
2026/06/28 00:38:42.130, 163.84, 100, 10740
2026/06/28 00:38:43.130, 163.91, 100, 10740
2026/06/28 00:38:44.130, 163.85, 100, 10740
2026/06/28 00:38:45.130, 163.88, 100, 10740
2026/06/28 00:38:46.131, 163.78, 100, 10740
2026/06/28 00:38:47.131, 163.95, 100, 10740
2026/06/28 00:38:48.131, 164.10, 100, 10740
2026/06/28 00:38:49.131, 164.05, 100, 10740
2026/06/28 00:38:50.131, 163.92, 100, 10740
2026/06/28 00:38:51.131, 163.91, 99, 10740
2026/06/28 00:38:52.132, 164.10, 100, 10740
2026/06/28 00:38:53.132, 163.80, 99, 10740
2026/06/28 00:38:54.132, 164.01, 100, 10740
2026/06/28 00:38:55.132, 163.97, 100, 10740
2026/06/28 00:38:56.132, 164.17, 100, 10740
2026/06/28 00:38:57.133, 164.03, 99, 10740
2026/06/28 00:38:58.133, 164.10, 100, 10740
2026/06/28 00:38:59.133, 163.84, 99, 10740
2026/06/28 00:39:00.133, 164.15, 100, 10740
2026/06/28 00:39:01.133, 164.04, 99, 10740
2026/06/28 00:39:02.133, 164.23, 100, 10740
2026/06/28 00:39:03.134, 164.20, 100, 10740
2026/06/28 00:39:04.134, 164.06, 100, 10740
2026/06/28 00:39:05.134, 163.80, 99, 10740
2026/06/28 00:39:06.139, 163.84, 100, 10740
2026/06/28 00:39:07.139, 164.27, 99, 10740
2026/06/28 00:39:08.140, 164.51, 100, 10740
2026/06/28 00:39:09.140, 164.17, 99, 10740
2026/06/28 00:39:10.140, 164.14, 100, 10740
2026/06/28 00:39:11.149, 164.32, 99, 10740
2026/06/28 00:39:12.149, 164.17, 100, 10740
2026/06/28 00:39:13.149, 164.40, 99, 10740
2026/06/28 00:39:14.149, 164.32, 100, 10740
2026/06/28 00:39:15.149, 164.46, 99, 10740
2026/06/28 00:39:16.158, 164.49, 100, 10740
2026/06/28 00:39:17.158, 164.46, 99, 10740
2026/06/28 00:39:18.158, 156.85, 100, 10740
2026/06/28 00:39:19.158, 161.92, 100, 10740
2026/06/28 00:39:20.158, 162.01, 100, 10740
2026/06/28 00:39:21.159, 161.49, 98, 10740
2026/06/28 00:39:22.159, 162.41, 100, 10740
2026/06/28 00:39:23.159, 161.52, 100, 10740
2026/06/28 00:39:24.159, 162.00, 100, 10740
2026/06/28 00:39:25.159, 162.18, 100, 10740
2026/06/28 00:39:26.168, 161.60, 98, 10740
2026/06/28 00:39:27.168, 162.39, 100, 10740
2026/06/28 00:39:28.168, 161.40, 100, 10740
2026/06/28 00:39:29.168, 161.58, 100, 10740
2026/06/28 00:39:30.169, 161.96, 100, 10740
2026/06/28 00:39:31.169, 161.40, 100, 10740
2026/06/28 00:39:32.169, 162.01, 100, 10740
2026/06/28 00:39:33.169, 162.10, 100, 10740
2026/06/28 00:39:34.170, 161.97, 100, 10740
2026/06/28 00:39:35.170, 162.30, 100, 10740
2026/06/28 00:39:36.170, 161.04, 100, 10740
2026/06/28 00:39:37.170, 162.51, 100, 10740
2026/06/28 00:39:38.170, 161.99, 100, 10740
2026/06/28 00:39:39.171, 161.32, 98, 10740
2026/06/28 00:39:40.171, 162.12, 100, 10740
2026/06/28 00:39:41.171, 161.47, 100, 10740
2026/06/28 00:39:42.171, 162.42, 100, 10740
2026/06/28 00:39:43.171, 161.84, 100, 10740
2026/06/28 00:39:44.172, 161.22, 98, 10740
2026/06/28 00:39:45.172, 161.83, 100, 10740
2026/06/28 00:39:46.172, 161.49, 100, 10740
2026/06/28 00:39:47.172, 162.38, 100, 10740
2026/06/28 00:39:48.172, 162.18, 100, 10740
2026/06/28 00:39:49.173, 160.96, 98, 10740
2026/06/28 00:39:50.173, 161.85, 100, 10740
2026/06/28 00:39:51.173, 161.40, 100, 10740
2026/06/28 00:39:52.173, 162.08, 100, 10740
2026/06/28 00:39:53.173, 161.94, 100, 10740
2026/06/28 00:39:54.173, 161.32, 98, 10740
2026/06/28 00:39:55.174, 162.46, 100, 10740
2026/06/28 00:39:56.174, 161.71, 100, 10740
2026/06/28 00:39:57.174, 161.71, 100, 10740
2026/06/28 00:39:58.174, 161.80, 100, 10740
2026/06/28 00:39:59.174, 161.07, 97, 10740
2026/06/28 00:40:00.175, 161.89, 100, 10740
2026/06/28 00:40:01.175, 161.77, 100, 10740
2026/06/28 00:40:02.175, 161.69, 100, 10740
2026/06/28 00:40:03.175, 161.95, 100, 10740
2026/06/28 00:40:04.175, 161.23, 100, 10740
2026/06/28 00:40:05.175, 162.25, 100, 10740
2026/06/28 00:40:06.176, 161.35, 100, 10740
2026/06/28 00:40:07.176, 161.45, 99, 10740
2026/06/28 00:40:08.176, 162.09, 100, 10740
2026/06/28 00:40:09.176, 160.21, 100, 10740
2026/06/28 00:40:10.176, 161.96, 100, 10740
2026/06/28 00:40:11.177, 161.71, 100, 10740
2026/06/28 00:40:12.177, 160.68, 98, 10740
2026/06/28 00:40:13.177, 161.84, 100, 10740
2026/06/28 00:40:14.177, 161.49, 100, 10740
2026/06/28 00:40:15.177, 162.09, 100, 10740
2026/06/28 00:40:16.178, 160.75, 100, 10740
2026/06/28 00:40:17.178, 161.03, 99, 10740
2026/06/28 00:40:18.178, 162.01, 100, 10740
2026/06/28 00:40:19.178, 161.33, 100, 10740
2026/06/28 00:40:20.178, 162.10, 100, 10740
2026/06/28 00:40:21.179, 161.96, 100, 10740
2026/06/28 00:40:22.179, 161.50, 98, 10740
2026/06/28 00:40:23.179, 162.08, 100, 10740
2026/06/28 00:40:24.179, 161.19, 100, 10740
2026/06/28 00:40:25.179, 161.48, 100, 10740
2026/06/28 00:40:26.179, 161.60, 100, 10740
2026/06/28 00:40:27.180, 160.85, 99, 10740
2026/06/28 00:40:28.180, 161.73, 100, 10740
2026/06/28 00:40:29.180, 161.30, 100, 10740
2026/06/28 00:40:30.180, 161.56, 100, 10740
2026/06/28 00:40:31.180, 161.78, 100, 10740
2026/06/28 00:40:32.180, 160.95, 98, 10740
2026/06/28 00:40:33.181, 162.16, 100, 10740
2026/06/28 00:40:34.181, 161.26, 100, 10740
2026/06/28 00:40:35.181, 161.82, 100, 10740
2026/06/28 00:40:36.190, 161.82, 100, 10740
2026/06/28 00:40:37.190, 160.98, 99, 10740
2026/06/28 00:40:38.190, 161.96, 100, 10740
2026/06/28 00:40:39.190, 161.82, 100, 10740
2026/06/28 00:40:40.190, 161.56, 100, 10740
2026/06/28 00:40:41.199, 162.01, 100, 10740
2026/06/28 00:40:42.199, 161.30, 100, 10740
2026/06/28 00:40:43.199, 161.87, 100, 10740
2026/06/28 00:40:44.199, 161.21, 100, 10740
2026/06/28 00:40:45.200, 160.81, 99, 10740
2026/06/28 00:40:46.208, 161.85, 100, 10740
2026/06/28 00:40:47.208, 161.34, 100, 10740
2026/06/28 00:40:48.209, 161.80, 100, 10740
2026/06/28 00:40:49.209, 161.28, 100, 10740
2026/06/28 00:40:50.209, 160.77, 98, 10740
2026/06/28 00:40:51.209, 161.54, 100, 10740
2026/06/28 00:40:52.209, 161.38, 100, 10740
2026/06/28 00:40:53.210, 161.92, 100, 10740
2026/06/28 00:40:54.210, 161.81, 100, 10740
2026/06/28 00:40:55.210, 161.44, 98, 10740
2026/06/28 00:40:56.218, 162.23, 100, 10740
2026/06/28 00:40:57.219, 161.15, 100, 10740
2026/06/28 00:40:58.219, 161.89, 100, 10740
2026/06/28 00:40:59.219, 161.76, 100, 10740
2026/06/28 00:41:00.219, 161.02, 97, 10740
2026/06/28 00:41:01.219, 162.36, 100, 10740
2026/06/28 00:41:02.219, 161.34, 100, 10740
2026/06/28 00:41:03.220, 162.11, 100, 10740
2026/06/28 00:41:04.220, 162.01, 100, 10740
2026/06/28 00:41:05.220, 161.12, 98, 10740
2026/06/28 00:41:06.220, 161.93, 100, 10740
2026/06/28 00:41:07.220, 161.52, 100, 10740
2026/06/28 00:41:08.220, 161.97, 100, 10740
2026/06/28 00:41:09.221, 161.79, 100, 10740
2026/06/28 00:41:10.221, 161.09, 100, 10740
2026/06/28 00:41:11.221, 162.24, 100, 10740
2026/06/28 00:41:12.221, 161.44, 100, 10740
2026/06/28 00:41:13.221, 161.80, 100, 10740
2026/06/28 00:41:14.222, 162.24, 100, 10740
2026/06/28 00:41:15.222, 161.19, 100, 10740
2026/06/28 00:41:16.222, 161.99, 100, 10740
2026/06/28 00:41:17.222, 160.57, 100, 10740
2026/06/28 00:41:18.222, 160.99, 98, 10740
2026/06/28 00:41:19.222, 162.51, 100, 10740
2026/06/28 00:41:20.222, 161.19, 100, 10740
2026/06/28 00:41:21.223, 162.46, 100, 10740
2026/06/28 00:41:22.223, 161.98, 100, 10740
2026/06/28 00:41:23.223, 161.13, 98, 10740
2026/06/28 00:41:24.223, 161.79, 100, 10740
2026/06/28 00:41:25.223, 161.26, 100, 10740
2026/06/28 00:41:26.224, 162.17, 100, 10740
2026/06/28 00:41:27.224, 162.36, 100, 10740
2026/06/28 00:41:28.224, 161.19, 98, 10740
2026/06/28 00:41:29.224, 162.44, 100, 10740
2026/06/28 00:41:30.224, 161.45, 100, 10740
2026/06/28 00:41:31.225, 161.77, 100, 10740
2026/06/28 00:41:32.225, 161.97, 100, 10740
2026/06/28 00:41:33.225, 160.74, 97, 10740
2026/06/28 00:41:34.225, 161.71, 100, 10740
2026/06/28 00:41:35.225, 161.51, 100, 10740
2026/06/28 00:41:36.226, 161.69, 100, 10740
2026/06/28 00:41:37.226, 161.83, 100, 10740
2026/06/28 00:41:38.234, 161.03, 98, 10740
2026/06/28 00:41:39.235, 161.93, 100, 10740
2026/06/28 00:41:40.235, 161.55, 100, 10740
2026/06/28 00:41:41.235, 161.81, 100, 10740
2026/06/28 00:41:42.235, 162.03, 100, 10740
2026/06/28 00:41:43.235, 161.16, 100, 10740
2026/06/28 00:41:44.236, 162.48, 100, 10740
2026/06/28 00:41:45.236, 161.69, 100, 10740
2026/06/28 00:41:46.236, 160.74, 98, 10740
2026/06/28 00:41:47.236, 162.29, 100, 10740
2026/06/28 00:41:48.236, 160.92, 100, 10740
2026/06/28 00:41:49.237, 162.08, 100, 10740
2026/06/28 00:41:50.237, 162.14, 100, 10740
2026/06/28 00:41:51.237, 160.70, 98, 10740
2026/06/28 00:41:52.237, 161.79, 100, 10740
2026/06/28 00:41:53.246, 161.15, 100, 10740
2026/06/28 00:41:54.246, 162.12, 100, 10740
2026/06/28 00:41:55.246, 161.81, 100, 10740
2026/06/28 00:41:56.246, 160.77, 98, 10740
2026/06/28 00:41:57.246, 162.19, 100, 10740
2026/06/28 00:41:58.247, 161.04, 100, 10740
2026/06/28 00:41:59.247, 161.79, 100, 10740
2026/06/28 00:42:00.247, 161.55, 100, 10740
2026/06/28 00:42:01.247, 161.33, 98, 10740
2026/06/28 00:42:02.248, 161.87, 100, 10740
2026/06/28 00:42:03.256, 161.31, 100, 10740
2026/06/28 00:42:04.256, 162.01, 100, 10740
2026/06/28 00:42:05.257, 161.84, 100, 10740
2026/06/28 00:42:06.257, 160.90, 98, 10740
2026/06/28 00:42:07.257, 161.95, 100, 10740
2026/06/28 00:42:08.265, 161.27, 100, 10740
2026/06/28 00:42:09.266, 161.38, 100, 10740
2026/06/28 00:42:10.266, 162.20, 100, 10740
2026/06/28 00:42:11.266, 161.21, 100, 10740
2026/06/28 00:42:12.266, 162.30, 100, 10740
2026/06/28 00:42:13.266, 161.65, 100, 10740
2026/06/28 00:42:14.267, 160.49, 97, 10740
2026/06/28 00:42:15.267, 162.41, 100, 10740
2026/06/28 00:42:16.267, 161.18, 100, 10740
2026/06/28 00:42:17.267, 162.20, 100, 10740
2026/06/28 00:42:18.267, 161.52, 100, 10740
2026/06/28 00:42:19.268, 160.41, 98, 10740
2026/06/28 00:42:20.268, 161.42, 100, 10740
2026/06/28 00:42:21.268, 160.93, 100, 10740
2026/06/28 00:42:22.268, 161.93, 100, 10740
2026/06/28 00:42:23.268, 161.78, 100, 10740
2026/06/28 00:42:24.269, 160.68, 97, 10740
2026/06/28 00:42:25.269, 162.03, 100, 10740
2026/06/28 00:42:26.269, 161.08, 100, 10740
2026/06/28 00:42:27.269, 161.57, 100, 10740
2026/06/28 00:42:28.269, 161.39, 100, 10740
2026/06/28 00:42:29.270, 160.84, 98, 10740
2026/06/28 00:42:30.270, 162.31, 100, 10740
2026/06/28 00:42:31.270, 161.50, 100, 10740
2026/06/28 00:42:32.270, 161.63, 100, 10740
2026/06/28 00:42:33.271, 161.83, 100, 10740
2026/06/28 00:42:34.271, 161.12, 97, 10740
2026/06/28 00:42:35.271, 161.97, 100, 10740
2026/06/28 00:42:36.271, 161.23, 100, 10740
2026/06/28 00:42:37.271, 161.44, 100, 10740
2026/06/28 00:42:38.271, 161.89, 100, 10740
2026/06/28 00:42:39.272, 161.23, 100, 10740
2026/06/28 00:42:40.272, 162.44, 100, 10740
2026/06/28 00:42:41.272, 161.87, 100, 10740
2026/06/28 00:42:42.272, 161.53, 98, 10740
2026/06/28 00:42:43.272, 161.57, 100, 10740
2026/06/28 00:42:44.273, 159.80, 100, 10740
2026/06/28 00:42:45.273, 162.03, 100, 10740
2026/06/28 00:42:46.273, 161.54, 100, 10740
2026/06/28 00:42:47.273, 161.27, 98, 10740
2026/06/28 00:42:48.273, 162.62, 100, 10740
2026/06/28 00:42:49.273, 161.02, 100, 10740
2026/06/28 00:42:50.274, 162.12, 100, 10740
2026/06/28 00:42:51.274, 161.47, 100, 10740
2026/06/28 00:42:52.274, 160.93, 97, 10740
2026/06/28 00:42:53.274, 162.08, 100, 10740
2026/06/28 00:42:54.274, 161.70, 100, 10740
2026/06/28 00:42:55.275, 160.99, 100, 10740
2026/06/28 00:42:56.275, 162.26, 100, 10740
2026/06/28 00:42:57.275, 160.95, 98, 10740
2026/06/28 00:42:58.275, 161.93, 100, 10740
2026/06/28 00:42:59.275, 161.65, 100, 10740
2026/06/28 00:43:00.275, 160.68, 100, 10740
2026/06/28 00:43:01.276, 161.80, 100, 10740
2026/06/28 00:43:02.276, 160.99, 98, 10740
2026/06/28 00:43:03.276, 161.48, 100, 10740
2026/06/28 00:43:04.276, 161.50, 100, 10740
2026/06/28 00:43:05.277, 159.34, 100, 10740
2026/06/28 00:43:06.277, 160.55, 100, 10740
2026/06/28 00:43:07.277, 161.12, 100, 10740
2026/06/28 00:43:08.277, 161.81, 100, 10740
2026/06/28 00:43:09.277, 161.61, 100, 10740
2026/06/28 00:43:10.278, 160.67, 100, 10740
2026/06/28 00:43:11.286, 161.42, 100, 10740
2026/06/28 00:43:12.286, 161.07, 100, 10740
2026/06/28 00:43:13.286, 161.38, 100, 10740
2026/06/28 00:43:14.287, 161.32, 100, 10740
2026/06/28 00:43:15.287, 160.73, 98, 10740
2026/06/28 00:43:16.287, 161.95, 100, 10740
2026/06/28 00:43:17.287, 161.10, 100, 10740
2026/06/28 00:43:18.287, 161.68, 100, 10740
2026/06/28 00:43:19.288, 161.61, 100, 10740
2026/06/28 00:43:20.288, 160.97, 98, 10740
2026/06/28 00:43:21.296, 161.76, 100, 10740
2026/06/28 00:43:22.297, 161.15, 100, 10740
2026/06/28 00:43:23.297, 161.33, 100, 10740
2026/06/28 00:43:24.297, 161.63, 100, 10740
2026/06/28 00:43:25.297, 160.74, 100, 10740
2026/06/28 00:43:26.306, 161.78, 100, 10740
2026/06/28 00:43:27.306, 161.26, 100, 10740
2026/06/28 00:43:28.306, 161.09, 100, 10740
2026/06/28 00:43:29.306, 161.85, 100, 10740
2026/06/28 00:43:30.307, 160.76, 100, 10740
2026/06/28 00:43:31.315, 162.04, 100, 10740
2026/06/28 00:43:32.315, 161.40, 100, 10740
2026/06/28 00:43:33.316, 160.87, 98, 10740
2026/06/28 00:43:34.316, 162.16, 100, 10740
2026/06/28 00:43:35.316, 160.94, 100, 10740
2026/06/28 00:43:36.316, 161.82, 100, 10740
2026/06/28 00:43:37.316, 161.64, 100, 10740
2026/06/28 00:43:38.317, 160.65, 98, 10740
2026/06/28 00:43:39.317, 161.61, 100, 10740
2026/06/28 00:43:40.317, 160.87, 100, 10740
2026/06/28 00:43:41.317, 161.79, 100, 10740
2026/06/28 00:43:42.317, 161.40, 100, 10740
2026/06/28 00:43:43.317, 160.75, 98, 10740
2026/06/28 00:43:44.318, 161.25, 100, 10740
2026/06/28 00:43:45.318, 160.86, 100, 10740
2026/06/28 00:43:46.326, 161.65, 100, 10740
2026/06/28 00:43:47.326, 161.49, 100, 10740
2026/06/28 00:43:48.327, 160.82, 98, 10740
2026/06/28 00:43:49.327, 161.95, 100, 10740
2026/06/28 00:43:50.327, 161.10, 100, 10740
2026/06/28 00:43:51.327, 161.28, 100, 10740
2026/06/28 00:43:52.327, 161.68, 100, 10740
2026/06/28 00:43:53.328, 160.94, 99, 10740
2026/06/28 00:43:54.328, 161.62, 100, 10740
2026/06/28 00:43:55.328, 160.15, 100, 10740
2026/06/28 00:43:56.328, 161.38, 100, 10740
2026/06/28 00:43:57.328, 162.02, 100, 10740
2026/06/28 00:43:58.329, 161.26, 98, 10740
2026/06/28 00:43:59.329, 161.78, 100, 10740
2026/06/28 00:44:00.329, 161.59, 100, 10740
2026/06/28 00:44:01.329, 161.02, 100, 10740
2026/06/28 00:44:02.329, 161.70, 100, 10740
2026/06/28 00:44:03.330, 160.91, 100, 10740
2026/06/28 00:44:04.330, 162.07, 100, 10740
2026/06/28 00:44:05.330, 161.32, 100, 10740
2026/06/28 00:44:06.330, 161.38, 99, 10740
2026/06/28 00:44:07.330, 161.71, 100, 10740
2026/06/28 00:44:08.330, 160.79, 100, 10740
2026/06/28 00:44:09.331, 161.93, 100, 10740
2026/06/28 00:44:10.331, 161.40, 100, 10740
2026/06/28 00:44:11.331, 160.90, 98, 10740
2026/06/28 00:44:12.331, 162.17, 100, 10740
2026/06/28 00:44:13.331, 160.89, 100, 10740
2026/06/28 00:44:14.332, 161.81, 100, 10740
2026/06/28 00:44:15.332, 161.41, 100, 10740
2026/06/28 00:44:16.332, 160.90, 98, 10740
2026/06/28 00:44:17.332, 161.79, 100, 10740
2026/06/28 00:44:18.332, 161.04, 100, 10740
2026/06/28 00:44:19.333, 161.51, 100, 10740
2026/06/28 00:44:20.333, 161.70, 100, 10740
2026/06/28 00:44:21.333, 160.71, 98, 10740
2026/06/28 00:44:22.333, 161.53, 100, 10740
2026/06/28 00:44:23.333, 161.33, 100, 10740
2026/06/28 00:44:24.334, 161.36, 100, 10740
2026/06/28 00:44:25.334, 161.51, 100, 10740
2026/06/28 00:44:26.334, 160.81, 98, 10740
2026/06/28 00:44:27.334, 161.98, 100, 10740
2026/06/28 00:44:28.334, 161.32, 100, 10740
2026/06/28 00:44:29.335, 161.39, 100, 10740
2026/06/28 00:44:30.335, 161.86, 100, 10740
2026/06/28 00:44:31.335, 163.59, 100, 10740
2026/06/28 00:44:32.335, 163.56, 100, 10740
2026/06/28 00:44:33.335, 163.62, 100, 10740
2026/06/28 00:44:34.335, 163.47, 100, 10740
2026/06/28 00:44:35.336, 163.59, 100, 10740
2026/06/28 00:44:36.336, 163.45, 100, 10740
2026/06/28 00:44:37.336, 163.62, 100, 10740
2026/06/28 00:44:38.336, 163.58, 100, 10740
2026/06/28 00:44:39.336, 163.74, 100, 10740
2026/06/28 00:44:40.336, 163.71, 100, 10740
2026/06/28 00:44:41.337, 163.85, 100, 10740
2026/06/28 00:44:42.337, 163.50, 100, 10740
2026/06/28 00:44:43.337, 163.82, 100, 10740
2026/06/28 00:44:44.337, 163.78, 100, 10740
2026/06/28 00:44:45.337, 163.81, 100, 10740
2026/06/28 00:44:46.338, 163.62, 100, 10740
2026/06/28 00:44:47.338, 163.73, 100, 10740
2026/06/28 00:44:48.338, 163.75, 100, 10740
2026/06/28 00:44:49.338, 163.63, 100, 10740
2026/06/28 00:44:50.338, 163.79, 100, 10740
2026/06/28 00:44:51.338, 163.88, 100, 10740
2026/06/28 00:44:52.339, 163.87, 100, 10740
2026/06/28 00:44:53.347, 163.78, 100, 10740
2026/06/28 00:44:54.347, 163.86, 99, 10740
2026/06/28 00:44:55.348, 163.61, 100, 10740
2026/06/28 00:44:56.348, 163.89, 99, 10740
2026/06/28 00:44:57.348, 163.80, 100, 10740
2026/06/28 00:44:58.357, 163.74, 99, 10740
2026/06/28 00:44:59.357, 163.95, 100, 10740
2026/06/28 00:45:00.357, 164.08, 100, 10740
2026/06/28 00:45:01.357, 163.96, 100, 10740
2026/06/28 00:45:02.357, 163.75, 99, 10740
2026/06/28 00:45:03.358, 164.09, 100, 10740
2026/06/28 00:45:04.358, 163.79, 99, 10740
2026/06/28 00:45:05.358, 163.98, 100, 10740
2026/06/28 00:45:06.358, 163.97, 99, 10740
2026/06/28 00:45:07.358, 163.87, 100, 10740
2026/06/28 00:45:08.359, 163.80, 99, 10740
2026/06/28 00:45:09.359, 164.00, 100, 10740
2026/06/28 00:45:10.359, 163.95, 100, 10740
2026/06/28 00:45:11.359, 164.05, 100, 10740
2026/06/28 00:45:12.359, 164.13, 99, 10740
2026/06/28 00:45:13.360, 164.32, 100, 10740
2026/06/28 00:45:14.360, 163.81, 99, 10740
2026/06/28 00:45:15.360, 163.87, 100, 10740
2026/06/28 00:45:16.360, 164.10, 99, 10740
2026/06/28 00:45:17.369, 164.23, 100, 10740
2026/06/28 00:45:18.369, 163.99, 99, 10740
2026/06/28 00:45:19.369, 164.02, 100, 10740
2026/06/28 00:45:20.369, 163.95, 99, 10740
2026/06/28 00:45:21.369, 155.25, 100, 10740
2026/06/28 00:45:22.370, 161.93, 100, 10740
2026/06/28 00:45:23.370, 161.35, 98, 10740
2026/06/28 00:45:24.370, 162.47, 100, 10740
2026/06/28 00:45:25.370, 161.61, 100, 10740
2026/06/28 00:45:26.370, 162.08, 100, 10740
2026/06/28 00:45:27.379, 162.22, 100, 10740
2026/06/28 00:45:28.379, 161.59, 98, 10740
2026/06/28 00:45:29.379, 162.07, 100, 10740
2026/06/28 00:45:30.379, 161.82, 100, 10740
2026/06/28 00:45:31.380, 162.00, 100, 10740
2026/06/28 00:45:32.388, 162.16, 100, 10740
2026/06/28 00:45:33.388, 161.35, 100, 10740
2026/06/28 00:45:34.389, 162.02, 100, 10740
2026/06/28 00:45:35.389, 161.70, 100, 10740
2026/06/28 00:45:36.389, 161.75, 100, 10740
2026/06/28 00:45:37.389, 162.12, 100, 10740
2026/06/28 00:45:38.389, 161.17, 100, 10740
2026/06/28 00:45:39.390, 161.76, 100, 10740
2026/06/28 00:45:40.390, 161.26, 100, 10740
2026/06/28 00:45:41.390, 161.13, 98, 10740
2026/06/28 00:45:42.390, 161.80, 100, 10740
2026/06/28 00:45:43.390, 161.09, 100, 10740
2026/06/28 00:45:44.391, 161.63, 100, 10740
2026/06/28 00:45:45.391, 161.79, 100, 10740
2026/06/28 00:45:46.391, 160.72, 98, 10740
2026/06/28 00:45:47.399, 162.61, 100, 10740
2026/06/28 00:45:48.400, 161.41, 100, 10740
2026/06/28 00:45:49.400, 162.22, 100, 10740
2026/06/28 00:45:50.400, 161.64, 100, 10740
2026/06/28 00:45:51.400, 160.83, 98, 10740
2026/06/28 00:45:52.409, 161.88, 100, 10740
2026/06/28 00:45:53.409, 161.27, 100, 10740
2026/06/28 00:45:54.409, 162.00, 100, 10740
2026/06/28 00:45:55.409, 161.77, 100, 10740
2026/06/28 00:45:56.410, 160.74, 98, 10740
2026/06/28 00:45:57.410, 162.04, 100, 10740
2026/06/28 00:45:58.410, 161.44, 100, 10740
2026/06/28 00:45:59.410, 161.88, 100, 10740
2026/06/28 00:46:00.410, 161.88, 100, 10740
2026/06/28 00:46:01.411, 160.90, 98, 10740
2026/06/28 00:46:02.411, 162.20, 100, 10740
2026/06/28 00:46:03.411, 161.30, 100, 10740
2026/06/28 00:46:04.411, 161.46, 100, 10740
2026/06/28 00:46:05.412, 161.70, 100, 10740
2026/06/28 00:46:06.412, 161.17, 98, 10740
2026/06/28 00:46:07.412, 161.93, 100, 10740
2026/06/28 00:46:08.412, 161.41, 100, 10740
2026/06/28 00:46:09.412, 161.24, 100, 10740
2026/06/28 00:46:10.413, 161.79, 100, 10740
2026/06/28 00:46:11.413, 160.91, 100, 10740
2026/06/28 00:46:12.421, 162.14, 100, 10740
2026/06/28 00:46:13.421, 161.57, 100, 10740
2026/06/28 00:46:14.422, 161.69, 99, 10740
2026/06/28 00:46:15.422, 162.01, 100, 10740
2026/06/28 00:46:16.422, 161.02, 100, 10740
2026/06/28 00:46:17.422, 161.90, 100, 10740
2026/06/28 00:46:18.423, 161.71, 100, 10740
2026/06/28 00:46:19.423, 160.82, 98, 10740
2026/06/28 00:46:20.423, 162.40, 100, 10740
2026/06/28 00:46:21.423, 160.81, 100, 10740
2026/06/28 00:46:22.423, 161.70, 100, 10740
2026/06/28 00:46:23.424, 161.37, 100, 10740
2026/06/28 00:46:24.424, 160.71, 98, 10740
2026/06/28 00:46:25.424, 161.76, 100, 10740
2026/06/28 00:46:26.424, 161.10, 100, 10740
2026/06/28 00:46:27.433, 161.47, 100, 10740
2026/06/28 00:46:28.433, 161.59, 100, 10740
2026/06/28 00:46:29.433, 160.80, 98, 10740
2026/06/28 00:46:30.433, 161.64, 100, 10740
2026/06/28 00:46:31.434, 161.21, 100, 10740
2026/06/28 00:46:32.434, 161.48, 100, 10740
2026/06/28 00:46:33.434, 162.05, 100, 10740
2026/06/28 00:46:34.434, 161.23, 98, 10740
2026/06/28 00:46:35.435, 162.35, 100, 10740
2026/06/28 00:46:36.435, 161.58, 100, 10740
2026/06/28 00:46:37.443, 161.95, 100, 10740
2026/06/28 00:46:38.444, 161.89, 100, 10740
2026/06/28 00:46:39.444, 161.20, 98, 10740
2026/06/28 00:46:40.444, 162.25, 100, 10740
2026/06/28 00:46:41.444, 161.61, 100, 10740
2026/06/28 00:46:42.453, 161.65, 100, 10740
2026/06/28 00:46:43.453, 162.18, 100, 10740
2026/06/28 00:46:44.453, 161.30, 100, 10740
2026/06/28 00:46:45.453, 162.00, 100, 10740
2026/06/28 00:46:46.453, 161.89, 100, 10740
2026/06/28 00:46:47.462, 161.34, 99, 10740
2026/06/28 00:46:48.462, 162.09, 100, 10740
2026/06/28 00:46:49.462, 161.33, 100, 10740
2026/06/28 00:46:50.463, 162.31, 100, 10740
2026/06/28 00:46:51.463, 161.84, 100, 10740
2026/06/28 00:46:52.471, 160.73, 98, 10740
2026/06/28 00:46:53.472, 162.43, 100, 10740
2026/06/28 00:46:54.472, 161.17, 100, 10740
2026/06/28 00:46:55.472, 161.86, 100, 10740
2026/06/28 00:46:56.472, 161.76, 100, 10740
2026/06/28 00:46:57.472, 161.07, 98, 10740
2026/06/28 00:46:58.473, 161.93, 100, 10740
2026/06/28 00:46:59.473, 161.44, 100, 10740
2026/06/28 00:47:00.473, 161.47, 100, 10740
2026/06/28 00:47:01.473, 161.60, 100, 10740
2026/06/28 00:47:02.482, 160.73, 98, 10740
2026/06/28 00:47:03.482, 161.74, 100, 10740
2026/06/28 00:47:04.482, 161.31, 100, 10740
2026/06/28 00:47:05.482, 161.63, 100, 10740
2026/06/28 00:47:06.482, 161.70, 100, 10740
2026/06/28 00:47:07.491, 160.88, 98, 10740
2026/06/28 00:47:08.491, 161.76, 100, 10740
2026/06/28 00:47:09.491, 161.59, 100, 10740
2026/06/28 00:47:10.492, 162.03, 100, 10740
2026/06/28 00:47:11.492, 162.16, 100, 10740
2026/06/28 00:47:12.500, 161.11, 98, 10740
2026/06/28 00:47:13.501, 161.81, 100, 10740
2026/06/28 00:47:14.501, 161.34, 100, 10740
2026/06/28 00:47:15.501, 161.35, 100, 10740
2026/06/28 00:47:16.501, 161.63, 100, 10740
2026/06/28 00:47:17.501, 160.88, 100, 10740
2026/06/28 00:47:18.502, 161.94, 100, 10740
2026/06/28 00:47:19.502, 161.33, 100, 10740
2026/06/28 00:47:20.502, 161.08, 100, 10740
2026/06/28 00:47:21.502, 161.72, 100, 10740
2026/06/28 00:47:22.502, 161.01, 100, 10740
2026/06/28 00:47:23.502, 160.88, 100, 10740
2026/06/28 00:47:24.503, 161.29, 100, 10740
2026/06/28 00:47:25.503, 161.34, 97, 10740
2026/06/28 00:47:26.503, 162.35, 100, 10740
2026/06/28 00:47:27.503, 161.10, 100, 10740
2026/06/28 00:47:28.512, 161.95, 100, 10740
2026/06/28 00:47:29.512, 161.69, 100, 10740
2026/06/28 00:47:30.512, 160.31, 98, 10740
2026/06/28 00:47:31.512, 161.67, 100, 10740
2026/06/28 00:47:32.513, 161.17, 100, 10740
2026/06/28 00:47:33.521, 161.85, 100, 10740
2026/06/28 00:47:34.521, 161.72, 100, 10740
2026/06/28 00:47:35.521, 160.55, 98, 10740
2026/06/28 00:47:36.522, 161.69, 100, 10740
2026/06/28 00:47:37.522, 161.16, 100, 10740
2026/06/28 00:47:38.531, 161.62, 100, 10740
2026/06/28 00:47:39.531, 161.14, 100, 10740
2026/06/28 00:47:40.531, 161.53, 100, 10740
2026/06/28 00:47:41.531, 161.70, 100, 10740
2026/06/28 00:47:42.531, 161.09, 98, 10740
2026/06/28 00:47:43.540, 162.37, 100, 10740
2026/06/28 00:47:44.540, 161.19, 100, 10740
2026/06/28 00:47:45.540, 161.50, 100, 10740
2026/06/28 00:47:46.540, 161.68, 100, 10740
2026/06/28 00:47:47.541, 161.28, 98, 10740
2026/06/28 00:47:48.549, 162.31, 100, 10740
2026/06/28 00:47:49.549, 161.48, 100, 10740
2026/06/28 00:47:50.550, 161.83, 100, 10740
2026/06/28 00:47:51.550, 161.69, 100, 10740
2026/06/28 00:47:52.550, 161.41, 98, 10740
2026/06/28 00:47:53.550, 161.94, 100, 10740
2026/06/28 00:47:54.550, 161.75, 100, 10740
2026/06/28 00:47:55.551, 161.75, 100, 10740
2026/06/28 00:47:56.551, 161.72, 100, 10740
2026/06/28 00:47:57.551, 161.14, 100, 10740
2026/06/28 00:47:58.559, 162.03, 100, 10740
2026/06/28 00:47:59.560, 161.61, 100, 10740
2026/06/28 00:48:00.560, 161.74, 100, 10740
2026/06/28 00:48:01.560, 161.98, 100, 10740
2026/06/28 00:48:02.560, 161.30, 100, 10740
2026/06/28 00:48:03.569, 162.09, 100, 10740
2026/06/28 00:48:04.569, 161.66, 100, 10740
2026/06/28 00:48:05.569, 161.17, 98, 10740
2026/06/28 00:48:06.569, 162.49, 100, 10740
2026/06/28 00:48:07.570, 161.47, 100, 10740
2026/06/28 00:48:08.570, 162.06, 100, 10740
2026/06/28 00:48:09.570, 161.96, 100, 10740
2026/06/28 00:48:10.570, 161.26, 98, 10740
2026/06/28 00:48:11.570, 162.37, 100, 10740
2026/06/28 00:48:12.570, 161.03, 100, 10740
2026/06/28 00:48:13.571, 161.97, 100, 10740
2026/06/28 00:48:14.571, 161.48, 100, 10740
2026/06/28 00:48:15.571, 160.37, 98, 10740
2026/06/28 00:48:16.571, 162.08, 100, 10740
2026/06/28 00:48:17.571, 161.16, 100, 10740
2026/06/28 00:48:18.580, 161.74, 100, 10740
2026/06/28 00:48:19.580, 161.64, 100, 10740
2026/06/28 00:48:20.580, 160.62, 98, 10740
2026/06/28 00:48:21.580, 162.27, 100, 10740
2026/06/28 00:48:22.581, 161.30, 100, 10740
2026/06/28 00:48:23.589, 161.81, 100, 10740
2026/06/28 00:48:24.589, 161.63, 100, 10740
2026/06/28 00:48:25.590, 161.15, 98, 10740
2026/06/28 00:48:26.590, 162.24, 100, 10740
2026/06/28 00:48:27.590, 161.67, 100, 10740
2026/06/28 00:48:28.590, 161.95, 100, 10740
2026/06/28 00:48:29.591, 161.95, 100, 10740
2026/06/28 00:48:30.591, 161.07, 98, 10740
2026/06/28 00:48:31.591, 161.99, 100, 10740
2026/06/28 00:48:32.591, 161.52, 100, 10740
2026/06/28 00:48:33.600, 161.34, 100, 10740
2026/06/28 00:48:34.600, 161.87, 100, 10740
2026/06/28 00:48:35.600, 161.07, 100, 10740
2026/06/28 00:48:36.600, 162.07, 100, 10740
2026/06/28 00:48:37.600, 161.35, 100, 10740
2026/06/28 00:48:38.609, 161.59, 100, 10740
2026/06/28 00:48:39.609, 161.88, 100, 10740
2026/06/28 00:48:40.609, 160.88, 100, 10740
2026/06/28 00:48:41.609, 161.92, 100, 10740
2026/06/28 00:48:42.610, 161.62, 100, 10740
2026/06/28 00:48:43.618, 160.76, 98, 10740
2026/06/28 00:48:44.618, 161.72, 100, 10740
2026/06/28 00:48:45.619, 160.97, 100, 10740
2026/06/28 00:48:46.619, 161.46, 100, 10740
2026/06/28 00:48:47.619, 161.38, 100, 10740
2026/06/28 00:48:48.619, 160.41, 98, 10740
2026/06/28 00:48:49.619, 161.41, 100, 10740
2026/06/28 00:48:50.620, 160.79, 100, 10740
2026/06/28 00:48:51.620, 161.51, 100, 10740
2026/06/28 00:48:52.620, 161.50, 100, 10740
2026/06/28 00:48:53.620, 160.46, 97, 10740
2026/06/28 00:48:54.620, 161.51, 100, 10740
2026/06/28 00:48:55.620, 161.03, 100, 10740
2026/06/28 00:48:56.621, 161.42, 100, 10740
2026/06/28 00:48:57.621, 161.75, 100, 10740
2026/06/28 00:48:58.621, 161.02, 99, 10740
2026/06/28 00:48:59.621, 161.92, 100, 10740
2026/06/28 00:49:00.621, 160.21, 100, 10740
2026/06/28 00:49:01.622, 161.51, 100, 10740
2026/06/28 00:49:02.622, 161.84, 100, 10740
2026/06/28 00:49:03.622, 161.10, 98, 10740
2026/06/28 00:49:04.622, 162.00, 100, 10740
2026/06/28 00:49:05.622, 161.37, 100, 10740
2026/06/28 00:49:06.622, 161.59, 100, 10740
2026/06/28 00:49:07.623, 161.80, 100, 10740
2026/06/28 00:49:08.623, 161.17, 98, 10740
2026/06/28 00:49:09.623, 162.13, 100, 10740
2026/06/28 00:49:10.623, 161.42, 100, 10740
2026/06/28 00:49:11.623, 161.72, 100, 10740
2026/06/28 00:49:12.624, 161.87, 100, 10740
2026/06/28 00:49:13.624, 161.03, 100, 10740
2026/06/28 00:49:14.624, 161.72, 100, 10740
2026/06/28 00:49:15.624, 161.44, 100, 10740
2026/06/28 00:49:16.624, 161.25, 100, 10740
2026/06/28 00:49:17.625, 161.81, 100, 10740
2026/06/28 00:49:18.625, 161.00, 100, 10740
2026/06/28 00:49:19.625, 161.97, 100, 10740
2026/06/28 00:49:20.625, 161.39, 100, 10740
2026/06/28 00:49:21.634, 160.65, 98, 10740
2026/06/28 00:49:22.634, 162.47, 100, 10740
2026/06/28 00:49:23.634, 161.18, 100, 10740
2026/06/28 00:49:24.634, 161.98, 100, 10740
2026/06/28 00:49:25.634, 161.76, 100, 10740
2026/06/28 00:49:26.643, 160.75, 98, 10740
2026/06/28 00:49:27.643, 161.74, 100, 10740
2026/06/28 00:49:28.643, 161.37, 100, 10740
2026/06/28 00:49:29.644, 161.95, 100, 10740
2026/06/28 00:49:30.644, 161.68, 100, 10740
2026/06/28 00:49:31.644, 160.63, 98, 10740
2026/06/28 00:49:32.644, 161.60, 100, 10740
2026/06/28 00:49:33.644, 161.21, 100, 10740
2026/06/28 00:49:34.645, 161.78, 100, 10740
2026/06/28 00:49:35.645, 161.68, 100, 10740
2026/06/28 00:49:36.645, 160.60, 98, 10740
2026/06/28 00:49:37.645, 161.57, 100, 10740
2026/06/28 00:49:38.645, 161.34, 100, 10740
2026/06/28 00:49:39.646, 161.81, 100, 10740
2026/06/28 00:49:40.646, 161.83, 100, 10740
2026/06/28 00:49:41.654, 160.92, 98, 10740
2026/06/28 00:49:42.655, 161.56, 100, 10740
2026/06/28 00:49:43.655, 161.12, 100, 10740
2026/06/28 00:49:44.655, 161.49, 100, 10740
2026/06/28 00:49:45.655, 161.88, 100, 10740
2026/06/28 00:49:46.655, 160.88, 100, 10740
2026/06/28 00:49:47.655, 161.97, 100, 10740
2026/06/28 00:49:48.656, 161.73, 100, 10740
2026/06/28 00:49:49.656, 161.74, 100, 10740
2026/06/28 00:49:50.656, 162.23, 100, 10740
2026/06/28 00:49:51.665, 161.16, 100, 10740
2026/06/28 00:49:52.665, 162.03, 100, 10740
2026/06/28 00:49:53.665, 161.72, 100, 10740
2026/06/28 00:49:54.665, 160.91, 98, 10740
2026/06/28 00:49:55.665, 161.78, 100, 10740
2026/06/28 00:49:56.674, 160.74, 100, 10740
2026/06/28 00:49:57.674, 161.76, 100, 10740
2026/06/28 00:49:58.674, 161.45, 100, 10740
2026/06/28 00:49:59.675, 160.52, 98, 10740
2026/06/28 00:50:00.675, 161.65, 100, 10740
2026/06/28 00:50:01.675, 161.02, 100, 10740
2026/06/28 00:50:02.675, 161.54, 100, 10740
2026/06/28 00:50:03.675, 161.49, 100, 10740
2026/06/28 00:50:04.676, 160.50, 98, 10740
2026/06/28 00:50:05.676, 161.95, 100, 10740
2026/06/28 00:50:06.676, 161.57, 100, 10740
2026/06/28 00:50:07.676, 160.87, 100, 10740
2026/06/28 00:50:08.676, 161.43, 100, 10740
2026/06/28 00:50:09.676, 160.95, 98, 10740
2026/06/28 00:50:10.677, 161.75, 100, 10740
2026/06/28 00:50:11.677, 161.61, 100, 10740
2026/06/28 00:50:12.677, 160.85, 100, 10740
2026/06/28 00:50:13.677, 161.65, 100, 10740
2026/06/28 00:50:14.677, 160.90, 98, 10740
2026/06/28 00:50:15.678, 161.55, 100, 10740
2026/06/28 00:50:16.686, 161.63, 100, 10740
2026/06/28 00:50:17.686, 160.88, 100, 10740
2026/06/28 00:50:18.686, 162.10, 100, 10740
2026/06/28 00:50:19.687, 161.12, 98, 10740
2026/06/28 00:50:20.687, 161.75, 100, 10740
2026/06/28 00:50:21.687, 161.83, 100, 10740
2026/06/28 00:50:22.687, 161.07, 100, 10740
2026/06/28 00:50:23.687, 161.86, 100, 10740
2026/06/28 00:50:24.688, 161.41, 100, 10740
2026/06/28 00:50:25.688, 161.57, 100, 10740
2026/06/28 00:50:26.688, 161.82, 100, 10740
2026/06/28 00:50:27.688, 160.50, 99, 10740
2026/06/28 00:50:28.688, 161.57, 100, 10740
2026/06/28 00:50:29.688, 161.35, 100, 10740
2026/06/28 00:50:30.689, 161.02, 100, 10740
2026/06/28 00:50:31.689, 161.84, 100, 10740
2026/06/28 00:50:32.689, 161.11, 100, 10740
2026/06/28 00:50:33.689, 163.66, 100, 10740
2026/06/28 00:50:34.689, 163.76, 100, 10740
2026/06/28 00:50:35.690, 163.61, 100, 10740
2026/06/28 00:50:36.690, 163.88, 100, 10740
2026/06/28 00:50:37.690, 163.87, 100, 10740
2026/06/28 00:50:38.690, 163.81, 100, 10740
2026/06/28 00:50:39.690, 164.24, 100, 10740
2026/06/28 00:50:40.691, 164.16, 100, 10740
2026/06/28 00:50:41.699, 163.68, 100, 10740
2026/06/28 00:50:42.699, 163.90, 100, 10740
2026/06/28 00:50:43.699, 163.79, 100, 10740
2026/06/28 00:50:44.700, 163.90, 100, 10740
2026/06/28 00:50:45.700, 163.83, 100, 10740
2026/06/28 00:50:46.700, 164.12, 100, 10740
2026/06/28 00:50:47.700, 164.04, 100, 10740
2026/06/28 00:50:48.700, 163.95, 100, 10740
2026/06/28 00:50:49.700, 163.86, 99, 10740
2026/06/28 00:50:50.701, 163.92, 100, 10740
2026/06/28 00:50:51.701, 163.88, 100, 10740
2026/06/28 00:50:52.701, 164.09, 100, 10740
2026/06/28 00:50:53.701, 163.95, 99, 10740
2026/06/28 00:50:54.701, 164.07, 100, 10740
2026/06/28 00:50:55.701, 163.77, 99, 10740
2026/06/28 00:50:56.702, 163.98, 100, 10740
2026/06/28 00:50:57.702, 163.73, 99, 10740
2026/06/28 00:50:58.702, 163.80, 100, 10740
2026/06/28 00:50:59.702, 163.80, 99, 10740
2026/06/28 00:51:00.702, 163.95, 100, 10740
2026/06/28 00:51:01.711, 163.89, 100, 10740
2026/06/28 00:51:02.711, 163.98, 100, 10740
2026/06/28 00:51:03.711, 163.96, 100, 10740
2026/06/28 00:51:04.711, 163.84, 100, 10740
2026/06/28 00:51:05.712, 163.86, 99, 10740
2026/06/28 00:51:06.712, 163.95, 100, 10740
2026/06/28 00:51:07.712, 163.92, 100, 10740
2026/06/28 00:51:08.712, 164.05, 100, 10740
2026/06/28 00:51:09.712, 163.91, 99, 10740
2026/06/28 00:51:10.712, 163.69, 100, 10740
2026/06/28 00:51:11.713, 163.63, 99, 10740
2026/06/28 00:51:12.713, 163.75, 100, 10740
2026/06/28 00:51:13.713, 163.93, 99, 10740
2026/06/28 00:51:14.713, 163.81, 100, 10740
2026/06/28 00:51:15.713, 164.00, 99, 10740
2026/06/28 00:51:16.714, 164.05, 100, 10740
2026/06/28 00:51:17.714, 163.66, 99, 10740
2026/06/28 00:51:18.714, 163.78, 100, 10740
2026/06/28 00:51:19.714, 163.70, 100, 10740
2026/06/28 00:51:20.714, 163.76, 100, 10740
2026/06/28 00:51:21.723, 163.70, 99, 10740
2026/06/28 00:51:22.724, 163.63, 100, 10740
2026/06/28 00:51:23.724, 156.37, 100, 10740
2026/06/28 00:51:24.724, 160.88, 100, 10740
2026/06/28 00:51:25.724, 162.10, 100, 10740
2026/06/28 00:51:26.733, 161.62, 100, 10740
2026/06/28 00:51:27.733, 160.90, 98, 10740
2026/06/28 00:51:28.733, 161.85, 100, 10740
2026/06/28 00:51:29.733, 160.89, 100, 10740
2026/06/28 00:51:30.734, 161.95, 100, 10740
2026/06/28 00:51:31.734, 161.39, 100, 10740
2026/06/28 00:51:32.734, 160.50, 98, 10740
2026/06/28 00:51:33.734, 161.51, 100, 10740
2026/06/28 00:51:34.734, 160.95, 100, 10740
2026/06/28 00:51:35.735, 161.93, 100, 10740
2026/06/28 00:51:36.735, 161.48, 100, 10740
2026/06/28 00:51:37.735, 160.46, 98, 10740
2026/06/28 00:51:38.735, 161.61, 100, 10740
2026/06/28 00:51:39.735, 161.30, 100, 10740
2026/06/28 00:51:40.736, 161.69, 100, 10740
2026/06/28 00:51:41.736, 161.56, 100, 10740
2026/06/28 00:51:42.736, 160.62, 98, 10740
2026/06/28 00:51:43.736, 161.71, 100, 10740
2026/06/28 00:51:44.736, 161.32, 100, 10740
2026/06/28 00:51:45.737, 161.94, 100, 10740
2026/06/28 00:51:46.737, 161.53, 100, 10740
2026/06/28 00:51:47.737, 160.76, 98, 10740
2026/06/28 00:51:48.737, 161.84, 100, 10740
2026/06/28 00:51:49.737, 161.51, 100, 10740
2026/06/28 00:51:50.737, 161.50, 100, 10740
2026/06/28 00:51:51.746, 161.69, 100, 10740
2026/06/28 00:51:52.746, 160.85, 98, 10740
2026/06/28 00:51:53.746, 161.96, 100, 10740
2026/06/28 00:51:54.746, 161.32, 100, 10740
2026/06/28 00:51:55.747, 161.18, 100, 10740
2026/06/28 00:51:56.755, 161.82, 100, 10740
2026/06/28 00:51:57.755, 161.09, 100, 10740
2026/06/28 00:51:58.756, 161.97, 100, 10740
2026/06/28 00:51:59.756, 161.41, 100, 10740
2026/06/28 00:52:00.756, 161.42, 99, 10740
2026/06/28 00:52:01.756, 162.20, 100, 10740
2026/06/28 00:52:02.756, 161.13, 100, 10740
2026/06/28 00:52:03.756, 162.17, 100, 10740
2026/06/28 00:52:04.757, 161.81, 100, 10740
2026/06/28 00:52:05.757, 161.21, 98, 10740
2026/06/28 00:52:06.757, 162.48, 100, 10740
2026/06/28 00:52:07.757, 160.99, 100, 10740
2026/06/28 00:52:08.757, 161.87, 100, 10740
2026/06/28 00:52:09.757, 161.77, 100, 10740
2026/06/28 00:52:10.758, 160.71, 98, 10740
2026/06/28 00:52:11.758, 161.55, 100, 10740
2026/06/28 00:52:12.758, 161.14, 100, 10740
2026/06/28 00:52:13.758, 161.80, 100, 10740
2026/06/28 00:52:14.758, 161.42, 100, 10740
2026/06/28 00:52:15.759, 160.71, 98, 10740
2026/06/28 00:52:16.759, 161.58, 100, 10740
2026/06/28 00:52:17.767, 161.25, 100, 10740
2026/06/28 00:52:18.767, 161.66, 100, 10740
2026/06/28 00:52:19.768, 161.53, 100, 10740
2026/06/28 00:52:20.768, 161.04, 98, 10740
2026/06/28 00:52:21.768, 161.97, 100, 10740
2026/06/28 00:52:22.776, 161.17, 100, 10740
2026/06/28 00:52:23.777, 161.29, 100, 10740
2026/06/28 00:52:24.777, 161.53, 100, 10740
2026/06/28 00:52:25.777, 161.16, 97, 10740
2026/06/28 00:52:26.777, 161.89, 100, 10740
2026/06/28 00:52:27.777, 161.30, 100, 10740
2026/06/28 00:52:28.778, 161.79, 100, 10740
2026/06/28 00:52:29.778, 161.79, 100, 10740
2026/06/28 00:52:30.778, 161.37, 100, 10740
2026/06/28 00:52:31.778, 162.16, 100, 10740
2026/06/28 00:52:32.787, 161.54, 100, 10740
2026/06/28 00:52:33.787, 161.68, 99, 10740
2026/06/28 00:52:34.787, 161.50, 100, 10740
2026/06/28 00:52:35.787, 161.36, 100, 10740
2026/06/28 00:52:36.788, 162.29, 100, 10740
2026/06/28 00:52:37.788, 161.62, 100, 10740
2026/06/28 00:52:38.788, 160.78, 98, 10740
2026/06/28 00:52:39.788, 161.71, 100, 10740
2026/06/28 00:52:40.789, 161.15, 100, 10740
2026/06/28 00:52:41.789, 161.77, 100, 10740
2026/06/28 00:52:42.797, 161.74, 100, 10740
2026/06/28 00:52:43.798, 160.68, 98, 10740
2026/06/28 00:52:44.798, 161.75, 100, 10740
2026/06/28 00:52:45.798, 161.37, 100, 10740
2026/06/28 00:52:46.798, 161.80, 100, 10740
2026/06/28 00:52:47.807, 161.94, 100, 10740
2026/06/28 00:52:48.807, 160.75, 98, 10740
2026/06/28 00:52:49.807, 161.84, 100, 10740
2026/06/28 00:52:50.807, 161.36, 100, 10740
2026/06/28 00:52:51.807, 162.13, 100, 10740
2026/06/28 00:52:52.808, 161.97, 100, 10740
2026/06/28 00:52:53.808, 161.43, 98, 10740
2026/06/28 00:52:54.808, 162.12, 100, 10740
2026/06/28 00:52:55.808, 161.52, 100, 10740
2026/06/28 00:52:56.808, 161.78, 100, 10740
2026/06/28 00:52:57.808, 161.83, 100, 10740
2026/06/28 00:52:58.809, 161.03, 99, 10740
2026/06/28 00:52:59.809, 162.07, 100, 10740
2026/06/28 00:53:00.809, 161.53, 100, 10740
2026/06/28 00:53:01.809, 161.88, 100, 10740
2026/06/28 00:53:02.818, 162.04, 100, 10740
2026/06/28 00:53:03.818, 161.31, 100, 10740
2026/06/28 00:53:04.818, 162.57, 100, 10740
2026/06/28 00:53:05.818, 161.77, 100, 10740
2026/06/28 00:53:06.819, 161.57, 98, 10740
2026/06/28 00:53:07.819, 161.86, 100, 10740
2026/06/28 00:53:08.819, 160.91, 100, 10740
2026/06/28 00:53:09.819, 161.59, 100, 10740
2026/06/28 00:53:10.819, 161.65, 100, 10740
2026/06/28 00:53:11.820, 161.09, 99, 10740
2026/06/28 00:53:12.820, 162.31, 100, 10740
2026/06/28 00:53:13.820, 161.41, 100, 10740
2026/06/28 00:53:14.820, 161.98, 100, 10740
2026/06/28 00:53:15.820, 161.96, 100, 10740
2026/06/28 00:53:16.820, 161.29, 98, 10740
2026/06/28 00:53:17.821, 161.77, 100, 10740
2026/06/28 00:53:18.821, 161.40, 100, 10740
2026/06/28 00:53:19.821, 162.15, 100, 10740
2026/06/28 00:53:20.821, 162.15, 100, 10740
2026/06/28 00:53:21.821, 161.43, 98, 10740
2026/06/28 00:53:22.822, 162.38, 100, 10740
2026/06/28 00:53:23.822, 161.47, 100, 10740
2026/06/28 00:53:24.822, 161.71, 100, 10740
2026/06/28 00:53:25.822, 162.26, 100, 10740
2026/06/28 00:53:26.822, 161.44, 98, 10740
2026/06/28 00:53:27.822, 162.27, 100, 10740
2026/06/28 00:53:28.823, 161.63, 100, 10740
2026/06/28 00:53:29.823, 161.56, 100, 10740
2026/06/28 00:53:30.823, 162.24, 100, 10740
2026/06/28 00:53:31.823, 161.32, 100, 10740
2026/06/28 00:53:32.823, 162.09, 100, 10740
2026/06/28 00:53:33.823, 161.55, 100, 10740
2026/06/28 00:53:34.824, 161.56, 100, 10740
2026/06/28 00:53:35.824, 162.00, 100, 10740
2026/06/28 00:53:36.824, 161.18, 100, 10740
2026/06/28 00:53:37.824, 161.93, 100, 10740
2026/06/28 00:53:38.824, 160.56, 100, 10740
2026/06/28 00:53:39.824, 161.28, 99, 10740
2026/06/28 00:53:40.825, 162.54, 100, 10740
2026/06/28 00:53:41.825, 161.15, 100, 10740
2026/06/28 00:53:42.825, 161.93, 100, 10740
2026/06/28 00:53:43.833, 161.61, 100, 10740
2026/06/28 00:53:44.834, 160.65, 98, 10740
2026/06/28 00:53:45.834, 161.80, 100, 10740
2026/06/28 00:53:46.834, 161.40, 100, 10740
2026/06/28 00:53:47.834, 161.77, 100, 10740
2026/06/28 00:53:48.835, 161.85, 100, 10740
2026/06/28 00:53:49.835, 160.79, 98, 10740
2026/06/28 00:53:50.835, 161.93, 100, 10740
2026/06/28 00:53:51.835, 161.45, 100, 10740
2026/06/28 00:53:52.835, 161.92, 100, 10740
2026/06/28 00:53:53.835, 161.83, 100, 10740
2026/06/28 00:53:54.836, 161.01, 98, 10740
2026/06/28 00:53:55.836, 162.35, 100, 10740
2026/06/28 00:53:56.836, 161.49, 100, 10740
2026/06/28 00:53:57.836, 161.83, 100, 10740
2026/06/28 00:53:58.836, 161.85, 100, 10740
2026/06/28 00:53:59.837, 160.71, 98, 10740
2026/06/28 00:54:00.837, 161.87, 100, 10740
2026/06/28 00:54:01.837, 161.53, 100, 10740
2026/06/28 00:54:02.837, 161.60, 100, 10740
2026/06/28 00:54:03.837, 161.80, 100, 10740
2026/06/28 00:54:04.837, 161.27, 100, 10740
2026/06/28 00:54:05.838, 161.99, 100, 10740
2026/06/28 00:54:06.838, 161.35, 100, 10740
2026/06/28 00:54:07.838, 161.48, 100, 10740
2026/06/28 00:54:08.847, 162.06, 100, 10740
2026/06/28 00:54:09.847, 161.43, 100, 10740
2026/06/28 00:54:10.847, 161.93, 100, 10740
2026/06/28 00:54:11.847, 162.00, 100, 10740
2026/06/28 00:54:12.847, 161.34, 98, 10740
2026/06/28 00:54:13.856, 162.93, 100, 10740
2026/06/28 00:54:14.856, 161.37, 100, 10740
2026/06/28 00:54:15.856, 162.27, 100, 10740
2026/06/28 00:54:16.856, 161.86, 100, 10740
2026/06/28 00:54:17.857, 160.63, 98, 10740
2026/06/28 00:54:18.857, 162.44, 100, 10740
2026/06/28 00:54:19.857, 161.42, 100, 10740
2026/06/28 00:54:20.857, 161.60, 100, 10740
2026/06/28 00:54:21.858, 161.75, 100, 10740
2026/06/28 00:54:22.858, 160.67, 98, 10740
2026/06/28 00:54:23.866, 161.85, 100, 10740
2026/06/28 00:54:24.866, 161.38, 100, 10740
2026/06/28 00:54:25.867, 161.53, 100, 10740
2026/06/28 00:54:26.867, 162.11, 100, 10740
2026/06/28 00:54:27.867, 161.57, 98, 10740
2026/06/28 00:54:28.867, 162.36, 100, 10740
2026/06/28 00:54:29.867, 161.83, 100, 10740
2026/06/28 00:54:30.867, 161.97, 100, 10740
2026/06/28 00:54:31.868, 162.03, 100, 10740
2026/06/28 00:54:32.868, 161.02, 98, 10740
2026/06/28 00:54:33.876, 162.30, 100, 10740
2026/06/28 00:54:34.877, 161.35, 100, 10740
2026/06/28 00:54:35.877, 161.37, 100, 10740
2026/06/28 00:54:36.877, 162.02, 100, 10740
2026/06/28 00:54:37.877, 161.29, 100, 10740
2026/06/28 00:54:38.886, 162.32, 100, 10740
2026/06/28 00:54:39.886, 161.51, 100, 10740
2026/06/28 00:54:40.886, 161.02, 98, 10740
2026/06/28 00:54:41.886, 161.90, 100, 10740
2026/06/28 00:54:42.886, 161.27, 100, 10740
2026/06/28 00:54:43.895, 162.36, 100, 10740
2026/06/28 00:54:44.895, 161.85, 100, 10740
2026/06/28 00:54:45.895, 160.90, 98, 10740
2026/06/28 00:54:46.896, 161.90, 100, 10740
2026/06/28 00:54:47.896, 161.13, 100, 10740
2026/06/28 00:54:48.896, 161.82, 100, 10740
2026/06/28 00:54:49.896, 161.57, 100, 10740
2026/06/28 00:54:50.897, 160.70, 98, 10740
2026/06/28 00:54:51.897, 161.81, 100, 10740
2026/06/28 00:54:52.897, 161.02, 100, 10740
2026/06/28 00:54:53.897, 161.97, 100, 10740
2026/06/28 00:54:54.897, 161.85, 100, 10740
2026/06/28 00:54:55.898, 160.84, 98, 10740
2026/06/28 00:54:56.898, 161.79, 100, 10740
2026/06/28 00:54:57.898, 161.30, 100, 10740
2026/06/28 00:54:58.898, 161.70, 100, 10740
2026/06/28 00:54:59.898, 161.81, 100, 10740
2026/06/28 00:55:00.899, 161.02, 98, 10740
2026/06/28 00:55:01.899, 161.76, 100, 10740
2026/06/28 00:55:02.899, 161.65, 100, 10740
2026/06/28 00:55:03.899, 161.84, 100, 10740
2026/06/28 00:55:04.899, 161.71, 100, 10740
2026/06/28 00:55:05.900, 161.31, 99, 10740
2026/06/28 00:55:06.900, 161.91, 100, 10740
2026/06/28 00:55:07.900, 161.57, 100, 10740
2026/06/28 00:55:08.900, 161.60, 100, 10740
2026/06/28 00:55:09.900, 161.71, 100, 10740
2026/06/28 00:55:10.900, 160.76, 100, 10740
2026/06/28 00:55:11.901, 162.15, 100, 10740
2026/06/28 00:55:12.901, 161.34, 100, 10740
2026/06/28 00:55:13.901, 160.98, 98, 10740
2026/06/28 00:55:14.901, 161.79, 100, 10740
2026/06/28 00:55:15.901, 161.10, 100, 10740
2026/06/28 00:55:16.902, 162.28, 100, 10740
2026/06/28 00:55:17.902, 161.66, 100, 10740
2026/06/28 00:55:18.902, 160.76, 98, 10740
2026/06/28 00:55:19.902, 161.59, 100, 10740
2026/06/28 00:55:20.902, 161.02, 100, 10740
2026/06/28 00:55:21.902, 161.93, 100, 10740
2026/06/28 00:55:22.903, 161.63, 100, 10740
2026/06/28 00:55:23.903, 160.60, 98, 10740
2026/06/28 00:55:24.903, 161.57, 100, 10740
2026/06/28 00:55:25.903, 161.08, 100, 10740
2026/06/28 00:55:26.903, 161.54, 100, 10740
2026/06/28 00:55:27.903, 161.80, 100, 10740
2026/06/28 00:55:28.904, 160.63, 98, 10740
2026/06/28 00:55:29.912, 162.27, 100, 10740
2026/06/28 00:55:30.912, 161.24, 100, 10740
2026/06/28 00:55:31.912, 161.92, 100, 10740
2026/06/28 00:55:32.913, 161.92, 100, 10740
2026/06/28 00:55:33.913, 161.32, 98, 10740
2026/06/28 00:55:34.913, 161.92, 100, 10740
2026/06/28 00:55:35.913, 161.15, 100, 10740
2026/06/28 00:55:36.913, 161.49, 100, 10740
2026/06/28 00:55:37.914, 161.74, 100, 10740
2026/06/28 00:55:38.914, 160.95, 100, 10740
2026/06/28 00:55:39.914, 161.93, 100, 10740
2026/06/28 00:55:40.914, 161.53, 100, 10740
2026/06/28 00:55:41.914, 161.34, 100, 10740
2026/06/28 00:55:42.915, 161.62, 100, 10740
2026/06/28 00:55:43.915, 161.02, 100, 10740
2026/06/28 00:55:44.923, 161.88, 100, 10740
2026/06/28 00:55:45.924, 161.53, 100, 10740
2026/06/28 00:55:46.924, 160.98, 98, 10740
2026/06/28 00:55:47.924, 162.35, 100, 10740
2026/06/28 00:55:48.924, 161.12, 100, 10740
2026/06/28 00:55:49.924, 161.66, 100, 10740
2026/06/28 00:55:50.925, 161.61, 100, 10740
2026/06/28 00:55:51.925, 160.66, 98, 10740
2026/06/28 00:55:52.925, 161.73, 100, 10740
2026/06/28 00:55:53.925, 160.91, 100, 10740
2026/06/28 00:55:54.925, 161.86, 100, 10740
2026/06/28 00:55:55.926, 161.79, 100, 10740
2026/06/28 00:55:56.926, 161.00, 98, 10740
2026/06/28 00:55:57.926, 162.07, 100, 10740
2026/06/28 00:55:58.926, 161.30, 100, 10740
2026/06/28 00:55:59.935, 161.97, 100, 10740
2026/06/28 00:56:00.935, 161.47, 100, 10740
2026/06/28 00:56:01.935, 161.21, 98, 10740
2026/06/28 00:56:02.935, 161.89, 100, 10740
2026/06/28 00:56:03.936, 161.38, 100, 10740
2026/06/28 00:56:04.936, 161.70, 100, 10740
2026/06/28 00:56:05.936, 162.02, 100, 10740
2026/06/28 00:56:06.936, 161.07, 98, 10740
2026/06/28 00:56:07.936, 161.47, 100, 10740
2026/06/28 00:56:08.937, 161.45, 100, 10740
2026/06/28 00:56:09.945, 161.42, 100, 10740
2026/06/28 00:56:10.945, 161.86, 100, 10740
2026/06/28 00:56:11.945, 161.05, 100, 10740
2026/06/28 00:56:12.946, 162.11, 100, 10740
2026/06/28 00:56:13.946, 161.62, 100, 10740
2026/06/28 00:56:14.954, 161.55, 100, 10740
2026/06/28 00:56:15.955, 161.76, 100, 10740
2026/06/28 00:56:16.955, 161.32, 100, 10740
2026/06/28 00:56:17.955, 162.02, 100, 10740
2026/06/28 00:56:18.955, 161.49, 100, 10740
2026/06/28 00:56:19.964, 160.88, 98, 10740
2026/06/28 00:56:20.964, 161.81, 100, 10740
2026/06/28 00:56:21.964, 161.11, 100, 10740
2026/06/28 00:56:22.964, 162.05, 100, 10740
2026/06/28 00:56:23.964, 161.75, 100, 10740
2026/06/28 00:56:24.973, 161.15, 98, 10740
2026/06/28 00:56:25.973, 162.32, 100, 10740
2026/06/28 00:56:26.973, 161.10, 100, 10740
2026/06/28 00:56:27.974, 161.32, 100, 10740
2026/06/28 00:56:28.974, 161.89, 100, 10740
2026/06/28 00:56:29.982, 160.81, 98, 10740
2026/06/28 00:56:30.982, 161.79, 100, 10740
2026/06/28 00:56:31.983, 161.46, 100, 10740
2026/06/28 00:56:32.983, 161.51, 100, 10740
2026/06/28 00:56:33.983, 161.66, 100, 10740
2026/06/28 00:56:34.983, 159.52, 90, 10740
2026/06/28 00:56:35.983, 162.19, 100, 10740
2026/06/28 00:56:36.984, 163.93, 99, 10740
2026/06/28 00:56:37.984, 163.89, 100, 10740
2026/06/28 00:56:38.984, 163.92, 99, 10740
2026/06/28 00:56:39.984, 164.06, 100, 10740
2026/06/28 00:56:40.984, 164.15, 99, 10740
2026/06/28 00:56:41.985, 164.09, 100, 10740
2026/06/28 00:56:42.985, 164.03, 99, 10740
2026/06/28 00:56:43.985, 164.15, 100, 10740
2026/06/28 00:56:44.985, 164.06, 99, 10740
2026/06/28 00:56:45.985, 164.16, 100, 10740
2026/06/28 00:56:46.986, 163.86, 100, 10740
2026/06/28 00:56:47.986, 163.81, 100, 10740
2026/06/28 00:56:48.986, 163.93, 99, 10740
2026/06/28 00:56:49.986, 164.15, 100, 10740
2026/06/28 00:56:50.986, 164.03, 100, 10740
2026/06/28 00:56:51.986, 164.12, 100, 10740
2026/06/28 00:56:52.986, 164.20, 99, 10740
2026/06/28 00:56:53.987, 163.96, 100, 10740
2026/06/28 00:56:54.987, 164.04, 100, 10740
2026/06/28 00:56:55.987, 163.74, 100, 10740
2026/06/28 00:56:56.987, 163.92, 100, 10740
2026/06/28 00:56:57.987, 163.80, 100, 10740
2026/06/28 00:56:58.987, 163.88, 100, 10740
2026/06/28 00:56:59.988, 164.12, 100, 10740
2026/06/28 00:57:00.988, 163.77, 100, 10740
2026/06/28 00:57:01.988, 164.01, 100, 10740
2026/06/28 00:57:02.988, 164.26, 100, 10740
2026/06/28 00:57:03.988, 163.99, 100, 10740
2026/06/28 00:57:04.989, 164.14, 100, 10740
2026/06/28 00:57:05.989, 164.01, 100, 10740
2026/06/28 00:57:06.989, 163.96, 100, 10740
2026/06/28 00:57:07.989, 163.73, 100, 10740
2026/06/28 00:57:08.989, 163.95, 100, 10740
2026/06/28 00:57:09.990, 163.95, 100, 10740
2026/06/28 00:57:10.990, 164.12, 100, 10740
2026/06/28 00:57:11.990, 164.31, 100, 10740
2026/06/28 00:57:12.990, 164.30, 100, 10740
2026/06/28 00:57:13.990, 163.95, 100, 10740
2026/06/28 00:57:14.990, 164.28, 100, 10740
2026/06/28 00:57:15.991, 164.18, 100, 10740
2026/06/28 00:57:16.991, 164.16, 100, 10740
2026/06/28 00:57:17.991, 164.14, 100, 10740
2026/06/28 00:57:18.991, 164.06, 100, 10740
2026/06/28 00:57:19.991, 164.13, 100, 10740
2026/06/28 00:57:20.992, 163.97, 100, 10740
2026/06/28 00:57:21.992, 164.07, 100, 10740
2026/06/28 00:57:22.992, 164.17, 100, 10740
2026/06/28 00:57:23.992, 163.99, 100, 10740
2026/06/28 00:57:24.992, 164.02, 100, 10740
2026/06/28 00:57:25.992, 164.06, 100, 10740
2026/06/28 00:57:26.993, 155.23, 98, 10740
2026/06/28 00:57:27.993, 162.14, 100, 10740
2026/06/28 00:57:28.993, 161.92, 100, 10740
2026/06/28 00:57:29.993, 161.39, 100, 10740
2026/06/28 00:57:30.993, 162.37, 100, 10740
2026/06/28 00:57:31.994, 161.21, 98, 10740
2026/06/28 00:57:32.994, 161.80, 100, 10740
2026/06/28 00:57:33.994, 161.84, 100, 10740
2026/06/28 00:57:34.994, 161.16, 98, 10740
2026/06/28 00:57:35.994, 161.79, 100, 10740
2026/06/28 00:57:36.995, 161.50, 100, 10740
2026/06/28 00:57:37.995, 162.28, 100, 10740
2026/06/28 00:57:38.995, 161.93, 100, 10740
2026/06/28 00:57:39.995, 160.84, 97, 10740
2026/06/28 00:57:40.995, 161.79, 100, 10740
2026/06/28 00:57:41.996, 161.37, 100, 10740
2026/06/28 00:57:42.996, 162.03, 100, 10740
2026/06/28 00:57:43.996, 162.16, 100, 10740
2026/06/28 00:57:44.996, 161.58, 98, 10740
2026/06/28 00:57:45.996, 162.53, 100, 10740
2026/06/28 00:57:46.996, 161.59, 100, 10740
2026/06/28 00:57:47.997, 162.07, 100, 10740
2026/06/28 00:57:48.997, 162.26, 100, 10740
2026/06/28 00:57:49.997, 161.26, 98, 10740
2026/06/28 00:57:50.997, 161.95, 100, 10740
2026/06/28 00:57:51.997, 161.67, 100, 10740
2026/06/28 00:57:52.998, 161.75, 100, 10740
2026/06/28 00:57:53.998, 162.01, 100, 10740
2026/06/28 00:57:54.998, 161.33, 100, 10740
2026/06/28 00:57:55.998, 162.24, 100, 10740
2026/06/28 00:57:56.998, 161.66, 100, 10740
2026/06/28 00:57:58.007, 161.83, 99, 10740
2026/06/28 00:57:59.007, 162.22, 100, 10740
2026/06/28 00:58:00.007, 161.51, 100, 10740
2026/06/28 00:58:01.008, 162.07, 100, 10740
2026/06/28 00:58:02.008, 161.76, 100, 10740
2026/06/28 00:58:03.016, 160.88, 98, 10740
2026/06/28 00:58:04.016, 162.01, 100, 10740
2026/06/28 00:58:05.017, 161.47, 100, 10740
2026/06/28 00:58:06.017, 162.04, 100, 10740
2026/06/28 00:58:07.017, 162.07, 100, 10740
2026/06/28 00:58:08.017, 160.95, 98, 10740
2026/06/28 00:58:09.017, 162.76, 100, 10740
2026/06/28 00:58:10.018, 161.67, 100, 10740
2026/06/28 00:58:11.018, 162.23, 100, 10740
2026/06/28 00:58:12.018, 161.96, 100, 10740
2026/06/28 00:58:13.018, 161.04, 98, 10740
2026/06/28 00:58:14.018, 162.46, 100, 10740
2026/06/28 00:58:15.018, 161.52, 100, 10740
2026/06/28 00:58:16.019, 162.12, 100, 10740
2026/06/28 00:58:17.019, 162.15, 100, 10740
2026/06/28 00:58:18.019, 161.12, 98, 10740
2026/06/28 00:58:19.019, 162.30, 100, 10740
2026/06/28 00:58:20.019, 161.87, 100, 10740
2026/06/28 00:58:21.020, 162.16, 100, 10740
2026/06/28 00:58:22.020, 162.30, 100, 10740
2026/06/28 00:58:23.020, 161.21, 99, 10740
2026/06/28 00:58:24.020, 162.16, 100, 10740
2026/06/28 00:58:25.020, 161.62, 100, 10740
2026/06/28 00:58:26.020, 161.23, 100, 10740
2026/06/28 00:58:27.021, 162.01, 100, 10740
2026/06/28 00:58:28.021, 161.60, 100, 10740
2026/06/28 00:58:29.021, 162.31, 100, 10740
2026/06/28 00:58:30.021, 161.71, 100, 10740
2026/06/28 00:58:31.021, 160.86, 98, 10740
2026/06/28 00:58:32.022, 161.95, 100, 10740
2026/06/28 00:58:33.022, 161.17, 100, 10740
2026/06/28 00:58:34.022, 162.36, 100, 10740
2026/06/28 00:58:35.022, 161.60, 100, 10740
2026/06/28 00:58:36.022, 161.15, 98, 10740
2026/06/28 00:58:37.023, 162.71, 100, 10740
2026/06/28 00:58:38.023, 161.79, 100, 10740
2026/06/28 00:58:39.023, 162.16, 100, 10740
2026/06/28 00:58:40.023, 161.45, 100, 10740
2026/06/28 00:58:41.023, 161.08, 98, 10740
2026/06/28 00:58:42.024, 162.05, 100, 10740
2026/06/28 00:58:43.024, 161.65, 100, 10740
2026/06/28 00:58:44.024, 161.93, 100, 10740
2026/06/28 00:58:45.024, 162.00, 100, 10740
2026/06/28 00:58:46.024, 161.12, 98, 10740
2026/06/28 00:58:47.024, 162.45, 100, 10740
2026/06/28 00:58:48.025, 161.68, 100, 10740
2026/06/28 00:58:49.025, 161.90, 100, 10740
2026/06/28 00:58:50.025, 161.99, 100, 10740
2026/06/28 00:58:51.034, 161.29, 98, 10740
2026/06/28 00:58:52.034, 162.09, 100, 10740
2026/06/28 00:58:53.034, 161.71, 100, 10740
2026/06/28 00:58:54.034, 162.05, 100, 10740
2026/06/28 00:58:55.035, 162.42, 100, 10740
2026/06/28 00:58:56.035, 161.29, 100, 10740
2026/06/28 00:58:57.035, 162.11, 100, 10740
2026/06/28 00:58:58.035, 160.87, 100, 10740
2026/06/28 00:58:59.035, 161.64, 100, 10740
2026/06/28 00:59:00.035, 162.26, 100, 10740
2026/06/28 00:59:01.036, 161.38, 100, 10740
2026/06/28 00:59:02.036, 161.94, 100, 10740
2026/06/28 00:59:03.036, 161.84, 100, 10740
2026/06/28 00:59:04.036, 161.34, 98, 10740
2026/06/28 00:59:05.036, 161.94, 100, 10740
2026/06/28 00:59:06.037, 161.20, 100, 10740
2026/06/28 00:59:07.037, 162.15, 100, 10740
2026/06/28 00:59:08.037, 161.85, 100, 10740
2026/06/28 00:59:09.037, 159.90, 98, 10740
2026/06/28 00:59:10.037, 161.96, 100, 10740
2026/06/28 00:59:11.038, 161.50, 100, 10740
2026/06/28 00:59:12.038, 162.46, 100, 10740
2026/06/28 00:59:13.038, 162.02, 100, 10740
2026/06/28 00:59:14.047, 160.86, 98, 10740
2026/06/28 00:59:15.047, 162.12, 100, 10740
2026/06/28 00:59:16.047, 161.57, 100, 10740
2026/06/28 00:59:17.047, 162.46, 100, 10740
2026/06/28 00:59:18.047, 162.09, 100, 10740
2026/06/28 00:59:19.047, 161.49, 98, 10740
2026/06/28 00:59:20.048, 162.08, 100, 10740
2026/06/28 00:59:21.048, 161.66, 100, 10740
2026/06/28 00:59:22.048, 161.89, 100, 10740
2026/06/28 00:59:23.048, 162.53, 100, 10740
2026/06/28 00:59:24.057, 161.47, 98, 10740
2026/06/28 00:59:25.057, 162.60, 100, 10740
2026/06/28 00:59:26.057, 161.68, 100, 10740
2026/06/28 00:59:27.058, 162.15, 100, 10740
2026/06/28 00:59:28.058, 162.28, 100, 10740
2026/06/28 00:59:29.066, 161.35, 100, 10740
2026/06/28 00:59:30.067, 162.52, 100, 10740
2026/06/28 00:59:31.067, 162.01, 100, 10740
2026/06/28 00:59:32.067, 161.85, 100, 10740
2026/06/28 00:59:33.067, 162.38, 100, 10740
2026/06/28 00:59:34.076, 161.59, 100, 10740
2026/06/28 00:59:35.076, 162.08, 100, 10740
2026/06/28 00:59:36.076, 161.89, 100, 10740
2026/06/28 00:59:37.076, 161.25, 98, 10740
2026/06/28 00:59:38.076, 163.04, 100, 10740
2026/06/28 00:59:39.077, 161.43, 100, 10740
2026/06/28 00:59:40.077, 162.44, 100, 10740
2026/06/28 00:59:41.077, 162.51, 100, 10740
2026/06/28 00:59:42.077, 161.16, 98, 10740
2026/06/28 00:59:43.077, 162.05, 100, 10740
2026/06/28 00:59:44.086, 161.56, 100, 10740
2026/06/28 00:59:45.086, 162.42, 100, 10740
2026/06/28 00:59:46.086, 161.96, 100, 10740
2026/06/28 00:59:47.086, 161.37, 98, 10740
2026/06/28 00:59:48.087, 162.62, 100, 10740
2026/06/28 00:59:49.095, 161.60, 100, 10740
2026/06/28 00:59:50.095, 161.63, 100, 10740
2026/06/28 00:59:51.096, 162.21, 100, 10740
2026/06/28 00:59:52.096, 161.32, 98, 10740
2026/06/28 00:59:53.096, 162.43, 100, 10740
2026/06/28 00:59:54.104, 161.48, 100, 10740
2026/06/28 00:59:55.105, 161.77, 100, 10740
2026/06/28 00:59:56.105, 162.09, 100, 10740
2026/06/28 00:59:57.105, 161.10, 100, 10740
2026/06/28 00:59:58.105, 161.93, 100, 10740
2026/06/28 00:59:59.114, 161.86, 100, 10740
2026/06/28 01:00:00.114, 161.73, 100, 10740
2026/06/28 01:00:01.114, 162.17, 100, 10740
2026/06/28 01:00:02.114, 161.35, 100, 10740
2026/06/28 01:00:03.114, 162.20, 100, 10740
2026/06/28 01:00:04.123, 161.97, 100, 10740
2026/06/28 01:00:05.123, 161.39, 98, 10740
2026/06/28 01:00:06.124, 162.59, 100, 10740
2026/06/28 01:00:07.124, 161.15, 100, 10740
2026/06/28 01:00:08.124, 162.10, 100, 10740
2026/06/28 01:00:09.132, 161.66, 100, 10740
2026/06/28 01:00:10.133, 160.86, 98, 10740
2026/06/28 01:00:11.133, 162.13, 100, 10740
2026/06/28 01:00:12.133, 161.52, 100, 10740
2026/06/28 01:00:13.133, 162.03, 100, 10740
2026/06/28 01:00:14.133, 162.21, 100, 10740
2026/06/28 01:00:15.133, 161.46, 99, 10740
2026/06/28 01:00:16.134, 162.43, 100, 10740
2026/06/28 01:00:17.134, 161.35, 100, 10740
2026/06/28 01:00:18.134, 161.87, 100, 10740
2026/06/28 01:00:19.143, 162.05, 100, 10740
2026/06/28 01:00:20.143, 161.39, 98, 10740
2026/06/28 01:00:21.143, 162.44, 100, 10740
2026/06/28 01:00:22.143, 161.42, 100, 10740
2026/06/28 01:00:23.143, 161.64, 100, 10740
2026/06/28 01:00:24.144, 162.33, 100, 10740
2026/06/28 01:00:25.144, 161.32, 99, 10740
2026/06/28 01:00:26.144, 162.35, 100, 10740
2026/06/28 01:00:27.144, 161.45, 100, 10740
2026/06/28 01:00:28.144, 161.65, 100, 10740
2026/06/28 01:00:29.145, 161.98, 100, 10740
2026/06/28 01:00:30.145, 161.05, 100, 10740
2026/06/28 01:00:31.145, 162.18, 100, 10740
2026/06/28 01:00:32.145, 161.68, 100, 10740
2026/06/28 01:00:33.145, 161.46, 98, 10740
2026/06/28 01:00:34.146, 162.81, 100, 10740
2026/06/28 01:00:35.146, 161.57, 100, 10740
2026/06/28 01:00:36.146, 162.22, 100, 10740
2026/06/28 01:00:37.146, 161.74, 100, 10740
2026/06/28 01:00:38.146, 161.37, 98, 10740
2026/06/28 01:00:39.147, 162.15, 100, 10740
2026/06/28 01:00:40.147, 161.38, 100, 10740
2026/06/28 01:00:41.147, 162.12, 100, 10740
2026/06/28 01:00:42.147, 161.89, 100, 10740
2026/06/28 01:00:43.147, 161.27, 98, 10740
2026/06/28 01:00:44.147, 162.39, 100, 10740
2026/06/28 01:00:45.148, 161.71, 100, 10740
2026/06/28 01:00:46.156, 162.06, 100, 10740
2026/06/28 01:00:47.156, 161.71, 100, 10740
2026/06/28 01:00:48.157, 161.34, 98, 10740
2026/06/28 01:00:49.157, 162.16, 100, 10740
2026/06/28 01:00:50.157, 161.78, 100, 10740
2026/06/28 01:00:51.157, 161.52, 100, 10740
2026/06/28 01:00:52.157, 162.15, 100, 10740
2026/06/28 01:00:53.158, 161.65, 100, 10740
2026/06/28 01:00:54.158, 162.61, 100, 10740
2026/06/28 01:00:55.158, 161.57, 100, 10740
2026/06/28 01:00:56.158, 161.86, 100, 10740
2026/06/28 01:00:57.158, 161.87, 100, 10740
2026/06/28 01:00:58.159, 160.83, 100, 10740
2026/06/28 01:00:59.159, 162.21, 100, 10740
2026/06/28 01:01:00.159, 161.65, 100, 10740
2026/06/28 01:01:01.159, 160.93, 98, 10740
2026/06/28 01:01:02.159, 161.73, 100, 10740
2026/06/28 01:01:03.160, 161.12, 100, 10740
2026/06/28 01:01:04.160, 161.70, 100, 10740
2026/06/28 01:01:05.160, 161.70, 100, 10740
2026/06/28 01:01:06.160, 160.98, 98, 10740
2026/06/28 01:01:07.160, 162.22, 100, 10740
2026/06/28 01:01:08.160, 161.18, 100, 10740
2026/06/28 01:01:09.161, 161.88, 100, 10740
2026/06/28 01:01:10.161, 161.74, 100, 10740
2026/06/28 01:01:11.161, 160.86, 98, 10740
2026/06/28 01:01:12.161, 162.36, 100, 10740
2026/06/28 01:01:13.162, 161.43, 100, 10740
2026/06/28 01:01:14.162, 161.65, 100, 10740
2026/06/28 01:01:15.162, 161.71, 100, 10740
2026/06/28 01:01:16.170, 161.24, 98, 10740
2026/06/28 01:01:17.171, 161.88, 100, 10740
2026/06/28 01:01:18.171, 161.60, 100, 10740
2026/06/28 01:01:19.171, 161.55, 100, 10740
2026/06/28 01:01:20.171, 161.71, 100, 10740
2026/06/28 01:01:21.179, 160.87, 100, 10740
2026/06/28 01:01:22.179, 162.04, 100, 10740
2026/06/28 01:01:23.180, 161.68, 100, 10740
2026/06/28 01:01:24.180, 161.63, 100, 10740
2026/06/28 01:01:25.180, 161.89, 100, 10740
2026/06/28 01:01:26.188, 161.16, 100, 10740
2026/06/28 01:01:27.189, 162.11, 100, 10740
2026/06/28 01:01:28.189, 161.82, 100, 10740
2026/06/28 01:01:29.189, 160.94, 98, 10740
2026/06/28 01:01:30.189, 162.46, 100, 10740
2026/06/28 01:01:31.198, 161.32, 100, 10740
2026/06/28 01:01:32.198, 161.92, 100, 10740
2026/06/28 01:01:33.198, 161.40, 100, 10740
2026/06/28 01:01:34.198, 161.11, 98, 10740
2026/06/28 01:01:35.198, 161.78, 100, 10740
2026/06/28 01:01:36.199, 161.12, 100, 10740
2026/06/28 01:01:37.199, 161.78, 100, 10740
2026/06/28 01:01:38.199, 161.86, 100, 10740
2026/06/28 01:01:39.199, 160.71, 97, 10740
2026/06/28 01:01:40.199, 161.74, 100, 10740
2026/06/28 01:01:41.200, 161.28, 100, 10740
2026/06/28 01:01:42.200, 161.80, 100, 10740
2026/06/28 01:01:43.200, 161.75, 100, 10740
2026/06/28 01:01:44.200, 160.85, 97, 10740
2026/06/28 01:01:45.200, 161.98, 100, 10740
2026/06/28 01:01:46.201, 161.41, 100, 10740
2026/06/28 01:01:47.201, 161.33, 100, 10740
2026/06/28 01:01:48.201, 161.87, 100, 10740
2026/06/28 01:01:49.201, 161.05, 98, 10740
2026/06/28 01:01:50.201, 161.83, 100, 10740
2026/06/28 01:01:51.201, 161.40, 100, 10740
2026/06/28 01:01:52.202, 161.57, 100, 10740
2026/06/28 01:01:53.202, 161.75, 100, 10740
2026/06/28 01:01:54.202, 161.12, 100, 10740
2026/06/28 01:01:55.202, 162.29, 100, 10740
2026/06/28 01:01:56.202, 161.31, 100, 10740
2026/06/28 01:01:57.203, 160.99, 97, 10740
2026/06/28 01:01:58.211, 161.97, 100, 10740
2026/06/28 01:01:59.211, 160.98, 100, 10740
2026/06/28 01:02:00.211, 162.24, 100, 10740
2026/06/28 01:02:01.212, 161.94, 100, 10740
2026/06/28 01:02:02.212, 160.80, 98, 10740
2026/06/28 01:02:03.212, 162.29, 100, 10740
2026/06/28 01:02:04.212, 161.25, 100, 10740
2026/06/28 01:02:05.212, 161.71, 100, 10740
2026/06/28 01:02:06.213, 161.84, 100, 10740
2026/06/28 01:02:07.213, 160.92, 98, 10740
2026/06/28 01:02:08.213, 161.85, 100, 10740
2026/06/28 01:02:09.213, 161.32, 100, 10740
2026/06/28 01:02:10.213, 161.58, 100, 10740
2026/06/28 01:02:11.214, 161.62, 100, 10740
2026/06/28 01:02:12.214, 160.91, 98, 10740
2026/06/28 01:02:13.214, 161.72, 100, 10740
2026/06/28 01:02:14.214, 161.45, 100, 10740
2026/06/28 01:02:15.214, 162.09, 100, 10740
2026/06/28 01:02:16.214, 161.91, 100, 10740
2026/06/28 01:02:17.215, 161.09, 98, 10740
2026/06/28 01:02:18.215, 161.84, 100, 10740
2026/06/28 01:02:19.215, 161.66, 100, 10740
2026/06/28 01:02:20.215, 161.55, 100, 10740
2026/06/28 01:02:21.215, 161.85, 100, 10740
2026/06/28 01:02:22.216, 161.13, 100, 10740
2026/06/28 01:02:23.216, 162.05, 100, 10740
2026/06/28 01:02:24.216, 161.47, 100, 10740
2026/06/28 01:02:25.216, 161.48, 99, 10740
2026/06/28 01:02:26.216, 161.86, 100, 10740
2026/06/28 01:02:27.216, 161.13, 100, 10740
2026/06/28 01:02:28.217, 162.18, 100, 10740
2026/06/28 01:02:29.217, 161.88, 100, 10740
2026/06/28 01:02:30.217, 160.86, 98, 10740
2026/06/28 01:02:31.217, 161.66, 100, 10740
2026/06/28 01:02:32.217, 161.05, 100, 10740
2026/06/28 01:02:33.226, 161.90, 100, 10740
2026/06/28 01:02:34.226, 161.75, 100, 10740
2026/06/28 01:02:35.226, 160.80, 98, 10740
2026/06/28 01:02:36.227, 161.95, 100, 10740
2026/06/28 01:02:37.227, 161.24, 100, 10740
2026/06/28 01:02:38.235, 161.50, 100, 10740
2026/06/28 01:02:39.235, 164.03, 100, 10740
2026/06/28 01:02:40.236, 164.08, 100, 10740
2026/06/28 01:02:41.236, 164.13, 100, 10740
2026/06/28 01:02:42.236, 164.24, 100, 10740
2026/06/28 01:02:43.245, 163.93, 100, 10740
2026/06/28 01:02:44.245, 163.99, 100, 10740
2026/06/28 01:02:45.245, 164.06, 100, 10740
2026/06/28 01:02:46.245, 164.26, 100, 10740
2026/06/28 01:02:47.245, 164.21, 100, 10740
2026/06/28 01:02:48.254, 164.23, 100, 10740
2026/06/28 01:02:49.254, 164.18, 99, 10740
2026/06/28 01:02:50.254, 163.79, 100, 10740
2026/06/28 01:02:51.254, 163.89, 99, 10740
2026/06/28 01:02:52.255, 164.01, 100, 10740
2026/06/28 01:02:53.255, 164.13, 99, 10740
2026/06/28 01:02:54.255, 164.15, 100, 10740
2026/06/28 01:02:55.255, 164.31, 99, 10740
2026/06/28 01:02:56.255, 164.23, 100, 10740
2026/06/28 01:02:57.255, 164.03, 99, 10740
2026/06/28 01:02:58.256, 164.23, 100, 10740
2026/06/28 01:02:59.256, 164.24, 99, 10740
2026/06/28 01:03:00.256, 164.17, 100, 10740
2026/06/28 01:03:01.256, 164.14, 99, 10740
2026/06/28 01:03:02.256, 164.15, 100, 10740
2026/06/28 01:03:03.256, 164.13, 100, 10740
2026/06/28 01:03:04.257, 164.21, 100, 10740
2026/06/28 01:03:05.257, 164.53, 100, 10740
2026/06/28 01:03:06.257, 164.28, 100, 10740
2026/06/28 01:03:07.257, 164.12, 100, 10740
2026/06/28 01:03:08.257, 164.35, 100, 10740
2026/06/28 01:03:09.258, 164.21, 100, 10740
2026/06/28 01:03:10.258, 163.82, 100, 10740
2026/06/28 01:03:11.258, 164.15, 100, 10740
2026/06/28 01:03:12.258, 164.05, 100, 10740
2026/06/28 01:03:13.258, 164.17, 100, 10740
2026/06/28 01:03:14.258, 164.12, 100, 10740
2026/06/28 01:03:15.267, 164.29, 100, 10740
2026/06/28 01:03:16.267, 164.10, 100, 10740
2026/06/28 01:03:17.267, 164.04, 100, 10740
2026/06/28 01:03:18.267, 164.21, 100, 10740
2026/06/28 01:03:19.268, 164.19, 100, 10740
2026/06/28 01:03:20.268, 164.06, 100, 10740
2026/06/28 01:03:21.268, 164.47, 100, 10740
2026/06/28 01:03:22.268, 164.50, 100, 10740
2026/06/28 01:03:23.268, 164.38, 100, 10740
2026/06/28 01:03:24.268, 164.37, 100, 10740
2026/06/28 01:03:25.269, 164.31, 100, 10740
2026/06/28 01:03:26.269, 164.33, 100, 10740
2026/06/28 01:03:27.269, 164.39, 100, 10740
2026/06/28 01:03:28.269, 164.45, 100, 10740
2026/06/28 01:03:29.269, 153.74, 98, 10740
2026/06/28 01:03:30.278, 162.11, 100, 10740
2026/06/28 01:03:31.278, 161.76, 100, 10740
2026/06/28 01:03:32.278, 161.79, 100, 10740
2026/06/28 01:03:33.279, 161.96, 100, 10740
2026/06/28 01:03:34.279, 160.78, 98, 10740
2026/06/28 01:03:35.279, 161.96, 100, 10740
2026/06/28 01:03:36.279, 161.60, 100, 10740
2026/06/28 01:03:37.279, 162.13, 100, 10740
2026/06/28 01:03:38.280, 162.20, 100, 10740
2026/06/28 01:03:39.280, 161.00, 99, 10740
2026/06/28 01:03:40.280, 161.89, 100, 10740
2026/06/28 01:03:41.280, 161.51, 100, 10740
2026/06/28 01:03:42.280, 161.37, 100, 10740
2026/06/28 01:03:43.281, 162.03, 100, 10740
2026/06/28 01:03:44.281, 161.02, 100, 10740
2026/06/28 01:03:45.289, 162.29, 100, 10740
2026/06/28 01:03:46.289, 161.78, 100, 10740
2026/06/28 01:03:47.290, 161.70, 99, 10740
2026/06/28 01:03:48.290, 161.98, 100, 10740
2026/06/28 01:03:49.290, 161.24, 100, 10740
2026/06/28 01:03:50.290, 162.18, 100, 10740
2026/06/28 01:03:51.290, 161.62, 100, 10740
2026/06/28 01:03:52.291, 161.02, 98, 10740
2026/06/28 01:03:53.291, 162.10, 100, 10740
2026/06/28 01:03:54.291, 160.99, 100, 10740
2026/06/28 01:03:55.291, 162.02, 100, 10740
2026/06/28 01:03:56.291, 161.68, 100, 10740
2026/06/28 01:03:57.292, 160.88, 98, 10740
2026/06/28 01:03:58.292, 160.81, 100, 10740
2026/06/28 01:03:59.292, 161.10, 100, 10740
2026/06/28 01:04:00.292, 161.88, 100, 10740
2026/06/28 01:04:01.292, 161.49, 100, 10740
2026/06/28 01:04:02.293, 161.13, 98, 10740
2026/06/28 01:04:03.293, 161.57, 100, 10740
2026/06/28 01:04:04.293, 161.28, 100, 10740
2026/06/28 01:04:05.293, 161.47, 100, 10740
2026/06/28 01:04:06.293, 161.37, 100, 10740
2026/06/28 01:04:07.294, 160.68, 98, 10740
2026/06/28 01:04:08.294, 162.07, 100, 10740
2026/06/28 01:04:09.294, 161.23, 100, 10740
2026/06/28 01:04:10.294, 161.49, 100, 10740
2026/06/28 01:04:11.294, 161.66, 100, 10740
2026/06/28 01:04:12.295, 160.84, 98, 10740
2026/06/28 01:04:13.295, 161.86, 100, 10740
2026/06/28 01:04:14.295, 161.28, 100, 10740
2026/06/28 01:04:15.295, 160.99, 100, 10740
2026/06/28 01:04:16.296, 162.09, 100, 10740
2026/06/28 01:04:17.296, 161.25, 98, 10740
2026/06/28 01:04:18.296, 161.40, 100, 10740
2026/06/28 01:04:19.296, 161.74, 100, 10740
2026/06/28 01:04:20.296, 160.85, 100, 10740
2026/06/28 01:04:21.296, 161.75, 100, 10740
2026/06/28 01:04:22.297, 161.19, 100, 10740
2026/06/28 01:04:23.297, 161.35, 100, 10740
2026/06/28 01:04:24.297, 161.74, 100, 10740
2026/06/28 01:04:25.297, 160.86, 100, 10740
2026/06/28 01:04:26.298, 161.66, 100, 10740
2026/06/28 01:04:27.298, 161.37, 100, 10740
2026/06/28 01:04:28.298, 161.25, 100, 10740
2026/06/28 01:04:29.298, 161.75, 100, 10740
2026/06/28 01:04:30.298, 161.28, 98, 10740
2026/06/28 01:04:31.298, 162.25, 100, 10740
2026/06/28 01:04:32.299, 161.47, 100, 10740
2026/06/28 01:04:33.299, 161.60, 99, 10740
2026/06/28 01:04:34.299, 161.85, 100, 10740
2026/06/28 01:04:35.299, 160.83, 100, 10740
2026/06/28 01:04:36.299, 161.65, 100, 10740
2026/06/28 01:04:37.300, 161.36, 100, 10740
2026/06/28 01:04:38.300, 160.58, 98, 10740
2026/06/28 01:04:39.300, 161.58, 100, 10740
2026/06/28 01:04:40.300, 160.90, 100, 10740
2026/06/28 01:04:41.300, 161.60, 100, 10740
2026/06/28 01:04:42.301, 161.64, 100, 10740
2026/06/28 01:04:43.301, 160.72, 98, 10740
2026/06/28 01:04:44.301, 162.43, 100, 10740
2026/06/28 01:04:45.301, 160.14, 100, 10740
2026/06/28 01:04:46.301, 162.11, 100, 10740
2026/06/28 01:04:47.302, 161.83, 100, 10740
2026/06/28 01:04:48.302, 161.04, 98, 10740
2026/06/28 01:04:49.302, 161.69, 100, 10740
2026/06/28 01:04:50.302, 160.93, 100, 10740
2026/06/28 01:04:51.302, 161.91, 100, 10740
2026/06/28 01:04:52.303, 161.48, 100, 10740
2026/06/28 01:04:53.303, 161.12, 98, 10740
2026/06/28 01:04:54.303, 162.16, 100, 10740
2026/06/28 01:04:55.303, 161.15, 100, 10740
2026/06/28 01:04:56.303, 161.37, 100, 10740
2026/06/28 01:04:57.304, 161.57, 100, 10740
2026/06/28 01:04:58.304, 160.88, 98, 10740
2026/06/28 01:04:59.304, 162.03, 100, 10740
2026/06/28 01:05:00.304, 161.06, 100, 10740
2026/06/28 01:05:01.304, 161.29, 100, 10740
2026/06/28 01:05:02.305, 161.79, 100, 10740
2026/06/28 01:05:03.305, 161.29, 98, 10740
2026/06/28 01:05:04.305, 161.70, 100, 10740
2026/06/28 01:05:05.305, 161.28, 100, 10740
2026/06/28 01:05:06.305, 161.28, 100, 10740
2026/06/28 01:05:07.306, 161.46, 100, 10740
2026/06/28 01:05:08.306, 160.99, 100, 10740
2026/06/28 01:05:09.306, 161.93, 100, 10740
2026/06/28 01:05:10.306, 161.46, 100, 10740
2026/06/28 01:05:11.306, 161.41, 100, 10740
2026/06/28 01:05:12.315, 161.90, 100, 10740
2026/06/28 01:05:13.315, 160.86, 100, 10740
2026/06/28 01:05:14.315, 161.84, 100, 10740
2026/06/28 01:05:15.316, 161.34, 100, 10740
2026/06/28 01:05:16.316, 160.44, 98, 10740
2026/06/28 01:05:17.324, 161.69, 100, 10740
2026/06/28 01:05:18.325, 161.00, 100, 10740
2026/06/28 01:05:19.325, 161.71, 100, 10740
2026/06/28 01:05:20.325, 161.35, 100, 10740
2026/06/28 01:05:21.325, 160.61, 98, 10740
2026/06/28 01:05:22.334, 162.12, 100, 10740
2026/06/28 01:05:23.334, 160.98, 100, 10740
2026/06/28 01:05:24.334, 161.46, 100, 10740
2026/06/28 01:05:25.334, 161.57, 100, 10740
2026/06/28 01:05:26.334, 160.72, 97, 10740
2026/06/28 01:05:27.335, 161.65, 100, 10740
2026/06/28 01:05:28.335, 161.20, 100, 10740
2026/06/28 01:05:29.335, 161.59, 100, 10740
2026/06/28 01:05:30.335, 161.23, 100, 10740
2026/06/28 01:05:31.335, 160.88, 98, 10740
2026/06/28 01:05:32.344, 162.05, 100, 10740
2026/06/28 01:05:33.344, 161.04, 100, 10740
2026/06/28 01:05:34.344, 161.68, 100, 10740
2026/06/28 01:05:35.345, 161.63, 100, 10740
2026/06/28 01:05:36.345, 160.83, 98, 10740
2026/06/28 01:05:37.353, 161.70, 100, 10740
2026/06/28 01:05:38.353, 161.03, 100, 10740
2026/06/28 01:05:39.354, 161.59, 100, 10740
2026/06/28 01:05:40.354, 161.69, 100, 10740
2026/06/28 01:05:41.354, 160.67, 97, 10740
2026/06/28 01:05:42.354, 161.38, 100, 10740
2026/06/28 01:05:43.354, 161.24, 100, 10740
2026/06/28 01:05:44.355, 161.20, 100, 10740
2026/06/28 01:05:45.355, 161.84, 100, 10740
2026/06/28 01:05:46.355, 160.90, 100, 10740
2026/06/28 01:05:47.364, 161.77, 100, 10740
2026/06/28 01:05:48.364, 161.52, 100, 10740
2026/06/28 01:05:49.364, 161.19, 100, 10740
2026/06/28 01:05:50.364, 161.71, 100, 10740
2026/06/28 01:05:51.364, 160.79, 100, 10740
2026/06/28 01:05:52.365, 161.83, 100, 10740
2026/06/28 01:05:53.365, 161.29, 100, 10740
2026/06/28 01:05:54.365, 160.76, 98, 10740
2026/06/28 01:05:55.365, 161.74, 100, 10740
2026/06/28 01:05:56.365, 160.91, 100, 10740
2026/06/28 01:05:57.366, 161.95, 100, 10740
2026/06/28 01:05:58.366, 161.25, 100, 10740
2026/06/28 01:05:59.366, 160.43, 98, 10740
2026/06/28 01:06:00.366, 161.60, 100, 10740
2026/06/28 01:06:01.366, 160.83, 100, 10740
2026/06/28 01:06:02.367, 161.58, 100, 10740
2026/06/28 01:06:03.367, 161.73, 100, 10740
2026/06/28 01:06:04.367, 160.87, 98, 10740
2026/06/28 01:06:05.367, 161.49, 100, 10740
2026/06/28 01:06:06.367, 161.07, 100, 10740
2026/06/28 01:06:07.368, 161.72, 100, 10740
2026/06/28 01:06:08.368, 160.86, 100, 10740
2026/06/28 01:06:09.368, 160.89, 98, 10740
2026/06/28 01:06:10.368, 162.54, 100, 10740
2026/06/28 01:06:11.368, 161.43, 100, 10740
2026/06/28 01:06:12.368, 161.90, 100, 10740
2026/06/28 01:06:13.368, 162.22, 100, 10740
2026/06/28 01:06:14.369, 161.27, 98, 10740
2026/06/28 01:06:15.369, 161.93, 100, 10740
2026/06/28 01:06:16.369, 161.43, 100, 10740
2026/06/28 01:06:17.369, 161.35, 100, 10740
2026/06/28 01:06:18.369, 162.05, 100, 10740
2026/06/28 01:06:19.370, 161.45, 100, 10740
2026/06/28 01:06:20.370, 161.88, 100, 10740
2026/06/28 01:06:21.370, 161.43, 100, 10740
2026/06/28 01:06:22.370, 161.77, 100, 10740
2026/06/28 01:06:23.370, 162.04, 100, 10740
2026/06/28 01:06:24.379, 161.16, 100, 10740
2026/06/28 01:06:25.379, 161.75, 100, 10740
2026/06/28 01:06:26.379, 161.92, 100, 10740
2026/06/28 01:06:27.380, 160.66, 98, 10740
2026/06/28 01:06:28.380, 161.74, 100, 10740
2026/06/28 01:06:29.380, 161.27, 100, 10740
2026/06/28 01:06:30.380, 161.69, 100, 10740
2026/06/28 01:06:31.380, 161.45, 100, 10740
2026/06/28 01:06:32.381, 160.66, 98, 10740
2026/06/28 01:06:33.381, 161.90, 100, 10740
2026/06/28 01:06:34.381, 161.30, 100, 10740
2026/06/28 01:06:35.381, 161.54, 100, 10740
2026/06/28 01:06:36.381, 161.90, 100, 10740
2026/06/28 01:06:37.381, 161.02, 98, 10740
2026/06/28 01:06:38.382, 161.88, 100, 10740
2026/06/28 01:06:39.382, 161.07, 100, 10740
2026/06/28 01:06:40.382, 161.80, 100, 10740
2026/06/28 01:06:41.382, 161.78, 100, 10740
2026/06/28 01:06:42.383, 160.97, 98, 10740
2026/06/28 01:06:43.383, 161.80, 100, 10740
2026/06/28 01:06:44.391, 161.28, 100, 10740
2026/06/28 01:06:45.392, 161.81, 100, 10740
2026/06/28 01:06:46.392, 161.85, 100, 10740
2026/06/28 01:06:47.392, 161.18, 100, 10740
2026/06/28 01:06:48.392, 161.88, 100, 10740
2026/06/28 01:06:49.392, 161.35, 100, 10740
2026/06/28 01:06:50.392, 161.02, 100, 10740
2026/06/28 01:06:51.393, 161.40, 100, 10740
2026/06/28 01:06:52.393, 160.99, 100, 10740
2026/06/28 01:06:53.393, 161.85, 100, 10740
2026/06/28 01:06:54.402, 161.66, 100, 10740
2026/06/28 01:06:55.402, 160.90, 98, 10740
2026/06/28 01:06:56.402, 162.35, 100, 10740
2026/06/28 01:06:57.402, 161.11, 100, 10740
2026/06/28 01:06:58.402, 161.68, 100, 10740
2026/06/28 01:06:59.403, 161.50, 100, 10740
2026/06/28 01:07:00.403, 160.60, 98, 10740
2026/06/28 01:07:01.403, 161.57, 100, 10740
2026/06/28 01:07:02.403, 161.19, 100, 10740
2026/06/28 01:07:03.403, 161.52, 100, 10740
2026/06/28 01:07:04.404, 161.39, 100, 10740
2026/06/28 01:07:05.404, 161.15, 97, 10740
2026/06/28 01:07:06.404, 161.40, 100, 10740
2026/06/28 01:07:07.404, 161.00, 100, 10740
2026/06/28 01:07:08.404, 161.62, 100, 10740
2026/06/28 01:07:09.413, 161.38, 100, 10740
2026/06/28 01:07:10.413, 160.99, 98, 10740
2026/06/28 01:07:11.413, 161.94, 100, 10740
2026/06/28 01:07:12.414, 161.24, 100, 10740
2026/06/28 01:07:13.414, 161.20, 100, 10740
2026/06/28 01:07:14.414, 161.33, 100, 10740
2026/06/28 01:07:15.414, 161.08, 99, 10740
2026/06/28 01:07:16.414, 161.80, 100, 10740
2026/06/28 01:07:17.415, 161.08, 100, 10740
2026/06/28 01:07:18.415, 160.99, 100, 10740
2026/06/28 01:07:19.415, 161.43, 100, 10740
2026/06/28 01:07:20.415, 160.50, 100, 10740
2026/06/28 01:07:21.415, 161.48, 100, 10740
2026/06/28 01:07:22.416, 161.33, 100, 10740
2026/06/28 01:07:23.416, 160.68, 98, 10740
2026/06/28 01:07:24.424, 161.60, 100, 10740
2026/06/28 01:07:25.424, 160.93, 100, 10740
2026/06/28 01:07:26.425, 161.71, 100, 10740
2026/06/28 01:07:27.425, 161.35, 100, 10740
2026/06/28 01:07:28.425, 160.12, 98, 10740
2026/06/28 01:07:29.425, 162.42, 100, 10740
2026/06/28 01:07:30.425, 161.08, 100, 10740
2026/06/28 01:07:31.426, 161.88, 100, 10740
2026/06/28 01:07:32.426, 161.18, 100, 10740
2026/06/28 01:07:33.426, 160.49, 98, 10740
2026/06/28 01:07:34.426, 161.56, 100, 10740
2026/06/28 01:07:35.426, 161.32, 100, 10740
2026/06/28 01:07:36.426, 161.41, 100, 10740
2026/06/28 01:07:37.427, 161.37, 100, 10740
2026/06/28 01:07:38.427, 160.71, 98, 10740
2026/06/28 01:07:39.427, 162.03, 100, 10740
2026/06/28 01:07:40.427, 161.23, 100, 10740
2026/06/28 01:07:41.427, 161.69, 100, 10740
2026/06/28 01:07:42.428, 161.73, 100, 10740
2026/06/28 01:07:43.428, 160.88, 98, 10740
2026/06/28 01:07:44.428, 161.74, 100, 10740
2026/06/28 01:07:45.428, 160.35, 100, 10740
2026/06/28 01:07:46.428, 161.79, 100, 10740
2026/06/28 01:07:47.428, 161.89, 100, 10740
2026/06/28 01:07:48.429, 160.93, 99, 10740
2026/06/28 01:07:49.429, 161.76, 100, 10740
2026/06/28 01:07:50.429, 161.41, 100, 10740
2026/06/28 01:07:51.429, 161.38, 100, 10740
2026/06/28 01:07:52.429, 161.99, 100, 10740
2026/06/28 01:07:53.429, 160.97, 100, 10740
2026/06/28 01:07:54.430, 162.20, 100, 10740
2026/06/28 01:07:55.430, 161.59, 100, 10740
2026/06/28 01:07:56.430, 160.49, 89, 10740
2026/06/28 01:07:57.430, 160.62, 100, 10740
2026/06/28 01:07:58.430, 161.11, 100, 10740
2026/06/28 01:07:59.430, 161.73, 100, 10740
2026/06/28 01:08:00.431, 161.50, 100, 10740
2026/06/28 01:08:01.431, 160.56, 98, 10740
2026/06/28 01:08:02.431, 161.68, 100, 10740
2026/06/28 01:08:03.431, 161.02, 100, 10740
2026/06/28 01:08:04.431, 162.02, 100, 10740
2026/06/28 01:08:05.432, 161.68, 100, 10740
2026/06/28 01:08:06.432, 160.89, 98, 10740
2026/06/28 01:08:07.440, 161.44, 100, 10740
2026/06/28 01:08:08.441, 160.88, 100, 10740
2026/06/28 01:08:09.441, 161.56, 100, 10740
2026/06/28 01:08:10.441, 161.46, 100, 10740
2026/06/28 01:08:11.441, 160.61, 98, 10740
2026/06/28 01:08:12.442, 161.86, 100, 10740
2026/06/28 01:08:13.442, 160.84, 100, 10740
2026/06/28 01:08:14.442, 161.25, 100, 10740
2026/06/28 01:08:15.442, 161.56, 100, 10740
2026/06/28 01:08:16.442, 160.89, 98, 10740
2026/06/28 01:08:17.451, 161.96, 100, 10740
2026/06/28 01:08:18.451, 161.30, 100, 10740
2026/06/28 01:08:19.451, 161.11, 100, 10740
2026/06/28 01:08:20.451, 161.60, 100, 10740
2026/06/28 01:08:21.452, 160.72, 98, 10740
2026/06/28 01:08:22.452, 161.65, 100, 10740
2026/06/28 01:08:23.452, 161.39, 100, 10740
2026/06/28 01:08:24.452, 161.47, 100, 10740
2026/06/28 01:08:25.452, 161.59, 100, 10740
2026/06/28 01:08:26.452, 161.07, 100, 10740
2026/06/28 01:08:27.461, 161.63, 100, 10740
2026/06/28 01:08:28.461, 161.40, 100, 10740
2026/06/28 01:08:29.461, 161.21, 100, 10740
2026/06/28 01:08:30.462, 161.70, 100, 10740
2026/06/28 01:08:31.462, 160.91, 100, 10740
2026/06/28 01:08:32.462, 161.94, 100, 10740
2026/06/28 01:08:33.462, 161.62, 100, 10740
2026/06/28 01:08:34.462, 161.16, 98, 10740
2026/06/28 01:08:35.462, 162.08, 100, 10740
2026/06/28 01:08:36.463, 161.03, 100, 10740
2026/06/28 01:08:37.471, 161.91, 100, 10740
2026/06/28 01:08:38.471, 161.68, 100, 10740
2026/06/28 01:08:39.472, 160.46, 98, 10740
2026/06/28 01:08:40.472, 160.81, 100, 10740
2026/06/28 01:08:41.472, 163.70, 100, 10740
2026/06/28 01:08:42.481, 163.79, 100, 10740
2026/06/28 01:08:43.481, 163.78, 100, 10740
2026/06/28 01:08:44.481, 163.81, 100, 10740
2026/06/28 01:08:45.481, 163.92, 100, 10740
2026/06/28 01:08:46.481, 163.81, 100, 10740
2026/06/28 01:08:47.482, 163.57, 100, 10740
2026/06/28 01:08:48.482, 163.63, 100, 10740
2026/06/28 01:08:49.482, 163.73, 100, 10740
2026/06/28 01:08:50.482, 163.80, 100, 10740
2026/06/28 01:08:51.482, 163.74, 100, 10740
2026/06/28 01:08:52.491, 163.90, 100, 10740
2026/06/28 01:08:53.491, 163.62, 100, 10740
2026/06/28 01:08:54.491, 163.95, 100, 10740
2026/06/28 01:08:55.492, 163.90, 100, 10740
2026/06/28 01:08:56.492, 163.96, 100, 10740
2026/06/28 01:08:57.492, 163.94, 100, 10740
2026/06/28 01:08:58.492, 163.97, 100, 10740
2026/06/28 01:08:59.492, 163.65, 100, 10740
2026/06/28 01:09:00.492, 163.94, 100, 10740
2026/06/28 01:09:01.493, 163.88, 100, 10740
2026/06/28 01:09:02.493, 163.84, 100, 10740
2026/06/28 01:09:03.493, 163.96, 100, 10740
2026/06/28 01:09:04.493, 163.86, 100, 10740
2026/06/28 01:09:05.493, 163.81, 100, 10740
2026/06/28 01:09:06.493, 163.72, 100, 10740
2026/06/28 01:09:07.494, 163.77, 100, 10740
2026/06/28 01:09:08.494, 163.80, 100, 10740
2026/06/28 01:09:09.494, 163.91, 100, 10740
2026/06/28 01:09:10.494, 163.67, 100, 10740
2026/06/28 01:09:11.494, 163.87, 100, 10740
2026/06/28 01:09:12.494, 163.56, 100, 10740
2026/06/28 01:09:13.495, 163.71, 100, 10740
2026/06/28 01:09:14.495, 163.78, 100, 10740
2026/06/28 01:09:15.495, 163.89, 100, 10740
2026/06/28 01:09:16.495, 163.81, 100, 10740
2026/06/28 01:09:17.495, 163.77, 100, 10740
2026/06/28 01:09:18.495, 163.85, 100, 10740
2026/06/28 01:09:19.496, 163.64, 100, 10740
2026/06/28 01:09:20.496, 164.01, 100, 10740
2026/06/28 01:09:21.496, 163.91, 100, 10740
2026/06/28 01:09:22.496, 163.87, 100, 10740
2026/06/28 01:09:23.496, 163.92, 100, 10740
2026/06/28 01:09:24.496, 163.91, 100, 10740
2026/06/28 01:09:25.497, 163.54, 99, 10740
2026/06/28 01:09:26.497, 163.87, 100, 10740
2026/06/28 01:09:27.497, 163.83, 100, 10740
2026/06/28 01:09:28.497, 163.85, 100, 10740
2026/06/28 01:09:29.497, 163.71, 99, 10740
2026/06/28 01:09:30.497, 163.83, 100, 10740
2026/06/28 01:09:31.498, 157.66, 56, 10740
2026/06/28 01:09:32.498, 155.16, 100, 10740
2026/06/28 01:09:33.498, 160.95, 100, 10740
2026/06/28 01:09:34.498, 161.71, 100, 10740
2026/06/28 01:09:35.498, 160.63, 100, 10740
2026/06/28 01:09:36.499, 161.18, 98, 10740
2026/06/28 01:09:37.499, 162.35, 100, 10740
2026/06/28 01:09:38.499, 161.42, 100, 10740
2026/06/28 01:09:39.499, 162.05, 100, 10740
2026/06/28 01:09:40.499, 161.78, 100, 10740
2026/06/28 01:09:41.499, 160.89, 98, 10740
2026/06/28 01:09:42.500, 162.61, 100, 10740
2026/06/28 01:09:43.500, 161.30, 100, 10740
2026/06/28 01:09:44.500, 161.84, 100, 10740
2026/06/28 01:09:45.500, 161.55, 100, 10740
2026/06/28 01:09:46.500, 160.99, 98, 10740
2026/06/28 01:09:47.501, 162.59, 100, 10740
2026/06/28 01:09:48.501, 161.45, 100, 10740
2026/06/28 01:09:49.501, 161.94, 100, 10740
2026/06/28 01:09:50.501, 161.77, 100, 10740
2026/06/28 01:09:51.510, 160.78, 98, 10740
2026/06/28 01:09:52.510, 161.87, 100, 10740
2026/06/28 01:09:53.510, 161.60, 100, 10740
2026/06/28 01:09:54.510, 161.76, 100, 10740
2026/06/28 01:09:55.510, 161.77, 100, 10740
2026/06/28 01:09:56.511, 161.02, 98, 10740
2026/06/28 01:09:57.511, 162.38, 100, 10740
2026/06/28 01:09:58.511, 161.40, 100, 10740
2026/06/28 01:09:59.511, 161.92, 100, 10740
2026/06/28 01:10:00.511, 161.90, 100, 10740
2026/06/28 01:10:01.520, 161.33, 100, 10740
2026/06/28 01:10:02.520, 162.24, 100, 10740
2026/06/28 01:10:03.520, 161.69, 100, 10740
2026/06/28 01:10:04.520, 161.57, 100, 10740
2026/06/28 01:10:05.521, 161.85, 100, 10740
2026/06/28 01:10:06.529, 160.09, 100, 10740
2026/06/28 01:10:07.529, 162.13, 100, 10740
2026/06/28 01:10:08.530, 161.55, 100, 10740
2026/06/28 01:10:09.530, 160.62, 98, 10740
2026/06/28 01:10:10.530, 161.68, 100, 10740
2026/06/28 01:10:11.538, 161.31, 100, 10740
2026/06/28 01:10:12.539, 161.99, 100, 10740
2026/06/28 01:10:13.539, 161.57, 100, 10740
2026/06/28 01:10:14.539, 160.64, 98, 10740
2026/06/28 01:10:15.539, 161.95, 100, 10740
2026/06/28 01:10:16.539, 161.38, 100, 10740
2026/06/28 01:10:17.540, 162.28, 100, 10740
2026/06/28 01:10:18.540, 161.72, 100, 10740
2026/06/28 01:10:19.540, 160.83, 98, 10740
2026/06/28 01:10:20.540, 162.64, 100, 10740
2026/06/28 01:10:21.540, 161.55, 100, 10740
2026/06/28 01:10:22.540, 161.75, 100, 10740
2026/06/28 01:10:23.541, 161.87, 100, 10740
2026/06/28 01:10:24.541, 160.96, 98, 10740
2026/06/28 01:10:25.541, 161.16, 100, 10740
2026/06/28 01:10:26.541, 161.35, 100, 10740
2026/06/28 01:10:27.541, 162.33, 100, 10740
2026/06/28 01:10:28.542, 162.01, 100, 10740
2026/06/28 01:10:29.542, 161.32, 98, 10740
2026/06/28 01:10:30.542, 162.31, 100, 10740
2026/06/28 01:10:31.542, 160.27, 100, 10740
2026/06/28 01:10:32.542, 161.80, 100, 10740
2026/06/28 01:10:33.542, 161.73, 100, 10740
2026/06/28 01:10:34.543, 160.96, 98, 10740
2026/06/28 01:10:35.543, 162.05, 100, 10740
2026/06/28 01:10:36.543, 161.54, 100, 10740
2026/06/28 01:10:37.543, 161.65, 100, 10740
2026/06/28 01:10:38.543, 161.82, 100, 10740
2026/06/28 01:10:39.544, 160.77, 100, 10740
2026/06/28 01:10:40.544, 162.00, 100, 10740
2026/06/28 01:10:41.544, 161.32, 100, 10740
2026/06/28 01:10:42.544, 161.23, 99, 10740
2026/06/28 01:10:43.544, 161.84, 100, 10740
2026/06/28 01:10:44.544, 161.05, 100, 10740
2026/06/28 01:10:45.545, 162.08, 100, 10740
2026/06/28 01:10:46.545, 161.35, 100, 10740
2026/06/28 01:10:47.545, 160.53, 98, 10740
2026/06/28 01:10:48.545, 162.38, 100, 10740
2026/06/28 01:10:49.545, 161.10, 100, 10740
2026/06/28 01:10:50.546, 161.99, 100, 10740
2026/06/28 01:10:51.546, 161.80, 100, 10740
2026/06/28 01:10:52.546, 160.74, 97, 10740
2026/06/28 01:10:53.546, 161.70, 100, 10740
2026/06/28 01:10:54.546, 161.19, 100, 10740
2026/06/28 01:10:55.546, 161.80, 100, 10740
2026/06/28 01:10:56.547, 161.66, 100, 10740
2026/06/28 01:10:57.547, 159.60, 89, 10740
2026/06/28 01:10:58.547, 162.45, 100, 10740
2026/06/28 01:10:59.547, 161.21, 100, 10740
2026/06/28 01:11:00.547, 161.67, 100, 10740
2026/06/28 01:11:01.548, 161.67, 100, 10740
2026/06/28 01:11:02.548, 161.11, 98, 10740
2026/06/28 01:11:03.548, 162.16, 100, 10740
2026/06/28 01:11:04.548, 161.25, 100, 10740
2026/06/28 01:11:05.548, 161.80, 100, 10740
2026/06/28 01:11:06.549, 161.74, 100, 10740
2026/06/28 01:11:07.549, 161.12, 98, 10740
2026/06/28 01:11:08.549, 161.67, 100, 10740
2026/06/28 01:11:09.549, 161.26, 100, 10740
2026/06/28 01:11:10.549, 161.45, 100, 10740
2026/06/28 01:11:11.549, 161.77, 100, 10740
2026/06/28 01:11:12.550, 161.21, 99, 10740
2026/06/28 01:11:13.550, 162.06, 100, 10740
2026/06/28 01:11:14.554, 161.57, 100, 10740
2026/06/28 01:11:15.554, 161.57, 100, 10740
2026/06/28 01:11:16.554, 161.93, 100, 10740
2026/06/28 01:11:17.554, 161.13, 100, 10740
2026/06/28 01:11:18.554, 162.08, 100, 10740
2026/06/28 01:11:19.554, 161.45, 100, 10740
2026/06/28 01:11:20.555, 160.84, 98, 10740
2026/06/28 01:11:21.555, 162.28, 100, 10740
2026/06/28 01:11:22.555, 161.18, 100, 10740
2026/06/28 01:11:23.555, 161.92, 100, 10740
2026/06/28 01:11:24.555, 161.49, 100, 10740
2026/06/28 01:11:25.556, 160.59, 98, 10740
2026/06/28 01:11:26.556, 162.45, 100, 10740
2026/06/28 01:11:27.556, 161.25, 100, 10740
2026/06/28 01:11:28.556, 162.05, 100, 10740
2026/06/28 01:11:29.556, 161.98, 100, 10740
2026/06/28 01:11:30.557, 161.15, 98, 10740
2026/06/28 01:11:31.557, 161.67, 100, 10740
2026/06/28 01:11:32.557, 161.16, 100, 10740
2026/06/28 01:11:33.557, 161.51, 100, 10740
2026/06/28 01:11:34.557, 161.48, 100, 10740
2026/06/28 01:11:35.558, 160.99, 98, 10740
2026/06/28 01:11:36.558, 161.94, 100, 10740
2026/06/28 01:11:37.558, 161.87, 100, 10740
2026/06/28 01:11:38.558, 160.90, 100, 10740
2026/06/28 01:11:39.558, 161.55, 100, 10740
2026/06/28 01:11:40.559, 160.98, 98, 10740
2026/06/28 01:11:41.559, 161.35, 100, 10740
2026/06/28 01:11:42.559, 161.70, 100, 10740
2026/06/28 01:11:43.559, 160.94, 100, 10740
2026/06/28 01:11:44.559, 161.93, 100, 10740
2026/06/28 01:11:45.560, 161.17, 98, 10740
2026/06/28 01:11:46.560, 161.51, 100, 10740
2026/06/28 01:11:47.560, 161.63, 100, 10740
2026/06/28 01:11:48.560, 160.47, 98, 10740
2026/06/28 01:11:49.560, 161.57, 100, 10740
2026/06/28 01:11:50.560, 161.06, 100, 10740
2026/06/28 01:11:51.561, 161.41, 100, 10740
2026/06/28 01:11:52.561, 161.61, 100, 10740
2026/06/28 01:11:53.561, 160.88, 99, 10740
2026/06/28 01:11:54.561, 161.70, 100, 10740
2026/06/28 01:11:55.561, 161.21, 100, 10740
2026/06/28 01:11:56.562, 161.27, 100, 10740
2026/06/28 01:11:57.562, 161.54, 100, 10740
2026/06/28 01:11:58.562, 160.74, 100, 10740
2026/06/28 01:11:59.562, 161.66, 100, 10740
2026/06/28 01:12:00.562, 161.34, 100, 10740
2026/06/28 01:12:01.563, 160.82, 98, 10740
2026/06/28 01:12:02.563, 161.86, 100, 10740
2026/06/28 01:12:03.563, 160.70, 100, 10740
2026/06/28 01:12:04.572, 161.29, 100, 10740
2026/06/28 01:12:05.572, 161.45, 100, 10740
2026/06/28 01:12:06.572, 160.64, 98, 10740
2026/06/28 01:12:07.572, 161.54, 100, 10740
2026/06/28 01:12:08.572, 161.15, 100, 10740
2026/06/28 01:12:09.581, 161.68, 100, 10740
2026/06/28 01:12:10.581, 161.65, 100, 10740
2026/06/28 01:12:11.581, 160.59, 98, 10740
2026/06/28 01:12:12.582, 161.49, 100, 10740
2026/06/28 01:12:13.582, 160.96, 100, 10740
2026/06/28 01:12:14.582, 161.86, 100, 10740
2026/06/28 01:12:15.582, 161.79, 100, 10740
2026/06/28 01:12:16.582, 160.78, 98, 10740
2026/06/28 01:12:17.582, 161.45, 100, 10740
2026/06/28 01:12:18.583, 161.21, 100, 10740
2026/06/28 01:12:19.583, 161.70, 100, 10740
2026/06/28 01:12:20.583, 161.40, 100, 10740
2026/06/28 01:12:21.583, 160.74, 98, 10740
2026/06/28 01:12:22.583, 162.17, 100, 10740
2026/06/28 01:12:23.584, 161.29, 100, 10740
2026/06/28 01:12:24.584, 160.67, 100, 10740
2026/06/28 01:12:25.584, 161.90, 100, 10740
2026/06/28 01:12:26.584, 161.12, 98, 10740
2026/06/28 01:12:27.584, 161.93, 100, 10740
2026/06/28 01:12:28.585, 161.48, 100, 10740
2026/06/28 01:12:29.585, 161.46, 100, 10740
2026/06/28 01:12:30.585, 161.72, 100, 10740
2026/06/28 01:12:31.585, 160.92, 100, 10740
2026/06/28 01:12:32.585, 161.80, 100, 10740
2026/06/28 01:12:33.586, 161.09, 100, 10740
2026/06/28 01:12:34.586, 161.25, 100, 10740
2026/06/28 01:12:35.586, 160.52, 100, 10740
2026/06/28 01:12:36.586, 160.45, 100, 10740
2026/06/28 01:12:37.586, 162.02, 100, 10740
2026/06/28 01:12:38.587, 161.29, 100, 10740
2026/06/28 01:12:39.587, 161.12, 100, 10740
2026/06/28 01:12:40.587, 161.66, 100, 10740
2026/06/28 01:12:41.587, 160.60, 100, 10740
2026/06/28 01:12:42.587, 161.89, 100, 10740
2026/06/28 01:12:43.587, 161.26, 100, 10740
2026/06/28 01:12:44.588, 160.60, 99, 10740
2026/06/28 01:12:45.588, 162.22, 100, 10740
2026/06/28 01:12:46.588, 160.91, 100, 10740
2026/06/28 01:12:47.588, 161.43, 100, 10740
2026/06/28 01:12:48.589, 161.37, 100, 10740
2026/06/28 01:12:49.589, 160.59, 98, 10740
2026/06/28 01:12:50.589, 161.39, 100, 10740
2026/06/28 01:12:51.589, 160.74, 100, 10740
2026/06/28 01:12:52.589, 161.72, 100, 10740
2026/06/28 01:12:53.590, 161.19, 100, 10740
2026/06/28 01:12:54.590, 160.19, 97, 10740
2026/06/28 01:12:55.590, 161.86, 100, 10740
2026/06/28 01:12:56.590, 160.83, 100, 10740
2026/06/28 01:12:57.590, 161.50, 100, 10740
2026/06/28 01:12:58.590, 161.39, 100, 10740
2026/06/28 01:12:59.591, 160.47, 97, 10740
2026/06/28 01:13:00.591, 161.50, 100, 10740
2026/06/28 01:13:01.591, 160.88, 100, 10740
2026/06/28 01:13:02.591, 161.36, 100, 10740
2026/06/28 01:13:03.591, 161.31, 100, 10740
2026/06/28 01:13:04.592, 160.84, 97, 10740
2026/06/28 01:13:05.600, 161.97, 100, 10740
2026/06/28 01:13:06.600, 161.07, 100, 10740
2026/06/28 01:13:07.601, 161.69, 100, 10740
2026/06/28 01:13:08.601, 161.79, 100, 10740
2026/06/28 01:13:09.601, 160.72, 98, 10740
2026/06/28 01:13:10.601, 161.66, 100, 10740
2026/06/28 01:13:11.601, 160.91, 100, 10740
2026/06/28 01:13:12.602, 161.05, 100, 10740
2026/06/28 01:13:13.602, 161.57, 100, 10740
2026/06/28 01:13:14.602, 160.59, 100, 10740
2026/06/28 01:13:15.610, 161.38, 100, 10740
2026/06/28 01:13:16.611, 161.05, 100, 10740
2026/06/28 01:13:17.611, 160.91, 100, 10740
2026/06/28 01:13:18.611, 161.31, 100, 10740
2026/06/28 01:13:19.611, 160.67, 100, 10740
2026/06/28 01:13:20.620, 161.71, 100, 10740
2026/06/28 01:13:21.620, 161.43, 100, 10740
2026/06/28 01:13:22.620, 160.13, 98, 10740
2026/06/28 01:13:23.620, 161.29, 100, 10740
2026/06/28 01:13:24.621, 160.59, 100, 10740
2026/06/28 01:13:25.629, 161.62, 100, 10740
2026/06/28 01:13:26.629, 161.24, 100, 10740
2026/06/28 01:13:27.630, 160.48, 99, 10740
2026/06/28 01:13:28.630, 161.54, 100, 10740
2026/06/28 01:13:29.630, 160.86, 100, 10740
2026/06/28 01:13:30.630, 161.62, 100, 10740
2026/06/28 01:13:31.630, 161.63, 100, 10740
2026/06/28 01:13:32.631, 160.70, 98, 10740
2026/06/28 01:13:33.631, 161.23, 100, 10740
2026/06/28 01:13:34.631, 160.89, 100, 10740
2026/06/28 01:13:35.639, 161.48, 100, 10740
2026/06/28 01:13:36.640, 161.42, 100, 10740
2026/06/28 01:13:37.640, 160.41, 98, 10740
2026/06/28 01:13:38.640, 161.32, 100, 10740
2026/06/28 01:13:39.640, 161.04, 100, 10740
2026/06/28 01:13:40.640, 161.47, 100, 10740
2026/06/28 01:13:41.641, 161.54, 100, 10740
2026/06/28 01:13:42.641, 160.80, 98, 10740
2026/06/28 01:13:43.641, 161.90, 100, 10740
2026/06/28 01:13:44.641, 161.08, 100, 10740
2026/06/28 01:13:45.641, 161.31, 100, 10740
2026/06/28 01:13:46.642, 161.49, 100, 10740
2026/06/28 01:13:47.642, 160.77, 99, 10740
2026/06/28 01:13:48.642, 161.42, 100, 10740
2026/06/28 01:13:49.642, 161.07, 100, 10740
2026/06/28 01:13:50.642, 160.78, 100, 10740
2026/06/28 01:13:51.643, 161.60, 100, 10740
2026/06/28 01:13:52.643, 160.85, 100, 10740
2026/06/28 01:13:53.643, 161.57, 100, 10740
2026/06/28 01:13:54.643, 161.42, 100, 10740
2026/06/28 01:13:55.643, 161.16, 99, 10740
2026/06/28 01:13:56.643, 161.71, 100, 10740
2026/06/28 01:13:57.644, 160.77, 100, 10740
2026/06/28 01:13:58.644, 161.42, 100, 10740
2026/06/28 01:13:59.644, 161.08, 100, 10740
2026/06/28 01:14:00.644, 160.42, 98, 10740
2026/06/28 01:14:01.644, 161.99, 100, 10740
2026/06/28 01:14:02.644, 160.72, 100, 10740
2026/06/28 01:14:03.645, 161.51, 100, 10740
2026/06/28 01:14:04.645, 161.15, 100, 10740
2026/06/28 01:14:05.645, 160.43, 98, 10740
2026/06/28 01:14:06.645, 162.01, 100, 10740
2026/06/28 01:14:07.645, 161.02, 100, 10740
2026/06/28 01:14:08.645, 161.25, 100, 10740
2026/06/28 01:14:09.646, 160.38, 100, 10740
2026/06/28 01:14:10.646, 160.30, 98, 10740
2026/06/28 01:14:11.646, 161.78, 100, 10740
2026/06/28 01:14:12.646, 160.90, 100, 10740
2026/06/28 01:14:13.646, 161.09, 100, 10740
2026/06/28 01:14:14.647, 161.12, 100, 10740
2026/06/28 01:14:15.647, 160.64, 98, 10740
2026/06/28 01:14:16.647, 161.32, 100, 10740
2026/06/28 01:14:17.647, 160.82, 100, 10740
2026/06/28 01:14:18.647, 161.06, 100, 10740
2026/06/28 01:14:19.648, 161.15, 100, 10740
2026/06/28 01:14:20.648, 160.51, 98, 10740
2026/06/28 01:14:21.648, 161.77, 100, 10740
2026/06/28 01:14:22.648, 160.97, 100, 10740
2026/06/28 01:14:23.648, 161.02, 100, 10740
2026/06/28 01:14:24.649, 161.59, 100, 10740
2026/06/28 01:14:25.649, 160.79, 99, 10740
2026/06/28 01:14:26.649, 161.59, 100, 10740
2026/06/28 01:14:27.649, 161.29, 100, 10740
2026/06/28 01:14:28.649, 160.95, 100, 10740
2026/06/28 01:14:29.650, 161.64, 100, 10740
2026/06/28 01:14:30.650, 160.78, 100, 10740
2026/06/28 01:14:31.650, 161.42, 100, 10740
2026/06/28 01:14:32.650, 161.27, 100, 10740
2026/06/28 01:14:33.650, 160.96, 98, 10740
2026/06/28 01:14:34.651, 161.84, 100, 10740
2026/06/28 01:14:35.651, 160.75, 100, 10740
2026/06/28 01:14:36.651, 161.71, 100, 10740
2026/06/28 01:14:37.651, 161.35, 100, 10740
2026/06/28 01:14:38.651, 160.79, 98, 10740
2026/06/28 01:14:39.652, 161.83, 100, 10740
2026/06/28 01:14:40.652, 160.85, 100, 10740
2026/06/28 01:14:41.660, 161.53, 100, 10740
2026/06/28 01:14:42.661, 161.53, 100, 10740
2026/06/28 01:14:43.661, 161.08, 100, 10740
2026/06/28 01:14:44.661, 163.67, 100, 10740
2026/06/28 01:14:45.661, 163.92, 100, 10740
2026/06/28 01:14:46.670, 163.82, 100, 10740
2026/06/28 01:14:47.670, 163.81, 100, 10740
2026/06/28 01:14:48.670, 163.59, 100, 10740
2026/06/28 01:14:49.670, 163.59, 100, 10740
2026/06/28 01:14:50.671, 163.71, 99, 10740
2026/06/28 01:14:51.671, 163.99, 100, 10740
2026/06/28 01:14:52.671, 163.88, 100, 10740
2026/06/28 01:14:53.671, 163.87, 100, 10740
2026/06/28 01:14:54.671, 163.81, 100, 10740
2026/06/28 01:14:55.671, 163.88, 100, 10740
2026/06/28 01:14:56.680, 163.60, 100, 10740
2026/06/28 01:14:57.680, 163.90, 100, 10740
2026/06/28 01:14:58.680, 163.74, 100, 10740
2026/06/28 01:14:59.681, 163.85, 100, 10740
2026/06/28 01:15:00.681, 163.65, 99, 10740
2026/06/28 01:15:01.681, 163.86, 100, 10740
2026/06/28 01:15:02.681, 163.57, 100, 10740
2026/06/28 01:15:03.681, 163.80, 100, 10740
2026/06/28 01:15:04.682, 163.73, 100, 10740
2026/06/28 01:15:05.682, 163.72, 100, 10740
2026/06/28 01:15:06.682, 163.69, 100, 10740
2026/06/28 01:15:07.682, 164.09, 100, 10740
2026/06/28 01:15:08.682, 163.72, 99, 10740
2026/06/28 01:15:09.683, 163.83, 100, 10740
2026/06/28 01:15:10.683, 163.80, 100, 10740
2026/06/28 01:15:11.683, 163.83, 100, 10740
2026/06/28 01:15:12.683, 163.96, 100, 10740
2026/06/28 01:15:13.683, 163.87, 100, 10740
2026/06/28 01:15:14.684, 163.95, 100, 10740
2026/06/28 01:15:15.684, 163.78, 100, 10740
2026/06/28 01:15:16.684, 164.01, 100, 10740
2026/06/28 01:15:17.684, 163.90, 100, 10740
2026/06/28 01:15:18.684, 164.09, 100, 10740
2026/06/28 01:15:19.685, 164.10, 100, 10740
2026/06/28 01:15:20.685, 163.92, 100, 10740
2026/06/28 01:15:21.685, 163.81, 100, 10740
2026/06/28 01:15:22.685, 164.10, 100, 10740
2026/06/28 01:15:23.685, 163.94, 100, 10740
2026/06/28 01:15:24.685, 164.25, 100, 10740
2026/06/28 01:15:25.686, 164.13, 100, 10740
2026/06/28 01:15:26.686, 164.26, 100, 10740
2026/06/28 01:15:27.686, 163.80, 100, 10740
2026/06/28 01:15:28.686, 163.62, 100, 10740
2026/06/28 01:15:29.686, 163.88, 100, 10740
2026/06/28 01:15:30.687, 164.02, 100, 10740
2026/06/28 01:15:31.687, 164.19, 100, 10740
2026/06/28 01:15:32.687, 164.09, 100, 10740
2026/06/28 01:15:33.687, 164.05, 100, 10740
2026/06/28 01:15:34.687, 120.80, 0, 10740
2026/06/28 01:15:35.688, 28.54, 0, 10740
