2026/06/29 04:32:02.096, 12.82, 0, 33
2026/06/29 04:32:03.100, 11.84, 0, 33
2026/06/29 04:32:04.100, 10.64, 0, 33
2026/06/29 04:32:05.101, 10.56, 0, 36
2026/06/29 04:32:06.101, 14.30, 0, 215
2026/06/29 04:32:07.101, 21.19, 0, 257
2026/06/29 04:32:08.101, 21.13, 0, 257
2026/06/29 04:32:09.101, 20.77, 0, 257
2026/06/29 04:32:10.101, 20.62, 0, 257
2026/06/29 04:32:11.102, 29.97, 78, 7157
2026/06/29 04:32:12.102, 117.84, 99, 7267
2026/06/29 04:32:13.102, 134.93, 100, 7329
2026/06/29 04:32:14.102, 153.47, 100, 7349
2026/06/29 04:32:15.102, 153.74, 98, 7349
2026/06/29 04:32:16.102, 153.30, 100, 7349
2026/06/29 04:32:17.103, 153.93, 100, 7349
2026/06/29 04:32:18.103, 154.04, 98, 7349
2026/06/29 04:32:19.103, 154.42, 100, 7349
2026/06/29 04:32:20.103, 154.28, 100, 7349
2026/06/29 04:32:21.103, 153.27, 90, 7349
2026/06/29 04:32:22.103, 153.44, 100, 7349
2026/06/29 04:32:23.104, 153.61, 100, 7349
2026/06/29 04:32:24.104, 154.17, 98, 7349
2026/06/29 04:32:25.104, 154.28, 100, 7349
2026/06/29 04:32:26.104, 154.23, 100, 7349
2026/06/29 04:32:27.104, 153.38, 98, 7349
2026/06/29 04:32:28.104, 155.09, 100, 7349
2026/06/29 04:32:29.105, 154.59, 100, 7349
2026/06/29 04:32:30.105, 154.76, 100, 7349
2026/06/29 04:32:31.105, 155.16, 100, 7349
2026/06/29 04:32:32.105, 153.98, 99, 7349
2026/06/29 04:32:33.105, 155.26, 100, 7349
2026/06/29 04:32:34.105, 155.57, 100, 7349
2026/06/29 04:32:35.106, 155.06, 98, 7349
2026/06/29 04:32:36.106, 155.21, 100, 7349
2026/06/29 04:32:37.106, 154.37, 100, 7349
2026/06/29 04:32:38.106, 154.91, 98, 7349
2026/06/29 04:32:39.106, 155.77, 100, 7349
2026/06/29 04:32:40.106, 155.99, 100, 7349
2026/06/29 04:32:41.106, 155.28, 98, 7349
2026/06/29 04:32:42.115, 155.56, 100, 7349
2026/06/29 04:32:43.115, 156.12, 100, 7349
2026/06/29 04:32:44.115, 155.33, 98, 7349
2026/06/29 04:32:45.116, 155.82, 100, 7349
2026/06/29 04:32:46.116, 155.82, 100, 7349
2026/06/29 04:32:47.116, 155.60, 98, 7349
2026/06/29 04:32:48.116, 156.05, 100, 7349
2026/06/29 04:32:49.116, 155.92, 100, 7349
2026/06/29 04:32:50.116, 155.58, 98, 7349
2026/06/29 04:32:51.117, 156.15, 100, 7349
2026/06/29 04:32:52.117, 156.29, 100, 7349
2026/06/29 04:32:53.117, 155.85, 98, 7349
2026/06/29 04:32:54.117, 156.50, 100, 7349
2026/06/29 04:32:55.117, 156.25, 100, 7349
2026/06/29 04:32:56.117, 156.14, 98, 7349
2026/06/29 04:32:57.126, 156.62, 100, 7349
2026/06/29 04:32:58.126, 156.17, 100, 7349
2026/06/29 04:32:59.126, 156.47, 98, 7349
2026/06/29 04:33:00.126, 156.48, 100, 7349
2026/06/29 04:33:01.127, 156.26, 100, 7349
2026/06/29 04:33:02.127, 156.20, 98, 7349
2026/06/29 04:33:03.127, 156.46, 100, 7349
2026/06/29 04:33:04.127, 156.03, 98, 7349
2026/06/29 04:33:05.127, 156.31, 100, 7349
2026/06/29 04:33:06.127, 156.25, 100, 7349
2026/06/29 04:33:07.128, 155.91, 98, 7349
2026/06/29 04:33:08.128, 156.41, 100, 7349
2026/06/29 04:33:09.128, 156.52, 100, 7349
2026/06/29 04:33:10.128, 156.01, 98, 7349
2026/06/29 04:33:11.128, 156.62, 100, 7349
2026/06/29 04:33:12.128, 157.17, 100, 7349
2026/06/29 04:33:13.129, 156.24, 98, 7349
2026/06/29 04:33:14.129, 156.58, 100, 7349
2026/06/29 04:33:15.129, 156.66, 100, 7349
2026/06/29 04:33:16.129, 156.15, 98, 7349
2026/06/29 04:33:17.129, 155.64, 100, 7349
2026/06/29 04:33:18.129, 156.71, 100, 7349
2026/06/29 04:33:19.130, 156.32, 98, 7349
2026/06/29 04:33:20.130, 156.56, 100, 7349
2026/06/29 04:33:21.130, 156.66, 100, 7349
2026/06/29 04:33:22.130, 156.33, 98, 7349
2026/06/29 04:33:23.130, 156.87, 100, 7349
2026/06/29 04:33:24.130, 156.97, 100, 7349
2026/06/29 04:33:25.131, 156.50, 98, 7349
2026/06/29 04:33:26.131, 156.95, 100, 7349
2026/06/29 04:33:27.131, 156.78, 100, 7349
2026/06/29 04:33:28.131, 156.49, 98, 7349
2026/06/29 04:33:29.131, 157.16, 100, 7349
2026/06/29 04:33:30.131, 156.90, 100, 7349
2026/06/29 04:33:31.132, 156.41, 98, 7349
2026/06/29 04:33:32.132, 157.23, 100, 7349
2026/06/29 04:33:33.132, 157.12, 100, 7349
2026/06/29 04:33:34.132, 157.00, 98, 7349
2026/06/29 04:33:35.132, 157.35, 100, 7349
2026/06/29 04:33:36.132, 156.76, 100, 7349
2026/06/29 04:33:37.133, 156.23, 98, 7349
2026/06/29 04:33:38.133, 157.20, 100, 7349
2026/06/29 04:33:39.133, 157.10, 100, 7349
2026/06/29 04:33:40.133, 157.23, 98, 7349
2026/06/29 04:33:41.133, 157.21, 100, 7349
2026/06/29 04:33:42.133, 156.76, 98, 7349
2026/06/29 04:33:43.134, 156.88, 100, 7349
2026/06/29 04:33:44.134, 157.16, 100, 7349
2026/06/29 04:33:45.134, 156.42, 98, 7349
2026/06/29 04:33:46.134, 156.65, 100, 7349
2026/06/29 04:33:47.134, 157.08, 100, 7349
2026/06/29 04:33:48.134, 156.04, 98, 7349
2026/06/29 04:33:49.135, 156.88, 100, 7349
2026/06/29 04:33:50.135, 157.65, 100, 7349
2026/06/29 04:33:51.135, 156.68, 98, 7349
2026/06/29 04:33:52.135, 157.25, 100, 7349
2026/06/29 04:33:53.135, 157.15, 100, 7349
2026/06/29 04:33:54.135, 156.76, 98, 7349
2026/06/29 04:33:55.136, 157.17, 100, 7349
2026/06/29 04:33:56.136, 157.05, 100, 7349
2026/06/29 04:33:57.136, 156.95, 98, 7349
2026/06/29 04:33:58.136, 157.59, 100, 7349
2026/06/29 04:33:59.136, 157.44, 100, 7349
2026/06/29 04:34:00.137, 156.89, 98, 7349
2026/06/29 04:34:01.137, 157.28, 100, 7349
2026/06/29 04:34:02.145, 157.36, 100, 7349
2026/06/29 04:34:03.145, 157.13, 98, 7349
2026/06/29 04:34:04.146, 157.57, 100, 7349
2026/06/29 04:34:05.146, 157.23, 100, 7349
2026/06/29 04:34:06.146, 156.93, 98, 7349
2026/06/29 04:34:07.154, 157.54, 100, 7349
2026/06/29 04:34:08.155, 157.24, 100, 7349
2026/06/29 04:34:09.155, 157.18, 98, 7349
2026/06/29 04:34:10.155, 157.43, 100, 7349
2026/06/29 04:34:11.155, 156.91, 100, 7349
2026/06/29 04:34:12.155, 156.89, 98, 7349
2026/06/29 04:34:13.155, 157.21, 100, 7349
2026/06/29 04:34:14.156, 156.80, 98, 7349
2026/06/29 04:34:15.156, 157.13, 100, 7349
2026/06/29 04:34:16.156, 157.28, 100, 7349
2026/06/29 04:34:17.156, 156.71, 98, 7349
2026/06/29 04:34:18.156, 157.33, 100, 7349
2026/06/29 04:34:19.156, 157.47, 100, 7349
2026/06/29 04:34:20.157, 156.87, 98, 7349
2026/06/29 04:34:21.157, 157.38, 100, 7349
2026/06/29 04:34:22.157, 157.25, 100, 7349
2026/06/29 04:34:23.157, 157.04, 98, 7349
2026/06/29 04:34:24.157, 157.52, 100, 7349
2026/06/29 04:34:25.157, 157.34, 100, 7349
2026/06/29 04:34:26.158, 157.20, 98, 7349
2026/06/29 04:34:27.158, 157.59, 100, 7349
2026/06/29 04:34:28.158, 157.59, 100, 7349
2026/06/29 04:34:29.158, 157.16, 98, 7349
2026/06/29 04:34:30.158, 157.49, 100, 7349
2026/06/29 04:34:31.158, 157.28, 100, 7349
2026/06/29 04:34:32.158, 157.12, 98, 7349
2026/06/29 04:34:33.159, 157.88, 100, 7349
2026/06/29 04:34:34.159, 157.44, 100, 7349
2026/06/29 04:34:35.159, 157.43, 98, 7349
2026/06/29 04:34:36.159, 157.74, 100, 7349
2026/06/29 04:34:37.159, 157.47, 100, 7349
2026/06/29 04:34:38.159, 157.37, 98, 7349
2026/06/29 04:34:39.160, 157.80, 100, 7349
2026/06/29 04:34:40.160, 157.46, 100, 7349
2026/06/29 04:34:41.160, 157.86, 100, 7349
2026/06/29 04:34:42.160, 157.77, 100, 7349
2026/06/29 04:34:43.160, 157.20, 98, 7349
2026/06/29 04:34:44.160, 157.68, 100, 7349
2026/06/29 04:34:45.161, 157.70, 100, 7349
2026/06/29 04:34:46.161, 157.08, 98, 7349
2026/06/29 04:34:47.161, 157.61, 100, 7349
2026/06/29 04:34:48.161, 157.53, 100, 7349
2026/06/29 04:34:49.161, 157.20, 98, 7349
2026/06/29 04:34:50.161, 157.77, 100, 7349
2026/06/29 04:34:51.161, 157.55, 100, 7349
2026/06/29 04:34:52.162, 157.38, 98, 7349
2026/06/29 04:34:53.162, 157.73, 100, 7349
2026/06/29 04:34:54.162, 157.30, 100, 7349
2026/06/29 04:34:55.162, 157.40, 98, 7349
2026/06/29 04:34:56.162, 157.88, 100, 7349
2026/06/29 04:34:57.162, 157.52, 100, 7349
2026/06/29 04:34:58.163, 157.25, 98, 7349
2026/06/29 04:34:59.163, 157.86, 100, 7349
2026/06/29 04:35:00.163, 157.70, 100, 7349
2026/06/29 04:35:01.163, 157.34, 98, 7349
2026/06/29 04:35:02.163, 157.94, 100, 7349
2026/06/29 04:35:03.163, 157.40, 100, 7349
2026/06/29 04:35:04.164, 157.19, 98, 7349
2026/06/29 04:35:05.164, 157.73, 100, 7349
2026/06/29 04:35:06.164, 157.34, 100, 7349
2026/06/29 04:35:07.164, 156.37, 98, 7349
2026/06/29 04:35:08.164, 157.23, 100, 7349
2026/06/29 04:35:09.164, 157.42, 100, 7349
2026/06/29 04:35:10.165, 157.48, 98, 7349
2026/06/29 04:35:11.165, 157.90, 100, 7349
2026/06/29 04:35:12.165, 156.41, 100, 7349
2026/06/29 04:35:13.165, 156.74, 98, 7349
2026/06/29 04:35:14.165, 157.55, 100, 7349
2026/06/29 04:35:15.165, 157.52, 100, 7349
2026/06/29 04:35:16.166, 157.57, 98, 7349
2026/06/29 04:35:17.166, 156.56, 100, 7349
2026/06/29 04:35:18.166, 156.93, 100, 7349
2026/06/29 04:35:19.166, 157.19, 98, 7349
2026/06/29 04:35:20.166, 157.69, 100, 7349
2026/06/29 04:35:21.166, 157.51, 99, 7349
2026/06/29 04:35:22.167, 157.80, 100, 7349
2026/06/29 04:35:23.167, 157.85, 100, 7349
2026/06/29 04:35:24.167, 157.21, 98, 7349
2026/06/29 04:35:25.167, 157.79, 100, 7349
2026/06/29 04:35:26.167, 158.17, 100, 7349
2026/06/29 04:35:27.167, 156.27, 90, 7349
2026/06/29 04:35:28.168, 157.93, 100, 7349
2026/06/29 04:35:29.168, 157.88, 100, 7349
2026/06/29 04:35:30.168, 157.23, 98, 7349
2026/06/29 04:35:31.168, 157.73, 100, 7349
2026/06/29 04:35:32.168, 157.40, 100, 7349
2026/06/29 04:35:33.168, 155.85, 98, 7349
2026/06/29 04:35:34.169, 157.58, 100, 7349
2026/06/29 04:35:35.169, 157.57, 100, 7349
2026/06/29 04:35:36.169, 157.17, 98, 7349
2026/06/29 04:35:37.169, 158.12, 100, 7349
2026/06/29 04:35:38.169, 155.97, 100, 7349
2026/06/29 04:35:39.169, 156.73, 98, 7349
2026/06/29 04:35:40.170, 158.08, 100, 7349
2026/06/29 04:35:41.170, 157.53, 100, 7349
2026/06/29 04:35:42.170, 157.24, 98, 7349
2026/06/29 04:35:43.170, 156.46, 100, 7349
2026/06/29 04:35:44.170, 157.61, 100, 7349
2026/06/29 04:35:45.170, 157.29, 98, 7349
2026/06/29 04:35:46.170, 157.59, 100, 7349
2026/06/29 04:35:47.171, 157.46, 100, 7349
2026/06/29 04:35:48.171, 156.95, 98, 7349
2026/06/29 04:35:49.171, 157.56, 100, 7349
2026/06/29 04:35:50.171, 157.19, 100, 7349
2026/06/29 04:35:51.171, 157.13, 98, 7349
2026/06/29 04:35:52.171, 157.57, 100, 7349
2026/06/29 04:35:53.172, 157.21, 100, 7349
2026/06/29 04:35:54.172, 157.05, 98, 7349
2026/06/29 04:35:55.172, 157.24, 100, 7349
2026/06/29 04:35:56.172, 157.27, 100, 7349
2026/06/29 04:35:57.172, 156.96, 98, 7349
2026/06/29 04:35:58.172, 157.33, 100, 7349
2026/06/29 04:35:59.173, 157.47, 100, 7349
2026/06/29 04:36:00.173, 157.56, 98, 7349
2026/06/29 04:36:01.173, 157.94, 100, 7349
2026/06/29 04:36:02.173, 157.68, 100, 7349
2026/06/29 04:36:03.173, 157.11, 98, 7349
2026/06/29 04:36:04.173, 157.69, 100, 7349
2026/06/29 04:36:05.174, 157.60, 100, 7349
2026/06/29 04:36:06.174, 157.19, 98, 7349
2026/06/29 04:36:07.174, 157.68, 100, 7349
2026/06/29 04:36:08.174, 157.19, 98, 7349
2026/06/29 04:36:09.174, 157.81, 100, 7349
2026/06/29 04:36:10.174, 157.68, 100, 7349
2026/06/29 04:36:11.175, 157.23, 98, 7349
2026/06/29 04:36:12.175, 157.94, 100, 7349
2026/06/29 04:36:13.175, 157.89, 100, 7349
2026/06/29 04:36:14.175, 156.95, 98, 7349
2026/06/29 04:36:15.175, 157.59, 100, 7349
2026/06/29 04:36:16.175, 157.46, 100, 7349
2026/06/29 04:36:17.176, 157.10, 98, 7349
2026/06/29 04:36:18.176, 157.86, 100, 7349
2026/06/29 04:36:19.176, 158.01, 100, 7349
2026/06/29 04:36:20.176, 157.43, 98, 7349
2026/06/29 04:36:21.176, 157.75, 100, 7349
2026/06/29 04:36:22.176, 157.84, 100, 7349
2026/06/29 04:36:23.177, 157.30, 98, 7349
2026/06/29 04:36:24.177, 157.37, 100, 7349
2026/06/29 04:36:25.177, 157.73, 100, 7349
2026/06/29 04:36:26.177, 157.08, 98, 7349
2026/06/29 04:36:27.177, 157.55, 100, 7349
2026/06/29 04:36:28.177, 157.66, 100, 7349
2026/06/29 04:36:29.178, 157.45, 98, 7349
2026/06/29 04:36:30.178, 157.66, 100, 7349
2026/06/29 04:36:31.178, 157.48, 100, 7349
2026/06/29 04:36:32.178, 157.48, 98, 7349
2026/06/29 04:36:33.178, 157.77, 100, 7349
2026/06/29 04:36:34.179, 157.54, 100, 7349
2026/06/29 04:36:35.179, 157.46, 98, 7349
2026/06/29 04:36:36.179, 157.96, 100, 7349
2026/06/29 04:36:37.179, 157.67, 100, 7349
2026/06/29 04:36:38.179, 157.92, 98, 7349
2026/06/29 04:36:39.179, 158.09, 100, 7349
2026/06/29 04:36:40.180, 157.38, 98, 7349
2026/06/29 04:36:41.180, 157.62, 100, 7349
2026/06/29 04:36:42.180, 157.74, 100, 7349
2026/06/29 04:36:43.180, 157.06, 98, 7349
2026/06/29 04:36:44.180, 157.48, 100, 7349
2026/06/29 04:36:45.180, 157.66, 100, 7349
2026/06/29 04:36:46.181, 157.21, 98, 7349
2026/06/29 04:36:47.181, 157.50, 100, 7349
2026/06/29 04:36:48.181, 157.50, 100, 7349
2026/06/29 04:36:49.181, 157.16, 98, 7349
2026/06/29 04:36:50.181, 157.83, 100, 7349
2026/06/29 04:36:51.181, 157.48, 100, 7349
2026/06/29 04:36:52.182, 157.34, 98, 7349
2026/06/29 04:36:53.182, 157.50, 100, 7349
2026/06/29 04:36:54.182, 157.47, 100, 7349
2026/06/29 04:36:55.182, 157.13, 98, 7349
2026/06/29 04:36:56.182, 157.93, 100, 7349
2026/06/29 04:36:57.182, 157.86, 100, 7349
2026/06/29 04:36:58.183, 155.95, 98, 7349
2026/06/29 04:36:59.183, 158.10, 100, 7349
2026/06/29 04:37:00.183, 157.41, 100, 7349
2026/06/29 04:37:01.183, 157.34, 98, 7349
2026/06/29 04:37:02.183, 158.05, 100, 7349
2026/06/29 04:37:03.183, 157.28, 100, 7349
2026/06/29 04:37:04.183, 157.40, 98, 7349
2026/06/29 04:37:05.184, 157.64, 100, 7349
2026/06/29 04:37:06.184, 157.66, 100, 7349
2026/06/29 04:37:07.184, 157.35, 98, 7349
2026/06/29 04:37:08.184, 156.05, 100, 7349
2026/06/29 04:37:09.184, 157.54, 100, 7349
2026/06/29 04:37:10.184, 157.48, 98, 7349
2026/06/29 04:37:11.185, 157.92, 100, 7349
2026/06/29 04:37:12.185, 56.54, 0, 7349
2026/06/29 04:37:13.185, 28.68, 0, 7349
2026/06/29 04:37:14.185, 25.23, 0, 7349
2026/06/29 04:37:15.185, 67.18, 98, 7349
2026/06/29 04:37:16.185, 156.35, 100, 7349
2026/06/29 04:37:17.185, 158.44, 100, 7349
2026/06/29 04:37:18.186, 157.79, 98, 7349
2026/06/29 04:37:19.186, 157.96, 99, 7349
2026/06/29 04:37:20.186, 158.10, 100, 7349
2026/06/29 04:37:21.186, 158.29, 100, 7349
2026/06/29 04:37:22.186, 158.08, 100, 7349
2026/06/29 04:37:23.186, 158.12, 99, 7349
2026/06/29 04:37:24.187, 158.45, 99, 7349
2026/06/29 04:37:25.187, 158.92, 99, 7349
2026/06/29 04:37:26.187, 158.96, 100, 7349
2026/06/29 04:37:27.187, 158.85, 100, 7349
2026/06/29 04:37:28.187, 158.65, 100, 7349
2026/06/29 04:37:29.187, 159.18, 99, 7349
2026/06/29 04:37:30.188, 159.31, 99, 7349
2026/06/29 04:37:31.188, 159.19, 100, 7349
2026/06/29 04:37:32.188, 159.31, 100, 7349
2026/06/29 04:37:33.188, 158.84, 99, 7349
2026/06/29 04:37:34.188, 153.37, 100, 7349
2026/06/29 04:37:35.188, 156.89, 100, 7349
2026/06/29 04:37:36.189, 157.04, 100, 7349
2026/06/29 04:37:37.189, 156.41, 98, 7349
2026/06/29 04:37:38.189, 156.27, 100, 7349
2026/06/29 04:37:39.189, 156.84, 100, 7349
2026/06/29 04:37:40.189, 156.45, 98, 7349
2026/06/29 04:37:41.189, 157.08, 100, 7349
2026/06/29 04:37:42.190, 157.80, 100, 7349
2026/06/29 04:37:43.190, 156.79, 98, 7349
2026/06/29 04:37:44.190, 157.29, 100, 7349
2026/06/29 04:37:45.190, 157.61, 100, 7349
2026/06/29 04:37:46.190, 156.79, 98, 7349
2026/06/29 04:37:47.190, 157.26, 100, 7349
2026/06/29 04:37:48.191, 157.71, 100, 7349
2026/06/29 04:37:49.191, 156.98, 98, 7349
2026/06/29 04:37:50.191, 157.38, 100, 7349
2026/06/29 04:37:51.191, 157.35, 100, 7349
2026/06/29 04:37:52.191, 157.26, 98, 7349
2026/06/29 04:37:53.191, 157.45, 100, 7349
2026/06/29 04:37:54.192, 157.41, 100, 7349
2026/06/29 04:37:55.192, 156.96, 98, 7349
2026/06/29 04:37:56.192, 157.85, 100, 7349
2026/06/29 04:37:57.192, 157.59, 100, 7349
2026/06/29 04:37:58.192, 157.10, 98, 7349
2026/06/29 04:37:59.192, 157.45, 100, 7349
2026/06/29 04:38:00.193, 157.44, 100, 7349
2026/06/29 04:38:01.193, 157.47, 98, 7349
2026/06/29 04:38:02.193, 157.74, 100, 7349
2026/06/29 04:38:03.193, 157.21, 100, 7349
2026/06/29 04:38:04.193, 157.22, 98, 7349
2026/06/29 04:38:05.194, 157.55, 100, 7349
2026/06/29 04:38:06.194, 157.36, 100, 7349
2026/06/29 04:38:07.194, 157.26, 99, 7349
2026/06/29 04:38:08.194, 157.70, 100, 7349
2026/06/29 04:38:09.194, 157.21, 98, 7349
2026/06/29 04:38:10.194, 157.83, 100, 7349
2026/06/29 04:38:11.195, 157.20, 100, 7349
2026/06/29 04:38:12.195, 156.81, 98, 7349
2026/06/29 04:38:13.195, 156.96, 100, 7349
2026/06/29 04:38:14.203, 157.08, 100, 7349
2026/06/29 04:38:15.204, 156.92, 98, 7349
2026/06/29 04:38:16.204, 157.31, 100, 7349
2026/06/29 04:38:17.204, 157.23, 100, 7349
2026/06/29 04:38:18.204, 157.02, 98, 7349
2026/06/29 04:38:19.204, 157.29, 100, 7349
2026/06/29 04:38:20.204, 157.78, 100, 7349
2026/06/29 04:38:21.205, 156.98, 98, 7349
2026/06/29 04:38:22.205, 157.77, 100, 7349
2026/06/29 04:38:23.205, 158.07, 100, 7349
2026/06/29 04:38:24.205, 157.12, 98, 7349
2026/06/29 04:38:25.205, 157.56, 100, 7349
2026/06/29 04:38:26.206, 157.38, 100, 7349
2026/06/29 04:38:27.206, 157.39, 98, 7349
2026/06/29 04:38:28.206, 157.60, 100, 7349
2026/06/29 04:38:29.206, 157.65, 100, 7349
2026/06/29 04:38:30.206, 157.20, 98, 7349
2026/06/29 04:38:31.206, 157.93, 100, 7349
2026/06/29 04:38:32.207, 157.91, 100, 7349
2026/06/29 04:38:33.207, 157.33, 98, 7349
2026/06/29 04:38:34.207, 156.54, 100, 7349
2026/06/29 04:38:35.207, 157.12, 100, 7349
2026/06/29 04:38:36.207, 157.17, 98, 7349
2026/06/29 04:38:37.207, 157.23, 100, 7349
2026/06/29 04:38:38.208, 157.43, 100, 7349
2026/06/29 04:38:39.208, 156.63, 98, 7349
2026/06/29 04:38:40.208, 157.38, 100, 7349
2026/06/29 04:38:41.208, 157.45, 100, 7349
2026/06/29 04:38:42.208, 157.94, 98, 7349
2026/06/29 04:38:43.208, 157.49, 100, 7349
2026/06/29 04:38:44.209, 156.14, 100, 7349
2026/06/29 04:38:45.209, 157.38, 98, 7349
2026/06/29 04:38:46.209, 157.01, 100, 7349
2026/06/29 04:38:47.209, 157.27, 100, 7349
2026/06/29 04:38:48.209, 157.88, 98, 7349
2026/06/29 04:38:49.209, 156.14, 100, 7349
2026/06/29 04:38:50.209, 156.74, 100, 7349
2026/06/29 04:38:51.210, 157.76, 98, 7349
2026/06/29 04:38:52.210, 157.80, 100, 7349
2026/06/29 04:38:53.210, 157.59, 100, 7349
2026/06/29 04:38:54.210, 156.90, 89, 7349
2026/06/29 04:38:55.210, 157.62, 100, 7349
2026/06/29 04:38:56.210, 157.54, 100, 7349
2026/06/29 04:38:57.211, 158.02, 98, 7349
2026/06/29 04:38:58.211, 158.03, 100, 7349
2026/06/29 04:38:59.211, 156.40, 100, 7349
2026/06/29 04:39:00.211, 157.77, 98, 7349
2026/06/29 04:39:01.211, 157.62, 100, 7349
2026/06/29 04:39:02.211, 157.47, 100, 7349
2026/06/29 04:39:03.212, 158.08, 98, 7349
2026/06/29 04:39:04.212, 157.71, 100, 7349
2026/06/29 04:39:05.212, 157.45, 100, 7349
2026/06/29 04:39:06.212, 157.88, 100, 7349
2026/06/29 04:39:07.212, 157.60, 100, 7349
2026/06/29 04:39:08.213, 157.46, 98, 7349
2026/06/29 04:39:09.213, 157.90, 100, 7349
2026/06/29 04:39:10.213, 155.86, 100, 7349
2026/06/29 04:39:11.213, 157.43, 98, 7349
2026/06/29 04:39:12.213, 157.85, 100, 7349
2026/06/29 04:39:13.213, 157.59, 99, 7349
2026/06/29 04:39:14.214, 157.43, 99, 7349
2026/06/29 04:39:15.214, 156.84, 100, 7349
2026/06/29 04:39:16.214, 157.73, 100, 7349
2026/06/29 04:39:17.214, 157.94, 100, 7349
2026/06/29 04:39:18.214, 158.02, 100, 7349
2026/06/29 04:39:19.214, 157.52, 98, 7349
2026/06/29 04:39:20.215, 157.49, 100, 7349
2026/06/29 04:39:21.215, 157.90, 100, 7349
2026/06/29 04:39:22.215, 157.47, 98, 7349
2026/06/29 04:39:23.215, 158.25, 100, 7349
2026/06/29 04:39:24.215, 158.37, 100, 7349
2026/06/29 04:39:25.215, 157.33, 98, 7349
2026/06/29 04:39:26.215, 157.71, 100, 7349
2026/06/29 04:39:27.216, 157.64, 100, 7349
2026/06/29 04:39:28.216, 156.16, 98, 7349
2026/06/29 04:39:29.216, 157.35, 100, 7349
2026/06/29 04:39:30.216, 158.27, 100, 7349
2026/06/29 04:39:31.216, 157.66, 98, 7349
2026/06/29 04:39:32.216, 157.97, 100, 7349
2026/06/29 04:39:33.217, 156.79, 100, 7349
2026/06/29 04:39:34.217, 157.35, 98, 7349
2026/06/29 04:39:35.217, 157.90, 100, 7349
2026/06/29 04:39:36.217, 157.85, 100, 7349
2026/06/29 04:39:37.217, 157.50, 98, 7349
2026/06/29 04:39:38.217, 156.88, 100, 7349
2026/06/29 04:39:39.218, 157.97, 100, 7349
2026/06/29 04:39:40.218, 156.97, 98, 7349
2026/06/29 04:39:41.218, 157.85, 100, 7349
2026/06/29 04:39:42.218, 157.74, 100, 7349
2026/06/29 04:39:43.218, 155.79, 89, 7349
2026/06/29 04:39:44.218, 156.42, 100, 7349
2026/06/29 04:39:45.219, 157.75, 100, 7349
2026/06/29 04:39:46.219, 157.48, 98, 7349
2026/06/29 04:39:47.219, 158.49, 100, 7349
2026/06/29 04:39:48.219, 157.74, 100, 7349
2026/06/29 04:39:49.219, 155.79, 98, 7349
2026/06/29 04:39:50.219, 157.87, 100, 7349
2026/06/29 04:39:51.220, 157.42, 100, 7349
2026/06/29 04:39:52.220, 157.17, 98, 7349
2026/06/29 04:39:53.220, 157.38, 100, 7349
2026/06/29 04:39:54.220, 156.61, 100, 7349
2026/06/29 04:39:55.220, 157.42, 98, 7349
2026/06/29 04:39:56.220, 157.68, 100, 7349
2026/06/29 04:39:57.221, 158.15, 100, 7349
2026/06/29 04:39:58.221, 157.31, 98, 7349
2026/06/29 04:39:59.221, 158.31, 100, 7349
2026/06/29 04:40:00.221, 157.79, 100, 7349
2026/06/29 04:40:01.221, 156.58, 98, 7349
2026/06/29 04:40:02.221, 156.96, 100, 7349
2026/06/29 04:40:03.222, 157.46, 100, 7349
2026/06/29 04:40:04.222, 156.77, 98, 7349
2026/06/29 04:40:05.222, 157.84, 100, 7349
2026/06/29 04:40:06.222, 158.14, 100, 7349
2026/06/29 04:40:07.222, 156.39, 89, 7349
2026/06/29 04:40:08.222, 156.21, 100, 7349
2026/06/29 04:40:09.223, 158.10, 100, 7349
2026/06/29 04:40:10.223, 156.87, 98, 7349
2026/06/29 04:40:11.223, 157.39, 100, 7349
2026/06/29 04:40:12.223, 158.04, 100, 7349
2026/06/29 04:40:13.223, 157.36, 98, 7349
2026/06/29 04:40:14.223, 157.88, 100, 7349
2026/06/29 04:40:15.224, 157.75, 100, 7349
2026/06/29 04:40:16.224, 157.46, 98, 7349
2026/06/29 04:40:17.224, 158.29, 100, 7349
2026/06/29 04:40:18.224, 156.92, 100, 7349
2026/06/29 04:40:19.224, 156.87, 98, 7349
2026/06/29 04:40:20.224, 157.45, 100, 7349
2026/06/29 04:40:21.225, 157.59, 100, 7349
2026/06/29 04:40:22.225, 157.38, 98, 7349
2026/06/29 04:40:23.225, 157.83, 100, 7349
2026/06/29 04:40:24.225, 157.72, 100, 7349
2026/06/29 04:40:25.225, 157.32, 98, 7349
2026/06/29 04:40:26.225, 157.74, 100, 7349
2026/06/29 04:40:27.226, 157.52, 100, 7349
2026/06/29 04:40:28.226, 157.51, 98, 7349
2026/06/29 04:40:29.226, 157.77, 100, 7349
2026/06/29 04:40:30.226, 157.95, 100, 7349
2026/06/29 04:40:31.226, 157.38, 98, 7349
2026/06/29 04:40:32.226, 158.07, 100, 7349
2026/06/29 04:40:33.227, 156.24, 100, 7349
2026/06/29 04:40:34.227, 156.71, 98, 7349
2026/06/29 04:40:35.227, 157.38, 100, 7349
2026/06/29 04:40:36.227, 157.48, 100, 7349
2026/06/29 04:40:37.227, 156.74, 98, 7349
2026/06/29 04:40:38.227, 156.41, 100, 7349
2026/06/29 04:40:39.228, 157.61, 100, 7349
2026/06/29 04:40:40.228, 157.40, 98, 7349
2026/06/29 04:40:41.228, 157.76, 100, 7349
2026/06/29 04:40:42.228, 157.54, 100, 7349
2026/06/29 04:40:43.228, 155.89, 98, 7349
2026/06/29 04:40:44.228, 157.57, 100, 7349
2026/06/29 04:40:45.229, 157.50, 100, 7349
2026/06/29 04:40:46.229, 156.90, 98, 7349
2026/06/29 04:40:47.229, 157.53, 100, 7349
2026/06/29 04:40:48.229, 156.62, 100, 7349
2026/06/29 04:40:49.229, 157.40, 98, 7349
2026/06/29 04:40:50.229, 157.87, 100, 7349
2026/06/29 04:40:51.230, 157.43, 100, 7349
2026/06/29 04:40:52.230, 157.03, 98, 7349
2026/06/29 04:40:53.230, 156.39, 100, 7349
2026/06/29 04:40:54.230, 157.05, 100, 7349
2026/06/29 04:40:55.230, 156.89, 98, 7349
2026/06/29 04:40:56.230, 157.86, 100, 7349
2026/06/29 04:40:57.231, 157.23, 100, 7349
2026/06/29 04:40:58.231, 155.54, 89, 7349
2026/06/29 04:40:59.231, 158.04, 100, 7349
2026/06/29 04:41:00.231, 157.84, 100, 7349
2026/06/29 04:41:01.231, 156.96, 98, 7349
2026/06/29 04:41:02.231, 157.79, 100, 7349
2026/06/29 04:41:03.232, 158.34, 100, 7349
2026/06/29 04:41:04.232, 156.29, 98, 7349
2026/06/29 04:41:05.232, 157.44, 100, 7349
2026/06/29 04:41:06.232, 158.02, 100, 7349
2026/06/29 04:41:07.232, 157.16, 98, 7349
2026/06/29 04:41:08.232, 157.70, 100, 7349
2026/06/29 04:41:09.233, 156.24, 100, 7349
2026/06/29 04:41:10.233, 156.51, 98, 7349
2026/06/29 04:41:11.233, 156.97, 100, 7349
2026/06/29 04:41:12.233, 157.32, 100, 7349
2026/06/29 04:41:13.233, 157.10, 98, 7349
2026/06/29 04:41:14.242, 157.64, 100, 7349
2026/06/29 04:41:15.242, 157.81, 100, 7349
2026/06/29 04:41:16.242, 156.98, 98, 7349
2026/06/29 04:41:17.242, 156.90, 100, 7349
2026/06/29 04:41:18.242, 157.32, 100, 7349
2026/06/29 04:41:19.243, 156.63, 98, 7349
2026/06/29 04:41:20.243, 157.46, 100, 7349
2026/06/29 04:41:21.243, 157.34, 100, 7349
2026/06/29 04:41:22.243, 157.10, 98, 7349
2026/06/29 04:41:23.243, 157.36, 99, 7349
2026/06/29 04:41:24.243, 157.75, 100, 7349
2026/06/29 04:41:25.244, 157.35, 98, 7349
2026/06/29 04:41:26.244, 157.72, 100, 7349
2026/06/29 04:41:27.244, 158.07, 100, 7349
2026/06/29 04:41:28.244, 157.39, 98, 7349
2026/06/29 04:41:29.244, 157.46, 100, 7349
2026/06/29 04:41:30.244, 156.81, 100, 7349
2026/06/29 04:41:31.245, 156.54, 98, 7349
2026/06/29 04:41:32.245, 157.24, 100, 7349
2026/06/29 04:41:33.245, 157.82, 100, 7349
2026/06/29 04:41:34.245, 156.91, 98, 7349
2026/06/29 04:41:35.245, 157.67, 100, 7349
2026/06/29 04:41:36.246, 157.81, 100, 7349
2026/06/29 04:41:37.246, 157.29, 98, 7349
2026/06/29 04:41:38.246, 157.87, 100, 7349
2026/06/29 04:41:39.254, 157.64, 100, 7349
2026/06/29 04:41:40.255, 156.73, 98, 7349
2026/06/29 04:41:41.255, 157.43, 100, 7349
2026/06/29 04:41:42.255, 157.86, 100, 7349
2026/06/29 04:41:43.255, 157.35, 98, 7349
2026/06/29 04:41:44.255, 157.06, 100, 7349
2026/06/29 04:41:45.256, 157.42, 100, 7349
2026/06/29 04:41:46.256, 157.27, 99, 7349
2026/06/29 04:41:47.256, 157.68, 100, 7349
2026/06/29 04:41:48.256, 157.96, 100, 7349
2026/06/29 04:41:49.256, 157.32, 98, 7349
2026/06/29 04:41:50.256, 158.25, 100, 7349
2026/06/29 04:41:51.257, 157.70, 100, 7349
2026/06/29 04:41:52.257, 157.14, 98, 7349
2026/06/29 04:41:53.257, 157.44, 100, 7349
2026/06/29 04:41:54.257, 157.67, 100, 7349
2026/06/29 04:41:55.257, 156.94, 98, 7349
2026/06/29 04:41:56.257, 157.57, 100, 7349
2026/06/29 04:41:57.258, 157.79, 100, 7349
2026/06/29 04:41:58.258, 157.25, 98, 7349
2026/06/29 04:41:59.258, 158.18, 100, 7349
2026/06/29 04:42:00.258, 157.74, 100, 7349
2026/06/29 04:42:01.258, 157.37, 98, 7349
2026/06/29 04:42:02.258, 157.57, 100, 7349
2026/06/29 04:42:03.259, 157.52, 100, 7349
2026/06/29 04:42:04.259, 156.87, 98, 7349
2026/06/29 04:42:05.259, 157.44, 100, 7349
2026/06/29 04:42:06.259, 158.18, 100, 7349
2026/06/29 04:42:07.259, 157.64, 98, 7349
2026/06/29 04:42:08.259, 156.86, 100, 7349
2026/06/29 04:42:09.260, 158.18, 100, 7349
2026/06/29 04:42:10.260, 157.58, 98, 7349
2026/06/29 04:42:11.260, 158.02, 100, 7349
2026/06/29 04:42:12.260, 158.00, 100, 7349
2026/06/29 04:42:13.260, 156.01, 98, 7349
2026/06/29 04:42:14.261, 157.92, 100, 7349
2026/06/29 04:42:15.261, 157.57, 100, 7349
2026/06/29 04:42:16.261, 157.65, 98, 7349
2026/06/29 04:42:17.261, 158.11, 100, 7349
2026/06/29 04:42:18.261, 157.09, 100, 7349
2026/06/29 04:42:19.261, 157.12, 98, 7349
2026/06/29 04:42:20.262, 157.76, 100, 7349
2026/06/29 04:42:21.262, 157.37, 100, 7349
2026/06/29 04:42:22.262, 157.32, 98, 7349
2026/06/29 04:42:23.262, 156.71, 100, 7349
2026/06/29 04:42:24.262, 157.85, 100, 7349
2026/06/29 04:42:25.262, 157.40, 98, 7349
2026/06/29 04:42:26.263, 158.17, 100, 7349
2026/06/29 04:42:27.263, 157.68, 100, 7349
2026/06/29 04:42:28.263, 156.38, 89, 7349
2026/06/29 04:42:29.263, 156.00, 100, 7349
2026/06/29 04:42:30.263, 156.73, 100, 7349
2026/06/29 04:42:31.263, 156.89, 98, 7349
2026/06/29 04:42:32.264, 157.22, 100, 7349
2026/06/29 04:42:33.264, 157.17, 100, 7349
2026/06/29 04:42:34.264, 156.08, 100, 7349
2026/06/29 04:42:35.264, 158.96, 99, 7349
2026/06/29 04:42:36.264, 159.12, 99, 7349
2026/06/29 04:42:37.264, 159.09, 99, 7349
2026/06/29 04:42:38.265, 159.21, 100, 7349
2026/06/29 04:42:39.265, 159.27, 100, 7349
2026/06/29 04:42:40.265, 160.03, 100, 7349
2026/06/29 04:42:41.265, 159.84, 99, 7349
2026/06/29 04:42:42.265, 160.29, 99, 7349
2026/06/29 04:42:43.265, 159.71, 99, 7349
2026/06/29 04:42:44.274, 160.21, 100, 7349
2026/06/29 04:42:45.274, 160.22, 100, 7349
2026/06/29 04:42:46.274, 159.63, 99, 7349
2026/06/29 04:42:47.275, 159.58, 99, 7349
2026/06/29 04:42:48.275, 159.34, 99, 7349
2026/06/29 04:42:49.275, 159.30, 100, 7349
2026/06/29 04:42:50.275, 159.99, 100, 7349
2026/06/29 04:42:51.275, 159.74, 99, 7349
2026/06/29 04:42:52.275, 155.22, 98, 7349
2026/06/29 04:42:53.276, 157.79, 100, 7349
2026/06/29 04:42:54.284, 157.24, 98, 7349
2026/06/29 04:42:55.284, 157.07, 100, 7349
2026/06/29 04:42:56.284, 157.52, 100, 7349
2026/06/29 04:42:57.285, 157.43, 98, 7349
2026/06/29 04:42:58.285, 157.63, 100, 7349
2026/06/29 04:42:59.285, 157.74, 100, 7349
2026/06/29 04:43:00.285, 157.30, 98, 7349
2026/06/29 04:43:01.285, 157.76, 100, 7349
2026/06/29 04:43:02.286, 158.08, 100, 7349
2026/06/29 04:43:03.286, 157.17, 98, 7349
2026/06/29 04:43:04.286, 157.49, 100, 7349
2026/06/29 04:43:05.286, 157.74, 100, 7349
2026/06/29 04:43:06.286, 157.36, 98, 7349
2026/06/29 04:43:07.286, 158.21, 100, 7349
2026/06/29 04:43:08.287, 158.25, 100, 7349
2026/06/29 04:43:09.295, 157.08, 98, 7349
2026/06/29 04:43:10.295, 157.60, 100, 7349
2026/06/29 04:43:11.295, 157.72, 100, 7349
2026/06/29 04:43:12.296, 157.43, 98, 7349
2026/06/29 04:43:13.296, 157.89, 100, 7349
2026/06/29 04:43:14.304, 157.66, 100, 7349
2026/06/29 04:43:15.305, 157.15, 98, 7349
2026/06/29 04:43:16.305, 158.06, 100, 7349
2026/06/29 04:43:17.305, 157.56, 100, 7349
2026/06/29 04:43:18.305, 156.99, 98, 7349
2026/06/29 04:43:19.305, 157.74, 100, 7349
2026/06/29 04:43:20.305, 157.82, 100, 7349
2026/06/29 04:43:21.306, 157.38, 98, 7349
2026/06/29 04:43:22.306, 157.60, 100, 7349
2026/06/29 04:43:23.306, 157.64, 100, 7349
2026/06/29 04:43:24.306, 157.35, 98, 7349
2026/06/29 04:43:25.306, 157.87, 100, 7349
2026/06/29 04:43:26.307, 157.79, 100, 7349
2026/06/29 04:43:27.307, 157.38, 98, 7349
2026/06/29 04:43:28.307, 157.84, 100, 7349
2026/06/29 04:43:29.307, 157.39, 100, 7349
2026/06/29 04:43:30.307, 157.26, 98, 7349
2026/06/29 04:43:31.307, 157.71, 100, 7349
2026/06/29 04:43:32.308, 157.61, 99, 7349
2026/06/29 04:43:33.308, 157.45, 100, 7349
2026/06/29 04:43:34.308, 157.61, 100, 7349
2026/06/29 04:43:35.308, 157.18, 98, 7349
2026/06/29 04:43:36.308, 158.11, 100, 7349
2026/06/29 04:43:37.308, 158.19, 100, 7349
2026/06/29 04:43:38.309, 157.01, 98, 7349
2026/06/29 04:43:39.317, 157.78, 100, 7349
2026/06/29 04:43:40.317, 157.73, 100, 7349
2026/06/29 04:43:41.317, 156.77, 98, 7349
2026/06/29 04:43:42.318, 157.29, 100, 7349
2026/06/29 04:43:43.318, 158.10, 100, 7349
2026/06/29 04:43:44.318, 157.36, 98, 7349
2026/06/29 04:43:45.318, 157.74, 100, 7349
2026/06/29 04:43:46.318, 158.20, 100, 7349
2026/06/29 04:43:47.319, 157.14, 98, 7349
2026/06/29 04:43:48.319, 157.59, 100, 7349
2026/06/29 04:43:49.319, 157.08, 100, 7349
2026/06/29 04:43:50.319, 157.33, 98, 7349
2026/06/29 04:43:51.319, 157.63, 100, 7349
2026/06/29 04:43:52.319, 157.44, 100, 7349
2026/06/29 04:43:53.320, 157.45, 98, 7349
2026/06/29 04:43:54.320, 157.70, 100, 7349
2026/06/29 04:43:55.320, 157.42, 100, 7349
2026/06/29 04:43:56.320, 157.22, 98, 7349
2026/06/29 04:43:57.320, 157.64, 100, 7349
2026/06/29 04:43:58.320, 157.34, 100, 7349
2026/06/29 04:43:59.321, 157.38, 98, 7349
2026/06/29 04:44:00.321, 157.82, 100, 7349
2026/06/29 04:44:01.321, 157.50, 100, 7349
2026/06/29 04:44:02.321, 157.52, 98, 7349
2026/06/29 04:44:03.321, 157.90, 100, 7349
2026/06/29 04:44:04.322, 157.40, 100, 7349
2026/06/29 04:44:05.322, 157.39, 98, 7349
2026/06/29 04:44:06.322, 157.42, 100, 7349
2026/06/29 04:44:07.322, 157.33, 99, 7349
2026/06/29 04:44:08.322, 157.26, 100, 7349
2026/06/29 04:44:09.322, 157.69, 100, 7349
2026/06/29 04:44:10.323, 156.97, 98, 7349
2026/06/29 04:44:11.323, 157.85, 100, 7349
2026/06/29 04:44:12.323, 157.89, 100, 7349
2026/06/29 04:44:13.323, 156.92, 98, 7349
2026/06/29 04:44:14.323, 157.49, 100, 7349
2026/06/29 04:44:15.323, 157.62, 100, 7349
2026/06/29 04:44:16.324, 157.10, 98, 7349
2026/06/29 04:44:17.324, 158.09, 100, 7349
2026/06/29 04:44:18.324, 158.04, 100, 7349
2026/06/29 04:44:19.324, 157.32, 98, 7349
2026/06/29 04:44:20.324, 157.54, 100, 7349
2026/06/29 04:44:21.324, 157.53, 100, 7349
2026/06/29 04:44:22.325, 157.07, 98, 7349
2026/06/29 04:44:23.325, 157.53, 100, 7349
2026/06/29 04:44:24.325, 157.96, 100, 7349
2026/06/29 04:44:25.325, 157.23, 98, 7349
2026/06/29 04:44:26.325, 158.11, 100, 7349
2026/06/29 04:44:27.325, 157.88, 100, 7349
2026/06/29 04:44:28.326, 156.94, 98, 7349
2026/06/29 04:44:29.326, 157.55, 100, 7349
2026/06/29 04:44:30.326, 157.16, 100, 7349
2026/06/29 04:44:31.326, 156.97, 98, 7349
2026/06/29 04:44:32.326, 157.94, 100, 7349
2026/06/29 04:44:33.326, 157.80, 100, 7349
2026/06/29 04:44:34.327, 157.22, 98, 7349
2026/06/29 04:44:35.327, 157.96, 100, 7349
2026/06/29 04:44:36.327, 157.69, 100, 7349
2026/06/29 04:44:37.327, 157.39, 98, 7349
2026/06/29 04:44:38.327, 157.37, 100, 7349
2026/06/29 04:44:39.328, 156.70, 100, 7349
2026/06/29 04:44:40.328, 157.30, 98, 7349
2026/06/29 04:44:41.328, 157.90, 100, 7349
2026/06/29 04:44:42.328, 157.34, 100, 7349
2026/06/29 04:44:43.328, 157.51, 98, 7349
2026/06/29 04:44:44.328, 157.67, 100, 7349
2026/06/29 04:44:45.329, 157.82, 100, 7349
2026/06/29 04:44:46.329, 157.53, 100, 7349
2026/06/29 04:44:47.329, 157.92, 100, 7349
2026/06/29 04:44:48.329, 156.96, 98, 7349
2026/06/29 04:44:49.329, 157.51, 100, 7349
2026/06/29 04:44:50.329, 157.73, 100, 7349
2026/06/29 04:44:51.330, 157.05, 98, 7349
2026/06/29 04:44:52.330, 157.28, 100, 7349
2026/06/29 04:44:53.330, 157.68, 100, 7349
2026/06/29 04:44:54.330, 157.32, 98, 7349
2026/06/29 04:44:55.330, 157.74, 100, 7349
2026/06/29 04:44:56.330, 158.16, 100, 7349
2026/06/29 04:44:57.331, 157.23, 98, 7349
2026/06/29 04:44:58.331, 157.69, 100, 7349
2026/06/29 04:44:59.331, 156.36, 100, 7349
2026/06/29 04:45:00.331, 157.34, 98, 7349
2026/06/29 04:45:01.331, 157.70, 100, 7349
2026/06/29 04:45:02.331, 158.10, 100, 7349
2026/06/29 04:45:03.332, 157.29, 98, 7349
2026/06/29 04:45:04.332, 158.06, 100, 7349
2026/06/29 04:45:05.332, 157.64, 100, 7349
2026/06/29 04:45:06.332, 157.47, 98, 7349
2026/06/29 04:45:07.332, 157.96, 100, 7349
2026/06/29 04:45:08.332, 157.99, 100, 7349
2026/06/29 04:45:09.333, 157.59, 98, 7349
2026/06/29 04:45:10.333, 157.89, 100, 7349
2026/06/29 04:45:11.333, 157.93, 100, 7349
2026/06/29 04:45:12.342, 157.49, 98, 7349
2026/06/29 04:45:13.342, 157.86, 100, 7349
2026/06/29 04:45:14.342, 157.59, 100, 7349
2026/06/29 04:45:15.342, 157.72, 98, 7349
2026/06/29 04:45:16.342, 157.97, 100, 7349
2026/06/29 04:45:17.342, 157.84, 100, 7349
2026/06/29 04:45:18.343, 157.75, 100, 7349
2026/06/29 04:45:19.343, 157.93, 100, 7349
2026/06/29 04:45:20.343, 157.30, 98, 7349
2026/06/29 04:45:21.343, 157.71, 100, 7349
2026/06/29 04:45:22.352, 158.27, 100, 7349
2026/06/29 04:45:23.352, 157.12, 98, 7349
2026/06/29 04:45:24.352, 157.70, 100, 7349
2026/06/29 04:45:25.352, 157.32, 100, 7349
2026/06/29 04:45:26.352, 156.99, 98, 7349
2026/06/29 04:45:27.352, 157.10, 100, 7349
2026/06/29 04:45:28.353, 157.58, 100, 7349
2026/06/29 04:45:29.353, 157.27, 98, 7349
2026/06/29 04:45:30.353, 157.77, 100, 7349
2026/06/29 04:45:31.353, 157.60, 100, 7349
2026/06/29 04:45:32.353, 156.89, 98, 7349
2026/06/29 04:45:33.353, 157.55, 100, 7349
2026/06/29 04:45:34.354, 157.57, 100, 7349
2026/06/29 04:45:35.354, 157.37, 98, 7349
2026/06/29 04:45:36.354, 158.10, 100, 7349
2026/06/29 04:45:37.354, 157.68, 100, 7349
2026/06/29 04:45:38.354, 157.39, 98, 7349
2026/06/29 04:45:39.354, 157.81, 100, 7349
2026/06/29 04:45:40.355, 157.60, 100, 7349
2026/06/29 04:45:41.355, 157.31, 98, 7349
2026/06/29 04:45:42.355, 157.56, 100, 7349
2026/06/29 04:45:43.355, 157.26, 100, 7349
2026/06/29 04:45:44.355, 157.29, 98, 7349
2026/06/29 04:45:45.355, 158.04, 100, 7349
2026/06/29 04:45:46.356, 157.31, 100, 7349
2026/06/29 04:45:47.356, 157.30, 98, 7349
2026/06/29 04:45:48.356, 157.49, 100, 7349
2026/06/29 04:45:49.356, 157.61, 100, 7349
2026/06/29 04:45:50.356, 157.51, 98, 7349
2026/06/29 04:45:51.356, 158.12, 100, 7349
2026/06/29 04:45:52.357, 157.74, 100, 7349
2026/06/29 04:45:53.357, 157.37, 98, 7349
2026/06/29 04:45:54.357, 157.98, 100, 7349
2026/06/29 04:45:55.357, 157.73, 100, 7349
2026/06/29 04:45:56.357, 157.76, 98, 7349
2026/06/29 04:45:57.357, 158.08, 100, 7349
2026/06/29 04:45:58.358, 157.69, 98, 7349
2026/06/29 04:45:59.358, 157.56, 100, 7349
2026/06/29 04:46:00.358, 157.62, 100, 7349
2026/06/29 04:46:01.358, 156.98, 98, 7349
2026/06/29 04:46:02.358, 157.52, 100, 7349
2026/06/29 04:46:03.358, 158.18, 100, 7349
2026/06/29 04:46:04.359, 156.99, 98, 7349
2026/06/29 04:46:05.359, 157.31, 100, 7349
2026/06/29 04:46:06.359, 158.02, 100, 7349
2026/06/29 04:46:07.359, 157.61, 98, 7349
2026/06/29 04:46:08.359, 157.66, 100, 7349
2026/06/29 04:46:09.359, 157.88, 100, 7349
2026/06/29 04:46:10.360, 157.16, 98, 7349
2026/06/29 04:46:11.360, 157.79, 100, 7349
2026/06/29 04:46:12.360, 157.85, 100, 7349
2026/06/29 04:46:13.360, 157.11, 98, 7349
2026/06/29 04:46:14.360, 157.30, 100, 7349
2026/06/29 04:46:15.360, 157.93, 100, 7349
2026/06/29 04:46:16.361, 157.42, 98, 7349
2026/06/29 04:46:17.361, 158.04, 100, 7349
2026/06/29 04:46:18.361, 157.65, 100, 7349
2026/06/29 04:46:19.361, 157.16, 98, 7349
2026/06/29 04:46:20.361, 157.89, 100, 7349
2026/06/29 04:46:21.361, 157.49, 100, 7349
2026/06/29 04:46:22.362, 156.90, 98, 7349
2026/06/29 04:46:23.362, 157.39, 100, 7349
2026/06/29 04:46:24.362, 157.50, 100, 7349
2026/06/29 04:46:25.362, 157.07, 98, 7349
2026/06/29 04:46:26.362, 157.55, 100, 7349
2026/06/29 04:46:27.362, 157.06, 100, 7349
2026/06/29 04:46:28.363, 157.08, 98, 7349
2026/06/29 04:46:29.363, 157.56, 100, 7349
2026/06/29 04:46:30.363, 157.78, 100, 7349
2026/06/29 04:46:31.363, 157.50, 98, 7349
2026/06/29 04:46:32.363, 157.61, 100, 7349
2026/06/29 04:46:33.363, 157.38, 100, 7349
2026/06/29 04:46:34.364, 157.50, 98, 7349
2026/06/29 04:46:35.364, 157.91, 100, 7349
2026/06/29 04:46:36.364, 157.48, 100, 7349
2026/06/29 04:46:37.364, 156.65, 98, 7349
2026/06/29 04:46:38.364, 157.74, 100, 7349
2026/06/29 04:46:39.364, 157.49, 100, 7349
2026/06/29 04:46:40.364, 158.02, 98, 7349
2026/06/29 04:46:41.365, 158.22, 100, 7349
2026/06/29 04:46:42.365, 156.76, 100, 7349
2026/06/29 04:46:43.365, 157.82, 98, 7349
2026/06/29 04:46:44.365, 158.15, 100, 7349
2026/06/29 04:46:45.365, 157.68, 99, 7349
2026/06/29 04:46:46.365, 157.90, 100, 7349
2026/06/29 04:46:47.366, 156.82, 100, 7349
2026/06/29 04:46:48.366, 157.38, 99, 7349
2026/06/29 04:46:49.366, 158.02, 100, 7349
2026/06/29 04:46:50.366, 158.06, 100, 7349
2026/06/29 04:46:51.366, 157.39, 98, 7349
2026/06/29 04:46:52.366, 156.42, 100, 7349
2026/06/29 04:46:53.367, 156.92, 100, 7349
2026/06/29 04:46:54.367, 157.09, 98, 7349
2026/06/29 04:46:55.367, 157.42, 100, 7349
2026/06/29 04:46:56.367, 157.52, 100, 7349
2026/06/29 04:46:57.367, 156.86, 99, 7349
2026/06/29 04:46:58.367, 156.26, 98, 7349
2026/06/29 04:46:59.368, 157.94, 100, 7349
2026/06/29 04:47:00.368, 157.51, 99, 7349
2026/06/29 04:47:01.368, 157.76, 100, 7349
2026/06/29 04:47:02.368, 157.55, 100, 7349
2026/06/29 04:47:03.368, 156.49, 99, 7349
2026/06/29 04:47:04.368, 157.30, 100, 7349
2026/06/29 04:47:05.369, 157.44, 100, 7349
2026/06/29 04:47:06.369, 157.18, 98, 7349
2026/06/29 04:47:07.369, 157.61, 100, 7349
2026/06/29 04:47:08.369, 157.97, 100, 7349
2026/06/29 04:47:09.369, 157.22, 98, 7349
2026/06/29 04:47:10.369, 156.39, 100, 7349
2026/06/29 04:47:11.369, 157.51, 100, 7349
2026/06/29 04:47:12.370, 157.28, 98, 7349
2026/06/29 04:47:13.370, 158.10, 100, 7349
2026/06/29 04:47:14.370, 158.13, 100, 7349
2026/06/29 04:47:15.370, 155.97, 98, 7349
2026/06/29 04:47:16.370, 156.89, 100, 7349
2026/06/29 04:47:17.370, 157.74, 100, 7349
2026/06/29 04:47:18.371, 157.24, 98, 7349
2026/06/29 04:47:19.371, 157.61, 100, 7349
2026/06/29 04:47:20.371, 157.97, 100, 7349
2026/06/29 04:47:21.371, 157.15, 98, 7349
2026/06/29 04:47:22.371, 158.02, 100, 7349
2026/06/29 04:47:23.371, 157.81, 100, 7349
2026/06/29 04:47:24.372, 157.36, 98, 7349
2026/06/29 04:47:25.372, 158.04, 100, 7349
2026/06/29 04:47:26.372, 157.61, 100, 7349
2026/06/29 04:47:27.372, 157.23, 98, 7349
2026/06/29 04:47:28.372, 158.04, 100, 7349
2026/06/29 04:47:29.372, 157.65, 100, 7349
2026/06/29 04:47:30.373, 157.33, 98, 7349
2026/06/29 04:47:31.373, 157.95, 100, 7349
2026/06/29 04:47:32.373, 157.51, 100, 7349
2026/06/29 04:47:33.373, 157.23, 98, 7349
2026/06/29 04:47:34.373, 157.65, 100, 7349
2026/06/29 04:47:35.373, 157.20, 100, 7349
2026/06/29 04:47:36.374, 157.50, 98, 7349
2026/06/29 04:47:37.374, 157.92, 100, 7349
2026/06/29 04:47:38.374, 157.65, 100, 7349
2026/06/29 04:47:39.374, 157.58, 98, 7349
2026/06/29 04:47:40.374, 157.90, 100, 7349
2026/06/29 04:47:41.374, 157.15, 100, 7349
2026/06/29 04:47:42.375, 157.46, 98, 7349
2026/06/29 04:47:43.375, 157.90, 100, 7349
2026/06/29 04:47:44.375, 157.34, 98, 7349
2026/06/29 04:47:45.375, 157.68, 100, 7349
2026/06/29 04:47:46.375, 158.04, 100, 7349
2026/06/29 04:47:47.375, 157.29, 98, 7349
2026/06/29 04:47:48.376, 157.75, 100, 7349
2026/06/29 04:47:49.376, 158.29, 100, 7349
2026/06/29 04:47:50.376, 156.88, 98, 7349
2026/06/29 04:47:51.376, 155.76, 100, 7349
2026/06/29 04:47:52.376, 159.62, 100, 7349
2026/06/29 04:47:53.376, 159.61, 100, 7349
2026/06/29 04:47:54.377, 159.37, 99, 7349
2026/06/29 04:47:55.377, 159.38, 99, 7349
2026/06/29 04:47:56.377, 159.54, 99, 7349
2026/06/29 04:47:57.377, 159.53, 100, 7349
2026/06/29 04:47:58.377, 159.39, 100, 7349
2026/06/29 04:47:59.377, 159.64, 100, 7349
2026/06/29 04:48:00.378, 159.56, 100, 7349
2026/06/29 04:48:01.378, 159.24, 100, 7349
2026/06/29 04:48:02.378, 159.56, 99, 7349
2026/06/29 04:48:03.378, 159.67, 100, 7349
2026/06/29 04:48:04.378, 159.36, 100, 7349
2026/06/29 04:48:05.378, 159.56, 100, 7349
2026/06/29 04:48:06.379, 159.54, 100, 7349
2026/06/29 04:48:07.379, 159.38, 99, 7349
2026/06/29 04:48:08.379, 159.40, 99, 7349
2026/06/29 04:48:09.379, 159.41, 100, 7349
2026/06/29 04:48:10.379, 155.17, 100, 7349
2026/06/29 04:48:11.379, 157.21, 98, 7349
2026/06/29 04:48:12.380, 157.41, 100, 7349
2026/06/29 04:48:13.380, 158.15, 100, 7349
2026/06/29 04:48:14.380, 157.32, 98, 7349
2026/06/29 04:48:15.380, 158.02, 100, 7349
2026/06/29 04:48:16.380, 156.46, 100, 7349
2026/06/29 04:48:17.380, 157.22, 98, 7349
2026/06/29 04:48:18.381, 157.76, 100, 7349
2026/06/29 04:48:19.381, 158.18, 100, 7349
2026/06/29 04:48:20.381, 157.72, 98, 7349
2026/06/29 04:48:21.381, 156.90, 100, 7349
2026/06/29 04:48:22.381, 157.82, 100, 7349
2026/06/29 04:48:23.381, 157.57, 98, 7349
2026/06/29 04:48:24.382, 157.60, 100, 7349
2026/06/29 04:48:25.382, 157.49, 100, 7349
2026/06/29 04:48:26.382, 155.98, 89, 7349
2026/06/29 04:48:27.382, 156.09, 100, 7349
2026/06/29 04:48:28.382, 157.42, 100, 7349
2026/06/29 04:48:29.382, 157.31, 98, 7349
2026/06/29 04:48:30.383, 157.82, 100, 7349
2026/06/29 04:48:31.383, 157.56, 100, 7349
2026/06/29 04:48:32.383, 155.49, 98, 7349
2026/06/29 04:48:33.383, 156.98, 100, 7349
2026/06/29 04:48:34.383, 157.34, 100, 7349
2026/06/29 04:48:35.384, 156.88, 98, 7349
2026/06/29 04:48:36.384, 157.45, 100, 7349
2026/06/29 04:48:37.384, 156.65, 100, 7349
2026/06/29 04:48:38.384, 157.18, 98, 7349
2026/06/29 04:48:39.384, 157.67, 100, 7349
2026/06/29 04:48:40.384, 157.55, 100, 7349
2026/06/29 04:48:41.385, 157.10, 98, 7349
2026/06/29 04:48:42.385, 156.11, 100, 7349
2026/06/29 04:48:43.385, 157.12, 100, 7349
2026/06/29 04:48:44.385, 156.66, 98, 7349
2026/06/29 04:48:45.385, 157.68, 100, 7349
2026/06/29 04:48:46.385, 158.21, 100, 7349
2026/06/29 04:48:47.386, 156.22, 98, 7349
2026/06/29 04:48:48.386, 158.01, 100, 7349
2026/06/29 04:48:49.386, 157.85, 100, 7349
2026/06/29 04:48:50.386, 157.47, 98, 7349
2026/06/29 04:48:51.386, 157.79, 100, 7349
2026/06/29 04:48:52.387, 158.00, 100, 7349
2026/06/29 04:48:53.387, 157.46, 98, 7349
2026/06/29 04:48:54.387, 158.13, 100, 7349
2026/06/29 04:48:55.387, 157.61, 100, 7349
2026/06/29 04:48:56.387, 157.36, 98, 7349
2026/06/29 04:48:57.387, 157.92, 100, 7349
2026/06/29 04:48:58.388, 157.24, 100, 7349
2026/06/29 04:48:59.388, 157.04, 98, 7349
2026/06/29 04:49:00.388, 157.85, 100, 7349
2026/06/29 04:49:01.388, 157.38, 100, 7349
2026/06/29 04:49:02.388, 157.34, 98, 7349
2026/06/29 04:49:03.388, 157.84, 100, 7349
2026/06/29 04:49:04.389, 157.88, 100, 7349
2026/06/29 04:49:05.389, 157.58, 98, 7349
2026/06/29 04:49:06.389, 157.96, 100, 7349
2026/06/29 04:49:07.396, 157.63, 100, 7349
2026/06/29 04:49:08.396, 157.32, 98, 7349
2026/06/29 04:49:09.396, 158.09, 100, 7349
2026/06/29 04:49:10.397, 157.30, 100, 7349
2026/06/29 04:49:11.397, 157.36, 98, 7349
2026/06/29 04:49:12.397, 157.62, 100, 7349
2026/06/29 04:49:13.397, 157.29, 98, 7349
2026/06/29 04:49:14.397, 157.66, 100, 7349
2026/06/29 04:49:15.397, 157.53, 100, 7349
2026/06/29 04:49:16.398, 156.98, 98, 7349
2026/06/29 04:49:17.406, 157.96, 100, 7349
2026/06/29 04:49:18.406, 157.76, 100, 7349
2026/06/29 04:49:19.407, 156.42, 98, 7349
2026/06/29 04:49:20.407, 157.25, 100, 7349
2026/06/29 04:49:21.407, 157.39, 100, 7349
2026/06/29 04:49:22.407, 157.08, 98, 7349
2026/06/29 04:49:23.407, 157.97, 100, 7349
2026/06/29 04:49:24.407, 157.88, 100, 7349
2026/06/29 04:49:25.408, 157.14, 98, 7349
2026/06/29 04:49:26.408, 157.59, 100, 7349
2026/06/29 04:49:27.408, 157.44, 100, 7349
2026/06/29 04:49:28.408, 157.00, 98, 7349
2026/06/29 04:49:29.408, 157.70, 100, 7349
2026/06/29 04:49:30.408, 157.65, 100, 7349
2026/06/29 04:49:31.409, 157.25, 98, 7349
2026/06/29 04:49:32.417, 157.73, 100, 7349
2026/06/29 04:49:33.417, 157.62, 100, 7349
2026/06/29 04:49:34.417, 157.11, 98, 7349
2026/06/29 04:49:35.418, 157.93, 100, 7349
2026/06/29 04:49:36.418, 157.25, 100, 7349
2026/06/29 04:49:37.418, 157.45, 98, 7349
2026/06/29 04:49:38.418, 157.68, 100, 7349
2026/06/29 04:49:39.418, 157.21, 100, 7349
2026/06/29 04:49:40.418, 157.08, 98, 7349
2026/06/29 04:49:41.419, 157.36, 100, 7349
2026/06/29 04:49:42.419, 157.13, 100, 7349
2026/06/29 04:49:43.419, 157.27, 98, 7349
2026/06/29 04:49:44.419, 157.16, 100, 7349
2026/06/29 04:49:45.419, 157.25, 100, 7349
2026/06/29 04:49:46.419, 157.19, 98, 7349
2026/06/29 04:49:47.420, 156.32, 100, 7349
2026/06/29 04:49:48.420, 157.27, 100, 7349
2026/06/29 04:49:49.420, 157.07, 98, 7349
2026/06/29 04:49:50.420, 157.64, 100, 7349
2026/06/29 04:49:51.420, 157.20, 100, 7349
2026/06/29 04:49:52.420, 156.46, 90, 7349
2026/06/29 04:49:53.421, 156.41, 100, 7349
2026/06/29 04:49:54.421, 156.94, 100, 7349
2026/06/29 04:49:55.421, 156.75, 98, 7349
2026/06/29 04:49:56.421, 157.37, 100, 7349
2026/06/29 04:49:57.421, 156.62, 100, 7349
2026/06/29 04:49:58.421, 156.02, 98, 7349
2026/06/29 04:49:59.422, 157.53, 100, 7349
2026/06/29 04:50:00.422, 157.30, 100, 7349
2026/06/29 04:50:01.422, 157.22, 98, 7349
2026/06/29 04:50:02.422, 157.81, 100, 7349
2026/06/29 04:50:03.422, 156.32, 100, 7349
2026/06/29 04:50:04.422, 157.37, 98, 7349
2026/06/29 04:50:05.423, 157.43, 100, 7349
2026/06/29 04:50:06.423, 157.11, 100, 7349
2026/06/29 04:50:07.423, 157.72, 98, 7349
2026/06/29 04:50:08.423, 156.57, 100, 7349
2026/06/29 04:50:09.423, 157.57, 100, 7349
2026/06/29 04:50:10.423, 157.42, 98, 7349
2026/06/29 04:50:11.424, 157.88, 100, 7349
2026/06/29 04:50:12.424, 157.83, 100, 7349
2026/06/29 04:50:13.424, 156.37, 98, 7349
2026/06/29 04:50:14.424, 157.46, 100, 7349
2026/06/29 04:50:15.424, 157.26, 100, 7349
2026/06/29 04:50:16.424, 157.30, 98, 7349
2026/06/29 04:50:17.425, 157.82, 100, 7349
2026/06/29 04:50:18.425, 156.03, 100, 7349
2026/06/29 04:50:19.425, 157.39, 98, 7349
2026/06/29 04:50:20.425, 157.80, 100, 7349
2026/06/29 04:50:21.425, 157.40, 100, 7349
2026/06/29 04:50:22.425, 157.24, 99, 7349
2026/06/29 04:50:23.426, 157.42, 100, 7349
2026/06/29 04:50:24.426, 157.49, 98, 7349
2026/06/29 04:50:25.426, 157.57, 100, 7349
2026/06/29 04:50:26.426, 157.05, 100, 7349
2026/06/29 04:50:27.426, 157.41, 98, 7349
2026/06/29 04:50:28.426, 157.39, 100, 7349
2026/06/29 04:50:29.427, 156.99, 100, 7349
2026/06/29 04:50:30.427, 156.35, 98, 7349
2026/06/29 04:50:31.427, 157.15, 100, 7349
2026/06/29 04:50:32.427, 156.81, 100, 7349
2026/06/29 04:50:33.427, 157.57, 98, 7349
2026/06/29 04:50:34.427, 157.10, 100, 7349
2026/06/29 04:50:35.428, 155.28, 100, 7349
2026/06/29 04:50:36.428, 157.36, 98, 7349
2026/06/29 04:50:37.428, 157.71, 100, 7349
2026/06/29 04:50:38.428, 157.02, 100, 7349
2026/06/29 04:50:39.428, 157.48, 98, 7349
2026/06/29 04:50:40.428, 157.65, 100, 7349
2026/06/29 04:50:41.429, 157.25, 100, 7349
2026/06/29 04:50:42.429, 157.71, 98, 7349
2026/06/29 04:50:43.429, 157.23, 100, 7349
2026/06/29 04:50:44.429, 156.15, 100, 7349
2026/06/29 04:50:45.429, 155.80, 89, 7349
2026/06/29 04:50:46.429, 157.74, 100, 7349
2026/06/29 04:50:47.430, 156.95, 100, 7349
2026/06/29 04:50:48.430, 157.50, 98, 7349
2026/06/29 04:50:49.430, 157.94, 100, 7349
2026/06/29 04:50:50.430, 157.19, 100, 7349
2026/06/29 04:50:51.430, 157.54, 100, 7349
2026/06/29 04:50:52.430, 157.85, 100, 7349
2026/06/29 04:50:53.431, 156.97, 98, 7349
2026/06/29 04:50:54.431, 157.41, 100, 7349
2026/06/29 04:50:55.431, 157.33, 100, 7349
2026/06/29 04:50:56.431, 157.00, 98, 7349
2026/06/29 04:50:57.431, 157.76, 100, 7349
2026/06/29 04:50:58.431, 157.54, 100, 7349
2026/06/29 04:50:59.432, 157.17, 98, 7349
2026/06/29 04:51:00.432, 157.40, 100, 7349
2026/06/29 04:51:01.432, 156.58, 100, 7349
2026/06/29 04:51:02.432, 157.17, 98, 7349
2026/06/29 04:51:03.432, 158.07, 100, 7349
2026/06/29 04:51:04.432, 157.04, 100, 7349
2026/06/29 04:51:05.433, 156.88, 98, 7349
2026/06/29 04:51:06.433, 156.03, 100, 7349
2026/06/29 04:51:07.433, 157.23, 100, 7349
2026/06/29 04:51:08.433, 156.60, 98, 7349
2026/06/29 04:51:09.433, 156.86, 100, 7349
2026/06/29 04:51:10.433, 157.49, 100, 7349
2026/06/29 04:51:11.434, 155.77, 98, 7349
2026/06/29 04:51:12.434, 157.64, 100, 7349
2026/06/29 04:51:13.434, 157.22, 100, 7349
2026/06/29 04:51:14.434, 156.46, 98, 7349
2026/06/29 04:51:15.434, 157.06, 100, 7349
2026/06/29 04:51:16.435, 157.31, 100, 7349
2026/06/29 04:51:17.435, 156.88, 98, 7349
2026/06/29 04:51:18.435, 156.96, 100, 7349
2026/06/29 04:51:19.435, 157.03, 100, 7349
2026/06/29 04:51:20.435, 156.52, 98, 7349
2026/06/29 04:51:21.435, 155.69, 100, 7349
2026/06/29 04:51:22.435, 156.97, 100, 7349
2026/06/29 04:51:23.436, 156.60, 98, 7349
2026/06/29 04:51:24.436, 157.07, 100, 7349
2026/06/29 04:51:25.436, 157.30, 100, 7349
2026/06/29 04:51:26.436, 155.67, 98, 7349
2026/06/29 04:51:27.436, 157.18, 100, 7349
2026/06/29 04:51:28.436, 157.48, 100, 7349
2026/06/29 04:51:29.437, 156.38, 98, 7349
2026/06/29 04:51:30.437, 157.42, 100, 7349
2026/06/29 04:51:31.437, 156.71, 100, 7349
2026/06/29 04:51:32.437, 156.49, 98, 7349
2026/06/29 04:51:33.437, 156.85, 100, 7349
2026/06/29 04:51:34.437, 156.75, 100, 7349
2026/06/29 04:51:35.438, 156.47, 98, 7349
2026/06/29 04:51:36.438, 156.02, 100, 7349
2026/06/29 04:51:37.438, 156.96, 100, 7349
2026/06/29 04:51:38.438, 156.70, 98, 7349
2026/06/29 04:51:39.438, 157.61, 100, 7349
2026/06/29 04:51:40.438, 157.35, 100, 7349
2026/06/29 04:51:41.439, 155.38, 89, 7349
2026/06/29 04:51:42.439, 155.92, 100, 7349
2026/06/29 04:51:43.439, 157.46, 100, 7349
2026/06/29 04:51:44.439, 156.39, 98, 7349
2026/06/29 04:51:45.439, 157.22, 100, 7349
2026/06/29 04:51:46.439, 157.43, 100, 7349
2026/06/29 04:51:47.440, 155.78, 98, 7349
2026/06/29 04:51:48.440, 157.46, 100, 7349
2026/06/29 04:51:49.440, 157.70, 100, 7349
2026/06/29 04:51:50.440, 156.96, 98, 7349
2026/06/29 04:51:51.440, 158.14, 100, 7349
2026/06/29 04:51:52.440, 156.97, 100, 7349
2026/06/29 04:51:53.441, 156.69, 98, 7349
2026/06/29 04:51:54.441, 157.19, 100, 7349
2026/06/29 04:51:55.441, 157.69, 100, 7349
2026/06/29 04:51:56.441, 157.02, 98, 7349
2026/06/29 04:51:57.441, 156.08, 100, 7349
2026/06/29 04:51:58.441, 157.41, 100, 7349
2026/06/29 04:51:59.442, 157.14, 98, 7349
2026/06/29 04:52:00.442, 157.23, 100, 7349
2026/06/29 04:52:01.442, 157.70, 100, 7349
2026/06/29 04:52:02.442, 156.50, 98, 7349
2026/06/29 04:52:03.442, 156.79, 100, 7349
2026/06/29 04:52:04.442, 157.48, 100, 7349
2026/06/29 04:52:05.443, 156.94, 98, 7349
2026/06/29 04:52:06.443, 157.85, 100, 7349
2026/06/29 04:52:07.443, 157.65, 100, 7349
2026/06/29 04:52:08.443, 156.82, 98, 7349
2026/06/29 04:52:09.443, 157.21, 100, 7349
2026/06/29 04:52:10.443, 156.37, 100, 7349
2026/06/29 04:52:11.444, 156.70, 99, 7349
2026/06/29 04:52:12.444, 157.06, 98, 7349
2026/06/29 04:52:13.444, 157.41, 100, 7349
2026/06/29 04:52:14.444, 157.19, 99, 7349
2026/06/29 04:52:15.444, 156.36, 90, 7349
2026/06/29 04:52:16.444, 157.96, 100, 7349
2026/06/29 04:52:17.445, 157.26, 100, 7349
2026/06/29 04:52:18.445, 157.57, 98, 7349
2026/06/29 04:52:19.445, 157.81, 100, 7349
2026/06/29 04:52:20.445, 157.11, 100, 7349
2026/06/29 04:52:21.445, 156.02, 98, 7349
2026/06/29 04:52:22.445, 157.61, 100, 7349
2026/06/29 04:52:23.446, 157.30, 100, 7349
2026/06/29 04:52:24.446, 157.74, 99, 7349
2026/06/29 04:52:25.446, 157.79, 100, 7349
2026/06/29 04:52:26.446, 156.13, 100, 7349
2026/06/29 04:52:27.446, 157.30, 99, 7349
2026/06/29 04:52:28.446, 157.64, 100, 7349
2026/06/29 04:52:29.447, 157.07, 98, 7349
2026/06/29 04:52:30.447, 157.73, 100, 7349
2026/06/29 04:52:31.447, 156.77, 100, 7349
2026/06/29 04:52:32.447, 156.76, 98, 7349
2026/06/29 04:52:33.447, 157.24, 100, 7349
2026/06/29 04:52:34.447, 157.29, 100, 7349
2026/06/29 04:52:35.448, 157.21, 98, 7349
2026/06/29 04:52:36.448, 156.29, 100, 7349
2026/06/29 04:52:37.448, 157.29, 100, 7349
2026/06/29 04:52:38.448, 156.83, 98, 7349
2026/06/29 04:52:39.448, 157.39, 100, 7349
2026/06/29 04:52:40.448, 157.14, 100, 7349
2026/06/29 04:52:41.449, 156.05, 98, 7349
2026/06/29 04:52:42.449, 157.48, 100, 7349
2026/06/29 04:52:43.449, 157.50, 100, 7349
2026/06/29 04:52:44.449, 157.54, 98, 7349
2026/06/29 04:52:45.449, 157.35, 100, 7349
2026/06/29 04:52:46.449, 157.29, 100, 7349
2026/06/29 04:52:47.450, 156.54, 98, 7349
2026/06/29 04:52:48.450, 157.38, 100, 7349
2026/06/29 04:52:49.450, 157.77, 100, 7349
2026/06/29 04:52:50.450, 157.03, 98, 7349
2026/06/29 04:52:51.450, 157.05, 100, 7349
2026/06/29 04:52:52.450, 157.70, 100, 7349
2026/06/29 04:52:53.451, 157.16, 98, 7349
2026/06/29 04:52:54.451, 157.65, 100, 7349
2026/06/29 04:52:55.451, 157.66, 100, 7349
2026/06/29 04:52:56.451, 157.12, 98, 7349
2026/06/29 04:52:57.451, 158.16, 100, 7349
2026/06/29 04:52:58.451, 157.50, 100, 7349
2026/06/29 04:52:59.452, 157.48, 98, 7349
2026/06/29 04:53:00.452, 157.84, 100, 7349
2026/06/29 04:53:01.452, 156.57, 100, 7349
2026/06/29 04:53:02.452, 157.27, 98, 7349
2026/06/29 04:53:03.452, 157.67, 100, 7349
2026/06/29 04:53:04.452, 157.99, 100, 7349
2026/06/29 04:53:05.453, 157.30, 98, 7349
2026/06/29 04:53:06.453, 156.59, 100, 7349
2026/06/29 04:53:07.453, 157.29, 100, 7349
2026/06/29 04:53:08.453, 157.07, 98, 7349
2026/06/29 04:53:09.453, 157.08, 100, 7349
2026/06/29 04:53:10.453, 157.32, 99, 7349
2026/06/29 04:53:11.454, 159.59, 100, 7349
2026/06/29 04:53:12.454, 159.40, 100, 7349
2026/06/29 04:53:13.454, 159.42, 100, 7349
2026/06/29 04:53:14.454, 159.22, 99, 7349
2026/06/29 04:53:15.454, 159.37, 100, 7349
2026/06/29 04:53:16.454, 159.30, 100, 7349
2026/06/29 04:53:17.455, 159.39, 100, 7349
2026/06/29 04:53:18.455, 159.40, 100, 7349
2026/06/29 04:53:19.455, 159.39, 100, 7349
2026/06/29 04:53:20.455, 159.18, 99, 7349
2026/06/29 04:53:21.455, 159.33, 99, 7349
2026/06/29 04:53:22.464, 159.36, 99, 7349
2026/06/29 04:53:23.464, 159.43, 100, 7349
2026/06/29 04:53:24.464, 159.59, 100, 7349
2026/06/29 04:53:25.464, 159.39, 100, 7349
2026/06/29 04:53:26.464, 159.09, 99, 7349
2026/06/29 04:53:27.464, 159.12, 99, 7349
2026/06/29 04:53:28.465, 154.95, 100, 7349
2026/06/29 04:53:29.465, 157.25, 98, 7349
2026/06/29 04:53:30.465, 157.58, 100, 7349
2026/06/29 04:53:31.465, 157.34, 100, 7349
2026/06/29 04:53:32.465, 157.37, 98, 7349
2026/06/29 04:53:33.465, 157.78, 100, 7349
2026/06/29 04:53:34.466, 157.50, 100, 7349
2026/06/29 04:53:35.466, 157.36, 98, 7349
2026/06/29 04:53:36.466, 157.87, 100, 7349
2026/06/29 04:53:37.466, 157.61, 100, 7349
2026/06/29 04:53:38.466, 157.40, 98, 7349
2026/06/29 04:53:39.466, 157.65, 100, 7349
2026/06/29 04:53:40.467, 157.24, 100, 7349
2026/06/29 04:53:41.467, 157.54, 98, 7349
2026/06/29 04:53:42.467, 157.72, 100, 7349
2026/06/29 04:53:43.467, 157.32, 100, 7349
2026/06/29 04:53:44.467, 157.52, 100, 7349
2026/06/29 04:53:45.467, 157.76, 100, 7349
2026/06/29 04:53:46.468, 157.35, 98, 7349
2026/06/29 04:53:47.468, 158.03, 100, 7349
2026/06/29 04:53:48.468, 158.13, 100, 7349
2026/06/29 04:53:49.468, 157.16, 98, 7349
2026/06/29 04:53:50.468, 157.40, 100, 7349
2026/06/29 04:53:51.469, 157.55, 100, 7349
2026/06/29 04:53:52.469, 157.07, 98, 7349
2026/06/29 04:53:53.469, 157.57, 100, 7349
2026/06/29 04:53:54.469, 157.56, 100, 7349
2026/06/29 04:53:55.469, 157.20, 98, 7349
2026/06/29 04:53:56.469, 157.97, 100, 7349
2026/06/29 04:53:57.470, 157.31, 100, 7349
2026/06/29 04:53:58.470, 157.24, 98, 7349
2026/06/29 04:53:59.470, 157.56, 100, 7349
2026/06/29 04:54:00.470, 157.34, 100, 7349
2026/06/29 04:54:01.470, 157.32, 98, 7349
2026/06/29 04:54:02.470, 157.83, 100, 7349
2026/06/29 04:54:03.471, 157.35, 100, 7349
2026/06/29 04:54:04.471, 157.23, 98, 7349
2026/06/29 04:54:05.471, 157.72, 100, 7349
2026/06/29 04:54:06.471, 157.28, 100, 7349
2026/06/29 04:54:07.471, 157.21, 98, 7349
2026/06/29 04:54:08.471, 157.65, 100, 7349
2026/06/29 04:54:09.472, 157.33, 100, 7349
2026/06/29 04:54:10.472, 157.31, 98, 7349
2026/06/29 04:54:11.472, 157.86, 100, 7349
2026/06/29 04:54:12.472, 156.96, 100, 7349
2026/06/29 04:54:13.472, 157.69, 98, 7349
2026/06/29 04:54:14.472, 157.88, 100, 7349
2026/06/29 04:54:15.472, 157.09, 98, 7349
2026/06/29 04:54:16.473, 157.63, 100, 7349
2026/06/29 04:54:17.473, 157.86, 100, 7349
2026/06/29 04:54:18.473, 157.01, 98, 7349
2026/06/29 04:54:19.473, 157.27, 100, 7349
2026/06/29 04:54:20.473, 157.04, 100, 7349
2026/06/29 04:54:21.473, 156.87, 98, 7349
2026/06/29 04:54:22.482, 157.41, 100, 7349
2026/06/29 04:54:23.482, 157.49, 100, 7349
2026/06/29 04:54:24.482, 157.20, 98, 7349
2026/06/29 04:54:25.482, 157.70, 100, 7349
2026/06/29 04:54:26.483, 157.39, 100, 7349
2026/06/29 04:54:27.491, 156.99, 98, 7349
2026/06/29 04:54:28.491, 157.81, 100, 7349
2026/06/29 04:54:29.491, 157.80, 100, 7349
2026/06/29 04:54:30.492, 157.29, 98, 7349
2026/06/29 04:54:31.492, 157.65, 100, 7349
2026/06/29 04:54:32.492, 157.44, 100, 7349
2026/06/29 04:54:33.492, 157.28, 98, 7349
2026/06/29 04:54:34.492, 157.76, 100, 7349
2026/06/29 04:54:35.492, 157.33, 100, 7349
2026/06/29 04:54:36.493, 157.01, 98, 7349
2026/06/29 04:54:37.493, 156.37, 100, 7349
2026/06/29 04:54:38.493, 157.08, 100, 7349
2026/06/29 04:54:39.493, 157.16, 98, 7349
2026/06/29 04:54:40.493, 157.24, 100, 7349
2026/06/29 04:54:41.493, 157.15, 100, 7349
2026/06/29 04:54:42.494, 155.96, 98, 7349
2026/06/29 04:54:43.494, 157.67, 100, 7349
2026/06/29 04:54:44.494, 157.73, 100, 7349
2026/06/29 04:54:45.494, 157.47, 98, 7349
2026/06/29 04:54:46.494, 157.83, 100, 7349
2026/06/29 04:54:47.494, 156.68, 100, 7349
2026/06/29 04:54:48.495, 157.08, 98, 7349
2026/06/29 04:54:49.495, 157.38, 100, 7349
2026/06/29 04:54:50.495, 157.48, 100, 7349
2026/06/29 04:54:51.495, 157.44, 98, 7349
2026/06/29 04:54:52.495, 156.88, 100, 7349
2026/06/29 04:54:53.495, 157.62, 100, 7349
2026/06/29 04:54:54.495, 157.60, 98, 7349
2026/06/29 04:54:55.496, 157.81, 100, 7349
2026/06/29 04:54:56.496, 157.36, 100, 7349
2026/06/29 04:54:57.496, 156.34, 90, 7349
2026/06/29 04:54:58.496, 156.96, 100, 7349
2026/06/29 04:54:59.496, 157.56, 100, 7349
2026/06/29 04:55:00.496, 157.36, 98, 7349
2026/06/29 04:55:01.497, 157.96, 100, 7349
2026/06/29 04:55:02.497, 157.82, 100, 7349
2026/06/29 04:55:03.497, 157.65, 98, 7349
2026/06/29 04:55:04.497, 157.87, 100, 7349
2026/06/29 04:55:05.497, 157.68, 100, 7349
2026/06/29 04:55:06.498, 157.59, 98, 7349
2026/06/29 04:55:07.498, 156.90, 100, 7349
2026/06/29 04:55:08.498, 157.38, 100, 7349
2026/06/29 04:55:09.498, 157.38, 98, 7349
2026/06/29 04:55:10.498, 157.97, 100, 7349
2026/06/29 04:55:11.498, 157.54, 100, 7349
2026/06/29 04:55:12.499, 156.50, 98, 7349
2026/06/29 04:55:13.499, 158.02, 100, 7349
2026/06/29 04:55:14.499, 157.31, 100, 7349
2026/06/29 04:55:15.499, 157.76, 98, 7349
2026/06/29 04:55:16.499, 157.96, 100, 7349
2026/06/29 04:55:17.499, 156.38, 100, 7349
2026/06/29 04:55:18.500, 157.67, 98, 7349
2026/06/29 04:55:19.500, 157.86, 100, 7349
2026/06/29 04:55:20.500, 157.23, 98, 7349
2026/06/29 04:55:21.500, 157.65, 100, 7349
2026/06/29 04:55:22.509, 158.02, 100, 7349
2026/06/29 04:55:23.509, 157.44, 98, 7349
2026/06/29 04:55:24.509, 158.29, 100, 7349
2026/06/29 04:55:25.509, 157.88, 100, 7349
2026/06/29 04:55:26.509, 157.42, 98, 7349
2026/06/29 04:55:27.509, 158.02, 100, 7349
2026/06/29 04:55:28.510, 157.93, 100, 7349
2026/06/29 04:55:29.510, 157.33, 98, 7349
2026/06/29 04:55:30.510, 157.76, 100, 7349
2026/06/29 04:55:31.510, 157.82, 100, 7349
2026/06/29 04:55:32.510, 157.41, 98, 7349
2026/06/29 04:55:33.511, 157.67, 100, 7349
2026/06/29 04:55:34.511, 157.75, 100, 7349
2026/06/29 04:55:35.511, 156.22, 98, 7349
2026/06/29 04:55:36.511, 158.17, 100, 7349
2026/06/29 04:55:37.511, 157.69, 100, 7349
2026/06/29 04:55:38.511, 157.32, 98, 7349
2026/06/29 04:55:39.512, 157.62, 100, 7349
2026/06/29 04:55:40.512, 156.73, 100, 7349
2026/06/29 04:55:41.512, 157.10, 98, 7349
2026/06/29 04:55:42.512, 157.49, 100, 7349
2026/06/29 04:55:43.512, 157.78, 100, 7349
2026/06/29 04:55:44.512, 157.29, 98, 7349
2026/06/29 04:55:45.513, 156.29, 100, 7349
2026/06/29 04:55:46.513, 156.90, 100, 7349
2026/06/29 04:55:47.513, 157.08, 98, 7349
2026/06/29 04:55:48.513, 157.69, 100, 7349
2026/06/29 04:55:49.513, 157.65, 100, 7349
2026/06/29 04:55:50.513, 155.88, 98, 7349
2026/06/29 04:55:51.513, 157.77, 100, 7349
2026/06/29 04:55:52.514, 157.87, 100, 7349
2026/06/29 04:55:53.514, 157.58, 98, 7349
2026/06/29 04:55:54.514, 158.07, 100, 7349
2026/06/29 04:55:55.514, 155.74, 100, 7349
2026/06/29 04:55:56.514, 157.26, 98, 7349
2026/06/29 04:55:57.515, 157.43, 100, 7349
2026/06/29 04:55:58.515, 156.88, 100, 7349
2026/06/29 04:55:59.515, 156.41, 98, 7349
2026/06/29 04:56:00.515, 156.85, 100, 7349
2026/06/29 04:56:01.515, 156.79, 100, 7349
2026/06/29 04:56:02.515, 156.71, 98, 7349
2026/06/29 04:56:03.516, 157.51, 100, 7349
2026/06/29 04:56:04.516, 157.47, 100, 7349
2026/06/29 04:56:05.516, 157.03, 98, 7349
2026/06/29 04:56:06.516, 157.20, 100, 7349
2026/06/29 04:56:07.516, 157.21, 100, 7349
2026/06/29 04:56:08.516, 156.94, 98, 7349
2026/06/29 04:56:09.516, 157.25, 100, 7349
2026/06/29 04:56:10.517, 155.79, 100, 7349
2026/06/29 04:56:11.517, 157.37, 98, 7349
2026/06/29 04:56:12.517, 157.65, 100, 7349
2026/06/29 04:56:13.517, 157.75, 100, 7349
2026/06/29 04:56:14.517, 157.46, 98, 7349
2026/06/29 04:56:15.517, 156.65, 100, 7349
2026/06/29 04:56:16.518, 157.10, 100, 7349
2026/06/29 04:56:17.518, 157.37, 98, 7349
2026/06/29 04:56:18.518, 157.75, 100, 7349
2026/06/29 04:56:19.518, 157.39, 100, 7349
2026/06/29 04:56:20.518, 156.19, 89, 7349
2026/06/29 04:56:21.518, 156.60, 100, 7349
2026/06/29 04:56:22.519, 157.41, 100, 7349
2026/06/29 04:56:23.519, 157.08, 98, 7349
2026/06/29 04:56:24.519, 157.59, 100, 7349
2026/06/29 04:56:25.519, 157.45, 100, 7349
2026/06/29 04:56:26.519, 155.95, 98, 7349
2026/06/29 04:56:27.519, 157.51, 100, 7349
2026/06/29 04:56:28.520, 156.89, 100, 7349
2026/06/29 04:56:29.520, 156.76, 98, 7349
2026/06/29 04:56:30.520, 157.87, 100, 7349
2026/06/29 04:56:31.520, 156.05, 100, 7349
2026/06/29 04:56:32.520, 156.83, 98, 7349
2026/06/29 04:56:33.520, 157.97, 100, 7349
2026/06/29 04:56:34.521, 157.07, 100, 7349
2026/06/29 04:56:35.521, 156.68, 98, 7349
2026/06/29 04:56:36.521, 156.33, 100, 7349
2026/06/29 04:56:37.521, 157.92, 100, 7349
2026/06/29 04:56:38.521, 157.44, 98, 7349
2026/06/29 04:56:39.521, 157.71, 100, 7349
2026/06/29 04:56:40.521, 157.37, 100, 7349
2026/06/29 04:56:41.522, 156.06, 98, 7349
2026/06/29 04:56:42.522, 157.41, 100, 7349
2026/06/29 04:56:43.522, 157.64, 100, 7349
2026/06/29 04:56:44.522, 157.35, 98, 7349
2026/06/29 04:56:45.522, 157.76, 100, 7349
2026/06/29 04:56:46.522, 156.72, 100, 7349
2026/06/29 04:56:47.523, 156.76, 98, 7349
2026/06/29 04:56:48.523, 157.51, 100, 7349
2026/06/29 04:56:49.523, 157.56, 100, 7349
2026/06/29 04:56:50.523, 157.24, 98, 7349
2026/06/29 04:56:51.523, 157.47, 100, 7349
2026/06/29 04:56:52.523, 157.60, 100, 7349
2026/06/29 04:56:53.524, 157.37, 98, 7349
2026/06/29 04:56:54.524, 157.56, 100, 7349
2026/06/29 04:56:55.524, 156.97, 100, 7349
2026/06/29 04:56:56.524, 157.10, 98, 7349
2026/06/29 04:56:57.524, 157.85, 100, 7349
2026/06/29 04:56:58.524, 157.71, 100, 7349
2026/06/29 04:56:59.525, 157.36, 98, 7349
2026/06/29 04:57:00.525, 157.89, 100, 7349
2026/06/29 04:57:01.533, 157.60, 100, 7349
2026/06/29 04:57:02.534, 157.29, 100, 7349
2026/06/29 04:57:03.534, 157.68, 100, 7349
2026/06/29 04:57:04.534, 157.04, 98, 7349
2026/06/29 04:57:05.534, 157.29, 100, 7349
2026/06/29 04:57:06.534, 157.84, 100, 7349
2026/06/29 04:57:07.534, 157.14, 98, 7349
2026/06/29 04:57:08.535, 158.05, 100, 7349
2026/06/29 04:57:09.535, 157.65, 100, 7349
2026/06/29 04:57:10.535, 157.02, 98, 7349
2026/06/29 04:57:11.535, 156.27, 100, 7349
2026/06/29 04:57:12.535, 157.22, 100, 7349
2026/06/29 04:57:13.535, 156.67, 98, 7349
2026/06/29 04:57:14.536, 157.59, 100, 7349
2026/06/29 04:57:15.536, 157.62, 100, 7349
2026/06/29 04:57:16.536, 156.59, 98, 7349
2026/06/29 04:57:17.536, 157.61, 100, 7349
2026/06/29 04:57:18.536, 157.58, 100, 7349
2026/06/29 04:57:19.536, 156.15, 98, 7349
2026/06/29 04:57:20.537, 157.71, 100, 7349
2026/06/29 04:57:21.537, 158.22, 100, 7349
2026/06/29 04:57:22.537, 157.39, 98, 7349
2026/06/29 04:57:23.537, 157.83, 100, 7349
2026/06/29 04:57:24.546, 158.05, 100, 7349
2026/06/29 04:57:25.546, 157.23, 98, 7349
2026/06/29 04:57:26.546, 157.53, 100, 7349
2026/06/29 04:57:27.546, 157.39, 100, 7349
2026/06/29 04:57:28.547, 157.16, 98, 7349
2026/06/29 04:57:29.547, 157.67, 100, 7349
2026/06/29 04:57:30.547, 157.56, 100, 7349
2026/06/29 04:57:31.547, 157.23, 98, 7349
2026/06/29 04:57:32.547, 157.27, 100, 7349
2026/06/29 04:57:33.547, 157.40, 100, 7349
2026/06/29 04:57:34.548, 157.12, 98, 7349
2026/06/29 04:57:35.548, 157.72, 100, 7349
2026/06/29 04:57:36.548, 157.43, 100, 7349
2026/06/29 04:57:37.548, 157.01, 98, 7349
2026/06/29 04:57:38.548, 158.03, 100, 7349
2026/06/29 04:57:39.548, 157.70, 100, 7349
2026/06/29 04:57:40.549, 157.36, 98, 7349
2026/06/29 04:57:41.549, 157.73, 100, 7349
2026/06/29 04:57:42.549, 157.49, 100, 7349
2026/06/29 04:57:43.549, 157.55, 98, 7349
2026/06/29 04:57:44.549, 157.90, 100, 7349
2026/06/29 04:57:45.549, 157.24, 100, 7349
2026/06/29 04:57:46.550, 157.46, 98, 7349
2026/06/29 04:57:47.550, 157.96, 100, 7349
2026/06/29 04:57:48.550, 157.60, 98, 7349
2026/06/29 04:57:49.550, 156.46, 98, 7349
2026/06/29 04:57:50.550, 157.38, 100, 7349
2026/06/29 04:57:51.550, 156.82, 100, 7349
2026/06/29 04:57:52.551, 156.84, 98, 7349
2026/06/29 04:57:53.551, 157.21, 100, 7349
2026/06/29 04:57:54.551, 155.54, 100, 7349
2026/06/29 04:57:55.551, 156.98, 98, 7349
2026/06/29 04:57:56.551, 158.01, 100, 7349
2026/06/29 04:57:57.551, 156.89, 100, 7349
2026/06/29 04:57:58.552, 156.79, 98, 7349
2026/06/29 04:57:59.552, 156.70, 100, 7349
2026/06/29 04:58:00.552, 157.21, 100, 7349
2026/06/29 04:58:01.552, 157.33, 98, 7349
2026/06/29 04:58:02.552, 157.64, 100, 7349
2026/06/29 04:58:03.552, 157.25, 99, 7349
2026/06/29 04:58:04.553, 156.49, 94, 7349
2026/06/29 04:58:05.553, 156.32, 100, 7349
2026/06/29 04:58:06.553, 157.16, 100, 7349
2026/06/29 04:58:07.553, 157.38, 98, 7349
2026/06/29 04:58:08.553, 157.43, 100, 7349
2026/06/29 04:58:09.553, 157.27, 99, 7349
2026/06/29 04:58:10.554, 156.02, 98, 7349
2026/06/29 04:58:11.554, 157.70, 100, 7349
2026/06/29 04:58:12.554, 157.51, 100, 7349
2026/06/29 04:58:13.554, 157.79, 100, 7349
2026/06/29 04:58:14.554, 157.89, 100, 7349
2026/06/29 04:58:15.554, 155.85, 100, 7349
2026/06/29 04:58:16.555, 157.05, 98, 7349
2026/06/29 04:58:17.555, 157.61, 100, 7349
2026/06/29 04:58:18.555, 157.46, 99, 7349
2026/06/29 04:58:19.555, 157.80, 100, 7349
2026/06/29 04:58:20.555, 156.94, 100, 7349
2026/06/29 04:58:21.555, 157.45, 98, 7349
2026/06/29 04:58:22.555, 157.47, 100, 7349
2026/06/29 04:58:23.556, 157.63, 100, 7349
2026/06/29 04:58:24.556, 157.27, 98, 7349
2026/06/29 04:58:25.556, 156.63, 100, 7349
2026/06/29 04:58:26.556, 157.68, 100, 7349
2026/06/29 04:58:27.556, 157.13, 98, 7349
2026/06/29 04:58:28.556, 157.01, 100, 7349
2026/06/29 04:58:29.557, 159.59, 100, 7349
2026/06/29 04:58:30.557, 159.35, 100, 7349
2026/06/29 04:58:31.557, 159.35, 99, 7349
2026/06/29 04:58:32.557, 159.41, 99, 7349
2026/06/29 04:58:33.557, 159.55, 99, 7349
2026/06/29 04:58:34.557, 159.37, 100, 7349
2026/06/29 04:58:35.558, 160.28, 100, 7349
2026/06/29 04:58:36.558, 160.18, 99, 7349
2026/06/29 04:58:37.558, 160.04, 99, 7349
2026/06/29 04:58:38.558, 160.28, 99, 7349
2026/06/29 04:58:39.558, 160.38, 100, 7349
2026/06/29 04:58:40.558, 159.79, 100, 7349
2026/06/29 04:58:41.559, 159.26, 100, 7349
2026/06/29 04:58:42.559, 159.40, 100, 7349
2026/06/29 04:58:43.559, 159.37, 99, 7349
2026/06/29 04:58:44.559, 159.28, 100, 7349
2026/06/29 04:58:45.559, 159.25, 100, 7349
2026/06/29 04:58:46.560, 155.50, 100, 7349
2026/06/29 04:58:47.560, 157.35, 100, 7349
2026/06/29 04:58:48.560, 157.38, 98, 7349
2026/06/29 04:58:49.560, 157.69, 100, 7349
2026/06/29 04:58:50.560, 157.44, 100, 7349
2026/06/29 04:58:51.560, 157.13, 98, 7349
2026/06/29 04:58:52.561, 157.76, 100, 7349
2026/06/29 04:58:53.561, 157.56, 100, 7349
2026/06/29 04:58:54.561, 157.53, 98, 7349
2026/06/29 04:58:55.561, 157.74, 100, 7349
2026/06/29 04:58:56.561, 157.51, 100, 7349
2026/06/29 04:58:57.562, 157.36, 98, 7349
2026/06/29 04:58:58.562, 157.64, 100, 7349
2026/06/29 04:58:59.562, 157.68, 100, 7349
2026/06/29 04:59:00.562, 157.62, 98, 7349
2026/06/29 04:59:01.562, 157.92, 100, 7349
2026/06/29 04:59:02.562, 157.74, 100, 7349
2026/06/29 04:59:03.563, 157.57, 98, 7349
2026/06/29 04:59:04.563, 157.81, 100, 7349
2026/06/29 04:59:05.563, 157.54, 100, 7349
2026/06/29 04:59:06.563, 157.51, 99, 7349
2026/06/29 04:59:07.563, 157.89, 100, 7349
2026/06/29 04:59:08.563, 157.42, 98, 7349
2026/06/29 04:59:09.564, 157.68, 100, 7349
2026/06/29 04:59:10.564, 157.70, 100, 7349
2026/06/29 04:59:11.564, 157.25, 98, 7349
2026/06/29 04:59:12.564, 157.60, 100, 7349
2026/06/29 04:59:13.564, 157.84, 100, 7349
2026/06/29 04:59:14.565, 157.23, 98, 7349
2026/06/29 04:59:15.565, 157.60, 100, 7349
2026/06/29 04:59:16.565, 157.45, 100, 7349
2026/06/29 04:59:17.565, 157.11, 98, 7349
2026/06/29 04:59:18.565, 157.51, 100, 7349
2026/06/29 04:59:19.565, 158.01, 100, 7349
2026/06/29 04:59:20.566, 157.20, 98, 7349
2026/06/29 04:59:21.566, 157.76, 100, 7349
2026/06/29 04:59:22.566, 157.71, 100, 7349
2026/06/29 04:59:23.566, 157.23, 98, 7349
2026/06/29 04:59:24.566, 157.65, 100, 7349
2026/06/29 04:59:25.566, 156.04, 100, 7349
2026/06/29 04:59:26.567, 156.90, 98, 7349
2026/06/29 04:59:27.567, 157.26, 100, 7349
2026/06/29 04:59:28.567, 157.25, 100, 7349
2026/06/29 04:59:29.567, 157.17, 98, 7349
2026/06/29 04:59:30.567, 156.71, 100, 7349
2026/06/29 04:59:31.567, 157.90, 100, 7349
2026/06/29 04:59:32.567, 157.47, 98, 7349
2026/06/29 04:59:33.568, 157.72, 100, 7349
2026/06/29 04:59:34.568, 157.33, 100, 7349
2026/06/29 04:59:35.568, 156.19, 89, 7349
2026/06/29 04:59:36.568, 156.54, 100, 7349
2026/06/29 04:59:37.568, 157.51, 100, 7349
2026/06/29 04:59:38.568, 157.05, 98, 7349
2026/06/29 04:59:39.569, 157.50, 100, 7349
2026/06/29 04:59:40.569, 157.45, 100, 7349
2026/06/29 04:59:41.569, 155.78, 98, 7349
2026/06/29 04:59:42.569, 157.61, 100, 7349
2026/06/29 04:59:43.569, 157.53, 100, 7349
2026/06/29 04:59:44.569, 157.41, 98, 7349
2026/06/29 04:59:45.570, 157.82, 100, 7349
2026/06/29 04:59:46.570, 156.37, 100, 7349
2026/06/29 04:59:47.570, 157.27, 98, 7349
2026/06/29 04:59:48.570, 157.64, 100, 7349
2026/06/29 04:59:49.570, 157.30, 100, 7349
2026/06/29 04:59:50.571, 157.24, 98, 7349
2026/06/29 04:59:51.571, 156.10, 100, 7349
2026/06/29 04:59:52.571, 156.74, 100, 7349
2026/06/29 04:59:53.571, 157.17, 98, 7349
2026/06/29 04:59:54.571, 157.62, 100, 7349
2026/06/29 04:59:55.571, 157.23, 100, 7349
2026/06/29 04:59:56.572, 155.95, 98, 7349
2026/06/29 04:59:57.572, 157.87, 100, 7349
2026/06/29 04:59:58.572, 157.24, 100, 7349
2026/06/29 04:59:59.572, 157.11, 98, 7349
2026/06/29 05:00:00.572, 157.71, 100, 7349
2026/06/29 05:00:01.572, 156.46, 100, 7349
2026/06/29 05:00:02.573, 157.41, 98, 7349
2026/06/29 05:00:03.573, 157.64, 100, 7349
2026/06/29 05:00:04.573, 157.04, 100, 7349
2026/06/29 05:00:05.573, 157.36, 98, 7349
2026/06/29 05:00:06.573, 157.73, 100, 7349
2026/06/29 05:00:07.573, 157.43, 100, 7349
2026/06/29 05:00:08.574, 157.11, 98, 7349
2026/06/29 05:00:09.574, 157.55, 100, 7349
2026/06/29 05:00:10.574, 157.30, 100, 7349
2026/06/29 05:00:11.574, 157.48, 99, 7349
2026/06/29 05:00:12.574, 157.81, 100, 7349
2026/06/29 05:00:13.574, 157.07, 98, 7349
2026/06/29 05:00:14.575, 157.68, 100, 7349
2026/06/29 05:00:15.575, 157.95, 100, 7349
2026/06/29 05:00:16.575, 157.08, 98, 7349
2026/06/29 05:00:17.575, 157.45, 100, 7349
2026/06/29 05:00:18.575, 157.63, 100, 7349
2026/06/29 05:00:19.575, 157.34, 98, 7349
2026/06/29 05:00:20.576, 157.52, 100, 7349
2026/06/29 05:00:21.576, 157.41, 100, 7349
2026/06/29 05:00:22.576, 157.29, 98, 7349
2026/06/29 05:00:23.576, 157.51, 100, 7349
2026/06/29 05:00:24.576, 157.93, 100, 7349
2026/06/29 05:00:25.576, 157.48, 98, 7349
2026/06/29 05:00:26.577, 158.12, 100, 7349
2026/06/29 05:00:27.577, 157.53, 100, 7349
2026/06/29 05:00:28.577, 157.40, 98, 7349
2026/06/29 05:00:29.577, 157.96, 100, 7349
2026/06/29 05:00:30.577, 157.80, 100, 7349
2026/06/29 05:00:31.577, 157.14, 98, 7349
2026/06/29 05:00:32.578, 157.50, 100, 7349
2026/06/29 05:00:33.578, 157.19, 100, 7349
2026/06/29 05:00:34.578, 157.12, 98, 7349
2026/06/29 05:00:35.578, 157.53, 100, 7349
2026/06/29 05:00:36.578, 157.73, 100, 7349
2026/06/29 05:00:37.578, 157.06, 98, 7349
2026/06/29 05:00:38.587, 157.67, 100, 7349
2026/06/29 05:00:39.587, 157.45, 100, 7349
2026/06/29 05:00:40.587, 157.29, 98, 7349
2026/06/29 05:00:41.587, 157.47, 100, 7349
2026/06/29 05:00:42.588, 157.54, 100, 7349
2026/06/29 05:00:43.588, 157.07, 98, 7349
2026/06/29 05:00:44.588, 157.91, 100, 7349
2026/06/29 05:00:45.588, 157.55, 100, 7349
2026/06/29 05:00:46.588, 157.40, 98, 7349
2026/06/29 05:00:47.588, 158.00, 100, 7349
2026/06/29 05:00:48.589, 157.73, 100, 7349
2026/06/29 05:00:49.589, 157.47, 98, 7349
2026/06/29 05:00:50.589, 157.85, 100, 7349
2026/06/29 05:00:51.589, 157.45, 99, 7349
2026/06/29 05:00:52.589, 157.38, 100, 7349
2026/06/29 05:00:53.590, 157.73, 100, 7349
2026/06/29 05:00:54.590, 156.95, 98, 7349
2026/06/29 05:00:55.590, 157.29, 100, 7349
2026/06/29 05:00:56.590, 157.60, 100, 7349
2026/06/29 05:00:57.590, 157.12, 98, 7349
2026/06/29 05:00:58.590, 156.42, 100, 7349
2026/06/29 05:00:59.591, 157.51, 100, 7349
2026/06/29 05:01:00.591, 156.86, 98, 7349
2026/06/29 05:01:01.591, 158.01, 100, 7349
2026/06/29 05:01:02.591, 157.94, 100, 7349
2026/06/29 05:01:03.591, 155.88, 89, 7349
2026/06/29 05:01:04.591, 156.29, 100, 7349
2026/06/29 05:01:05.592, 157.69, 100, 7349
2026/06/29 05:01:06.592, 156.70, 98, 7349
2026/06/29 05:01:07.592, 157.41, 100, 7349
2026/06/29 05:01:08.592, 157.50, 100, 7349
2026/06/29 05:01:09.592, 155.71, 98, 7349
2026/06/29 05:01:10.592, 157.21, 100, 7349
2026/06/29 05:01:11.593, 157.52, 100, 7349
2026/06/29 05:01:12.593, 157.19, 98, 7349
2026/06/29 05:01:13.593, 157.58, 100, 7349
2026/06/29 05:01:14.593, 156.15, 100, 7349
2026/06/29 05:01:15.593, 157.08, 98, 7349
2026/06/29 05:01:16.593, 157.79, 100, 7349
2026/06/29 05:01:17.594, 157.83, 100, 7349
2026/06/29 05:01:18.594, 157.26, 98, 7349
2026/06/29 05:01:19.594, 156.43, 100, 7349
2026/06/29 05:01:20.594, 157.83, 100, 7349
2026/06/29 05:01:21.594, 157.10, 98, 7349
2026/06/29 05:01:22.594, 157.49, 100, 7349
2026/06/29 05:01:23.595, 157.22, 100, 7349
2026/06/29 05:01:24.595, 157.08, 98, 7349
2026/06/29 05:01:25.595, 157.55, 100, 7349
2026/06/29 05:01:26.595, 157.29, 100, 7349
2026/06/29 05:01:27.595, 157.05, 98, 7349
2026/06/29 05:01:28.595, 156.46, 100, 7349
2026/06/29 05:01:29.596, 157.81, 100, 7349
2026/06/29 05:01:30.596, 157.03, 98, 7349
2026/06/29 05:01:31.596, 157.90, 100, 7349
2026/06/29 05:01:32.596, 157.81, 100, 7349
2026/06/29 05:01:33.596, 155.96, 89, 7349
2026/06/29 05:01:34.596, 155.95, 100, 7349
2026/06/29 05:01:35.597, 157.66, 100, 7349
2026/06/29 05:01:36.597, 157.16, 98, 7349
2026/06/29 05:01:37.597, 157.62, 100, 7349
2026/06/29 05:01:38.597, 157.38, 100, 7349
2026/06/29 05:01:39.597, 155.65, 98, 7349
2026/06/29 05:01:40.597, 157.12, 100, 7349
2026/06/29 05:01:41.598, 157.34, 100, 7349
2026/06/29 05:01:42.598, 156.95, 98, 7349
2026/06/29 05:01:43.598, 157.45, 100, 7349
2026/06/29 05:01:44.598, 155.18, 100, 7349
2026/06/29 05:01:45.598, 156.82, 98, 7349
2026/06/29 05:01:46.598, 156.95, 100, 7349
2026/06/29 05:01:47.599, 157.05, 100, 7349
2026/06/29 05:01:48.599, 157.47, 98, 7349
2026/06/29 05:01:49.599, 156.26, 100, 7349
2026/06/29 05:01:50.599, 156.97, 100, 7349
2026/06/29 05:01:51.599, 157.58, 98, 7349
2026/06/29 05:01:52.599, 157.37, 100, 7349
2026/06/29 05:01:53.600, 157.16, 100, 7349
2026/06/29 05:01:54.600, 157.48, 98, 7349
2026/06/29 05:01:55.600, 157.76, 100, 7349
2026/06/29 05:01:56.600, 157.43, 100, 7349
2026/06/29 05:01:57.600, 157.60, 98, 7349
2026/06/29 05:01:58.600, 157.21, 100, 7349
2026/06/29 05:01:59.601, 156.20, 100, 7349
2026/06/29 05:02:00.601, 157.93, 98, 7349
2026/06/29 05:02:01.601, 156.87, 100, 7349
2026/06/29 05:02:02.601, 157.35, 100, 7349
2026/06/29 05:02:03.601, 157.31, 98, 7349
2026/06/29 05:02:04.601, 156.48, 100, 7349
2026/06/29 05:02:05.602, 157.18, 100, 7349
2026/06/29 05:02:06.602, 157.68, 98, 7349
2026/06/29 05:02:07.602, 157.51, 100, 7349
2026/06/29 05:02:08.602, 157.24, 100, 7349
2026/06/29 05:02:09.602, 157.69, 98, 7349
2026/06/29 05:02:10.602, 157.74, 100, 7349
2026/06/29 05:02:11.603, 157.04, 100, 7349
2026/06/29 05:02:12.603, 157.56, 98, 7349
2026/06/29 05:02:13.603, 157.08, 100, 7349
2026/06/29 05:02:14.603, 157.27, 99, 7349
2026/06/29 05:02:15.603, 157.70, 100, 7349
2026/06/29 05:02:16.604, 156.94, 100, 7349
2026/06/29 05:02:17.604, 157.10, 98, 7349
2026/06/29 05:02:18.604, 157.42, 100, 7349
2026/06/29 05:02:19.604, 157.00, 100, 7349
2026/06/29 05:02:20.604, 157.66, 100, 7349
2026/06/29 05:02:21.604, 157.71, 100, 7349
2026/06/29 05:02:22.605, 156.92, 100, 7349
2026/06/29 05:02:23.605, 157.27, 100, 7349
2026/06/29 05:02:24.605, 157.57, 100, 7349
2026/06/29 05:02:25.605, 157.07, 98, 7349
2026/06/29 05:02:26.605, 157.81, 100, 7349
2026/06/29 05:02:27.605, 157.52, 100, 7349
2026/06/29 05:02:28.606, 157.01, 98, 7349
2026/06/29 05:02:29.606, 157.29, 100, 7349
2026/06/29 05:02:30.606, 157.62, 100, 7349
2026/06/29 05:02:31.606, 157.31, 98, 7349
2026/06/29 05:02:32.606, 157.76, 100, 7349
2026/06/29 05:02:33.606, 157.65, 100, 7349
2026/06/29 05:02:34.607, 157.37, 98, 7349
2026/06/29 05:02:35.607, 157.51, 100, 7349
2026/06/29 05:02:36.607, 156.03, 100, 7349
2026/06/29 05:02:37.607, 157.11, 98, 7349
2026/06/29 05:02:38.607, 157.76, 100, 7349
2026/06/29 05:02:39.607, 157.24, 100, 7349
2026/06/29 05:02:40.608, 157.16, 98, 7349
2026/06/29 05:02:41.608, 156.80, 100, 7349
2026/06/29 05:02:42.608, 156.49, 100, 7349
2026/06/29 05:02:43.608, 156.76, 98, 7349
2026/06/29 05:02:44.608, 157.47, 100, 7349
2026/06/29 05:02:45.608, 156.91, 100, 7349
2026/06/29 05:02:46.609, 156.00, 89, 7349
2026/06/29 05:02:47.609, 156.37, 100, 7349
2026/06/29 05:02:48.609, 157.08, 100, 7349
2026/06/29 05:02:49.609, 156.95, 98, 7349
2026/06/29 05:02:50.609, 157.16, 100, 7349
2026/06/29 05:02:51.609, 157.12, 100, 7349
2026/06/29 05:02:52.610, 156.21, 98, 7349
2026/06/29 05:02:53.610, 157.72, 100, 7349
2026/06/29 05:02:54.610, 157.12, 100, 7349
2026/06/29 05:02:55.610, 157.04, 98, 7349
2026/06/29 05:02:56.610, 157.63, 100, 7349
2026/06/29 05:02:57.610, 155.82, 100, 7349
2026/06/29 05:02:58.611, 156.84, 98, 7349
2026/06/29 05:02:59.611, 157.77, 100, 7349
2026/06/29 05:03:00.611, 157.61, 100, 7349
2026/06/29 05:03:01.611, 157.02, 98, 7349
2026/06/29 05:03:02.611, 156.37, 100, 7349
2026/06/29 05:03:03.611, 157.60, 100, 7349
2026/06/29 05:03:04.612, 157.20, 98, 7349
2026/06/29 05:03:05.612, 158.03, 100, 7349
2026/06/29 05:03:06.612, 157.63, 100, 7349
2026/06/29 05:03:07.612, 156.40, 98, 7349
2026/06/29 05:03:08.612, 157.79, 100, 7349
2026/06/29 05:03:09.612, 157.47, 100, 7349
2026/06/29 05:03:10.613, 157.43, 98, 7349
2026/06/29 05:03:11.613, 157.63, 100, 7349
2026/06/29 05:03:12.613, 156.50, 100, 7349
2026/06/29 05:03:13.613, 157.11, 98, 7349
2026/06/29 05:03:14.613, 157.32, 100, 7349
2026/06/29 05:03:15.614, 156.82, 100, 7349
2026/06/29 05:03:16.614, 156.53, 98, 7349
2026/06/29 05:03:17.614, 157.20, 100, 7349
2026/06/29 05:03:18.614, 157.07, 100, 7349
2026/06/29 05:03:19.614, 156.95, 98, 7349
2026/06/29 05:03:20.614, 157.21, 100, 7349
2026/06/29 05:03:21.615, 157.01, 100, 7349
2026/06/29 05:03:22.615, 157.27, 99, 7349
2026/06/29 05:03:23.615, 157.54, 100, 7349
2026/06/29 05:03:24.615, 157.18, 98, 7349
2026/06/29 05:03:25.615, 157.62, 100, 7349
2026/06/29 05:03:26.615, 157.28, 100, 7349
2026/06/29 05:03:27.616, 156.92, 98, 7349
2026/06/29 05:03:28.616, 157.87, 100, 7349
2026/06/29 05:03:29.616, 157.52, 100, 7349
2026/06/29 05:03:30.616, 156.83, 98, 7349
2026/06/29 05:03:31.616, 157.27, 100, 7349
2026/06/29 05:03:32.617, 157.64, 100, 7349
2026/06/29 05:03:33.617, 156.84, 98, 7349
2026/06/29 05:03:34.617, 157.56, 100, 7349
2026/06/29 05:03:35.617, 157.53, 100, 7349
2026/06/29 05:03:36.617, 157.04, 98, 7349
2026/06/29 05:03:37.617, 157.25, 100, 7349
2026/06/29 05:03:38.618, 157.31, 100, 7349
2026/06/29 05:03:39.618, 156.96, 98, 7349
2026/06/29 05:03:40.618, 157.59, 100, 7349
2026/06/29 05:03:41.618, 157.29, 100, 7349
2026/06/29 05:03:42.618, 156.92, 98, 7349
2026/06/29 05:03:43.618, 157.46, 100, 7349
2026/06/29 05:03:44.619, 157.29, 100, 7349
2026/06/29 05:03:45.619, 156.99, 98, 7349
2026/06/29 05:03:46.619, 157.31, 100, 7349
2026/06/29 05:03:47.619, 159.71, 99, 7349
2026/06/29 05:03:48.619, 159.90, 99, 7349
2026/06/29 05:03:49.619, 159.79, 100, 7349
2026/06/29 05:03:50.620, 159.91, 100, 7349
2026/06/29 05:03:51.620, 159.97, 100, 7349
2026/06/29 05:03:52.620, 159.86, 100, 7349
2026/06/29 05:03:53.620, 159.95, 99, 7349
2026/06/29 05:03:54.620, 160.17, 100, 7349
2026/06/29 05:03:55.620, 159.91, 100, 7349
2026/06/29 05:03:56.620, 160.13, 100, 7349
2026/06/29 05:03:57.629, 160.19, 99, 7349
2026/06/29 05:03:58.629, 159.99, 99, 7349
2026/06/29 05:03:59.629, 160.04, 100, 7349
2026/06/29 05:04:00.630, 160.08, 100, 7349
2026/06/29 05:04:01.630, 160.07, 100, 7349
2026/06/29 05:04:02.630, 159.76, 99, 7349
2026/06/29 05:04:03.630, 159.85, 99, 7349
2026/06/29 05:04:04.630, 155.26, 100, 7349
2026/06/29 05:04:05.630, 157.32, 98, 7349
2026/06/29 05:04:06.631, 157.78, 100, 7349
2026/06/29 05:04:07.631, 157.24, 100, 7349
2026/06/29 05:04:08.631, 156.64, 98, 7349
2026/06/29 05:04:09.631, 157.81, 100, 7349
2026/06/29 05:04:10.631, 157.18, 100, 7349
2026/06/29 05:04:11.631, 157.61, 98, 7349
2026/06/29 05:04:12.632, 156.65, 100, 7349
2026/06/29 05:04:13.632, 156.45, 100, 7349
2026/06/29 05:04:14.632, 156.37, 98, 7349
2026/06/29 05:04:15.632, 157.02, 100, 7349
2026/06/29 05:04:16.632, 157.38, 100, 7349
2026/06/29 05:04:17.632, 156.28, 89, 7349
2026/06/29 05:04:18.633, 156.15, 100, 7349
2026/06/29 05:04:19.633, 157.09, 100, 7349
2026/06/29 05:04:20.633, 157.11, 98, 7349
2026/06/29 05:04:21.633, 157.58, 100, 7349
2026/06/29 05:04:22.633, 157.15, 99, 7349
2026/06/29 05:04:23.633, 155.81, 98, 7349
2026/06/29 05:04:24.634, 157.31, 100, 7349
2026/06/29 05:04:25.634, 156.83, 100, 7349
2026/06/29 05:04:26.634, 156.56, 98, 7349
2026/06/29 05:04:27.634, 157.30, 100, 7349
2026/06/29 05:04:28.634, 156.28, 100, 7349
2026/06/29 05:04:29.634, 157.45, 98, 7349
2026/06/29 05:04:30.635, 157.58, 100, 7349
2026/06/29 05:04:31.635, 157.23, 100, 7349
2026/06/29 05:04:32.635, 157.29, 99, 7349
2026/06/29 05:04:33.635, 156.40, 100, 7349
2026/06/29 05:04:34.635, 156.94, 100, 7349
2026/06/29 05:04:35.635, 156.76, 98, 7349
2026/06/29 05:04:36.636, 157.50, 100, 7349
2026/06/29 05:04:37.636, 157.27, 98, 7349
2026/06/29 05:04:38.636, 156.07, 98, 7349
2026/06/29 05:04:39.636, 157.78, 100, 7349
2026/06/29 05:04:40.636, 157.28, 98, 7349
2026/06/29 05:04:41.636, 157.64, 100, 7349
2026/06/29 05:04:42.637, 157.45, 100, 7349
2026/06/29 05:04:43.637, 155.82, 98, 7349
2026/06/29 05:04:44.637, 157.39, 100, 7349
2026/06/29 05:04:45.637, 157.71, 100, 7349
2026/06/29 05:04:46.637, 156.91, 98, 7349
2026/06/29 05:04:47.637, 157.44, 100, 7349
2026/06/29 05:04:48.638, 157.85, 100, 7349
2026/06/29 05:04:49.638, 157.15, 98, 7349
2026/06/29 05:04:50.638, 157.32, 100, 7349
2026/06/29 05:04:51.638, 157.45, 100, 7349
2026/06/29 05:04:52.638, 157.13, 98, 7349
2026/06/29 05:04:53.647, 157.44, 100, 7349
2026/06/29 05:04:54.647, 157.19, 100, 7349
2026/06/29 05:04:55.647, 157.25, 98, 7349
2026/06/29 05:04:56.647, 157.34, 100, 7349
2026/06/29 05:04:57.647, 157.22, 100, 7349
2026/06/29 05:04:58.648, 157.17, 98, 7349
2026/06/29 05:04:59.648, 157.74, 100, 7349
2026/06/29 05:05:00.648, 157.30, 100, 7349
2026/06/29 05:05:01.648, 157.36, 98, 7349
2026/06/29 05:05:02.648, 157.42, 100, 7349
2026/06/29 05:05:03.648, 157.13, 100, 7349
2026/06/29 05:05:04.649, 157.17, 98, 7349
2026/06/29 05:05:05.649, 157.55, 100, 7349
2026/06/29 05:05:06.649, 157.27, 100, 7349
2026/06/29 05:05:07.649, 155.66, 98, 7349
2026/06/29 05:05:08.649, 156.74, 100, 7349
2026/06/29 05:05:09.649, 157.16, 100, 7349
2026/06/29 05:05:10.650, 156.71, 98, 7349
2026/06/29 05:05:11.650, 157.17, 100, 7349
2026/06/29 05:05:12.650, 155.66, 100, 7349
2026/06/29 05:05:13.650, 156.59, 98, 7349
2026/06/29 05:05:14.650, 156.85, 100, 7349
2026/06/29 05:05:15.650, 156.81, 100, 7349
2026/06/29 05:05:16.651, 157.13, 98, 7349
2026/06/29 05:05:17.651, 157.53, 100, 7349
2026/06/29 05:05:18.651, 157.38, 100, 7349
2026/06/29 05:05:19.651, 157.27, 98, 7349
2026/06/29 05:05:20.651, 157.37, 100, 7349
2026/06/29 05:05:21.651, 156.89, 100, 7349
2026/06/29 05:05:22.652, 157.43, 98, 7349
2026/06/29 05:05:23.652, 157.40, 100, 7349
2026/06/29 05:05:24.652, 157.32, 99, 7349
2026/06/29 05:05:25.652, 157.42, 100, 7349
2026/06/29 05:05:26.652, 157.35, 100, 7349
2026/06/29 05:05:27.652, 156.91, 98, 7349
2026/06/29 05:05:28.653, 157.20, 100, 7349
2026/06/29 05:05:29.653, 157.43, 100, 7349
2026/06/29 05:05:30.653, 156.86, 98, 7349
2026/06/29 05:05:31.653, 157.10, 100, 7349
2026/06/29 05:05:32.662, 156.82, 100, 7349
2026/06/29 05:05:33.662, 157.06, 98, 7349
2026/06/29 05:05:34.662, 157.43, 100, 7349
2026/06/29 05:05:35.662, 157.65, 100, 7349
2026/06/29 05:05:36.662, 156.72, 98, 7349
2026/06/29 05:05:37.662, 157.81, 100, 7349
2026/06/29 05:05:38.663, 157.31, 100, 7349
2026/06/29 05:05:39.663, 156.96, 98, 7349
2026/06/29 05:05:40.663, 157.52, 100, 7349
2026/06/29 05:05:41.663, 157.23, 100, 7349
2026/06/29 05:05:42.663, 157.06, 98, 7349
2026/06/29 05:05:43.663, 157.40, 100, 7349
2026/06/29 05:05:44.664, 157.14, 100, 7349
2026/06/29 05:05:45.664, 156.37, 98, 7349
2026/06/29 05:05:46.664, 156.60, 100, 7349
2026/06/29 05:05:47.664, 156.08, 100, 7349
2026/06/29 05:05:48.664, 156.94, 98, 7349
2026/06/29 05:05:49.664, 157.56, 100, 7349
2026/06/29 05:05:50.665, 157.35, 100, 7349
2026/06/29 05:05:51.665, 157.03, 98, 7349
2026/06/29 05:05:52.665, 156.63, 100, 7349
2026/06/29 05:05:53.665, 157.08, 100, 7349
2026/06/29 05:05:54.665, 156.52, 98, 7349
2026/06/29 05:05:55.665, 157.38, 100, 7349
2026/06/29 05:05:56.666, 157.68, 100, 7349
2026/06/29 05:05:57.666, 155.96, 89, 7349
2026/06/29 05:05:58.666, 156.26, 100, 7349
2026/06/29 05:05:59.666, 157.60, 100, 7349
2026/06/29 05:06:00.666, 157.35, 98, 7349
2026/06/29 05:06:01.666, 157.92, 100, 7349
2026/06/29 05:06:02.667, 157.21, 100, 7349
2026/06/29 05:06:03.667, 156.17, 98, 7349
2026/06/29 05:06:04.667, 157.24, 100, 7349
2026/06/29 05:06:05.667, 156.96, 100, 7349
2026/06/29 05:06:06.667, 157.17, 98, 7349
2026/06/29 05:06:07.668, 157.61, 100, 7349
2026/06/29 05:06:08.668, 156.66, 100, 7349
2026/06/29 05:06:09.668, 157.16, 98, 7349
2026/06/29 05:06:10.668, 157.78, 100, 7349
2026/06/29 05:06:11.668, 157.50, 100, 7349
2026/06/29 05:06:12.668, 157.40, 98, 7349
2026/06/29 05:06:13.669, 156.28, 100, 7349
2026/06/29 05:06:14.669, 157.15, 100, 7349
2026/06/29 05:06:15.669, 156.96, 98, 7349
2026/06/29 05:06:16.669, 157.41, 100, 7349
2026/06/29 05:06:17.669, 157.22, 100, 7349
2026/06/29 05:06:18.669, 155.86, 98, 7349
2026/06/29 05:06:19.670, 157.01, 100, 7349
2026/06/29 05:06:20.670, 157.13, 100, 7349
2026/06/29 05:06:21.670, 156.80, 98, 7349
2026/06/29 05:06:22.670, 157.22, 100, 7349
2026/06/29 05:06:23.670, 155.44, 100, 7349
2026/06/29 05:06:24.670, 157.00, 98, 7349
2026/06/29 05:06:25.671, 157.72, 100, 7349
2026/06/29 05:06:26.671, 157.20, 100, 7349
2026/06/29 05:06:27.671, 157.02, 98, 7349
2026/06/29 05:06:28.671, 157.65, 100, 7349
2026/06/29 05:06:29.671, 157.34, 100, 7349
2026/06/29 05:06:30.671, 157.21, 98, 7349
2026/06/29 05:06:31.672, 157.40, 100, 7349
2026/06/29 05:06:32.672, 157.35, 100, 7349
2026/06/29 05:06:33.672, 157.18, 98, 7349
2026/06/29 05:06:34.675, 157.54, 100, 7349
2026/06/29 05:06:35.675, 157.00, 98, 7349
2026/06/29 05:06:36.676, 157.69, 100, 7349
2026/06/29 05:06:37.676, 157.49, 100, 7349
2026/06/29 05:06:38.676, 156.97, 98, 7349
2026/06/29 05:06:39.676, 157.15, 100, 7349
2026/06/29 05:06:40.676, 157.33, 100, 7349
2026/06/29 05:06:41.676, 156.83, 98, 7349
2026/06/29 05:06:42.677, 157.30, 100, 7349
2026/06/29 05:06:43.677, 157.40, 100, 7349
2026/06/29 05:06:44.677, 157.05, 98, 7349
2026/06/29 05:06:45.677, 157.78, 100, 7349
2026/06/29 05:06:46.677, 157.29, 100, 7349
2026/06/29 05:06:47.677, 157.12, 98, 7349
2026/06/29 05:06:48.678, 157.45, 100, 7349
2026/06/29 05:06:49.678, 157.34, 100, 7349
2026/06/29 05:06:50.678, 156.99, 98, 7349
2026/06/29 05:06:51.678, 158.07, 100, 7349
2026/06/29 05:06:52.678, 157.71, 100, 7349
2026/06/29 05:06:53.678, 157.30, 98, 7349
2026/06/29 05:06:54.679, 157.48, 100, 7349
2026/06/29 05:06:55.679, 157.31, 100, 7349
2026/06/29 05:06:56.679, 157.40, 98, 7349
2026/06/29 05:06:57.679, 157.81, 100, 7349
2026/06/29 05:06:58.688, 157.40, 100, 7349
2026/06/29 05:06:59.688, 157.31, 98, 7349
2026/06/29 05:07:00.688, 157.64, 100, 7349
2026/06/29 05:07:01.688, 157.04, 100, 7349
2026/06/29 05:07:02.688, 157.40, 98, 7349
2026/06/29 05:07:03.689, 156.34, 100, 7349
2026/06/29 05:07:04.689, 156.95, 100, 7349
2026/06/29 05:07:05.689, 157.33, 98, 7349
2026/06/29 05:07:06.689, 157.47, 100, 7349
2026/06/29 05:07:07.689, 157.29, 98, 7349
2026/06/29 05:07:08.689, 157.39, 100, 7349
2026/06/29 05:07:09.690, 157.51, 100, 7349
2026/06/29 05:07:10.690, 156.73, 98, 7349
2026/06/29 05:07:11.690, 157.74, 100, 7349
2026/06/29 05:07:12.690, 156.59, 100, 7349
2026/06/29 05:07:13.690, 156.80, 98, 7349
2026/06/29 05:07:14.690, 157.34, 100, 7349
2026/06/29 05:07:15.690, 157.28, 100, 7349
2026/06/29 05:07:16.691, 156.86, 98, 7349
2026/06/29 05:07:17.691, 156.23, 100, 7349
2026/06/29 05:07:18.691, 157.61, 100, 7349
2026/06/29 05:07:19.691, 156.26, 98, 7349
2026/06/29 05:07:20.691, 156.29, 100, 7349
2026/06/29 05:07:21.691, 156.88, 100, 7349
2026/06/29 05:07:22.692, 155.91, 98, 7349
2026/06/29 05:07:23.692, 157.39, 100, 7349
2026/06/29 05:07:24.692, 157.22, 100, 7349
2026/06/29 05:07:25.692, 156.59, 98, 7349
2026/06/29 05:07:26.692, 156.98, 100, 7349
2026/06/29 05:07:27.692, 156.01, 100, 7349
2026/06/29 05:07:28.693, 156.72, 98, 7349
2026/06/29 05:07:29.693, 157.65, 100, 7349
2026/06/29 05:07:30.693, 157.86, 100, 7349
2026/06/29 05:07:31.693, 157.06, 98, 7349
2026/06/29 05:07:32.693, 157.77, 100, 7349
2026/06/29 05:07:33.693, 157.45, 100, 7349
2026/06/29 05:07:34.694, 156.71, 98, 7349
2026/06/29 05:07:35.694, 157.03, 100, 7349
2026/06/29 05:07:36.694, 157.36, 100, 7349
2026/06/29 05:07:37.694, 156.76, 98, 7349
2026/06/29 05:07:38.694, 157.38, 100, 7349
2026/06/29 05:07:39.695, 157.43, 100, 7349
2026/06/29 05:07:40.695, 157.01, 98, 7349
2026/06/29 05:07:41.695, 157.54, 100, 7349
2026/06/29 05:07:42.695, 157.37, 100, 7349
2026/06/29 05:07:43.695, 156.98, 98, 7349
2026/06/29 05:07:44.695, 157.57, 100, 7349
2026/06/29 05:07:45.696, 157.23, 100, 7349
2026/06/29 05:07:46.696, 157.02, 98, 7349
2026/06/29 05:07:47.696, 157.48, 100, 7349
2026/06/29 05:07:48.696, 157.60, 100, 7349
2026/06/29 05:07:49.696, 156.90, 98, 7349
2026/06/29 05:07:50.696, 157.40, 100, 7349
2026/06/29 05:07:51.696, 157.37, 100, 7349
2026/06/29 05:07:52.705, 157.32, 98, 7349
2026/06/29 05:07:53.705, 157.72, 100, 7349
2026/06/29 05:07:54.705, 157.33, 100, 7349
2026/06/29 05:07:55.706, 156.79, 98, 7349
2026/06/29 05:07:56.706, 157.48, 100, 7349
2026/06/29 05:07:57.706, 156.88, 100, 7349
2026/06/29 05:07:58.706, 157.35, 98, 7349
2026/06/29 05:07:59.706, 157.56, 100, 7349
2026/06/29 05:08:00.706, 157.23, 99, 7349
2026/06/29 05:08:01.707, 157.08, 99, 7349
2026/06/29 05:08:02.707, 157.24, 100, 7349
2026/06/29 05:08:03.707, 157.13, 98, 7349
2026/06/29 05:08:04.707, 157.27, 100, 7349
2026/06/29 05:08:05.707, 157.36, 100, 7349
2026/06/29 05:08:06.708, 156.88, 98, 7349
2026/06/29 05:08:07.716, 156.86, 100, 7349
2026/06/29 05:08:08.716, 157.39, 100, 7349
2026/06/29 05:08:09.716, 156.10, 98, 7349
2026/06/29 05:08:10.717, 157.68, 100, 7349
2026/06/29 05:08:11.717, 157.84, 100, 7349
2026/06/29 05:08:12.717, 156.89, 98, 7349
2026/06/29 05:08:13.717, 157.95, 100, 7349
2026/06/29 05:08:14.717, 157.85, 100, 7349
2026/06/29 05:08:15.717, 156.39, 98, 7349
2026/06/29 05:08:16.718, 157.07, 100, 7349
2026/06/29 05:08:17.718, 156.95, 100, 7349
2026/06/29 05:08:18.718, 156.88, 98, 7349
2026/06/29 05:08:19.718, 157.45, 100, 7349
2026/06/29 05:08:20.718, 157.28, 100, 7349
2026/06/29 05:08:21.718, 156.93, 98, 7349
2026/06/29 05:08:22.727, 157.41, 100, 7349
2026/06/29 05:08:23.727, 157.37, 100, 7349
2026/06/29 05:08:24.727, 157.14, 98, 7349
2026/06/29 05:08:25.727, 157.75, 100, 7349
2026/06/29 05:08:26.728, 157.60, 100, 7349
2026/06/29 05:08:27.728, 157.23, 98, 7349
2026/06/29 05:08:28.728, 157.87, 100, 7349
2026/06/29 05:08:29.728, 157.16, 100, 7349
2026/06/29 05:08:30.728, 156.73, 98, 7349
2026/06/29 05:08:31.728, 157.70, 100, 7349
2026/06/29 05:08:32.729, 157.46, 100, 7349
2026/06/29 05:08:33.729, 157.27, 98, 7349
2026/06/29 05:08:34.729, 157.51, 100, 7349
2026/06/29 05:08:35.729, 157.28, 100, 7349
2026/06/29 05:08:36.729, 157.21, 98, 7349
2026/06/29 05:08:37.729, 157.35, 100, 7349
2026/06/29 05:08:38.730, 157.59, 100, 7349
2026/06/29 05:08:39.730, 157.54, 98, 7349
2026/06/29 05:08:40.730, 157.84, 100, 7349
2026/06/29 05:08:41.730, 157.68, 100, 7349
2026/06/29 05:08:42.730, 157.42, 99, 7349
2026/06/29 05:08:43.730, 157.88, 100, 7349
2026/06/29 05:08:44.731, 157.21, 98, 7349
2026/06/29 05:08:45.731, 157.63, 100, 7349
2026/06/29 05:08:46.731, 157.52, 100, 7349
2026/06/29 05:08:47.731, 157.23, 98, 7349
2026/06/29 05:08:48.731, 157.40, 100, 7349
2026/06/29 05:08:49.731, 157.27, 100, 7349
2026/06/29 05:08:50.732, 157.04, 98, 7349
2026/06/29 05:08:51.732, 157.90, 100, 7349
2026/06/29 05:08:52.732, 157.41, 100, 7349
2026/06/29 05:08:53.732, 157.16, 98, 7349
2026/06/29 05:08:54.732, 157.16, 100, 7349
2026/06/29 05:08:55.732, 157.52, 100, 7349
2026/06/29 05:08:56.733, 157.02, 98, 7349
2026/06/29 05:08:57.733, 156.91, 100, 7349
2026/06/29 05:08:58.733, 157.45, 100, 7349
2026/06/29 05:08:59.733, 156.66, 98, 7349
2026/06/29 05:09:00.733, 157.46, 100, 7349
2026/06/29 05:09:01.733, 157.29, 100, 7349
2026/06/29 05:09:02.734, 155.76, 98, 7349
2026/06/29 05:09:03.734, 157.39, 100, 7349
2026/06/29 05:09:04.734, 157.35, 99, 7349
2026/06/29 05:09:05.734, 159.70, 99, 7349
2026/06/29 05:09:06.734, 159.46, 100, 7349
2026/06/29 05:09:07.734, 159.56, 100, 7349
2026/06/29 05:09:08.735, 160.11, 99, 7349
2026/06/29 05:09:09.735, 160.36, 100, 7349
2026/06/29 05:09:10.735, 160.24, 100, 7349
2026/06/29 05:09:11.735, 160.32, 100, 7349
2026/06/29 05:09:12.735, 160.06, 100, 7349
2026/06/29 05:09:13.735, 159.95, 99, 7349
2026/06/29 05:09:14.735, 160.17, 99, 7349
2026/06/29 05:09:15.736, 160.25, 99, 7349
2026/06/29 05:09:16.736, 160.19, 100, 7349
2026/06/29 05:09:17.736, 160.18, 100, 7349
2026/06/29 05:09:18.736, 160.08, 99, 7349
2026/06/29 05:09:19.736, 160.05, 99, 7349
2026/06/29 05:09:20.736, 159.92, 99, 7349
2026/06/29 05:09:21.737, 159.93, 100, 7349
2026/06/29 05:09:22.737, 155.01, 98, 7349
2026/06/29 05:09:23.737, 156.73, 100, 7349
2026/06/29 05:09:24.737, 156.72, 100, 7349
2026/06/29 05:09:25.737, 156.31, 98, 7349
2026/06/29 05:09:26.737, 156.93, 100, 7349
2026/06/29 05:09:27.738, 157.16, 100, 7349
2026/06/29 05:09:28.738, 156.98, 98, 7349
2026/06/29 05:09:29.738, 157.48, 100, 7349
2026/06/29 05:09:30.738, 157.23, 100, 7349
2026/06/29 05:09:31.738, 157.06, 98, 7349
2026/06/29 05:09:32.738, 157.57, 100, 7349
2026/06/29 05:09:33.739, 157.63, 100, 7349
2026/06/29 05:09:34.739, 157.08, 98, 7349
2026/06/29 05:09:35.739, 157.78, 100, 7349
2026/06/29 05:09:36.739, 157.67, 100, 7349
2026/06/29 05:09:37.739, 157.10, 98, 7349
2026/06/29 05:09:38.739, 157.70, 100, 7349
2026/06/29 05:09:39.740, 157.55, 100, 7349
2026/06/29 05:09:40.740, 156.88, 98, 7349
2026/06/29 05:09:41.740, 157.52, 100, 7349
2026/06/29 05:09:42.740, 157.19, 100, 7349
2026/06/29 05:09:43.740, 157.23, 98, 7349
2026/06/29 05:09:44.740, 157.74, 100, 7349
2026/06/29 05:09:45.741, 157.01, 100, 7349
2026/06/29 05:09:46.741, 157.08, 98, 7349
2026/06/29 05:09:47.741, 157.69, 100, 7349
2026/06/29 05:09:48.741, 157.19, 100, 7349
2026/06/29 05:09:49.741, 157.07, 98, 7349
2026/06/29 05:09:50.741, 157.72, 100, 7349
2026/06/29 05:09:51.742, 157.11, 98, 7349
2026/06/29 05:09:52.742, 157.10, 100, 7349
2026/06/29 05:09:53.742, 157.68, 100, 7349
2026/06/29 05:09:54.742, 157.04, 98, 7349
2026/06/29 05:09:55.742, 157.78, 100, 7349
2026/06/29 05:09:56.742, 157.35, 100, 7349
2026/06/29 05:09:57.743, 157.09, 98, 7349
2026/06/29 05:09:58.743, 157.36, 100, 7349
2026/06/29 05:09:59.743, 157.75, 100, 7349
2026/06/29 05:10:00.743, 157.20, 98, 7349
2026/06/29 05:10:01.743, 157.99, 100, 7349
2026/06/29 05:10:02.743, 157.37, 100, 7349
2026/06/29 05:10:03.744, 157.17, 98, 7349
2026/06/29 05:10:04.744, 157.63, 100, 7349
2026/06/29 05:10:05.744, 156.63, 100, 7349
2026/06/29 05:10:06.744, 156.93, 98, 7349
2026/06/29 05:10:07.744, 157.92, 100, 7349
2026/06/29 05:10:08.744, 157.87, 100, 7349
2026/06/29 05:10:09.745, 157.20, 98, 7349
2026/06/29 05:10:10.745, 157.93, 100, 7349
2026/06/29 05:10:11.745, 157.62, 100, 7349
2026/06/29 05:10:12.745, 157.17, 98, 7349
2026/06/29 05:10:13.745, 157.76, 100, 7349
2026/06/29 05:10:14.745, 157.66, 100, 7349
2026/06/29 05:10:15.746, 157.52, 98, 7349
2026/06/29 05:10:16.746, 157.88, 100, 7349
2026/06/29 05:10:17.746, 157.63, 100, 7349
2026/06/29 05:10:18.746, 157.49, 98, 7349
2026/06/29 05:10:19.746, 157.65, 100, 7349
2026/06/29 05:10:20.746, 157.38, 100, 7349
2026/06/29 05:10:21.747, 157.37, 98, 7349
2026/06/29 05:10:22.747, 157.73, 100, 7349
2026/06/29 05:10:23.747, 157.39, 98, 7349
2026/06/29 05:10:24.747, 157.50, 100, 7349
2026/06/29 05:10:25.747, 157.15, 100, 7349
2026/06/29 05:10:26.747, 156.70, 98, 7349
2026/06/29 05:10:27.748, 157.62, 100, 7349
2026/06/29 05:10:28.748, 157.62, 100, 7349
2026/06/29 05:10:29.748, 156.82, 98, 7349
2026/06/29 05:10:30.748, 157.65, 100, 7349
2026/06/29 05:10:31.748, 157.98, 100, 7349
2026/06/29 05:10:32.748, 157.00, 98, 7349
2026/06/29 05:10:33.749, 157.50, 100, 7349
2026/06/29 05:10:34.749, 157.36, 100, 7349
2026/06/29 05:10:35.749, 156.90, 98, 7349
2026/06/29 05:10:36.749, 157.34, 100, 7349
2026/06/29 05:10:37.749, 157.59, 100, 7349
2026/06/29 05:10:38.749, 156.57, 98, 7349
2026/06/29 05:10:39.750, 157.86, 100, 7349
2026/06/29 05:10:40.750, 157.84, 100, 7349
2026/06/29 05:10:41.750, 155.82, 98, 7349
2026/06/29 05:10:42.750, 157.15, 100, 7349
2026/06/29 05:10:43.750, 157.60, 100, 7349
2026/06/29 05:10:44.750, 156.38, 98, 7349
2026/06/29 05:10:45.751, 156.99, 100, 7349
2026/06/29 05:10:46.751, 156.72, 100, 7349
2026/06/29 05:10:47.751, 156.91, 98, 7349
2026/06/29 05:10:48.751, 156.82, 100, 7349
2026/06/29 05:10:49.751, 157.33, 100, 7349
2026/06/29 05:10:50.751, 157.07, 98, 7349
2026/06/29 05:10:51.752, 156.71, 100, 7349
2026/06/29 05:10:52.752, 157.64, 100, 7349
2026/06/29 05:10:53.752, 157.03, 98, 7349
2026/06/29 05:10:54.752, 157.34, 100, 7349
2026/06/29 05:10:55.752, 157.74, 100, 7349
2026/06/29 05:10:56.752, 155.93, 89, 7349
2026/06/29 05:10:57.753, 156.35, 100, 7349
2026/06/29 05:10:58.753, 157.49, 100, 7349
2026/06/29 05:10:59.753, 156.95, 98, 7349
2026/06/29 05:11:00.753, 157.61, 100, 7349
2026/06/29 05:11:01.753, 157.20, 100, 7349
2026/06/29 05:11:02.753, 155.80, 98, 7349
2026/06/29 05:11:03.754, 157.37, 100, 7349
2026/06/29 05:11:04.754, 157.30, 100, 7349
2026/06/29 05:11:05.754, 157.09, 98, 7349
2026/06/29 05:11:06.754, 157.50, 100, 7349
2026/06/29 05:11:07.754, 155.35, 100, 7349
2026/06/29 05:11:08.754, 156.45, 98, 7349
2026/06/29 05:11:09.755, 157.07, 100, 7349
2026/06/29 05:11:10.755, 157.23, 100, 7349
2026/06/29 05:11:11.755, 157.01, 98, 7349
2026/06/29 05:11:12.755, 156.10, 100, 7349
2026/06/29 05:11:13.755, 157.13, 100, 7349
2026/06/29 05:11:14.755, 156.52, 98, 7349
2026/06/29 05:11:15.756, 157.08, 100, 7349
2026/06/29 05:11:16.756, 157.79, 100, 7349
2026/06/29 05:11:17.756, 155.61, 98, 7349
2026/06/29 05:11:18.756, 157.45, 100, 7349
2026/06/29 05:11:19.756, 157.43, 100, 7349
2026/06/29 05:11:20.756, 156.89, 98, 7349
2026/06/29 05:11:21.757, 157.49, 100, 7349
2026/06/29 05:11:22.757, 156.30, 100, 7349
2026/06/29 05:11:23.757, 156.58, 98, 7349
2026/06/29 05:11:24.757, 157.16, 100, 7349
2026/06/29 05:11:25.757, 156.80, 100, 7349
2026/06/29 05:11:26.757, 156.26, 98, 7349
2026/06/29 05:11:27.758, 155.99, 100, 7349
2026/06/29 05:11:28.758, 157.75, 100, 7349
2026/06/29 05:11:29.758, 156.94, 98, 7349
2026/06/29 05:11:30.758, 157.16, 100, 7349
2026/06/29 05:11:31.758, 157.01, 100, 7349
2026/06/29 05:11:32.758, 156.86, 98, 7349
2026/06/29 05:11:33.759, 157.68, 100, 7349
2026/06/29 05:11:34.759, 157.59, 100, 7349
2026/06/29 05:11:35.759, 157.11, 98, 7349
2026/06/29 05:11:36.759, 157.32, 100, 7349
2026/06/29 05:11:37.759, 156.95, 100, 7349
2026/06/29 05:11:38.759, 157.06, 98, 7349
2026/06/29 05:11:39.760, 157.52, 100, 7349
2026/06/29 05:11:40.760, 157.35, 100, 7349
2026/06/29 05:11:41.760, 157.09, 98, 7349
2026/06/29 05:11:42.768, 156.93, 98, 7349
2026/06/29 05:11:43.769, 157.34, 100, 7349
2026/06/29 05:11:44.769, 156.94, 100, 7349
2026/06/29 05:11:45.769, 157.29, 98, 7349
2026/06/29 05:11:46.769, 157.38, 100, 7349
2026/06/29 05:11:47.778, 156.92, 98, 7349
2026/06/29 05:11:48.778, 157.39, 100, 7349
2026/06/29 05:11:49.778, 157.48, 100, 7349
2026/06/29 05:11:50.778, 156.78, 98, 7349
2026/06/29 05:11:51.778, 157.70, 100, 7349
2026/06/29 05:11:52.778, 157.58, 100, 7349
2026/06/29 05:11:53.779, 156.91, 98, 7349
2026/06/29 05:11:54.779, 156.79, 100, 7349
2026/06/29 05:11:55.779, 157.32, 100, 7349
2026/06/29 05:11:56.779, 156.66, 98, 7349
2026/06/29 05:11:57.779, 157.26, 100, 7349
2026/06/29 05:11:58.779, 157.08, 100, 7349
2026/06/29 05:11:59.780, 156.66, 98, 7349
2026/06/29 05:12:00.780, 156.98, 100, 7349
2026/06/29 05:12:01.780, 156.86, 100, 7349
2026/06/29 05:12:02.780, 156.74, 98, 7349
2026/06/29 05:12:03.780, 157.44, 100, 7349
2026/06/29 05:12:04.780, 157.25, 100, 7349
2026/06/29 05:12:05.781, 156.92, 98, 7349
2026/06/29 05:12:06.781, 157.09, 100, 7349
2026/06/29 05:12:07.781, 157.02, 100, 7349
2026/06/29 05:12:08.781, 156.68, 98, 7349
2026/06/29 05:12:09.781, 157.07, 100, 7349
2026/06/29 05:12:10.781, 157.41, 100, 7349
2026/06/29 05:12:11.782, 157.15, 98, 7349
2026/06/29 05:12:12.782, 156.12, 100, 7349
2026/06/29 05:12:13.782, 156.72, 100, 7349
2026/06/29 05:12:14.782, 156.44, 98, 7349
2026/06/29 05:12:15.782, 156.89, 100, 7349
2026/06/29 05:12:16.782, 156.74, 100, 7349
2026/06/29 05:12:17.783, 155.78, 98, 7349
2026/06/29 05:12:18.783, 157.48, 100, 7349
2026/06/29 05:12:19.783, 157.20, 100, 7349
2026/06/29 05:12:20.783, 156.89, 98, 7349
2026/06/29 05:12:21.783, 157.78, 100, 7349
2026/06/29 05:12:22.783, 156.18, 100, 7349
2026/06/29 05:12:23.784, 156.49, 98, 7349
2026/06/29 05:12:24.784, 157.23, 100, 7349
2026/06/29 05:12:25.784, 157.23, 100, 7349
2026/06/29 05:12:26.784, 157.07, 98, 7349
2026/06/29 05:12:27.784, 157.69, 100, 7349
2026/06/29 05:12:28.784, 157.03, 100, 7349
2026/06/29 05:12:29.784, 157.09, 98, 7349
2026/06/29 05:12:30.785, 157.42, 100, 7349
2026/06/29 05:12:31.785, 157.18, 100, 7349
2026/06/29 05:12:32.785, 157.27, 98, 7349
2026/06/29 05:12:33.785, 157.53, 100, 7349
2026/06/29 05:12:34.785, 157.06, 99, 7349
2026/06/29 05:12:35.786, 157.56, 100, 7349
2026/06/29 05:12:36.786, 157.24, 100, 7349
2026/06/29 05:12:37.786, 156.93, 92, 7349
2026/06/29 05:12:38.786, 156.28, 98, 7349
2026/06/29 05:12:39.786, 156.96, 100, 7349
2026/06/29 05:12:40.786, 157.09, 99, 7349
2026/06/29 05:12:41.787, 157.22, 100, 7349
2026/06/29 05:12:42.787, 157.35, 100, 7349
2026/06/29 05:12:43.787, 156.74, 98, 7349
2026/06/29 05:12:44.787, 157.51, 100, 7349
2026/06/29 05:12:45.787, 157.83, 100, 7349
2026/06/29 05:12:46.787, 157.00, 98, 7349
2026/06/29 05:12:47.788, 157.39, 100, 7349
2026/06/29 05:12:48.788, 157.64, 100, 7349
2026/06/29 05:12:49.788, 156.99, 98, 7349
2026/06/29 05:12:50.788, 157.43, 100, 7349
2026/06/29 05:12:51.788, 157.39, 100, 7349
2026/06/29 05:12:52.788, 157.11, 98, 7349
2026/06/29 05:12:53.789, 157.44, 100, 7349
2026/06/29 05:12:54.789, 157.68, 100, 7349
2026/06/29 05:12:55.789, 156.98, 98, 7349
2026/06/29 05:12:56.789, 157.37, 100, 7349
2026/06/29 05:12:57.789, 157.53, 100, 7349
2026/06/29 05:12:58.798, 157.13, 98, 7349
2026/06/29 05:12:59.798, 157.52, 100, 7349
2026/06/29 05:13:00.798, 157.44, 100, 7349
2026/06/29 05:13:01.798, 157.18, 98, 7349
2026/06/29 05:13:02.798, 157.59, 100, 7349
2026/06/29 05:13:03.799, 157.09, 100, 7349
2026/06/29 05:13:04.799, 157.16, 98, 7349
2026/06/29 05:13:05.799, 157.80, 100, 7349
2026/06/29 05:13:06.799, 157.14, 100, 7349
2026/06/29 05:13:07.799, 157.41, 98, 7349
2026/06/29 05:13:08.799, 157.82, 100, 7349
2026/06/29 05:13:09.800, 157.45, 98, 7349
2026/06/29 05:13:10.800, 157.54, 100, 7349
2026/06/29 05:13:11.800, 157.53, 100, 7349
2026/06/29 05:13:12.800, 156.75, 98, 7349
2026/06/29 05:13:13.800, 157.47, 100, 7349
2026/06/29 05:13:14.800, 158.00, 100, 7349
2026/06/29 05:13:15.801, 156.97, 98, 7349
2026/06/29 05:13:16.801, 157.19, 100, 7349
2026/06/29 05:13:17.801, 157.30, 100, 7349
2026/06/29 05:13:18.801, 157.01, 98, 7349
2026/06/29 05:13:19.801, 157.41, 100, 7349
2026/06/29 05:13:20.801, 157.88, 100, 7349
2026/06/29 05:13:21.802, 157.30, 98, 7349
2026/06/29 05:13:22.802, 157.63, 100, 7349
2026/06/29 05:13:23.810, 157.71, 100, 7349
2026/06/29 05:13:24.811, 157.95, 98, 7349
2026/06/29 05:13:25.811, 157.69, 100, 7349
2026/06/29 05:13:26.811, 157.30, 100, 7349
2026/06/29 05:13:27.811, 157.56, 98, 7349
2026/06/29 05:13:28.811, 157.38, 100, 7349
2026/06/29 05:13:29.811, 157.30, 100, 7349
2026/06/29 05:13:30.812, 157.50, 98, 7349
2026/06/29 05:13:31.812, 157.38, 100, 7349
2026/06/29 05:13:32.812, 157.10, 100, 7349
2026/06/29 05:13:33.812, 157.65, 98, 7349
2026/06/29 05:13:34.812, 157.15, 100, 7349
2026/06/29 05:13:35.812, 157.35, 99, 7349
2026/06/29 05:13:36.812, 157.52, 100, 7349
2026/06/29 05:13:37.813, 157.02, 100, 7349
2026/06/29 05:13:38.813, 157.72, 98, 7349
2026/06/29 05:13:39.813, 157.93, 100, 7349
2026/06/29 05:13:40.813, 156.91, 100, 7349
2026/06/29 05:13:41.813, 157.45, 98, 7349
2026/06/29 05:13:42.813, 157.22, 100, 7349
2026/06/29 05:13:43.814, 157.05, 100, 7349
2026/06/29 05:13:44.814, 157.32, 98, 7349
2026/06/29 05:13:45.814, 157.16, 100, 7349
2026/06/29 05:13:46.814, 157.10, 100, 7349
2026/06/29 05:13:47.814, 157.34, 98, 7349
2026/06/29 05:13:48.814, 155.96, 100, 7349
2026/06/29 05:13:49.815, 156.43, 98, 7349
2026/06/29 05:13:50.815, 156.81, 100, 7349
2026/06/29 05:13:51.815, 156.52, 100, 7349
2026/06/29 05:13:52.815, 156.30, 98, 7349
2026/06/29 05:13:53.815, 157.45, 100, 7349
2026/06/29 05:13:54.815, 156.92, 100, 7349
2026/06/29 05:13:55.816, 156.79, 98, 7349
2026/06/29 05:13:56.816, 157.30, 100, 7349
2026/06/29 05:13:57.816, 157.29, 100, 7349
2026/06/29 05:13:58.816, 155.56, 98, 7349
2026/06/29 05:13:59.816, 157.28, 100, 7349
2026/06/29 05:14:00.816, 157.44, 100, 7349
2026/06/29 05:14:01.816, 156.95, 98, 7349
2026/06/29 05:14:02.817, 157.00, 100, 7349
2026/06/29 05:14:03.817, 156.60, 100, 7349
2026/06/29 05:14:04.817, 156.70, 98, 7349
2026/06/29 05:14:05.817, 157.23, 100, 7349
2026/06/29 05:14:06.817, 157.46, 100, 7349
2026/06/29 05:14:07.817, 156.85, 98, 7349
2026/06/29 05:14:08.818, 156.06, 100, 7349
2026/06/29 05:14:09.818, 156.61, 100, 7349
2026/06/29 05:14:10.818, 155.93, 98, 7349
2026/06/29 05:14:11.818, 156.45, 100, 7349
2026/06/29 05:14:12.818, 156.51, 100, 7349
2026/06/29 05:14:13.818, 155.10, 98, 7349
2026/06/29 05:14:14.819, 156.59, 100, 7349
2026/06/29 05:14:15.819, 156.38, 100, 7349
2026/06/29 05:14:16.819, 156.26, 98, 7349
2026/06/29 05:14:17.819, 157.23, 100, 7349
2026/06/29 05:14:18.819, 155.84, 100, 7349
2026/06/29 05:14:19.820, 156.99, 99, 7349
2026/06/29 05:14:20.820, 157.13, 100, 7349
2026/06/29 05:14:21.820, 156.79, 100, 7349
2026/06/29 05:14:22.820, 159.47, 100, 7349
2026/06/29 05:14:23.820, 160.01, 100, 7349
2026/06/29 05:14:24.829, 159.76, 99, 7349
2026/06/29 05:14:25.829, 160.01, 99, 7349
2026/06/29 05:14:26.829, 160.13, 100, 7349
2026/06/29 05:14:27.829, 160.01, 100, 7349
2026/06/29 05:14:28.829, 160.11, 100, 7349
2026/06/29 05:14:29.838, 159.52, 99, 7349
2026/06/29 05:14:30.838, 160.04, 99, 7349
2026/06/29 05:14:31.838, 160.10, 100, 7349
2026/06/29 05:14:32.838, 160.12, 100, 7349
2026/06/29 05:14:33.839, 159.77, 99, 7349
2026/06/29 05:14:34.847, 159.20, 100, 7349
2026/06/29 05:14:35.847, 159.42, 100, 7349
2026/06/29 05:14:36.847, 159.38, 100, 7349
2026/06/29 05:14:37.848, 158.97, 100, 7349
2026/06/29 05:14:38.848, 159.31, 100, 7349
2026/06/29 05:14:39.848, 158.50, 92, 7349
2026/06/29 05:14:40.848, 153.93, 98, 7349
2026/06/29 05:14:41.848, 157.51, 100, 7349
2026/06/29 05:14:42.848, 157.30, 100, 7349
2026/06/29 05:14:43.849, 157.49, 98, 7349
2026/06/29 05:14:44.849, 157.32, 100, 7349
2026/06/29 05:14:45.849, 157.02, 100, 7349
2026/06/29 05:14:46.849, 157.06, 100, 7349
2026/06/29 05:14:47.849, 157.33, 100, 7349
2026/06/29 05:14:48.849, 156.64, 98, 7349
2026/06/29 05:14:49.850, 157.23, 100, 7349
2026/06/29 05:14:50.850, 157.52, 100, 7349
2026/06/29 05:14:51.850, 156.96, 98, 7349
2026/06/29 05:14:52.850, 157.36, 100, 7349
2026/06/29 05:14:53.850, 157.15, 100, 7349
2026/06/29 05:14:54.850, 156.46, 98, 7349
2026/06/29 05:14:55.851, 157.52, 100, 7349
2026/06/29 05:14:56.851, 157.42, 100, 7349
2026/06/29 05:14:57.851, 157.05, 98, 7349
2026/06/29 05:14:58.851, 157.29, 100, 7349
2026/06/29 05:14:59.851, 157.22, 100, 7349
2026/06/29 05:15:00.851, 156.90, 98, 7349
2026/06/29 05:15:01.851, 157.30, 100, 7349
2026/06/29 05:15:02.852, 157.49, 100, 7349
2026/06/29 05:15:03.852, 157.15, 98, 7349
2026/06/29 05:15:04.852, 157.29, 100, 7349
2026/06/29 05:15:05.852, 156.90, 100, 7349
2026/06/29 05:15:06.852, 155.81, 98, 7349
2026/06/29 05:15:07.852, 156.84, 100, 7349
2026/06/29 05:15:08.853, 157.09, 100, 7349
2026/06/29 05:15:09.853, 156.75, 98, 7349
2026/06/29 05:15:10.853, 157.51, 100, 7349
2026/06/29 05:15:11.853, 155.85, 100, 7349
2026/06/29 05:15:12.853, 156.62, 98, 7349
2026/06/29 05:15:13.854, 157.55, 100, 7349
2026/06/29 05:15:14.854, 157.02, 100, 7349
2026/06/29 05:15:15.854, 157.26, 98, 7349
2026/06/29 05:15:16.854, 156.26, 100, 7349
2026/06/29 05:15:17.854, 157.26, 100, 7349
2026/06/29 05:15:18.854, 157.19, 98, 7349
2026/06/29 05:15:19.854, 157.38, 100, 7349
2026/06/29 05:15:20.855, 157.30, 100, 7349
2026/06/29 05:15:21.855, 155.91, 89, 7349
2026/06/29 05:15:22.855, 155.94, 100, 7349
2026/06/29 05:15:23.855, 156.74, 100, 7349
2026/06/29 05:15:24.855, 156.70, 98, 7349
2026/06/29 05:15:25.855, 156.68, 100, 7349
2026/06/29 05:15:26.856, 156.60, 100, 7349
2026/06/29 05:15:27.856, 155.86, 98, 7349
2026/06/29 05:15:28.856, 157.47, 100, 7349
2026/06/29 05:15:29.856, 157.13, 100, 7349
2026/06/29 05:15:30.856, 156.93, 98, 7349
2026/06/29 05:15:31.856, 157.73, 100, 7349
2026/06/29 05:15:32.857, 157.39, 100, 7349
2026/06/29 05:15:33.857, 157.26, 98, 7349
2026/06/29 05:15:34.857, 157.68, 100, 7349
2026/06/29 05:15:35.857, 157.45, 100, 7349
2026/06/29 05:15:36.857, 157.44, 98, 7349
2026/06/29 05:15:37.857, 157.70, 100, 7349
2026/06/29 05:15:38.858, 156.97, 98, 7349
2026/06/29 05:15:39.858, 157.11, 100, 7349
2026/06/29 05:15:40.858, 157.48, 100, 7349
2026/06/29 05:15:41.858, 156.82, 98, 7349
2026/06/29 05:15:42.858, 157.53, 100, 7349
2026/06/29 05:15:43.858, 157.34, 100, 7349
2026/06/29 05:15:44.859, 156.97, 98, 7349
2026/06/29 05:15:45.859, 157.27, 100, 7349
2026/06/29 05:15:46.859, 157.34, 100, 7349
2026/06/29 05:15:47.859, 156.96, 98, 7349
2026/06/29 05:15:48.859, 157.27, 100, 7349
2026/06/29 05:15:49.859, 157.37, 100, 7349
2026/06/29 05:15:50.860, 157.23, 98, 7349
2026/06/29 05:15:51.860, 157.72, 100, 7349
2026/06/29 05:15:52.860, 157.08, 100, 7349
2026/06/29 05:15:53.860, 156.99, 98, 7349
2026/06/29 05:15:54.860, 157.31, 100, 7349
2026/06/29 05:15:55.860, 157.45, 100, 7349
2026/06/29 05:15:56.861, 157.04, 98, 7349
2026/06/29 05:15:57.861, 157.60, 100, 7349
2026/06/29 05:15:58.861, 157.28, 100, 7349
2026/06/29 05:15:59.861, 157.15, 98, 7349
2026/06/29 05:16:00.861, 157.56, 100, 7349
2026/06/29 05:16:01.861, 157.02, 100, 7349
2026/06/29 05:16:02.862, 157.21, 98, 7349
2026/06/29 05:16:03.862, 157.52, 100, 7349
2026/06/29 05:16:04.862, 157.05, 99, 7349
2026/06/29 05:16:05.862, 157.14, 100, 7349
2026/06/29 05:16:06.862, 157.24, 100, 7349
2026/06/29 05:16:07.862, 156.65, 98, 7349
2026/06/29 05:16:08.863, 157.07, 100, 7349
2026/06/29 05:16:09.863, 156.98, 100, 7349
2026/06/29 05:16:10.863, 156.61, 98, 7349
2026/06/29 05:16:11.863, 157.02, 100, 7349
2026/06/29 05:16:12.863, 157.22, 100, 7349
2026/06/29 05:16:13.864, 156.58, 98, 7349
2026/06/29 05:16:14.864, 157.15, 100, 7349
2026/06/29 05:16:15.864, 156.96, 100, 7349
2026/06/29 05:16:16.864, 156.83, 98, 7349
2026/06/29 05:16:17.864, 157.52, 100, 7349
2026/06/29 05:16:18.864, 156.97, 100, 7349
2026/06/29 05:16:19.865, 157.09, 98, 7349
2026/06/29 05:16:20.865, 157.63, 100, 7349
2026/06/29 05:16:21.865, 157.34, 100, 7349
2026/06/29 05:16:22.865, 157.09, 98, 7349
2026/06/29 05:16:23.865, 157.22, 100, 7349
2026/06/29 05:16:24.866, 157.33, 100, 7349
2026/06/29 05:16:25.866, 157.08, 98, 7349
2026/06/29 05:16:26.866, 157.39, 100, 7349
2026/06/29 05:16:27.866, 156.97, 100, 7349
2026/06/29 05:16:28.866, 156.78, 98, 7349
2026/06/29 05:16:29.866, 157.23, 100, 7349
2026/06/29 05:16:30.867, 157.00, 100, 7349
2026/06/29 05:16:31.867, 157.34, 98, 7349
2026/06/29 05:16:32.867, 157.20, 100, 7349
2026/06/29 05:16:33.867, 156.78, 98, 7349
2026/06/29 05:16:34.867, 157.10, 100, 7349
2026/06/29 05:16:35.867, 157.52, 100, 7349
2026/06/29 05:16:36.868, 156.64, 98, 7349
2026/06/29 05:16:37.868, 157.24, 100, 7349
2026/06/29 05:16:38.868, 157.04, 100, 7349
2026/06/29 05:16:39.868, 156.74, 98, 7349
2026/06/29 05:16:40.868, 157.65, 100, 7349
2026/06/29 05:16:41.868, 157.31, 100, 7349
2026/06/29 05:16:42.869, 156.93, 98, 7349
2026/06/29 05:16:43.869, 157.29, 100, 7349
2026/06/29 05:16:44.869, 157.00, 100, 7349
2026/06/29 05:16:45.869, 156.79, 98, 7349
2026/06/29 05:16:46.869, 157.29, 100, 7349
2026/06/29 05:16:47.869, 157.26, 100, 7349
2026/06/29 05:16:48.870, 157.08, 98, 7349
2026/06/29 05:16:49.870, 157.31, 100, 7349
2026/06/29 05:16:50.870, 156.91, 100, 7349
2026/06/29 05:16:51.870, 156.83, 98, 7349
2026/06/29 05:16:52.870, 157.41, 100, 7349
2026/06/29 05:16:53.871, 156.88, 100, 7349
2026/06/29 05:16:54.871, 156.99, 98, 7349
2026/06/29 05:16:55.871, 157.43, 100, 7349
2026/06/29 05:16:56.871, 157.37, 100, 7349
2026/06/29 05:16:57.871, 157.38, 98, 7349
2026/06/29 05:16:58.871, 157.48, 100, 7349
2026/06/29 05:16:59.872, 156.91, 99, 7349
2026/06/29 05:17:00.872, 156.96, 100, 7349
2026/06/29 05:17:01.872, 157.37, 100, 7349
2026/06/29 05:17:02.872, 155.92, 98, 7349
2026/06/29 05:17:03.872, 156.74, 100, 7349
2026/06/29 05:17:04.872, 157.32, 100, 7349
2026/06/29 05:17:05.873, 156.62, 98, 7349
2026/06/29 05:17:06.873, 157.61, 100, 7349
2026/06/29 05:17:07.873, 157.56, 100, 7349
2026/06/29 05:17:08.873, 156.75, 98, 7349
2026/06/29 05:17:09.873, 157.57, 100, 7349
2026/06/29 05:17:10.873, 157.23, 100, 7349
2026/06/29 05:17:11.874, 156.94, 98, 7349
2026/06/29 05:17:12.874, 157.48, 100, 7349
2026/06/29 05:17:13.874, 157.33, 100, 7349
2026/06/29 05:17:14.874, 156.63, 98, 7349
2026/06/29 05:17:15.874, 157.03, 100, 7349
2026/06/29 05:17:16.874, 157.40, 100, 7349
2026/06/29 05:17:17.875, 157.07, 98, 7349
2026/06/29 05:17:18.875, 157.34, 100, 7349
2026/06/29 05:17:19.875, 157.32, 100, 7349
2026/06/29 05:17:20.875, 156.69, 98, 7349
2026/06/29 05:17:21.875, 157.45, 100, 7349
2026/06/29 05:17:22.875, 157.34, 100, 7349
2026/06/29 05:17:23.876, 157.00, 98, 7349
2026/06/29 05:17:24.876, 157.40, 100, 7349
2026/06/29 05:17:25.876, 157.14, 100, 7349
2026/06/29 05:17:26.876, 157.28, 98, 7349
2026/06/29 05:17:27.876, 157.19, 100, 7349
2026/06/29 05:17:28.885, 156.83, 100, 7349
2026/06/29 05:17:29.885, 156.93, 100, 7349
2026/06/29 05:17:30.885, 157.34, 100, 7349
2026/06/29 05:17:31.885, 156.70, 98, 7349
2026/06/29 05:17:32.885, 157.03, 100, 7349
2026/06/29 05:17:33.886, 157.74, 100, 7349
2026/06/29 05:17:34.886, 156.74, 98, 7349
2026/06/29 05:17:35.886, 157.24, 100, 7349
2026/06/29 05:17:36.886, 157.81, 100, 7349
2026/06/29 05:17:37.886, 156.91, 98, 7349
2026/06/29 05:17:38.886, 157.27, 100, 7349
2026/06/29 05:17:39.887, 157.28, 100, 7349
2026/06/29 05:17:40.887, 156.95, 98, 7349
2026/06/29 05:17:41.887, 157.24, 100, 7349
2026/06/29 05:17:42.887, 157.16, 100, 7349
2026/06/29 05:17:43.887, 157.22, 98, 7349
2026/06/29 05:17:44.887, 157.91, 100, 7349
2026/06/29 05:17:45.888, 157.64, 100, 7349
2026/06/29 05:17:46.888, 156.81, 98, 7349
2026/06/29 05:17:47.888, 157.34, 100, 7349
2026/06/29 05:17:48.888, 157.18, 100, 7349
2026/06/29 05:17:49.888, 157.11, 98, 7349
2026/06/29 05:17:50.888, 157.52, 100, 7349
2026/06/29 05:17:51.889, 157.32, 100, 7349
2026/06/29 05:17:52.889, 156.99, 98, 7349
2026/06/29 05:17:53.889, 157.25, 100, 7349
2026/06/29 05:17:54.889, 157.06, 100, 7349
2026/06/29 05:17:55.889, 157.16, 98, 7349
2026/06/29 05:17:56.889, 157.31, 100, 7349
2026/06/29 05:17:57.889, 157.04, 98, 7349
2026/06/29 05:17:58.890, 157.04, 100, 7349
2026/06/29 05:17:59.890, 157.38, 100, 7349
2026/06/29 05:18:00.890, 156.79, 98, 7349
2026/06/29 05:18:01.890, 157.24, 100, 7349
2026/06/29 05:18:02.890, 157.58, 100, 7349
2026/06/29 05:18:03.899, 156.66, 98, 7349
2026/06/29 05:18:04.899, 157.04, 100, 7349
2026/06/29 05:18:05.899, 157.05, 100, 7349
2026/06/29 05:18:06.899, 156.81, 98, 7349
2026/06/29 05:18:07.900, 157.46, 100, 7349
2026/06/29 05:18:08.900, 157.57, 100, 7349
2026/06/29 05:18:09.900, 156.99, 98, 7349
2026/06/29 05:18:10.900, 157.09, 100, 7349
2026/06/29 05:18:11.900, 157.48, 100, 7349
2026/06/29 05:18:12.900, 156.95, 98, 7349
2026/06/29 05:18:13.901, 157.53, 100, 7349
2026/06/29 05:18:14.901, 157.57, 100, 7349
2026/06/29 05:18:15.901, 157.14, 98, 7349
2026/06/29 05:18:16.901, 157.60, 100, 7349
2026/06/29 05:18:17.901, 157.04, 100, 7349
2026/06/29 05:18:18.901, 157.43, 98, 7349
2026/06/29 05:18:19.901, 157.63, 100, 7349
2026/06/29 05:18:20.902, 157.19, 100, 7349
2026/06/29 05:18:21.902, 156.76, 98, 7349
2026/06/29 05:18:22.902, 157.33, 100, 7349
2026/06/29 05:18:23.902, 157.16, 100, 7349
2026/06/29 05:18:24.902, 157.14, 99, 7349
2026/06/29 05:18:25.902, 157.68, 100, 7349
2026/06/29 05:18:26.903, 156.81, 98, 7349
2026/06/29 05:18:27.903, 157.02, 100, 7349
2026/06/29 05:18:28.903, 157.67, 100, 7349
2026/06/29 05:18:29.903, 156.65, 98, 7349
2026/06/29 05:18:30.903, 157.07, 100, 7349
2026/06/29 05:18:31.903, 157.40, 100, 7349
2026/06/29 05:18:32.904, 156.64, 98, 7349
2026/06/29 05:18:33.904, 157.49, 100, 7349
2026/06/29 05:18:34.904, 157.11, 100, 7349
2026/06/29 05:18:35.904, 156.70, 98, 7349
2026/06/29 05:18:36.904, 157.22, 100, 7349
2026/06/29 05:18:37.904, 157.23, 100, 7349
2026/06/29 05:18:38.905, 155.24, 98, 7349
2026/06/29 05:18:39.905, 156.90, 100, 7349
2026/06/29 05:18:40.905, 156.87, 100, 7349
2026/06/29 05:18:41.905, 156.86, 98, 7349
2026/06/29 05:18:42.905, 157.24, 100, 7349
2026/06/29 05:18:43.905, 156.23, 100, 7349
2026/06/29 05:18:44.906, 157.01, 98, 7349
2026/06/29 05:18:45.906, 157.80, 100, 7349
2026/06/29 05:18:46.906, 157.58, 100, 7349
2026/06/29 05:18:47.906, 156.90, 98, 7349
2026/06/29 05:18:48.906, 155.90, 100, 7349
2026/06/29 05:18:49.907, 156.53, 100, 7349
2026/06/29 05:18:50.907, 156.35, 98, 7349
2026/06/29 05:18:51.907, 156.69, 100, 7349
2026/06/29 05:18:52.907, 156.67, 100, 7349
2026/06/29 05:18:53.907, 156.15, 98, 7349
2026/06/29 05:18:54.907, 157.03, 100, 7349
2026/06/29 05:18:55.908, 157.05, 100, 7349
2026/06/29 05:18:56.908, 156.58, 98, 7349
2026/06/29 05:18:57.908, 157.59, 100, 7349
2026/06/29 05:18:58.908, 155.81, 100, 7349
2026/06/29 05:18:59.908, 156.16, 98, 7349
2026/06/29 05:19:00.908, 156.90, 100, 7349
2026/06/29 05:19:01.909, 156.73, 100, 7349
2026/06/29 05:19:02.909, 156.09, 98, 7349
2026/06/29 05:19:03.909, 156.05, 100, 7349
2026/06/29 05:19:04.909, 157.30, 100, 7349
2026/06/29 05:19:05.909, 156.73, 98, 7349
2026/06/29 05:19:06.909, 157.57, 100, 7349
2026/06/29 05:19:07.910, 157.45, 100, 7349
2026/06/29 05:19:08.910, 155.63, 90, 7349
2026/06/29 05:19:09.910, 155.74, 100, 7349
2026/06/29 05:19:10.910, 156.89, 100, 7349
2026/06/29 05:19:11.910, 156.74, 98, 7349
2026/06/29 05:19:12.910, 157.48, 100, 7349
2026/06/29 05:19:13.911, 157.27, 100, 7349
2026/06/29 05:19:14.911, 156.01, 98, 7349
2026/06/29 05:19:15.911, 157.19, 100, 7349
2026/06/29 05:19:16.911, 156.55, 100, 7349
2026/06/29 05:19:17.911, 156.69, 98, 7349
2026/06/29 05:19:18.911, 157.01, 100, 7349
2026/06/29 05:19:19.911, 157.28, 100, 7349
2026/06/29 05:19:20.912, 156.73, 98, 7349
2026/06/29 05:19:21.912, 157.44, 100, 7349
2026/06/29 05:19:22.912, 157.37, 100, 7349
2026/06/29 05:19:23.912, 157.18, 98, 7349
2026/06/29 05:19:24.912, 157.59, 100, 7349
2026/06/29 05:19:25.912, 157.38, 100, 7349
2026/06/29 05:19:26.913, 156.93, 98, 7349
2026/06/29 05:19:27.913, 157.79, 100, 7349
2026/06/29 05:19:28.913, 157.34, 100, 7349
2026/06/29 05:19:29.913, 157.07, 98, 7349
2026/06/29 05:19:30.913, 157.67, 100, 7349
2026/06/29 05:19:31.914, 157.33, 100, 7349
2026/06/29 05:19:32.914, 157.02, 98, 7349
2026/06/29 05:19:33.914, 157.61, 100, 7349
2026/06/29 05:19:34.914, 157.23, 100, 7349
2026/06/29 05:19:35.914, 156.88, 98, 7349
2026/06/29 05:19:36.914, 157.48, 100, 7349
2026/06/29 05:19:37.915, 156.17, 100, 7349
2026/06/29 05:19:38.915, 157.12, 98, 7349
2026/06/29 05:19:39.915, 156.92, 99, 7349
2026/06/29 05:19:40.915, 158.90, 99, 7349
2026/06/29 05:19:41.915, 158.98, 99, 7349
2026/06/29 05:19:42.924, 159.08, 100, 7349
2026/06/29 05:19:43.924, 158.91, 100, 7349
2026/06/29 05:19:44.924, 159.09, 100, 7349
2026/06/29 05:19:45.924, 158.88, 100, 7349
2026/06/29 05:19:46.924, 158.95, 100, 7349
2026/06/29 05:19:47.933, 158.93, 99, 7349
2026/06/29 05:19:48.933, 158.58, 100, 7349
2026/06/29 05:19:49.933, 158.74, 100, 7349
2026/06/29 05:19:50.933, 158.87, 100, 7349
2026/06/29 05:19:51.933, 159.04, 99, 7349
2026/06/29 05:19:52.934, 159.03, 99, 7349
2026/06/29 05:19:53.934, 159.02, 99, 7349
2026/06/29 05:19:54.934, 158.81, 100, 7349
2026/06/29 05:19:55.934, 159.07, 100, 7349
2026/06/29 05:19:56.934, 158.70, 100, 7349
2026/06/29 05:19:57.943, 154.91, 100, 7349
2026/06/29 05:19:58.943, 157.27, 100, 7349
2026/06/29 05:19:59.943, 156.59, 98, 7349
2026/06/29 05:20:00.943, 157.04, 100, 7349
2026/06/29 05:20:01.943, 157.08, 100, 7349
2026/06/29 05:20:02.952, 157.28, 98, 7349
2026/06/29 05:20:03.952, 157.38, 100, 7349
2026/06/29 05:20:04.952, 156.79, 98, 7349
2026/06/29 05:20:05.952, 156.66, 100, 7349
2026/06/29 05:20:06.953, 157.08, 100, 7349
2026/06/29 05:20:07.953, 156.72, 98, 7349
2026/06/29 05:20:08.953, 157.32, 100, 7349
2026/06/29 05:20:09.953, 157.21, 100, 7349
2026/06/29 05:20:10.953, 156.64, 98, 7349
2026/06/29 05:20:11.953, 157.46, 100, 7349
2026/06/29 05:20:12.954, 156.50, 100, 7349
2026/06/29 05:20:13.954, 156.78, 98, 7349
2026/06/29 05:20:14.954, 157.14, 100, 7349
2026/06/29 05:20:15.954, 157.12, 100, 7349
2026/06/29 05:20:16.954, 156.71, 98, 7349
2026/06/29 05:20:17.954, 157.45, 100, 7349
2026/06/29 05:20:18.955, 157.27, 100, 7349
2026/06/29 05:20:19.955, 156.91, 98, 7349
2026/06/29 05:20:20.955, 157.17, 100, 7349
2026/06/29 05:20:21.955, 157.17, 100, 7349
2026/06/29 05:20:22.955, 156.78, 97, 7349
2026/06/29 05:20:23.955, 157.13, 100, 7349
2026/06/29 05:20:24.956, 157.46, 100, 7349
2026/06/29 05:20:25.956, 157.05, 98, 7349
2026/06/29 05:20:26.956, 157.30, 100, 7349
2026/06/29 05:20:27.956, 156.98, 100, 7349
2026/06/29 05:20:28.956, 155.98, 98, 7349
2026/06/29 05:20:29.956, 157.52, 100, 7349
2026/06/29 05:20:30.957, 157.04, 100, 7349
2026/06/29 05:20:31.957, 156.93, 98, 7349
2026/06/29 05:20:32.957, 157.55, 100, 7349
2026/06/29 05:20:33.957, 156.00, 100, 7349
2026/06/29 05:20:34.957, 156.71, 98, 7349
2026/06/29 05:20:35.957, 156.79, 100, 7349
2026/06/29 05:20:36.958, 156.16, 100, 7349
2026/06/29 05:20:37.958, 156.19, 98, 7349
2026/06/29 05:20:38.958, 157.18, 100, 7349
2026/06/29 05:20:39.958, 156.74, 100, 7349
2026/06/29 05:20:40.958, 156.79, 98, 7349
2026/06/29 05:20:41.958, 157.32, 100, 7349
2026/06/29 05:20:42.959, 156.89, 100, 7349
2026/06/29 05:20:43.959, 157.30, 99, 7349
2026/06/29 05:20:44.959, 157.26, 100, 7349
2026/06/29 05:20:45.959, 156.93, 98, 7349
2026/06/29 05:20:46.959, 157.18, 100, 7349
2026/06/29 05:20:47.959, 157.41, 100, 7349
2026/06/29 05:20:48.960, 156.76, 98, 7349
2026/06/29 05:20:49.960, 157.18, 100, 7349
2026/06/29 05:20:50.960, 157.13, 100, 7349
2026/06/29 05:20:51.960, 156.84, 98, 7349
2026/06/29 05:20:52.960, 157.20, 100, 7349
2026/06/29 05:20:53.960, 156.95, 100, 7349
2026/06/29 05:20:54.961, 156.72, 98, 7349
2026/06/29 05:20:55.961, 157.49, 100, 7349
2026/06/29 05:20:56.961, 157.49, 100, 7349
2026/06/29 05:20:57.961, 156.84, 98, 7349
2026/06/29 05:20:58.961, 157.36, 100, 7349
2026/06/29 05:20:59.961, 157.23, 100, 7349
2026/06/29 05:21:00.962, 156.78, 98, 7349
2026/06/29 05:21:01.962, 157.43, 100, 7349
2026/06/29 05:21:02.962, 157.22, 100, 7349
2026/06/29 05:21:03.962, 156.95, 98, 7349
2026/06/29 05:21:04.962, 157.49, 100, 7349
2026/06/29 05:21:05.963, 157.41, 100, 7349
2026/06/29 05:21:06.963, 156.75, 98, 7349
2026/06/29 05:21:07.963, 157.05, 100, 7349
2026/06/29 05:21:08.963, 156.95, 100, 7349
2026/06/29 05:21:09.963, 157.21, 98, 7349
2026/06/29 05:21:10.963, 157.64, 100, 7349
2026/06/29 05:21:11.964, 157.39, 100, 7349
2026/06/29 05:21:12.964, 157.00, 98, 7349
2026/06/29 05:21:13.964, 157.21, 100, 7349
2026/06/29 05:21:14.964, 157.17, 100, 7349
2026/06/29 05:21:15.964, 157.04, 98, 7349
2026/06/29 05:21:16.964, 157.07, 100, 7349
2026/06/29 05:21:17.965, 156.67, 100, 7349
2026/06/29 05:21:18.973, 156.79, 98, 7349
2026/06/29 05:21:19.973, 157.27, 100, 7349
2026/06/29 05:21:20.973, 156.92, 98, 7349
2026/06/29 05:21:21.974, 157.37, 100, 7349
2026/06/29 05:21:22.974, 157.19, 100, 7349
2026/06/29 05:21:23.974, 156.33, 98, 7349
2026/06/29 05:21:24.974, 156.58, 100, 7349
2026/06/29 05:21:25.974, 157.08, 100, 7349
2026/06/29 05:21:26.974, 156.73, 98, 7349
2026/06/29 05:21:27.975, 157.45, 100, 7349
2026/06/29 05:21:28.975, 157.11, 100, 7349
2026/06/29 05:21:29.975, 156.69, 98, 7349
2026/06/29 05:21:30.975, 157.47, 100, 7349
2026/06/29 05:21:31.975, 157.22, 100, 7349
2026/06/29 05:21:32.976, 156.23, 98, 7349
2026/06/29 05:21:33.976, 156.79, 100, 7349
2026/06/29 05:21:34.976, 157.30, 100, 7349
2026/06/29 05:21:35.976, 156.40, 98, 7349
2026/06/29 05:21:36.976, 157.25, 100, 7349
2026/06/29 05:21:37.976, 157.09, 100, 7349
2026/06/29 05:21:38.977, 156.52, 98, 7349
2026/06/29 05:21:39.977, 157.07, 100, 7349
2026/06/29 05:21:40.977, 156.68, 100, 7349
2026/06/29 05:21:41.977, 156.53, 98, 7349
2026/06/29 05:21:42.977, 156.90, 100, 7349
2026/06/29 05:21:43.977, 157.10, 100, 7349
2026/06/29 05:21:44.978, 157.11, 98, 7349
2026/06/29 05:21:45.978, 157.43, 100, 7349
2026/06/29 05:21:46.978, 157.48, 100, 7349
2026/06/29 05:21:47.978, 156.92, 98, 7349
2026/06/29 05:21:48.978, 157.09, 100, 7349
2026/06/29 05:21:49.978, 156.79, 100, 7349
2026/06/29 05:21:50.979, 156.82, 98, 7349
2026/06/29 05:21:51.979, 157.20, 100, 7349
2026/06/29 05:21:52.979, 156.64, 100, 7349
2026/06/29 05:21:53.987, 156.65, 98, 7349
2026/06/29 05:21:54.988, 156.90, 100, 7349
2026/06/29 05:21:55.988, 156.47, 100, 7349
2026/06/29 05:21:56.988, 156.57, 98, 7349
2026/06/29 05:21:57.988, 157.27, 100, 7349
2026/06/29 05:21:58.988, 157.30, 100, 7349
2026/06/29 05:21:59.989, 156.77, 98, 7349
2026/06/29 05:22:00.989, 156.95, 100, 7349
2026/06/29 05:22:01.989, 157.08, 100, 7349
2026/06/29 05:22:02.989, 156.52, 98, 7349
2026/06/29 05:22:03.989, 156.60, 100, 7349
2026/06/29 05:22:04.989, 156.32, 100, 7349
2026/06/29 05:22:05.990, 156.68, 98, 7349
2026/06/29 05:22:06.990, 157.04, 100, 7349
2026/06/29 05:22:07.990, 156.96, 98, 7349
2026/06/29 05:22:08.990, 156.96, 100, 7349
2026/06/29 05:22:09.990, 157.05, 100, 7349
2026/06/29 05:22:10.990, 155.90, 98, 7349
2026/06/29 05:22:11.991, 156.75, 100, 7349
2026/06/29 05:22:12.991, 157.25, 100, 7349
2026/06/29 05:22:13.991, 155.68, 98, 7349
2026/06/29 05:22:14.991, 156.88, 100, 7349
2026/06/29 05:22:15.991, 157.54, 100, 7349
2026/06/29 05:22:16.991, 156.74, 98, 7349
2026/06/29 05:22:17.992, 156.75, 100, 7349
2026/06/29 05:22:18.992, 156.77, 100, 7349
2026/06/29 05:22:19.992, 156.65, 98, 7349
2026/06/29 05:22:20.992, 157.49, 100, 7349
2026/06/29 05:22:21.992, 157.50, 100, 7349
2026/06/29 05:22:22.992, 156.69, 98, 7349
2026/06/29 05:22:23.992, 156.19, 100, 7349
2026/06/29 05:22:24.993, 157.18, 100, 7349
2026/06/29 05:22:25.993, 156.62, 98, 7349
2026/06/29 05:22:26.993, 156.93, 100, 7349
2026/06/29 05:22:27.993, 157.24, 100, 7349
2026/06/29 05:22:28.993, 155.40, 89, 7349
2026/06/29 05:22:29.994, 156.01, 100, 7349
2026/06/29 05:22:30.994, 157.25, 100, 7349
2026/06/29 05:22:31.994, 157.02, 98, 7349
2026/06/29 05:22:32.994, 157.14, 100, 7349
2026/06/29 05:22:33.994, 157.23, 100, 7349
2026/06/29 05:22:34.994, 155.88, 98, 7349
2026/06/29 05:22:35.995, 157.15, 100, 7349
2026/06/29 05:22:36.995, 157.59, 100, 7349
2026/06/29 05:22:37.995, 156.93, 98, 7349
2026/06/29 05:22:38.995, 157.72, 100, 7349
2026/06/29 05:22:39.995, 156.00, 100, 7349
2026/06/29 05:22:40.995, 156.51, 98, 7349
2026/06/29 05:22:41.996, 156.81, 100, 7349
2026/06/29 05:22:42.996, 157.63, 100, 7349
2026/06/29 05:22:43.996, 156.80, 98, 7349
2026/06/29 05:22:44.996, 157.80, 100, 7349
2026/06/29 05:22:45.996, 157.18, 100, 7349
2026/06/29 05:22:46.996, 156.96, 98, 7349
2026/06/29 05:22:47.997, 157.54, 100, 7349
2026/06/29 05:22:48.997, 157.76, 100, 7349
2026/06/29 05:22:49.997, 156.96, 98, 7349
2026/06/29 05:22:50.997, 157.55, 100, 7349
2026/06/29 05:22:51.997, 156.65, 100, 7349
2026/06/29 05:22:52.998, 157.06, 98, 7349
2026/06/29 05:22:53.998, 157.38, 100, 7349
2026/06/29 05:22:54.998, 157.59, 100, 7349
2026/06/29 05:22:55.998, 157.11, 98, 7349
2026/06/29 05:22:56.998, 157.71, 100, 7349
2026/06/29 05:22:57.998, 157.55, 100, 7349
2026/06/29 05:22:58.999, 157.05, 98, 7349
2026/06/29 05:22:59.999, 157.36, 100, 7349
2026/06/29 05:23:00.999, 156.95, 100, 7349
2026/06/29 05:23:01.999, 157.13, 98, 7349
2026/06/29 05:23:02.999, 157.55, 100, 7349
2026/06/29 05:23:03.999, 157.69, 100, 7349
2026/06/29 05:23:05.000, 157.46, 98, 7349
2026/06/29 05:23:06.000, 157.26, 100, 7349
2026/06/29 05:23:07.000, 156.73, 100, 7349
2026/06/29 05:23:08.000, 157.13, 98, 7349
2026/06/29 05:23:09.000, 156.91, 100, 7349
2026/06/29 05:23:10.001, 156.56, 100, 7349
2026/06/29 05:23:11.001, 156.79, 99, 7349
2026/06/29 05:23:12.001, 157.45, 100, 7349
2026/06/29 05:23:13.001, 156.89, 98, 7349
2026/06/29 05:23:14.001, 157.53, 100, 7349
2026/06/29 05:23:15.001, 157.76, 100, 7349
2026/06/29 05:23:16.002, 156.84, 98, 7349
2026/06/29 05:23:17.002, 157.57, 100, 7349
2026/06/29 05:23:18.002, 157.67, 100, 7349
2026/06/29 05:23:19.002, 156.92, 98, 7349
2026/06/29 05:23:20.002, 157.38, 100, 7349
2026/06/29 05:23:21.002, 157.69, 100, 7349
2026/06/29 05:23:22.003, 157.06, 98, 7349
2026/06/29 05:23:23.003, 157.18, 100, 7349
2026/06/29 05:23:24.003, 157.25, 100, 7349
2026/06/29 05:23:25.003, 155.87, 98, 7349
2026/06/29 05:23:26.003, 157.12, 100, 7349
2026/06/29 05:23:27.003, 156.89, 100, 7349
2026/06/29 05:23:28.004, 156.56, 98, 7349
2026/06/29 05:23:29.004, 157.12, 100, 7349
2026/06/29 05:23:30.004, 155.96, 100, 7349
2026/06/29 05:23:31.004, 157.02, 98, 7349
2026/06/29 05:23:32.004, 157.24, 100, 7349
2026/06/29 05:23:33.004, 157.22, 100, 7349
2026/06/29 05:23:34.004, 156.50, 98, 7349
2026/06/29 05:23:35.005, 156.27, 100, 7349
2026/06/29 05:23:36.005, 157.71, 100, 7349
2026/06/29 05:23:37.005, 157.32, 98, 7349
2026/06/29 05:23:38.005, 157.40, 100, 7349
2026/06/29 05:23:39.005, 157.15, 100, 7349
2026/06/29 05:23:40.005, 155.88, 98, 7349
2026/06/29 05:23:41.006, 157.36, 100, 7349
2026/06/29 05:23:42.006, 157.20, 100, 7349
2026/06/29 05:23:43.006, 156.54, 98, 7349
2026/06/29 05:23:44.006, 157.18, 100, 7349
2026/06/29 05:23:45.006, 156.09, 100, 7349
2026/06/29 05:23:46.006, 156.96, 98, 7349
2026/06/29 05:23:47.007, 157.17, 100, 7349
2026/06/29 05:23:48.007, 157.19, 100, 7349
2026/06/29 05:23:49.007, 157.05, 98, 7349
2026/06/29 05:23:50.007, 156.12, 100, 7349
2026/06/29 05:23:51.007, 156.46, 100, 7349
2026/06/29 05:23:52.007, 156.16, 98, 7349
2026/06/29 05:23:53.008, 156.56, 100, 7349
2026/06/29 05:23:54.008, 156.35, 100, 7349
2026/06/29 05:23:55.008, 155.31, 89, 7349
2026/06/29 05:23:56.008, 155.95, 100, 7349
2026/06/29 05:23:57.008, 157.29, 100, 7349
2026/06/29 05:23:58.008, 157.17, 98, 7349
2026/06/29 05:23:59.008, 157.66, 100, 7349
2026/06/29 05:24:00.009, 157.14, 100, 7349
2026/06/29 05:24:01.009, 155.42, 98, 7349
2026/06/29 05:24:02.009, 157.08, 100, 7349
2026/06/29 05:24:03.009, 156.89, 100, 7349
2026/06/29 05:24:04.009, 156.94, 98, 7349
2026/06/29 05:24:05.009, 157.38, 100, 7349
2026/06/29 05:24:06.009, 156.16, 100, 7349
2026/06/29 05:24:07.010, 156.62, 98, 7349
2026/06/29 05:24:08.010, 157.10, 100, 7349
2026/06/29 05:24:09.010, 156.60, 100, 7349
2026/06/29 05:24:10.010, 156.40, 98, 7349
2026/06/29 05:24:11.010, 157.20, 100, 7349
2026/06/29 05:24:12.010, 157.20, 100, 7349
2026/06/29 05:24:13.011, 156.78, 98, 7349
2026/06/29 05:24:14.011, 157.07, 100, 7349
2026/06/29 05:24:15.011, 156.80, 100, 7349
2026/06/29 05:24:16.011, 157.16, 98, 7349
2026/06/29 05:24:17.011, 157.45, 100, 7349
2026/06/29 05:24:18.011, 156.59, 100, 7349
2026/06/29 05:24:19.012, 157.21, 98, 7349
2026/06/29 05:24:20.012, 157.82, 100, 7349
2026/06/29 05:24:21.012, 157.03, 100, 7349
2026/06/29 05:24:22.012, 157.22, 98, 7349
2026/06/29 05:24:23.012, 157.63, 100, 7349
2026/06/29 05:24:24.012, 157.23, 100, 7349
2026/06/29 05:24:25.013, 157.46, 98, 7349
2026/06/29 05:24:26.013, 157.74, 100, 7349
2026/06/29 05:24:27.013, 156.89, 98, 7349
2026/06/29 05:24:28.013, 157.87, 100, 7349
2026/06/29 05:24:29.013, 157.99, 100, 7349
2026/06/29 05:24:30.014, 156.90, 98, 7349
2026/06/29 05:24:31.014, 158.04, 100, 7349
2026/06/29 05:24:32.014, 157.74, 100, 7349
2026/06/29 05:24:33.014, 157.10, 98, 7349
2026/06/29 05:24:34.014, 157.93, 100, 7349
2026/06/29 05:24:35.014, 157.81, 100, 7349
2026/06/29 05:24:36.015, 157.10, 98, 7349
2026/06/29 05:24:37.015, 157.42, 100, 7349
2026/06/29 05:24:38.015, 157.31, 100, 7349
2026/06/29 05:24:39.015, 157.14, 98, 7349
2026/06/29 05:24:40.015, 157.55, 100, 7349
2026/06/29 05:24:41.016, 157.61, 100, 7349
2026/06/29 05:24:42.016, 157.24, 98, 7349
2026/06/29 05:24:43.016, 157.48, 100, 7349
2026/06/29 05:24:44.016, 157.35, 100, 7349
2026/06/29 05:24:45.016, 157.23, 98, 7349
2026/06/29 05:24:46.025, 157.57, 100, 7349
2026/06/29 05:24:47.025, 157.31, 100, 7349
2026/06/29 05:24:48.025, 157.20, 98, 7349
2026/06/29 05:24:49.025, 157.74, 100, 7349
2026/06/29 05:24:50.026, 157.48, 100, 7349
2026/06/29 05:24:51.026, 157.29, 98, 7349
2026/06/29 05:24:52.026, 157.64, 100, 7349
2026/06/29 05:24:53.026, 157.27, 98, 7349
2026/06/29 05:24:54.026, 157.42, 100, 7349
2026/06/29 05:24:55.026, 157.83, 100, 7349
2026/06/29 05:24:56.027, 156.91, 98, 7349
2026/06/29 05:24:57.027, 157.97, 100, 7349
2026/06/29 05:24:58.027, 157.05, 99, 7349
2026/06/29 05:24:59.027, 159.21, 100, 7349
2026/06/29 05:25:00.027, 159.24, 100, 7349
2026/06/29 05:25:01.027, 159.23, 100, 7349
2026/06/29 05:25:02.028, 159.29, 100, 7349
2026/06/29 05:25:03.028, 159.16, 100, 7349
2026/06/29 05:25:04.028, 159.17, 100, 7349
2026/06/29 05:25:05.028, 159.28, 99, 7349
2026/06/29 05:25:06.028, 159.34, 100, 7349
2026/06/29 05:25:07.028, 159.73, 100, 7349
2026/06/29 05:25:08.029, 159.91, 100, 7349
2026/06/29 05:25:09.029, 159.86, 99, 7349
2026/06/29 05:25:10.029, 159.93, 100, 7349
2026/06/29 05:25:11.029, 160.03, 100, 7349
2026/06/29 05:25:12.029, 160.15, 100, 7349
2026/06/29 05:25:13.029, 159.93, 100, 7349
2026/06/29 05:25:14.030, 159.66, 99, 7349
2026/06/29 05:25:15.030, 159.27, 99, 7349
2026/06/29 05:25:16.030, 154.80, 100, 7349
2026/06/29 05:25:17.030, 156.21, 98, 7349
2026/06/29 05:25:18.039, 156.77, 100, 7349
2026/06/29 05:25:19.039, 156.86, 100, 7349
2026/06/29 05:25:20.039, 157.12, 98, 7349
2026/06/29 05:25:21.039, 157.61, 100, 7349
2026/06/29 05:25:22.039, 157.49, 100, 7349
2026/06/29 05:25:23.040, 157.10, 98, 7349
2026/06/29 05:25:24.040, 157.47, 100, 7349
2026/06/29 05:25:25.040, 157.31, 100, 7349
2026/06/29 05:25:26.040, 157.53, 98, 7349
2026/06/29 05:25:27.040, 157.79, 100, 7349
2026/06/29 05:25:28.040, 157.25, 100, 7349
2026/06/29 05:25:29.041, 157.21, 98, 7349
2026/06/29 05:25:30.041, 157.34, 100, 7349
2026/06/29 05:25:31.041, 157.29, 98, 7349
2026/06/29 05:25:32.041, 157.60, 100, 7349
2026/06/29 05:25:33.041, 156.97, 100, 7349
2026/06/29 05:25:34.041, 157.64, 98, 7349
2026/06/29 05:25:35.042, 157.69, 100, 7349
2026/06/29 05:25:36.042, 156.79, 100, 7349
2026/06/29 05:25:37.042, 157.84, 98, 7349
2026/06/29 05:25:38.042, 157.46, 100, 7349
2026/06/29 05:25:39.042, 157.15, 100, 7349
2026/06/29 05:25:40.042, 157.42, 98, 7349
2026/06/29 05:25:41.043, 157.41, 100, 7349
2026/06/29 05:25:42.043, 157.14, 100, 7349
2026/06/29 05:25:43.043, 157.63, 98, 7349
2026/06/29 05:25:44.043, 157.09, 100, 7349
2026/06/29 05:25:45.043, 156.99, 100, 7349
2026/06/29 05:25:46.043, 157.30, 98, 7349
2026/06/29 05:25:47.044, 156.71, 100, 7349
2026/06/29 05:25:48.052, 156.69, 100, 7349
2026/06/29 05:25:49.052, 157.97, 98, 7349
2026/06/29 05:25:50.052, 157.74, 100, 7349
2026/06/29 05:25:51.053, 157.24, 100, 7349
2026/06/29 05:25:52.053, 157.55, 98, 7349
2026/06/29 05:25:53.053, 157.62, 100, 7349
2026/06/29 05:25:54.053, 157.21, 100, 7349
2026/06/29 05:25:55.053, 157.81, 98, 7349
2026/06/29 05:25:56.053, 157.17, 100, 7349
2026/06/29 05:25:57.054, 157.33, 100, 7349
2026/06/29 05:25:58.054, 157.71, 98, 7349
2026/06/29 05:25:59.054, 157.47, 100, 7349
2026/06/29 05:26:00.054, 157.41, 98, 7349
2026/06/29 05:26:01.054, 157.51, 100, 7349
2026/06/29 05:26:02.054, 157.23, 99, 7349
2026/06/29 05:26:03.055, 157.53, 100, 7349
2026/06/29 05:26:04.055, 157.54, 100, 7349
2026/06/29 05:26:05.055, 157.01, 98, 7349
2026/06/29 05:26:06.055, 157.46, 100, 7349
2026/06/29 05:26:07.055, 157.91, 100, 7349
2026/06/29 05:26:08.064, 157.02, 98, 7349
2026/06/29 05:26:09.064, 157.83, 100, 7349
2026/06/29 05:26:10.064, 157.39, 100, 7349
2026/06/29 05:26:11.064, 157.11, 98, 7349
2026/06/29 05:26:12.064, 157.44, 100, 7349
2026/06/29 05:26:13.065, 157.77, 100, 7349
2026/06/29 05:26:14.065, 156.95, 98, 7349
2026/06/29 05:26:15.065, 157.64, 100, 7349
2026/06/29 05:26:16.065, 157.33, 100, 7349
2026/06/29 05:26:17.065, 157.23, 98, 7349
2026/06/29 05:26:18.065, 157.41, 100, 7349
2026/06/29 05:26:19.066, 157.63, 100, 7349
2026/06/29 05:26:20.066, 156.88, 98, 7349
2026/06/29 05:26:21.066, 157.73, 100, 7349
2026/06/29 05:26:22.066, 157.45, 100, 7349
2026/06/29 05:26:23.066, 156.90, 98, 7349
2026/06/29 05:26:24.066, 157.30, 100, 7349
2026/06/29 05:26:25.067, 157.30, 100, 7349
2026/06/29 05:26:26.067, 156.77, 98, 7349
2026/06/29 05:26:27.067, 157.05, 100, 7349
2026/06/29 05:26:28.067, 157.37, 100, 7349
2026/06/29 05:26:29.067, 156.99, 98, 7349
2026/06/29 05:26:30.068, 157.17, 100, 7349
2026/06/29 05:26:31.068, 156.06, 100, 7349
2026/06/29 05:26:32.068, 156.29, 98, 7349
2026/06/29 05:26:33.068, 156.99, 100, 7349
2026/06/29 05:26:34.068, 156.79, 100, 7349
2026/06/29 05:26:35.068, 156.79, 98, 7349
2026/06/29 05:26:36.069, 157.54, 100, 7349
2026/06/29 05:26:37.069, 157.20, 100, 7349
2026/06/29 05:26:38.069, 157.23, 98, 7349
2026/06/29 05:26:39.069, 157.76, 100, 7349
2026/06/29 05:26:40.069, 156.83, 100, 7349
2026/06/29 05:26:41.069, 157.20, 98, 7349
2026/06/29 05:26:42.070, 157.63, 100, 7349
2026/06/29 05:26:43.078, 157.33, 98, 7349
2026/06/29 05:26:44.078, 157.43, 100, 7349
2026/06/29 05:26:45.078, 157.76, 100, 7349
2026/06/29 05:26:46.079, 156.63, 98, 7349
2026/06/29 05:26:47.079, 156.78, 100, 7349
2026/06/29 05:26:48.079, 156.88, 100, 7349
2026/06/29 05:26:49.079, 157.05, 98, 7349
2026/06/29 05:26:50.079, 157.64, 100, 7349
2026/06/29 05:26:51.079, 157.54, 100, 7349
2026/06/29 05:26:52.080, 157.04, 98, 7349
2026/06/29 05:26:53.080, 157.39, 100, 7349
2026/06/29 05:26:54.080, 157.57, 100, 7349
2026/06/29 05:26:55.080, 157.10, 98, 7349
2026/06/29 05:26:56.080, 157.87, 100, 7349
2026/06/29 05:26:57.081, 157.75, 100, 7349
2026/06/29 05:26:58.089, 157.15, 98, 7349
2026/06/29 05:26:59.089, 157.50, 100, 7349
2026/06/29 05:27:00.089, 157.32, 100, 7349
2026/06/29 05:27:01.090, 156.99, 98, 7349
2026/06/29 05:27:02.090, 157.25, 100, 7349
2026/06/29 05:27:03.090, 157.18, 100, 7349
2026/06/29 05:27:04.090, 156.78, 98, 7349
2026/06/29 05:27:05.090, 157.66, 100, 7349
2026/06/29 05:27:06.090, 157.20, 100, 7349
2026/06/29 05:27:07.091, 157.04, 98, 7349
2026/06/29 05:27:08.091, 157.44, 100, 7349
2026/06/29 05:27:09.091, 156.94, 100, 7349
2026/06/29 05:27:10.091, 157.05, 98, 7349
2026/06/29 05:27:11.091, 157.76, 100, 7349
2026/06/29 05:27:12.091, 157.33, 100, 7349
2026/06/29 05:27:13.092, 156.86, 98, 7349
2026/06/29 05:27:14.092, 157.18, 100, 7349
2026/06/29 05:27:15.092, 155.73, 100, 7349
2026/06/29 05:27:16.092, 156.84, 98, 7349
2026/06/29 05:27:17.092, 157.33, 100, 7349
2026/06/29 05:27:18.092, 157.20, 99, 7349
2026/06/29 05:27:19.093, 157.39, 100, 7349
2026/06/29 05:27:20.096, 156.12, 100, 7349
2026/06/29 05:27:21.096, 157.07, 100, 7349
2026/06/29 05:27:22.096, 157.01, 98, 7349
2026/06/29 05:27:23.096, 157.55, 100, 7349
2026/06/29 05:27:24.096, 157.31, 98, 7349
2026/06/29 05:27:25.097, 157.23, 100, 7349
2026/06/29 05:27:26.097, 157.36, 100, 7349
2026/06/29 05:27:27.097, 156.97, 98, 7349
2026/06/29 05:27:28.097, 157.90, 100, 7349
2026/06/29 05:27:29.097, 157.67, 100, 7349
2026/06/29 05:27:30.106, 156.93, 98, 7349
2026/06/29 05:27:31.106, 157.39, 100, 7349
2026/06/29 05:27:32.106, 157.74, 100, 7349
2026/06/29 05:27:33.106, 157.00, 98, 7349
2026/06/29 05:27:34.106, 157.18, 100, 7349
2026/06/29 05:27:35.107, 157.16, 100, 7349
2026/06/29 05:27:36.107, 157.09, 98, 7349
2026/06/29 05:27:37.107, 157.60, 100, 7349
2026/06/29 05:27:38.107, 157.25, 100, 7349
2026/06/29 05:27:39.107, 157.00, 98, 7349
2026/06/29 05:27:40.107, 157.53, 100, 7349
2026/06/29 05:27:41.108, 157.29, 100, 7349
2026/06/29 05:27:42.108, 157.23, 98, 7349
2026/06/29 05:27:43.108, 157.80, 100, 7349
2026/06/29 05:27:44.108, 157.51, 100, 7349
2026/06/29 05:27:45.108, 157.16, 98, 7349
2026/06/29 05:27:46.108, 157.65, 100, 7349
2026/06/29 05:27:47.108, 157.32, 100, 7349
2026/06/29 05:27:48.109, 157.20, 98, 7349
2026/06/29 05:27:49.109, 157.52, 100, 7349
2026/06/29 05:27:50.117, 157.41, 100, 7349
2026/06/29 05:27:51.118, 157.31, 100, 7349
2026/06/29 05:27:52.118, 157.42, 100, 7349
2026/06/29 05:27:53.118, 156.88, 98, 7349
2026/06/29 05:27:54.118, 157.67, 100, 7349
2026/06/29 05:27:55.127, 157.20, 100, 7349
2026/06/29 05:27:56.127, 156.84, 98, 7349
2026/06/29 05:27:57.127, 157.70, 100, 7349
2026/06/29 05:27:58.127, 157.20, 100, 7349
2026/06/29 05:27:59.127, 156.91, 98, 7349
2026/06/29 05:28:00.136, 157.49, 100, 7349
2026/06/29 05:28:01.136, 157.52, 100, 7349
2026/06/29 05:28:02.136, 157.10, 98, 7349
2026/06/29 05:28:03.136, 157.46, 100, 7349
2026/06/29 05:28:04.136, 157.23, 100, 7349
2026/06/29 05:28:05.137, 157.14, 98, 7349
2026/06/29 05:28:06.137, 157.42, 100, 7349
2026/06/29 05:28:07.137, 157.50, 100, 7349
2026/06/29 05:28:08.137, 157.08, 98, 7349
2026/06/29 05:28:09.137, 157.50, 100, 7349
2026/06/29 05:28:10.137, 157.67, 100, 7349
2026/06/29 05:28:11.138, 157.13, 98, 7349
2026/06/29 05:28:12.138, 157.38, 100, 7349
2026/06/29 05:28:13.138, 157.20, 100, 7349
2026/06/29 05:28:14.138, 157.04, 98, 7349
2026/06/29 05:28:15.138, 156.44, 100, 7349
2026/06/29 05:28:16.138, 157.09, 100, 7349
2026/06/29 05:28:17.139, 157.31, 98, 7349
2026/06/29 05:28:18.139, 157.88, 100, 7349
2026/06/29 05:28:19.139, 157.17, 100, 7349
2026/06/29 05:28:20.139, 156.10, 98, 7349
2026/06/29 05:28:21.139, 157.64, 100, 7349
2026/06/29 05:28:22.140, 157.19, 100, 7349
2026/06/29 05:28:23.140, 157.23, 98, 7349
2026/06/29 05:28:24.140, 157.72, 100, 7349
2026/06/29 05:28:25.140, 156.21, 100, 7349
2026/06/29 05:28:26.140, 157.29, 98, 7349
2026/06/29 05:28:27.140, 157.12, 100, 7349
2026/06/29 05:28:28.141, 157.62, 99, 7349
2026/06/29 05:28:29.141, 157.70, 100, 7349
2026/06/29 05:28:30.141, 156.58, 100, 7349
2026/06/29 05:28:31.141, 156.67, 100, 7349
2026/06/29 05:28:32.141, 156.82, 98, 7349
2026/06/29 05:28:33.141, 157.70, 100, 7349
2026/06/29 05:28:34.141, 157.47, 98, 7349
2026/06/29 05:28:35.142, 156.22, 96, 7349
2026/06/29 05:28:36.142, 156.63, 100, 7349
2026/06/29 05:28:37.142, 156.69, 100, 7349
2026/06/29 05:28:38.142, 156.94, 100, 7349
2026/06/29 05:28:39.142, 157.29, 100, 7349
2026/06/29 05:28:40.142, 156.58, 91, 7349
2026/06/29 05:28:41.143, 156.38, 100, 7349
2026/06/29 05:28:42.143, 157.10, 100, 7349
2026/06/29 05:28:43.143, 156.75, 98, 7349
2026/06/29 05:28:44.143, 157.51, 100, 7349
2026/06/29 05:28:45.143, 157.43, 100, 7349
2026/06/29 05:28:46.143, 155.51, 98, 7349
2026/06/29 05:28:47.144, 157.10, 100, 7349
2026/06/29 05:28:48.144, 157.18, 100, 7349
2026/06/29 05:28:49.144, 157.03, 98, 7349
2026/06/29 05:28:50.144, 157.54, 100, 7349
2026/06/29 05:28:51.144, 156.00, 100, 7349
2026/06/29 05:28:52.144, 156.66, 98, 7349
2026/06/29 05:28:53.145, 157.60, 100, 7349
2026/06/29 05:28:54.145, 157.65, 100, 7349
2026/06/29 05:28:55.145, 156.90, 98, 7349
2026/06/29 05:28:56.145, 157.42, 100, 7349
2026/06/29 05:28:57.145, 157.62, 100, 7349
2026/06/29 05:28:58.145, 156.98, 98, 7349
2026/06/29 05:28:59.146, 157.30, 100, 7349
2026/06/29 05:29:00.146, 157.64, 100, 7349
2026/06/29 05:29:01.146, 157.16, 98, 7349
2026/06/29 05:29:02.146, 157.33, 100, 7349
2026/06/29 05:29:03.146, 157.12, 100, 7349
2026/06/29 05:29:04.146, 156.95, 98, 7349
2026/06/29 05:29:05.147, 157.68, 100, 7349
2026/06/29 05:29:06.155, 157.23, 100, 7349
2026/06/29 05:29:07.155, 156.98, 98, 7349
2026/06/29 05:29:08.155, 157.30, 100, 7349
2026/06/29 05:29:09.156, 156.89, 100, 7349
2026/06/29 05:29:10.156, 157.16, 98, 7349
2026/06/29 05:29:11.164, 157.49, 100, 7349
2026/06/29 05:29:12.164, 157.12, 100, 7349
2026/06/29 05:29:13.165, 157.26, 98, 7349
2026/06/29 05:29:14.165, 157.23, 100, 7349
2026/06/29 05:29:15.165, 157.02, 98, 7349
2026/06/29 05:29:16.173, 157.33, 100, 7349
2026/06/29 05:29:17.174, 157.66, 100, 7349
2026/06/29 05:29:18.174, 156.81, 98, 7349
2026/06/29 05:29:19.174, 157.50, 100, 7349
2026/06/29 05:29:20.174, 157.51, 100, 7349
2026/06/29 05:29:21.174, 156.91, 98, 7349
2026/06/29 05:29:22.174, 157.24, 100, 7349
2026/06/29 05:29:23.175, 157.45, 100, 7349
2026/06/29 05:29:24.175, 157.10, 98, 7349
2026/06/29 05:29:25.175, 157.21, 100, 7349
2026/06/29 05:29:26.175, 156.78, 100, 7349
2026/06/29 05:29:27.175, 156.88, 98, 7349
2026/06/29 05:29:28.175, 157.41, 100, 7349
2026/06/29 05:29:29.176, 157.48, 100, 7349
2026/06/29 05:29:30.176, 156.99, 98, 7349
2026/06/29 05:29:31.176, 157.40, 100, 7349
2026/06/29 05:29:32.176, 157.24, 100, 7349
2026/06/29 05:29:33.176, 157.12, 98, 7349
2026/06/29 05:29:34.177, 157.67, 100, 7349
2026/06/29 05:29:35.177, 157.63, 100, 7349
2026/06/29 05:29:36.177, 157.20, 98, 7349
2026/06/29 05:29:37.177, 157.52, 100, 7349
2026/06/29 05:29:38.177, 157.16, 100, 7349
2026/06/29 05:29:39.177, 157.31, 98, 7349
2026/06/29 05:29:40.178, 157.71, 100, 7349
2026/06/29 05:29:41.186, 157.62, 100, 7349
2026/06/29 05:29:42.186, 157.29, 98, 7349
2026/06/29 05:29:43.186, 157.63, 100, 7349
2026/06/29 05:29:44.187, 157.08, 100, 7349
2026/06/29 05:29:45.187, 157.26, 99, 7349
2026/06/29 05:29:46.187, 157.46, 100, 7349
2026/06/29 05:29:47.187, 156.79, 98, 7349
2026/06/29 05:29:48.187, 157.86, 100, 7349
2026/06/29 05:29:49.187, 157.76, 100, 7349
2026/06/29 05:29:50.188, 156.99, 98, 7349
2026/06/29 05:29:51.188, 157.79, 100, 7349
2026/06/29 05:29:52.188, 157.27, 100, 7349
2026/06/29 05:29:53.188, 156.97, 98, 7349
2026/06/29 05:29:54.188, 157.32, 100, 7349
2026/06/29 05:29:55.188, 157.61, 100, 7349
2026/06/29 05:29:56.189, 157.31, 98, 7349
2026/06/29 05:29:57.189, 157.59, 100, 7349
2026/06/29 05:29:58.189, 157.35, 100, 7349
2026/06/29 05:29:59.189, 157.35, 98, 7349
2026/06/29 05:30:00.189, 157.48, 100, 7349
2026/06/29 05:30:01.189, 157.27, 100, 7349
2026/06/29 05:30:02.190, 157.19, 98, 7349
2026/06/29 05:30:03.190, 157.75, 100, 7349
2026/06/29 05:30:04.190, 157.52, 100, 7349
2026/06/29 05:30:05.190, 157.36, 98, 7349
2026/06/29 05:30:06.190, 157.88, 100, 7349
2026/06/29 05:30:07.190, 157.64, 100, 7349
2026/06/29 05:30:08.191, 157.44, 98, 7349
2026/06/29 05:30:09.191, 157.53, 100, 7349
2026/06/29 05:30:10.191, 157.16, 100, 7349
2026/06/29 05:30:11.191, 156.93, 98, 7349
2026/06/29 05:30:12.191, 157.50, 100, 7349
2026/06/29 05:30:13.191, 157.00, 98, 7349
2026/06/29 05:30:14.192, 157.33, 100, 7349
2026/06/29 05:30:15.192, 155.94, 99, 7349
2026/06/29 05:30:16.192, 159.32, 100, 7349
2026/06/29 05:30:17.192, 159.14, 100, 7349
2026/06/29 05:30:18.192, 159.21, 100, 7349
2026/06/29 05:30:19.192, 159.18, 100, 7349
2026/06/29 05:30:20.193, 159.54, 100, 7349
2026/06/29 05:30:21.193, 159.33, 99, 7349
2026/06/29 05:30:22.193, 159.48, 99, 7349
2026/06/29 05:30:23.193, 159.51, 100, 7349
2026/06/29 05:30:24.193, 159.45, 100, 7349
2026/06/29 05:30:25.193, 159.21, 100, 7349
2026/06/29 05:30:26.194, 159.27, 100, 7349
2026/06/29 05:30:27.194, 159.09, 99, 7349
2026/06/29 05:30:28.194, 158.97, 99, 7349
2026/06/29 05:30:29.194, 159.56, 100, 7349
2026/06/29 05:30:30.194, 159.89, 100, 7349
2026/06/29 05:30:31.194, 159.85, 100, 7349
2026/06/29 05:30:32.195, 159.66, 100, 7349
2026/06/29 05:30:33.195, 159.86, 99, 7349
2026/06/29 05:30:34.195, 153.87, 98, 7349
2026/06/29 05:30:35.195, 156.69, 100, 7349
2026/06/29 05:30:36.195, 157.18, 100, 7349
2026/06/29 05:30:37.195, 157.10, 98, 7349
2026/06/29 05:30:38.196, 157.69, 100, 7349
2026/06/29 05:30:39.196, 157.40, 100, 7349
2026/06/29 05:30:40.196, 157.04, 98, 7349
2026/06/29 05:30:41.196, 157.40, 100, 7349
2026/06/29 05:30:42.205, 157.41, 100, 7349
2026/06/29 05:30:43.205, 157.08, 98, 7349
2026/06/29 05:30:44.205, 157.48, 100, 7349
2026/06/29 05:30:45.205, 157.46, 100, 7349
2026/06/29 05:30:46.205, 157.27, 98, 7349
2026/06/29 05:30:47.206, 157.88, 100, 7349
2026/06/29 05:30:48.206, 157.21, 100, 7349
2026/06/29 05:30:49.206, 157.57, 98, 7349
2026/06/29 05:30:50.206, 157.78, 100, 7349
2026/06/29 05:30:51.206, 157.51, 100, 7349
2026/06/29 05:30:52.214, 155.92, 98, 7349
2026/06/29 05:30:53.214, 157.13, 100, 7349
2026/06/29 05:30:54.214, 157.10, 100, 7349
2026/06/29 05:30:55.215, 157.29, 98, 7349
2026/06/29 05:30:56.215, 157.60, 100, 7349
2026/06/29 05:30:57.215, 157.14, 100, 7349
2026/06/29 05:30:58.215, 157.29, 99, 7349
2026/06/29 05:30:59.215, 157.72, 100, 7349
2026/06/29 05:31:00.216, 156.96, 98, 7349
2026/06/29 05:31:01.216, 157.81, 100, 7349
2026/06/29 05:31:02.216, 157.39, 100, 7349
2026/06/29 05:31:03.216, 157.03, 98, 7349
2026/06/29 05:31:04.216, 157.44, 100, 7349
2026/06/29 05:31:05.216, 157.55, 100, 7349
2026/06/29 05:31:06.217, 156.98, 98, 7349
2026/06/29 05:31:07.217, 157.35, 100, 7349
2026/06/29 05:31:08.217, 157.66, 100, 7349
2026/06/29 05:31:09.217, 156.95, 98, 7349
2026/06/29 05:31:10.217, 157.84, 100, 7349
2026/06/29 05:31:11.217, 157.17, 100, 7349
2026/06/29 05:31:12.218, 157.21, 98, 7349
2026/06/29 05:31:13.218, 157.59, 100, 7349
2026/06/29 05:31:14.218, 156.96, 100, 7349
2026/06/29 05:31:15.218, 157.00, 98, 7349
2026/06/29 05:31:16.218, 157.04, 100, 7349
2026/06/29 05:31:17.227, 157.07, 100, 7349
2026/06/29 05:31:18.227, 157.17, 98, 7349
2026/06/29 05:31:19.227, 157.45, 100, 7349
2026/06/29 05:31:20.227, 157.27, 100, 7349
2026/06/29 05:31:21.227, 157.01, 98, 7349
2026/06/29 05:31:22.228, 157.68, 100, 7349
2026/06/29 05:31:23.228, 157.13, 100, 7349
2026/06/29 05:31:24.228, 157.46, 98, 7349
2026/06/29 05:31:25.228, 157.53, 100, 7349
2026/06/29 05:31:26.228, 157.12, 100, 7349
2026/06/29 05:31:27.228, 155.94, 98, 7349
2026/06/29 05:31:28.229, 157.53, 100, 7349
2026/06/29 05:31:29.229, 157.29, 100, 7349
2026/06/29 05:31:30.229, 157.49, 99, 7349
2026/06/29 05:31:31.229, 157.63, 100, 7349
2026/06/29 05:31:32.229, 156.05, 100, 7349
2026/06/29 05:31:33.230, 157.30, 98, 7349
2026/06/29 05:31:34.230, 157.54, 100, 7349
2026/06/29 05:31:35.230, 156.80, 98, 7349
2026/06/29 05:31:36.230, 157.02, 100, 7349
2026/06/29 05:31:37.230, 155.98, 100, 7349
2026/06/29 05:31:38.230, 156.18, 100, 7349
2026/06/29 05:31:39.231, 156.74, 98, 7349
2026/06/29 05:31:40.231, 156.84, 100, 7349
2026/06/29 05:31:41.231, 156.56, 100, 7349
2026/06/29 05:31:42.231, 156.30, 89, 7349
2026/06/29 05:31:43.231, 156.46, 100, 7349
2026/06/29 05:31:44.231, 157.11, 100, 7349
2026/06/29 05:31:45.232, 157.26, 98, 7349
2026/06/29 05:31:46.232, 157.19, 100, 7349
2026/06/29 05:31:47.232, 157.49, 100, 7349
2026/06/29 05:31:48.232, 156.12, 98, 7349
2026/06/29 05:31:49.232, 157.45, 100, 7349
2026/06/29 05:31:50.232, 157.26, 100, 7349
2026/06/29 05:31:51.232, 157.28, 99, 7349
2026/06/29 05:31:52.233, 157.56, 100, 7349
2026/06/29 05:31:53.233, 155.73, 100, 7349
2026/06/29 05:31:54.233, 156.84, 98, 7349
2026/06/29 05:31:55.233, 157.05, 100, 7349
2026/06/29 05:31:56.233, 156.97, 100, 7349
2026/06/29 05:31:57.234, 156.81, 98, 7349
2026/06/29 05:31:58.234, 156.38, 100, 7349
2026/06/29 05:31:59.234, 157.24, 100, 7349
2026/06/29 05:32:00.234, 157.53, 98, 7349
2026/06/29 05:32:01.234, 157.45, 100, 7349
2026/06/29 05:32:02.234, 157.45, 98, 7349
2026/06/29 05:32:03.235, 156.35, 98, 7349
2026/06/29 05:32:04.235, 157.45, 100, 7349
2026/06/29 05:32:05.235, 156.74, 100, 7349
2026/06/29 05:32:06.235, 157.05, 99, 7349
2026/06/29 05:32:07.235, 157.48, 100, 7349
2026/06/29 05:32:08.235, 157.12, 98, 7349
2026/06/29 05:32:09.235, 157.33, 100, 7349
2026/06/29 05:32:10.236, 157.88, 100, 7349
2026/06/29 05:32:11.236, 157.12, 98, 7349
2026/06/29 05:32:12.236, 157.94, 100, 7349
2026/06/29 05:32:13.236, 157.74, 100, 7349
2026/06/29 05:32:14.236, 157.14, 98, 7349
2026/06/29 05:32:15.236, 156.29, 100, 7349
2026/06/29 05:32:16.237, 157.62, 100, 7349
2026/06/29 05:32:17.237, 156.96, 98, 7349
2026/06/29 05:32:18.237, 157.36, 100, 7349
2026/06/29 05:32:19.237, 157.83, 100, 7349
2026/06/29 05:32:20.237, 157.03, 98, 7349
2026/06/29 05:32:21.237, 157.86, 100, 7349
2026/06/29 05:32:22.238, 157.39, 100, 7349
2026/06/29 05:32:23.238, 157.34, 98, 7349
2026/06/29 05:32:24.238, 157.46, 100, 7349
2026/06/29 05:32:25.238, 157.47, 100, 7349
2026/06/29 05:32:26.238, 157.32, 98, 7349
2026/06/29 05:32:27.238, 157.65, 100, 7349
2026/06/29 05:32:28.239, 157.62, 100, 7349
2026/06/29 05:32:29.239, 157.37, 98, 7349
2026/06/29 05:32:30.239, 157.81, 100, 7349
2026/06/29 05:32:31.239, 157.66, 100, 7349
2026/06/29 05:32:32.239, 157.45, 98, 7349
2026/06/29 05:32:33.239, 157.62, 100, 7349
2026/06/29 05:32:34.240, 157.32, 100, 7349
2026/06/29 05:32:35.248, 157.48, 98, 7349
2026/06/29 05:32:36.248, 157.76, 100, 7349
2026/06/29 05:32:37.248, 157.35, 98, 7349
2026/06/29 05:32:38.249, 157.40, 100, 7349
2026/06/29 05:32:39.249, 157.54, 100, 7349
2026/06/29 05:32:40.249, 157.20, 98, 7349
2026/06/29 05:32:41.249, 157.78, 100, 7349
2026/06/29 05:32:42.249, 157.81, 100, 7349
2026/06/29 05:32:43.249, 156.92, 98, 7349
2026/06/29 05:32:44.250, 157.16, 100, 7349
2026/06/29 05:32:45.258, 157.50, 100, 7349
2026/06/29 05:32:46.258, 156.90, 98, 7349
2026/06/29 05:32:47.259, 157.80, 100, 7349
2026/06/29 05:32:48.259, 157.55, 100, 7349
2026/06/29 05:32:49.259, 157.09, 98, 7349
2026/06/29 05:32:50.267, 157.58, 100, 7349
2026/06/29 05:32:51.268, 157.19, 100, 7349
2026/06/29 05:32:52.268, 157.04, 98, 7349
2026/06/29 05:32:53.268, 157.34, 100, 7349
2026/06/29 05:32:54.268, 157.07, 100, 7349
2026/06/29 05:32:55.268, 157.15, 98, 7349
2026/06/29 05:32:56.268, 157.34, 100, 7349
2026/06/29 05:32:57.269, 157.18, 100, 7349
2026/06/29 05:32:58.269, 157.07, 98, 7349
2026/06/29 05:32:59.269, 157.55, 100, 7349
2026/06/29 05:33:00.269, 155.83, 100, 7349
2026/06/29 05:33:01.269, 156.96, 98, 7349
2026/06/29 05:33:02.269, 157.19, 100, 7349
2026/06/29 05:33:03.269, 157.03, 100, 7349
2026/06/29 05:33:04.270, 157.27, 98, 7349
2026/06/29 05:33:05.270, 156.42, 100, 7349
2026/06/29 05:33:06.270, 156.60, 100, 7349
2026/06/29 05:33:07.270, 156.37, 98, 7349
2026/06/29 05:33:08.270, 157.47, 100, 7349
2026/06/29 05:33:09.270, 157.14, 100, 7349
2026/06/29 05:33:10.271, 156.08, 90, 7349
2026/06/29 05:33:11.271, 156.03, 100, 7349
2026/06/29 05:33:12.271, 156.71, 100, 7349
2026/06/29 05:33:13.271, 156.96, 98, 7349
2026/06/29 05:33:14.271, 157.33, 100, 7349
2026/06/29 05:33:15.271, 156.79, 100, 7349
2026/06/29 05:33:16.272, 156.10, 98, 7349
2026/06/29 05:33:17.272, 157.62, 100, 7349
2026/06/29 05:33:18.272, 157.27, 100, 7349
2026/06/29 05:33:19.272, 157.31, 98, 7349
2026/06/29 05:33:20.272, 157.26, 100, 7349
2026/06/29 05:33:21.272, 155.99, 100, 7349
2026/06/29 05:33:22.273, 156.60, 98, 7349
2026/06/29 05:33:23.273, 157.30, 100, 7349
2026/06/29 05:33:24.273, 157.20, 100, 7349
2026/06/29 05:33:25.273, 157.12, 98, 7349
2026/06/29 05:33:26.273, 156.09, 100, 7349
2026/06/29 05:33:27.273, 156.44, 100, 7349
2026/06/29 05:33:28.274, 157.25, 98, 7349
2026/06/29 05:33:29.274, 157.62, 100, 7349
2026/06/29 05:33:30.274, 157.24, 99, 7349
2026/06/29 05:33:31.274, 155.94, 98, 7349
2026/06/29 05:33:32.274, 157.03, 100, 7349
2026/06/29 05:33:33.274, 156.83, 100, 7349
2026/06/29 05:33:34.275, 156.84, 98, 7349
2026/06/29 05:33:35.275, 157.12, 100, 7349
2026/06/29 05:33:36.283, 156.91, 100, 7349
2026/06/29 05:33:37.283, 157.23, 98, 7349
2026/06/29 05:33:38.284, 157.26, 100, 7349
2026/06/29 05:33:39.284, 156.48, 100, 7349
2026/06/29 05:33:40.284, 156.81, 98, 7349
2026/06/29 05:33:41.284, 157.03, 100, 7349
2026/06/29 05:33:42.284, 156.65, 100, 7349
2026/06/29 05:33:43.284, 157.16, 98, 7349
2026/06/29 05:33:44.285, 157.58, 100, 7349
2026/06/29 05:33:45.285, 157.18, 100, 7349
2026/06/29 05:33:46.293, 156.79, 98, 7349
2026/06/29 05:33:47.293, 156.71, 100, 7349
2026/06/29 05:33:48.294, 156.49, 100, 7349
2026/06/29 05:33:49.294, 157.13, 98, 7349
2026/06/29 05:33:50.294, 157.41, 100, 7349
2026/06/29 05:33:51.294, 156.76, 100, 7349
2026/06/29 05:33:52.294, 156.98, 98, 7349
2026/06/29 05:33:53.294, 157.89, 100, 7349
2026/06/29 05:33:54.295, 157.71, 100, 7349
2026/06/29 05:33:55.295, 157.60, 99, 7349
2026/06/29 05:33:56.295, 157.66, 100, 7349
2026/06/29 05:33:57.295, 156.74, 98, 7349
2026/06/29 05:33:58.295, 157.12, 100, 7349
2026/06/29 05:33:59.295, 157.47, 100, 7349
2026/06/29 05:34:00.296, 157.07, 98, 7349
2026/06/29 05:34:01.296, 157.78, 100, 7349
2026/06/29 05:34:02.296, 157.20, 100, 7349
2026/06/29 05:34:03.296, 157.19, 98, 7349
2026/06/29 05:34:04.296, 157.70, 100, 7349
2026/06/29 05:34:05.296, 157.38, 100, 7349
2026/06/29 05:34:06.297, 156.96, 98, 7349
2026/06/29 05:34:07.297, 157.51, 100, 7349
2026/06/29 05:34:08.297, 157.12, 100, 7349
2026/06/29 05:34:09.297, 157.04, 98, 7349
2026/06/29 05:34:10.297, 157.14, 100, 7349
2026/06/29 05:34:11.297, 156.46, 100, 7349
2026/06/29 05:34:12.298, 156.43, 98, 7349
2026/06/29 05:34:13.298, 157.73, 100, 7349
2026/06/29 05:34:14.298, 157.31, 100, 7349
2026/06/29 05:34:15.298, 156.41, 98, 7349
2026/06/29 05:34:16.298, 157.14, 100, 7349
2026/06/29 05:34:17.298, 157.43, 100, 7349
2026/06/29 05:34:18.299, 156.98, 98, 7349
2026/06/29 05:34:19.299, 157.71, 100, 7349
2026/06/29 05:34:20.299, 157.34, 100, 7349
2026/06/29 05:34:21.299, 157.38, 98, 7349
2026/06/29 05:34:22.299, 157.16, 100, 7349
2026/06/29 05:34:23.299, 157.27, 100, 7349
2026/06/29 05:34:24.300, 156.98, 98, 7349
2026/06/29 05:34:25.300, 157.70, 100, 7349
2026/06/29 05:34:26.300, 157.18, 100, 7349
2026/06/29 05:34:27.300, 157.04, 98, 7349
2026/06/29 05:34:28.300, 157.80, 100, 7349
2026/06/29 05:34:29.300, 157.41, 100, 7349
2026/06/29 05:34:30.301, 156.79, 98, 7349
2026/06/29 05:34:31.301, 157.70, 100, 7349
2026/06/29 05:34:32.301, 157.48, 100, 7349
2026/06/29 05:34:33.301, 157.08, 98, 7349
2026/06/29 05:34:34.301, 157.44, 100, 7349
2026/06/29 05:34:35.301, 157.46, 100, 7349
2026/06/29 05:34:36.302, 155.88, 98, 7349
2026/06/29 05:34:37.302, 157.34, 100, 7349
2026/06/29 05:34:38.302, 156.74, 100, 7349
2026/06/29 05:34:39.302, 156.43, 98, 7349
2026/06/29 05:34:40.302, 157.41, 100, 7349
2026/06/29 05:34:41.303, 155.94, 100, 7349
2026/06/29 05:34:42.303, 157.28, 98, 7349
2026/06/29 05:34:43.303, 157.13, 100, 7349
2026/06/29 05:34:44.303, 156.59, 100, 7349
2026/06/29 05:34:45.303, 156.52, 98, 7349
2026/06/29 05:34:46.303, 156.42, 100, 7349
2026/06/29 05:34:47.303, 157.47, 100, 7349
2026/06/29 05:34:48.304, 157.11, 98, 7349
2026/06/29 05:34:49.304, 157.20, 100, 7349
2026/06/29 05:34:50.304, 157.02, 100, 7349
2026/06/29 05:34:51.304, 155.96, 89, 7349
2026/06/29 05:34:52.304, 157.21, 100, 7349
2026/06/29 05:34:53.304, 156.51, 100, 7349
2026/06/29 05:34:54.305, 156.84, 98, 7349
2026/06/29 05:34:55.305, 157.18, 100, 7349
2026/06/29 05:34:56.305, 156.81, 100, 7349
2026/06/29 05:34:57.305, 156.14, 98, 7349
2026/06/29 05:34:58.305, 157.64, 100, 7349
2026/06/29 05:34:59.305, 157.63, 100, 7349
2026/06/29 05:35:00.305, 157.40, 98, 7349
2026/06/29 05:35:01.306, 157.72, 100, 7349
2026/06/29 05:35:02.306, 156.36, 100, 7349
2026/06/29 05:35:03.306, 156.73, 98, 7349
2026/06/29 05:35:04.306, 156.82, 100, 7349
2026/06/29 05:35:05.306, 156.55, 100, 7349
2026/06/29 05:35:06.306, 156.50, 98, 7349
2026/06/29 05:35:07.307, 157.04, 100, 7349
2026/06/29 05:35:08.307, 156.73, 100, 7349
2026/06/29 05:35:09.307, 156.54, 98, 7349
2026/06/29 05:35:10.307, 157.28, 100, 7349
2026/06/29 05:35:11.307, 156.87, 100, 7349
2026/06/29 05:35:12.308, 157.12, 98, 7349
2026/06/29 05:35:13.308, 157.79, 100, 7349
2026/06/29 05:35:14.308, 157.48, 100, 7349
2026/06/29 05:35:15.308, 156.99, 98, 7349
2026/06/29 05:35:16.308, 157.56, 100, 7349
2026/06/29 05:35:17.308, 157.02, 100, 7349
2026/06/29 05:35:18.309, 157.18, 99, 7349
2026/06/29 05:35:19.309, 157.59, 100, 7349
2026/06/29 05:35:20.309, 156.91, 98, 7349
2026/06/29 05:35:21.309, 157.43, 100, 7349
2026/06/29 05:35:22.309, 157.57, 100, 7349
2026/06/29 05:35:23.309, 157.12, 98, 7349
2026/06/29 05:35:24.310, 157.88, 100, 7349
2026/06/29 05:35:25.310, 157.69, 100, 7349
2026/06/29 05:35:26.310, 157.09, 98, 7349
2026/06/29 05:35:27.310, 157.38, 100, 7349
2026/06/29 05:35:28.310, 157.43, 100, 7349
2026/06/29 05:35:29.310, 157.12, 98, 7349
2026/06/29 05:35:30.311, 157.32, 100, 7349
2026/06/29 05:35:31.311, 157.32, 100, 7349
2026/06/29 05:35:32.311, 156.71, 98, 7349
2026/06/29 05:35:33.311, 155.94, 100, 7349
2026/06/29 05:35:34.311, 159.73, 100, 7349
2026/06/29 05:35:35.311, 159.08, 100, 7349
2026/06/29 05:35:36.312, 159.14, 99, 7349
2026/06/29 05:35:37.312, 159.29, 99, 7349
2026/06/29 05:35:38.312, 159.39, 100, 7349
2026/06/29 05:35:39.312, 159.25, 100, 7349
2026/06/29 05:35:40.312, 159.08, 100, 7349
2026/06/29 05:35:41.312, 159.25, 100, 7349
2026/06/29 05:35:42.313, 159.30, 99, 7349
2026/06/29 05:35:43.313, 159.21, 99, 7349
2026/06/29 05:35:44.313, 159.20, 100, 7349
2026/06/29 05:35:45.313, 159.24, 100, 7349
2026/06/29 05:35:46.313, 159.15, 100, 7349
2026/06/29 05:35:47.313, 159.16, 99, 7349
2026/06/29 05:35:48.314, 159.04, 99, 7349
2026/06/29 05:35:49.314, 159.00, 99, 7349
2026/06/29 05:35:50.314, 158.93, 100, 7349
2026/06/29 05:35:51.314, 158.84, 100, 7349
2026/06/29 05:35:52.314, 154.48, 100, 7349
2026/06/29 05:35:53.314, 156.79, 98, 7349
2026/06/29 05:35:54.315, 157.42, 100, 7349
2026/06/29 05:35:55.315, 157.11, 100, 7349
2026/06/29 05:35:56.315, 156.92, 98, 7349
2026/06/29 05:35:57.315, 157.24, 100, 7349
2026/06/29 05:35:58.315, 157.18, 100, 7349
2026/06/29 05:35:59.315, 157.09, 98, 7349
2026/06/29 05:36:00.316, 157.70, 100, 7349
2026/06/29 05:36:01.316, 157.11, 100, 7349
2026/06/29 05:36:02.316, 157.17, 98, 7349
2026/06/29 05:36:03.316, 157.66, 100, 7349
2026/06/29 05:36:04.316, 157.17, 100, 7349
2026/06/29 05:36:05.316, 157.29, 98, 7349
2026/06/29 05:36:06.317, 157.78, 100, 7349
2026/06/29 05:36:07.317, 157.21, 100, 7349
2026/06/29 05:36:08.317, 157.40, 100, 7349
2026/06/29 05:36:09.317, 157.46, 100, 7349
2026/06/29 05:36:10.317, 156.76, 98, 7349
2026/06/29 05:36:11.317, 157.75, 100, 7349
2026/06/29 05:36:12.318, 156.77, 100, 7349
2026/06/29 05:36:13.318, 156.60, 98, 7349
2026/06/29 05:36:14.318, 157.77, 100, 7349
2026/06/29 05:36:15.318, 157.64, 100, 7349
2026/06/29 05:36:16.318, 157.29, 98, 7349
2026/06/29 05:36:17.318, 156.52, 100, 7349
2026/06/29 05:36:18.319, 157.18, 100, 7349
2026/06/29 05:36:19.319, 156.20, 98, 7349
2026/06/29 05:36:20.319, 157.07, 100, 7349
2026/06/29 05:36:21.319, 157.43, 100, 7349
2026/06/29 05:36:22.319, 156.42, 93, 7349
2026/06/29 05:36:23.319, 155.51, 98, 7349
2026/06/29 05:36:24.320, 156.50, 100, 7349
2026/06/29 05:36:25.320, 156.26, 100, 7349
2026/06/29 05:36:26.320, 155.97, 98, 7349
2026/06/29 05:36:27.320, 157.32, 100, 7349
2026/06/29 05:36:28.320, 156.02, 100, 7349
2026/06/29 05:36:29.320, 156.96, 98, 7349
2026/06/29 05:36:30.321, 157.54, 100, 7349
2026/06/29 05:36:31.321, 157.25, 100, 7349
2026/06/29 05:36:32.321, 157.19, 98, 7349
2026/06/29 05:36:33.321, 156.07, 100, 7349
2026/06/29 05:36:34.321, 156.80, 100, 7349
2026/06/29 05:36:35.321, 156.52, 98, 7349
2026/06/29 05:36:36.322, 156.91, 100, 7349
2026/06/29 05:36:37.322, 156.56, 100, 7349
2026/06/29 05:36:38.322, 155.70, 98, 7349
2026/06/29 05:36:39.322, 157.60, 100, 7349
2026/06/29 05:36:40.322, 156.93, 100, 7349
2026/06/29 05:36:41.322, 157.12, 98, 7349
2026/06/29 05:36:42.323, 157.36, 100, 7349
2026/06/29 05:36:43.323, 155.52, 100, 7349
2026/06/29 05:36:44.323, 156.63, 98, 7349
2026/06/29 05:36:45.323, 157.35, 100, 7349
2026/06/29 05:36:46.323, 157.01, 100, 7349
2026/06/29 05:36:47.323, 157.36, 100, 7349
2026/06/29 05:36:48.324, 157.30, 100, 7349
2026/06/29 05:36:49.324, 156.89, 98, 7349
2026/06/29 05:36:50.324, 157.12, 100, 7349
2026/06/29 05:36:51.324, 157.02, 100, 7349
2026/06/29 05:36:52.324, 156.38, 98, 7349
2026/06/29 05:36:53.324, 157.16, 100, 7349
2026/06/29 05:36:54.325, 157.56, 100, 7349
2026/06/29 05:36:55.325, 156.73, 98, 7349
2026/06/29 05:36:56.325, 157.40, 100, 7349
2026/06/29 05:36:57.325, 157.32, 100, 7349
2026/06/29 05:36:58.325, 156.64, 98, 7349
2026/06/29 05:36:59.325, 157.04, 100, 7349
2026/06/29 05:37:00.326, 156.94, 100, 7349
2026/06/29 05:37:01.326, 156.53, 98, 7349
2026/06/29 05:37:02.326, 156.76, 100, 7349
2026/06/29 05:37:03.334, 156.92, 100, 7349
2026/06/29 05:37:04.335, 156.26, 98, 7349
2026/06/29 05:37:05.335, 157.22, 100, 7349
2026/06/29 05:37:06.335, 156.61, 100, 7349
2026/06/29 05:37:07.335, 157.24, 98, 7349
2026/06/29 05:37:08.335, 157.06, 100, 7349
2026/06/29 05:37:09.335, 156.75, 100, 7349
2026/06/29 05:37:10.336, 157.26, 98, 7349
2026/06/29 05:37:11.336, 157.11, 100, 7349
2026/06/29 05:37:12.336, 156.73, 100, 7349
2026/06/29 05:37:13.336, 157.33, 98, 7349
2026/06/29 05:37:14.336, 157.17, 100, 7349
2026/06/29 05:37:15.336, 155.74, 100, 7349
2026/06/29 05:37:16.337, 156.27, 98, 7349
2026/06/29 05:37:17.337, 157.25, 100, 7349
2026/06/29 05:37:18.337, 157.06, 100, 7349
2026/06/29 05:37:19.337, 157.39, 98, 7349
2026/06/29 05:37:20.337, 156.93, 100, 7349
2026/06/29 05:37:21.337, 155.64, 100, 7349
2026/06/29 05:37:22.338, 156.60, 98, 7349
2026/06/29 05:37:23.338, 156.25, 100, 7349
2026/06/29 05:37:24.338, 156.85, 100, 7349
2026/06/29 05:37:25.338, 157.26, 98, 7349
2026/06/29 05:37:26.338, 156.97, 100, 7349
2026/06/29 05:37:27.338, 156.90, 100, 7349
2026/06/29 05:37:28.339, 156.95, 99, 7349
2026/06/29 05:37:29.339, 156.57, 100, 7349
2026/06/29 05:37:30.339, 156.48, 100, 7349
2026/06/29 05:37:31.339, 155.79, 98, 7349
2026/06/29 05:37:32.339, 156.30, 100, 7349
2026/06/29 05:37:33.339, 156.81, 100, 7349
2026/06/29 05:37:34.340, 156.97, 100, 7349
2026/06/29 05:37:35.340, 156.25, 100, 7349
2026/06/29 05:37:36.340, 155.38, 98, 7349
2026/06/29 05:37:37.340, 157.27, 100, 7349
2026/06/29 05:37:38.340, 156.82, 100, 7349
2026/06/29 05:37:39.340, 156.44, 98, 7349
2026/06/29 05:37:40.341, 157.07, 100, 7349
2026/06/29 05:37:41.341, 156.82, 100, 7349
2026/06/29 05:37:42.341, 156.99, 98, 7349
2026/06/29 05:37:43.341, 157.12, 100, 7349
2026/06/29 05:37:44.341, 156.90, 100, 7349
2026/06/29 05:37:45.341, 156.82, 98, 7349
2026/06/29 05:37:46.342, 157.05, 100, 7349
2026/06/29 05:37:47.342, 156.71, 100, 7349
2026/06/29 05:37:48.342, 157.28, 99, 7349
2026/06/29 05:37:49.342, 157.48, 100, 7349
2026/06/29 05:37:50.342, 156.69, 98, 7349
2026/06/29 05:37:51.342, 155.60, 98, 7349
2026/06/29 05:37:52.343, 157.57, 100, 7349
2026/06/29 05:37:53.343, 156.66, 98, 7349
2026/06/29 05:37:54.343, 156.60, 99, 7349
2026/06/29 05:37:55.343, 156.83, 100, 7349
2026/06/29 05:37:56.343, 155.76, 100, 7349
2026/06/29 05:37:57.343, 156.61, 98, 7349
2026/06/29 05:37:58.344, 156.79, 100, 7349
2026/06/29 05:37:59.344, 156.76, 100, 7349
2026/06/29 05:38:00.344, 157.21, 98, 7349
2026/06/29 05:38:01.344, 155.95, 100, 7349
2026/06/29 05:38:02.344, 156.04, 100, 7349
2026/06/29 05:38:03.344, 156.87, 98, 7349
2026/06/29 05:38:04.345, 157.41, 100, 7349
2026/06/29 05:38:05.345, 157.37, 100, 7349
2026/06/29 05:38:06.345, 155.96, 90, 7349
2026/06/29 05:38:07.345, 155.94, 100, 7349
2026/06/29 05:38:08.345, 156.41, 100, 7349
2026/06/29 05:38:09.345, 156.54, 98, 7349
2026/06/29 05:38:10.346, 157.13, 100, 7349
2026/06/29 05:38:11.346, 156.81, 100, 7349
2026/06/29 05:38:12.346, 156.01, 98, 7349
2026/06/29 05:38:13.346, 157.08, 100, 7349
2026/06/29 05:38:14.346, 157.29, 100, 7349
2026/06/29 05:38:15.346, 156.94, 98, 7349
2026/06/29 05:38:16.347, 157.24, 100, 7349
2026/06/29 05:38:17.347, 155.46, 100, 7349
2026/06/29 05:38:18.347, 156.66, 98, 7349
2026/06/29 05:38:19.347, 157.31, 100, 7349
2026/06/29 05:38:20.347, 157.46, 100, 7349
2026/06/29 05:38:21.347, 157.25, 98, 7349
2026/06/29 05:38:22.348, 156.14, 100, 7349
2026/06/29 05:38:23.348, 156.65, 100, 7349
2026/06/29 05:38:24.348, 156.94, 98, 7349
2026/06/29 05:38:25.348, 156.88, 100, 7349
2026/06/29 05:38:26.348, 156.45, 100, 7349
2026/06/29 05:38:27.348, 155.81, 98, 7349
2026/06/29 05:38:28.349, 157.06, 100, 7349
2026/06/29 05:38:29.349, 157.13, 100, 7349
2026/06/29 05:38:30.349, 156.98, 98, 7349
2026/06/29 05:38:31.349, 157.48, 100, 7349
2026/06/29 05:38:32.349, 157.10, 100, 7349
2026/06/29 05:38:33.349, 157.29, 98, 7349
2026/06/29 05:38:34.350, 157.43, 100, 7349
2026/06/29 05:38:35.350, 157.10, 98, 7349
2026/06/29 05:38:36.350, 157.35, 100, 7349
2026/06/29 05:38:37.358, 157.46, 100, 7349
2026/06/29 05:38:38.359, 156.92, 98, 7349
2026/06/29 05:38:39.359, 157.86, 100, 7349
2026/06/29 05:38:40.359, 157.42, 100, 7349
2026/06/29 05:38:41.359, 156.98, 98, 7349
2026/06/29 05:38:42.368, 157.40, 100, 7349
2026/06/29 05:38:43.368, 157.34, 100, 7349
2026/06/29 05:38:44.368, 157.02, 98, 7349
2026/06/29 05:38:45.368, 157.47, 100, 7349
2026/06/29 05:38:46.368, 157.40, 100, 7349
2026/06/29 05:38:47.368, 156.93, 98, 7349
2026/06/29 05:38:48.369, 157.24, 100, 7349
2026/06/29 05:38:49.369, 157.39, 100, 7349
2026/06/29 05:38:50.369, 156.54, 98, 7349
2026/06/29 05:38:51.369, 157.29, 100, 7349
2026/06/29 05:38:52.369, 157.22, 100, 7349
2026/06/29 05:38:53.369, 156.67, 98, 7349
2026/06/29 05:38:54.370, 157.40, 100, 7349
2026/06/29 05:38:55.370, 156.52, 100, 7349
2026/06/29 05:38:56.370, 156.56, 98, 7349
2026/06/29 05:38:57.370, 157.17, 100, 7349
2026/06/29 05:38:58.370, 156.99, 100, 7349
2026/06/29 05:38:59.371, 156.54, 98, 7349
2026/06/29 05:39:00.371, 156.63, 100, 7349
2026/06/29 05:39:01.371, 156.65, 100, 7349
2026/06/29 05:39:02.371, 156.49, 98, 7349
2026/06/29 05:39:03.371, 156.77, 100, 7349
2026/06/29 05:39:04.371, 156.83, 100, 7349
2026/06/29 05:39:05.372, 156.30, 98, 7349
2026/06/29 05:39:06.372, 156.75, 100, 7349
2026/06/29 05:39:07.372, 157.04, 100, 7349
2026/06/29 05:39:08.372, 156.90, 98, 7349
2026/06/29 05:39:09.372, 157.61, 100, 7349
2026/06/29 05:39:10.372, 157.59, 100, 7349
2026/06/29 05:39:11.373, 157.11, 98, 7349
2026/06/29 05:39:12.373, 157.68, 100, 7349
2026/06/29 05:39:13.373, 157.18, 100, 7349
2026/06/29 05:39:14.373, 156.87, 98, 7349
2026/06/29 05:39:15.373, 157.46, 100, 7349
2026/06/29 05:39:16.373, 157.14, 100, 7349
2026/06/29 05:39:17.374, 157.01, 98, 7349
2026/06/29 05:39:18.374, 157.68, 100, 7349
2026/06/29 05:39:19.374, 157.44, 100, 7349
2026/06/29 05:39:20.374, 157.21, 98, 7349
2026/06/29 05:39:21.374, 157.38, 100, 7349
2026/06/29 05:39:22.374, 157.01, 98, 7349
2026/06/29 05:39:23.375, 156.77, 100, 7349
2026/06/29 05:39:24.375, 157.02, 100, 7349
2026/06/29 05:39:25.375, 156.61, 98, 7349
2026/06/29 05:39:26.375, 157.04, 100, 7349
2026/06/29 05:39:27.375, 157.45, 100, 7349
2026/06/29 05:39:28.375, 156.14, 99, 7349
2026/06/29 05:39:29.376, 156.75, 99, 7349
2026/06/29 05:39:30.376, 157.20, 100, 7349
2026/06/29 05:39:31.376, 156.87, 98, 7349
2026/06/29 05:39:32.376, 157.28, 100, 7349
2026/06/29 05:39:33.376, 156.99, 100, 7349
2026/06/29 05:39:34.376, 156.53, 98, 7349
2026/06/29 05:39:35.377, 157.57, 100, 7349
2026/06/29 05:39:36.377, 157.54, 100, 7349
2026/06/29 05:39:37.377, 156.98, 98, 7349
2026/06/29 05:39:38.377, 156.16, 100, 7349
2026/06/29 05:39:39.377, 157.64, 100, 7349
2026/06/29 05:39:40.377, 156.72, 98, 7349
2026/06/29 05:39:41.378, 156.98, 100, 7349
2026/06/29 05:39:42.378, 157.23, 100, 7349
2026/06/29 05:39:43.382, 155.60, 98, 7349
2026/06/29 05:39:44.382, 156.59, 100, 7349
2026/06/29 05:39:45.382, 156.52, 100, 7349
2026/06/29 05:39:46.382, 156.13, 98, 7349
2026/06/29 05:39:47.383, 156.47, 100, 7349
2026/06/29 05:39:48.383, 157.45, 100, 7349
2026/06/29 05:39:49.383, 156.87, 98, 7349
2026/06/29 05:39:50.383, 157.36, 100, 7349
2026/06/29 05:39:51.383, 157.15, 100, 7349
2026/06/29 05:39:52.383, 156.93, 98, 7349
2026/06/29 05:39:53.384, 157.13, 100, 7349
2026/06/29 05:39:54.384, 156.92, 100, 7349
2026/06/29 05:39:55.384, 156.94, 98, 7349
2026/06/29 05:39:56.384, 157.27, 100, 7349
2026/06/29 05:39:57.384, 157.02, 100, 7349
2026/06/29 05:39:58.384, 157.01, 98, 7349
2026/06/29 05:39:59.385, 157.44, 100, 7349
2026/06/29 05:40:00.385, 157.09, 100, 7349
2026/06/29 05:40:01.385, 156.49, 98, 7349
2026/06/29 05:40:02.385, 157.20, 100, 7349
2026/06/29 05:40:03.385, 157.51, 100, 7349
2026/06/29 05:40:04.385, 157.09, 98, 7349
2026/06/29 05:40:05.386, 157.66, 100, 7349
2026/06/29 05:40:06.386, 157.05, 100, 7349
2026/06/29 05:40:07.386, 157.20, 98, 7349
2026/06/29 05:40:08.386, 157.19, 100, 7349
2026/06/29 05:40:09.386, 156.88, 100, 7349
2026/06/29 05:40:10.386, 157.03, 98, 7349
2026/06/29 05:40:11.387, 157.62, 100, 7349
2026/06/29 05:40:12.387, 157.59, 100, 7349
2026/06/29 05:40:13.387, 155.51, 98, 7349
2026/06/29 05:40:14.387, 157.21, 100, 7349
2026/06/29 05:40:15.387, 156.57, 100, 7349
2026/06/29 05:40:16.388, 156.30, 98, 7349
2026/06/29 05:40:17.388, 157.00, 100, 7349
2026/06/29 05:40:18.388, 156.51, 100, 7349
2026/06/29 05:40:19.388, 156.66, 98, 7349
2026/06/29 05:40:20.388, 157.29, 100, 7349
2026/06/29 05:40:21.388, 157.56, 100, 7349
2026/06/29 05:40:22.389, 157.16, 98, 7349
2026/06/29 05:40:23.389, 156.02, 100, 7349
2026/06/29 05:40:24.389, 157.12, 100, 7349
2026/06/29 05:40:25.389, 157.16, 98, 7349
2026/06/29 05:40:26.389, 157.20, 100, 7349
2026/06/29 05:40:27.389, 157.40, 100, 7349
2026/06/29 05:40:28.390, 155.49, 98, 7349
2026/06/29 05:40:29.390, 156.70, 100, 7349
2026/06/29 05:40:30.390, 157.00, 100, 7349
2026/06/29 05:40:31.390, 156.73, 98, 7349
2026/06/29 05:40:32.390, 157.14, 100, 7349
2026/06/29 05:40:33.390, 156.64, 100, 7349
2026/06/29 05:40:34.391, 157.02, 98, 7349
2026/06/29 05:40:35.391, 157.49, 100, 7349
2026/06/29 05:40:36.391, 157.25, 100, 7349
2026/06/29 05:40:37.391, 157.04, 98, 7349
2026/06/29 05:40:38.391, 157.52, 100, 7349
2026/06/29 05:40:39.391, 157.18, 100, 7349
2026/06/29 05:40:40.392, 157.02, 98, 7349
2026/06/29 05:40:41.392, 157.42, 100, 7349
2026/06/29 05:40:42.392, 156.98, 100, 7349
2026/06/29 05:40:43.392, 157.33, 100, 7349
2026/06/29 05:40:44.392, 157.68, 100, 7349
2026/06/29 05:40:45.392, 156.73, 98, 7349
2026/06/29 05:40:46.393, 157.43, 100, 7349
2026/06/29 05:40:47.393, 157.52, 100, 7349
2026/06/29 05:40:48.393, 156.82, 98, 7349
2026/06/29 05:40:49.393, 157.40, 100, 7349
2026/06/29 05:40:50.393, 157.80, 100, 7349
2026/06/29 05:40:51.393, 155.33, 87, 7349
2026/06/29 05:40:52.394, 157.66, 99, 7349
2026/06/29 05:40:53.394, 159.82, 99, 7349
2026/06/29 05:40:54.394, 159.94, 100, 7349
2026/06/29 05:40:55.394, 159.66, 100, 7349
2026/06/29 05:40:56.394, 158.90, 99, 7349
2026/06/29 05:40:57.394, 159.02, 99, 7349
2026/06/29 05:40:58.395, 158.96, 99, 7349
2026/06/29 05:40:59.395, 159.18, 100, 7349
2026/06/29 05:41:00.395, 159.14, 100, 7349
2026/06/29 05:41:01.395, 158.95, 100, 7349
2026/06/29 05:41:02.395, 159.10, 99, 7349
2026/06/29 05:41:03.395, 158.84, 99, 7349
2026/06/29 05:41:04.395, 159.02, 99, 7349
2026/06/29 05:41:05.396, 158.93, 100, 7349
2026/06/29 05:41:06.396, 158.88, 100, 7349
2026/06/29 05:41:07.396, 158.73, 100, 7349
2026/06/29 05:41:08.396, 158.62, 99, 7349
2026/06/29 05:41:09.396, 158.82, 99, 7349
2026/06/29 05:41:10.396, 154.49, 100, 7349
2026/06/29 05:41:11.396, 157.31, 100, 7349
2026/06/29 05:41:12.397, 157.01, 98, 7349
2026/06/29 05:41:13.397, 157.13, 100, 7349
2026/06/29 05:41:14.397, 156.86, 100, 7349
2026/06/29 05:41:15.397, 155.65, 98, 7349
2026/06/29 05:41:16.397, 157.08, 100, 7349
2026/06/29 05:41:17.397, 157.16, 100, 7349
2026/06/29 05:41:18.398, 156.26, 98, 7349
2026/06/29 05:41:19.398, 156.78, 100, 7349
2026/06/29 05:41:20.398, 156.22, 100, 7349
2026/06/29 05:41:21.398, 156.98, 98, 7349
2026/06/29 05:41:22.398, 157.35, 100, 7349
2026/06/29 05:41:23.398, 157.65, 100, 7349
2026/06/29 05:41:24.399, 157.10, 98, 7349
2026/06/29 05:41:25.399, 156.23, 100, 7349
2026/06/29 05:41:26.399, 157.13, 100, 7349
2026/06/29 05:41:27.399, 156.49, 98, 7349
2026/06/29 05:41:28.399, 156.89, 100, 7349
2026/06/29 05:41:29.399, 156.82, 100, 7349
2026/06/29 05:41:30.400, 155.29, 89, 7349
2026/06/29 05:41:31.400, 156.17, 100, 7349
2026/06/29 05:41:32.400, 157.21, 100, 7349
2026/06/29 05:41:33.400, 156.96, 98, 7349
2026/06/29 05:41:34.400, 157.55, 100, 7349
2026/06/29 05:41:35.400, 157.21, 100, 7349
2026/06/29 05:41:36.401, 155.53, 98, 7349
2026/06/29 05:41:37.401, 157.16, 100, 7349
2026/06/29 05:41:38.401, 156.97, 100, 7349
2026/06/29 05:41:39.401, 156.50, 98, 7349
2026/06/29 05:41:40.401, 156.96, 100, 7349
2026/06/29 05:41:41.401, 156.10, 100, 7349
2026/06/29 05:41:42.401, 156.94, 98, 7349
2026/06/29 05:41:43.402, 157.06, 100, 7349
2026/06/29 05:41:44.402, 157.03, 100, 7349
2026/06/29 05:41:45.402, 156.80, 98, 7349
2026/06/29 05:41:46.402, 156.14, 100, 7349
2026/06/29 05:41:47.402, 156.87, 100, 7349
2026/06/29 05:41:48.402, 156.67, 98, 7349
2026/06/29 05:41:49.403, 157.32, 100, 7349
2026/06/29 05:41:50.403, 157.15, 100, 7349
2026/06/29 05:41:51.403, 155.31, 98, 7349
2026/06/29 05:41:52.403, 157.38, 100, 7349
2026/06/29 05:41:53.403, 157.36, 100, 7349
2026/06/29 05:41:54.403, 156.98, 98, 7349
2026/06/29 05:41:55.404, 157.48, 100, 7349
2026/06/29 05:41:56.404, 156.96, 100, 7349
2026/06/29 05:41:57.404, 156.87, 98, 7349
2026/06/29 05:41:58.404, 157.52, 100, 7349
2026/06/29 05:41:59.404, 157.16, 100, 7349
2026/06/29 05:42:00.404, 157.03, 98, 7349
2026/06/29 05:42:01.405, 157.58, 100, 7349
2026/06/29 05:42:02.405, 157.12, 100, 7349
2026/06/29 05:42:03.405, 157.12, 98, 7349
2026/06/29 05:42:04.405, 157.48, 100, 7349
2026/06/29 05:42:05.405, 156.91, 100, 7349
2026/06/29 05:42:06.414, 156.96, 98, 7349
2026/06/29 05:42:07.414, 157.43, 100, 7349
2026/06/29 05:42:08.414, 157.26, 98, 7349
2026/06/29 05:42:09.414, 157.43, 100, 7349
2026/06/29 05:42:10.415, 157.69, 100, 7349
2026/06/29 05:42:11.415, 156.75, 98, 7349
2026/06/29 05:42:12.415, 157.18, 100, 7349
2026/06/29 05:42:13.415, 157.17, 100, 7349
2026/06/29 05:42:14.415, 156.81, 98, 7349
2026/06/29 05:42:15.415, 157.01, 100, 7349
2026/06/29 05:42:16.416, 157.22, 100, 7349
2026/06/29 05:42:17.416, 156.94, 98, 7349
2026/06/29 05:42:18.416, 157.33, 100, 7349
2026/06/29 05:42:19.416, 157.34, 100, 7349
2026/06/29 05:42:20.416, 156.90, 98, 7349
2026/06/29 05:42:21.416, 157.65, 100, 7349
2026/06/29 05:42:22.417, 157.74, 100, 7349
2026/06/29 05:42:23.417, 157.12, 98, 7349
2026/06/29 05:42:24.417, 157.71, 100, 7349
2026/06/29 05:42:25.417, 157.47, 100, 7349
2026/06/29 05:42:26.426, 157.11, 98, 7349
2026/06/29 05:42:27.426, 157.55, 100, 7349
2026/06/29 05:42:28.426, 157.30, 100, 7349
2026/06/29 05:42:29.426, 157.01, 98, 7349
2026/06/29 05:42:30.426, 157.80, 100, 7349
2026/06/29 05:42:31.426, 157.26, 100, 7349
2026/06/29 05:42:32.427, 157.50, 98, 7349
2026/06/29 05:42:33.427, 157.63, 100, 7349
2026/06/29 05:42:34.427, 156.99, 100, 7349
2026/06/29 05:42:35.427, 157.30, 98, 7349
2026/06/29 05:42:36.427, 157.50, 100, 7349
2026/06/29 05:42:37.427, 156.87, 98, 7349
2026/06/29 05:42:38.428, 157.30, 100, 7349
2026/06/29 05:42:39.428, 157.85, 100, 7349
2026/06/29 05:42:40.428, 156.93, 98, 7349
2026/06/29 05:42:41.428, 156.21, 100, 7349
2026/06/29 05:42:42.428, 157.11, 100, 7349
2026/06/29 05:42:43.428, 156.42, 98, 7349
2026/06/29 05:42:44.429, 156.96, 100, 7349
2026/06/29 05:42:45.429, 157.37, 100, 7349
2026/06/29 05:42:46.429, 155.62, 89, 7349
2026/06/29 05:42:47.429, 156.27, 100, 7349
2026/06/29 05:42:48.429, 157.73, 100, 7349
2026/06/29 05:42:49.429, 156.67, 98, 7349
2026/06/29 05:42:50.430, 157.08, 100, 7349
2026/06/29 05:42:51.430, 157.07, 100, 7349
2026/06/29 05:42:52.430, 155.39, 98, 7349
2026/06/29 05:42:53.430, 157.10, 100, 7349
2026/06/29 05:42:54.430, 157.25, 100, 7349
2026/06/29 05:42:55.430, 156.81, 98, 7349
2026/06/29 05:42:56.430, 157.42, 100, 7349
2026/06/29 05:42:57.431, 155.70, 100, 7349
2026/06/29 05:42:58.431, 156.45, 98, 7349
2026/06/29 05:42:59.431, 156.89, 100, 7349
2026/06/29 05:43:00.431, 157.17, 100, 7349
2026/06/29 05:43:01.431, 156.75, 98, 7349
2026/06/29 05:43:02.431, 156.09, 100, 7349
2026/06/29 05:43:03.432, 157.60, 100, 7349
2026/06/29 05:43:04.432, 156.90, 98, 7349
2026/06/29 05:43:05.432, 157.20, 100, 7349
2026/06/29 05:43:06.432, 157.20, 100, 7349
2026/06/29 05:43:07.432, 155.36, 98, 7349
2026/06/29 05:43:08.432, 156.57, 100, 7349
2026/06/29 05:43:09.433, 156.95, 100, 7349
2026/06/29 05:43:10.433, 156.65, 98, 7349
2026/06/29 05:43:11.433, 157.11, 100, 7349
2026/06/29 05:43:12.441, 156.80, 100, 7349
2026/06/29 05:43:13.441, 156.31, 98, 7349
2026/06/29 05:43:14.442, 157.12, 100, 7349
2026/06/29 05:43:15.442, 157.01, 100, 7349
2026/06/29 05:43:16.442, 156.24, 98, 7349
2026/06/29 05:43:17.451, 157.59, 100, 7349
2026/06/29 05:43:18.451, 157.45, 100, 7349
2026/06/29 05:43:19.451, 157.03, 98, 7349
2026/06/29 05:43:20.451, 157.21, 100, 7349
2026/06/29 05:43:21.451, 156.72, 100, 7349
2026/06/29 05:43:22.451, 156.23, 98, 7349
2026/06/29 05:43:23.451, 156.80, 100, 7349
2026/06/29 05:43:24.452, 156.93, 100, 7349
2026/06/29 05:43:25.452, 157.01, 98, 7349
2026/06/29 05:43:26.452, 157.26, 100, 7349
2026/06/29 05:43:27.452, 157.20, 100, 7349
2026/06/29 05:43:28.452, 157.03, 98, 7349
2026/06/29 05:43:29.453, 157.41, 100, 7349
2026/06/29 05:43:30.453, 157.22, 100, 7349
2026/06/29 05:43:31.453, 157.09, 98, 7349
2026/06/29 05:43:32.453, 157.44, 100, 7349
2026/06/29 05:43:33.453, 157.25, 100, 7349
2026/06/29 05:43:34.453, 157.00, 98, 7349
2026/06/29 05:43:35.454, 157.26, 100, 7349
2026/06/29 05:43:36.454, 156.54, 98, 7349
2026/06/29 05:43:37.454, 156.90, 100, 7349
2026/06/29 05:43:38.454, 157.16, 100, 7349
2026/06/29 05:43:39.454, 156.60, 98, 7349
2026/06/29 05:43:40.454, 156.99, 100, 7349
2026/06/29 05:43:41.454, 157.04, 100, 7349
2026/06/29 05:43:42.455, 156.85, 98, 7349
2026/06/29 05:43:43.455, 157.12, 100, 7349
2026/06/29 05:43:44.455, 157.04, 100, 7349
2026/06/29 05:43:45.455, 156.74, 98, 7349
2026/06/29 05:43:46.455, 157.47, 100, 7349
2026/06/29 05:43:47.456, 156.23, 100, 7349
2026/06/29 05:43:48.456, 155.98, 98, 7349
2026/06/29 05:43:49.456, 156.78, 100, 7349
2026/06/29 05:43:50.456, 156.26, 100, 7349
2026/06/29 05:43:51.456, 156.18, 98, 7349
2026/06/29 05:43:52.456, 156.96, 100, 7349
2026/06/29 05:43:53.457, 156.77, 100, 7349
2026/06/29 05:43:54.457, 156.22, 98, 7349
2026/06/29 05:43:55.457, 156.51, 100, 7349
2026/06/29 05:43:56.457, 156.50, 100, 7349
2026/06/29 05:43:57.466, 156.48, 98, 7349
2026/06/29 05:43:58.466, 157.60, 100, 7349
2026/06/29 05:43:59.466, 157.52, 100, 7349
2026/06/29 05:44:00.466, 156.85, 98, 7349
2026/06/29 05:44:01.466, 157.16, 100, 7349
2026/06/29 05:44:02.468, 155.91, 100, 7349
2026/06/29 05:44:03.468, 156.67, 98, 7349
2026/06/29 05:44:04.468, 156.86, 100, 7349
2026/06/29 05:44:05.468, 157.21, 100, 7349
2026/06/29 05:44:06.469, 156.59, 98, 7349
2026/06/29 05:44:07.469, 157.02, 100, 7349
2026/06/29 05:44:08.469, 156.72, 100, 7349
2026/06/29 05:44:09.469, 156.90, 98, 7349
2026/06/29 05:44:10.469, 157.26, 100, 7349
2026/06/29 05:44:11.469, 156.71, 100, 7349
2026/06/29 05:44:12.469, 155.84, 98, 7349
2026/06/29 05:44:13.469, 157.29, 100, 7349
2026/06/29 05:44:14.470, 157.18, 100, 7349
2026/06/29 05:44:15.470, 157.01, 98, 7349
2026/06/29 05:44:16.470, 157.44, 100, 7349
2026/06/29 05:44:17.470, 157.37, 100, 7349
2026/06/29 05:44:18.470, 156.88, 98, 7349
2026/06/29 05:44:19.470, 157.44, 100, 7349
2026/06/29 05:44:20.470, 157.37, 100, 7349
2026/06/29 05:44:21.470, 156.91, 98, 7349
2026/06/29 05:44:22.471, 157.50, 100, 7349
2026/06/29 05:44:23.471, 157.22, 100, 7349
2026/06/29 05:44:24.471, 157.02, 98, 7349
2026/06/29 05:44:25.471, 157.59, 100, 7349
2026/06/29 05:44:26.471, 157.41, 100, 7349
2026/06/29 05:44:27.471, 155.95, 89, 7349
2026/06/29 05:44:28.471, 157.71, 100, 7349
2026/06/29 05:44:29.472, 157.44, 100, 7349
2026/06/29 05:44:30.472, 157.28, 98, 7349
2026/06/29 05:44:31.472, 157.52, 100, 7349
2026/06/29 05:44:32.472, 157.44, 100, 7349
2026/06/29 05:44:33.472, 156.24, 98, 7349
2026/06/29 05:44:34.472, 157.67, 100, 7349
2026/06/29 05:44:35.473, 157.31, 100, 7349
2026/06/29 05:44:36.473, 157.51, 98, 7349
2026/06/29 05:44:37.473, 157.62, 100, 7349
2026/06/29 05:44:38.473, 156.15, 100, 7349
2026/06/29 05:44:39.473, 157.28, 99, 7349
2026/06/29 05:44:40.473, 157.34, 100, 7349
2026/06/29 05:44:41.473, 156.91, 98, 7349
2026/06/29 05:44:42.473, 157.21, 100, 7349
2026/06/29 05:44:43.474, 156.06, 100, 7349
2026/06/29 05:44:44.474, 156.91, 98, 7349
2026/06/29 05:44:45.474, 157.63, 100, 7349
2026/06/29 05:44:46.474, 157.80, 100, 7349
2026/06/29 05:44:47.474, 156.69, 98, 7349
2026/06/29 05:44:48.474, 156.09, 100, 7349
2026/06/29 05:44:49.474, 157.59, 100, 7349
2026/06/29 05:44:50.475, 156.79, 98, 7349
2026/06/29 05:44:51.475, 157.25, 100, 7349
2026/06/29 05:44:52.475, 157.25, 100, 7349
2026/06/29 05:44:53.475, 155.48, 98, 7349
2026/06/29 05:44:54.477, 157.38, 100, 7349
2026/06/29 05:44:55.477, 157.72, 100, 7349
2026/06/29 05:44:56.477, 156.95, 98, 7349
2026/06/29 05:44:57.478, 157.62, 100, 7349
2026/06/29 05:44:58.478, 155.98, 100, 7349
2026/06/29 05:44:59.478, 156.73, 98, 7349
2026/06/29 05:45:00.478, 157.46, 100, 7349
2026/06/29 05:45:01.478, 157.37, 100, 7349
2026/06/29 05:45:02.478, 156.45, 98, 7349
2026/06/29 05:45:03.478, 156.85, 100, 7349
2026/06/29 05:45:04.479, 156.96, 100, 7349
2026/06/29 05:45:05.479, 156.67, 98, 7349
2026/06/29 05:45:06.479, 157.45, 100, 7349
2026/06/29 05:45:07.484, 156.90, 100, 7349
2026/06/29 05:45:08.484, 157.23, 98, 7349
2026/06/29 05:45:09.484, 157.46, 100, 7349
2026/06/29 05:45:10.484, 157.72, 100, 7349
2026/06/29 05:45:11.484, 157.22, 98, 7349
2026/06/29 05:45:12.484, 157.85, 100, 7349
2026/06/29 05:45:13.484, 157.70, 100, 7349
2026/06/29 05:45:14.485, 157.30, 98, 7349
2026/06/29 05:45:15.485, 157.74, 100, 7349
2026/06/29 05:45:16.485, 157.57, 100, 7349
2026/06/29 05:45:17.485, 157.18, 98, 7349
2026/06/29 05:45:18.485, 157.59, 100, 7349
2026/06/29 05:45:19.485, 157.51, 100, 7349
2026/06/29 05:45:20.485, 157.10, 98, 7349
2026/06/29 05:45:21.486, 157.71, 100, 7349
2026/06/29 05:45:22.486, 157.56, 100, 7349
2026/06/29 05:45:23.486, 157.46, 98, 7349
2026/06/29 05:45:24.486, 157.62, 100, 7349
2026/06/29 05:45:25.486, 157.23, 100, 7349
2026/06/29 05:45:26.486, 157.22, 98, 7349
2026/06/29 05:45:27.487, 157.85, 100, 7349
2026/06/29 05:45:28.487, 157.39, 100, 7349
2026/06/29 05:45:29.487, 157.46, 98, 7349
2026/06/29 05:45:30.487, 157.49, 100, 7349
2026/06/29 05:45:31.487, 157.41, 100, 7349
2026/06/29 05:45:32.487, 157.51, 98, 7349
2026/06/29 05:45:33.487, 157.77, 100, 7349
2026/06/29 05:45:34.488, 157.09, 98, 7349
2026/06/29 05:45:35.488, 157.38, 100, 7349
2026/06/29 05:45:36.488, 157.84, 100, 7349
2026/06/29 05:45:37.488, 156.65, 98, 7349
2026/06/29 05:45:38.488, 157.36, 100, 7349
2026/06/29 05:45:39.488, 157.31, 100, 7349
2026/06/29 05:45:40.488, 157.09, 98, 7349
2026/06/29 05:45:41.489, 158.03, 100, 7349
2026/06/29 05:45:42.489, 157.93, 100, 7349
2026/06/29 05:45:43.489, 157.22, 98, 7349
2026/06/29 05:45:44.489, 157.48, 100, 7349
2026/06/29 05:45:45.489, 157.74, 100, 7349
2026/06/29 05:45:46.489, 157.10, 98, 7349
2026/06/29 05:45:47.489, 157.56, 100, 7349
2026/06/29 05:45:48.490, 157.52, 100, 7349
2026/06/29 05:45:49.490, 157.28, 98, 7349
2026/06/29 05:45:50.490, 157.65, 100, 7349
2026/06/29 05:45:51.490, 157.34, 100, 7349
2026/06/29 05:45:52.490, 156.05, 98, 7349
2026/06/29 05:45:53.490, 157.78, 100, 7349
2026/06/29 05:45:54.490, 157.44, 100, 7349
2026/06/29 05:45:55.491, 156.83, 98, 7349
2026/06/29 05:45:56.491, 157.37, 100, 7349
2026/06/29 05:45:57.491, 156.20, 100, 7349
2026/06/29 05:45:58.491, 157.07, 98, 7349
2026/06/29 05:45:59.491, 157.89, 100, 7349
2026/06/29 05:46:00.491, 157.63, 100, 7349
2026/06/29 05:46:01.491, 157.53, 98, 7349
2026/06/29 05:46:02.492, 156.65, 100, 7349
2026/06/29 05:46:03.492, 156.85, 100, 7349
2026/06/29 05:46:04.492, 157.19, 98, 7349
2026/06/29 05:46:05.492, 157.85, 100, 7349
2026/06/29 05:46:06.492, 157.55, 100, 7349
2026/06/29 05:46:07.492, 156.23, 89, 7349
2026/06/29 05:46:08.492, 155.99, 100, 7349
2026/06/29 05:46:09.492, 157.07, 100, 7349
2026/06/29 05:46:10.493, 157.30, 100, 7349
2026/06/29 05:46:11.493, 159.37, 99, 7349
2026/06/29 05:46:12.493, 159.39, 99, 7349
2026/06/29 05:46:13.493, 159.18, 99, 7349
2026/06/29 05:46:14.493, 159.48, 100, 7349
2026/06/29 05:46:15.493, 159.72, 100, 7349
2026/06/29 05:46:16.493, 159.20, 100, 7349
2026/06/29 05:46:17.494, 159.37, 99, 7349
2026/06/29 05:46:18.494, 159.43, 99, 7349
2026/06/29 05:46:19.494, 159.38, 99, 7349
2026/06/29 05:46:20.494, 159.40, 100, 7349
2026/06/29 05:46:21.494, 159.33, 100, 7349
2026/06/29 05:46:22.494, 159.18, 100, 7349
2026/06/29 05:46:23.494, 159.34, 99, 7349
2026/06/29 05:46:24.495, 159.55, 99, 7349
2026/06/29 05:46:25.495, 159.39, 99, 7349
2026/06/29 05:46:26.495, 159.30, 100, 7349
2026/06/29 05:46:27.495, 159.25, 100, 7349
2026/06/29 05:46:28.495, 154.90, 98, 7349
2026/06/29 05:46:29.495, 157.81, 100, 7349
2026/06/29 05:46:30.496, 157.77, 100, 7349
2026/06/29 05:46:31.496, 157.00, 98, 7349
2026/06/29 05:46:32.496, 157.53, 100, 7349
2026/06/29 05:46:33.504, 157.75, 100, 7349
2026/06/29 05:46:34.505, 157.28, 98, 7349
2026/06/29 05:46:35.505, 157.89, 100, 7349
2026/06/29 05:46:36.505, 157.83, 100, 7349
2026/06/29 05:46:37.505, 157.24, 98, 7349
2026/06/29 05:46:38.505, 157.56, 100, 7349
2026/06/29 05:46:39.505, 157.16, 100, 7349
2026/06/29 05:46:40.505, 157.28, 98, 7349
2026/06/29 05:46:41.506, 158.00, 100, 7349
2026/06/29 05:46:42.506, 157.60, 100, 7349
2026/06/29 05:46:43.506, 157.40, 98, 7349
2026/06/29 05:46:44.506, 157.89, 100, 7349
2026/06/29 05:46:45.506, 157.65, 98, 7349
2026/06/29 05:46:46.506, 157.82, 100, 7349
2026/06/29 05:46:47.507, 157.92, 100, 7349
2026/06/29 05:46:48.507, 157.24, 98, 7349
2026/06/29 05:46:49.507, 157.90, 100, 7349
2026/06/29 05:46:50.507, 157.69, 100, 7349
2026/06/29 05:46:51.507, 157.21, 98, 7349
2026/06/29 05:46:52.507, 157.72, 100, 7349
2026/06/29 05:46:53.507, 157.92, 100, 7349
2026/06/29 05:46:54.508, 157.26, 98, 7349
2026/06/29 05:46:55.508, 157.83, 100, 7349
2026/06/29 05:46:56.508, 157.28, 100, 7349
2026/06/29 05:46:57.508, 157.30, 98, 7349
2026/06/29 05:46:58.508, 157.51, 100, 7349
2026/06/29 05:46:59.508, 157.93, 100, 7349
2026/06/29 05:47:00.508, 157.41, 98, 7349
2026/06/29 05:47:01.509, 158.04, 100, 7349
2026/06/29 05:47:02.509, 157.79, 100, 7349
2026/06/29 05:47:03.509, 157.34, 98, 7349
2026/06/29 05:47:04.509, 157.65, 100, 7349
2026/06/29 05:47:05.509, 157.55, 100, 7349
2026/06/29 05:47:06.509, 157.38, 98, 7349
2026/06/29 05:47:07.509, 157.61, 100, 7349
2026/06/29 05:47:08.510, 157.10, 100, 7349
2026/06/29 05:47:09.510, 157.48, 98, 7349
2026/06/29 05:47:10.510, 157.69, 100, 7349
2026/06/29 05:47:11.510, 157.19, 100, 7349
2026/06/29 05:47:12.510, 157.22, 98, 7349
2026/06/29 05:47:13.510, 157.68, 100, 7349
2026/06/29 05:47:14.511, 157.37, 98, 7349
2026/06/29 05:47:15.511, 157.34, 100, 7349
2026/06/29 05:47:16.511, 157.59, 100, 7349
2026/06/29 05:47:17.511, 156.12, 98, 7349
2026/06/29 05:47:18.511, 157.29, 100, 7349
2026/06/29 05:47:19.511, 157.65, 100, 7349
2026/06/29 05:47:20.511, 157.28, 98, 7349
2026/06/29 05:47:21.512, 157.65, 100, 7349
2026/06/29 05:47:22.512, 156.56, 100, 7349
2026/06/29 05:47:23.512, 157.36, 98, 7349
2026/06/29 05:47:24.512, 157.77, 100, 7349
2026/06/29 05:47:25.512, 157.47, 100, 7349
2026/06/29 05:47:26.512, 157.33, 98, 7349
2026/06/29 05:47:27.512, 156.12, 100, 7349
2026/06/29 05:47:28.513, 157.40, 100, 7349
2026/06/29 05:47:29.513, 157.16, 98, 7349
2026/06/29 05:47:30.513, 158.03, 100, 7349
2026/06/29 05:47:31.513, 157.67, 100, 7349
2026/06/29 05:47:32.513, 155.51, 98, 7349
2026/06/29 05:47:33.513, 157.17, 100, 7349
2026/06/29 05:47:34.513, 157.80, 100, 7349
2026/06/29 05:47:35.514, 157.12, 98, 7349
2026/06/29 05:47:36.514, 157.52, 100, 7349
2026/06/29 05:47:37.514, 156.14, 100, 7349
2026/06/29 05:47:38.514, 156.45, 98, 7349
2026/06/29 05:47:39.514, 157.43, 100, 7349
2026/06/29 05:47:40.514, 156.77, 100, 7349
2026/06/29 05:47:41.514, 157.03, 98, 7349
2026/06/29 05:47:42.515, 157.71, 100, 7349
2026/06/29 05:47:43.515, 157.55, 100, 7349
2026/06/29 05:47:44.515, 157.09, 98, 7349
2026/06/29 05:47:45.515, 157.77, 100, 7349
2026/06/29 05:47:46.515, 157.72, 100, 7349
2026/06/29 05:47:47.515, 156.89, 98, 7349
2026/06/29 05:47:48.516, 157.60, 100, 7349
2026/06/29 05:47:49.516, 157.56, 100, 7349
2026/06/29 05:47:50.516, 157.19, 98, 7349
2026/06/29 05:47:51.516, 157.48, 100, 7349
2026/06/29 05:47:52.525, 157.13, 100, 7349
2026/06/29 05:47:53.525, 157.13, 98, 7349
2026/06/29 05:47:54.525, 157.68, 100, 7349
2026/06/29 05:47:55.525, 157.20, 100, 7349
2026/06/29 05:47:56.525, 157.47, 98, 7349
2026/06/29 05:47:57.525, 157.66, 100, 7349
2026/06/29 05:47:58.525, 157.29, 100, 7349
2026/06/29 05:47:59.526, 157.36, 98, 7349
2026/06/29 05:48:00.526, 157.66, 100, 7349
2026/06/29 05:48:01.526, 157.30, 98, 7349
2026/06/29 05:48:02.534, 157.32, 100, 7349
2026/06/29 05:48:03.535, 157.48, 100, 7349
2026/06/29 05:48:04.535, 156.98, 98, 7349
2026/06/29 05:48:05.535, 157.35, 100, 7349
2026/06/29 05:48:06.535, 157.84, 100, 7349
2026/06/29 05:48:07.544, 157.05, 98, 7349
2026/06/29 05:48:08.544, 157.70, 100, 7349
2026/06/29 05:48:09.544, 157.46, 100, 7349
2026/06/29 05:48:10.544, 156.74, 98, 7349
2026/06/29 05:48:11.544, 156.92, 100, 7349
2026/06/29 05:48:12.553, 157.57, 100, 7349
2026/06/29 05:48:13.553, 157.09, 98, 7349
2026/06/29 05:48:14.553, 158.04, 100, 7349
2026/06/29 05:48:15.553, 157.59, 100, 7349
2026/06/29 05:48:16.553, 157.31, 98, 7349
2026/06/29 05:48:17.554, 156.84, 100, 7349
2026/06/29 05:48:18.554, 156.99, 100, 7349
2026/06/29 05:48:19.554, 157.21, 98, 7349
2026/06/29 05:48:20.554, 157.51, 100, 7349
2026/06/29 05:48:21.554, 157.46, 100, 7349
2026/06/29 05:48:22.554, 157.17, 98, 7349
2026/06/29 05:48:23.554, 157.58, 100, 7349
2026/06/29 05:48:24.555, 157.93, 100, 7349
2026/06/29 05:48:25.555, 157.25, 98, 7349
2026/06/29 05:48:26.555, 157.63, 100, 7349
2026/06/29 05:48:27.563, 157.43, 100, 7349
2026/06/29 05:48:28.564, 157.21, 98, 7349
2026/06/29 05:48:29.564, 157.84, 100, 7349
2026/06/29 05:48:30.564, 157.55, 100, 7349
2026/06/29 05:48:31.564, 157.27, 98, 7349
2026/06/29 05:48:32.564, 157.74, 100, 7349
2026/06/29 05:48:33.564, 157.51, 100, 7349
2026/06/29 05:48:34.565, 157.09, 98, 7349
2026/06/29 05:48:35.565, 157.86, 100, 7349
2026/06/29 05:48:36.565, 157.42, 100, 7349
2026/06/29 05:48:37.565, 157.17, 98, 7349
2026/06/29 05:48:38.565, 157.89, 100, 7349
2026/06/29 05:48:39.565, 157.13, 99, 7349
2026/06/29 05:48:40.566, 156.80, 99, 7349
2026/06/29 05:48:41.566, 157.24, 100, 7349
2026/06/29 05:48:42.566, 156.93, 99, 7349
2026/06/29 05:48:43.566, 157.08, 99, 7349
2026/06/29 05:48:44.566, 157.06, 100, 7349
2026/06/29 05:48:45.566, 156.41, 99, 7349
2026/06/29 05:48:46.567, 156.97, 100, 7349
2026/06/29 05:48:47.567, 157.29, 100, 7349
2026/06/29 05:48:48.567, 157.15, 98, 7349
2026/06/29 05:48:49.567, 157.12, 100, 7349
2026/06/29 05:48:50.567, 157.80, 100, 7349
2026/06/29 05:48:51.567, 156.81, 98, 7349
2026/06/29 05:48:52.567, 157.28, 100, 7349
2026/06/29 05:48:53.568, 157.29, 100, 7349
2026/06/29 05:48:54.568, 156.81, 98, 7349
2026/06/29 05:48:55.568, 157.33, 100, 7349
2026/06/29 05:48:56.568, 157.85, 100, 7349
2026/06/29 05:48:57.568, 157.01, 98, 7349
2026/06/29 05:48:58.568, 157.51, 100, 7349
2026/06/29 05:48:59.569, 157.49, 100, 7349
2026/06/29 05:49:00.569, 156.92, 98, 7349
2026/06/29 05:49:01.569, 157.48, 100, 7349
2026/06/29 05:49:02.569, 156.81, 100, 7349
2026/06/29 05:49:03.569, 157.13, 98, 7349
2026/06/29 05:49:04.569, 157.39, 100, 7349
2026/06/29 05:49:05.569, 157.12, 100, 7349
2026/06/29 05:49:06.570, 157.02, 98, 7349
2026/06/29 05:49:07.570, 156.60, 100, 7349
2026/06/29 05:49:08.570, 157.46, 100, 7349
2026/06/29 05:49:09.570, 157.07, 98, 7349
2026/06/29 05:49:10.570, 157.55, 100, 7349
2026/06/29 05:49:11.570, 156.98, 100, 7349
2026/06/29 05:49:12.570, 156.32, 89, 7349
2026/06/29 05:49:13.571, 157.38, 100, 7349
2026/06/29 05:49:14.571, 157.39, 100, 7349
2026/06/29 05:49:15.571, 157.56, 98, 7349
2026/06/29 05:49:16.571, 157.31, 100, 7349
2026/06/29 05:49:17.571, 156.00, 100, 7349
2026/06/29 05:49:18.571, 156.14, 98, 7349
2026/06/29 05:49:19.572, 157.76, 100, 7349
2026/06/29 05:49:20.572, 157.05, 100, 7349
2026/06/29 05:49:21.572, 157.67, 98, 7349
2026/06/29 05:49:22.572, 157.51, 100, 7349
2026/06/29 05:49:23.572, 155.92, 100, 7349
2026/06/29 05:49:24.572, 157.27, 98, 7349
2026/06/29 05:49:25.573, 157.18, 100, 7349
2026/06/29 05:49:26.573, 156.70, 100, 7349
2026/06/29 05:49:27.573, 157.25, 98, 7349
2026/06/29 05:49:28.573, 156.23, 100, 7349
2026/06/29 05:49:29.573, 157.30, 100, 7349
2026/06/29 05:49:30.573, 157.74, 98, 7349
2026/06/29 05:49:31.573, 157.25, 100, 7349
2026/06/29 05:49:32.574, 156.90, 100, 7349
2026/06/29 05:49:33.574, 156.58, 98, 7349
2026/06/29 05:49:34.574, 157.41, 100, 7349
2026/06/29 05:49:35.574, 157.12, 100, 7349
2026/06/29 05:49:36.574, 157.64, 98, 7349
2026/06/29 05:49:37.574, 157.42, 100, 7349
2026/06/29 05:49:38.574, 155.78, 98, 7349
2026/06/29 05:49:39.575, 157.68, 100, 7349
2026/06/29 05:49:40.575, 157.21, 100, 7349
2026/06/29 05:49:41.575, 157.18, 98, 7349
2026/06/29 05:49:42.575, 157.79, 100, 7349
2026/06/29 05:49:43.575, 156.64, 100, 7349
2026/06/29 05:49:44.575, 157.21, 98, 7349
2026/06/29 05:49:45.576, 157.29, 100, 7349
2026/06/29 05:49:46.576, 157.09, 100, 7349
2026/06/29 05:49:47.576, 156.75, 98, 7349
2026/06/29 05:49:48.584, 157.25, 100, 7349
2026/06/29 05:49:49.585, 157.61, 100, 7349
2026/06/29 05:49:50.585, 157.21, 98, 7349
2026/06/29 05:49:51.585, 157.82, 100, 7349
2026/06/29 05:49:52.585, 157.56, 100, 7349
2026/06/29 05:49:53.585, 157.31, 98, 7349
2026/06/29 05:49:54.585, 157.67, 100, 7349
2026/06/29 05:49:55.586, 157.52, 100, 7349
2026/06/29 05:49:56.586, 157.10, 98, 7349
2026/06/29 05:49:57.586, 157.61, 100, 7349
2026/06/29 05:49:58.586, 157.59, 100, 7349
2026/06/29 05:49:59.586, 157.71, 98, 7349
2026/06/29 05:50:00.586, 157.64, 100, 7349
2026/06/29 05:50:01.586, 156.90, 98, 7349
2026/06/29 05:50:02.587, 157.21, 100, 7349
2026/06/29 05:50:03.587, 157.86, 100, 7349
2026/06/29 05:50:04.587, 156.93, 98, 7349
2026/06/29 05:50:05.587, 157.30, 100, 7349
2026/06/29 05:50:06.587, 155.95, 100, 7349
2026/06/29 05:50:07.587, 156.97, 98, 7349
2026/06/29 05:50:08.588, 157.33, 100, 7349
2026/06/29 05:50:09.588, 157.89, 100, 7349
2026/06/29 05:50:10.588, 156.96, 98, 7349
2026/06/29 05:50:11.588, 157.42, 100, 7349
2026/06/29 05:50:12.588, 157.39, 100, 7349
2026/06/29 05:50:13.588, 157.11, 98, 7349
2026/06/29 05:50:14.588, 157.43, 100, 7349
2026/06/29 05:50:15.589, 157.42, 100, 7349
2026/06/29 05:50:16.589, 157.02, 98, 7349
2026/06/29 05:50:17.589, 157.44, 100, 7349
2026/06/29 05:50:18.589, 157.46, 100, 7349
2026/06/29 05:50:19.589, 156.87, 98, 7349
2026/06/29 05:50:20.589, 157.85, 100, 7349
2026/06/29 05:50:21.590, 157.54, 100, 7349
2026/06/29 05:50:22.590, 157.02, 98, 7349
2026/06/29 05:50:23.590, 157.37, 100, 7349
2026/06/29 05:50:24.590, 157.40, 100, 7349
2026/06/29 05:50:25.590, 157.46, 98, 7349
2026/06/29 05:50:26.599, 157.46, 100, 7349
2026/06/29 05:50:27.599, 157.21, 100, 7349
2026/06/29 05:50:28.599, 157.22, 98, 7349
2026/06/29 05:50:29.599, 157.47, 100, 7349
2026/06/29 05:50:30.599, 157.29, 100, 7349
2026/06/29 05:50:31.600, 157.61, 98, 7349
2026/06/29 05:50:32.600, 157.28, 100, 7349
2026/06/29 05:50:33.600, 157.29, 98, 7349
2026/06/29 05:50:34.600, 157.30, 100, 7349
2026/06/29 05:50:35.600, 157.55, 100, 7349
2026/06/29 05:50:36.600, 156.07, 98, 7349
2026/06/29 05:50:37.600, 157.19, 100, 7349
2026/06/29 05:50:38.601, 157.10, 100, 7349
2026/06/29 05:50:39.601, 156.48, 98, 7349
2026/06/29 05:50:40.601, 156.87, 99, 7349
2026/06/29 05:50:41.601, 156.10, 100, 7349
2026/06/29 05:50:42.601, 157.08, 100, 7349
2026/06/29 05:50:43.601, 156.96, 98, 7349
2026/06/29 05:50:44.601, 157.48, 100, 7349
2026/06/29 05:50:45.602, 157.18, 98, 7349
2026/06/29 05:50:46.602, 156.20, 95, 7349
2026/06/29 05:50:47.602, 156.20, 100, 7349
2026/06/29 05:50:48.602, 156.92, 100, 7349
2026/06/29 05:50:49.602, 156.63, 98, 7349
2026/06/29 05:50:50.602, 157.19, 100, 7349
2026/06/29 05:50:51.603, 157.00, 100, 7349
2026/06/29 05:50:52.603, 155.46, 98, 7349
2026/06/29 05:50:53.603, 156.59, 100, 7349
2026/06/29 05:50:54.603, 155.94, 100, 7349
2026/06/29 05:50:55.603, 156.28, 98, 7349
2026/06/29 05:50:56.603, 157.34, 100, 7349
2026/06/29 05:50:57.604, 155.92, 100, 7349
2026/06/29 05:50:58.604, 156.96, 98, 7349
2026/06/29 05:50:59.604, 157.17, 100, 7349
2026/06/29 05:51:00.604, 156.94, 100, 7349
2026/06/29 05:51:01.604, 156.93, 98, 7349
2026/06/29 05:51:02.604, 155.99, 100, 7349
2026/06/29 05:51:03.604, 156.79, 100, 7349
2026/06/29 05:51:04.605, 156.73, 98, 7349
2026/06/29 05:51:05.605, 157.25, 100, 7349
2026/06/29 05:51:06.605, 157.33, 100, 7349
2026/06/29 05:51:07.605, 155.62, 98, 7349
2026/06/29 05:51:08.605, 157.68, 100, 7349
2026/06/29 05:51:09.605, 157.77, 100, 7349
2026/06/29 05:51:10.605, 157.30, 98, 7349
2026/06/29 05:51:11.606, 157.76, 100, 7349
2026/06/29 05:51:12.606, 155.87, 100, 7349
2026/06/29 05:51:13.606, 157.02, 98, 7349
2026/06/29 05:51:14.606, 157.33, 100, 7349
2026/06/29 05:51:15.606, 157.52, 100, 7349
2026/06/29 05:51:16.606, 157.05, 98, 7349
2026/06/29 05:51:17.607, 157.15, 100, 7349
2026/06/29 05:51:18.607, 157.02, 100, 7349
2026/06/29 05:51:19.607, 156.74, 98, 7349
2026/06/29 05:51:20.607, 157.29, 100, 7349
2026/06/29 05:51:21.607, 157.21, 100, 7349
2026/06/29 05:51:22.607, 156.78, 98, 7349
2026/06/29 05:51:23.607, 157.38, 100, 7349
2026/06/29 05:51:24.608, 156.76, 100, 7349
2026/06/29 05:51:25.608, 157.17, 98, 7349
2026/06/29 05:51:26.608, 156.98, 100, 7349
2026/06/29 05:51:27.608, 156.79, 100, 7349
2026/06/29 05:51:28.608, 157.55, 100, 7349
2026/06/29 05:51:29.608, 159.55, 99, 7349
2026/06/29 05:51:30.609, 159.39, 99, 7349
2026/06/29 05:51:31.609, 159.27, 99, 7349
2026/06/29 05:51:32.617, 159.27, 100, 7349
2026/06/29 05:51:33.617, 159.19, 99, 7349
2026/06/29 05:51:34.618, 159.36, 100, 7349
2026/06/29 05:51:35.618, 159.34, 100, 7349
2026/06/29 05:51:36.618, 159.29, 100, 7349
2026/06/29 05:51:37.618, 159.29, 99, 7349
2026/06/29 05:51:38.618, 159.50, 100, 7349
2026/06/29 05:51:39.618, 159.34, 99, 7349
2026/06/29 05:51:40.618, 159.25, 100, 7349
2026/06/29 05:51:41.619, 159.34, 100, 7349
2026/06/29 05:51:42.627, 159.51, 100, 7349
2026/06/29 05:51:43.627, 159.61, 100, 7349
2026/06/29 05:51:44.627, 159.97, 99, 7349
2026/06/29 05:51:45.628, 159.96, 100, 7349
2026/06/29 05:51:46.628, 153.52, 100, 7349
2026/06/29 05:51:47.633, 155.22, 98, 7349
2026/06/29 05:51:48.633, 157.17, 100, 7349
2026/06/29 05:51:49.633, 156.97, 100, 7349
2026/06/29 05:51:50.634, 157.05, 98, 7349
2026/06/29 05:51:51.634, 157.52, 100, 7349
2026/06/29 05:51:52.634, 157.07, 100, 7349
2026/06/29 05:51:53.634, 157.13, 98, 7349
2026/06/29 05:51:54.634, 157.10, 100, 7349
2026/06/29 05:51:55.634, 156.60, 100, 7349
2026/06/29 05:51:56.635, 156.72, 98, 7349
2026/06/29 05:51:57.643, 157.11, 100, 7349
2026/06/29 05:51:58.643, 156.67, 100, 7349
2026/06/29 05:51:59.643, 156.70, 98, 7349
2026/06/29 05:52:00.644, 157.43, 100, 7349
2026/06/29 05:52:01.644, 156.74, 100, 7349
2026/06/29 05:52:02.644, 155.44, 98, 7349
2026/06/29 05:52:03.644, 157.66, 100, 7349
2026/06/29 05:52:04.644, 157.53, 100, 7349
2026/06/29 05:52:05.645, 156.28, 98, 7349
2026/06/29 05:52:06.645, 156.71, 100, 7349
2026/06/29 05:52:07.645, 156.31, 100, 7349
2026/06/29 05:52:08.645, 156.35, 98, 7349
2026/06/29 05:52:09.645, 157.43, 100, 7349
2026/06/29 05:52:10.645, 157.30, 100, 7349
2026/06/29 05:52:11.645, 156.88, 98, 7349
2026/06/29 05:52:12.646, 157.66, 100, 7349
2026/06/29 05:52:13.646, 157.16, 100, 7349
2026/06/29 05:52:14.646, 156.99, 98, 7349
2026/06/29 05:52:15.646, 157.65, 100, 7349
2026/06/29 05:52:16.646, 157.07, 100, 7349
2026/06/29 05:52:17.646, 156.47, 98, 7349
2026/06/29 05:52:18.647, 157.55, 100, 7349
2026/06/29 05:52:19.647, 157.18, 100, 7349
2026/06/29 05:52:20.647, 156.72, 98, 7349
2026/06/29 05:52:21.647, 156.89, 100, 7349
2026/06/29 05:52:22.647, 156.07, 100, 7349
2026/06/29 05:52:23.647, 156.50, 98, 7349
2026/06/29 05:52:24.647, 157.41, 100, 7349
2026/06/29 05:52:25.648, 156.57, 100, 7349
2026/06/29 05:52:26.648, 156.12, 98, 7349
2026/06/29 05:52:27.648, 155.46, 100, 7349
2026/06/29 05:52:28.648, 156.38, 100, 7349
2026/06/29 05:52:29.648, 156.15, 98, 7349
2026/06/29 05:52:30.648, 157.26, 100, 7349
2026/06/29 05:52:31.649, 157.44, 100, 7349
2026/06/29 05:52:32.649, 155.29, 98, 7349
2026/06/29 05:52:33.649, 157.29, 100, 7349
2026/06/29 05:52:34.649, 157.73, 100, 7349
2026/06/29 05:52:35.649, 157.00, 98, 7349
2026/06/29 05:52:36.649, 157.71, 100, 7349
2026/06/29 05:52:37.649, 156.16, 100, 7349
2026/06/29 05:52:38.650, 156.03, 98, 7349
2026/06/29 05:52:39.650, 157.37, 100, 7349
2026/06/29 05:52:40.650, 157.55, 100, 7349
2026/06/29 05:52:41.650, 156.77, 98, 7349
2026/06/29 05:52:42.650, 156.41, 100, 7349
2026/06/29 05:52:43.650, 157.29, 100, 7349
2026/06/29 05:52:44.650, 156.36, 98, 7349
2026/06/29 05:52:45.651, 156.89, 100, 7349
2026/06/29 05:52:46.651, 157.08, 100, 7349
2026/06/29 05:52:47.651, 155.17, 98, 7349
2026/06/29 05:52:48.651, 157.03, 100, 7349
2026/06/29 05:52:49.651, 157.37, 100, 7349
2026/06/29 05:52:50.651, 156.61, 98, 7349
2026/06/29 05:52:51.652, 157.17, 100, 7349
2026/06/29 05:52:52.652, 156.31, 100, 7349
2026/06/29 05:52:53.652, 156.55, 98, 7349
2026/06/29 05:52:54.652, 157.49, 100, 7349
2026/06/29 05:52:55.652, 157.74, 100, 7349
2026/06/29 05:52:56.652, 156.89, 98, 7349
2026/06/29 05:52:57.653, 156.08, 100, 7349
2026/06/29 05:52:58.653, 157.49, 100, 7349
2026/06/29 05:52:59.653, 156.77, 98, 7349
2026/06/29 05:53:00.653, 157.77, 100, 7349
2026/06/29 05:53:01.653, 157.54, 100, 7349
2026/06/29 05:53:02.653, 156.01, 90, 7349
2026/06/29 05:53:03.654, 156.18, 100, 7349
2026/06/29 05:53:04.654, 157.35, 100, 7349
2026/06/29 05:53:05.654, 156.74, 98, 7349
2026/06/29 05:53:06.654, 157.46, 100, 7349
2026/06/29 05:53:07.654, 157.39, 100, 7349
2026/06/29 05:53:08.654, 157.03, 98, 7349
2026/06/29 05:53:09.655, 157.78, 100, 7349
2026/06/29 05:53:10.655, 157.69, 100, 7349
2026/06/29 05:53:11.655, 157.43, 98, 7349
2026/06/29 05:53:12.655, 157.51, 100, 7349
2026/06/29 05:53:13.655, 157.45, 100, 7349
2026/06/29 05:53:14.655, 157.07, 98, 7349
2026/06/29 05:53:15.656, 157.76, 100, 7349
2026/06/29 05:53:16.656, 157.46, 100, 7349
2026/06/29 05:53:17.656, 157.30, 98, 7349
2026/06/29 05:53:18.656, 157.33, 100, 7349
2026/06/29 05:53:19.656, 157.00, 100, 7349
2026/06/29 05:53:20.656, 157.08, 98, 7349
2026/06/29 05:53:21.657, 157.70, 100, 7349
2026/06/29 05:53:22.657, 157.09, 100, 7349
2026/06/29 05:53:23.657, 157.35, 98, 7349
2026/06/29 05:53:24.657, 157.72, 100, 7349
2026/06/29 05:53:25.657, 157.20, 100, 7349
2026/06/29 05:53:26.657, 157.19, 98, 7349
2026/06/29 05:53:27.658, 157.54, 100, 7349
2026/06/29 05:53:28.658, 157.32, 98, 7349
2026/06/29 05:53:29.658, 157.83, 100, 7349
2026/06/29 05:53:30.658, 158.06, 100, 7349
2026/06/29 05:53:31.658, 156.72, 98, 7349
2026/06/29 05:53:32.658, 157.65, 100, 7349
2026/06/29 05:53:33.659, 157.34, 100, 7349
2026/06/29 05:53:34.659, 156.85, 98, 7349
2026/06/29 05:53:35.659, 157.92, 100, 7349
2026/06/29 05:53:36.659, 157.39, 100, 7349
2026/06/29 05:53:37.659, 157.09, 98, 7349
2026/06/29 05:53:38.659, 157.47, 100, 7349
2026/06/29 05:53:39.660, 157.73, 100, 7349
2026/06/29 05:53:40.660, 157.07, 98, 7349
2026/06/29 05:53:41.660, 157.82, 100, 7349
2026/06/29 05:53:42.660, 157.28, 100, 7349
2026/06/29 05:53:43.660, 157.01, 98, 7349
2026/06/29 05:53:44.660, 157.53, 100, 7349
2026/06/29 05:53:45.660, 157.24, 100, 7349
2026/06/29 05:53:46.661, 157.03, 98, 7349
2026/06/29 05:53:47.661, 157.35, 100, 7349
2026/06/29 05:53:48.661, 156.23, 100, 7349
2026/06/29 05:53:49.661, 156.54, 98, 7349
2026/06/29 05:53:50.661, 157.55, 100, 7349
2026/06/29 05:53:51.661, 157.27, 100, 7349
2026/06/29 05:53:52.662, 156.71, 98, 7349
2026/06/29 05:53:53.662, 156.87, 100, 7349
2026/06/29 05:53:54.662, 155.91, 100, 7349
2026/06/29 05:53:55.662, 157.13, 98, 7349
2026/06/29 05:53:56.662, 157.55, 100, 7349
2026/06/29 05:53:57.662, 157.20, 100, 7349
2026/06/29 05:53:58.662, 157.12, 98, 7349
2026/06/29 05:53:59.663, 156.55, 100, 7349
2026/06/29 05:54:00.663, 156.92, 100, 7349
2026/06/29 05:54:01.663, 157.13, 98, 7349
2026/06/29 05:54:02.663, 157.68, 100, 7349
2026/06/29 05:54:03.663, 157.50, 100, 7349
2026/06/29 05:54:04.663, 156.06, 98, 7349
2026/06/29 05:54:05.664, 157.36, 100, 7349
2026/06/29 05:54:06.664, 156.90, 100, 7349
2026/06/29 05:54:07.664, 156.79, 98, 7349
2026/06/29 05:54:08.664, 157.82, 100, 7349
2026/06/29 05:54:09.664, 156.31, 100, 7349
2026/06/29 05:54:10.664, 156.77, 98, 7349
2026/06/29 05:54:11.664, 157.20, 100, 7349
2026/06/29 05:54:12.665, 157.15, 100, 7349
2026/06/29 05:54:13.665, 156.95, 98, 7349
2026/06/29 05:54:14.665, 155.84, 100, 7349
2026/06/29 05:54:15.665, 157.24, 100, 7349
2026/06/29 05:54:16.665, 156.92, 98, 7349
2026/06/29 05:54:17.665, 157.38, 100, 7349
2026/06/29 05:54:18.666, 157.11, 100, 7349
2026/06/29 05:54:19.666, 155.58, 89, 7349
2026/06/29 05:54:20.666, 155.75, 100, 7349
2026/06/29 05:54:21.666, 156.56, 100, 7349
2026/06/29 05:54:22.666, 156.87, 98, 7349
2026/06/29 05:54:23.666, 157.15, 100, 7349
2026/06/29 05:54:24.667, 156.83, 100, 7349
2026/06/29 05:54:25.667, 155.77, 98, 7349
2026/06/29 05:54:26.667, 157.13, 100, 7349
2026/06/29 05:54:27.667, 157.46, 100, 7349
2026/06/29 05:54:28.667, 156.74, 98, 7349
2026/06/29 05:54:29.667, 157.32, 100, 7349
2026/06/29 05:54:30.668, 157.12, 100, 7349
2026/06/29 05:54:31.668, 156.58, 98, 7349
2026/06/29 05:54:32.668, 157.14, 100, 7349
2026/06/29 05:54:33.668, 156.85, 100, 7349
2026/06/29 05:54:34.668, 156.77, 98, 7349
2026/06/29 05:54:35.677, 157.18, 100, 7349
2026/06/29 05:54:36.677, 156.94, 100, 7349
2026/06/29 05:54:37.677, 157.19, 98, 7349
2026/06/29 05:54:38.677, 157.93, 100, 7349
2026/06/29 05:54:39.677, 157.73, 100, 7349
2026/06/29 05:54:40.678, 157.14, 98, 7349
2026/06/29 05:54:41.678, 157.72, 100, 7349
2026/06/29 05:54:42.678, 156.98, 100, 7349
2026/06/29 05:54:43.678, 156.57, 98, 7349
2026/06/29 05:54:44.678, 157.25, 100, 7349
2026/06/29 05:54:45.687, 156.59, 100, 7349
2026/06/29 05:54:46.687, 156.89, 98, 7349
2026/06/29 05:54:47.687, 157.08, 100, 7349
2026/06/29 05:54:48.687, 157.28, 100, 7349
2026/06/29 05:54:49.687, 157.36, 98, 7349
2026/06/29 05:54:50.688, 157.69, 100, 7349
2026/06/29 05:54:51.688, 157.27, 100, 7349
2026/06/29 05:54:52.688, 156.93, 98, 7349
2026/06/29 05:54:53.688, 157.56, 100, 7349
2026/06/29 05:54:54.688, 157.28, 100, 7349
2026/06/29 05:54:55.688, 157.45, 98, 7349
2026/06/29 05:54:56.689, 157.58, 100, 7349
2026/06/29 05:54:57.689, 157.30, 98, 7349
2026/06/29 05:54:58.689, 157.37, 100, 7349
2026/06/29 05:54:59.689, 157.70, 100, 7349
2026/06/29 05:55:00.697, 155.96, 98, 7349
2026/06/29 05:55:01.697, 157.56, 100, 7349
2026/06/29 05:55:02.698, 157.57, 100, 7349
2026/06/29 05:55:03.698, 157.33, 98, 7349
2026/06/29 05:55:04.698, 157.83, 100, 7349
2026/06/29 05:55:05.698, 157.44, 100, 7349
2026/06/29 05:55:06.698, 156.13, 89, 7349
2026/06/29 05:55:07.698, 156.05, 100, 7349
2026/06/29 05:55:08.698, 157.43, 100, 7349
2026/06/29 05:55:09.699, 156.68, 98, 7349
2026/06/29 05:55:10.699, 157.79, 100, 7349
2026/06/29 05:55:11.699, 157.05, 100, 7349
2026/06/29 05:55:12.699, 155.63, 98, 7349
2026/06/29 05:55:13.699, 157.26, 100, 7349
2026/06/29 05:55:14.699, 157.64, 100, 7349
2026/06/29 05:55:15.699, 156.90, 98, 7349
2026/06/29 05:55:16.700, 157.15, 100, 7349
2026/06/29 05:55:17.708, 157.59, 100, 7349
2026/06/29 05:55:18.708, 156.71, 98, 7349
2026/06/29 05:55:19.708, 157.23, 100, 7349
2026/06/29 05:55:20.709, 157.02, 100, 7349
2026/06/29 05:55:21.709, 156.94, 98, 7349
2026/06/29 05:55:22.709, 157.67, 100, 7349
2026/06/29 05:55:23.709, 157.33, 100, 7349
2026/06/29 05:55:24.709, 157.01, 98, 7349
2026/06/29 05:55:25.709, 157.75, 100, 7349
2026/06/29 05:55:26.710, 157.53, 100, 7349
2026/06/29 05:55:27.710, 155.59, 98, 7349
2026/06/29 05:55:28.710, 157.35, 100, 7349
2026/06/29 05:55:29.710, 157.19, 100, 7349
2026/06/29 05:55:30.710, 156.84, 98, 7349
2026/06/29 05:55:31.710, 157.12, 100, 7349
2026/06/29 05:55:32.710, 156.80, 100, 7349
2026/06/29 05:55:33.711, 156.77, 98, 7349
2026/06/29 05:55:34.711, 157.03, 100, 7349
2026/06/29 05:55:35.711, 156.80, 100, 7349
2026/06/29 05:55:36.711, 156.82, 98, 7349
2026/06/29 05:55:37.711, 155.98, 100, 7349
2026/06/29 05:55:38.711, 156.94, 100, 7349
2026/06/29 05:55:39.711, 156.24, 98, 7349
2026/06/29 05:55:40.711, 156.78, 100, 7349
2026/06/29 05:55:41.712, 156.95, 100, 7349
2026/06/29 05:55:42.712, 155.32, 98, 7349
2026/06/29 05:55:43.712, 157.51, 100, 7349
2026/06/29 05:55:44.712, 157.01, 100, 7349
2026/06/29 05:55:45.712, 156.99, 98, 7349
2026/06/29 05:55:46.712, 157.86, 100, 7349
2026/06/29 05:55:47.713, 156.19, 100, 7349
2026/06/29 05:55:48.713, 156.69, 98, 7349
2026/06/29 05:55:49.713, 157.06, 100, 7349
2026/06/29 05:55:50.713, 157.43, 100, 7349
2026/06/29 05:55:51.713, 156.79, 98, 7349
2026/06/29 05:55:52.713, 156.31, 100, 7349
2026/06/29 05:55:53.714, 157.44, 100, 7349
2026/06/29 05:55:54.714, 157.12, 98, 7349
2026/06/29 05:55:55.714, 157.39, 100, 7349
2026/06/29 05:55:56.714, 157.42, 100, 7349
2026/06/29 05:55:57.714, 156.05, 89, 7349
2026/06/29 05:55:58.714, 156.36, 100, 7349
2026/06/29 05:55:59.714, 156.93, 100, 7349
2026/06/29 05:56:00.715, 156.77, 98, 7349
2026/06/29 05:56:01.715, 157.44, 100, 7349
2026/06/29 05:56:02.715, 157.19, 100, 7349
2026/06/29 05:56:03.715, 156.07, 98, 7349
2026/06/29 05:56:04.715, 157.51, 100, 7349
2026/06/29 05:56:05.715, 157.65, 100, 7349
2026/06/29 05:56:06.716, 156.95, 98, 7349
2026/06/29 05:56:07.716, 157.87, 100, 7349
2026/06/29 05:56:08.716, 157.77, 100, 7349
2026/06/29 05:56:09.716, 157.26, 98, 7349
2026/06/29 05:56:10.716, 157.51, 100, 7349
2026/06/29 05:56:11.716, 157.39, 100, 7349
2026/06/29 05:56:12.717, 157.20, 98, 7349
2026/06/29 05:56:13.717, 157.80, 100, 7349
2026/06/29 05:56:14.717, 157.51, 100, 7349
2026/06/29 05:56:15.717, 157.35, 98, 7349
2026/06/29 05:56:16.717, 157.85, 100, 7349
2026/06/29 05:56:17.717, 157.49, 100, 7349
2026/06/29 05:56:18.718, 157.53, 98, 7349
2026/06/29 05:56:19.718, 157.66, 100, 7349
2026/06/29 05:56:20.718, 157.28, 100, 7349
2026/06/29 05:56:21.718, 157.54, 98, 7349
2026/06/29 05:56:22.718, 157.69, 100, 7349
2026/06/29 05:56:23.718, 157.11, 98, 7349
2026/06/29 05:56:24.718, 157.48, 100, 7349
2026/06/29 05:56:25.719, 158.04, 100, 7349
2026/06/29 05:56:26.719, 157.10, 98, 7349
2026/06/29 05:56:27.719, 157.54, 100, 7349
2026/06/29 05:56:28.719, 157.58, 100, 7349
2026/06/29 05:56:29.719, 157.17, 98, 7349
2026/06/29 05:56:30.719, 157.62, 100, 7349
2026/06/29 05:56:31.720, 157.91, 100, 7349
2026/06/29 05:56:32.720, 157.30, 98, 7349
2026/06/29 05:56:33.720, 157.76, 100, 7349
2026/06/29 05:56:34.720, 157.45, 100, 7349
2026/06/29 05:56:35.720, 157.17, 98, 7349
2026/06/29 05:56:36.720, 157.42, 100, 7349
2026/06/29 05:56:37.720, 157.40, 100, 7349
2026/06/29 05:56:38.721, 156.99, 98, 7349
2026/06/29 05:56:39.721, 157.76, 100, 7349
2026/06/29 05:56:40.721, 157.47, 100, 7349
2026/06/29 05:56:41.721, 157.12, 98, 7349
2026/06/29 05:56:42.721, 157.75, 100, 7349
2026/06/29 05:56:43.721, 157.66, 100, 7349
2026/06/29 05:56:44.722, 157.32, 98, 7349
2026/06/29 05:56:45.722, 155.89, 100, 7349
2026/06/29 05:56:46.722, 159.91, 99, 7349
2026/06/29 05:56:47.722, 160.02, 99, 7349
2026/06/29 05:56:48.722, 160.01, 99, 7349
2026/06/29 05:56:49.722, 160.07, 100, 7349
2026/06/29 05:56:50.722, 160.01, 100, 7349
2026/06/29 05:56:51.723, 159.80, 99, 7349
2026/06/29 05:56:52.723, 160.26, 99, 7349
2026/06/29 05:56:53.723, 160.22, 99, 7349
2026/06/29 05:56:54.723, 160.02, 100, 7349
2026/06/29 05:56:55.723, 159.91, 100, 7349
2026/06/29 05:56:56.723, 160.02, 99, 7349
2026/06/29 05:56:57.723, 160.05, 99, 7349
2026/06/29 05:56:58.723, 159.91, 100, 7349
2026/06/29 05:56:59.724, 160.10, 100, 7349
2026/06/29 05:57:00.724, 160.32, 100, 7349
2026/06/29 05:57:01.724, 159.90, 99, 7349
2026/06/29 05:57:02.724, 160.17, 100, 7349
2026/06/29 05:57:03.724, 160.15, 100, 7349
2026/06/29 05:57:04.724, 154.11, 98, 7349
2026/06/29 05:57:05.724, 157.39, 100, 7349
2026/06/29 05:57:06.725, 157.39, 100, 7349
2026/06/29 05:57:07.725, 157.70, 98, 7349
2026/06/29 05:57:08.725, 157.68, 100, 7349
2026/06/29 05:57:09.725, 156.04, 100, 7349
2026/06/29 05:57:10.725, 157.63, 98, 7349
2026/06/29 05:57:11.725, 157.80, 100, 7349
2026/06/29 05:57:12.725, 157.30, 98, 7349
2026/06/29 05:57:13.726, 157.34, 100, 7349
2026/06/29 05:57:14.726, 157.62, 100, 7349
2026/06/29 05:57:15.726, 157.34, 98, 7349
2026/06/29 05:57:16.726, 157.33, 100, 7349
2026/06/29 05:57:17.726, 157.69, 100, 7349
2026/06/29 05:57:18.726, 157.46, 98, 7349
2026/06/29 05:57:19.727, 156.18, 100, 7349
2026/06/29 05:57:20.727, 157.17, 100, 7349
2026/06/29 05:57:21.727, 156.48, 98, 7349
2026/06/29 05:57:22.727, 156.82, 100, 7349
2026/06/29 05:57:23.727, 157.48, 100, 7349
2026/06/29 05:57:24.727, 155.85, 100, 7349
2026/06/29 05:57:25.727, 157.06, 98, 7349
2026/06/29 05:57:26.728, 157.41, 100, 7349
2026/06/29 05:57:27.728, 156.82, 100, 7349
2026/06/29 05:57:28.728, 157.02, 98, 7349
2026/06/29 05:57:29.728, 155.98, 100, 7349
2026/06/29 05:57:30.728, 157.34, 100, 7349
2026/06/29 05:57:31.728, 156.99, 98, 7349
2026/06/29 05:57:32.729, 157.25, 100, 7349
2026/06/29 05:57:33.729, 157.06, 100, 7349
2026/06/29 05:57:34.729, 155.78, 98, 7349
2026/06/29 05:57:35.729, 157.35, 100, 7349
2026/06/29 05:57:36.729, 156.62, 100, 7349
2026/06/29 05:57:37.730, 156.65, 98, 7349
2026/06/29 05:57:38.730, 157.20, 100, 7349
2026/06/29 05:57:39.730, 156.32, 100, 7349
2026/06/29 05:57:40.730, 156.65, 98, 7349
2026/06/29 05:57:41.730, 157.58, 100, 7349
2026/06/29 05:57:42.730, 156.94, 100, 7349
2026/06/29 05:57:43.730, 156.81, 98, 7349
2026/06/29 05:57:44.731, 156.31, 100, 7349
2026/06/29 05:57:45.731, 156.45, 100, 7349
2026/06/29 05:57:46.731, 156.47, 98, 7349
2026/06/29 05:57:47.731, 157.10, 100, 7349
2026/06/29 05:57:48.731, 157.37, 100, 7349
2026/06/29 05:57:49.731, 156.04, 89, 7349
2026/06/29 05:57:50.732, 155.93, 100, 7349
2026/06/29 05:57:51.732, 157.30, 100, 7349
2026/06/29 05:57:52.732, 157.03, 98, 7349
2026/06/29 05:57:53.732, 157.66, 100, 7349
2026/06/29 05:57:54.732, 157.74, 100, 7349
2026/06/29 05:57:55.732, 155.95, 98, 7349
2026/06/29 05:57:56.733, 157.69, 100, 7349
2026/06/29 05:57:57.733, 157.39, 100, 7349
2026/06/29 05:57:58.733, 156.91, 98, 7349
2026/06/29 05:57:59.733, 157.76, 100, 7349
2026/06/29 05:58:00.733, 156.14, 100, 7349
2026/06/29 05:58:01.733, 156.29, 98, 7349
2026/06/29 05:58:02.734, 156.72, 100, 7349
2026/06/29 05:58:03.734, 156.75, 100, 7349
2026/06/29 05:58:04.734, 156.91, 98, 7349
2026/06/29 05:58:05.734, 157.38, 100, 7349
2026/06/29 05:58:06.734, 157.67, 100, 7349
2026/06/29 05:58:07.734, 157.27, 98, 7349
2026/06/29 05:58:08.735, 157.68, 100, 7349
2026/06/29 05:58:09.735, 157.63, 100, 7349
2026/06/29 05:58:10.735, 157.03, 98, 7349
2026/06/29 05:58:11.735, 157.52, 100, 7349
2026/06/29 05:58:12.735, 156.96, 100, 7349
2026/06/29 05:58:13.735, 156.70, 98, 7349
2026/06/29 05:58:14.736, 157.69, 100, 7349
2026/06/29 05:58:15.736, 156.97, 100, 7349
2026/06/29 05:58:16.736, 156.95, 98, 7349
2026/06/29 05:58:17.736, 157.22, 100, 7349
2026/06/29 05:58:18.736, 157.09, 100, 7349
2026/06/29 05:58:19.736, 156.75, 98, 7349
2026/06/29 05:58:20.737, 157.15, 100, 7349
2026/06/29 05:58:21.737, 157.15, 100, 7349
2026/06/29 05:58:22.737, 156.79, 98, 7349
2026/06/29 05:58:23.737, 157.29, 100, 7349
2026/06/29 05:58:24.737, 157.15, 100, 7349
2026/06/29 05:58:25.738, 157.07, 98, 7349
2026/06/29 05:58:26.738, 157.88, 100, 7349
2026/06/29 05:58:27.738, 157.59, 100, 7349
2026/06/29 05:58:28.738, 157.13, 98, 7349
2026/06/29 05:58:29.738, 157.79, 100, 7349
2026/06/29 05:58:30.738, 157.06, 100, 7349
2026/06/29 05:58:31.739, 157.06, 98, 7349
2026/06/29 05:58:32.739, 157.43, 100, 7349
2026/06/29 05:58:33.739, 157.32, 100, 7349
2026/06/29 05:58:34.739, 156.89, 98, 7349
2026/06/29 05:58:35.739, 155.90, 100, 7349
2026/06/29 05:58:36.739, 157.40, 100, 7349
2026/06/29 05:58:37.740, 157.22, 98, 7349
2026/06/29 05:58:38.740, 157.00, 100, 7349
2026/06/29 05:58:39.740, 156.78, 100, 7349
2026/06/29 05:58:40.740, 155.58, 98, 7349
2026/06/29 05:58:41.740, 157.23, 100, 7349
2026/06/29 05:58:42.740, 156.56, 100, 7349
2026/06/29 05:58:43.741, 156.93, 98, 7349
2026/06/29 05:58:44.741, 157.16, 100, 7349
2026/06/29 05:58:45.741, 156.08, 100, 7349
2026/06/29 05:58:46.741, 156.76, 98, 7349
2026/06/29 05:58:47.741, 157.37, 100, 7349
2026/06/29 05:58:48.741, 156.91, 100, 7349
2026/06/29 05:58:49.741, 157.29, 98, 7349
2026/06/29 05:58:50.742, 156.26, 100, 7349
2026/06/29 05:58:51.742, 157.44, 100, 7349
2026/06/29 05:58:52.742, 157.07, 98, 7349
2026/06/29 05:58:53.742, 157.65, 100, 7349
2026/06/29 05:58:54.742, 156.94, 100, 7349
2026/06/29 05:58:55.742, 156.02, 89, 7349
2026/06/29 05:58:56.743, 156.32, 100, 7349
2026/06/29 05:58:57.743, 157.09, 100, 7349
2026/06/29 05:58:58.743, 157.40, 98, 7349
2026/06/29 05:58:59.743, 157.68, 100, 7349
2026/06/29 05:59:00.743, 157.53, 100, 7349
2026/06/29 05:59:01.743, 156.07, 98, 7349
2026/06/29 05:59:02.744, 157.68, 100, 7349
2026/06/29 05:59:03.744, 157.09, 100, 7349
2026/06/29 05:59:04.744, 157.56, 98, 7349
2026/06/29 05:59:05.744, 157.69, 100, 7349
2026/06/29 05:59:06.744, 156.57, 100, 7349
2026/06/29 05:59:07.745, 157.29, 98, 7349
2026/06/29 05:59:08.745, 157.83, 100, 7349
2026/06/29 05:59:09.745, 157.62, 100, 7349
2026/06/29 05:59:10.745, 157.39, 98, 7349
2026/06/29 05:59:11.745, 157.68, 100, 7349
2026/06/29 05:59:12.745, 157.23, 100, 7349
2026/06/29 05:59:13.746, 157.23, 98, 7349
2026/06/29 05:59:14.746, 157.65, 100, 7349
2026/06/29 05:59:15.746, 157.19, 98, 7349
2026/06/29 05:59:16.746, 157.84, 100, 7349
2026/06/29 05:59:17.746, 157.88, 100, 7349
2026/06/29 05:59:18.747, 157.06, 98, 7349
2026/06/29 05:59:19.747, 157.36, 100, 7349
2026/06/29 05:59:20.747, 157.52, 100, 7349
2026/06/29 05:59:21.747, 157.25, 98, 7349
2026/06/29 05:59:22.747, 157.55, 100, 7349
2026/06/29 05:59:23.747, 157.78, 100, 7349
2026/06/29 05:59:24.748, 157.11, 98, 7349
2026/06/29 05:59:25.748, 157.01, 100, 7349
2026/06/29 05:59:26.748, 157.06, 100, 7349
2026/06/29 05:59:27.748, 156.76, 98, 7349
2026/06/29 05:59:28.748, 157.60, 100, 7349
2026/06/29 05:59:29.749, 156.54, 100, 7349
2026/06/29 05:59:30.749, 156.93, 98, 7349
2026/06/29 05:59:31.749, 157.39, 100, 7349
2026/06/29 05:59:32.749, 157.60, 100, 7349
2026/06/29 05:59:33.749, 157.05, 98, 7349
2026/06/29 05:59:34.749, 156.37, 100, 7349
2026/06/29 05:59:35.750, 157.42, 100, 7349
2026/06/29 05:59:36.750, 156.77, 98, 7349
2026/06/29 05:59:37.750, 157.38, 100, 7349
2026/06/29 05:59:38.750, 157.33, 100, 7349
2026/06/29 05:59:39.750, 156.07, 98, 7349
2026/06/29 05:59:40.750, 157.44, 100, 7349
2026/06/29 05:59:41.751, 157.21, 100, 7349
2026/06/29 05:59:42.751, 157.36, 98, 7349
2026/06/29 05:59:43.751, 157.76, 100, 7349
2026/06/29 05:59:44.751, 156.27, 100, 7349
2026/06/29 05:59:45.751, 157.13, 98, 7349
2026/06/29 05:59:46.751, 157.24, 100, 7349
2026/06/29 05:59:47.751, 157.34, 100, 7349
2026/06/29 05:59:48.752, 157.20, 98, 7349
2026/06/29 05:59:49.752, 156.60, 100, 7349
2026/06/29 05:59:50.752, 156.96, 100, 7349
2026/06/29 05:59:51.752, 157.42, 98, 7349
2026/06/29 05:59:52.752, 157.46, 100, 7349
2026/06/29 05:59:53.752, 157.63, 100, 7349
2026/06/29 05:59:54.753, 156.29, 90, 7349
2026/06/29 05:59:55.753, 156.68, 100, 7349
2026/06/29 05:59:56.753, 157.78, 100, 7349
2026/06/29 05:59:57.753, 157.59, 98, 7349
2026/06/29 05:59:58.753, 157.91, 100, 7349
2026/06/29 05:59:59.753, 157.65, 100, 7349
2026/06/29 06:00:00.754, 156.30, 98, 7349
2026/06/29 06:00:01.754, 157.74, 100, 7349
2026/06/29 06:00:02.754, 157.92, 100, 7349
2026/06/29 06:00:03.754, 157.46, 98, 7349
2026/06/29 06:00:04.754, 157.98, 100, 7349
2026/06/29 06:00:05.754, 155.60, 100, 7349
2026/06/29 06:00:06.754, 156.62, 98, 7349
2026/06/29 06:00:07.755, 157.79, 100, 7349
2026/06/29 06:00:08.755, 157.69, 100, 7349
2026/06/29 06:00:09.755, 157.53, 98, 7349
2026/06/29 06:00:10.755, 157.91, 100, 7349
2026/06/29 06:00:11.755, 157.55, 100, 7349
2026/06/29 06:00:12.755, 157.52, 98, 7349
2026/06/29 06:00:13.756, 157.40, 100, 7349
2026/06/29 06:00:14.756, 157.44, 100, 7349
2026/06/29 06:00:15.756, 156.36, 98, 7349
2026/06/29 06:00:16.756, 157.77, 100, 7349
2026/06/29 06:00:17.756, 157.73, 100, 7349
2026/06/29 06:00:18.756, 157.47, 98, 7349
2026/06/29 06:00:19.756, 157.82, 100, 7349
2026/06/29 06:00:20.757, 156.02, 100, 7349
2026/06/29 06:00:21.757, 156.67, 98, 7349
2026/06/29 06:00:22.757, 157.48, 100, 7349
2026/06/29 06:00:23.757, 157.05, 100, 7349
2026/06/29 06:00:24.757, 157.21, 98, 7349
2026/06/29 06:00:25.757, 156.57, 100, 7349
2026/06/29 06:00:26.757, 157.51, 100, 7349
2026/06/29 06:00:27.758, 157.26, 98, 7349
2026/06/29 06:00:28.758, 157.69, 100, 7349
2026/06/29 06:00:29.758, 157.48, 98, 7349
2026/06/29 06:00:30.758, 156.60, 98, 7349
2026/06/29 06:00:31.758, 157.47, 100, 7349
2026/06/29 06:00:32.758, 157.49, 98, 7349
2026/06/29 06:00:33.758, 157.54, 100, 7349
2026/06/29 06:00:34.759, 157.81, 100, 7349
2026/06/29 06:00:35.759, 156.20, 98, 7349
2026/06/29 06:00:36.759, 157.37, 100, 7349
2026/06/29 06:00:37.759, 157.54, 100, 7349
2026/06/29 06:00:38.759, 157.12, 98, 7349
2026/06/29 06:00:39.759, 157.39, 100, 7349
2026/06/29 06:00:40.759, 156.15, 100, 7349
2026/06/29 06:00:41.760, 156.36, 98, 7349
2026/06/29 06:00:42.760, 157.28, 100, 7349
2026/06/29 06:00:43.760, 157.50, 100, 7349
2026/06/29 06:00:44.760, 157.15, 98, 7349
2026/06/29 06:00:45.760, 156.35, 100, 7349
2026/06/29 06:00:46.760, 156.89, 100, 7349
2026/06/29 06:00:47.761, 156.60, 98, 7349
2026/06/29 06:00:48.761, 157.18, 100, 7349
2026/06/29 06:00:49.761, 157.72, 100, 7349
2026/06/29 06:00:50.761, 155.56, 89, 7349
2026/06/29 06:00:51.761, 155.96, 100, 7349
2026/06/29 06:00:52.761, 157.09, 100, 7349
2026/06/29 06:00:53.762, 156.35, 98, 7349
2026/06/29 06:00:54.762, 156.98, 100, 7349
2026/06/29 06:00:55.762, 157.60, 100, 7349
2026/06/29 06:00:56.762, 155.73, 98, 7349
2026/06/29 06:00:57.762, 157.24, 100, 7349
2026/06/29 06:00:58.762, 156.77, 100, 7349
2026/06/29 06:00:59.762, 156.80, 98, 7349
2026/06/29 06:01:00.763, 157.81, 100, 7349
2026/06/29 06:01:01.763, 158.03, 100, 7349
2026/06/29 06:01:02.763, 156.55, 98, 7349
2026/06/29 06:01:03.763, 157.32, 100, 7349
2026/06/29 06:01:04.763, 157.24, 100, 7349
2026/06/29 06:01:05.763, 156.66, 98, 7349
2026/06/29 06:01:06.764, 157.18, 100, 7349
2026/06/29 06:01:07.764, 157.16, 100, 7349
2026/06/29 06:01:08.764, 156.61, 98, 7349
2026/06/29 06:01:09.764, 157.00, 100, 7349
2026/06/29 06:01:10.764, 157.60, 100, 7349
2026/06/29 06:01:11.773, 156.99, 98, 7349
2026/06/29 06:01:12.773, 157.35, 100, 7349
2026/06/29 06:01:13.773, 157.64, 100, 7349
2026/06/29 06:01:14.773, 156.78, 98, 7349
2026/06/29 06:01:15.773, 157.48, 100, 7349
2026/06/29 06:01:16.773, 156.64, 100, 7349
2026/06/29 06:01:17.774, 157.00, 98, 7349
2026/06/29 06:01:18.774, 157.45, 100, 7349
2026/06/29 06:01:19.774, 157.39, 100, 7349
2026/06/29 06:01:20.774, 157.30, 98, 7349
2026/06/29 06:01:21.774, 157.66, 100, 7349
2026/06/29 06:01:22.774, 157.52, 100, 7349
2026/06/29 06:01:23.775, 157.65, 98, 7349
2026/06/29 06:01:24.775, 157.32, 100, 7349
2026/06/29 06:01:25.775, 157.09, 100, 7349
2026/06/29 06:01:26.775, 157.27, 98, 7349
2026/06/29 06:01:27.775, 156.12, 100, 7349
2026/06/29 06:01:28.775, 156.87, 100, 7349
2026/06/29 06:01:29.776, 157.45, 98, 7349
2026/06/29 06:01:30.776, 157.26, 100, 7349
2026/06/29 06:01:31.776, 157.05, 100, 7349
2026/06/29 06:01:32.776, 156.72, 89, 7349
2026/06/29 06:01:33.776, 157.28, 100, 7349
2026/06/29 06:01:34.776, 156.85, 100, 7349
2026/06/29 06:01:35.777, 156.81, 98, 7349
2026/06/29 06:01:36.777, 156.84, 100, 7349
2026/06/29 06:01:37.777, 155.92, 100, 7349
2026/06/29 06:01:38.777, 156.54, 98, 7349
2026/06/29 06:01:39.777, 157.03, 100, 7349
2026/06/29 06:01:40.778, 156.64, 100, 7349
2026/06/29 06:01:41.778, 157.63, 98, 7349
2026/06/29 06:01:42.778, 157.67, 100, 7349
2026/06/29 06:01:43.778, 156.02, 100, 7349
2026/06/29 06:01:44.778, 157.63, 100, 7349
2026/06/29 06:01:45.778, 157.54, 100, 7349
2026/06/29 06:01:46.779, 157.07, 98, 7349
2026/06/29 06:01:47.779, 157.76, 100, 7349
2026/06/29 06:01:48.779, 157.64, 100, 7349
2026/06/29 06:01:49.779, 157.21, 98, 7349
2026/06/29 06:01:50.779, 157.65, 100, 7349
2026/06/29 06:01:51.779, 157.54, 100, 7349
2026/06/29 06:01:52.780, 157.03, 98, 7349
2026/06/29 06:01:53.780, 156.61, 100, 7349
2026/06/29 06:01:54.780, 157.52, 100, 7349
2026/06/29 06:01:55.780, 157.29, 98, 7349
2026/06/29 06:01:56.780, 157.48, 100, 7349
2026/06/29 06:01:57.780, 157.33, 100, 7349
2026/06/29 06:01:58.781, 155.91, 98, 7349
2026/06/29 06:01:59.781, 157.45, 100, 7349
2026/06/29 06:02:00.781, 157.01, 100, 7349
2026/06/29 06:02:01.781, 156.96, 98, 7349
2026/06/29 06:02:02.781, 157.21, 100, 7349
2026/06/29 06:02:03.782, 155.75, 100, 7349
2026/06/29 06:02:04.782, 157.46, 100, 7349
2026/06/29 06:02:05.782, 159.19, 99, 7349
2026/06/29 06:02:06.782, 159.26, 99, 7349
2026/06/29 06:02:07.782, 159.06, 99, 7349
2026/06/29 06:02:08.782, 159.38, 100, 7349
2026/06/29 06:02:09.782, 159.37, 100, 7349
2026/06/29 06:02:10.783, 159.09, 100, 7349
2026/06/29 06:02:11.783, 159.08, 99, 7349
2026/06/29 06:02:12.783, 159.24, 99, 7349
2026/06/29 06:02:13.783, 159.10, 99, 7349
2026/06/29 06:02:14.783, 159.29, 100, 7349
2026/06/29 06:02:15.783, 159.44, 100, 7349
2026/06/29 06:02:16.784, 159.18, 100, 7349
2026/06/29 06:02:17.784, 159.25, 99, 7349
2026/06/29 06:02:18.784, 159.27, 99, 7349
2026/06/29 06:02:19.784, 159.10, 99, 7349
2026/06/29 06:02:20.784, 159.05, 100, 7349
2026/06/29 06:02:21.784, 159.15, 100, 7349
2026/06/29 06:02:22.785, 154.21, 98, 7349
2026/06/29 06:02:23.793, 157.41, 100, 7349
2026/06/29 06:02:24.793, 157.36, 100, 7349
2026/06/29 06:02:25.793, 157.11, 98, 7349
2026/06/29 06:02:26.794, 157.85, 100, 7349
2026/06/29 06:02:27.794, 157.79, 100, 7349
2026/06/29 06:02:28.794, 157.47, 98, 7349
2026/06/29 06:02:29.794, 157.86, 100, 7349
2026/06/29 06:02:30.794, 157.36, 100, 7349
2026/06/29 06:02:31.794, 157.39, 98, 7349
2026/06/29 06:02:32.795, 157.86, 100, 7349
2026/06/29 06:02:33.795, 157.43, 100, 7349
2026/06/29 06:02:34.795, 157.20, 98, 7349
2026/06/29 06:02:35.795, 157.62, 100, 7349
2026/06/29 06:02:36.795, 157.44, 100, 7349
2026/06/29 06:02:37.795, 157.48, 100, 7349
2026/06/29 06:02:38.796, 157.82, 100, 7349
2026/06/29 06:02:39.796, 157.34, 98, 7349
2026/06/29 06:02:40.796, 158.03, 100, 7349
2026/06/29 06:02:41.796, 157.57, 100, 7349
2026/06/29 06:02:42.796, 157.19, 98, 7349
2026/06/29 06:02:43.796, 157.75, 100, 7349
2026/06/29 06:02:44.797, 157.64, 100, 7349
2026/06/29 06:02:45.797, 157.16, 98, 7349
2026/06/29 06:02:46.797, 157.90, 100, 7349
2026/06/29 06:02:47.797, 157.74, 100, 7349
2026/06/29 06:02:48.797, 157.33, 98, 7349
2026/06/29 06:02:49.797, 157.88, 100, 7349
2026/06/29 06:02:50.798, 157.39, 100, 7349
2026/06/29 06:02:51.798, 156.54, 98, 7349
2026/06/29 06:02:52.798, 157.38, 100, 7349
2026/06/29 06:02:53.798, 157.65, 100, 7349
2026/06/29 06:02:54.798, 157.27, 98, 7349
2026/06/29 06:02:55.798, 157.47, 100, 7349
2026/06/29 06:02:56.798, 157.51, 100, 7349
2026/06/29 06:02:57.799, 157.36, 98, 7349
2026/06/29 06:02:58.799, 157.52, 100, 7349
2026/06/29 06:02:59.799, 157.32, 100, 7349
2026/06/29 06:03:00.799, 157.36, 98, 7349
2026/06/29 06:03:01.799, 157.71, 100, 7349
2026/06/29 06:03:02.799, 157.37, 100, 7349
2026/06/29 06:03:03.800, 157.21, 98, 7349
2026/06/29 06:03:04.800, 157.52, 100, 7349
2026/06/29 06:03:05.800, 156.96, 100, 7349
2026/06/29 06:03:06.800, 157.25, 98, 7349
2026/06/29 06:03:07.800, 157.70, 100, 7349
2026/06/29 06:03:08.800, 157.45, 100, 7349
2026/06/29 06:03:09.801, 157.70, 100, 7349
2026/06/29 06:03:10.801, 157.50, 100, 7349
2026/06/29 06:03:11.801, 156.60, 98, 7349
2026/06/29 06:03:12.801, 157.58, 100, 7349
2026/06/29 06:03:13.801, 157.53, 100, 7349
2026/06/29 06:03:14.801, 156.93, 98, 7349
2026/06/29 06:03:15.802, 157.13, 100, 7349
2026/06/29 06:03:16.802, 157.23, 100, 7349
2026/06/29 06:03:17.802, 156.54, 98, 7349
2026/06/29 06:03:18.802, 157.36, 100, 7349
2026/06/29 06:03:19.802, 157.44, 100, 7349
2026/06/29 06:03:20.802, 156.90, 98, 7349
2026/06/29 06:03:21.803, 157.83, 100, 7349
2026/06/29 06:03:22.803, 157.55, 100, 7349
2026/06/29 06:03:23.803, 156.91, 98, 7349
2026/06/29 06:03:24.803, 157.50, 100, 7349
2026/06/29 06:03:25.803, 157.55, 100, 7349
2026/06/29 06:03:26.803, 156.88, 98, 7349
2026/06/29 06:03:27.803, 157.82, 100, 7349
2026/06/29 06:03:28.812, 157.32, 100, 7349
2026/06/29 06:03:29.812, 157.33, 98, 7349
2026/06/29 06:03:30.812, 157.60, 100, 7349
2026/06/29 06:03:31.812, 157.26, 100, 7349
2026/06/29 06:03:32.813, 157.39, 98, 7349
2026/06/29 06:03:33.813, 157.74, 100, 7349
2026/06/29 06:03:34.813, 157.14, 100, 7349
2026/06/29 06:03:35.813, 157.26, 98, 7349
2026/06/29 06:03:36.813, 157.72, 100, 7349
2026/06/29 06:03:37.813, 157.37, 99, 7349
2026/06/29 06:03:38.814, 157.60, 100, 7349
2026/06/29 06:03:39.814, 157.42, 100, 7349
2026/06/29 06:03:40.814, 156.22, 98, 7349
2026/06/29 06:03:41.814, 156.86, 100, 7349
2026/06/29 06:03:42.814, 157.52, 100, 7349
2026/06/29 06:03:43.823, 156.99, 98, 7349
2026/06/29 06:03:44.823, 157.37, 100, 7349
2026/06/29 06:03:45.823, 157.48, 100, 7349
2026/06/29 06:03:46.823, 156.79, 98, 7349
2026/06/29 06:03:47.823, 156.97, 100, 7349
2026/06/29 06:03:48.824, 157.07, 100, 7349
2026/06/29 06:03:49.824, 156.91, 98, 7349
2026/06/29 06:03:50.824, 157.18, 100, 7349
2026/06/29 06:03:51.824, 157.28, 100, 7349
2026/06/29 06:03:52.824, 157.01, 98, 7349
2026/06/29 06:03:53.824, 157.53, 100, 7349
2026/06/29 06:03:54.825, 157.54, 100, 7349
2026/06/29 06:03:55.825, 156.96, 98, 7349
2026/06/29 06:03:56.825, 157.65, 100, 7349
2026/06/29 06:03:57.825, 157.41, 100, 7349
2026/06/29 06:03:58.825, 157.15, 98, 7349
2026/06/29 06:03:59.825, 157.89, 100, 7349
2026/06/29 06:04:00.825, 156.91, 100, 7349
2026/06/29 06:04:01.826, 156.91, 98, 7349
2026/06/29 06:04:02.826, 157.53, 100, 7349
2026/06/29 06:04:03.826, 157.18, 100, 7349
2026/06/29 06:04:04.826, 157.03, 98, 7349
2026/06/29 06:04:05.826, 157.39, 100, 7349
2026/06/29 06:04:06.826, 157.04, 100, 7349
2026/06/29 06:04:07.827, 157.51, 99, 7349
2026/06/29 06:04:08.827, 157.47, 100, 7349
2026/06/29 06:04:09.827, 156.80, 98, 7349
2026/06/29 06:04:10.827, 157.02, 100, 7349
2026/06/29 06:04:11.827, 157.19, 100, 7349
2026/06/29 06:04:12.827, 156.68, 98, 7349
2026/06/29 06:04:13.828, 157.61, 100, 7349
2026/06/29 06:04:14.828, 157.45, 100, 7349
2026/06/29 06:04:15.828, 156.79, 98, 7349
2026/06/29 06:04:16.828, 157.54, 100, 7349
2026/06/29 06:04:17.828, 157.55, 100, 7349
2026/06/29 06:04:18.828, 156.74, 98, 7349
2026/06/29 06:04:19.829, 157.70, 100, 7349
2026/06/29 06:04:20.829, 156.96, 100, 7349
2026/06/29 06:04:21.829, 157.01, 98, 7349
2026/06/29 06:04:22.829, 157.16, 100, 7349
2026/06/29 06:04:23.829, 157.04, 100, 7349
2026/06/29 06:04:24.829, 156.91, 98, 7349
2026/06/29 06:04:25.829, 157.35, 100, 7349
2026/06/29 06:04:26.830, 157.28, 100, 7349
2026/06/29 06:04:27.830, 157.07, 98, 7349
2026/06/29 06:04:28.838, 157.47, 100, 7349
2026/06/29 06:04:29.839, 157.27, 100, 7349
2026/06/29 06:04:30.839, 156.87, 98, 7349
2026/06/29 06:04:31.839, 157.41, 100, 7349
2026/06/29 06:04:32.839, 157.01, 100, 7349
2026/06/29 06:04:33.839, 156.86, 98, 7349
2026/06/29 06:04:34.839, 157.37, 100, 7349
2026/06/29 06:04:35.839, 157.07, 100, 7349
2026/06/29 06:04:36.840, 157.42, 99, 7349
2026/06/29 06:04:37.840, 157.46, 100, 7349
2026/06/29 06:04:38.848, 156.64, 98, 7349
2026/06/29 06:04:39.848, 157.34, 100, 7349
2026/06/29 06:04:40.849, 157.47, 100, 7349
2026/06/29 06:04:41.849, 156.59, 98, 7349
2026/06/29 06:04:42.849, 157.04, 100, 7349
2026/06/29 06:04:43.857, 157.11, 100, 7349
2026/06/29 06:04:44.858, 156.65, 98, 7349
2026/06/29 06:04:45.858, 156.65, 100, 7349
2026/06/29 06:04:46.858, 156.38, 100, 7349
2026/06/29 06:04:47.858, 155.98, 98, 7349
2026/06/29 06:04:48.858, 157.21, 100, 7349
2026/06/29 06:04:49.858, 157.41, 100, 7349
2026/06/29 06:04:50.859, 156.68, 98, 7349
2026/06/29 06:04:51.859, 157.23, 100, 7349
2026/06/29 06:04:52.859, 157.40, 100, 7349
2026/06/29 06:04:53.859, 156.82, 98, 7349
2026/06/29 06:04:54.859, 157.38, 100, 7349
2026/06/29 06:04:55.859, 157.32, 100, 7349
2026/06/29 06:04:56.860, 156.81, 98, 7349
2026/06/29 06:04:57.860, 157.21, 100, 7349
2026/06/29 06:04:58.860, 157.02, 100, 7349
2026/06/29 06:04:59.860, 156.86, 98, 7349
2026/06/29 06:05:00.860, 157.42, 100, 7349
2026/06/29 06:05:01.860, 157.29, 100, 7349
2026/06/29 06:05:02.861, 157.08, 98, 7349
2026/06/29 06:05:03.861, 157.30, 100, 7349
2026/06/29 06:05:04.861, 156.80, 100, 7349
2026/06/29 06:05:05.861, 156.48, 98, 7349
2026/06/29 06:05:06.861, 156.16, 100, 7349
2026/06/29 06:05:07.861, 156.70, 100, 7349
2026/06/29 06:05:08.862, 157.08, 98, 7349
2026/06/29 06:05:09.862, 157.13, 100, 7349
2026/06/29 06:05:10.862, 156.98, 100, 7349
2026/06/29 06:05:11.862, 155.92, 90, 7349
2026/06/29 06:05:12.862, 156.21, 100, 7349
2026/06/29 06:05:13.862, 156.69, 100, 7349
2026/06/29 06:05:14.863, 156.91, 99, 7349
2026/06/29 06:05:15.863, 157.17, 100, 7349
2026/06/29 06:05:16.863, 156.63, 93, 7349
2026/06/29 06:05:17.863, 156.03, 99, 7349
2026/06/29 06:05:18.863, 157.20, 100, 7349
2026/06/29 06:05:19.863, 156.50, 98, 7349
2026/06/29 06:05:20.863, 157.26, 100, 7349
2026/06/29 06:05:21.864, 157.26, 100, 7349
2026/06/29 06:05:22.864, 154.91, 98, 7349
2026/06/29 06:05:23.864, 157.29, 100, 7349
2026/06/29 06:05:24.864, 157.35, 100, 7349
2026/06/29 06:05:25.864, 156.61, 98, 7349
2026/06/29 06:05:26.864, 157.46, 100, 7349
2026/06/29 06:05:27.865, 157.38, 100, 7349
2026/06/29 06:05:28.865, 156.31, 98, 7349
2026/06/29 06:05:29.865, 157.04, 100, 7349
2026/06/29 06:05:30.865, 156.96, 100, 7349
2026/06/29 06:05:31.865, 156.59, 98, 7349
2026/06/29 06:05:32.865, 157.53, 100, 7349
2026/06/29 06:05:33.865, 157.40, 100, 7349
2026/06/29 06:05:34.866, 156.68, 98, 7349
2026/06/29 06:05:35.866, 157.05, 100, 7349
2026/06/29 06:05:36.866, 157.25, 100, 7349
2026/06/29 06:05:37.866, 156.89, 98, 7349
2026/06/29 06:05:38.866, 157.47, 100, 7349
2026/06/29 06:05:39.866, 157.22, 100, 7349
2026/06/29 06:05:40.867, 156.92, 98, 7349
2026/06/29 06:05:41.867, 157.43, 100, 7349
2026/06/29 06:05:42.867, 157.21, 100, 7349
2026/06/29 06:05:43.867, 157.10, 98, 7349
2026/06/29 06:05:44.867, 157.48, 100, 7349
2026/06/29 06:05:45.867, 156.93, 100, 7349
2026/06/29 06:05:46.868, 156.95, 98, 7349
2026/06/29 06:05:47.868, 157.46, 100, 7349
2026/06/29 06:05:48.868, 157.14, 99, 7349
2026/06/29 06:05:49.868, 157.23, 100, 7349
2026/06/29 06:05:50.868, 157.50, 100, 7349
2026/06/29 06:05:51.868, 156.87, 98, 7349
2026/06/29 06:05:52.869, 157.54, 100, 7349
2026/06/29 06:05:53.869, 157.69, 100, 7349
2026/06/29 06:05:54.869, 156.64, 98, 7349
2026/06/29 06:05:55.869, 157.10, 100, 7349
2026/06/29 06:05:56.869, 157.13, 100, 7349
2026/06/29 06:05:57.869, 156.64, 98, 7349
2026/06/29 06:05:58.869, 157.36, 100, 7349
2026/06/29 06:05:59.870, 156.76, 100, 7349
2026/06/29 06:06:00.870, 156.66, 98, 7349
2026/06/29 06:06:01.870, 157.63, 100, 7349
2026/06/29 06:06:02.870, 157.19, 100, 7349
2026/06/29 06:06:03.870, 156.76, 98, 7349
2026/06/29 06:06:04.870, 157.16, 100, 7349
2026/06/29 06:06:05.871, 156.83, 100, 7349
2026/06/29 06:06:06.871, 156.81, 98, 7349
2026/06/29 06:06:07.871, 157.51, 100, 7349
2026/06/29 06:06:08.871, 157.29, 100, 7349
2026/06/29 06:06:09.871, 156.99, 98, 7349
2026/06/29 06:06:10.871, 157.23, 100, 7349
2026/06/29 06:06:11.872, 157.33, 100, 7349
2026/06/29 06:06:12.872, 156.98, 98, 7349
2026/06/29 06:06:13.872, 157.30, 100, 7349
2026/06/29 06:06:14.872, 157.08, 100, 7349
2026/06/29 06:06:15.872, 156.99, 98, 7349
2026/06/29 06:06:16.872, 157.30, 100, 7349
2026/06/29 06:06:17.881, 156.86, 100, 7349
2026/06/29 06:06:18.881, 156.84, 99, 7349
2026/06/29 06:06:19.881, 157.19, 100, 7349
2026/06/29 06:06:20.881, 156.45, 98, 7349
2026/06/29 06:06:21.882, 157.49, 100, 7349
2026/06/29 06:06:22.882, 157.54, 100, 7349
2026/06/29 06:06:23.882, 156.73, 98, 7349
2026/06/29 06:06:24.882, 156.91, 100, 7349
2026/06/29 06:06:25.882, 156.99, 100, 7349
2026/06/29 06:06:26.882, 156.54, 98, 7349
2026/06/29 06:06:27.882, 157.12, 100, 7349
2026/06/29 06:06:28.883, 156.94, 100, 7349
2026/06/29 06:06:29.883, 156.55, 98, 7349
2026/06/29 06:06:30.883, 156.98, 100, 7349
2026/06/29 06:06:31.883, 156.91, 100, 7349
2026/06/29 06:06:32.883, 156.88, 98, 7349
2026/06/29 06:06:33.883, 157.10, 100, 7349
2026/06/29 06:06:34.884, 157.01, 100, 7349
2026/06/29 06:06:35.884, 156.96, 98, 7349
2026/06/29 06:06:36.884, 157.22, 100, 7349
2026/06/29 06:06:37.884, 155.84, 100, 7349
2026/06/29 06:06:38.884, 156.84, 98, 7349
2026/06/29 06:06:39.884, 157.20, 100, 7349
2026/06/29 06:06:40.885, 156.61, 100, 7349
2026/06/29 06:06:41.885, 156.60, 98, 7349
2026/06/29 06:06:42.885, 156.10, 100, 7349
2026/06/29 06:06:43.885, 157.09, 100, 7349
2026/06/29 06:06:44.885, 156.95, 98, 7349
2026/06/29 06:06:45.885, 157.26, 100, 7349
2026/06/29 06:06:46.886, 156.84, 100, 7349
2026/06/29 06:06:47.886, 156.96, 98, 7349
2026/06/29 06:06:48.886, 157.27, 100, 7349
2026/06/29 06:06:49.886, 156.87, 100, 7349
2026/06/29 06:06:50.886, 157.09, 98, 7349
2026/06/29 06:06:51.886, 157.23, 100, 7349
2026/06/29 06:06:52.887, 155.89, 100, 7349
2026/06/29 06:06:53.887, 157.02, 99, 7349
2026/06/29 06:06:54.887, 157.41, 100, 7349
2026/06/29 06:06:55.887, 156.62, 98, 7349
2026/06/29 06:06:56.887, 157.46, 100, 7349
2026/06/29 06:06:57.887, 157.67, 100, 7349
2026/06/29 06:06:58.888, 156.69, 98, 7349
2026/06/29 06:06:59.888, 157.13, 100, 7349
2026/06/29 06:07:00.888, 157.10, 100, 7349
2026/06/29 06:07:01.888, 156.66, 98, 7349
2026/06/29 06:07:02.888, 156.17, 100, 7349
2026/06/29 06:07:03.888, 156.73, 100, 7349
2026/06/29 06:07:04.888, 156.18, 98, 7349
2026/06/29 06:07:05.889, 157.00, 100, 7349
2026/06/29 06:07:06.889, 157.33, 100, 7349
2026/06/29 06:07:07.889, 155.74, 90, 7349
2026/06/29 06:07:08.889, 157.02, 100, 7349
2026/06/29 06:07:09.889, 156.98, 100, 7349
2026/06/29 06:07:10.890, 156.04, 98, 7349
2026/06/29 06:07:11.890, 157.03, 100, 7349
2026/06/29 06:07:12.890, 157.07, 100, 7349
2026/06/29 06:07:13.890, 154.66, 98, 7349
2026/06/29 06:07:14.890, 156.07, 100, 7349
2026/06/29 06:07:15.890, 156.85, 100, 7349
2026/06/29 06:07:16.891, 156.65, 98, 7349
2026/06/29 06:07:17.891, 157.32, 100, 7349
2026/06/29 06:07:18.891, 155.85, 100, 7349
2026/06/29 06:07:19.891, 156.29, 98, 7349
2026/06/29 06:07:20.891, 156.36, 100, 7349
2026/06/29 06:07:21.891, 155.55, 100, 7349
2026/06/29 06:07:22.892, 159.09, 100, 7349
2026/06/29 06:07:23.892, 158.80, 99, 7349
2026/06/29 06:07:24.892, 158.82, 100, 7349
2026/06/29 06:07:25.892, 158.81, 100, 7349
2026/06/29 06:07:26.892, 159.02, 100, 7349
2026/06/29 06:07:27.892, 158.94, 99, 7349
2026/06/29 06:07:28.893, 158.96, 100, 7349
2026/06/29 06:07:29.893, 159.00, 99, 7349
2026/06/29 06:07:30.893, 158.82, 100, 7349
2026/06/29 06:07:31.893, 158.94, 100, 7349
2026/06/29 06:07:32.893, 158.93, 100, 7349
2026/06/29 06:07:33.893, 158.71, 100, 7349
2026/06/29 06:07:34.894, 158.87, 99, 7349
2026/06/29 06:07:35.894, 158.93, 100, 7349
2026/06/29 06:07:36.894, 158.87, 100, 7349
2026/06/29 06:07:37.894, 158.93, 100, 7349
2026/06/29 06:07:38.894, 159.47, 100, 7349
2026/06/29 06:07:39.903, 159.72, 99, 7349
2026/06/29 06:07:40.903, 153.51, 98, 7349
2026/06/29 06:07:41.903, 157.13, 100, 7349
2026/06/29 06:07:42.903, 157.35, 100, 7349
2026/06/29 06:07:43.903, 157.01, 98, 7349
2026/06/29 06:07:44.904, 157.28, 100, 7349
2026/06/29 06:07:45.904, 156.89, 100, 7349
2026/06/29 06:07:46.904, 156.88, 98, 7349
2026/06/29 06:07:47.904, 157.15, 100, 7349
2026/06/29 06:07:48.904, 156.83, 100, 7349
2026/06/29 06:07:49.904, 156.86, 98, 7349
2026/06/29 06:07:50.905, 157.24, 100, 7349
2026/06/29 06:07:51.905, 156.95, 100, 7349
2026/06/29 06:07:52.905, 157.05, 98, 7349
2026/06/29 06:07:53.905, 157.11, 100, 7349
2026/06/29 06:07:54.905, 156.03, 100, 7349
2026/06/29 06:07:55.905, 156.36, 98, 7349
2026/06/29 06:07:56.906, 157.14, 100, 7349
2026/06/29 06:07:57.906, 156.69, 100, 7349
2026/06/29 06:07:58.906, 156.80, 98, 7349
2026/06/29 06:07:59.906, 155.91, 100, 7349
2026/06/29 06:08:00.906, 156.34, 100, 7349
2026/06/29 06:08:01.906, 156.59, 98, 7349
2026/06/29 06:08:02.906, 156.93, 100, 7349
2026/06/29 06:08:03.907, 156.61, 99, 7349
2026/06/29 06:08:04.907, 156.68, 100, 7349
2026/06/29 06:08:05.907, 157.02, 100, 7349
2026/06/29 06:08:06.907, 156.80, 98, 7349
2026/06/29 06:08:07.907, 157.38, 100, 7349
2026/06/29 06:08:08.907, 156.95, 100, 7349
2026/06/29 06:08:09.908, 156.30, 98, 7349
2026/06/29 06:08:10.908, 157.34, 100, 7349
2026/06/29 06:08:11.908, 156.60, 100, 7349
2026/06/29 06:08:12.908, 156.58, 98, 7349
2026/06/29 06:08:13.908, 157.14, 100, 7349
2026/06/29 06:08:14.909, 156.84, 100, 7349
2026/06/29 06:08:15.909, 156.69, 98, 7349
2026/06/29 06:08:16.909, 157.17, 100, 7349
2026/06/29 06:08:17.909, 157.00, 100, 7349
2026/06/29 06:08:18.909, 156.60, 98, 7349
2026/06/29 06:08:19.909, 157.39, 100, 7349
2026/06/29 06:08:20.909, 157.06, 100, 7349
2026/06/29 06:08:21.910, 156.81, 98, 7349
2026/06/29 06:08:22.910, 157.17, 100, 7349
2026/06/29 06:08:23.910, 156.69, 100, 7349
2026/06/29 06:08:24.918, 156.73, 98, 7349
2026/06/29 06:08:25.919, 157.33, 100, 7349
2026/06/29 06:08:26.919, 156.87, 100, 7349
2026/06/29 06:08:27.919, 156.76, 98, 7349
2026/06/29 06:08:28.919, 157.03, 100, 7349
2026/06/29 06:08:29.919, 156.60, 100, 7349
2026/06/29 06:08:30.919, 156.64, 98, 7349
2026/06/29 06:08:31.920, 156.93, 100, 7349
2026/06/29 06:08:32.920, 156.74, 98, 7349
2026/06/29 06:08:33.920, 156.91, 100, 7349
2026/06/29 06:08:34.920, 157.12, 100, 7349
2026/06/29 06:08:35.920, 156.65, 98, 7349
2026/06/29 06:08:36.921, 157.41, 100, 7349
2026/06/29 06:08:37.921, 157.46, 100, 7349
2026/06/29 06:08:38.921, 156.46, 98, 7349
2026/06/29 06:08:39.921, 156.76, 100, 7349
2026/06/29 06:08:40.921, 157.33, 100, 7349
2026/06/29 06:08:41.921, 156.46, 98, 7349
2026/06/29 06:08:42.922, 157.00, 100, 7349
2026/06/29 06:08:43.922, 157.10, 100, 7349
2026/06/29 06:08:44.922, 156.60, 98, 7349
2026/06/29 06:08:45.922, 157.21, 100, 7349
2026/06/29 06:08:46.922, 156.71, 100, 7349
2026/06/29 06:08:47.922, 156.40, 98, 7349
2026/06/29 06:08:48.923, 157.19, 100, 7349
2026/06/29 06:08:49.923, 157.07, 100, 7349
2026/06/29 06:08:50.923, 156.65, 98, 7349
2026/06/29 06:08:51.923, 157.05, 100, 7349
2026/06/29 06:08:52.923, 156.54, 100, 7349
2026/06/29 06:08:53.923, 156.72, 98, 7349
2026/06/29 06:08:54.924, 155.98, 100, 7349
2026/06/29 06:08:55.924, 156.50, 100, 7349
2026/06/29 06:08:56.924, 156.81, 98, 7349
2026/06/29 06:08:57.924, 157.33, 100, 7349
2026/06/29 06:08:58.924, 157.15, 100, 7349
2026/06/29 06:08:59.924, 156.91, 98, 7349
2026/06/29 06:09:00.925, 157.21, 100, 7349
2026/06/29 06:09:01.925, 157.02, 100, 7349
2026/06/29 06:09:02.925, 156.90, 100, 7349
2026/06/29 06:09:03.925, 157.06, 100, 7349
2026/06/29 06:09:04.925, 156.54, 98, 7349
2026/06/29 06:09:05.925, 157.27, 100, 7349
2026/06/29 06:09:06.926, 156.97, 100, 7349
2026/06/29 06:09:07.926, 156.41, 98, 7349
2026/06/29 06:09:08.926, 156.91, 100, 7349
2026/06/29 06:09:09.926, 156.93, 100, 7349
2026/06/29 06:09:10.926, 156.48, 98, 7349
2026/06/29 06:09:11.926, 156.86, 100, 7349
2026/06/29 06:09:12.927, 157.18, 100, 7349
2026/06/29 06:09:13.927, 156.77, 98, 7349
2026/06/29 06:09:14.927, 157.01, 100, 7349
2026/06/29 06:09:15.927, 156.95, 100, 7349
2026/06/29 06:09:16.927, 156.69, 98, 7349
2026/06/29 06:09:17.927, 156.78, 100, 7349
2026/06/29 06:09:18.928, 156.59, 100, 7349
2026/06/29 06:09:19.928, 156.44, 98, 7349
2026/06/29 06:09:20.928, 157.02, 100, 7349
2026/06/29 06:09:21.928, 156.67, 100, 7349
2026/06/29 06:09:22.928, 156.59, 98, 7349
2026/06/29 06:09:23.928, 157.03, 100, 7349
2026/06/29 06:09:24.929, 156.65, 100, 7349
2026/06/29 06:09:25.929, 156.51, 98, 7349
2026/06/29 06:09:26.929, 157.18, 100, 7349
2026/06/29 06:09:27.929, 156.91, 100, 7349
2026/06/29 06:09:28.929, 157.06, 98, 7349
2026/06/29 06:09:29.938, 157.20, 100, 7349
2026/06/29 06:09:30.938, 156.83, 98, 7349
2026/06/29 06:09:31.938, 156.78, 100, 7349
2026/06/29 06:09:32.938, 157.33, 100, 7349
2026/06/29 06:09:33.938, 156.55, 98, 7349
2026/06/29 06:09:34.939, 157.41, 100, 7349
2026/06/29 06:09:35.939, 157.22, 100, 7349
2026/06/29 06:09:36.939, 156.45, 98, 7349
2026/06/29 06:09:37.939, 157.18, 100, 7349
2026/06/29 06:09:38.939, 156.90, 100, 7349
2026/06/29 06:09:39.939, 156.76, 98, 7349
2026/06/29 06:09:40.940, 157.22, 100, 7349
2026/06/29 06:09:41.940, 157.34, 100, 7349
2026/06/29 06:09:42.940, 156.78, 98, 7349
2026/06/29 06:09:43.940, 157.37, 100, 7349
2026/06/29 06:09:44.940, 156.96, 100, 7349
2026/06/29 06:09:45.940, 156.82, 98, 7349
2026/06/29 06:09:46.940, 157.29, 100, 7349
2026/06/29 06:09:47.941, 157.15, 100, 7349
2026/06/29 06:09:48.941, 156.59, 98, 7349
2026/06/29 06:09:49.941, 157.18, 100, 7349
2026/06/29 06:09:50.941, 157.22, 100, 7349
2026/06/29 06:09:51.941, 156.90, 98, 7349
2026/06/29 06:09:52.941, 157.04, 100, 7349
2026/06/29 06:09:53.942, 156.73, 100, 7349
2026/06/29 06:09:54.950, 156.64, 98, 7349
2026/06/29 06:09:55.950, 157.18, 100, 7349
2026/06/29 06:09:56.950, 156.87, 98, 7349
2026/06/29 06:09:57.951, 156.85, 100, 7349
2026/06/29 06:09:58.951, 156.95, 100, 7349
2026/06/29 06:09:59.951, 156.53, 98, 7349
2026/06/29 06:10:00.951, 157.41, 100, 7349
2026/06/29 06:10:01.951, 157.47, 100, 7349
2026/06/29 06:10:02.951, 156.67, 98, 7349
2026/06/29 06:10:03.952, 157.36, 100, 7349
2026/06/29 06:10:04.960, 157.31, 100, 7349
2026/06/29 06:10:05.960, 156.58, 98, 7349
2026/06/29 06:10:06.960, 157.50, 100, 7349
2026/06/29 06:10:07.961, 157.27, 100, 7349
2026/06/29 06:10:08.961, 156.54, 98, 7349
2026/06/29 06:10:09.961, 156.26, 100, 7349
2026/06/29 06:10:10.961, 157.17, 100, 7349
2026/06/29 06:10:11.961, 156.59, 98, 7349
2026/06/29 06:10:12.961, 157.34, 100, 7349
2026/06/29 06:10:13.962, 157.48, 100, 7349
2026/06/29 06:10:14.962, 156.84, 98, 7349
2026/06/29 06:10:15.962, 157.19, 100, 7349
2026/06/29 06:10:16.962, 157.29, 100, 7349
2026/06/29 06:10:17.962, 156.96, 98, 7349
2026/06/29 06:10:18.962, 156.98, 100, 7349
2026/06/29 06:10:19.963, 156.89, 100, 7349
2026/06/29 06:10:20.963, 156.71, 98, 7349
2026/06/29 06:10:21.963, 157.31, 100, 7349
2026/06/29 06:10:22.963, 156.75, 100, 7349
2026/06/29 06:10:23.963, 156.62, 98, 7349
2026/06/29 06:10:24.963, 157.11, 100, 7349
2026/06/29 06:10:25.964, 156.72, 100, 7349
2026/06/29 06:10:26.964, 156.74, 99, 7349
2026/06/29 06:10:27.964, 156.90, 100, 7349
2026/06/29 06:10:28.964, 156.15, 98, 7349
2026/06/29 06:10:29.964, 157.10, 100, 7349
2026/06/29 06:10:30.964, 157.07, 100, 7349
2026/06/29 06:10:31.965, 156.29, 98, 7349
2026/06/29 06:10:32.965, 156.78, 100, 7349
2026/06/29 06:10:33.965, 156.93, 100, 7349
2026/06/29 06:10:34.965, 156.64, 98, 7349
2026/06/29 06:10:35.965, 157.32, 100, 7349
2026/06/29 06:10:36.965, 156.82, 100, 7349
2026/06/29 06:10:37.966, 154.82, 98, 7349
2026/06/29 06:10:38.966, 156.79, 100, 7349
2026/06/29 06:10:39.966, 156.88, 100, 7349
2026/06/29 06:10:40.966, 156.64, 98, 7349
2026/06/29 06:10:41.966, 156.96, 100, 7349
2026/06/29 06:10:42.966, 155.70, 100, 7349
2026/06/29 06:10:43.966, 156.57, 98, 7349
2026/06/29 06:10:44.967, 157.14, 100, 7349
2026/06/29 06:10:45.967, 157.30, 100, 7349
2026/06/29 06:10:46.967, 156.54, 98, 7349
2026/06/29 06:10:47.967, 157.01, 100, 7349
2026/06/29 06:10:48.967, 156.57, 100, 7349
2026/06/29 06:10:49.967, 156.52, 98, 7349
2026/06/29 06:10:50.968, 157.08, 100, 7349
2026/06/29 06:10:51.968, 157.18, 100, 7349
2026/06/29 06:10:52.968, 155.62, 89, 7349
2026/06/29 06:10:53.968, 157.17, 100, 7349
2026/06/29 06:10:54.968, 157.22, 100, 7349
2026/06/29 06:10:55.968, 156.92, 98, 7349
2026/06/29 06:10:56.969, 157.16, 100, 7349
2026/06/29 06:10:57.969, 157.28, 100, 7349
2026/06/29 06:10:58.969, 157.00, 98, 7349
2026/06/29 06:10:59.969, 157.20, 100, 7349
2026/06/29 06:11:00.969, 157.17, 100, 7349
2026/06/29 06:11:01.969, 157.19, 98, 7349
2026/06/29 06:11:02.970, 157.42, 100, 7349
2026/06/29 06:11:03.970, 157.07, 98, 7349
2026/06/29 06:11:04.970, 156.93, 100, 7349
2026/06/29 06:11:05.970, 157.31, 100, 7349
2026/06/29 06:11:06.970, 156.23, 98, 7349
2026/06/29 06:11:07.970, 157.37, 100, 7349
2026/06/29 06:11:08.971, 156.45, 100, 7349
2026/06/29 06:11:09.971, 156.64, 98, 7349
2026/06/29 06:11:10.971, 156.98, 100, 7349
2026/06/29 06:11:11.971, 156.89, 100, 7349
2026/06/29 06:11:12.971, 156.54, 98, 7349
2026/06/29 06:11:13.971, 156.88, 100, 7349
2026/06/29 06:11:14.971, 156.89, 100, 7349
2026/06/29 06:11:15.972, 156.52, 98, 7349
2026/06/29 06:11:16.972, 157.03, 100, 7349
2026/06/29 06:11:17.972, 157.26, 100, 7349
2026/06/29 06:11:18.972, 156.55, 98, 7349
2026/06/29 06:11:19.972, 157.19, 100, 7349
2026/06/29 06:11:20.972, 156.86, 100, 7349
2026/06/29 06:11:21.973, 156.62, 98, 7349
2026/06/29 06:11:22.973, 157.23, 100, 7349
2026/06/29 06:11:23.973, 156.84, 100, 7349
2026/06/29 06:11:24.973, 156.61, 98, 7349
2026/06/29 06:11:25.973, 157.12, 100, 7349
2026/06/29 06:11:26.973, 156.88, 100, 7349
2026/06/29 06:11:27.974, 156.58, 98, 7349
2026/06/29 06:11:28.974, 155.85, 100, 7349
2026/06/29 06:11:29.974, 156.83, 100, 7349
2026/06/29 06:11:30.974, 156.88, 98, 7349
2026/06/29 06:11:31.974, 156.98, 100, 7349
2026/06/29 06:11:32.974, 156.40, 100, 7349
2026/06/29 06:11:33.975, 155.42, 98, 7349
2026/06/29 06:11:34.975, 156.36, 100, 7349
2026/06/29 06:11:35.975, 156.50, 100, 7349
2026/06/29 06:11:36.975, 157.14, 98, 7349
2026/06/29 06:11:37.975, 156.84, 100, 7349
2026/06/29 06:11:38.975, 155.45, 100, 7349
2026/06/29 06:11:39.975, 156.59, 98, 7349
2026/06/29 06:11:40.976, 156.19, 100, 7349
2026/06/29 06:11:41.976, 156.49, 100, 7349
2026/06/29 06:11:42.976, 157.18, 98, 7349
2026/06/29 06:11:43.976, 155.66, 100, 7349
2026/06/29 06:11:44.976, 156.49, 100, 7349
2026/06/29 06:11:45.976, 156.61, 98, 7349
2026/06/29 06:11:46.977, 155.98, 100, 7349
2026/06/29 06:11:47.977, 156.51, 100, 7349
2026/06/29 06:11:48.977, 155.45, 89, 7349
2026/06/29 06:11:49.977, 157.01, 100, 7349
2026/06/29 06:11:50.977, 156.45, 100, 7349
2026/06/29 06:11:51.977, 157.14, 100, 7349
2026/06/29 06:11:52.978, 156.84, 100, 7349
2026/06/29 06:11:53.978, 155.61, 90, 7349
2026/06/29 06:11:54.978, 156.44, 100, 7349
2026/06/29 06:11:55.978, 156.63, 100, 7349
2026/06/29 06:11:56.978, 156.38, 98, 7349
2026/06/29 06:11:57.978, 157.15, 100, 7349
2026/06/29 06:11:58.979, 156.82, 100, 7349
2026/06/29 06:11:59.979, 155.17, 98, 7349
2026/06/29 06:12:00.979, 156.55, 100, 7349
2026/06/29 06:12:01.979, 156.44, 100, 7349
2026/06/29 06:12:02.979, 156.37, 98, 7349
2026/06/29 06:12:03.979, 156.71, 100, 7349
2026/06/29 06:12:04.979, 155.48, 100, 7349
2026/06/29 06:12:05.980, 156.60, 98, 7349
2026/06/29 06:12:06.980, 156.99, 100, 7349
2026/06/29 06:12:07.980, 156.84, 100, 7349
2026/06/29 06:12:08.980, 156.63, 98, 7349
2026/06/29 06:12:09.989, 156.79, 100, 7349
2026/06/29 06:12:10.989, 156.46, 100, 7349
2026/06/29 06:12:11.989, 156.90, 98, 7349
2026/06/29 06:12:12.989, 157.06, 100, 7349
2026/06/29 06:12:13.989, 156.81, 98, 7349
2026/06/29 06:12:14.989, 156.75, 100, 7349
2026/06/29 06:12:15.990, 156.73, 100, 7349
2026/06/29 06:12:16.990, 156.52, 98, 7349
2026/06/29 06:12:17.990, 156.84, 100, 7349
2026/06/29 06:12:18.990, 156.79, 100, 7349
2026/06/29 06:12:19.990, 156.31, 98, 7349
2026/06/29 06:12:20.990, 156.58, 100, 7349
2026/06/29 06:12:21.990, 156.81, 100, 7349
2026/06/29 06:12:22.991, 155.04, 98, 7349
2026/06/29 06:12:23.991, 156.80, 100, 7349
2026/06/29 06:12:24.991, 156.60, 100, 7349
2026/06/29 06:12:25.991, 156.21, 98, 7349
2026/06/29 06:12:26.991, 156.81, 100, 7349
2026/06/29 06:12:27.994, 155.89, 100, 7349
2026/06/29 06:12:28.994, 156.54, 98, 7349
2026/06/29 06:12:29.994, 156.83, 100, 7349
2026/06/29 06:12:30.995, 156.81, 100, 7349
2026/06/29 06:12:31.995, 156.01, 98, 7349
2026/06/29 06:12:32.995, 156.66, 100, 7349
2026/06/29 06:12:33.995, 157.16, 100, 7349
2026/06/29 06:12:34.995, 156.32, 98, 7349
2026/06/29 06:12:35.995, 156.81, 100, 7349
2026/06/29 06:12:36.995, 156.78, 100, 7349
2026/06/29 06:12:37.996, 156.59, 98, 7349
2026/06/29 06:12:38.996, 156.80, 100, 7349
2026/06/29 06:12:39.996, 156.30, 100, 7349
2026/06/29 06:12:40.996, 158.86, 100, 7349
2026/06/29 06:12:41.996, 159.01, 100, 7349
2026/06/29 06:12:42.996, 158.91, 100, 7349
2026/06/29 06:12:43.997, 159.18, 100, 7349
2026/06/29 06:12:44.997, 159.70, 100, 7349
2026/06/29 06:12:45.997, 159.58, 100, 7349
2026/06/29 06:12:46.997, 159.76, 100, 7349
2026/06/29 06:12:47.997, 159.67, 100, 7349
2026/06/29 06:12:48.997, 159.68, 100, 7349
2026/06/29 06:12:49.998, 159.83, 100, 7349
2026/06/29 06:12:50.998, 159.66, 100, 7349
2026/06/29 06:12:51.998, 159.37, 100, 7349
2026/06/29 06:12:52.998, 159.56, 100, 7349
2026/06/29 06:12:53.998, 159.73, 99, 7349
2026/06/29 06:12:54.998, 159.69, 100, 7349
2026/06/29 06:12:55.998, 159.76, 100, 7349
2026/06/29 06:12:56.999, 159.51, 99, 7349
2026/06/29 06:12:57.999, 155.61, 70, 7349
2026/06/29 06:12:58.999, 157.18, 100, 7349
2026/06/29 06:12:59.999, 157.29, 100, 7349
2026/06/29 06:13:00.999, 156.45, 98, 7349
2026/06/29 06:13:01.999, 156.89, 100, 7349
2026/06/29 06:13:03.000, 156.70, 100, 7349
2026/06/29 06:13:04.000, 156.43, 98, 7349
2026/06/29 06:13:05.000, 157.33, 100, 7349
2026/06/29 06:13:06.000, 156.94, 100, 7349
2026/06/29 06:13:07.000, 156.67, 98, 7349
2026/06/29 06:13:08.000, 156.75, 100, 7349
2026/06/29 06:13:09.001, 157.16, 100, 7349
2026/06/29 06:13:10.001, 156.89, 98, 7349
2026/06/29 06:13:11.001, 157.30, 100, 7349
2026/06/29 06:13:12.001, 157.18, 100, 7349
2026/06/29 06:13:13.001, 156.63, 98, 7349
2026/06/29 06:13:14.001, 156.74, 100, 7349
2026/06/29 06:13:15.002, 157.02, 100, 7349
2026/06/29 06:13:16.002, 156.56, 98, 7349
2026/06/29 06:13:17.002, 157.13, 100, 7349
2026/06/29 06:13:18.002, 156.65, 100, 7349
2026/06/29 06:13:19.002, 157.00, 98, 7349
2026/06/29 06:13:20.002, 157.15, 100, 7349
2026/06/29 06:13:21.003, 156.90, 100, 7349
2026/06/29 06:13:22.003, 156.85, 98, 7349
2026/06/29 06:13:23.003, 156.96, 100, 7349
2026/06/29 06:13:24.003, 156.40, 100, 7349
2026/06/29 06:13:25.003, 155.75, 98, 7349
2026/06/29 06:13:26.003, 156.31, 100, 7349
2026/06/29 06:13:27.004, 156.20, 100, 7349
2026/06/29 06:13:28.004, 156.45, 98, 7349
2026/06/29 06:13:29.004, 156.83, 100, 7349
2026/06/29 06:13:30.004, 156.18, 100, 7349
2026/06/29 06:13:31.004, 155.77, 98, 7349
2026/06/29 06:13:32.004, 156.89, 100, 7349
2026/06/29 06:13:33.005, 156.97, 100, 7349
2026/06/29 06:13:34.005, 156.54, 98, 7349
2026/06/29 06:13:35.005, 156.38, 100, 7349
2026/06/29 06:13:36.005, 155.84, 100, 7349
2026/06/29 06:13:37.005, 156.14, 98, 7349
2026/06/29 06:13:38.005, 156.98, 100, 7349
2026/06/29 06:13:39.006, 156.90, 100, 7349
2026/06/29 06:13:40.006, 156.77, 98, 7349
2026/06/29 06:13:41.006, 156.73, 100, 7349
2026/06/29 06:13:42.006, 156.77, 100, 7349
2026/06/29 06:13:43.006, 157.01, 99, 7349
2026/06/29 06:13:44.007, 157.11, 100, 7349
2026/06/29 06:13:45.007, 156.65, 98, 7349
2026/06/29 06:13:46.007, 157.50, 100, 7349
2026/06/29 06:13:47.007, 157.62, 100, 7349
2026/06/29 06:13:48.007, 156.72, 98, 7349
2026/06/29 06:13:49.007, 156.96, 100, 7349
2026/06/29 06:13:50.008, 156.79, 100, 7349
2026/06/29 06:13:51.008, 156.61, 98, 7349
2026/06/29 06:13:52.008, 157.00, 100, 7349
2026/06/29 06:13:53.008, 156.91, 100, 7349
2026/06/29 06:13:54.008, 156.71, 98, 7349
2026/06/29 06:13:55.008, 157.15, 100, 7349
2026/06/29 06:13:56.008, 156.79, 100, 7349
2026/06/29 06:13:57.009, 156.80, 98, 7349
2026/06/29 06:13:58.009, 157.64, 100, 7349
2026/06/29 06:13:59.009, 157.22, 100, 7349
2026/06/29 06:14:00.009, 156.87, 98, 7349
2026/06/29 06:14:01.009, 157.15, 100, 7349
2026/06/29 06:14:02.009, 157.13, 100, 7349
2026/06/29 06:14:03.010, 156.78, 98, 7349
2026/06/29 06:14:04.010, 157.31, 100, 7349
2026/06/29 06:14:05.010, 157.02, 100, 7349
2026/06/29 06:14:06.010, 156.95, 98, 7349
2026/06/29 06:14:07.010, 157.29, 100, 7349
2026/06/29 06:14:08.010, 157.00, 100, 7349
2026/06/29 06:14:09.011, 156.84, 98, 7349
2026/06/29 06:14:10.011, 157.20, 100, 7349
2026/06/29 06:14:11.011, 156.85, 100, 7349
2026/06/29 06:14:12.011, 157.20, 99, 7349
2026/06/29 06:14:13.011, 156.98, 100, 7349
2026/06/29 06:14:14.012, 156.82, 98, 7349
2026/06/29 06:14:15.012, 157.22, 100, 7349
2026/06/29 06:14:16.012, 157.41, 100, 7349
2026/06/29 06:14:17.012, 156.56, 98, 7349
2026/06/29 06:14:18.012, 156.94, 100, 7349
2026/06/29 06:14:19.012, 156.89, 100, 7349
2026/06/29 06:14:20.013, 156.12, 98, 7349
2026/06/29 06:14:21.013, 156.46, 100, 7349
2026/06/29 06:14:22.013, 157.28, 100, 7349
2026/06/29 06:14:23.013, 156.42, 98, 7349
2026/06/29 06:14:24.013, 156.99, 100, 7349
2026/06/29 06:14:25.013, 156.99, 100, 7349
2026/06/29 06:14:26.014, 156.69, 98, 7349
2026/06/29 06:14:27.014, 157.01, 100, 7349
2026/06/29 06:14:28.014, 156.79, 100, 7349
2026/06/29 06:14:29.014, 156.68, 98, 7349
2026/06/29 06:14:30.014, 157.39, 100, 7349
2026/06/29 06:14:31.014, 157.26, 100, 7349
2026/06/29 06:14:32.015, 156.95, 98, 7349
2026/06/29 06:14:33.015, 157.24, 100, 7349
2026/06/29 06:14:34.015, 156.73, 100, 7349
2026/06/29 06:14:35.015, 156.19, 98, 7349
2026/06/29 06:14:36.015, 156.85, 100, 7349
2026/06/29 06:14:37.015, 156.57, 100, 7349
2026/06/29 06:14:38.015, 155.55, 98, 7349
2026/06/29 06:14:39.016, 157.22, 100, 7349
2026/06/29 06:14:40.016, 156.81, 100, 7349
2026/06/29 06:14:41.016, 156.75, 98, 7349
2026/06/29 06:14:42.016, 157.01, 100, 7349
2026/06/29 06:14:43.016, 155.72, 100, 7349
2026/06/29 06:14:44.016, 156.08, 98, 7349
2026/06/29 06:14:45.017, 156.60, 100, 7349
2026/06/29 06:14:46.017, 156.66, 100, 7349
2026/06/29 06:14:47.017, 156.64, 98, 7349
2026/06/29 06:14:48.017, 156.15, 100, 7349
2026/06/29 06:14:49.017, 157.19, 100, 7349
2026/06/29 06:14:50.017, 156.73, 98, 7349
2026/06/29 06:14:51.017, 157.12, 100, 7349
2026/06/29 06:14:52.018, 157.05, 100, 7349
2026/06/29 06:14:53.018, 155.16, 98, 7349
2026/06/29 06:14:54.018, 156.35, 100, 7349
2026/06/29 06:14:55.018, 156.68, 100, 7349
2026/06/29 06:14:56.018, 156.47, 98, 7349
2026/06/29 06:14:57.018, 157.08, 100, 7349
2026/06/29 06:14:58.019, 155.61, 100, 7349
2026/06/29 06:14:59.019, 156.35, 98, 7349
2026/06/29 06:15:00.019, 156.59, 100, 7349
2026/06/29 06:15:01.019, 156.67, 100, 7349
2026/06/29 06:15:02.019, 156.52, 98, 7349
2026/06/29 06:15:03.019, 156.81, 100, 7349
2026/06/29 06:15:04.019, 156.98, 100, 7349
2026/06/29 06:15:05.020, 156.82, 98, 7349
2026/06/29 06:15:06.020, 157.18, 100, 7349
2026/06/29 06:15:07.020, 155.51, 100, 7349
2026/06/29 06:15:08.020, 156.48, 98, 7349
2026/06/29 06:15:09.020, 157.07, 100, 7349
2026/06/29 06:15:10.021, 156.45, 100, 7349
2026/06/29 06:15:11.021, 156.60, 98, 7349
2026/06/29 06:15:12.021, 155.88, 100, 7349
2026/06/29 06:15:13.021, 156.26, 100, 7349
2026/06/29 06:15:14.021, 156.19, 98, 7349
2026/06/29 06:15:15.021, 156.78, 100, 7349
2026/06/29 06:15:16.021, 156.69, 100, 7349
2026/06/29 06:15:17.022, 155.61, 89, 7349
2026/06/29 06:15:18.022, 156.78, 100, 7349
2026/06/29 06:15:19.022, 156.87, 100, 7349
2026/06/29 06:15:20.022, 156.68, 98, 7349
2026/06/29 06:15:21.022, 156.80, 100, 7349
2026/06/29 06:15:22.022, 156.76, 100, 7349
2026/06/29 06:15:23.023, 155.52, 98, 7349
2026/06/29 06:15:24.023, 156.39, 100, 7349
2026/06/29 06:15:25.023, 156.09, 100, 7349
2026/06/29 06:15:26.023, 156.61, 98, 7349
2026/06/29 06:15:27.023, 157.30, 100, 7349
2026/06/29 06:15:28.023, 156.85, 100, 7349
2026/06/29 06:15:29.024, 156.80, 99, 7349
2026/06/29 06:15:30.024, 156.92, 100, 7349
2026/06/29 06:15:31.024, 156.48, 98, 7349
2026/06/29 06:15:32.024, 157.01, 100, 7349
2026/06/29 06:15:33.024, 156.03, 100, 7349
2026/06/29 06:15:34.025, 156.59, 99, 7349
2026/06/29 06:15:35.025, 156.71, 100, 7349
2026/06/29 06:15:36.025, 157.10, 100, 7349
2026/06/29 06:15:37.025, 156.37, 98, 7349
2026/06/29 06:15:38.025, 156.84, 100, 7349
2026/06/29 06:15:39.026, 156.66, 100, 7349
2026/06/29 06:15:40.026, 156.17, 98, 7349
2026/06/29 06:15:41.026, 156.26, 100, 7349
2026/06/29 06:15:42.026, 156.28, 100, 7349
2026/06/29 06:15:43.026, 156.32, 98, 7349
2026/06/29 06:15:44.026, 156.23, 100, 7349
2026/06/29 06:15:45.027, 156.49, 100, 7349
2026/06/29 06:15:46.027, 156.22, 98, 7349
2026/06/29 06:15:47.027, 156.70, 100, 7349
2026/06/29 06:15:48.027, 156.76, 100, 7349
2026/06/29 06:15:49.027, 156.18, 98, 7349
2026/06/29 06:15:50.027, 156.74, 100, 7349
2026/06/29 06:15:51.028, 156.57, 100, 7349
2026/06/29 06:15:52.028, 156.41, 98, 7349
2026/06/29 06:15:53.028, 157.19, 100, 7349
2026/06/29 06:15:54.028, 157.08, 100, 7349
2026/06/29 06:15:55.028, 156.57, 98, 7349
2026/06/29 06:15:56.028, 156.05, 100, 7349
2026/06/29 06:15:57.029, 155.99, 100, 7349
2026/06/29 06:15:58.029, 155.70, 98, 7349
2026/06/29 06:15:59.029, 156.50, 100, 7349
2026/06/29 06:16:00.029, 156.43, 100, 7349
2026/06/29 06:16:01.029, 156.46, 98, 7349
2026/06/29 06:16:02.029, 157.15, 100, 7349
2026/06/29 06:16:03.038, 157.09, 100, 7349
2026/06/29 06:16:04.038, 156.40, 98, 7349
2026/06/29 06:16:05.038, 157.12, 100, 7349
2026/06/29 06:16:06.038, 156.43, 100, 7349
2026/06/29 06:16:07.039, 156.13, 98, 7349
2026/06/29 06:16:08.039, 156.32, 100, 7349
2026/06/29 06:16:09.039, 156.50, 100, 7349
2026/06/29 06:16:10.039, 156.37, 98, 7349
2026/06/29 06:16:11.039, 157.00, 100, 7349
2026/06/29 06:16:12.039, 156.87, 100, 7349
2026/06/29 06:16:13.040, 155.34, 98, 7349
2026/06/29 06:16:14.040, 157.07, 100, 7349
2026/06/29 06:16:15.040, 157.06, 100, 7349
2026/06/29 06:16:16.040, 156.51, 98, 7349
2026/06/29 06:16:17.040, 157.12, 100, 7349
2026/06/29 06:16:18.040, 155.49, 100, 7349
2026/06/29 06:16:19.040, 155.88, 98, 7349
2026/06/29 06:16:20.041, 157.09, 100, 7349
2026/06/29 06:16:21.041, 156.73, 100, 7349
2026/06/29 06:16:22.041, 156.38, 98, 7349
2026/06/29 06:16:23.041, 155.63, 100, 7349
2026/06/29 06:16:24.041, 156.43, 100, 7349
2026/06/29 06:16:25.042, 156.38, 98, 7349
2026/06/29 06:16:26.042, 156.80, 100, 7349
2026/06/29 06:16:27.042, 156.76, 100, 7349
2026/06/29 06:16:28.042, 155.36, 98, 7349
2026/06/29 06:16:29.042, 156.32, 100, 7349
2026/06/29 06:16:30.042, 156.32, 100, 7349
2026/06/29 06:16:31.042, 156.37, 98, 7349
2026/06/29 06:16:32.043, 156.55, 100, 7349
2026/06/29 06:16:33.043, 155.63, 100, 7349
2026/06/29 06:16:34.043, 155.88, 98, 7349
2026/06/29 06:16:35.043, 156.25, 100, 7349
2026/06/29 06:16:36.043, 156.25, 100, 7349
2026/06/29 06:16:37.043, 155.94, 98, 7349
2026/06/29 06:16:38.044, 155.79, 100, 7349
2026/06/29 06:16:39.044, 156.63, 100, 7349
2026/06/29 06:16:40.044, 156.71, 98, 7349
2026/06/29 06:16:41.044, 157.05, 100, 7349
2026/06/29 06:16:42.044, 156.74, 100, 7349
2026/06/29 06:16:43.044, 155.16, 89, 7349
2026/06/29 06:16:44.044, 155.29, 100, 7349
2026/06/29 06:16:45.045, 156.11, 100, 7349
2026/06/29 06:16:46.045, 155.91, 98, 7349
2026/06/29 06:16:47.045, 156.47, 100, 7349
2026/06/29 06:16:48.045, 156.28, 100, 7349
2026/06/29 06:16:49.045, 155.13, 98, 7349
2026/06/29 06:16:50.046, 156.83, 100, 7349
2026/06/29 06:16:51.046, 156.19, 100, 7349
2026/06/29 06:16:52.046, 156.38, 98, 7349
2026/06/29 06:16:53.046, 156.81, 100, 7349
2026/06/29 06:16:54.046, 155.47, 100, 7349
2026/06/29 06:16:55.046, 156.09, 98, 7349
2026/06/29 06:16:56.047, 156.94, 100, 7349
2026/06/29 06:16:57.047, 156.76, 100, 7349
2026/06/29 06:16:58.047, 156.35, 98, 7349
2026/06/29 06:16:59.047, 155.41, 100, 7349
2026/06/29 06:17:00.047, 156.71, 100, 7349
2026/06/29 06:17:01.047, 156.43, 98, 7349
2026/06/29 06:17:02.048, 156.69, 100, 7349
2026/06/29 06:17:03.048, 156.45, 100, 7349
2026/06/29 06:17:04.048, 156.52, 98, 7349
2026/06/29 06:17:05.048, 157.00, 100, 7349
2026/06/29 06:17:06.048, 156.54, 100, 7349
2026/06/29 06:17:07.048, 156.72, 98, 7349
2026/06/29 06:17:08.049, 157.04, 100, 7349
2026/06/29 06:17:09.057, 156.16, 98, 7349
2026/06/29 06:17:10.057, 157.18, 100, 7349
2026/06/29 06:17:11.057, 157.10, 100, 7349
2026/06/29 06:17:12.058, 156.10, 98, 7349
2026/06/29 06:17:13.058, 156.70, 100, 7349
2026/06/29 06:17:14.058, 157.19, 100, 7349
2026/06/29 06:17:15.058, 156.22, 98, 7349
2026/06/29 06:17:16.058, 157.03, 100, 7349
2026/06/29 06:17:17.058, 156.78, 100, 7349
2026/06/29 06:17:18.059, 156.40, 98, 7349
2026/06/29 06:17:19.059, 156.89, 100, 7349
2026/06/29 06:17:20.059, 156.58, 100, 7349
2026/06/29 06:17:21.059, 156.51, 98, 7349
2026/06/29 06:17:22.059, 156.73, 100, 7349
2026/06/29 06:17:23.059, 156.95, 100, 7349
2026/06/29 06:17:24.060, 156.29, 98, 7349
2026/06/29 06:17:25.060, 157.24, 100, 7349
2026/06/29 06:17:26.060, 156.56, 100, 7349
2026/06/29 06:17:27.060, 156.41, 98, 7349
2026/06/29 06:17:28.060, 156.85, 100, 7349
2026/06/29 06:17:29.060, 154.99, 100, 7349
2026/06/29 06:17:30.061, 156.29, 98, 7349
2026/06/29 06:17:31.061, 157.04, 100, 7349
2026/06/29 06:17:32.061, 156.60, 100, 7349
2026/06/29 06:17:33.061, 156.57, 98, 7349
2026/06/29 06:17:34.061, 155.86, 100, 7349
2026/06/29 06:17:35.061, 156.88, 100, 7349
2026/06/29 06:17:36.062, 156.51, 98, 7349
2026/06/29 06:17:37.062, 156.93, 100, 7349
2026/06/29 06:17:38.062, 156.84, 100, 7349
2026/06/29 06:17:39.062, 156.85, 98, 7349
2026/06/29 06:17:40.062, 157.02, 100, 7349
2026/06/29 06:17:41.063, 156.63, 100, 7349
2026/06/29 06:17:42.063, 156.63, 99, 7349
2026/06/29 06:17:43.063, 156.91, 100, 7349
2026/06/29 06:17:44.063, 156.33, 98, 7349
2026/06/29 06:17:45.063, 157.24, 100, 7349
2026/06/29 06:17:46.063, 156.94, 100, 7349
2026/06/29 06:17:47.063, 156.48, 98, 7349
2026/06/29 06:17:48.064, 156.82, 100, 7349
2026/06/29 06:17:49.064, 156.15, 100, 7349
2026/06/29 06:17:50.064, 156.29, 98, 7349
2026/06/29 06:17:51.064, 156.49, 100, 7349
2026/06/29 06:17:52.064, 156.73, 100, 7349
2026/06/29 06:17:53.064, 156.43, 98, 7349
2026/06/29 06:17:54.065, 155.87, 100, 7349
2026/06/29 06:17:55.065, 157.18, 100, 7349
2026/06/29 06:17:56.065, 156.43, 98, 7349
2026/06/29 06:17:57.065, 157.11, 100, 7349
2026/06/29 06:17:58.065, 156.14, 100, 7349
2026/06/29 06:17:59.065, 158.78, 100, 7349
2026/06/29 06:18:00.066, 158.69, 99, 7349
2026/06/29 06:18:01.066, 158.82, 99, 7349
2026/06/29 06:18:02.066, 158.66, 99, 7349
2026/06/29 06:18:03.066, 158.63, 100, 7349
2026/06/29 06:18:04.066, 158.61, 100, 7349
2026/06/29 06:18:05.066, 158.78, 100, 7349
2026/06/29 06:18:06.067, 158.88, 100, 7349
2026/06/29 06:18:07.067, 158.74, 99, 7349
2026/06/29 06:18:08.067, 158.87, 100, 7349
2026/06/29 06:18:09.067, 158.96, 100, 7349
2026/06/29 06:18:10.067, 158.73, 100, 7349
2026/06/29 06:18:11.067, 158.88, 100, 7349
2026/06/29 06:18:12.068, 158.84, 99, 7349
2026/06/29 06:18:13.068, 158.45, 99, 7349
2026/06/29 06:18:14.068, 158.87, 99, 7349
2026/06/29 06:18:15.068, 158.75, 100, 7349
2026/06/29 06:18:16.077, 158.97, 100, 7349
2026/06/29 06:18:17.077, 152.55, 98, 7349
2026/06/29 06:18:18.077, 156.67, 100, 7349
2026/06/29 06:18:19.077, 156.92, 100, 7349
2026/06/29 06:18:20.077, 156.14, 98, 7349
2026/06/29 06:18:21.077, 156.47, 100, 7349
2026/06/29 06:18:22.078, 156.93, 100, 7349
2026/06/29 06:18:23.078, 156.09, 98, 7349
2026/06/29 06:18:24.078, 156.57, 100, 7349
2026/06/29 06:18:25.078, 156.25, 100, 7349
2026/06/29 06:18:26.078, 156.21, 98, 7349
2026/06/29 06:18:27.078, 156.74, 100, 7349
2026/06/29 06:18:28.079, 156.65, 100, 7349
2026/06/29 06:18:29.079, 156.51, 98, 7349
2026/06/29 06:18:30.079, 156.88, 100, 7349
2026/06/29 06:18:31.079, 157.08, 100, 7349
2026/06/29 06:18:32.079, 156.39, 98, 7349
2026/06/29 06:18:33.079, 156.96, 100, 7349
2026/06/29 06:18:34.080, 156.91, 100, 7349
2026/06/29 06:18:35.080, 156.51, 98, 7349
2026/06/29 06:18:36.080, 157.20, 100, 7349
2026/06/29 06:18:37.080, 157.15, 100, 7349
2026/06/29 06:18:38.080, 156.45, 98, 7349
2026/06/29 06:18:39.080, 157.03, 100, 7349
2026/06/29 06:18:40.081, 156.48, 100, 7349
2026/06/29 06:18:41.081, 156.88, 98, 7349
2026/06/29 06:18:42.081, 157.15, 100, 7349
2026/06/29 06:18:43.081, 156.67, 100, 7349
2026/06/29 06:18:44.081, 156.34, 98, 7349
2026/06/29 06:18:45.082, 157.17, 100, 7349
2026/06/29 06:18:46.082, 156.80, 100, 7349
2026/06/29 06:18:47.082, 156.96, 98, 7349
2026/06/29 06:18:48.082, 157.24, 100, 7349
2026/06/29 06:18:49.082, 157.05, 100, 7349
2026/06/29 06:18:50.082, 156.95, 98, 7349
2026/06/29 06:18:51.083, 157.18, 100, 7349
2026/06/29 06:18:52.083, 156.82, 98, 7349
2026/06/29 06:18:53.083, 156.98, 100, 7349
2026/06/29 06:18:54.083, 157.14, 100, 7349
2026/06/29 06:18:55.083, 156.48, 98, 7349
2026/06/29 06:18:56.083, 157.01, 100, 7349
2026/06/29 06:18:57.084, 157.00, 100, 7349
2026/06/29 06:18:58.084, 156.70, 98, 7349
2026/06/29 06:18:59.084, 156.92, 100, 7349
2026/06/29 06:19:00.084, 157.37, 100, 7349
2026/06/29 06:19:01.084, 156.54, 98, 7349
2026/06/29 06:19:02.084, 156.75, 100, 7349
2026/06/29 06:19:03.085, 156.62, 100, 7349
2026/06/29 06:19:04.085, 156.57, 98, 7349
2026/06/29 06:19:05.085, 156.92, 100, 7349
2026/06/29 06:19:06.094, 156.98, 100, 7349
2026/06/29 06:19:07.094, 156.71, 98, 7349
2026/06/29 06:19:08.094, 157.47, 100, 7349
2026/06/29 06:19:09.094, 157.19, 100, 7349
2026/06/29 06:19:10.094, 156.62, 98, 7349
2026/06/29 06:19:11.094, 157.37, 100, 7349
2026/06/29 06:19:12.095, 156.77, 100, 7349
2026/06/29 06:19:13.095, 156.21, 98, 7349
2026/06/29 06:19:14.095, 156.86, 100, 7349
2026/06/29 06:19:15.095, 156.64, 100, 7349
2026/06/29 06:19:16.095, 156.45, 98, 7349
2026/06/29 06:19:17.095, 157.01, 100, 7349
2026/06/29 06:19:18.096, 157.03, 100, 7349
2026/06/29 06:19:19.096, 156.56, 98, 7349
2026/06/29 06:19:20.096, 157.29, 100, 7349
2026/06/29 06:19:21.096, 156.87, 100, 7349
2026/06/29 06:19:22.096, 156.72, 98, 7349
2026/06/29 06:19:23.096, 157.25, 100, 7349
2026/06/29 06:19:24.097, 156.92, 100, 7349
2026/06/29 06:19:25.097, 157.20, 99, 7349
2026/06/29 06:19:26.097, 156.12, 100, 7349
2026/06/29 06:19:27.097, 157.22, 100, 7349
2026/06/29 06:19:28.097, 157.13, 99, 7349
2026/06/29 06:19:29.097, 157.18, 100, 7349
2026/06/29 06:19:30.098, 156.70, 98, 7349
2026/06/29 06:19:31.098, 156.09, 100, 7349
2026/06/29 06:19:32.098, 156.62, 100, 7349
2026/06/29 06:19:33.098, 156.71, 98, 7349
2026/06/29 06:19:34.098, 157.24, 100, 7349
2026/06/29 06:19:35.098, 157.47, 100, 7349
2026/06/29 06:19:36.099, 156.61, 98, 7349
2026/06/29 06:19:37.099, 156.79, 100, 7349
2026/06/29 06:19:38.099, 157.37, 100, 7349
2026/06/29 06:19:39.099, 156.79, 98, 7349
2026/06/29 06:19:40.099, 157.38, 100, 7349
2026/06/29 06:19:41.099, 157.38, 100, 7349
2026/06/29 06:19:42.100, 156.85, 98, 7349
2026/06/29 06:19:43.100, 156.20, 100, 7349
2026/06/29 06:19:44.100, 157.07, 100, 7349
2026/06/29 06:19:45.100, 156.61, 98, 7349
2026/06/29 06:19:46.100, 157.08, 100, 7349
2026/06/29 06:19:47.100, 157.17, 100, 7349
2026/06/29 06:19:48.101, 156.81, 98, 7349
2026/06/29 06:19:49.101, 157.10, 100, 7349
2026/06/29 06:19:50.101, 156.80, 100, 7349
2026/06/29 06:19:51.101, 156.82, 98, 7349
2026/06/29 06:19:52.101, 157.20, 100, 7349
2026/06/29 06:19:53.101, 156.88, 100, 7349
2026/06/29 06:19:54.102, 156.70, 98, 7349
2026/06/29 06:19:55.102, 157.02, 100, 7349
2026/06/29 06:19:56.102, 156.91, 100, 7349
2026/06/29 06:19:57.102, 156.79, 98, 7349
2026/06/29 06:19:58.102, 157.23, 100, 7349
2026/06/29 06:19:59.102, 156.81, 100, 7349
2026/06/29 06:20:00.103, 156.90, 98, 7349
2026/06/29 06:20:01.103, 157.04, 100, 7349
2026/06/29 06:20:02.103, 156.60, 98, 7349
2026/06/29 06:20:03.103, 156.83, 100, 7349
2026/06/29 06:20:04.103, 156.73, 100, 7349
2026/06/29 06:20:05.103, 156.29, 98, 7349
2026/06/29 06:20:06.104, 156.79, 100, 7349
2026/06/29 06:20:07.104, 157.26, 100, 7349
2026/06/29 06:20:08.104, 156.35, 98, 7349
2026/06/29 06:20:09.104, 156.71, 100, 7349
2026/06/29 06:20:10.104, 157.22, 100, 7349
2026/06/29 06:20:11.104, 156.31, 98, 7349
2026/06/29 06:20:12.105, 156.80, 100, 7349
2026/06/29 06:20:13.113, 156.79, 100, 7349
2026/06/29 06:20:14.113, 156.47, 98, 7349
2026/06/29 06:20:15.114, 156.92, 100, 7349
2026/06/29 06:20:16.114, 156.91, 100, 7349
2026/06/29 06:20:17.114, 156.46, 98, 7349
2026/06/29 06:20:18.122, 156.86, 100, 7349
2026/06/29 06:20:19.123, 157.18, 100, 7349
2026/06/29 06:20:20.123, 156.55, 98, 7349
2026/06/29 06:20:21.123, 156.85, 100, 7349
2026/06/29 06:20:22.123, 156.91, 100, 7349
2026/06/29 06:20:23.123, 156.44, 98, 7349
2026/06/29 06:20:24.123, 157.29, 100, 7349
2026/06/29 06:20:25.124, 157.10, 100, 7349
2026/06/29 06:20:26.124, 156.83, 98, 7349
2026/06/29 06:20:27.124, 157.10, 100, 7349
2026/06/29 06:20:28.124, 155.55, 100, 7349
2026/06/29 06:20:29.124, 156.87, 98, 7349
2026/06/29 06:20:30.124, 157.09, 100, 7349
2026/06/29 06:20:31.125, 156.84, 100, 7349
2026/06/29 06:20:32.125, 157.08, 98, 7349
2026/06/29 06:20:33.125, 155.52, 100, 7349
2026/06/29 06:20:34.125, 157.07, 100, 7349
2026/06/29 06:20:35.125, 157.10, 98, 7349
2026/06/29 06:20:36.125, 156.91, 100, 7349
2026/06/29 06:20:37.126, 156.97, 100, 7349
2026/06/29 06:20:38.126, 155.93, 89, 7349
2026/06/29 06:20:39.126, 156.25, 100, 7349
2026/06/29 06:20:40.126, 156.32, 100, 7349
2026/06/29 06:20:41.126, 156.53, 98, 7349
2026/06/29 06:20:42.126, 156.15, 100, 7349
2026/06/29 06:20:43.127, 155.63, 100, 7349
2026/06/29 06:20:44.127, 156.13, 98, 7349
2026/06/29 06:20:45.127, 156.86, 100, 7349
2026/06/29 06:20:46.127, 156.59, 100, 7349
2026/06/29 06:20:47.127, 157.29, 98, 7349
2026/06/29 06:20:48.127, 156.75, 100, 7349
2026/06/29 06:20:49.128, 155.30, 100, 7349
2026/06/29 06:20:50.128, 157.14, 98, 7349
2026/06/29 06:20:51.128, 156.56, 100, 7349
2026/06/29 06:20:52.128, 156.34, 100, 7349
2026/06/29 06:20:53.128, 156.91, 100, 7349
2026/06/29 06:20:54.128, 155.37, 100, 7349
2026/06/29 06:20:55.129, 156.23, 100, 7349
2026/06/29 06:20:56.129, 156.91, 98, 7349
2026/06/29 06:20:57.129, 157.01, 100, 7349
2026/06/29 06:20:58.129, 156.70, 98, 7349
2026/06/29 06:20:59.129, 156.20, 100, 7349
2026/06/29 06:21:00.129, 156.46, 100, 7349
2026/06/29 06:21:01.130, 156.45, 98, 7349
2026/06/29 06:21:02.130, 156.95, 100, 7349
2026/06/29 06:21:03.130, 156.87, 100, 7349
2026/06/29 06:21:04.130, 155.26, 98, 7349
2026/06/29 06:21:05.130, 156.63, 100, 7349
2026/06/29 06:21:06.130, 157.00, 100, 7349
2026/06/29 06:21:07.131, 156.82, 98, 7349
2026/06/29 06:21:08.131, 156.89, 100, 7349
2026/06/29 06:21:09.131, 156.46, 100, 7349
2026/06/29 06:21:10.131, 156.33, 98, 7349
2026/06/29 06:21:11.131, 156.47, 100, 7349
2026/06/29 06:21:12.131, 156.46, 100, 7349
2026/06/29 06:21:13.131, 156.24, 98, 7349
2026/06/29 06:21:14.132, 155.54, 100, 7349
2026/06/29 06:21:15.132, 156.10, 100, 7349
2026/06/29 06:21:16.132, 156.30, 98, 7349
2026/06/29 06:21:17.132, 156.39, 100, 7349
2026/06/29 06:21:18.132, 156.45, 100, 7349
2026/06/29 06:21:19.132, 155.47, 98, 7349
2026/06/29 06:21:20.133, 156.55, 100, 7349
2026/06/29 06:21:21.133, 156.07, 100, 7349
2026/06/29 06:21:22.133, 156.39, 98, 7349
2026/06/29 06:21:23.133, 156.75, 100, 7349
2026/06/29 06:21:24.133, 155.76, 100, 7349
2026/06/29 06:21:25.133, 156.74, 98, 7349
2026/06/29 06:21:26.134, 156.98, 100, 7349
2026/06/29 06:21:27.134, 156.72, 100, 7349
2026/06/29 06:21:28.134, 156.25, 98, 7349
2026/06/29 06:21:29.134, 155.56, 100, 7349
2026/06/29 06:21:30.134, 156.41, 100, 7349
2026/06/29 06:21:31.134, 155.59, 98, 7349
2026/06/29 06:21:32.135, 156.81, 100, 7349
2026/06/29 06:21:33.135, 156.38, 100, 7349
2026/06/29 06:21:34.135, 155.04, 90, 7349
2026/06/29 06:21:35.135, 155.66, 100, 7349
2026/06/29 06:21:36.135, 156.51, 100, 7349
2026/06/29 06:21:37.135, 155.90, 98, 7349
2026/06/29 06:21:38.136, 156.45, 100, 7349
2026/06/29 06:21:39.136, 155.90, 100, 7349
2026/06/29 06:21:40.136, 155.33, 98, 7349
2026/06/29 06:21:41.136, 157.06, 100, 7349
2026/06/29 06:21:42.136, 156.10, 100, 7349
2026/06/29 06:21:43.136, 155.66, 98, 7349
2026/06/29 06:21:44.137, 157.15, 100, 7349
2026/06/29 06:21:45.137, 156.04, 100, 7349
2026/06/29 06:21:46.137, 155.99, 98, 7349
2026/06/29 06:21:47.137, 156.40, 100, 7349
2026/06/29 06:21:48.137, 156.61, 100, 7349
2026/06/29 06:21:49.137, 156.35, 98, 7349
2026/06/29 06:21:50.138, 156.71, 100, 7349
2026/06/29 06:21:51.138, 156.54, 100, 7349
2026/06/29 06:21:52.138, 156.51, 98, 7349
2026/06/29 06:21:53.138, 156.62, 100, 7349
2026/06/29 06:21:54.138, 156.35, 100, 7349
2026/06/29 06:21:55.138, 156.35, 98, 7349
2026/06/29 06:21:56.139, 156.89, 100, 7349
2026/06/29 06:21:57.139, 156.05, 100, 7349
2026/06/29 06:21:58.139, 156.05, 98, 7349
2026/06/29 06:21:59.139, 156.49, 100, 7349
2026/06/29 06:22:00.139, 156.39, 100, 7349
2026/06/29 06:22:01.139, 156.22, 98, 7349
2026/06/29 06:22:02.140, 156.45, 100, 7349
2026/06/29 06:22:03.140, 156.21, 100, 7349
2026/06/29 06:22:04.140, 156.07, 98, 7349
2026/06/29 06:22:05.140, 156.91, 100, 7349
2026/06/29 06:22:06.140, 156.77, 100, 7349
2026/06/29 06:22:07.140, 156.47, 98, 7349
2026/06/29 06:22:08.141, 156.58, 100, 7349
2026/06/29 06:22:09.141, 156.98, 100, 7349
2026/06/29 06:22:10.141, 156.40, 98, 7349
2026/06/29 06:22:11.141, 156.66, 100, 7349
2026/06/29 06:22:12.141, 156.96, 100, 7349
2026/06/29 06:22:13.141, 156.61, 98, 7349
2026/06/29 06:22:14.142, 157.23, 100, 7349
2026/06/29 06:22:15.142, 156.85, 100, 7349
2026/06/29 06:22:16.142, 156.15, 98, 7349
2026/06/29 06:22:17.142, 156.33, 100, 7349
2026/06/29 06:22:18.142, 156.59, 100, 7349
2026/06/29 06:22:19.142, 156.18, 98, 7349
2026/06/29 06:22:20.142, 156.94, 100, 7349
2026/06/29 06:22:21.143, 156.64, 100, 7349
2026/06/29 06:22:22.143, 156.96, 98, 7349
2026/06/29 06:22:23.143, 156.97, 100, 7349
2026/06/29 06:22:24.143, 155.88, 100, 7349
2026/06/29 06:22:25.143, 156.63, 98, 7349
2026/06/29 06:22:26.143, 157.07, 100, 7349
2026/06/29 06:22:27.144, 156.93, 100, 7349
2026/06/29 06:22:28.144, 156.59, 98, 7349
2026/06/29 06:22:29.144, 155.75, 100, 7349
2026/06/29 06:22:30.144, 156.84, 100, 7349
2026/06/29 06:22:31.144, 156.79, 98, 7349
2026/06/29 06:22:32.145, 156.95, 100, 7349
2026/06/29 06:22:33.145, 156.65, 100, 7349
2026/06/29 06:22:34.145, 155.60, 98, 7349
2026/06/29 06:22:35.145, 157.24, 100, 7349
2026/06/29 06:22:36.145, 156.93, 100, 7349
2026/06/29 06:22:37.145, 156.68, 98, 7349
2026/06/29 06:22:38.146, 156.70, 100, 7349
2026/06/29 06:22:39.146, 156.64, 100, 7349
2026/06/29 06:22:40.146, 156.65, 98, 7349
2026/06/29 06:22:41.146, 156.89, 100, 7349
2026/06/29 06:22:42.146, 156.61, 100, 7349
2026/06/29 06:22:43.146, 157.05, 98, 7349
2026/06/29 06:22:44.146, 155.65, 100, 7349
2026/06/29 06:22:45.147, 156.90, 100, 7349
2026/06/29 06:22:46.147, 156.56, 98, 7349
2026/06/29 06:22:47.147, 156.92, 100, 7349
2026/06/29 06:22:48.147, 156.50, 100, 7349
2026/06/29 06:22:49.147, 155.68, 90, 7349
2026/06/29 06:22:50.147, 155.76, 100, 7349
2026/06/29 06:22:51.148, 156.49, 100, 7349
2026/06/29 06:22:52.148, 156.16, 98, 7349
2026/06/29 06:22:53.148, 156.69, 100, 7349
2026/06/29 06:22:54.148, 156.89, 100, 7349
2026/06/29 06:22:55.148, 155.65, 98, 7349
2026/06/29 06:22:56.148, 157.05, 100, 7349
2026/06/29 06:22:57.149, 156.80, 100, 7349
2026/06/29 06:22:58.149, 156.92, 98, 7349
2026/06/29 06:22:59.149, 156.94, 100, 7349
2026/06/29 06:23:00.149, 155.72, 100, 7349
2026/06/29 06:23:01.149, 156.60, 98, 7349
2026/06/29 06:23:02.150, 156.91, 100, 7349
2026/06/29 06:23:03.150, 157.01, 100, 7349
2026/06/29 06:23:04.150, 156.53, 98, 7349
2026/06/29 06:23:05.150, 155.93, 100, 7349
2026/06/29 06:23:06.150, 156.81, 100, 7349
2026/06/29 06:23:07.150, 156.45, 98, 7349
2026/06/29 06:23:08.151, 156.93, 100, 7349
2026/06/29 06:23:09.151, 156.92, 100, 7349
2026/06/29 06:23:10.151, 156.90, 99, 7349
2026/06/29 06:23:11.151, 157.16, 100, 7349
2026/06/29 06:23:12.151, 156.39, 98, 7349
2026/06/29 06:23:13.151, 157.11, 100, 7349
2026/06/29 06:23:14.152, 156.91, 100, 7349
2026/06/29 06:23:15.160, 155.99, 98, 7349
2026/06/29 06:23:16.160, 155.84, 99, 7349
2026/06/29 06:23:17.160, 158.71, 99, 7349
2026/06/29 06:23:18.161, 158.56, 99, 7349
2026/06/29 06:23:19.161, 158.58, 100, 7349
2026/06/29 06:23:20.169, 158.88, 100, 7349
2026/06/29 06:23:21.169, 158.64, 100, 7349
2026/06/29 06:23:22.170, 158.80, 99, 7349
2026/06/29 06:23:23.170, 158.91, 99, 7349
2026/06/29 06:23:24.170, 158.81, 99, 7349
2026/06/29 06:23:25.178, 158.65, 100, 7349
2026/06/29 06:23:26.179, 158.93, 100, 7349
2026/06/29 06:23:27.179, 158.95, 100, 7349
2026/06/29 06:23:28.179, 158.93, 99, 7349
2026/06/29 06:23:29.179, 158.88, 99, 7349
2026/06/29 06:23:30.179, 158.89, 99, 7349
2026/06/29 06:23:31.179, 158.83, 100, 7349
2026/06/29 06:23:32.180, 158.72, 100, 7349
2026/06/29 06:23:33.180, 158.67, 100, 7349
2026/06/29 06:23:34.180, 158.88, 99, 7349
2026/06/29 06:23:35.180, 153.49, 100, 7349
2026/06/29 06:23:36.180, 156.46, 98, 7349
2026/06/29 06:23:37.180, 156.63, 100, 7349
2026/06/29 06:23:38.181, 156.99, 100, 7349
2026/06/29 06:23:39.181, 156.50, 98, 7349
2026/06/29 06:23:40.181, 156.87, 100, 7349
2026/06/29 06:23:41.181, 156.94, 100, 7349
2026/06/29 06:23:42.181, 156.66, 98, 7349
2026/06/29 06:23:43.181, 157.06, 100, 7349
2026/06/29 06:23:44.181, 157.32, 100, 7349
2026/06/29 06:23:45.182, 156.71, 98, 7349
2026/06/29 06:23:46.182, 156.93, 100, 7349
2026/06/29 06:23:47.182, 156.85, 100, 7349
2026/06/29 06:23:48.182, 156.99, 98, 7349
2026/06/29 06:23:49.182, 157.10, 100, 7349
2026/06/29 06:23:50.182, 156.95, 100, 7349
2026/06/29 06:23:51.183, 156.79, 98, 7349
2026/06/29 06:23:52.183, 156.94, 100, 7349
2026/06/29 06:23:53.183, 157.11, 100, 7349
2026/06/29 06:23:54.183, 157.05, 98, 7349
2026/06/29 06:23:55.183, 157.27, 100, 7349
2026/06/29 06:23:56.183, 156.93, 100, 7349
2026/06/29 06:23:57.183, 156.93, 98, 7349
2026/06/29 06:23:58.184, 157.40, 100, 7349
2026/06/29 06:23:59.184, 156.99, 100, 7349
2026/06/29 06:24:00.184, 156.84, 98, 7349
2026/06/29 06:24:01.184, 157.25, 100, 7349
2026/06/29 06:24:02.184, 156.96, 98, 7349
2026/06/29 06:24:03.184, 157.01, 100, 7349
2026/06/29 06:24:04.185, 157.00, 100, 7349
2026/06/29 06:24:05.185, 156.59, 98, 7349
2026/06/29 06:24:06.185, 157.46, 100, 7349
2026/06/29 06:24:07.185, 157.47, 100, 7349
2026/06/29 06:24:08.185, 156.81, 98, 7349
2026/06/29 06:24:09.185, 157.57, 100, 7349
2026/06/29 06:24:10.185, 157.07, 100, 7349
2026/06/29 06:24:11.186, 156.79, 98, 7349
2026/06/29 06:24:12.186, 157.04, 100, 7349
2026/06/29 06:24:13.186, 157.02, 100, 7349
2026/06/29 06:24:14.186, 156.65, 98, 7349
2026/06/29 06:24:15.186, 156.01, 100, 7349
2026/06/29 06:24:16.186, 156.77, 100, 7349
2026/06/29 06:24:17.187, 156.49, 98, 7349
2026/06/29 06:24:18.187, 157.02, 100, 7349
2026/06/29 06:24:19.187, 156.85, 100, 7349
2026/06/29 06:24:20.187, 155.38, 98, 7349
2026/06/29 06:24:21.187, 156.84, 100, 7349
2026/06/29 06:24:22.187, 156.76, 100, 7349
2026/06/29 06:24:23.187, 156.43, 98, 7349
2026/06/29 06:24:24.188, 156.83, 100, 7349
2026/06/29 06:24:25.188, 155.44, 100, 7349
2026/06/29 06:24:26.188, 156.37, 98, 7349
2026/06/29 06:24:27.188, 156.60, 100, 7349
2026/06/29 06:24:28.188, 156.30, 100, 7349
2026/06/29 06:24:29.188, 156.21, 98, 7349
2026/06/29 06:24:30.189, 155.71, 100, 7349
2026/06/29 06:24:31.189, 156.98, 100, 7349
2026/06/29 06:24:32.189, 156.57, 98, 7349
2026/06/29 06:24:33.189, 156.84, 100, 7349
2026/06/29 06:24:34.189, 156.63, 100, 7349
2026/06/29 06:24:35.189, 156.01, 98, 7349
2026/06/29 06:24:36.190, 156.64, 100, 7349
2026/06/29 06:24:37.190, 156.03, 100, 7349
2026/06/29 06:24:38.190, 156.47, 98, 7349
2026/06/29 06:24:39.190, 156.63, 100, 7349
2026/06/29 06:24:40.190, 157.00, 100, 7349
2026/06/29 06:24:41.190, 156.47, 98, 7349
2026/06/29 06:24:42.191, 156.74, 100, 7349
2026/06/29 06:24:43.191, 156.69, 100, 7349
2026/06/29 06:24:44.191, 156.59, 98, 7349
2026/06/29 06:24:45.191, 156.70, 100, 7349
2026/06/29 06:24:46.191, 155.67, 100, 7349
2026/06/29 06:24:47.192, 156.76, 98, 7349
2026/06/29 06:24:48.192, 157.01, 100, 7349
2026/06/29 06:24:49.192, 156.96, 100, 7349
2026/06/29 06:24:50.192, 156.88, 98, 7349
2026/06/29 06:24:51.192, 155.80, 100, 7349
2026/06/29 06:24:52.192, 156.26, 100, 7349
2026/06/29 06:24:53.193, 156.45, 98, 7349
2026/06/29 06:24:54.193, 156.82, 100, 7349
2026/06/29 06:24:55.193, 156.49, 100, 7349
2026/06/29 06:24:56.201, 156.86, 98, 7349
2026/06/29 06:24:57.201, 156.93, 100, 7349
2026/06/29 06:24:58.202, 156.70, 100, 7349
2026/06/29 06:24:59.202, 156.87, 98, 7349
2026/06/29 06:25:00.202, 157.01, 100, 7349
2026/06/29 06:25:01.202, 156.75, 98, 7349
2026/06/29 06:25:02.202, 156.77, 100, 7349
2026/06/29 06:25:03.202, 157.18, 100, 7349
2026/06/29 06:25:04.203, 156.29, 98, 7349
2026/06/29 06:25:05.203, 156.78, 100, 7349
2026/06/29 06:25:06.203, 157.18, 100, 7349
2026/06/29 06:25:07.203, 155.08, 98, 7349
2026/06/29 06:25:08.203, 156.91, 100, 7349
2026/06/29 06:25:09.204, 157.09, 100, 7349
2026/06/29 06:25:10.204, 156.32, 98, 7349
2026/06/29 06:25:11.204, 157.06, 100, 7349
2026/06/29 06:25:12.204, 156.05, 100, 7349
2026/06/29 06:25:13.204, 155.99, 98, 7349
2026/06/29 06:25:14.204, 157.11, 100, 7349
2026/06/29 06:25:15.205, 157.02, 100, 7349
2026/06/29 06:25:16.205, 156.54, 98, 7349
2026/06/29 06:25:17.205, 155.49, 100, 7349
2026/06/29 06:25:18.205, 156.47, 100, 7349
2026/06/29 06:25:19.205, 155.60, 98, 7349
2026/06/29 06:25:20.205, 157.03, 100, 7349
2026/06/29 06:25:21.206, 156.54, 100, 7349
2026/06/29 06:25:22.206, 155.25, 90, 7349
2026/06/29 06:25:23.206, 155.41, 100, 7349
2026/06/29 06:25:24.206, 156.64, 100, 7349
2026/06/29 06:25:25.206, 155.69, 98, 7349
2026/06/29 06:25:26.206, 156.56, 100, 7349
2026/06/29 06:25:27.206, 157.02, 100, 7349
2026/06/29 06:25:28.207, 154.95, 98, 7349
2026/06/29 06:25:29.207, 157.05, 100, 7349
2026/06/29 06:25:30.207, 157.04, 100, 7349
2026/06/29 06:25:31.207, 156.42, 98, 7349
2026/06/29 06:25:32.207, 157.35, 100, 7349
2026/06/29 06:25:33.208, 155.21, 100, 7349
2026/06/29 06:25:34.208, 155.87, 98, 7349
2026/06/29 06:25:35.208, 157.17, 100, 7349
2026/06/29 06:25:36.208, 156.56, 100, 7349
2026/06/29 06:25:37.208, 156.25, 98, 7349
2026/06/29 06:25:38.208, 155.45, 100, 7349
2026/06/29 06:25:39.209, 156.92, 100, 7349
2026/06/29 06:25:40.209, 156.14, 98, 7349
2026/06/29 06:25:41.209, 156.60, 100, 7349
2026/06/29 06:25:42.209, 156.99, 100, 7349
2026/06/29 06:25:43.209, 156.41, 98, 7349
2026/06/29 06:25:44.209, 157.19, 100, 7349
2026/06/29 06:25:45.210, 156.94, 100, 7349
2026/06/29 06:25:46.210, 156.32, 98, 7349
2026/06/29 06:25:47.210, 156.76, 100, 7349
2026/06/29 06:25:48.210, 156.97, 100, 7349
2026/06/29 06:25:49.210, 156.40, 98, 7349
2026/06/29 06:25:50.210, 157.20, 100, 7349
2026/06/29 06:25:51.211, 156.73, 100, 7349
2026/06/29 06:25:52.211, 156.75, 98, 7349
2026/06/29 06:25:53.211, 155.80, 100, 7349
2026/06/29 06:25:54.211, 156.15, 100, 7349
2026/06/29 06:25:55.211, 156.22, 98, 7349
2026/06/29 06:25:56.211, 156.97, 100, 7349
2026/06/29 06:25:57.211, 156.81, 100, 7349
2026/06/29 06:25:58.212, 155.42, 98, 7349
2026/06/29 06:25:59.212, 156.91, 100, 7349
2026/06/29 06:26:00.212, 156.37, 100, 7349
2026/06/29 06:26:01.212, 156.42, 98, 7349
2026/06/29 06:26:02.212, 156.76, 100, 7349
2026/06/29 06:26:03.212, 155.01, 100, 7349
2026/06/29 06:26:04.213, 155.77, 98, 7349
2026/06/29 06:26:05.213, 156.20, 100, 7349
2026/06/29 06:26:06.213, 156.44, 100, 7349
2026/06/29 06:26:07.213, 156.36, 98, 7349
2026/06/29 06:26:08.213, 155.54, 100, 7349
2026/06/29 06:26:09.213, 156.54, 100, 7349
2026/06/29 06:26:10.213, 156.48, 98, 7349
2026/06/29 06:26:11.214, 156.75, 100, 7349
2026/06/29 06:26:12.214, 156.04, 100, 7349
2026/06/29 06:26:13.214, 154.95, 89, 7349
2026/06/29 06:26:14.214, 155.75, 100, 7349
2026/06/29 06:26:15.214, 156.31, 100, 7349
2026/06/29 06:26:16.214, 156.59, 98, 7349
2026/06/29 06:26:17.215, 156.98, 100, 7349
2026/06/29 06:26:18.215, 156.74, 96, 7349
2026/06/29 06:26:19.215, 155.05, 98, 7349
2026/06/29 06:26:20.215, 156.42, 100, 7349
2026/06/29 06:26:21.215, 156.47, 100, 7349
2026/06/29 06:26:22.215, 156.57, 99, 7349
2026/06/29 06:26:23.216, 156.93, 100, 7349
2026/06/29 06:26:24.216, 154.84, 100, 7349
2026/06/29 06:26:25.216, 156.13, 98, 7349
2026/06/29 06:26:26.216, 156.58, 100, 7349
2026/06/29 06:26:27.216, 155.80, 100, 7349
2026/06/29 06:26:28.216, 156.62, 98, 7349
2026/06/29 06:26:29.217, 155.71, 100, 7349
2026/06/29 06:26:30.217, 156.33, 100, 7349
2026/06/29 06:26:31.217, 156.40, 98, 7349
2026/06/29 06:26:32.217, 156.92, 100, 7349
2026/06/29 06:26:33.217, 156.44, 98, 7349
2026/06/29 06:26:34.217, 155.62, 98, 7349
2026/06/29 06:26:35.218, 156.62, 100, 7349
2026/06/29 06:26:36.218, 156.03, 100, 7349
2026/06/29 06:26:37.218, 156.45, 98, 7349
2026/06/29 06:26:38.218, 156.61, 100, 7349
2026/06/29 06:26:39.218, 156.17, 99, 7349
2026/06/29 06:26:40.218, 156.60, 100, 7349
2026/06/29 06:26:41.219, 156.44, 100, 7349
2026/06/29 06:26:42.219, 156.02, 98, 7349
2026/06/29 06:26:43.219, 157.03, 100, 7349
2026/06/29 06:26:44.219, 157.06, 100, 7349
2026/06/29 06:26:45.219, 156.13, 98, 7349
2026/06/29 06:26:46.219, 156.71, 100, 7349
2026/06/29 06:26:47.220, 156.84, 100, 7349
2026/06/29 06:26:48.220, 156.28, 98, 7349
2026/06/29 06:26:49.220, 156.44, 100, 7349
2026/06/29 06:26:50.220, 156.32, 100, 7349
2026/06/29 06:26:51.220, 156.17, 98, 7349
2026/06/29 06:26:52.220, 156.73, 100, 7349
2026/06/29 06:26:53.221, 156.34, 100, 7349
2026/06/29 06:26:54.221, 156.29, 98, 7349
2026/06/29 06:26:55.221, 156.86, 100, 7349
2026/06/29 06:26:56.221, 156.42, 100, 7349
2026/06/29 06:26:57.221, 156.12, 98, 7349
2026/06/29 06:26:58.221, 156.71, 100, 7349
2026/06/29 06:26:59.222, 156.50, 100, 7349
2026/06/29 06:27:00.222, 156.49, 98, 7349
2026/06/29 06:27:01.222, 157.24, 100, 7349
2026/06/29 06:27:02.222, 156.60, 100, 7349
2026/06/29 06:27:03.222, 156.48, 98, 7349
2026/06/29 06:27:04.222, 156.91, 100, 7349
2026/06/29 06:27:05.223, 156.74, 100, 7349
2026/06/29 06:27:06.223, 156.28, 98, 7349
2026/06/29 06:27:07.223, 156.60, 100, 7349
2026/06/29 06:27:08.223, 156.16, 99, 7349
2026/06/29 06:27:09.223, 156.45, 100, 7349
2026/06/29 06:27:10.223, 156.64, 100, 7349
2026/06/29 06:27:11.223, 156.29, 98, 7349
2026/06/29 06:27:12.224, 157.14, 100, 7349
2026/06/29 06:27:13.224, 157.09, 100, 7349
2026/06/29 06:27:14.224, 156.20, 98, 7349
2026/06/29 06:27:15.224, 156.94, 100, 7349
2026/06/29 06:27:16.224, 157.07, 100, 7349
2026/06/29 06:27:17.225, 156.19, 98, 7349
2026/06/29 06:27:18.225, 156.44, 100, 7349
2026/06/29 06:27:19.225, 156.43, 100, 7349
2026/06/29 06:27:20.225, 156.02, 98, 7349
2026/06/29 06:27:21.225, 156.58, 100, 7349
2026/06/29 06:27:22.225, 156.24, 100, 7349
2026/06/29 06:27:23.225, 156.11, 98, 7349
2026/06/29 06:27:24.226, 155.66, 100, 7349
2026/06/29 06:27:25.226, 156.07, 100, 7349
2026/06/29 06:27:26.226, 155.85, 98, 7349
2026/06/29 06:27:27.226, 156.55, 100, 7349
2026/06/29 06:27:28.226, 155.90, 100, 7349
2026/06/29 06:27:29.226, 154.95, 89, 7349
2026/06/29 06:27:30.227, 155.07, 100, 7349
2026/06/29 06:27:31.227, 156.00, 100, 7349
2026/06/29 06:27:32.227, 156.19, 98, 7349
2026/06/29 06:27:33.227, 156.96, 100, 7349
2026/06/29 06:27:34.227, 156.45, 100, 7349
2026/06/29 06:27:35.227, 154.71, 98, 7349
2026/06/29 06:27:36.227, 156.22, 100, 7349
2026/06/29 06:27:37.228, 156.04, 100, 7349
2026/06/29 06:27:38.228, 155.64, 98, 7349
2026/06/29 06:27:39.228, 156.13, 100, 7349
2026/06/29 06:27:40.228, 154.68, 100, 7349
2026/06/29 06:27:41.228, 155.82, 98, 7349
2026/06/29 06:27:42.228, 156.37, 100, 7349
2026/06/29 06:27:43.229, 156.79, 100, 7349
2026/06/29 06:27:44.229, 155.98, 98, 7349
2026/06/29 06:27:45.229, 155.41, 100, 7349
2026/06/29 06:27:46.229, 156.00, 100, 7349
2026/06/29 06:27:47.229, 156.15, 98, 7349
2026/06/29 06:27:48.229, 156.98, 100, 7349
2026/06/29 06:27:49.230, 156.80, 100, 7349
2026/06/29 06:27:50.238, 156.39, 98, 7349
2026/06/29 06:27:51.238, 156.79, 100, 7349
2026/06/29 06:27:52.238, 156.83, 100, 7349
2026/06/29 06:27:53.239, 156.37, 98, 7349
2026/06/29 06:27:54.239, 156.55, 100, 7349
2026/06/29 06:27:55.239, 156.73, 100, 7349
2026/06/29 06:27:56.239, 156.58, 98, 7349
2026/06/29 06:27:57.239, 156.90, 100, 7349
2026/06/29 06:27:58.239, 156.69, 100, 7349
2026/06/29 06:27:59.240, 156.55, 98, 7349
2026/06/29 06:28:00.240, 156.61, 100, 7349
2026/06/29 06:28:01.240, 156.83, 100, 7349
2026/06/29 06:28:02.240, 156.70, 98, 7349
2026/06/29 06:28:03.240, 156.90, 100, 7349
2026/06/29 06:28:04.240, 156.33, 98, 7349
2026/06/29 06:28:05.241, 156.82, 100, 7349
2026/06/29 06:28:06.241, 156.78, 100, 7349
2026/06/29 06:28:07.241, 156.46, 98, 7349
2026/06/29 06:28:08.241, 156.68, 100, 7349
2026/06/29 06:28:09.241, 156.79, 100, 7349
2026/06/29 06:28:10.241, 156.51, 98, 7349
2026/06/29 06:28:11.242, 156.85, 100, 7349
2026/06/29 06:28:12.242, 157.12, 100, 7349
2026/06/29 06:28:13.242, 156.17, 98, 7349
2026/06/29 06:28:14.242, 156.49, 100, 7349
2026/06/29 06:28:15.242, 156.31, 100, 7349
2026/06/29 06:28:16.242, 156.27, 98, 7349
2026/06/29 06:28:17.243, 156.85, 100, 7349
2026/06/29 06:28:18.243, 156.74, 100, 7349
2026/06/29 06:28:19.243, 156.10, 98, 7349
2026/06/29 06:28:20.243, 156.74, 100, 7349
2026/06/29 06:28:21.243, 156.65, 100, 7349
2026/06/29 06:28:22.243, 156.25, 98, 7349
2026/06/29 06:28:23.244, 156.74, 100, 7349
2026/06/29 06:28:24.244, 156.57, 100, 7349
2026/06/29 06:28:25.244, 154.98, 98, 7349
2026/06/29 06:28:26.244, 156.55, 100, 7349
2026/06/29 06:28:27.244, 156.22, 100, 7349
2026/06/29 06:28:28.245, 156.23, 98, 7349
2026/06/29 06:28:29.245, 156.52, 100, 7349
2026/06/29 06:28:30.245, 156.48, 100, 7349
2026/06/29 06:28:31.245, 156.29, 98, 7349
2026/06/29 06:28:32.245, 156.62, 100, 7349
2026/06/29 06:28:33.245, 156.34, 100, 7349
2026/06/29 06:28:34.246, 155.65, 99, 7349
2026/06/29 06:28:35.246, 159.17, 99, 7349
2026/06/29 06:28:36.246, 159.15, 100, 7349
2026/06/29 06:28:37.246, 159.04, 100, 7349
2026/06/29 06:28:38.246, 159.25, 100, 7349
2026/06/29 06:28:39.246, 159.01, 99, 7349
2026/06/29 06:28:40.247, 159.06, 99, 7349
2026/06/29 06:28:41.247, 159.23, 100, 7349
2026/06/29 06:28:42.247, 159.13, 100, 7349
2026/06/29 06:28:43.247, 159.12, 100, 7349
2026/06/29 06:28:44.247, 159.21, 99, 7349
2026/06/29 06:28:45.247, 159.36, 99, 7349
2026/06/29 06:28:46.248, 158.84, 99, 7349
2026/06/29 06:28:47.248, 158.92, 100, 7349
2026/06/29 06:28:48.248, 158.53, 100, 7349
2026/06/29 06:28:49.248, 158.50, 99, 7349
2026/06/29 06:28:50.248, 158.61, 100, 7349
2026/06/29 06:28:51.248, 158.51, 100, 7349
2026/06/29 06:28:52.249, 158.78, 100, 7349
2026/06/29 06:28:53.249, 153.46, 100, 7349
2026/06/29 06:28:54.249, 156.57, 98, 7349
2026/06/29 06:28:55.249, 157.04, 100, 7349
2026/06/29 06:28:56.249, 156.63, 100, 7349
2026/06/29 06:28:57.249, 156.51, 98, 7349
2026/06/29 06:28:58.249, 156.88, 100, 7349
2026/06/29 06:28:59.250, 156.38, 98, 7349
2026/06/29 06:29:00.250, 156.68, 100, 7349
2026/06/29 06:29:01.250, 157.05, 100, 7349
2026/06/29 06:29:02.250, 156.29, 98, 7349
2026/06/29 06:29:03.250, 157.01, 100, 7349
2026/06/29 06:29:04.250, 156.60, 100, 7349
2026/06/29 06:29:05.251, 154.74, 98, 7349
2026/06/29 06:29:06.251, 156.18, 100, 7349
2026/06/29 06:29:07.251, 156.24, 100, 7349
2026/06/29 06:29:08.251, 155.41, 98, 7349
2026/06/29 06:29:09.251, 156.57, 100, 7349
2026/06/29 06:29:10.251, 155.56, 100, 7349
2026/06/29 06:29:11.252, 155.96, 98, 7349
2026/06/29 06:29:12.252, 156.45, 100, 7349
2026/06/29 06:29:13.252, 156.99, 100, 7349
2026/06/29 06:29:14.252, 155.96, 98, 7349
2026/06/29 06:29:15.252, 155.20, 100, 7349
2026/06/29 06:29:16.252, 156.45, 100, 7349
2026/06/29 06:29:17.253, 156.15, 98, 7349
2026/06/29 06:29:18.253, 156.53, 100, 7349
2026/06/29 06:29:19.253, 156.93, 100, 7349
2026/06/29 06:29:20.253, 154.69, 98, 7349
2026/06/29 06:29:21.253, 156.53, 100, 7349
2026/06/29 06:29:22.253, 156.60, 100, 7349
2026/06/29 06:29:23.254, 155.88, 98, 7349
2026/06/29 06:29:24.254, 156.81, 100, 7349
2026/06/29 06:29:25.254, 155.74, 100, 7349
2026/06/29 06:29:26.254, 156.49, 98, 7349
2026/06/29 06:29:27.254, 156.90, 100, 7349
2026/06/29 06:29:28.254, 156.05, 100, 7349
2026/06/29 06:29:29.255, 156.56, 98, 7349
2026/06/29 06:29:30.255, 155.84, 100, 7349
2026/06/29 06:29:31.255, 156.16, 100, 7349
2026/06/29 06:29:32.255, 156.43, 98, 7349
2026/06/29 06:29:33.255, 156.30, 100, 7349
2026/06/29 06:29:34.255, 156.26, 100, 7349
2026/06/29 06:29:35.256, 155.51, 90, 7349
2026/06/29 06:29:36.256, 156.45, 100, 7349
2026/06/29 06:29:37.256, 156.05, 100, 7349
2026/06/29 06:29:38.256, 156.14, 98, 7349
2026/06/29 06:29:39.256, 156.20, 100, 7349
2026/06/29 06:29:40.256, 155.08, 100, 7349
2026/06/29 06:29:41.257, 156.16, 100, 7349
2026/06/29 06:29:42.257, 156.62, 100, 7349
2026/06/29 06:29:43.257, 156.19, 98, 7349
2026/06/29 06:29:44.257, 156.94, 100, 7349
2026/06/29 06:29:45.257, 156.77, 100, 7349
2026/06/29 06:29:46.257, 154.84, 98, 7349
2026/06/29 06:29:47.258, 156.46, 100, 7349
2026/06/29 06:29:48.258, 156.29, 100, 7349
2026/06/29 06:29:49.258, 156.22, 98, 7349
2026/06/29 06:29:50.258, 157.11, 100, 7349
2026/06/29 06:29:51.258, 155.06, 100, 7349
2026/06/29 06:29:52.258, 155.78, 98, 7349
2026/06/29 06:29:53.259, 156.69, 100, 7349
2026/06/29 06:29:54.259, 156.90, 100, 7349
2026/06/29 06:29:55.259, 156.31, 98, 7349
2026/06/29 06:29:56.259, 155.55, 100, 7349
2026/06/29 06:29:57.259, 155.66, 100, 7349
2026/06/29 06:29:58.260, 155.80, 98, 7349
2026/06/29 06:29:59.260, 156.65, 100, 7349
2026/06/29 06:30:00.260, 156.10, 100, 7349
2026/06/29 06:30:01.260, 155.53, 98, 7349
2026/06/29 06:30:02.260, 156.13, 100, 7349
2026/06/29 06:30:03.260, 156.16, 100, 7349
2026/06/29 06:30:04.261, 156.06, 98, 7349
2026/06/29 06:30:05.261, 156.14, 100, 7349
2026/06/29 06:30:06.261, 156.12, 100, 7349
2026/06/29 06:30:07.261, 155.82, 98, 7349
2026/06/29 06:30:08.261, 156.26, 100, 7349
2026/06/29 06:30:09.261, 156.50, 100, 7349
2026/06/29 06:30:10.262, 156.20, 98, 7349
2026/06/29 06:30:11.262, 155.39, 100, 7349
2026/06/29 06:30:12.262, 156.25, 100, 7349
2026/06/29 06:30:13.262, 155.91, 98, 7349
2026/06/29 06:30:14.262, 156.33, 100, 7349
2026/06/29 06:30:15.262, 156.44, 100, 7349
2026/06/29 06:30:16.263, 156.08, 98, 7349
2026/06/29 06:30:17.263, 156.75, 100, 7349
2026/06/29 06:30:18.263, 156.45, 100, 7349
2026/06/29 06:30:19.263, 156.12, 98, 7349
2026/06/29 06:30:20.263, 156.90, 100, 7349
2026/06/29 06:30:21.263, 156.84, 100, 7349
2026/06/29 06:30:22.264, 156.45, 98, 7349
2026/06/29 06:30:23.264, 156.79, 100, 7349
2026/06/29 06:30:24.264, 155.55, 100, 7349
2026/06/29 06:30:25.264, 156.29, 98, 7349
2026/06/29 06:30:26.264, 156.95, 100, 7349
2026/06/29 06:30:27.264, 156.54, 100, 7349
2026/06/29 06:30:28.265, 156.52, 98, 7349
2026/06/29 06:30:29.265, 155.80, 100, 7349
2026/06/29 06:30:30.265, 156.63, 100, 7349
2026/06/29 06:30:31.265, 156.63, 98, 7349
2026/06/29 06:30:32.265, 157.00, 100, 7349
2026/06/29 06:30:33.266, 156.67, 100, 7349
2026/06/29 06:30:34.266, 155.43, 89, 7349
2026/06/29 06:30:35.266, 155.70, 100, 7349
2026/06/29 06:30:36.266, 156.70, 100, 7349
2026/06/29 06:30:37.266, 156.77, 98, 7349
2026/06/29 06:30:38.266, 156.77, 100, 7349
2026/06/29 06:30:39.266, 156.57, 98, 7349
2026/06/29 06:30:40.267, 155.21, 98, 7349
2026/06/29 06:30:41.267, 156.49, 100, 7349
2026/06/29 06:30:42.267, 156.11, 99, 7349
2026/06/29 06:30:43.267, 156.24, 100, 7349
2026/06/29 06:30:44.267, 156.74, 100, 7349
2026/06/29 06:30:45.267, 155.24, 100, 7349
2026/06/29 06:30:46.267, 155.96, 98, 7349
2026/06/29 06:30:47.268, 156.74, 100, 7349
2026/06/29 06:30:48.268, 156.11, 98, 7349
2026/06/29 06:30:49.268, 156.29, 100, 7349
2026/06/29 06:30:50.268, 155.28, 100, 7349
2026/06/29 06:30:51.268, 156.41, 99, 7349
2026/06/29 06:30:52.268, 156.60, 100, 7349
2026/06/29 06:30:53.268, 156.61, 100, 7349
2026/06/29 06:30:54.269, 156.21, 98, 7349
2026/06/29 06:30:55.269, 157.05, 100, 7349
2026/06/29 06:30:56.269, 156.88, 100, 7349
2026/06/29 06:30:57.269, 156.13, 98, 7349
2026/06/29 06:30:58.269, 156.67, 100, 7349
2026/06/29 06:30:59.269, 156.49, 100, 7349
2026/06/29 06:31:00.269, 155.23, 98, 7349
2026/06/29 06:31:01.270, 157.13, 100, 7349
2026/06/29 06:31:02.270, 156.65, 100, 7349
2026/06/29 06:31:03.270, 156.10, 98, 7349
2026/06/29 06:31:04.270, 156.36, 100, 7349
2026/06/29 06:31:05.270, 155.41, 100, 7349
2026/06/29 06:31:06.270, 155.75, 98, 7349
2026/06/29 06:31:07.271, 156.20, 100, 7349
2026/06/29 06:31:08.271, 156.45, 100, 7349
2026/06/29 06:31:09.271, 156.02, 98, 7349
2026/06/29 06:31:10.271, 155.20, 100, 7349
2026/06/29 06:31:11.271, 156.47, 100, 7349
2026/06/29 06:31:12.271, 155.69, 98, 7349
2026/06/29 06:31:13.271, 156.43, 100, 7349
2026/06/29 06:31:14.272, 156.16, 100, 7349
2026/06/29 06:31:15.272, 154.73, 98, 7349
2026/06/29 06:31:16.272, 156.26, 100, 7349
2026/06/29 06:31:17.272, 156.82, 100, 7349
2026/06/29 06:31:18.272, 155.97, 98, 7349
2026/06/29 06:31:19.272, 156.45, 100, 7349
2026/06/29 06:31:20.272, 154.80, 100, 7349
2026/06/29 06:31:21.273, 155.46, 98, 7349
2026/06/29 06:31:22.273, 155.94, 100, 7349
2026/06/29 06:31:23.273, 155.80, 100, 7349
2026/06/29 06:31:24.273, 155.62, 98, 7349
2026/06/29 06:31:25.273, 155.27, 100, 7349
2026/06/29 06:31:26.273, 156.08, 100, 7349
2026/06/29 06:31:27.274, 156.06, 98, 7349
2026/06/29 06:31:28.274, 156.23, 100, 7349
2026/06/29 06:31:29.274, 156.47, 100, 7349
2026/06/29 06:31:30.274, 155.00, 90, 7349
2026/06/29 06:31:31.274, 155.45, 100, 7349
2026/06/29 06:31:32.274, 156.53, 100, 7349
2026/06/29 06:31:33.274, 156.17, 98, 7349
2026/06/29 06:31:34.275, 156.49, 100, 7349
2026/06/29 06:31:35.275, 156.38, 100, 7349
2026/06/29 06:31:36.275, 154.95, 98, 7349
2026/06/29 06:31:37.275, 156.43, 100, 7349
2026/06/29 06:31:38.275, 156.66, 100, 7349
2026/06/29 06:31:39.275, 155.58, 98, 7349
2026/06/29 06:31:40.276, 156.02, 100, 7349
2026/06/29 06:31:41.276, 155.48, 100, 7349
2026/06/29 06:31:42.276, 156.08, 98, 7349
2026/06/29 06:31:43.276, 156.50, 100, 7349
2026/06/29 06:31:44.276, 156.34, 100, 7349
2026/06/29 06:31:45.276, 156.08, 98, 7349
2026/06/29 06:31:46.277, 155.26, 100, 7349
2026/06/29 06:31:47.277, 155.93, 100, 7349
2026/06/29 06:31:48.277, 155.53, 98, 7349
2026/06/29 06:31:49.277, 155.93, 100, 7349
2026/06/29 06:31:50.277, 156.06, 100, 7349
2026/06/29 06:31:51.277, 155.75, 98, 7349
2026/06/29 06:31:52.277, 156.07, 100, 7349
2026/06/29 06:31:53.278, 155.95, 100, 7349
2026/06/29 06:31:54.278, 155.80, 98, 7349
2026/06/29 06:31:55.278, 156.38, 100, 7349
2026/06/29 06:31:56.278, 156.60, 100, 7349
2026/06/29 06:31:57.278, 156.34, 98, 7349
2026/06/29 06:31:58.278, 156.51, 100, 7349
2026/06/29 06:31:59.279, 156.30, 100, 7349
2026/06/29 06:32:00.279, 156.11, 98, 7349
2026/06/29 06:32:01.279, 156.22, 100, 7349
2026/06/29 06:32:02.279, 155.86, 100, 7349
2026/06/29 06:32:03.279, 156.06, 98, 7349
2026/06/29 06:32:04.279, 156.66, 100, 7349
2026/06/29 06:32:05.280, 155.91, 100, 7349
2026/06/29 06:32:06.280, 155.66, 98, 7349
2026/06/29 06:32:07.280, 156.49, 100, 7349
2026/06/29 06:32:08.280, 156.17, 100, 7349
2026/06/29 06:32:09.280, 156.09, 98, 7349
2026/06/29 06:32:10.281, 156.59, 100, 7349
2026/06/29 06:32:11.281, 156.43, 100, 7349
2026/06/29 06:32:12.281, 156.21, 98, 7349
2026/06/29 06:32:13.281, 156.77, 100, 7349
2026/06/29 06:32:14.281, 156.21, 98, 7349
2026/06/29 06:32:15.281, 156.24, 100, 7349
2026/06/29 06:32:16.281, 155.44, 100, 7349
2026/06/29 06:32:17.282, 156.15, 98, 7349
2026/06/29 06:32:18.282, 155.93, 100, 7349
2026/06/29 06:32:19.282, 156.34, 100, 7349
2026/06/29 06:32:20.282, 155.86, 98, 7349
2026/06/29 06:32:21.282, 156.61, 100, 7349
2026/06/29 06:32:22.282, 156.21, 100, 7349
2026/06/29 06:32:23.282, 155.83, 98, 7349
2026/06/29 06:32:24.283, 155.85, 100, 7349
2026/06/29 06:32:25.283, 156.22, 100, 7349
2026/06/29 06:32:26.283, 154.80, 98, 7349
2026/06/29 06:32:27.283, 156.29, 100, 7349
2026/06/29 06:32:28.283, 156.92, 100, 7349
2026/06/29 06:32:29.283, 155.92, 98, 7349
2026/06/29 06:32:30.284, 156.48, 100, 7349
2026/06/29 06:32:31.284, 155.74, 100, 7349
2026/06/29 06:32:32.284, 155.64, 98, 7349
2026/06/29 06:32:33.284, 156.37, 100, 7349
2026/06/29 06:32:34.284, 156.89, 100, 7349
2026/06/29 06:32:35.284, 155.90, 98, 7349
2026/06/29 06:32:36.284, 155.22, 100, 7349
2026/06/29 06:32:37.285, 156.45, 100, 7349
2026/06/29 06:32:38.285, 155.85, 98, 7349
2026/06/29 06:32:39.285, 156.34, 100, 7349
2026/06/29 06:32:40.285, 156.79, 100, 7349
2026/06/29 06:32:41.285, 154.89, 89, 7349
2026/06/29 06:32:42.285, 155.04, 100, 7349
2026/06/29 06:32:43.286, 155.84, 100, 7349
2026/06/29 06:32:44.286, 155.49, 98, 7349
2026/06/29 06:32:45.286, 155.71, 100, 7349
2026/06/29 06:32:46.286, 156.08, 100, 7349
2026/06/29 06:32:47.286, 154.74, 98, 7349
2026/06/29 06:32:48.286, 156.13, 100, 7349
2026/06/29 06:32:49.287, 156.87, 100, 7349
2026/06/29 06:32:50.287, 156.07, 98, 7349
2026/06/29 06:32:51.287, 156.80, 100, 7349
2026/06/29 06:32:52.287, 155.02, 100, 7349
2026/06/29 06:32:53.287, 156.07, 98, 7349
2026/06/29 06:32:54.288, 156.68, 100, 7349
2026/06/29 06:32:55.288, 156.90, 100, 7349
2026/06/29 06:32:56.288, 156.22, 98, 7349
2026/06/29 06:32:57.288, 155.41, 100, 7349
2026/06/29 06:32:58.288, 156.35, 100, 7349
2026/06/29 06:32:59.288, 155.78, 98, 7349
2026/06/29 06:33:00.289, 156.32, 100, 7349
2026/06/29 06:33:01.289, 155.95, 100, 7349
2026/06/29 06:33:02.289, 156.29, 98, 7349
2026/06/29 06:33:03.289, 156.67, 100, 7349
2026/06/29 06:33:04.289, 155.99, 100, 7349
2026/06/29 06:33:05.289, 156.15, 98, 7349
2026/06/29 06:33:06.290, 156.66, 100, 7349
2026/06/29 06:33:07.290, 156.31, 100, 7349
2026/06/29 06:33:08.290, 156.17, 98, 7349
2026/06/29 06:33:09.290, 156.39, 100, 7349
2026/06/29 06:33:10.290, 156.23, 100, 7349
2026/06/29 06:33:11.290, 156.27, 98, 7349
2026/06/29 06:33:12.291, 156.54, 100, 7349
2026/06/29 06:33:13.291, 156.20, 100, 7349
2026/06/29 06:33:14.291, 156.24, 98, 7349
2026/06/29 06:33:15.291, 156.54, 100, 7349
2026/06/29 06:33:16.291, 156.24, 99, 7349
2026/06/29 06:33:17.291, 156.37, 100, 7349
2026/06/29 06:33:18.292, 156.34, 100, 7349
2026/06/29 06:33:19.292, 155.93, 98, 7349
2026/06/29 06:33:20.292, 156.63, 100, 7349
2026/06/29 06:33:21.292, 156.74, 100, 7349
2026/06/29 06:33:22.292, 155.89, 98, 7349
2026/06/29 06:33:23.292, 156.77, 100, 7349
2026/06/29 06:33:24.293, 156.61, 100, 7349
2026/06/29 06:33:25.293, 155.93, 98, 7349
2026/06/29 06:33:26.293, 156.22, 100, 7349
2026/06/29 06:33:27.293, 156.19, 100, 7349
2026/06/29 06:33:28.293, 155.89, 98, 7349
2026/06/29 06:33:29.293, 156.49, 100, 7349
2026/06/29 06:33:30.294, 156.70, 100, 7349
2026/06/29 06:33:31.294, 156.06, 98, 7349
2026/06/29 06:33:32.294, 156.40, 100, 7349
2026/06/29 06:33:33.294, 156.13, 100, 7349
2026/06/29 06:33:34.294, 155.88, 98, 7349
2026/06/29 06:33:35.294, 155.76, 100, 7349
2026/06/29 06:33:36.295, 155.93, 100, 7349
2026/06/29 06:33:37.295, 155.30, 98, 7349
2026/06/29 06:33:38.295, 155.77, 100, 7349
2026/06/29 06:33:39.295, 155.87, 100, 7349
2026/06/29 06:33:40.295, 155.31, 98, 7349
2026/06/29 06:33:41.295, 155.97, 100, 7349
2026/06/29 06:33:42.296, 156.09, 100, 7349
2026/06/29 06:33:43.296, 155.48, 98, 7349
2026/06/29 06:33:44.296, 156.65, 100, 7349
2026/06/29 06:33:45.296, 156.53, 100, 7349
2026/06/29 06:33:46.296, 156.10, 98, 7349
2026/06/29 06:33:47.297, 156.44, 100, 7349
2026/06/29 06:33:48.297, 156.46, 100, 7349
2026/06/29 06:33:49.297, 156.17, 98, 7349
2026/06/29 06:33:50.297, 156.57, 100, 7349
2026/06/29 06:33:51.297, 156.59, 100, 7349
2026/06/29 06:33:52.297, 154.32, 100, 7349
2026/06/29 06:33:53.297, 159.05, 99, 7349
2026/06/29 06:33:54.298, 159.24, 99, 7349
2026/06/29 06:33:55.298, 159.06, 99, 7349
2026/06/29 06:33:56.298, 158.86, 100, 7349
2026/06/29 06:33:57.298, 159.16, 100, 7349
2026/06/29 06:33:58.298, 158.61, 99, 7349
2026/06/29 06:33:59.298, 159.17, 99, 7349
2026/06/29 06:34:00.299, 159.20, 100, 7349
2026/06/29 06:34:01.299, 158.91, 100, 7349
2026/06/29 06:34:02.299, 158.95, 100, 7349
2026/06/29 06:34:03.299, 158.93, 100, 7349
2026/06/29 06:34:04.299, 158.96, 99, 7349
2026/06/29 06:34:05.299, 158.97, 100, 7349
2026/06/29 06:34:06.299, 159.07, 100, 7349
2026/06/29 06:34:07.300, 159.12, 100, 7349
2026/06/29 06:34:08.308, 158.93, 100, 7349
2026/06/29 06:34:09.308, 159.09, 100, 7349
2026/06/29 06:34:10.308, 158.95, 100, 7349
2026/06/29 06:34:11.309, 152.52, 100, 7349
2026/06/29 06:34:12.309, 155.90, 98, 7349
2026/06/29 06:34:13.309, 156.42, 100, 7349
2026/06/29 06:34:14.309, 155.64, 100, 7349
2026/06/29 06:34:15.309, 156.28, 98, 7349
2026/06/29 06:34:16.309, 156.49, 100, 7349
2026/06/29 06:34:17.309, 156.07, 98, 7349
2026/06/29 06:34:18.310, 156.59, 100, 7349
2026/06/29 06:34:19.310, 156.92, 100, 7349
2026/06/29 06:34:20.310, 155.83, 98, 7349
2026/06/29 06:34:21.310, 156.83, 100, 7349
2026/06/29 06:34:22.310, 156.84, 100, 7349
2026/06/29 06:34:23.310, 155.99, 98, 7349
2026/06/29 06:34:24.311, 156.30, 100, 7349
2026/06/29 06:34:25.311, 156.17, 100, 7349
2026/06/29 06:34:26.311, 155.64, 98, 7349
2026/06/29 06:34:27.311, 156.10, 100, 7349
2026/06/29 06:34:28.311, 156.76, 100, 7349
2026/06/29 06:34:29.311, 156.09, 98, 7349
2026/06/29 06:34:30.312, 156.70, 100, 7349
2026/06/29 06:34:31.312, 156.12, 100, 7349
2026/06/29 06:34:32.312, 156.22, 98, 7349
2026/06/29 06:34:33.312, 156.54, 100, 7349
2026/06/29 06:34:34.312, 156.33, 100, 7349
2026/06/29 06:34:35.312, 156.19, 98, 7349
2026/06/29 06:34:36.313, 156.61, 100, 7349
2026/06/29 06:34:37.313, 156.15, 100, 7349
2026/06/29 06:34:38.313, 156.18, 98, 7349
2026/06/29 06:34:39.313, 156.51, 100, 7349
2026/06/29 06:34:40.313, 156.17, 100, 7349
2026/06/29 06:34:41.313, 156.22, 98, 7349
2026/06/29 06:34:42.314, 156.54, 100, 7349
2026/06/29 06:34:43.314, 156.40, 100, 7349
2026/06/29 06:34:44.314, 156.21, 98, 7349
2026/06/29 06:34:45.314, 156.59, 100, 7349
2026/06/29 06:34:46.314, 156.13, 100, 7349
2026/06/29 06:34:47.314, 156.12, 98, 7349
2026/06/29 06:34:48.315, 156.51, 100, 7349
2026/06/29 06:34:49.315, 156.11, 98, 7349
2026/06/29 06:34:50.315, 156.54, 100, 7349
2026/06/29 06:34:51.315, 156.91, 100, 7349
2026/06/29 06:34:52.315, 155.91, 98, 7349
2026/06/29 06:34:53.315, 156.88, 100, 7349
2026/06/29 06:34:54.316, 156.38, 100, 7349
2026/06/29 06:34:55.316, 155.68, 98, 7349
2026/06/29 06:34:56.316, 156.37, 100, 7349
2026/06/29 06:34:57.316, 156.70, 100, 7349
2026/06/29 06:34:58.316, 155.93, 98, 7349
2026/06/29 06:34:59.316, 156.89, 100, 7349
2026/06/29 06:35:00.317, 156.29, 100, 7349
2026/06/29 06:35:01.317, 156.00, 98, 7349
2026/06/29 06:35:02.317, 156.43, 100, 7349
2026/06/29 06:35:03.317, 156.68, 100, 7349
2026/06/29 06:35:04.317, 156.15, 98, 7349
2026/06/29 06:35:05.317, 156.76, 100, 7349
2026/06/29 06:35:06.318, 156.66, 100, 7349
2026/06/29 06:35:07.318, 156.07, 98, 7349
2026/06/29 06:35:08.318, 156.80, 100, 7349
2026/06/29 06:35:09.318, 156.65, 100, 7349
2026/06/29 06:35:10.318, 156.42, 98, 7349
2026/06/29 06:35:11.318, 156.87, 100, 7349
2026/06/29 06:35:12.327, 156.55, 100, 7349
2026/06/29 06:35:13.327, 156.62, 98, 7349
2026/06/29 06:35:14.327, 156.73, 100, 7349
2026/06/29 06:35:15.327, 156.36, 100, 7349
2026/06/29 06:35:16.328, 156.49, 98, 7349
2026/06/29 06:35:17.328, 156.95, 100, 7349
2026/06/29 06:35:18.328, 156.43, 98, 7349
2026/06/29 06:35:19.328, 156.29, 100, 7349
2026/06/29 06:35:20.328, 156.50, 100, 7349
2026/06/29 06:35:21.328, 156.04, 98, 7349
2026/06/29 06:35:22.329, 156.64, 100, 7349
2026/06/29 06:35:23.329, 157.12, 100, 7349
2026/06/29 06:35:24.329, 156.25, 98, 7349
2026/06/29 06:35:25.329, 157.08, 100, 7349
2026/06/29 06:35:26.329, 156.78, 100, 7349
2026/06/29 06:35:27.329, 154.95, 98, 7349
2026/06/29 06:35:28.330, 156.01, 100, 7349
2026/06/29 06:35:29.330, 156.10, 100, 7349
2026/06/29 06:35:30.330, 155.90, 98, 7349
2026/06/29 06:35:31.330, 156.70, 100, 7349
2026/06/29 06:35:32.330, 155.39, 100, 7349
2026/06/29 06:35:33.330, 155.69, 98, 7349
2026/06/29 06:35:34.331, 156.37, 100, 7349
2026/06/29 06:35:35.331, 156.59, 100, 7349
2026/06/29 06:35:36.331, 156.33, 98, 7349
2026/06/29 06:35:37.331, 155.73, 100, 7349
2026/06/29 06:35:38.331, 156.66, 100, 7349
2026/06/29 06:35:39.331, 156.03, 98, 7349
2026/06/29 06:35:40.332, 156.53, 100, 7349
2026/06/29 06:35:41.332, 156.39, 100, 7349
2026/06/29 06:35:42.332, 154.70, 89, 7349
2026/06/29 06:35:43.332, 155.51, 100, 7349
2026/06/29 06:35:44.332, 156.14, 100, 7349
2026/06/29 06:35:45.332, 156.11, 98, 7349
2026/06/29 06:35:46.333, 156.57, 100, 7349
2026/06/29 06:35:47.333, 156.58, 100, 7349
2026/06/29 06:35:48.333, 155.14, 98, 7349
2026/06/29 06:35:49.333, 156.45, 100, 7349
2026/06/29 06:35:50.333, 156.29, 100, 7349
2026/06/29 06:35:51.333, 156.19, 98, 7349
2026/06/29 06:35:52.334, 156.65, 100, 7349
2026/06/29 06:35:53.334, 155.59, 100, 7349
2026/06/29 06:35:54.334, 156.28, 98, 7349
2026/06/29 06:35:55.334, 156.64, 100, 7349
2026/06/29 06:35:56.334, 155.90, 100, 7349
2026/06/29 06:35:57.334, 156.05, 98, 7349
2026/06/29 06:35:58.334, 155.48, 100, 7349
2026/06/29 06:35:59.335, 156.48, 100, 7349
2026/06/29 06:36:00.335, 156.37, 98, 7349
2026/06/29 06:36:01.335, 156.68, 100, 7349
2026/06/29 06:36:02.335, 156.29, 100, 7349
2026/06/29 06:36:03.335, 156.53, 98, 7349
2026/06/29 06:36:04.335, 156.72, 100, 7349
2026/06/29 06:36:05.336, 156.11, 100, 7349
2026/06/29 06:36:06.336, 156.01, 98, 7349
2026/06/29 06:36:07.336, 156.17, 100, 7349
2026/06/29 06:36:08.336, 155.83, 100, 7349
2026/06/29 06:36:09.336, 155.75, 98, 7349
2026/06/29 06:36:10.336, 156.35, 100, 7349
2026/06/29 06:36:11.337, 156.18, 100, 7349
2026/06/29 06:36:12.337, 156.25, 98, 7349
2026/06/29 06:36:13.337, 156.17, 100, 7349
2026/06/29 06:36:14.337, 155.87, 100, 7349
2026/06/29 06:36:15.337, 155.83, 98, 7349
2026/06/29 06:36:16.337, 156.01, 100, 7349
2026/06/29 06:36:17.338, 155.57, 100, 7349
2026/06/29 06:36:18.338, 154.94, 98, 7349
2026/06/29 06:36:19.338, 156.55, 100, 7349
2026/06/29 06:36:20.338, 156.07, 100, 7349
2026/06/29 06:36:21.338, 156.48, 98, 7349
2026/06/29 06:36:22.338, 156.65, 100, 7349
2026/06/29 06:36:23.339, 156.16, 98, 7349
2026/06/29 06:36:24.339, 156.29, 100, 7349
2026/06/29 06:36:25.339, 156.62, 100, 7349
2026/06/29 06:36:26.339, 156.03, 98, 7349
2026/06/29 06:36:27.339, 155.97, 100, 7349
2026/06/29 06:36:28.339, 156.28, 100, 7349
2026/06/29 06:36:29.340, 155.43, 98, 7349
2026/06/29 06:36:30.340, 156.85, 100, 7349
2026/06/29 06:36:31.340, 156.16, 100, 7349
2026/06/29 06:36:32.340, 156.02, 98, 7349
2026/06/29 06:36:33.340, 156.37, 100, 7349
2026/06/29 06:36:34.340, 156.74, 100, 7349
2026/06/29 06:36:35.341, 155.83, 98, 7349
2026/06/29 06:36:36.341, 156.33, 100, 7349
2026/06/29 06:36:37.341, 156.15, 100, 7349
2026/06/29 06:36:38.350, 155.82, 98, 7349
2026/06/29 06:36:39.350, 156.37, 100, 7349
2026/06/29 06:36:40.350, 156.71, 100, 7349
2026/06/29 06:36:41.350, 156.15, 98, 7349
2026/06/29 06:36:42.350, 156.70, 100, 7349
2026/06/29 06:36:43.350, 156.51, 100, 7349
2026/06/29 06:36:44.351, 156.09, 98, 7349
2026/06/29 06:36:45.351, 156.78, 100, 7349
2026/06/29 06:36:46.351, 155.86, 100, 7349
2026/06/29 06:36:47.351, 155.88, 98, 7349
2026/06/29 06:36:48.351, 156.46, 100, 7349
2026/06/29 06:36:49.351, 156.12, 100, 7349
2026/06/29 06:36:50.351, 156.12, 98, 7349
2026/06/29 06:36:51.352, 156.61, 100, 7349
2026/06/29 06:36:52.352, 156.36, 100, 7349
2026/06/29 06:36:53.360, 154.66, 98, 7349
2026/06/29 06:36:54.360, 156.42, 100, 7349
2026/06/29 06:36:55.361, 156.67, 100, 7349
2026/06/29 06:36:56.361, 156.13, 98, 7349
2026/06/29 06:36:57.361, 156.82, 100, 7349
2026/06/29 06:36:58.361, 156.06, 100, 7349
2026/06/29 06:36:59.361, 156.28, 98, 7349
2026/06/29 06:37:00.361, 156.47, 100, 7349
2026/06/29 06:37:01.362, 156.12, 100, 7349
2026/06/29 06:37:02.362, 156.40, 98, 7349
2026/06/29 06:37:03.362, 155.19, 100, 7349
2026/06/29 06:37:04.362, 155.56, 100, 7349
2026/06/29 06:37:05.362, 156.14, 98, 7349
2026/06/29 06:37:06.362, 156.55, 100, 7349
2026/06/29 06:37:07.363, 156.14, 100, 7349
2026/06/29 06:37:08.363, 154.92, 98, 7349
2026/06/29 06:37:09.363, 156.00, 100, 7349
2026/06/29 06:37:10.363, 155.75, 100, 7349
2026/06/29 06:37:11.363, 155.76, 98, 7349
2026/06/29 06:37:12.363, 156.11, 100, 7349
2026/06/29 06:37:13.364, 155.11, 100, 7349
2026/06/29 06:37:14.364, 156.29, 98, 7349
2026/06/29 06:37:15.364, 156.78, 100, 7349
2026/06/29 06:37:16.364, 156.17, 100, 7349
2026/06/29 06:37:17.364, 156.12, 98, 7349
2026/06/29 06:37:18.365, 155.49, 100, 7349
2026/06/29 06:37:19.365, 155.94, 100, 7349
2026/06/29 06:37:20.365, 155.70, 98, 7349
2026/06/29 06:37:21.365, 156.26, 100, 7349
2026/06/29 06:37:22.365, 156.26, 100, 7349
2026/06/29 06:37:23.365, 156.21, 98, 7349
2026/06/29 06:37:24.366, 156.66, 100, 7349
2026/06/29 06:37:25.366, 156.15, 98, 7349
2026/06/29 06:37:26.366, 156.08, 100, 7349
2026/06/29 06:37:27.366, 155.59, 100, 7349
2026/06/29 06:37:28.366, 156.28, 98, 7349
2026/06/29 06:37:29.366, 156.84, 100, 7349
2026/06/29 06:37:30.367, 156.94, 100, 7349
2026/06/29 06:37:31.367, 156.14, 98, 7349
2026/06/29 06:37:32.367, 155.59, 100, 7349
2026/06/29 06:37:33.367, 156.88, 100, 7349
2026/06/29 06:37:34.367, 156.21, 98, 7349
2026/06/29 06:37:35.367, 156.69, 100, 7349
2026/06/29 06:37:36.368, 156.82, 100, 7349
2026/06/29 06:37:37.368, 156.09, 98, 7349
2026/06/29 06:37:38.368, 156.48, 100, 7349
2026/06/29 06:37:39.368, 156.51, 100, 7349
2026/06/29 06:37:40.368, 156.27, 98, 7349
2026/06/29 06:37:41.368, 157.09, 100, 7349
2026/06/29 06:37:42.369, 156.59, 100, 7349
2026/06/29 06:37:43.369, 156.19, 98, 7349
2026/06/29 06:37:44.369, 156.45, 100, 7349
2026/06/29 06:37:45.369, 156.68, 100, 7349
2026/06/29 06:37:46.369, 156.34, 98, 7349
2026/06/29 06:37:47.369, 156.69, 100, 7349
2026/06/29 06:37:48.370, 156.76, 100, 7349
2026/06/29 06:37:49.370, 156.32, 98, 7349
2026/06/29 06:37:50.370, 156.19, 100, 7349
2026/06/29 06:37:51.370, 155.92, 100, 7349
2026/06/29 06:37:52.370, 155.93, 98, 7349
2026/06/29 06:37:53.370, 156.36, 100, 7349
2026/06/29 06:37:54.371, 156.27, 100, 7349
2026/06/29 06:37:55.371, 156.32, 98, 7349
2026/06/29 06:37:56.371, 156.61, 100, 7349
2026/06/29 06:37:57.371, 156.49, 100, 7349
2026/06/29 06:37:58.371, 156.63, 98, 7349
2026/06/29 06:37:59.371, 156.23, 100, 7349
2026/06/29 06:38:00.372, 156.29, 100, 7349
2026/06/29 06:38:01.372, 156.62, 98, 7349
2026/06/29 06:38:02.372, 156.21, 100, 7349
2026/06/29 06:38:03.372, 156.31, 100, 7349
2026/06/29 06:38:04.372, 156.67, 100, 7349
2026/06/29 06:38:05.372, 156.33, 100, 7349
2026/06/29 06:38:06.373, 156.99, 98, 7349
2026/06/29 06:38:07.373, 156.46, 100, 7349
2026/06/29 06:38:08.373, 156.03, 100, 7349
2026/06/29 06:38:09.373, 156.56, 98, 7349
2026/06/29 06:38:10.373, 156.65, 100, 7349
2026/06/29 06:38:11.374, 156.07, 100, 7349
2026/06/29 06:38:12.374, 156.30, 100, 7349
2026/06/29 06:38:13.374, 156.50, 100, 7349
2026/06/29 06:38:14.374, 156.18, 98, 7349
2026/06/29 06:38:15.374, 157.01, 100, 7349
2026/06/29 06:38:16.374, 156.87, 100, 7349
2026/06/29 06:38:17.375, 156.02, 98, 7349
2026/06/29 06:38:18.375, 156.67, 100, 7349
2026/06/29 06:38:19.375, 156.61, 100, 7349
2026/06/29 06:38:20.375, 156.06, 98, 7349
2026/06/29 06:38:21.375, 156.95, 100, 7349
2026/06/29 06:38:22.376, 155.98, 100, 7349
2026/06/29 06:38:23.376, 155.40, 98, 7349
2026/06/29 06:38:24.376, 156.38, 100, 7349
2026/06/29 06:38:25.376, 156.65, 100, 7349
2026/06/29 06:38:26.376, 156.49, 98, 7349
2026/06/29 06:38:27.384, 155.51, 100, 7349
2026/06/29 06:38:28.384, 156.29, 100, 7349
2026/06/29 06:38:29.385, 156.14, 98, 7349
2026/06/29 06:38:30.385, 157.12, 100, 7349
2026/06/29 06:38:31.385, 157.02, 100, 7349
2026/06/29 06:38:32.385, 156.31, 98, 7349
2026/06/29 06:38:33.385, 157.01, 100, 7349
2026/06/29 06:38:34.385, 156.91, 100, 7349
2026/06/29 06:38:35.386, 156.11, 98, 7349
2026/06/29 06:38:36.386, 157.08, 100, 7349
2026/06/29 06:38:37.386, 155.60, 100, 7349
2026/06/29 06:38:38.386, 156.21, 98, 7349
2026/06/29 06:38:39.386, 156.40, 100, 7349
2026/06/29 06:38:40.386, 155.94, 100, 7349
2026/06/29 06:38:41.387, 155.98, 98, 7349
2026/06/29 06:38:42.387, 155.71, 100, 7349
2026/06/29 06:38:43.387, 156.62, 100, 7349
2026/06/29 06:38:44.387, 156.39, 98, 7349
2026/06/29 06:38:45.387, 156.68, 100, 7349
2026/06/29 06:38:46.387, 156.32, 100, 7349
2026/06/29 06:38:47.388, 155.29, 98, 7349
2026/06/29 06:38:48.388, 156.79, 100, 7349
2026/06/29 06:38:49.388, 156.49, 100, 7349
2026/06/29 06:38:50.388, 156.75, 98, 7349
2026/06/29 06:38:51.388, 157.06, 100, 7349
2026/06/29 06:38:52.388, 155.45, 100, 7349
2026/06/29 06:38:53.389, 156.53, 98, 7349
2026/06/29 06:38:54.389, 156.73, 100, 7349
2026/06/29 06:38:55.389, 156.50, 100, 7349
2026/06/29 06:38:56.389, 156.38, 98, 7349
2026/06/29 06:38:57.389, 155.59, 100, 7349
2026/06/29 06:38:58.389, 156.46, 100, 7349
2026/06/29 06:38:59.390, 156.41, 98, 7349
2026/06/29 06:39:00.390, 157.04, 100, 7349
2026/06/29 06:39:01.390, 156.23, 100, 7349
2026/06/29 06:39:02.390, 155.55, 90, 7349
2026/06/29 06:39:03.390, 155.80, 100, 7349
2026/06/29 06:39:04.391, 155.96, 100, 7349
2026/06/29 06:39:05.391, 155.85, 98, 7349
2026/06/29 06:39:06.391, 155.97, 100, 7349
2026/06/29 06:39:07.391, 155.68, 100, 7349
2026/06/29 06:39:08.391, 155.13, 98, 7349
2026/06/29 06:39:09.391, 156.57, 100, 7349
2026/06/29 06:39:10.392, 155.94, 100, 7349
2026/06/29 06:39:11.392, 158.38, 99, 7349
2026/06/29 06:39:12.392, 158.48, 99, 7349
2026/06/29 06:39:13.392, 158.21, 99, 7349
2026/06/29 06:39:14.392, 158.42, 100, 7349
2026/06/29 06:39:15.392, 158.59, 100, 7349
2026/06/29 06:39:16.393, 158.47, 100, 7349
2026/06/29 06:39:17.393, 158.45, 99, 7349
2026/06/29 06:39:18.393, 158.55, 99, 7349
2026/06/29 06:39:19.393, 158.50, 99, 7349
2026/06/29 06:39:20.393, 158.76, 100, 7349
2026/06/29 06:39:21.393, 158.86, 100, 7349
2026/06/29 06:39:22.394, 158.68, 100, 7349
2026/06/29 06:39:23.394, 158.74, 99, 7349
2026/06/29 06:39:24.394, 158.84, 99, 7349
2026/06/29 06:39:25.394, 158.51, 98, 7349
2026/06/29 06:39:26.394, 158.20, 100, 7349
2026/06/29 06:39:27.395, 158.65, 100, 7349
2026/06/29 06:39:28.395, 158.47, 98, 7349
2026/06/29 06:39:29.395, 152.52, 98, 7349
2026/06/29 06:39:30.395, 156.76, 100, 7349
2026/06/29 06:39:31.395, 156.44, 100, 7349
2026/06/29 06:39:32.395, 156.60, 98, 7349
2026/06/29 06:39:33.396, 156.94, 100, 7349
2026/06/29 06:39:34.396, 156.43, 100, 7349
2026/06/29 06:39:35.396, 156.45, 98, 7349
2026/06/29 06:39:36.396, 156.91, 100, 7349
2026/06/29 06:39:37.396, 156.50, 100, 7349
2026/06/29 06:39:38.397, 156.95, 100, 7349
2026/06/29 06:39:39.397, 156.68, 100, 7349
2026/06/29 06:39:40.397, 156.41, 98, 7349
2026/06/29 06:39:41.397, 157.23, 100, 7349
2026/06/29 06:39:42.397, 157.20, 100, 7349
2026/06/29 06:39:43.397, 156.40, 98, 7349
2026/06/29 06:39:44.398, 156.91, 100, 7349
2026/06/29 06:39:45.398, 157.24, 100, 7349
2026/06/29 06:39:46.398, 156.16, 98, 7349
2026/06/29 06:39:47.398, 156.79, 100, 7349
2026/06/29 06:39:48.398, 156.88, 100, 7349
2026/06/29 06:39:49.398, 156.08, 98, 7349
2026/06/29 06:39:50.399, 156.52, 100, 7349
2026/06/29 06:39:51.399, 156.76, 100, 7349
2026/06/29 06:39:52.399, 156.42, 98, 7349
2026/06/29 06:39:53.399, 156.63, 100, 7349
2026/06/29 06:39:54.399, 156.55, 100, 7349
2026/06/29 06:39:55.399, 156.24, 98, 7349
2026/06/29 06:39:56.400, 156.96, 100, 7349
2026/06/29 06:39:57.400, 156.95, 100, 7349
2026/06/29 06:39:58.400, 156.44, 98, 7349
2026/06/29 06:39:59.400, 157.09, 100, 7349
2026/06/29 06:40:00.400, 156.59, 100, 7349
2026/06/29 06:40:01.400, 156.74, 98, 7349
2026/06/29 06:40:02.401, 157.10, 100, 7349
2026/06/29 06:40:03.401, 156.79, 100, 7349
2026/06/29 06:40:04.401, 156.74, 98, 7349
2026/06/29 06:40:05.401, 156.88, 100, 7349
2026/06/29 06:40:06.401, 156.26, 100, 7349
2026/06/29 06:40:07.402, 156.99, 99, 7349
2026/06/29 06:40:08.402, 156.87, 100, 7349
2026/06/29 06:40:09.402, 156.41, 98, 7349
2026/06/29 06:40:10.402, 157.16, 100, 7349
2026/06/29 06:40:11.402, 156.69, 100, 7349
2026/06/29 06:40:12.402, 156.37, 98, 7349
2026/06/29 06:40:13.403, 155.66, 100, 7349
2026/06/29 06:40:14.403, 157.11, 100, 7349
2026/06/29 06:40:15.403, 156.20, 98, 7349
2026/06/29 06:40:16.403, 156.75, 100, 7349
2026/06/29 06:40:17.403, 156.60, 100, 7349
2026/06/29 06:40:18.403, 154.84, 98, 7349
2026/06/29 06:40:19.404, 156.51, 100, 7349
2026/06/29 06:40:20.404, 157.15, 100, 7349
2026/06/29 06:40:21.404, 156.22, 98, 7349
2026/06/29 06:40:22.404, 156.57, 100, 7349
2026/06/29 06:40:23.404, 155.35, 100, 7349
2026/06/29 06:40:24.404, 155.99, 98, 7349
2026/06/29 06:40:25.405, 156.45, 100, 7349
2026/06/29 06:40:26.405, 156.12, 100, 7349
2026/06/29 06:40:27.405, 155.86, 98, 7349
2026/06/29 06:40:28.405, 155.02, 100, 7349
2026/06/29 06:40:29.405, 156.34, 100, 7349
2026/06/29 06:40:30.405, 156.26, 98, 7349
2026/06/29 06:40:31.406, 156.65, 100, 7349
2026/06/29 06:40:32.406, 156.61, 100, 7349
2026/06/29 06:40:33.406, 155.24, 89, 7349
2026/06/29 06:40:34.406, 154.93, 100, 7349
2026/06/29 06:40:35.406, 156.46, 100, 7349
2026/06/29 06:40:36.406, 156.17, 98, 7349
2026/06/29 06:40:37.407, 156.90, 100, 7349
2026/06/29 06:40:38.407, 157.08, 100, 7349
2026/06/29 06:40:39.407, 155.14, 98, 7349
2026/06/29 06:40:40.407, 156.08, 100, 7349
2026/06/29 06:40:41.407, 156.04, 100, 7349
2026/06/29 06:40:42.407, 155.59, 98, 7349
2026/06/29 06:40:43.408, 156.56, 100, 7349
2026/06/29 06:40:44.408, 155.90, 100, 7349
2026/06/29 06:40:45.408, 156.34, 98, 7349
2026/06/29 06:40:46.408, 156.60, 100, 7349
2026/06/29 06:40:47.408, 156.48, 100, 7349
2026/06/29 06:40:48.408, 156.22, 98, 7349
2026/06/29 06:40:49.409, 155.61, 100, 7349
2026/06/29 06:40:50.409, 156.72, 100, 7349
2026/06/29 06:40:51.409, 155.85, 98, 7349
2026/06/29 06:40:52.409, 156.16, 100, 7349
2026/06/29 06:40:53.409, 155.73, 100, 7349
2026/06/29 06:40:54.418, 156.34, 98, 7349
2026/06/29 06:40:55.418, 156.69, 100, 7349
2026/06/29 06:40:56.418, 156.60, 100, 7349
2026/06/29 06:40:57.418, 156.39, 98, 7349
2026/06/29 06:40:58.418, 157.04, 100, 7349
2026/06/29 06:40:59.419, 156.91, 100, 7349
2026/06/29 06:41:00.419, 156.25, 98, 7349
2026/06/29 06:41:01.419, 156.72, 100, 7349
2026/06/29 06:41:02.419, 156.15, 100, 7349
2026/06/29 06:41:03.419, 156.20, 98, 7349
2026/06/29 06:41:04.419, 156.93, 100, 7349
2026/06/29 06:41:05.420, 156.73, 100, 7349
2026/06/29 06:41:06.420, 156.36, 98, 7349
2026/06/29 06:41:07.420, 156.80, 100, 7349
2026/06/29 06:41:08.420, 156.23, 100, 7349
2026/06/29 06:41:09.420, 156.57, 98, 7349
2026/06/29 06:41:10.420, 156.72, 100, 7349
2026/06/29 06:41:11.421, 156.42, 98, 7349
2026/06/29 06:41:12.421, 156.75, 100, 7349
2026/06/29 06:41:13.421, 156.93, 100, 7349
2026/06/29 06:41:14.421, 156.06, 98, 7349
2026/06/29 06:41:15.421, 156.48, 100, 7349
2026/06/29 06:41:16.421, 156.94, 100, 7349
2026/06/29 06:41:17.422, 156.14, 98, 7349
2026/06/29 06:41:18.422, 156.58, 100, 7349
2026/06/29 06:41:19.422, 156.43, 100, 7349
2026/06/29 06:41:20.422, 156.41, 98, 7349
2026/06/29 06:41:21.422, 156.71, 100, 7349
2026/06/29 06:41:22.423, 156.75, 100, 7349
2026/06/29 06:41:23.423, 156.30, 98, 7349
2026/06/29 06:41:24.423, 156.80, 100, 7349
2026/06/29 06:41:25.423, 156.39, 100, 7349
2026/06/29 06:41:26.423, 156.29, 98, 7349
2026/06/29 06:41:27.423, 156.64, 100, 7349
2026/06/29 06:41:28.424, 156.42, 100, 7349
2026/06/29 06:41:29.432, 156.75, 98, 7349
2026/06/29 06:41:30.432, 156.94, 100, 7349
2026/06/29 06:41:31.432, 156.18, 100, 7349
2026/06/29 06:41:32.433, 156.06, 98, 7349
2026/06/29 06:41:33.433, 156.83, 100, 7349
2026/06/29 06:41:34.433, 156.35, 100, 7349
2026/06/29 06:41:35.433, 156.60, 98, 7349
2026/06/29 06:41:36.433, 156.73, 100, 7349
2026/06/29 06:41:37.434, 156.19, 98, 7349
2026/06/29 06:41:38.434, 156.75, 100, 7349
2026/06/29 06:41:39.434, 157.18, 100, 7349
2026/06/29 06:41:40.434, 156.42, 98, 7349
2026/06/29 06:41:41.434, 156.72, 100, 7349
2026/06/29 06:41:42.434, 157.05, 100, 7349
2026/06/29 06:41:43.435, 156.13, 98, 7349
2026/06/29 06:41:44.435, 156.50, 100, 7349
2026/06/29 06:41:45.435, 156.60, 100, 7349
2026/06/29 06:41:46.435, 156.48, 98, 7349
2026/06/29 06:41:47.435, 156.63, 100, 7349
2026/06/29 06:41:48.435, 156.61, 100, 7349
2026/06/29 06:41:49.436, 155.39, 98, 7349
2026/06/29 06:41:50.436, 156.63, 100, 7349
2026/06/29 06:41:51.436, 156.40, 100, 7349
2026/06/29 06:41:52.436, 156.24, 98, 7349
2026/06/29 06:41:53.436, 156.72, 100, 7349
2026/06/29 06:41:54.436, 155.85, 100, 7349
2026/06/29 06:41:55.437, 156.40, 98, 7349
2026/06/29 06:41:56.437, 156.73, 100, 7349
2026/06/29 06:41:57.437, 156.57, 100, 7349
2026/06/29 06:41:58.437, 156.46, 98, 7349
2026/06/29 06:41:59.437, 155.70, 100, 7349
2026/06/29 06:42:00.437, 156.51, 100, 7349
2026/06/29 06:42:01.438, 156.44, 98, 7349
2026/06/29 06:42:02.438, 156.71, 100, 7349
2026/06/29 06:42:03.438, 156.35, 100, 7349
2026/06/29 06:42:04.438, 155.45, 89, 7349
2026/06/29 06:42:05.438, 156.86, 100, 7349
2026/06/29 06:42:06.438, 156.20, 100, 7349
2026/06/29 06:42:07.439, 156.30, 98, 7349
2026/06/29 06:42:08.439, 156.69, 100, 7349
2026/06/29 06:42:09.439, 156.23, 100, 7349
2026/06/29 06:42:10.439, 155.30, 98, 7349
2026/06/29 06:42:11.439, 156.66, 100, 7349
2026/06/29 06:42:12.439, 156.59, 100, 7349
2026/06/29 06:42:13.440, 156.20, 98, 7349
2026/06/29 06:42:14.440, 156.38, 100, 7349
2026/06/29 06:42:15.440, 155.11, 100, 7349
2026/06/29 06:42:16.440, 155.76, 98, 7349
2026/06/29 06:42:17.440, 156.24, 100, 7349
2026/06/29 06:42:18.440, 155.81, 100, 7349
2026/06/29 06:42:19.441, 155.82, 98, 7349
2026/06/29 06:42:20.441, 155.41, 100, 7349
2026/06/29 06:42:21.441, 156.16, 100, 7349
2026/06/29 06:42:22.441, 156.24, 98, 7349
2026/06/29 06:42:23.441, 156.93, 100, 7349
2026/06/29 06:42:24.441, 156.66, 100, 7349
2026/06/29 06:42:25.442, 156.35, 98, 7349
2026/06/29 06:42:26.442, 156.54, 100, 7349
2026/06/29 06:42:27.442, 155.00, 100, 7349
2026/06/29 06:42:28.442, 155.92, 98, 7349
2026/06/29 06:42:29.442, 156.10, 100, 7349
2026/06/29 06:42:30.442, 156.12, 100, 7349
2026/06/29 06:42:31.443, 155.89, 98, 7349
2026/06/29 06:42:32.443, 155.01, 100, 7349
2026/06/29 06:42:33.443, 156.67, 100, 7349
2026/06/29 06:42:34.443, 156.00, 98, 7349
2026/06/29 06:42:35.443, 156.68, 100, 7349
2026/06/29 06:42:36.443, 156.61, 100, 7349
2026/06/29 06:42:37.444, 155.33, 89, 7349
2026/06/29 06:42:38.444, 156.77, 100, 7349
2026/06/29 06:42:39.444, 156.59, 100, 7349
2026/06/29 06:42:40.444, 156.40, 98, 7349
2026/06/29 06:42:41.444, 156.71, 100, 7349
2026/06/29 06:42:42.444, 156.32, 99, 7349
2026/06/29 06:42:43.444, 155.39, 98, 7349
2026/06/29 06:42:44.445, 156.84, 100, 7349
2026/06/29 06:42:45.445, 156.30, 98, 7349
2026/06/29 06:42:46.445, 156.31, 100, 7349
2026/06/29 06:42:47.445, 156.69, 100, 7349
2026/06/29 06:42:48.445, 155.43, 99, 7349
2026/06/29 06:42:49.445, 156.97, 100, 7349
2026/06/29 06:42:50.446, 156.80, 100, 7349
2026/06/29 06:42:51.446, 156.03, 98, 7349
2026/06/29 06:42:52.446, 156.48, 100, 7349
2026/06/29 06:42:53.446, 155.14, 100, 7349
2026/06/29 06:42:54.446, 155.87, 98, 7349
2026/06/29 06:42:55.446, 157.00, 100, 7349
2026/06/29 06:42:56.447, 157.14, 100, 7349
2026/06/29 06:42:57.447, 156.29, 98, 7349
2026/06/29 06:42:58.447, 155.86, 100, 7349
2026/06/29 06:42:59.447, 157.00, 100, 7349
2026/06/29 06:43:00.447, 156.11, 98, 7349
2026/06/29 06:43:01.447, 156.53, 100, 7349
2026/06/29 06:43:02.448, 156.38, 100, 7349
2026/06/29 06:43:03.448, 156.11, 98, 7349
2026/06/29 06:43:04.448, 156.52, 100, 7349
2026/06/29 06:43:05.448, 156.66, 100, 7349
2026/06/29 06:43:06.448, 156.22, 98, 7349
2026/06/29 06:43:07.448, 156.76, 100, 7349
2026/06/29 06:43:08.449, 156.75, 100, 7349
2026/06/29 06:43:09.449, 156.14, 98, 7349
2026/06/29 06:43:10.449, 157.01, 100, 7349
2026/06/29 06:43:11.449, 156.74, 100, 7349
2026/06/29 06:43:12.449, 156.37, 98, 7349
2026/06/29 06:43:13.450, 156.80, 100, 7349
2026/06/29 06:43:14.450, 156.45, 100, 7349
2026/06/29 06:43:15.450, 156.62, 98, 7349
2026/06/29 06:43:16.450, 156.80, 100, 7349
2026/06/29 06:43:17.450, 156.10, 100, 7349
2026/06/29 06:43:18.450, 155.74, 98, 7349
2026/06/29 06:43:19.451, 156.80, 100, 7349
2026/06/29 06:43:20.451, 156.25, 100, 7349
2026/06/29 06:43:21.451, 156.42, 98, 7349
2026/06/29 06:43:22.451, 156.63, 100, 7349
2026/06/29 06:43:23.451, 156.38, 98, 7349
2026/06/29 06:43:24.451, 156.25, 100, 7349
2026/06/29 06:43:25.451, 157.08, 100, 7349
2026/06/29 06:43:26.452, 156.20, 98, 7349
2026/06/29 06:43:27.452, 156.76, 100, 7349
2026/06/29 06:43:28.452, 155.38, 100, 7349
2026/06/29 06:43:29.452, 156.17, 98, 7349
2026/06/29 06:43:30.452, 156.67, 100, 7349
2026/06/29 06:43:31.452, 156.96, 100, 7349
2026/06/29 06:43:32.453, 156.42, 98, 7349
2026/06/29 06:43:33.453, 155.93, 100, 7349
2026/06/29 06:43:34.453, 156.31, 100, 7349
2026/06/29 06:43:35.453, 155.68, 98, 7349
2026/06/29 06:43:36.453, 155.98, 100, 7349
2026/06/29 06:43:37.453, 156.51, 100, 7349
2026/06/29 06:43:38.454, 155.02, 98, 7349
2026/06/29 06:43:39.454, 156.41, 100, 7349
2026/06/29 06:43:40.454, 156.59, 100, 7349
2026/06/29 06:43:41.454, 156.40, 98, 7349
2026/06/29 06:43:42.454, 156.78, 100, 7349
2026/06/29 06:43:43.454, 155.59, 100, 7349
2026/06/29 06:43:44.455, 156.37, 98, 7349
2026/06/29 06:43:45.455, 156.71, 100, 7349
2026/06/29 06:43:46.455, 156.74, 100, 7349
2026/06/29 06:43:47.455, 156.43, 98, 7349
2026/06/29 06:43:48.455, 155.75, 100, 7349
2026/06/29 06:43:49.455, 156.89, 100, 7349
2026/06/29 06:43:50.456, 156.06, 98, 7349
2026/06/29 06:43:51.456, 156.42, 100, 7349
2026/06/29 06:43:52.456, 156.36, 100, 7349
2026/06/29 06:43:53.456, 155.10, 90, 7349
2026/06/29 06:43:54.456, 155.53, 100, 7349
2026/06/29 06:43:55.456, 156.87, 100, 7349
2026/06/29 06:43:56.457, 156.42, 98, 7349
2026/06/29 06:43:57.457, 156.87, 100, 7349
2026/06/29 06:43:58.457, 156.65, 100, 7349
2026/06/29 06:43:59.457, 154.73, 98, 7349
2026/06/29 06:44:00.457, 156.30, 100, 7349
2026/06/29 06:44:01.457, 156.13, 100, 7349
2026/06/29 06:44:02.458, 155.63, 98, 7349
2026/06/29 06:44:03.458, 155.94, 100, 7349
2026/06/29 06:44:04.458, 155.07, 100, 7349
2026/06/29 06:44:05.458, 156.30, 98, 7349
2026/06/29 06:44:06.458, 156.60, 100, 7349
2026/06/29 06:44:07.458, 156.51, 100, 7349
2026/06/29 06:44:08.459, 156.36, 98, 7349
2026/06/29 06:44:09.459, 155.20, 100, 7349
2026/06/29 06:44:10.459, 156.82, 100, 7349
2026/06/29 06:44:11.459, 156.23, 98, 7349
2026/06/29 06:44:12.459, 157.14, 100, 7349
2026/06/29 06:44:13.459, 156.49, 100, 7349
2026/06/29 06:44:14.460, 156.12, 98, 7349
2026/06/29 06:44:15.460, 156.63, 100, 7349
2026/06/29 06:44:16.460, 156.13, 100, 7349
2026/06/29 06:44:17.460, 156.35, 98, 7349
2026/06/29 06:44:18.460, 156.83, 100, 7349
2026/06/29 06:44:19.461, 156.48, 100, 7349
2026/06/29 06:44:20.461, 156.10, 98, 7349
2026/06/29 06:44:21.461, 156.81, 100, 7349
2026/06/29 06:44:22.461, 156.17, 100, 7349
2026/06/29 06:44:23.461, 156.26, 98, 7349
2026/06/29 06:44:24.461, 156.75, 100, 7349
2026/06/29 06:44:25.462, 155.95, 98, 7349
2026/06/29 06:44:26.462, 156.73, 100, 7349
2026/06/29 06:44:27.462, 156.87, 100, 7349
2026/06/29 06:44:28.462, 156.04, 100, 7349
2026/06/29 06:44:29.462, 159.17, 99, 7349
2026/06/29 06:44:30.462, 159.04, 100, 7349
2026/06/29 06:44:31.463, 159.05, 100, 7349
2026/06/29 06:44:32.463, 159.24, 100, 7349
2026/06/29 06:44:33.463, 159.18, 99, 7349
2026/06/29 06:44:34.463, 158.88, 100, 7349
2026/06/29 06:44:35.463, 158.62, 100, 7349
2026/06/29 06:44:36.463, 158.46, 100, 7349
2026/06/29 06:44:37.463, 158.35, 100, 7349
2026/06/29 06:44:38.464, 159.07, 99, 7349
2026/06/29 06:44:39.472, 158.52, 99, 7349
2026/06/29 06:44:40.472, 158.43, 100, 7349
2026/06/29 06:44:41.473, 158.50, 100, 7349
2026/06/29 06:44:42.473, 158.59, 100, 7349
2026/06/29 06:44:43.473, 158.39, 100, 7349
2026/06/29 06:44:44.473, 158.26, 100, 7349
2026/06/29 06:44:45.473, 158.39, 100, 7349
2026/06/29 06:44:46.473, 147.99, 16, 7349
2026/06/29 06:44:47.474, 30.99, 0, 7349
