2026/09/17 09:26:05.303, 10.57, 0, 41
2026/09/17 09:26:06.307, 9.74, 0, 41
2026/09/17 09:26:07.307, 9.01, 0, 41
2026/09/17 09:26:08.307, 6.83, 0, 41
2026/09/17 09:26:09.318, 15.86, 0, 983
2026/09/17 09:26:10.318, 19.77, 0, 1085
2026/09/17 09:26:11.318, 19.75, 0, 1085
2026/09/17 09:26:12.318, 19.73, 0, 1085
2026/09/17 09:26:13.318, 94.49, 98, 5203
2026/09/17 09:26:14.319, 152.91, 100, 5203
2026/09/17 09:26:15.319, 154.43, 100, 5203
2026/09/17 09:26:16.319, 154.01, 98, 5203
2026/09/17 09:26:17.319, 155.52, 100, 5203
2026/09/17 09:26:18.319, 154.46, 100, 5203
2026/09/17 09:26:19.320, 152.86, 90, 5203
2026/09/17 09:26:20.320, 153.80, 100, 5203
2026/09/17 09:26:21.320, 155.06, 100, 5223
2026/09/17 09:26:22.320, 155.31, 98, 5223
2026/09/17 09:26:23.320, 155.15, 100, 5223
2026/09/17 09:26:24.321, 155.26, 100, 5223
2026/09/17 09:26:25.321, 155.32, 98, 5223
2026/09/17 09:26:26.321, 155.25, 100, 5223
2026/09/17 09:26:27.321, 155.88, 100, 5223
2026/09/17 09:26:28.322, 155.65, 98, 5223
2026/09/17 09:26:29.322, 156.08, 100, 5223
2026/09/17 09:26:30.322, 154.84, 100, 5223
2026/09/17 09:26:31.322, 155.60, 98, 5223
2026/09/17 09:26:32.322, 155.90, 100, 5223
2026/09/17 09:26:33.323, 156.36, 100, 5223
2026/09/17 09:26:34.323, 156.73, 98, 5223
2026/09/17 09:26:35.323, 157.31, 100, 5223
2026/09/17 09:26:36.323, 156.70, 100, 5223
2026/09/17 09:26:37.323, 156.44, 98, 5223
2026/09/17 09:26:38.324, 156.80, 100, 5223
2026/09/17 09:26:39.324, 156.58, 100, 5223
2026/09/17 09:26:40.324, 156.21, 98, 5223
2026/09/17 09:26:41.324, 156.60, 100, 5223
2026/09/17 09:26:42.324, 156.43, 100, 5223
2026/09/17 09:26:43.325, 156.53, 98, 5223
2026/09/17 09:26:44.325, 156.54, 100, 5223
2026/09/17 09:26:45.325, 156.49, 100, 5223
2026/09/17 09:26:46.325, 156.04, 98, 5223
2026/09/17 09:26:47.325, 156.66, 100, 5223
2026/09/17 09:26:48.326, 156.43, 100, 5223
2026/09/17 09:26:49.326, 156.53, 98, 5223
2026/09/17 09:26:50.326, 156.73, 100, 5223
2026/09/17 09:26:51.326, 156.96, 100, 5223
2026/09/17 09:26:52.326, 156.66, 98, 5223
2026/09/17 09:26:53.327, 156.94, 99, 5223
2026/09/17 09:26:54.327, 156.88, 100, 5223
2026/09/17 09:26:55.327, 156.86, 98, 5223
2026/09/17 09:26:56.327, 157.04, 99, 5223
2026/09/17 09:26:57.327, 157.06, 100, 5223
2026/09/17 09:26:58.328, 157.31, 98, 5223
2026/09/17 09:26:59.328, 156.53, 99, 5223
2026/09/17 09:27:00.328, 156.93, 100, 5223
2026/09/17 09:27:01.328, 157.01, 98, 5223
2026/09/17 09:27:02.328, 156.63, 99, 5223
2026/09/17 09:27:03.329, 157.18, 100, 5223
2026/09/17 09:27:04.329, 157.14, 98, 5223
2026/09/17 09:27:05.329, 156.76, 100, 5223
2026/09/17 09:27:06.329, 157.02, 100, 5223
2026/09/17 09:27:07.329, 156.85, 98, 5223
2026/09/17 09:27:08.330, 157.10, 100, 5223
2026/09/17 09:27:09.330, 157.27, 100, 5223
2026/09/17 09:27:10.330, 156.92, 98, 5223
2026/09/17 09:27:11.330, 157.16, 100, 5223
2026/09/17 09:27:12.330, 157.60, 100, 5223
2026/09/17 09:27:13.331, 157.44, 98, 5223
2026/09/17 09:27:14.331, 157.29, 100, 5223
2026/09/17 09:27:15.331, 157.81, 100, 5223
2026/09/17 09:27:16.331, 157.88, 98, 5223
2026/09/17 09:27:17.331, 157.79, 100, 5223
2026/09/17 09:27:18.332, 157.61, 100, 5223
2026/09/17 09:27:19.332, 157.61, 98, 5223
2026/09/17 09:27:20.332, 157.80, 100, 5223
2026/09/17 09:27:21.332, 157.93, 100, 5223
2026/09/17 09:27:22.332, 157.61, 98, 5223
2026/09/17 09:27:23.333, 157.64, 100, 5223
2026/09/17 09:27:24.333, 157.88, 100, 5223
2026/09/17 09:27:25.333, 158.05, 98, 5223
2026/09/17 09:27:26.333, 157.49, 100, 5223
2026/09/17 09:27:27.333, 157.93, 100, 5223
2026/09/17 09:27:28.334, 157.56, 98, 5223
2026/09/17 09:27:29.334, 157.79, 100, 5223
2026/09/17 09:27:30.334, 157.61, 100, 5223
2026/09/17 09:27:31.334, 157.23, 98, 5223
2026/09/17 09:27:32.335, 156.69, 100, 5223
2026/09/17 09:27:33.335, 157.42, 100, 5223
2026/09/17 09:27:34.335, 157.71, 98, 5223
2026/09/17 09:27:35.335, 157.30, 100, 5223
2026/09/17 09:27:36.335, 157.60, 100, 5223
2026/09/17 09:27:37.336, 156.08, 90, 5223
2026/09/17 09:27:38.336, 156.10, 100, 5223
2026/09/17 09:27:39.336, 157.46, 100, 5223
2026/09/17 09:27:40.336, 157.03, 98, 5223
2026/09/17 09:27:41.336, 157.69, 100, 5223
2026/09/17 09:27:42.336, 157.36, 100, 5223
2026/09/17 09:27:43.337, 155.92, 98, 5223
2026/09/17 09:27:44.337, 157.39, 100, 5223
2026/09/17 09:27:45.337, 157.26, 100, 5223
2026/09/17 09:27:46.337, 157.50, 98, 5223
2026/09/17 09:27:47.337, 157.26, 100, 5223
2026/09/17 09:27:48.338, 157.47, 100, 5223
2026/09/17 09:27:49.338, 156.98, 98, 5223
2026/09/17 09:27:50.338, 157.49, 100, 5223
2026/09/17 09:27:51.338, 157.37, 100, 5223
2026/09/17 09:27:52.338, 156.84, 98, 5223
2026/09/17 09:27:53.339, 156.28, 100, 5223
2026/09/17 09:27:54.339, 157.43, 99, 5223
2026/09/17 09:27:55.339, 157.16, 98, 5223
2026/09/17 09:27:56.339, 157.36, 100, 5223
2026/09/17 09:27:57.339, 157.59, 98, 5223
2026/09/17 09:27:58.340, 156.46, 100, 5223
2026/09/17 09:27:59.340, 157.51, 100, 5223
2026/09/17 09:28:00.340, 157.47, 98, 5223
2026/09/17 09:28:01.340, 157.63, 100, 5223
2026/09/17 09:28:02.340, 157.50, 100, 5223
2026/09/17 09:28:03.341, 157.47, 98, 5223
2026/09/17 09:28:04.341, 157.46, 100, 5223
2026/09/17 09:28:05.341, 157.11, 100, 5223
2026/09/17 09:28:06.341, 156.85, 98, 5223
2026/09/17 09:28:07.341, 157.65, 100, 5223
2026/09/17 09:28:08.342, 156.31, 100, 5223
2026/09/17 09:28:09.342, 156.73, 98, 5223
2026/09/17 09:28:10.342, 157.41, 100, 5223
2026/09/17 09:28:11.342, 157.33, 100, 5223
2026/09/17 09:28:12.342, 156.88, 98, 5223
2026/09/17 09:28:13.343, 157.77, 100, 5223
2026/09/17 09:28:14.343, 157.25, 100, 5223
2026/09/17 09:28:15.343, 157.17, 98, 5223
2026/09/17 09:28:16.343, 157.66, 100, 5223
2026/09/17 09:28:17.343, 157.38, 100, 5223
2026/09/17 09:28:18.344, 157.62, 98, 5223
2026/09/17 09:28:19.344, 157.74, 100, 5223
2026/09/17 09:28:20.344, 157.54, 100, 5223
2026/09/17 09:28:21.344, 157.09, 98, 5223
2026/09/17 09:28:22.345, 158.81, 100, 5223
2026/09/17 09:28:23.345, 157.71, 100, 5223
2026/09/17 09:28:24.345, 157.08, 98, 5223
2026/09/17 09:28:25.345, 158.13, 100, 5223
2026/09/17 09:28:26.345, 157.36, 100, 5223
2026/09/17 09:28:27.346, 157.72, 98, 5223
2026/09/17 09:28:28.346, 158.42, 100, 5223
2026/09/17 09:28:29.346, 157.95, 100, 5223
2026/09/17 09:28:30.346, 157.11, 98, 5223
2026/09/17 09:28:31.346, 158.16, 100, 5223
2026/09/17 09:28:32.347, 157.69, 100, 5223
2026/09/17 09:28:33.347, 156.70, 98, 5223
2026/09/17 09:28:34.347, 157.45, 100, 5223
2026/09/17 09:28:35.347, 157.18, 100, 5223
2026/09/17 09:28:36.347, 157.27, 98, 5223
2026/09/17 09:28:37.348, 157.73, 100, 5223
2026/09/17 09:28:38.348, 157.37, 100, 5223
2026/09/17 09:28:39.348, 156.79, 98, 5223
2026/09/17 09:28:40.348, 157.59, 100, 5223
2026/09/17 09:28:41.348, 157.76, 100, 5223
2026/09/17 09:28:42.349, 156.92, 98, 5223
2026/09/17 09:28:43.349, 157.64, 100, 5223
2026/09/17 09:28:44.349, 157.57, 100, 5223
2026/09/17 09:28:45.349, 156.98, 98, 5223
2026/09/17 09:28:46.349, 157.73, 100, 5223
2026/09/17 09:28:47.350, 157.21, 100, 5223
2026/09/17 09:28:48.350, 157.59, 98, 5223
2026/09/17 09:28:49.350, 157.65, 100, 5223
2026/09/17 09:28:50.350, 157.37, 100, 5223
2026/09/17 09:28:51.351, 157.77, 98, 5223
2026/09/17 09:28:52.351, 158.43, 100, 5223
2026/09/17 09:28:53.351, 157.53, 100, 5223
2026/09/17 09:28:54.351, 157.81, 98, 5223
2026/09/17 09:28:55.351, 158.20, 100, 5223
2026/09/17 09:28:56.352, 157.68, 100, 5223
2026/09/17 09:28:57.352, 157.39, 98, 5223
2026/09/17 09:28:58.352, 156.67, 100, 5223
2026/09/17 09:28:59.352, 157.04, 99, 5223
2026/09/17 09:29:00.352, 156.79, 98, 5223
2026/09/17 09:29:01.353, 157.45, 100, 5223
2026/09/17 09:29:02.353, 157.33, 98, 5223
2026/09/17 09:29:03.353, 156.24, 100, 5223
2026/09/17 09:29:04.353, 157.64, 100, 5223
2026/09/17 09:29:05.354, 156.73, 98, 5223
2026/09/17 09:29:06.354, 157.15, 100, 5223
2026/09/17 09:29:07.354, 157.45, 100, 5223
2026/09/17 09:29:08.354, 155.56, 98, 5223
2026/09/17 09:29:09.354, 157.00, 100, 5223
2026/09/17 09:29:10.355, 157.62, 100, 5223
2026/09/17 09:29:11.355, 157.02, 98, 5223
2026/09/17 09:29:12.355, 157.11, 100, 5223
2026/09/17 09:29:13.355, 157.48, 100, 5223
2026/09/17 09:29:14.355, 156.69, 98, 5223
2026/09/17 09:29:15.356, 156.35, 100, 5223
2026/09/17 09:29:16.356, 157.32, 100, 5223
2026/09/17 09:29:17.356, 156.19, 98, 5223
2026/09/17 09:29:18.356, 156.81, 100, 5223
2026/09/17 09:29:19.356, 157.19, 100, 5223
2026/09/17 09:29:20.356, 156.93, 98, 5223
2026/09/17 09:29:21.357, 157.82, 100, 5223
2026/09/17 09:29:22.357, 157.46, 100, 5223
2026/09/17 09:29:23.357, 156.93, 98, 5223
2026/09/17 09:29:24.357, 157.87, 100, 5223
2026/09/17 09:29:25.358, 157.36, 98, 5223
2026/09/17 09:29:26.358, 156.83, 98, 5223
2026/09/17 09:29:27.358, 157.36, 100, 5223
2026/09/17 09:29:28.358, 157.39, 98, 5223
2026/09/17 09:29:29.359, 157.31, 100, 5223
2026/09/17 09:29:30.359, 157.24, 100, 5223
2026/09/17 09:29:31.359, 156.98, 98, 5223
2026/09/17 09:29:32.359, 157.41, 100, 5223
2026/09/17 09:29:33.360, 157.62, 100, 5223
2026/09/17 09:29:34.360, 157.26, 98, 5223
2026/09/17 09:29:35.360, 157.43, 100, 5223
2026/09/17 09:29:36.369, 157.49, 100, 5223
2026/09/17 09:29:37.369, 157.52, 98, 5223
2026/09/17 09:29:38.369, 157.34, 100, 5223
2026/09/17 09:29:39.369, 157.33, 100, 5223
2026/09/17 09:29:40.369, 156.93, 98, 5223
2026/09/17 09:29:41.378, 157.64, 100, 5223
2026/09/17 09:29:42.378, 156.99, 100, 5223
2026/09/17 09:29:43.378, 156.81, 98, 5223
2026/09/17 09:29:44.379, 157.30, 100, 5223
2026/09/17 09:29:45.379, 157.43, 100, 5223
2026/09/17 09:29:46.379, 156.88, 98, 5223
2026/09/17 09:29:47.379, 157.25, 100, 5223
2026/09/17 09:29:48.379, 157.24, 100, 5223
2026/09/17 09:29:49.380, 156.77, 98, 5223
2026/09/17 09:29:50.380, 157.24, 100, 5223
2026/09/17 09:29:51.380, 157.21, 100, 5223
2026/09/17 09:29:52.380, 156.92, 98, 5223
2026/09/17 09:29:53.380, 157.50, 100, 5223
2026/09/17 09:29:54.381, 157.36, 100, 5223
2026/09/17 09:29:55.381, 157.09, 98, 5223
2026/09/17 09:29:56.389, 157.25, 100, 5223
2026/09/17 09:29:57.390, 157.15, 100, 5223
2026/09/17 09:29:58.390, 157.52, 98, 5223
2026/09/17 09:29:59.390, 157.84, 100, 5223
2026/09/17 09:30:00.390, 157.09, 99, 5223
2026/09/17 09:30:01.390, 156.83, 98, 5223
2026/09/17 09:30:02.391, 158.14, 100, 5223
2026/09/17 09:30:03.391, 157.50, 99, 5223
2026/09/17 09:30:04.391, 157.10, 98, 5223
2026/09/17 09:30:05.391, 157.40, 100, 5223
2026/09/17 09:30:06.392, 156.58, 98, 5223
2026/09/17 09:30:07.392, 157.74, 100, 5223
2026/09/17 09:30:08.392, 157.91, 100, 5223
2026/09/17 09:30:09.392, 157.75, 98, 5223
2026/09/17 09:30:10.392, 95.26, 0, 5223
2026/09/17 09:30:11.392, 50.62, 0, 5223
2026/09/17 09:30:12.393, 38.51, 85, 5223
2026/09/17 09:30:13.393, 48.44, 0, 5223
2026/09/17 09:30:14.393, 50.36, 0, 5223
2026/09/17 09:30:15.393, 50.22, 0, 5223
2026/09/17 09:30:16.402, 50.11, 0, 5223
2026/09/17 09:30:17.402, 37.60, 88, 5223
2026/09/17 09:30:18.402, 47.95, 0, 5223
2026/09/17 09:30:19.402, 97.13, 100, 5225
2026/09/17 09:30:20.403, 152.48, 100, 5225
2026/09/17 09:30:21.403, 154.92, 100, 5225
2026/09/17 09:30:22.403, 161.55, 100, 5225
2026/09/17 09:30:23.403, 152.95, 100, 5225
2026/09/17 09:30:24.403, 153.03, 100, 5225
2026/09/17 09:30:25.404, 160.54, 100, 5225
2026/09/17 09:30:26.404, 154.75, 100, 5225
2026/09/17 09:30:27.404, 153.27, 100, 5225
2026/09/17 09:30:28.404, 159.04, 99, 5225
2026/09/17 09:30:29.404, 157.88, 99, 5225
2026/09/17 09:30:30.405, 153.36, 100, 5225
2026/09/17 09:30:31.405, 156.34, 99, 5225
2026/09/17 09:30:32.405, 161.00, 100, 5225
2026/09/17 09:30:33.405, 153.53, 99, 5225
2026/09/17 09:30:34.405, 154.31, 100, 5225
2026/09/17 09:30:35.406, 161.80, 99, 5225
2026/09/17 09:30:36.414, 155.10, 100, 5225
2026/09/17 09:30:37.414, 153.63, 99, 5225
2026/09/17 09:30:38.415, 159.86, 100, 5225
2026/09/17 09:30:39.415, 157.32, 100, 5225
2026/09/17 09:30:40.415, 154.29, 100, 5225
2026/09/17 09:30:41.423, 157.80, 99, 5225
2026/09/17 09:30:42.424, 159.81, 99, 5225
2026/09/17 09:30:43.424, 154.12, 100, 5225
2026/09/17 09:30:44.424, 155.84, 99, 5225
2026/09/17 09:30:45.424, 162.09, 100, 5225
2026/09/17 09:30:46.424, 154.85, 99, 5225
2026/09/17 09:30:47.425, 154.22, 100, 5225
2026/09/17 09:30:48.425, 161.74, 99, 5225
2026/09/17 09:30:49.425, 157.07, 99, 5225
2026/09/17 09:30:50.425, 154.49, 99, 5225
2026/09/17 09:30:51.425, 158.99, 100, 5225
2026/09/17 09:30:52.426, 159.63, 100, 5225
2026/09/17 09:30:53.426, 154.46, 99, 5225
2026/09/17 09:30:54.426, 117.82, 29, 5225
2026/09/17 09:30:55.426, 53.29, 100, 5225
2026/09/17 09:30:56.426, 156.68, 100, 5225
2026/09/17 09:30:57.427, 156.29, 98, 5225
2026/09/17 09:30:58.427, 157.08, 100, 5225
2026/09/17 09:30:59.427, 157.15, 100, 5225
2026/09/17 09:31:00.427, 156.76, 98, 5225
2026/09/17 09:31:01.427, 157.32, 100, 5225
2026/09/17 09:31:02.427, 157.00, 100, 5225
2026/09/17 09:31:03.428, 156.42, 98, 5225
2026/09/17 09:31:04.428, 157.43, 100, 5225
2026/09/17 09:31:05.428, 156.98, 100, 5225
2026/09/17 09:31:06.428, 155.16, 98, 5225
2026/09/17 09:31:07.428, 157.12, 100, 5225
2026/09/17 09:31:08.428, 157.53, 100, 5225
2026/09/17 09:31:09.429, 156.86, 98, 5225
2026/09/17 09:31:10.429, 157.61, 100, 5225
2026/09/17 09:31:11.429, 156.27, 100, 5225
2026/09/17 09:31:12.429, 156.24, 98, 5225
2026/09/17 09:31:13.429, 156.93, 100, 5225
2026/09/17 09:31:14.429, 157.02, 100, 5225
2026/09/17 09:31:15.430, 156.79, 98, 5225
2026/09/17 09:31:16.430, 156.63, 100, 5225
2026/09/17 09:31:17.430, 157.16, 100, 5225
2026/09/17 09:31:18.430, 156.63, 98, 5225
2026/09/17 09:31:19.430, 157.93, 100, 5225
2026/09/17 09:31:20.431, 156.65, 99, 5225
2026/09/17 09:31:21.431, 156.38, 98, 5225
2026/09/17 09:31:22.431, 157.64, 100, 5225
2026/09/17 09:31:23.431, 156.73, 98, 5225
2026/09/17 09:31:24.431, 156.83, 99, 5225
2026/09/17 09:31:25.432, 157.11, 100, 5225
2026/09/17 09:31:26.432, 157.02, 98, 5225
2026/09/17 09:31:27.432, 155.85, 100, 5225
2026/09/17 09:31:28.432, 157.07, 100, 5225
2026/09/17 09:31:29.432, 157.03, 98, 5225
2026/09/17 09:31:30.433, 156.80, 100, 5225
2026/09/17 09:31:31.433, 157.33, 100, 5225
2026/09/17 09:31:32.433, 157.23, 98, 5225
2026/09/17 09:31:33.433, 156.98, 100, 5225
2026/09/17 09:31:34.433, 157.42, 100, 5225
2026/09/17 09:31:35.434, 157.00, 98, 5225
2026/09/17 09:31:36.434, 157.28, 100, 5225
2026/09/17 09:31:37.434, 157.65, 100, 5225
2026/09/17 09:31:38.434, 157.00, 98, 5225
2026/09/17 09:31:39.434, 157.96, 100, 5225
2026/09/17 09:31:40.435, 157.73, 100, 5225
2026/09/17 09:31:41.435, 157.28, 98, 5225
2026/09/17 09:31:42.435, 157.80, 100, 5225
2026/09/17 09:31:43.435, 157.88, 100, 5225
2026/09/17 09:31:44.435, 156.99, 98, 5225
2026/09/17 09:31:45.436, 157.84, 100, 5225
2026/09/17 09:31:46.436, 158.07, 100, 5225
2026/09/17 09:31:47.436, 157.47, 98, 5225
2026/09/17 09:31:48.436, 157.58, 100, 5225
2026/09/17 09:31:49.436, 157.71, 100, 5225
2026/09/17 09:31:50.437, 156.89, 98, 5225
2026/09/17 09:31:51.437, 157.45, 100, 5225
2026/09/17 09:31:52.437, 157.81, 100, 5225
2026/09/17 09:31:53.437, 157.16, 98, 5225
2026/09/17 09:31:54.437, 157.25, 100, 5225
2026/09/17 09:31:55.438, 157.51, 100, 5225
2026/09/17 09:31:56.438, 157.29, 98, 5225
2026/09/17 09:31:57.438, 158.19, 100, 5225
2026/09/17 09:31:58.438, 157.75, 100, 5225
2026/09/17 09:31:59.438, 157.35, 98, 5225
2026/09/17 09:32:00.439, 157.31, 100, 5225
2026/09/17 09:32:01.439, 157.60, 100, 5225
2026/09/17 09:32:02.448, 157.45, 98, 5225
2026/09/17 09:32:03.448, 157.55, 100, 5225
2026/09/17 09:32:04.448, 157.38, 100, 5225
2026/09/17 09:32:05.448, 157.23, 98, 5225
2026/09/17 09:32:06.448, 157.77, 100, 5225
2026/09/17 09:32:07.457, 157.94, 100, 5225
2026/09/17 09:32:08.457, 157.27, 98, 5225
2026/09/17 09:32:09.458, 157.16, 100, 5225
2026/09/17 09:32:10.458, 158.22, 100, 5225
2026/09/17 09:32:11.458, 157.13, 98, 5225
2026/09/17 09:32:12.458, 157.48, 100, 5225
2026/09/17 09:32:13.458, 157.83, 100, 5225
2026/09/17 09:32:14.459, 157.13, 98, 5225
2026/09/17 09:32:15.459, 157.97, 100, 5225
2026/09/17 09:32:16.459, 157.62, 100, 5225
2026/09/17 09:32:17.459, 157.32, 98, 5225
2026/09/17 09:32:18.459, 157.43, 100, 5225
2026/09/17 09:32:19.460, 157.61, 100, 5225
2026/09/17 09:32:20.460, 157.71, 98, 5225
2026/09/17 09:32:21.460, 157.63, 100, 5225
2026/09/17 09:32:22.460, 157.75, 100, 5225
2026/09/17 09:32:23.460, 157.19, 98, 5225
2026/09/17 09:32:24.461, 157.77, 100, 5225
2026/09/17 09:32:25.461, 158.10, 100, 5225
2026/09/17 09:32:26.461, 157.38, 98, 5225
2026/09/17 09:32:27.461, 157.64, 100, 5225
2026/09/17 09:32:28.461, 157.75, 100, 5225
2026/09/17 09:32:29.462, 157.20, 98, 5225
2026/09/17 09:32:30.462, 157.43, 100, 5225
2026/09/17 09:32:31.462, 157.58, 100, 5225
2026/09/17 09:32:32.462, 156.81, 98, 5225
2026/09/17 09:32:33.462, 157.84, 100, 5225
2026/09/17 09:32:34.463, 158.13, 100, 5225
2026/09/17 09:32:35.463, 156.82, 98, 5225
2026/09/17 09:32:36.463, 157.54, 100, 5225
2026/09/17 09:32:37.463, 156.59, 100, 5225
2026/09/17 09:32:38.463, 157.84, 98, 5225
2026/09/17 09:32:39.464, 157.14, 100, 5225
2026/09/17 09:32:40.464, 157.53, 100, 5225
2026/09/17 09:32:41.464, 156.62, 98, 5225
2026/09/17 09:32:42.464, 157.31, 100, 5225
2026/09/17 09:32:43.464, 157.99, 100, 5225
2026/09/17 09:32:44.464, 156.88, 98, 5225
2026/09/17 09:32:45.465, 158.14, 100, 5225
2026/09/17 09:32:46.465, 157.69, 100, 5225
2026/09/17 09:32:47.465, 157.86, 98, 5225
2026/09/17 09:32:48.465, 157.84, 100, 5225
2026/09/17 09:32:49.465, 157.45, 100, 5225
2026/09/17 09:32:50.466, 157.09, 98, 5225
2026/09/17 09:32:51.466, 158.68, 100, 5225
2026/09/17 09:32:52.466, 158.01, 100, 5225
2026/09/17 09:32:53.466, 156.86, 98, 5225
2026/09/17 09:32:54.466, 157.45, 100, 5225
2026/09/17 09:32:55.467, 157.31, 99, 5225
2026/09/17 09:32:56.467, 157.26, 98, 5225
2026/09/17 09:32:57.467, 158.76, 100, 5225
2026/09/17 09:32:58.467, 158.06, 100, 5225
2026/09/17 09:32:59.467, 157.12, 98, 5225
2026/09/17 09:33:00.467, 158.27, 100, 5225
2026/09/17 09:33:01.468, 158.09, 100, 5225
2026/09/17 09:33:02.468, 157.22, 98, 5225
2026/09/17 09:33:03.468, 156.19, 100, 5225
2026/09/17 09:33:04.468, 157.21, 98, 5225
2026/09/17 09:33:05.468, 157.32, 100, 5225
2026/09/17 09:33:06.469, 156.87, 100, 5225
2026/09/17 09:33:07.469, 156.96, 98, 5225
2026/09/17 09:33:08.469, 156.09, 100, 5225
2026/09/17 09:33:09.469, 157.29, 100, 5225
2026/09/17 09:33:10.469, 157.11, 98, 5225
2026/09/17 09:33:11.470, 157.73, 100, 5225
2026/09/17 09:33:12.470, 157.61, 100, 5225
2026/09/17 09:33:13.470, 157.54, 98, 5225
2026/09/17 09:33:14.470, 157.87, 100, 5225
2026/09/17 09:33:15.470, 157.35, 100, 5225
2026/09/17 09:33:16.471, 157.37, 98, 5225
2026/09/17 09:33:17.471, 157.52, 100, 5225
2026/09/17 09:33:18.471, 157.47, 100, 5225
2026/09/17 09:33:19.471, 157.22, 98, 5225
2026/09/17 09:33:20.471, 157.71, 100, 5225
2026/09/17 09:33:21.471, 157.40, 100, 5225
2026/09/17 09:33:22.472, 157.14, 98, 5225
2026/09/17 09:33:23.472, 157.84, 100, 5225
2026/09/17 09:33:24.472, 157.35, 100, 5225
2026/09/17 09:33:25.472, 157.09, 98, 5225
2026/09/17 09:33:26.472, 157.67, 100, 5225
2026/09/17 09:33:27.473, 157.90, 100, 5225
2026/09/17 09:33:28.473, 157.41, 98, 5225
2026/09/17 09:33:29.473, 157.83, 100, 5225
2026/09/17 09:33:30.473, 157.70, 100, 5225
2026/09/17 09:33:31.473, 157.46, 98, 5225
2026/09/17 09:33:32.474, 157.96, 100, 5225
2026/09/17 09:33:33.474, 157.71, 100, 5225
2026/09/17 09:33:34.474, 157.35, 98, 5225
2026/09/17 09:33:35.474, 157.81, 100, 5225
2026/09/17 09:33:36.474, 157.54, 100, 5225
2026/09/17 09:33:37.475, 157.24, 98, 5225
2026/09/17 09:33:38.475, 157.80, 100, 5225
2026/09/17 09:33:39.475, 157.41, 100, 5225
2026/09/17 09:33:40.475, 157.02, 98, 5225
2026/09/17 09:33:41.475, 157.65, 100, 5225
2026/09/17 09:33:42.475, 157.72, 100, 5225
2026/09/17 09:33:43.476, 157.35, 98, 5225
2026/09/17 09:33:44.476, 157.89, 100, 5225
2026/09/17 09:33:45.476, 157.42, 100, 5225
2026/09/17 09:33:46.476, 157.32, 98, 5225
2026/09/17 09:33:47.476, 157.86, 100, 5225
2026/09/17 09:33:48.477, 157.40, 100, 5225
2026/09/17 09:33:49.477, 157.58, 98, 5225
2026/09/17 09:33:50.477, 158.04, 100, 5225
2026/09/17 09:33:51.477, 157.59, 100, 5225
2026/09/17 09:33:52.478, 157.64, 98, 5225
2026/09/17 09:33:53.478, 157.81, 100, 5225
2026/09/17 09:33:54.486, 157.79, 100, 5225
2026/09/17 09:33:55.487, 157.46, 98, 5225
2026/09/17 09:33:56.487, 157.89, 100, 5225
2026/09/17 09:33:57.487, 158.05, 100, 5225
2026/09/17 09:33:58.487, 157.08, 98, 5225
2026/09/17 09:33:59.488, 158.12, 100, 5225
2026/09/17 09:34:00.488, 157.47, 100, 5225
2026/09/17 09:34:01.488, 157.23, 98, 5225
2026/09/17 09:34:02.488, 158.10, 100, 5225
2026/09/17 09:34:03.488, 157.54, 100, 5225
2026/09/17 09:34:04.497, 158.05, 98, 5225
2026/09/17 09:34:05.497, 157.24, 100, 5225
2026/09/17 09:34:06.497, 157.49, 100, 5225
2026/09/17 09:34:07.498, 157.88, 98, 5225
2026/09/17 09:34:08.498, 157.29, 100, 5225
2026/09/17 09:34:09.498, 157.60, 100, 5225
2026/09/17 09:34:10.498, 157.86, 98, 5225
2026/09/17 09:34:11.498, 157.08, 100, 5225
2026/09/17 09:34:12.499, 157.72, 100, 5225
2026/09/17 09:34:13.499, 157.28, 98, 5225
2026/09/17 09:34:14.499, 157.36, 100, 5225
2026/09/17 09:34:15.499, 156.94, 100, 5225
2026/09/17 09:34:16.499, 156.59, 89, 5225
2026/09/17 09:34:17.499, 156.68, 100, 5225
2026/09/17 09:34:18.500, 156.84, 100, 5225
2026/09/17 09:34:19.500, 157.30, 98, 5225
2026/09/17 09:34:20.500, 157.49, 100, 5225
2026/09/17 09:34:21.500, 157.08, 100, 5225
2026/09/17 09:34:22.501, 156.41, 98, 5225
2026/09/17 09:34:23.501, 156.56, 100, 5225
2026/09/17 09:34:24.501, 157.23, 100, 5225
2026/09/17 09:34:25.501, 157.44, 98, 5225
2026/09/17 09:34:26.501, 157.43, 100, 5225
2026/09/17 09:34:27.501, 157.82, 98, 5225
2026/09/17 09:34:28.502, 157.44, 98, 5225
2026/09/17 09:34:29.502, 156.95, 100, 5225
2026/09/17 09:34:30.502, 157.70, 98, 5225
2026/09/17 09:34:31.502, 157.03, 98, 5225
2026/09/17 09:34:32.502, 156.24, 100, 5225
2026/09/17 09:34:33.503, 157.08, 100, 5225
2026/09/17 09:34:34.503, 156.99, 100, 5225
2026/09/17 09:34:35.503, 157.39, 100, 5225
2026/09/17 09:34:36.503, 157.61, 100, 5225
2026/09/17 09:34:37.503, 156.57, 100, 5225
2026/09/17 09:34:38.504, 157.27, 100, 5225
2026/09/17 09:34:39.504, 156.82, 100, 5225
2026/09/17 09:34:40.504, 156.74, 98, 5225
2026/09/17 09:34:41.504, 157.17, 100, 5225
2026/09/17 09:34:42.504, 155.99, 100, 5225
2026/09/17 09:34:43.505, 156.70, 98, 5225
2026/09/17 09:34:44.505, 157.47, 100, 5225
2026/09/17 09:34:45.505, 157.25, 100, 5225
2026/09/17 09:34:46.505, 156.69, 98, 5225
2026/09/17 09:34:47.505, 157.41, 100, 5225
2026/09/17 09:34:48.505, 155.62, 99, 5225
2026/09/17 09:34:49.506, 156.69, 98, 5225
2026/09/17 09:34:50.506, 157.75, 100, 5225
2026/09/17 09:34:51.506, 157.03, 98, 5225
2026/09/17 09:34:52.506, 157.29, 100, 5225
2026/09/17 09:34:53.506, 161.10, 100, 5225
2026/09/17 09:34:54.507, 156.85, 99, 5225
2026/09/17 09:34:55.507, 155.05, 100, 5225
2026/09/17 09:34:56.507, 160.24, 100, 5225
2026/09/17 09:34:57.507, 159.16, 99, 5225
2026/09/17 09:34:58.507, 154.89, 99, 5225
2026/09/17 09:34:59.508, 157.47, 99, 5225
2026/09/17 09:35:00.508, 161.71, 100, 5225
2026/09/17 09:35:01.508, 154.69, 99, 5225
2026/09/17 09:35:02.508, 155.50, 98, 5225
2026/09/17 09:35:03.508, 162.58, 99, 5225
2026/09/17 09:35:04.509, 156.22, 100, 5225
2026/09/17 09:35:05.509, 155.12, 99, 5225
2026/09/17 09:35:06.509, 161.11, 99, 5225
2026/09/17 09:35:07.509, 159.07, 100, 5225
2026/09/17 09:35:08.510, 155.13, 100, 5225
2026/09/17 09:35:09.510, 158.80, 100, 5225
2026/09/17 09:35:10.510, 160.90, 99, 5225
2026/09/17 09:35:11.510, 155.09, 99, 5225
2026/09/17 09:35:12.510, 156.46, 100, 5225
2026/09/17 09:35:13.511, 163.16, 100, 5225
2026/09/17 09:35:14.511, 156.28, 99, 5225
2026/09/17 09:35:15.511, 155.17, 99, 5225
2026/09/17 09:35:16.520, 161.19, 99, 5225
2026/09/17 09:35:17.520, 157.81, 100, 5225
2026/09/17 09:35:18.520, 155.22, 99, 5225
2026/09/17 09:35:19.520, 158.67, 99, 5225
2026/09/17 09:35:20.520, 160.45, 100, 5225
2026/09/17 09:35:21.521, 155.20, 100, 5225
2026/09/17 09:35:22.521, 156.71, 99, 5225
2026/09/17 09:35:23.521, 162.68, 99, 5225
2026/09/17 09:35:24.521, 155.40, 100, 5225
2026/09/17 09:35:25.521, 154.99, 100, 5225
2026/09/17 09:35:26.530, 161.87, 99, 5225
2026/09/17 09:35:27.530, 157.45, 99, 5225
2026/09/17 09:35:28.531, 155.37, 100, 5225
2026/09/17 09:35:29.531, 83.47, 0, 5225
2026/09/17 09:35:30.531, 88.10, 100, 5225
2026/09/17 09:35:31.531, 157.28, 100, 5225
2026/09/17 09:35:32.532, 156.51, 98, 5225
2026/09/17 09:35:33.532, 157.36, 100, 5225
2026/09/17 09:35:34.532, 157.85, 100, 5225
2026/09/17 09:35:35.532, 157.75, 98, 5225
2026/09/17 09:35:36.532, 157.58, 100, 5225
2026/09/17 09:35:37.533, 157.51, 100, 5225
2026/09/17 09:35:38.533, 156.80, 98, 5225
2026/09/17 09:35:39.533, 157.70, 100, 5225
2026/09/17 09:35:40.533, 157.68, 100, 5225
2026/09/17 09:35:41.533, 156.89, 98, 5225
2026/09/17 09:35:42.534, 157.37, 100, 5225
2026/09/17 09:35:43.534, 157.71, 100, 5225
2026/09/17 09:35:44.534, 157.65, 98, 5225
2026/09/17 09:35:45.534, 158.02, 100, 5225
2026/09/17 09:35:46.534, 157.66, 100, 5225
2026/09/17 09:35:47.534, 156.95, 98, 5225
2026/09/17 09:35:48.535, 157.72, 100, 5225
2026/09/17 09:35:49.535, 157.79, 100, 5225
2026/09/17 09:35:50.535, 157.34, 98, 5225
2026/09/17 09:35:51.535, 156.78, 100, 5225
2026/09/17 09:35:52.535, 157.61, 100, 5225
2026/09/17 09:35:53.536, 156.49, 98, 5225
2026/09/17 09:35:54.536, 157.92, 100, 5225
2026/09/17 09:35:55.536, 157.87, 100, 5225
2026/09/17 09:35:56.536, 156.66, 98, 5225
2026/09/17 09:35:57.536, 157.87, 100, 5225
2026/09/17 09:35:58.537, 157.51, 100, 5225
2026/09/17 09:35:59.537, 157.20, 98, 5225
2026/09/17 09:36:00.537, 157.94, 100, 5225
2026/09/17 09:36:01.537, 156.75, 100, 5225
2026/09/17 09:36:02.538, 156.88, 98, 5225
2026/09/17 09:36:03.538, 157.58, 100, 5225
2026/09/17 09:36:04.538, 157.94, 100, 5225
2026/09/17 09:36:05.538, 157.16, 98, 5225
2026/09/17 09:36:06.538, 157.59, 100, 5225
2026/09/17 09:36:07.539, 157.44, 98, 5225
2026/09/17 09:36:08.539, 157.21, 100, 5225
2026/09/17 09:36:09.539, 157.75, 100, 5225
2026/09/17 09:36:10.539, 157.65, 98, 5225
2026/09/17 09:36:11.539, 157.52, 100, 5225
2026/09/17 09:36:12.540, 156.92, 100, 5225
2026/09/17 09:36:13.540, 158.10, 98, 5225
2026/09/17 09:36:14.540, 157.85, 100, 5225
2026/09/17 09:36:15.540, 158.25, 100, 5225
2026/09/17 09:36:16.541, 157.42, 98, 5225
2026/09/17 09:36:17.541, 156.64, 100, 5225
2026/09/17 09:36:18.541, 157.77, 100, 5225
2026/09/17 09:36:19.541, 156.78, 98, 5225
2026/09/17 09:36:20.542, 157.16, 100, 5225
2026/09/17 09:36:21.542, 157.84, 100, 5225
2026/09/17 09:36:22.542, 157.07, 98, 5225
2026/09/17 09:36:23.542, 157.73, 100, 5225
2026/09/17 09:36:24.542, 158.03, 100, 5225
2026/09/17 09:36:25.543, 157.44, 98, 5225
2026/09/17 09:36:26.543, 157.65, 100, 5225
2026/09/17 09:36:27.543, 157.73, 100, 5225
2026/09/17 09:36:28.543, 157.76, 98, 5225
2026/09/17 09:36:29.543, 158.25, 100, 5225
2026/09/17 09:36:30.544, 157.99, 100, 5225
2026/09/17 09:36:31.544, 157.25, 98, 5225
2026/09/17 09:36:32.552, 157.57, 100, 5225
2026/09/17 09:36:33.553, 157.79, 100, 5225
2026/09/17 09:36:34.553, 157.07, 98, 5225
2026/09/17 09:36:35.553, 157.62, 100, 5225
2026/09/17 09:36:36.553, 158.12, 100, 5225
2026/09/17 09:36:37.553, 157.04, 98, 5225
2026/09/17 09:36:38.554, 158.13, 100, 5225
2026/09/17 09:36:39.554, 157.72, 100, 5225
2026/09/17 09:36:40.554, 156.85, 98, 5225
2026/09/17 09:36:41.554, 157.36, 100, 5225
2026/09/17 09:36:42.554, 158.08, 100, 5225
2026/09/17 09:36:43.555, 156.96, 98, 5225
2026/09/17 09:36:44.555, 158.16, 100, 5225
2026/09/17 09:36:45.555, 158.18, 100, 5225
2026/09/17 09:36:46.555, 158.24, 98, 5225
2026/09/17 09:36:47.555, 157.53, 100, 5225
2026/09/17 09:36:48.555, 157.84, 100, 5225
2026/09/17 09:36:49.556, 157.57, 98, 5225
2026/09/17 09:36:50.556, 157.52, 100, 5225
2026/09/17 09:36:51.556, 158.17, 100, 5225
2026/09/17 09:36:52.556, 158.05, 98, 5225
2026/09/17 09:36:53.556, 157.38, 100, 5225
2026/09/17 09:36:54.557, 157.74, 100, 5225
2026/09/17 09:36:55.557, 157.00, 98, 5225
2026/09/17 09:36:56.557, 158.35, 100, 5225
2026/09/17 09:36:57.557, 158.26, 100, 5225
2026/09/17 09:36:58.557, 158.01, 98, 5225
2026/09/17 09:36:59.558, 157.84, 100, 5225
2026/09/17 09:37:00.558, 157.80, 100, 5225
2026/09/17 09:37:01.558, 157.53, 98, 5225
2026/09/17 09:37:02.567, 157.73, 100, 5225
2026/09/17 09:37:03.567, 158.03, 100, 5225
2026/09/17 09:37:04.567, 157.59, 98, 5225
2026/09/17 09:37:05.567, 157.92, 100, 5225
2026/09/17 09:37:06.567, 158.13, 100, 5225
2026/09/17 09:37:07.568, 157.93, 98, 5225
2026/09/17 09:37:08.568, 157.56, 100, 5225
2026/09/17 09:37:09.568, 157.82, 100, 5225
2026/09/17 09:37:10.568, 157.00, 98, 5225
2026/09/17 09:37:11.569, 157.86, 100, 5225
2026/09/17 09:37:12.569, 157.96, 100, 5225
2026/09/17 09:37:13.569, 157.27, 98, 5225
2026/09/17 09:37:14.569, 157.65, 100, 5225
2026/09/17 09:37:15.569, 158.07, 100, 5225
2026/09/17 09:37:16.570, 156.71, 98, 5225
2026/09/17 09:37:17.578, 157.91, 100, 5225
2026/09/17 09:37:18.578, 157.88, 100, 5225
2026/09/17 09:37:19.579, 157.03, 98, 5225
2026/09/17 09:37:20.579, 157.81, 100, 5225
2026/09/17 09:37:21.579, 157.72, 100, 5225
2026/09/17 09:37:22.579, 157.09, 98, 5225
2026/09/17 09:37:23.579, 157.79, 100, 5225
2026/09/17 09:37:24.580, 157.83, 100, 5225
2026/09/17 09:37:25.580, 157.29, 98, 5225
2026/09/17 09:37:26.580, 157.76, 100, 5225
2026/09/17 09:37:27.580, 158.15, 100, 5225
2026/09/17 09:37:28.580, 157.23, 98, 5225
2026/09/17 09:37:29.581, 157.81, 100, 5225
2026/09/17 09:37:30.581, 158.16, 100, 5225
2026/09/17 09:37:31.581, 157.13, 98, 5225
2026/09/17 09:37:32.581, 156.60, 100, 5225
2026/09/17 09:37:33.581, 157.91, 100, 5225
2026/09/17 09:37:34.582, 157.14, 97, 5225
2026/09/17 09:37:35.582, 158.55, 100, 5225
2026/09/17 09:37:36.582, 158.18, 100, 5225
2026/09/17 09:37:37.582, 156.92, 90, 5225
2026/09/17 09:37:38.582, 156.65, 100, 5225
2026/09/17 09:37:39.583, 157.52, 98, 5225
2026/09/17 09:37:40.583, 157.64, 100, 5225
2026/09/17 09:37:41.583, 157.62, 100, 5225
2026/09/17 09:37:42.583, 158.02, 98, 5225
2026/09/17 09:37:43.583, 156.98, 100, 5225
2026/09/17 09:37:44.584, 157.75, 100, 5225
2026/09/17 09:37:45.584, 157.44, 98, 5225
2026/09/17 09:37:46.584, 158.23, 100, 5225
2026/09/17 09:37:47.584, 157.80, 100, 5225
2026/09/17 09:37:48.593, 157.53, 98, 5225
2026/09/17 09:37:49.593, 158.13, 100, 5225
2026/09/17 09:37:50.593, 157.54, 100, 5225
2026/09/17 09:37:51.594, 157.36, 98, 5225
2026/09/17 09:37:52.594, 158.11, 100, 5225
2026/09/17 09:37:53.594, 157.59, 100, 5225
2026/09/17 09:37:54.594, 157.63, 98, 5225
2026/09/17 09:37:55.595, 158.08, 100, 5225
2026/09/17 09:37:56.595, 157.48, 100, 5225
2026/09/17 09:37:57.595, 157.41, 98, 5225
2026/09/17 09:37:58.595, 158.03, 100, 5225
2026/09/17 09:37:59.595, 157.47, 100, 5225
2026/09/17 09:38:00.596, 157.43, 98, 5225
2026/09/17 09:38:01.596, 157.87, 100, 5225
2026/09/17 09:38:02.596, 157.69, 100, 5225
2026/09/17 09:38:03.596, 157.44, 98, 5225
2026/09/17 09:38:04.596, 157.66, 100, 5225
2026/09/17 09:38:05.597, 157.57, 100, 5225
2026/09/17 09:38:06.597, 157.28, 98, 5225
2026/09/17 09:38:07.597, 158.05, 100, 5225
2026/09/17 09:38:08.597, 157.37, 100, 5225
2026/09/17 09:38:09.598, 157.05, 98, 5225
2026/09/17 09:38:10.598, 157.80, 100, 5225
2026/09/17 09:38:11.598, 157.47, 100, 5225
2026/09/17 09:38:12.598, 157.04, 98, 5225
2026/09/17 09:38:13.598, 157.73, 100, 5225
2026/09/17 09:38:14.599, 157.38, 100, 5225
2026/09/17 09:38:15.599, 156.86, 98, 5225
2026/09/17 09:38:16.599, 158.24, 100, 5225
2026/09/17 09:38:17.599, 157.22, 100, 5225
2026/09/17 09:38:18.599, 156.87, 98, 5225
2026/09/17 09:38:19.600, 158.37, 100, 5225
2026/09/17 09:38:20.600, 157.43, 99, 5225
2026/09/17 09:38:21.600, 157.30, 98, 5225
2026/09/17 09:38:22.600, 158.51, 100, 5225
2026/09/17 09:38:23.600, 157.01, 98, 5225
2026/09/17 09:38:24.600, 157.63, 99, 5225
2026/09/17 09:38:25.601, 157.89, 100, 5225
2026/09/17 09:38:26.601, 157.21, 98, 5225
2026/09/17 09:38:27.601, 157.65, 100, 5225
2026/09/17 09:38:28.601, 157.98, 100, 5225
2026/09/17 09:38:29.601, 157.50, 98, 5225
2026/09/17 09:38:30.602, 157.85, 100, 5225
2026/09/17 09:38:31.602, 157.93, 100, 5225
2026/09/17 09:38:32.602, 157.19, 98, 5225
2026/09/17 09:38:33.611, 157.78, 100, 5225
2026/09/17 09:38:34.611, 158.32, 100, 5225
2026/09/17 09:38:35.611, 158.10, 98, 5225
2026/09/17 09:38:36.611, 158.37, 100, 5225
2026/09/17 09:38:37.612, 158.56, 100, 5225
2026/09/17 09:38:38.612, 157.45, 98, 5225
2026/09/17 09:38:39.612, 157.84, 100, 5225
2026/09/17 09:38:40.612, 158.27, 100, 5225
2026/09/17 09:38:41.612, 157.61, 98, 5225
2026/09/17 09:38:42.612, 158.06, 100, 5225
2026/09/17 09:38:43.613, 158.24, 100, 5225
2026/09/17 09:38:44.613, 157.84, 98, 5225
2026/09/17 09:38:45.613, 158.33, 100, 5225
2026/09/17 09:38:46.613, 158.14, 100, 5225
2026/09/17 09:38:47.614, 157.70, 98, 5225
2026/09/17 09:38:48.614, 157.92, 100, 5225
2026/09/17 09:38:49.614, 157.73, 100, 5225
2026/09/17 09:38:50.614, 157.26, 98, 5225
2026/09/17 09:38:51.614, 157.94, 100, 5225
2026/09/17 09:38:52.615, 158.49, 100, 5225
2026/09/17 09:38:53.615, 157.95, 98, 5225
2026/09/17 09:38:54.615, 158.28, 100, 5225
2026/09/17 09:38:55.615, 157.97, 100, 5225
2026/09/17 09:38:56.615, 157.63, 98, 5225
2026/09/17 09:38:57.615, 158.61, 100, 5225
2026/09/17 09:38:58.616, 158.21, 100, 5225
2026/09/17 09:38:59.616, 157.08, 98, 5225
2026/09/17 09:39:00.616, 158.54, 100, 5225
2026/09/17 09:39:01.616, 158.02, 100, 5225
2026/09/17 09:39:02.616, 157.38, 98, 5225
2026/09/17 09:39:03.616, 157.01, 100, 5225
2026/09/17 09:39:04.617, 158.27, 100, 5225
2026/09/17 09:39:05.617, 157.45, 98, 5225
2026/09/17 09:39:06.617, 158.26, 100, 5225
2026/09/17 09:39:07.617, 158.21, 100, 5225
2026/09/17 09:39:08.617, 156.05, 89, 5225
2026/09/17 09:39:09.617, 156.69, 100, 5225
2026/09/17 09:39:10.618, 158.33, 100, 5225
2026/09/17 09:39:11.618, 157.71, 98, 5225
2026/09/17 09:39:12.618, 158.10, 100, 5225
2026/09/17 09:39:13.618, 158.14, 100, 5225
2026/09/17 09:39:14.618, 157.50, 98, 5225
2026/09/17 09:39:15.618, 158.10, 100, 5225
2026/09/17 09:39:16.619, 158.10, 100, 5225
2026/09/17 09:39:17.619, 157.16, 98, 5225
2026/09/17 09:39:18.619, 157.03, 100, 5225
2026/09/17 09:39:19.619, 157.72, 100, 5225
2026/09/17 09:39:20.619, 156.77, 98, 5225
2026/09/17 09:39:21.619, 157.69, 100, 5225
2026/09/17 09:39:22.620, 157.81, 100, 5225
2026/09/17 09:39:23.620, 156.52, 89, 5225
2026/09/17 09:39:24.620, 156.67, 100, 5225
2026/09/17 09:39:25.620, 157.63, 100, 5225
2026/09/17 09:39:26.620, 156.57, 98, 5225
2026/09/17 09:39:27.621, 156.97, 99, 5225
2026/09/17 09:39:28.621, 163.02, 100, 5225
2026/09/17 09:39:29.621, 155.45, 99, 5225
2026/09/17 09:39:30.621, 155.31, 100, 5225
2026/09/17 09:39:31.621, 161.86, 99, 5225
2026/09/17 09:39:32.622, 158.37, 100, 5225
2026/09/17 09:39:33.622, 155.25, 99, 5225
2026/09/17 09:39:34.622, 159.59, 99, 5225
2026/09/17 09:39:35.622, 160.40, 100, 5225
2026/09/17 09:39:36.622, 155.15, 100, 5225
2026/09/17 09:39:37.623, 156.79, 99, 5225
2026/09/17 09:39:38.623, 162.32, 99, 5225
2026/09/17 09:39:39.623, 155.02, 100, 5225
2026/09/17 09:39:40.623, 155.31, 100, 5225
2026/09/17 09:39:41.623, 161.82, 100, 5225
2026/09/17 09:39:42.624, 156.87, 99, 5225
2026/09/17 09:39:43.624, 155.31, 100, 5225
2026/09/17 09:39:44.624, 159.88, 100, 5225
2026/09/17 09:39:45.624, 159.74, 100, 5225
2026/09/17 09:39:46.624, 155.18, 99, 5225
2026/09/17 09:39:47.625, 157.75, 99, 5225
2026/09/17 09:39:48.625, 161.71, 100, 5225
2026/09/17 09:39:49.625, 155.11, 100, 5225
2026/09/17 09:39:50.625, 155.21, 98, 5225
2026/09/17 09:39:51.625, 162.41, 99, 5225
2026/09/17 09:39:52.626, 156.97, 100, 5225
2026/09/17 09:39:53.626, 155.21, 100, 5225
2026/09/17 09:39:54.626, 160.80, 99, 5225
2026/09/17 09:39:55.626, 159.04, 99, 5225
2026/09/17 09:39:56.626, 155.09, 100, 5225
2026/09/17 09:39:57.627, 158.25, 100, 5225
2026/09/17 09:39:58.627, 160.98, 99, 5225
2026/09/17 09:39:59.627, 155.07, 99, 5225
2026/09/17 09:40:00.627, 155.97, 100, 5225
2026/09/17 09:40:01.627, 162.86, 100, 5225
2026/09/17 09:40:02.627, 155.62, 99, 5225
2026/09/17 09:40:03.628, 155.07, 99, 5225
2026/09/17 09:40:04.628, 58.59, 3, 5225
2026/09/17 09:40:05.628, 142.81, 98, 5225
2026/09/17 09:40:06.628, 157.42, 100, 5225
2026/09/17 09:40:07.628, 157.88, 100, 5225
2026/09/17 09:40:08.629, 157.11, 98, 5225
2026/09/17 09:40:09.629, 157.12, 100, 5225
2026/09/17 09:40:10.629, 157.95, 100, 5225
2026/09/17 09:40:11.629, 156.60, 98, 5225
2026/09/17 09:40:12.629, 158.24, 100, 5225
2026/09/17 09:40:13.629, 157.70, 100, 5225
2026/09/17 09:40:14.630, 158.04, 98, 5225
2026/09/17 09:40:15.630, 157.80, 100, 5225
2026/09/17 09:40:16.630, 157.00, 100, 5225
2026/09/17 09:40:17.630, 157.63, 98, 5225
2026/09/17 09:40:18.630, 157.85, 100, 5225
2026/09/17 09:40:19.631, 157.37, 100, 5225
2026/09/17 09:40:20.631, 157.74, 98, 5225
2026/09/17 09:40:21.631, 157.86, 100, 5225
2026/09/17 09:40:22.631, 157.98, 100, 5225
2026/09/17 09:40:23.632, 157.37, 98, 5225
2026/09/17 09:40:24.632, 157.66, 100, 5225
2026/09/17 09:40:25.632, 157.57, 100, 5225
2026/09/17 09:40:26.632, 157.55, 98, 5225
2026/09/17 09:40:27.633, 157.66, 100, 5225
2026/09/17 09:40:28.633, 157.69, 100, 5225
2026/09/17 09:40:29.633, 157.79, 98, 5225
2026/09/17 09:40:30.633, 157.38, 100, 5225
2026/09/17 09:40:31.633, 157.70, 100, 5225
2026/09/17 09:40:32.634, 157.36, 98, 5225
2026/09/17 09:40:33.634, 157.47, 100, 5225
2026/09/17 09:40:34.634, 158.23, 100, 5225
2026/09/17 09:40:35.634, 158.38, 98, 5225
2026/09/17 09:40:36.634, 157.46, 100, 5225
2026/09/17 09:40:37.635, 157.45, 100, 5225
2026/09/17 09:40:38.635, 156.76, 98, 5225
2026/09/17 09:40:39.635, 157.35, 100, 5225
2026/09/17 09:40:40.635, 157.43, 100, 5225
2026/09/17 09:40:41.635, 155.76, 98, 5225
2026/09/17 09:40:42.636, 157.79, 100, 5225
2026/09/17 09:40:43.636, 158.09, 100, 5225
2026/09/17 09:40:44.636, 158.34, 98, 5225
2026/09/17 09:40:45.636, 157.84, 100, 5225
2026/09/17 09:40:46.636, 156.60, 100, 5225
2026/09/17 09:40:47.637, 157.23, 98, 5225
2026/09/17 09:40:48.637, 157.41, 100, 5225
2026/09/17 09:40:49.637, 157.86, 100, 5225
2026/09/17 09:40:50.637, 157.20, 97, 5225
2026/09/17 09:40:51.637, 156.38, 100, 5225
2026/09/17 09:40:52.637, 157.06, 100, 5225
2026/09/17 09:40:53.638, 156.66, 98, 5225
2026/09/17 09:40:54.638, 157.63, 100, 5225
2026/09/17 09:40:55.638, 157.52, 100, 5225
2026/09/17 09:40:56.638, 156.20, 89, 5225
2026/09/17 09:40:57.638, 157.76, 100, 5225
2026/09/17 09:40:58.639, 157.24, 100, 5225
2026/09/17 09:40:59.639, 156.68, 98, 5225
2026/09/17 09:41:00.639, 157.25, 100, 5225
2026/09/17 09:41:01.639, 157.23, 100, 5225
2026/09/17 09:41:02.639, 156.89, 98, 5225
2026/09/17 09:41:03.640, 158.34, 100, 5225
2026/09/17 09:41:04.640, 157.94, 99, 5225
2026/09/17 09:41:05.640, 157.48, 98, 5225
2026/09/17 09:41:06.640, 158.70, 100, 5225
2026/09/17 09:41:07.640, 157.81, 99, 5225
2026/09/17 09:41:08.641, 157.45, 98, 5225
2026/09/17 09:41:09.641, 157.58, 100, 5225
2026/09/17 09:41:10.641, 157.45, 98, 5225
2026/09/17 09:41:11.641, 157.48, 98, 5225
2026/09/17 09:41:12.641, 158.16, 100, 5225
2026/09/17 09:41:13.642, 157.79, 98, 5225
2026/09/17 09:41:14.642, 157.56, 98, 5225
2026/09/17 09:41:15.642, 157.69, 100, 5225
2026/09/17 09:41:16.642, 157.84, 99, 5225
2026/09/17 09:41:17.642, 157.32, 98, 5225
2026/09/17 09:41:18.642, 158.55, 100, 5225
2026/09/17 09:41:19.643, 158.26, 99, 5225
2026/09/17 09:41:20.643, 157.23, 98, 5225
2026/09/17 09:41:21.643, 158.04, 100, 5225
2026/09/17 09:41:22.643, 157.65, 98, 5225
2026/09/17 09:41:23.644, 157.87, 98, 5225
2026/09/17 09:41:24.644, 158.02, 100, 5225
2026/09/17 09:41:25.644, 158.07, 98, 5225
2026/09/17 09:41:26.644, 158.32, 98, 5225
2026/09/17 09:41:27.645, 158.23, 100, 5225
2026/09/17 09:41:28.645, 157.73, 98, 5225
2026/09/17 09:41:29.645, 158.22, 98, 5225
2026/09/17 09:41:30.645, 158.21, 100, 5225
2026/09/17 09:41:31.645, 157.90, 98, 5225
2026/09/17 09:41:32.646, 158.09, 98, 5225
2026/09/17 09:41:33.646, 157.98, 100, 5225
2026/09/17 09:41:34.646, 157.87, 98, 5225
2026/09/17 09:41:35.646, 158.13, 98, 5225
2026/09/17 09:41:36.646, 158.10, 100, 5225
2026/09/17 09:41:37.647, 157.56, 98, 5225
2026/09/17 09:41:38.647, 158.12, 99, 5225
2026/09/17 09:41:39.647, 157.79, 100, 5225
2026/09/17 09:41:40.647, 157.65, 98, 5225
2026/09/17 09:41:41.648, 158.01, 99, 5225
2026/09/17 09:41:42.656, 157.74, 100, 5225
2026/09/17 09:41:43.656, 157.93, 98, 5225
2026/09/17 09:41:44.657, 157.89, 100, 5225
2026/09/17 09:41:45.657, 157.75, 100, 5225
2026/09/17 09:41:46.657, 157.71, 98, 5225
2026/09/17 09:41:47.657, 157.87, 100, 5225
2026/09/17 09:41:48.657, 157.66, 100, 5225
2026/09/17 09:41:49.658, 157.64, 98, 5225
2026/09/17 09:41:50.658, 157.59, 100, 5225
2026/09/17 09:41:51.658, 157.28, 100, 5225
2026/09/17 09:41:52.658, 157.06, 98, 5225
2026/09/17 09:41:53.658, 157.84, 100, 5225
2026/09/17 09:41:54.659, 157.53, 100, 5225
2026/09/17 09:41:55.659, 156.84, 98, 5225
2026/09/17 09:41:56.659, 157.96, 100, 5225
2026/09/17 09:41:57.659, 157.85, 100, 5225
2026/09/17 09:41:58.659, 157.32, 98, 5225
2026/09/17 09:41:59.660, 157.67, 100, 5225
2026/09/17 09:42:00.660, 157.84, 100, 5225
2026/09/17 09:42:01.660, 157.47, 98, 5225
2026/09/17 09:42:02.660, 157.87, 100, 5225
2026/09/17 09:42:03.660, 157.62, 100, 5225
2026/09/17 09:42:04.660, 157.38, 98, 5225
2026/09/17 09:42:05.661, 158.00, 100, 5225
2026/09/17 09:42:06.661, 157.69, 100, 5225
2026/09/17 09:42:07.670, 157.02, 98, 5225
2026/09/17 09:42:08.670, 157.36, 100, 5225
2026/09/17 09:42:09.670, 157.54, 100, 5225
2026/09/17 09:42:10.670, 157.13, 98, 5225
2026/09/17 09:42:11.670, 157.72, 100, 5225
2026/09/17 09:42:12.671, 157.38, 100, 5225
2026/09/17 09:42:13.671, 156.84, 98, 5225
2026/09/17 09:42:14.671, 157.66, 100, 5225
2026/09/17 09:42:15.671, 157.59, 100, 5225
2026/09/17 09:42:16.672, 156.85, 98, 5225
2026/09/17 09:42:17.672, 156.38, 100, 5225
2026/09/17 09:42:18.672, 157.21, 100, 5225
2026/09/17 09:42:19.672, 156.62, 98, 5225
2026/09/17 09:42:20.672, 157.60, 100, 5225
2026/09/17 09:42:21.673, 157.24, 100, 5225
2026/09/17 09:42:22.673, 156.65, 89, 5225
2026/09/17 09:42:23.673, 158.22, 100, 5225
2026/09/17 09:42:24.673, 158.02, 99, 5225
2026/09/17 09:42:25.673, 157.15, 98, 5225
2026/09/17 09:42:26.674, 158.18, 100, 5225
2026/09/17 09:42:27.674, 157.02, 98, 5225
2026/09/17 09:42:28.674, 156.25, 100, 5225
2026/09/17 09:42:29.674, 157.87, 100, 5225
2026/09/17 09:42:30.674, 157.01, 98, 5225
2026/09/17 09:42:31.675, 157.22, 100, 5225
2026/09/17 09:42:32.675, 157.51, 100, 5225
2026/09/17 09:42:33.675, 156.75, 98, 5225
2026/09/17 09:42:34.675, 157.07, 100, 5225
2026/09/17 09:42:35.675, 157.80, 100, 5225
2026/09/17 09:42:36.676, 156.64, 98, 5225
2026/09/17 09:42:37.676, 157.34, 100, 5225
2026/09/17 09:42:38.676, 157.62, 100, 5225
2026/09/17 09:42:39.676, 157.23, 98, 5225
2026/09/17 09:42:40.677, 157.36, 100, 5225
2026/09/17 09:42:41.677, 157.51, 100, 5225
2026/09/17 09:42:42.677, 156.68, 98, 5225
2026/09/17 09:42:43.686, 157.28, 100, 5225
2026/09/17 09:42:44.686, 157.60, 100, 5225
2026/09/17 09:42:45.686, 156.91, 98, 5225
2026/09/17 09:42:46.686, 157.66, 100, 5225
2026/09/17 09:42:47.686, 157.64, 100, 5225
2026/09/17 09:42:48.695, 156.63, 98, 5225
2026/09/17 09:42:49.695, 158.26, 100, 5225
2026/09/17 09:42:50.695, 157.44, 100, 5225
2026/09/17 09:42:51.696, 156.42, 98, 5225
2026/09/17 09:42:52.696, 157.19, 100, 5225
2026/09/17 09:42:53.696, 157.34, 100, 5225
2026/09/17 09:42:54.696, 156.44, 98, 5225
2026/09/17 09:42:55.696, 157.07, 100, 5225
2026/09/17 09:42:56.697, 157.48, 100, 5225
2026/09/17 09:42:57.697, 156.95, 98, 5225
2026/09/17 09:42:58.697, 157.54, 100, 5225
2026/09/17 09:42:59.697, 157.94, 98, 5225
2026/09/17 09:43:00.698, 157.31, 99, 5225
2026/09/17 09:43:01.698, 157.79, 100, 5225
2026/09/17 09:43:02.698, 157.38, 98, 5225
2026/09/17 09:43:03.698, 157.57, 100, 5225
2026/09/17 09:43:04.698, 157.66, 100, 5225
2026/09/17 09:43:05.698, 157.44, 98, 5225
2026/09/17 09:43:06.699, 157.35, 100, 5225
2026/09/17 09:43:07.699, 157.36, 100, 5225
2026/09/17 09:43:08.708, 157.19, 98, 5225
2026/09/17 09:43:09.708, 157.39, 100, 5225
2026/09/17 09:43:10.708, 157.68, 100, 5225
2026/09/17 09:43:11.708, 157.69, 98, 5225
2026/09/17 09:43:12.708, 157.56, 100, 5225
2026/09/17 09:43:13.709, 157.58, 100, 5225
2026/09/17 09:43:14.709, 157.29, 98, 5225
2026/09/17 09:43:15.709, 157.68, 100, 5225
2026/09/17 09:43:16.709, 157.60, 100, 5225
2026/09/17 09:43:17.709, 157.75, 98, 5225
2026/09/17 09:43:18.710, 157.53, 100, 5225
2026/09/17 09:43:19.710, 157.74, 100, 5225
2026/09/17 09:43:20.710, 157.11, 98, 5225
2026/09/17 09:43:21.710, 157.99, 100, 5225
2026/09/17 09:43:22.710, 157.66, 100, 5225
2026/09/17 09:43:23.718, 156.59, 98, 5225
2026/09/17 09:43:24.718, 158.10, 100, 5225
2026/09/17 09:43:25.719, 158.01, 100, 5225
2026/09/17 09:43:26.719, 158.00, 98, 5225
2026/09/17 09:43:27.719, 157.98, 100, 5225
2026/09/17 09:43:28.719, 157.66, 100, 5225
2026/09/17 09:43:29.719, 157.56, 98, 5225
2026/09/17 09:43:30.719, 157.78, 100, 5225
2026/09/17 09:43:31.720, 157.71, 100, 5225
2026/09/17 09:43:32.720, 157.58, 98, 5225
2026/09/17 09:43:33.720, 157.55, 100, 5225
2026/09/17 09:43:34.720, 157.82, 100, 5225
2026/09/17 09:43:35.721, 157.90, 98, 5225
2026/09/17 09:43:36.721, 158.42, 100, 5225
2026/09/17 09:43:37.721, 157.98, 100, 5225
2026/09/17 09:43:38.721, 157.99, 98, 5225
2026/09/17 09:43:39.721, 157.68, 100, 5225
2026/09/17 09:43:40.722, 157.77, 100, 5225
2026/09/17 09:43:41.722, 157.13, 98, 5225
2026/09/17 09:43:42.722, 158.20, 100, 5225
2026/09/17 09:43:43.722, 157.60, 100, 5225
2026/09/17 09:43:44.722, 157.43, 98, 5225
2026/09/17 09:43:45.723, 157.78, 100, 5225
2026/09/17 09:43:46.723, 157.88, 100, 5225
2026/09/17 09:43:47.723, 157.99, 98, 5225
2026/09/17 09:43:48.723, 157.80, 100, 5225
2026/09/17 09:43:49.723, 157.77, 100, 5225
2026/09/17 09:43:50.723, 157.37, 98, 5225
2026/09/17 09:43:51.724, 157.78, 100, 5225
2026/09/17 09:43:52.724, 157.65, 100, 5225
2026/09/17 09:43:53.724, 155.99, 98, 5225
2026/09/17 09:43:54.724, 157.76, 100, 5225
2026/09/17 09:43:55.724, 157.43, 100, 5225
2026/09/17 09:43:56.725, 157.80, 98, 5225
2026/09/17 09:43:57.725, 157.65, 100, 5225
2026/09/17 09:43:58.725, 155.95, 99, 5225
2026/09/17 09:43:59.725, 157.32, 98, 5225
2026/09/17 09:44:00.725, 157.76, 100, 5225
2026/09/17 09:44:01.726, 157.36, 100, 5225
2026/09/17 09:44:02.726, 160.24, 100, 5225
2026/09/17 09:44:03.726, 158.02, 100, 5225
2026/09/17 09:44:04.726, 154.98, 100, 5225
2026/09/17 09:44:05.726, 158.55, 100, 5225
2026/09/17 09:44:06.727, 160.04, 99, 5225
2026/09/17 09:44:07.727, 154.62, 100, 5225
2026/09/17 09:44:08.727, 156.26, 99, 5225
2026/09/17 09:44:09.736, 162.61, 99, 5225
2026/09/17 09:44:10.736, 154.87, 99, 5225
2026/09/17 09:44:11.736, 154.77, 100, 5225
2026/09/17 09:44:12.736, 161.94, 99, 5225
2026/09/17 09:44:13.736, 157.34, 99, 5225
2026/09/17 09:44:14.737, 155.02, 99, 5225
2026/09/17 09:44:15.737, 159.20, 99, 5225
2026/09/17 09:44:16.737, 159.43, 100, 5225
2026/09/17 09:44:17.737, 154.79, 100, 5225
2026/09/17 09:44:18.737, 156.89, 100, 5225
2026/09/17 09:44:19.738, 162.05, 100, 5225
2026/09/17 09:44:20.738, 154.99, 100, 5225
2026/09/17 09:44:21.738, 154.96, 100, 5225
2026/09/17 09:44:22.738, 161.96, 100, 5225
2026/09/17 09:44:23.738, 156.61, 99, 5225
2026/09/17 09:44:24.739, 154.74, 100, 5225
2026/09/17 09:44:25.739, 159.84, 99, 5225
2026/09/17 09:44:26.739, 158.85, 99, 5225
2026/09/17 09:44:27.739, 154.82, 99, 5225
2026/09/17 09:44:28.739, 157.42, 99, 5225
2026/09/17 09:44:29.740, 161.72, 100, 5225
2026/09/17 09:44:30.740, 154.85, 99, 5225
2026/09/17 09:44:31.740, 155.37, 98, 5225
2026/09/17 09:44:32.740, 162.74, 99, 5225
2026/09/17 09:44:33.740, 155.81, 100, 5225
2026/09/17 09:44:34.741, 154.64, 99, 5225
2026/09/17 09:44:35.749, 160.32, 100, 5225
2026/09/17 09:44:36.749, 158.67, 100, 5225
2026/09/17 09:44:37.750, 154.73, 100, 5225
2026/09/17 09:44:38.750, 100.65, 0, 5225
2026/09/17 09:44:39.750, 84.36, 100, 5225
2026/09/17 09:44:40.750, 156.74, 98, 5225
2026/09/17 09:44:41.750, 156.82, 100, 5225
2026/09/17 09:44:42.751, 157.40, 100, 5225
2026/09/17 09:44:43.751, 157.25, 98, 5225
2026/09/17 09:44:44.751, 157.03, 100, 5225
2026/09/17 09:44:45.751, 157.40, 100, 5225
2026/09/17 09:44:46.751, 156.65, 98, 5225
2026/09/17 09:44:47.752, 157.42, 100, 5225
2026/09/17 09:44:48.752, 157.35, 100, 5225
2026/09/17 09:44:49.752, 156.74, 98, 5225
2026/09/17 09:44:50.752, 157.39, 100, 5225
2026/09/17 09:44:51.753, 157.16, 100, 5225
2026/09/17 09:44:52.753, 156.50, 98, 5225
2026/09/17 09:44:53.753, 157.19, 100, 5225
2026/09/17 09:44:54.753, 157.27, 100, 5225
2026/09/17 09:44:55.753, 156.64, 98, 5225
2026/09/17 09:44:56.754, 157.16, 100, 5225
2026/09/17 09:44:57.754, 157.44, 100, 5225
2026/09/17 09:44:58.754, 156.77, 98, 5225
2026/09/17 09:44:59.754, 157.29, 100, 5225
2026/09/17 09:45:00.754, 157.55, 100, 5225
2026/09/17 09:45:01.755, 157.35, 98, 5225
2026/09/17 09:45:02.755, 156.90, 100, 5225
2026/09/17 09:45:03.755, 157.29, 100, 5225
2026/09/17 09:45:04.755, 156.69, 98, 5225
2026/09/17 09:45:05.755, 156.94, 100, 5225
2026/09/17 09:45:06.756, 156.07, 100, 5225
2026/09/17 09:45:07.756, 156.93, 98, 5225
2026/09/17 09:45:08.756, 157.58, 100, 5225
2026/09/17 09:45:09.756, 157.92, 100, 5225
2026/09/17 09:45:10.756, 157.03, 98, 5225
2026/09/17 09:45:11.757, 158.37, 100, 5225
2026/09/17 09:45:12.757, 156.40, 98, 5225
2026/09/17 09:45:13.757, 157.18, 98, 5225
2026/09/17 09:45:14.757, 158.12, 100, 5225
2026/09/17 09:45:15.757, 157.90, 99, 5225
2026/09/17 09:45:16.758, 157.43, 98, 5225
2026/09/17 09:45:17.758, 157.52, 100, 5225
2026/09/17 09:45:18.758, 157.34, 99, 5225
2026/09/17 09:45:19.758, 156.85, 98, 5225
2026/09/17 09:45:20.758, 158.06, 100, 5225
2026/09/17 09:45:21.759, 157.61, 99, 5225
2026/09/17 09:45:22.759, 156.79, 99, 5225
2026/09/17 09:45:23.759, 157.14, 100, 5225
2026/09/17 09:45:24.759, 157.27, 98, 5225
2026/09/17 09:45:25.759, 157.76, 100, 5225
2026/09/17 09:45:26.760, 157.53, 100, 5225
2026/09/17 09:45:27.760, 157.55, 98, 5225
2026/09/17 09:45:28.760, 157.49, 100, 5225
2026/09/17 09:45:29.760, 157.43, 100, 5225
2026/09/17 09:45:30.760, 157.44, 98, 5225
2026/09/17 09:45:31.761, 157.49, 100, 5225
2026/09/17 09:45:32.761, 157.20, 100, 5225
2026/09/17 09:45:33.761, 156.89, 98, 5225
2026/09/17 09:45:34.761, 157.50, 100, 5225
2026/09/17 09:45:35.761, 157.19, 100, 5225
2026/09/17 09:45:36.762, 157.44, 98, 5225
2026/09/17 09:45:37.762, 157.55, 100, 5225
2026/09/17 09:45:38.762, 157.41, 100, 5225
2026/09/17 09:45:39.762, 157.65, 98, 5225
2026/09/17 09:45:40.762, 157.56, 100, 5225
2026/09/17 09:45:41.763, 157.35, 100, 5225
2026/09/17 09:45:42.763, 157.01, 98, 5225
2026/09/17 09:45:43.763, 157.55, 100, 5225
2026/09/17 09:45:44.763, 157.46, 100, 5225
2026/09/17 09:45:45.763, 157.78, 98, 5225
2026/09/17 09:45:46.764, 157.32, 100, 5225
2026/09/17 09:45:47.764, 157.27, 100, 5225
2026/09/17 09:45:48.764, 156.77, 98, 5225
2026/09/17 09:45:49.764, 157.38, 100, 5225
2026/09/17 09:45:50.764, 157.30, 100, 5225
2026/09/17 09:45:51.764, 156.99, 98, 5225
2026/09/17 09:45:52.765, 157.38, 100, 5225
2026/09/17 09:45:53.765, 157.27, 100, 5225
2026/09/17 09:45:54.765, 157.37, 98, 5225
2026/09/17 09:45:55.765, 157.73, 100, 5225
2026/09/17 09:45:56.765, 157.00, 100, 5225
2026/09/17 09:45:57.766, 156.68, 98, 5225
2026/09/17 09:45:58.766, 157.52, 100, 5225
2026/09/17 09:45:59.766, 157.17, 99, 5225
2026/09/17 09:46:00.766, 156.83, 97, 5225
2026/09/17 09:46:01.766, 157.93, 100, 5225
2026/09/17 09:46:02.775, 157.06, 98, 5225
2026/09/17 09:46:03.775, 157.02, 100, 5225
2026/09/17 09:46:04.775, 157.38, 100, 5225
2026/09/17 09:46:05.776, 156.93, 98, 5225
2026/09/17 09:46:06.776, 157.57, 100, 5225
2026/09/17 09:46:07.776, 157.35, 100, 5225
2026/09/17 09:46:08.776, 156.92, 98, 5225
2026/09/17 09:46:09.776, 157.47, 100, 5225
2026/09/17 09:46:10.776, 157.56, 100, 5225
2026/09/17 09:46:11.777, 156.90, 98, 5225
2026/09/17 09:46:12.777, 157.42, 100, 5225
2026/09/17 09:46:13.777, 157.41, 100, 5225
2026/09/17 09:46:14.777, 156.77, 98, 5225
2026/09/17 09:46:15.777, 157.46, 100, 5225
2026/09/17 09:46:16.777, 157.57, 100, 5225
2026/09/17 09:46:17.778, 156.64, 98, 5225
2026/09/17 09:46:18.778, 157.85, 100, 5225
2026/09/17 09:46:19.778, 157.49, 100, 5225
2026/09/17 09:46:20.778, 156.58, 98, 5225
2026/09/17 09:46:21.778, 157.37, 100, 5225
2026/09/17 09:46:22.779, 157.57, 100, 5225
2026/09/17 09:46:23.779, 156.46, 98, 5225
2026/09/17 09:46:24.779, 157.32, 100, 5225
2026/09/17 09:46:25.779, 157.50, 100, 5225
2026/09/17 09:46:26.779, 156.54, 98, 5225
2026/09/17 09:46:27.780, 157.65, 100, 5225
2026/09/17 09:46:28.780, 157.52, 100, 5225
2026/09/17 09:46:29.780, 156.63, 98, 5225
2026/09/17 09:46:30.780, 157.40, 100, 5225
2026/09/17 09:46:31.780, 157.72, 100, 5225
2026/09/17 09:46:32.789, 156.62, 98, 5225
2026/09/17 09:46:33.789, 157.65, 100, 5225
2026/09/17 09:46:34.789, 157.14, 100, 5225
2026/09/17 09:46:35.790, 156.48, 98, 5225
2026/09/17 09:46:36.790, 157.47, 100, 5225
2026/09/17 09:46:37.790, 157.23, 100, 5225
2026/09/17 09:46:38.790, 157.00, 98, 5225
2026/09/17 09:46:39.791, 158.46, 100, 5225
2026/09/17 09:46:40.791, 157.66, 98, 5225
2026/09/17 09:46:41.791, 157.23, 99, 5225
2026/09/17 09:46:42.791, 157.90, 100, 5225
2026/09/17 09:46:43.792, 157.27, 98, 5225
2026/09/17 09:46:44.792, 157.40, 100, 5225
2026/09/17 09:46:45.792, 157.85, 100, 5225
2026/09/17 09:46:46.792, 157.15, 98, 5225
2026/09/17 09:46:47.793, 157.63, 100, 5225
2026/09/17 09:46:48.793, 157.92, 100, 5225
2026/09/17 09:46:49.793, 157.55, 98, 5225
2026/09/17 09:46:50.793, 157.45, 100, 5225
2026/09/17 09:46:51.793, 157.66, 100, 5225
2026/09/17 09:46:52.794, 157.63, 98, 5225
2026/09/17 09:46:53.794, 157.64, 100, 5225
2026/09/17 09:46:54.794, 157.77, 100, 5225
2026/09/17 09:46:55.794, 157.48, 98, 5225
2026/09/17 09:46:56.794, 157.72, 100, 5225
2026/09/17 09:46:57.795, 157.39, 100, 5225
2026/09/17 09:46:58.795, 157.53, 98, 5225
2026/09/17 09:46:59.795, 157.80, 100, 5225
2026/09/17 09:47:00.795, 157.49, 100, 5225
2026/09/17 09:47:01.796, 157.45, 98, 5225
2026/09/17 09:47:02.796, 157.33, 100, 5225
2026/09/17 09:47:03.796, 157.67, 100, 5225
2026/09/17 09:47:04.796, 156.90, 98, 5225
2026/09/17 09:47:05.797, 157.34, 100, 5225
2026/09/17 09:47:06.797, 157.58, 100, 5225
2026/09/17 09:47:07.806, 157.12, 98, 5225
2026/09/17 09:47:08.806, 157.51, 100, 5225
2026/09/17 09:47:09.806, 157.43, 100, 5225
2026/09/17 09:47:10.806, 156.97, 98, 5225
2026/09/17 09:47:11.807, 157.89, 100, 5225
2026/09/17 09:47:12.815, 157.58, 100, 5225
2026/09/17 09:47:13.815, 156.59, 98, 5225
2026/09/17 09:47:14.816, 157.34, 100, 5225
2026/09/17 09:47:15.816, 157.24, 100, 5225
2026/09/17 09:47:16.816, 156.57, 98, 5225
2026/09/17 09:47:17.816, 157.21, 100, 5225
2026/09/17 09:47:18.816, 157.30, 100, 5225
2026/09/17 09:47:19.817, 156.80, 98, 5225
2026/09/17 09:47:20.817, 157.73, 100, 5225
2026/09/17 09:47:21.817, 157.17, 98, 5225
2026/09/17 09:47:22.826, 157.13, 99, 5225
2026/09/17 09:47:23.826, 156.74, 100, 5225
2026/09/17 09:47:24.826, 157.96, 98, 5225
2026/09/17 09:47:25.826, 157.50, 100, 5225
2026/09/17 09:47:26.826, 157.13, 100, 5225
2026/09/17 09:47:27.827, 157.49, 98, 5225
2026/09/17 09:47:28.827, 157.37, 100, 5225
2026/09/17 09:47:29.827, 157.46, 100, 5225
2026/09/17 09:47:30.827, 157.79, 98, 5225
2026/09/17 09:47:31.827, 157.80, 100, 5225
2026/09/17 09:47:32.828, 157.32, 100, 5225
2026/09/17 09:47:33.828, 157.24, 98, 5225
2026/09/17 09:47:34.828, 157.04, 100, 5225
2026/09/17 09:47:35.828, 157.44, 100, 5225
2026/09/17 09:47:36.829, 157.45, 98, 5225
2026/09/17 09:47:37.829, 157.09, 100, 5225
2026/09/17 09:47:38.829, 157.43, 100, 5225
2026/09/17 09:47:39.829, 157.31, 98, 5225
2026/09/17 09:47:40.829, 156.73, 100, 5225
2026/09/17 09:47:41.830, 157.45, 100, 5225
2026/09/17 09:47:42.830, 157.47, 97, 5225
2026/09/17 09:47:43.830, 157.57, 100, 5225
2026/09/17 09:47:44.830, 157.78, 100, 5225
2026/09/17 09:47:45.830, 157.59, 98, 5225
2026/09/17 09:47:46.831, 156.87, 100, 5225
2026/09/17 09:47:47.831, 157.26, 100, 5225
2026/09/17 09:47:48.831, 157.40, 98, 5225
2026/09/17 09:47:49.831, 157.00, 100, 5225
2026/09/17 09:47:50.832, 157.43, 100, 5225
2026/09/17 09:47:51.832, 157.48, 100, 5225
2026/09/17 09:47:52.832, 156.97, 100, 5225
2026/09/17 09:47:53.832, 157.45, 100, 5225
2026/09/17 09:47:54.833, 157.47, 100, 5225
2026/09/17 09:47:55.833, 156.64, 100, 5225
2026/09/17 09:47:56.833, 157.99, 100, 5225
2026/09/17 09:47:57.842, 157.29, 100, 5225
2026/09/17 09:47:58.842, 156.98, 100, 5225
2026/09/17 09:47:59.842, 157.32, 100, 5225
2026/09/17 09:48:00.842, 157.26, 100, 5225
2026/09/17 09:48:01.842, 156.75, 100, 5225
2026/09/17 09:48:02.842, 157.45, 100, 5225
2026/09/17 09:48:03.843, 157.25, 99, 5225
2026/09/17 09:48:04.843, 157.07, 98, 5225
2026/09/17 09:48:05.843, 158.32, 100, 5225
2026/09/17 09:48:06.843, 157.68, 98, 5225
2026/09/17 09:48:07.843, 157.71, 99, 5225
2026/09/17 09:48:08.844, 157.60, 100, 5225
2026/09/17 09:48:09.844, 157.39, 98, 5225
2026/09/17 09:48:10.844, 157.57, 100, 5225
2026/09/17 09:48:11.844, 157.47, 100, 5225
2026/09/17 09:48:12.844, 157.15, 98, 5225
2026/09/17 09:48:13.845, 157.64, 100, 5225
2026/09/17 09:48:14.845, 157.44, 100, 5225
2026/09/17 09:48:15.845, 157.53, 98, 5225
2026/09/17 09:48:16.845, 158.17, 100, 5225
2026/09/17 09:48:17.854, 157.50, 100, 5225
2026/09/17 09:48:18.854, 157.07, 98, 5225
2026/09/17 09:48:19.854, 157.72, 100, 5225
2026/09/17 09:48:20.854, 157.37, 100, 5225
2026/09/17 09:48:21.855, 157.05, 98, 5225
2026/09/17 09:48:22.863, 157.96, 100, 5225
2026/09/17 09:48:23.863, 157.34, 100, 5225
2026/09/17 09:48:24.864, 156.96, 98, 5225
2026/09/17 09:48:25.864, 157.43, 100, 5225
2026/09/17 09:48:26.864, 157.48, 100, 5225
2026/09/17 09:48:27.864, 157.18, 98, 5225
2026/09/17 09:48:28.865, 157.70, 100, 5225
2026/09/17 09:48:29.865, 157.44, 100, 5225
2026/09/17 09:48:30.865, 156.83, 98, 5225
2026/09/17 09:48:31.865, 157.55, 100, 5225
2026/09/17 09:48:32.868, 157.34, 100, 5225
2026/09/17 09:48:33.869, 156.76, 98, 5225
2026/09/17 09:48:34.869, 157.56, 100, 5225
2026/09/17 09:48:35.869, 157.33, 100, 5225
2026/09/17 09:48:36.869, 155.67, 95, 5225
2026/09/17 09:48:37.869, 160.94, 100, 5225
2026/09/17 09:48:38.870, 156.52, 100, 5225
2026/09/17 09:48:39.870, 155.00, 100, 5225
2026/09/17 09:48:40.870, 160.00, 99, 5225
2026/09/17 09:48:41.870, 158.88, 99, 5225
2026/09/17 09:48:42.870, 155.11, 100, 5225
2026/09/17 09:48:43.870, 158.11, 99, 5225
2026/09/17 09:48:44.871, 161.57, 100, 5225
2026/09/17 09:48:45.871, 155.13, 99, 5225
2026/09/17 09:48:46.871, 155.99, 99, 5225
2026/09/17 09:48:47.871, 162.82, 99, 5225
2026/09/17 09:48:48.871, 156.12, 100, 5225
2026/09/17 09:48:49.871, 155.21, 99, 5225
2026/09/17 09:48:50.872, 160.84, 100, 5225
2026/09/17 09:48:51.872, 158.26, 100, 5225
2026/09/17 09:48:52.872, 155.24, 100, 5225
2026/09/17 09:48:53.872, 159.02, 100, 5225
2026/09/17 09:48:54.872, 161.07, 99, 5225
2026/09/17 09:48:55.873, 155.22, 100, 5225
2026/09/17 09:48:56.873, 156.43, 99, 5225
2026/09/17 09:48:57.873, 162.97, 100, 5225
2026/09/17 09:48:58.873, 155.12, 99, 5225
2026/09/17 09:48:59.873, 154.80, 100, 5225
2026/09/17 09:49:00.874, 161.09, 99, 5225
2026/09/17 09:49:01.874, 158.07, 100, 5225
2026/09/17 09:49:02.874, 154.90, 99, 5225
2026/09/17 09:49:03.874, 158.98, 99, 5225
2026/09/17 09:49:04.874, 159.96, 100, 5225
2026/09/17 09:49:05.875, 154.86, 100, 5225
2026/09/17 09:49:06.875, 156.86, 100, 5225
2026/09/17 09:49:07.875, 162.23, 100, 5225
2026/09/17 09:49:08.875, 155.43, 100, 5225
2026/09/17 09:49:09.875, 155.38, 100, 5225
2026/09/17 09:49:10.875, 162.18, 100, 5225
2026/09/17 09:49:11.876, 157.06, 99, 5225
2026/09/17 09:49:12.876, 155.05, 100, 5225
2026/09/17 09:49:13.876, 78.51, 0, 5225
2026/09/17 09:49:14.876, 102.84, 98, 5225
2026/09/17 09:49:15.876, 158.24, 100, 5225
2026/09/17 09:49:16.877, 157.03, 100, 5225
2026/09/17 09:49:17.877, 157.66, 98, 5225
2026/09/17 09:49:18.877, 158.26, 100, 5225
2026/09/17 09:49:19.877, 157.35, 100, 5225
2026/09/17 09:49:20.877, 156.97, 97, 5225
2026/09/17 09:49:21.878, 156.75, 100, 5225
2026/09/17 09:49:22.878, 157.35, 100, 5225
2026/09/17 09:49:23.878, 157.21, 98, 5225
2026/09/17 09:49:24.878, 157.90, 100, 5225
2026/09/17 09:49:25.878, 157.60, 100, 5225
2026/09/17 09:49:26.879, 155.85, 90, 5225
2026/09/17 09:49:27.879, 156.72, 100, 5225
2026/09/17 09:49:28.879, 157.24, 100, 5225
2026/09/17 09:49:29.879, 157.11, 98, 5225
2026/09/17 09:49:30.879, 157.39, 100, 5225
2026/09/17 09:49:31.879, 157.65, 100, 5225
2026/09/17 09:49:32.880, 157.56, 98, 5225
2026/09/17 09:49:33.880, 156.77, 100, 5225
2026/09/17 09:49:34.880, 157.81, 100, 5225
2026/09/17 09:49:35.880, 157.67, 98, 5225
2026/09/17 09:49:36.881, 157.64, 100, 5225
2026/09/17 09:49:37.881, 157.54, 100, 5225
2026/09/17 09:49:38.881, 156.04, 98, 5225
2026/09/17 09:49:39.881, 157.57, 100, 5225
2026/09/17 09:49:40.881, 157.33, 100, 5225
2026/09/17 09:49:41.881, 156.85, 98, 5225
2026/09/17 09:49:42.882, 157.71, 100, 5225
2026/09/17 09:49:43.882, 156.18, 100, 5225
2026/09/17 09:49:44.882, 156.77, 98, 5225
2026/09/17 09:49:45.882, 157.36, 100, 5225
2026/09/17 09:49:46.882, 157.00, 99, 5225
2026/09/17 09:49:47.883, 156.80, 98, 5225
2026/09/17 09:49:48.883, 157.78, 100, 5225
2026/09/17 09:49:49.883, 155.95, 98, 5225
2026/09/17 09:49:50.883, 157.34, 100, 5225
2026/09/17 09:49:51.884, 157.35, 100, 5225
2026/09/17 09:49:52.884, 156.70, 98, 5225
2026/09/17 09:49:53.884, 157.13, 100, 5225
2026/09/17 09:49:54.884, 156.21, 100, 5225
2026/09/17 09:49:55.884, 156.65, 98, 5225
2026/09/17 09:49:56.885, 156.98, 100, 5225
2026/09/17 09:49:57.885, 157.06, 100, 5225
2026/09/17 09:49:58.885, 156.74, 98, 5225
2026/09/17 09:49:59.885, 157.21, 100, 5225
2026/09/17 09:50:00.885, 157.26, 100, 5225
2026/09/17 09:50:01.886, 156.48, 98, 5225
2026/09/17 09:50:02.886, 157.26, 100, 5225
2026/09/17 09:50:03.886, 157.34, 100, 5225
2026/09/17 09:50:04.886, 156.54, 98, 5225
2026/09/17 09:50:05.886, 157.26, 100, 5225
2026/09/17 09:50:06.886, 157.46, 100, 5225
2026/09/17 09:50:07.887, 156.57, 98, 5225
2026/09/17 09:50:08.887, 157.43, 100, 5225
2026/09/17 09:50:09.887, 157.46, 100, 5225
2026/09/17 09:50:10.887, 156.60, 98, 5225
2026/09/17 09:50:11.888, 157.55, 100, 5225
2026/09/17 09:50:12.888, 157.49, 100, 5225
2026/09/17 09:50:13.888, 156.70, 98, 5225
2026/09/17 09:50:14.888, 157.31, 100, 5225
2026/09/17 09:50:15.888, 157.36, 100, 5225
2026/09/17 09:50:16.889, 157.33, 98, 5225
2026/09/17 09:50:17.889, 158.10, 100, 5225
2026/09/17 09:50:18.889, 157.41, 100, 5225
2026/09/17 09:50:19.889, 156.47, 99, 5225
2026/09/17 09:50:20.889, 157.83, 100, 5225
2026/09/17 09:50:21.890, 157.59, 98, 5225
2026/09/17 09:50:22.890, 157.38, 100, 5225
2026/09/17 09:50:23.890, 157.73, 100, 5225
2026/09/17 09:50:24.890, 156.02, 89, 5225
2026/09/17 09:50:25.891, 157.93, 100, 5225
2026/09/17 09:50:26.891, 157.91, 100, 5225
2026/09/17 09:50:27.891, 157.62, 98, 5225
2026/09/17 09:50:28.891, 157.99, 100, 5225
2026/09/17 09:50:29.891, 157.98, 100, 5225
2026/09/17 09:50:30.892, 156.40, 98, 5225
2026/09/17 09:50:31.892, 157.74, 100, 5225
2026/09/17 09:50:32.892, 157.43, 100, 5225
2026/09/17 09:50:33.892, 157.79, 98, 5225
2026/09/17 09:50:34.892, 157.56, 100, 5225
2026/09/17 09:50:35.893, 157.81, 100, 5225
2026/09/17 09:50:36.893, 157.37, 98, 5225
2026/09/17 09:50:37.893, 157.20, 100, 5225
2026/09/17 09:50:38.893, 157.64, 100, 5225
2026/09/17 09:50:39.893, 157.10, 98, 5225
2026/09/17 09:50:40.894, 157.24, 100, 5225
2026/09/17 09:50:41.894, 157.26, 100, 5225
2026/09/17 09:50:42.894, 157.16, 98, 5225
2026/09/17 09:50:43.894, 157.25, 100, 5225
2026/09/17 09:50:44.894, 157.32, 100, 5225
2026/09/17 09:50:45.895, 155.68, 98, 5225
2026/09/17 09:50:46.895, 156.92, 100, 5225
2026/09/17 09:50:47.895, 157.38, 100, 5225
2026/09/17 09:50:48.895, 156.88, 98, 5225
2026/09/17 09:50:49.895, 156.97, 100, 5225
2026/09/17 09:50:50.896, 157.20, 100, 5225
2026/09/17 09:50:51.896, 157.51, 98, 5225
2026/09/17 09:50:52.896, 158.01, 100, 5225
2026/09/17 09:50:53.896, 157.42, 100, 5225
2026/09/17 09:50:54.896, 156.55, 97, 5225
2026/09/17 09:50:55.897, 157.01, 100, 5225
2026/09/17 09:50:56.897, 157.16, 99, 5225
2026/09/17 09:50:57.897, 156.82, 98, 5225
2026/09/17 09:50:58.897, 157.48, 100, 5225
2026/09/17 09:50:59.898, 157.34, 98, 5225
2026/09/17 09:51:00.898, 157.36, 99, 5225
2026/09/17 09:51:01.898, 156.93, 100, 5225
2026/09/17 09:51:02.898, 157.20, 98, 5225
2026/09/17 09:51:03.898, 157.18, 100, 5225
2026/09/17 09:51:04.899, 156.96, 100, 5225
2026/09/17 09:51:05.899, 156.88, 98, 5225
2026/09/17 09:51:06.899, 157.37, 100, 5225
2026/09/17 09:51:07.899, 156.91, 100, 5225
2026/09/17 09:51:08.899, 157.08, 98, 5225
2026/09/17 09:51:09.900, 157.68, 100, 5225
2026/09/17 09:51:10.900, 157.06, 100, 5225
2026/09/17 09:51:11.900, 156.75, 98, 5225
2026/09/17 09:51:12.900, 157.32, 100, 5225
2026/09/17 09:51:13.900, 157.45, 100, 5225
2026/09/17 09:51:14.901, 156.85, 98, 5225
2026/09/17 09:51:15.909, 156.97, 100, 5225
2026/09/17 09:51:16.909, 157.13, 100, 5225
2026/09/17 09:51:17.910, 156.97, 98, 5225
2026/09/17 09:51:18.910, 157.62, 100, 5225
2026/09/17 09:51:19.910, 157.25, 100, 5225
2026/09/17 09:51:20.910, 157.86, 98, 5225
2026/09/17 09:51:21.910, 157.92, 100, 5225
2026/09/17 09:51:22.911, 157.64, 100, 5225
2026/09/17 09:51:23.911, 157.93, 98, 5225
2026/09/17 09:51:24.911, 158.40, 100, 5225
2026/09/17 09:51:25.911, 157.51, 100, 5225
2026/09/17 09:51:26.911, 156.67, 98, 5225
2026/09/17 09:51:27.912, 157.65, 100, 5225
2026/09/17 09:51:28.912, 157.35, 100, 5225
2026/09/17 09:51:29.912, 157.38, 98, 5225
2026/09/17 09:51:30.912, 157.87, 100, 5225
2026/09/17 09:51:31.912, 157.58, 100, 5225
2026/09/17 09:51:32.913, 157.27, 97, 5225
2026/09/17 09:51:33.913, 157.80, 100, 5225
2026/09/17 09:51:34.913, 157.48, 100, 5225
2026/09/17 09:51:35.913, 157.39, 98, 5225
2026/09/17 09:51:36.913, 157.79, 100, 5225
2026/09/17 09:51:37.914, 157.64, 100, 5225
2026/09/17 09:51:38.914, 157.94, 98, 5225
2026/09/17 09:51:39.914, 157.95, 100, 5225
2026/09/17 09:51:40.914, 157.39, 100, 5225
2026/09/17 09:51:41.915, 157.07, 98, 5225
2026/09/17 09:51:42.915, 158.43, 100, 5225
2026/09/17 09:51:43.915, 157.90, 100, 5225
2026/09/17 09:51:44.915, 157.39, 98, 5225
2026/09/17 09:51:45.915, 158.75, 100, 5225
2026/09/17 09:51:46.916, 157.93, 100, 5225
2026/09/17 09:51:47.916, 157.07, 98, 5225
2026/09/17 09:51:48.916, 157.92, 100, 5225
2026/09/17 09:51:49.916, 157.83, 100, 5225
2026/09/17 09:51:50.916, 157.64, 98, 5225
2026/09/17 09:51:51.917, 158.51, 100, 5225
2026/09/17 09:51:52.917, 157.70, 100, 5225
2026/09/17 09:51:53.917, 157.05, 98, 5225
2026/09/17 09:51:54.917, 158.09, 100, 5225
2026/09/17 09:51:55.926, 157.38, 100, 5225
2026/09/17 09:51:56.926, 156.89, 98, 5225
2026/09/17 09:51:57.926, 158.10, 100, 5225
2026/09/17 09:51:58.927, 157.84, 100, 5225
2026/09/17 09:51:59.927, 157.34, 98, 5225
2026/09/17 09:52:00.927, 157.90, 100, 5225
2026/09/17 09:52:01.927, 157.45, 100, 5225
2026/09/17 09:52:02.927, 157.18, 98, 5225
2026/09/17 09:52:03.928, 157.92, 100, 5225
2026/09/17 09:52:04.928, 157.68, 100, 5225
2026/09/17 09:52:05.928, 157.38, 98, 5225
2026/09/17 09:52:06.928, 157.79, 100, 5225
2026/09/17 09:52:07.929, 157.16, 100, 5225
2026/09/17 09:52:08.929, 156.65, 98, 5225
2026/09/17 09:52:09.929, 158.06, 100, 5225
2026/09/17 09:52:10.930, 157.40, 100, 5225
2026/09/17 09:52:11.930, 156.70, 98, 5225
2026/09/17 09:52:12.930, 157.95, 100, 5225
2026/09/17 09:52:13.930, 157.86, 100, 5225
2026/09/17 09:52:14.930, 156.90, 98, 5225
2026/09/17 09:52:15.931, 157.85, 100, 5225
2026/09/17 09:52:16.931, 157.55, 99, 5225
2026/09/17 09:52:17.931, 157.41, 98, 5225
2026/09/17 09:52:18.931, 157.81, 100, 5225
2026/09/17 09:52:19.931, 157.38, 99, 5225
2026/09/17 09:52:20.931, 157.43, 98, 5225
2026/09/17 09:52:21.932, 157.72, 100, 5225
2026/09/17 09:52:22.932, 157.54, 99, 5225
2026/09/17 09:52:23.932, 157.24, 98, 5225
2026/09/17 09:52:24.932, 158.49, 100, 5225
2026/09/17 09:52:25.932, 157.62, 99, 5225
2026/09/17 09:52:26.932, 157.80, 98, 5225
2026/09/17 09:52:27.933, 158.03, 100, 5225
2026/09/17 09:52:28.933, 157.52, 99, 5225
2026/09/17 09:52:29.933, 157.23, 98, 5225
2026/09/17 09:52:30.933, 158.56, 100, 5225
2026/09/17 09:52:31.934, 157.54, 98, 5225
2026/09/17 09:52:32.934, 157.49, 98, 5225
2026/09/17 09:52:33.934, 158.99, 100, 5225
2026/09/17 09:52:34.934, 157.76, 99, 5225
2026/09/17 09:52:35.934, 157.71, 98, 5225
2026/09/17 09:52:36.935, 157.90, 100, 5225
2026/09/17 09:52:37.935, 157.75, 99, 5225
2026/09/17 09:52:38.935, 157.44, 98, 5225
2026/09/17 09:52:39.935, 157.66, 100, 5225
2026/09/17 09:52:40.935, 157.71, 99, 5225
2026/09/17 09:52:41.936, 157.52, 98, 5225
2026/09/17 09:52:42.936, 158.03, 100, 5225
2026/09/17 09:52:43.936, 157.58, 99, 5225
2026/09/17 09:52:44.936, 157.58, 98, 5225
2026/09/17 09:52:45.936, 157.21, 100, 5225
2026/09/17 09:52:46.937, 157.89, 98, 5225
2026/09/17 09:52:47.937, 157.62, 99, 5225
2026/09/17 09:52:48.937, 158.25, 100, 5225
2026/09/17 09:52:49.937, 157.38, 98, 5225
2026/09/17 09:52:50.938, 156.76, 100, 5225
2026/09/17 09:52:51.938, 157.89, 100, 5225
2026/09/17 09:52:52.938, 157.52, 98, 5225
2026/09/17 09:52:53.938, 157.58, 100, 5225
2026/09/17 09:52:54.938, 157.51, 100, 5225
2026/09/17 09:52:55.939, 157.31, 98, 5225
2026/09/17 09:52:56.939, 157.69, 100, 5225
2026/09/17 09:52:57.939, 157.18, 100, 5225
2026/09/17 09:52:58.939, 156.74, 98, 5225
2026/09/17 09:52:59.939, 157.66, 100, 5225
2026/09/17 09:53:00.939, 157.31, 100, 5225
2026/09/17 09:53:01.940, 156.85, 98, 5225
2026/09/17 09:53:02.940, 157.82, 100, 5225
2026/09/17 09:53:03.940, 157.33, 98, 5225
2026/09/17 09:53:04.940, 157.41, 99, 5225
2026/09/17 09:53:05.941, 157.67, 100, 5225
2026/09/17 09:53:06.942, 157.49, 98, 5225
2026/09/17 09:53:07.942, 157.67, 100, 5225
2026/09/17 09:53:08.942, 157.99, 100, 5225
2026/09/17 09:53:09.942, 157.38, 98, 5225
2026/09/17 09:53:10.942, 157.42, 100, 5225
2026/09/17 09:53:11.943, 159.56, 99, 5225
2026/09/17 09:53:12.943, 159.62, 99, 5225
2026/09/17 09:53:13.943, 155.15, 99, 5225
2026/09/17 09:53:14.943, 157.75, 99, 5225
2026/09/17 09:53:15.943, 161.75, 100, 5225
2026/09/17 09:53:16.944, 155.14, 99, 5225
2026/09/17 09:53:17.944, 155.57, 98, 5225
2026/09/17 09:53:18.944, 162.85, 99, 5225
2026/09/17 09:53:19.944, 156.82, 100, 5225
2026/09/17 09:53:20.944, 155.34, 99, 5225
2026/09/17 09:53:21.944, 160.92, 100, 5225
2026/09/17 09:53:22.945, 158.98, 100, 5225
2026/09/17 09:53:23.945, 155.33, 100, 5225
2026/09/17 09:53:24.945, 159.08, 100, 5225
2026/09/17 09:53:25.954, 161.96, 99, 5225
2026/09/17 09:53:26.954, 155.11, 100, 5225
2026/09/17 09:53:27.954, 156.32, 99, 5225
2026/09/17 09:53:28.954, 163.53, 100, 5225
2026/09/17 09:53:29.954, 155.14, 99, 5225
2026/09/17 09:53:30.955, 155.16, 100, 5225
2026/09/17 09:53:31.955, 161.98, 99, 5225
2026/09/17 09:53:32.955, 158.01, 100, 5225
2026/09/17 09:53:33.955, 155.21, 99, 5225
2026/09/17 09:53:34.955, 160.36, 99, 5225
2026/09/17 09:53:35.956, 160.70, 100, 5225
2026/09/17 09:53:36.956, 155.30, 100, 5225
2026/09/17 09:53:37.956, 157.15, 100, 5225
2026/09/17 09:53:38.956, 162.29, 100, 5225
2026/09/17 09:53:39.956, 154.95, 100, 5225
2026/09/17 09:53:40.957, 155.16, 100, 5225
2026/09/17 09:53:41.957, 161.96, 100, 5225
2026/09/17 09:53:42.957, 156.82, 99, 5225
2026/09/17 09:53:43.957, 155.20, 100, 5225
2026/09/17 09:53:44.957, 159.94, 99, 5225
2026/09/17 09:53:45.958, 159.17, 99, 5225
2026/09/17 09:53:46.958, 155.07, 99, 5225
2026/09/17 09:53:47.958, 112.25, 25, 5225
2026/09/17 09:53:48.958, 60.46, 100, 5225
2026/09/17 09:53:49.958, 157.50, 100, 5225
2026/09/17 09:53:50.959, 156.77, 98, 5225
2026/09/17 09:53:51.959, 157.55, 100, 5225
2026/09/17 09:53:52.959, 157.84, 100, 5225
2026/09/17 09:53:53.959, 156.89, 98, 5225
2026/09/17 09:53:54.959, 157.45, 100, 5225
2026/09/17 09:53:55.960, 157.60, 100, 5225
2026/09/17 09:53:56.960, 157.40, 98, 5225
2026/09/17 09:53:57.960, 157.62, 100, 5225
2026/09/17 09:53:58.960, 157.93, 100, 5225
2026/09/17 09:53:59.960, 157.30, 98, 5225
2026/09/17 09:54:00.961, 157.60, 100, 5225
2026/09/17 09:54:01.961, 157.35, 100, 5225
2026/09/17 09:54:02.961, 157.37, 98, 5225
2026/09/17 09:54:03.961, 157.71, 100, 5225
2026/09/17 09:54:04.962, 157.54, 100, 5225
2026/09/17 09:54:05.962, 156.52, 98, 5225
2026/09/17 09:54:06.962, 157.23, 100, 5225
2026/09/17 09:54:07.962, 157.56, 100, 5225
2026/09/17 09:54:08.962, 156.51, 98, 5225
2026/09/17 09:54:09.962, 157.47, 100, 5225
2026/09/17 09:54:10.970, 156.97, 100, 5225
2026/09/17 09:54:11.970, 157.67, 98, 5225
2026/09/17 09:54:12.971, 158.18, 100, 5225
2026/09/17 09:54:13.971, 157.83, 100, 5225
2026/09/17 09:54:14.971, 157.75, 98, 5225
2026/09/17 09:54:15.971, 157.82, 100, 5225
2026/09/17 09:54:16.971, 157.94, 100, 5225
2026/09/17 09:54:17.972, 156.72, 98, 5225
2026/09/17 09:54:18.972, 157.83, 100, 5225
2026/09/17 09:54:19.972, 157.82, 100, 5225
2026/09/17 09:54:20.972, 157.46, 98, 5225
2026/09/17 09:54:21.972, 158.53, 100, 5225
2026/09/17 09:54:22.972, 156.72, 100, 5225
2026/09/17 09:54:23.973, 156.33, 98, 5225
2026/09/17 09:54:24.973, 157.44, 100, 5225
2026/09/17 09:54:25.973, 157.39, 98, 5225
2026/09/17 09:54:26.973, 157.31, 99, 5225
2026/09/17 09:54:27.973, 157.60, 100, 5225
2026/09/17 09:54:28.974, 157.56, 98, 5225
2026/09/17 09:54:29.974, 157.37, 100, 5225
2026/09/17 09:54:30.974, 157.58, 100, 5225
2026/09/17 09:54:31.974, 157.84, 98, 5225
2026/09/17 09:54:32.974, 157.15, 100, 5225
2026/09/17 09:54:33.975, 156.81, 100, 5225
2026/09/17 09:54:34.975, 157.97, 98, 5225
2026/09/17 09:54:35.975, 157.66, 100, 5225
2026/09/17 09:54:36.975, 158.02, 100, 5225
2026/09/17 09:54:37.975, 157.64, 98, 5225
2026/09/17 09:54:38.976, 157.79, 100, 5225
2026/09/17 09:54:39.976, 157.90, 100, 5225
2026/09/17 09:54:40.976, 157.47, 98, 5225
2026/09/17 09:54:41.976, 157.72, 100, 5225
2026/09/17 09:54:42.976, 158.13, 100, 5225
2026/09/17 09:54:43.976, 157.78, 98, 5225
2026/09/17 09:54:44.977, 158.20, 100, 5225
2026/09/17 09:54:45.977, 157.88, 100, 5225
2026/09/17 09:54:46.977, 157.61, 98, 5225
2026/09/17 09:54:47.977, 158.00, 100, 5225
2026/09/17 09:54:48.977, 157.74, 100, 5225
2026/09/17 09:54:49.978, 157.77, 98, 5225
2026/09/17 09:54:50.978, 157.66, 100, 5225
2026/09/17 09:54:51.978, 157.48, 100, 5225
2026/09/17 09:54:52.978, 157.37, 98, 5225
2026/09/17 09:54:53.978, 157.48, 100, 5225
2026/09/17 09:54:54.979, 158.05, 100, 5225
2026/09/17 09:54:55.979, 157.48, 98, 5225
2026/09/17 09:54:56.979, 157.50, 100, 5225
2026/09/17 09:54:57.979, 158.05, 100, 5225
2026/09/17 09:54:58.979, 157.54, 98, 5225
2026/09/17 09:54:59.980, 157.65, 100, 5225
2026/09/17 09:55:00.980, 158.04, 100, 5225
2026/09/17 09:55:01.980, 157.90, 98, 5225
2026/09/17 09:55:02.980, 158.30, 100, 5225
2026/09/17 09:55:03.980, 157.79, 100, 5225
2026/09/17 09:55:04.980, 157.64, 98, 5225
2026/09/17 09:55:05.981, 157.72, 100, 5225
2026/09/17 09:55:06.981, 156.58, 100, 5225
2026/09/17 09:55:07.981, 157.51, 98, 5225
2026/09/17 09:55:08.981, 157.71, 100, 5225
2026/09/17 09:55:09.981, 157.71, 100, 5225
2026/09/17 09:55:10.982, 157.40, 98, 5225
2026/09/17 09:55:11.982, 158.18, 100, 5225
2026/09/17 09:55:12.982, 157.63, 100, 5225
2026/09/17 09:55:13.982, 157.56, 98, 5225
2026/09/17 09:55:14.982, 157.69, 100, 5225
2026/09/17 09:55:15.983, 157.82, 100, 5225
2026/09/17 09:55:16.983, 156.88, 98, 5225
2026/09/17 09:55:17.983, 157.77, 100, 5225
2026/09/17 09:55:18.983, 157.58, 100, 5225
2026/09/17 09:55:19.983, 157.05, 98, 5225
2026/09/17 09:55:20.984, 157.56, 100, 5225
2026/09/17 09:55:21.984, 157.78, 100, 5225
2026/09/17 09:55:22.984, 157.06, 98, 5225
2026/09/17 09:55:23.984, 157.38, 100, 5225
2026/09/17 09:55:24.984, 157.56, 100, 5225
2026/09/17 09:55:25.985, 157.08, 98, 5225
2026/09/17 09:55:26.985, 156.42, 100, 5225
2026/09/17 09:55:27.985, 157.25, 100, 5225
2026/09/17 09:55:28.985, 157.11, 98, 5225
2026/09/17 09:55:29.985, 157.41, 100, 5225
2026/09/17 09:55:30.985, 157.68, 99, 5225
2026/09/17 09:55:31.986, 157.16, 98, 5225
2026/09/17 09:55:32.986, 157.41, 100, 5225
2026/09/17 09:55:33.986, 157.19, 98, 5225
2026/09/17 09:55:34.986, 157.70, 100, 5225
2026/09/17 09:55:35.986, 157.82, 100, 5225
2026/09/17 09:55:36.987, 156.23, 90, 5225
2026/09/17 09:55:37.987, 158.48, 100, 5225
2026/09/17 09:55:38.987, 157.83, 100, 5225
2026/09/17 09:55:39.987, 157.23, 98, 5225
2026/09/17 09:55:40.987, 158.23, 100, 5225
2026/09/17 09:55:41.988, 157.90, 100, 5225
2026/09/17 09:55:42.988, 157.34, 98, 5225
2026/09/17 09:55:43.988, 158.45, 100, 5225
2026/09/17 09:55:44.988, 157.98, 100, 5225
2026/09/17 09:55:45.988, 157.91, 97, 5225
2026/09/17 09:55:46.989, 158.47, 100, 5225
2026/09/17 09:55:47.989, 156.62, 100, 5225
2026/09/17 09:55:48.989, 157.45, 98, 5225
2026/09/17 09:55:49.989, 158.10, 100, 5225
2026/09/17 09:55:50.989, 158.15, 100, 5225
2026/09/17 09:55:51.989, 157.14, 98, 5225
2026/09/17 09:55:52.990, 158.02, 100, 5225
2026/09/17 09:55:53.990, 157.82, 100, 5225
2026/09/17 09:55:54.990, 157.29, 98, 5225
2026/09/17 09:55:55.990, 158.31, 100, 5225
2026/09/17 09:55:56.991, 157.95, 100, 5225
2026/09/17 09:55:57.991, 157.42, 98, 5225
2026/09/17 09:55:58.991, 158.29, 100, 5225
2026/09/17 09:55:59.991, 158.31, 100, 5225
2026/09/17 09:56:00.991, 158.23, 98, 5225
2026/09/17 09:56:01.992, 158.28, 100, 5225
2026/09/17 09:56:02.992, 157.93, 100, 5225
2026/09/17 09:56:03.992, 157.70, 98, 5225
2026/09/17 09:56:04.992, 158.63, 100, 5225
2026/09/17 09:56:05.992, 158.34, 100, 5225
2026/09/17 09:56:06.993, 157.68, 98, 5225
2026/09/17 09:56:07.993, 158.01, 100, 5225
2026/09/17 09:56:08.993, 157.83, 100, 5225
2026/09/17 09:56:09.993, 157.83, 98, 5225
2026/09/17 09:56:10.993, 158.48, 100, 5225
2026/09/17 09:56:11.994, 158.16, 100, 5225
2026/09/17 09:56:12.994, 157.91, 98, 5225
2026/09/17 09:56:13.994, 158.42, 100, 5225
2026/09/17 09:56:14.994, 158.20, 100, 5225
2026/09/17 09:56:15.994, 157.46, 98, 5225
2026/09/17 09:56:16.995, 158.41, 100, 5225
2026/09/17 09:56:17.995, 157.74, 100, 5225
2026/09/17 09:56:18.995, 158.20, 98, 5225
2026/09/17 09:56:19.995, 157.95, 100, 5225
2026/09/17 09:56:20.996, 157.76, 100, 5225
2026/09/17 09:56:21.996, 157.50, 98, 5225
2026/09/17 09:56:22.996, 158.21, 100, 5225
2026/09/17 09:56:23.996, 157.83, 100, 5225
2026/09/17 09:56:24.996, 157.99, 98, 5225
2026/09/17 09:56:25.997, 157.92, 100, 5225
2026/09/17 09:56:26.997, 157.63, 100, 5225
2026/09/17 09:56:27.997, 157.73, 98, 5225
2026/09/17 09:56:28.997, 158.22, 100, 5225
2026/09/17 09:56:29.997, 158.27, 100, 5225
2026/09/17 09:56:30.998, 157.39, 98, 5225
2026/09/17 09:56:31.998, 157.92, 100, 5225
2026/09/17 09:56:33.005, 158.02, 100, 5225
2026/09/17 09:56:34.005, 157.20, 98, 5225
2026/09/17 09:56:35.005, 158.25, 100, 5225
2026/09/17 09:56:36.006, 157.98, 100, 5225
2026/09/17 09:56:37.006, 157.21, 98, 5225
2026/09/17 09:56:38.006, 158.26, 100, 5225
2026/09/17 09:56:39.006, 158.31, 100, 5225
2026/09/17 09:56:40.006, 157.95, 98, 5225
2026/09/17 09:56:41.007, 158.50, 100, 5225
2026/09/17 09:56:42.007, 158.20, 100, 5225
2026/09/17 09:56:43.007, 157.93, 98, 5225
2026/09/17 09:56:44.007, 158.56, 100, 5225
2026/09/17 09:56:45.007, 158.26, 100, 5225
2026/09/17 09:56:46.008, 157.39, 98, 5225
2026/09/17 09:56:47.008, 158.20, 100, 5225
2026/09/17 09:56:48.008, 157.03, 100, 5225
2026/09/17 09:56:49.008, 156.88, 98, 5225
2026/09/17 09:56:50.008, 157.70, 100, 5225
2026/09/17 09:56:51.008, 157.88, 100, 5225
2026/09/17 09:56:52.009, 157.81, 98, 5225
2026/09/17 09:56:53.009, 157.80, 100, 5225
2026/09/17 09:56:54.009, 157.65, 100, 5225
2026/09/17 09:56:55.009, 157.03, 98, 5225
2026/09/17 09:56:56.009, 157.92, 100, 5225
2026/09/17 09:56:57.010, 157.66, 100, 5225
2026/09/17 09:56:58.010, 156.68, 98, 5225
2026/09/17 09:56:59.010, 158.20, 100, 5225
2026/09/17 09:57:00.010, 157.54, 98, 5225
2026/09/17 09:57:01.010, 157.66, 99, 5225
2026/09/17 09:57:02.011, 158.20, 100, 5225
2026/09/17 09:57:03.011, 156.73, 90, 5225
2026/09/17 09:57:04.011, 157.75, 100, 5225
2026/09/17 09:57:05.011, 157.74, 100, 5225
2026/09/17 09:57:06.011, 157.44, 98, 5225
2026/09/17 09:57:07.012, 157.72, 100, 5225
2026/09/17 09:57:08.012, 157.66, 100, 5225
2026/09/17 09:57:09.012, 156.99, 98, 5225
2026/09/17 09:57:10.012, 157.37, 100, 5225
2026/09/17 09:57:11.012, 157.66, 100, 5225
2026/09/17 09:57:12.013, 157.22, 98, 5225
2026/09/17 09:57:13.013, 157.27, 100, 5225
2026/09/17 09:57:14.013, 157.79, 100, 5225
2026/09/17 09:57:15.013, 157.05, 98, 5225
2026/09/17 09:57:16.014, 157.38, 100, 5225
2026/09/17 09:57:17.014, 157.96, 100, 5225
2026/09/17 09:57:18.014, 156.77, 98, 5225
2026/09/17 09:57:19.014, 157.50, 100, 5225
2026/09/17 09:57:20.014, 157.82, 100, 5225
2026/09/17 09:57:21.015, 156.68, 98, 5225
2026/09/17 09:57:22.015, 157.31, 100, 5225
2026/09/17 09:57:23.015, 157.88, 100, 5225
2026/09/17 09:57:24.015, 157.76, 98, 5225
2026/09/17 09:57:25.015, 158.02, 100, 5225
2026/09/17 09:57:26.016, 157.81, 100, 5225
2026/09/17 09:57:27.016, 156.66, 98, 5225
2026/09/17 09:57:28.016, 157.44, 100, 5225
2026/09/17 09:57:29.025, 158.02, 100, 5225
2026/09/17 09:57:30.025, 156.80, 98, 5225
2026/09/17 09:57:31.025, 157.46, 100, 5225
2026/09/17 09:57:32.025, 157.43, 99, 5225
2026/09/17 09:57:33.025, 157.14, 98, 5225
2026/09/17 09:57:34.026, 157.55, 100, 5225
2026/09/17 09:57:35.026, 157.98, 98, 5225
2026/09/17 09:57:36.026, 157.58, 99, 5225
2026/09/17 09:57:37.026, 157.69, 100, 5225
2026/09/17 09:57:38.027, 157.86, 98, 5225
2026/09/17 09:57:39.027, 157.58, 100, 5225
2026/09/17 09:57:40.027, 157.60, 100, 5225
2026/09/17 09:57:41.027, 157.58, 98, 5225
2026/09/17 09:57:42.027, 157.65, 100, 5225
2026/09/17 09:57:43.028, 157.73, 100, 5225
2026/09/17 09:57:44.028, 157.54, 98, 5225
2026/09/17 09:57:45.028, 157.66, 100, 5225
2026/09/17 09:57:46.028, 157.44, 100, 5225
2026/09/17 09:57:47.028, 160.65, 99, 5225
2026/09/17 09:57:48.029, 158.26, 100, 5225
2026/09/17 09:57:49.029, 155.46, 99, 5225
2026/09/17 09:57:50.029, 159.22, 99, 5225
2026/09/17 09:57:51.029, 160.46, 100, 5225
2026/09/17 09:57:52.029, 155.43, 100, 5225
2026/09/17 09:57:53.030, 157.45, 99, 5225
2026/09/17 09:57:54.030, 162.78, 99, 5225
2026/09/17 09:57:55.030, 155.62, 100, 5225
2026/09/17 09:57:56.030, 155.53, 100, 5225
2026/09/17 09:57:57.030, 162.17, 100, 5225
2026/09/17 09:57:58.031, 158.05, 99, 5225
2026/09/17 09:57:59.031, 155.32, 100, 5225
2026/09/17 09:58:00.031, 160.08, 100, 5225
2026/09/17 09:58:01.031, 159.80, 100, 5225
2026/09/17 09:58:02.031, 155.46, 99, 5225
2026/09/17 09:58:03.032, 157.64, 99, 5225
2026/09/17 09:58:04.032, 162.03, 100, 5225
2026/09/17 09:58:05.032, 155.65, 100, 5225
2026/09/17 09:58:06.032, 155.33, 98, 5225
2026/09/17 09:58:07.032, 162.34, 99, 5225
2026/09/17 09:58:08.032, 157.08, 100, 5225
2026/09/17 09:58:09.041, 155.30, 100, 5225
2026/09/17 09:58:10.041, 160.91, 100, 5225
2026/09/17 09:58:11.042, 159.15, 99, 5225
2026/09/17 09:58:12.042, 155.26, 100, 5225
2026/09/17 09:58:13.042, 158.40, 99, 5225
2026/09/17 09:58:14.042, 161.13, 99, 5225
2026/09/17 09:58:15.042, 155.24, 99, 5225
2026/09/17 09:58:16.043, 156.33, 100, 5225
2026/09/17 09:58:17.043, 163.46, 100, 5225
2026/09/17 09:58:18.043, 156.75, 99, 5225
2026/09/17 09:58:19.043, 155.22, 99, 5225
2026/09/17 09:58:20.043, 162.32, 100, 5225
2026/09/17 09:58:21.043, 158.32, 100, 5225
2026/09/17 09:58:22.044, 155.41, 99, 5225
2026/09/17 09:58:23.044, 95.16, 0, 5225
2026/09/17 09:58:24.044, 66.67, 98, 5225
2026/09/17 09:58:25.044, 157.19, 100, 5225
2026/09/17 09:58:26.044, 157.10, 100, 5225
2026/09/17 09:58:27.045, 156.78, 98, 5225
2026/09/17 09:58:28.045, 157.41, 100, 5225
2026/09/17 09:58:29.045, 157.08, 100, 5225
2026/09/17 09:58:30.045, 156.74, 98, 5225
2026/09/17 09:58:31.045, 157.49, 100, 5225
2026/09/17 09:58:32.045, 157.42, 100, 5225
2026/09/17 09:58:33.046, 156.88, 98, 5225
2026/09/17 09:58:34.046, 157.65, 100, 5225
2026/09/17 09:58:35.046, 156.31, 99, 5225
2026/09/17 09:58:36.046, 156.94, 98, 5225
2026/09/17 09:58:37.046, 158.15, 100, 5225
2026/09/17 09:58:38.047, 157.06, 98, 5225
2026/09/17 09:58:39.047, 157.56, 99, 5225
2026/09/17 09:58:40.047, 156.45, 100, 5225
2026/09/17 09:58:41.047, 156.73, 98, 5225
2026/09/17 09:58:42.047, 157.41, 100, 5225
2026/09/17 09:58:43.047, 157.91, 100, 5225
2026/09/17 09:58:44.048, 156.68, 98, 5225
2026/09/17 09:58:45.048, 156.30, 100, 5225
2026/09/17 09:58:46.048, 157.40, 100, 5225
2026/09/17 09:58:47.048, 156.56, 98, 5225
2026/09/17 09:58:48.048, 157.29, 100, 5225
2026/09/17 09:58:49.048, 157.52, 100, 5225
2026/09/17 09:58:50.049, 155.58, 90, 5225
2026/09/17 09:58:51.049, 158.04, 100, 5225
2026/09/17 09:58:52.049, 157.56, 100, 5225
2026/09/17 09:58:53.049, 156.41, 98, 5225
2026/09/17 09:58:54.049, 157.45, 100, 5225
2026/09/17 09:58:55.050, 158.32, 100, 5225
2026/09/17 09:58:56.050, 157.02, 98, 5225
2026/09/17 09:58:57.050, 158.10, 100, 5225
2026/09/17 09:58:58.050, 158.12, 100, 5225
2026/09/17 09:58:59.050, 157.36, 98, 5225
2026/09/17 09:59:00.051, 158.08, 100, 5225
2026/09/17 09:59:01.051, 158.15, 100, 5225
2026/09/17 09:59:02.051, 157.17, 98, 5225
2026/09/17 09:59:03.051, 158.08, 100, 5225
2026/09/17 09:59:04.052, 158.43, 100, 5225
2026/09/17 09:59:05.052, 156.99, 98, 5225
2026/09/17 09:59:06.052, 158.62, 100, 5225
2026/09/17 09:59:07.052, 158.14, 100, 5225
2026/09/17 09:59:08.052, 156.88, 98, 5225
2026/09/17 09:59:09.053, 157.77, 100, 5225
2026/09/17 09:59:10.053, 158.54, 100, 5225
2026/09/17 09:59:11.061, 156.69, 98, 5225
2026/09/17 09:59:12.062, 157.76, 100, 5225
2026/09/17 09:59:13.062, 158.46, 100, 5225
2026/09/17 09:59:14.062, 157.55, 98, 5225
2026/09/17 09:59:15.062, 157.82, 100, 5225
2026/09/17 09:59:16.062, 157.98, 100, 5225
2026/09/17 09:59:17.062, 157.04, 98, 5225
2026/09/17 09:59:18.063, 158.10, 100, 5225
2026/09/17 09:59:19.063, 157.88, 100, 5225
2026/09/17 09:59:20.063, 156.87, 98, 5225
2026/09/17 09:59:21.063, 157.77, 100, 5225
2026/09/17 09:59:22.063, 158.06, 100, 5225
2026/09/17 09:59:23.064, 156.92, 98, 5225
2026/09/17 09:59:24.064, 157.91, 100, 5225
2026/09/17 09:59:25.064, 156.89, 100, 5225
2026/09/17 09:59:26.064, 157.84, 98, 5225
2026/09/17 09:59:27.064, 158.54, 100, 5225
2026/09/17 09:59:28.065, 158.40, 100, 5225
2026/09/17 09:59:29.065, 157.98, 98, 5225
2026/09/17 09:59:30.065, 157.40, 100, 5225
2026/09/17 09:59:31.065, 157.58, 100, 5225
2026/09/17 09:59:32.066, 157.20, 98, 5225
2026/09/17 09:59:33.066, 157.39, 100, 5225
2026/09/17 09:59:34.066, 157.66, 99, 5225
2026/09/17 09:59:35.066, 156.97, 94, 5225
2026/09/17 09:59:36.066, 156.96, 100, 5225
2026/09/17 09:59:37.067, 157.33, 98, 5225
2026/09/17 09:59:38.067, 157.32, 100, 5225
2026/09/17 09:59:39.067, 157.46, 100, 5225
2026/09/17 09:59:40.067, 156.91, 98, 5225
2026/09/17 09:59:41.076, 157.06, 100, 5225
2026/09/17 09:59:42.076, 157.43, 100, 5225
2026/09/17 09:59:43.076, 156.88, 98, 5225
2026/09/17 09:59:44.077, 157.18, 100, 5225
2026/09/17 09:59:45.077, 157.33, 100, 5225
2026/09/17 09:59:46.077, 156.84, 98, 5225
2026/09/17 09:59:47.077, 157.34, 100, 5225
2026/09/17 09:59:48.078, 157.51, 100, 5225
2026/09/17 09:59:49.078, 157.12, 98, 5225
2026/09/17 09:59:50.078, 157.32, 100, 5225
2026/09/17 09:59:51.078, 157.72, 100, 5225
2026/09/17 09:59:52.078, 157.64, 98, 5225
2026/09/17 09:59:53.079, 157.34, 100, 5225
2026/09/17 09:59:54.079, 157.75, 100, 5225
2026/09/17 09:59:55.079, 157.23, 98, 5225
2026/09/17 09:59:56.079, 157.43, 100, 5225
2026/09/17 09:59:57.079, 157.38, 100, 5225
2026/09/17 09:59:58.080, 157.02, 98, 5225
2026/09/17 09:59:59.080, 157.42, 100, 5225
2026/09/17 10:00:00.080, 157.42, 100, 5225
2026/09/17 10:00:01.080, 156.91, 98, 5225
2026/09/17 10:00:02.080, 157.23, 100, 5225
2026/09/17 10:00:03.081, 157.26, 100, 5225
2026/09/17 10:00:04.081, 157.05, 98, 5225
2026/09/17 10:00:05.081, 158.02, 100, 5225
2026/09/17 10:00:06.081, 156.46, 98, 5225
2026/09/17 10:00:07.081, 157.28, 98, 5225
2026/09/17 10:00:08.082, 157.28, 100, 5225
2026/09/17 10:00:09.082, 157.09, 98, 5225
2026/09/17 10:00:10.082, 157.48, 100, 5225
2026/09/17 10:00:11.082, 156.37, 100, 5225
2026/09/17 10:00:12.082, 157.43, 98, 5225
2026/09/17 10:00:13.083, 157.94, 100, 5225
2026/09/17 10:00:14.083, 157.40, 100, 5225
2026/09/17 10:00:15.083, 157.07, 98, 5225
2026/09/17 10:00:16.083, 156.75, 100, 5225
2026/09/17 10:00:17.083, 157.22, 100, 5225
2026/09/17 10:00:18.083, 156.67, 98, 5225
2026/09/17 10:00:19.084, 157.60, 100, 5225
2026/09/17 10:00:20.084, 157.13, 100, 5225
2026/09/17 10:00:21.084, 155.70, 90, 5225
2026/09/17 10:00:22.084, 156.57, 100, 5225
2026/09/17 10:00:23.085, 157.45, 100, 5225
2026/09/17 10:00:24.085, 157.32, 98, 5225
2026/09/17 10:00:25.085, 157.77, 100, 5225
2026/09/17 10:00:26.085, 157.51, 100, 5225
2026/09/17 10:00:27.085, 156.90, 98, 5225
2026/09/17 10:00:28.086, 157.80, 100, 5225
2026/09/17 10:00:29.086, 157.87, 100, 5225
2026/09/17 10:00:30.086, 156.85, 98, 5225
2026/09/17 10:00:31.086, 158.51, 100, 5225
2026/09/17 10:00:32.086, 158.13, 100, 5225
2026/09/17 10:00:33.086, 157.42, 98, 5225
2026/09/17 10:00:34.087, 157.60, 100, 5225
2026/09/17 10:00:35.087, 157.28, 100, 5225
2026/09/17 10:00:36.087, 156.85, 98, 5225
2026/09/17 10:00:37.087, 157.66, 100, 5225
2026/09/17 10:00:38.088, 157.54, 100, 5225
2026/09/17 10:00:39.088, 157.16, 98, 5225
2026/09/17 10:00:40.088, 157.99, 100, 5225
2026/09/17 10:00:41.088, 157.50, 100, 5225
2026/09/17 10:00:42.097, 156.87, 98, 5225
2026/09/17 10:00:43.097, 157.77, 100, 5225
2026/09/17 10:00:44.097, 157.64, 100, 5225
2026/09/17 10:00:45.097, 157.40, 98, 5225
2026/09/17 10:00:46.098, 157.71, 100, 5225
2026/09/17 10:00:47.098, 157.60, 100, 5225
2026/09/17 10:00:48.098, 156.26, 90, 5225
2026/09/17 10:00:49.098, 156.76, 100, 5225
2026/09/17 10:00:50.098, 157.55, 100, 5225
2026/09/17 10:00:51.099, 157.09, 98, 5225
2026/09/17 10:00:52.099, 157.70, 100, 5225
2026/09/17 10:00:53.099, 157.37, 99, 5225
2026/09/17 10:00:54.099, 156.59, 99, 5225
2026/09/17 10:00:55.099, 157.65, 100, 5225
2026/09/17 10:00:56.099, 157.36, 98, 5225
2026/09/17 10:00:57.100, 157.55, 100, 5225
2026/09/17 10:00:58.100, 157.54, 100, 5225
2026/09/17 10:00:59.108, 157.13, 98, 5225
2026/09/17 10:01:00.109, 157.42, 100, 5225
2026/09/17 10:01:01.109, 157.93, 100, 5225
2026/09/17 10:01:02.109, 157.70, 98, 5225
2026/09/17 10:01:03.109, 157.74, 100, 5225
2026/09/17 10:01:04.110, 158.30, 100, 5225
2026/09/17 10:01:05.110, 158.01, 98, 5225
2026/09/17 10:01:06.110, 157.83, 100, 5225
2026/09/17 10:01:07.110, 157.98, 100, 5225
2026/09/17 10:01:08.110, 157.46, 98, 5225
2026/09/17 10:01:09.119, 156.94, 100, 5225
2026/09/17 10:01:10.119, 158.02, 100, 5225
2026/09/17 10:01:11.120, 157.62, 98, 5225
2026/09/17 10:01:12.120, 157.06, 100, 5225
2026/09/17 10:01:13.120, 157.73, 100, 5225
2026/09/17 10:01:14.120, 157.32, 98, 5225
2026/09/17 10:01:15.120, 156.91, 100, 5225
2026/09/17 10:01:16.121, 157.96, 100, 5225
2026/09/17 10:01:17.121, 157.53, 98, 5225
2026/09/17 10:01:18.121, 157.09, 100, 5225
2026/09/17 10:01:19.121, 157.76, 100, 5225
2026/09/17 10:01:20.121, 157.40, 98, 5225
2026/09/17 10:01:21.122, 157.00, 100, 5225
2026/09/17 10:01:22.122, 158.14, 100, 5225
2026/09/17 10:01:23.122, 157.66, 98, 5225
2026/09/17 10:01:24.122, 157.29, 100, 5225
2026/09/17 10:01:25.122, 157.69, 100, 5225
2026/09/17 10:01:26.122, 157.60, 98, 5225
2026/09/17 10:01:27.123, 156.74, 100, 5225
2026/09/17 10:01:28.123, 157.39, 100, 5225
2026/09/17 10:01:29.123, 156.54, 98, 5225
2026/09/17 10:01:30.123, 156.65, 100, 5225
2026/09/17 10:01:31.123, 157.62, 99, 5225
2026/09/17 10:01:32.124, 157.28, 98, 5225
2026/09/17 10:01:33.124, 156.86, 100, 5225
2026/09/17 10:01:34.124, 158.44, 98, 5225
2026/09/17 10:01:35.124, 157.44, 99, 5225
2026/09/17 10:01:36.124, 157.11, 100, 5225
2026/09/17 10:01:37.125, 157.84, 100, 5225
2026/09/17 10:01:38.125, 157.30, 98, 5225
2026/09/17 10:01:39.125, 156.51, 100, 5225
2026/09/17 10:01:40.125, 157.64, 100, 5225
2026/09/17 10:01:41.125, 156.90, 98, 5225
2026/09/17 10:01:42.125, 157.30, 100, 5225
2026/09/17 10:01:43.126, 157.78, 100, 5225
2026/09/17 10:01:44.126, 157.19, 98, 5225
2026/09/17 10:01:45.126, 157.53, 100, 5225
2026/09/17 10:01:46.126, 157.71, 100, 5225
2026/09/17 10:01:47.126, 156.96, 98, 5225
2026/09/17 10:01:48.126, 157.51, 100, 5225
2026/09/17 10:01:49.127, 156.69, 100, 5225
2026/09/17 10:01:50.127, 156.76, 98, 5225
2026/09/17 10:01:51.127, 157.34, 100, 5225
2026/09/17 10:01:52.127, 157.44, 100, 5225
2026/09/17 10:01:53.127, 156.69, 98, 5225
2026/09/17 10:01:54.128, 157.46, 100, 5225
2026/09/17 10:01:55.128, 157.64, 100, 5225
2026/09/17 10:01:56.128, 158.16, 98, 5225
2026/09/17 10:01:57.128, 158.86, 100, 5225
2026/09/17 10:01:58.128, 158.07, 100, 5225
2026/09/17 10:01:59.129, 156.71, 98, 5225
2026/09/17 10:02:00.129, 157.32, 100, 5225
2026/09/17 10:02:01.129, 157.41, 100, 5225
2026/09/17 10:02:02.129, 156.40, 98, 5225
2026/09/17 10:02:03.129, 157.21, 100, 5225
2026/09/17 10:02:04.130, 156.40, 100, 5225
2026/09/17 10:02:05.130, 157.12, 98, 5225
2026/09/17 10:02:06.130, 157.83, 100, 5225
2026/09/17 10:02:07.130, 157.63, 100, 5225
2026/09/17 10:02:08.130, 157.20, 98, 5225
2026/09/17 10:02:09.131, 158.02, 100, 5225
2026/09/17 10:02:10.131, 156.58, 100, 5225
2026/09/17 10:02:11.131, 157.06, 98, 5225
2026/09/17 10:02:12.131, 158.22, 100, 5225
2026/09/17 10:02:13.131, 157.59, 99, 5225
2026/09/17 10:02:14.132, 156.88, 98, 5225
2026/09/17 10:02:15.132, 157.42, 100, 5225
2026/09/17 10:02:16.132, 157.49, 98, 5225
2026/09/17 10:02:17.132, 157.10, 98, 5225
2026/09/17 10:02:18.133, 157.15, 100, 5225
2026/09/17 10:02:19.133, 157.50, 98, 5225
2026/09/17 10:02:20.141, 157.66, 99, 5225
2026/09/17 10:02:21.142, 157.40, 100, 5225
2026/09/17 10:02:22.142, 160.59, 99, 5225
2026/09/17 10:02:23.142, 158.26, 100, 5225
2026/09/17 10:02:24.142, 154.94, 99, 5225
2026/09/17 10:02:25.143, 159.38, 99, 5225
2026/09/17 10:02:26.143, 160.18, 100, 5225
2026/09/17 10:02:27.143, 155.15, 100, 5225
2026/09/17 10:02:28.143, 157.27, 100, 5225
2026/09/17 10:02:29.143, 162.63, 99, 5225
2026/09/17 10:02:30.144, 155.26, 100, 5225
2026/09/17 10:02:31.144, 155.17, 100, 5225
2026/09/17 10:02:32.144, 162.90, 100, 5225
2026/09/17 10:02:33.144, 157.52, 99, 5225
2026/09/17 10:02:34.145, 155.37, 100, 5225
2026/09/17 10:02:35.153, 160.63, 99, 5225
2026/09/17 10:02:36.153, 160.21, 99, 5225
2026/09/17 10:02:37.154, 155.37, 99, 5225
2026/09/17 10:02:38.154, 158.16, 99, 5225
2026/09/17 10:02:39.154, 161.98, 100, 5225
2026/09/17 10:02:40.163, 155.15, 99, 5225
2026/09/17 10:02:41.163, 155.88, 98, 5225
2026/09/17 10:02:42.163, 164.45, 99, 5225
2026/09/17 10:02:43.163, 157.10, 100, 5225
2026/09/17 10:02:44.163, 155.33, 99, 5225
2026/09/17 10:02:45.172, 161.85, 100, 5225
2026/09/17 10:02:46.172, 158.10, 100, 5225
2026/09/17 10:02:47.172, 155.07, 100, 5225
2026/09/17 10:02:48.173, 158.72, 100, 5225
2026/09/17 10:02:49.173, 160.61, 99, 5225
2026/09/17 10:02:50.181, 155.18, 100, 5225
2026/09/17 10:02:51.182, 156.52, 99, 5225
2026/09/17 10:02:52.182, 162.86, 99, 5225
2026/09/17 10:02:53.182, 155.08, 99, 5225
2026/09/17 10:02:54.182, 155.00, 100, 5225
2026/09/17 10:02:55.191, 162.11, 99, 5225
2026/09/17 10:02:56.191, 157.32, 99, 5225
2026/09/17 10:02:57.191, 154.86, 99, 5225
2026/09/17 10:02:58.191, 80.04, 0, 5225
2026/09/17 10:02:59.192, 84.98, 100, 5225
2026/09/17 10:03:00.192, 157.54, 100, 5225
2026/09/17 10:03:01.192, 156.66, 98, 5225
2026/09/17 10:03:02.192, 157.38, 100, 5225
2026/09/17 10:03:03.192, 157.05, 100, 5225
2026/09/17 10:03:04.193, 156.56, 98, 5225
2026/09/17 10:03:05.193, 156.23, 100, 5225
2026/09/17 10:03:06.193, 157.18, 100, 5225
2026/09/17 10:03:07.193, 157.18, 98, 5225
2026/09/17 10:03:08.193, 157.15, 100, 5225
2026/09/17 10:03:09.193, 157.37, 100, 5225
2026/09/17 10:03:10.194, 156.02, 98, 5225
2026/09/17 10:03:11.194, 157.87, 100, 5225
2026/09/17 10:03:12.194, 157.21, 99, 5225
2026/09/17 10:03:13.194, 156.53, 98, 5225
2026/09/17 10:03:14.194, 157.13, 100, 5225
2026/09/17 10:03:15.195, 156.17, 91, 5225
2026/09/17 10:03:16.195, 156.24, 99, 5225
2026/09/17 10:03:17.195, 158.07, 100, 5225
2026/09/17 10:03:18.195, 157.75, 98, 5225
2026/09/17 10:03:19.195, 157.27, 98, 5225
2026/09/17 10:03:20.196, 158.18, 100, 5225
2026/09/17 10:03:21.196, 157.59, 99, 5225
2026/09/17 10:03:22.196, 156.87, 98, 5225
2026/09/17 10:03:23.196, 157.42, 100, 5225
2026/09/17 10:03:24.196, 157.42, 99, 5225
2026/09/17 10:03:25.197, 157.00, 98, 5225
2026/09/17 10:03:26.197, 158.04, 100, 5225
2026/09/17 10:03:27.197, 158.03, 99, 5225
2026/09/17 10:03:28.197, 156.39, 98, 5225
2026/09/17 10:03:29.197, 157.44, 100, 5225
2026/09/17 10:03:30.198, 157.75, 99, 5225
2026/09/17 10:03:31.198, 156.01, 99, 5225
2026/09/17 10:03:32.198, 157.21, 100, 5225
2026/09/17 10:03:33.198, 157.27, 98, 5225
2026/09/17 10:03:34.198, 157.08, 100, 5225
2026/09/17 10:03:35.199, 157.32, 100, 5225
2026/09/17 10:03:36.199, 155.58, 98, 5225
2026/09/17 10:03:37.199, 157.18, 100, 5225
2026/09/17 10:03:38.199, 156.97, 100, 5225
2026/09/17 10:03:39.199, 157.17, 98, 5225
2026/09/17 10:03:40.200, 157.21, 100, 5225
2026/09/17 10:03:41.200, 157.45, 100, 5225
2026/09/17 10:03:42.200, 157.44, 98, 5225
2026/09/17 10:03:43.200, 157.39, 100, 5225
2026/09/17 10:03:44.201, 157.49, 100, 5225
2026/09/17 10:03:45.201, 156.94, 98, 5225
2026/09/17 10:03:46.201, 155.95, 100, 5225
2026/09/17 10:03:47.201, 157.73, 100, 5225
2026/09/17 10:03:48.201, 157.02, 98, 5225
2026/09/17 10:03:49.201, 158.17, 100, 5225
2026/09/17 10:03:50.202, 157.85, 100, 5225
2026/09/17 10:03:51.202, 156.38, 89, 5225
2026/09/17 10:03:52.202, 156.49, 100, 5225
2026/09/17 10:03:53.202, 157.90, 100, 5225
2026/09/17 10:03:54.202, 157.30, 98, 5225
2026/09/17 10:03:55.202, 157.45, 100, 5225
2026/09/17 10:03:56.203, 157.98, 100, 5225
2026/09/17 10:03:57.203, 157.25, 98, 5225
2026/09/17 10:03:58.203, 157.45, 100, 5225
2026/09/17 10:03:59.203, 157.94, 100, 5225
2026/09/17 10:04:00.203, 157.25, 98, 5225
2026/09/17 10:04:01.204, 157.59, 100, 5225
2026/09/17 10:04:02.204, 157.91, 100, 5225
2026/09/17 10:04:03.204, 157.93, 98, 5225
2026/09/17 10:04:04.204, 158.13, 100, 5225
2026/09/17 10:04:05.204, 157.98, 100, 5225
2026/09/17 10:04:06.205, 157.47, 98, 5225
2026/09/17 10:04:07.205, 157.68, 100, 5225
2026/09/17 10:04:08.205, 158.05, 100, 5225
2026/09/17 10:04:09.205, 157.60, 98, 5225
2026/09/17 10:04:10.205, 157.54, 100, 5225
2026/09/17 10:04:11.205, 157.92, 100, 5225
2026/09/17 10:04:12.206, 158.03, 98, 5225
2026/09/17 10:04:13.206, 157.82, 100, 5225
2026/09/17 10:04:14.206, 157.76, 100, 5225
2026/09/17 10:04:15.206, 157.41, 98, 5225
2026/09/17 10:04:16.207, 158.05, 100, 5225
2026/09/17 10:04:17.215, 157.95, 100, 5225
2026/09/17 10:04:18.215, 158.05, 98, 5225
2026/09/17 10:04:19.216, 158.82, 100, 5225
2026/09/17 10:04:20.216, 158.44, 100, 5225
2026/09/17 10:04:21.216, 157.38, 98, 5225
2026/09/17 10:04:22.216, 157.65, 100, 5225
2026/09/17 10:04:23.217, 157.77, 100, 5225
2026/09/17 10:04:24.217, 157.08, 98, 5225
2026/09/17 10:04:25.217, 158.03, 100, 5225
2026/09/17 10:04:26.217, 156.78, 100, 5225
2026/09/17 10:04:27.217, 157.45, 98, 5225
2026/09/17 10:04:28.218, 157.56, 100, 5225
2026/09/17 10:04:29.218, 157.75, 100, 5225
2026/09/17 10:04:30.218, 157.13, 98, 5225
2026/09/17 10:04:31.218, 157.56, 100, 5225
2026/09/17 10:04:32.218, 158.13, 100, 5225
2026/09/17 10:04:33.219, 157.42, 98, 5225
2026/09/17 10:04:34.219, 157.88, 100, 5225
2026/09/17 10:04:35.219, 157.93, 100, 5225
2026/09/17 10:04:36.219, 156.43, 98, 5225
2026/09/17 10:04:37.219, 157.59, 100, 5225
2026/09/17 10:04:38.220, 157.90, 100, 5225
2026/09/17 10:04:39.220, 157.63, 98, 5225
2026/09/17 10:04:40.220, 157.87, 100, 5225
2026/09/17 10:04:41.220, 157.14, 90, 5225
2026/09/17 10:04:42.220, 156.99, 99, 5225
2026/09/17 10:04:43.220, 157.61, 100, 5225
2026/09/17 10:04:44.221, 157.48, 98, 5225
2026/09/17 10:04:45.221, 157.87, 100, 5225
2026/09/17 10:04:46.221, 157.45, 100, 5225
2026/09/17 10:04:47.221, 156.79, 98, 5225
2026/09/17 10:04:48.221, 158.19, 100, 5225
2026/09/17 10:04:49.222, 157.73, 100, 5225
2026/09/17 10:04:50.222, 157.71, 98, 5225
2026/09/17 10:04:51.222, 158.13, 100, 5225
2026/09/17 10:04:52.222, 157.77, 100, 5225
2026/09/17 10:04:53.222, 157.27, 98, 5225
2026/09/17 10:04:54.223, 157.84, 100, 5225
2026/09/17 10:04:55.223, 157.87, 100, 5225
2026/09/17 10:04:56.223, 157.59, 98, 5225
2026/09/17 10:04:57.223, 157.16, 100, 5225
2026/09/17 10:04:58.223, 157.64, 100, 5225
2026/09/17 10:04:59.224, 157.12, 98, 5225
2026/09/17 10:05:00.224, 157.95, 100, 5225
2026/09/17 10:05:01.224, 157.52, 100, 5225
2026/09/17 10:05:02.224, 157.38, 98, 5225
2026/09/17 10:05:03.224, 157.94, 100, 5225
2026/09/17 10:05:04.225, 157.79, 100, 5225
2026/09/17 10:05:05.225, 157.05, 98, 5225
2026/09/17 10:05:06.225, 157.89, 100, 5225
2026/09/17 10:05:07.225, 157.50, 100, 5225
2026/09/17 10:05:08.226, 157.41, 98, 5225
2026/09/17 10:05:09.226, 157.92, 100, 5225
2026/09/17 10:05:10.226, 157.63, 100, 5225
2026/09/17 10:05:11.226, 157.18, 98, 5225
2026/09/17 10:05:12.227, 157.74, 100, 5225
2026/09/17 10:05:13.227, 157.68, 100, 5225
2026/09/17 10:05:14.227, 157.14, 98, 5225
2026/09/17 10:05:15.227, 157.89, 100, 5225
2026/09/17 10:05:16.227, 157.69, 100, 5225
2026/09/17 10:05:17.236, 157.24, 98, 5225
2026/09/17 10:05:18.236, 157.94, 100, 5225
2026/09/17 10:05:19.237, 158.07, 100, 5225
2026/09/17 10:05:20.237, 158.20, 98, 5225
2026/09/17 10:05:21.237, 158.53, 100, 5225
2026/09/17 10:05:22.237, 157.55, 100, 5225
2026/09/17 10:05:23.237, 157.42, 98, 5225
2026/09/17 10:05:24.238, 158.08, 100, 5225
2026/09/17 10:05:25.238, 157.53, 100, 5225
2026/09/17 10:05:26.238, 158.14, 98, 5225
2026/09/17 10:05:27.238, 158.20, 100, 5225
2026/09/17 10:05:28.238, 157.71, 100, 5225
2026/09/17 10:05:29.239, 157.11, 98, 5225
2026/09/17 10:05:30.239, 157.87, 100, 5225
2026/09/17 10:05:31.239, 157.82, 100, 5225
2026/09/17 10:05:32.239, 157.06, 98, 5225
2026/09/17 10:05:33.240, 157.86, 100, 5225
2026/09/17 10:05:34.240, 158.12, 100, 5225
2026/09/17 10:05:35.240, 157.52, 98, 5225
2026/09/17 10:05:36.240, 158.09, 100, 5225
2026/09/17 10:05:37.249, 157.73, 100, 5225
2026/09/17 10:05:38.249, 157.33, 98, 5225
2026/09/17 10:05:39.249, 157.96, 100, 5225
2026/09/17 10:05:40.249, 158.13, 100, 5225
2026/09/17 10:05:41.250, 157.07, 98, 5225
2026/09/17 10:05:42.250, 157.86, 100, 5225
2026/09/17 10:05:43.250, 157.81, 100, 5225
2026/09/17 10:05:44.250, 157.74, 98, 5225
2026/09/17 10:05:45.250, 158.09, 100, 5225
2026/09/17 10:05:46.251, 157.87, 100, 5225
2026/09/17 10:05:47.251, 157.45, 98, 5225
2026/09/17 10:05:48.251, 158.07, 100, 5225
2026/09/17 10:05:49.251, 157.85, 100, 5225
2026/09/17 10:05:50.251, 157.52, 98, 5225
2026/09/17 10:05:51.252, 158.93, 100, 5225
2026/09/17 10:05:52.252, 157.51, 100, 5225
2026/09/17 10:05:53.252, 157.18, 98, 5225
2026/09/17 10:05:54.252, 157.92, 100, 5225
2026/09/17 10:05:55.252, 157.50, 100, 5225
2026/09/17 10:05:56.253, 158.03, 98, 5225
2026/09/17 10:05:57.253, 158.14, 100, 5225
2026/09/17 10:05:58.253, 157.91, 100, 5225
2026/09/17 10:05:59.253, 158.32, 98, 5225
2026/09/17 10:06:00.254, 157.84, 100, 5225
2026/09/17 10:06:01.254, 157.21, 100, 5225
2026/09/17 10:06:02.254, 157.18, 98, 5225
2026/09/17 10:06:03.254, 158.20, 100, 5225
2026/09/17 10:06:04.254, 157.82, 100, 5225
2026/09/17 10:06:05.255, 158.13, 98, 5225
2026/09/17 10:06:06.255, 157.79, 100, 5225
2026/09/17 10:06:07.255, 157.88, 100, 5225
2026/09/17 10:06:08.255, 157.07, 98, 5225
2026/09/17 10:06:09.256, 157.71, 100, 5225
2026/09/17 10:06:10.256, 157.68, 100, 5225
2026/09/17 10:06:11.256, 156.87, 98, 5225
2026/09/17 10:06:12.256, 157.92, 100, 5225
2026/09/17 10:06:13.257, 157.54, 100, 5225
2026/09/17 10:06:14.257, 158.34, 98, 5225
2026/09/17 10:06:15.257, 158.34, 100, 5225
2026/09/17 10:06:16.257, 157.83, 100, 5225
2026/09/17 10:06:17.257, 155.74, 98, 5225
2026/09/17 10:06:18.258, 157.99, 100, 5225
2026/09/17 10:06:19.258, 157.51, 100, 5225
2026/09/17 10:06:20.258, 157.11, 98, 5225
2026/09/17 10:06:21.258, 158.40, 100, 5225
2026/09/17 10:06:22.258, 156.37, 98, 5225
2026/09/17 10:06:23.259, 157.45, 98, 5225
2026/09/17 10:06:24.259, 158.04, 100, 5225
2026/09/17 10:06:25.259, 157.65, 98, 5225
2026/09/17 10:06:26.259, 157.44, 98, 5225
2026/09/17 10:06:27.259, 156.73, 100, 5225
2026/09/17 10:06:28.260, 156.99, 98, 5225
2026/09/17 10:06:29.260, 157.30, 100, 5225
2026/09/17 10:06:30.260, 157.48, 100, 5225
2026/09/17 10:06:31.260, 156.51, 98, 5225
2026/09/17 10:06:32.260, 157.34, 100, 5225
2026/09/17 10:06:33.261, 156.62, 100, 5225
2026/09/17 10:06:34.261, 156.77, 98, 5225
2026/09/17 10:06:35.261, 157.38, 100, 5225
2026/09/17 10:06:36.261, 157.39, 100, 5225
2026/09/17 10:06:37.261, 156.73, 98, 5225
2026/09/17 10:06:38.262, 156.34, 100, 5225
2026/09/17 10:06:39.262, 157.68, 100, 5225
2026/09/17 10:06:40.262, 156.84, 98, 5225
2026/09/17 10:06:41.262, 157.35, 100, 5225
2026/09/17 10:06:42.262, 157.41, 100, 5225
2026/09/17 10:06:43.271, 156.40, 98, 5225
2026/09/17 10:06:44.271, 158.01, 100, 5225
2026/09/17 10:06:45.272, 157.60, 100, 5225
2026/09/17 10:06:46.272, 156.63, 98, 5225
2026/09/17 10:06:47.272, 157.19, 100, 5225
2026/09/17 10:06:48.281, 157.54, 100, 5225
2026/09/17 10:06:49.281, 156.70, 98, 5225
2026/09/17 10:06:50.281, 157.61, 100, 5225
2026/09/17 10:06:51.281, 157.60, 100, 5225
2026/09/17 10:06:52.282, 156.78, 98, 5225
2026/09/17 10:06:53.284, 156.68, 100, 5225
2026/09/17 10:06:54.284, 157.65, 98, 5225
2026/09/17 10:06:55.284, 157.44, 99, 5225
2026/09/17 10:06:56.284, 156.80, 100, 5225
2026/09/17 10:06:57.284, 163.09, 100, 5225
2026/09/17 10:06:58.285, 155.47, 99, 5225
2026/09/17 10:06:59.285, 154.81, 99, 5225
2026/09/17 10:07:00.285, 161.58, 99, 5225
2026/09/17 10:07:01.285, 157.80, 100, 5225
2026/09/17 10:07:02.285, 154.77, 99, 5225
2026/09/17 10:07:03.286, 159.37, 99, 5225
2026/09/17 10:07:04.286, 160.34, 100, 5225
2026/09/17 10:07:05.286, 155.02, 100, 5225
2026/09/17 10:07:06.286, 156.67, 99, 5225
2026/09/17 10:07:07.287, 162.48, 99, 5225
2026/09/17 10:07:08.295, 155.29, 100, 5225
2026/09/17 10:07:09.295, 154.97, 100, 5225
2026/09/17 10:07:10.296, 162.30, 99, 5225
2026/09/17 10:07:11.296, 157.03, 99, 5225
2026/09/17 10:07:12.296, 155.07, 100, 5225
2026/09/17 10:07:13.296, 160.66, 100, 5225
2026/09/17 10:07:14.296, 159.83, 100, 5225
2026/09/17 10:07:15.297, 155.18, 99, 5225
2026/09/17 10:07:16.297, 157.81, 99, 5225
2026/09/17 10:07:17.297, 162.63, 100, 5225
2026/09/17 10:07:18.297, 155.25, 100, 5225
2026/09/17 10:07:19.297, 155.36, 98, 5225
2026/09/17 10:07:20.298, 162.55, 99, 5225
2026/09/17 10:07:21.298, 156.29, 100, 5225
2026/09/17 10:07:22.298, 154.95, 100, 5225
2026/09/17 10:07:23.298, 160.40, 99, 5225
2026/09/17 10:07:24.298, 159.04, 99, 5225
2026/09/17 10:07:25.299, 155.20, 100, 5225
2026/09/17 10:07:26.299, 158.65, 100, 5225
2026/09/17 10:07:27.299, 161.78, 99, 5225
2026/09/17 10:07:28.299, 155.07, 99, 5225
2026/09/17 10:07:29.300, 155.91, 100, 5225
2026/09/17 10:07:30.300, 163.14, 100, 5225
2026/09/17 10:07:31.300, 155.46, 99, 5225
2026/09/17 10:07:32.300, 154.86, 99, 5225
2026/09/17 10:07:33.300, 58.49, 7, 5225
2026/09/17 10:07:34.301, 119.54, 100, 5225
2026/09/17 10:07:35.301, 157.12, 98, 5225
2026/09/17 10:07:36.301, 157.82, 100, 5225
2026/09/17 10:07:37.301, 157.69, 100, 5225
2026/09/17 10:07:38.301, 157.71, 98, 5225
2026/09/17 10:07:39.302, 157.38, 100, 5225
2026/09/17 10:07:40.302, 157.74, 100, 5225
2026/09/17 10:07:41.302, 157.93, 98, 5225
2026/09/17 10:07:42.302, 157.94, 100, 5225
2026/09/17 10:07:43.303, 157.82, 100, 5225
2026/09/17 10:07:44.303, 157.62, 98, 5225
2026/09/17 10:07:45.303, 157.99, 100, 5225
2026/09/17 10:07:46.303, 157.95, 100, 5225
2026/09/17 10:07:47.304, 157.35, 98, 5225
2026/09/17 10:07:48.304, 158.06, 100, 5225
2026/09/17 10:07:49.304, 158.09, 100, 5225
2026/09/17 10:07:50.304, 157.91, 98, 5225
2026/09/17 10:07:51.304, 158.01, 100, 5225
2026/09/17 10:07:52.304, 158.16, 100, 5225
2026/09/17 10:07:53.305, 156.56, 98, 5225
2026/09/17 10:07:54.305, 157.51, 100, 5225
2026/09/17 10:07:55.305, 157.62, 100, 5225
2026/09/17 10:07:56.305, 157.23, 98, 5225
2026/09/17 10:07:57.306, 157.13, 100, 5225
2026/09/17 10:07:58.306, 157.58, 100, 5225
2026/09/17 10:07:59.306, 156.99, 98, 5225
2026/09/17 10:08:00.306, 157.16, 100, 5225
2026/09/17 10:08:01.306, 157.48, 100, 5225
2026/09/17 10:08:02.307, 157.01, 98, 5225
2026/09/17 10:08:03.307, 156.19, 100, 5225
2026/09/17 10:08:04.307, 157.66, 100, 5225
2026/09/17 10:08:05.307, 156.80, 98, 5225
2026/09/17 10:08:06.307, 157.29, 100, 5225
2026/09/17 10:08:07.307, 157.60, 100, 5225
2026/09/17 10:08:08.308, 155.50, 89, 5225
2026/09/17 10:08:09.308, 156.57, 100, 5225
2026/09/17 10:08:10.308, 157.81, 100, 5225
2026/09/17 10:08:11.308, 157.56, 97, 5225
2026/09/17 10:08:12.308, 157.83, 100, 5225
2026/09/17 10:08:13.309, 157.90, 100, 5225
2026/09/17 10:08:14.309, 155.34, 98, 5225
2026/09/17 10:08:15.309, 156.98, 100, 5225
2026/09/17 10:08:16.309, 157.17, 99, 5225
2026/09/17 10:08:17.310, 157.01, 98, 5225
2026/09/17 10:08:18.310, 157.68, 100, 5225
2026/09/17 10:08:19.310, 157.33, 98, 5225
2026/09/17 10:08:20.310, 157.41, 100, 5225
2026/09/17 10:08:21.310, 157.29, 100, 5225
2026/09/17 10:08:22.311, 157.71, 98, 5225
2026/09/17 10:08:23.311, 157.44, 100, 5225
2026/09/17 10:08:24.311, 156.25, 100, 5225
2026/09/17 10:08:25.311, 157.40, 98, 5225
2026/09/17 10:08:26.311, 157.46, 100, 5225
2026/09/17 10:08:27.312, 157.40, 100, 5225
2026/09/17 10:08:28.312, 157.37, 98, 5225
2026/09/17 10:08:29.312, 156.77, 100, 5225
2026/09/17 10:08:30.312, 157.26, 100, 5225
2026/09/17 10:08:31.313, 156.76, 98, 5225
2026/09/17 10:08:32.313, 157.39, 100, 5225
2026/09/17 10:08:33.313, 157.28, 100, 5225
2026/09/17 10:08:34.313, 155.86, 90, 5225
2026/09/17 10:08:35.314, 156.63, 100, 5225
2026/09/17 10:08:36.314, 157.46, 100, 5225
2026/09/17 10:08:37.314, 158.32, 98, 5225
2026/09/17 10:08:38.314, 158.04, 100, 5225
2026/09/17 10:08:39.315, 158.30, 100, 5225
2026/09/17 10:08:40.315, 157.50, 98, 5225
2026/09/17 10:08:41.315, 158.16, 100, 5225
2026/09/17 10:08:42.315, 157.75, 100, 5225
2026/09/17 10:08:43.315, 158.20, 98, 5225
2026/09/17 10:08:44.316, 158.63, 100, 5225
2026/09/17 10:08:45.316, 157.92, 100, 5225
2026/09/17 10:08:46.316, 157.82, 98, 5225
2026/09/17 10:08:47.316, 158.69, 100, 5225
2026/09/17 10:08:48.316, 158.14, 100, 5225
2026/09/17 10:08:49.317, 157.45, 98, 5225
2026/09/17 10:08:50.317, 157.97, 100, 5225
2026/09/17 10:08:51.317, 158.10, 100, 5225
2026/09/17 10:08:52.317, 157.61, 98, 5225
2026/09/17 10:08:53.317, 157.92, 100, 5225
2026/09/17 10:08:54.318, 157.81, 100, 5225
2026/09/17 10:08:55.318, 157.62, 98, 5225
2026/09/17 10:08:56.318, 157.78, 100, 5225
2026/09/17 10:08:57.318, 157.65, 100, 5225
2026/09/17 10:08:58.318, 157.95, 98, 5225
2026/09/17 10:08:59.319, 157.73, 100, 5225
2026/09/17 10:09:00.319, 157.74, 100, 5225
2026/09/17 10:09:01.319, 157.69, 98, 5225
2026/09/17 10:09:02.319, 158.38, 100, 5225
2026/09/17 10:09:03.319, 157.98, 100, 5225
2026/09/17 10:09:04.320, 157.84, 98, 5225
2026/09/17 10:09:05.320, 158.79, 100, 5225
2026/09/17 10:09:06.320, 157.83, 100, 5225
2026/09/17 10:09:07.320, 157.47, 98, 5225
2026/09/17 10:09:08.321, 158.89, 100, 5225
2026/09/17 10:09:09.321, 157.96, 100, 5225
2026/09/17 10:09:10.330, 157.37, 98, 5225
2026/09/17 10:09:11.330, 158.69, 100, 5225
2026/09/17 10:09:12.330, 157.97, 100, 5225
2026/09/17 10:09:13.330, 157.38, 98, 5225
2026/09/17 10:09:14.330, 157.86, 100, 5225
2026/09/17 10:09:15.331, 157.58, 100, 5225
2026/09/17 10:09:16.331, 157.34, 98, 5225
2026/09/17 10:09:17.331, 158.30, 100, 5225
2026/09/17 10:09:18.331, 158.01, 100, 5225
2026/09/17 10:09:19.331, 157.67, 98, 5225
2026/09/17 10:09:20.332, 157.95, 100, 5225
2026/09/17 10:09:21.332, 158.21, 100, 5225
2026/09/17 10:09:22.332, 157.47, 98, 5225
2026/09/17 10:09:23.332, 157.75, 100, 5225
2026/09/17 10:09:24.332, 157.69, 100, 5225
2026/09/17 10:09:25.333, 157.77, 98, 5225
2026/09/17 10:09:26.333, 158.58, 100, 5225
2026/09/17 10:09:27.333, 157.84, 100, 5225
2026/09/17 10:09:28.333, 157.99, 98, 5225
2026/09/17 10:09:29.333, 158.24, 100, 5225
2026/09/17 10:09:30.334, 158.08, 100, 5225
2026/09/17 10:09:31.334, 157.53, 98, 5225
2026/09/17 10:09:32.334, 158.36, 100, 5225
2026/09/17 10:09:33.334, 156.73, 100, 5225
2026/09/17 10:09:34.334, 157.24, 98, 5225
2026/09/17 10:09:35.334, 158.03, 100, 5225
2026/09/17 10:09:36.335, 157.70, 100, 5225
2026/09/17 10:09:37.335, 157.70, 98, 5225
2026/09/17 10:09:38.335, 157.31, 100, 5225
2026/09/17 10:09:39.335, 157.69, 98, 5225
2026/09/17 10:09:40.335, 157.79, 99, 5225
2026/09/17 10:09:41.336, 157.85, 100, 5225
2026/09/17 10:09:42.336, 157.55, 98, 5225
2026/09/17 10:09:43.336, 157.93, 100, 5225
2026/09/17 10:09:44.336, 157.09, 100, 5225
2026/09/17 10:09:45.336, 157.22, 98, 5225
2026/09/17 10:09:46.337, 158.08, 100, 5225
2026/09/17 10:09:47.337, 158.19, 100, 5225
2026/09/17 10:09:48.337, 157.17, 98, 5225
2026/09/17 10:09:49.337, 158.05, 100, 5225
2026/09/17 10:09:50.337, 158.22, 100, 5225
2026/09/17 10:09:51.338, 157.27, 98, 5225
2026/09/17 10:09:52.338, 158.03, 100, 5225
2026/09/17 10:09:53.338, 158.20, 100, 5225
2026/09/17 10:09:54.338, 156.27, 98, 5225
2026/09/17 10:09:55.338, 158.06, 100, 5225
2026/09/17 10:09:56.339, 158.22, 100, 5225
2026/09/17 10:09:57.339, 157.27, 98, 5225
2026/09/17 10:09:58.339, 158.03, 100, 5225
2026/09/17 10:09:59.339, 156.79, 100, 5225
2026/09/17 10:10:00.339, 157.07, 98, 5225
2026/09/17 10:10:01.340, 158.46, 100, 5225
2026/09/17 10:10:02.340, 158.18, 100, 5225
2026/09/17 10:10:03.340, 157.57, 98, 5225
2026/09/17 10:10:04.340, 158.44, 100, 5225
2026/09/17 10:10:05.340, 157.95, 100, 5225
2026/09/17 10:10:06.341, 157.09, 98, 5225
2026/09/17 10:10:07.341, 157.96, 100, 5225
2026/09/17 10:10:08.341, 158.32, 100, 5225
2026/09/17 10:10:09.341, 157.24, 98, 5225
2026/09/17 10:10:10.341, 158.17, 100, 5225
2026/09/17 10:10:11.342, 158.24, 100, 5225
2026/09/17 10:10:12.342, 157.59, 98, 5225
2026/09/17 10:10:13.342, 158.69, 100, 5225
2026/09/17 10:10:14.342, 157.86, 100, 5225
2026/09/17 10:10:15.343, 157.16, 98, 5225
2026/09/17 10:10:16.343, 158.13, 100, 5225
2026/09/17 10:10:17.343, 158.08, 100, 5225
2026/09/17 10:10:18.343, 158.08, 98, 5225
2026/09/17 10:10:19.343, 158.74, 100, 5225
2026/09/17 10:10:20.344, 158.20, 100, 5225
2026/09/17 10:10:21.344, 157.70, 98, 5225
2026/09/17 10:10:22.344, 158.29, 100, 5225
2026/09/17 10:10:23.344, 158.47, 100, 5225
2026/09/17 10:10:24.344, 157.32, 98, 5225
2026/09/17 10:10:25.345, 157.93, 100, 5225
2026/09/17 10:10:26.345, 157.96, 100, 5225
2026/09/17 10:10:27.345, 157.15, 98, 5225
2026/09/17 10:10:28.345, 157.86, 100, 5225
2026/09/17 10:10:29.345, 158.49, 100, 5225
2026/09/17 10:10:30.346, 156.91, 98, 5225
2026/09/17 10:10:31.346, 157.99, 100, 5225
2026/09/17 10:10:32.346, 157.88, 100, 5225
2026/09/17 10:10:33.346, 157.12, 98, 5225
2026/09/17 10:10:34.347, 158.13, 100, 5225
2026/09/17 10:10:35.347, 157.77, 100, 5225
2026/09/17 10:10:36.347, 157.83, 98, 5225
2026/09/17 10:10:37.355, 158.64, 100, 5225
2026/09/17 10:10:38.356, 158.03, 100, 5225
2026/09/17 10:10:39.356, 157.07, 98, 5225
2026/09/17 10:10:40.356, 158.53, 100, 5225
2026/09/17 10:10:41.356, 158.29, 100, 5225
2026/09/17 10:10:42.356, 158.07, 98, 5225
2026/09/17 10:10:43.357, 158.87, 100, 5225
2026/09/17 10:10:44.357, 158.01, 100, 5225
2026/09/17 10:10:45.357, 156.93, 98, 5225
2026/09/17 10:10:46.357, 158.64, 100, 5225
2026/09/17 10:10:47.357, 158.11, 100, 5225
2026/09/17 10:10:48.358, 157.82, 98, 5225
2026/09/17 10:10:49.358, 157.89, 100, 5225
2026/09/17 10:10:50.358, 158.08, 100, 5225
2026/09/17 10:10:51.358, 157.74, 98, 5225
2026/09/17 10:10:52.358, 158.76, 100, 5225
2026/09/17 10:10:53.359, 157.75, 100, 5225
2026/09/17 10:10:54.359, 157.15, 98, 5225
2026/09/17 10:10:55.359, 158.65, 100, 5225
2026/09/17 10:10:56.359, 157.93, 100, 5225
2026/09/17 10:10:57.359, 157.40, 98, 5225
2026/09/17 10:10:58.360, 158.11, 100, 5225
2026/09/17 10:10:59.360, 158.14, 100, 5225
2026/09/17 10:11:00.360, 157.04, 98, 5225
2026/09/17 10:11:01.360, 158.36, 100, 5225
2026/09/17 10:11:02.360, 158.24, 100, 5225
2026/09/17 10:11:03.360, 157.24, 98, 5225
2026/09/17 10:11:04.361, 157.84, 100, 5225
2026/09/17 10:11:05.361, 157.84, 100, 5225
2026/09/17 10:11:06.361, 157.16, 98, 5225
2026/09/17 10:11:07.361, 156.93, 100, 5225
2026/09/17 10:11:08.361, 157.75, 100, 5225
2026/09/17 10:11:09.362, 157.11, 98, 5225
2026/09/17 10:11:10.362, 157.94, 100, 5225
2026/09/17 10:11:11.362, 157.86, 100, 5225
2026/09/17 10:11:12.362, 155.74, 90, 5225
2026/09/17 10:11:13.362, 156.64, 100, 5225
2026/09/17 10:11:14.363, 157.50, 98, 5225
2026/09/17 10:11:15.363, 157.47, 99, 5225
2026/09/17 10:11:16.363, 157.56, 100, 5225
2026/09/17 10:11:17.363, 157.70, 98, 5225
2026/09/17 10:11:18.363, 156.72, 100, 5225
2026/09/17 10:11:19.363, 158.02, 100, 5225
2026/09/17 10:11:20.364, 157.32, 98, 5225
2026/09/17 10:11:21.364, 158.17, 100, 5225
2026/09/17 10:11:22.364, 157.62, 100, 5225
2026/09/17 10:11:23.364, 157.66, 98, 5225
2026/09/17 10:11:24.364, 157.82, 100, 5225
2026/09/17 10:11:25.365, 158.30, 100, 5225
2026/09/17 10:11:26.365, 157.69, 98, 5225
2026/09/17 10:11:27.365, 157.81, 100, 5225
2026/09/17 10:11:28.365, 157.54, 100, 5225
2026/09/17 10:11:29.366, 157.33, 98, 5225
2026/09/17 10:11:30.366, 157.88, 100, 5225
2026/09/17 10:11:31.366, 158.17, 99, 5225
2026/09/17 10:11:32.366, 161.43, 100, 5225
2026/09/17 10:11:33.366, 154.88, 99, 5225
2026/09/17 10:11:34.367, 155.85, 100, 5225
2026/09/17 10:11:35.367, 163.12, 99, 5225
2026/09/17 10:11:36.367, 156.57, 100, 5225
2026/09/17 10:11:37.367, 155.12, 99, 5225
2026/09/17 10:11:38.367, 160.88, 100, 5225
2026/09/17 10:11:39.368, 158.48, 100, 5225
2026/09/17 10:11:40.368, 155.36, 100, 5225
2026/09/17 10:11:41.368, 159.10, 100, 5225
2026/09/17 10:11:42.368, 160.45, 99, 5225
2026/09/17 10:11:43.368, 155.12, 100, 5225
2026/09/17 10:11:44.369, 156.60, 99, 5225
2026/09/17 10:11:45.369, 162.67, 99, 5225
2026/09/17 10:11:46.369, 155.21, 99, 5225
2026/09/17 10:11:47.369, 155.19, 100, 5225
2026/09/17 10:11:48.369, 161.66, 99, 5225
2026/09/17 10:11:49.370, 157.81, 99, 5225
2026/09/17 10:11:50.370, 155.19, 99, 5225
2026/09/17 10:11:51.370, 159.68, 99, 5225
2026/09/17 10:11:52.370, 159.85, 100, 5225
2026/09/17 10:11:53.370, 155.15, 99, 5225
2026/09/17 10:11:54.371, 157.23, 100, 5225
2026/09/17 10:11:55.371, 162.10, 100, 5225
2026/09/17 10:11:56.371, 155.12, 100, 5225
2026/09/17 10:11:57.371, 155.19, 100, 5225
2026/09/17 10:11:58.371, 162.33, 100, 5225
2026/09/17 10:11:59.371, 156.77, 100, 5225
2026/09/17 10:12:00.372, 155.24, 100, 5225
2026/09/17 10:12:01.372, 160.53, 99, 5225
2026/09/17 10:12:02.372, 159.60, 99, 5225
2026/09/17 10:12:03.372, 155.13, 99, 5225
2026/09/17 10:12:04.373, 157.73, 99, 5225
2026/09/17 10:12:05.373, 161.74, 100, 5225
2026/09/17 10:12:06.373, 154.97, 99, 5225
2026/09/17 10:12:07.373, 144.25, 32, 5225
2026/09/17 10:12:08.373, 28.97, 2, 5225
2026/09/17 10:12:09.374, 141.61, 100, 5225
2026/09/17 10:12:10.374, 157.40, 98, 5225
2026/09/17 10:12:11.374, 157.44, 100, 5225
2026/09/17 10:12:12.374, 157.72, 100, 5225
2026/09/17 10:12:13.374, 157.16, 98, 5225
2026/09/17 10:12:14.375, 157.57, 100, 5225
2026/09/17 10:12:15.375, 157.38, 100, 5225
2026/09/17 10:12:16.375, 156.81, 98, 5225
2026/09/17 10:12:17.375, 157.20, 100, 5225
2026/09/17 10:12:18.384, 157.51, 100, 5225
2026/09/17 10:12:19.384, 156.83, 98, 5225
2026/09/17 10:12:20.384, 157.45, 100, 5225
2026/09/17 10:12:21.384, 157.65, 100, 5225
2026/09/17 10:12:22.385, 156.94, 98, 5225
2026/09/17 10:12:23.385, 157.80, 100, 5225
2026/09/17 10:12:24.385, 157.83, 100, 5225
2026/09/17 10:12:25.385, 157.15, 98, 5225
2026/09/17 10:12:26.385, 157.40, 100, 5225
2026/09/17 10:12:27.386, 157.88, 100, 5225
2026/09/17 10:12:28.386, 157.47, 98, 5225
2026/09/17 10:12:29.386, 157.82, 100, 5225
2026/09/17 10:12:30.386, 157.99, 100, 5225
2026/09/17 10:12:31.387, 156.70, 98, 5225
2026/09/17 10:12:32.387, 157.49, 100, 5225
2026/09/17 10:12:33.387, 157.53, 100, 5225
2026/09/17 10:12:34.387, 157.01, 98, 5225
2026/09/17 10:12:35.387, 157.33, 100, 5225
2026/09/17 10:12:36.388, 157.75, 100, 5225
2026/09/17 10:12:37.388, 157.02, 98, 5225
2026/09/17 10:12:38.388, 157.78, 100, 5225
2026/09/17 10:12:39.388, 157.80, 100, 5225
2026/09/17 10:12:40.388, 157.46, 98, 5225
2026/09/17 10:12:41.389, 157.72, 100, 5225
2026/09/17 10:12:42.389, 157.88, 100, 5225
2026/09/17 10:12:43.389, 156.02, 98, 5225
2026/09/17 10:12:44.389, 157.74, 100, 5225
2026/09/17 10:12:45.389, 157.84, 100, 5225
2026/09/17 10:12:46.390, 157.46, 98, 5225
2026/09/17 10:12:47.390, 157.32, 100, 5225
2026/09/17 10:12:48.390, 156.69, 100, 5225
2026/09/17 10:12:49.390, 156.83, 98, 5225
2026/09/17 10:12:50.390, 157.94, 100, 5225
2026/09/17 10:12:51.390, 157.63, 100, 5225
2026/09/17 10:12:52.391, 156.69, 98, 5225
2026/09/17 10:12:53.391, 157.21, 100, 5225
2026/09/17 10:12:54.391, 156.71, 100, 5225
2026/09/17 10:12:55.391, 156.64, 98, 5225
2026/09/17 10:12:56.391, 157.31, 100, 5225
2026/09/17 10:12:57.392, 157.73, 100, 5225
2026/09/17 10:12:58.392, 156.68, 98, 5225
2026/09/17 10:12:59.392, 157.07, 100, 5225
2026/09/17 10:13:00.392, 157.43, 98, 5225
2026/09/17 10:13:01.392, 157.61, 100, 5225
2026/09/17 10:13:02.393, 157.21, 100, 5225
2026/09/17 10:13:03.393, 157.29, 98, 5225
2026/09/17 10:13:04.393, 157.55, 100, 5225
2026/09/17 10:13:05.393, 157.13, 100, 5225
2026/09/17 10:13:06.393, 157.11, 98, 5225
2026/09/17 10:13:07.394, 157.42, 100, 5225
2026/09/17 10:13:08.394, 157.48, 100, 5225
2026/09/17 10:13:09.394, 157.42, 98, 5225
2026/09/17 10:13:10.394, 157.63, 100, 5225
2026/09/17 10:13:11.395, 157.15, 100, 5225
2026/09/17 10:13:12.395, 156.91, 98, 5225
2026/09/17 10:13:13.395, 157.52, 100, 5225
2026/09/17 10:13:14.395, 157.54, 100, 5225
2026/09/17 10:13:15.395, 157.69, 98, 5225
2026/09/17 10:13:16.396, 157.47, 100, 5225
2026/09/17 10:13:17.396, 157.64, 100, 5225
2026/09/17 10:13:18.396, 156.92, 98, 5225
2026/09/17 10:13:19.396, 157.50, 100, 5225
2026/09/17 10:13:20.396, 157.38, 100, 5225
2026/09/17 10:13:21.397, 156.99, 98, 5225
2026/09/17 10:13:22.397, 157.54, 100, 5225
2026/09/17 10:13:23.397, 157.43, 100, 5225
2026/09/17 10:13:24.397, 157.59, 98, 5225
2026/09/17 10:13:25.398, 157.21, 100, 5225
2026/09/17 10:13:26.398, 157.62, 100, 5225
2026/09/17 10:13:27.398, 156.93, 98, 5225
2026/09/17 10:13:28.398, 158.18, 100, 5225
2026/09/17 10:13:29.398, 157.48, 100, 5225
2026/09/17 10:13:30.399, 156.96, 98, 5225
2026/09/17 10:13:31.399, 157.62, 100, 5225
2026/09/17 10:13:32.399, 157.23, 100, 5225
2026/09/17 10:13:33.399, 156.96, 98, 5225
2026/09/17 10:13:34.399, 157.17, 100, 5225
2026/09/17 10:13:35.400, 157.42, 100, 5225
2026/09/17 10:13:36.400, 156.99, 98, 5225
2026/09/17 10:13:37.400, 158.21, 100, 5225
2026/09/17 10:13:38.400, 157.50, 98, 5225
2026/09/17 10:13:39.400, 157.15, 98, 5225
2026/09/17 10:13:40.401, 157.38, 100, 5225
2026/09/17 10:13:41.401, 157.21, 98, 5225
2026/09/17 10:13:42.401, 157.52, 99, 5225
2026/09/17 10:13:43.401, 157.30, 100, 5225
2026/09/17 10:13:44.401, 157.13, 98, 5225
2026/09/17 10:13:45.401, 157.47, 100, 5225
2026/09/17 10:13:46.402, 157.23, 100, 5225
2026/09/17 10:13:47.402, 157.49, 98, 5225
2026/09/17 10:13:48.402, 157.67, 100, 5225
2026/09/17 10:13:49.402, 157.36, 100, 5225
2026/09/17 10:13:50.402, 156.97, 98, 5225
2026/09/17 10:13:51.403, 157.55, 100, 5225
2026/09/17 10:13:52.403, 157.66, 100, 5225
2026/09/17 10:13:53.403, 157.09, 98, 5225
2026/09/17 10:13:54.403, 157.82, 100, 5225
2026/09/17 10:13:55.404, 157.47, 100, 5225
2026/09/17 10:13:56.404, 157.04, 98, 5225
2026/09/17 10:13:57.404, 157.51, 100, 5225
2026/09/17 10:13:58.404, 157.59, 100, 5225
2026/09/17 10:13:59.404, 156.77, 98, 5225
2026/09/17 10:14:00.405, 157.92, 100, 5225
2026/09/17 10:14:01.405, 157.71, 100, 5225
2026/09/17 10:14:02.405, 156.78, 98, 5225
2026/09/17 10:14:03.405, 157.71, 100, 5225
2026/09/17 10:14:04.405, 157.56, 100, 5225
2026/09/17 10:14:05.406, 156.77, 98, 5225
2026/09/17 10:14:06.406, 157.44, 100, 5225
2026/09/17 10:14:07.406, 157.63, 100, 5225
2026/09/17 10:14:08.406, 157.34, 98, 5225
2026/09/17 10:14:09.406, 157.86, 100, 5225
2026/09/17 10:14:10.407, 157.41, 100, 5225
2026/09/17 10:14:11.407, 156.78, 98, 5225
2026/09/17 10:14:12.407, 157.50, 100, 5225
2026/09/17 10:14:13.407, 157.42, 100, 5225
2026/09/17 10:14:14.407, 157.11, 98, 5225
2026/09/17 10:14:15.408, 157.71, 100, 5225
2026/09/17 10:14:16.408, 157.58, 98, 5225
2026/09/17 10:14:17.408, 157.18, 99, 5225
2026/09/17 10:14:18.408, 157.77, 100, 5225
2026/09/17 10:14:19.408, 156.26, 98, 5225
2026/09/17 10:14:20.409, 157.38, 100, 5225
2026/09/17 10:14:21.409, 157.64, 100, 5225
2026/09/17 10:14:22.409, 157.06, 98, 5225
2026/09/17 10:14:23.409, 157.50, 100, 5225
2026/09/17 10:14:24.409, 157.84, 100, 5225
2026/09/17 10:14:25.409, 157.64, 98, 5225
2026/09/17 10:14:26.410, 157.41, 100, 5225
2026/09/17 10:14:27.410, 157.78, 100, 5225
2026/09/17 10:14:28.410, 157.21, 98, 5225
2026/09/17 10:14:29.410, 157.41, 100, 5225
2026/09/17 10:14:30.411, 157.77, 100, 5225
2026/09/17 10:14:31.411, 156.99, 98, 5225
2026/09/17 10:14:32.411, 157.47, 100, 5225
2026/09/17 10:14:33.411, 157.79, 100, 5225
2026/09/17 10:14:34.411, 157.52, 98, 5225
2026/09/17 10:14:35.412, 157.53, 100, 5225
2026/09/17 10:14:36.412, 157.75, 100, 5225
2026/09/17 10:14:37.412, 157.69, 98, 5225
2026/09/17 10:14:38.412, 157.55, 100, 5225
2026/09/17 10:14:39.412, 156.93, 100, 5225
2026/09/17 10:14:40.412, 157.62, 98, 5225
2026/09/17 10:14:41.413, 156.94, 100, 5225
2026/09/17 10:14:42.413, 158.15, 100, 5225
2026/09/17 10:14:43.413, 158.27, 98, 5225
2026/09/17 10:14:44.413, 157.08, 100, 5225
2026/09/17 10:14:45.413, 158.37, 100, 5225
2026/09/17 10:14:46.414, 157.68, 98, 5225
2026/09/17 10:14:47.414, 157.07, 100, 5225
2026/09/17 10:14:48.414, 158.09, 100, 5225
2026/09/17 10:14:49.414, 157.82, 98, 5225
2026/09/17 10:14:50.414, 156.98, 100, 5225
2026/09/17 10:14:51.415, 157.92, 100, 5225
2026/09/17 10:14:52.415, 157.35, 98, 5225
2026/09/17 10:14:53.415, 157.12, 100, 5225
2026/09/17 10:14:54.415, 158.15, 100, 5225
2026/09/17 10:14:55.415, 157.74, 98, 5225
2026/09/17 10:14:56.416, 157.09, 100, 5225
2026/09/17 10:14:57.416, 158.02, 100, 5225
2026/09/17 10:14:58.416, 157.81, 98, 5225
2026/09/17 10:14:59.416, 157.40, 100, 5225
2026/09/17 10:15:00.416, 157.79, 100, 5225
2026/09/17 10:15:01.417, 157.89, 98, 5225
2026/09/17 10:15:02.417, 156.69, 100, 5225
2026/09/17 10:15:03.417, 157.70, 100, 5225
2026/09/17 10:15:04.417, 157.54, 98, 5225
2026/09/17 10:15:05.417, 157.51, 100, 5225
2026/09/17 10:15:06.418, 157.98, 100, 5225
2026/09/17 10:15:07.418, 157.62, 100, 5225
2026/09/17 10:15:08.418, 157.89, 100, 5225
2026/09/17 10:15:09.418, 157.94, 100, 5225
2026/09/17 10:15:10.418, 157.22, 97, 5225
2026/09/17 10:15:11.419, 157.65, 98, 5225
2026/09/17 10:15:12.419, 157.58, 100, 5225
2026/09/17 10:15:13.419, 157.80, 100, 5225
2026/09/17 10:15:14.419, 157.38, 98, 5225
2026/09/17 10:15:15.419, 157.91, 100, 5225
2026/09/17 10:15:16.420, 157.73, 100, 5225
2026/09/17 10:15:17.420, 156.89, 98, 5225
2026/09/17 10:15:18.420, 157.90, 100, 5225
2026/09/17 10:15:19.420, 157.49, 100, 5225
2026/09/17 10:15:20.420, 157.35, 98, 5225
2026/09/17 10:15:21.421, 158.75, 100, 5225
2026/09/17 10:15:22.421, 157.75, 100, 5225
2026/09/17 10:15:23.421, 157.00, 98, 5225
2026/09/17 10:15:24.430, 158.10, 100, 5225
2026/09/17 10:15:25.430, 157.55, 99, 5225
2026/09/17 10:15:26.430, 157.02, 98, 5225
2026/09/17 10:15:27.430, 158.57, 100, 5225
2026/09/17 10:15:28.431, 158.00, 99, 5225
2026/09/17 10:15:29.439, 157.37, 98, 5225
2026/09/17 10:15:30.439, 158.71, 100, 5225
2026/09/17 10:15:31.440, 158.01, 99, 5225
2026/09/17 10:15:32.440, 157.23, 98, 5225
2026/09/17 10:15:33.440, 157.98, 100, 5225
2026/09/17 10:15:34.440, 157.90, 99, 5225
2026/09/17 10:15:35.440, 157.12, 98, 5225
2026/09/17 10:15:36.441, 158.34, 100, 5225
2026/09/17 10:15:37.441, 157.98, 100, 5225
2026/09/17 10:15:38.441, 157.12, 98, 5225
2026/09/17 10:15:39.441, 158.43, 100, 5225
2026/09/17 10:15:40.441, 157.92, 99, 5225
2026/09/17 10:15:41.442, 156.99, 98, 5225
2026/09/17 10:15:42.442, 158.28, 100, 5225
2026/09/17 10:15:43.442, 157.58, 98, 5225
2026/09/17 10:15:44.451, 157.25, 99, 5225
2026/09/17 10:15:45.451, 157.64, 100, 5225
2026/09/17 10:15:46.451, 157.30, 98, 5225
2026/09/17 10:15:47.451, 157.85, 100, 5225
2026/09/17 10:15:48.451, 158.20, 100, 5225
2026/09/17 10:15:49.457, 158.03, 98, 5225
2026/09/17 10:15:50.457, 157.87, 100, 5225
2026/09/17 10:15:51.457, 158.12, 100, 5225
2026/09/17 10:15:52.458, 157.66, 98, 5225
2026/09/17 10:15:53.458, 157.89, 100, 5225
2026/09/17 10:15:54.458, 158.01, 100, 5225
2026/09/17 10:15:55.458, 157.91, 98, 5225
2026/09/17 10:15:56.458, 157.91, 100, 5225
2026/09/17 10:15:57.459, 157.83, 100, 5225
2026/09/17 10:15:58.459, 157.26, 98, 5225
2026/09/17 10:15:59.459, 156.82, 100, 5225
2026/09/17 10:16:00.459, 157.94, 100, 5225
2026/09/17 10:16:01.459, 157.15, 98, 5225
2026/09/17 10:16:02.459, 157.71, 100, 5225
2026/09/17 10:16:03.460, 157.96, 100, 5225
2026/09/17 10:16:04.460, 155.99, 89, 5225
2026/09/17 10:16:05.460, 156.67, 100, 5225
2026/09/17 10:16:06.460, 159.61, 100, 5225
2026/09/17 10:16:07.460, 159.32, 99, 5225
2026/09/17 10:16:08.461, 154.62, 99, 5225
2026/09/17 10:16:09.461, 157.61, 99, 5225
2026/09/17 10:16:10.461, 162.05, 100, 5225
2026/09/17 10:16:11.461, 154.93, 100, 5225
2026/09/17 10:16:12.461, 155.07, 98, 5225
2026/09/17 10:16:13.461, 162.91, 99, 5225
2026/09/17 10:16:14.462, 157.19, 100, 5225
2026/09/17 10:16:15.462, 155.39, 100, 5225
2026/09/17 10:16:16.462, 161.12, 99, 5225
2026/09/17 10:16:17.462, 158.80, 99, 5225
2026/09/17 10:16:18.462, 155.07, 100, 5225
2026/09/17 10:16:19.463, 158.59, 100, 5225
2026/09/17 10:16:20.463, 161.13, 99, 5225
2026/09/17 10:16:21.463, 155.13, 99, 5225
2026/09/17 10:16:22.463, 156.20, 100, 5225
2026/09/17 10:16:23.464, 163.33, 100, 5225
2026/09/17 10:16:24.464, 156.21, 99, 5225
2026/09/17 10:16:25.472, 155.13, 99, 5225
2026/09/17 10:16:26.473, 161.31, 99, 5225
2026/09/17 10:16:27.473, 157.97, 100, 5225
2026/09/17 10:16:28.473, 155.04, 99, 5225
2026/09/17 10:16:29.473, 158.82, 99, 5225
2026/09/17 10:16:30.482, 160.56, 100, 5225
2026/09/17 10:16:31.482, 155.27, 100, 5225
2026/09/17 10:16:32.482, 156.82, 99, 5225
2026/09/17 10:16:33.483, 163.00, 99, 5225
2026/09/17 10:16:34.483, 155.00, 100, 5225
2026/09/17 10:16:35.483, 155.16, 100, 5225
2026/09/17 10:16:36.483, 163.51, 100, 5225
2026/09/17 10:16:37.483, 157.40, 99, 5225
2026/09/17 10:16:38.484, 155.06, 100, 5225
2026/09/17 10:16:39.484, 160.63, 100, 5225
2026/09/17 10:16:40.484, 159.38, 99, 5225
2026/09/17 10:16:41.484, 155.04, 99, 5225
2026/09/17 10:16:42.485, 109.82, 29, 5225
2026/09/17 10:16:43.485, 61.60, 100, 5225
2026/09/17 10:16:44.485, 157.59, 100, 5225
2026/09/17 10:16:45.485, 156.88, 98, 5225
2026/09/17 10:16:46.485, 157.87, 100, 5225
2026/09/17 10:16:47.486, 157.73, 100, 5225
2026/09/17 10:16:48.486, 156.97, 98, 5225
2026/09/17 10:16:49.486, 157.35, 100, 5225
2026/09/17 10:16:50.486, 157.65, 100, 5225
2026/09/17 10:16:51.486, 156.92, 98, 5225
2026/09/17 10:16:52.487, 157.63, 100, 5225
2026/09/17 10:16:53.487, 157.71, 100, 5225
2026/09/17 10:16:54.487, 157.23, 98, 5225
2026/09/17 10:16:55.487, 157.36, 100, 5225
2026/09/17 10:16:56.487, 157.68, 100, 5225
2026/09/17 10:16:57.488, 156.66, 98, 5225
2026/09/17 10:16:58.488, 157.38, 100, 5225
2026/09/17 10:16:59.488, 157.56, 100, 5225
2026/09/17 10:17:00.488, 156.70, 98, 5225
2026/09/17 10:17:01.489, 157.48, 100, 5225
2026/09/17 10:17:02.489, 157.65, 100, 5225
2026/09/17 10:17:03.489, 156.72, 98, 5225
2026/09/17 10:17:04.489, 157.82, 100, 5225
2026/09/17 10:17:05.498, 157.53, 100, 5225
2026/09/17 10:17:06.498, 156.65, 98, 5225
2026/09/17 10:17:07.498, 157.47, 100, 5225
2026/09/17 10:17:08.498, 157.87, 100, 5225
2026/09/17 10:17:09.499, 156.70, 98, 5225
2026/09/17 10:17:10.499, 158.05, 100, 5225
2026/09/17 10:17:11.499, 157.85, 100, 5225
2026/09/17 10:17:12.499, 156.60, 98, 5225
2026/09/17 10:17:13.499, 157.38, 100, 5225
2026/09/17 10:17:14.500, 157.64, 100, 5225
2026/09/17 10:17:15.500, 156.60, 98, 5225
2026/09/17 10:17:16.500, 157.44, 100, 5225
2026/09/17 10:17:17.500, 157.64, 100, 5225
2026/09/17 10:17:18.501, 156.62, 98, 5225
2026/09/17 10:17:19.501, 158.35, 100, 5225
2026/09/17 10:17:20.509, 157.95, 99, 5225
2026/09/17 10:17:21.510, 157.00, 98, 5225
2026/09/17 10:17:22.510, 157.41, 100, 5225
2026/09/17 10:17:23.510, 157.82, 98, 5225
2026/09/17 10:17:24.510, 157.40, 100, 5225
2026/09/17 10:17:25.511, 157.60, 100, 5225
2026/09/17 10:17:26.511, 157.67, 98, 5225
2026/09/17 10:17:27.511, 157.60, 100, 5225
2026/09/17 10:17:28.511, 157.36, 100, 5225
2026/09/17 10:17:29.511, 157.16, 98, 5225
2026/09/17 10:17:30.512, 156.41, 100, 5225
2026/09/17 10:17:31.512, 157.75, 100, 5225
2026/09/17 10:17:32.512, 157.32, 98, 5225
2026/09/17 10:17:33.512, 157.44, 100, 5225
2026/09/17 10:17:34.512, 157.52, 100, 5225
2026/09/17 10:17:35.512, 156.23, 90, 5225
2026/09/17 10:17:36.513, 156.36, 100, 5225
2026/09/17 10:17:37.513, 157.34, 100, 5225
2026/09/17 10:17:38.513, 157.01, 98, 5225
2026/09/17 10:17:39.513, 157.39, 100, 5225
2026/09/17 10:17:40.513, 157.65, 100, 5225
2026/09/17 10:17:41.514, 155.83, 98, 5225
2026/09/17 10:17:42.514, 157.29, 100, 5225
2026/09/17 10:17:43.514, 157.03, 100, 5225
2026/09/17 10:17:44.514, 156.48, 98, 5225
2026/09/17 10:17:45.514, 157.18, 100, 5225
2026/09/17 10:17:46.515, 157.16, 99, 5225
2026/09/17 10:17:47.515, 157.15, 98, 5225
2026/09/17 10:17:48.515, 157.16, 100, 5225
2026/09/17 10:17:49.515, 157.34, 98, 5225
2026/09/17 10:17:50.515, 157.57, 99, 5225
2026/09/17 10:17:51.516, 157.50, 100, 5225
2026/09/17 10:17:52.516, 157.25, 98, 5225
2026/09/17 10:17:53.516, 157.72, 100, 5225
2026/09/17 10:17:54.516, 157.50, 100, 5225
2026/09/17 10:17:55.516, 157.30, 98, 5225
2026/09/17 10:17:56.517, 157.58, 100, 5225
2026/09/17 10:17:57.517, 157.45, 100, 5225
2026/09/17 10:17:58.517, 157.35, 98, 5225
2026/09/17 10:17:59.517, 157.84, 100, 5225
2026/09/17 10:18:00.517, 157.54, 100, 5225
2026/09/17 10:18:01.518, 157.60, 98, 5225
2026/09/17 10:18:02.518, 157.67, 100, 5225
2026/09/17 10:18:03.518, 157.32, 100, 5225
2026/09/17 10:18:04.518, 156.90, 98, 5225
2026/09/17 10:18:05.518, 157.38, 100, 5225
2026/09/17 10:18:06.519, 157.03, 100, 5225
2026/09/17 10:18:07.519, 156.81, 98, 5225
2026/09/17 10:18:08.519, 157.83, 100, 5225
2026/09/17 10:18:09.519, 157.32, 100, 5225
2026/09/17 10:18:10.519, 156.63, 98, 5225
2026/09/17 10:18:11.528, 157.50, 100, 5225
2026/09/17 10:18:12.528, 157.41, 100, 5225
2026/09/17 10:18:13.529, 156.87, 98, 5225
2026/09/17 10:18:14.529, 158.39, 100, 5225
2026/09/17 10:18:15.529, 157.76, 100, 5225
2026/09/17 10:18:16.529, 156.79, 98, 5225
2026/09/17 10:18:17.529, 157.62, 100, 5225
2026/09/17 10:18:18.530, 157.14, 100, 5225
2026/09/17 10:18:19.530, 156.82, 98, 5225
2026/09/17 10:18:20.530, 157.75, 100, 5225
2026/09/17 10:18:21.530, 157.37, 99, 5225
2026/09/17 10:18:22.530, 157.03, 98, 5225
2026/09/17 10:18:23.531, 157.70, 100, 5225
2026/09/17 10:18:24.531, 157.56, 98, 5225
2026/09/17 10:18:25.531, 157.39, 99, 5225
2026/09/17 10:18:26.531, 157.43, 100, 5225
2026/09/17 10:18:27.532, 157.00, 98, 5225
2026/09/17 10:18:28.532, 157.37, 100, 5225
2026/09/17 10:18:29.532, 157.71, 100, 5225
2026/09/17 10:18:30.532, 157.08, 97, 5225
2026/09/17 10:18:31.532, 157.55, 100, 5225
2026/09/17 10:18:32.533, 157.37, 100, 5225
2026/09/17 10:18:33.533, 156.78, 97, 5225
2026/09/17 10:18:34.533, 157.72, 100, 5225
2026/09/17 10:18:35.533, 157.62, 100, 5225
2026/09/17 10:18:36.533, 157.29, 98, 5225
2026/09/17 10:18:37.534, 157.30, 100, 5225
2026/09/17 10:18:38.534, 157.78, 100, 5225
2026/09/17 10:18:39.534, 157.49, 98, 5225
2026/09/17 10:18:40.534, 157.46, 100, 5225
2026/09/17 10:18:41.534, 157.57, 100, 5225
2026/09/17 10:18:42.535, 156.75, 98, 5225
2026/09/17 10:18:43.535, 157.52, 100, 5225
2026/09/17 10:18:44.535, 157.82, 100, 5225
2026/09/17 10:18:45.535, 156.80, 98, 5225
2026/09/17 10:18:46.535, 157.58, 100, 5225
2026/09/17 10:18:47.536, 157.73, 100, 5225
2026/09/17 10:18:48.536, 156.81, 98, 5225
2026/09/17 10:18:49.536, 157.57, 100, 5225
2026/09/17 10:18:50.536, 157.75, 100, 5225
2026/09/17 10:18:51.536, 156.93, 98, 5225
2026/09/17 10:18:52.537, 157.41, 100, 5225
2026/09/17 10:18:53.537, 157.78, 100, 5225
2026/09/17 10:18:54.537, 157.01, 98, 5225
2026/09/17 10:18:55.537, 157.38, 100, 5225
2026/09/17 10:18:56.545, 157.50, 100, 5225
2026/09/17 10:18:57.545, 157.27, 98, 5225
2026/09/17 10:18:58.545, 157.63, 100, 5225
2026/09/17 10:18:59.545, 157.81, 98, 5225
2026/09/17 10:19:00.545, 157.66, 98, 5225
2026/09/17 10:19:01.546, 157.40, 100, 5225
2026/09/17 10:19:02.546, 157.83, 98, 5225
2026/09/17 10:19:03.546, 157.57, 100, 5225
2026/09/17 10:19:04.546, 157.52, 100, 5225
2026/09/17 10:19:05.547, 157.27, 98, 5225
2026/09/17 10:19:06.547, 156.36, 100, 5225
2026/09/17 10:19:07.547, 157.44, 100, 5225
2026/09/17 10:19:08.547, 157.80, 98, 5225
2026/09/17 10:19:09.547, 157.80, 100, 5225
2026/09/17 10:19:10.548, 157.39, 100, 5225
2026/09/17 10:19:11.548, 157.26, 98, 5225
2026/09/17 10:19:12.548, 157.71, 100, 5225
2026/09/17 10:19:13.548, 157.81, 100, 5225
2026/09/17 10:19:14.549, 157.96, 98, 5225
2026/09/17 10:19:15.549, 158.02, 100, 5225
2026/09/17 10:19:16.549, 156.40, 100, 5225
2026/09/17 10:19:17.549, 157.58, 98, 5225
2026/09/17 10:19:18.549, 157.89, 100, 5225
2026/09/17 10:19:19.550, 157.87, 100, 5225
2026/09/17 10:19:20.550, 157.95, 98, 5225
2026/09/17 10:19:21.550, 157.62, 100, 5225
2026/09/17 10:19:22.550, 157.78, 100, 5225
2026/09/17 10:19:23.551, 157.44, 98, 5225
2026/09/17 10:19:24.551, 158.58, 100, 5225
2026/09/17 10:19:25.551, 157.78, 100, 5225
2026/09/17 10:19:26.551, 157.95, 98, 5225
2026/09/17 10:19:27.551, 157.44, 100, 5225
2026/09/17 10:19:28.552, 157.76, 100, 5225
2026/09/17 10:19:29.552, 157.27, 98, 5225
2026/09/17 10:19:30.552, 157.91, 100, 5225
2026/09/17 10:19:31.552, 157.69, 100, 5225
2026/09/17 10:19:32.552, 157.45, 98, 5225
2026/09/17 10:19:33.553, 158.42, 100, 5225
2026/09/17 10:19:34.553, 157.55, 100, 5225
2026/09/17 10:19:35.553, 157.32, 98, 5225
2026/09/17 10:19:36.553, 158.43, 100, 5225
2026/09/17 10:19:37.553, 157.74, 100, 5225
2026/09/17 10:19:38.554, 157.49, 98, 5225
2026/09/17 10:19:39.554, 157.90, 100, 5225
2026/09/17 10:19:40.554, 157.70, 100, 5225
2026/09/17 10:19:41.554, 157.37, 98, 5225
2026/09/17 10:19:42.554, 157.64, 100, 5225
2026/09/17 10:19:43.554, 157.76, 100, 5225
2026/09/17 10:19:44.555, 158.11, 98, 5225
2026/09/17 10:19:45.555, 158.01, 100, 5225
2026/09/17 10:19:46.555, 157.52, 100, 5225
2026/09/17 10:19:47.555, 157.49, 98, 5225
2026/09/17 10:19:48.555, 157.63, 100, 5225
2026/09/17 10:19:49.556, 157.67, 100, 5225
2026/09/17 10:19:50.556, 157.48, 98, 5225
2026/09/17 10:19:51.556, 157.74, 100, 5225
2026/09/17 10:19:52.556, 157.57, 100, 5225
2026/09/17 10:19:53.557, 157.32, 98, 5225
2026/09/17 10:19:54.557, 157.54, 100, 5225
2026/09/17 10:19:55.557, 157.90, 100, 5225
2026/09/17 10:19:56.557, 157.26, 98, 5225
2026/09/17 10:19:57.557, 157.57, 100, 5225
2026/09/17 10:19:58.558, 157.40, 100, 5225
2026/09/17 10:19:59.558, 157.30, 98, 5225
2026/09/17 10:20:00.558, 157.74, 100, 5225
2026/09/17 10:20:01.558, 157.59, 100, 5225
2026/09/17 10:20:02.559, 157.74, 98, 5225
2026/09/17 10:20:03.559, 157.71, 100, 5225
2026/09/17 10:20:04.559, 157.73, 100, 5225
2026/09/17 10:20:05.559, 157.18, 98, 5225
2026/09/17 10:20:06.559, 156.77, 100, 5225
2026/09/17 10:20:07.560, 157.16, 100, 5225
2026/09/17 10:20:08.560, 156.88, 98, 5225
2026/09/17 10:20:09.560, 157.58, 100, 5225
2026/09/17 10:20:10.560, 157.54, 99, 5225
2026/09/17 10:20:11.560, 157.35, 98, 5225
2026/09/17 10:20:12.561, 157.74, 100, 5225
2026/09/17 10:20:13.561, 157.50, 98, 5225
2026/09/17 10:20:14.561, 157.73, 99, 5225
2026/09/17 10:20:15.561, 157.91, 100, 5225
2026/09/17 10:20:16.570, 157.23, 98, 5225
2026/09/17 10:20:17.570, 157.89, 100, 5225
2026/09/17 10:20:18.570, 157.88, 100, 5225
2026/09/17 10:20:19.571, 157.07, 98, 5225
2026/09/17 10:20:20.571, 157.75, 100, 5225
2026/09/17 10:20:21.579, 157.78, 100, 5225
2026/09/17 10:20:22.583, 157.50, 98, 5225
2026/09/17 10:20:23.584, 157.90, 100, 5225
2026/09/17 10:20:24.584, 157.53, 100, 5225
2026/09/17 10:20:25.584, 156.99, 98, 5225
2026/09/17 10:20:26.584, 157.62, 100, 5225
2026/09/17 10:20:27.584, 157.79, 100, 5225
2026/09/17 10:20:28.584, 157.35, 98, 5225
2026/09/17 10:20:29.585, 157.69, 100, 5225
2026/09/17 10:20:30.585, 157.45, 100, 5225
2026/09/17 10:20:31.585, 156.93, 98, 5225
2026/09/17 10:20:32.585, 157.54, 100, 5225
2026/09/17 10:20:33.585, 157.59, 100, 5225
2026/09/17 10:20:34.586, 156.67, 98, 5225
2026/09/17 10:20:35.586, 157.49, 100, 5225
2026/09/17 10:20:36.594, 157.23, 100, 5225
2026/09/17 10:20:37.595, 156.78, 98, 5225
2026/09/17 10:20:38.595, 157.51, 100, 5225
2026/09/17 10:20:39.595, 157.50, 100, 5225
2026/09/17 10:20:40.595, 156.70, 98, 5225
2026/09/17 10:20:41.595, 156.90, 99, 5225
2026/09/17 10:20:42.595, 163.26, 100, 5225
2026/09/17 10:20:43.595, 155.00, 99, 5225
2026/09/17 10:20:44.596, 154.90, 100, 5225
2026/09/17 10:20:45.596, 161.47, 99, 5225
2026/09/17 10:20:46.596, 157.60, 99, 5225
2026/09/17 10:20:47.596, 154.77, 99, 5225
2026/09/17 10:20:48.596, 159.05, 99, 5225
2026/09/17 10:20:49.596, 159.79, 100, 5225
2026/09/17 10:20:50.597, 154.97, 100, 5225
2026/09/17 10:20:51.597, 157.25, 100, 5225
2026/09/17 10:20:52.597, 162.26, 100, 5225
2026/09/17 10:20:53.597, 155.04, 100, 5225
2026/09/17 10:20:54.597, 154.99, 100, 5225
2026/09/17 10:20:55.597, 162.30, 100, 5225
2026/09/17 10:20:56.598, 156.66, 99, 5225
2026/09/17 10:20:57.598, 155.06, 100, 5225
2026/09/17 10:20:58.598, 160.30, 99, 5225
2026/09/17 10:20:59.598, 159.55, 99, 5225
2026/09/17 10:21:00.598, 154.99, 99, 5225
2026/09/17 10:21:01.598, 157.98, 99, 5225
2026/09/17 10:21:02.599, 161.42, 100, 5225
2026/09/17 10:21:03.599, 154.79, 99, 5225
2026/09/17 10:21:04.599, 155.55, 98, 5225
2026/09/17 10:21:05.599, 162.79, 99, 5225
2026/09/17 10:21:06.599, 156.01, 100, 5225
2026/09/17 10:21:07.600, 155.06, 99, 5225
2026/09/17 10:21:08.608, 161.92, 100, 5225
2026/09/17 10:21:09.608, 158.95, 100, 5225
2026/09/17 10:21:10.608, 155.24, 100, 5225
2026/09/17 10:21:11.609, 158.63, 100, 5225
2026/09/17 10:21:12.609, 161.23, 99, 5225
2026/09/17 10:21:13.617, 155.25, 100, 5225
2026/09/17 10:21:14.618, 156.35, 99, 5225
2026/09/17 10:21:15.618, 163.35, 100, 5225
2026/09/17 10:21:16.618, 155.23, 99, 5225
2026/09/17 10:21:17.618, 155.31, 100, 5225
2026/09/17 10:21:18.618, 54.24, 9, 5225
2026/09/17 10:21:19.618, 131.89, 100, 5225
2026/09/17 10:21:20.619, 156.81, 100, 5225
2026/09/17 10:21:21.619, 157.05, 98, 5225
2026/09/17 10:21:22.619, 157.71, 100, 5225
2026/09/17 10:21:23.619, 157.58, 100, 5225
2026/09/17 10:21:24.619, 157.29, 98, 5225
2026/09/17 10:21:25.620, 157.62, 100, 5225
2026/09/17 10:21:26.620, 157.59, 100, 5225
2026/09/17 10:21:27.620, 157.55, 98, 5225
2026/09/17 10:21:28.620, 157.71, 100, 5225
2026/09/17 10:21:29.620, 157.71, 100, 5225
2026/09/17 10:21:30.620, 157.47, 98, 5225
2026/09/17 10:21:31.621, 158.14, 100, 5225
2026/09/17 10:21:32.621, 157.88, 100, 5225
2026/09/17 10:21:33.621, 157.98, 98, 5225
2026/09/17 10:21:34.621, 158.20, 100, 5225
2026/09/17 10:21:35.621, 158.04, 100, 5225
2026/09/17 10:21:36.622, 157.85, 97, 5225
2026/09/17 10:21:37.622, 157.95, 100, 5225
2026/09/17 10:21:38.630, 157.77, 100, 5225
2026/09/17 10:21:39.631, 157.32, 98, 5225
2026/09/17 10:21:40.631, 158.21, 100, 5225
2026/09/17 10:21:41.631, 157.43, 100, 5225
2026/09/17 10:21:42.631, 157.57, 98, 5225
2026/09/17 10:21:43.631, 157.96, 100, 5225
2026/09/17 10:21:44.632, 157.80, 100, 5225
2026/09/17 10:21:45.632, 157.33, 98, 5225
2026/09/17 10:21:46.632, 157.90, 100, 5225
2026/09/17 10:21:47.632, 157.65, 100, 5225
2026/09/17 10:21:48.632, 157.09, 98, 5225
2026/09/17 10:21:49.633, 158.09, 100, 5225
2026/09/17 10:21:50.633, 158.14, 100, 5225
2026/09/17 10:21:51.633, 157.84, 97, 5225
2026/09/17 10:21:52.633, 157.72, 100, 5225
2026/09/17 10:21:53.634, 157.63, 100, 5225
2026/09/17 10:21:54.634, 157.54, 98, 5225
2026/09/17 10:21:55.634, 158.11, 100, 5225
2026/09/17 10:21:56.634, 157.58, 100, 5225
2026/09/17 10:21:57.635, 157.78, 98, 5225
2026/09/17 10:21:58.635, 157.81, 100, 5225
2026/09/17 10:21:59.635, 157.67, 100, 5225
2026/09/17 10:22:00.635, 157.76, 98, 5225
2026/09/17 10:22:01.635, 157.81, 100, 5225
2026/09/17 10:22:02.635, 158.07, 100, 5225
2026/09/17 10:22:03.636, 157.23, 98, 5225
2026/09/17 10:22:04.636, 158.18, 100, 5225
2026/09/17 10:22:05.636, 157.91, 100, 5225
2026/09/17 10:22:06.636, 158.23, 98, 5225
2026/09/17 10:22:07.636, 157.70, 100, 5225
2026/09/17 10:22:08.636, 157.28, 100, 5225
2026/09/17 10:22:09.637, 156.28, 89, 5225
2026/09/17 10:22:10.637, 158.26, 100, 5225
2026/09/17 10:22:11.637, 157.66, 100, 5225
2026/09/17 10:22:12.637, 157.97, 98, 5225
2026/09/17 10:22:13.637, 158.00, 100, 5225
2026/09/17 10:22:14.638, 157.16, 100, 5225
2026/09/17 10:22:15.638, 155.58, 98, 5225
2026/09/17 10:22:16.638, 157.48, 100, 5225
2026/09/17 10:22:17.638, 157.68, 100, 5225
2026/09/17 10:22:18.638, 157.84, 98, 5225
2026/09/17 10:22:19.639, 157.90, 100, 5225
2026/09/17 10:22:20.639, 156.46, 100, 5225
2026/09/17 10:22:21.639, 157.48, 98, 5225
2026/09/17 10:22:22.639, 157.52, 100, 5225
2026/09/17 10:22:23.639, 157.51, 100, 5225
2026/09/17 10:22:24.639, 157.20, 98, 5225
2026/09/17 10:22:25.640, 156.90, 100, 5225
2026/09/17 10:22:26.640, 157.71, 100, 5225
2026/09/17 10:22:27.641, 157.37, 98, 5225
2026/09/17 10:22:28.641, 157.84, 100, 5225
2026/09/17 10:22:29.641, 157.48, 100, 5225
2026/09/17 10:22:30.641, 157.15, 98, 5225
2026/09/17 10:22:31.641, 158.03, 100, 5225
2026/09/17 10:22:32.642, 157.50, 100, 5225
2026/09/17 10:22:33.642, 157.09, 98, 5225
2026/09/17 10:22:34.642, 157.91, 100, 5225
2026/09/17 10:22:35.642, 157.52, 100, 5225
2026/09/17 10:22:36.642, 156.91, 98, 5225
2026/09/17 10:22:37.642, 157.75, 100, 5225
2026/09/17 10:22:38.643, 157.63, 100, 5225
2026/09/17 10:22:39.643, 156.96, 98, 5225
2026/09/17 10:22:40.643, 157.83, 100, 5225
2026/09/17 10:22:41.643, 157.35, 100, 5225
2026/09/17 10:22:42.643, 157.32, 98, 5225
2026/09/17 10:22:43.643, 158.10, 100, 5225
2026/09/17 10:22:44.644, 157.45, 100, 5225
2026/09/17 10:22:45.644, 157.62, 98, 5225
2026/09/17 10:22:46.644, 157.85, 100, 5225
2026/09/17 10:22:47.644, 157.86, 99, 5225
2026/09/17 10:22:48.644, 157.57, 98, 5225
2026/09/17 10:22:49.644, 158.30, 100, 5225
2026/09/17 10:22:50.645, 157.42, 100, 5225
2026/09/17 10:22:51.645, 157.35, 98, 5225
2026/09/17 10:22:52.645, 157.84, 100, 5225
2026/09/17 10:22:53.645, 157.62, 99, 5225
2026/09/17 10:22:54.645, 157.19, 98, 5225
2026/09/17 10:22:55.645, 157.68, 100, 5225
2026/09/17 10:22:56.646, 157.69, 100, 5225
2026/09/17 10:22:57.646, 156.90, 98, 5225
2026/09/17 10:22:58.646, 157.83, 100, 5225
2026/09/17 10:22:59.646, 157.18, 99, 5225
2026/09/17 10:23:00.646, 157.49, 98, 5225
2026/09/17 10:23:01.647, 157.74, 100, 5225
2026/09/17 10:23:02.647, 157.27, 99, 5225
2026/09/17 10:23:03.647, 157.03, 98, 5225
2026/09/17 10:23:04.647, 157.74, 100, 5225
2026/09/17 10:23:05.647, 157.29, 99, 5225
2026/09/17 10:23:06.647, 157.12, 98, 5225
2026/09/17 10:23:07.648, 158.34, 100, 5225
2026/09/17 10:23:08.648, 157.38, 98, 5225
2026/09/17 10:23:09.648, 157.36, 98, 5225
2026/09/17 10:23:10.648, 157.99, 100, 5225
2026/09/17 10:23:11.648, 157.66, 99, 5225
2026/09/17 10:23:12.649, 157.12, 98, 5225
2026/09/17 10:23:13.649, 157.78, 100, 5225
2026/09/17 10:23:14.649, 157.15, 98, 5225
2026/09/17 10:23:15.649, 157.48, 98, 5225
2026/09/17 10:23:16.649, 158.33, 100, 5225
2026/09/17 10:23:17.649, 157.62, 99, 5225
2026/09/17 10:23:18.650, 157.23, 98, 5225
2026/09/17 10:23:19.650, 158.57, 100, 5225
2026/09/17 10:23:20.650, 157.55, 99, 5225
2026/09/17 10:23:21.650, 157.23, 98, 5225
2026/09/17 10:23:22.650, 158.02, 100, 5225
2026/09/17 10:23:23.651, 157.71, 99, 5225
2026/09/17 10:23:24.651, 157.10, 98, 5225
2026/09/17 10:23:25.651, 157.76, 100, 5225
2026/09/17 10:23:26.651, 157.48, 99, 5225
2026/09/17 10:23:27.651, 157.24, 98, 5225
2026/09/17 10:23:28.652, 157.66, 100, 5225
2026/09/17 10:23:29.652, 156.98, 98, 5225
2026/09/17 10:23:30.652, 157.29, 98, 5225
2026/09/17 10:23:31.652, 158.03, 100, 5225
2026/09/17 10:23:32.652, 157.84, 98, 5225
2026/09/17 10:23:33.653, 157.43, 98, 5225
2026/09/17 10:23:34.653, 157.64, 100, 5225
2026/09/17 10:23:35.653, 157.28, 98, 5225
2026/09/17 10:23:36.653, 158.03, 99, 5225
2026/09/17 10:23:37.653, 157.89, 100, 5225
2026/09/17 10:23:38.653, 157.49, 98, 5225
2026/09/17 10:23:39.654, 158.11, 99, 5225
2026/09/17 10:23:40.654, 157.99, 100, 5225
2026/09/17 10:23:41.654, 157.68, 98, 5225
2026/09/17 10:23:42.654, 157.93, 99, 5225
2026/09/17 10:23:43.654, 158.12, 100, 5225
2026/09/17 10:23:44.655, 157.56, 98, 5225
2026/09/17 10:23:45.655, 157.68, 100, 5225
2026/09/17 10:23:46.655, 157.77, 100, 5225
2026/09/17 10:23:47.655, 157.37, 98, 5225
2026/09/17 10:23:48.655, 157.88, 100, 5225
2026/09/17 10:23:49.656, 158.01, 100, 5225
2026/09/17 10:23:50.656, 157.46, 98, 5225
2026/09/17 10:23:51.656, 157.98, 100, 5225
2026/09/17 10:23:52.656, 158.19, 100, 5225
2026/09/17 10:23:53.656, 157.11, 98, 5225
2026/09/17 10:23:54.657, 157.97, 100, 5225
2026/09/17 10:23:55.657, 156.87, 100, 5225
2026/09/17 10:23:56.657, 156.95, 98, 5225
2026/09/17 10:23:57.657, 157.57, 100, 5225
2026/09/17 10:23:58.657, 158.01, 100, 5225
2026/09/17 10:23:59.658, 157.54, 98, 5225
2026/09/17 10:24:00.658, 158.05, 100, 5225
2026/09/17 10:24:01.658, 158.04, 100, 5225
2026/09/17 10:24:02.658, 157.56, 98, 5225
2026/09/17 10:24:03.658, 157.59, 100, 5225
2026/09/17 10:24:04.658, 157.80, 100, 5225
2026/09/17 10:24:05.659, 156.85, 98, 5225
2026/09/17 10:24:06.659, 156.68, 100, 5225
2026/09/17 10:24:07.659, 158.06, 100, 5225
2026/09/17 10:24:08.659, 156.90, 98, 5225
2026/09/17 10:24:09.659, 157.61, 100, 5225
2026/09/17 10:24:10.660, 157.71, 100, 5225
2026/09/17 10:24:11.660, 156.69, 98, 5225
2026/09/17 10:24:12.660, 157.49, 100, 5225
2026/09/17 10:24:13.660, 157.65, 100, 5225
2026/09/17 10:24:14.660, 156.88, 98, 5225
2026/09/17 10:24:15.661, 157.88, 100, 5225
2026/09/17 10:24:16.661, 157.98, 100, 5225
2026/09/17 10:24:17.661, 156.68, 98, 5225
2026/09/17 10:24:18.661, 157.45, 100, 5225
2026/09/17 10:24:19.661, 157.39, 100, 5225
2026/09/17 10:24:20.662, 156.45, 98, 5225
2026/09/17 10:24:21.662, 157.55, 100, 5225
2026/09/17 10:24:22.662, 157.70, 99, 5225
2026/09/17 10:24:23.662, 156.79, 98, 5225
2026/09/17 10:24:24.662, 158.20, 100, 5225
2026/09/17 10:24:25.663, 157.49, 98, 5225
2026/09/17 10:24:26.663, 157.36, 98, 5225
2026/09/17 10:24:27.663, 157.87, 100, 5225
2026/09/17 10:24:28.663, 158.10, 100, 5225
2026/09/17 10:24:29.663, 157.09, 98, 5225
2026/09/17 10:24:30.664, 157.77, 100, 5225
2026/09/17 10:24:31.664, 158.22, 99, 5225
2026/09/17 10:24:32.664, 156.40, 100, 5225
2026/09/17 10:24:33.664, 157.68, 100, 5225
2026/09/17 10:24:34.664, 157.40, 98, 5225
2026/09/17 10:24:35.665, 157.49, 100, 5225
2026/09/17 10:24:36.665, 158.24, 100, 5225
2026/09/17 10:24:37.665, 156.77, 98, 5225
2026/09/17 10:24:38.665, 157.27, 100, 5225
2026/09/17 10:24:39.665, 157.31, 100, 5225
2026/09/17 10:24:40.666, 157.11, 98, 5225
2026/09/17 10:24:41.666, 157.48, 100, 5225
2026/09/17 10:24:42.666, 157.18, 100, 5225
2026/09/17 10:24:43.666, 157.02, 98, 5225
2026/09/17 10:24:44.666, 157.13, 100, 5225
2026/09/17 10:24:45.667, 157.60, 100, 5225
2026/09/17 10:24:46.667, 157.72, 98, 5225
2026/09/17 10:24:47.667, 157.75, 100, 5225
2026/09/17 10:24:48.667, 157.42, 100, 5225
2026/09/17 10:24:49.667, 156.68, 98, 5225
2026/09/17 10:24:50.668, 157.31, 100, 5225
2026/09/17 10:24:51.668, 157.50, 100, 5225
2026/09/17 10:24:52.668, 157.00, 98, 5225
2026/09/17 10:24:53.668, 157.12, 100, 5225
2026/09/17 10:24:54.668, 157.26, 100, 5225
2026/09/17 10:24:55.669, 157.57, 98, 5225
2026/09/17 10:24:56.669, 157.73, 100, 5225
2026/09/17 10:24:57.669, 157.35, 100, 5225
2026/09/17 10:24:58.669, 156.85, 98, 5225
2026/09/17 10:24:59.669, 157.57, 100, 5225
2026/09/17 10:25:00.669, 157.51, 100, 5225
2026/09/17 10:25:01.670, 156.96, 98, 5225
2026/09/17 10:25:02.670, 157.39, 100, 5225
2026/09/17 10:25:03.670, 157.34, 98, 5225
2026/09/17 10:25:04.670, 157.61, 99, 5225
2026/09/17 10:25:05.670, 157.26, 100, 5225
2026/09/17 10:25:06.671, 156.29, 98, 5225
2026/09/17 10:25:07.671, 157.26, 100, 5225
2026/09/17 10:25:08.671, 157.44, 100, 5225
2026/09/17 10:25:09.671, 157.20, 98, 5225
2026/09/17 10:25:10.671, 157.71, 100, 5225
2026/09/17 10:25:11.672, 157.44, 100, 5225
2026/09/17 10:25:12.672, 157.57, 98, 5225
2026/09/17 10:25:13.672, 157.49, 100, 5225
2026/09/17 10:25:14.672, 157.32, 100, 5225
2026/09/17 10:25:15.672, 156.84, 98, 5225
2026/09/17 10:25:16.673, 157.00, 99, 5225
2026/09/17 10:25:17.673, 162.84, 99, 5225
2026/09/17 10:25:18.673, 155.22, 99, 5225
2026/09/17 10:25:19.673, 155.02, 100, 5225
2026/09/17 10:25:20.673, 162.26, 99, 5225
2026/09/17 10:25:21.682, 157.46, 99, 5225
2026/09/17 10:25:22.682, 155.03, 99, 5225
2026/09/17 10:25:23.682, 159.22, 99, 5225
2026/09/17 10:25:24.682, 159.78, 100, 5225
2026/09/17 10:25:25.683, 155.08, 99, 5225
2026/09/17 10:25:26.683, 157.30, 100, 5225
2026/09/17 10:25:27.683, 162.30, 100, 5225
2026/09/17 10:25:28.683, 155.10, 100, 5225
2026/09/17 10:25:29.683, 155.19, 98, 5225
2026/09/17 10:25:30.683, 163.12, 100, 5225
2026/09/17 10:25:31.684, 156.76, 100, 5225
2026/09/17 10:25:32.684, 155.24, 100, 5225
2026/09/17 10:25:33.684, 160.99, 99, 5225
2026/09/17 10:25:34.684, 159.43, 99, 5225
2026/09/17 10:25:35.684, 155.05, 100, 5225
2026/09/17 10:25:36.685, 158.23, 99, 5225
2026/09/17 10:25:37.685, 161.60, 100, 5225
2026/09/17 10:25:38.685, 154.94, 99, 5225
2026/09/17 10:25:39.685, 155.65, 100, 5225
2026/09/17 10:25:40.685, 163.01, 99, 5225
2026/09/17 10:25:41.685, 155.89, 100, 5225
2026/09/17 10:25:42.686, 154.84, 99, 5225
2026/09/17 10:25:43.686, 161.25, 100, 5225
2026/09/17 10:25:44.686, 158.74, 100, 5225
2026/09/17 10:25:45.686, 155.19, 100, 5225
2026/09/17 10:25:46.686, 158.84, 100, 5225
2026/09/17 10:25:47.687, 160.55, 99, 5225
2026/09/17 10:25:48.687, 155.05, 100, 5225
2026/09/17 10:25:49.687, 156.62, 99, 5225
2026/09/17 10:25:50.687, 163.14, 100, 5225
2026/09/17 10:25:51.687, 155.91, 99, 5225
2026/09/17 10:25:52.688, 155.04, 100, 5225
2026/09/17 10:25:53.688, 53.03, 9, 5225
2026/09/17 10:25:54.688, 127.18, 100, 5225
2026/09/17 10:25:55.688, 157.21, 100, 5225
2026/09/17 10:25:56.688, 156.87, 98, 5225
2026/09/17 10:25:57.689, 157.53, 100, 5225
2026/09/17 10:25:58.689, 157.13, 100, 5225
2026/09/17 10:25:59.689, 157.11, 98, 5225
2026/09/17 10:26:00.689, 157.36, 100, 5225
2026/09/17 10:26:01.690, 157.13, 100, 5225
2026/09/17 10:26:02.690, 157.49, 98, 5225
2026/09/17 10:26:03.698, 157.51, 100, 5225
2026/09/17 10:26:04.699, 157.42, 100, 5225
2026/09/17 10:26:05.699, 157.26, 98, 5225
2026/09/17 10:26:06.699, 157.93, 100, 5225
2026/09/17 10:26:07.699, 157.67, 100, 5225
2026/09/17 10:26:08.699, 157.09, 98, 5225
2026/09/17 10:26:09.700, 158.28, 100, 5225
2026/09/17 10:26:10.700, 157.42, 100, 5225
2026/09/17 10:26:11.700, 157.05, 98, 5225
2026/09/17 10:26:12.700, 157.65, 100, 5225
2026/09/17 10:26:13.700, 157.37, 100, 5225
2026/09/17 10:26:14.701, 156.97, 98, 5225
2026/09/17 10:26:15.701, 157.68, 100, 5225
2026/09/17 10:26:16.701, 157.75, 100, 5225
2026/09/17 10:26:17.701, 157.09, 98, 5225
2026/09/17 10:26:18.701, 157.69, 100, 5225
2026/09/17 10:26:19.701, 157.50, 100, 5225
2026/09/17 10:26:20.702, 157.23, 98, 5225
2026/09/17 10:26:21.702, 157.84, 100, 5225
2026/09/17 10:26:22.702, 157.61, 100, 5225
2026/09/17 10:26:23.702, 157.93, 98, 5225
2026/09/17 10:26:24.702, 157.62, 100, 5225
2026/09/17 10:26:25.703, 157.42, 100, 5225
2026/09/17 10:26:26.703, 157.27, 98, 5225
2026/09/17 10:26:27.703, 158.10, 100, 5225
2026/09/17 10:26:28.703, 157.39, 100, 5225
2026/09/17 10:26:29.704, 157.12, 98, 5225
2026/09/17 10:26:30.704, 157.56, 100, 5225
2026/09/17 10:26:31.704, 157.57, 100, 5225
2026/09/17 10:26:32.704, 157.40, 97, 5225
2026/09/17 10:26:33.713, 157.64, 100, 5225
2026/09/17 10:26:34.713, 157.40, 98, 5225
2026/09/17 10:26:35.713, 157.90, 100, 5225
2026/09/17 10:26:36.713, 157.93, 100, 5225
2026/09/17 10:26:37.714, 157.77, 98, 5225
2026/09/17 10:26:38.714, 157.73, 100, 5225
2026/09/17 10:26:39.714, 157.83, 100, 5225
2026/09/17 10:26:40.714, 157.38, 98, 5225
2026/09/17 10:26:41.714, 157.86, 100, 5225
2026/09/17 10:26:42.715, 157.51, 100, 5225
2026/09/17 10:26:43.723, 157.39, 98, 5225
2026/09/17 10:26:44.723, 157.82, 100, 5225
2026/09/17 10:26:45.724, 157.51, 100, 5225
2026/09/17 10:26:46.724, 156.93, 98, 5225
2026/09/17 10:26:47.724, 157.69, 100, 5225
2026/09/17 10:26:48.724, 157.86, 100, 5225
2026/09/17 10:26:49.725, 157.40, 98, 5225
2026/09/17 10:26:50.725, 158.02, 100, 5225
2026/09/17 10:26:51.725, 157.53, 100, 5225
2026/09/17 10:26:52.725, 157.48, 98, 5225
2026/09/17 10:26:53.734, 158.06, 100, 5225
2026/09/17 10:26:54.734, 158.38, 100, 5225
2026/09/17 10:26:55.734, 157.21, 98, 5225
2026/09/17 10:26:56.734, 158.03, 100, 5225
2026/09/17 10:26:57.735, 158.26, 100, 5225
2026/09/17 10:26:58.735, 157.37, 98, 5225
2026/09/17 10:26:59.735, 158.08, 100, 5225
2026/09/17 10:27:00.735, 158.08, 100, 5225
2026/09/17 10:27:01.735, 157.86, 98, 5225
2026/09/17 10:27:02.736, 157.91, 100, 5225
2026/09/17 10:27:03.736, 157.59, 100, 5225
2026/09/17 10:27:04.736, 157.11, 98, 5225
2026/09/17 10:27:05.736, 158.07, 100, 5225
2026/09/17 10:27:06.736, 157.76, 100, 5225
2026/09/17 10:27:07.737, 157.13, 98, 5225
2026/09/17 10:27:08.737, 157.11, 100, 5225
2026/09/17 10:27:09.737, 157.53, 100, 5225
2026/09/17 10:27:10.737, 156.83, 98, 5225
2026/09/17 10:27:11.737, 158.12, 100, 5225
2026/09/17 10:27:12.737, 157.28, 100, 5225
2026/09/17 10:27:13.738, 155.89, 98, 5225
2026/09/17 10:27:14.738, 158.22, 100, 5225
2026/09/17 10:27:15.738, 157.91, 100, 5225
2026/09/17 10:27:16.738, 157.26, 98, 5225
2026/09/17 10:27:17.738, 159.11, 100, 5225
2026/09/17 10:27:18.739, 156.68, 100, 5225
2026/09/17 10:27:19.739, 157.05, 98, 5225
2026/09/17 10:27:20.739, 157.86, 100, 5225
2026/09/17 10:27:21.739, 157.35, 99, 5225
2026/09/17 10:27:22.739, 157.38, 98, 5225
2026/09/17 10:27:23.740, 158.18, 100, 5225
2026/09/17 10:27:24.740, 157.91, 99, 5225
2026/09/17 10:27:25.740, 157.44, 98, 5225
2026/09/17 10:27:26.740, 157.94, 100, 5225
2026/09/17 10:27:27.741, 156.28, 98, 5225
2026/09/17 10:27:28.741, 157.40, 99, 5225
2026/09/17 10:27:29.741, 157.85, 100, 5225
2026/09/17 10:27:30.741, 157.87, 98, 5225
2026/09/17 10:27:31.741, 157.74, 100, 5225
2026/09/17 10:27:32.742, 157.04, 100, 5225
2026/09/17 10:27:33.742, 157.81, 98, 5225
2026/09/17 10:27:34.742, 157.98, 100, 5225
2026/09/17 10:27:35.742, 157.88, 100, 5225
2026/09/17 10:27:36.742, 157.65, 98, 5225
2026/09/17 10:27:37.743, 157.68, 100, 5225
2026/09/17 10:27:38.743, 156.99, 100, 5225
2026/09/17 10:27:39.743, 158.16, 98, 5225
2026/09/17 10:27:40.743, 157.83, 100, 5225
2026/09/17 10:27:41.743, 158.10, 100, 5225
2026/09/17 10:27:42.743, 157.62, 98, 5225
2026/09/17 10:27:43.744, 158.12, 100, 5225
2026/09/17 10:27:44.744, 157.80, 100, 5225
2026/09/17 10:27:45.744, 157.47, 98, 5225
2026/09/17 10:27:46.744, 157.78, 100, 5225
2026/09/17 10:27:47.744, 158.20, 100, 5225
2026/09/17 10:27:48.745, 157.19, 98, 5225
2026/09/17 10:27:49.745, 157.56, 100, 5225
2026/09/17 10:27:50.745, 158.09, 100, 5225
2026/09/17 10:27:51.745, 157.03, 98, 5225
2026/09/17 10:27:52.745, 157.80, 100, 5225
2026/09/17 10:27:53.746, 158.21, 100, 5225
2026/09/17 10:27:54.746, 158.22, 98, 5225
2026/09/17 10:27:55.746, 157.81, 100, 5225
2026/09/17 10:27:56.746, 158.09, 100, 5225
2026/09/17 10:27:57.746, 157.11, 98, 5225
2026/09/17 10:27:58.747, 157.82, 100, 5225
2026/09/17 10:27:59.747, 158.39, 100, 5225
2026/09/17 10:28:00.747, 157.11, 98, 5225
2026/09/17 10:28:01.747, 157.85, 100, 5225
2026/09/17 10:28:02.747, 158.21, 100, 5225
2026/09/17 10:28:03.748, 157.16, 98, 5225
2026/09/17 10:28:04.748, 158.13, 100, 5225
2026/09/17 10:28:05.748, 157.91, 100, 5225
2026/09/17 10:28:06.748, 156.71, 98, 5225
2026/09/17 10:28:07.748, 157.94, 100, 5225
2026/09/17 10:28:08.757, 158.12, 100, 5225
2026/09/17 10:28:09.757, 157.22, 98, 5225
2026/09/17 10:28:10.757, 157.65, 100, 5225
2026/09/17 10:28:11.758, 158.33, 100, 5225
2026/09/17 10:28:12.758, 158.38, 98, 5225
2026/09/17 10:28:13.766, 158.27, 100, 5225
2026/09/17 10:28:14.767, 157.92, 100, 5225
2026/09/17 10:28:15.767, 157.83, 98, 5225
2026/09/17 10:28:16.767, 157.19, 100, 5225
2026/09/17 10:28:17.767, 158.00, 100, 5225
2026/09/17 10:28:18.767, 157.56, 98, 5225
2026/09/17 10:28:19.768, 157.02, 100, 5225
2026/09/17 10:28:20.768, 157.79, 100, 5225
2026/09/17 10:28:21.768, 157.82, 98, 5225
2026/09/17 10:28:22.768, 157.24, 100, 5225
2026/09/17 10:28:23.777, 158.25, 100, 5225
2026/09/17 10:28:24.777, 157.88, 98, 5225
2026/09/17 10:28:25.777, 157.18, 100, 5225
2026/09/17 10:28:26.778, 158.20, 100, 5225
2026/09/17 10:28:27.778, 157.55, 98, 5225
2026/09/17 10:28:28.778, 157.52, 100, 5225
2026/09/17 10:28:29.778, 157.91, 100, 5225
2026/09/17 10:28:30.779, 157.67, 98, 5225
2026/09/17 10:28:31.779, 156.90, 100, 5225
2026/09/17 10:28:32.779, 158.15, 100, 5225
2026/09/17 10:28:33.779, 157.97, 98, 5225
2026/09/17 10:28:34.779, 157.01, 100, 5225
2026/09/17 10:28:35.780, 158.11, 100, 5225
2026/09/17 10:28:36.780, 158.07, 98, 5225
2026/09/17 10:28:37.780, 157.20, 100, 5225
2026/09/17 10:28:38.780, 158.27, 99, 5225
2026/09/17 10:28:39.780, 158.11, 98, 5225
2026/09/17 10:28:40.781, 157.42, 100, 5225
2026/09/17 10:28:41.781, 158.50, 99, 5225
2026/09/17 10:28:42.781, 158.01, 98, 5225
2026/09/17 10:28:43.781, 155.96, 100, 5225
2026/09/17 10:28:44.781, 158.05, 98, 5225
2026/09/17 10:28:45.782, 158.61, 99, 5225
2026/09/17 10:28:46.782, 157.46, 98, 5225
2026/09/17 10:28:47.782, 158.64, 100, 5225
2026/09/17 10:28:48.782, 156.61, 98, 5225
2026/09/17 10:28:49.782, 157.64, 100, 5225
2026/09/17 10:28:50.783, 157.89, 100, 5225
2026/09/17 10:28:51.783, 157.63, 98, 5225
2026/09/17 10:28:52.783, 157.57, 100, 5225
2026/09/17 10:28:53.783, 157.36, 100, 5225
2026/09/17 10:28:54.783, 157.12, 98, 5225
2026/09/17 10:28:55.784, 157.51, 100, 5225
2026/09/17 10:28:56.784, 157.89, 100, 5225
2026/09/17 10:28:57.784, 157.72, 98, 5225
2026/09/17 10:28:58.784, 157.49, 100, 5225
2026/09/17 10:28:59.784, 157.65, 100, 5225
2026/09/17 10:29:00.785, 157.10, 98, 5225
2026/09/17 10:29:01.785, 157.68, 100, 5225
2026/09/17 10:29:02.785, 157.78, 100, 5225
2026/09/17 10:29:03.785, 156.82, 98, 5225
2026/09/17 10:29:04.785, 157.59, 100, 5225
2026/09/17 10:29:05.786, 157.76, 100, 5225
2026/09/17 10:29:06.786, 156.95, 98, 5225
2026/09/17 10:29:07.786, 158.10, 100, 5225
2026/09/17 10:29:08.786, 157.78, 100, 5225
2026/09/17 10:29:09.786, 157.51, 98, 5225
2026/09/17 10:29:10.787, 157.47, 100, 5225
2026/09/17 10:29:11.787, 157.84, 100, 5225
2026/09/17 10:29:12.787, 157.79, 98, 5225
2026/09/17 10:29:13.787, 157.59, 100, 5225
2026/09/17 10:29:14.787, 157.93, 100, 5225
2026/09/17 10:29:15.788, 157.49, 98, 5225
2026/09/17 10:29:16.788, 158.22, 100, 5225
2026/09/17 10:29:17.788, 158.21, 100, 5225
2026/09/17 10:29:18.788, 157.51, 98, 5225
2026/09/17 10:29:19.788, 157.72, 100, 5225
2026/09/17 10:29:20.789, 157.91, 99, 5225
2026/09/17 10:29:21.789, 157.38, 98, 5225
2026/09/17 10:29:22.789, 157.53, 100, 5225
2026/09/17 10:29:23.789, 157.87, 98, 5225
2026/09/17 10:29:24.789, 157.73, 99, 5225
2026/09/17 10:29:25.790, 157.49, 100, 5225
2026/09/17 10:29:26.790, 158.12, 98, 5225
2026/09/17 10:29:27.790, 157.74, 100, 5225
2026/09/17 10:29:28.790, 157.95, 100, 5225
2026/09/17 10:29:29.790, 157.79, 98, 5225
2026/09/17 10:29:30.791, 157.76, 100, 5225
2026/09/17 10:29:31.791, 157.71, 100, 5225
2026/09/17 10:29:32.791, 156.40, 98, 5225
2026/09/17 10:29:33.791, 157.65, 100, 5225
2026/09/17 10:29:34.791, 157.72, 100, 5225
2026/09/17 10:29:35.792, 157.55, 98, 5225
2026/09/17 10:29:36.792, 157.84, 100, 5225
2026/09/17 10:29:37.792, 156.59, 100, 5225
2026/09/17 10:29:38.792, 157.51, 98, 5225
2026/09/17 10:29:39.792, 158.34, 100, 5225
2026/09/17 10:29:40.793, 157.69, 100, 5225
2026/09/17 10:29:41.793, 157.66, 98, 5225
2026/09/17 10:29:42.793, 158.05, 100, 5225
2026/09/17 10:29:43.793, 158.12, 100, 5225
2026/09/17 10:29:44.793, 157.62, 98, 5225
2026/09/17 10:29:45.794, 158.00, 100, 5225
2026/09/17 10:29:46.794, 158.42, 100, 5225
2026/09/17 10:29:47.794, 157.74, 98, 5225
2026/09/17 10:29:48.794, 157.76, 100, 5225
2026/09/17 10:29:49.794, 158.15, 100, 5225
2026/09/17 10:29:50.795, 157.28, 95, 5225
2026/09/17 10:29:51.795, 161.51, 100, 5225
2026/09/17 10:29:52.795, 157.21, 100, 5225
2026/09/17 10:29:53.804, 154.97, 100, 5225
2026/09/17 10:29:54.804, 160.72, 99, 5225
2026/09/17 10:29:55.804, 158.93, 99, 5225
2026/09/17 10:29:56.805, 155.14, 100, 5225
2026/09/17 10:29:57.805, 157.99, 99, 5225
2026/09/17 10:29:58.805, 161.86, 100, 5225
2026/09/17 10:29:59.805, 155.15, 99, 5225
2026/09/17 10:30:00.805, 155.99, 100, 5225
2026/09/17 10:30:01.806, 163.19, 99, 5225
2026/09/17 10:30:02.806, 156.53, 100, 5225
2026/09/17 10:30:03.806, 155.16, 99, 5225
2026/09/17 10:30:04.806, 160.81, 100, 5225
2026/09/17 10:30:05.806, 158.66, 100, 5225
2026/09/17 10:30:06.806, 155.24, 100, 5225
2026/09/17 10:30:07.807, 158.73, 100, 5225
2026/09/17 10:30:08.807, 160.85, 99, 5225
2026/09/17 10:30:09.807, 155.16, 100, 5225
2026/09/17 10:30:10.807, 156.73, 99, 5225
2026/09/17 10:30:11.807, 163.46, 100, 5225
2026/09/17 10:30:12.808, 156.18, 99, 5225
2026/09/17 10:30:13.808, 154.99, 100, 5225
2026/09/17 10:30:14.808, 161.41, 99, 5225
2026/09/17 10:30:15.808, 158.26, 100, 5225
2026/09/17 10:30:16.808, 154.91, 99, 5225
2026/09/17 10:30:17.809, 159.34, 99, 5225
2026/09/17 10:30:18.809, 160.51, 100, 5225
2026/09/17 10:30:19.809, 155.29, 100, 5225
2026/09/17 10:30:20.809, 156.98, 100, 5225
2026/09/17 10:30:21.809, 162.70, 99, 5225
2026/09/17 10:30:22.809, 155.18, 100, 5225
2026/09/17 10:30:23.810, 155.16, 100, 5225
2026/09/17 10:30:24.810, 162.92, 100, 5225
2026/09/17 10:30:25.810, 157.09, 99, 5225
2026/09/17 10:30:26.810, 155.23, 100, 5225
2026/09/17 10:30:27.810, 71.53, 0, 5225
2026/09/17 10:30:28.811, 91.62, 99, 5225
2026/09/17 10:30:29.811, 157.48, 100, 5225
2026/09/17 10:30:30.811, 157.86, 98, 5225
2026/09/17 10:30:31.811, 157.66, 99, 5225
2026/09/17 10:30:32.811, 157.55, 100, 5225
2026/09/17 10:30:33.811, 157.57, 98, 5225
2026/09/17 10:30:34.812, 157.96, 100, 5225
2026/09/17 10:30:35.812, 157.53, 100, 5225
2026/09/17 10:30:36.812, 157.51, 98, 5225
2026/09/17 10:30:37.812, 156.69, 100, 5225
2026/09/17 10:30:38.812, 157.60, 100, 5225
2026/09/17 10:30:39.813, 157.35, 98, 5225
2026/09/17 10:30:40.813, 157.74, 100, 5225
2026/09/17 10:30:41.813, 157.61, 100, 5225
2026/09/17 10:30:42.813, 156.07, 98, 5225
2026/09/17 10:30:43.813, 157.72, 100, 5225
2026/09/17 10:30:44.814, 157.72, 100, 5225
2026/09/17 10:30:45.814, 157.02, 98, 5225
2026/09/17 10:30:46.814, 158.04, 100, 5225
2026/09/17 10:30:47.814, 157.52, 100, 5225
2026/09/17 10:30:48.814, 157.48, 98, 5225
2026/09/17 10:30:49.815, 157.96, 100, 5225
2026/09/17 10:30:50.815, 157.79, 100, 5225
2026/09/17 10:30:51.815, 157.65, 98, 5225
2026/09/17 10:30:52.815, 156.85, 100, 5225
2026/09/17 10:30:53.815, 157.60, 100, 5225
2026/09/17 10:30:54.816, 157.49, 98, 5225
2026/09/17 10:30:55.816, 158.09, 100, 5225
2026/09/17 10:30:56.816, 157.66, 100, 5225
2026/09/17 10:30:57.816, 157.78, 98, 5225
2026/09/17 10:30:58.816, 158.80, 100, 5225
2026/09/17 10:30:59.817, 157.92, 100, 5225
2026/09/17 10:31:00.817, 158.47, 98, 5225
2026/09/17 10:31:01.817, 158.76, 100, 5225
2026/09/17 10:31:02.817, 157.47, 100, 5225
2026/09/17 10:31:03.818, 157.75, 98, 5225
2026/09/17 10:31:04.818, 158.66, 100, 5225
2026/09/17 10:31:05.818, 158.26, 100, 5225
2026/09/17 10:31:06.818, 157.82, 98, 5225
2026/09/17 10:31:07.818, 158.55, 100, 5225
2026/09/17 10:31:08.819, 157.80, 100, 5225
2026/09/17 10:31:09.819, 157.53, 98, 5225
2026/09/17 10:31:10.819, 158.00, 100, 5225
2026/09/17 10:31:11.819, 157.57, 100, 5225
2026/09/17 10:31:12.819, 157.87, 98, 5225
2026/09/17 10:31:13.828, 158.64, 100, 5225
2026/09/17 10:31:14.828, 157.50, 99, 5225
2026/09/17 10:31:15.828, 157.57, 98, 5225
2026/09/17 10:31:16.829, 158.13, 100, 5225
2026/09/17 10:31:17.829, 158.01, 100, 5225
2026/09/17 10:31:18.829, 157.71, 98, 5225
2026/09/17 10:31:19.829, 159.08, 100, 5225
2026/09/17 10:31:20.830, 157.77, 100, 5225
2026/09/17 10:31:21.830, 157.90, 98, 5225
2026/09/17 10:31:22.830, 158.74, 100, 5225
2026/09/17 10:31:23.830, 157.66, 99, 5225
2026/09/17 10:31:24.830, 157.45, 98, 5225
2026/09/17 10:31:25.831, 158.75, 100, 5225
2026/09/17 10:31:26.831, 157.86, 99, 5225
2026/09/17 10:31:27.831, 157.39, 98, 5225
2026/09/17 10:31:28.840, 158.11, 100, 5225
2026/09/17 10:31:29.840, 157.77, 98, 5225
2026/09/17 10:31:30.840, 157.93, 98, 5225
2026/09/17 10:31:31.840, 158.57, 100, 5225
2026/09/17 10:31:32.840, 158.09, 99, 5225
2026/09/17 10:31:33.841, 157.60, 98, 5225
2026/09/17 10:31:34.841, 158.87, 100, 5225
2026/09/17 10:31:35.841, 157.76, 98, 5225
2026/09/17 10:31:36.841, 157.68, 98, 5225
2026/09/17 10:31:37.842, 158.62, 100, 5225
2026/09/17 10:31:38.842, 157.66, 98, 5225
2026/09/17 10:31:39.842, 158.17, 99, 5225
2026/09/17 10:31:40.842, 158.45, 100, 5225
2026/09/17 10:31:41.842, 157.73, 98, 5225
2026/09/17 10:31:42.843, 157.75, 99, 5225
2026/09/17 10:31:43.843, 157.97, 100, 5225
2026/09/17 10:31:44.843, 157.61, 98, 5225
2026/09/17 10:31:45.843, 157.62, 100, 5225
2026/09/17 10:31:46.843, 158.01, 100, 5225
2026/09/17 10:31:47.844, 157.71, 98, 5225
2026/09/17 10:31:48.844, 157.89, 100, 5225
2026/09/17 10:31:49.844, 158.40, 100, 5225
2026/09/17 10:31:50.844, 157.92, 98, 5225
2026/09/17 10:31:51.845, 158.30, 100, 5225
2026/09/17 10:31:52.845, 158.24, 100, 5225
2026/09/17 10:31:53.845, 157.84, 98, 5225
2026/09/17 10:31:54.845, 158.14, 100, 5225
2026/09/17 10:31:55.845, 157.86, 100, 5225
2026/09/17 10:31:56.846, 157.05, 98, 5225
2026/09/17 10:31:57.846, 158.33, 100, 5225
2026/09/17 10:31:58.846, 157.10, 100, 5225
2026/09/17 10:31:59.846, 157.40, 98, 5225
2026/09/17 10:32:00.847, 157.55, 100, 5225
2026/09/17 10:32:01.847, 157.74, 100, 5225
2026/09/17 10:32:02.847, 157.10, 98, 5225
2026/09/17 10:32:03.847, 157.63, 100, 5225
2026/09/17 10:32:04.847, 157.76, 100, 5225
2026/09/17 10:32:05.848, 157.20, 98, 5225
2026/09/17 10:32:06.848, 157.77, 100, 5225
2026/09/17 10:32:07.848, 156.64, 100, 5225
2026/09/17 10:32:08.848, 156.90, 98, 5225
2026/09/17 10:32:09.848, 157.61, 100, 5225
2026/09/17 10:32:10.849, 157.69, 100, 5225
2026/09/17 10:32:11.849, 156.89, 98, 5225
2026/09/17 10:32:12.849, 156.96, 100, 5225
2026/09/17 10:32:13.849, 157.67, 100, 5225
2026/09/17 10:32:14.849, 157.13, 98, 5225
2026/09/17 10:32:15.849, 157.71, 100, 5225
2026/09/17 10:32:16.850, 157.89, 100, 5225
2026/09/17 10:32:17.850, 155.76, 90, 5225
2026/09/17 10:32:18.850, 158.49, 100, 5225
2026/09/17 10:32:19.850, 157.90, 100, 5225
2026/09/17 10:32:20.850, 156.77, 98, 5225
2026/09/17 10:32:21.851, 157.55, 100, 5225
2026/09/17 10:32:22.851, 157.39, 98, 5225
2026/09/17 10:32:23.851, 157.04, 98, 5225
2026/09/17 10:32:24.851, 157.27, 100, 5225
2026/09/17 10:32:25.851, 157.05, 98, 5225
2026/09/17 10:32:26.852, 157.34, 100, 5225
2026/09/17 10:32:27.852, 157.63, 100, 5225
2026/09/17 10:32:28.861, 157.12, 98, 5225
2026/09/17 10:32:29.861, 157.53, 100, 5225
2026/09/17 10:32:30.861, 157.66, 100, 5225
2026/09/17 10:32:31.861, 157.62, 98, 5225
2026/09/17 10:32:32.861, 157.46, 100, 5225
2026/09/17 10:32:33.862, 157.68, 100, 5225
2026/09/17 10:32:34.862, 157.12, 98, 5225
2026/09/17 10:32:35.862, 157.28, 100, 5225
2026/09/17 10:32:36.862, 157.43, 100, 5225
2026/09/17 10:32:37.862, 157.15, 98, 5225
2026/09/17 10:32:38.863, 157.30, 100, 5225
2026/09/17 10:32:39.863, 157.49, 100, 5225
2026/09/17 10:32:40.863, 156.93, 98, 5225
2026/09/17 10:32:41.863, 157.32, 100, 5225
2026/09/17 10:32:42.863, 157.46, 100, 5225
2026/09/17 10:32:43.872, 157.31, 98, 5225
2026/09/17 10:32:44.872, 158.03, 100, 5225
2026/09/17 10:32:45.872, 157.62, 100, 5225
2026/09/17 10:32:46.873, 156.95, 98, 5225
2026/09/17 10:32:47.873, 158.67, 100, 5225
2026/09/17 10:32:48.873, 157.94, 100, 5225
2026/09/17 10:32:49.873, 157.34, 98, 5225
2026/09/17 10:32:50.874, 157.99, 100, 5225
2026/09/17 10:32:51.874, 157.88, 100, 5225
2026/09/17 10:32:52.874, 157.60, 98, 5225
2026/09/17 10:32:53.874, 158.06, 100, 5225
2026/09/17 10:32:54.874, 157.79, 100, 5225
2026/09/17 10:32:55.875, 156.98, 98, 5225
2026/09/17 10:32:56.875, 157.44, 100, 5225
2026/09/17 10:32:57.875, 157.65, 100, 5225
2026/09/17 10:32:58.875, 157.68, 98, 5225
2026/09/17 10:32:59.876, 157.71, 100, 5225
2026/09/17 10:33:00.876, 158.13, 100, 5225
2026/09/17 10:33:01.876, 158.17, 98, 5225
2026/09/17 10:33:02.876, 158.28, 100, 5225
2026/09/17 10:33:03.876, 157.91, 100, 5225
2026/09/17 10:33:04.877, 157.78, 98, 5225
2026/09/17 10:33:05.877, 158.33, 100, 5225
2026/09/17 10:33:06.877, 157.88, 100, 5225
2026/09/17 10:33:07.877, 157.66, 98, 5225
2026/09/17 10:33:08.877, 157.56, 100, 5225
2026/09/17 10:33:09.878, 157.87, 100, 5225
2026/09/17 10:33:10.878, 157.55, 98, 5225
2026/09/17 10:33:11.878, 158.12, 100, 5225
2026/09/17 10:33:12.878, 157.92, 100, 5225
2026/09/17 10:33:13.878, 157.11, 98, 5225
2026/09/17 10:33:14.879, 158.44, 100, 5225
2026/09/17 10:33:15.879, 157.92, 100, 5225
2026/09/17 10:33:16.879, 157.56, 98, 5225
2026/09/17 10:33:17.879, 158.14, 100, 5225
2026/09/17 10:33:18.880, 157.81, 100, 5225
2026/09/17 10:33:19.880, 157.61, 98, 5225
2026/09/17 10:33:20.880, 157.61, 100, 5225
2026/09/17 10:33:21.880, 157.68, 100, 5225
2026/09/17 10:33:22.880, 157.39, 98, 5225
2026/09/17 10:33:23.881, 157.81, 100, 5225
2026/09/17 10:33:24.881, 157.74, 100, 5225
2026/09/17 10:33:25.881, 157.20, 98, 5225
2026/09/17 10:33:26.881, 157.59, 100, 5225
2026/09/17 10:33:27.881, 157.86, 100, 5225
2026/09/17 10:33:28.882, 157.26, 98, 5225
2026/09/17 10:33:29.882, 158.52, 100, 5225
2026/09/17 10:33:30.882, 158.17, 100, 5225
2026/09/17 10:33:31.882, 158.10, 98, 5225
2026/09/17 10:33:32.882, 158.26, 100, 5225
2026/09/17 10:33:33.882, 158.27, 100, 5225
2026/09/17 10:33:34.883, 158.28, 98, 5225
2026/09/17 10:33:35.883, 157.63, 100, 5225
2026/09/17 10:33:36.883, 157.88, 100, 5225
2026/09/17 10:33:37.883, 157.41, 98, 5225
2026/09/17 10:33:38.884, 157.09, 100, 5225
2026/09/17 10:33:39.884, 157.43, 99, 5225
2026/09/17 10:33:40.884, 157.42, 98, 5225
2026/09/17 10:33:41.884, 158.06, 100, 5225
2026/09/17 10:33:42.884, 157.60, 98, 5225
2026/09/17 10:33:43.885, 157.85, 100, 5225
2026/09/17 10:33:44.885, 157.70, 100, 5225
2026/09/17 10:33:45.885, 157.80, 98, 5225
2026/09/17 10:33:46.885, 157.98, 100, 5225
2026/09/17 10:33:47.885, 157.69, 100, 5225
2026/09/17 10:33:48.886, 156.85, 98, 5225
2026/09/17 10:33:49.886, 158.24, 100, 5225
2026/09/17 10:33:50.886, 157.59, 100, 5225
2026/09/17 10:33:51.886, 157.22, 98, 5225
2026/09/17 10:33:52.886, 157.86, 100, 5225
2026/09/17 10:33:53.887, 156.49, 100, 5225
2026/09/17 10:33:54.887, 157.07, 98, 5225
2026/09/17 10:33:55.887, 158.12, 100, 5225
2026/09/17 10:33:56.887, 157.75, 100, 5225
2026/09/17 10:33:57.888, 157.88, 98, 5225
2026/09/17 10:33:58.888, 157.18, 100, 5225
2026/09/17 10:33:59.888, 157.71, 100, 5225
2026/09/17 10:34:00.888, 157.15, 98, 5225
2026/09/17 10:34:01.888, 158.48, 100, 5225
2026/09/17 10:34:02.888, 157.86, 100, 5225
2026/09/17 10:34:03.889, 156.89, 90, 5225
2026/09/17 10:34:04.889, 158.74, 100, 5225
2026/09/17 10:34:05.889, 157.96, 98, 5225
2026/09/17 10:34:06.889, 157.57, 98, 5225
2026/09/17 10:34:07.889, 158.37, 100, 5225
2026/09/17 10:34:08.890, 157.91, 98, 5225
2026/09/17 10:34:09.898, 157.95, 99, 5225
2026/09/17 10:34:10.898, 158.49, 100, 5225
2026/09/17 10:34:11.899, 158.08, 98, 5225
2026/09/17 10:34:12.899, 158.16, 98, 5225
2026/09/17 10:34:13.899, 158.34, 100, 5225
2026/09/17 10:34:14.899, 158.05, 98, 5225
2026/09/17 10:34:15.899, 157.71, 99, 5225
2026/09/17 10:34:16.900, 158.09, 100, 5225
2026/09/17 10:34:17.900, 157.74, 98, 5225
2026/09/17 10:34:18.900, 157.79, 99, 5225
2026/09/17 10:34:19.900, 158.16, 100, 5225
2026/09/17 10:34:20.900, 157.66, 98, 5225
2026/09/17 10:34:21.901, 157.70, 100, 5225
2026/09/17 10:34:22.901, 158.00, 100, 5225
2026/09/17 10:34:23.901, 157.98, 98, 5225
2026/09/17 10:34:24.901, 157.96, 100, 5225
2026/09/17 10:34:25.901, 157.04, 100, 5225
2026/09/17 10:34:26.902, 163.01, 100, 5225
2026/09/17 10:34:27.902, 155.45, 99, 5225
2026/09/17 10:34:28.902, 155.13, 99, 5225
2026/09/17 10:34:29.902, 161.70, 100, 5225
2026/09/17 10:34:30.902, 158.39, 100, 5225
2026/09/17 10:34:31.903, 155.07, 99, 5225
2026/09/17 10:34:32.903, 158.98, 99, 5225
2026/09/17 10:34:33.903, 160.56, 100, 5225
2026/09/17 10:34:34.903, 155.35, 100, 5225
2026/09/17 10:34:35.903, 156.85, 99, 5225
2026/09/17 10:34:36.903, 162.84, 99, 5225
2026/09/17 10:34:37.904, 155.40, 100, 5225
2026/09/17 10:34:38.904, 154.97, 100, 5225
2026/09/17 10:34:39.904, 162.53, 99, 5225
2026/09/17 10:34:40.904, 157.71, 99, 5225
2026/09/17 10:34:41.904, 154.58, 99, 5225
2026/09/17 10:34:42.905, 159.41, 100, 5225
2026/09/17 10:34:43.905, 159.98, 100, 5225
2026/09/17 10:34:44.905, 154.74, 99, 5225
2026/09/17 10:34:45.905, 157.57, 100, 5225
2026/09/17 10:34:46.906, 162.10, 100, 5225
2026/09/17 10:34:47.906, 154.77, 100, 5225
2026/09/17 10:34:48.906, 154.46, 98, 5225
2026/09/17 10:34:49.906, 162.29, 100, 5225
2026/09/17 10:34:50.907, 156.70, 100, 5225
2026/09/17 10:34:51.907, 154.99, 100, 5225
2026/09/17 10:34:52.907, 160.65, 99, 5225
2026/09/17 10:34:53.907, 159.47, 99, 5225
2026/09/17 10:34:54.907, 155.01, 99, 5225
2026/09/17 10:34:55.907, 158.08, 99, 5225
2026/09/17 10:34:56.908, 161.83, 100, 5225
2026/09/17 10:34:57.908, 154.79, 99, 5225
2026/09/17 10:34:58.908, 155.34, 98, 5225
2026/09/17 10:34:59.908, 163.08, 99, 5225
2026/09/17 10:35:00.908, 156.85, 100, 5225
2026/09/17 10:35:01.909, 154.83, 99, 5225
2026/09/17 10:35:02.909, 66.79, 0, 5225
2026/09/17 10:35:03.909, 109.93, 98, 5225
2026/09/17 10:35:04.909, 157.18, 99, 5225
2026/09/17 10:35:05.909, 157.70, 100, 5225
2026/09/17 10:35:06.910, 156.39, 98, 5225
2026/09/17 10:35:07.910, 157.29, 100, 5225
2026/09/17 10:35:08.910, 157.65, 100, 5225
2026/09/17 10:35:09.910, 157.69, 98, 5225
2026/09/17 10:35:10.910, 157.40, 100, 5225
2026/09/17 10:35:11.911, 156.49, 100, 5225
2026/09/17 10:35:12.911, 157.10, 98, 5225
2026/09/17 10:35:13.911, 157.48, 100, 5225
2026/09/17 10:35:14.911, 157.55, 100, 5225
2026/09/17 10:35:15.911, 156.91, 98, 5225
2026/09/17 10:35:16.911, 157.25, 100, 5225
2026/09/17 10:35:17.912, 157.62, 100, 5225
2026/09/17 10:35:18.912, 157.07, 98, 5225
2026/09/17 10:35:19.912, 157.39, 100, 5225
2026/09/17 10:35:20.912, 157.78, 100, 5225
2026/09/17 10:35:21.912, 157.07, 98, 5225
2026/09/17 10:35:22.913, 157.30, 100, 5225
2026/09/17 10:35:23.913, 157.76, 100, 5225
2026/09/17 10:35:24.913, 156.76, 98, 5225
2026/09/17 10:35:25.913, 157.25, 100, 5225
2026/09/17 10:35:26.913, 157.68, 100, 5225
2026/09/17 10:35:27.913, 156.92, 98, 5225
2026/09/17 10:35:28.914, 157.51, 100, 5225
2026/09/17 10:35:29.914, 157.77, 100, 5225
2026/09/17 10:35:30.914, 156.80, 98, 5225
2026/09/17 10:35:31.914, 157.45, 100, 5225
2026/09/17 10:35:32.914, 157.68, 100, 5225
2026/09/17 10:35:33.915, 156.84, 98, 5225
2026/09/17 10:35:34.915, 157.34, 100, 5225
2026/09/17 10:35:35.915, 157.50, 100, 5225
2026/09/17 10:35:36.915, 156.90, 98, 5225
2026/09/17 10:35:37.915, 157.52, 100, 5225
2026/09/17 10:35:38.915, 157.63, 100, 5225
2026/09/17 10:35:39.916, 157.70, 98, 5225
2026/09/17 10:35:40.916, 158.07, 100, 5225
2026/09/17 10:35:41.916, 157.51, 100, 5225
2026/09/17 10:35:42.916, 157.26, 98, 5225
2026/09/17 10:35:43.916, 158.18, 100, 5225
2026/09/17 10:35:44.916, 157.72, 98, 5225
2026/09/17 10:35:45.917, 157.27, 98, 5225
2026/09/17 10:35:46.917, 157.40, 100, 5225
2026/09/17 10:35:47.917, 157.70, 98, 5225
2026/09/17 10:35:48.917, 157.59, 100, 5225
2026/09/17 10:35:49.918, 157.43, 100, 5225
2026/09/17 10:35:50.918, 157.26, 98, 5225
2026/09/17 10:35:51.918, 157.77, 100, 5225
2026/09/17 10:35:52.918, 156.29, 100, 5225
2026/09/17 10:35:53.918, 156.86, 98, 5225
2026/09/17 10:35:54.918, 158.17, 100, 5225
2026/09/17 10:35:55.919, 157.60, 100, 5225
2026/09/17 10:35:56.919, 157.13, 98, 5225
2026/09/17 10:35:57.919, 157.64, 100, 5225
2026/09/17 10:35:58.919, 157.48, 100, 5225
2026/09/17 10:35:59.920, 156.96, 98, 5225
2026/09/17 10:36:00.920, 157.65, 100, 5225
2026/09/17 10:36:01.920, 157.64, 100, 5225
2026/09/17 10:36:02.920, 156.70, 98, 5225
2026/09/17 10:36:03.920, 158.45, 100, 5225
2026/09/17 10:36:04.921, 157.62, 100, 5225
2026/09/17 10:36:05.921, 157.17, 98, 5225
2026/09/17 10:36:06.921, 157.74, 100, 5225
2026/09/17 10:36:07.921, 157.75, 100, 5225
2026/09/17 10:36:08.921, 158.20, 98, 5225
2026/09/17 10:36:09.922, 158.26, 100, 5225
2026/09/17 10:36:10.922, 158.14, 100, 5225
2026/09/17 10:36:11.922, 157.48, 98, 5225
2026/09/17 10:36:12.922, 158.05, 100, 5225
2026/09/17 10:36:13.923, 158.16, 100, 5225
2026/09/17 10:36:14.923, 157.36, 98, 5225
2026/09/17 10:36:15.923, 157.76, 100, 5225
2026/09/17 10:36:16.923, 157.99, 100, 5225
2026/09/17 10:36:17.932, 158.43, 98, 5225
2026/09/17 10:36:18.932, 158.07, 100, 5225
2026/09/17 10:36:19.932, 157.96, 100, 5225
2026/09/17 10:36:20.932, 157.05, 98, 5225
2026/09/17 10:36:21.933, 157.76, 100, 5225
2026/09/17 10:36:22.933, 158.22, 100, 5225
2026/09/17 10:36:23.933, 157.50, 98, 5225
2026/09/17 10:36:24.933, 158.82, 100, 5225
2026/09/17 10:36:25.933, 158.01, 100, 5225
2026/09/17 10:36:26.934, 157.53, 98, 5225
2026/09/17 10:36:27.934, 158.05, 100, 5225
2026/09/17 10:36:28.934, 157.41, 100, 5225
2026/09/17 10:36:29.934, 157.04, 98, 5225
2026/09/17 10:36:30.934, 158.36, 100, 5225
2026/09/17 10:36:31.935, 157.76, 100, 5225
2026/09/17 10:36:32.935, 157.89, 98, 5225
2026/09/17 10:36:33.935, 158.50, 100, 5225
2026/09/17 10:36:34.935, 157.53, 100, 5225
2026/09/17 10:36:35.935, 157.13, 98, 5225
2026/09/17 10:36:36.935, 157.98, 100, 5225
2026/09/17 10:36:37.936, 157.86, 100, 5225
2026/09/17 10:36:38.936, 157.19, 98, 5225
2026/09/17 10:36:39.936, 158.22, 100, 5225
2026/09/17 10:36:40.936, 157.47, 100, 5225
2026/09/17 10:36:41.936, 157.03, 98, 5225
2026/09/17 10:36:42.937, 158.04, 100, 5225
2026/09/17 10:36:43.937, 157.52, 100, 5225
2026/09/17 10:36:44.937, 157.71, 98, 5225
2026/09/17 10:36:45.937, 158.41, 100, 5225
2026/09/17 10:36:46.937, 157.50, 100, 5225
2026/09/17 10:36:47.938, 157.36, 98, 5225
2026/09/17 10:36:48.938, 158.11, 100, 5225
2026/09/17 10:36:49.938, 157.89, 100, 5225
2026/09/17 10:36:50.938, 157.98, 98, 5225
2026/09/17 10:36:51.938, 158.13, 100, 5225
2026/09/17 10:36:52.939, 156.94, 100, 5225
2026/09/17 10:36:53.939, 156.89, 98, 5225
2026/09/17 10:36:54.939, 157.75, 100, 5225
2026/09/17 10:36:55.939, 157.49, 98, 5225
2026/09/17 10:36:56.939, 157.46, 99, 5225
2026/09/17 10:36:57.940, 158.24, 100, 5225
2026/09/17 10:36:58.940, 157.29, 98, 5225
2026/09/17 10:36:59.940, 157.78, 100, 5225
2026/09/17 10:37:00.940, 157.64, 100, 5225
2026/09/17 10:37:01.941, 157.19, 98, 5225
2026/09/17 10:37:02.941, 156.67, 100, 5225
2026/09/17 10:37:03.941, 157.77, 100, 5225
2026/09/17 10:37:04.941, 156.77, 98, 5225
2026/09/17 10:37:05.941, 157.53, 100, 5225
2026/09/17 10:37:06.942, 157.87, 100, 5225
2026/09/17 10:37:07.942, 156.98, 98, 5225
2026/09/17 10:37:08.942, 157.71, 100, 5225
2026/09/17 10:37:09.942, 157.79, 100, 5225
2026/09/17 10:37:10.942, 156.83, 98, 5225
2026/09/17 10:37:11.943, 157.66, 100, 5225
2026/09/17 10:37:12.943, 157.87, 100, 5225
2026/09/17 10:37:13.943, 155.77, 98, 5225
2026/09/17 10:37:14.943, 158.12, 100, 5225
2026/09/17 10:37:15.943, 157.93, 100, 5225
2026/09/17 10:37:16.944, 156.82, 98, 5225
2026/09/17 10:37:17.944, 157.53, 100, 5225
2026/09/17 10:37:18.944, 157.66, 100, 5225
2026/09/17 10:37:19.944, 156.59, 98, 5225
2026/09/17 10:37:20.945, 157.55, 100, 5225
2026/09/17 10:37:21.945, 157.83, 100, 5225
2026/09/17 10:37:22.945, 157.48, 98, 5225
2026/09/17 10:37:23.954, 157.63, 100, 5225
2026/09/17 10:37:24.954, 157.70, 100, 5225
2026/09/17 10:37:25.954, 157.29, 98, 5225
2026/09/17 10:37:26.954, 157.18, 100, 5225
2026/09/17 10:37:27.954, 158.01, 100, 5225
2026/09/17 10:37:28.955, 157.30, 98, 5225
2026/09/17 10:37:29.955, 157.54, 100, 5225
2026/09/17 10:37:30.955, 158.43, 98, 5225
2026/09/17 10:37:31.955, 157.53, 99, 5225
2026/09/17 10:37:32.956, 157.23, 100, 5225
2026/09/17 10:37:33.956, 158.37, 98, 5225
2026/09/17 10:37:34.956, 157.44, 100, 5225
2026/09/17 10:37:35.956, 157.41, 98, 5225
2026/09/17 10:37:36.956, 157.74, 100, 5225
2026/09/17 10:37:37.957, 157.67, 98, 5225
2026/09/17 10:37:38.957, 157.65, 99, 5225
2026/09/17 10:37:39.957, 157.81, 100, 5225
2026/09/17 10:37:40.957, 157.60, 98, 5225
2026/09/17 10:37:41.957, 157.96, 100, 5225
2026/09/17 10:37:42.958, 157.86, 100, 5225
2026/09/17 10:37:43.958, 157.40, 98, 5225
2026/09/17 10:37:44.958, 158.14, 100, 5225
2026/09/17 10:37:45.958, 157.90, 100, 5225
2026/09/17 10:37:46.958, 157.40, 98, 5225
2026/09/17 10:37:47.958, 157.87, 100, 5225
2026/09/17 10:37:48.959, 157.76, 100, 5225
2026/09/17 10:37:49.959, 157.71, 98, 5225
2026/09/17 10:37:50.959, 157.93, 100, 5225
2026/09/17 10:37:51.959, 158.04, 100, 5225
2026/09/17 10:37:52.960, 156.95, 98, 5225
2026/09/17 10:37:53.960, 157.60, 100, 5225
2026/09/17 10:37:54.960, 157.76, 100, 5225
2026/09/17 10:37:55.960, 156.96, 98, 5225
2026/09/17 10:37:56.961, 157.70, 100, 5225
2026/09/17 10:37:57.961, 157.98, 100, 5225
2026/09/17 10:37:58.961, 156.98, 98, 5225
2026/09/17 10:37:59.961, 157.54, 100, 5225
2026/09/17 10:38:00.961, 157.90, 100, 5225
2026/09/17 10:38:01.961, 156.72, 98, 5225
2026/09/17 10:38:02.962, 157.51, 100, 5225
2026/09/17 10:38:03.962, 157.70, 100, 5225
2026/09/17 10:38:04.962, 156.60, 98, 5225
2026/09/17 10:38:05.962, 157.57, 100, 5225
2026/09/17 10:38:06.962, 157.74, 100, 5225
2026/09/17 10:38:07.963, 156.94, 98, 5225
2026/09/17 10:38:08.963, 157.85, 100, 5225
2026/09/17 10:38:09.963, 158.17, 100, 5225
2026/09/17 10:38:10.963, 157.59, 98, 5225
2026/09/17 10:38:11.964, 157.93, 100, 5225
2026/09/17 10:38:12.964, 157.66, 100, 5225
2026/09/17 10:38:13.964, 156.72, 98, 5225
2026/09/17 10:38:14.964, 158.04, 100, 5225
2026/09/17 10:38:15.964, 158.02, 100, 5225
2026/09/17 10:38:16.964, 156.73, 98, 5225
2026/09/17 10:38:17.965, 157.66, 100, 5225
2026/09/17 10:38:18.965, 157.76, 100, 5225
2026/09/17 10:38:19.965, 156.78, 98, 5225
2026/09/17 10:38:20.965, 157.85, 100, 5225
2026/09/17 10:38:21.965, 157.85, 100, 5225
2026/09/17 10:38:22.966, 156.60, 98, 5225
2026/09/17 10:38:23.966, 157.45, 100, 5225
2026/09/17 10:38:24.966, 157.74, 100, 5225
2026/09/17 10:38:25.966, 156.61, 98, 5225
2026/09/17 10:38:26.967, 158.55, 100, 5225
2026/09/17 10:38:27.967, 157.85, 100, 5225
2026/09/17 10:38:28.967, 157.24, 98, 5225
2026/09/17 10:38:29.967, 158.78, 100, 5225
2026/09/17 10:38:30.967, 156.98, 99, 5225
2026/09/17 10:38:31.967, 157.07, 98, 5225
2026/09/17 10:38:32.968, 157.94, 100, 5225
2026/09/17 10:38:33.968, 157.57, 98, 5225
2026/09/17 10:38:34.968, 157.30, 99, 5225
2026/09/17 10:38:35.968, 157.28, 100, 5225
2026/09/17 10:38:36.968, 157.28, 98, 5225
2026/09/17 10:38:37.969, 157.20, 100, 5225
2026/09/17 10:38:38.969, 157.31, 100, 5225
2026/09/17 10:38:39.969, 157.54, 98, 5225
2026/09/17 10:38:40.969, 157.40, 100, 5225
2026/09/17 10:38:41.969, 157.49, 100, 5225
2026/09/17 10:38:42.970, 156.86, 98, 5225
2026/09/17 10:38:43.970, 157.24, 100, 5225
2026/09/17 10:38:44.970, 157.62, 100, 5225
2026/09/17 10:38:45.970, 157.14, 98, 5225
2026/09/17 10:38:46.970, 157.14, 100, 5225
2026/09/17 10:38:47.970, 157.66, 100, 5225
2026/09/17 10:38:48.971, 157.56, 98, 5225
2026/09/17 10:38:49.971, 157.36, 100, 5225
2026/09/17 10:38:50.971, 157.19, 100, 5225
2026/09/17 10:38:51.971, 155.74, 98, 5225
2026/09/17 10:38:52.972, 157.17, 100, 5225
2026/09/17 10:38:53.972, 157.34, 100, 5225
2026/09/17 10:38:54.972, 157.72, 98, 5225
2026/09/17 10:38:55.972, 157.34, 100, 5225
2026/09/17 10:38:56.972, 157.30, 100, 5225
2026/09/17 10:38:57.973, 157.05, 98, 5225
2026/09/17 10:38:58.973, 157.29, 100, 5225
2026/09/17 10:38:59.973, 157.63, 100, 5225
2026/09/17 10:39:00.973, 159.19, 99, 5225
2026/09/17 10:39:01.973, 160.16, 100, 5225
2026/09/17 10:39:02.974, 154.86, 100, 5225
2026/09/17 10:39:03.974, 156.66, 99, 5225
2026/09/17 10:39:04.974, 162.35, 99, 5225
2026/09/17 10:39:05.974, 155.23, 100, 5225
2026/09/17 10:39:06.974, 155.20, 100, 5225
2026/09/17 10:39:07.975, 162.83, 100, 5225
2026/09/17 10:39:08.975, 157.26, 99, 5225
2026/09/17 10:39:09.975, 155.15, 100, 5225
2026/09/17 10:39:10.975, 160.41, 100, 5225
2026/09/17 10:39:11.975, 159.49, 99, 5225
2026/09/17 10:39:12.976, 155.05, 99, 5225
2026/09/17 10:39:13.976, 157.67, 99, 5225
2026/09/17 10:39:14.976, 161.85, 100, 5225
2026/09/17 10:39:15.976, 154.87, 100, 5225
2026/09/17 10:39:16.976, 155.07, 98, 5225
2026/09/17 10:39:17.977, 162.44, 99, 5225
2026/09/17 10:39:18.977, 156.46, 100, 5225
2026/09/17 10:39:19.977, 155.08, 100, 5225
2026/09/17 10:39:20.977, 160.36, 99, 5225
2026/09/17 10:39:21.977, 158.49, 99, 5225
2026/09/17 10:39:22.978, 154.66, 100, 5225
2026/09/17 10:39:23.978, 157.93, 100, 5225
2026/09/17 10:39:24.978, 161.00, 99, 5225
2026/09/17 10:39:25.978, 154.67, 99, 5225
2026/09/17 10:39:26.978, 155.95, 100, 5225
2026/09/17 10:39:27.978, 162.97, 100, 5225
2026/09/17 10:39:28.979, 156.28, 99, 5225
2026/09/17 10:39:29.979, 154.50, 99, 5225
2026/09/17 10:39:30.979, 160.89, 100, 5225
2026/09/17 10:39:31.979, 157.95, 100, 5225
2026/09/17 10:39:32.979, 154.87, 100, 5225
2026/09/17 10:39:33.980, 158.43, 99, 5225
2026/09/17 10:39:34.980, 160.20, 99, 5225
2026/09/17 10:39:35.980, 154.77, 100, 5225
2026/09/17 10:39:36.980, 128.12, 29, 5225
2026/09/17 10:39:37.980, 42.53, 100, 5225
2026/09/17 10:39:38.981, 156.43, 98, 5225
2026/09/17 10:39:39.981, 157.33, 100, 5225
2026/09/17 10:39:40.981, 157.68, 100, 5225
2026/09/17 10:39:41.981, 157.85, 98, 5225
2026/09/17 10:39:42.982, 157.31, 100, 5225
2026/09/17 10:39:43.982, 156.85, 100, 5225
2026/09/17 10:39:44.982, 156.29, 98, 5225
2026/09/17 10:39:45.982, 156.94, 100, 5225
2026/09/17 10:39:46.982, 157.35, 100, 5225
2026/09/17 10:39:47.983, 156.97, 98, 5225
2026/09/17 10:39:48.983, 157.98, 100, 5225
2026/09/17 10:39:49.983, 157.34, 99, 5225
2026/09/17 10:39:50.983, 156.65, 98, 5225
2026/09/17 10:39:51.984, 157.74, 100, 5225
2026/09/17 10:39:52.984, 157.37, 98, 5225
2026/09/17 10:39:53.984, 157.41, 99, 5225
2026/09/17 10:39:54.984, 157.20, 100, 5225
2026/09/17 10:39:55.984, 157.25, 98, 5225
2026/09/17 10:39:56.985, 157.32, 100, 5225
2026/09/17 10:39:57.985, 157.30, 100, 5225
2026/09/17 10:39:58.985, 157.27, 98, 5225
2026/09/17 10:39:59.985, 156.22, 100, 5225
2026/09/17 10:40:00.985, 157.45, 100, 5225
2026/09/17 10:40:01.986, 157.43, 98, 5225
2026/09/17 10:40:02.986, 157.82, 100, 5225
2026/09/17 10:40:03.986, 157.43, 100, 5225
2026/09/17 10:40:04.986, 156.86, 98, 5225
2026/09/17 10:40:05.986, 157.39, 100, 5225
2026/09/17 10:40:06.987, 157.48, 100, 5225
2026/09/17 10:40:07.987, 157.13, 98, 5225
2026/09/17 10:40:08.987, 157.89, 100, 5225
2026/09/17 10:40:09.987, 156.25, 100, 5225
2026/09/17 10:40:10.987, 157.18, 98, 5225
2026/09/17 10:40:11.988, 157.41, 100, 5225
2026/09/17 10:40:12.988, 157.58, 100, 5225
2026/09/17 10:40:13.988, 156.51, 98, 5225
2026/09/17 10:40:14.988, 157.88, 100, 5225
2026/09/17 10:40:15.989, 157.43, 100, 5225
2026/09/17 10:40:16.989, 156.96, 98, 5225
2026/09/17 10:40:17.989, 157.41, 100, 5225
2026/09/17 10:40:18.989, 157.22, 100, 5225
2026/09/17 10:40:19.989, 155.56, 98, 5225
2026/09/17 10:40:20.990, 157.29, 100, 5225
2026/09/17 10:40:21.990, 156.89, 100, 5225
2026/09/17 10:40:22.990, 156.93, 98, 5225
2026/09/17 10:40:23.990, 157.51, 100, 5225
2026/09/17 10:40:24.991, 156.17, 98, 5225
2026/09/17 10:40:25.991, 157.17, 98, 5225
2026/09/17 10:40:26.991, 157.71, 100, 5225
2026/09/17 10:40:27.991, 156.78, 98, 5225
2026/09/17 10:40:28.991, 157.27, 100, 5225
2026/09/17 10:40:29.992, 156.57, 100, 5225
2026/09/17 10:40:30.992, 156.97, 98, 5225
2026/09/17 10:40:31.992, 157.99, 100, 5225
2026/09/17 10:40:32.992, 158.12, 100, 5225
2026/09/17 10:40:33.992, 156.91, 98, 5225
2026/09/17 10:40:34.993, 157.89, 100, 5225
2026/09/17 10:40:35.993, 156.59, 100, 5225
2026/09/17 10:40:36.993, 157.38, 98, 5225
2026/09/17 10:40:37.993, 157.60, 100, 5225
2026/09/17 10:40:38.993, 157.98, 100, 5225
2026/09/17 10:40:39.994, 156.66, 98, 5225
2026/09/17 10:40:40.994, 157.45, 100, 5225
2026/09/17 10:40:41.994, 157.69, 100, 5225
2026/09/17 10:40:42.994, 156.90, 98, 5225
2026/09/17 10:40:43.994, 157.38, 100, 5225
2026/09/17 10:40:44.995, 157.54, 100, 5225
2026/09/17 10:40:46.003, 156.81, 98, 5225
2026/09/17 10:40:47.003, 157.87, 100, 5225
2026/09/17 10:40:48.004, 157.70, 100, 5225
2026/09/17 10:40:49.004, 156.90, 98, 5225
2026/09/17 10:40:50.004, 158.00, 100, 5225
2026/09/17 10:40:51.013, 157.59, 100, 5225
2026/09/17 10:40:52.013, 157.19, 98, 5225
2026/09/17 10:40:53.013, 157.93, 100, 5225
2026/09/17 10:40:54.013, 158.05, 100, 5225
2026/09/17 10:40:55.013, 156.92, 98, 5225
2026/09/17 10:40:56.014, 157.92, 100, 5225
2026/09/17 10:40:57.014, 157.71, 100, 5225
2026/09/17 10:40:58.014, 156.72, 98, 5225
2026/09/17 10:40:59.014, 157.55, 100, 5225
2026/09/17 10:41:00.014, 157.86, 100, 5225
2026/09/17 10:41:01.015, 157.01, 98, 5225
2026/09/17 10:41:02.015, 157.90, 100, 5225
2026/09/17 10:41:03.018, 157.93, 100, 5225
2026/09/17 10:41:04.018, 156.74, 98, 5225
2026/09/17 10:41:05.018, 157.62, 100, 5225
2026/09/17 10:41:06.027, 157.83, 100, 5225
2026/09/17 10:41:07.027, 156.90, 98, 5225
2026/09/17 10:41:08.027, 158.19, 100, 5225
2026/09/17 10:41:09.027, 158.11, 100, 5225
2026/09/17 10:41:10.028, 156.79, 98, 5225
2026/09/17 10:41:11.028, 157.69, 100, 5225
2026/09/17 10:41:12.028, 157.81, 100, 5225
2026/09/17 10:41:13.028, 156.76, 98, 5225
2026/09/17 10:41:14.029, 158.04, 100, 5225
2026/09/17 10:41:15.029, 157.58, 100, 5225
2026/09/17 10:41:16.029, 156.35, 98, 5225
2026/09/17 10:41:17.029, 157.57, 100, 5225
2026/09/17 10:41:18.029, 157.74, 100, 5225
2026/09/17 10:41:19.030, 156.70, 98, 5225
2026/09/17 10:41:20.030, 157.39, 100, 5225
2026/09/17 10:41:21.030, 157.81, 100, 5225
2026/09/17 10:41:22.030, 156.84, 98, 5225
2026/09/17 10:41:23.031, 157.36, 100, 5225
2026/09/17 10:41:24.031, 157.58, 100, 5225
2026/09/17 10:41:25.031, 156.43, 98, 5225
2026/09/17 10:41:26.031, 157.66, 100, 5225
2026/09/17 10:41:27.032, 157.99, 100, 5225
2026/09/17 10:41:28.032, 156.75, 98, 5225
2026/09/17 10:41:29.032, 157.58, 100, 5225
2026/09/17 10:41:30.032, 157.78, 100, 5225
2026/09/17 10:41:31.032, 157.75, 98, 5225
2026/09/17 10:41:32.033, 157.84, 100, 5225
2026/09/17 10:41:33.033, 157.85, 100, 5225
2026/09/17 10:41:34.033, 157.37, 98, 5225
2026/09/17 10:41:35.033, 157.84, 100, 5225
2026/09/17 10:41:36.033, 157.48, 100, 5225
2026/09/17 10:41:37.034, 156.76, 98, 5225
2026/09/17 10:41:38.034, 158.28, 100, 5225
2026/09/17 10:41:39.034, 157.70, 100, 5225
2026/09/17 10:41:40.034, 156.93, 98, 5225
2026/09/17 10:41:41.034, 156.85, 100, 5225
2026/09/17 10:41:42.035, 157.85, 100, 5225
2026/09/17 10:41:43.035, 157.13, 98, 5225
2026/09/17 10:41:44.035, 157.76, 100, 5225
2026/09/17 10:41:45.035, 157.90, 100, 5225
2026/09/17 10:41:46.035, 157.11, 98, 5225
2026/09/17 10:41:47.035, 157.81, 100, 5225
2026/09/17 10:41:48.036, 157.88, 100, 5225
2026/09/17 10:41:49.036, 157.00, 98, 5225
2026/09/17 10:41:50.036, 157.92, 100, 5225
2026/09/17 10:41:51.036, 157.08, 100, 5225
2026/09/17 10:41:52.036, 157.28, 98, 5225
2026/09/17 10:41:53.037, 158.24, 100, 5225
2026/09/17 10:41:54.037, 157.39, 99, 5225
2026/09/17 10:41:55.037, 156.93, 98, 5225
2026/09/17 10:41:56.037, 158.73, 100, 5225
2026/09/17 10:41:57.037, 156.72, 98, 5225
2026/09/17 10:41:58.038, 157.23, 100, 5225
2026/09/17 10:41:59.038, 157.67, 100, 5225
2026/09/17 10:42:00.038, 157.26, 98, 5225
2026/09/17 10:42:01.038, 157.75, 100, 5225
2026/09/17 10:42:02.038, 157.88, 100, 5225
2026/09/17 10:42:03.039, 157.29, 97, 5225
2026/09/17 10:42:04.039, 157.29, 100, 5225
2026/09/17 10:42:05.039, 157.45, 100, 5225
2026/09/17 10:42:06.039, 157.01, 98, 5225
2026/09/17 10:42:07.040, 157.31, 100, 5225
2026/09/17 10:42:08.040, 157.62, 100, 5225
2026/09/17 10:42:09.040, 157.03, 98, 5225
2026/09/17 10:42:10.040, 157.25, 100, 5225
2026/09/17 10:42:11.040, 157.37, 100, 5225
2026/09/17 10:42:12.049, 157.12, 98, 5225
2026/09/17 10:42:13.049, 157.38, 100, 5225
2026/09/17 10:42:14.050, 157.48, 100, 5225
2026/09/17 10:42:15.050, 157.09, 98, 5225
2026/09/17 10:42:16.050, 156.99, 100, 5225
2026/09/17 10:42:17.059, 157.36, 100, 5225
2026/09/17 10:42:18.059, 156.83, 98, 5225
2026/09/17 10:42:19.059, 157.31, 100, 5225
2026/09/17 10:42:20.059, 157.74, 100, 5225
2026/09/17 10:42:21.059, 156.75, 98, 5225
2026/09/17 10:42:22.060, 157.38, 100, 5225
2026/09/17 10:42:23.060, 157.43, 100, 5225
2026/09/17 10:42:24.060, 156.96, 98, 5225
2026/09/17 10:42:25.060, 157.37, 100, 5225
2026/09/17 10:42:26.061, 157.67, 100, 5225
2026/09/17 10:42:27.061, 156.88, 98, 5225
2026/09/17 10:42:28.061, 158.26, 100, 5225
2026/09/17 10:42:29.061, 157.68, 99, 5225
2026/09/17 10:42:30.062, 157.26, 98, 5225
2026/09/17 10:42:31.062, 157.92, 100, 5225
2026/09/17 10:42:32.062, 157.44, 98, 5225
2026/09/17 10:42:33.062, 157.34, 99, 5225
2026/09/17 10:42:34.063, 157.35, 100, 5225
2026/09/17 10:42:35.063, 157.21, 98, 5225
2026/09/17 10:42:36.063, 157.55, 100, 5225
2026/09/17 10:42:37.063, 157.50, 100, 5225
2026/09/17 10:42:38.064, 157.21, 98, 5225
2026/09/17 10:42:39.064, 157.74, 100, 5225
2026/09/17 10:42:40.064, 157.52, 100, 5225
2026/09/17 10:42:41.064, 157.30, 98, 5225
2026/09/17 10:42:42.073, 157.65, 100, 5225
2026/09/17 10:42:43.073, 157.61, 100, 5225
2026/09/17 10:42:44.073, 157.29, 98, 5225
2026/09/17 10:42:45.074, 157.68, 100, 5225
2026/09/17 10:42:46.074, 157.54, 100, 5225
2026/09/17 10:42:47.080, 157.02, 97, 5225
2026/09/17 10:42:48.081, 158.11, 100, 5225
2026/09/17 10:42:49.081, 157.63, 100, 5225
2026/09/17 10:42:50.081, 157.58, 98, 5225
2026/09/17 10:42:51.081, 158.09, 100, 5225
2026/09/17 10:42:52.081, 157.46, 100, 5225
2026/09/17 10:42:53.082, 157.23, 97, 5225
2026/09/17 10:42:54.082, 157.59, 100, 5225
2026/09/17 10:42:55.082, 157.61, 100, 5225
2026/09/17 10:42:56.082, 156.93, 98, 5225
2026/09/17 10:42:57.082, 157.75, 100, 5225
2026/09/17 10:42:58.083, 158.06, 100, 5225
2026/09/17 10:42:59.083, 157.31, 98, 5225
2026/09/17 10:43:00.083, 158.10, 100, 5225
2026/09/17 10:43:01.083, 157.90, 100, 5225
2026/09/17 10:43:02.083, 157.33, 98, 5225
2026/09/17 10:43:03.084, 157.73, 100, 5225
2026/09/17 10:43:04.084, 157.43, 100, 5225
2026/09/17 10:43:05.084, 157.27, 98, 5225
2026/09/17 10:43:06.084, 157.83, 100, 5225
2026/09/17 10:43:07.084, 157.95, 100, 5225
2026/09/17 10:43:08.085, 157.32, 98, 5225
2026/09/17 10:43:09.085, 157.90, 100, 5225
2026/09/17 10:43:10.085, 157.41, 100, 5225
2026/09/17 10:43:11.085, 157.12, 98, 5225
2026/09/17 10:43:12.085, 157.95, 100, 5225
2026/09/17 10:43:13.086, 157.59, 100, 5225
2026/09/17 10:43:14.086, 156.98, 98, 5225
2026/09/17 10:43:15.086, 157.98, 100, 5225
2026/09/17 10:43:16.086, 157.85, 100, 5225
2026/09/17 10:43:17.086, 156.01, 98, 5225
2026/09/17 10:43:18.087, 157.36, 100, 5225
2026/09/17 10:43:19.087, 157.18, 100, 5225
2026/09/17 10:43:20.087, 157.44, 98, 5225
2026/09/17 10:43:21.087, 157.82, 100, 5225
2026/09/17 10:43:22.088, 156.75, 100, 5225
2026/09/17 10:43:23.088, 157.78, 98, 5225
2026/09/17 10:43:24.088, 158.82, 100, 5225
2026/09/17 10:43:25.088, 157.87, 100, 5225
2026/09/17 10:43:26.088, 157.40, 98, 5225
2026/09/17 10:43:27.089, 157.38, 100, 5225
2026/09/17 10:43:28.089, 157.80, 100, 5225
2026/09/17 10:43:29.089, 157.60, 98, 5225
2026/09/17 10:43:30.089, 158.13, 100, 5225
2026/09/17 10:43:31.090, 157.47, 100, 5225
2026/09/17 10:43:32.090, 157.47, 98, 5225
2026/09/17 10:43:33.090, 158.09, 100, 5225
2026/09/17 10:43:34.090, 157.95, 100, 5225
2026/09/17 10:43:35.091, 157.13, 98, 5225
2026/09/17 10:43:36.091, 159.22, 100, 5225
2026/09/17 10:43:37.091, 161.09, 99, 5225
2026/09/17 10:43:38.091, 155.43, 100, 5225
2026/09/17 10:43:39.091, 156.34, 99, 5225
2026/09/17 10:43:40.092, 162.96, 100, 5225
2026/09/17 10:43:41.092, 155.26, 99, 5225
2026/09/17 10:43:42.092, 155.06, 100, 5225
2026/09/17 10:43:43.092, 161.02, 99, 5225
2026/09/17 10:43:44.092, 157.75, 100, 5225
2026/09/17 10:43:45.093, 155.01, 99, 5225
2026/09/17 10:43:46.093, 159.01, 99, 5225
2026/09/17 10:43:47.093, 160.69, 100, 5225
2026/09/17 10:43:48.093, 155.15, 100, 5225
2026/09/17 10:43:49.093, 156.98, 99, 5225
2026/09/17 10:43:50.094, 162.72, 100, 5225
2026/09/17 10:43:51.094, 155.58, 100, 5225
2026/09/17 10:43:52.094, 155.51, 100, 5225
2026/09/17 10:43:53.094, 162.69, 99, 5225
2026/09/17 10:43:54.094, 157.39, 99, 5225
2026/09/17 10:43:55.095, 155.35, 100, 5225
2026/09/17 10:43:56.095, 159.80, 100, 5225
2026/09/17 10:43:57.095, 159.60, 100, 5225
2026/09/17 10:43:58.095, 155.16, 99, 5225
2026/09/17 10:43:59.095, 157.79, 99, 5225
2026/09/17 10:44:00.096, 161.99, 100, 5225
2026/09/17 10:44:01.096, 155.29, 100, 5225
2026/09/17 10:44:02.096, 155.32, 98, 5225
2026/09/17 10:44:03.096, 162.46, 99, 5225
2026/09/17 10:44:04.096, 156.67, 100, 5225
2026/09/17 10:44:05.096, 155.20, 100, 5225
2026/09/17 10:44:06.097, 160.98, 99, 5225
2026/09/17 10:44:07.097, 158.77, 99, 5225
2026/09/17 10:44:08.097, 155.09, 100, 5225
2026/09/17 10:44:09.097, 158.50, 99, 5225
2026/09/17 10:44:10.097, 161.11, 99, 5225
2026/09/17 10:44:11.098, 154.97, 99, 5225
2026/09/17 10:44:12.098, 139.27, 28, 5225
2026/09/17 10:44:13.098, 34.90, 100, 5225
2026/09/17 10:44:14.098, 157.79, 100, 5225
2026/09/17 10:44:15.098, 157.08, 100, 5225
2026/09/17 10:44:16.099, 157.66, 98, 5225
2026/09/17 10:44:17.099, 157.95, 100, 5225
2026/09/17 10:44:18.099, 157.63, 100, 5225
2026/09/17 10:44:19.099, 157.57, 98, 5225
2026/09/17 10:44:20.099, 157.66, 100, 5225
2026/09/17 10:44:21.100, 157.72, 100, 5225
2026/09/17 10:44:22.100, 157.13, 98, 5225
2026/09/17 10:44:23.100, 157.49, 100, 5225
2026/09/17 10:44:24.100, 157.60, 100, 5225
2026/09/17 10:44:25.101, 157.53, 98, 5225
2026/09/17 10:44:26.101, 157.51, 100, 5225
2026/09/17 10:44:27.101, 157.51, 100, 5225
2026/09/17 10:44:28.101, 157.81, 98, 5225
2026/09/17 10:44:29.101, 157.58, 100, 5225
2026/09/17 10:44:30.102, 157.96, 100, 5225
2026/09/17 10:44:31.102, 157.32, 98, 5225
2026/09/17 10:44:32.102, 157.57, 100, 5225
2026/09/17 10:44:33.102, 157.96, 100, 5225
2026/09/17 10:44:34.102, 158.03, 98, 5225
2026/09/17 10:44:35.103, 157.64, 100, 5225
2026/09/17 10:44:36.103, 157.58, 100, 5225
2026/09/17 10:44:37.103, 157.43, 98, 5225
2026/09/17 10:44:38.103, 156.31, 100, 5225
2026/09/17 10:44:39.103, 157.55, 100, 5225
2026/09/17 10:44:40.104, 157.73, 98, 5225
2026/09/17 10:44:41.104, 156.69, 100, 5225
2026/09/17 10:44:42.104, 157.35, 100, 5225
2026/09/17 10:44:43.113, 157.38, 98, 5225
2026/09/17 10:44:44.113, 156.65, 100, 5225
2026/09/17 10:44:45.113, 157.61, 100, 5225
2026/09/17 10:44:46.113, 157.44, 98, 5225
2026/09/17 10:44:47.114, 156.66, 100, 5225
2026/09/17 10:44:48.122, 157.28, 100, 5225
2026/09/17 10:44:49.123, 157.45, 100, 5225
2026/09/17 10:44:50.123, 156.61, 100, 5225
2026/09/17 10:44:51.123, 157.35, 100, 5225
2026/09/17 10:44:52.123, 157.65, 100, 5225
2026/09/17 10:44:53.123, 157.36, 98, 5225
2026/09/17 10:44:54.124, 157.28, 100, 5225
2026/09/17 10:44:55.124, 157.47, 100, 5225
2026/09/17 10:44:56.124, 157.47, 98, 5225
2026/09/17 10:44:57.124, 157.30, 100, 5225
2026/09/17 10:44:58.125, 157.51, 100, 5225
2026/09/17 10:44:59.125, 156.71, 98, 5225
2026/09/17 10:45:00.125, 157.24, 100, 5225
2026/09/17 10:45:01.125, 157.48, 100, 5225
2026/09/17 10:45:02.125, 156.62, 98, 5225
2026/09/17 10:45:03.125, 157.47, 100, 5225
2026/09/17 10:45:04.126, 157.37, 100, 5225
2026/09/17 10:45:05.126, 157.04, 98, 5225
2026/09/17 10:45:06.126, 158.37, 100, 5225
2026/09/17 10:45:07.126, 156.64, 98, 5225
2026/09/17 10:45:08.126, 157.60, 100, 5225
2026/09/17 10:45:09.127, 157.44, 100, 5225
2026/09/17 10:45:10.127, 157.52, 98, 5225
2026/09/17 10:45:11.127, 157.64, 100, 5225
2026/09/17 10:45:12.127, 157.28, 100, 5225
2026/09/17 10:45:13.127, 157.11, 98, 5225
2026/09/17 10:45:14.128, 157.65, 100, 5225
2026/09/17 10:45:15.128, 157.50, 100, 5225
2026/09/17 10:45:16.128, 157.48, 98, 5225
2026/09/17 10:45:17.128, 157.45, 100, 5225
2026/09/17 10:45:18.128, 157.37, 100, 5225
2026/09/17 10:45:19.128, 156.84, 98, 5225
2026/09/17 10:45:20.129, 157.37, 100, 5225
2026/09/17 10:45:21.129, 157.40, 100, 5225
2026/09/17 10:45:22.129, 156.00, 98, 5225
2026/09/17 10:45:23.129, 157.34, 100, 5225
2026/09/17 10:45:24.129, 157.45, 100, 5225
2026/09/17 10:45:25.130, 156.85, 98, 5225
2026/09/17 10:45:26.130, 157.16, 100, 5225
2026/09/17 10:45:27.130, 156.23, 100, 5225
2026/09/17 10:45:28.130, 157.70, 98, 5225
2026/09/17 10:45:29.130, 157.51, 100, 5225
2026/09/17 10:45:30.131, 157.56, 100, 5225
2026/09/17 10:45:31.131, 156.77, 98, 5225
2026/09/17 10:45:32.131, 157.37, 100, 5225
2026/09/17 10:45:33.131, 157.64, 100, 5225
2026/09/17 10:45:34.132, 157.01, 98, 5225
2026/09/17 10:45:35.132, 157.54, 100, 5225
2026/09/17 10:45:36.132, 157.51, 99, 5225
2026/09/17 10:45:37.132, 157.11, 98, 5225
2026/09/17 10:45:38.132, 157.50, 100, 5225
2026/09/17 10:45:39.133, 157.33, 98, 5225
2026/09/17 10:45:40.133, 157.16, 98, 5225
2026/09/17 10:45:41.133, 157.24, 100, 5225
2026/09/17 10:45:42.133, 157.09, 98, 5225
2026/09/17 10:45:43.133, 157.58, 99, 5225
2026/09/17 10:45:44.134, 157.46, 100, 5225
2026/09/17 10:45:45.134, 157.12, 98, 5225
2026/09/17 10:45:46.134, 157.80, 100, 5225
2026/09/17 10:45:47.134, 157.77, 100, 5225
2026/09/17 10:45:48.135, 157.48, 98, 5225
2026/09/17 10:45:49.135, 157.70, 100, 5225
2026/09/17 10:45:50.135, 157.54, 100, 5225
2026/09/17 10:45:51.135, 156.70, 98, 5225
2026/09/17 10:45:52.135, 157.49, 100, 5225
2026/09/17 10:45:53.144, 157.53, 100, 5225
2026/09/17 10:45:54.144, 156.73, 98, 5225
2026/09/17 10:45:55.145, 157.39, 100, 5225
2026/09/17 10:45:56.145, 157.47, 100, 5225
2026/09/17 10:45:57.145, 157.45, 98, 5225
2026/09/17 10:45:58.145, 157.68, 100, 5225
2026/09/17 10:45:59.146, 157.46, 100, 5225
2026/09/17 10:46:00.146, 156.83, 98, 5225
2026/09/17 10:46:01.146, 157.56, 100, 5225
2026/09/17 10:46:02.146, 157.53, 100, 5225
2026/09/17 10:46:03.146, 156.83, 98, 5225
2026/09/17 10:46:04.147, 157.47, 100, 5225
2026/09/17 10:46:05.147, 157.49, 100, 5225
2026/09/17 10:46:06.147, 156.65, 98, 5225
2026/09/17 10:46:07.147, 157.58, 100, 5225
2026/09/17 10:46:08.156, 157.47, 100, 5225
2026/09/17 10:46:09.156, 156.84, 98, 5225
2026/09/17 10:46:10.156, 157.49, 100, 5225
2026/09/17 10:46:11.156, 157.61, 100, 5225
2026/09/17 10:46:12.157, 156.68, 98, 5225
2026/09/17 10:46:13.165, 157.57, 100, 5225
2026/09/17 10:46:14.166, 157.28, 100, 5225
2026/09/17 10:46:15.166, 156.74, 98, 5225
2026/09/17 10:46:16.166, 157.64, 100, 5225
2026/09/17 10:46:17.166, 157.44, 100, 5225
2026/09/17 10:46:18.166, 157.11, 98, 5225
2026/09/17 10:46:19.167, 158.40, 100, 5225
2026/09/17 10:46:20.167, 157.38, 98, 5225
2026/09/17 10:46:21.167, 157.23, 99, 5225
2026/09/17 10:46:22.167, 157.54, 100, 5225
2026/09/17 10:46:23.176, 157.32, 98, 5225
2026/09/17 10:46:24.176, 157.44, 100, 5225
2026/09/17 10:46:25.176, 157.60, 100, 5225
2026/09/17 10:46:26.176, 157.51, 98, 5225
2026/09/17 10:46:27.177, 157.45, 100, 5225
2026/09/17 10:46:28.177, 157.53, 100, 5225
2026/09/17 10:46:29.177, 156.80, 98, 5225
2026/09/17 10:46:30.177, 157.26, 100, 5225
2026/09/17 10:46:31.178, 157.49, 100, 5225
2026/09/17 10:46:32.178, 156.92, 98, 5225
2026/09/17 10:46:33.178, 157.13, 100, 5225
2026/09/17 10:46:34.178, 157.87, 100, 5225
2026/09/17 10:46:35.178, 157.50, 98, 5225
2026/09/17 10:46:36.179, 157.62, 100, 5225
2026/09/17 10:46:37.179, 157.47, 100, 5225
2026/09/17 10:46:38.179, 156.78, 98, 5225
2026/09/17 10:46:39.179, 157.45, 100, 5225
2026/09/17 10:46:40.179, 157.58, 100, 5225
2026/09/17 10:46:41.179, 157.01, 98, 5225
2026/09/17 10:46:42.180, 157.20, 100, 5225
2026/09/17 10:46:43.189, 157.52, 100, 5225
2026/09/17 10:46:44.189, 156.63, 98, 5225
2026/09/17 10:46:45.189, 157.01, 100, 5225
2026/09/17 10:46:46.189, 157.50, 100, 5225
2026/09/17 10:46:47.189, 156.81, 98, 5225
2026/09/17 10:46:48.190, 157.35, 100, 5225
2026/09/17 10:46:49.190, 157.54, 100, 5225
2026/09/17 10:46:50.190, 156.71, 98, 5225
2026/09/17 10:46:51.190, 157.41, 100, 5225
2026/09/17 10:46:52.190, 157.92, 100, 5225
2026/09/17 10:46:53.199, 156.81, 98, 5225
2026/09/17 10:46:54.199, 157.19, 100, 5225
2026/09/17 10:46:55.200, 157.61, 100, 5225
2026/09/17 10:46:56.200, 157.47, 98, 5225
2026/09/17 10:46:57.200, 157.51, 100, 5225
2026/09/17 10:46:58.200, 157.49, 100, 5225
2026/09/17 10:46:59.200, 157.03, 98, 5225
2026/09/17 10:47:00.200, 157.90, 100, 5225
2026/09/17 10:47:01.201, 157.57, 98, 5225
2026/09/17 10:47:02.201, 157.13, 99, 5225
2026/09/17 10:47:03.201, 157.34, 100, 5225
2026/09/17 10:47:04.201, 157.60, 98, 5225
2026/09/17 10:47:05.201, 157.49, 100, 5225
2026/09/17 10:47:06.202, 157.00, 100, 5225
2026/09/17 10:47:07.202, 156.89, 98, 5225
2026/09/17 10:47:08.202, 157.58, 100, 5225
2026/09/17 10:47:09.202, 157.13, 100, 5225
2026/09/17 10:47:10.202, 157.27, 98, 5225
2026/09/17 10:47:11.203, 157.57, 100, 5225
2026/09/17 10:47:12.203, 157.44, 100, 5225
2026/09/17 10:47:13.212, 156.94, 98, 5225
2026/09/17 10:47:14.212, 157.26, 100, 5225
2026/09/17 10:47:15.212, 157.32, 100, 5225
2026/09/17 10:47:16.212, 157.77, 98, 5225
2026/09/17 10:47:17.212, 157.71, 100, 5225
2026/09/17 10:47:18.221, 157.32, 100, 5225
2026/09/17 10:47:19.221, 156.88, 98, 5225
2026/09/17 10:47:20.221, 157.58, 100, 5225
2026/09/17 10:47:21.222, 157.32, 100, 5225
2026/09/17 10:47:22.222, 156.74, 98, 5225
2026/09/17 10:47:23.222, 157.60, 100, 5225
2026/09/17 10:47:24.222, 157.25, 100, 5225
2026/09/17 10:47:25.222, 156.89, 98, 5225
2026/09/17 10:47:26.223, 157.32, 100, 5225
2026/09/17 10:47:27.223, 157.30, 100, 5225
2026/09/17 10:47:28.223, 156.77, 98, 5225
2026/09/17 10:47:29.223, 157.23, 100, 5225
2026/09/17 10:47:30.223, 157.21, 100, 5225
2026/09/17 10:47:31.224, 156.74, 98, 5225
2026/09/17 10:47:32.224, 157.28, 100, 5225
2026/09/17 10:47:33.224, 157.12, 100, 5225
2026/09/17 10:47:34.224, 156.91, 98, 5225
2026/09/17 10:47:35.224, 157.40, 100, 5225
2026/09/17 10:47:36.225, 157.28, 99, 5225
2026/09/17 10:47:37.225, 156.87, 98, 5225
2026/09/17 10:47:38.225, 157.46, 100, 5225
2026/09/17 10:47:39.225, 156.84, 98, 5225
2026/09/17 10:47:40.225, 157.17, 99, 5225
2026/09/17 10:47:41.226, 157.43, 100, 5225
2026/09/17 10:47:42.226, 156.99, 98, 5225
2026/09/17 10:47:43.226, 157.35, 100, 5225
2026/09/17 10:47:44.226, 157.65, 100, 5225
2026/09/17 10:47:45.226, 157.41, 98, 5225
2026/09/17 10:47:46.227, 157.37, 100, 5225
2026/09/17 10:47:47.227, 157.32, 100, 5225
2026/09/17 10:47:48.227, 157.05, 98, 5225
2026/09/17 10:47:49.227, 157.49, 100, 5225
2026/09/17 10:47:50.227, 157.24, 100, 5225
2026/09/17 10:47:51.227, 156.95, 98, 5225
2026/09/17 10:47:52.228, 157.73, 100, 5225
2026/09/17 10:47:53.228, 157.26, 100, 5225
2026/09/17 10:47:54.228, 156.68, 98, 5225
2026/09/17 10:47:55.228, 157.37, 100, 5225
2026/09/17 10:47:56.229, 157.32, 100, 5225
2026/09/17 10:47:57.229, 156.70, 98, 5225
2026/09/17 10:47:58.229, 157.30, 100, 5225
2026/09/17 10:47:59.229, 157.50, 100, 5225
2026/09/17 10:48:00.229, 156.47, 98, 5225
2026/09/17 10:48:01.230, 157.29, 100, 5225
2026/09/17 10:48:02.230, 157.46, 100, 5225
2026/09/17 10:48:03.230, 156.40, 98, 5225
2026/09/17 10:48:04.230, 157.32, 100, 5225
2026/09/17 10:48:05.230, 156.44, 100, 5225
2026/09/17 10:48:06.231, 156.56, 98, 5225
2026/09/17 10:48:07.231, 157.59, 100, 5225
2026/09/17 10:48:08.231, 157.54, 100, 5225
2026/09/17 10:48:09.231, 157.07, 98, 5225
2026/09/17 10:48:10.231, 156.60, 100, 5225
2026/09/17 10:48:11.232, 160.60, 99, 5225
2026/09/17 10:48:12.232, 157.67, 100, 5225
2026/09/17 10:48:13.232, 154.83, 99, 5225
2026/09/17 10:48:14.232, 159.04, 99, 5225
2026/09/17 10:48:15.232, 160.41, 100, 5225
2026/09/17 10:48:16.233, 155.08, 100, 5225
2026/09/17 10:48:17.233, 157.00, 100, 5225
2026/09/17 10:48:18.233, 162.41, 99, 5225
2026/09/17 10:48:19.233, 155.03, 100, 5225
2026/09/17 10:48:20.233, 155.17, 100, 5225
2026/09/17 10:48:21.234, 162.12, 100, 5225
2026/09/17 10:48:22.234, 156.99, 99, 5225
2026/09/17 10:48:23.234, 155.13, 100, 5225
2026/09/17 10:48:24.234, 160.10, 100, 5225
2026/09/17 10:48:25.234, 159.26, 99, 5225
2026/09/17 10:48:26.234, 154.88, 99, 5225
2026/09/17 10:48:27.235, 157.49, 99, 5225
2026/09/17 10:48:28.235, 161.94, 100, 5225
2026/09/17 10:48:29.235, 155.14, 99, 5225
2026/09/17 10:48:30.235, 155.42, 98, 5225
2026/09/17 10:48:31.235, 162.70, 99, 5225
2026/09/17 10:48:32.236, 156.10, 100, 5225
2026/09/17 10:48:33.236, 155.21, 100, 5225
2026/09/17 10:48:34.236, 160.60, 99, 5225
2026/09/17 10:48:35.236, 158.53, 99, 5225
2026/09/17 10:48:36.236, 154.96, 100, 5225
2026/09/17 10:48:37.237, 158.63, 100, 5225
2026/09/17 10:48:38.237, 161.08, 99, 5225
2026/09/17 10:48:39.237, 155.20, 99, 5225
2026/09/17 10:48:40.237, 156.00, 100, 5225
2026/09/17 10:48:41.237, 163.05, 100, 5225
2026/09/17 10:48:42.238, 155.36, 99, 5225
2026/09/17 10:48:43.238, 155.24, 99, 5225
2026/09/17 10:48:44.238, 161.93, 100, 5225
2026/09/17 10:48:45.238, 158.71, 100, 5225
2026/09/17 10:48:46.238, 155.19, 99, 5225
2026/09/17 10:48:47.239, 87.61, 0, 5225
2026/09/17 10:48:48.239, 85.96, 100, 5225
2026/09/17 10:48:49.239, 157.54, 100, 5225
2026/09/17 10:48:50.239, 157.11, 98, 5225
2026/09/17 10:48:51.239, 158.18, 100, 5225
2026/09/17 10:48:52.240, 157.69, 100, 5225
2026/09/17 10:48:53.240, 156.87, 98, 5225
2026/09/17 10:48:54.240, 157.68, 100, 5225
2026/09/17 10:48:55.240, 157.25, 100, 5225
2026/09/17 10:48:56.240, 157.32, 98, 5225
2026/09/17 10:48:57.241, 157.55, 100, 5225
2026/09/17 10:48:58.241, 157.56, 100, 5225
2026/09/17 10:48:59.241, 157.38, 98, 5225
2026/09/17 10:49:00.241, 158.02, 100, 5225
2026/09/17 10:49:01.241, 157.73, 100, 5225
2026/09/17 10:49:02.242, 158.27, 98, 5225
2026/09/17 10:49:03.242, 158.22, 100, 5225
2026/09/17 10:49:04.242, 157.95, 100, 5225
2026/09/17 10:49:05.242, 156.31, 98, 5225
2026/09/17 10:49:06.242, 157.99, 100, 5225
2026/09/17 10:49:07.243, 157.89, 100, 5225
2026/09/17 10:49:08.243, 156.84, 98, 5225
2026/09/17 10:49:09.243, 157.75, 100, 5225
2026/09/17 10:49:10.243, 156.61, 98, 5225
2026/09/17 10:49:11.243, 157.13, 98, 5225
2026/09/17 10:49:12.243, 158.20, 100, 5225
2026/09/17 10:49:13.244, 158.03, 100, 5225
2026/09/17 10:49:14.244, 157.56, 98, 5225
2026/09/17 10:49:15.244, 157.76, 100, 5225
2026/09/17 10:49:16.244, 156.30, 98, 5225
2026/09/17 10:49:17.244, 157.62, 99, 5225
2026/09/17 10:49:18.245, 157.97, 100, 5225
2026/09/17 10:49:19.245, 157.49, 98, 5225
2026/09/17 10:49:20.245, 157.79, 99, 5225
2026/09/17 10:49:21.245, 157.26, 100, 5225
2026/09/17 10:49:22.245, 157.07, 98, 5225
2026/09/17 10:49:23.246, 157.39, 100, 5225
2026/09/17 10:49:24.246, 158.26, 100, 5225
2026/09/17 10:49:25.246, 157.59, 98, 5225
2026/09/17 10:49:26.246, 157.71, 100, 5225
2026/09/17 10:49:27.246, 158.12, 100, 5225
2026/09/17 10:49:28.247, 157.80, 98, 5225
2026/09/17 10:49:29.247, 157.38, 100, 5225
2026/09/17 10:49:30.247, 158.10, 100, 5225
2026/09/17 10:49:31.247, 157.79, 98, 5225
2026/09/17 10:49:32.247, 157.98, 100, 5225
2026/09/17 10:49:33.248, 158.41, 100, 5225
2026/09/17 10:49:34.248, 157.83, 98, 5225
2026/09/17 10:49:35.248, 157.51, 100, 5225
2026/09/17 10:49:36.248, 158.18, 100, 5225
2026/09/17 10:49:37.248, 157.18, 98, 5225
2026/09/17 10:49:38.249, 157.71, 100, 5225
2026/09/17 10:49:39.249, 158.29, 100, 5225
2026/09/17 10:49:40.249, 157.37, 98, 5225
2026/09/17 10:49:41.249, 157.97, 100, 5225
2026/09/17 10:49:42.249, 158.19, 100, 5225
2026/09/17 10:49:43.249, 156.31, 90, 5225
2026/09/17 10:49:44.250, 158.22, 100, 5225
2026/09/17 10:49:45.250, 158.15, 100, 5225
2026/09/17 10:49:46.250, 157.84, 98, 5225
2026/09/17 10:49:47.250, 158.28, 100, 5225
2026/09/17 10:49:48.250, 157.96, 100, 5225
2026/09/17 10:49:49.251, 157.20, 98, 5225
2026/09/17 10:49:50.251, 158.20, 100, 5225
2026/09/17 10:49:51.251, 158.25, 100, 5225
2026/09/17 10:49:52.251, 157.70, 98, 5225
2026/09/17 10:49:53.251, 158.36, 100, 5225
2026/09/17 10:49:54.251, 156.77, 100, 5225
2026/09/17 10:49:55.252, 157.77, 98, 5225
2026/09/17 10:49:56.252, 157.69, 100, 5225
2026/09/17 10:49:57.252, 157.89, 100, 5225
2026/09/17 10:49:58.252, 156.95, 98, 5225
2026/09/17 10:49:59.253, 156.77, 100, 5225
2026/09/17 10:50:00.253, 157.87, 100, 5225
2026/09/17 10:50:01.253, 157.25, 98, 5225
2026/09/17 10:50:02.253, 157.66, 100, 5225
2026/09/17 10:50:03.254, 157.58, 100, 5225
2026/09/17 10:50:04.254, 156.96, 98, 5225
2026/09/17 10:50:05.254, 157.43, 100, 5225
2026/09/17 10:50:06.254, 158.01, 100, 5225
2026/09/17 10:50:07.254, 156.55, 98, 5225
2026/09/17 10:50:08.255, 158.35, 100, 5225
2026/09/17 10:50:09.255, 157.87, 100, 5225
2026/09/17 10:50:10.255, 157.70, 98, 5225
2026/09/17 10:50:11.264, 157.67, 100, 5225
2026/09/17 10:50:12.264, 157.76, 100, 5225
2026/09/17 10:50:13.264, 157.24, 98, 5225
2026/09/17 10:50:14.264, 157.45, 100, 5225
2026/09/17 10:50:15.265, 157.72, 99, 5225
2026/09/17 10:50:16.265, 156.78, 98, 5225
2026/09/17 10:50:17.265, 158.14, 100, 5225
2026/09/17 10:50:18.265, 157.71, 98, 5225
2026/09/17 10:50:19.265, 157.63, 99, 5225
2026/09/17 10:50:20.266, 157.75, 100, 5225
2026/09/17 10:50:21.266, 157.78, 98, 5225
2026/09/17 10:50:22.266, 157.68, 100, 5225
2026/09/17 10:50:23.266, 157.85, 100, 5225
2026/09/17 10:50:24.266, 157.58, 98, 5225
2026/09/17 10:50:25.267, 157.79, 100, 5225
2026/09/17 10:50:26.267, 157.49, 100, 5225
2026/09/17 10:50:27.267, 157.35, 98, 5225
2026/09/17 10:50:28.267, 157.52, 100, 5225
2026/09/17 10:50:29.267, 157.80, 100, 5225
2026/09/17 10:50:30.268, 157.85, 98, 5225
2026/09/17 10:50:31.276, 158.03, 100, 5225
2026/09/17 10:50:32.276, 157.70, 100, 5225
2026/09/17 10:50:33.277, 157.53, 98, 5225
2026/09/17 10:50:34.277, 157.50, 100, 5225
2026/09/17 10:50:35.277, 157.85, 100, 5225
2026/09/17 10:50:36.286, 157.34, 98, 5225
2026/09/17 10:50:37.286, 157.74, 100, 5225
2026/09/17 10:50:38.286, 157.57, 100, 5225
2026/09/17 10:50:39.286, 157.29, 98, 5225
2026/09/17 10:50:40.287, 157.54, 100, 5225
2026/09/17 10:50:41.287, 157.46, 100, 5225
2026/09/17 10:50:42.287, 157.46, 98, 5225
2026/09/17 10:50:43.287, 157.55, 100, 5225
2026/09/17 10:50:44.287, 157.42, 100, 5225
2026/09/17 10:50:45.288, 157.78, 98, 5225
2026/09/17 10:50:46.288, 157.57, 100, 5225
2026/09/17 10:50:47.288, 157.49, 100, 5225
2026/09/17 10:50:48.288, 157.04, 98, 5225
2026/09/17 10:50:49.288, 158.22, 100, 5225
2026/09/17 10:50:50.289, 157.72, 100, 5225
2026/09/17 10:50:51.297, 157.10, 98, 5225
2026/09/17 10:50:52.298, 157.67, 100, 5225
2026/09/17 10:50:53.298, 157.58, 100, 5225
2026/09/17 10:50:54.298, 157.12, 98, 5225
2026/09/17 10:50:55.298, 157.71, 100, 5225
2026/09/17 10:50:56.303, 156.48, 98, 5225
2026/09/17 10:50:57.304, 157.89, 99, 5225
2026/09/17 10:50:58.304, 158.06, 100, 5225
2026/09/17 10:50:59.304, 157.92, 98, 5225
2026/09/17 10:51:00.304, 158.23, 100, 5225
2026/09/17 10:51:01.304, 157.76, 100, 5225
2026/09/17 10:51:02.304, 157.64, 98, 5225
2026/09/17 10:51:03.305, 158.13, 100, 5225
2026/09/17 10:51:04.305, 158.22, 100, 5225
2026/09/17 10:51:05.305, 158.29, 98, 5225
2026/09/17 10:51:06.305, 158.12, 100, 5225
2026/09/17 10:51:07.305, 157.44, 100, 5225
2026/09/17 10:51:08.306, 157.44, 98, 5225
2026/09/17 10:51:09.306, 158.15, 100, 5225
2026/09/17 10:51:10.306, 158.00, 100, 5225
2026/09/17 10:51:11.306, 156.13, 98, 5225
2026/09/17 10:51:12.306, 157.75, 100, 5225
2026/09/17 10:51:13.307, 157.51, 100, 5225
2026/09/17 10:51:14.307, 156.77, 98, 5225
2026/09/17 10:51:15.307, 157.79, 100, 5225
2026/09/17 10:51:16.307, 156.84, 100, 5225
2026/09/17 10:51:17.307, 157.25, 98, 5225
2026/09/17 10:51:18.307, 157.69, 100, 5225
2026/09/17 10:51:19.308, 157.69, 100, 5225
2026/09/17 10:51:20.308, 157.63, 98, 5225
2026/09/17 10:51:21.308, 158.28, 100, 5225
2026/09/17 10:51:22.308, 156.55, 100, 5225
2026/09/17 10:51:23.308, 156.89, 98, 5225
2026/09/17 10:51:24.308, 157.62, 100, 5225
2026/09/17 10:51:25.309, 157.54, 100, 5225
2026/09/17 10:51:26.309, 156.62, 98, 5225
2026/09/17 10:51:27.309, 156.55, 100, 5225
2026/09/17 10:51:28.309, 157.13, 99, 5225
2026/09/17 10:51:29.309, 156.58, 98, 5225
2026/09/17 10:51:30.309, 157.34, 100, 5225
2026/09/17 10:51:31.310, 157.45, 98, 5225
2026/09/17 10:51:32.310, 157.46, 99, 5225
2026/09/17 10:51:33.310, 157.68, 100, 5225
2026/09/17 10:51:34.310, 157.39, 98, 5225
2026/09/17 10:51:35.310, 157.78, 100, 5225
2026/09/17 10:51:36.311, 157.83, 100, 5225
2026/09/17 10:51:37.311, 157.59, 98, 5225
2026/09/17 10:51:38.311, 157.28, 100, 5225
2026/09/17 10:51:39.311, 157.89, 100, 5225
2026/09/17 10:51:40.311, 157.15, 98, 5225
2026/09/17 10:51:41.311, 157.51, 100, 5225
2026/09/17 10:51:42.320, 157.91, 100, 5225
2026/09/17 10:51:43.320, 156.91, 98, 5225
2026/09/17 10:51:44.321, 157.34, 100, 5225
2026/09/17 10:51:45.321, 157.70, 100, 5225
2026/09/17 10:51:46.321, 156.90, 98, 5225
2026/09/17 10:51:47.321, 157.20, 100, 5225
2026/09/17 10:51:48.322, 157.47, 100, 5225
2026/09/17 10:51:49.322, 156.82, 98, 5225
2026/09/17 10:51:50.322, 157.17, 100, 5225
2026/09/17 10:51:51.322, 157.47, 100, 5225
2026/09/17 10:51:52.322, 156.85, 98, 5225
2026/09/17 10:51:53.323, 156.83, 100, 5225
2026/09/17 10:51:54.323, 157.72, 100, 5225
2026/09/17 10:51:55.323, 157.49, 98, 5225
2026/09/17 10:51:56.323, 157.49, 100, 5225
2026/09/17 10:51:57.323, 158.18, 100, 5225
2026/09/17 10:51:58.324, 157.55, 98, 5225
2026/09/17 10:51:59.324, 156.70, 100, 5225
2026/09/17 10:52:00.324, 157.51, 100, 5225
2026/09/17 10:52:01.324, 157.15, 98, 5225
2026/09/17 10:52:02.333, 156.35, 100, 5225
2026/09/17 10:52:03.334, 157.43, 100, 5225
2026/09/17 10:52:04.334, 157.33, 98, 5225
2026/09/17 10:52:05.334, 157.05, 100, 5225
2026/09/17 10:52:06.334, 157.52, 100, 5225
2026/09/17 10:52:07.334, 157.53, 98, 5225
2026/09/17 10:52:08.335, 156.49, 100, 5225
2026/09/17 10:52:09.335, 157.68, 98, 5225
2026/09/17 10:52:10.335, 157.95, 99, 5225
2026/09/17 10:52:11.335, 157.81, 100, 5225
2026/09/17 10:52:12.344, 157.89, 98, 5225
2026/09/17 10:52:13.344, 158.40, 100, 5225
2026/09/17 10:52:14.345, 157.14, 100, 5225
2026/09/17 10:52:15.345, 157.57, 100, 5225
2026/09/17 10:52:16.345, 157.48, 100, 5225
2026/09/17 10:52:17.345, 156.81, 100, 5225
2026/09/17 10:52:18.345, 157.93, 100, 5225
2026/09/17 10:52:19.346, 157.89, 99, 5225
2026/09/17 10:52:20.346, 157.08, 98, 5225
2026/09/17 10:52:21.346, 158.01, 100, 5225
2026/09/17 10:52:22.346, 157.95, 99, 5225
2026/09/17 10:52:23.346, 157.02, 98, 5225
2026/09/17 10:52:24.347, 158.99, 100, 5225
2026/09/17 10:52:25.347, 158.04, 100, 5225
2026/09/17 10:52:26.347, 157.13, 98, 5225
2026/09/17 10:52:27.347, 158.00, 100, 5225
2026/09/17 10:52:28.347, 157.74, 100, 5225
2026/09/17 10:52:29.348, 157.01, 98, 5225
2026/09/17 10:52:30.348, 158.05, 100, 5225
2026/09/17 10:52:31.348, 157.85, 99, 5225
2026/09/17 10:52:32.348, 157.12, 98, 5225
2026/09/17 10:52:33.348, 158.83, 100, 5225
2026/09/17 10:52:34.349, 157.58, 98, 5225
2026/09/17 10:52:35.351, 157.10, 98, 5225
2026/09/17 10:52:36.351, 158.50, 100, 5225
2026/09/17 10:52:37.352, 157.51, 98, 5225
2026/09/17 10:52:38.352, 157.40, 98, 5225
2026/09/17 10:52:39.352, 158.12, 100, 5225
2026/09/17 10:52:40.353, 157.82, 98, 5225
2026/09/17 10:52:41.353, 157.64, 100, 5225
2026/09/17 10:52:42.353, 157.88, 100, 5225
2026/09/17 10:52:43.353, 157.84, 98, 5225
2026/09/17 10:52:44.353, 157.33, 100, 5225
2026/09/17 10:52:45.354, 158.92, 99, 5225
2026/09/17 10:52:46.354, 161.57, 99, 5225
2026/09/17 10:52:47.354, 155.19, 99, 5225
2026/09/17 10:52:48.354, 156.04, 100, 5225
2026/09/17 10:52:49.354, 163.23, 100, 5225
2026/09/17 10:52:50.354, 156.66, 100, 5225
2026/09/17 10:52:51.355, 155.13, 99, 5225
2026/09/17 10:52:52.355, 161.76, 100, 5225
2026/09/17 10:52:53.355, 158.77, 100, 5225
2026/09/17 10:52:54.355, 155.27, 100, 5225
2026/09/17 10:52:55.355, 159.10, 99, 5225
2026/09/17 10:52:56.356, 161.02, 99, 5225
2026/09/17 10:52:57.356, 155.30, 100, 5225
2026/09/17 10:52:58.356, 156.87, 99, 5225
2026/09/17 10:52:59.356, 163.16, 99, 5225
2026/09/17 10:53:00.356, 155.98, 99, 5225
2026/09/17 10:53:01.357, 155.29, 100, 5225
2026/09/17 10:53:02.357, 161.92, 99, 5225
2026/09/17 10:53:03.357, 158.04, 99, 5225
2026/09/17 10:53:04.357, 155.40, 99, 5225
2026/09/17 10:53:05.357, 159.52, 99, 5225
2026/09/17 10:53:06.358, 160.12, 100, 5225
2026/09/17 10:53:07.358, 154.99, 99, 5225
2026/09/17 10:53:08.358, 157.66, 100, 5225
2026/09/17 10:53:09.358, 162.51, 100, 5225
2026/09/17 10:53:10.358, 155.16, 100, 5225
2026/09/17 10:53:11.359, 155.20, 98, 5225
2026/09/17 10:53:12.359, 162.32, 100, 5225
2026/09/17 10:53:13.359, 157.34, 100, 5225
2026/09/17 10:53:14.359, 155.08, 100, 5225
2026/09/17 10:53:15.359, 160.41, 99, 5225
2026/09/17 10:53:16.360, 159.55, 99, 5225
2026/09/17 10:53:17.360, 155.18, 99, 5225
2026/09/17 10:53:18.360, 158.04, 99, 5225
2026/09/17 10:53:19.360, 161.65, 100, 5225
2026/09/17 10:53:20.360, 155.13, 99, 5225
2026/09/17 10:53:21.361, 145.56, 31, 5225
2026/09/17 10:53:22.361, 29.10, 2, 5225
2026/09/17 10:53:23.361, 144.34, 100, 5225
2026/09/17 10:53:24.361, 156.08, 90, 5225
2026/09/17 10:53:25.361, 157.29, 100, 5225
2026/09/17 10:53:26.361, 157.48, 100, 5225
2026/09/17 10:53:27.362, 156.56, 98, 5225
2026/09/17 10:53:28.362, 157.13, 100, 5225
2026/09/17 10:53:29.362, 157.49, 100, 5225
2026/09/17 10:53:30.362, 156.36, 98, 5225
2026/09/17 10:53:31.362, 157.42, 100, 5225
2026/09/17 10:53:32.362, 157.29, 100, 5225
2026/09/17 10:53:33.363, 156.48, 98, 5225
2026/09/17 10:53:34.363, 157.09, 100, 5225
2026/09/17 10:53:35.363, 156.60, 100, 5225
2026/09/17 10:53:36.363, 157.27, 98, 5225
2026/09/17 10:53:37.363, 157.59, 100, 5225
2026/09/17 10:53:38.363, 157.34, 100, 5225
2026/09/17 10:53:39.364, 156.96, 98, 5225
2026/09/17 10:53:40.364, 156.24, 100, 5225
2026/09/17 10:53:41.364, 157.42, 100, 5225
2026/09/17 10:53:42.364, 156.46, 98, 5225
2026/09/17 10:53:43.364, 157.32, 100, 5225
2026/09/17 10:53:44.365, 157.63, 99, 5225
2026/09/17 10:53:45.365, 157.17, 98, 5225
2026/09/17 10:53:46.365, 157.73, 100, 5225
2026/09/17 10:53:47.365, 157.48, 98, 5225
2026/09/17 10:53:48.365, 157.26, 100, 5225
2026/09/17 10:53:49.365, 157.69, 100, 5225
2026/09/17 10:53:50.366, 157.30, 98, 5225
2026/09/17 10:53:51.366, 157.44, 100, 5225
2026/09/17 10:53:52.366, 157.57, 100, 5225
2026/09/17 10:53:53.366, 157.12, 98, 5225
2026/09/17 10:53:54.367, 157.40, 100, 5225
2026/09/17 10:53:55.367, 157.63, 100, 5225
2026/09/17 10:53:56.367, 157.76, 98, 5225
2026/09/17 10:53:57.367, 157.46, 100, 5225
2026/09/17 10:53:58.367, 157.60, 100, 5225
2026/09/17 10:53:59.368, 157.03, 98, 5225
2026/09/17 10:54:00.368, 157.25, 100, 5225
2026/09/17 10:54:01.368, 157.30, 100, 5225
2026/09/17 10:54:02.368, 156.81, 98, 5225
2026/09/17 10:54:03.368, 157.01, 100, 5225
2026/09/17 10:54:04.369, 157.36, 100, 5225
2026/09/17 10:54:05.369, 156.94, 98, 5225
2026/09/17 10:54:06.369, 157.22, 100, 5225
2026/09/17 10:54:07.369, 157.54, 100, 5225
2026/09/17 10:54:08.369, 157.12, 98, 5225
2026/09/17 10:54:09.369, 157.71, 100, 5225
2026/09/17 10:54:10.370, 157.75, 100, 5225
2026/09/17 10:54:11.370, 157.09, 98, 5225
2026/09/17 10:54:12.370, 157.63, 100, 5225
2026/09/17 10:54:13.370, 157.85, 100, 5225
2026/09/17 10:54:14.370, 158.03, 98, 5225
2026/09/17 10:54:15.371, 157.85, 100, 5225
2026/09/17 10:54:16.371, 157.63, 100, 5225
2026/09/17 10:54:17.371, 157.30, 98, 5225
2026/09/17 10:54:18.371, 157.53, 100, 5225
2026/09/17 10:54:19.371, 157.68, 100, 5225
2026/09/17 10:54:20.372, 157.30, 98, 5225
2026/09/17 10:54:21.372, 157.43, 100, 5225
2026/09/17 10:54:22.372, 157.49, 100, 5225
2026/09/17 10:54:23.372, 157.67, 98, 5225
2026/09/17 10:54:24.372, 157.33, 100, 5225
2026/09/17 10:54:25.372, 156.41, 100, 5225
2026/09/17 10:54:26.373, 156.57, 98, 5225
2026/09/17 10:54:27.373, 157.54, 100, 5225
2026/09/17 10:54:28.373, 157.53, 100, 5225
2026/09/17 10:54:29.373, 156.74, 98, 5225
2026/09/17 10:54:30.373, 156.20, 100, 5225
2026/09/17 10:54:31.374, 157.54, 98, 5225
2026/09/17 10:54:32.374, 157.58, 100, 5225
2026/09/17 10:54:33.374, 157.24, 100, 5225
2026/09/17 10:54:34.374, 156.84, 98, 5225
2026/09/17 10:54:35.374, 157.61, 100, 5225
2026/09/17 10:54:36.375, 157.48, 100, 5225
2026/09/17 10:54:37.375, 156.99, 98, 5225
2026/09/17 10:54:38.375, 157.74, 100, 5225
2026/09/17 10:54:39.375, 156.58, 100, 5225
2026/09/17 10:54:40.375, 157.57, 98, 5225
2026/09/17 10:54:41.375, 157.98, 100, 5225
2026/09/17 10:54:42.376, 157.54, 100, 5225
2026/09/17 10:54:43.376, 157.01, 98, 5225
2026/09/17 10:54:44.376, 156.63, 100, 5225
2026/09/17 10:54:45.376, 157.57, 100, 5225
2026/09/17 10:54:46.376, 156.89, 98, 5225
2026/09/17 10:54:47.377, 158.47, 100, 5225
2026/09/17 10:54:48.377, 157.60, 100, 5225
2026/09/17 10:54:49.377, 157.79, 98, 5225
2026/09/17 10:54:50.377, 157.71, 100, 5225
2026/09/17 10:54:51.377, 157.29, 100, 5225
2026/09/17 10:54:52.378, 156.68, 98, 5225
2026/09/17 10:54:53.378, 158.18, 100, 5225
2026/09/17 10:54:54.378, 157.67, 100, 5225
2026/09/17 10:54:55.378, 156.68, 98, 5225
2026/09/17 10:54:56.378, 157.76, 100, 5225
2026/09/17 10:54:57.379, 157.44, 100, 5225
2026/09/17 10:54:58.379, 156.76, 98, 5225
2026/09/17 10:54:59.379, 157.72, 100, 5225
2026/09/17 10:55:00.379, 157.37, 98, 5225
2026/09/17 10:55:01.379, 157.21, 98, 5225
2026/09/17 10:55:02.380, 157.92, 100, 5225
2026/09/17 10:55:03.380, 157.42, 98, 5225
2026/09/17 10:55:04.380, 157.46, 99, 5225
2026/09/17 10:55:05.380, 157.59, 100, 5225
2026/09/17 10:55:06.380, 157.55, 98, 5225
2026/09/17 10:55:07.381, 156.49, 100, 5225
2026/09/17 10:55:08.381, 157.41, 100, 5225
2026/09/17 10:55:09.381, 156.80, 98, 5225
2026/09/17 10:55:10.381, 157.49, 100, 5225
2026/09/17 10:55:11.381, 157.62, 100, 5225
2026/09/17 10:55:12.390, 156.98, 98, 5225
2026/09/17 10:55:13.390, 157.52, 100, 5225
2026/09/17 10:55:14.390, 157.87, 100, 5225
2026/09/17 10:55:15.391, 157.47, 98, 5225
2026/09/17 10:55:16.391, 157.91, 100, 5225
2026/09/17 10:55:17.391, 157.82, 100, 5225
2026/09/17 10:55:18.391, 156.93, 98, 5225
2026/09/17 10:55:19.391, 157.34, 100, 5225
2026/09/17 10:55:20.392, 157.77, 100, 5225
2026/09/17 10:55:21.392, 156.86, 98, 5225
2026/09/17 10:55:22.392, 157.43, 100, 5225
2026/09/17 10:55:23.392, 157.58, 100, 5225
2026/09/17 10:55:24.392, 157.37, 98, 5225
2026/09/17 10:55:25.393, 157.21, 100, 5225
2026/09/17 10:55:26.393, 157.53, 100, 5225
2026/09/17 10:55:27.401, 156.74, 98, 5225
2026/09/17 10:55:28.401, 157.82, 100, 5225
2026/09/17 10:55:29.401, 157.59, 100, 5225
2026/09/17 10:55:30.401, 156.74, 98, 5225
2026/09/17 10:55:31.401, 157.36, 100, 5225
2026/09/17 10:55:32.410, 156.93, 98, 5225
2026/09/17 10:55:33.410, 157.96, 100, 5225
2026/09/17 10:55:34.410, 157.80, 100, 5225
2026/09/17 10:55:35.410, 157.85, 98, 5225
2026/09/17 10:55:36.411, 157.95, 100, 5225
2026/09/17 10:55:37.411, 157.54, 100, 5225
2026/09/17 10:55:38.411, 158.34, 98, 5225
2026/09/17 10:55:39.411, 158.15, 100, 5225
2026/09/17 10:55:40.411, 157.75, 100, 5225
2026/09/17 10:55:41.412, 157.83, 98, 5225
2026/09/17 10:55:42.412, 157.50, 100, 5225
2026/09/17 10:55:43.412, 157.51, 100, 5225
2026/09/17 10:55:44.412, 157.96, 98, 5225
2026/09/17 10:55:45.412, 157.92, 100, 5225
2026/09/17 10:55:46.413, 157.73, 100, 5225
2026/09/17 10:55:47.421, 157.10, 98, 5225
2026/09/17 10:55:48.421, 157.48, 100, 5225
2026/09/17 10:55:49.422, 157.60, 100, 5225
2026/09/17 10:55:50.422, 157.32, 98, 5225
2026/09/17 10:55:51.422, 157.56, 100, 5225
2026/09/17 10:55:52.422, 157.46, 100, 5225
2026/09/17 10:55:53.423, 157.33, 98, 5225
2026/09/17 10:55:54.423, 156.79, 100, 5225
2026/09/17 10:55:55.423, 157.64, 100, 5225
2026/09/17 10:55:56.423, 157.26, 98, 5225
2026/09/17 10:55:57.423, 157.52, 100, 5225
2026/09/17 10:55:58.424, 157.39, 100, 5225
2026/09/17 10:55:59.424, 156.90, 98, 5225
2026/09/17 10:56:00.424, 157.32, 100, 5225
2026/09/17 10:56:01.424, 157.48, 100, 5225
2026/09/17 10:56:02.424, 157.69, 98, 5225
2026/09/17 10:56:03.424, 157.56, 100, 5225
2026/09/17 10:56:04.425, 156.00, 100, 5225
2026/09/17 10:56:05.425, 156.84, 98, 5225
2026/09/17 10:56:06.425, 157.50, 100, 5225
2026/09/17 10:56:07.425, 157.56, 98, 5225
2026/09/17 10:56:08.425, 157.47, 98, 5225
2026/09/17 10:56:09.426, 157.79, 100, 5225
2026/09/17 10:56:10.426, 157.46, 98, 5225
2026/09/17 10:56:11.426, 157.89, 100, 5225
2026/09/17 10:56:12.426, 157.68, 100, 5225
2026/09/17 10:56:13.426, 157.45, 98, 5225
2026/09/17 10:56:14.427, 156.77, 100, 5225
2026/09/17 10:56:15.427, 157.91, 100, 5225
2026/09/17 10:56:16.427, 156.98, 98, 5225
2026/09/17 10:56:17.427, 158.13, 100, 5225
2026/09/17 10:56:18.427, 158.53, 100, 5225
2026/09/17 10:56:19.427, 157.81, 98, 5225
2026/09/17 10:56:20.428, 157.64, 100, 5225
2026/09/17 10:56:21.428, 157.27, 100, 5225
2026/09/17 10:56:22.428, 156.97, 98, 5225
2026/09/17 10:56:23.428, 158.00, 100, 5225
2026/09/17 10:56:24.428, 157.75, 100, 5225
2026/09/17 10:56:25.429, 157.20, 98, 5225
2026/09/17 10:56:26.429, 158.17, 100, 5225
2026/09/17 10:56:27.429, 157.33, 100, 5225
2026/09/17 10:56:28.429, 157.33, 98, 5225
2026/09/17 10:56:29.429, 157.60, 100, 5225
2026/09/17 10:56:30.430, 156.78, 100, 5225
2026/09/17 10:56:31.430, 157.20, 98, 5225
2026/09/17 10:56:32.430, 157.97, 100, 5225
2026/09/17 10:56:33.430, 157.58, 100, 5225
2026/09/17 10:56:34.430, 157.44, 98, 5225
2026/09/17 10:56:35.431, 158.01, 100, 5225
2026/09/17 10:56:36.431, 158.12, 100, 5225
2026/09/17 10:56:37.431, 156.73, 98, 5225
2026/09/17 10:56:38.431, 157.65, 100, 5225
2026/09/17 10:56:39.431, 157.80, 100, 5225
2026/09/17 10:56:40.440, 156.92, 98, 5225
2026/09/17 10:56:41.440, 158.05, 100, 5225
2026/09/17 10:56:42.440, 157.80, 100, 5225
2026/09/17 10:56:43.441, 157.02, 98, 5225
2026/09/17 10:56:44.441, 157.57, 100, 5225
2026/09/17 10:56:45.441, 157.91, 100, 5225
2026/09/17 10:56:46.441, 157.21, 98, 5225
2026/09/17 10:56:47.441, 158.04, 100, 5225
2026/09/17 10:56:48.441, 157.83, 100, 5225
2026/09/17 10:56:49.442, 157.82, 98, 5225
2026/09/17 10:56:50.442, 158.41, 100, 5225
2026/09/17 10:56:51.442, 158.06, 100, 5225
2026/09/17 10:56:52.442, 157.44, 98, 5225
2026/09/17 10:56:53.443, 157.81, 100, 5225
2026/09/17 10:56:54.443, 157.46, 100, 5225
2026/09/17 10:56:55.443, 157.95, 98, 5225
2026/09/17 10:56:56.443, 158.35, 100, 5225
2026/09/17 10:56:57.443, 157.97, 100, 5225
2026/09/17 10:56:58.444, 158.18, 98, 5225
2026/09/17 10:56:59.444, 158.25, 100, 5225
2026/09/17 10:57:00.444, 158.00, 100, 5225
2026/09/17 10:57:01.444, 158.11, 98, 5225
2026/09/17 10:57:02.444, 157.99, 100, 5225
2026/09/17 10:57:03.445, 157.71, 100, 5225
2026/09/17 10:57:04.445, 157.40, 98, 5225
2026/09/17 10:57:05.445, 157.85, 100, 5225
2026/09/17 10:57:06.445, 157.92, 100, 5225
2026/09/17 10:57:07.445, 156.87, 98, 5225
2026/09/17 10:57:08.446, 157.82, 100, 5225
2026/09/17 10:57:09.446, 157.75, 100, 5225
2026/09/17 10:57:10.453, 155.36, 98, 5225
2026/09/17 10:57:11.453, 157.08, 100, 5225
2026/09/17 10:57:12.453, 157.45, 100, 5225
2026/09/17 10:57:13.453, 156.81, 98, 5225
2026/09/17 10:57:14.453, 157.32, 100, 5225
2026/09/17 10:57:15.454, 157.56, 100, 5225
2026/09/17 10:57:16.454, 156.91, 98, 5225
2026/09/17 10:57:17.454, 157.66, 100, 5225
2026/09/17 10:57:18.454, 157.61, 100, 5225
2026/09/17 10:57:19.454, 156.57, 98, 5225
2026/09/17 10:57:20.463, 156.71, 99, 5225
2026/09/17 10:57:21.463, 163.84, 99, 5225
2026/09/17 10:57:22.464, 155.94, 99, 5225
2026/09/17 10:57:23.464, 155.01, 100, 5225
2026/09/17 10:57:24.464, 161.80, 99, 5225
2026/09/17 10:57:25.464, 157.84, 100, 5225
2026/09/17 10:57:26.464, 154.91, 99, 5225
2026/09/17 10:57:27.464, 159.62, 99, 5225
2026/09/17 10:57:28.465, 159.79, 100, 5225
2026/09/17 10:57:29.465, 154.95, 100, 5225
2026/09/17 10:57:30.465, 156.82, 100, 5225
2026/09/17 10:57:31.465, 162.26, 100, 5225
2026/09/17 10:57:32.465, 154.91, 100, 5225
2026/09/17 10:57:33.466, 155.03, 100, 5225
2026/09/17 10:57:34.466, 161.98, 100, 5225
2026/09/17 10:57:35.466, 157.38, 99, 5225
2026/09/17 10:57:36.466, 155.00, 100, 5225
2026/09/17 10:57:37.466, 159.82, 100, 5225
2026/09/17 10:57:38.466, 159.03, 99, 5225
2026/09/17 10:57:39.467, 154.69, 99, 5225
2026/09/17 10:57:40.467, 157.82, 99, 5225
2026/09/17 10:57:41.467, 161.36, 100, 5225
2026/09/17 10:57:42.467, 154.97, 99, 5225
2026/09/17 10:57:43.467, 155.39, 98, 5225
2026/09/17 10:57:44.468, 162.66, 99, 5225
2026/09/17 10:57:45.468, 155.87, 100, 5225
2026/09/17 10:57:46.468, 154.63, 99, 5225
2026/09/17 10:57:47.468, 160.35, 99, 5225
2026/09/17 10:57:48.468, 158.38, 100, 5225
2026/09/17 10:57:49.468, 154.92, 100, 5225
2026/09/17 10:57:50.469, 158.93, 100, 5225
2026/09/17 10:57:51.469, 161.59, 99, 5225
2026/09/17 10:57:52.469, 155.11, 100, 5225
2026/09/17 10:57:53.469, 155.94, 99, 5225
2026/09/17 10:57:54.469, 162.95, 100, 5225
2026/09/17 10:57:55.470, 155.15, 99, 5225
2026/09/17 10:57:56.470, 155.07, 100, 5225
2026/09/17 10:57:57.470, 55.57, 8, 5225
2026/09/17 10:57:58.470, 113.59, 100, 5225
2026/09/17 10:57:59.470, 156.81, 99, 5225
2026/09/17 10:58:00.471, 156.54, 98, 5225
2026/09/17 10:58:01.471, 157.33, 100, 5225
2026/09/17 10:58:02.471, 156.57, 98, 5225
2026/09/17 10:58:03.471, 156.60, 98, 5225
2026/09/17 10:58:04.472, 157.21, 100, 5225
2026/09/17 10:58:05.472, 156.52, 98, 5225
2026/09/17 10:58:06.472, 157.00, 100, 5225
2026/09/17 10:58:07.481, 157.23, 100, 5225
2026/09/17 10:58:08.481, 156.85, 98, 5225
2026/09/17 10:58:09.481, 157.32, 100, 5225
2026/09/17 10:58:10.481, 157.31, 100, 5225
2026/09/17 10:58:11.481, 156.94, 98, 5225
2026/09/17 10:58:12.482, 157.05, 100, 5225
2026/09/17 10:58:13.482, 157.26, 100, 5225
2026/09/17 10:58:14.482, 156.48, 98, 5225
2026/09/17 10:58:15.482, 157.19, 100, 5225
2026/09/17 10:58:16.482, 157.46, 100, 5225
2026/09/17 10:58:17.483, 157.06, 98, 5225
2026/09/17 10:58:18.483, 157.71, 100, 5225
2026/09/17 10:58:19.483, 157.68, 100, 5225
2026/09/17 10:58:20.483, 156.47, 98, 5225
2026/09/17 10:58:21.483, 157.22, 100, 5225
2026/09/17 10:58:22.492, 157.49, 100, 5225
2026/09/17 10:58:23.492, 157.05, 98, 5225
2026/09/17 10:58:24.493, 157.71, 100, 5225
2026/09/17 10:58:25.493, 157.41, 100, 5225
2026/09/17 10:58:26.493, 156.46, 98, 5225
2026/09/17 10:58:27.493, 157.20, 100, 5225
2026/09/17 10:58:28.493, 157.59, 100, 5225
2026/09/17 10:58:29.494, 157.13, 98, 5225
2026/09/17 10:58:30.494, 158.12, 100, 5225
2026/09/17 10:58:31.494, 157.63, 100, 5225
2026/09/17 10:58:32.494, 156.72, 98, 5225
2026/09/17 10:58:33.495, 157.25, 100, 5225
2026/09/17 10:58:34.495, 157.74, 100, 5225
2026/09/17 10:58:35.495, 157.46, 98, 5225
2026/09/17 10:58:36.495, 158.28, 100, 5225
2026/09/17 10:58:37.495, 157.62, 100, 5225
2026/09/17 10:58:38.496, 156.47, 98, 5225
2026/09/17 10:58:39.496, 157.20, 100, 5225
2026/09/17 10:58:40.496, 157.51, 99, 5225
2026/09/17 10:58:41.496, 156.89, 98, 5225
2026/09/17 10:58:42.505, 157.33, 100, 5225
2026/09/17 10:58:43.505, 157.56, 98, 5225
2026/09/17 10:58:44.505, 157.21, 99, 5225
2026/09/17 10:58:45.506, 157.30, 100, 5225
2026/09/17 10:58:46.506, 157.09, 98, 5225
2026/09/17 10:58:47.514, 156.57, 100, 5225
2026/09/17 10:58:48.515, 157.10, 100, 5225
2026/09/17 10:58:49.515, 156.74, 98, 5225
2026/09/17 10:58:50.515, 157.23, 100, 5225
2026/09/17 10:58:51.515, 157.71, 100, 5225
2026/09/17 10:58:52.524, 157.08, 98, 5225
2026/09/17 10:58:53.524, 157.09, 100, 5225
2026/09/17 10:58:54.524, 157.67, 100, 5225
2026/09/17 10:58:55.525, 157.37, 98, 5225
2026/09/17 10:58:56.525, 157.39, 100, 5225
2026/09/17 10:58:57.525, 157.51, 100, 5225
2026/09/17 10:58:58.525, 156.93, 98, 5225
2026/09/17 10:58:59.525, 157.24, 100, 5225
2026/09/17 10:59:00.526, 157.44, 100, 5225
2026/09/17 10:59:01.526, 156.89, 98, 5225
2026/09/17 10:59:02.526, 157.23, 100, 5225
2026/09/17 10:59:03.526, 157.22, 100, 5225
2026/09/17 10:59:04.526, 157.19, 98, 5225
2026/09/17 10:59:05.527, 157.42, 100, 5225
2026/09/17 10:59:06.527, 157.78, 100, 5225
2026/09/17 10:59:07.527, 157.96, 98, 5225
2026/09/17 10:59:08.527, 157.71, 100, 5225
2026/09/17 10:59:09.527, 157.76, 100, 5225
2026/09/17 10:59:10.528, 157.80, 98, 5225
2026/09/17 10:59:11.528, 157.66, 100, 5225
2026/09/17 10:59:12.528, 156.60, 100, 5225
2026/09/17 10:59:13.528, 156.92, 98, 5225
2026/09/17 10:59:14.529, 158.26, 100, 5225
2026/09/17 10:59:15.529, 157.69, 100, 5225
2026/09/17 10:59:16.529, 156.81, 98, 5225
2026/09/17 10:59:17.529, 157.25, 100, 5225
2026/09/17 10:59:18.529, 156.07, 98, 5225
2026/09/17 10:59:19.530, 157.46, 100, 5225
2026/09/17 10:59:20.530, 157.44, 100, 5225
2026/09/17 10:59:21.530, 157.45, 98, 5225
2026/09/17 10:59:22.530, 157.75, 100, 5225
2026/09/17 10:59:23.531, 156.59, 100, 5225
2026/09/17 10:59:24.531, 157.23, 98, 5225
2026/09/17 10:59:25.531, 157.72, 100, 5225
2026/09/17 10:59:26.531, 157.59, 100, 5225
2026/09/17 10:59:27.531, 157.66, 98, 5225
2026/09/17 10:59:28.540, 156.43, 100, 5225
2026/09/17 10:59:29.540, 157.65, 100, 5225
2026/09/17 10:59:30.540, 158.17, 98, 5225
2026/09/17 10:59:31.540, 157.59, 100, 5225
2026/09/17 10:59:32.541, 157.70, 100, 5225
2026/09/17 10:59:33.541, 157.61, 98, 5225
2026/09/17 10:59:34.541, 157.28, 100, 5225
2026/09/17 10:59:35.541, 157.83, 100, 5225
2026/09/17 10:59:36.541, 158.02, 98, 5225
2026/09/17 10:59:37.542, 157.72, 100, 5225
2026/09/17 10:59:38.542, 157.83, 100, 5225
2026/09/17 10:59:39.542, 157.81, 98, 5225
2026/09/17 10:59:40.542, 156.39, 100, 5225
2026/09/17 10:59:41.542, 156.48, 100, 5225
2026/09/17 10:59:42.543, 157.58, 98, 5225
2026/09/17 10:59:43.543, 156.94, 100, 5225
2026/09/17 10:59:44.543, 157.45, 100, 5225
2026/09/17 10:59:45.543, 157.64, 100, 5225
2026/09/17 10:59:46.543, 156.00, 100, 5225
2026/09/17 10:59:47.544, 157.86, 100, 5225
2026/09/17 10:59:48.544, 157.80, 100, 5225
2026/09/17 10:59:49.544, 157.09, 100, 5225
2026/09/17 10:59:50.544, 157.53, 100, 5225
2026/09/17 10:59:51.544, 156.43, 100, 5225
2026/09/17 10:59:52.545, 157.53, 98, 5225
2026/09/17 10:59:53.545, 158.01, 100, 5225
2026/09/17 10:59:54.545, 157.42, 100, 5225
2026/09/17 10:59:55.545, 157.47, 98, 5225
2026/09/17 10:59:56.554, 157.93, 100, 5225
2026/09/17 10:59:57.554, 157.33, 99, 5225
2026/09/17 10:59:58.554, 157.21, 98, 5225
2026/09/17 10:59:59.554, 157.69, 100, 5225
2026/09/17 11:00:00.555, 157.27, 98, 5225
2026/09/17 11:00:01.555, 157.48, 100, 5225
2026/09/17 11:00:02.555, 157.43, 100, 5225
2026/09/17 11:00:03.555, 157.12, 98, 5225
2026/09/17 11:00:04.556, 157.36, 100, 5225
2026/09/17 11:00:05.556, 157.29, 100, 5225
2026/09/17 11:00:06.556, 155.74, 98, 5225
2026/09/17 11:00:07.556, 157.45, 100, 5225
2026/09/17 11:00:08.556, 157.20, 100, 5225
2026/09/17 11:00:09.557, 156.66, 98, 5225
2026/09/17 11:00:10.557, 157.45, 100, 5225
2026/09/17 11:00:11.557, 156.62, 100, 5225
2026/09/17 11:00:12.557, 156.94, 98, 5225
2026/09/17 11:00:13.557, 157.49, 100, 5225
2026/09/17 11:00:14.558, 157.55, 100, 5225
2026/09/17 11:00:15.558, 156.62, 98, 5225
2026/09/17 11:00:16.566, 157.37, 100, 5225
2026/09/17 11:00:17.567, 157.45, 100, 5225
2026/09/17 11:00:18.567, 156.77, 98, 5225
2026/09/17 11:00:19.567, 157.41, 100, 5225
2026/09/17 11:00:20.567, 157.43, 100, 5225
2026/09/17 11:00:21.576, 156.88, 98, 5225
2026/09/17 11:00:22.576, 158.09, 100, 5225
2026/09/17 11:00:23.577, 157.35, 100, 5225
2026/09/17 11:00:24.577, 156.74, 98, 5225
2026/09/17 11:00:25.577, 158.14, 100, 5225
2026/09/17 11:00:26.586, 157.18, 99, 5225
2026/09/17 11:00:27.586, 156.97, 98, 5225
2026/09/17 11:00:28.586, 158.15, 100, 5225
2026/09/17 11:00:29.586, 157.15, 98, 5225
2026/09/17 11:00:30.587, 157.25, 99, 5225
2026/09/17 11:00:31.587, 157.87, 100, 5225
2026/09/17 11:00:32.587, 157.73, 98, 5225
2026/09/17 11:00:33.587, 157.64, 100, 5225
2026/09/17 11:00:34.587, 157.75, 100, 5225
2026/09/17 11:00:35.588, 157.13, 98, 5225
2026/09/17 11:00:36.588, 157.62, 100, 5225
2026/09/17 11:00:37.588, 157.67, 100, 5225
2026/09/17 11:00:38.588, 157.19, 98, 5225
2026/09/17 11:00:39.589, 157.51, 100, 5225
2026/09/17 11:00:40.589, 157.60, 100, 5225
2026/09/17 11:00:41.589, 157.11, 98, 5225
2026/09/17 11:00:42.589, 157.45, 100, 5225
2026/09/17 11:00:43.589, 157.90, 100, 5225
2026/09/17 11:00:44.589, 156.91, 98, 5225
2026/09/17 11:00:45.590, 157.86, 100, 5225
2026/09/17 11:00:46.590, 157.78, 100, 5225
2026/09/17 11:00:47.590, 157.09, 98, 5225
2026/09/17 11:00:48.590, 157.58, 100, 5225
2026/09/17 11:00:49.591, 158.02, 100, 5225
2026/09/17 11:00:50.591, 156.90, 98, 5225
2026/09/17 11:00:51.591, 157.04, 100, 5225
2026/09/17 11:00:52.591, 157.93, 100, 5225
2026/09/17 11:00:53.591, 156.87, 98, 5225
2026/09/17 11:00:54.592, 157.63, 100, 5225
2026/09/17 11:00:55.592, 157.78, 100, 5225
2026/09/17 11:00:56.592, 155.74, 89, 5225
2026/09/17 11:00:57.592, 156.46, 100, 5225
2026/09/17 11:00:58.593, 157.47, 99, 5225
2026/09/17 11:00:59.593, 157.11, 98, 5225
2026/09/17 11:01:00.593, 157.54, 100, 5225
2026/09/17 11:01:01.593, 157.54, 98, 5225
2026/09/17 11:01:02.593, 157.55, 100, 5225
2026/09/17 11:01:03.594, 157.43, 100, 5225
2026/09/17 11:01:04.594, 157.81, 98, 5225
2026/09/17 11:01:05.594, 157.61, 100, 5225
2026/09/17 11:01:06.594, 157.53, 100, 5225
2026/09/17 11:01:07.594, 156.12, 98, 5225
2026/09/17 11:01:08.595, 157.57, 100, 5225
2026/09/17 11:01:09.595, 157.28, 100, 5225
2026/09/17 11:01:10.595, 157.01, 98, 5225
2026/09/17 11:01:11.595, 157.50, 100, 5225
2026/09/17 11:01:12.596, 157.31, 100, 5225
2026/09/17 11:01:13.596, 156.80, 98, 5225
2026/09/17 11:01:14.596, 157.41, 100, 5225
2026/09/17 11:01:15.596, 157.44, 100, 5225
2026/09/17 11:01:16.596, 157.01, 98, 5225
2026/09/17 11:01:17.597, 156.55, 100, 5225
2026/09/17 11:01:18.597, 157.49, 100, 5225
2026/09/17 11:01:19.597, 157.52, 98, 5225
2026/09/17 11:01:20.597, 157.55, 100, 5225
2026/09/17 11:01:21.598, 157.54, 100, 5225
2026/09/17 11:01:22.598, 156.26, 98, 5225
2026/09/17 11:01:23.598, 157.60, 100, 5225
2026/09/17 11:01:24.598, 157.60, 98, 5225
2026/09/17 11:01:25.598, 158.15, 99, 5225
2026/09/17 11:01:26.599, 158.24, 100, 5225
2026/09/17 11:01:27.599, 157.43, 98, 5225
2026/09/17 11:01:28.599, 158.21, 99, 5225
2026/09/17 11:01:29.599, 158.41, 100, 5225
2026/09/17 11:01:30.600, 157.86, 98, 5225
2026/09/17 11:01:31.600, 157.80, 99, 5225
2026/09/17 11:01:32.608, 158.25, 100, 5225
2026/09/17 11:01:33.608, 157.70, 98, 5225
2026/09/17 11:01:34.609, 158.20, 100, 5225
2026/09/17 11:01:35.609, 157.89, 100, 5225
2026/09/17 11:01:36.609, 157.62, 98, 5225
2026/09/17 11:01:37.614, 157.30, 100, 5225
2026/09/17 11:01:38.614, 157.77, 100, 5225
2026/09/17 11:01:39.614, 157.47, 98, 5225
2026/09/17 11:01:40.614, 157.81, 100, 5225
2026/09/17 11:01:41.615, 157.82, 100, 5225
2026/09/17 11:01:42.615, 157.26, 98, 5225
2026/09/17 11:01:43.615, 157.94, 100, 5225
2026/09/17 11:01:44.615, 157.98, 100, 5225
2026/09/17 11:01:45.615, 157.02, 98, 5225
2026/09/17 11:01:46.615, 157.92, 100, 5225
2026/09/17 11:01:47.616, 157.87, 100, 5225
2026/09/17 11:01:48.616, 156.98, 98, 5225
2026/09/17 11:01:49.616, 157.84, 100, 5225
2026/09/17 11:01:50.616, 157.68, 100, 5225
2026/09/17 11:01:51.616, 157.18, 98, 5225
2026/09/17 11:01:52.617, 158.10, 100, 5225
2026/09/17 11:01:53.617, 157.85, 100, 5225
2026/09/17 11:01:54.617, 157.71, 98, 5225
2026/09/17 11:01:55.617, 157.39, 99, 5225
2026/09/17 11:01:56.617, 163.41, 100, 5225
2026/09/17 11:01:57.617, 155.75, 99, 5225
2026/09/17 11:01:58.618, 154.88, 100, 5225
2026/09/17 11:01:59.618, 162.14, 99, 5225
2026/09/17 11:02:00.618, 157.74, 100, 5225
2026/09/17 11:02:01.618, 154.75, 99, 5225
2026/09/17 11:02:02.618, 159.63, 99, 5225
2026/09/17 11:02:03.618, 160.71, 100, 5225
2026/09/17 11:02:04.619, 155.29, 100, 5225
2026/09/17 11:02:05.619, 157.22, 99, 5225
2026/09/17 11:02:06.619, 162.88, 100, 5225
2026/09/17 11:02:07.619, 155.45, 100, 5225
2026/09/17 11:02:08.619, 155.65, 100, 5225
2026/09/17 11:02:09.619, 163.11, 100, 5225
2026/09/17 11:02:10.620, 157.38, 99, 5225
2026/09/17 11:02:11.620, 155.34, 100, 5225
2026/09/17 11:02:12.620, 160.48, 100, 5225
2026/09/17 11:02:13.620, 160.20, 100, 5225
2026/09/17 11:02:14.620, 155.23, 99, 5225
2026/09/17 11:02:15.621, 157.99, 99, 5225
2026/09/17 11:02:16.621, 162.13, 100, 5225
2026/09/17 11:02:17.621, 155.33, 100, 5225
2026/09/17 11:02:18.621, 155.64, 98, 5225
2026/09/17 11:02:19.621, 162.97, 99, 5225
2026/09/17 11:02:20.622, 157.25, 100, 5225
2026/09/17 11:02:21.622, 155.32, 100, 5225
2026/09/17 11:02:22.622, 161.05, 99, 5225
2026/09/17 11:02:23.622, 159.54, 99, 5225
2026/09/17 11:02:24.622, 155.64, 100, 5225
2026/09/17 11:02:25.622, 158.75, 100, 5225
2026/09/17 11:02:26.623, 161.58, 99, 5225
2026/09/17 11:02:27.623, 155.49, 99, 5225
2026/09/17 11:02:28.623, 156.52, 100, 5225
2026/09/17 11:02:29.623, 163.59, 100, 5225
2026/09/17 11:02:30.623, 156.07, 99, 5225
2026/09/17 11:02:31.624, 155.60, 99, 5225
2026/09/17 11:02:32.624, 60.48, 2, 5225
2026/09/17 11:02:33.624, 111.61, 100, 5225
2026/09/17 11:02:34.624, 156.95, 98, 5225
2026/09/17 11:02:35.624, 157.48, 100, 5225
2026/09/17 11:02:36.624, 158.02, 100, 5225
2026/09/17 11:02:37.625, 158.10, 98, 5225
2026/09/17 11:02:38.625, 157.55, 100, 5225
2026/09/17 11:02:39.625, 156.75, 100, 5225
2026/09/17 11:02:40.625, 156.78, 98, 5225
2026/09/17 11:02:41.625, 157.68, 100, 5225
2026/09/17 11:02:42.626, 158.14, 100, 5225
2026/09/17 11:02:43.626, 157.09, 98, 5225
2026/09/17 11:02:44.626, 156.59, 100, 5225
2026/09/17 11:02:45.626, 157.89, 100, 5225
2026/09/17 11:02:46.626, 157.47, 98, 5225
2026/09/17 11:02:47.626, 157.60, 100, 5225
2026/09/17 11:02:48.627, 157.74, 100, 5225
2026/09/17 11:02:49.627, 155.80, 98, 5225
2026/09/17 11:02:50.627, 157.57, 100, 5225
2026/09/17 11:02:51.627, 157.89, 100, 5225
2026/09/17 11:02:52.627, 156.59, 98, 5225
2026/09/17 11:02:53.628, 157.74, 100, 5225
2026/09/17 11:02:54.628, 157.77, 100, 5225
2026/09/17 11:02:55.628, 157.39, 98, 5225
2026/09/17 11:02:56.628, 158.32, 100, 5225
2026/09/17 11:02:57.628, 157.74, 100, 5225
2026/09/17 11:02:58.629, 156.92, 98, 5225
2026/09/17 11:02:59.629, 157.78, 100, 5225
2026/09/17 11:03:00.629, 157.71, 99, 5225
2026/09/17 11:03:01.629, 157.13, 98, 5225
2026/09/17 11:03:02.629, 157.68, 100, 5225
2026/09/17 11:03:03.630, 157.65, 98, 5225
2026/09/17 11:03:04.630, 157.48, 100, 5225
2026/09/17 11:03:05.630, 157.69, 100, 5225
2026/09/17 11:03:06.630, 157.33, 98, 5225
2026/09/17 11:03:07.630, 157.56, 100, 5225
2026/09/17 11:03:08.631, 157.69, 100, 5225
2026/09/17 11:03:09.639, 157.42, 98, 5225
2026/09/17 11:03:10.639, 157.68, 100, 5225
2026/09/17 11:03:11.640, 157.71, 100, 5225
2026/09/17 11:03:12.640, 158.06, 98, 5225
2026/09/17 11:03:13.640, 157.92, 100, 5225
2026/09/17 11:03:14.640, 157.72, 100, 5225
2026/09/17 11:03:15.640, 157.47, 98, 5225
2026/09/17 11:03:16.641, 157.62, 100, 5225
2026/09/17 11:03:17.641, 157.51, 100, 5225
2026/09/17 11:03:18.641, 157.32, 98, 5225
2026/09/17 11:03:19.649, 156.73, 100, 5225
2026/09/17 11:03:20.649, 157.92, 100, 5225
2026/09/17 11:03:21.649, 157.38, 98, 5225
2026/09/17 11:03:22.649, 157.69, 100, 5225
2026/09/17 11:03:23.650, 157.95, 100, 5225
2026/09/17 11:03:24.650, 157.14, 98, 5225
2026/09/17 11:03:25.650, 157.71, 100, 5225
2026/09/17 11:03:26.650, 157.90, 100, 5225
2026/09/17 11:03:27.651, 157.26, 98, 5225
2026/09/17 11:03:28.651, 157.68, 100, 5225
2026/09/17 11:03:29.659, 157.81, 100, 5225
2026/09/17 11:03:30.660, 157.99, 98, 5225
2026/09/17 11:03:31.660, 157.61, 100, 5225
2026/09/17 11:03:32.660, 157.69, 100, 5225
2026/09/17 11:03:33.660, 157.95, 98, 5225
2026/09/17 11:03:34.661, 158.77, 100, 5225
2026/09/17 11:03:35.661, 158.22, 100, 5225
2026/09/17 11:03:36.661, 157.76, 98, 5225
2026/09/17 11:03:37.661, 158.81, 100, 5225
2026/09/17 11:03:38.662, 157.95, 99, 5225
2026/09/17 11:03:39.670, 157.82, 98, 5225
2026/09/17 11:03:40.670, 158.21, 100, 5225
2026/09/17 11:03:41.671, 158.15, 100, 5225
2026/09/17 11:03:42.671, 157.70, 98, 5225
2026/09/17 11:03:43.671, 158.74, 100, 5225
2026/09/17 11:03:44.671, 157.96, 99, 5225
2026/09/17 11:03:45.672, 157.76, 98, 5225
2026/09/17 11:03:46.672, 158.87, 100, 5225
2026/09/17 11:03:47.672, 158.40, 100, 5225
2026/09/17 11:03:48.672, 157.60, 98, 5225
2026/09/17 11:03:49.672, 158.77, 100, 5225
2026/09/17 11:03:50.673, 157.79, 100, 5225
2026/09/17 11:03:51.673, 157.49, 98, 5225
2026/09/17 11:03:52.673, 158.53, 100, 5225
2026/09/17 11:03:53.673, 158.21, 99, 5225
2026/09/17 11:03:54.674, 157.39, 98, 5225
2026/09/17 11:03:55.674, 158.53, 100, 5225
2026/09/17 11:03:56.674, 157.74, 98, 5225
2026/09/17 11:03:57.674, 157.54, 98, 5225
2026/09/17 11:03:58.674, 158.62, 100, 5225
2026/09/17 11:03:59.675, 157.81, 98, 5225
2026/09/17 11:04:00.675, 157.72, 98, 5225
2026/09/17 11:04:01.675, 157.90, 100, 5225
2026/09/17 11:04:02.675, 157.87, 98, 5225
2026/09/17 11:04:03.675, 157.72, 98, 5225
2026/09/17 11:04:04.675, 157.24, 100, 5225
2026/09/17 11:04:05.676, 158.04, 98, 5225
2026/09/17 11:04:06.676, 158.32, 100, 5225
2026/09/17 11:04:07.676, 157.81, 100, 5225
2026/09/17 11:04:08.676, 157.24, 98, 5225
2026/09/17 11:04:09.676, 158.09, 100, 5225
2026/09/17 11:04:10.677, 156.73, 100, 5225
2026/09/17 11:04:11.677, 157.17, 98, 5225
2026/09/17 11:04:12.677, 157.94, 100, 5225
2026/09/17 11:04:13.677, 157.76, 100, 5225
2026/09/17 11:04:14.677, 157.36, 98, 5225
2026/09/17 11:04:15.678, 157.35, 100, 5225
2026/09/17 11:04:16.678, 158.30, 100, 5225
2026/09/17 11:04:17.678, 158.19, 98, 5225
2026/09/17 11:04:18.678, 158.48, 100, 5225
2026/09/17 11:04:19.678, 158.15, 100, 5225
2026/09/17 11:04:20.679, 157.49, 98, 5225
2026/09/17 11:04:21.679, 158.96, 100, 5225
2026/09/17 11:04:22.679, 158.62, 100, 5225
2026/09/17 11:04:23.679, 157.62, 98, 5225
2026/09/17 11:04:24.679, 158.17, 100, 5225
2026/09/17 11:04:25.679, 158.40, 100, 5225
2026/09/17 11:04:26.680, 157.44, 98, 5225
2026/09/17 11:04:27.680, 158.09, 100, 5225
2026/09/17 11:04:28.680, 158.41, 100, 5225
2026/09/17 11:04:29.680, 157.19, 98, 5225
2026/09/17 11:04:30.680, 158.62, 100, 5225
2026/09/17 11:04:31.681, 157.92, 100, 5225
2026/09/17 11:04:32.681, 157.70, 98, 5225
2026/09/17 11:04:33.681, 158.46, 100, 5225
2026/09/17 11:04:34.681, 157.48, 100, 5225
2026/09/17 11:04:35.681, 158.09, 98, 5225
2026/09/17 11:04:36.682, 158.12, 100, 5225
2026/09/17 11:04:37.682, 158.14, 100, 5225
2026/09/17 11:04:38.682, 157.49, 98, 5225
2026/09/17 11:04:39.682, 157.95, 100, 5225
2026/09/17 11:04:40.683, 157.88, 100, 5225
2026/09/17 11:04:41.683, 156.22, 90, 5225
2026/09/17 11:04:42.683, 157.26, 100, 5225
2026/09/17 11:04:43.683, 157.85, 100, 5225
2026/09/17 11:04:44.684, 157.06, 98, 5225
2026/09/17 11:04:45.684, 158.01, 100, 5225
2026/09/17 11:04:46.684, 157.54, 98, 5225
2026/09/17 11:04:47.684, 157.58, 99, 5225
2026/09/17 11:04:48.684, 157.90, 100, 5225
2026/09/17 11:04:49.685, 156.12, 98, 5225
2026/09/17 11:04:50.685, 157.94, 100, 5225
2026/09/17 11:04:51.685, 158.42, 100, 5225
2026/09/17 11:04:52.685, 157.78, 98, 5225
2026/09/17 11:04:53.685, 158.03, 100, 5225
2026/09/17 11:04:54.686, 157.38, 100, 5225
2026/09/17 11:04:55.686, 157.35, 98, 5225
2026/09/17 11:04:56.686, 157.65, 100, 5225
2026/09/17 11:04:57.686, 157.90, 100, 5225
2026/09/17 11:04:58.686, 156.93, 98, 5225
2026/09/17 11:04:59.687, 157.89, 100, 5225
2026/09/17 11:05:00.687, 157.14, 100, 5225
2026/09/17 11:05:01.687, 157.47, 98, 5225
2026/09/17 11:05:02.687, 158.01, 100, 5225
2026/09/17 11:05:03.688, 158.67, 100, 5225
2026/09/17 11:05:04.688, 157.49, 97, 5225
2026/09/17 11:05:05.688, 156.98, 100, 5225
2026/09/17 11:05:06.688, 158.48, 100, 5225
2026/09/17 11:05:07.688, 157.43, 98, 5225
2026/09/17 11:05:08.688, 158.97, 100, 5225
2026/09/17 11:05:09.689, 158.62, 100, 5225
2026/09/17 11:05:10.689, 156.09, 98, 5225
2026/09/17 11:05:11.689, 158.04, 100, 5225
2026/09/17 11:05:12.689, 158.18, 100, 5225
2026/09/17 11:05:13.690, 157.25, 98, 5225
2026/09/17 11:05:14.690, 157.77, 100, 5225
2026/09/17 11:05:15.690, 158.25, 100, 5225
2026/09/17 11:05:16.690, 157.12, 98, 5225
2026/09/17 11:05:17.690, 158.55, 100, 5225
2026/09/17 11:05:18.691, 157.99, 99, 5225
2026/09/17 11:05:19.691, 157.25, 98, 5225
2026/09/17 11:05:20.698, 157.02, 100, 5225
2026/09/17 11:05:21.698, 157.61, 98, 5225
2026/09/17 11:05:22.698, 158.12, 100, 5225
2026/09/17 11:05:23.699, 157.89, 100, 5225
2026/09/17 11:05:24.699, 157.88, 98, 5225
2026/09/17 11:05:25.699, 158.24, 100, 5225
2026/09/17 11:05:26.699, 158.16, 100, 5225
2026/09/17 11:05:27.700, 158.23, 98, 5225
2026/09/17 11:05:28.700, 158.09, 100, 5225
2026/09/17 11:05:29.700, 157.87, 100, 5225
2026/09/17 11:05:30.700, 158.04, 98, 5225
2026/09/17 11:05:31.700, 157.89, 100, 5225
2026/09/17 11:05:32.701, 158.04, 100, 5225
2026/09/17 11:05:33.701, 157.59, 98, 5225
2026/09/17 11:05:34.701, 158.14, 100, 5225
2026/09/17 11:05:35.701, 157.93, 100, 5225
2026/09/17 11:05:36.701, 158.43, 98, 5225
2026/09/17 11:05:37.702, 157.97, 100, 5225
2026/09/17 11:05:38.702, 158.30, 100, 5225
2026/09/17 11:05:39.702, 157.81, 98, 5225
2026/09/17 11:05:40.702, 158.06, 100, 5225
2026/09/17 11:05:41.702, 157.99, 100, 5225
2026/09/17 11:05:42.703, 157.58, 98, 5225
2026/09/17 11:05:43.703, 157.74, 100, 5225
2026/09/17 11:05:44.703, 157.54, 100, 5225
2026/09/17 11:05:45.703, 157.68, 98, 5225
2026/09/17 11:05:46.704, 158.50, 100, 5225
2026/09/17 11:05:47.704, 158.08, 100, 5225
2026/09/17 11:05:48.704, 157.16, 98, 5225
2026/09/17 11:05:49.704, 158.06, 100, 5225
2026/09/17 11:05:50.704, 157.92, 100, 5225
2026/09/17 11:05:51.705, 157.42, 98, 5225
2026/09/17 11:05:52.705, 157.73, 100, 5225
2026/09/17 11:05:53.705, 157.89, 100, 5225
2026/09/17 11:05:54.705, 157.75, 98, 5225
2026/09/17 11:05:55.705, 157.67, 100, 5225
2026/09/17 11:05:56.706, 158.05, 100, 5225
2026/09/17 11:05:57.706, 158.10, 98, 5225
2026/09/17 11:05:58.706, 157.90, 100, 5225
2026/09/17 11:05:59.706, 157.63, 100, 5225
2026/09/17 11:06:00.706, 157.50, 98, 5225
2026/09/17 11:06:01.707, 158.00, 100, 5225
2026/09/17 11:06:02.707, 157.94, 100, 5225
2026/09/17 11:06:03.707, 157.32, 98, 5225
2026/09/17 11:06:04.707, 157.99, 100, 5225
2026/09/17 11:06:05.707, 157.56, 100, 5225
2026/09/17 11:06:06.707, 157.61, 98, 5225
2026/09/17 11:06:07.708, 158.67, 100, 5225
2026/09/17 11:06:08.708, 158.31, 100, 5225
2026/09/17 11:06:09.708, 157.40, 98, 5225
2026/09/17 11:06:10.717, 157.96, 100, 5225
2026/09/17 11:06:11.717, 158.18, 100, 5225
2026/09/17 11:06:12.717, 157.75, 98, 5225
2026/09/17 11:06:13.717, 158.63, 100, 5225
2026/09/17 11:06:14.717, 158.26, 100, 5225
2026/09/17 11:06:15.718, 157.85, 98, 5225
2026/09/17 11:06:16.718, 158.03, 100, 5225
2026/09/17 11:06:17.718, 158.47, 100, 5225
2026/09/17 11:06:18.718, 158.09, 98, 5225
2026/09/17 11:06:19.718, 158.27, 100, 5225
2026/09/17 11:06:20.719, 158.38, 100, 5225
2026/09/17 11:06:21.719, 157.79, 98, 5225
2026/09/17 11:06:22.719, 157.98, 100, 5225
2026/09/17 11:06:23.719, 158.18, 100, 5225
2026/09/17 11:06:24.719, 157.49, 98, 5225
2026/09/17 11:06:25.720, 158.22, 100, 5225
2026/09/17 11:06:26.720, 158.30, 100, 5225
2026/09/17 11:06:27.720, 157.49, 98, 5225
2026/09/17 11:06:28.720, 158.21, 100, 5225
2026/09/17 11:06:29.720, 158.14, 100, 5225
2026/09/17 11:06:30.721, 158.73, 100, 5225
2026/09/17 11:06:31.721, 163.29, 100, 5225
2026/09/17 11:06:32.721, 155.73, 100, 5225
2026/09/17 11:06:33.721, 155.54, 100, 5225
2026/09/17 11:06:34.721, 162.50, 100, 5225
2026/09/17 11:06:35.722, 157.86, 99, 5225
2026/09/17 11:06:36.722, 155.48, 100, 5225
2026/09/17 11:06:37.722, 160.86, 100, 5225
2026/09/17 11:06:38.722, 159.81, 99, 5225
2026/09/17 11:06:39.722, 155.28, 99, 5225
2026/09/17 11:06:40.723, 158.84, 99, 5225
2026/09/17 11:06:41.723, 161.68, 100, 5225
2026/09/17 11:06:42.723, 155.34, 100, 5225
2026/09/17 11:06:43.723, 156.71, 98, 5225
2026/09/17 11:06:44.723, 163.90, 99, 5225
2026/09/17 11:06:45.724, 155.71, 100, 5225
2026/09/17 11:06:46.724, 155.30, 100, 5225
2026/09/17 11:06:47.724, 162.22, 99, 5225
2026/09/17 11:06:48.724, 158.84, 99, 5225
2026/09/17 11:06:49.724, 155.48, 100, 5225
2026/09/17 11:06:50.725, 159.87, 100, 5225
2026/09/17 11:06:51.725, 161.47, 99, 5225
2026/09/17 11:06:52.725, 155.41, 99, 5225
2026/09/17 11:06:53.725, 157.33, 100, 5225
2026/09/17 11:06:54.725, 163.42, 100, 5225
2026/09/17 11:06:55.726, 155.29, 99, 5225
2026/09/17 11:06:56.726, 155.35, 99, 5225
2026/09/17 11:06:57.726, 163.00, 99, 5225
2026/09/17 11:06:58.726, 158.35, 100, 5225
2026/09/17 11:06:59.726, 155.38, 99, 5225
2026/09/17 11:07:00.727, 160.17, 100, 5225
2026/09/17 11:07:01.727, 159.95, 100, 5225
2026/09/17 11:07:02.727, 155.31, 99, 5225
2026/09/17 11:07:03.727, 157.83, 99, 5225
2026/09/17 11:07:04.736, 162.41, 100, 5225
2026/09/17 11:07:05.736, 155.35, 100, 5225
2026/09/17 11:07:06.736, 150.48, 65, 5225
2026/09/17 11:07:07.737, 47.83, 6, 5225
2026/09/17 11:07:08.737, 135.88, 100, 5225
2026/09/17 11:07:09.737, 156.62, 98, 5225
2026/09/17 11:07:10.737, 157.70, 100, 5225
2026/09/17 11:07:11.737, 158.34, 99, 5225
2026/09/17 11:07:12.738, 157.43, 98, 5225
2026/09/17 11:07:13.738, 158.89, 100, 5225
2026/09/17 11:07:14.738, 156.74, 91, 5225
2026/09/17 11:07:15.738, 156.58, 100, 5225
2026/09/17 11:07:16.738, 157.74, 100, 5225
2026/09/17 11:07:17.738, 157.66, 98, 5225
2026/09/17 11:07:18.739, 157.81, 100, 5225
2026/09/17 11:07:19.739, 158.09, 100, 5225
2026/09/17 11:07:20.739, 156.91, 98, 5225
2026/09/17 11:07:21.739, 158.33, 100, 5225
2026/09/17 11:07:22.739, 158.64, 100, 5225
2026/09/17 11:07:23.740, 158.37, 98, 5225
2026/09/17 11:07:24.740, 158.18, 100, 5225
2026/09/17 11:07:25.740, 157.08, 100, 5225
2026/09/17 11:07:26.740, 157.58, 98, 5225
2026/09/17 11:07:27.740, 157.94, 100, 5225
2026/09/17 11:07:28.741, 157.77, 100, 5225
2026/09/17 11:07:29.741, 157.97, 98, 5225
2026/09/17 11:07:30.741, 157.04, 100, 5225
2026/09/17 11:07:31.741, 157.78, 100, 5225
2026/09/17 11:07:32.741, 157.28, 98, 5225
2026/09/17 11:07:33.742, 158.08, 100, 5225
2026/09/17 11:07:34.742, 157.90, 100, 5225
2026/09/17 11:07:35.742, 156.08, 98, 5225
2026/09/17 11:07:36.742, 157.77, 100, 5225
2026/09/17 11:07:37.742, 157.91, 100, 5225
2026/09/17 11:07:38.743, 157.80, 98, 5225
2026/09/17 11:07:39.743, 158.36, 100, 5225
2026/09/17 11:07:40.743, 156.78, 91, 5225
2026/09/17 11:07:41.743, 156.77, 99, 5225
2026/09/17 11:07:42.743, 157.45, 100, 5225
2026/09/17 11:07:43.744, 157.68, 98, 5225
2026/09/17 11:07:44.744, 157.76, 100, 5225
2026/09/17 11:07:45.744, 157.67, 100, 5225
2026/09/17 11:07:46.744, 156.35, 98, 5225
2026/09/17 11:07:47.745, 158.21, 100, 5225
2026/09/17 11:07:48.745, 157.69, 100, 5225
2026/09/17 11:07:49.745, 157.99, 98, 5225
2026/09/17 11:07:50.745, 158.17, 100, 5225
2026/09/17 11:07:51.745, 158.30, 100, 5225
2026/09/17 11:07:52.746, 157.60, 98, 5225
2026/09/17 11:07:53.746, 158.23, 100, 5225
2026/09/17 11:07:54.746, 157.91, 100, 5225
2026/09/17 11:07:55.746, 157.87, 98, 5225
2026/09/17 11:07:56.746, 157.23, 100, 5225
2026/09/17 11:07:57.747, 157.58, 100, 5225
2026/09/17 11:07:58.747, 157.22, 98, 5225
2026/09/17 11:07:59.747, 157.71, 100, 5225
2026/09/17 11:08:00.747, 157.35, 100, 5225
2026/09/17 11:08:01.747, 157.39, 98, 5225
2026/09/17 11:08:02.747, 157.82, 100, 5225
2026/09/17 11:08:03.748, 157.74, 100, 5225
2026/09/17 11:08:04.748, 157.36, 98, 5225
2026/09/17 11:08:05.748, 157.99, 100, 5225
2026/09/17 11:08:06.748, 157.66, 100, 5225
2026/09/17 11:08:07.748, 157.13, 98, 5225
2026/09/17 11:08:08.749, 157.98, 100, 5225
2026/09/17 11:08:09.749, 157.52, 100, 5225
2026/09/17 11:08:10.749, 157.00, 98, 5225
2026/09/17 11:08:11.749, 157.89, 100, 5225
2026/09/17 11:08:12.750, 157.58, 100, 5225
2026/09/17 11:08:13.750, 157.90, 98, 5225
2026/09/17 11:08:14.750, 159.10, 100, 5225
2026/09/17 11:08:15.750, 157.76, 100, 5225
2026/09/17 11:08:16.750, 157.45, 98, 5225
2026/09/17 11:08:17.751, 157.83, 100, 5225
2026/09/17 11:08:18.751, 157.44, 98, 5225
2026/09/17 11:08:19.751, 157.54, 99, 5225
2026/09/17 11:08:20.751, 157.96, 100, 5225
2026/09/17 11:08:21.760, 157.48, 98, 5225
2026/09/17 11:08:22.760, 157.94, 100, 5225
2026/09/17 11:08:23.760, 157.73, 100, 5225
2026/09/17 11:08:24.760, 157.45, 98, 5225
2026/09/17 11:08:25.761, 157.91, 100, 5225
2026/09/17 11:08:26.761, 158.05, 100, 5225
2026/09/17 11:08:27.761, 157.65, 98, 5225
2026/09/17 11:08:28.761, 158.07, 100, 5225
2026/09/17 11:08:29.761, 158.04, 100, 5225
2026/09/17 11:08:30.762, 157.21, 98, 5225
2026/09/17 11:08:31.762, 157.95, 100, 5225
2026/09/17 11:08:32.762, 157.90, 100, 5225
2026/09/17 11:08:33.762, 157.19, 98, 5225
2026/09/17 11:08:34.762, 157.66, 100, 5225
2026/09/17 11:08:35.763, 157.93, 100, 5225
2026/09/17 11:08:36.763, 156.78, 97, 5225
2026/09/17 11:08:37.763, 157.66, 100, 5225
2026/09/17 11:08:38.763, 158.29, 100, 5225
2026/09/17 11:08:39.763, 157.14, 98, 5225
2026/09/17 11:08:40.764, 158.15, 100, 5225
2026/09/17 11:08:41.764, 158.08, 100, 5225
2026/09/17 11:08:42.764, 157.14, 98, 5225
2026/09/17 11:08:43.764, 157.56, 100, 5225
2026/09/17 11:08:44.764, 157.78, 100, 5225
2026/09/17 11:08:45.765, 156.48, 98, 5225
2026/09/17 11:08:46.765, 157.50, 100, 5225
2026/09/17 11:08:47.765, 157.86, 100, 5225
2026/09/17 11:08:48.765, 157.59, 98, 5225
2026/09/17 11:08:49.766, 158.66, 100, 5225
2026/09/17 11:08:50.766, 157.73, 100, 5225
2026/09/17 11:08:51.766, 157.62, 98, 5225
2026/09/17 11:08:52.766, 158.66, 100, 5225
2026/09/17 11:08:53.766, 157.08, 91, 5225
2026/09/17 11:08:54.767, 156.77, 99, 5225
2026/09/17 11:08:55.767, 157.56, 100, 5225
2026/09/17 11:08:56.767, 157.55, 98, 5225
2026/09/17 11:08:57.767, 157.49, 100, 5225
2026/09/17 11:08:58.768, 157.49, 100, 5225
2026/09/17 11:08:59.768, 156.79, 98, 5225
2026/09/17 11:09:00.768, 158.03, 100, 5225
2026/09/17 11:09:01.768, 158.17, 100, 5225
2026/09/17 11:09:02.768, 158.30, 98, 5225
2026/09/17 11:09:03.769, 158.23, 100, 5225
2026/09/17 11:09:04.769, 156.87, 100, 5225
2026/09/17 11:09:05.769, 157.34, 98, 5225
2026/09/17 11:09:06.769, 157.82, 100, 5225
2026/09/17 11:09:07.769, 157.81, 100, 5225
2026/09/17 11:09:08.770, 157.23, 98, 5225
2026/09/17 11:09:09.770, 157.95, 100, 5225
2026/09/17 11:09:10.770, 158.29, 100, 5225
2026/09/17 11:09:11.770, 157.49, 98, 5225
2026/09/17 11:09:12.770, 158.30, 100, 5225
2026/09/17 11:09:13.771, 157.90, 100, 5225
2026/09/17 11:09:14.771, 157.68, 98, 5225
2026/09/17 11:09:15.771, 157.88, 100, 5225
2026/09/17 11:09:16.771, 157.74, 100, 5225
2026/09/17 11:09:17.771, 157.38, 98, 5225
2026/09/17 11:09:18.772, 158.09, 100, 5225
2026/09/17 11:09:19.772, 157.90, 100, 5225
2026/09/17 11:09:20.772, 157.31, 98, 5225
2026/09/17 11:09:21.772, 157.75, 100, 5225
2026/09/17 11:09:22.772, 158.00, 100, 5225
2026/09/17 11:09:23.773, 157.95, 98, 5225
2026/09/17 11:09:24.773, 158.31, 100, 5225
2026/09/17 11:09:25.773, 157.65, 100, 5225
2026/09/17 11:09:26.773, 157.29, 98, 5225
2026/09/17 11:09:27.774, 157.47, 100, 5225
2026/09/17 11:09:28.774, 158.06, 100, 5225
2026/09/17 11:09:29.774, 157.29, 98, 5225
2026/09/17 11:09:30.774, 157.72, 100, 5225
2026/09/17 11:09:31.774, 157.74, 100, 5225
2026/09/17 11:09:32.775, 157.33, 98, 5225
2026/09/17 11:09:33.775, 158.04, 100, 5225
2026/09/17 11:09:34.783, 158.00, 98, 5225
2026/09/17 11:09:35.783, 157.81, 100, 5225
2026/09/17 11:09:36.783, 158.05, 100, 5225
2026/09/17 11:09:37.783, 158.06, 98, 5225
2026/09/17 11:09:38.784, 158.40, 100, 5225
2026/09/17 11:09:39.784, 157.73, 100, 5225
2026/09/17 11:09:40.784, 157.29, 98, 5225
2026/09/17 11:09:41.784, 158.07, 100, 5225
2026/09/17 11:09:42.785, 156.37, 100, 5225
2026/09/17 11:09:43.785, 157.19, 98, 5225
2026/09/17 11:09:44.785, 157.61, 100, 5225
2026/09/17 11:09:45.785, 157.53, 100, 5225
2026/09/17 11:09:46.785, 157.58, 98, 5225
2026/09/17 11:09:47.786, 157.98, 99, 5225
2026/09/17 11:09:48.786, 156.55, 100, 5225
2026/09/17 11:09:49.786, 157.98, 98, 5225
2026/09/17 11:09:50.786, 157.87, 100, 5225
2026/09/17 11:09:51.786, 157.76, 100, 5225
2026/09/17 11:09:52.787, 157.41, 98, 5225
2026/09/17 11:09:53.787, 158.30, 100, 5225
2026/09/17 11:09:54.787, 156.53, 100, 5225
2026/09/17 11:09:55.787, 157.32, 98, 5225
2026/09/17 11:09:56.787, 158.02, 100, 5225
2026/09/17 11:09:57.788, 157.76, 100, 5225
2026/09/17 11:09:58.788, 157.38, 98, 5225
2026/09/17 11:09:59.788, 157.79, 100, 5225
2026/09/17 11:10:00.788, 157.67, 100, 5225
2026/09/17 11:10:01.788, 157.74, 98, 5225
2026/09/17 11:10:02.789, 157.81, 100, 5225
2026/09/17 11:10:03.789, 157.72, 100, 5225
2026/09/17 11:10:04.798, 158.08, 100, 5225
2026/09/17 11:10:05.798, 158.01, 100, 5225
2026/09/17 11:10:06.798, 157.20, 98, 5225
2026/09/17 11:10:07.798, 157.74, 100, 5225
2026/09/17 11:10:08.798, 157.68, 100, 5225
2026/09/17 11:10:09.799, 157.49, 98, 5225
2026/09/17 11:10:10.799, 157.70, 100, 5225
2026/09/17 11:10:11.799, 157.87, 100, 5225
2026/09/17 11:10:12.799, 157.09, 98, 5225
2026/09/17 11:10:13.800, 157.82, 100, 5225
2026/09/17 11:10:14.808, 157.98, 100, 5225
2026/09/17 11:10:15.808, 157.16, 98, 5225
2026/09/17 11:10:16.809, 157.91, 100, 5225
2026/09/17 11:10:17.809, 157.78, 100, 5225
2026/09/17 11:10:18.809, 156.86, 98, 5225
2026/09/17 11:10:19.809, 157.48, 100, 5225
2026/09/17 11:10:20.809, 157.72, 100, 5225
2026/09/17 11:10:21.809, 156.93, 98, 5225
2026/09/17 11:10:22.810, 158.24, 100, 5225
2026/09/17 11:10:23.810, 158.10, 100, 5225
2026/09/17 11:10:24.810, 157.80, 98, 5225
2026/09/17 11:10:25.810, 157.79, 100, 5225
2026/09/17 11:10:26.810, 157.62, 100, 5225
2026/09/17 11:10:27.811, 157.01, 98, 5225
2026/09/17 11:10:28.811, 157.77, 100, 5225
2026/09/17 11:10:29.811, 157.76, 100, 5225
2026/09/17 11:10:30.811, 157.64, 98, 5225
2026/09/17 11:10:31.811, 158.67, 100, 5225
2026/09/17 11:10:32.812, 157.72, 99, 5225
2026/09/17 11:10:33.812, 157.25, 98, 5225
2026/09/17 11:10:34.812, 157.99, 100, 5225
2026/09/17 11:10:35.812, 157.31, 98, 5225
2026/09/17 11:10:36.812, 157.51, 100, 5225
2026/09/17 11:10:37.812, 157.85, 100, 5225
2026/09/17 11:10:38.813, 157.89, 98, 5225
2026/09/17 11:10:39.813, 156.54, 100, 5225
2026/09/17 11:10:40.813, 157.93, 100, 5225
2026/09/17 11:10:41.813, 157.88, 98, 5225
2026/09/17 11:10:42.813, 157.80, 100, 5225
2026/09/17 11:10:43.813, 157.90, 100, 5225
2026/09/17 11:10:44.814, 157.97, 98, 5225
2026/09/17 11:10:45.814, 157.34, 100, 5225
2026/09/17 11:10:46.814, 157.92, 100, 5225
2026/09/17 11:10:47.814, 157.11, 98, 5225
2026/09/17 11:10:48.814, 157.53, 100, 5225
2026/09/17 11:10:49.814, 156.69, 100, 5225
2026/09/17 11:10:50.815, 157.75, 98, 5225
2026/09/17 11:10:51.815, 158.09, 100, 5225
2026/09/17 11:10:52.815, 157.89, 100, 5225
2026/09/17 11:10:53.815, 156.77, 98, 5225
2026/09/17 11:10:54.815, 157.57, 100, 5225
2026/09/17 11:10:55.816, 157.61, 100, 5225
2026/09/17 11:10:56.816, 156.76, 98, 5225
2026/09/17 11:10:57.816, 157.18, 100, 5225
2026/09/17 11:10:58.816, 157.49, 100, 5225
2026/09/17 11:10:59.816, 155.52, 98, 5225
2026/09/17 11:11:00.817, 158.31, 100, 5225
2026/09/17 11:11:01.817, 157.75, 99, 5225
2026/09/17 11:11:02.817, 157.13, 98, 5225
2026/09/17 11:11:03.817, 158.04, 100, 5225
2026/09/17 11:11:04.817, 158.17, 98, 5225
2026/09/17 11:11:05.818, 158.91, 99, 5225
2026/09/17 11:11:06.818, 160.57, 100, 5225
2026/09/17 11:11:07.818, 155.04, 100, 5225
2026/09/17 11:11:08.818, 156.50, 99, 5225
2026/09/17 11:11:09.819, 163.14, 100, 5225
2026/09/17 11:11:10.819, 155.64, 99, 5225
2026/09/17 11:11:11.819, 154.86, 100, 5225
2026/09/17 11:11:12.819, 162.25, 99, 5225
2026/09/17 11:11:13.819, 157.28, 99, 5225
2026/09/17 11:11:14.820, 154.86, 99, 5225
2026/09/17 11:11:15.820, 159.32, 99, 5225
2026/09/17 11:11:16.820, 160.22, 100, 5225
2026/09/17 11:11:17.820, 154.82, 99, 5225
2026/09/17 11:11:18.821, 157.20, 100, 5225
2026/09/17 11:11:19.821, 162.31, 100, 5225
2026/09/17 11:11:20.821, 154.89, 100, 5225
2026/09/17 11:11:21.821, 155.09, 100, 5225
2026/09/17 11:11:22.821, 162.27, 100, 5225
2026/09/17 11:11:23.822, 156.87, 99, 5225
2026/09/17 11:11:24.822, 155.07, 100, 5225
2026/09/17 11:11:25.831, 160.26, 99, 5225
2026/09/17 11:11:26.831, 159.41, 99, 5225
2026/09/17 11:11:27.831, 155.30, 99, 5225
2026/09/17 11:11:28.831, 157.56, 99, 5225
2026/09/17 11:11:29.831, 162.18, 100, 5225
2026/09/17 11:11:30.840, 154.84, 99, 5225
2026/09/17 11:11:31.840, 155.37, 98, 5225
2026/09/17 11:11:32.840, 163.45, 99, 5225
2026/09/17 11:11:33.841, 156.95, 100, 5225
2026/09/17 11:11:34.841, 155.10, 100, 5225
2026/09/17 11:11:35.841, 160.87, 99, 5225
2026/09/17 11:11:36.841, 159.08, 99, 5225
2026/09/17 11:11:37.842, 155.21, 100, 5225
2026/09/17 11:11:38.842, 158.33, 100, 5225
2026/09/17 11:11:39.842, 161.25, 99, 5225
2026/09/17 11:11:40.842, 155.08, 99, 5225
2026/09/17 11:11:41.842, 137.77, 29, 5225
2026/09/17 11:11:42.843, 29.10, 6, 5225
2026/09/17 11:11:43.843, 157.86, 100, 5225
2026/09/17 11:11:44.843, 157.44, 99, 5225
2026/09/17 11:11:45.843, 157.11, 98, 5225
2026/09/17 11:11:46.843, 157.77, 100, 5225
2026/09/17 11:11:47.843, 157.66, 98, 5225
2026/09/17 11:11:48.844, 157.42, 98, 5225
2026/09/17 11:11:49.844, 158.35, 100, 5225
2026/09/17 11:11:50.844, 157.83, 98, 5225
2026/09/17 11:11:51.844, 157.58, 98, 5225
2026/09/17 11:11:52.844, 158.12, 100, 5225
2026/09/17 11:11:53.845, 157.58, 98, 5225
2026/09/17 11:11:54.845, 157.76, 99, 5225
2026/09/17 11:11:55.845, 158.16, 100, 5225
2026/09/17 11:11:56.845, 157.65, 98, 5225
2026/09/17 11:11:57.845, 157.79, 99, 5225
2026/09/17 11:11:58.846, 157.89, 100, 5225
2026/09/17 11:11:59.846, 157.89, 98, 5225
2026/09/17 11:12:00.846, 157.86, 99, 5225
2026/09/17 11:12:01.846, 157.56, 100, 5225
2026/09/17 11:12:02.846, 157.60, 98, 5225
2026/09/17 11:12:03.847, 158.10, 99, 5225
2026/09/17 11:12:04.847, 158.10, 100, 5225
2026/09/17 11:12:05.847, 157.79, 98, 5225
2026/09/17 11:12:06.847, 158.03, 99, 5225
2026/09/17 11:12:07.847, 157.49, 100, 5225
2026/09/17 11:12:08.848, 157.24, 98, 5225
2026/09/17 11:12:09.848, 158.01, 100, 5225
2026/09/17 11:12:10.848, 156.85, 100, 5225
2026/09/17 11:12:11.848, 157.28, 98, 5225
2026/09/17 11:12:12.848, 158.01, 100, 5225
2026/09/17 11:12:13.849, 157.87, 100, 5225
2026/09/17 11:12:14.849, 157.25, 98, 5225
2026/09/17 11:12:15.849, 156.85, 100, 5225
2026/09/17 11:12:16.849, 157.80, 100, 5225
2026/09/17 11:12:17.849, 157.01, 98, 5225
2026/09/17 11:12:18.850, 158.13, 100, 5225
2026/09/17 11:12:19.850, 157.82, 100, 5225
2026/09/17 11:12:20.850, 156.78, 98, 5225
2026/09/17 11:12:21.850, 157.70, 100, 5225
2026/09/17 11:12:22.850, 157.52, 100, 5225
2026/09/17 11:12:23.851, 157.03, 98, 5225
2026/09/17 11:12:24.851, 157.83, 100, 5225
2026/09/17 11:12:25.851, 156.64, 100, 5225
2026/09/17 11:12:26.851, 156.94, 98, 5225
2026/09/17 11:12:27.851, 157.92, 100, 5225
2026/09/17 11:12:28.851, 157.75, 100, 5225
2026/09/17 11:12:29.852, 157.24, 98, 5225
2026/09/17 11:12:30.852, 158.33, 100, 5225
2026/09/17 11:12:31.852, 156.62, 98, 5225
2026/09/17 11:12:32.852, 157.62, 100, 5225
2026/09/17 11:12:33.852, 157.89, 100, 5225
2026/09/17 11:12:34.853, 157.46, 98, 5225
2026/09/17 11:12:35.853, 157.73, 100, 5225
2026/09/17 11:12:36.853, 158.49, 100, 5225
2026/09/17 11:12:37.853, 158.49, 98, 5225
2026/09/17 11:12:38.854, 158.21, 100, 5225
2026/09/17 11:12:39.854, 158.37, 100, 5225
2026/09/17 11:12:40.854, 158.27, 98, 5225
2026/09/17 11:12:41.854, 157.69, 100, 5225
2026/09/17 11:12:42.854, 158.03, 100, 5225
2026/09/17 11:12:43.855, 158.08, 98, 5225
2026/09/17 11:12:44.855, 157.93, 100, 5225
2026/09/17 11:12:45.855, 158.39, 100, 5225
2026/09/17 11:12:46.855, 157.15, 98, 5225
2026/09/17 11:12:47.856, 157.54, 100, 5225
2026/09/17 11:12:48.856, 157.95, 100, 5225
2026/09/17 11:12:49.856, 157.99, 98, 5225
2026/09/17 11:12:50.856, 158.21, 100, 5225
2026/09/17 11:12:51.856, 158.24, 100, 5225
2026/09/17 11:12:52.857, 157.55, 98, 5225
2026/09/17 11:12:53.857, 157.76, 100, 5225
2026/09/17 11:12:54.857, 158.21, 100, 5225
2026/09/17 11:12:55.857, 158.20, 98, 5225
2026/09/17 11:12:56.866, 158.07, 100, 5225
2026/09/17 11:12:57.866, 158.47, 100, 5225
2026/09/17 11:12:58.866, 157.33, 98, 5225
2026/09/17 11:12:59.867, 157.74, 100, 5225
2026/09/17 11:13:00.867, 158.42, 100, 5225
2026/09/17 11:13:01.871, 156.46, 98, 5225
2026/09/17 11:13:02.871, 157.89, 100, 5225
2026/09/17 11:13:03.871, 158.28, 100, 5225
2026/09/17 11:13:04.871, 157.45, 98, 5225
2026/09/17 11:13:05.872, 157.68, 100, 5225
2026/09/17 11:13:06.872, 158.30, 100, 5225
2026/09/17 11:13:07.872, 157.61, 98, 5225
2026/09/17 11:13:08.872, 157.91, 100, 5225
2026/09/17 11:13:09.872, 158.09, 100, 5225
2026/09/17 11:13:10.873, 157.73, 98, 5225
2026/09/17 11:13:11.873, 158.28, 100, 5225
2026/09/17 11:13:12.873, 158.80, 100, 5225
2026/09/17 11:13:13.873, 158.07, 98, 5225
2026/09/17 11:13:14.873, 158.53, 100, 5225
2026/09/17 11:13:15.874, 158.32, 100, 5225
2026/09/17 11:13:16.874, 157.36, 98, 5225
2026/09/17 11:13:17.874, 158.51, 100, 5225
2026/09/17 11:13:18.874, 158.15, 100, 5225
2026/09/17 11:13:19.874, 157.54, 98, 5225
2026/09/17 11:13:20.875, 158.74, 100, 5225
2026/09/17 11:13:21.875, 158.28, 100, 5225
2026/09/17 11:13:22.875, 157.71, 98, 5225
2026/09/17 11:13:23.875, 158.60, 100, 5225
2026/09/17 11:13:24.875, 158.51, 100, 5225
2026/09/17 11:13:25.876, 157.76, 98, 5225
2026/09/17 11:13:26.884, 158.31, 100, 5225
2026/09/17 11:13:27.884, 158.11, 100, 5225
2026/09/17 11:13:28.885, 158.57, 98, 5225
2026/09/17 11:13:29.885, 158.58, 100, 5225
2026/09/17 11:13:30.885, 158.50, 100, 5225
2026/09/17 11:13:31.885, 157.44, 98, 5225
2026/09/17 11:13:32.885, 158.55, 100, 5225
2026/09/17 11:13:33.886, 158.21, 100, 5225
2026/09/17 11:13:34.886, 157.30, 98, 5225
2026/09/17 11:13:35.886, 157.75, 100, 5225
2026/09/17 11:13:36.886, 158.04, 100, 5225
2026/09/17 11:13:37.886, 157.44, 98, 5225
2026/09/17 11:13:38.886, 158.33, 100, 5225
2026/09/17 11:13:39.887, 158.63, 100, 5225
2026/09/17 11:13:40.887, 157.85, 98, 5225
2026/09/17 11:13:41.887, 156.64, 100, 5225
2026/09/17 11:13:42.887, 157.89, 100, 5225
2026/09/17 11:13:43.887, 157.40, 98, 5225
2026/09/17 11:13:44.888, 158.31, 100, 5225
2026/09/17 11:13:45.888, 158.04, 98, 5225
2026/09/17 11:13:46.888, 157.90, 99, 5225
2026/09/17 11:13:47.888, 157.86, 100, 5225
2026/09/17 11:13:48.888, 158.05, 98, 5225
2026/09/17 11:13:49.889, 158.21, 100, 5225
2026/09/17 11:13:50.889, 158.03, 100, 5225
2026/09/17 11:13:51.889, 157.23, 98, 5225
2026/09/17 11:13:52.889, 158.18, 100, 5225
2026/09/17 11:13:53.889, 157.55, 100, 5225
2026/09/17 11:13:54.889, 158.25, 98, 5225
2026/09/17 11:13:55.890, 158.21, 100, 5225
2026/09/17 11:13:56.890, 156.55, 100, 5225
2026/09/17 11:13:57.890, 158.23, 98, 5225
2026/09/17 11:13:58.890, 158.29, 100, 5225
2026/09/17 11:13:59.890, 158.16, 100, 5225
2026/09/17 11:14:00.891, 158.24, 98, 5225
2026/09/17 11:14:01.891, 158.14, 100, 5225
2026/09/17 11:14:02.891, 158.00, 100, 5225
2026/09/17 11:14:03.891, 158.16, 98, 5225
2026/09/17 11:14:04.891, 158.32, 100, 5225
2026/09/17 11:14:05.892, 157.90, 100, 5225
2026/09/17 11:14:06.892, 157.31, 98, 5225
2026/09/17 11:14:07.892, 157.63, 100, 5225
2026/09/17 11:14:08.892, 158.19, 100, 5225
2026/09/17 11:14:09.892, 158.23, 98, 5225
2026/09/17 11:14:10.893, 157.39, 98, 5225
2026/09/17 11:14:11.893, 156.65, 100, 5225
2026/09/17 11:14:12.893, 157.88, 100, 5225
2026/09/17 11:14:13.893, 156.98, 100, 5225
2026/09/17 11:14:14.893, 157.43, 100, 5225
2026/09/17 11:14:15.894, 157.91, 100, 5225
2026/09/17 11:14:16.894, 155.86, 100, 5225
2026/09/17 11:14:17.894, 156.63, 100, 5225
2026/09/17 11:14:18.894, 158.13, 100, 5225
2026/09/17 11:14:19.894, 158.05, 100, 5225
2026/09/17 11:14:20.894, 158.52, 100, 5225
2026/09/17 11:14:21.895, 158.03, 100, 5225
2026/09/17 11:14:22.895, 157.05, 98, 5225
2026/09/17 11:14:23.895, 157.93, 100, 5225
2026/09/17 11:14:24.895, 158.26, 100, 5225
2026/09/17 11:14:25.895, 157.58, 98, 5225
2026/09/17 11:14:26.896, 157.59, 100, 5225
2026/09/17 11:14:27.896, 157.97, 100, 5225
2026/09/17 11:14:28.896, 156.82, 98, 5225
2026/09/17 11:14:29.896, 157.71, 100, 5225
2026/09/17 11:14:30.897, 157.84, 100, 5225
2026/09/17 11:14:31.897, 157.25, 98, 5225
2026/09/17 11:14:32.897, 157.62, 100, 5225
2026/09/17 11:14:33.897, 158.48, 100, 5225
2026/09/17 11:14:34.897, 157.34, 98, 5225
2026/09/17 11:14:35.898, 158.23, 100, 5225
2026/09/17 11:14:36.898, 157.96, 100, 5225
2026/09/17 11:14:37.906, 156.91, 98, 5225
2026/09/17 11:14:38.907, 157.56, 100, 5225
2026/09/17 11:14:39.907, 158.08, 100, 5225
2026/09/17 11:14:40.907, 157.67, 98, 5225
2026/09/17 11:14:41.907, 157.68, 100, 5225
2026/09/17 11:14:42.908, 158.01, 99, 5225
2026/09/17 11:14:43.908, 157.16, 98, 5225
2026/09/17 11:14:44.908, 157.23, 100, 5225
2026/09/17 11:14:45.908, 157.80, 98, 5225
2026/09/17 11:14:46.908, 157.67, 100, 5225
2026/09/17 11:14:47.909, 157.48, 100, 5225
2026/09/17 11:14:48.909, 157.41, 98, 5225
2026/09/17 11:14:49.909, 156.98, 100, 5225
2026/09/17 11:14:50.909, 158.10, 100, 5225
2026/09/17 11:14:51.909, 158.01, 98, 5225
2026/09/17 11:14:52.910, 158.11, 100, 5225
2026/09/17 11:14:53.910, 158.21, 100, 5225
2026/09/17 11:14:54.910, 158.27, 98, 5225
2026/09/17 11:14:55.910, 158.58, 100, 5225
2026/09/17 11:14:56.910, 158.23, 100, 5225
2026/09/17 11:14:57.911, 158.01, 98, 5225
2026/09/17 11:14:58.911, 158.54, 100, 5225
2026/09/17 11:14:59.911, 157.90, 100, 5225
2026/09/17 11:15:00.911, 158.29, 98, 5225
2026/09/17 11:15:01.911, 158.85, 100, 5225
2026/09/17 11:15:02.912, 157.71, 100, 5225
2026/09/17 11:15:03.912, 157.66, 98, 5225
2026/09/17 11:15:04.912, 157.74, 100, 5225
2026/09/17 11:15:05.912, 157.55, 100, 5225
2026/09/17 11:15:06.912, 157.47, 98, 5225
2026/09/17 11:15:07.913, 157.66, 100, 5225
2026/09/17 11:15:08.913, 157.82, 100, 5225
2026/09/17 11:15:09.913, 157.71, 98, 5225
2026/09/17 11:15:10.913, 157.87, 100, 5225
2026/09/17 11:15:11.913, 157.79, 100, 5225
2026/09/17 11:15:12.913, 157.40, 98, 5225
2026/09/17 11:15:13.914, 157.76, 100, 5225
2026/09/17 11:15:14.914, 157.54, 100, 5225
2026/09/17 11:15:15.914, 157.16, 98, 5225
2026/09/17 11:15:16.914, 157.88, 100, 5225
2026/09/17 11:15:17.914, 156.63, 100, 5225
2026/09/17 11:15:18.915, 157.33, 98, 5225
2026/09/17 11:15:19.915, 157.78, 100, 5225
2026/09/17 11:15:20.915, 157.73, 100, 5225
2026/09/17 11:15:21.915, 157.19, 98, 5225
2026/09/17 11:15:22.915, 156.93, 100, 5225
2026/09/17 11:15:23.916, 157.48, 100, 5225
2026/09/17 11:15:24.916, 156.96, 98, 5225
2026/09/17 11:15:25.916, 157.66, 100, 5225
2026/09/17 11:15:26.916, 157.31, 99, 5225
2026/09/17 11:15:27.916, 156.64, 99, 5225
2026/09/17 11:15:28.917, 157.63, 100, 5225
2026/09/17 11:15:29.917, 156.79, 98, 5225
2026/09/17 11:15:30.917, 157.49, 100, 5225
2026/09/17 11:15:31.917, 157.68, 100, 5225
2026/09/17 11:15:32.917, 157.56, 98, 5225
2026/09/17 11:15:33.917, 157.84, 100, 5225
2026/09/17 11:15:34.918, 158.00, 100, 5225
2026/09/17 11:15:35.918, 157.49, 98, 5225
2026/09/17 11:15:36.918, 158.18, 100, 5225
2026/09/17 11:15:37.918, 158.11, 100, 5225
2026/09/17 11:15:38.918, 157.17, 98, 5225
2026/09/17 11:15:39.919, 157.87, 100, 5225
2026/09/17 11:15:40.919, 159.72, 100, 5225
2026/09/17 11:15:41.919, 159.89, 99, 5225
2026/09/17 11:15:42.919, 155.25, 99, 5225
2026/09/17 11:15:43.919, 158.09, 99, 5225
2026/09/17 11:15:44.919, 162.05, 100, 5225
2026/09/17 11:15:45.920, 155.25, 99, 5225
2026/09/17 11:15:46.920, 155.49, 98, 5225
2026/09/17 11:15:47.920, 163.50, 99, 5225
2026/09/17 11:15:48.929, 156.58, 100, 5225
2026/09/17 11:15:49.929, 155.24, 99, 5225
2026/09/17 11:15:50.929, 162.11, 99, 5225
2026/09/17 11:15:51.929, 159.57, 100, 5225
2026/09/17 11:15:52.929, 155.43, 100, 5225
2026/09/17 11:15:53.938, 158.93, 100, 5225
2026/09/17 11:15:54.938, 161.21, 99, 5225
2026/09/17 11:15:55.938, 155.27, 100, 5225
2026/09/17 11:15:56.939, 156.66, 99, 5225
2026/09/17 11:15:57.939, 163.54, 100, 5225
2026/09/17 11:15:58.939, 156.12, 99, 5225
2026/09/17 11:15:59.939, 155.11, 100, 5225
2026/09/17 11:16:00.939, 162.34, 99, 5225
2026/09/17 11:16:01.940, 157.89, 100, 5225
2026/09/17 11:16:02.940, 155.07, 99, 5225
2026/09/17 11:16:03.940, 158.98, 99, 5225
2026/09/17 11:16:04.940, 160.32, 100, 5225
2026/09/17 11:16:05.940, 154.96, 100, 5225
2026/09/17 11:16:06.941, 156.96, 99, 5225
2026/09/17 11:16:07.941, 162.73, 99, 5225
2026/09/17 11:16:08.941, 154.88, 100, 5225
2026/09/17 11:16:09.941, 154.92, 100, 5225
2026/09/17 11:16:10.941, 162.04, 99, 5225
2026/09/17 11:16:11.941, 157.14, 99, 5225
2026/09/17 11:16:12.942, 155.21, 100, 5225
2026/09/17 11:16:13.942, 160.04, 100, 5225
2026/09/17 11:16:14.942, 160.10, 100, 5225
2026/09/17 11:16:15.942, 155.04, 99, 5225
2026/09/17 11:16:16.943, 116.95, 28, 5225
2026/09/17 11:16:17.943, 53.17, 100, 5225
2026/09/17 11:16:18.943, 157.28, 100, 5225
2026/09/17 11:16:19.943, 156.57, 98, 5225
2026/09/17 11:16:20.943, 157.39, 100, 5225
2026/09/17 11:16:21.944, 157.09, 99, 5225
2026/09/17 11:16:22.944, 156.69, 98, 5225
2026/09/17 11:16:23.952, 157.79, 100, 5225
2026/09/17 11:16:24.953, 157.12, 98, 5225
2026/09/17 11:16:25.953, 157.23, 99, 5225
2026/09/17 11:16:26.953, 157.50, 100, 5225
2026/09/17 11:16:27.953, 157.03, 98, 5225
2026/09/17 11:16:28.953, 157.31, 100, 5225
2026/09/17 11:16:29.954, 157.60, 100, 5225
2026/09/17 11:16:30.954, 157.03, 98, 5225
2026/09/17 11:16:31.954, 157.42, 100, 5225
2026/09/17 11:16:32.954, 157.64, 100, 5225
2026/09/17 11:16:33.954, 156.84, 98, 5225
2026/09/17 11:16:34.955, 157.48, 100, 5225
2026/09/17 11:16:35.955, 157.83, 100, 5225
2026/09/17 11:16:36.955, 156.67, 98, 5225
2026/09/17 11:16:37.955, 157.41, 100, 5225
2026/09/17 11:16:38.955, 157.58, 100, 5225
2026/09/17 11:16:39.956, 157.28, 98, 5225
2026/09/17 11:16:40.956, 157.48, 100, 5225
2026/09/17 11:16:41.956, 157.66, 100, 5225
2026/09/17 11:16:42.956, 155.71, 90, 5225
2026/09/17 11:16:43.956, 156.29, 100, 5225
2026/09/17 11:16:44.956, 157.43, 100, 5225
2026/09/17 11:16:45.957, 156.71, 98, 5225
2026/09/17 11:16:46.957, 157.48, 100, 5225
2026/09/17 11:16:47.957, 157.60, 100, 5225
2026/09/17 11:16:48.957, 156.59, 98, 5225
2026/09/17 11:16:49.957, 157.15, 100, 5225
2026/09/17 11:16:50.958, 157.58, 100, 5225
2026/09/17 11:16:51.958, 157.29, 98, 5225
2026/09/17 11:16:52.958, 157.15, 100, 5225
2026/09/17 11:16:53.958, 156.46, 98, 5225
2026/09/17 11:16:54.958, 157.34, 98, 5225
2026/09/17 11:16:55.959, 158.53, 100, 5225
2026/09/17 11:16:56.959, 157.93, 99, 5225
2026/09/17 11:16:57.959, 156.82, 98, 5225
2026/09/17 11:16:58.959, 157.53, 100, 5225
2026/09/17 11:16:59.959, 157.57, 98, 5225
2026/09/17 11:17:00.960, 157.47, 98, 5225
2026/09/17 11:17:01.960, 157.74, 100, 5225
2026/09/17 11:17:02.960, 158.24, 99, 5225
2026/09/17 11:17:03.960, 156.15, 100, 5225
2026/09/17 11:17:04.960, 157.74, 100, 5225
2026/09/17 11:17:05.961, 157.82, 98, 5225
2026/09/17 11:17:06.961, 157.88, 99, 5225
2026/09/17 11:17:07.961, 157.60, 100, 5225
2026/09/17 11:17:08.961, 156.55, 90, 5225
2026/09/17 11:17:09.961, 156.80, 100, 5225
2026/09/17 11:17:10.961, 157.89, 100, 5225
2026/09/17 11:17:11.962, 157.84, 98, 5225
2026/09/17 11:17:12.962, 157.56, 100, 5225
2026/09/17 11:17:13.962, 157.59, 100, 5225
2026/09/17 11:17:14.968, 156.24, 98, 5225
2026/09/17 11:17:15.969, 157.44, 100, 5225
2026/09/17 11:17:16.969, 157.47, 100, 5225
2026/09/17 11:17:17.969, 157.01, 98, 5225
2026/09/17 11:17:18.969, 157.53, 100, 5225
2026/09/17 11:17:19.969, 157.59, 100, 5225
2026/09/17 11:17:20.970, 157.01, 98, 5225
2026/09/17 11:17:21.970, 157.58, 100, 5225
2026/09/17 11:17:22.970, 157.62, 100, 5225
2026/09/17 11:17:23.970, 157.33, 98, 5225
2026/09/17 11:17:24.970, 158.47, 100, 5225
2026/09/17 11:17:25.970, 157.61, 100, 5225
2026/09/17 11:17:26.971, 157.38, 98, 5225
2026/09/17 11:17:27.971, 157.79, 100, 5225
2026/09/17 11:17:28.971, 157.79, 100, 5225
2026/09/17 11:17:29.971, 157.93, 98, 5225
2026/09/17 11:17:30.971, 158.04, 100, 5225
2026/09/17 11:17:31.971, 157.51, 100, 5225
2026/09/17 11:17:32.972, 157.32, 98, 5225
2026/09/17 11:17:33.972, 157.99, 100, 5225
2026/09/17 11:17:34.972, 157.93, 100, 5225
2026/09/17 11:17:35.972, 158.15, 98, 5225
2026/09/17 11:17:36.972, 157.76, 100, 5225
2026/09/17 11:17:37.973, 158.04, 100, 5225
2026/09/17 11:17:38.973, 157.34, 98, 5225
2026/09/17 11:17:39.973, 157.34, 100, 5225
2026/09/17 11:17:40.973, 157.38, 100, 5225
2026/09/17 11:17:41.973, 157.12, 98, 5225
2026/09/17 11:17:42.973, 157.44, 100, 5225
2026/09/17 11:17:43.974, 157.84, 100, 5225
2026/09/17 11:17:44.974, 157.87, 98, 5225
2026/09/17 11:17:45.974, 157.70, 100, 5225
2026/09/17 11:17:46.974, 157.43, 100, 5225
2026/09/17 11:17:47.974, 156.92, 98, 5225
2026/09/17 11:17:48.974, 157.31, 100, 5225
2026/09/17 11:17:49.975, 157.38, 100, 5225
2026/09/17 11:17:50.975, 157.29, 98, 5225
2026/09/17 11:17:51.975, 157.70, 100, 5225
2026/09/17 11:17:52.975, 157.22, 99, 5225
2026/09/17 11:17:53.975, 157.14, 98, 5225
2026/09/17 11:17:54.976, 158.27, 100, 5225
2026/09/17 11:17:55.976, 157.53, 98, 5225
2026/09/17 11:17:56.976, 157.58, 98, 5225
2026/09/17 11:17:57.976, 158.32, 100, 5225
2026/09/17 11:17:58.976, 157.89, 98, 5225
2026/09/17 11:17:59.977, 157.41, 98, 5225
2026/09/17 11:18:00.977, 158.25, 100, 5225
2026/09/17 11:18:01.977, 157.92, 98, 5225
2026/09/17 11:18:02.977, 157.23, 98, 5225
2026/09/17 11:18:03.977, 158.26, 100, 5225
2026/09/17 11:18:04.978, 157.79, 98, 5225
2026/09/17 11:18:05.978, 157.80, 98, 5225
2026/09/17 11:18:06.978, 158.28, 100, 5225
2026/09/17 11:18:07.978, 157.72, 98, 5225
2026/09/17 11:18:08.979, 157.38, 99, 5225
2026/09/17 11:18:09.979, 157.78, 100, 5225
2026/09/17 11:18:10.979, 157.65, 98, 5225
2026/09/17 11:18:11.979, 157.86, 98, 5225
2026/09/17 11:18:12.979, 158.21, 100, 5225
2026/09/17 11:18:13.979, 157.73, 98, 5225
2026/09/17 11:18:14.980, 157.74, 99, 5225
2026/09/17 11:18:15.980, 157.71, 100, 5225
2026/09/17 11:18:16.980, 157.11, 98, 5225
2026/09/17 11:18:17.980, 157.81, 100, 5225
2026/09/17 11:18:18.981, 157.76, 100, 5225
2026/09/17 11:18:19.981, 157.31, 98, 5225
2026/09/17 11:18:20.981, 157.95, 100, 5225
2026/09/17 11:18:21.981, 158.05, 100, 5225
2026/09/17 11:18:22.982, 157.86, 98, 5225
2026/09/17 11:18:23.982, 157.89, 100, 5225
2026/09/17 11:18:24.982, 157.45, 100, 5225
2026/09/17 11:18:25.982, 157.76, 98, 5225
2026/09/17 11:18:26.982, 158.08, 100, 5225
2026/09/17 11:18:27.983, 158.16, 100, 5225
2026/09/17 11:18:28.983, 157.46, 98, 5225
2026/09/17 11:18:29.983, 156.83, 100, 5225
2026/09/17 11:18:30.983, 157.71, 100, 5225
2026/09/17 11:18:31.983, 157.45, 98, 5225
2026/09/17 11:18:32.984, 157.55, 100, 5225
2026/09/17 11:18:33.984, 157.40, 100, 5225
2026/09/17 11:18:34.984, 156.92, 98, 5225
2026/09/17 11:18:35.984, 157.63, 100, 5225
2026/09/17 11:18:36.984, 157.51, 100, 5225
2026/09/17 11:18:37.985, 156.84, 98, 5225
2026/09/17 11:18:38.985, 157.49, 100, 5225
2026/09/17 11:18:39.985, 157.49, 100, 5225
2026/09/17 11:18:40.985, 156.86, 98, 5225
2026/09/17 11:18:41.985, 157.63, 100, 5225
2026/09/17 11:18:42.986, 157.52, 100, 5225
2026/09/17 11:18:43.986, 156.57, 98, 5225
2026/09/17 11:18:44.986, 157.32, 100, 5225
2026/09/17 11:18:45.986, 156.49, 100, 5225
2026/09/17 11:18:46.986, 156.82, 98, 5225
2026/09/17 11:18:47.987, 158.59, 100, 5225
2026/09/17 11:18:48.987, 157.71, 99, 5225
2026/09/17 11:18:49.987, 157.30, 98, 5225
2026/09/17 11:18:50.987, 157.91, 100, 5225
2026/09/17 11:18:51.988, 157.34, 98, 5225
2026/09/17 11:18:52.988, 157.45, 100, 5225
2026/09/17 11:18:53.988, 158.10, 100, 5225
2026/09/17 11:18:54.988, 157.40, 98, 5225
2026/09/17 11:18:55.988, 157.52, 100, 5225
2026/09/17 11:18:56.989, 158.11, 100, 5225
2026/09/17 11:18:57.989, 157.64, 98, 5225
2026/09/17 11:18:58.989, 157.81, 100, 5225
2026/09/17 11:18:59.989, 157.72, 100, 5225
2026/09/17 11:19:00.998, 157.51, 98, 5225
2026/09/17 11:19:01.998, 157.91, 100, 5225
2026/09/17 11:19:02.998, 157.74, 100, 5225
2026/09/17 11:19:03.998, 157.02, 98, 5225
2026/09/17 11:19:04.999, 157.44, 100, 5225
2026/09/17 11:19:05.999, 157.88, 100, 5225
2026/09/17 11:19:06.999, 157.80, 98, 5225
2026/09/17 11:19:08.000, 158.14, 100, 5225
2026/09/17 11:19:09.000, 157.84, 100, 5225
2026/09/17 11:19:10.000, 156.78, 98, 5225
2026/09/17 11:19:11.000, 157.93, 100, 5225
2026/09/17 11:19:12.000, 158.20, 100, 5225
2026/09/17 11:19:13.001, 157.72, 98, 5225
2026/09/17 11:19:14.001, 157.69, 100, 5225
2026/09/17 11:19:15.001, 157.99, 100, 5225
2026/09/17 11:19:16.001, 157.34, 98, 5225
2026/09/17 11:19:17.002, 158.54, 100, 5225
2026/09/17 11:19:18.002, 157.89, 100, 5225
2026/09/17 11:19:19.002, 156.92, 98, 5225
2026/09/17 11:19:20.002, 158.17, 100, 5225
2026/09/17 11:19:21.011, 157.95, 100, 5225
2026/09/17 11:19:22.011, 157.10, 98, 5225
2026/09/17 11:19:23.011, 157.95, 100, 5225
2026/09/17 11:19:24.011, 157.99, 100, 5225
2026/09/17 11:19:25.012, 157.29, 98, 5225
2026/09/17 11:19:26.020, 157.98, 100, 5225
2026/09/17 11:19:27.021, 158.38, 99, 5225
2026/09/17 11:19:28.021, 157.57, 98, 5225
2026/09/17 11:19:29.021, 158.63, 100, 5225
2026/09/17 11:19:30.021, 157.60, 98, 5225
2026/09/17 11:19:31.021, 157.66, 99, 5225
2026/09/17 11:19:32.022, 157.90, 100, 5225
2026/09/17 11:19:33.022, 158.46, 98, 5225
2026/09/17 11:19:34.022, 157.96, 99, 5225
2026/09/17 11:19:35.022, 157.76, 100, 5225
2026/09/17 11:19:36.031, 158.27, 98, 5225
2026/09/17 11:19:37.031, 158.14, 99, 5225
2026/09/17 11:19:38.031, 157.45, 100, 5225
2026/09/17 11:19:39.031, 157.96, 98, 5225
2026/09/17 11:19:40.031, 158.22, 100, 5225
2026/09/17 11:19:41.032, 157.66, 100, 5225
2026/09/17 11:19:42.032, 157.64, 98, 5225
2026/09/17 11:19:43.032, 158.21, 100, 5225
2026/09/17 11:19:44.032, 158.08, 100, 5225
2026/09/17 11:19:45.032, 157.85, 98, 5225
2026/09/17 11:19:46.033, 158.58, 100, 5225
2026/09/17 11:19:47.033, 157.73, 100, 5225
2026/09/17 11:19:48.033, 157.91, 98, 5225
2026/09/17 11:19:49.033, 157.98, 100, 5225
2026/09/17 11:19:50.033, 157.83, 100, 5225
2026/09/17 11:19:51.034, 158.32, 98, 5225
2026/09/17 11:19:52.034, 158.14, 100, 5225
2026/09/17 11:19:53.034, 157.74, 100, 5225
2026/09/17 11:19:54.034, 158.18, 98, 5225
2026/09/17 11:19:55.035, 158.33, 100, 5225
2026/09/17 11:19:56.035, 158.02, 100, 5225
2026/09/17 11:19:57.035, 157.74, 98, 5225
2026/09/17 11:19:58.035, 158.16, 100, 5225
2026/09/17 11:19:59.035, 157.50, 100, 5225
2026/09/17 11:20:00.036, 157.57, 98, 5225
2026/09/17 11:20:01.036, 157.99, 100, 5225
2026/09/17 11:20:02.036, 158.07, 100, 5225
2026/09/17 11:20:03.036, 157.91, 98, 5225
2026/09/17 11:20:04.036, 157.66, 100, 5225
2026/09/17 11:20:05.037, 157.60, 100, 5225
2026/09/17 11:20:06.037, 156.27, 97, 5225
2026/09/17 11:20:07.037, 157.63, 100, 5225
2026/09/17 11:20:08.037, 157.49, 100, 5225
2026/09/17 11:20:09.037, 157.05, 98, 5225
2026/09/17 11:20:10.038, 157.46, 100, 5225
2026/09/17 11:20:11.038, 156.48, 100, 5225
2026/09/17 11:20:12.038, 157.38, 98, 5225
2026/09/17 11:20:13.038, 158.10, 100, 5225
2026/09/17 11:20:14.038, 158.09, 100, 5225
2026/09/17 11:20:15.039, 157.84, 98, 5225
2026/09/17 11:20:16.039, 158.67, 100, 5225
2026/09/17 11:20:17.039, 161.42, 99, 5225
2026/09/17 11:20:18.039, 155.06, 100, 5225
2026/09/17 11:20:19.039, 156.65, 100, 5225
2026/09/17 11:20:20.040, 163.28, 100, 5225
2026/09/17 11:20:21.040, 156.19, 99, 5225
2026/09/17 11:20:22.040, 155.21, 99, 5225
2026/09/17 11:20:23.040, 161.45, 99, 5225
2026/09/17 11:20:24.040, 158.21, 100, 5225
2026/09/17 11:20:25.041, 155.13, 99, 5225
2026/09/17 11:20:26.041, 159.87, 99, 5225
2026/09/17 11:20:27.041, 160.52, 100, 5225
2026/09/17 11:20:28.041, 155.40, 100, 5225
2026/09/17 11:20:29.041, 157.00, 99, 5225
2026/09/17 11:20:30.042, 162.96, 100, 5225
2026/09/17 11:20:31.042, 155.44, 100, 5225
2026/09/17 11:20:32.042, 155.43, 100, 5225
2026/09/17 11:20:33.042, 162.07, 99, 5225
2026/09/17 11:20:34.042, 157.80, 99, 5225
2026/09/17 11:20:35.043, 155.24, 100, 5225
2026/09/17 11:20:36.043, 159.95, 100, 5225
2026/09/17 11:20:37.043, 159.98, 100, 5225
2026/09/17 11:20:38.043, 155.12, 99, 5225
2026/09/17 11:20:39.043, 157.45, 99, 5225
2026/09/17 11:20:40.052, 162.45, 100, 5225
2026/09/17 11:20:41.052, 155.20, 100, 5225
2026/09/17 11:20:42.052, 155.16, 98, 5225
2026/09/17 11:20:43.053, 163.38, 99, 5225
2026/09/17 11:20:44.053, 157.28, 100, 5225
2026/09/17 11:20:45.053, 155.34, 100, 5225
2026/09/17 11:20:46.053, 160.59, 99, 5225
2026/09/17 11:20:47.053, 158.95, 99, 5225
2026/09/17 11:20:48.053, 155.36, 100, 5225
2026/09/17 11:20:49.054, 158.53, 99, 5225
2026/09/17 11:20:50.054, 161.68, 99, 5225
2026/09/17 11:20:51.054, 154.97, 99, 5225
2026/09/17 11:20:52.054, 140.00, 28, 5225
2026/09/17 11:20:53.054, 38.78, 5, 5225
2026/09/17 11:20:54.055, 26.68, 0, 5225
2026/09/17 11:20:55.055, 21.57, 0, 5222
