2026/09/16 09:37:43.240, 5.11, 0, 41
2026/09/16 09:37:44.251, 5.11, 0, 41
2026/09/16 09:37:45.251, 5.17, 0, 41
2026/09/16 09:37:46.252, 5.66, 0, 41
2026/09/16 09:37:47.257, 14.19, 0, 983
2026/09/16 09:37:48.257, 17.63, 0, 1065
2026/09/16 09:37:49.257, 17.18, 0, 1065
2026/09/16 09:37:50.258, 17.30, 0, 1065
2026/09/16 09:37:51.258, 17.22, 0, 1065
2026/09/16 09:37:52.258, 17.27, 0, 1175
2026/09/16 09:37:53.258, 102.68, 98, 7357
2026/09/16 09:37:54.258, 136.69, 98, 7479
2026/09/16 09:37:55.258, 151.90, 100, 7479
2026/09/16 09:37:56.259, 151.81, 100, 7479
2026/09/16 09:37:57.259, 151.45, 98, 7479
2026/09/16 09:37:58.259, 152.38, 100, 7479
2026/09/16 09:37:59.259, 152.36, 100, 7479
2026/09/16 09:38:00.259, 152.60, 99, 7479
2026/09/16 09:38:01.260, 152.62, 100, 7479
2026/09/16 09:38:02.260, 153.42, 100, 7479
2026/09/16 09:38:03.260, 153.29, 100, 7479
2026/09/16 09:38:04.260, 154.41, 100, 7479
2026/09/16 09:38:05.260, 153.38, 100, 7479
2026/09/16 09:38:06.260, 153.53, 100, 7479
2026/09/16 09:38:07.261, 153.80, 100, 7479
2026/09/16 09:38:08.261, 153.00, 98, 7481
2026/09/16 09:38:09.261, 154.89, 100, 7481
2026/09/16 09:38:10.261, 155.78, 100, 7481
2026/09/16 09:38:11.261, 154.26, 99, 7481
2026/09/16 09:38:12.262, 154.82, 100, 7481
2026/09/16 09:38:13.262, 155.04, 100, 7481
2026/09/16 09:38:14.262, 154.83, 98, 7481
2026/09/16 09:38:15.262, 155.30, 100, 7481
2026/09/16 09:38:16.262, 155.16, 100, 7481
2026/09/16 09:38:17.262, 154.77, 98, 7481
2026/09/16 09:38:18.263, 156.22, 100, 7481
2026/09/16 09:38:19.263, 155.66, 100, 7481
2026/09/16 09:38:20.263, 155.22, 100, 7481
2026/09/16 09:38:21.263, 156.79, 100, 7481
2026/09/16 09:38:22.263, 155.07, 100, 7481
2026/09/16 09:38:23.263, 156.08, 100, 7481
2026/09/16 09:38:24.264, 156.16, 100, 7481
2026/09/16 09:38:25.264, 155.63, 99, 7481
2026/09/16 09:38:26.264, 155.85, 100, 7481
2026/09/16 09:38:27.264, 156.34, 100, 7481
2026/09/16 09:38:28.264, 155.44, 99, 7481
2026/09/16 09:38:29.265, 156.61, 100, 7481
2026/09/16 09:38:30.265, 156.71, 100, 7481
2026/09/16 09:38:31.265, 155.86, 98, 7481
2026/09/16 09:38:32.265, 156.87, 100, 7481
2026/09/16 09:38:33.265, 157.09, 100, 7481
2026/09/16 09:38:34.266, 157.20, 99, 7481
2026/09/16 09:38:35.266, 158.51, 100, 7481
2026/09/16 09:38:36.266, 158.20, 100, 7481
2026/09/16 09:38:37.266, 155.57, 89, 7481
2026/09/16 09:38:38.266, 156.38, 100, 7481
2026/09/16 09:38:39.267, 156.94, 100, 7481
2026/09/16 09:38:40.267, 157.20, 99, 7481
2026/09/16 09:38:41.267, 157.95, 100, 7481
2026/09/16 09:38:42.267, 156.80, 100, 7481
2026/09/16 09:38:43.267, 155.80, 100, 7481
2026/09/16 09:38:44.268, 158.28, 100, 7481
2026/09/16 09:38:45.268, 157.79, 100, 7481
2026/09/16 09:38:46.268, 157.79, 100, 7481
2026/09/16 09:38:47.268, 158.93, 100, 7481
2026/09/16 09:38:48.268, 156.25, 100, 7481
2026/09/16 09:38:49.269, 157.45, 100, 7481
2026/09/16 09:38:50.269, 158.50, 100, 7481
2026/09/16 09:38:51.269, 157.76, 99, 7481
2026/09/16 09:38:52.269, 158.17, 100, 7481
2026/09/16 09:38:53.269, 158.20, 100, 7481
2026/09/16 09:38:54.269, 157.10, 98, 7481
2026/09/16 09:38:55.270, 158.51, 100, 7481
2026/09/16 09:38:56.270, 159.07, 100, 7481
2026/09/16 09:38:57.270, 157.76, 99, 7481
2026/09/16 09:38:58.279, 159.12, 100, 7481
2026/09/16 09:38:59.279, 158.44, 100, 7481
2026/09/16 09:39:00.279, 157.85, 98, 7481
2026/09/16 09:39:01.279, 158.50, 100, 7481
2026/09/16 09:39:02.279, 158.31, 100, 7481
2026/09/16 09:39:03.288, 157.93, 98, 7481
2026/09/16 09:39:04.288, 159.20, 100, 7481
2026/09/16 09:39:05.288, 158.73, 100, 7481
2026/09/16 09:39:06.289, 158.26, 98, 7501
2026/09/16 09:39:07.289, 159.62, 100, 7501
2026/09/16 09:39:08.289, 158.88, 100, 7501
2026/09/16 09:39:09.289, 158.47, 100, 7501
2026/09/16 09:39:10.289, 159.73, 100, 7501
2026/09/16 09:39:11.290, 158.58, 100, 7501
2026/09/16 09:39:12.290, 158.82, 100, 7501
2026/09/16 09:39:13.298, 159.47, 100, 7501
2026/09/16 09:39:14.299, 158.38, 100, 7501
2026/09/16 09:39:15.299, 159.35, 100, 7501
2026/09/16 09:39:16.299, 159.30, 100, 7501
2026/09/16 09:39:17.299, 158.58, 98, 7501
2026/09/16 09:39:18.299, 159.35, 100, 7501
2026/09/16 09:39:19.300, 159.74, 100, 7501
2026/09/16 09:39:20.300, 158.35, 99, 7501
2026/09/16 09:39:21.300, 159.66, 100, 7501
2026/09/16 09:39:22.300, 159.95, 100, 7501
2026/09/16 09:39:23.300, 158.01, 98, 7501
2026/09/16 09:39:24.301, 159.13, 100, 7501
2026/09/16 09:39:25.301, 159.16, 100, 7501
2026/09/16 09:39:26.301, 158.43, 99, 7501
2026/09/16 09:39:27.301, 159.59, 100, 7501
2026/09/16 09:39:28.301, 159.37, 100, 7501
2026/09/16 09:39:29.302, 158.13, 97, 7501
2026/09/16 09:39:30.302, 159.15, 100, 7501
2026/09/16 09:39:31.302, 159.45, 100, 7501
2026/09/16 09:39:32.302, 158.65, 99, 7501
2026/09/16 09:39:33.311, 159.79, 100, 7501
2026/09/16 09:39:34.311, 158.87, 100, 7501
2026/09/16 09:39:35.311, 158.55, 98, 7501
2026/09/16 09:39:36.312, 159.49, 100, 7501
2026/09/16 09:39:37.312, 159.07, 100, 7501
2026/09/16 09:39:38.320, 158.83, 99, 7501
2026/09/16 09:39:39.321, 160.10, 100, 7501
2026/09/16 09:39:40.321, 159.06, 100, 7501
2026/09/16 09:39:41.321, 159.01, 98, 7501
2026/09/16 09:39:42.321, 159.81, 100, 7501
2026/09/16 09:39:43.322, 159.28, 100, 7501
2026/09/16 09:39:44.322, 159.29, 99, 7501
2026/09/16 09:39:45.322, 160.00, 100, 7501
2026/09/16 09:39:46.322, 159.46, 100, 7501
2026/09/16 09:39:47.323, 158.97, 99, 7501
2026/09/16 09:39:48.323, 159.95, 100, 7501
2026/09/16 09:39:49.323, 159.15, 100, 7501
2026/09/16 09:39:50.323, 159.02, 100, 7501
2026/09/16 09:39:51.323, 159.94, 100, 7501
2026/09/16 09:39:52.323, 159.41, 100, 7501
2026/09/16 09:39:53.324, 158.84, 100, 7501
2026/09/16 09:39:54.324, 159.97, 100, 7501
2026/09/16 09:39:55.324, 159.42, 100, 7501
2026/09/16 09:39:56.324, 159.51, 100, 7501
2026/09/16 09:39:57.324, 160.17, 100, 7501
2026/09/16 09:39:58.325, 159.05, 100, 7501
2026/09/16 09:39:59.325, 159.01, 100, 7501
2026/09/16 09:40:00.325, 160.29, 100, 7501
2026/09/16 09:40:01.325, 158.99, 100, 7501
2026/09/16 09:40:02.325, 159.49, 100, 7501
2026/09/16 09:40:03.334, 160.30, 100, 7501
2026/09/16 09:40:04.334, 159.11, 99, 7501
2026/09/16 09:40:05.334, 159.56, 100, 7501
2026/09/16 09:40:06.335, 159.97, 100, 7501
2026/09/16 09:40:07.335, 158.82, 99, 7501
2026/09/16 09:40:08.335, 160.27, 100, 7501
2026/09/16 09:40:09.335, 160.35, 100, 7501
2026/09/16 09:40:10.335, 158.75, 98, 7501
2026/09/16 09:40:11.336, 159.48, 100, 7501
2026/09/16 09:40:12.336, 160.27, 100, 7501
2026/09/16 09:40:13.336, 158.96, 99, 7501
2026/09/16 09:40:14.336, 159.87, 100, 7501
2026/09/16 09:40:15.336, 160.54, 100, 7501
2026/09/16 09:40:16.336, 158.87, 98, 7501
2026/09/16 09:40:17.337, 160.68, 100, 7501
2026/09/16 09:40:18.345, 160.16, 100, 7501
2026/09/16 09:40:19.346, 159.26, 99, 7501
2026/09/16 09:40:20.346, 160.01, 100, 7501
2026/09/16 09:40:21.346, 160.22, 100, 7501
2026/09/16 09:40:22.346, 159.05, 98, 7501
2026/09/16 09:40:23.346, 159.92, 100, 7501
2026/09/16 09:40:24.347, 159.87, 100, 7501
2026/09/16 09:40:25.347, 159.26, 98, 7501
2026/09/16 09:40:26.347, 159.94, 100, 7501
2026/09/16 09:40:27.347, 120.82, 0, 7501
2026/09/16 09:40:28.347, 36.73, 0, 7501
2026/09/16 09:40:29.347, 26.20, 0, 7501
2026/09/16 09:40:30.348, 20.75, 0, 7501
2026/09/16 09:40:31.348, 20.67, 0, 7501
2026/09/16 09:40:32.348, 20.66, 0, 7501
2026/09/16 09:40:33.348, 20.28, 0, 7501
2026/09/16 09:40:34.348, 20.02, 0, 7501
2026/09/16 09:40:35.348, 19.92, 0, 7501
2026/09/16 09:40:36.349, 19.89, 0, 7501
2026/09/16 09:40:37.349, 20.13, 0, 7501
2026/09/16 09:40:38.349, 19.81, 0, 7501
2026/09/16 09:40:39.349, 19.79, 0, 7501
2026/09/16 09:40:40.349, 19.50, 0, 7501
2026/09/16 09:40:41.350, 19.37, 0, 7501
2026/09/16 09:40:42.350, 19.18, 0, 7501
2026/09/16 09:40:43.350, 19.14, 0, 7501
2026/09/16 09:40:44.350, 19.04, 0, 7501
2026/09/16 09:40:45.350, 18.94, 0, 7501
2026/09/16 09:40:46.351, 19.08, 0, 7501
2026/09/16 09:40:47.351, 18.75, 0, 7501
2026/09/16 09:40:48.359, 18.73, 0, 7501
2026/09/16 09:40:49.360, 18.43, 0, 7501
2026/09/16 09:40:50.360, 18.46, 0, 7501
2026/09/16 09:40:51.360, 18.29, 0, 7501
2026/09/16 09:40:52.360, 18.32, 0, 7501
2026/09/16 09:40:53.369, 18.56, 0, 7501
2026/09/16 09:40:54.369, 13.26, 0, 7501
2026/09/16 09:40:55.369, 8.87, 0, 7501
2026/09/16 09:40:56.369, 7.70, 0, 7501
2026/09/16 09:40:57.370, 41.02, 0, 7501
2026/09/16 09:40:58.373, 36.45, 0, 7501
2026/09/16 09:40:59.373, 22.24, 0, 7501
2026/09/16 09:41:00.374, 57.17, 0, 7501
2026/09/16 09:41:01.374, 40.98, 0, 7501
2026/09/16 09:41:02.374, 23.56, 0, 7501
2026/09/16 09:41:03.374, 49.93, 24, 7501
2026/09/16 09:41:04.374, 40.37, 0, 7501
2026/09/16 09:41:05.374, 22.97, 0, 7501
2026/09/16 09:41:06.375, 51.63, 100, 7501
2026/09/16 09:41:07.375, 37.23, 0, 7501
2026/09/16 09:41:08.375, 23.46, 0, 7501
2026/09/16 09:41:09.375, 17.90, 0, 7501
2026/09/16 09:41:10.375, 56.42, 0, 7501
2026/09/16 09:41:11.376, 33.13, 0, 7501
2026/09/16 09:41:12.376, 23.39, 0, 7501
2026/09/16 09:41:13.376, 49.21, 77, 7501
2026/09/16 09:41:14.376, 34.35, 0, 7501
2026/09/16 09:41:15.376, 24.48, 0, 7501
2026/09/16 09:41:16.376, 33.82, 100, 7503
2026/09/16 09:41:17.377, 132.22, 99, 7503
2026/09/16 09:41:18.377, 152.14, 100, 7503
2026/09/16 09:41:19.377, 152.35, 100, 7503
2026/09/16 09:41:20.377, 155.18, 100, 7503
2026/09/16 09:41:21.377, 157.18, 100, 7503
2026/09/16 09:41:22.377, 154.57, 100, 7503
2026/09/16 09:41:23.378, 153.40, 100, 7503
2026/09/16 09:41:24.378, 153.52, 100, 7503
2026/09/16 09:41:25.378, 154.97, 100, 7503
2026/09/16 09:41:26.378, 158.42, 99, 7503
2026/09/16 09:41:27.378, 156.61, 100, 7503
2026/09/16 09:41:28.378, 154.02, 99, 7503
2026/09/16 09:41:29.379, 154.40, 99, 7503
2026/09/16 09:41:30.379, 155.67, 99, 7503
2026/09/16 09:41:31.379, 159.86, 100, 7503
2026/09/16 09:41:32.379, 157.87, 99, 7503
2026/09/16 09:41:33.379, 154.89, 100, 7503
2026/09/16 09:41:34.380, 154.98, 100, 7503
2026/09/16 09:41:35.380, 155.50, 100, 7503
2026/09/16 09:41:36.380, 159.87, 100, 7503
2026/09/16 09:41:37.380, 158.74, 100, 7503
2026/09/16 09:41:38.380, 155.47, 100, 7503
2026/09/16 09:41:39.381, 155.59, 100, 7503
2026/09/16 09:41:40.381, 155.86, 98, 7503
2026/09/16 09:41:41.381, 159.83, 100, 7503
2026/09/16 09:41:42.381, 159.33, 100, 7503
2026/09/16 09:41:43.381, 156.04, 100, 7503
2026/09/16 09:41:44.381, 156.07, 99, 7503
2026/09/16 09:41:45.382, 156.13, 100, 7503
2026/09/16 09:41:46.382, 159.62, 100, 7503
2026/09/16 09:41:47.382, 160.26, 99, 7503
2026/09/16 09:41:48.382, 156.73, 100, 7503
2026/09/16 09:41:49.382, 156.66, 100, 7503
2026/09/16 09:41:50.383, 156.49, 100, 7503
2026/09/16 09:41:51.383, 159.54, 99, 7503
2026/09/16 09:41:52.383, 160.96, 100, 7503
2026/09/16 09:41:53.383, 157.24, 100, 7503
2026/09/16 09:41:54.383, 157.05, 100, 7503
2026/09/16 09:41:55.383, 157.12, 99, 7503
2026/09/16 09:41:56.384, 159.69, 100, 7503
2026/09/16 09:41:57.384, 161.13, 99, 7503
2026/09/16 09:41:58.384, 158.30, 99, 7503
2026/09/16 09:41:59.384, 157.26, 99, 7503
2026/09/16 09:42:00.384, 157.68, 100, 7503
2026/09/16 09:42:01.385, 159.51, 99, 7503
2026/09/16 09:42:02.385, 161.58, 100, 7503
2026/09/16 09:42:03.385, 159.16, 100, 7503
2026/09/16 09:42:04.385, 157.73, 100, 7503
2026/09/16 09:42:05.385, 157.79, 100, 7503
2026/09/16 09:42:06.385, 159.36, 100, 7503
2026/09/16 09:42:07.386, 162.33, 99, 7503
2026/09/16 09:42:08.386, 159.57, 100, 7503
2026/09/16 09:42:09.386, 157.98, 100, 7503
2026/09/16 09:42:10.386, 158.04, 99, 7503
2026/09/16 09:42:11.386, 159.02, 99, 7503
2026/09/16 09:42:12.387, 162.10, 100, 7503
2026/09/16 09:42:13.387, 160.28, 99, 7503
2026/09/16 09:42:14.395, 158.27, 100, 7503
2026/09/16 09:42:15.396, 158.17, 100, 7503
2026/09/16 09:42:16.396, 158.94, 100, 7503
2026/09/16 09:42:17.396, 161.66, 100, 7503
2026/09/16 09:42:18.396, 160.81, 100, 7503
2026/09/16 09:42:19.396, 158.07, 100, 7503
2026/09/16 09:42:20.397, 158.44, 100, 7503
2026/09/16 09:42:21.397, 158.57, 98, 7503
2026/09/16 09:42:22.397, 161.77, 100, 7503
2026/09/16 09:42:23.397, 161.34, 100, 7503
2026/09/16 09:42:24.406, 158.64, 99, 7503
2026/09/16 09:42:25.406, 158.52, 99, 7503
2026/09/16 09:42:26.406, 158.55, 100, 7503
2026/09/16 09:42:27.406, 161.90, 100, 7503
2026/09/16 09:42:28.407, 161.81, 99, 7503
2026/09/16 09:42:29.407, 158.86, 100, 7503
2026/09/16 09:42:30.407, 158.45, 100, 7503
2026/09/16 09:42:31.407, 158.25, 100, 7503
2026/09/16 09:42:32.407, 161.30, 99, 7503
2026/09/16 09:42:33.408, 162.10, 100, 7503
2026/09/16 09:42:34.408, 158.98, 100, 7503
2026/09/16 09:42:35.408, 158.92, 100, 7503
2026/09/16 09:42:36.408, 158.79, 99, 7503
2026/09/16 09:42:37.408, 161.02, 100, 7503
2026/09/16 09:42:38.408, 162.45, 99, 7503
2026/09/16 09:42:39.409, 159.85, 99, 7503
2026/09/16 09:42:40.409, 159.17, 100, 7503
2026/09/16 09:42:41.409, 158.93, 100, 7503
2026/09/16 09:42:42.409, 160.60, 99, 7503
2026/09/16 09:42:43.409, 162.51, 100, 7503
2026/09/16 09:42:44.409, 160.32, 100, 7503
2026/09/16 09:42:45.410, 159.09, 100, 7503
2026/09/16 09:42:46.410, 159.21, 100, 7503
2026/09/16 09:42:47.410, 160.53, 100, 7503
2026/09/16 09:42:48.410, 162.56, 99, 7503
2026/09/16 09:42:49.410, 160.90, 100, 7503
2026/09/16 09:42:50.411, 159.16, 99, 7503
2026/09/16 09:42:51.411, 159.34, 99, 7503
2026/09/16 09:42:52.411, 159.96, 99, 7503
2026/09/16 09:42:53.411, 162.73, 100, 7503
2026/09/16 09:42:54.411, 161.15, 99, 7503
2026/09/16 09:42:55.412, 158.61, 100, 7503
2026/09/16 09:42:56.412, 158.73, 100, 7503
2026/09/16 09:42:57.412, 159.26, 100, 7503
2026/09/16 09:42:58.412, 162.83, 99, 7503
2026/09/16 09:42:59.412, 161.81, 100, 7503
2026/09/16 09:43:00.412, 157.97, 100, 7503
2026/09/16 09:43:01.413, 158.46, 99, 7503
2026/09/16 09:43:02.413, 158.86, 98, 7503
2026/09/16 09:43:03.413, 163.24, 100, 7503
2026/09/16 09:43:04.413, 162.55, 99, 7503
2026/09/16 09:43:05.413, 159.08, 99, 7503
2026/09/16 09:43:06.414, 158.98, 100, 7503
2026/09/16 09:43:07.414, 159.14, 100, 7503
2026/09/16 09:43:08.414, 56.51, 8, 7503
2026/09/16 09:43:09.414, 159.49, 100, 7503
2026/09/16 09:43:10.414, 160.20, 100, 7503
2026/09/16 09:43:11.414, 158.60, 98, 7503
2026/09/16 09:43:12.415, 159.50, 100, 7503
2026/09/16 09:43:13.415, 159.91, 100, 7503
2026/09/16 09:43:14.415, 159.07, 99, 7503
2026/09/16 09:43:15.415, 159.78, 100, 7503
2026/09/16 09:43:16.415, 159.90, 100, 7503
2026/09/16 09:43:17.416, 158.76, 98, 7503
2026/09/16 09:43:18.416, 159.51, 100, 7503
2026/09/16 09:43:19.416, 160.08, 100, 7503
2026/09/16 09:43:20.416, 159.05, 99, 7503
2026/09/16 09:43:21.416, 160.41, 100, 7503
2026/09/16 09:43:22.417, 160.18, 100, 7503
2026/09/16 09:43:23.417, 158.60, 98, 7503
2026/09/16 09:43:24.417, 159.87, 100, 7503
2026/09/16 09:43:25.417, 160.24, 100, 7503
2026/09/16 09:43:26.417, 159.04, 98, 7503
2026/09/16 09:43:27.418, 159.88, 100, 7503
2026/09/16 09:43:28.418, 159.71, 100, 7503
2026/09/16 09:43:29.418, 158.86, 98, 7503
2026/09/16 09:43:30.418, 159.76, 100, 7503
2026/09/16 09:43:31.418, 160.11, 100, 7503
2026/09/16 09:43:32.418, 159.09, 98, 7503
2026/09/16 09:43:33.419, 160.44, 100, 7503
2026/09/16 09:43:34.419, 159.68, 100, 7503
2026/09/16 09:43:35.419, 158.96, 98, 7503
2026/09/16 09:43:36.419, 160.62, 100, 7503
2026/09/16 09:43:37.419, 160.23, 100, 7503
2026/09/16 09:43:38.420, 159.70, 99, 7503
2026/09/16 09:43:39.420, 160.26, 100, 7503
2026/09/16 09:43:40.420, 160.04, 100, 7503
2026/09/16 09:43:41.420, 160.21, 98, 7503
2026/09/16 09:43:42.420, 160.46, 100, 7503
2026/09/16 09:43:43.420, 159.37, 100, 7503
2026/09/16 09:43:44.421, 160.06, 99, 7503
2026/09/16 09:43:45.421, 160.31, 100, 7503
2026/09/16 09:43:46.421, 159.15, 100, 7503
2026/09/16 09:43:47.421, 159.79, 98, 7503
2026/09/16 09:43:48.421, 160.52, 100, 7503
2026/09/16 09:43:49.422, 159.63, 100, 7503
2026/09/16 09:43:50.422, 160.39, 98, 7503
2026/09/16 09:43:51.422, 159.85, 100, 7503
2026/09/16 09:43:52.422, 159.35, 100, 7503
2026/09/16 09:43:53.422, 160.87, 99, 7503
2026/09/16 09:43:54.423, 160.44, 100, 7503
2026/09/16 09:43:55.423, 159.72, 100, 7503
2026/09/16 09:43:56.423, 160.52, 100, 7503
2026/09/16 09:43:57.423, 160.26, 100, 7503
2026/09/16 09:43:58.423, 159.35, 100, 7503
2026/09/16 09:43:59.424, 160.31, 100, 7503
2026/09/16 09:44:00.424, 159.82, 100, 7503
2026/09/16 09:44:01.424, 159.40, 100, 7503
2026/09/16 09:44:02.424, 160.76, 100, 7503
2026/09/16 09:44:03.424, 159.58, 100, 7503
2026/09/16 09:44:04.425, 159.42, 100, 7503
2026/09/16 09:44:05.425, 160.49, 100, 7503
2026/09/16 09:44:06.425, 159.85, 100, 7503
2026/09/16 09:44:07.425, 160.04, 100, 7503
2026/09/16 09:44:08.425, 160.78, 100, 7503
2026/09/16 09:44:09.426, 160.17, 100, 7503
2026/09/16 09:44:10.426, 159.72, 100, 7503
2026/09/16 09:44:11.426, 160.63, 100, 7503
2026/09/16 09:44:12.426, 160.31, 100, 7503
2026/09/16 09:44:13.426, 159.51, 100, 7503
2026/09/16 09:44:14.426, 160.70, 100, 7503
2026/09/16 09:44:15.427, 159.79, 100, 7503
2026/09/16 09:44:16.427, 159.84, 99, 7503
2026/09/16 09:44:17.427, 160.59, 100, 7503
2026/09/16 09:44:18.427, 159.62, 100, 7503
2026/09/16 09:44:19.427, 159.74, 100, 7503
2026/09/16 09:44:20.428, 160.78, 100, 7503
2026/09/16 09:44:21.428, 159.98, 100, 7503
2026/09/16 09:44:22.428, 160.10, 100, 7503
2026/09/16 09:44:23.428, 161.29, 100, 7503
2026/09/16 09:44:24.428, 160.09, 100, 7503
2026/09/16 09:44:25.428, 160.19, 100, 7503
2026/09/16 09:44:26.429, 160.79, 100, 7503
2026/09/16 09:44:27.429, 160.13, 100, 7503
2026/09/16 09:44:28.429, 160.03, 100, 7503
2026/09/16 09:44:29.429, 160.66, 100, 7503
2026/09/16 09:44:30.429, 159.86, 100, 7503
2026/09/16 09:44:31.430, 160.49, 100, 7503
2026/09/16 09:44:32.430, 160.68, 100, 7503
2026/09/16 09:44:33.430, 160.02, 100, 7503
2026/09/16 09:44:34.430, 160.45, 100, 7503
2026/09/16 09:44:35.430, 160.98, 100, 7503
2026/09/16 09:44:36.431, 159.84, 99, 7503
2026/09/16 09:44:37.431, 160.78, 100, 7503
2026/09/16 09:44:38.431, 160.40, 100, 7503
2026/09/16 09:44:39.431, 159.07, 98, 7503
2026/09/16 09:44:40.431, 160.71, 100, 7503
2026/09/16 09:44:41.432, 160.76, 100, 7503
2026/09/16 09:44:42.432, 159.50, 99, 7503
2026/09/16 09:44:43.432, 160.90, 100, 7503
2026/09/16 09:44:44.432, 160.34, 100, 7503
2026/09/16 09:44:45.432, 159.42, 98, 7503
2026/09/16 09:44:46.433, 160.27, 100, 7503
2026/09/16 09:44:47.433, 160.72, 100, 7503
2026/09/16 09:44:48.433, 159.40, 99, 7503
2026/09/16 09:44:49.433, 160.25, 100, 7503
2026/09/16 09:44:50.433, 160.70, 100, 7503
2026/09/16 09:44:51.433, 159.03, 98, 7503
2026/09/16 09:44:52.434, 160.01, 100, 7503
2026/09/16 09:44:53.434, 160.66, 100, 7503
2026/09/16 09:44:54.434, 159.71, 99, 7503
2026/09/16 09:44:55.434, 160.71, 100, 7503
2026/09/16 09:44:56.434, 160.53, 100, 7503
2026/09/16 09:44:57.435, 159.33, 98, 7503
2026/09/16 09:44:58.435, 160.48, 100, 7503
2026/09/16 09:44:59.435, 160.33, 100, 7503
2026/09/16 09:45:00.435, 159.78, 99, 7503
2026/09/16 09:45:01.435, 160.95, 100, 7503
2026/09/16 09:45:02.435, 160.16, 100, 7503
2026/09/16 09:45:03.436, 159.80, 98, 7503
2026/09/16 09:45:04.436, 160.32, 100, 7503
2026/09/16 09:45:05.436, 160.25, 100, 7503
2026/09/16 09:45:06.436, 160.06, 99, 7503
2026/09/16 09:45:07.436, 160.80, 100, 7503
2026/09/16 09:45:08.437, 160.32, 100, 7503
2026/09/16 09:45:09.437, 159.92, 98, 7503
2026/09/16 09:45:10.437, 160.99, 100, 7503
2026/09/16 09:45:11.437, 160.46, 100, 7503
2026/09/16 09:45:12.437, 159.95, 99, 7503
2026/09/16 09:45:13.438, 160.95, 100, 7503
2026/09/16 09:45:14.438, 160.02, 100, 7503
2026/09/16 09:45:15.438, 159.57, 98, 7503
2026/09/16 09:45:16.438, 160.90, 100, 7503
2026/09/16 09:45:17.438, 160.18, 100, 7503
2026/09/16 09:45:18.438, 160.01, 99, 7503
2026/09/16 09:45:19.439, 160.79, 100, 7503
2026/09/16 09:45:20.439, 160.09, 100, 7503
2026/09/16 09:45:21.439, 159.72, 99, 7503
2026/09/16 09:45:22.439, 160.54, 100, 7503
2026/09/16 09:45:23.439, 159.91, 100, 7503
2026/09/16 09:45:24.440, 160.00, 100, 7503
2026/09/16 09:45:25.440, 160.66, 100, 7503
2026/09/16 09:45:26.440, 159.58, 100, 7503
2026/09/16 09:45:27.440, 159.83, 100, 7503
2026/09/16 09:45:28.440, 161.22, 100, 7503
2026/09/16 09:45:29.440, 160.12, 100, 7503
2026/09/16 09:45:30.441, 160.24, 100, 7503
2026/09/16 09:45:31.441, 161.05, 100, 7503
2026/09/16 09:45:32.441, 159.51, 100, 7503
2026/09/16 09:45:33.441, 159.79, 100, 7503
2026/09/16 09:45:34.441, 160.92, 100, 7503
2026/09/16 09:45:35.442, 159.34, 100, 7503
2026/09/16 09:45:36.442, 160.06, 100, 7503
2026/09/16 09:45:37.442, 161.00, 100, 7503
2026/09/16 09:45:38.442, 159.74, 100, 7503
2026/09/16 09:45:39.442, 160.23, 100, 7503
2026/09/16 09:45:40.443, 160.56, 100, 7503
2026/09/16 09:45:41.443, 159.69, 100, 7503
2026/09/16 09:45:42.443, 159.01, 100, 7503
2026/09/16 09:45:43.443, 163.38, 99, 7503
2026/09/16 09:45:44.443, 162.47, 100, 7503
2026/09/16 09:45:45.443, 158.58, 100, 7503
2026/09/16 09:45:46.444, 158.71, 99, 7503
2026/09/16 09:45:47.444, 158.44, 100, 7503
2026/09/16 09:45:48.444, 162.79, 100, 7503
2026/09/16 09:45:49.444, 163.12, 99, 7503
2026/09/16 09:45:50.444, 159.46, 100, 7503
2026/09/16 09:45:51.445, 159.71, 100, 7503
2026/09/16 09:45:52.445, 159.68, 100, 7503
2026/09/16 09:45:53.445, 162.49, 99, 7503
2026/09/16 09:45:54.445, 163.43, 100, 7503
2026/09/16 09:45:55.445, 160.07, 100, 7503
2026/09/16 09:45:56.445, 159.65, 100, 7503
2026/09/16 09:45:57.446, 159.52, 99, 7503
2026/09/16 09:45:58.446, 161.82, 100, 7503
2026/09/16 09:45:59.446, 163.50, 99, 7503
2026/09/16 09:46:00.446, 160.38, 99, 7503
2026/09/16 09:46:01.446, 159.87, 100, 7503
2026/09/16 09:46:02.447, 159.65, 100, 7503
2026/09/16 09:46:03.447, 161.64, 99, 7503
2026/09/16 09:46:04.447, 163.55, 100, 7503
2026/09/16 09:46:05.447, 161.25, 100, 7503
2026/09/16 09:46:06.447, 159.81, 100, 7503
2026/09/16 09:46:07.447, 159.70, 100, 7503
2026/09/16 09:46:08.448, 161.23, 100, 7503
2026/09/16 09:46:09.448, 163.34, 99, 7503
2026/09/16 09:46:10.448, 161.19, 100, 7503
2026/09/16 09:46:11.448, 159.51, 99, 7503
2026/09/16 09:46:12.448, 159.48, 100, 7503
2026/09/16 09:46:13.449, 160.37, 99, 7503
2026/09/16 09:46:14.449, 163.24, 100, 7503
2026/09/16 09:46:15.449, 161.79, 100, 7503
2026/09/16 09:46:16.449, 159.84, 100, 7503
2026/09/16 09:46:17.449, 159.57, 100, 7503
2026/09/16 09:46:18.449, 159.92, 100, 7503
2026/09/16 09:46:19.450, 163.21, 99, 7503
2026/09/16 09:46:20.450, 162.66, 100, 7503
2026/09/16 09:46:21.450, 159.73, 100, 7503
2026/09/16 09:46:22.450, 159.67, 99, 7503
2026/09/16 09:46:23.450, 159.83, 100, 7503
2026/09/16 09:46:24.451, 162.91, 100, 7503
2026/09/16 09:46:25.451, 162.88, 99, 7503
2026/09/16 09:46:26.451, 159.10, 99, 7503
2026/09/16 09:46:27.451, 159.26, 100, 7503
2026/09/16 09:46:28.451, 159.40, 100, 7503
2026/09/16 09:46:29.452, 162.37, 99, 7503
2026/09/16 09:46:30.452, 163.49, 100, 7503
2026/09/16 09:46:31.452, 159.36, 100, 7503
2026/09/16 09:46:32.452, 159.63, 100, 7503
2026/09/16 09:46:33.452, 159.70, 99, 7503
2026/09/16 09:46:34.452, 161.79, 100, 7503
2026/09/16 09:46:35.453, 163.30, 99, 7503
2026/09/16 09:46:36.461, 160.37, 99, 7503
2026/09/16 09:46:37.462, 159.67, 99, 7503
2026/09/16 09:46:38.462, 159.57, 100, 7503
2026/09/16 09:46:39.462, 161.25, 99, 7503
2026/09/16 09:46:40.462, 163.38, 100, 7503
2026/09/16 09:46:41.462, 160.81, 100, 7503
2026/09/16 09:46:42.463, 159.74, 100, 7503
2026/09/16 09:46:43.463, 159.19, 100, 7503
2026/09/16 09:46:44.463, 160.91, 100, 7503
2026/09/16 09:46:45.463, 163.24, 99, 7503
2026/09/16 09:46:46.463, 161.22, 100, 7503
2026/09/16 09:46:47.464, 160.08, 99, 7503
2026/09/16 09:46:48.464, 159.74, 99, 7503
2026/09/16 09:46:49.464, 160.55, 99, 7503
2026/09/16 09:46:50.464, 163.26, 100, 7503
2026/09/16 09:46:51.465, 161.82, 99, 7503
2026/09/16 09:46:52.465, 159.59, 100, 7503
2026/09/16 09:46:53.465, 159.43, 100, 7503
2026/09/16 09:46:54.465, 160.01, 100, 7503
2026/09/16 09:46:55.465, 163.36, 99, 7503
2026/09/16 09:46:56.465, 162.29, 100, 7503
2026/09/16 09:46:57.466, 159.60, 100, 7503
2026/09/16 09:46:58.466, 159.59, 100, 7503
2026/09/16 09:46:59.474, 159.43, 98, 7503
2026/09/16 09:47:00.475, 163.00, 100, 7503
2026/09/16 09:47:01.475, 162.98, 100, 7503
2026/09/16 09:47:02.475, 159.60, 99, 7503
2026/09/16 09:47:03.475, 159.79, 100, 7503
2026/09/16 09:47:04.484, 159.77, 100, 7503
2026/09/16 09:47:05.484, 162.63, 99, 7503
2026/09/16 09:47:06.484, 163.56, 100, 7503
2026/09/16 09:47:07.484, 159.97, 100, 7503
2026/09/16 09:47:08.485, 159.40, 100, 7503
2026/09/16 09:47:09.493, 159.70, 100, 7503
2026/09/16 09:47:10.493, 162.27, 100, 7503
2026/09/16 09:47:11.494, 163.49, 100, 7503
2026/09/16 09:47:12.494, 160.37, 100, 7503
2026/09/16 09:47:13.494, 159.95, 99, 7503
2026/09/16 09:47:14.494, 159.84, 100, 7503
2026/09/16 09:47:15.494, 161.59, 99, 7503
2026/09/16 09:47:16.495, 163.30, 100, 7503
2026/09/16 09:47:17.495, 160.86, 100, 7503
2026/09/16 09:47:18.495, 159.82, 100, 7503
2026/09/16 09:47:19.495, 159.73, 100, 7503
2026/09/16 09:47:20.495, 161.21, 100, 7503
2026/09/16 09:47:21.496, 163.40, 100, 7503
2026/09/16 09:47:22.496, 160.66, 100, 7503
2026/09/16 09:47:23.496, 158.68, 100, 7503
2026/09/16 09:47:24.496, 159.60, 99, 7503
2026/09/16 09:47:25.496, 160.43, 99, 7503
2026/09/16 09:47:26.496, 163.29, 100, 7503
2026/09/16 09:47:27.497, 161.34, 99, 7503
2026/09/16 09:47:28.497, 158.88, 100, 7503
2026/09/16 09:47:29.497, 158.58, 100, 7503
2026/09/16 09:47:30.497, 159.01, 100, 7503
2026/09/16 09:47:31.497, 163.17, 99, 7503
2026/09/16 09:47:32.497, 162.11, 100, 7503
2026/09/16 09:47:33.498, 159.16, 100, 7503
2026/09/16 09:47:34.498, 159.41, 100, 7503
2026/09/16 09:47:35.498, 155.57, 73, 7503
2026/09/16 09:47:36.498, 46.86, 100, 7503
2026/09/16 09:47:37.498, 160.17, 100, 7503
2026/09/16 09:47:38.499, 158.77, 99, 7503
2026/09/16 09:47:39.499, 159.97, 100, 7503
2026/09/16 09:47:40.499, 160.52, 100, 7503
2026/09/16 09:47:41.499, 159.20, 99, 7503
2026/09/16 09:47:42.499, 159.91, 100, 7503
2026/09/16 09:47:43.499, 160.27, 100, 7503
2026/09/16 09:47:44.500, 158.80, 98, 7503
2026/09/16 09:47:45.500, 160.59, 100, 7503
2026/09/16 09:47:46.500, 160.65, 100, 7503
2026/09/16 09:47:47.500, 159.31, 98, 7503
2026/09/16 09:47:48.500, 160.03, 100, 7503
2026/09/16 09:47:49.500, 160.49, 100, 7503
2026/09/16 09:47:50.501, 158.91, 98, 7503
2026/09/16 09:47:51.501, 159.79, 100, 7503
2026/09/16 09:47:52.501, 159.92, 100, 7503
2026/09/16 09:47:53.501, 159.47, 98, 7503
2026/09/16 09:47:54.501, 160.20, 100, 7503
2026/09/16 09:47:55.501, 160.51, 100, 7503
2026/09/16 09:47:56.502, 158.86, 98, 7503
2026/09/16 09:47:57.510, 159.70, 100, 7503
2026/09/16 09:47:58.510, 160.14, 100, 7503
2026/09/16 09:47:59.511, 159.38, 99, 7503
2026/09/16 09:48:00.511, 160.58, 100, 7503
2026/09/16 09:48:01.511, 159.89, 100, 7503
2026/09/16 09:48:02.520, 159.19, 98, 7503
2026/09/16 09:48:03.520, 160.12, 100, 7503
2026/09/16 09:48:04.520, 160.16, 100, 7503
2026/09/16 09:48:05.520, 159.66, 98, 7503
2026/09/16 09:48:06.520, 160.44, 100, 7503
2026/09/16 09:48:07.521, 160.52, 100, 7503
2026/09/16 09:48:08.521, 159.29, 98, 7503
2026/09/16 09:48:09.521, 160.17, 100, 7503
2026/09/16 09:48:10.521, 160.05, 100, 7503
2026/09/16 09:48:11.521, 159.98, 99, 7503
2026/09/16 09:48:12.521, 160.66, 100, 7503
2026/09/16 09:48:13.522, 160.54, 100, 7503
2026/09/16 09:48:14.522, 159.59, 98, 7503
2026/09/16 09:48:15.522, 160.63, 100, 7503
2026/09/16 09:48:16.522, 159.95, 100, 7503
2026/09/16 09:48:17.522, 159.46, 99, 7503
2026/09/16 09:48:18.523, 160.81, 100, 7503
2026/09/16 09:48:19.523, 159.84, 100, 7503
2026/09/16 09:48:20.523, 159.70, 98, 7503
2026/09/16 09:48:21.523, 160.61, 100, 7503
2026/09/16 09:48:22.523, 160.13, 100, 7503
2026/09/16 09:48:23.523, 160.25, 98, 7503
2026/09/16 09:48:24.524, 160.69, 100, 7503
2026/09/16 09:48:25.524, 160.37, 100, 7503
2026/09/16 09:48:26.524, 159.68, 98, 7503
2026/09/16 09:48:27.524, 160.56, 100, 7503
2026/09/16 09:48:28.524, 159.73, 100, 7503
2026/09/16 09:48:29.525, 159.82, 99, 7503
2026/09/16 09:48:30.525, 160.83, 100, 7503
2026/09/16 09:48:31.525, 159.70, 100, 7503
2026/09/16 09:48:32.525, 159.73, 100, 7503
2026/09/16 09:48:33.525, 160.76, 100, 7503
2026/09/16 09:48:34.525, 159.74, 100, 7503
2026/09/16 09:48:35.526, 159.98, 100, 7503
2026/09/16 09:48:36.526, 160.93, 100, 7503
2026/09/16 09:48:37.526, 159.73, 100, 7503
2026/09/16 09:48:38.526, 159.92, 100, 7503
2026/09/16 09:48:39.526, 160.85, 100, 7503
2026/09/16 09:48:40.527, 159.73, 100, 7503
2026/09/16 09:48:41.527, 160.49, 100, 7503
2026/09/16 09:48:42.527, 161.05, 100, 7503
2026/09/16 09:48:43.527, 159.61, 100, 7503
2026/09/16 09:48:44.527, 160.22, 100, 7503
2026/09/16 09:48:45.528, 160.68, 100, 7503
2026/09/16 09:48:46.528, 159.79, 100, 7503
2026/09/16 09:48:47.528, 160.16, 100, 7503
2026/09/16 09:48:48.528, 160.56, 100, 7503
2026/09/16 09:48:49.528, 159.37, 98, 7503
2026/09/16 09:48:50.529, 160.09, 100, 7503
2026/09/16 09:48:51.529, 160.82, 100, 7503
2026/09/16 09:48:52.537, 159.60, 99, 7503
2026/09/16 09:48:53.538, 160.32, 100, 7503
2026/09/16 09:48:54.538, 160.19, 100, 7503
2026/09/16 09:48:55.538, 159.10, 98, 7503
2026/09/16 09:48:56.538, 160.10, 100, 7503
2026/09/16 09:48:57.538, 160.66, 100, 7503
2026/09/16 09:48:58.539, 159.58, 99, 7503
2026/09/16 09:48:59.539, 160.71, 100, 7503
2026/09/16 09:49:00.539, 160.80, 100, 7503
2026/09/16 09:49:01.539, 159.34, 98, 7503
2026/09/16 09:49:02.539, 160.34, 100, 7503
2026/09/16 09:49:03.539, 160.30, 100, 7503
2026/09/16 09:49:04.540, 159.94, 99, 7503
2026/09/16 09:49:05.540, 160.55, 100, 7503
2026/09/16 09:49:06.540, 160.78, 100, 7503
2026/09/16 09:49:07.540, 159.47, 98, 7503
2026/09/16 09:49:08.540, 160.59, 100, 7503
2026/09/16 09:49:09.541, 160.86, 100, 7503
2026/09/16 09:49:10.541, 160.08, 99, 7503
2026/09/16 09:49:11.541, 160.99, 100, 7503
2026/09/16 09:49:12.541, 160.46, 100, 7503
2026/09/16 09:49:13.541, 159.65, 98, 7503
2026/09/16 09:49:14.541, 161.16, 100, 7503
2026/09/16 09:49:15.542, 159.18, 100, 7503
2026/09/16 09:49:16.542, 160.08, 99, 7503
2026/09/16 09:49:17.542, 160.90, 100, 7503
2026/09/16 09:49:18.542, 160.43, 100, 7503
2026/09/16 09:49:19.542, 159.55, 98, 7503
2026/09/16 09:49:20.542, 161.15, 100, 7503
2026/09/16 09:49:21.543, 160.58, 100, 7503
2026/09/16 09:49:22.543, 159.89, 99, 7503
2026/09/16 09:49:23.543, 161.15, 100, 7503
2026/09/16 09:49:24.543, 160.64, 100, 7503
2026/09/16 09:49:25.543, 160.07, 98, 7503
2026/09/16 09:49:26.544, 160.86, 100, 7503
2026/09/16 09:49:27.544, 160.07, 100, 7503
2026/09/16 09:49:28.544, 159.98, 99, 7503
2026/09/16 09:49:29.544, 161.09, 100, 7503
2026/09/16 09:49:30.544, 160.23, 100, 7503
2026/09/16 09:49:31.545, 159.94, 98, 7503
2026/09/16 09:49:32.545, 160.82, 100, 7503
2026/09/16 09:49:33.545, 160.17, 100, 7503
2026/09/16 09:49:34.545, 160.35, 99, 7503
2026/09/16 09:49:35.545, 160.92, 100, 7503
2026/09/16 09:49:36.545, 159.92, 100, 7503
2026/09/16 09:49:37.546, 159.58, 100, 7503
2026/09/16 09:49:38.546, 160.89, 100, 7503
2026/09/16 09:49:39.546, 160.13, 100, 7503
2026/09/16 09:49:40.546, 160.18, 100, 7503
2026/09/16 09:49:41.546, 161.28, 100, 7503
2026/09/16 09:49:42.547, 159.72, 100, 7503
2026/09/16 09:49:43.547, 160.46, 100, 7503
2026/09/16 09:49:44.547, 161.58, 100, 7503
2026/09/16 09:49:45.547, 160.23, 100, 7503
2026/09/16 09:49:46.547, 160.34, 100, 7503
2026/09/16 09:49:47.547, 161.33, 100, 7503
2026/09/16 09:49:48.548, 160.06, 100, 7503
2026/09/16 09:49:49.548, 160.05, 100, 7503
2026/09/16 09:49:50.548, 160.79, 100, 7503
2026/09/16 09:49:51.548, 159.57, 100, 7503
2026/09/16 09:49:52.548, 160.36, 100, 7503
2026/09/16 09:49:53.549, 160.77, 100, 7503
2026/09/16 09:49:54.549, 159.89, 98, 7503
2026/09/16 09:49:55.549, 160.63, 100, 7503
2026/09/16 09:49:56.549, 161.05, 100, 7503
2026/09/16 09:49:57.549, 159.67, 99, 7503
2026/09/16 09:49:58.550, 160.60, 100, 7503
2026/09/16 09:49:59.550, 160.72, 100, 7503
2026/09/16 09:50:00.550, 159.28, 98, 7503
2026/09/16 09:50:01.550, 161.34, 100, 7503
2026/09/16 09:50:02.550, 161.02, 100, 7503
2026/09/16 09:50:03.550, 159.65, 99, 7503
2026/09/16 09:50:04.551, 161.07, 100, 7503
2026/09/16 09:50:05.551, 160.25, 100, 7503
2026/09/16 09:50:06.551, 159.32, 98, 7503
2026/09/16 09:50:07.551, 160.18, 100, 7503
2026/09/16 09:50:08.551, 160.15, 100, 7503
2026/09/16 09:50:09.552, 159.70, 99, 7503
2026/09/16 09:50:10.552, 160.49, 100, 7503
2026/09/16 09:50:11.552, 161.05, 100, 7503
2026/09/16 09:50:12.552, 163.95, 100, 7503
2026/09/16 09:50:13.552, 160.62, 100, 7503
2026/09/16 09:50:14.553, 159.42, 99, 7503
2026/09/16 09:50:15.553, 159.73, 100, 7503
2026/09/16 09:50:16.553, 162.40, 99, 7503
2026/09/16 09:50:17.553, 164.20, 100, 7503
2026/09/16 09:50:18.553, 161.07, 100, 7503
2026/09/16 09:50:19.553, 159.42, 100, 7503
2026/09/16 09:50:20.554, 159.63, 100, 7503
2026/09/16 09:50:21.554, 161.94, 100, 7503
2026/09/16 09:50:22.554, 164.13, 100, 7503
2026/09/16 09:50:23.554, 161.34, 100, 7503
2026/09/16 09:50:24.554, 159.57, 100, 7503
2026/09/16 09:50:25.555, 159.41, 99, 7503
2026/09/16 09:50:26.555, 160.88, 100, 7503
2026/09/16 09:50:27.555, 163.36, 99, 7503
2026/09/16 09:50:28.555, 161.96, 100, 7503
2026/09/16 09:50:29.564, 159.56, 99, 7503
2026/09/16 09:50:30.564, 159.59, 100, 7503
2026/09/16 09:50:31.564, 160.44, 100, 7503
2026/09/16 09:50:32.564, 163.43, 100, 7503
2026/09/16 09:50:33.565, 162.35, 100, 7503
2026/09/16 09:50:34.573, 159.50, 100, 7503
2026/09/16 09:50:35.574, 159.54, 100, 7503
2026/09/16 09:50:36.574, 160.03, 100, 7503
2026/09/16 09:50:37.574, 163.54, 99, 7503
2026/09/16 09:50:38.574, 162.90, 100, 7503
2026/09/16 09:50:39.583, 159.53, 100, 7503
2026/09/16 09:50:40.583, 159.51, 99, 7503
2026/09/16 09:50:41.583, 159.46, 100, 7503
2026/09/16 09:50:42.584, 163.04, 100, 7503
2026/09/16 09:50:43.584, 163.41, 99, 7503
2026/09/16 09:50:44.592, 160.03, 100, 7503
2026/09/16 09:50:45.593, 159.71, 100, 7503
2026/09/16 09:50:46.593, 159.66, 100, 7503
2026/09/16 09:50:47.593, 163.35, 99, 7503
2026/09/16 09:50:48.593, 163.56, 100, 7503
2026/09/16 09:50:49.593, 160.26, 100, 7503
2026/09/16 09:50:50.594, 159.58, 100, 7503
2026/09/16 09:50:51.594, 159.62, 99, 7503
2026/09/16 09:50:52.594, 162.22, 100, 7503
2026/09/16 09:50:53.594, 163.55, 99, 7503
2026/09/16 09:50:54.594, 160.34, 100, 7503
2026/09/16 09:50:55.595, 159.82, 99, 7503
2026/09/16 09:50:56.595, 159.81, 100, 7503
2026/09/16 09:50:57.595, 161.74, 99, 7503
2026/09/16 09:50:58.595, 163.53, 100, 7503
2026/09/16 09:50:59.595, 161.27, 100, 7503
2026/09/16 09:51:00.596, 159.53, 100, 7503
2026/09/16 09:51:01.596, 159.54, 100, 7503
2026/09/16 09:51:02.596, 161.57, 100, 7503
2026/09/16 09:51:03.596, 163.88, 100, 7503
2026/09/16 09:51:04.596, 161.80, 100, 7503
2026/09/16 09:51:05.597, 159.57, 100, 7503
2026/09/16 09:51:06.597, 159.65, 99, 7503
2026/09/16 09:51:07.597, 160.73, 99, 7503
2026/09/16 09:51:08.597, 163.60, 100, 7503
2026/09/16 09:51:09.597, 161.82, 99, 7503
2026/09/16 09:51:10.598, 159.65, 99, 7503
2026/09/16 09:51:11.598, 159.37, 100, 7503
2026/09/16 09:51:12.598, 160.38, 100, 7503
2026/09/16 09:51:13.598, 163.92, 100, 7503
2026/09/16 09:51:14.598, 162.32, 100, 7503
2026/09/16 09:51:15.599, 159.38, 100, 7503
2026/09/16 09:51:16.599, 159.32, 100, 7503
2026/09/16 09:51:17.599, 159.54, 98, 7503
2026/09/16 09:51:18.599, 163.15, 100, 7503
2026/09/16 09:51:19.599, 162.69, 100, 7503
2026/09/16 09:51:20.600, 159.48, 100, 7503
2026/09/16 09:51:21.600, 159.51, 99, 7503
2026/09/16 09:51:22.600, 159.70, 100, 7503
2026/09/16 09:51:23.600, 163.23, 100, 7503
2026/09/16 09:51:24.601, 163.26, 99, 7503
2026/09/16 09:51:25.601, 159.88, 100, 7503
2026/09/16 09:51:26.601, 159.55, 100, 7503
2026/09/16 09:51:27.601, 159.64, 100, 7503
2026/09/16 09:51:28.601, 163.16, 99, 7503
2026/09/16 09:51:29.602, 163.52, 100, 7503
2026/09/16 09:51:30.602, 160.02, 100, 7503
2026/09/16 09:51:31.602, 159.49, 100, 7503
2026/09/16 09:51:32.602, 159.54, 99, 7503
2026/09/16 09:51:33.602, 162.38, 100, 7503
2026/09/16 09:51:34.603, 163.47, 99, 7503
2026/09/16 09:51:35.603, 160.71, 99, 7503
2026/09/16 09:51:36.603, 159.52, 99, 7503
2026/09/16 09:51:37.603, 159.76, 100, 7503
2026/09/16 09:51:38.603, 161.57, 99, 7503
2026/09/16 09:51:39.603, 163.42, 100, 7503
2026/09/16 09:51:40.604, 161.02, 100, 7503
2026/09/16 09:51:41.604, 159.75, 100, 7503
2026/09/16 09:51:42.604, 159.87, 100, 7503
2026/09/16 09:51:43.604, 161.85, 100, 7503
2026/09/16 09:51:44.604, 164.58, 100, 7503
2026/09/16 09:51:45.605, 161.84, 100, 7503
2026/09/16 09:51:46.605, 159.52, 100, 7503
2026/09/16 09:51:47.605, 159.46, 99, 7503
2026/09/16 09:51:48.605, 160.70, 99, 7503
2026/09/16 09:51:49.605, 163.25, 100, 7503
2026/09/16 09:51:50.605, 161.93, 99, 7503
2026/09/16 09:51:51.606, 159.79, 99, 7503
2026/09/16 09:51:52.606, 159.74, 100, 7503
2026/09/16 09:51:53.606, 160.32, 100, 7503
2026/09/16 09:51:54.606, 163.45, 100, 7503
2026/09/16 09:51:55.606, 162.40, 100, 7503
2026/09/16 09:51:56.607, 159.45, 100, 7503
2026/09/16 09:51:57.607, 159.26, 100, 7503
2026/09/16 09:51:58.607, 159.86, 98, 7503
2026/09/16 09:51:59.607, 164.67, 99, 7503
2026/09/16 09:52:00.607, 163.33, 100, 7503
2026/09/16 09:52:01.608, 159.62, 100, 7503
2026/09/16 09:52:02.608, 159.46, 99, 7503
2026/09/16 09:52:03.608, 159.80, 100, 7503
2026/09/16 09:52:04.608, 42.82, 86, 7503
2026/09/16 09:52:05.608, 158.09, 100, 7503
2026/09/16 09:52:06.609, 159.89, 100, 7503
2026/09/16 09:52:07.609, 159.66, 99, 7503
2026/09/16 09:52:08.609, 161.12, 100, 7503
2026/09/16 09:52:09.609, 159.46, 100, 7503
2026/09/16 09:52:10.609, 159.88, 100, 7503
2026/09/16 09:52:11.609, 161.22, 100, 7503
2026/09/16 09:52:12.610, 160.09, 100, 7503
2026/09/16 09:52:13.610, 159.82, 100, 7503
2026/09/16 09:52:14.610, 160.64, 100, 7503
2026/09/16 09:52:15.610, 159.90, 100, 7503
2026/09/16 09:52:16.610, 159.93, 100, 7503
2026/09/16 09:52:17.611, 160.85, 100, 7503
2026/09/16 09:52:18.611, 159.88, 100, 7503
2026/09/16 09:52:19.611, 160.47, 100, 7503
2026/09/16 09:52:20.611, 160.51, 100, 7503
2026/09/16 09:52:21.611, 159.65, 100, 7503
2026/09/16 09:52:22.611, 159.80, 100, 7503
2026/09/16 09:52:23.612, 160.40, 100, 7503
2026/09/16 09:52:24.612, 159.65, 99, 7503
2026/09/16 09:52:25.612, 160.38, 100, 7503
2026/09/16 09:52:26.612, 160.56, 100, 7503
2026/09/16 09:52:27.612, 159.10, 98, 7503
2026/09/16 09:52:28.613, 160.00, 100, 7503
2026/09/16 09:52:29.613, 160.42, 100, 7503
2026/09/16 09:52:30.613, 159.55, 99, 7503
2026/09/16 09:52:31.613, 160.46, 100, 7503
2026/09/16 09:52:32.613, 160.29, 100, 7503
2026/09/16 09:52:33.613, 159.27, 98, 7503
2026/09/16 09:52:34.614, 160.10, 100, 7503
2026/09/16 09:52:35.614, 160.83, 100, 7503
2026/09/16 09:52:36.614, 159.23, 99, 7503
2026/09/16 09:52:37.614, 159.96, 100, 7503
2026/09/16 09:52:38.614, 160.84, 100, 7503
2026/09/16 09:52:39.614, 159.19, 98, 7503
2026/09/16 09:52:40.615, 160.27, 100, 7503
2026/09/16 09:52:41.615, 160.81, 100, 7503
2026/09/16 09:52:42.615, 159.51, 98, 7503
2026/09/16 09:52:43.615, 160.41, 100, 7503
2026/09/16 09:52:44.615, 160.61, 100, 7503
2026/09/16 09:52:45.615, 159.43, 98, 7503
2026/09/16 09:52:46.616, 160.19, 100, 7503
2026/09/16 09:52:47.616, 160.31, 100, 7503
2026/09/16 09:52:48.616, 159.50, 99, 7503
2026/09/16 09:52:49.616, 160.81, 100, 7503
2026/09/16 09:52:50.616, 160.65, 100, 7503
2026/09/16 09:52:51.617, 159.60, 98, 7503
2026/09/16 09:52:52.617, 160.66, 100, 7503
2026/09/16 09:52:53.617, 160.52, 100, 7503
2026/09/16 09:52:54.617, 159.68, 99, 7503
2026/09/16 09:52:55.617, 160.54, 100, 7503
2026/09/16 09:52:56.617, 160.12, 100, 7503
2026/09/16 09:52:57.618, 159.59, 98, 7503
2026/09/16 09:52:58.618, 161.15, 100, 7503
2026/09/16 09:52:59.618, 160.37, 100, 7503
2026/09/16 09:53:00.618, 159.59, 99, 7503
2026/09/16 09:53:01.618, 160.73, 100, 7503
2026/09/16 09:53:02.618, 160.25, 100, 7503
2026/09/16 09:53:03.624, 159.35, 98, 7503
2026/09/16 09:53:04.625, 160.34, 100, 7503
2026/09/16 09:53:05.625, 159.82, 100, 7503
2026/09/16 09:53:06.625, 160.38, 99, 7503
2026/09/16 09:53:07.625, 160.90, 100, 7503
2026/09/16 09:53:08.625, 160.27, 100, 7503
2026/09/16 09:53:09.625, 159.96, 98, 7503
2026/09/16 09:53:10.626, 160.67, 100, 7503
2026/09/16 09:53:11.626, 159.87, 100, 7503
2026/09/16 09:53:12.626, 160.15, 99, 7503
2026/09/16 09:53:13.626, 160.79, 100, 7503
2026/09/16 09:53:14.626, 159.69, 100, 7503
2026/09/16 09:53:15.627, 159.55, 100, 7503
2026/09/16 09:53:16.627, 160.59, 100, 7503
2026/09/16 09:53:17.627, 160.03, 100, 7503
2026/09/16 09:53:18.627, 160.15, 100, 7503
2026/09/16 09:53:19.627, 161.18, 100, 7503
2026/09/16 09:53:20.628, 159.73, 100, 7503
2026/09/16 09:53:21.628, 159.77, 100, 7503
2026/09/16 09:53:22.628, 160.79, 100, 7503
2026/09/16 09:53:23.628, 159.81, 100, 7503
2026/09/16 09:53:24.628, 160.12, 100, 7503
2026/09/16 09:53:25.628, 161.06, 100, 7503
2026/09/16 09:53:26.629, 159.78, 100, 7503
2026/09/16 09:53:27.629, 159.92, 100, 7503
2026/09/16 09:53:28.629, 161.15, 100, 7503
2026/09/16 09:53:29.629, 159.58, 100, 7503
2026/09/16 09:53:30.629, 160.75, 100, 7503
2026/09/16 09:53:31.630, 161.09, 100, 7503
2026/09/16 09:53:32.630, 159.11, 98, 7503
2026/09/16 09:53:33.630, 160.05, 100, 7503
2026/09/16 09:53:34.630, 160.35, 100, 7503
2026/09/16 09:53:35.630, 159.44, 98, 7503
2026/09/16 09:53:36.630, 160.46, 100, 7503
2026/09/16 09:53:37.631, 160.88, 100, 7503
2026/09/16 09:53:38.631, 159.21, 98, 7503
2026/09/16 09:53:39.631, 160.05, 100, 7503
2026/09/16 09:53:40.631, 160.69, 100, 7503
2026/09/16 09:53:41.631, 159.57, 99, 7503
2026/09/16 09:53:42.631, 160.89, 100, 7503
2026/09/16 09:53:43.632, 160.59, 100, 7503
2026/09/16 09:53:44.632, 159.52, 98, 7503
2026/09/16 09:53:45.632, 160.22, 100, 7503
2026/09/16 09:53:46.632, 160.49, 100, 7503
2026/09/16 09:53:47.632, 159.77, 98, 7503
2026/09/16 09:53:48.633, 160.58, 100, 7503
2026/09/16 09:53:49.633, 160.30, 100, 7503
2026/09/16 09:53:50.633, 159.53, 98, 7503
2026/09/16 09:53:51.633, 160.45, 100, 7503
2026/09/16 09:53:52.633, 160.13, 100, 7503
2026/09/16 09:53:53.633, 159.68, 99, 7503
2026/09/16 09:53:54.634, 161.14, 100, 7503
2026/09/16 09:53:55.634, 159.95, 100, 7503
2026/09/16 09:53:56.634, 159.58, 98, 7503
2026/09/16 09:53:57.634, 160.44, 100, 7503
2026/09/16 09:53:58.634, 159.81, 100, 7503
2026/09/16 09:53:59.635, 159.76, 99, 7503
2026/09/16 09:54:00.635, 160.62, 100, 7503
2026/09/16 09:54:01.635, 160.32, 100, 7503
2026/09/16 09:54:02.635, 159.79, 98, 7503
2026/09/16 09:54:03.635, 160.49, 100, 7503
2026/09/16 09:54:04.636, 160.30, 100, 7503
2026/09/16 09:54:05.636, 159.95, 99, 7503
2026/09/16 09:54:06.636, 160.89, 100, 7503
2026/09/16 09:54:07.636, 160.52, 100, 7503
2026/09/16 09:54:08.636, 160.21, 98, 7503
2026/09/16 09:54:09.636, 160.62, 100, 7503
2026/09/16 09:54:10.637, 159.29, 100, 7503
2026/09/16 09:54:11.637, 160.32, 99, 7503
2026/09/16 09:54:12.637, 161.09, 100, 7503
2026/09/16 09:54:13.637, 159.95, 100, 7503
2026/09/16 09:54:14.637, 159.65, 98, 7503
2026/09/16 09:54:15.637, 160.66, 100, 7503
2026/09/16 09:54:16.638, 159.99, 100, 7503
2026/09/16 09:54:17.638, 160.37, 100, 7503
2026/09/16 09:54:18.638, 160.82, 100, 7503
2026/09/16 09:54:19.638, 160.28, 100, 7503
2026/09/16 09:54:20.638, 160.10, 100, 7503
2026/09/16 09:54:21.639, 161.41, 100, 7503
2026/09/16 09:54:22.639, 159.82, 100, 7503
2026/09/16 09:54:23.639, 160.31, 100, 7503
2026/09/16 09:54:24.639, 161.42, 100, 7503
2026/09/16 09:54:25.639, 160.08, 100, 7503
2026/09/16 09:54:26.639, 160.08, 100, 7503
2026/09/16 09:54:27.640, 161.24, 100, 7503
2026/09/16 09:54:28.640, 159.77, 100, 7503
2026/09/16 09:54:29.640, 160.21, 100, 7503
2026/09/16 09:54:30.640, 160.97, 100, 7503
2026/09/16 09:54:31.640, 159.88, 100, 7503
2026/09/16 09:54:32.641, 160.32, 100, 7503
2026/09/16 09:54:33.641, 161.40, 100, 7503
2026/09/16 09:54:34.641, 160.31, 100, 7503
2026/09/16 09:54:35.641, 160.60, 100, 7503
2026/09/16 09:54:36.641, 161.35, 100, 7503
2026/09/16 09:54:37.641, 159.72, 98, 7503
2026/09/16 09:54:38.642, 159.02, 100, 7503
2026/09/16 09:54:39.642, 163.64, 99, 7503
2026/09/16 09:54:40.642, 162.98, 100, 7503
2026/09/16 09:54:41.642, 160.02, 100, 7503
2026/09/16 09:54:42.642, 159.96, 99, 7503
2026/09/16 09:54:43.643, 160.16, 98, 7503
2026/09/16 09:54:44.643, 163.56, 100, 7503
2026/09/16 09:54:45.643, 163.33, 99, 7503
2026/09/16 09:54:46.643, 159.39, 99, 7503
2026/09/16 09:54:47.643, 159.91, 100, 7503
2026/09/16 09:54:48.643, 160.05, 100, 7503
2026/09/16 09:54:49.644, 162.75, 99, 7503
2026/09/16 09:54:50.644, 163.93, 100, 7503
2026/09/16 09:54:51.644, 159.53, 100, 7503
2026/09/16 09:54:52.644, 158.95, 100, 7503
2026/09/16 09:54:53.644, 159.08, 99, 7503
2026/09/16 09:54:54.645, 162.38, 100, 7503
2026/09/16 09:54:55.645, 163.86, 99, 7503
2026/09/16 09:54:56.645, 160.52, 99, 7503
2026/09/16 09:54:57.645, 159.93, 99, 7503
2026/09/16 09:54:58.645, 160.07, 100, 7503
2026/09/16 09:54:59.646, 161.69, 99, 7503
2026/09/16 09:55:00.646, 163.69, 100, 7503
2026/09/16 09:55:01.646, 161.17, 100, 7503
2026/09/16 09:55:02.646, 159.26, 100, 7503
2026/09/16 09:55:03.646, 158.85, 100, 7503
2026/09/16 09:55:04.646, 160.58, 100, 7503
2026/09/16 09:55:05.647, 163.73, 99, 7503
2026/09/16 09:55:06.647, 161.75, 100, 7503
2026/09/16 09:55:07.647, 159.93, 100, 7503
2026/09/16 09:55:08.647, 160.00, 99, 7503
2026/09/16 09:55:09.647, 160.79, 99, 7503
2026/09/16 09:55:10.648, 163.62, 100, 7503
2026/09/16 09:55:11.648, 162.15, 99, 7503
2026/09/16 09:55:12.648, 160.21, 100, 7503
2026/09/16 09:55:13.648, 160.14, 100, 7503
2026/09/16 09:55:14.648, 160.68, 100, 7503
2026/09/16 09:55:15.649, 163.67, 99, 7503
2026/09/16 09:55:16.649, 162.74, 100, 7503
2026/09/16 09:55:17.649, 159.87, 100, 7503
2026/09/16 09:55:18.649, 159.87, 100, 7503
2026/09/16 09:55:19.649, 160.09, 98, 7503
2026/09/16 09:55:20.649, 163.64, 100, 7503
2026/09/16 09:55:21.650, 163.37, 100, 7503
2026/09/16 09:55:22.650, 160.23, 99, 7503
2026/09/16 09:55:23.650, 160.29, 99, 7503
2026/09/16 09:55:24.650, 160.30, 100, 7503
2026/09/16 09:55:25.650, 163.31, 100, 7503
2026/09/16 09:55:26.651, 163.78, 99, 7503
2026/09/16 09:55:27.651, 160.54, 100, 7503
2026/09/16 09:55:28.651, 160.40, 100, 7503
2026/09/16 09:55:29.651, 160.20, 100, 7503
2026/09/16 09:55:30.651, 162.85, 100, 7503
2026/09/16 09:55:31.651, 163.88, 100, 7503
2026/09/16 09:55:32.652, 160.79, 100, 7503
2026/09/16 09:55:33.652, 159.86, 99, 7503
2026/09/16 09:55:34.652, 160.00, 99, 7503
2026/09/16 09:55:35.652, 162.08, 100, 7503
2026/09/16 09:55:36.652, 163.74, 99, 7503
2026/09/16 09:55:37.653, 160.57, 99, 7503
2026/09/16 09:55:38.653, 159.59, 100, 7503
2026/09/16 09:55:39.653, 159.93, 100, 7503
2026/09/16 09:55:40.653, 161.59, 100, 7503
2026/09/16 09:55:41.653, 163.61, 100, 7503
2026/09/16 09:55:42.653, 161.38, 100, 7503
2026/09/16 09:55:43.654, 159.95, 100, 7503
2026/09/16 09:55:44.654, 160.07, 100, 7503
2026/09/16 09:55:45.654, 161.07, 100, 7503
2026/09/16 09:55:46.654, 163.41, 99, 7503
2026/09/16 09:55:47.654, 161.90, 100, 7503
2026/09/16 09:55:48.654, 160.07, 99, 7503
2026/09/16 09:55:49.655, 159.94, 100, 7503
2026/09/16 09:55:50.655, 160.97, 99, 7503
2026/09/16 09:55:51.655, 163.64, 100, 7503
2026/09/16 09:55:52.655, 162.31, 99, 7503
2026/09/16 09:55:53.655, 160.04, 100, 7503
2026/09/16 09:55:54.655, 159.92, 100, 7503
2026/09/16 09:55:55.656, 160.35, 100, 7503
2026/09/16 09:55:56.656, 163.46, 99, 7503
2026/09/16 09:55:57.656, 162.88, 100, 7503
2026/09/16 09:55:58.656, 159.98, 100, 7503
2026/09/16 09:55:59.656, 159.81, 99, 7503
2026/09/16 09:56:00.657, 159.64, 98, 7503
2026/09/16 09:56:01.657, 163.57, 100, 7503
2026/09/16 09:56:02.657, 163.04, 100, 7503
2026/09/16 09:56:03.657, 159.78, 99, 7503
2026/09/16 09:56:04.657, 159.94, 100, 7503
2026/09/16 09:56:05.658, 160.05, 100, 7503
2026/09/16 09:56:06.658, 163.07, 99, 7503
2026/09/16 09:56:07.658, 163.70, 100, 7503
2026/09/16 09:56:08.658, 160.48, 100, 7503
2026/09/16 09:56:09.658, 159.89, 100, 7503
2026/09/16 09:56:10.658, 159.85, 100, 7503
2026/09/16 09:56:11.659, 162.76, 100, 7503
2026/09/16 09:56:12.659, 163.76, 100, 7503
2026/09/16 09:56:13.659, 160.59, 100, 7503
2026/09/16 09:56:14.659, 159.95, 99, 7503
2026/09/16 09:56:15.659, 160.21, 100, 7503
2026/09/16 09:56:16.660, 161.86, 99, 7503
2026/09/16 09:56:17.660, 163.66, 100, 7503
2026/09/16 09:56:18.660, 160.85, 100, 7503
2026/09/16 09:56:19.660, 159.75, 100, 7503
2026/09/16 09:56:20.660, 160.29, 100, 7503
2026/09/16 09:56:21.661, 160.93, 100, 7503
2026/09/16 09:56:22.661, 163.56, 100, 7503
2026/09/16 09:56:23.661, 161.19, 100, 7503
2026/09/16 09:56:24.661, 158.89, 100, 7503
2026/09/16 09:56:25.661, 158.72, 99, 7503
2026/09/16 09:56:26.661, 160.22, 99, 7503
2026/09/16 09:56:27.662, 163.60, 100, 7503
2026/09/16 09:56:28.662, 161.98, 99, 7503
2026/09/16 09:56:29.662, 160.18, 99, 7503
2026/09/16 09:56:30.662, 159.98, 100, 7503
2026/09/16 09:56:31.662, 132.75, 29, 7503
2026/09/16 09:56:32.663, 31.89, 100, 7503
2026/09/16 09:56:33.663, 160.61, 100, 7503
2026/09/16 09:56:34.663, 160.58, 100, 7503
2026/09/16 09:56:35.663, 159.38, 99, 7503
2026/09/16 09:56:36.663, 160.38, 100, 7503
2026/09/16 09:56:37.663, 159.71, 100, 7503
2026/09/16 09:56:38.664, 159.02, 98, 7503
2026/09/16 09:56:39.664, 160.66, 100, 7503
2026/09/16 09:56:40.664, 159.84, 100, 7503
2026/09/16 09:56:41.664, 159.94, 99, 7503
2026/09/16 09:56:42.664, 160.43, 100, 7503
2026/09/16 09:56:43.664, 159.82, 100, 7503
2026/09/16 09:56:44.665, 159.45, 98, 7503
2026/09/16 09:56:45.665, 160.16, 100, 7503
2026/09/16 09:56:46.665, 160.14, 100, 7503
2026/09/16 09:56:47.665, 159.79, 99, 7503
2026/09/16 09:56:48.665, 160.62, 100, 7503
2026/09/16 09:56:49.665, 159.98, 100, 7503
2026/09/16 09:56:50.666, 159.41, 98, 7503
2026/09/16 09:56:51.666, 160.81, 100, 7503
2026/09/16 09:56:52.666, 160.17, 100, 7503
2026/09/16 09:56:53.666, 159.71, 98, 7503
2026/09/16 09:56:54.666, 161.01, 100, 7503
2026/09/16 09:56:55.667, 160.12, 100, 7503
2026/09/16 09:56:56.667, 160.09, 98, 7503
2026/09/16 09:56:57.667, 160.63, 100, 7503
2026/09/16 09:56:58.667, 160.17, 100, 7503
2026/09/16 09:56:59.667, 160.10, 100, 7503
2026/09/16 09:57:00.668, 161.14, 100, 7503
2026/09/16 09:57:01.668, 159.80, 100, 7503
2026/09/16 09:57:02.668, 159.57, 100, 7503
2026/09/16 09:57:03.668, 160.70, 100, 7503
2026/09/16 09:57:04.668, 159.96, 100, 7503
2026/09/16 09:57:05.669, 160.32, 100, 7503
2026/09/16 09:57:06.669, 160.96, 100, 7503
2026/09/16 09:57:07.669, 159.69, 100, 7503
2026/09/16 09:57:08.669, 159.46, 100, 7503
2026/09/16 09:57:09.669, 160.96, 100, 7503
2026/09/16 09:57:10.670, 159.51, 100, 7503
2026/09/16 09:57:11.670, 159.92, 100, 7503
2026/09/16 09:57:12.670, 161.08, 100, 7503
2026/09/16 09:57:13.670, 159.84, 100, 7503
2026/09/16 09:57:14.670, 160.19, 100, 7503
2026/09/16 09:57:15.671, 161.18, 100, 7503
2026/09/16 09:57:16.671, 160.03, 100, 7503
2026/09/16 09:57:17.671, 160.79, 100, 7503
2026/09/16 09:57:18.671, 160.67, 100, 7503
2026/09/16 09:57:19.671, 159.79, 99, 7503
2026/09/16 09:57:20.671, 160.14, 100, 7503
2026/09/16 09:57:21.672, 161.36, 100, 7503
2026/09/16 09:57:22.672, 159.89, 99, 7503
2026/09/16 09:57:23.672, 160.52, 100, 7503
2026/09/16 09:57:24.672, 160.43, 100, 7503
2026/09/16 09:57:25.672, 159.10, 98, 7503
2026/09/16 09:57:26.673, 160.31, 100, 7503
2026/09/16 09:57:27.673, 160.60, 100, 7503
2026/09/16 09:57:28.673, 159.86, 99, 7503
2026/09/16 09:57:29.673, 160.60, 100, 7503
2026/09/16 09:57:30.673, 160.94, 100, 7503
2026/09/16 09:57:31.674, 159.62, 98, 7503
2026/09/16 09:57:32.674, 160.42, 100, 7503
2026/09/16 09:57:33.674, 160.37, 100, 7503
2026/09/16 09:57:34.674, 159.57, 99, 7503
2026/09/16 09:57:35.674, 160.95, 100, 7503
2026/09/16 09:57:36.675, 160.72, 100, 7503
2026/09/16 09:57:37.675, 159.67, 98, 7503
2026/09/16 09:57:38.675, 160.98, 100, 7503
2026/09/16 09:57:39.675, 160.11, 100, 7503
2026/09/16 09:57:40.675, 159.73, 99, 7503
2026/09/16 09:57:41.675, 160.55, 100, 7503
2026/09/16 09:57:42.676, 160.08, 100, 7503
2026/09/16 09:57:43.676, 159.41, 98, 7503
2026/09/16 09:57:44.676, 160.60, 100, 7503
2026/09/16 09:57:45.676, 160.26, 100, 7503
2026/09/16 09:57:46.676, 159.89, 99, 7503
2026/09/16 09:57:47.677, 160.81, 100, 7503
2026/09/16 09:57:48.677, 159.91, 100, 7503
2026/09/16 09:57:49.686, 159.65, 98, 7503
2026/09/16 09:57:50.686, 160.62, 100, 7503
2026/09/16 09:57:51.686, 160.35, 100, 7503
2026/09/16 09:57:52.686, 160.29, 99, 7503
2026/09/16 09:57:53.686, 161.14, 100, 7503
2026/09/16 09:57:54.695, 159.94, 100, 7503
2026/09/16 09:57:55.695, 159.42, 98, 7503
2026/09/16 09:57:56.695, 160.82, 100, 7503
2026/09/16 09:57:57.696, 159.94, 100, 7503
2026/09/16 09:57:58.696, 160.17, 99, 7503
2026/09/16 09:57:59.696, 161.11, 100, 7503
2026/09/16 09:58:00.696, 160.11, 100, 7503
2026/09/16 09:58:01.696, 159.81, 100, 7503
2026/09/16 09:58:02.697, 161.03, 100, 7503
2026/09/16 09:58:03.697, 160.53, 100, 7503
2026/09/16 09:58:04.697, 160.58, 100, 7503
2026/09/16 09:58:05.697, 161.07, 100, 7503
2026/09/16 09:58:06.697, 160.37, 100, 7503
2026/09/16 09:58:07.698, 160.36, 100, 7503
2026/09/16 09:58:08.698, 160.96, 100, 7503
2026/09/16 09:58:09.706, 160.26, 100, 7503
2026/09/16 09:58:10.707, 160.51, 100, 7503
2026/09/16 09:58:11.707, 161.18, 100, 7503
2026/09/16 09:58:12.707, 160.27, 100, 7503
2026/09/16 09:58:13.707, 160.31, 100, 7503
2026/09/16 09:58:14.716, 161.35, 100, 7503
2026/09/16 09:58:15.716, 160.13, 100, 7503
2026/09/16 09:58:16.716, 160.79, 100, 7503
2026/09/16 09:58:17.717, 161.39, 100, 7503
2026/09/16 09:58:18.717, 160.16, 100, 7503
2026/09/16 09:58:19.725, 160.40, 100, 7503
2026/09/16 09:58:20.726, 160.79, 100, 7503
2026/09/16 09:58:21.726, 159.88, 99, 7503
2026/09/16 09:58:22.726, 160.43, 100, 7503
2026/09/16 09:58:23.726, 160.60, 100, 7503
2026/09/16 09:58:24.726, 159.26, 98, 7503
2026/09/16 09:58:25.727, 160.13, 100, 7503
2026/09/16 09:58:26.727, 160.74, 100, 7503
2026/09/16 09:58:27.727, 159.88, 99, 7503
2026/09/16 09:58:28.727, 160.40, 100, 7503
2026/09/16 09:58:29.727, 160.36, 100, 7503
2026/09/16 09:58:30.728, 159.15, 98, 7503
2026/09/16 09:58:31.728, 160.05, 100, 7503
2026/09/16 09:58:32.728, 160.51, 100, 7503
2026/09/16 09:58:33.728, 159.57, 99, 7503
2026/09/16 09:58:34.728, 160.64, 100, 7503
2026/09/16 09:58:35.728, 160.79, 100, 7503
2026/09/16 09:58:36.729, 159.53, 98, 7503
2026/09/16 09:58:37.729, 160.28, 100, 7503
2026/09/16 09:58:38.729, 160.52, 100, 7503
2026/09/16 09:58:39.729, 159.84, 99, 7503
2026/09/16 09:58:40.729, 160.84, 100, 7503
2026/09/16 09:58:41.730, 160.39, 100, 7503
2026/09/16 09:58:42.730, 159.45, 98, 7503
2026/09/16 09:58:43.730, 160.36, 100, 7503
2026/09/16 09:58:44.730, 160.57, 100, 7503
2026/09/16 09:58:45.730, 159.70, 98, 7503
2026/09/16 09:58:46.730, 161.30, 100, 7503
2026/09/16 09:58:47.731, 160.63, 100, 7503
2026/09/16 09:58:48.731, 159.64, 98, 7503
2026/09/16 09:58:49.731, 160.39, 100, 7503
2026/09/16 09:58:50.731, 160.64, 100, 7503
2026/09/16 09:58:51.731, 160.13, 99, 7503
2026/09/16 09:58:52.732, 160.59, 100, 7503
2026/09/16 09:58:53.732, 159.93, 100, 7503
2026/09/16 09:58:54.732, 159.44, 98, 7503
2026/09/16 09:58:55.732, 160.35, 100, 7503
2026/09/16 09:58:56.732, 159.98, 100, 7503
2026/09/16 09:58:57.732, 160.34, 99, 7503
2026/09/16 09:58:58.733, 160.88, 100, 7503
2026/09/16 09:58:59.733, 159.90, 100, 7503
2026/09/16 09:59:00.733, 160.05, 98, 7503
2026/09/16 09:59:01.733, 160.97, 100, 7503
2026/09/16 09:59:02.733, 160.01, 100, 7503
2026/09/16 09:59:03.733, 160.28, 99, 7503
2026/09/16 09:59:04.734, 161.20, 100, 7503
2026/09/16 09:59:05.734, 160.40, 100, 7503
2026/09/16 09:59:06.734, 158.68, 95, 7503
2026/09/16 09:59:07.734, 161.95, 100, 7503
2026/09/16 09:59:08.734, 162.70, 100, 7503
2026/09/16 09:59:09.735, 158.83, 99, 7503
2026/09/16 09:59:10.735, 158.63, 99, 7503
2026/09/16 09:59:11.735, 158.88, 100, 7503
2026/09/16 09:59:12.735, 162.93, 100, 7503
2026/09/16 09:59:13.735, 163.51, 99, 7503
2026/09/16 09:59:14.736, 159.32, 100, 7503
2026/09/16 09:59:15.736, 159.46, 100, 7503
2026/09/16 09:59:16.736, 159.39, 100, 7503
2026/09/16 09:59:17.736, 162.22, 100, 7503
2026/09/16 09:59:18.736, 163.44, 100, 7503
2026/09/16 09:59:19.737, 160.57, 100, 7503
2026/09/16 09:59:20.737, 160.26, 99, 7503
2026/09/16 09:59:21.737, 160.20, 99, 7503
2026/09/16 09:59:22.737, 162.49, 100, 7503
2026/09/16 09:59:23.737, 163.53, 99, 7503
2026/09/16 09:59:24.738, 161.04, 99, 7503
2026/09/16 09:59:25.738, 160.21, 100, 7503
2026/09/16 09:59:26.738, 160.05, 100, 7503
2026/09/16 09:59:27.738, 161.89, 100, 7503
2026/09/16 09:59:28.738, 163.50, 100, 7503
2026/09/16 09:59:29.738, 161.43, 100, 7503
2026/09/16 09:59:30.739, 159.94, 100, 7503
2026/09/16 09:59:31.739, 160.07, 100, 7503
2026/09/16 09:59:32.739, 161.55, 100, 7503
2026/09/16 09:59:33.739, 163.37, 99, 7503
2026/09/16 09:59:34.739, 161.84, 100, 7503
2026/09/16 09:59:35.740, 159.94, 99, 7503
2026/09/16 09:59:36.740, 159.99, 99, 7503
2026/09/16 09:59:37.740, 161.10, 99, 7503
2026/09/16 09:59:38.740, 163.57, 100, 7503
2026/09/16 09:59:39.740, 161.92, 99, 7503
2026/09/16 09:59:40.740, 160.61, 100, 7503
2026/09/16 09:59:41.741, 160.66, 100, 7503
2026/09/16 09:59:42.749, 160.85, 100, 7503
2026/09/16 09:59:43.749, 163.62, 99, 7503
2026/09/16 09:59:44.750, 162.45, 100, 7503
2026/09/16 09:59:45.750, 160.33, 100, 7503
2026/09/16 09:59:46.750, 160.02, 100, 7503
2026/09/16 09:59:47.759, 160.35, 98, 7503
2026/09/16 09:59:48.759, 163.45, 100, 7503
2026/09/16 09:59:49.759, 162.77, 100, 7503
2026/09/16 09:59:50.759, 160.01, 99, 7503
2026/09/16 09:59:51.759, 160.15, 100, 7503
2026/09/16 09:59:52.760, 159.59, 100, 7503
2026/09/16 09:59:53.760, 164.26, 99, 7503
2026/09/16 09:59:54.760, 162.91, 99, 7503
2026/09/16 09:59:55.760, 159.91, 100, 7503
2026/09/16 09:59:56.760, 160.13, 100, 7503
2026/09/16 09:59:57.761, 160.25, 100, 7503
2026/09/16 09:59:58.761, 163.41, 100, 7503
2026/09/16 09:59:59.761, 163.60, 100, 7503
2026/09/16 10:00:00.761, 160.36, 100, 7503
2026/09/16 10:00:01.762, 160.05, 99, 7503
2026/09/16 10:00:02.770, 160.21, 99, 7503
2026/09/16 10:00:03.771, 162.79, 100, 7503
2026/09/16 10:00:04.771, 163.65, 99, 7503
2026/09/16 10:00:05.771, 160.69, 99, 7503
2026/09/16 10:00:06.771, 159.82, 100, 7503
2026/09/16 10:00:07.771, 159.87, 100, 7503
2026/09/16 10:00:08.771, 162.11, 100, 7503
2026/09/16 10:00:09.772, 163.49, 100, 7503
2026/09/16 10:00:10.772, 161.35, 100, 7503
2026/09/16 10:00:11.772, 160.12, 100, 7503
2026/09/16 10:00:12.772, 159.89, 100, 7503
2026/09/16 10:00:13.772, 162.02, 100, 7503
2026/09/16 10:00:14.773, 164.44, 99, 7503
2026/09/16 10:00:15.773, 161.86, 100, 7503
2026/09/16 10:00:16.773, 159.95, 100, 7503
2026/09/16 10:00:17.773, 160.10, 100, 7503
2026/09/16 10:00:18.773, 161.46, 100, 7503
2026/09/16 10:00:19.774, 163.61, 99, 7503
2026/09/16 10:00:20.774, 161.98, 100, 7503
2026/09/16 10:00:21.774, 159.92, 99, 7503
2026/09/16 10:00:22.774, 159.93, 100, 7503
2026/09/16 10:00:23.774, 160.76, 100, 7503
2026/09/16 10:00:24.774, 163.37, 100, 7503
2026/09/16 10:00:25.775, 162.53, 100, 7503
2026/09/16 10:00:26.775, 160.10, 100, 7503
2026/09/16 10:00:27.775, 160.27, 100, 7503
2026/09/16 10:00:28.775, 160.27, 100, 7503
2026/09/16 10:00:29.775, 163.56, 99, 7503
2026/09/16 10:00:30.775, 162.93, 100, 7503
2026/09/16 10:00:31.776, 160.02, 100, 7503
2026/09/16 10:00:32.776, 160.35, 99, 7503
2026/09/16 10:00:33.776, 159.83, 98, 7503
2026/09/16 10:00:34.776, 163.31, 100, 7503
2026/09/16 10:00:35.776, 163.16, 99, 7503
2026/09/16 10:00:36.776, 159.94, 99, 7503
2026/09/16 10:00:37.777, 160.10, 100, 7503
2026/09/16 10:00:38.777, 160.13, 100, 7503
2026/09/16 10:00:39.777, 163.73, 99, 7503
2026/09/16 10:00:40.777, 164.43, 100, 7503
2026/09/16 10:00:41.777, 160.64, 100, 7503
2026/09/16 10:00:42.778, 160.12, 100, 7503
2026/09/16 10:00:43.778, 159.83, 100, 7503
2026/09/16 10:00:44.778, 162.64, 100, 7503
2026/09/16 10:00:45.778, 163.63, 100, 7503
2026/09/16 10:00:46.778, 160.58, 100, 7503
2026/09/16 10:00:47.779, 160.03, 99, 7503
2026/09/16 10:00:48.779, 160.10, 100, 7503
2026/09/16 10:00:49.779, 162.17, 99, 7503
2026/09/16 10:00:50.779, 163.77, 99, 7503
2026/09/16 10:00:51.788, 160.58, 99, 7503
2026/09/16 10:00:52.788, 160.13, 100, 7503
2026/09/16 10:00:53.788, 160.19, 100, 7503
2026/09/16 10:00:54.788, 161.76, 100, 7503
2026/09/16 10:00:55.788, 163.43, 100, 7503
2026/09/16 10:00:56.797, 161.11, 100, 7503
2026/09/16 10:00:57.797, 159.68, 100, 7503
2026/09/16 10:00:58.797, 159.79, 99, 7503
2026/09/16 10:00:59.798, 115.53, 23, 7503
2026/09/16 10:01:00.798, 93.23, 99, 7503
2026/09/16 10:01:01.806, 160.82, 100, 7503
2026/09/16 10:01:02.807, 159.43, 99, 7503
2026/09/16 10:01:03.807, 161.02, 100, 7503
2026/09/16 10:01:04.807, 160.89, 100, 7503
2026/09/16 10:01:05.807, 159.18, 98, 7503
2026/09/16 10:01:06.807, 160.86, 100, 7503
2026/09/16 10:01:07.807, 161.12, 100, 7503
2026/09/16 10:01:08.808, 159.50, 98, 7503
2026/09/16 10:01:09.808, 160.98, 100, 7503
2026/09/16 10:01:10.808, 160.21, 100, 7503
2026/09/16 10:01:11.808, 159.18, 98, 7503
2026/09/16 10:01:12.808, 160.33, 100, 7503
2026/09/16 10:01:13.809, 160.90, 100, 7503
2026/09/16 10:01:14.809, 159.68, 99, 7503
2026/09/16 10:01:15.809, 160.61, 100, 7503
2026/09/16 10:01:16.809, 160.35, 100, 7503
2026/09/16 10:01:17.809, 159.53, 98, 7503
2026/09/16 10:01:18.810, 160.43, 100, 7503
2026/09/16 10:01:19.810, 160.13, 100, 7503
2026/09/16 10:01:20.810, 160.12, 99, 7503
2026/09/16 10:01:21.810, 160.86, 100, 7503
2026/09/16 10:01:22.810, 160.69, 100, 7503
2026/09/16 10:01:23.811, 159.73, 98, 7503
2026/09/16 10:01:24.811, 161.15, 100, 7503
2026/09/16 10:01:25.811, 160.95, 100, 7503
2026/09/16 10:01:26.820, 159.93, 99, 7503
2026/09/16 10:01:27.820, 161.17, 100, 7503
2026/09/16 10:01:28.820, 160.54, 100, 7503
2026/09/16 10:01:29.820, 159.91, 98, 7503
2026/09/16 10:01:30.820, 160.65, 100, 7503
2026/09/16 10:01:31.821, 160.61, 100, 7503
2026/09/16 10:01:32.821, 160.11, 99, 7503
2026/09/16 10:01:33.821, 160.90, 100, 7503
2026/09/16 10:01:34.821, 159.98, 100, 7503
2026/09/16 10:01:35.821, 159.52, 98, 7503
2026/09/16 10:01:36.822, 160.92, 100, 7503
2026/09/16 10:01:37.822, 160.21, 100, 7503
2026/09/16 10:01:38.822, 160.01, 99, 7503
2026/09/16 10:01:39.822, 160.88, 100, 7503
2026/09/16 10:01:40.822, 160.28, 100, 7503
2026/09/16 10:01:41.831, 159.99, 98, 7503
2026/09/16 10:01:42.831, 160.90, 100, 7503
2026/09/16 10:01:43.831, 160.17, 100, 7503
2026/09/16 10:01:44.832, 160.42, 99, 7503
2026/09/16 10:01:45.832, 161.04, 100, 7503
2026/09/16 10:01:46.841, 159.97, 100, 7503
2026/09/16 10:01:47.841, 160.10, 99, 7503
2026/09/16 10:01:48.841, 160.83, 100, 7503
2026/09/16 10:01:49.841, 160.01, 100, 7503
2026/09/16 10:01:50.841, 160.37, 100, 7503
2026/09/16 10:01:51.841, 160.85, 100, 7503
2026/09/16 10:01:52.842, 160.23, 100, 7503
2026/09/16 10:01:53.842, 159.95, 100, 7503
2026/09/16 10:01:54.842, 161.16, 100, 7503
2026/09/16 10:01:55.842, 159.73, 100, 7503
2026/09/16 10:01:56.842, 160.27, 100, 7503
2026/09/16 10:01:57.843, 161.10, 100, 7503
2026/09/16 10:01:58.843, 159.51, 100, 7503
2026/09/16 10:01:59.843, 159.88, 100, 7503
2026/09/16 10:02:00.843, 160.66, 100, 7503
2026/09/16 10:02:01.843, 159.57, 100, 7503
2026/09/16 10:02:02.844, 160.62, 100, 7503
2026/09/16 10:02:03.844, 161.01, 100, 7503
2026/09/16 10:02:04.844, 159.81, 100, 7503
2026/09/16 10:02:05.844, 160.03, 100, 7503
2026/09/16 10:02:06.844, 160.82, 100, 7503
2026/09/16 10:02:07.845, 159.92, 99, 7503
2026/09/16 10:02:08.845, 160.68, 100, 7503
2026/09/16 10:02:09.845, 161.21, 100, 7503
2026/09/16 10:02:10.845, 159.79, 98, 7503
2026/09/16 10:02:11.845, 161.14, 100, 7503
2026/09/16 10:02:12.845, 160.79, 100, 7503
2026/09/16 10:02:13.846, 159.89, 99, 7503
2026/09/16 10:02:14.846, 160.68, 100, 7503
2026/09/16 10:02:15.846, 160.96, 100, 7503
2026/09/16 10:02:16.846, 159.40, 98, 7503
2026/09/16 10:02:17.846, 160.52, 100, 7503
2026/09/16 10:02:18.847, 160.75, 100, 7503
2026/09/16 10:02:19.847, 159.94, 99, 7503
2026/09/16 10:02:20.847, 160.64, 100, 7503
2026/09/16 10:02:21.847, 161.13, 100, 7503
2026/09/16 10:02:22.847, 159.52, 98, 7503
2026/09/16 10:02:23.847, 160.49, 100, 7503
2026/09/16 10:02:24.848, 160.98, 100, 7503
2026/09/16 10:02:25.848, 160.03, 99, 7503
2026/09/16 10:02:26.848, 161.29, 100, 7503
2026/09/16 10:02:27.848, 160.57, 100, 7503
2026/09/16 10:02:28.848, 159.76, 98, 7503
2026/09/16 10:02:29.849, 160.51, 100, 7503
2026/09/16 10:02:30.849, 160.60, 100, 7503
2026/09/16 10:02:31.849, 159.88, 99, 7503
2026/09/16 10:02:32.849, 161.26, 100, 7503
2026/09/16 10:02:33.849, 160.68, 100, 7503
2026/09/16 10:02:34.849, 159.75, 98, 7503
2026/09/16 10:02:35.850, 160.46, 100, 7503
2026/09/16 10:02:36.850, 160.23, 100, 7503
2026/09/16 10:02:37.850, 159.76, 99, 7503
2026/09/16 10:02:38.850, 160.69, 100, 7503
2026/09/16 10:02:39.850, 160.06, 100, 7503
2026/09/16 10:02:40.851, 159.74, 98, 7503
2026/09/16 10:02:41.851, 160.83, 100, 7503
2026/09/16 10:02:42.851, 160.76, 100, 7503
2026/09/16 10:02:43.851, 160.28, 98, 7503
2026/09/16 10:02:44.851, 161.03, 100, 7503
2026/09/16 10:02:45.852, 160.19, 100, 7503
2026/09/16 10:02:46.852, 160.19, 98, 7503
2026/09/16 10:02:47.852, 160.91, 100, 7503
2026/09/16 10:02:48.852, 160.63, 100, 7503
2026/09/16 10:02:49.852, 160.03, 99, 7503
2026/09/16 10:02:50.853, 161.05, 100, 7503
2026/09/16 10:02:51.853, 160.13, 100, 7503
2026/09/16 10:02:52.853, 160.10, 98, 7503
2026/09/16 10:02:53.853, 160.71, 100, 7503
2026/09/16 10:02:54.853, 160.47, 100, 7503
2026/09/16 10:02:55.854, 160.50, 100, 7503
2026/09/16 10:02:56.854, 161.17, 100, 7503
2026/09/16 10:02:57.854, 159.85, 100, 7503
2026/09/16 10:02:58.854, 160.01, 100, 7503
2026/09/16 10:02:59.855, 161.13, 100, 7503
2026/09/16 10:03:00.863, 160.35, 100, 7503
2026/09/16 10:03:01.863, 160.27, 100, 7503
2026/09/16 10:03:02.863, 160.91, 100, 7503
2026/09/16 10:03:03.864, 159.88, 100, 7503
2026/09/16 10:03:04.864, 159.98, 100, 7503
2026/09/16 10:03:05.864, 161.01, 100, 7503
2026/09/16 10:03:06.864, 160.04, 100, 7503
2026/09/16 10:03:07.865, 160.75, 100, 7503
2026/09/16 10:03:08.865, 160.86, 100, 7503
2026/09/16 10:03:09.865, 160.27, 100, 7503
2026/09/16 10:03:10.865, 160.48, 100, 7503
2026/09/16 10:03:11.865, 161.46, 100, 7503
2026/09/16 10:03:12.866, 160.25, 100, 7503
2026/09/16 10:03:13.866, 160.56, 100, 7503
2026/09/16 10:03:14.866, 160.86, 100, 7503
2026/09/16 10:03:15.866, 159.77, 98, 7503
2026/09/16 10:03:16.866, 160.91, 100, 7503
2026/09/16 10:03:17.866, 161.20, 100, 7503
2026/09/16 10:03:18.867, 159.81, 98, 7503
2026/09/16 10:03:19.867, 161.26, 100, 7503
2026/09/16 10:03:20.876, 161.03, 100, 7503
2026/09/16 10:03:21.876, 159.54, 98, 7503
2026/09/16 10:03:22.876, 160.50, 100, 7503
2026/09/16 10:03:23.876, 161.02, 100, 7503
2026/09/16 10:03:24.876, 159.94, 99, 7503
2026/09/16 10:03:25.877, 161.14, 100, 7503
2026/09/16 10:03:26.877, 160.96, 100, 7503
2026/09/16 10:03:27.877, 159.43, 98, 7503
2026/09/16 10:03:28.877, 160.35, 100, 7503
2026/09/16 10:03:29.877, 160.48, 100, 7503
2026/09/16 10:03:30.878, 159.80, 98, 7503
2026/09/16 10:03:31.878, 160.56, 100, 7503
2026/09/16 10:03:32.878, 160.24, 100, 7503
2026/09/16 10:03:33.878, 158.32, 96, 7503
2026/09/16 10:03:34.878, 161.63, 100, 7503
2026/09/16 10:03:35.887, 163.05, 100, 7503
2026/09/16 10:03:36.887, 159.62, 99, 7503
2026/09/16 10:03:37.887, 160.23, 100, 7503
2026/09/16 10:03:38.888, 160.24, 100, 7503
2026/09/16 10:03:39.888, 162.95, 99, 7503
2026/09/16 10:03:40.888, 163.52, 100, 7503
2026/09/16 10:03:41.888, 159.83, 100, 7503
2026/09/16 10:03:42.888, 160.15, 100, 7503
2026/09/16 10:03:43.888, 160.18, 100, 7503
2026/09/16 10:03:44.889, 162.59, 100, 7503
2026/09/16 10:03:45.889, 163.30, 100, 7503
2026/09/16 10:03:46.889, 160.55, 100, 7503
2026/09/16 10:03:47.889, 160.22, 99, 7503
2026/09/16 10:03:48.889, 160.06, 99, 7503
2026/09/16 10:03:49.898, 162.37, 100, 7503
2026/09/16 10:03:50.898, 163.37, 99, 7503
2026/09/16 10:03:51.899, 160.51, 99, 7503
2026/09/16 10:03:52.899, 160.16, 100, 7503
2026/09/16 10:03:53.899, 159.96, 100, 7503
2026/09/16 10:03:54.899, 161.52, 100, 7503
2026/09/16 10:03:55.899, 163.62, 100, 7503
2026/09/16 10:03:56.900, 161.55, 100, 7503
2026/09/16 10:03:57.900, 159.79, 100, 7503
2026/09/16 10:03:58.900, 159.96, 100, 7503
2026/09/16 10:03:59.909, 161.14, 100, 7503
2026/09/16 10:04:00.909, 163.43, 99, 7503
2026/09/16 10:04:01.909, 161.82, 100, 7503
2026/09/16 10:04:02.909, 159.84, 99, 7503
2026/09/16 10:04:03.909, 159.70, 100, 7503
2026/09/16 10:04:04.918, 160.60, 100, 7503
2026/09/16 10:04:05.918, 163.46, 100, 7503
2026/09/16 10:04:06.918, 162.22, 100, 7503
2026/09/16 10:04:07.919, 159.71, 100, 7503
2026/09/16 10:04:08.919, 159.90, 100, 7503
2026/09/16 10:04:09.919, 160.05, 100, 7503
2026/09/16 10:04:10.919, 163.66, 99, 7503
2026/09/16 10:04:11.919, 162.69, 100, 7503
2026/09/16 10:04:12.920, 159.80, 100, 7503
2026/09/16 10:04:13.920, 159.83, 99, 7503
2026/09/16 10:04:14.920, 159.91, 98, 7503
2026/09/16 10:04:15.920, 163.60, 100, 7503
2026/09/16 10:04:16.920, 163.06, 99, 7503
2026/09/16 10:04:17.921, 159.56, 99, 7503
2026/09/16 10:04:18.921, 159.88, 100, 7503
2026/09/16 10:04:19.929, 159.85, 100, 7503
2026/09/16 10:04:20.930, 162.90, 99, 7503
2026/09/16 10:04:21.930, 163.47, 100, 7503
2026/09/16 10:04:22.930, 159.84, 100, 7503
2026/09/16 10:04:23.930, 159.90, 100, 7503
2026/09/16 10:04:24.930, 159.86, 100, 7503
2026/09/16 10:04:25.931, 162.41, 100, 7503
2026/09/16 10:04:26.931, 163.44, 100, 7503
2026/09/16 10:04:27.931, 160.47, 100, 7503
2026/09/16 10:04:28.931, 159.86, 99, 7503
2026/09/16 10:04:29.940, 159.60, 100, 7503
2026/09/16 10:04:30.940, 162.05, 99, 7503
2026/09/16 10:04:31.940, 163.56, 100, 7503
2026/09/16 10:04:32.940, 161.18, 100, 7503
2026/09/16 10:04:33.940, 159.77, 100, 7503
2026/09/16 10:04:34.941, 159.92, 100, 7503
2026/09/16 10:04:35.941, 161.63, 100, 7503
2026/09/16 10:04:36.941, 163.56, 100, 7503
2026/09/16 10:04:37.941, 161.67, 100, 7503
2026/09/16 10:04:38.941, 159.82, 100, 7503
2026/09/16 10:04:39.950, 159.77, 99, 7503
2026/09/16 10:04:40.950, 161.34, 99, 7503
2026/09/16 10:04:41.950, 163.62, 100, 7503
2026/09/16 10:04:42.951, 161.69, 99, 7503
2026/09/16 10:04:43.951, 159.62, 99, 7503
2026/09/16 10:04:44.951, 160.03, 100, 7503
2026/09/16 10:04:45.951, 160.69, 100, 7503
2026/09/16 10:04:46.951, 163.73, 100, 7503
2026/09/16 10:04:47.951, 162.33, 100, 7503
2026/09/16 10:04:48.952, 159.77, 100, 7503
2026/09/16 10:04:49.960, 159.90, 100, 7503
2026/09/16 10:04:50.961, 160.23, 98, 7503
2026/09/16 10:04:51.961, 163.63, 99, 7503
2026/09/16 10:04:52.961, 162.93, 100, 7503
2026/09/16 10:04:53.961, 160.14, 100, 7503
2026/09/16 10:04:54.961, 159.99, 99, 7503
2026/09/16 10:04:55.961, 160.15, 100, 7503
2026/09/16 10:04:56.962, 163.09, 100, 7503
2026/09/16 10:04:57.962, 162.92, 99, 7503
2026/09/16 10:04:58.962, 160.06, 100, 7503
2026/09/16 10:04:59.962, 159.76, 100, 7503
2026/09/16 10:05:00.962, 159.89, 100, 7503
2026/09/16 10:05:01.963, 162.83, 99, 7503
2026/09/16 10:05:02.963, 163.82, 100, 7503
2026/09/16 10:05:03.963, 160.60, 100, 7503
2026/09/16 10:05:04.963, 159.99, 100, 7503
2026/09/16 10:05:05.963, 159.73, 99, 7503
2026/09/16 10:05:06.963, 162.41, 100, 7503
2026/09/16 10:05:07.964, 163.33, 99, 7503
2026/09/16 10:05:08.964, 160.91, 99, 7503
2026/09/16 10:05:09.964, 160.17, 99, 7503
2026/09/16 10:05:10.964, 159.99, 100, 7503
2026/09/16 10:05:11.964, 161.99, 99, 7503
2026/09/16 10:05:12.965, 163.68, 100, 7503
2026/09/16 10:05:13.965, 161.17, 100, 7503
2026/09/16 10:05:14.965, 159.73, 100, 7503
2026/09/16 10:05:15.965, 159.89, 100, 7503
2026/09/16 10:05:16.965, 161.71, 100, 7503
2026/09/16 10:05:17.966, 163.54, 99, 7503
2026/09/16 10:05:18.966, 161.39, 100, 7503
2026/09/16 10:05:19.966, 160.04, 100, 7503
2026/09/16 10:05:20.966, 160.15, 99, 7503
2026/09/16 10:05:21.966, 161.20, 99, 7503
2026/09/16 10:05:22.967, 163.76, 100, 7503
2026/09/16 10:05:23.967, 161.84, 99, 7503
2026/09/16 10:05:24.967, 160.26, 100, 7503
2026/09/16 10:05:25.967, 159.91, 100, 7503
2026/09/16 10:05:26.967, 134.25, 29, 7503
2026/09/16 10:05:27.968, 67.90, 100, 7503
2026/09/16 10:05:28.968, 160.08, 99, 7503
2026/09/16 10:05:29.968, 160.90, 100, 7503
2026/09/16 10:05:30.968, 160.02, 100, 7503
2026/09/16 10:05:31.968, 159.40, 98, 7503
2026/09/16 10:05:32.969, 160.35, 100, 7503
2026/09/16 10:05:33.969, 160.25, 100, 7503
2026/09/16 10:05:34.969, 159.92, 99, 7503
2026/09/16 10:05:35.969, 160.71, 100, 7503
2026/09/16 10:05:36.969, 160.02, 100, 7503
2026/09/16 10:05:37.969, 159.53, 98, 7503
2026/09/16 10:05:38.970, 160.84, 100, 7503
2026/09/16 10:05:39.970, 159.93, 100, 7503
2026/09/16 10:05:40.970, 159.98, 99, 7503
2026/09/16 10:05:41.970, 160.79, 100, 7503
2026/09/16 10:05:42.970, 159.86, 100, 7503
2026/09/16 10:05:43.971, 159.79, 98, 7503
2026/09/16 10:05:44.971, 160.86, 100, 7503
2026/09/16 10:05:45.971, 160.23, 100, 7503
2026/09/16 10:05:46.971, 160.29, 99, 7503
2026/09/16 10:05:47.971, 160.84, 100, 7503
2026/09/16 10:05:48.972, 159.72, 100, 7503
2026/09/16 10:05:49.972, 159.38, 99, 7503
2026/09/16 10:05:50.972, 160.90, 100, 7503
2026/09/16 10:05:51.972, 159.71, 100, 7503
2026/09/16 10:05:52.972, 159.92, 100, 7503
2026/09/16 10:05:53.973, 160.62, 100, 7503
2026/09/16 10:05:54.973, 159.79, 100, 7503
2026/09/16 10:05:55.973, 159.39, 100, 7503
2026/09/16 10:05:56.973, 160.37, 100, 7503
2026/09/16 10:05:57.973, 159.55, 100, 7503
2026/09/16 10:05:58.974, 159.98, 100, 7503
2026/09/16 10:05:59.974, 160.97, 100, 7503
2026/09/16 10:06:00.974, 159.60, 100, 7503
2026/09/16 10:06:01.974, 159.90, 100, 7503
2026/09/16 10:06:02.974, 161.26, 100, 7503
2026/09/16 10:06:03.974, 159.31, 100, 7503
2026/09/16 10:06:04.975, 160.30, 100, 7503
2026/09/16 10:06:05.975, 161.11, 100, 7503
2026/09/16 10:06:06.975, 159.85, 100, 7503
2026/09/16 10:06:07.975, 159.70, 100, 7503
2026/09/16 10:06:08.976, 160.86, 100, 7503
2026/09/16 10:06:09.976, 159.83, 100, 7503
2026/09/16 10:06:10.976, 160.58, 100, 7503
2026/09/16 10:06:11.976, 160.91, 100, 7503
2026/09/16 10:06:12.976, 159.63, 99, 7503
2026/09/16 10:06:13.976, 160.36, 100, 7503
2026/09/16 10:06:14.977, 161.10, 100, 7503
2026/09/16 10:06:15.977, 159.59, 99, 7503
2026/09/16 10:06:16.977, 161.13, 100, 7503
2026/09/16 10:06:17.977, 160.57, 100, 7503
2026/09/16 10:06:18.977, 159.08, 97, 7503
2026/09/16 10:06:19.978, 160.88, 100, 7503
2026/09/16 10:06:20.978, 160.37, 100, 7503
2026/09/16 10:06:21.978, 159.61, 98, 7503
2026/09/16 10:06:22.978, 160.88, 100, 7503
2026/09/16 10:06:23.978, 160.25, 100, 7503
2026/09/16 10:06:24.979, 159.40, 98, 7503
2026/09/16 10:06:25.979, 160.10, 100, 7503
2026/09/16 10:06:26.979, 160.30, 100, 7503
2026/09/16 10:06:27.979, 159.87, 98, 7503
2026/09/16 10:06:28.979, 160.63, 100, 7503
2026/09/16 10:06:29.979, 160.20, 100, 7503
2026/09/16 10:06:30.980, 159.44, 98, 7503
2026/09/16 10:06:31.980, 160.27, 100, 7503
2026/09/16 10:06:32.980, 160.46, 100, 7503
2026/09/16 10:06:33.980, 159.61, 99, 7503
2026/09/16 10:06:34.980, 160.68, 100, 7503
2026/09/16 10:06:35.981, 160.28, 100, 7503
2026/09/16 10:06:36.981, 159.68, 98, 7503
2026/09/16 10:06:37.981, 160.36, 100, 7503
2026/09/16 10:06:38.981, 160.65, 100, 7503
2026/09/16 10:06:39.981, 159.91, 99, 7503
2026/09/16 10:06:40.981, 160.52, 100, 7503
2026/09/16 10:06:41.982, 160.24, 100, 7503
2026/09/16 10:06:42.982, 159.71, 98, 7503
2026/09/16 10:06:43.982, 160.76, 100, 7503
2026/09/16 10:06:44.982, 160.65, 100, 7503
2026/09/16 10:06:45.982, 160.06, 98, 7503
2026/09/16 10:06:46.983, 160.79, 100, 7503
2026/09/16 10:06:47.983, 160.05, 100, 7503
2026/09/16 10:06:48.983, 159.60, 98, 7503
2026/09/16 10:06:49.983, 160.41, 100, 7503
2026/09/16 10:06:50.983, 160.04, 100, 7503
2026/09/16 10:06:51.984, 159.76, 99, 7503
2026/09/16 10:06:52.984, 160.92, 100, 7503
2026/09/16 10:06:53.984, 160.00, 100, 7503
2026/09/16 10:06:54.984, 159.21, 98, 7503
2026/09/16 10:06:55.984, 160.38, 100, 7503
2026/09/16 10:06:56.985, 159.83, 100, 7503
2026/09/16 10:06:57.985, 159.63, 99, 7503
2026/09/16 10:06:58.985, 160.88, 100, 7503
2026/09/16 10:06:59.985, 159.81, 100, 7503
2026/09/16 10:07:00.985, 159.22, 98, 7503
2026/09/16 10:07:01.986, 160.51, 100, 7503
2026/09/16 10:07:02.986, 159.83, 100, 7503
2026/09/16 10:07:03.986, 160.01, 99, 7503
2026/09/16 10:07:04.986, 161.04, 100, 7503
2026/09/16 10:07:05.986, 159.81, 100, 7503
2026/09/16 10:07:06.986, 159.67, 100, 7503
2026/09/16 10:07:07.987, 160.79, 100, 7503
2026/09/16 10:07:08.987, 160.22, 100, 7503
2026/09/16 10:07:09.987, 160.41, 100, 7503
2026/09/16 10:07:10.987, 160.95, 100, 7503
2026/09/16 10:07:11.987, 160.02, 100, 7503
2026/09/16 10:07:12.988, 160.23, 100, 7503
2026/09/16 10:07:13.988, 161.55, 100, 7503
2026/09/16 10:07:14.988, 159.96, 100, 7503
2026/09/16 10:07:15.988, 160.27, 100, 7503
2026/09/16 10:07:16.988, 161.11, 100, 7503
2026/09/16 10:07:17.989, 159.83, 100, 7503
2026/09/16 10:07:18.989, 160.05, 100, 7503
2026/09/16 10:07:19.989, 161.26, 100, 7503
2026/09/16 10:07:20.989, 159.99, 100, 7503
2026/09/16 10:07:21.989, 160.61, 100, 7503
2026/09/16 10:07:22.990, 160.99, 100, 7503
2026/09/16 10:07:23.990, 159.72, 100, 7503
2026/09/16 10:07:24.990, 160.07, 100, 7503
2026/09/16 10:07:25.990, 160.90, 100, 7503
2026/09/16 10:07:26.990, 160.15, 100, 7503
2026/09/16 10:07:27.991, 160.81, 100, 7503
2026/09/16 10:07:28.991, 161.06, 100, 7503
2026/09/16 10:07:29.991, 159.38, 98, 7503
2026/09/16 10:07:30.991, 160.04, 100, 7503
2026/09/16 10:07:31.991, 160.47, 100, 7503
2026/09/16 10:07:32.991, 159.47, 99, 7503
2026/09/16 10:07:33.992, 160.34, 100, 7503
2026/09/16 10:07:34.992, 160.88, 100, 7503
2026/09/16 10:07:35.992, 159.08, 98, 7503
2026/09/16 10:07:36.992, 160.11, 100, 7503
2026/09/16 10:07:37.992, 160.87, 100, 7503
2026/09/16 10:07:38.993, 159.68, 99, 7503
2026/09/16 10:07:39.993, 160.70, 100, 7503
2026/09/16 10:07:40.993, 160.64, 100, 7503
2026/09/16 10:07:41.993, 159.26, 98, 7503
2026/09/16 10:07:42.993, 160.14, 100, 7503
2026/09/16 10:07:43.993, 160.78, 100, 7503
2026/09/16 10:07:44.994, 159.48, 99, 7503
2026/09/16 10:07:45.994, 160.40, 100, 7503
2026/09/16 10:07:46.994, 160.39, 100, 7503
2026/09/16 10:07:47.994, 159.51, 98, 7503
2026/09/16 10:07:48.994, 160.39, 100, 7503
2026/09/16 10:07:49.995, 160.24, 100, 7503
2026/09/16 10:07:50.995, 159.88, 99, 7503
2026/09/16 10:07:51.995, 160.80, 100, 7503
2026/09/16 10:07:52.995, 160.43, 100, 7503
2026/09/16 10:07:53.995, 159.54, 98, 7503
2026/09/16 10:07:54.996, 160.33, 100, 7503
2026/09/16 10:07:55.996, 160.67, 100, 7503
2026/09/16 10:07:56.996, 159.93, 99, 7503
2026/09/16 10:07:57.996, 160.67, 100, 7503
2026/09/16 10:07:58.996, 160.49, 100, 7503
2026/09/16 10:07:59.997, 159.51, 98, 7503
2026/09/16 10:08:00.997, 160.26, 100, 7503
2026/09/16 10:08:01.997, 160.57, 100, 7503
2026/09/16 10:08:02.997, 160.08, 100, 7503
2026/09/16 10:08:03.997, 163.49, 100, 7503
2026/09/16 10:08:04.997, 161.35, 100, 7503
2026/09/16 10:08:05.998, 159.14, 100, 7503
2026/09/16 10:08:06.998, 159.16, 99, 7503
2026/09/16 10:08:07.998, 160.24, 99, 7503
2026/09/16 10:08:08.998, 163.75, 100, 7503
2026/09/16 10:08:09.998, 162.26, 99, 7503
2026/09/16 10:08:10.999, 160.85, 99, 7503
2026/09/16 10:08:11.999, 160.43, 100, 7503
2026/09/16 10:08:12.999, 160.90, 100, 7503
2026/09/16 10:08:13.999, 163.74, 100, 7503
2026/09/16 10:08:14.999, 162.51, 100, 7503
2026/09/16 10:08:15.999, 159.41, 100, 7503
2026/09/16 10:08:17.000, 159.54, 100, 7503
2026/09/16 10:08:18.000, 159.59, 98, 7503
2026/09/16 10:08:19.000, 163.73, 100, 7503
2026/09/16 10:08:20.000, 163.02, 100, 7503
2026/09/16 10:08:21.000, 159.10, 99, 7503
2026/09/16 10:08:22.001, 158.83, 99, 7503
2026/09/16 10:08:23.001, 158.98, 100, 7503
2026/09/16 10:08:24.001, 163.00, 100, 7503
2026/09/16 10:08:25.001, 163.37, 99, 7503
2026/09/16 10:08:26.001, 159.30, 100, 7503
2026/09/16 10:08:27.002, 159.09, 100, 7503
2026/09/16 10:08:28.002, 159.12, 100, 7503
2026/09/16 10:08:29.002, 162.16, 100, 7503
2026/09/16 10:08:30.002, 163.67, 100, 7503
2026/09/16 10:08:31.002, 159.73, 100, 7503
2026/09/16 10:08:32.002, 159.21, 99, 7503
2026/09/16 10:08:33.003, 159.04, 99, 7503
2026/09/16 10:08:34.003, 161.34, 99, 7503
2026/09/16 10:08:35.003, 163.37, 99, 7503
2026/09/16 10:08:36.003, 160.60, 99, 7503
2026/09/16 10:08:37.003, 159.14, 100, 7503
2026/09/16 10:08:38.004, 158.90, 100, 7503
2026/09/16 10:08:39.004, 160.76, 100, 7503
2026/09/16 10:08:40.004, 163.61, 100, 7503
2026/09/16 10:08:41.004, 161.25, 100, 7503
2026/09/16 10:08:42.004, 159.18, 100, 7503
2026/09/16 10:08:43.004, 158.91, 99, 7503
2026/09/16 10:08:44.005, 160.27, 99, 7503
2026/09/16 10:08:45.005, 163.65, 100, 7503
2026/09/16 10:08:46.005, 161.90, 99, 7503
2026/09/16 10:08:47.005, 159.02, 99, 7503
2026/09/16 10:08:48.005, 159.41, 100, 7503
2026/09/16 10:08:49.005, 159.77, 100, 7503
2026/09/16 10:08:50.006, 163.66, 100, 7503
2026/09/16 10:08:51.006, 162.36, 100, 7503
2026/09/16 10:08:52.006, 159.10, 100, 7503
2026/09/16 10:08:53.006, 159.01, 100, 7503
2026/09/16 10:08:54.006, 159.16, 98, 7503
2026/09/16 10:08:55.007, 163.38, 100, 7503
2026/09/16 10:08:56.007, 162.93, 100, 7503
2026/09/16 10:08:57.007, 160.07, 99, 7503
2026/09/16 10:08:58.007, 159.88, 99, 7503
2026/09/16 10:08:59.007, 159.99, 100, 7503
2026/09/16 10:09:00.008, 163.28, 100, 7503
2026/09/16 10:09:01.008, 163.51, 99, 7503
2026/09/16 10:09:02.008, 160.40, 100, 7503
2026/09/16 10:09:03.008, 160.14, 100, 7503
2026/09/16 10:09:04.008, 159.95, 100, 7503
2026/09/16 10:09:05.008, 162.68, 100, 7503
2026/09/16 10:09:06.009, 163.66, 100, 7503
2026/09/16 10:09:07.009, 160.66, 100, 7503
2026/09/16 10:09:08.009, 160.13, 100, 7503
2026/09/16 10:09:09.009, 160.08, 99, 7503
2026/09/16 10:09:10.009, 162.58, 100, 7503
2026/09/16 10:09:11.010, 163.36, 99, 7503
2026/09/16 10:09:12.010, 160.91, 99, 7503
2026/09/16 10:09:13.010, 160.24, 99, 7503
2026/09/16 10:09:14.010, 160.04, 100, 7503
2026/09/16 10:09:15.010, 162.05, 99, 7503
2026/09/16 10:09:16.011, 163.70, 100, 7503
2026/09/16 10:09:17.011, 161.37, 100, 7503
2026/09/16 10:09:18.011, 159.96, 100, 7503
2026/09/16 10:09:19.011, 160.00, 100, 7503
2026/09/16 10:09:20.011, 161.42, 100, 7503
2026/09/16 10:09:21.012, 163.79, 99, 7503
2026/09/16 10:09:22.012, 161.71, 100, 7503
2026/09/16 10:09:23.012, 160.16, 100, 7503
2026/09/16 10:09:24.012, 159.88, 99, 7503
2026/09/16 10:09:25.012, 161.07, 99, 7503
2026/09/16 10:09:26.012, 163.54, 100, 7503
2026/09/16 10:09:27.013, 161.90, 99, 7503
2026/09/16 10:09:28.013, 159.98, 100, 7503
2026/09/16 10:09:29.013, 160.01, 100, 7503
2026/09/16 10:09:30.013, 160.47, 100, 7503
2026/09/16 10:09:31.013, 163.59, 100, 7503
2026/09/16 10:09:32.014, 162.66, 100, 7503
2026/09/16 10:09:33.014, 159.76, 100, 7503
2026/09/16 10:09:34.014, 159.65, 100, 7503
2026/09/16 10:09:35.014, 159.83, 98, 7503
2026/09/16 10:09:36.014, 164.62, 100, 7503
2026/09/16 10:09:37.014, 163.45, 100, 7503
2026/09/16 10:09:38.015, 159.91, 100, 7503
2026/09/16 10:09:39.015, 159.99, 99, 7503
2026/09/16 10:09:40.015, 159.94, 100, 7503
2026/09/16 10:09:41.015, 162.84, 100, 7503
2026/09/16 10:09:42.015, 163.12, 99, 7503
2026/09/16 10:09:43.016, 160.30, 100, 7503
2026/09/16 10:09:44.016, 160.07, 100, 7503
2026/09/16 10:09:45.016, 159.95, 100, 7503
2026/09/16 10:09:46.016, 162.56, 99, 7503
2026/09/16 10:09:47.016, 163.61, 100, 7503
2026/09/16 10:09:48.017, 160.97, 100, 7503
2026/09/16 10:09:49.017, 160.42, 100, 7503
2026/09/16 10:09:50.017, 160.46, 99, 7503
2026/09/16 10:09:51.017, 162.36, 100, 7503
2026/09/16 10:09:52.017, 163.63, 99, 7503
2026/09/16 10:09:53.018, 161.18, 100, 7503
2026/09/16 10:09:54.018, 160.39, 99, 7503
2026/09/16 10:09:55.018, 160.30, 100, 7503
2026/09/16 10:09:56.018, 79.76, 0, 7503
2026/09/16 10:09:57.018, 118.76, 100, 7503
2026/09/16 10:09:58.019, 159.28, 98, 7503
2026/09/16 10:09:59.019, 159.95, 100, 7503
2026/09/16 10:10:00.019, 160.23, 100, 7503
2026/09/16 10:10:01.019, 159.47, 98, 7503
2026/09/16 10:10:02.019, 160.74, 100, 7503
2026/09/16 10:10:03.019, 160.24, 100, 7503
2026/09/16 10:10:04.020, 160.26, 98, 7503
2026/09/16 10:10:05.020, 160.29, 100, 7503
2026/09/16 10:10:06.020, 159.68, 100, 7503
2026/09/16 10:10:07.020, 159.54, 99, 7503
2026/09/16 10:10:08.020, 160.39, 100, 7503
2026/09/16 10:10:09.021, 159.55, 100, 7503
2026/09/16 10:10:10.021, 159.41, 98, 7503
2026/09/16 10:10:11.021, 160.31, 100, 7503
2026/09/16 10:10:12.021, 159.99, 100, 7503
2026/09/16 10:10:13.021, 159.81, 99, 7503
2026/09/16 10:10:14.022, 160.59, 100, 7503
2026/09/16 10:10:15.022, 160.14, 100, 7503
2026/09/16 10:10:16.022, 160.05, 98, 7503
2026/09/16 10:10:17.022, 160.88, 100, 7503
2026/09/16 10:10:18.022, 160.39, 100, 7503
2026/09/16 10:10:19.023, 160.39, 100, 7503
2026/09/16 10:10:20.023, 160.99, 100, 7503
2026/09/16 10:10:21.023, 159.78, 100, 7503
2026/09/16 10:10:22.023, 159.62, 100, 7503
2026/09/16 10:10:23.023, 161.20, 100, 7503
2026/09/16 10:10:24.023, 160.24, 100, 7503
2026/09/16 10:10:25.024, 158.90, 100, 7503
2026/09/16 10:10:26.024, 160.77, 100, 7503
2026/09/16 10:10:27.024, 159.84, 100, 7503
2026/09/16 10:10:28.024, 159.79, 100, 7503
2026/09/16 10:10:29.024, 160.64, 100, 7503
2026/09/16 10:10:30.025, 159.05, 100, 7503
2026/09/16 10:10:31.025, 160.01, 100, 7503
2026/09/16 10:10:32.025, 161.04, 100, 7503
2026/09/16 10:10:33.025, 159.92, 100, 7503
2026/09/16 10:10:34.025, 159.87, 100, 7503
2026/09/16 10:10:35.026, 159.83, 100, 7503
2026/09/16 10:10:36.026, 160.31, 100, 7503
2026/09/16 10:10:37.026, 160.27, 100, 7503
2026/09/16 10:10:38.026, 160.70, 100, 7503
2026/09/16 10:10:39.026, 159.91, 100, 7503
2026/09/16 10:10:40.026, 159.98, 100, 7503
2026/09/16 10:10:41.027, 161.34, 100, 7503
2026/09/16 10:10:42.027, 159.78, 100, 7503
2026/09/16 10:10:43.027, 160.00, 100, 7503
2026/09/16 10:10:44.027, 161.08, 100, 7503
2026/09/16 10:10:45.028, 159.91, 100, 7503
2026/09/16 10:10:46.028, 160.37, 100, 7503
2026/09/16 10:10:47.028, 161.18, 100, 7503
2026/09/16 10:10:48.028, 159.66, 100, 7503
2026/09/16 10:10:49.028, 160.18, 100, 7503
2026/09/16 10:10:50.029, 160.55, 100, 7503
2026/09/16 10:10:51.029, 159.26, 98, 7503
2026/09/16 10:10:52.029, 159.93, 100, 7503
2026/09/16 10:10:53.029, 160.37, 100, 7503
2026/09/16 10:10:54.029, 159.52, 99, 7503
2026/09/16 10:10:55.030, 160.92, 100, 7503
2026/09/16 10:10:56.030, 160.79, 100, 7503
2026/09/16 10:10:57.030, 159.21, 98, 7503
2026/09/16 10:10:58.030, 161.07, 100, 7503
2026/09/16 10:10:59.030, 160.16, 100, 7503
2026/09/16 10:11:00.031, 159.60, 99, 7503
2026/09/16 10:11:01.031, 160.47, 100, 7503
2026/09/16 10:11:02.031, 160.73, 100, 7503
2026/09/16 10:11:03.031, 159.29, 98, 7503
2026/09/16 10:11:04.031, 161.10, 100, 7503
2026/09/16 10:11:05.031, 160.66, 100, 7503
2026/09/16 10:11:06.032, 159.84, 99, 7503
2026/09/16 10:11:07.032, 160.78, 100, 7503
2026/09/16 10:11:08.032, 160.80, 100, 7503
2026/09/16 10:11:09.032, 159.89, 98, 7503
2026/09/16 10:11:10.033, 160.53, 100, 7503
2026/09/16 10:11:11.033, 160.75, 100, 7503
2026/09/16 10:11:12.033, 160.01, 99, 7503
2026/09/16 10:11:13.033, 160.88, 100, 7503
2026/09/16 10:11:14.033, 160.30, 100, 7503
2026/09/16 10:11:15.034, 159.36, 97, 7503
2026/09/16 10:11:16.034, 160.37, 100, 7503
2026/09/16 10:11:17.034, 160.62, 100, 7503
2026/09/16 10:11:18.034, 159.67, 98, 7503
2026/09/16 10:11:19.035, 160.74, 100, 7503
2026/09/16 10:11:20.035, 160.31, 100, 7503
2026/09/16 10:11:21.035, 159.46, 98, 7503
2026/09/16 10:11:22.035, 160.89, 100, 7503
2026/09/16 10:11:23.035, 160.33, 100, 7503
2026/09/16 10:11:24.036, 159.65, 99, 7503
2026/09/16 10:11:25.036, 160.90, 100, 7503
2026/09/16 10:11:26.036, 159.76, 100, 7503
2026/09/16 10:11:27.036, 159.85, 98, 7503
2026/09/16 10:11:28.036, 161.10, 100, 7503
2026/09/16 10:11:29.037, 160.50, 100, 7503
2026/09/16 10:11:30.037, 160.09, 99, 7503
2026/09/16 10:11:31.037, 161.07, 100, 7503
2026/09/16 10:11:32.037, 160.07, 100, 7503
2026/09/16 10:11:33.037, 159.59, 98, 7503
2026/09/16 10:11:34.038, 160.74, 100, 7503
2026/09/16 10:11:35.038, 159.74, 100, 7503
2026/09/16 10:11:36.038, 160.20, 100, 7503
2026/09/16 10:11:37.038, 160.93, 100, 7503
2026/09/16 10:11:38.038, 160.19, 100, 7503
2026/09/16 10:11:39.039, 160.23, 100, 7503
2026/09/16 10:11:40.039, 161.37, 100, 7503
2026/09/16 10:11:41.039, 159.87, 100, 7503
2026/09/16 10:11:42.039, 160.27, 100, 7503
2026/09/16 10:11:43.039, 160.94, 100, 7503
2026/09/16 10:11:44.040, 159.80, 100, 7503
2026/09/16 10:11:45.040, 160.20, 100, 7503
2026/09/16 10:11:46.040, 161.14, 100, 7503
2026/09/16 10:11:47.040, 159.56, 100, 7503
2026/09/16 10:11:48.040, 159.97, 100, 7503
2026/09/16 10:11:49.041, 160.69, 100, 7503
2026/09/16 10:11:50.041, 159.74, 100, 7503
2026/09/16 10:11:51.041, 159.96, 100, 7503
2026/09/16 10:11:52.041, 160.46, 100, 7503
2026/09/16 10:11:53.041, 159.60, 100, 7503
2026/09/16 10:11:54.042, 160.22, 100, 7503
2026/09/16 10:11:55.042, 160.41, 100, 7503
2026/09/16 10:11:56.042, 159.28, 98, 7503
2026/09/16 10:11:57.042, 159.89, 100, 7503
2026/09/16 10:11:58.042, 160.36, 100, 7503
2026/09/16 10:11:59.043, 159.44, 99, 7503
2026/09/16 10:12:00.043, 160.28, 100, 7503
2026/09/16 10:12:01.043, 160.46, 100, 7503
2026/09/16 10:12:02.043, 159.14, 98, 7503
2026/09/16 10:12:03.043, 160.23, 100, 7503
2026/09/16 10:12:04.044, 160.95, 100, 7503
2026/09/16 10:12:05.044, 158.67, 92, 7503
2026/09/16 10:12:06.044, 159.63, 100, 7503
2026/09/16 10:12:07.044, 160.83, 100, 7503
2026/09/16 10:12:08.044, 159.02, 98, 7503
2026/09/16 10:12:09.045, 160.04, 100, 7503
2026/09/16 10:12:10.045, 160.79, 100, 7503
2026/09/16 10:12:11.045, 159.44, 99, 7503
2026/09/16 10:12:12.045, 161.11, 100, 7503
2026/09/16 10:12:13.045, 160.81, 100, 7503
2026/09/16 10:12:14.046, 159.30, 98, 7503
2026/09/16 10:12:15.046, 160.26, 100, 7503
2026/09/16 10:12:16.046, 160.42, 100, 7503
2026/09/16 10:12:17.046, 159.85, 99, 7503
2026/09/16 10:12:18.046, 161.09, 100, 7503
2026/09/16 10:12:19.046, 160.85, 100, 7503
2026/09/16 10:12:20.047, 159.77, 98, 7503
2026/09/16 10:12:21.047, 160.56, 100, 7503
2026/09/16 10:12:22.047, 160.53, 100, 7503
2026/09/16 10:12:23.047, 159.98, 99, 7503
2026/09/16 10:12:24.048, 160.77, 100, 7503
2026/09/16 10:12:25.048, 160.19, 100, 7503
2026/09/16 10:12:26.048, 159.77, 98, 7503
2026/09/16 10:12:27.048, 160.46, 100, 7503
2026/09/16 10:12:28.048, 160.35, 100, 7503
2026/09/16 10:12:29.048, 159.62, 99, 7503
2026/09/16 10:12:30.049, 160.53, 100, 7503
2026/09/16 10:12:31.049, 158.99, 99, 7503
2026/09/16 10:12:32.049, 163.47, 100, 7503
2026/09/16 10:12:33.049, 161.45, 99, 7503
2026/09/16 10:12:34.050, 159.82, 99, 7503
2026/09/16 10:12:35.050, 159.49, 100, 7503
2026/09/16 10:12:36.050, 160.21, 100, 7503
2026/09/16 10:12:37.050, 163.46, 100, 7503
2026/09/16 10:12:38.050, 162.52, 100, 7503
2026/09/16 10:12:39.050, 159.54, 100, 7503
2026/09/16 10:12:40.051, 159.64, 100, 7503
2026/09/16 10:12:41.051, 159.90, 98, 7503
2026/09/16 10:12:42.051, 163.31, 100, 7503
2026/09/16 10:12:43.051, 162.98, 100, 7503
2026/09/16 10:12:44.051, 159.49, 100, 7503
2026/09/16 10:12:45.052, 159.63, 99, 7503
2026/09/16 10:12:46.052, 159.65, 100, 7503
2026/09/16 10:12:47.052, 162.98, 100, 7503
2026/09/16 10:12:48.052, 163.40, 99, 7503
2026/09/16 10:12:49.053, 159.84, 100, 7503
2026/09/16 10:12:50.053, 159.60, 100, 7503
2026/09/16 10:12:51.053, 159.72, 100, 7503
2026/09/16 10:12:52.053, 162.76, 99, 7503
2026/09/16 10:12:53.053, 163.66, 100, 7503
2026/09/16 10:12:54.054, 160.54, 100, 7503
2026/09/16 10:12:55.054, 159.70, 100, 7503
2026/09/16 10:12:56.054, 159.71, 99, 7503
2026/09/16 10:12:57.054, 162.27, 100, 7503
2026/09/16 10:12:58.054, 163.51, 99, 7503
2026/09/16 10:12:59.055, 160.46, 99, 7503
2026/09/16 10:13:00.055, 160.13, 99, 7503
2026/09/16 10:13:01.055, 160.01, 100, 7503
2026/09/16 10:13:02.055, 161.70, 99, 7503
2026/09/16 10:13:03.055, 163.77, 100, 7503
2026/09/16 10:13:04.055, 161.56, 100, 7503
2026/09/16 10:13:05.056, 159.70, 100, 7503
2026/09/16 10:13:06.056, 159.76, 100, 7503
2026/09/16 10:13:07.056, 161.46, 100, 7503
2026/09/16 10:13:08.056, 163.66, 99, 7503
2026/09/16 10:13:09.056, 161.37, 100, 7503
2026/09/16 10:13:10.056, 159.82, 100, 7503
2026/09/16 10:13:11.057, 159.89, 99, 7503
2026/09/16 10:13:12.057, 161.01, 99, 7503
2026/09/16 10:13:13.057, 163.76, 100, 7503
2026/09/16 10:13:14.057, 162.43, 99, 7503
2026/09/16 10:13:15.057, 160.20, 100, 7503
2026/09/16 10:13:16.058, 160.02, 100, 7503
2026/09/16 10:13:17.058, 160.59, 100, 7503
2026/09/16 10:13:18.058, 163.61, 100, 7503
2026/09/16 10:13:19.058, 162.74, 100, 7503
2026/09/16 10:13:20.058, 159.61, 100, 7503
2026/09/16 10:13:21.058, 159.64, 100, 7503
2026/09/16 10:13:22.059, 159.85, 98, 7503
2026/09/16 10:13:23.059, 163.72, 100, 7503
2026/09/16 10:13:24.059, 163.25, 100, 7503
2026/09/16 10:13:25.059, 159.62, 99, 7503
2026/09/16 10:13:26.059, 159.53, 99, 7503
2026/09/16 10:13:27.060, 159.84, 100, 7503
2026/09/16 10:13:28.060, 162.85, 100, 7503
2026/09/16 10:13:29.060, 163.33, 99, 7503
2026/09/16 10:13:30.060, 160.21, 100, 7503
2026/09/16 10:13:31.060, 160.13, 100, 7503
2026/09/16 10:13:32.061, 159.80, 100, 7503
2026/09/16 10:13:33.061, 162.98, 100, 7503
2026/09/16 10:13:34.061, 163.78, 100, 7503
2026/09/16 10:13:35.061, 160.55, 100, 7503
2026/09/16 10:13:36.061, 159.86, 100, 7503
2026/09/16 10:13:37.062, 159.65, 99, 7503
2026/09/16 10:13:38.062, 162.05, 100, 7503
2026/09/16 10:13:39.062, 163.58, 99, 7503
2026/09/16 10:13:40.062, 160.54, 99, 7503
2026/09/16 10:13:41.062, 159.63, 100, 7503
2026/09/16 10:13:42.063, 159.52, 100, 7503
2026/09/16 10:13:43.063, 161.58, 99, 7503
2026/09/16 10:13:44.063, 163.48, 100, 7503
2026/09/16 10:13:45.063, 161.52, 100, 7503
2026/09/16 10:13:46.063, 159.62, 100, 7503
2026/09/16 10:13:47.064, 159.79, 100, 7503
2026/09/16 10:13:48.064, 161.31, 100, 7503
2026/09/16 10:13:49.064, 163.62, 99, 7503
2026/09/16 10:13:50.064, 161.60, 100, 7503
2026/09/16 10:13:51.064, 159.58, 99, 7503
2026/09/16 10:13:52.064, 159.66, 99, 7503
2026/09/16 10:13:53.065, 160.85, 99, 7503
2026/09/16 10:13:54.065, 163.65, 100, 7503
2026/09/16 10:13:55.065, 161.93, 99, 7503
2026/09/16 10:13:56.065, 159.70, 100, 7503
2026/09/16 10:13:57.065, 159.79, 100, 7503
2026/09/16 10:13:58.066, 160.19, 100, 7503
2026/09/16 10:13:59.066, 163.44, 99, 7503
2026/09/16 10:14:00.066, 162.71, 100, 7503
2026/09/16 10:14:01.066, 159.70, 100, 7503
2026/09/16 10:14:02.066, 159.65, 100, 7503
2026/09/16 10:14:03.067, 159.72, 98, 7503
2026/09/16 10:14:04.067, 163.95, 100, 7503
2026/09/16 10:14:05.067, 163.34, 100, 7503
2026/09/16 10:14:06.067, 159.79, 99, 7503
2026/09/16 10:14:07.067, 159.90, 100, 7503
2026/09/16 10:14:08.068, 159.77, 100, 7503
2026/09/16 10:14:09.068, 162.78, 99, 7503
2026/09/16 10:14:10.068, 163.91, 100, 7503
2026/09/16 10:14:11.068, 160.19, 100, 7503
2026/09/16 10:14:12.068, 159.88, 100, 7503
2026/09/16 10:14:13.068, 159.71, 100, 7503
2026/09/16 10:14:14.069, 162.75, 100, 7503
2026/09/16 10:14:15.069, 163.62, 100, 7503
2026/09/16 10:14:16.069, 160.91, 100, 7503
2026/09/16 10:14:17.069, 160.18, 99, 7503
2026/09/16 10:14:18.069, 160.22, 99, 7503
2026/09/16 10:14:19.069, 161.94, 100, 7503
2026/09/16 10:14:20.070, 163.56, 99, 7503
2026/09/16 10:14:21.070, 160.78, 99, 7503
2026/09/16 10:14:22.070, 160.44, 100, 7503
2026/09/16 10:14:23.070, 160.12, 100, 7503
2026/09/16 10:14:24.070, 97.84, 0, 7503
2026/09/16 10:14:25.071, 82.60, 100, 7503
2026/09/16 10:14:26.071, 160.30, 100, 7503
2026/09/16 10:14:27.071, 160.19, 100, 7503
2026/09/16 10:14:28.071, 159.78, 100, 7503
2026/09/16 10:14:29.071, 160.45, 100, 7503
2026/09/16 10:14:30.072, 160.58, 100, 7503
2026/09/16 10:14:31.072, 159.05, 98, 7503
2026/09/16 10:14:32.072, 160.38, 100, 7503
2026/09/16 10:14:33.072, 160.69, 100, 7503
2026/09/16 10:14:34.072, 159.41, 99, 7503
2026/09/16 10:14:35.072, 160.17, 100, 7503
2026/09/16 10:14:36.073, 160.68, 100, 7503
2026/09/16 10:14:37.073, 158.77, 98, 7503
2026/09/16 10:14:38.073, 159.85, 100, 7503
2026/09/16 10:14:39.073, 160.69, 100, 7503
2026/09/16 10:14:40.073, 159.34, 99, 7503
2026/09/16 10:14:41.074, 160.26, 100, 7503
2026/09/16 10:14:42.074, 160.63, 100, 7503
2026/09/16 10:14:43.074, 159.02, 98, 7503
2026/09/16 10:14:44.074, 160.22, 100, 7503
2026/09/16 10:14:45.074, 160.75, 100, 7503
2026/09/16 10:14:46.075, 159.82, 99, 7503
2026/09/16 10:14:47.075, 160.96, 100, 7503
2026/09/16 10:14:48.075, 160.65, 100, 7503
2026/09/16 10:14:49.075, 159.39, 98, 7503
2026/09/16 10:14:50.075, 160.09, 100, 7503
2026/09/16 10:14:51.075, 160.16, 100, 7503
2026/09/16 10:14:52.076, 159.81, 99, 7503
2026/09/16 10:14:53.076, 161.08, 100, 7503
2026/09/16 10:14:54.076, 160.80, 100, 7503
2026/09/16 10:14:55.076, 159.38, 98, 7503
2026/09/16 10:14:56.076, 160.95, 100, 7503
2026/09/16 10:14:57.077, 161.44, 100, 7503
2026/09/16 10:14:58.077, 160.04, 99, 7503
2026/09/16 10:14:59.077, 160.84, 100, 7503
2026/09/16 10:15:00.077, 160.13, 100, 7503
2026/09/16 10:15:01.077, 159.59, 98, 7503
2026/09/16 10:15:02.078, 160.95, 100, 7503
2026/09/16 10:15:03.078, 160.43, 100, 7503
2026/09/16 10:15:04.078, 159.90, 99, 7503
2026/09/16 10:15:05.078, 160.76, 100, 7503
2026/09/16 10:15:06.078, 160.01, 100, 7503
2026/09/16 10:15:07.079, 159.42, 98, 7503
2026/09/16 10:15:08.079, 160.50, 100, 7503
2026/09/16 10:15:09.079, 160.33, 100, 7503
2026/09/16 10:15:10.079, 160.12, 99, 7503
2026/09/16 10:15:11.079, 160.85, 100, 7503
2026/09/16 10:15:12.080, 160.38, 100, 7503
2026/09/16 10:15:13.080, 159.79, 98, 7503
2026/09/16 10:15:14.080, 160.96, 100, 7503
2026/09/16 10:15:15.080, 160.26, 100, 7503
2026/09/16 10:15:16.080, 160.37, 100, 7503
2026/09/16 10:15:17.081, 160.91, 100, 7503
2026/09/16 10:15:18.081, 160.20, 100, 7503
2026/09/16 10:15:19.081, 160.14, 100, 7503
2026/09/16 10:15:20.081, 161.40, 100, 7503
2026/09/16 10:15:21.081, 159.89, 100, 7503
2026/09/16 10:15:22.082, 160.30, 100, 7503
2026/09/16 10:15:23.082, 160.99, 100, 7503
2026/09/16 10:15:24.082, 159.81, 100, 7503
2026/09/16 10:15:25.082, 159.89, 100, 7503
2026/09/16 10:15:26.082, 160.83, 100, 7503
2026/09/16 10:15:27.082, 159.91, 100, 7503
2026/09/16 10:15:28.091, 160.34, 100, 7503
2026/09/16 10:15:29.091, 161.16, 100, 7503
2026/09/16 10:15:30.091, 159.79, 100, 7503
2026/09/16 10:15:31.092, 160.29, 100, 7503
2026/09/16 10:15:32.092, 160.76, 100, 7503
2026/09/16 10:15:33.092, 160.01, 100, 7503
2026/09/16 10:15:34.092, 160.51, 100, 7503
2026/09/16 10:15:35.092, 160.48, 100, 7503
2026/09/16 10:15:36.093, 159.98, 99, 7503
2026/09/16 10:15:37.093, 160.61, 100, 7503
2026/09/16 10:15:38.093, 161.04, 100, 7503
2026/09/16 10:15:39.093, 159.61, 99, 7503
2026/09/16 10:15:40.093, 160.35, 100, 7503
2026/09/16 10:15:41.094, 160.45, 100, 7503
2026/09/16 10:15:42.094, 159.41, 98, 7503
2026/09/16 10:15:43.094, 161.09, 100, 7503
2026/09/16 10:15:44.094, 160.46, 100, 7503
2026/09/16 10:15:45.094, 159.33, 99, 7503
2026/09/16 10:15:46.095, 160.41, 100, 7503
2026/09/16 10:15:47.095, 160.94, 100, 7503
2026/09/16 10:15:48.095, 159.36, 98, 7503
2026/09/16 10:15:49.095, 160.27, 100, 7503
2026/09/16 10:15:50.095, 160.94, 100, 7503
2026/09/16 10:15:51.096, 159.83, 99, 7503
2026/09/16 10:15:52.096, 160.76, 100, 7503
2026/09/16 10:15:53.096, 160.23, 100, 7503
2026/09/16 10:15:54.096, 159.25, 98, 7503
2026/09/16 10:15:55.097, 160.37, 100, 7503
2026/09/16 10:15:56.097, 160.77, 100, 7503
2026/09/16 10:15:57.097, 159.59, 98, 7503
2026/09/16 10:15:58.106, 161.09, 100, 7503
2026/09/16 10:15:59.106, 160.34, 100, 7503
2026/09/16 10:16:00.106, 159.57, 98, 7503
2026/09/16 10:16:01.106, 160.51, 100, 7503
2026/09/16 10:16:02.107, 159.66, 100, 7503
2026/09/16 10:16:03.115, 161.11, 99, 7503
2026/09/16 10:16:04.115, 160.88, 100, 7503
2026/09/16 10:16:05.116, 159.32, 100, 7503
2026/09/16 10:16:06.116, 160.41, 98, 7503
2026/09/16 10:16:07.116, 160.83, 100, 7503
2026/09/16 10:16:08.124, 159.77, 100, 7503
2026/09/16 10:16:09.125, 160.60, 99, 7503
2026/09/16 10:16:10.125, 160.93, 100, 7503
2026/09/16 10:16:11.125, 159.52, 100, 7503
2026/09/16 10:16:12.125, 160.38, 98, 7503
2026/09/16 10:16:13.125, 160.53, 100, 7503
2026/09/16 10:16:14.125, 159.88, 100, 7503
2026/09/16 10:16:15.126, 160.73, 99, 7503
2026/09/16 10:16:16.126, 160.27, 100, 7503
2026/09/16 10:16:17.126, 159.48, 100, 7503
2026/09/16 10:16:18.126, 160.40, 98, 7503
2026/09/16 10:16:19.126, 160.26, 100, 7503
2026/09/16 10:16:20.127, 160.09, 100, 7503
2026/09/16 10:16:21.127, 160.95, 99, 7503
2026/09/16 10:16:22.127, 160.26, 100, 7503
2026/09/16 10:16:23.127, 159.41, 100, 7503
2026/09/16 10:16:24.127, 161.18, 99, 7503
2026/09/16 10:16:25.127, 160.50, 100, 7503
2026/09/16 10:16:26.128, 159.65, 100, 7503
2026/09/16 10:16:27.128, 161.09, 100, 7503
2026/09/16 10:16:28.128, 160.24, 100, 7503
2026/09/16 10:16:29.128, 159.79, 100, 7503
2026/09/16 10:16:30.128, 160.67, 100, 7503
2026/09/16 10:16:31.129, 160.43, 100, 7503
2026/09/16 10:16:32.129, 160.53, 100, 7503
2026/09/16 10:16:33.129, 161.18, 100, 7503
2026/09/16 10:16:34.129, 160.13, 100, 7503
2026/09/16 10:16:35.129, 160.07, 100, 7503
2026/09/16 10:16:36.129, 160.79, 100, 7503
2026/09/16 10:16:37.130, 160.43, 100, 7503
2026/09/16 10:16:38.130, 160.21, 100, 7503
2026/09/16 10:16:39.130, 161.00, 100, 7503
2026/09/16 10:16:40.130, 160.08, 100, 7503
2026/09/16 10:16:41.130, 160.01, 100, 7503
2026/09/16 10:16:42.131, 160.97, 100, 7503
2026/09/16 10:16:43.131, 160.53, 100, 7503
2026/09/16 10:16:44.131, 160.52, 100, 7503
2026/09/16 10:16:45.131, 161.13, 100, 7503
2026/09/16 10:16:46.131, 160.60, 100, 7503
2026/09/16 10:16:47.132, 160.20, 100, 7503
2026/09/16 10:16:48.132, 161.50, 100, 7503
2026/09/16 10:16:49.132, 160.43, 100, 7503
2026/09/16 10:16:50.132, 160.09, 100, 7503
2026/09/16 10:16:51.132, 161.11, 100, 7503
2026/09/16 10:16:52.133, 160.40, 100, 7503
2026/09/16 10:16:53.133, 159.69, 100, 7503
2026/09/16 10:16:54.133, 160.81, 100, 7503
2026/09/16 10:16:55.133, 160.10, 100, 7503
2026/09/16 10:16:56.133, 160.49, 100, 7503
2026/09/16 10:16:57.133, 161.35, 100, 7503
2026/09/16 10:16:58.134, 159.92, 100, 7503
2026/09/16 10:16:59.134, 159.88, 100, 7503
2026/09/16 10:17:00.134, 161.44, 100, 7503
2026/09/16 10:17:01.134, 163.78, 99, 7503
2026/09/16 10:17:02.134, 160.36, 99, 7503
2026/09/16 10:17:03.135, 159.73, 100, 7503
2026/09/16 10:17:04.135, 159.78, 100, 7503
2026/09/16 10:17:05.135, 161.44, 99, 7503
2026/09/16 10:17:06.135, 163.53, 100, 7503
2026/09/16 10:17:07.135, 161.12, 100, 7503
2026/09/16 10:17:08.136, 159.85, 100, 7503
2026/09/16 10:17:09.136, 159.68, 100, 7503
2026/09/16 10:17:10.136, 161.31, 100, 7503
2026/09/16 10:17:11.136, 163.62, 99, 7503
2026/09/16 10:17:12.136, 161.99, 100, 7503
2026/09/16 10:17:13.136, 160.12, 99, 7503
2026/09/16 10:17:14.137, 159.61, 99, 7503
2026/09/16 10:17:15.137, 159.96, 99, 7503
2026/09/16 10:17:16.137, 163.71, 100, 7503
2026/09/16 10:17:17.137, 161.98, 99, 7503
2026/09/16 10:17:18.137, 158.98, 100, 7503
2026/09/16 10:17:19.138, 158.85, 100, 7503
2026/09/16 10:17:20.138, 159.25, 100, 7503
2026/09/16 10:17:21.138, 163.55, 99, 7503
2026/09/16 10:17:22.138, 162.80, 100, 7503
2026/09/16 10:17:23.138, 159.12, 100, 7503
2026/09/16 10:17:24.138, 159.73, 99, 7503
2026/09/16 10:17:25.139, 159.59, 98, 7503
2026/09/16 10:17:26.139, 163.82, 100, 7503
2026/09/16 10:17:27.139, 163.18, 100, 7503
2026/09/16 10:17:28.139, 159.98, 99, 7503
2026/09/16 10:17:29.139, 160.21, 100, 7503
2026/09/16 10:17:30.140, 160.13, 100, 7503
2026/09/16 10:17:31.140, 162.78, 99, 7503
2026/09/16 10:17:32.140, 163.79, 100, 7503
2026/09/16 10:17:33.140, 160.13, 100, 7503
2026/09/16 10:17:34.140, 160.17, 100, 7503
2026/09/16 10:17:35.141, 160.15, 100, 7503
2026/09/16 10:17:36.141, 162.44, 100, 7503
2026/09/16 10:17:37.141, 163.50, 100, 7503
2026/09/16 10:17:38.141, 160.40, 100, 7503
2026/09/16 10:17:39.141, 160.21, 99, 7503
2026/09/16 10:17:40.142, 159.20, 99, 7503
2026/09/16 10:17:41.142, 162.13, 99, 7503
2026/09/16 10:17:42.142, 163.62, 99, 7503
2026/09/16 10:17:43.142, 160.57, 99, 7503
2026/09/16 10:17:44.142, 159.40, 100, 7503
2026/09/16 10:17:45.143, 158.69, 100, 7503
2026/09/16 10:17:46.143, 160.73, 100, 7503
2026/09/16 10:17:47.143, 163.57, 100, 7503
2026/09/16 10:17:48.143, 161.40, 100, 7503
2026/09/16 10:17:49.143, 159.74, 100, 7503
2026/09/16 10:17:50.143, 159.80, 99, 7503
2026/09/16 10:17:51.144, 161.15, 99, 7503
2026/09/16 10:17:52.144, 163.70, 99, 7503
2026/09/16 10:17:53.144, 161.46, 99, 7503
2026/09/16 10:17:54.144, 158.90, 99, 7503
2026/09/16 10:17:55.144, 158.69, 100, 7503
2026/09/16 10:17:56.145, 159.57, 100, 7503
2026/09/16 10:17:57.145, 163.40, 100, 7503
2026/09/16 10:17:58.145, 162.24, 100, 7503
2026/09/16 10:17:59.145, 159.84, 100, 7503
2026/09/16 10:18:00.145, 159.29, 100, 7503
2026/09/16 10:18:01.146, 158.77, 98, 7503
2026/09/16 10:18:02.146, 163.01, 100, 7503
2026/09/16 10:18:03.146, 162.60, 100, 7503
2026/09/16 10:18:04.146, 158.77, 99, 7503
2026/09/16 10:18:05.146, 158.66, 99, 7503
2026/09/16 10:18:06.146, 158.90, 100, 7503
2026/09/16 10:18:07.147, 162.52, 100, 7503
2026/09/16 10:18:08.147, 163.58, 99, 7503
2026/09/16 10:18:09.147, 160.21, 100, 7503
2026/09/16 10:18:10.147, 159.76, 100, 7503
2026/09/16 10:18:11.147, 159.76, 100, 7503
2026/09/16 10:18:12.148, 162.79, 100, 7503
2026/09/16 10:18:13.148, 163.65, 100, 7503
2026/09/16 10:18:14.148, 160.68, 100, 7503
2026/09/16 10:18:15.148, 160.34, 99, 7503
2026/09/16 10:18:16.148, 160.01, 99, 7503
2026/09/16 10:18:17.148, 162.29, 100, 7503
2026/09/16 10:18:18.149, 163.68, 99, 7503
2026/09/16 10:18:19.149, 160.11, 99, 7503
2026/09/16 10:18:20.149, 158.78, 100, 7503
2026/09/16 10:18:21.149, 158.85, 100, 7503
2026/09/16 10:18:22.149, 161.14, 100, 7503
2026/09/16 10:18:23.150, 163.47, 100, 7503
2026/09/16 10:18:24.150, 160.99, 100, 7503
2026/09/16 10:18:25.150, 159.00, 100, 7503
2026/09/16 10:18:26.150, 158.74, 99, 7503
2026/09/16 10:18:27.150, 160.15, 99, 7503
2026/09/16 10:18:28.150, 163.69, 99, 7503
2026/09/16 10:18:29.151, 161.69, 99, 7503
2026/09/16 10:18:30.151, 159.57, 99, 7503
2026/09/16 10:18:31.151, 159.97, 100, 7503
2026/09/16 10:18:32.151, 160.20, 100, 7503
2026/09/16 10:18:33.151, 163.65, 100, 7503
2026/09/16 10:18:34.151, 162.66, 100, 7503
2026/09/16 10:18:35.152, 159.94, 100, 7503
2026/09/16 10:18:36.152, 160.17, 100, 7503
2026/09/16 10:18:37.152, 160.12, 100, 7503
2026/09/16 10:18:38.152, 163.47, 99, 7503
2026/09/16 10:18:39.152, 162.76, 100, 7503
2026/09/16 10:18:40.153, 158.85, 100, 7503
2026/09/16 10:18:41.153, 158.91, 99, 7503
2026/09/16 10:18:42.153, 159.77, 100, 7503
2026/09/16 10:18:43.153, 163.13, 100, 7503
2026/09/16 10:18:44.153, 163.45, 99, 7503
2026/09/16 10:18:45.154, 160.00, 100, 7503
2026/09/16 10:18:46.154, 159.88, 100, 7503
2026/09/16 10:18:47.154, 159.89, 100, 7503
2026/09/16 10:18:48.154, 162.90, 99, 7503
2026/09/16 10:18:49.154, 163.68, 100, 7503
2026/09/16 10:18:50.154, 160.17, 100, 7503
2026/09/16 10:18:51.155, 159.85, 100, 7503
2026/09/16 10:18:52.155, 159.08, 99, 7503
2026/09/16 10:18:53.155, 77.23, 0, 7503
2026/09/16 10:18:54.155, 133.33, 100, 7503
2026/09/16 10:18:55.155, 159.41, 98, 7503
2026/09/16 10:18:56.156, 161.04, 100, 7503
2026/09/16 10:18:57.156, 159.96, 100, 7503
2026/09/16 10:18:58.156, 159.82, 98, 7503
2026/09/16 10:18:59.156, 160.70, 100, 7503
2026/09/16 10:19:00.156, 160.47, 100, 7503
2026/09/16 10:19:01.156, 160.30, 99, 7503
2026/09/16 10:19:02.157, 161.13, 100, 7503
2026/09/16 10:19:03.157, 160.46, 100, 7503
2026/09/16 10:19:04.157, 159.92, 100, 7503
2026/09/16 10:19:05.157, 161.21, 100, 7503
2026/09/16 10:19:06.157, 160.06, 100, 7503
2026/09/16 10:19:07.158, 160.04, 100, 7503
2026/09/16 10:19:08.158, 160.96, 100, 7503
2026/09/16 10:19:09.158, 159.74, 100, 7503
2026/09/16 10:19:10.158, 159.91, 100, 7503
2026/09/16 10:19:11.158, 160.96, 100, 7503
2026/09/16 10:19:12.158, 160.24, 100, 7503
2026/09/16 10:19:13.159, 160.45, 100, 7503
2026/09/16 10:19:14.159, 160.84, 100, 7503
2026/09/16 10:19:15.159, 159.88, 100, 7503
2026/09/16 10:19:16.159, 160.30, 100, 7503
2026/09/16 10:19:17.159, 161.45, 100, 7503
2026/09/16 10:19:18.160, 160.04, 100, 7503
2026/09/16 10:19:19.160, 160.74, 100, 7503
2026/09/16 10:19:20.160, 160.83, 100, 7503
2026/09/16 10:19:21.160, 160.09, 100, 7503
2026/09/16 10:19:22.161, 160.54, 100, 7503
2026/09/16 10:19:23.161, 161.19, 100, 7503
2026/09/16 10:19:24.161, 159.91, 99, 7503
2026/09/16 10:19:25.161, 160.68, 100, 7503
2026/09/16 10:19:26.161, 160.97, 100, 7503
2026/09/16 10:19:27.161, 159.45, 98, 7503
2026/09/16 10:19:28.162, 160.85, 100, 7503
2026/09/16 10:19:29.162, 160.75, 100, 7503
2026/09/16 10:19:30.162, 159.68, 99, 7503
2026/09/16 10:19:31.162, 160.48, 100, 7503
2026/09/16 10:19:32.162, 160.50, 100, 7503
2026/09/16 10:19:33.163, 159.32, 98, 7503
2026/09/16 10:19:34.163, 160.09, 100, 7503
2026/09/16 10:19:35.163, 160.53, 100, 7503
2026/09/16 10:19:36.163, 159.68, 99, 7503
2026/09/16 10:19:37.163, 160.46, 100, 7503
2026/09/16 10:19:38.164, 160.19, 100, 7503
2026/09/16 10:19:39.164, 159.11, 98, 7503
2026/09/16 10:19:40.164, 160.14, 100, 7503
2026/09/16 10:19:41.164, 160.40, 100, 7503
2026/09/16 10:19:42.164, 159.66, 99, 7503
2026/09/16 10:19:43.165, 160.41, 100, 7503
2026/09/16 10:19:44.165, 160.71, 100, 7503
2026/09/16 10:19:45.165, 159.33, 98, 7503
2026/09/16 10:19:46.165, 160.27, 100, 7503
2026/09/16 10:19:47.165, 160.73, 100, 7503
2026/09/16 10:19:48.165, 159.82, 98, 7503
2026/09/16 10:19:49.166, 160.59, 100, 7503
2026/09/16 10:19:50.166, 160.14, 100, 7503
2026/09/16 10:19:51.166, 159.52, 98, 7503
2026/09/16 10:19:52.166, 160.41, 100, 7503
2026/09/16 10:19:53.166, 160.63, 100, 7503
2026/09/16 10:19:54.167, 159.94, 99, 7503
2026/09/16 10:19:55.167, 161.19, 100, 7503
2026/09/16 10:19:56.167, 160.57, 100, 7503
2026/09/16 10:19:57.167, 159.67, 98, 7503
2026/09/16 10:19:58.167, 160.62, 100, 7503
2026/09/16 10:19:59.168, 160.32, 100, 7503
2026/09/16 10:20:00.168, 159.85, 99, 7503
2026/09/16 10:20:01.168, 160.71, 100, 7503
2026/09/16 10:20:02.168, 160.20, 100, 7503
2026/09/16 10:20:03.168, 159.77, 98, 7503
2026/09/16 10:20:04.169, 160.49, 100, 7503
2026/09/16 10:20:05.169, 160.90, 100, 7503
2026/09/16 10:20:06.169, 159.74, 99, 7503
2026/09/16 10:20:07.169, 160.79, 100, 7503
2026/09/16 10:20:08.169, 160.27, 100, 7503
2026/09/16 10:20:09.170, 159.91, 98, 7503
2026/09/16 10:20:10.170, 160.41, 100, 7503
2026/09/16 10:20:11.170, 160.35, 100, 7503
2026/09/16 10:20:12.170, 160.36, 99, 7503
2026/09/16 10:20:13.170, 160.92, 100, 7503
2026/09/16 10:20:14.171, 160.50, 100, 7503
2026/09/16 10:20:15.171, 159.90, 98, 7503
2026/09/16 10:20:16.171, 161.06, 100, 7503
2026/09/16 10:20:17.171, 160.40, 100, 7503
2026/09/16 10:20:18.171, 160.04, 99, 7503
2026/09/16 10:20:19.172, 160.87, 100, 7503
2026/09/16 10:20:20.172, 160.40, 100, 7503
2026/09/16 10:20:21.172, 159.69, 98, 7503
2026/09/16 10:20:22.172, 160.82, 100, 7503
2026/09/16 10:20:23.172, 160.36, 100, 7503
2026/09/16 10:20:24.173, 160.49, 100, 7503
2026/09/16 10:20:25.173, 161.24, 100, 7503
2026/09/16 10:20:26.173, 160.08, 100, 7503
2026/09/16 10:20:27.173, 159.84, 100, 7503
2026/09/16 10:20:28.173, 161.21, 100, 7503
2026/09/16 10:20:29.173, 160.45, 100, 7503
2026/09/16 10:20:30.174, 160.12, 100, 7503
2026/09/16 10:20:31.174, 161.00, 100, 7503
2026/09/16 10:20:32.174, 159.82, 100, 7503
2026/09/16 10:20:33.174, 159.81, 100, 7503
2026/09/16 10:20:34.174, 160.99, 100, 7503
2026/09/16 10:20:35.175, 160.03, 100, 7503
2026/09/16 10:20:36.175, 160.15, 100, 7503
2026/09/16 10:20:37.175, 160.75, 100, 7503
2026/09/16 10:20:38.175, 160.22, 100, 7503
2026/09/16 10:20:39.175, 160.22, 100, 7503
2026/09/16 10:20:40.176, 160.98, 100, 7503
2026/09/16 10:20:41.176, 159.92, 100, 7503
2026/09/16 10:20:42.176, 160.55, 100, 7503
2026/09/16 10:20:43.176, 160.90, 100, 7503
2026/09/16 10:20:44.176, 160.31, 100, 7503
2026/09/16 10:20:45.177, 160.29, 100, 7503
2026/09/16 10:20:46.177, 161.30, 100, 7503
2026/09/16 10:20:47.177, 159.97, 98, 7503
2026/09/16 10:20:48.177, 160.74, 100, 7503
2026/09/16 10:20:49.177, 161.16, 100, 7503
2026/09/16 10:20:50.177, 159.49, 98, 7503
2026/09/16 10:20:51.178, 160.67, 100, 7503
2026/09/16 10:20:52.178, 160.70, 100, 7503
2026/09/16 10:20:53.178, 159.80, 99, 7503
2026/09/16 10:20:54.178, 160.41, 100, 7503
2026/09/16 10:20:55.178, 160.90, 100, 7503
2026/09/16 10:20:56.179, 159.42, 98, 7503
2026/09/16 10:20:57.179, 160.12, 100, 7503
2026/09/16 10:20:58.179, 160.48, 100, 7503
2026/09/16 10:20:59.179, 159.66, 98, 7503
2026/09/16 10:21:00.179, 160.58, 100, 7503
2026/09/16 10:21:01.180, 160.25, 100, 7503
2026/09/16 10:21:02.180, 159.36, 98, 7503
2026/09/16 10:21:03.180, 160.34, 100, 7503
2026/09/16 10:21:04.180, 160.94, 100, 7503
2026/09/16 10:21:05.180, 160.03, 99, 7503
2026/09/16 10:21:06.180, 160.74, 100, 7503
2026/09/16 10:21:07.181, 160.53, 100, 7503
2026/09/16 10:21:08.181, 159.93, 98, 7503
2026/09/16 10:21:09.181, 160.76, 100, 7503
2026/09/16 10:21:10.181, 160.82, 100, 7503
2026/09/16 10:21:11.181, 160.09, 99, 7503
2026/09/16 10:21:12.182, 160.71, 100, 7503
2026/09/16 10:21:13.182, 160.42, 100, 7503
2026/09/16 10:21:14.182, 159.77, 98, 7503
2026/09/16 10:21:15.182, 161.15, 100, 7503
2026/09/16 10:21:16.182, 160.82, 100, 7503
2026/09/16 10:21:17.182, 160.32, 99, 7503
2026/09/16 10:21:18.183, 161.01, 100, 7503
2026/09/16 10:21:19.183, 160.27, 100, 7503
2026/09/16 10:21:20.183, 160.05, 98, 7503
2026/09/16 10:21:21.183, 160.76, 100, 7503
2026/09/16 10:21:22.183, 160.70, 100, 7503
2026/09/16 10:21:23.184, 160.35, 99, 7503
2026/09/16 10:21:24.184, 161.12, 100, 7503
2026/09/16 10:21:25.184, 160.35, 100, 7503
2026/09/16 10:21:26.184, 160.09, 98, 7503
2026/09/16 10:21:27.184, 160.83, 100, 7503
2026/09/16 10:21:28.185, 160.61, 100, 7503
2026/09/16 10:21:29.185, 160.90, 100, 7503
2026/09/16 10:21:30.185, 162.97, 99, 7503
2026/09/16 10:21:31.185, 160.27, 100, 7503
2026/09/16 10:21:32.185, 159.75, 100, 7503
2026/09/16 10:21:33.186, 159.82, 100, 7503
2026/09/16 10:21:34.186, 162.18, 100, 7503
2026/09/16 10:21:35.186, 162.90, 100, 7503
2026/09/16 10:21:36.186, 160.28, 100, 7503
2026/09/16 10:21:37.186, 159.90, 100, 7503
2026/09/16 10:21:38.186, 159.80, 99, 7503
2026/09/16 10:21:39.187, 161.90, 100, 7503
2026/09/16 10:21:40.187, 163.19, 99, 7503
2026/09/16 10:21:41.187, 160.55, 99, 7503
2026/09/16 10:21:42.187, 159.69, 100, 7503
2026/09/16 10:21:43.187, 159.59, 100, 7503
2026/09/16 10:21:44.188, 161.07, 99, 7503
2026/09/16 10:21:45.188, 163.19, 100, 7503
2026/09/16 10:21:46.188, 160.89, 100, 7503
2026/09/16 10:21:47.188, 159.63, 100, 7503
2026/09/16 10:21:48.188, 159.43, 100, 7503
2026/09/16 10:21:49.188, 160.75, 100, 7503
2026/09/16 10:21:50.189, 163.14, 99, 7503
2026/09/16 10:21:51.189, 161.21, 100, 7503
2026/09/16 10:21:52.189, 159.23, 99, 7503
2026/09/16 10:21:53.189, 159.56, 99, 7503
2026/09/16 10:21:54.189, 160.40, 99, 7503
2026/09/16 10:21:55.190, 163.16, 100, 7503
2026/09/16 10:21:56.190, 162.00, 99, 7503
2026/09/16 10:21:57.190, 159.90, 100, 7503
2026/09/16 10:21:58.190, 159.71, 100, 7503
2026/09/16 10:21:59.190, 160.40, 100, 7503
2026/09/16 10:22:00.191, 163.14, 99, 7503
2026/09/16 10:22:01.191, 162.04, 100, 7503
2026/09/16 10:22:02.191, 159.71, 100, 7503
2026/09/16 10:22:03.191, 159.93, 100, 7503
2026/09/16 10:22:04.191, 159.89, 98, 7503
2026/09/16 10:22:05.192, 163.01, 100, 7503
2026/09/16 10:22:06.192, 162.40, 100, 7503
2026/09/16 10:22:07.192, 159.76, 99, 7503
2026/09/16 10:22:08.192, 159.84, 100, 7503
2026/09/16 10:22:09.192, 159.96, 100, 7503
2026/09/16 10:22:10.192, 162.49, 99, 7503
2026/09/16 10:22:11.193, 163.11, 100, 7503
2026/09/16 10:22:12.193, 160.20, 100, 7503
2026/09/16 10:22:13.193, 159.38, 100, 7503
2026/09/16 10:22:14.193, 159.60, 100, 7503
2026/09/16 10:22:15.193, 162.35, 100, 7503
2026/09/16 10:22:16.194, 163.06, 100, 7503
2026/09/16 10:22:17.194, 160.45, 100, 7503
2026/09/16 10:22:18.194, 159.43, 99, 7503
2026/09/16 10:22:19.194, 159.52, 100, 7503
2026/09/16 10:22:20.194, 161.74, 99, 7503
2026/09/16 10:22:21.194, 163.39, 100, 7503
2026/09/16 10:22:22.195, 160.60, 99, 7503
2026/09/16 10:22:23.195, 159.73, 100, 7503
2026/09/16 10:22:24.195, 159.81, 100, 7503
2026/09/16 10:22:25.195, 161.63, 100, 7503
2026/09/16 10:22:26.195, 163.40, 100, 7503
2026/09/16 10:22:27.196, 161.26, 100, 7503
2026/09/16 10:22:28.196, 159.83, 100, 7503
2026/09/16 10:22:29.196, 159.67, 99, 7503
2026/09/16 10:22:30.196, 160.74, 99, 7503
2026/09/16 10:22:31.196, 163.34, 99, 7503
2026/09/16 10:22:32.196, 161.96, 99, 7503
2026/09/16 10:22:33.197, 159.66, 99, 7503
2026/09/16 10:22:34.197, 159.87, 100, 7503
2026/09/16 10:22:35.197, 160.46, 100, 7503
2026/09/16 10:22:36.197, 163.21, 100, 7503
2026/09/16 10:22:37.197, 162.40, 100, 7503
2026/09/16 10:22:38.198, 159.75, 100, 7503
2026/09/16 10:22:39.198, 159.71, 100, 7503
2026/09/16 10:22:40.198, 160.00, 100, 7503
2026/09/16 10:22:41.198, 163.23, 99, 7503
2026/09/16 10:22:42.198, 162.68, 100, 7503
2026/09/16 10:22:43.199, 160.21, 100, 7503
2026/09/16 10:22:44.199, 160.06, 99, 7503
2026/09/16 10:22:45.199, 159.97, 100, 7503
2026/09/16 10:22:46.199, 162.82, 100, 7503
2026/09/16 10:22:47.199, 163.16, 99, 7503
2026/09/16 10:22:48.199, 160.03, 100, 7503
2026/09/16 10:22:49.200, 159.69, 100, 7503
2026/09/16 10:22:50.200, 159.67, 100, 7503
2026/09/16 10:22:51.200, 162.58, 99, 7503
2026/09/16 10:22:52.200, 163.42, 100, 7503
2026/09/16 10:22:53.200, 160.55, 100, 7503
2026/09/16 10:22:54.207, 159.76, 100, 7503
2026/09/16 10:22:55.207, 159.78, 99, 7503
2026/09/16 10:22:56.208, 162.10, 100, 7503
2026/09/16 10:22:57.208, 163.25, 99, 7503
2026/09/16 10:22:58.208, 160.35, 99, 7503
2026/09/16 10:22:59.210, 159.52, 99, 7503
2026/09/16 10:23:00.211, 159.65, 100, 7503
2026/09/16 10:23:01.211, 161.10, 99, 7503
2026/09/16 10:23:02.211, 163.05, 100, 7503
2026/09/16 10:23:03.211, 160.87, 100, 7503
2026/09/16 10:23:04.214, 159.67, 100, 7503
2026/09/16 10:23:05.214, 159.87, 100, 7503
2026/09/16 10:23:06.214, 161.32, 100, 7503
2026/09/16 10:23:07.215, 163.28, 99, 7503
2026/09/16 10:23:08.215, 161.63, 100, 7503
2026/09/16 10:23:09.218, 159.78, 99, 7503
2026/09/16 10:23:10.218, 159.55, 99, 7503
2026/09/16 10:23:11.218, 160.71, 99, 7503
2026/09/16 10:23:12.219, 163.37, 100, 7503
2026/09/16 10:23:13.219, 161.82, 99, 7503
2026/09/16 10:23:14.222, 159.70, 100, 7503
2026/09/16 10:23:15.222, 159.56, 100, 7503
2026/09/16 10:23:16.222, 160.14, 100, 7503
2026/09/16 10:23:17.223, 163.10, 99, 7503
2026/09/16 10:23:18.223, 162.54, 100, 7503
2026/09/16 10:23:19.226, 159.74, 100, 7503
2026/09/16 10:23:20.226, 159.66, 100, 7503
2026/09/16 10:23:21.227, 154.56, 67, 7503
2026/09/16 10:23:22.227, 55.39, 100, 7503
2026/09/16 10:23:23.227, 160.63, 100, 7503
2026/09/16 10:23:24.229, 159.39, 98, 7503
2026/09/16 10:23:25.230, 160.22, 100, 7503
2026/09/16 10:23:26.230, 160.90, 100, 7503
2026/09/16 10:23:27.230, 159.67, 99, 7503
2026/09/16 10:23:28.230, 160.66, 100, 7503
2026/09/16 10:23:29.233, 160.84, 100, 7503
2026/09/16 10:23:30.233, 159.85, 98, 7503
2026/09/16 10:23:31.234, 160.42, 100, 7503
2026/09/16 10:23:32.234, 160.70, 100, 7503
2026/09/16 10:23:33.234, 159.88, 99, 7503
2026/09/16 10:23:34.236, 161.11, 100, 7503
2026/09/16 10:23:35.236, 160.81, 100, 7503
2026/09/16 10:23:36.236, 159.64, 98, 7503
2026/09/16 10:23:37.237, 160.38, 100, 7503
2026/09/16 10:23:38.237, 160.15, 100, 7503
2026/09/16 10:23:39.240, 159.77, 99, 7503
2026/09/16 10:23:40.240, 160.86, 100, 7503
2026/09/16 10:23:41.240, 160.45, 100, 7503
2026/09/16 10:23:42.241, 159.74, 98, 7503
2026/09/16 10:23:43.241, 160.51, 100, 7503
2026/09/16 10:23:44.244, 160.55, 100, 7503
2026/09/16 10:23:45.244, 159.88, 99, 7503
2026/09/16 10:23:46.244, 160.97, 100, 7503
2026/09/16 10:23:47.244, 160.20, 100, 7503
2026/09/16 10:23:48.244, 159.91, 98, 7503
2026/09/16 10:23:49.247, 160.66, 100, 7503
2026/09/16 10:23:50.247, 160.29, 100, 7503
2026/09/16 10:23:51.247, 159.93, 99, 7503
2026/09/16 10:23:52.247, 160.80, 100, 7503
2026/09/16 10:23:53.248, 159.96, 100, 7503
2026/09/16 10:23:54.249, 160.12, 98, 7503
2026/09/16 10:23:55.250, 160.65, 100, 7503
2026/09/16 10:23:56.250, 160.04, 100, 7503
2026/09/16 10:23:57.250, 160.44, 100, 7503
2026/09/16 10:23:58.250, 160.98, 100, 7503
2026/09/16 10:23:59.252, 160.11, 100, 7503
2026/09/16 10:24:00.252, 159.73, 100, 7503
2026/09/16 10:24:01.252, 160.87, 100, 7503
2026/09/16 10:24:02.252, 160.25, 100, 7503
2026/09/16 10:24:03.252, 160.36, 100, 7503
2026/09/16 10:24:04.253, 161.42, 100, 7503
2026/09/16 10:24:05.253, 159.73, 100, 7503
2026/09/16 10:24:06.253, 160.11, 100, 7503
2026/09/16 10:24:07.253, 161.08, 100, 7503
2026/09/16 10:24:08.253, 160.00, 100, 7503
2026/09/16 10:24:09.258, 160.20, 100, 7503
2026/09/16 10:24:10.259, 160.74, 100, 7503
2026/09/16 10:24:11.259, 159.41, 100, 7503
2026/09/16 10:24:12.259, 160.00, 100, 7503
2026/09/16 10:24:13.259, 160.51, 100, 7503
2026/09/16 10:24:14.261, 159.87, 100, 7503
2026/09/16 10:24:15.261, 160.35, 100, 7503
2026/09/16 10:24:16.261, 160.79, 100, 7503
2026/09/16 10:24:17.261, 159.91, 99, 7503
2026/09/16 10:24:18.261, 159.98, 100, 7503
2026/09/16 10:24:19.261, 160.78, 100, 7503
2026/09/16 10:24:20.262, 159.27, 98, 7503
2026/09/16 10:24:21.262, 160.20, 100, 7503
2026/09/16 10:24:22.262, 160.51, 100, 7503
2026/09/16 10:24:23.262, 159.17, 98, 7503
2026/09/16 10:24:24.266, 161.10, 100, 7503
2026/09/16 10:24:25.266, 161.04, 100, 7503
2026/09/16 10:24:26.266, 159.62, 99, 7503
2026/09/16 10:24:27.266, 160.58, 100, 7503
2026/09/16 10:24:28.266, 160.48, 100, 7503
2026/09/16 10:24:29.272, 159.21, 98, 7503
2026/09/16 10:24:30.272, 160.44, 100, 7503
2026/09/16 10:24:31.272, 160.95, 100, 7503
2026/09/16 10:24:32.272, 159.59, 99, 7503
2026/09/16 10:24:33.272, 161.08, 100, 7503
2026/09/16 10:24:34.273, 160.73, 100, 7503
2026/09/16 10:24:35.273, 159.27, 98, 7503
2026/09/16 10:24:36.273, 160.32, 100, 7503
2026/09/16 10:24:37.273, 160.49, 100, 7503
2026/09/16 10:24:38.273, 159.73, 99, 7503
2026/09/16 10:24:39.274, 160.82, 100, 7503
2026/09/16 10:24:40.274, 160.32, 100, 7503
2026/09/16 10:24:41.274, 159.47, 98, 7503
2026/09/16 10:24:42.274, 160.57, 100, 7503
2026/09/16 10:24:43.274, 160.35, 100, 7503
2026/09/16 10:24:44.274, 159.88, 98, 7503
2026/09/16 10:24:45.275, 161.29, 100, 7503
2026/09/16 10:24:46.275, 161.13, 100, 7503
2026/09/16 10:24:47.275, 158.79, 90, 7503
2026/09/16 10:24:48.275, 159.65, 100, 7503
2026/09/16 10:24:49.275, 160.59, 100, 7503
2026/09/16 10:24:50.276, 160.06, 99, 7503
2026/09/16 10:24:51.276, 161.09, 100, 7503
2026/09/16 10:24:52.276, 160.65, 100, 7503
2026/09/16 10:24:53.276, 158.79, 98, 7503
2026/09/16 10:24:54.276, 160.67, 100, 7503
2026/09/16 10:24:55.276, 161.02, 100, 7503
2026/09/16 10:24:56.277, 160.27, 99, 7503
2026/09/16 10:24:57.277, 161.37, 100, 7503
2026/09/16 10:24:58.277, 160.94, 100, 7503
2026/09/16 10:24:59.277, 159.90, 98, 7503
2026/09/16 10:25:00.277, 161.22, 100, 7503
2026/09/16 10:25:01.277, 160.89, 100, 7503
2026/09/16 10:25:02.278, 159.93, 98, 7503
2026/09/16 10:25:03.278, 161.13, 100, 7503
2026/09/16 10:25:04.278, 160.70, 100, 7503
2026/09/16 10:25:05.278, 159.69, 98, 7503
2026/09/16 10:25:06.278, 160.56, 100, 7503
2026/09/16 10:25:07.279, 160.47, 100, 7503
2026/09/16 10:25:08.279, 160.16, 99, 7503
2026/09/16 10:25:09.279, 161.01, 100, 7503
2026/09/16 10:25:10.279, 160.52, 100, 7503
2026/09/16 10:25:11.280, 160.15, 98, 7503
2026/09/16 10:25:12.280, 160.69, 100, 7503
2026/09/16 10:25:13.280, 160.69, 100, 7503
2026/09/16 10:25:14.280, 160.04, 99, 7503
2026/09/16 10:25:15.280, 160.95, 100, 7503
2026/09/16 10:25:16.280, 160.22, 100, 7503
2026/09/16 10:25:17.281, 159.89, 99, 7503
2026/09/16 10:25:18.281, 161.18, 100, 7503
2026/09/16 10:25:19.281, 160.44, 100, 7503
2026/09/16 10:25:20.281, 160.48, 100, 7503
2026/09/16 10:25:21.281, 161.12, 100, 7503
2026/09/16 10:25:22.282, 160.40, 100, 7503
2026/09/16 10:25:23.282, 160.11, 100, 7503
2026/09/16 10:25:24.282, 161.07, 100, 7503
2026/09/16 10:25:25.282, 159.90, 100, 7503
2026/09/16 10:25:26.282, 160.06, 100, 7503
2026/09/16 10:25:27.282, 161.51, 100, 7503
2026/09/16 10:25:28.291, 159.93, 100, 7503
2026/09/16 10:25:29.291, 160.03, 100, 7503
2026/09/16 10:25:30.291, 161.43, 100, 7503
2026/09/16 10:25:31.292, 159.83, 100, 7503
2026/09/16 10:25:32.292, 160.24, 100, 7503
2026/09/16 10:25:33.292, 160.85, 100, 7503
2026/09/16 10:25:34.292, 159.98, 100, 7503
2026/09/16 10:25:35.292, 160.54, 100, 7503
2026/09/16 10:25:36.293, 161.24, 100, 7503
2026/09/16 10:25:37.293, 159.61, 100, 7503
2026/09/16 10:25:38.301, 160.78, 100, 7503
2026/09/16 10:25:39.301, 161.19, 100, 7503
2026/09/16 10:25:40.301, 159.89, 99, 7503
2026/09/16 10:25:41.302, 160.66, 100, 7503
2026/09/16 10:25:42.302, 160.91, 100, 7503
2026/09/16 10:25:43.304, 159.68, 99, 7503
2026/09/16 10:25:44.305, 160.64, 100, 7503
2026/09/16 10:25:45.305, 161.09, 100, 7503
2026/09/16 10:25:46.305, 159.27, 98, 7503
2026/09/16 10:25:47.305, 160.18, 100, 7503
2026/09/16 10:25:48.307, 160.93, 100, 7503
2026/09/16 10:25:49.307, 159.92, 99, 7503
2026/09/16 10:25:50.307, 160.78, 100, 7503
2026/09/16 10:25:51.308, 160.55, 100, 7503
2026/09/16 10:25:52.308, 159.66, 98, 7503
2026/09/16 10:25:53.308, 160.49, 100, 7503
2026/09/16 10:25:54.308, 160.59, 100, 7503
2026/09/16 10:25:55.308, 159.87, 99, 7503
2026/09/16 10:25:56.308, 160.53, 100, 7503
2026/09/16 10:25:57.309, 159.20, 99, 7503
2026/09/16 10:25:58.312, 163.23, 100, 7503
2026/09/16 10:25:59.312, 161.91, 99, 7503
2026/09/16 10:26:00.312, 160.18, 100, 7503
2026/09/16 10:26:01.312, 160.03, 100, 7503
2026/09/16 10:26:02.313, 160.33, 100, 7503
2026/09/16 10:26:03.315, 163.24, 99, 7503
2026/09/16 10:26:04.315, 162.18, 100, 7503
2026/09/16 10:26:05.315, 158.89, 100, 7503
2026/09/16 10:26:06.315, 158.41, 100, 7503
2026/09/16 10:26:07.316, 158.38, 98, 7503
2026/09/16 10:26:08.319, 162.69, 100, 7503
2026/09/16 10:26:09.319, 162.79, 100, 7503
2026/09/16 10:26:10.319, 158.84, 99, 7503
2026/09/16 10:26:11.320, 158.91, 100, 7503
2026/09/16 10:26:12.320, 158.67, 100, 7503
2026/09/16 10:26:13.321, 162.29, 99, 7503
2026/09/16 10:26:14.321, 163.18, 100, 7503
2026/09/16 10:26:15.321, 159.12, 100, 7503
2026/09/16 10:26:16.321, 158.71, 100, 7503
2026/09/16 10:26:17.321, 158.59, 99, 7503
2026/09/16 10:26:18.324, 161.37, 100, 7503
2026/09/16 10:26:19.324, 163.07, 99, 7503
2026/09/16 10:26:20.324, 159.76, 99, 7503
2026/09/16 10:26:21.324, 158.45, 99, 7503
2026/09/16 10:26:22.324, 158.98, 100, 7503
2026/09/16 10:26:23.327, 160.79, 99, 7503
2026/09/16 10:26:24.327, 163.36, 100, 7503
2026/09/16 10:26:25.327, 160.29, 100, 7503
2026/09/16 10:26:26.327, 158.58, 100, 7503
2026/09/16 10:26:27.327, 159.07, 100, 7503
2026/09/16 10:26:28.331, 160.47, 100, 7503
2026/09/16 10:26:29.331, 163.26, 99, 7503
2026/09/16 10:26:30.331, 161.14, 100, 7503
2026/09/16 10:26:31.331, 158.65, 99, 7503
2026/09/16 10:26:32.332, 158.48, 100, 7503
2026/09/16 10:26:33.335, 159.57, 99, 7503
2026/09/16 10:26:34.336, 163.17, 100, 7503
2026/09/16 10:26:35.336, 161.99, 99, 7503
2026/09/16 10:26:36.336, 160.11, 100, 7503
2026/09/16 10:26:37.336, 159.98, 100, 7503
2026/09/16 10:26:38.337, 160.20, 100, 7503
2026/09/16 10:26:39.337, 163.04, 99, 7503
2026/09/16 10:26:40.337, 162.48, 100, 7503
2026/09/16 10:26:41.338, 160.21, 100, 7503
2026/09/16 10:26:42.338, 158.95, 99, 7503
2026/09/16 10:26:43.340, 158.83, 98, 7503
2026/09/16 10:26:44.340, 162.67, 100, 7503
2026/09/16 10:26:45.340, 162.65, 99, 7503
2026/09/16 10:26:46.340, 158.90, 99, 7503
2026/09/16 10:26:47.340, 158.80, 100, 7503
2026/09/16 10:26:48.343, 158.59, 100, 7503
2026/09/16 10:26:49.343, 162.27, 99, 7503
2026/09/16 10:26:50.343, 163.32, 100, 7503
2026/09/16 10:26:51.343, 159.59, 100, 7503
2026/09/16 10:26:52.344, 158.71, 100, 7503
2026/09/16 10:26:53.346, 159.66, 99, 7503
2026/09/16 10:26:54.346, 162.11, 100, 7503
2026/09/16 10:26:55.346, 163.05, 99, 7503
2026/09/16 10:26:56.347, 160.35, 99, 7503
2026/09/16 10:26:57.347, 158.93, 99, 7503
2026/09/16 10:26:58.349, 158.77, 100, 7503
2026/09/16 10:26:59.350, 160.88, 99, 7503
2026/09/16 10:27:00.350, 163.11, 100, 7503
2026/09/16 10:27:01.350, 161.11, 100, 7503
2026/09/16 10:27:02.350, 159.83, 100, 7503
2026/09/16 10:27:03.352, 158.68, 100, 7503
2026/09/16 10:27:04.352, 160.46, 100, 7503
2026/09/16 10:27:05.352, 163.09, 99, 7503
2026/09/16 10:27:06.352, 160.83, 100, 7503
2026/09/16 10:27:07.353, 158.39, 99, 7503
2026/09/16 10:27:08.356, 158.57, 100, 7503
2026/09/16 10:27:09.356, 159.40, 99, 7503
2026/09/16 10:27:10.356, 162.98, 100, 7503
2026/09/16 10:27:11.357, 161.73, 99, 7503
2026/09/16 10:27:12.357, 158.97, 100, 7503
2026/09/16 10:27:13.360, 158.59, 100, 7503
2026/09/16 10:27:14.360, 158.57, 100, 7503
2026/09/16 10:27:15.361, 162.92, 99, 7503
2026/09/16 10:27:16.361, 162.49, 100, 7503
2026/09/16 10:27:17.361, 158.84, 100, 7503
2026/09/16 10:27:18.365, 158.65, 99, 7503
2026/09/16 10:27:19.365, 158.66, 100, 7503
2026/09/16 10:27:20.365, 162.53, 100, 7503
2026/09/16 10:27:21.365, 162.76, 99, 7503
2026/09/16 10:27:22.365, 159.11, 100, 7503
2026/09/16 10:27:23.366, 159.87, 100, 7503
2026/09/16 10:27:24.366, 159.84, 100, 7503
2026/09/16 10:27:25.366, 162.21, 99, 7503
2026/09/16 10:27:26.366, 163.27, 100, 7503
2026/09/16 10:27:27.366, 160.34, 100, 7503
2026/09/16 10:27:28.372, 159.96, 100, 7503
2026/09/16 10:27:29.372, 159.63, 99, 7503
2026/09/16 10:27:30.372, 161.94, 100, 7503
2026/09/16 10:27:31.372, 163.16, 99, 7503
2026/09/16 10:27:32.373, 160.68, 99, 7503
2026/09/16 10:27:33.376, 159.83, 99, 7503
2026/09/16 10:27:34.377, 159.93, 100, 7503
2026/09/16 10:27:35.377, 160.81, 99, 7503
2026/09/16 10:27:36.377, 163.22, 100, 7503
2026/09/16 10:27:37.377, 161.05, 100, 7503
2026/09/16 10:27:38.381, 159.59, 100, 7503
2026/09/16 10:27:39.381, 158.73, 100, 7503
2026/09/16 10:27:40.381, 160.45, 100, 7503
2026/09/16 10:27:41.381, 163.14, 99, 7503
2026/09/16 10:27:42.381, 160.77, 100, 7503
2026/09/16 10:27:43.384, 158.54, 99, 7503
2026/09/16 10:27:44.384, 158.32, 99, 7503
2026/09/16 10:27:45.384, 159.43, 99, 7503
2026/09/16 10:27:46.384, 163.05, 100, 7503
2026/09/16 10:27:47.385, 161.53, 99, 7503
2026/09/16 10:27:48.389, 158.74, 100, 7503
2026/09/16 10:27:49.389, 158.49, 100, 7503
2026/09/16 10:27:50.389, 142.60, 28, 7503
2026/09/16 10:27:51.389, 63.65, 100, 7503
2026/09/16 10:27:52.389, 159.15, 100, 7503
2026/09/16 10:27:53.390, 159.76, 100, 7503
2026/09/16 10:27:54.390, 161.07, 100, 7503
2026/09/16 10:27:55.390, 159.96, 100, 7503
2026/09/16 10:27:56.390, 160.26, 100, 7503
2026/09/16 10:27:57.390, 160.61, 100, 7503
2026/09/16 10:27:58.390, 159.53, 100, 7503
2026/09/16 10:27:59.391, 160.39, 100, 7503
2026/09/16 10:28:00.391, 160.57, 100, 7503
2026/09/16 10:28:01.391, 159.83, 99, 7503
2026/09/16 10:28:02.391, 160.31, 100, 7503
2026/09/16 10:28:03.391, 160.40, 100, 7503
2026/09/16 10:28:04.392, 159.03, 98, 7503
2026/09/16 10:28:05.392, 160.15, 100, 7503
2026/09/16 10:28:06.392, 160.42, 100, 7503
2026/09/16 10:28:07.392, 159.45, 99, 7503
2026/09/16 10:28:08.392, 160.31, 100, 7503
2026/09/16 10:28:09.393, 160.90, 100, 7503
2026/09/16 10:28:10.401, 159.16, 98, 7503
2026/09/16 10:28:11.401, 160.22, 100, 7503
2026/09/16 10:28:12.401, 161.05, 100, 7503
2026/09/16 10:28:13.402, 159.65, 99, 7503
2026/09/16 10:28:14.402, 160.33, 100, 7503
2026/09/16 10:28:15.406, 160.76, 100, 7503
2026/09/16 10:28:16.407, 159.42, 98, 7503
2026/09/16 10:28:17.407, 160.35, 100, 7503
2026/09/16 10:28:18.407, 160.21, 100, 7503
2026/09/16 10:28:19.407, 159.80, 99, 7503
2026/09/16 10:28:20.409, 160.70, 100, 7503
2026/09/16 10:28:21.411, 160.20, 100, 7503
2026/09/16 10:28:22.411, 159.49, 98, 7503
2026/09/16 10:28:23.412, 160.26, 100, 7503
2026/09/16 10:28:24.412, 160.48, 100, 7503
2026/09/16 10:28:25.414, 160.08, 99, 7503
2026/09/16 10:28:26.414, 160.87, 100, 7503
2026/09/16 10:28:27.414, 160.36, 100, 7503
2026/09/16 10:28:28.414, 159.87, 98, 7503
2026/09/16 10:28:29.414, 160.36, 100, 7503
2026/09/16 10:28:30.415, 160.66, 100, 7503
2026/09/16 10:28:31.415, 159.88, 98, 7503
2026/09/16 10:28:32.415, 161.31, 100, 7503
2026/09/16 10:28:33.416, 160.77, 100, 7503
2026/09/16 10:28:34.416, 159.72, 98, 7503
2026/09/16 10:28:35.423, 161.16, 100, 7503
2026/09/16 10:28:36.423, 160.22, 100, 7503
2026/09/16 10:28:37.424, 159.97, 98, 7503
2026/09/16 10:28:38.424, 161.09, 100, 7503
2026/09/16 10:28:39.424, 160.41, 100, 7503
2026/09/16 10:28:40.424, 159.50, 98, 7503
2026/09/16 10:28:41.424, 161.09, 100, 7503
2026/09/16 10:28:42.424, 160.56, 100, 7503
2026/09/16 10:28:43.425, 160.49, 99, 7503
2026/09/16 10:28:44.425, 161.26, 100, 7503
2026/09/16 10:28:45.425, 160.48, 100, 7503
2026/09/16 10:28:46.425, 159.91, 98, 7503
2026/09/16 10:28:47.425, 160.93, 100, 7503
2026/09/16 10:28:48.426, 159.11, 100, 7503
2026/09/16 10:28:49.426, 160.42, 99, 7503
2026/09/16 10:28:50.426, 161.10, 100, 7503
2026/09/16 10:28:51.426, 160.44, 100, 7503
2026/09/16 10:28:52.426, 159.97, 98, 7503
2026/09/16 10:28:53.426, 160.05, 100, 7503
2026/09/16 10:28:54.427, 160.07, 100, 7503
2026/09/16 10:28:55.427, 160.35, 99, 7503
2026/09/16 10:28:56.427, 161.34, 100, 7503
2026/09/16 10:28:57.427, 160.74, 100, 7503
2026/09/16 10:28:58.427, 160.33, 98, 7503
2026/09/16 10:28:59.427, 161.05, 100, 7503
2026/09/16 10:29:00.428, 160.27, 100, 7503
2026/09/16 10:29:01.428, 160.40, 99, 7503
2026/09/16 10:29:02.428, 161.10, 100, 7503
2026/09/16 10:29:03.428, 160.59, 100, 7503
2026/09/16 10:29:04.428, 159.01, 98, 7503
2026/09/16 10:29:05.428, 161.13, 100, 7503
2026/09/16 10:29:06.429, 160.65, 100, 7503
2026/09/16 10:29:07.429, 160.31, 100, 7503
2026/09/16 10:29:08.429, 161.39, 100, 7503
2026/09/16 10:29:09.429, 160.62, 100, 7503
2026/09/16 10:29:10.429, 160.42, 100, 7503
2026/09/16 10:29:11.429, 161.57, 100, 7503
2026/09/16 10:29:12.430, 160.58, 100, 7503
2026/09/16 10:29:13.430, 160.35, 100, 7503
2026/09/16 10:29:14.430, 159.86, 100, 7503
2026/09/16 10:29:15.430, 159.97, 100, 7503
2026/09/16 10:29:16.430, 160.27, 100, 7503
2026/09/16 10:29:17.430, 161.54, 100, 7503
2026/09/16 10:29:18.431, 159.96, 100, 7503
2026/09/16 10:29:19.431, 159.15, 100, 7503
2026/09/16 10:29:20.431, 160.90, 100, 7503
2026/09/16 10:29:21.431, 160.31, 100, 7503
2026/09/16 10:29:22.431, 160.13, 100, 7503
2026/09/16 10:29:23.431, 161.57, 100, 7503
2026/09/16 10:29:24.440, 160.40, 100, 7503
2026/09/16 10:29:25.440, 160.38, 100, 7503
2026/09/16 10:29:26.440, 160.98, 100, 7503
2026/09/16 10:29:27.440, 159.79, 100, 7503
2026/09/16 10:29:28.440, 159.95, 100, 7503
2026/09/16 10:29:29.440, 160.77, 100, 7503
2026/09/16 10:29:30.441, 160.06, 100, 7503
2026/09/16 10:29:31.441, 160.80, 100, 7503
2026/09/16 10:29:32.441, 161.09, 100, 7503
2026/09/16 10:29:33.441, 160.16, 100, 7503
2026/09/16 10:29:34.441, 160.29, 100, 7503
2026/09/16 10:29:35.441, 161.34, 100, 7503
2026/09/16 10:29:36.442, 160.22, 99, 7503
2026/09/16 10:29:37.442, 161.11, 100, 7503
2026/09/16 10:29:38.442, 160.89, 100, 7503
2026/09/16 10:29:39.442, 159.79, 98, 7503
2026/09/16 10:29:40.442, 160.35, 100, 7503
2026/09/16 10:29:41.443, 161.37, 100, 7503
2026/09/16 10:29:42.443, 159.69, 98, 7503
2026/09/16 10:29:43.443, 160.62, 100, 7503
2026/09/16 10:29:44.443, 161.04, 100, 7503
2026/09/16 10:29:45.443, 159.57, 98, 7503
2026/09/16 10:29:46.443, 160.25, 100, 7503
2026/09/16 10:29:47.444, 160.95, 100, 7503
2026/09/16 10:29:48.444, 159.78, 98, 7503
2026/09/16 10:29:49.452, 160.63, 100, 7503
2026/09/16 10:29:50.452, 160.57, 100, 7503
2026/09/16 10:29:51.453, 159.54, 98, 7503
2026/09/16 10:29:52.453, 160.84, 100, 7503
2026/09/16 10:29:53.453, 161.22, 100, 7503
2026/09/16 10:29:54.453, 159.97, 99, 7503
2026/09/16 10:29:55.453, 160.74, 100, 7503
2026/09/16 10:29:56.454, 160.53, 100, 7503
2026/09/16 10:29:57.454, 159.73, 98, 7503
2026/09/16 10:29:58.454, 160.62, 100, 7503
2026/09/16 10:29:59.462, 161.17, 100, 7503
2026/09/16 10:30:00.463, 160.08, 99, 7503
2026/09/16 10:30:01.463, 161.19, 100, 7503
2026/09/16 10:30:02.463, 160.71, 100, 7503
2026/09/16 10:30:03.463, 159.84, 98, 7503
2026/09/16 10:30:04.463, 160.58, 100, 7503
2026/09/16 10:30:05.463, 160.37, 100, 7503
2026/09/16 10:30:06.464, 160.07, 99, 7503
2026/09/16 10:30:07.464, 161.11, 100, 7503
2026/09/16 10:30:08.464, 160.46, 100, 7503
2026/09/16 10:30:09.464, 159.75, 98, 7503
2026/09/16 10:30:10.464, 161.30, 100, 7503
2026/09/16 10:30:11.465, 160.60, 100, 7503
2026/09/16 10:30:12.465, 159.96, 98, 7503
2026/09/16 10:30:13.465, 161.23, 100, 7503
2026/09/16 10:30:14.474, 160.25, 100, 7503
2026/09/16 10:30:15.474, 160.17, 98, 7503
2026/09/16 10:30:16.474, 160.74, 100, 7503
2026/09/16 10:30:17.474, 160.39, 100, 7503
2026/09/16 10:30:18.474, 160.90, 99, 7503
2026/09/16 10:30:19.474, 161.37, 100, 7503
2026/09/16 10:30:20.475, 160.17, 100, 7503
2026/09/16 10:30:21.475, 160.30, 100, 7503
2026/09/16 10:30:22.475, 160.43, 100, 7503
2026/09/16 10:30:23.475, 160.42, 100, 7503
2026/09/16 10:30:24.484, 160.44, 100, 7503
2026/09/16 10:30:25.484, 159.37, 99, 7503
2026/09/16 10:30:26.484, 163.21, 100, 7503
2026/09/16 10:30:27.484, 162.05, 99, 7503
2026/09/16 10:30:28.485, 159.81, 100, 7503
2026/09/16 10:30:29.485, 159.69, 100, 7503
2026/09/16 10:30:30.485, 160.06, 100, 7503
2026/09/16 10:30:31.485, 163.60, 100, 7503
2026/09/16 10:30:32.485, 162.16, 100, 7503
2026/09/16 10:30:33.486, 159.41, 100, 7503
2026/09/16 10:30:34.486, 159.53, 100, 7503
2026/09/16 10:30:35.486, 159.53, 98, 7503
2026/09/16 10:30:36.486, 163.17, 100, 7503
2026/09/16 10:30:37.486, 162.64, 100, 7503
2026/09/16 10:30:38.486, 159.42, 99, 7503
2026/09/16 10:30:39.487, 159.38, 99, 7503
2026/09/16 10:30:40.487, 159.27, 100, 7503
2026/09/16 10:30:41.487, 162.82, 100, 7503
2026/09/16 10:30:42.487, 162.89, 99, 7503
2026/09/16 10:30:43.487, 159.94, 100, 7503
2026/09/16 10:30:44.487, 159.82, 100, 7503
2026/09/16 10:30:45.488, 159.44, 100, 7503
2026/09/16 10:30:46.488, 162.60, 99, 7503
2026/09/16 10:30:47.488, 163.04, 100, 7503
2026/09/16 10:30:48.488, 160.32, 100, 7503
2026/09/16 10:30:49.488, 159.60, 100, 7503
2026/09/16 10:30:50.488, 159.48, 99, 7503
2026/09/16 10:30:51.489, 161.80, 100, 7503
2026/09/16 10:30:52.489, 163.13, 99, 7503
2026/09/16 10:30:53.489, 160.61, 99, 7503
2026/09/16 10:30:54.489, 159.54, 100, 7503
2026/09/16 10:30:55.489, 159.68, 100, 7503
2026/09/16 10:30:56.489, 162.00, 99, 7503
2026/09/16 10:30:57.490, 163.82, 100, 7503
2026/09/16 10:30:58.490, 160.98, 100, 7503
2026/09/16 10:30:59.490, 159.54, 100, 7503
2026/09/16 10:31:00.490, 159.50, 100, 7503
2026/09/16 10:31:01.490, 161.02, 100, 7503
2026/09/16 10:31:02.491, 163.12, 99, 7503
2026/09/16 10:31:03.491, 161.47, 100, 7503
2026/09/16 10:31:04.491, 159.75, 100, 7503
2026/09/16 10:31:05.491, 159.79, 99, 7503
2026/09/16 10:31:06.491, 160.73, 99, 7503
2026/09/16 10:31:07.491, 163.49, 100, 7503
2026/09/16 10:31:08.492, 161.72, 99, 7503
2026/09/16 10:31:09.492, 160.00, 100, 7503
2026/09/16 10:31:10.492, 159.88, 100, 7503
2026/09/16 10:31:11.492, 160.54, 100, 7503
2026/09/16 10:31:12.492, 163.71, 100, 7503
2026/09/16 10:31:13.493, 162.41, 100, 7503
2026/09/16 10:31:14.493, 159.52, 100, 7503
2026/09/16 10:31:15.493, 159.46, 100, 7503
2026/09/16 10:31:16.493, 159.92, 98, 7503
2026/09/16 10:31:17.493, 164.00, 99, 7503
2026/09/16 10:31:18.493, 162.66, 100, 7503
2026/09/16 10:31:19.494, 159.73, 100, 7503
2026/09/16 10:31:20.494, 159.93, 99, 7503
2026/09/16 10:31:21.494, 159.68, 100, 7503
2026/09/16 10:31:22.494, 162.90, 100, 7503
2026/09/16 10:31:23.494, 162.89, 99, 7503
2026/09/16 10:31:24.495, 159.98, 100, 7503
2026/09/16 10:31:25.495, 160.12, 100, 7503
2026/09/16 10:31:26.495, 159.75, 100, 7503
2026/09/16 10:31:27.495, 162.46, 99, 7503
2026/09/16 10:31:28.495, 163.48, 100, 7503
2026/09/16 10:31:29.495, 160.12, 100, 7503
2026/09/16 10:31:30.496, 159.72, 100, 7503
2026/09/16 10:31:31.496, 159.79, 99, 7503
2026/09/16 10:31:32.496, 162.99, 100, 7503
2026/09/16 10:31:33.496, 163.40, 99, 7503
2026/09/16 10:31:34.496, 160.58, 100, 7503
2026/09/16 10:31:35.497, 159.40, 99, 7503
2026/09/16 10:31:36.497, 159.69, 100, 7503
2026/09/16 10:31:37.497, 161.52, 99, 7503
2026/09/16 10:31:38.497, 163.04, 100, 7503
2026/09/16 10:31:39.497, 160.67, 100, 7503
2026/09/16 10:31:40.498, 159.46, 100, 7503
2026/09/16 10:31:41.498, 159.48, 100, 7503
2026/09/16 10:31:42.498, 161.15, 100, 7503
2026/09/16 10:31:43.498, 163.26, 100, 7503
2026/09/16 10:31:44.498, 161.21, 100, 7503
2026/09/16 10:31:45.498, 159.52, 100, 7503
2026/09/16 10:31:46.499, 159.74, 99, 7503
2026/09/16 10:31:47.499, 161.09, 99, 7503
2026/09/16 10:31:48.499, 163.12, 100, 7503
2026/09/16 10:31:49.499, 161.44, 99, 7503
2026/09/16 10:31:50.499, 160.04, 99, 7503
2026/09/16 10:31:51.499, 159.81, 100, 7503
2026/09/16 10:31:52.500, 160.57, 100, 7503
2026/09/16 10:31:53.500, 163.13, 100, 7503
2026/09/16 10:31:54.500, 162.00, 100, 7503
2026/09/16 10:31:55.500, 159.95, 100, 7503
2026/09/16 10:31:56.500, 160.00, 100, 7503
2026/09/16 10:31:57.500, 160.35, 100, 7503
2026/09/16 10:31:58.501, 163.16, 99, 7503
2026/09/16 10:31:59.501, 162.42, 100, 7503
2026/09/16 10:32:00.501, 159.94, 100, 7503
2026/09/16 10:32:01.501, 159.88, 99, 7503
2026/09/16 10:32:02.501, 160.31, 98, 7503
2026/09/16 10:32:03.502, 163.19, 100, 7503
2026/09/16 10:32:04.502, 163.08, 99, 7503
2026/09/16 10:32:05.502, 159.90, 99, 7503
2026/09/16 10:32:06.502, 160.14, 100, 7503
2026/09/16 10:32:07.502, 159.76, 100, 7503
2026/09/16 10:32:08.502, 162.51, 99, 7503
2026/09/16 10:32:09.503, 163.33, 100, 7503
2026/09/16 10:32:10.503, 160.49, 100, 7503
2026/09/16 10:32:11.503, 160.14, 100, 7503
2026/09/16 10:32:12.503, 160.16, 100, 7503
2026/09/16 10:32:13.503, 162.47, 100, 7503
2026/09/16 10:32:14.504, 163.06, 100, 7503
2026/09/16 10:32:15.504, 160.65, 100, 7503
2026/09/16 10:32:16.504, 160.18, 99, 7503
2026/09/16 10:32:17.504, 159.80, 100, 7503
2026/09/16 10:32:18.504, 77.15, 0, 7503
2026/09/16 10:32:19.504, 131.16, 100, 7503
2026/09/16 10:32:20.505, 159.60, 98, 7503
2026/09/16 10:32:21.505, 160.33, 100, 7503
2026/09/16 10:32:22.505, 160.40, 100, 7503
2026/09/16 10:32:23.505, 159.60, 99, 7503
2026/09/16 10:32:24.505, 160.88, 100, 7503
2026/09/16 10:32:25.505, 160.12, 100, 7503
2026/09/16 10:32:26.506, 159.79, 98, 7503
2026/09/16 10:32:27.506, 160.63, 100, 7503
2026/09/16 10:32:28.506, 160.49, 100, 7503
2026/09/16 10:32:29.506, 160.04, 99, 7503
2026/09/16 10:32:30.506, 160.79, 100, 7503
2026/09/16 10:32:31.507, 160.24, 100, 7503
2026/09/16 10:32:32.507, 159.86, 98, 7503
2026/09/16 10:32:33.507, 160.71, 100, 7503
2026/09/16 10:32:34.507, 160.21, 100, 7503
2026/09/16 10:32:35.507, 160.01, 100, 7503
2026/09/16 10:32:36.507, 160.70, 100, 7503
2026/09/16 10:32:37.508, 160.14, 100, 7503
2026/09/16 10:32:38.508, 160.11, 100, 7503
2026/09/16 10:32:39.508, 161.51, 100, 7503
2026/09/16 10:32:40.508, 160.23, 100, 7503
2026/09/16 10:32:41.508, 160.09, 100, 7503
2026/09/16 10:32:42.508, 161.05, 100, 7503
2026/09/16 10:32:43.509, 159.99, 100, 7503
2026/09/16 10:32:44.509, 159.99, 100, 7503
2026/09/16 10:32:45.509, 160.99, 100, 7503
2026/09/16 10:32:46.509, 160.08, 100, 7503
2026/09/16 10:32:47.509, 160.84, 100, 7503
2026/09/16 10:32:48.510, 161.00, 100, 7503
2026/09/16 10:32:49.510, 160.31, 100, 7503
2026/09/16 10:32:50.510, 160.29, 100, 7503
2026/09/16 10:32:51.510, 161.42, 100, 7503
2026/09/16 10:32:52.510, 159.96, 100, 7503
2026/09/16 10:32:53.510, 160.63, 100, 7503
2026/09/16 10:32:54.511, 160.80, 100, 7503
2026/09/16 10:32:55.511, 159.55, 98, 7503
2026/09/16 10:32:56.511, 161.04, 100, 7503
2026/09/16 10:32:57.511, 161.09, 100, 7503
2026/09/16 10:32:58.511, 159.78, 99, 7503
2026/09/16 10:32:59.512, 160.63, 100, 7503
2026/09/16 10:33:00.512, 161.06, 100, 7503
2026/09/16 10:33:01.512, 159.76, 98, 7503
2026/09/16 10:33:02.512, 161.46, 100, 7503
2026/09/16 10:33:03.512, 159.86, 100, 7503
2026/09/16 10:33:04.513, 160.43, 99, 7503
2026/09/16 10:33:05.513, 161.05, 100, 7503
2026/09/16 10:33:06.513, 160.24, 100, 7503
2026/09/16 10:33:07.513, 160.16, 98, 7503
2026/09/16 10:33:08.513, 160.94, 100, 7503
2026/09/16 10:33:09.522, 160.29, 100, 7503
2026/09/16 10:33:10.522, 160.88, 99, 7503
2026/09/16 10:33:11.522, 161.02, 100, 7503
2026/09/16 10:33:12.522, 159.61, 100, 7503
2026/09/16 10:33:13.522, 160.26, 98, 7503
2026/09/16 10:33:14.523, 160.78, 100, 7503
2026/09/16 10:33:15.523, 159.90, 100, 7503
2026/09/16 10:33:16.523, 161.07, 99, 7503
2026/09/16 10:33:17.523, 161.05, 100, 7503
2026/09/16 10:33:18.523, 159.67, 100, 7503
2026/09/16 10:33:19.524, 160.98, 98, 7503
2026/09/16 10:33:20.524, 161.19, 100, 7503
2026/09/16 10:33:21.524, 159.91, 100, 7503
2026/09/16 10:33:22.524, 160.54, 99, 7503
2026/09/16 10:33:23.524, 160.73, 100, 7503
2026/09/16 10:33:24.524, 159.56, 100, 7503
2026/09/16 10:33:25.525, 160.55, 98, 7503
2026/09/16 10:33:26.525, 160.59, 100, 7503
2026/09/16 10:33:27.525, 160.19, 100, 7503
2026/09/16 10:33:28.525, 160.76, 99, 7503
2026/09/16 10:33:29.534, 160.86, 100, 7503
2026/09/16 10:33:30.534, 159.60, 100, 7503
2026/09/16 10:33:31.534, 160.80, 98, 7503
2026/09/16 10:33:32.534, 161.01, 100, 7503
2026/09/16 10:33:33.534, 159.91, 100, 7503
2026/09/16 10:33:34.535, 161.19, 99, 7503
2026/09/16 10:33:35.535, 160.32, 100, 7503
2026/09/16 10:33:36.535, 159.57, 100, 7503
2026/09/16 10:33:37.535, 160.52, 100, 7503
2026/09/16 10:33:38.535, 160.22, 100, 7503
2026/09/16 10:33:39.535, 160.03, 100, 7503
2026/09/16 10:33:40.536, 160.70, 100, 7503
2026/09/16 10:33:41.536, 160.39, 100, 7503
2026/09/16 10:33:42.536, 159.73, 98, 7503
2026/09/16 10:33:43.536, 160.47, 100, 7503
2026/09/16 10:33:44.545, 160.19, 100, 7503
2026/09/16 10:33:45.545, 160.11, 99, 7503
2026/09/16 10:33:46.545, 160.90, 100, 7503
2026/09/16 10:33:47.545, 160.67, 100, 7503
2026/09/16 10:33:48.545, 160.21, 100, 7503
2026/09/16 10:33:49.546, 161.09, 100, 7503
2026/09/16 10:33:50.546, 160.67, 100, 7503
2026/09/16 10:33:51.546, 160.09, 99, 7503
2026/09/16 10:33:52.546, 161.14, 100, 7503
2026/09/16 10:33:53.546, 160.29, 100, 7503
2026/09/16 10:33:54.546, 159.76, 99, 7503
2026/09/16 10:33:55.547, 161.15, 100, 7503
2026/09/16 10:33:56.547, 160.45, 100, 7503
2026/09/16 10:33:57.547, 160.58, 100, 7503
2026/09/16 10:33:58.547, 160.91, 100, 7503
2026/09/16 10:33:59.547, 160.51, 100, 7503
2026/09/16 10:34:00.548, 160.22, 100, 7503
2026/09/16 10:34:01.548, 161.10, 100, 7503
2026/09/16 10:34:02.548, 160.32, 100, 7503
2026/09/16 10:34:03.548, 160.59, 100, 7503
2026/09/16 10:34:04.548, 161.19, 100, 7503
2026/09/16 10:34:05.548, 160.20, 100, 7503
2026/09/16 10:34:06.549, 160.76, 100, 7503
2026/09/16 10:34:07.549, 160.84, 100, 7503
2026/09/16 10:34:08.549, 160.11, 100, 7503
2026/09/16 10:34:09.549, 160.70, 100, 7503
2026/09/16 10:34:10.549, 160.93, 100, 7503
2026/09/16 10:34:11.550, 160.26, 100, 7503
2026/09/16 10:34:12.550, 160.76, 100, 7503
2026/09/16 10:34:13.550, 161.45, 100, 7503
2026/09/16 10:34:14.550, 160.27, 99, 7503
2026/09/16 10:34:15.550, 161.12, 100, 7503
2026/09/16 10:34:16.550, 161.16, 100, 7503
2026/09/16 10:34:17.551, 159.36, 98, 7503
2026/09/16 10:34:18.551, 160.51, 100, 7503
2026/09/16 10:34:19.551, 161.20, 100, 7503
2026/09/16 10:34:20.551, 159.66, 98, 7503
2026/09/16 10:34:21.551, 161.27, 100, 7503
2026/09/16 10:34:22.552, 160.69, 100, 7503
2026/09/16 10:34:23.552, 159.47, 98, 7503
2026/09/16 10:34:24.552, 161.53, 100, 7503
2026/09/16 10:34:25.552, 161.01, 100, 7503
2026/09/16 10:34:26.552, 159.99, 99, 7503
2026/09/16 10:34:27.553, 160.91, 100, 7503
2026/09/16 10:34:28.553, 161.15, 100, 7503
2026/09/16 10:34:29.553, 159.76, 98, 7503
2026/09/16 10:34:30.553, 160.67, 100, 7503
2026/09/16 10:34:31.553, 160.88, 100, 7503
2026/09/16 10:34:32.553, 160.14, 99, 7503
2026/09/16 10:34:33.554, 160.80, 100, 7503
2026/09/16 10:34:34.554, 160.62, 100, 7503
2026/09/16 10:34:35.554, 159.67, 98, 7503
2026/09/16 10:34:36.554, 161.45, 100, 7503
2026/09/16 10:34:37.554, 161.01, 100, 7503
2026/09/16 10:34:38.555, 160.23, 98, 7503
2026/09/16 10:34:39.555, 161.08, 100, 7503
2026/09/16 10:34:40.555, 160.53, 100, 7503
2026/09/16 10:34:41.555, 159.89, 98, 7503
2026/09/16 10:34:42.555, 160.78, 100, 7503
2026/09/16 10:34:43.556, 160.27, 100, 7503
2026/09/16 10:34:44.556, 159.85, 99, 7503
2026/09/16 10:34:45.556, 160.97, 100, 7503
2026/09/16 10:34:46.556, 160.42, 100, 7503
2026/09/16 10:34:47.556, 160.15, 98, 7503
2026/09/16 10:34:48.557, 160.75, 100, 7503
2026/09/16 10:34:49.557, 160.50, 100, 7503
2026/09/16 10:34:50.557, 160.53, 99, 7523
2026/09/16 10:34:51.557, 161.38, 100, 7523
2026/09/16 10:34:52.558, 160.27, 100, 7523
2026/09/16 10:34:53.558, 158.94, 95, 7523
2026/09/16 10:34:54.558, 161.57, 100, 7523
2026/09/16 10:34:55.558, 162.45, 100, 7523
2026/09/16 10:34:56.558, 159.83, 99, 7523
2026/09/16 10:34:57.559, 159.93, 99, 7523
2026/09/16 10:34:58.559, 160.03, 100, 7523
2026/09/16 10:34:59.559, 162.70, 100, 7523
2026/09/16 10:35:00.559, 162.93, 99, 7523
2026/09/16 10:35:01.559, 159.73, 100, 7523
2026/09/16 10:35:02.559, 159.66, 100, 7523
2026/09/16 10:35:03.560, 159.52, 100, 7523
2026/09/16 10:35:04.560, 161.85, 99, 7523
2026/09/16 10:35:05.560, 163.08, 100, 7523
2026/09/16 10:35:06.560, 159.12, 100, 7523
2026/09/16 10:35:07.560, 159.77, 100, 7523
2026/09/16 10:35:08.561, 159.72, 99, 7523
2026/09/16 10:35:09.561, 161.63, 100, 7523
2026/09/16 10:35:10.561, 163.00, 99, 7523
2026/09/16 10:35:11.561, 160.59, 99, 7523
2026/09/16 10:35:12.561, 160.04, 100, 7523
2026/09/16 10:35:13.561, 160.04, 100, 7523
2026/09/16 10:35:14.562, 161.42, 99, 7523
2026/09/16 10:35:15.562, 163.08, 100, 7523
2026/09/16 10:35:16.562, 160.81, 100, 7523
2026/09/16 10:35:17.562, 159.53, 100, 7523
2026/09/16 10:35:18.562, 159.74, 100, 7523
2026/09/16 10:35:19.562, 161.17, 100, 7523
2026/09/16 10:35:20.563, 163.21, 99, 7523
2026/09/16 10:35:21.563, 161.28, 100, 7523
2026/09/16 10:35:22.563, 159.34, 100, 7523
2026/09/16 10:35:23.563, 158.77, 99, 7523
2026/09/16 10:35:24.563, 160.52, 99, 7523
2026/09/16 10:35:25.563, 163.21, 100, 7523
2026/09/16 10:35:26.564, 161.78, 99, 7523
2026/09/16 10:35:27.564, 159.90, 100, 7523
2026/09/16 10:35:28.564, 159.26, 100, 7523
2026/09/16 10:35:29.564, 159.77, 100, 7523
2026/09/16 10:35:30.564, 163.33, 99, 7523
2026/09/16 10:35:31.564, 161.74, 100, 7523
2026/09/16 10:35:32.565, 159.24, 100, 7523
2026/09/16 10:35:33.565, 159.52, 100, 7523
2026/09/16 10:35:34.565, 159.76, 98, 7523
2026/09/16 10:35:35.565, 162.75, 100, 7523
2026/09/16 10:35:36.565, 162.18, 100, 7523
2026/09/16 10:35:37.566, 159.57, 99, 7523
2026/09/16 10:35:38.566, 159.78, 100, 7523
2026/09/16 10:35:39.566, 159.52, 100, 7523
2026/09/16 10:35:40.566, 162.44, 100, 7523
2026/09/16 10:35:41.566, 163.08, 99, 7523
2026/09/16 10:35:42.566, 159.74, 100, 7523
2026/09/16 10:35:43.567, 159.85, 100, 7523
2026/09/16 10:35:44.567, 159.64, 100, 7523
2026/09/16 10:35:45.567, 162.05, 100, 7523
2026/09/16 10:35:46.567, 162.89, 100, 7523
2026/09/16 10:35:47.567, 160.19, 100, 7523
2026/09/16 10:35:48.567, 160.12, 100, 7523
2026/09/16 10:35:49.568, 159.71, 99, 7523
2026/09/16 10:35:50.568, 161.78, 100, 7523
2026/09/16 10:35:51.568, 163.22, 99, 7523
2026/09/16 10:35:52.568, 160.58, 99, 7523
2026/09/16 10:35:53.568, 159.88, 100, 7523
2026/09/16 10:35:54.569, 159.95, 100, 7523
2026/09/16 10:35:55.569, 161.34, 99, 7523
2026/09/16 10:35:56.569, 163.10, 100, 7523
2026/09/16 10:35:57.569, 161.24, 100, 7523
2026/09/16 10:35:58.569, 159.58, 100, 7523
2026/09/16 10:35:59.570, 159.78, 100, 7523
2026/09/16 10:36:00.570, 161.11, 100, 7523
2026/09/16 10:36:01.570, 163.24, 99, 7523
2026/09/16 10:36:02.570, 160.95, 100, 7523
2026/09/16 10:36:03.570, 158.75, 99, 7523
2026/09/16 10:36:04.570, 158.65, 100, 7523
2026/09/16 10:36:05.571, 159.47, 100, 7523
2026/09/16 10:36:06.571, 163.06, 100, 7523
2026/09/16 10:36:07.571, 162.24, 100, 7523
2026/09/16 10:36:08.571, 159.96, 100, 7523
2026/09/16 10:36:09.571, 159.69, 100, 7523
2026/09/16 10:36:10.571, 160.08, 100, 7523
2026/09/16 10:36:11.572, 163.04, 99, 7523
2026/09/16 10:36:12.572, 162.25, 100, 7523
2026/09/16 10:36:13.572, 159.69, 100, 7523
2026/09/16 10:36:14.572, 159.70, 99, 7523
2026/09/16 10:36:15.572, 159.38, 98, 7523
2026/09/16 10:36:16.573, 163.24, 100, 7523
2026/09/16 10:36:17.573, 162.72, 100, 7523
2026/09/16 10:36:18.573, 159.77, 99, 7523
2026/09/16 10:36:19.573, 159.83, 100, 7523
2026/09/16 10:36:20.573, 159.78, 100, 7523
2026/09/16 10:36:21.574, 162.47, 99, 7523
2026/09/16 10:36:22.574, 163.02, 100, 7523
2026/09/16 10:36:23.574, 159.73, 100, 7523
2026/09/16 10:36:24.574, 159.47, 100, 7523
2026/09/16 10:36:25.574, 159.50, 100, 7523
2026/09/16 10:36:26.574, 161.98, 100, 7523
2026/09/16 10:36:27.575, 162.93, 100, 7523
2026/09/16 10:36:28.575, 160.56, 100, 7523
2026/09/16 10:36:29.575, 159.90, 99, 7523
2026/09/16 10:36:30.575, 160.28, 99, 7523
2026/09/16 10:36:31.575, 161.56, 99, 7523
2026/09/16 10:36:32.575, 163.06, 99, 7523
2026/09/16 10:36:33.576, 159.78, 99, 7523
2026/09/16 10:36:34.576, 158.86, 100, 7523
2026/09/16 10:36:35.576, 158.66, 100, 7523
2026/09/16 10:36:36.576, 160.54, 100, 7523
2026/09/16 10:36:37.576, 163.33, 100, 7523
2026/09/16 10:36:38.577, 161.36, 100, 7523
2026/09/16 10:36:39.577, 159.53, 100, 7523
2026/09/16 10:36:40.577, 159.49, 99, 7523
2026/09/16 10:36:41.577, 160.64, 99, 7523
2026/09/16 10:36:42.577, 163.09, 100, 7523
2026/09/16 10:36:43.586, 161.60, 99, 7523
2026/09/16 10:36:44.586, 159.43, 99, 7523
2026/09/16 10:36:45.586, 159.73, 100, 7523
2026/09/16 10:36:46.586, 132.66, 29, 7523
2026/09/16 10:36:47.587, 77.06, 100, 7523
2026/09/16 10:36:48.587, 159.64, 99, 7523
2026/09/16 10:36:49.587, 160.59, 100, 7523
2026/09/16 10:36:50.587, 160.09, 100, 7523
2026/09/16 10:36:51.587, 159.87, 99, 7523
2026/09/16 10:36:52.587, 160.66, 100, 7523
2026/09/16 10:36:53.596, 159.89, 100, 7523
2026/09/16 10:36:54.596, 160.04, 100, 7523
2026/09/16 10:36:55.597, 160.85, 100, 7523
2026/09/16 10:36:56.597, 160.26, 100, 7523
2026/09/16 10:36:57.597, 160.20, 100, 7523
2026/09/16 10:36:58.597, 160.95, 100, 7523
2026/09/16 10:36:59.597, 160.31, 100, 7523
2026/09/16 10:37:00.597, 160.36, 100, 7523
2026/09/16 10:37:01.598, 161.24, 100, 7523
2026/09/16 10:37:02.598, 159.94, 100, 7523
2026/09/16 10:37:03.598, 160.20, 100, 7523
2026/09/16 10:37:04.598, 161.11, 100, 7523
2026/09/16 10:37:05.598, 159.87, 100, 7523
2026/09/16 10:37:06.598, 160.45, 100, 7523
2026/09/16 10:37:07.599, 161.13, 100, 7523
2026/09/16 10:37:08.599, 160.20, 100, 7523
2026/09/16 10:37:09.599, 160.29, 100, 7523
2026/09/16 10:37:10.599, 160.85, 100, 7523
2026/09/16 10:37:11.599, 159.78, 100, 7523
2026/09/16 10:37:12.600, 160.26, 100, 7523
2026/09/16 10:37:13.600, 160.42, 100, 7523
2026/09/16 10:37:14.600, 159.84, 100, 7523
2026/09/16 10:37:15.600, 160.57, 100, 7523
2026/09/16 10:37:16.600, 161.22, 100, 7523
2026/09/16 10:37:17.601, 159.55, 99, 7523
2026/09/16 10:37:18.601, 160.30, 100, 7523
2026/09/16 10:37:19.601, 160.58, 100, 7523
2026/09/16 10:37:20.601, 159.51, 98, 7523
2026/09/16 10:37:21.601, 160.99, 100, 7523
2026/09/16 10:37:22.601, 161.21, 100, 7523
2026/09/16 10:37:23.602, 159.74, 99, 7523
2026/09/16 10:37:24.602, 160.62, 100, 7523
2026/09/16 10:37:25.602, 160.65, 100, 7523
2026/09/16 10:37:26.602, 159.47, 98, 7523
2026/09/16 10:37:27.602, 160.96, 100, 7523
2026/09/16 10:37:28.603, 160.71, 100, 7523
2026/09/16 10:37:29.603, 159.84, 99, 7523
2026/09/16 10:37:30.603, 160.41, 100, 7523
2026/09/16 10:37:31.603, 160.76, 100, 7523
2026/09/16 10:37:32.603, 159.26, 98, 7523
2026/09/16 10:37:33.603, 160.09, 100, 7523
2026/09/16 10:37:34.604, 160.37, 100, 7523
2026/09/16 10:37:35.604, 159.71, 98, 7523
2026/09/16 10:37:36.604, 160.59, 100, 7523
2026/09/16 10:37:37.604, 160.15, 100, 7523
2026/09/16 10:37:38.604, 159.35, 98, 7523
2026/09/16 10:37:39.605, 160.26, 100, 7523
2026/09/16 10:37:40.605, 160.41, 100, 7523
2026/09/16 10:37:41.605, 159.91, 99, 7523
2026/09/16 10:37:42.605, 160.75, 100, 7523
2026/09/16 10:37:43.605, 160.94, 100, 7523
2026/09/16 10:37:44.605, 159.44, 98, 7523
2026/09/16 10:37:45.606, 160.38, 100, 7523
2026/09/16 10:37:46.606, 160.59, 100, 7523
2026/09/16 10:37:47.606, 159.85, 99, 7523
2026/09/16 10:37:48.606, 161.06, 100, 7523
2026/09/16 10:37:49.606, 160.33, 100, 7523
2026/09/16 10:37:50.607, 159.67, 98, 7523
2026/09/16 10:37:51.607, 160.48, 100, 7523
2026/09/16 10:37:52.607, 160.76, 100, 7523
2026/09/16 10:37:53.607, 159.67, 98, 7523
2026/09/16 10:37:54.607, 161.14, 100, 7523
2026/09/16 10:37:55.607, 160.38, 100, 7523
2026/09/16 10:37:56.608, 159.59, 98, 7523
2026/09/16 10:37:57.608, 160.55, 100, 7523
2026/09/16 10:37:58.608, 160.26, 100, 7523
2026/09/16 10:37:59.608, 159.77, 98, 7523
2026/09/16 10:38:00.608, 160.78, 100, 7523
2026/09/16 10:38:01.609, 160.20, 100, 7523
2026/09/16 10:38:02.609, 159.93, 98, 7523
2026/09/16 10:38:03.609, 160.67, 100, 7523
2026/09/16 10:38:04.609, 160.39, 100, 7523
2026/09/16 10:38:05.609, 159.84, 99, 7523
2026/09/16 10:38:06.609, 160.98, 100, 7523
2026/09/16 10:38:07.610, 160.60, 100, 7523
2026/09/16 10:38:08.610, 159.89, 98, 7523
2026/09/16 10:38:09.610, 161.04, 100, 7523
2026/09/16 10:38:10.610, 160.65, 100, 7523
2026/09/16 10:38:11.610, 160.10, 99, 7523
2026/09/16 10:38:12.611, 161.13, 100, 7523
2026/09/16 10:38:13.611, 160.75, 100, 7523
2026/09/16 10:38:14.611, 160.10, 99, 7523
2026/09/16 10:38:15.611, 161.21, 100, 7523
2026/09/16 10:38:16.611, 160.48, 100, 7523
2026/09/16 10:38:17.611, 160.29, 100, 7523
2026/09/16 10:38:18.611, 161.26, 100, 7523
2026/09/16 10:38:19.612, 160.21, 100, 7523
2026/09/16 10:38:20.612, 160.07, 100, 7523
2026/09/16 10:38:21.612, 160.64, 100, 7523
2026/09/16 10:38:22.612, 160.54, 100, 7523
2026/09/16 10:38:23.612, 160.53, 100, 7523
2026/09/16 10:38:24.612, 161.56, 100, 7523
2026/09/16 10:38:25.613, 160.07, 100, 7523
2026/09/16 10:38:26.613, 160.14, 100, 7523
2026/09/16 10:38:27.613, 161.14, 100, 7523
2026/09/16 10:38:28.613, 159.79, 100, 7523
2026/09/16 10:38:29.613, 160.54, 100, 7523
2026/09/16 10:38:30.613, 160.99, 100, 7523
2026/09/16 10:38:31.614, 160.13, 100, 7523
2026/09/16 10:38:32.614, 160.42, 100, 7523
2026/09/16 10:38:33.614, 160.76, 100, 7523
2026/09/16 10:38:34.614, 159.85, 100, 7523
2026/09/16 10:38:35.614, 160.25, 100, 7523
2026/09/16 10:38:36.615, 161.10, 100, 7523
2026/09/16 10:38:37.615, 159.54, 98, 7523
2026/09/16 10:38:38.615, 160.91, 100, 7523
2026/09/16 10:38:39.615, 161.06, 100, 7523
2026/09/16 10:38:40.615, 159.85, 99, 7523
2026/09/16 10:38:41.615, 161.11, 100, 7523
2026/09/16 10:38:42.616, 161.00, 100, 7523
2026/09/16 10:38:43.616, 159.54, 98, 7523
2026/09/16 10:38:44.616, 160.30, 100, 7523
2026/09/16 10:38:45.616, 161.16, 100, 7523
2026/09/16 10:38:46.616, 159.98, 99, 7523
2026/09/16 10:38:47.616, 160.69, 100, 7523
2026/09/16 10:38:48.617, 160.66, 100, 7523
2026/09/16 10:38:49.617, 159.43, 98, 7523
2026/09/16 10:38:50.617, 160.65, 100, 7523
2026/09/16 10:38:51.617, 161.23, 100, 7523
2026/09/16 10:38:52.617, 159.90, 98, 7523
2026/09/16 10:38:53.617, 160.93, 100, 7523
2026/09/16 10:38:54.618, 160.60, 100, 7523
2026/09/16 10:38:55.618, 159.56, 98, 7523
2026/09/16 10:38:56.618, 160.62, 100, 7523
2026/09/16 10:38:57.618, 161.18, 100, 7523
2026/09/16 10:38:58.618, 160.17, 99, 7523
2026/09/16 10:38:59.618, 161.20, 100, 7523
2026/09/16 10:39:00.619, 160.52, 100, 7523
2026/09/16 10:39:01.619, 159.85, 98, 7523
2026/09/16 10:39:02.619, 160.71, 100, 7523
2026/09/16 10:39:03.619, 160.63, 100, 7523
2026/09/16 10:39:04.619, 160.24, 99, 7523
2026/09/16 10:39:05.619, 160.86, 100, 7523
2026/09/16 10:39:06.620, 160.35, 100, 7523
2026/09/16 10:39:07.620, 159.79, 98, 7523
2026/09/16 10:39:08.620, 160.78, 100, 7523
2026/09/16 10:39:09.620, 160.45, 100, 7523
2026/09/16 10:39:10.620, 160.48, 99, 7523
2026/09/16 10:39:11.621, 161.33, 100, 7523
2026/09/16 10:39:12.621, 160.14, 100, 7523
2026/09/16 10:39:13.621, 159.90, 98, 7523
2026/09/16 10:39:14.621, 160.86, 100, 7523
2026/09/16 10:39:15.621, 160.63, 100, 7523
2026/09/16 10:39:16.622, 160.24, 99, 7523
2026/09/16 10:39:17.622, 161.19, 100, 7523
2026/09/16 10:39:18.622, 160.35, 100, 7523
2026/09/16 10:39:19.622, 160.24, 98, 7523
2026/09/16 10:39:20.622, 160.82, 100, 7523
2026/09/16 10:39:21.622, 159.22, 99, 7523
2026/09/16 10:39:22.623, 163.01, 100, 7523
2026/09/16 10:39:23.623, 161.36, 99, 7523
2026/09/16 10:39:24.623, 158.61, 99, 7523
2026/09/16 10:39:25.623, 158.67, 100, 7523
2026/09/16 10:39:26.623, 159.35, 100, 7523
2026/09/16 10:39:27.624, 163.38, 100, 7523
2026/09/16 10:39:28.624, 162.26, 100, 7523
2026/09/16 10:39:29.624, 158.66, 100, 7523
2026/09/16 10:39:30.624, 158.75, 100, 7523
2026/09/16 10:39:31.624, 158.70, 98, 7523
2026/09/16 10:39:32.624, 162.94, 100, 7523
2026/09/16 10:39:33.625, 162.65, 100, 7523
2026/09/16 10:39:34.625, 158.56, 99, 7523
2026/09/16 10:39:35.625, 159.34, 100, 7523
2026/09/16 10:39:36.625, 160.01, 100, 7523
2026/09/16 10:39:37.625, 162.41, 99, 7523
2026/09/16 10:39:38.626, 163.02, 99, 7523
2026/09/16 10:39:39.626, 159.83, 100, 7523
2026/09/16 10:39:40.626, 160.19, 100, 7523
2026/09/16 10:39:41.626, 160.27, 100, 7523
2026/09/16 10:39:42.626, 162.59, 100, 7523
2026/09/16 10:39:43.626, 163.31, 100, 7523
2026/09/16 10:39:44.627, 159.64, 100, 7523
2026/09/16 10:39:45.627, 158.71, 99, 7523
2026/09/16 10:39:46.627, 158.61, 99, 7523
2026/09/16 10:39:47.627, 161.23, 99, 7523
2026/09/16 10:39:48.627, 163.29, 99, 7523
2026/09/16 10:39:49.628, 159.88, 99, 7523
2026/09/16 10:39:50.628, 158.69, 100, 7523
2026/09/16 10:39:51.628, 158.60, 100, 7523
2026/09/16 10:39:52.628, 160.60, 100, 7523
2026/09/16 10:39:53.628, 162.96, 100, 7523
2026/09/16 10:39:54.628, 161.33, 100, 7523
2026/09/16 10:39:55.629, 158.84, 100, 7523
2026/09/16 10:39:56.629, 158.91, 99, 7523
2026/09/16 10:39:57.629, 160.01, 99, 7523
2026/09/16 10:39:58.629, 163.04, 100, 7523
2026/09/16 10:39:59.629, 161.35, 99, 7523
2026/09/16 10:40:00.630, 158.54, 100, 7523
2026/09/16 10:40:01.630, 158.52, 100, 7523
2026/09/16 10:40:02.630, 159.32, 100, 7523
2026/09/16 10:40:03.630, 163.14, 99, 7523
2026/09/16 10:40:04.630, 162.09, 100, 7523
2026/09/16 10:40:05.630, 158.63, 100, 7523
2026/09/16 10:40:06.631, 159.07, 100, 7523
2026/09/16 10:40:07.631, 159.25, 98, 7523
2026/09/16 10:40:08.631, 162.60, 100, 7523
2026/09/16 10:40:09.631, 162.70, 100, 7523
2026/09/16 10:40:10.631, 158.54, 99, 7523
2026/09/16 10:40:11.632, 158.74, 100, 7523
2026/09/16 10:40:12.632, 158.52, 100, 7523
2026/09/16 10:40:13.632, 162.30, 99, 7523
2026/09/16 10:40:14.632, 163.23, 100, 7523
2026/09/16 10:40:15.632, 159.27, 100, 7523
2026/09/16 10:40:16.632, 159.84, 100, 7523
2026/09/16 10:40:17.633, 159.56, 100, 7523
2026/09/16 10:40:18.633, 162.23, 100, 7523
2026/09/16 10:40:19.633, 163.22, 100, 7523
2026/09/16 10:40:20.633, 160.49, 100, 7523
2026/09/16 10:40:21.633, 159.61, 99, 7523
2026/09/16 10:40:22.634, 159.09, 100, 7523
2026/09/16 10:40:23.634, 161.65, 99, 7523
2026/09/16 10:40:24.634, 163.16, 100, 7523
2026/09/16 10:40:25.634, 160.69, 100, 7523
2026/09/16 10:40:26.634, 159.64, 100, 7523
2026/09/16 10:40:27.634, 159.60, 100, 7523
2026/09/16 10:40:28.635, 161.33, 100, 7523
2026/09/16 10:40:29.635, 163.05, 100, 7523
2026/09/16 10:40:30.635, 161.46, 100, 7523
2026/09/16 10:40:31.635, 160.02, 100, 7523
2026/09/16 10:40:32.635, 159.79, 99, 7523
2026/09/16 10:40:33.636, 160.79, 100, 7523
2026/09/16 10:40:34.636, 163.04, 99, 7523
2026/09/16 10:40:35.636, 161.22, 100, 7523
2026/09/16 10:40:36.636, 159.41, 99, 7523
2026/09/16 10:40:37.636, 159.45, 100, 7523
2026/09/16 10:40:38.637, 160.10, 100, 7523
2026/09/16 10:40:39.637, 163.10, 100, 7523
2026/09/16 10:40:40.637, 162.32, 100, 7523
2026/09/16 10:40:41.637, 159.73, 100, 7523
2026/09/16 10:40:42.637, 159.72, 100, 7523
2026/09/16 10:40:43.638, 159.63, 100, 7523
2026/09/16 10:40:44.638, 163.18, 99, 7523
2026/09/16 10:40:45.638, 162.68, 100, 7523
2026/09/16 10:40:46.638, 159.52, 100, 7523
2026/09/16 10:40:47.638, 159.42, 99, 7523
2026/09/16 10:40:48.638, 159.87, 100, 7523
2026/09/16 10:40:49.639, 162.38, 100, 7523
2026/09/16 10:40:50.639, 163.01, 99, 7523
2026/09/16 10:40:51.639, 159.77, 100, 7523
2026/09/16 10:40:52.639, 159.58, 100, 7523
2026/09/16 10:40:53.639, 159.65, 100, 7523
2026/09/16 10:40:54.640, 162.46, 99, 7523
2026/09/16 10:40:55.640, 163.13, 100, 7523
2026/09/16 10:40:56.640, 159.98, 100, 7523
2026/09/16 10:40:57.640, 159.00, 100, 7523
2026/09/16 10:40:58.640, 158.82, 99, 7523
2026/09/16 10:40:59.640, 161.76, 100, 7523
2026/09/16 10:41:00.641, 163.38, 99, 7523
2026/09/16 10:41:01.641, 159.47, 99, 7523
2026/09/16 10:41:02.641, 158.60, 100, 7523
2026/09/16 10:41:03.641, 158.41, 100, 7523
2026/09/16 10:41:04.641, 160.78, 99, 7523
2026/09/16 10:41:05.642, 163.04, 100, 7523
2026/09/16 10:41:06.642, 161.06, 100, 7523
2026/09/16 10:41:07.642, 159.38, 100, 7523
2026/09/16 10:41:08.642, 159.50, 100, 7523
2026/09/16 10:41:09.642, 161.06, 100, 7523
2026/09/16 10:41:10.642, 163.16, 99, 7523
2026/09/16 10:41:11.643, 161.35, 100, 7523
2026/09/16 10:41:12.643, 159.18, 99, 7523
2026/09/16 10:41:13.643, 159.34, 99, 7523
2026/09/16 10:41:14.643, 126.64, 26, 7523
2026/09/16 10:41:15.643, 81.64, 100, 7523
2026/09/16 10:41:16.644, 160.43, 100, 7523
2026/09/16 10:41:17.644, 161.13, 100, 7523
2026/09/16 10:41:18.644, 160.14, 100, 7523
2026/09/16 10:41:19.644, 160.12, 100, 7523
2026/09/16 10:41:20.644, 161.05, 100, 7523
2026/09/16 10:41:21.645, 159.50, 100, 7523
2026/09/16 10:41:22.645, 160.04, 100, 7523
2026/09/16 10:41:23.645, 160.21, 100, 7523
2026/09/16 10:41:24.645, 159.43, 98, 7523
2026/09/16 10:41:25.645, 160.78, 100, 7523
2026/09/16 10:41:26.646, 161.12, 100, 7523
2026/09/16 10:41:27.646, 159.46, 99, 7523
2026/09/16 10:41:28.646, 161.11, 100, 7523
2026/09/16 10:41:29.646, 160.78, 100, 7523
2026/09/16 10:41:30.646, 159.09, 98, 7523
2026/09/16 10:41:31.646, 160.17, 100, 7523
2026/09/16 10:41:32.647, 160.88, 100, 7523
2026/09/16 10:41:33.647, 159.45, 98, 7523
2026/09/16 10:41:34.647, 160.34, 100, 7523
2026/09/16 10:41:35.647, 160.66, 100, 7523
2026/09/16 10:41:36.647, 159.18, 98, 7523
2026/09/16 10:41:37.648, 159.97, 100, 7523
2026/09/16 10:41:38.648, 160.55, 100, 7523
2026/09/16 10:41:39.648, 159.72, 99, 7523
2026/09/16 10:41:40.648, 160.50, 100, 7523
2026/09/16 10:41:41.648, 160.65, 100, 7523
2026/09/16 10:41:42.649, 159.27, 98, 7523
2026/09/16 10:41:43.649, 160.18, 100, 7523
2026/09/16 10:41:44.649, 160.32, 100, 7523
2026/09/16 10:41:45.649, 159.65, 99, 7523
2026/09/16 10:41:46.649, 160.62, 100, 7523
2026/09/16 10:41:47.649, 160.77, 100, 7523
2026/09/16 10:41:48.650, 159.81, 98, 7523
2026/09/16 10:41:49.650, 160.40, 100, 7523
2026/09/16 10:41:50.650, 160.64, 100, 7523
2026/09/16 10:41:51.650, 159.83, 99, 7523
2026/09/16 10:41:52.650, 161.04, 100, 7523
2026/09/16 10:41:53.651, 160.69, 100, 7523
2026/09/16 10:41:54.651, 159.72, 98, 7523
2026/09/16 10:41:55.651, 160.49, 100, 7523
2026/09/16 10:41:56.651, 160.28, 100, 7523
2026/09/16 10:41:57.651, 159.57, 99, 7523
2026/09/16 10:41:58.651, 160.91, 100, 7523
2026/09/16 10:41:59.652, 160.50, 100, 7523
2026/09/16 10:42:00.652, 159.81, 98, 7523
2026/09/16 10:42:01.652, 160.49, 100, 7523
2026/09/16 10:42:02.652, 160.68, 100, 7523
2026/09/16 10:42:03.652, 160.70, 99, 7523
2026/09/16 10:42:04.653, 160.72, 100, 7523
2026/09/16 10:42:05.653, 159.80, 100, 7523
2026/09/16 10:42:06.653, 160.77, 98, 7523
2026/09/16 10:42:07.653, 160.32, 100, 7523
2026/09/16 10:42:08.653, 159.85, 100, 7523
2026/09/16 10:42:09.654, 160.63, 99, 7523
2026/09/16 10:42:10.654, 160.71, 100, 7523
2026/09/16 10:42:11.654, 159.68, 100, 7523
2026/09/16 10:42:12.654, 160.51, 99, 7523
2026/09/16 10:42:13.654, 160.47, 100, 7523
2026/09/16 10:42:14.655, 159.73, 100, 7523
2026/09/16 10:42:15.655, 159.61, 99, 7523
2026/09/16 10:42:16.655, 160.30, 100, 7523
2026/09/16 10:42:17.655, 159.67, 100, 7523
2026/09/16 10:42:18.655, 160.35, 100, 7523
2026/09/16 10:42:19.655, 160.36, 100, 7523
2026/09/16 10:42:20.656, 159.96, 100, 7523
2026/09/16 10:42:21.656, 160.94, 100, 7523
2026/09/16 10:42:22.656, 160.37, 100, 7523
2026/09/16 10:42:23.656, 159.52, 98, 7523
2026/09/16 10:42:24.656, 160.59, 100, 7523
2026/09/16 10:42:25.657, 160.72, 100, 7523
2026/09/16 10:42:26.657, 160.28, 99, 7523
2026/09/16 10:42:27.657, 161.08, 100, 7523
2026/09/16 10:42:28.657, 160.64, 100, 7523
2026/09/16 10:42:29.657, 159.78, 98, 7523
2026/09/16 10:42:30.657, 160.68, 100, 7523
2026/09/16 10:42:31.658, 160.61, 100, 7523
2026/09/16 10:42:32.658, 160.34, 99, 7523
2026/09/16 10:42:33.658, 161.23, 100, 7523
2026/09/16 10:42:34.658, 160.65, 100, 7523
2026/09/16 10:42:35.658, 160.12, 98, 7523
2026/09/16 10:42:36.659, 161.23, 100, 7523
2026/09/16 10:42:37.659, 160.30, 100, 7523
2026/09/16 10:42:38.659, 160.45, 100, 7523
2026/09/16 10:42:39.659, 161.19, 100, 7523
2026/09/16 10:42:40.659, 160.57, 100, 7523
2026/09/16 10:42:41.659, 160.26, 100, 7523
2026/09/16 10:42:42.660, 161.28, 100, 7523
2026/09/16 10:42:43.660, 160.73, 100, 7523
2026/09/16 10:42:44.660, 160.63, 100, 7523
2026/09/16 10:42:45.660, 161.65, 100, 7523
2026/09/16 10:42:46.660, 160.11, 100, 7523
2026/09/16 10:42:47.661, 160.37, 100, 7523
2026/09/16 10:42:48.661, 161.26, 100, 7523
2026/09/16 10:42:49.661, 160.36, 100, 7523
2026/09/16 10:42:50.661, 160.97, 100, 7523
2026/09/16 10:42:51.661, 161.56, 100, 7523
2026/09/16 10:42:52.661, 160.43, 100, 7523
2026/09/16 10:42:53.662, 160.25, 100, 7523
2026/09/16 10:42:54.662, 160.96, 100, 7523
2026/09/16 10:42:55.662, 160.44, 100, 7523
2026/09/16 10:42:56.662, 160.60, 100, 7523
2026/09/16 10:42:57.662, 161.10, 100, 7523
2026/09/16 10:42:58.663, 159.80, 98, 7523
2026/09/16 10:42:59.663, 161.05, 100, 7523
2026/09/16 10:43:00.663, 161.42, 100, 7523
2026/09/16 10:43:01.663, 160.16, 99, 7523
2026/09/16 10:43:02.663, 161.45, 100, 7523
2026/09/16 10:43:03.663, 160.85, 100, 7523
2026/09/16 10:43:04.664, 159.62, 98, 7523
2026/09/16 10:43:05.664, 160.48, 100, 7523
2026/09/16 10:43:06.664, 160.87, 100, 7523
2026/09/16 10:43:07.664, 160.11, 99, 7523
2026/09/16 10:43:08.664, 161.03, 100, 7523
2026/09/16 10:43:09.665, 160.84, 100, 7523
2026/09/16 10:43:10.665, 159.77, 98, 7523
2026/09/16 10:43:11.665, 160.60, 100, 7523
2026/09/16 10:43:12.665, 161.22, 100, 7523
2026/09/16 10:43:13.665, 159.85, 99, 7523
2026/09/16 10:43:14.665, 160.81, 100, 7523
2026/09/16 10:43:15.666, 160.69, 100, 7523
2026/09/16 10:43:16.666, 159.81, 98, 7523
2026/09/16 10:43:17.666, 160.67, 100, 7523
2026/09/16 10:43:18.666, 160.56, 100, 7523
2026/09/16 10:43:19.666, 160.01, 99, 7523
2026/09/16 10:43:20.667, 160.95, 100, 7523
2026/09/16 10:43:21.667, 160.34, 100, 7523
2026/09/16 10:43:22.667, 159.91, 98, 7523
2026/09/16 10:43:23.667, 160.63, 100, 7523
2026/09/16 10:43:24.667, 160.68, 100, 7523
2026/09/16 10:43:25.667, 160.44, 99, 7523
2026/09/16 10:43:26.668, 160.99, 100, 7523
2026/09/16 10:43:27.668, 160.42, 100, 7523
2026/09/16 10:43:28.668, 159.85, 98, 7523
2026/09/16 10:43:29.668, 160.66, 100, 7523
2026/09/16 10:43:30.668, 160.84, 100, 7523
2026/09/16 10:43:31.668, 160.36, 99, 7523
2026/09/16 10:43:32.669, 161.12, 100, 7523
2026/09/16 10:43:33.669, 160.72, 100, 7523
2026/09/16 10:43:34.669, 160.27, 98, 7523
2026/09/16 10:43:35.669, 161.13, 100, 7523
2026/09/16 10:43:36.669, 160.90, 100, 7523
2026/09/16 10:43:37.670, 160.66, 99, 7523
2026/09/16 10:43:38.670, 161.43, 100, 7523
2026/09/16 10:43:39.670, 160.25, 100, 7523
2026/09/16 10:43:40.670, 160.04, 98, 7523
2026/09/16 10:43:41.670, 161.21, 100, 7523
2026/09/16 10:43:42.671, 160.33, 100, 7523
2026/09/16 10:43:43.671, 160.74, 100, 7523
2026/09/16 10:43:44.671, 161.55, 100, 7523
2026/09/16 10:43:45.671, 160.26, 100, 7523
2026/09/16 10:43:46.671, 160.02, 100, 7523
2026/09/16 10:43:47.671, 161.26, 100, 7523
2026/09/16 10:43:48.672, 160.17, 100, 7523
2026/09/16 10:43:49.672, 159.17, 100, 7523
2026/09/16 10:43:50.672, 163.62, 99, 7523
2026/09/16 10:43:51.672, 163.77, 100, 7523
2026/09/16 10:43:52.672, 160.43, 100, 7523
2026/09/16 10:43:53.673, 160.10, 99, 7523
2026/09/16 10:43:54.673, 160.12, 100, 7523
2026/09/16 10:43:55.673, 163.64, 100, 7523
2026/09/16 10:43:56.673, 163.59, 99, 7523
2026/09/16 10:43:57.673, 160.24, 99, 7523
2026/09/16 10:43:58.673, 160.07, 100, 7523
2026/09/16 10:43:59.674, 160.13, 100, 7523
2026/09/16 10:44:00.674, 162.87, 99, 7523
2026/09/16 10:44:01.674, 163.74, 100, 7523
2026/09/16 10:44:02.674, 160.33, 100, 7523
2026/09/16 10:44:03.674, 160.06, 100, 7523
2026/09/16 10:44:04.675, 160.20, 99, 7523
2026/09/16 10:44:05.675, 162.55, 100, 7523
2026/09/16 10:44:06.675, 163.71, 99, 7523
2026/09/16 10:44:07.675, 160.98, 99, 7523
2026/09/16 10:44:08.675, 160.13, 99, 7523
2026/09/16 10:44:09.675, 160.32, 100, 7523
2026/09/16 10:44:10.676, 162.51, 99, 7523
2026/09/16 10:44:11.676, 163.81, 100, 7523
2026/09/16 10:44:12.676, 161.39, 100, 7523
2026/09/16 10:44:13.676, 160.19, 100, 7523
2026/09/16 10:44:14.676, 160.21, 100, 7523
2026/09/16 10:44:15.677, 161.62, 100, 7523
2026/09/16 10:44:16.677, 163.72, 100, 7523
2026/09/16 10:44:17.677, 162.05, 100, 7523
2026/09/16 10:44:18.677, 160.05, 100, 7523
2026/09/16 10:44:19.677, 160.22, 99, 7523
2026/09/16 10:44:20.678, 161.22, 99, 7523
2026/09/16 10:44:21.678, 163.85, 100, 7523
2026/09/16 10:44:22.678, 162.18, 99, 7523
2026/09/16 10:44:23.678, 160.26, 99, 7523
2026/09/16 10:44:24.678, 160.19, 100, 7523
2026/09/16 10:44:25.678, 160.90, 100, 7523
2026/09/16 10:44:26.679, 163.77, 100, 7523
2026/09/16 10:44:27.679, 162.70, 100, 7523
2026/09/16 10:44:28.679, 160.47, 100, 7523
2026/09/16 10:44:29.679, 160.35, 100, 7523
2026/09/16 10:44:30.679, 160.76, 98, 7523
2026/09/16 10:44:31.679, 163.99, 100, 7523
2026/09/16 10:44:32.680, 162.91, 100, 7523
2026/09/16 10:44:33.680, 159.70, 100, 7523
2026/09/16 10:44:34.680, 160.00, 99, 7523
2026/09/16 10:44:35.680, 160.04, 100, 7523
2026/09/16 10:44:36.680, 163.85, 100, 7523
2026/09/16 10:44:37.681, 163.55, 99, 7523
2026/09/16 10:44:38.681, 160.42, 100, 7523
2026/09/16 10:44:39.681, 160.10, 100, 7523
2026/09/16 10:44:40.681, 160.09, 100, 7523
2026/09/16 10:44:41.681, 162.70, 99, 7523
2026/09/16 10:44:42.681, 163.74, 100, 7523
2026/09/16 10:44:43.682, 160.56, 100, 7523
2026/09/16 10:44:44.682, 160.30, 100, 7523
2026/09/16 10:44:45.682, 160.29, 99, 7523
2026/09/16 10:44:46.682, 162.78, 100, 7523
2026/09/16 10:44:47.682, 163.80, 99, 7523
2026/09/16 10:44:48.683, 160.70, 99, 7523
2026/09/16 10:44:49.683, 159.95, 99, 7523
2026/09/16 10:44:50.683, 159.90, 100, 7523
2026/09/16 10:44:51.683, 161.58, 99, 7523
2026/09/16 10:44:52.683, 163.83, 100, 7523
2026/09/16 10:44:53.684, 161.29, 100, 7523
2026/09/16 10:44:54.684, 160.00, 100, 7523
2026/09/16 10:44:55.684, 159.99, 100, 7523
2026/09/16 10:44:56.684, 161.46, 100, 7523
2026/09/16 10:44:57.684, 163.58, 99, 7523
2026/09/16 10:44:58.684, 161.75, 100, 7523
2026/09/16 10:44:59.685, 159.99, 100, 7523
2026/09/16 10:45:00.685, 160.01, 99, 7523
2026/09/16 10:45:01.685, 161.10, 99, 7523
2026/09/16 10:45:02.685, 163.80, 100, 7523
2026/09/16 10:45:03.685, 162.40, 99, 7523
2026/09/16 10:45:04.685, 160.26, 100, 7523
2026/09/16 10:45:05.686, 160.09, 100, 7523
2026/09/16 10:45:06.686, 160.69, 100, 7523
2026/09/16 10:45:07.686, 163.73, 99, 7523
2026/09/16 10:45:08.686, 162.84, 100, 7523
2026/09/16 10:45:09.686, 160.12, 100, 7523
2026/09/16 10:45:10.687, 159.98, 100, 7523
2026/09/16 10:45:11.687, 160.16, 98, 7523
2026/09/16 10:45:12.687, 165.08, 100, 7523
2026/09/16 10:45:13.687, 164.15, 100, 7523
2026/09/16 10:45:14.687, 160.04, 99, 7523
2026/09/16 10:45:15.688, 160.37, 99, 7523
2026/09/16 10:45:16.688, 159.96, 100, 7523
2026/09/16 10:45:17.688, 163.46, 100, 7523
2026/09/16 10:45:18.688, 163.62, 99, 7523
2026/09/16 10:45:19.688, 160.22, 100, 7523
2026/09/16 10:45:20.688, 160.12, 100, 7523
2026/09/16 10:45:21.689, 160.13, 100, 7523
2026/09/16 10:45:22.689, 163.75, 99, 7523
2026/09/16 10:45:23.689, 164.86, 100, 7523
2026/09/16 10:45:24.689, 161.04, 100, 7523
2026/09/16 10:45:25.689, 160.29, 100, 7523
2026/09/16 10:45:26.690, 160.30, 99, 7523
2026/09/16 10:45:27.690, 162.56, 100, 7523
2026/09/16 10:45:28.690, 163.61, 99, 7523
2026/09/16 10:45:29.690, 161.01, 99, 7523
2026/09/16 10:45:30.690, 159.92, 99, 7523
2026/09/16 10:45:31.691, 160.51, 100, 7523
2026/09/16 10:45:32.691, 162.57, 99, 7523
2026/09/16 10:45:33.691, 165.01, 100, 7523
2026/09/16 10:45:34.691, 161.25, 100, 7523
2026/09/16 10:45:35.691, 159.90, 100, 7523
2026/09/16 10:45:36.691, 160.01, 100, 7523
2026/09/16 10:45:37.692, 161.85, 100, 7523
2026/09/16 10:45:38.692, 163.80, 99, 7523
2026/09/16 10:45:39.692, 161.76, 100, 7523
2026/09/16 10:45:40.692, 160.10, 100, 7523
2026/09/16 10:45:41.692, 160.02, 99, 7523
2026/09/16 10:45:42.693, 120.83, 26, 7523
2026/09/16 10:45:43.693, 84.91, 98, 7523
2026/09/16 10:45:44.693, 160.12, 100, 7523
2026/09/16 10:45:45.693, 160.38, 100, 7523
2026/09/16 10:45:46.693, 159.85, 99, 7523
2026/09/16 10:45:47.694, 160.51, 100, 7523
2026/09/16 10:45:48.694, 160.98, 100, 7523
2026/09/16 10:45:49.694, 159.40, 98, 7523
2026/09/16 10:45:50.694, 160.41, 100, 7523
2026/09/16 10:45:51.694, 160.59, 100, 7523
2026/09/16 10:45:52.694, 159.83, 99, 7523
2026/09/16 10:45:53.695, 160.73, 100, 7523
2026/09/16 10:45:54.695, 160.84, 100, 7523
2026/09/16 10:45:55.695, 159.74, 98, 7523
2026/09/16 10:45:56.695, 161.12, 100, 7523
2026/09/16 10:45:57.695, 160.92, 100, 7523
2026/09/16 10:45:58.696, 160.09, 99, 7523
2026/09/16 10:45:59.696, 160.69, 100, 7523
2026/09/16 10:46:00.696, 160.76, 100, 7523
2026/09/16 10:46:01.696, 159.49, 98, 7523
2026/09/16 10:46:02.696, 161.12, 100, 7523
2026/09/16 10:46:03.697, 160.32, 100, 7523
2026/09/16 10:46:04.697, 160.14, 99, 7523
2026/09/16 10:46:05.697, 160.95, 100, 7523
2026/09/16 10:46:06.697, 160.44, 100, 7523
2026/09/16 10:46:07.697, 159.70, 98, 7523
2026/09/16 10:46:08.698, 161.26, 100, 7523
2026/09/16 10:46:09.698, 160.58, 100, 7523
2026/09/16 10:46:10.698, 160.06, 99, 7523
2026/09/16 10:46:11.698, 161.22, 100, 7523
2026/09/16 10:46:12.698, 160.57, 100, 7523
2026/09/16 10:46:13.698, 159.55, 98, 7523
2026/09/16 10:46:14.699, 161.16, 100, 7523
2026/09/16 10:46:15.699, 160.40, 100, 7523
2026/09/16 10:46:16.699, 160.68, 99, 7523
2026/09/16 10:46:17.699, 161.46, 100, 7523
2026/09/16 10:46:18.699, 160.72, 100, 7523
2026/09/16 10:46:19.700, 159.75, 98, 7523
2026/09/16 10:46:20.700, 161.18, 100, 7523
2026/09/16 10:46:21.700, 160.55, 100, 7523
2026/09/16 10:46:22.700, 160.65, 99, 7523
2026/09/16 10:46:23.700, 161.34, 100, 7523
2026/09/16 10:46:24.700, 160.78, 100, 7523
2026/09/16 10:46:25.701, 160.52, 99, 7523
2026/09/16 10:46:26.701, 161.23, 100, 7523
2026/09/16 10:46:27.701, 160.38, 100, 7523
2026/09/16 10:46:28.701, 160.45, 100, 7523
2026/09/16 10:46:29.701, 161.05, 100, 7523
2026/09/16 10:46:30.701, 160.18, 100, 7523
2026/09/16 10:46:31.702, 160.31, 100, 7523
2026/09/16 10:46:32.702, 161.60, 100, 7523
2026/09/16 10:46:33.702, 160.20, 100, 7523
2026/09/16 10:46:34.702, 160.37, 100, 7523
2026/09/16 10:46:35.702, 160.97, 100, 7523
2026/09/16 10:46:36.702, 160.29, 100, 7523
2026/09/16 10:46:37.703, 160.20, 100, 7523
2026/09/16 10:46:38.703, 160.99, 100, 7523
2026/09/16 10:46:39.703, 160.43, 100, 7523
2026/09/16 10:46:40.703, 160.94, 100, 7523
2026/09/16 10:46:41.703, 161.36, 100, 7523
2026/09/16 10:46:42.703, 160.03, 100, 7523
2026/09/16 10:46:43.704, 160.06, 100, 7523
2026/09/16 10:46:44.704, 160.81, 100, 7523
2026/09/16 10:46:45.704, 160.13, 100, 7523
2026/09/16 10:46:46.704, 160.41, 100, 7523
2026/09/16 10:46:47.704, 160.78, 100, 7523
2026/09/16 10:46:48.705, 159.58, 98, 7523
2026/09/16 10:46:49.705, 160.28, 100, 7523
2026/09/16 10:46:50.705, 161.39, 100, 7523
2026/09/16 10:46:51.705, 159.60, 99, 7523
2026/09/16 10:46:52.705, 161.20, 100, 7523
2026/09/16 10:46:53.705, 161.11, 100, 7523
2026/09/16 10:46:54.706, 158.54, 98, 7523
2026/09/16 10:46:55.706, 160.19, 100, 7523
2026/09/16 10:46:56.706, 160.67, 100, 7523
2026/09/16 10:46:57.706, 159.80, 99, 7523
2026/09/16 10:46:58.707, 160.67, 100, 7523
2026/09/16 10:46:59.707, 160.67, 100, 7523
2026/09/16 10:47:00.707, 159.60, 98, 7523
2026/09/16 10:47:01.707, 161.72, 100, 7523
2026/09/16 10:47:02.707, 161.02, 100, 7523
2026/09/16 10:47:03.707, 159.88, 99, 7523
2026/09/16 10:47:04.708, 161.38, 100, 7523
2026/09/16 10:47:05.708, 160.94, 100, 7523
2026/09/16 10:47:06.708, 159.66, 98, 7523
2026/09/16 10:47:07.708, 160.88, 100, 7523
2026/09/16 10:47:08.708, 160.74, 100, 7523
2026/09/16 10:47:09.709, 160.03, 99, 7523
2026/09/16 10:47:10.709, 160.75, 100, 7523
2026/09/16 10:47:11.709, 160.52, 100, 7523
2026/09/16 10:47:12.709, 159.74, 98, 7523
2026/09/16 10:47:13.709, 160.70, 100, 7523
2026/09/16 10:47:14.709, 160.35, 100, 7523
2026/09/16 10:47:15.710, 159.98, 99, 7523
2026/09/16 10:47:16.710, 161.11, 100, 7523
2026/09/16 10:47:17.710, 160.67, 100, 7523
2026/09/16 10:47:18.710, 160.17, 98, 7523
2026/09/16 10:47:19.710, 160.73, 100, 7523
2026/09/16 10:47:20.711, 160.93, 100, 7523
2026/09/16 10:47:21.711, 160.40, 99, 7523
2026/09/16 10:47:22.711, 161.23, 100, 7523
2026/09/16 10:47:23.711, 160.77, 100, 7523
2026/09/16 10:47:24.711, 159.96, 98, 7523
2026/09/16 10:47:25.712, 160.74, 100, 7523
2026/09/16 10:47:26.712, 160.74, 100, 7523
2026/09/16 10:47:27.712, 160.54, 99, 7523
2026/09/16 10:47:28.712, 161.31, 100, 7523
2026/09/16 10:47:29.712, 160.17, 100, 7523
2026/09/16 10:47:30.712, 159.88, 99, 7523
2026/09/16 10:47:31.713, 161.12, 100, 7523
2026/09/16 10:47:32.713, 160.50, 100, 7523
2026/09/16 10:47:33.713, 160.65, 100, 7523
2026/09/16 10:47:34.713, 161.41, 100, 7523
2026/09/16 10:47:35.713, 160.16, 100, 7523
2026/09/16 10:47:36.713, 160.13, 100, 7523
2026/09/16 10:47:37.714, 161.54, 100, 7523
2026/09/16 10:47:38.714, 160.38, 100, 7523
2026/09/16 10:47:39.714, 160.76, 100, 7523
2026/09/16 10:47:40.714, 161.06, 100, 7523
2026/09/16 10:47:41.714, 160.34, 100, 7523
2026/09/16 10:47:42.715, 160.18, 100, 7523
2026/09/16 10:47:43.715, 160.97, 100, 7523
2026/09/16 10:47:44.715, 160.30, 100, 7523
2026/09/16 10:47:45.715, 159.72, 100, 7523
2026/09/16 10:47:46.715, 161.51, 100, 7523
2026/09/16 10:47:47.715, 160.24, 100, 7523
2026/09/16 10:47:48.716, 160.51, 100, 7523
2026/09/16 10:47:49.716, 160.96, 100, 7523
2026/09/16 10:47:50.716, 160.08, 100, 7523
2026/09/16 10:47:51.716, 160.91, 100, 7523
2026/09/16 10:47:52.717, 161.08, 100, 7523
2026/09/16 10:47:53.717, 160.30, 100, 7523
2026/09/16 10:47:54.717, 160.52, 100, 7523
2026/09/16 10:47:55.717, 161.24, 100, 7523
2026/09/16 10:47:56.717, 160.20, 99, 7523
2026/09/16 10:47:57.717, 160.88, 100, 7523
2026/09/16 10:47:58.718, 161.28, 100, 7523
2026/09/16 10:47:59.718, 159.54, 98, 7523
2026/09/16 10:48:00.718, 160.37, 100, 7523
2026/09/16 10:48:01.718, 160.72, 100, 7523
2026/09/16 10:48:02.718, 159.66, 99, 7523
2026/09/16 10:48:03.719, 160.63, 100, 7523
2026/09/16 10:48:04.719, 160.98, 100, 7523
2026/09/16 10:48:05.719, 159.58, 98, 7523
2026/09/16 10:48:06.719, 160.55, 100, 7523
2026/09/16 10:48:07.720, 160.94, 100, 7523
2026/09/16 10:48:08.720, 160.00, 99, 7523
2026/09/16 10:48:09.720, 161.21, 100, 7523
2026/09/16 10:48:10.720, 161.02, 100, 7523
2026/09/16 10:48:11.720, 159.53, 98, 7523
2026/09/16 10:48:12.721, 160.36, 100, 7523
2026/09/16 10:48:13.721, 160.54, 100, 7523
2026/09/16 10:48:14.721, 160.20, 99, 7523
2026/09/16 10:48:15.721, 161.02, 100, 7523
2026/09/16 10:48:16.721, 160.60, 100, 7523
2026/09/16 10:48:17.721, 159.53, 98, 7523
2026/09/16 10:48:18.722, 160.28, 99, 7523
2026/09/16 10:48:19.722, 163.19, 100, 7523
2026/09/16 10:48:20.722, 160.37, 100, 7523
2026/09/16 10:48:21.722, 158.66, 100, 7523
2026/09/16 10:48:22.722, 158.73, 100, 7523
2026/09/16 10:48:23.723, 160.59, 100, 7523
2026/09/16 10:48:24.723, 163.39, 99, 7523
2026/09/16 10:48:25.723, 160.79, 100, 7523
2026/09/16 10:48:26.723, 158.60, 99, 7523
2026/09/16 10:48:27.723, 158.33, 99, 7523
2026/09/16 10:48:28.723, 159.65, 99, 7523
2026/09/16 10:48:29.724, 163.03, 100, 7523
2026/09/16 10:48:30.724, 161.31, 99, 7523
2026/09/16 10:48:31.724, 158.65, 100, 7523
2026/09/16 10:48:32.724, 158.82, 100, 7523
2026/09/16 10:48:33.724, 159.06, 100, 7523
2026/09/16 10:48:34.725, 163.27, 99, 7523
2026/09/16 10:48:35.725, 162.33, 100, 7523
2026/09/16 10:48:36.725, 158.89, 100, 7523
2026/09/16 10:48:37.725, 158.73, 99, 7523
2026/09/16 10:48:38.725, 158.62, 100, 7523
2026/09/16 10:48:39.726, 162.81, 100, 7523
2026/09/16 10:48:40.726, 162.95, 99, 7523
2026/09/16 10:48:41.726, 158.89, 100, 7523
2026/09/16 10:48:42.726, 158.77, 100, 7523
2026/09/16 10:48:43.726, 158.79, 100, 7523
2026/09/16 10:48:44.727, 161.75, 99, 7523
2026/09/16 10:48:45.727, 163.34, 100, 7523
2026/09/16 10:48:46.727, 159.24, 100, 7523
2026/09/16 10:48:47.727, 158.79, 100, 7523
2026/09/16 10:48:48.727, 158.71, 99, 7523
2026/09/16 10:48:49.727, 161.62, 100, 7523
2026/09/16 10:48:50.728, 163.25, 99, 7523
2026/09/16 10:48:51.728, 159.89, 99, 7523
2026/09/16 10:48:52.728, 158.76, 100, 7523
2026/09/16 10:48:53.728, 158.74, 100, 7523
2026/09/16 10:48:54.728, 160.86, 100, 7523
2026/09/16 10:48:55.729, 163.26, 100, 7523
2026/09/16 10:48:56.729, 160.95, 100, 7523
2026/09/16 10:48:57.729, 159.10, 100, 7523
2026/09/16 10:48:58.729, 159.09, 99, 7523
2026/09/16 10:48:59.729, 160.11, 99, 7523
2026/09/16 10:49:00.730, 163.31, 99, 7523
2026/09/16 10:49:01.730, 161.55, 99, 7523
2026/09/16 10:49:02.730, 159.49, 99, 7523
2026/09/16 10:49:03.730, 159.62, 100, 7523
2026/09/16 10:49:04.730, 160.42, 100, 7523
2026/09/16 10:49:05.730, 163.18, 100, 7523
2026/09/16 10:49:06.731, 161.85, 100, 7523
2026/09/16 10:49:07.731, 158.60, 100, 7523
2026/09/16 10:49:08.731, 158.48, 100, 7523
2026/09/16 10:49:09.731, 158.89, 98, 7523
2026/09/16 10:49:10.731, 162.78, 100, 7523
2026/09/16 10:49:11.731, 162.67, 100, 7523
2026/09/16 10:49:12.732, 158.54, 99, 7523
2026/09/16 10:49:13.732, 158.66, 99, 7523
2026/09/16 10:49:14.732, 158.75, 100, 7523
2026/09/16 10:49:15.732, 162.72, 100, 7523
2026/09/16 10:49:16.732, 163.31, 99, 7523
2026/09/16 10:49:17.733, 159.09, 100, 7523
2026/09/16 10:49:18.733, 158.71, 100, 7523
2026/09/16 10:49:19.733, 158.62, 100, 7523
2026/09/16 10:49:20.733, 162.00, 100, 7523
2026/09/16 10:49:21.733, 163.24, 100, 7523
2026/09/16 10:49:22.734, 159.53, 100, 7523
2026/09/16 10:49:23.734, 158.71, 99, 7523
2026/09/16 10:49:24.734, 158.79, 100, 7523
2026/09/16 10:49:25.734, 161.32, 99, 7523
2026/09/16 10:49:26.734, 163.46, 100, 7523
2026/09/16 10:49:27.735, 160.56, 100, 7523
2026/09/16 10:49:28.735, 158.82, 100, 7523
2026/09/16 10:49:29.735, 158.56, 100, 7523
2026/09/16 10:49:30.735, 160.92, 100, 7523
2026/09/16 10:49:31.735, 163.18, 99, 7523
2026/09/16 10:49:32.735, 160.91, 100, 7523
2026/09/16 10:49:33.736, 158.38, 100, 7523
2026/09/16 10:49:34.736, 159.58, 99, 7523
2026/09/16 10:49:35.736, 160.65, 99, 7523
2026/09/16 10:49:36.736, 163.24, 100, 7523
2026/09/16 10:49:37.736, 161.35, 99, 7523
2026/09/16 10:49:38.737, 159.50, 100, 7523
2026/09/16 10:49:39.737, 158.69, 100, 7523
2026/09/16 10:49:40.737, 159.23, 100, 7523
2026/09/16 10:49:41.737, 163.07, 99, 7523
2026/09/16 10:49:42.737, 162.07, 100, 7523
2026/09/16 10:49:43.737, 158.52, 100, 7523
2026/09/16 10:49:44.738, 158.49, 100, 7523
2026/09/16 10:49:45.738, 158.38, 98, 7523
2026/09/16 10:49:46.738, 162.48, 100, 7523
2026/09/16 10:49:47.738, 162.72, 100, 7523
2026/09/16 10:49:48.738, 158.56, 99, 7523
2026/09/16 10:49:49.739, 158.74, 100, 7523
2026/09/16 10:49:50.739, 158.51, 100, 7523
2026/09/16 10:49:51.739, 162.17, 99, 7523
2026/09/16 10:49:52.739, 163.23, 100, 7523
2026/09/16 10:49:53.739, 160.00, 100, 7523
2026/09/16 10:49:54.739, 159.82, 100, 7523
2026/09/16 10:49:55.740, 159.32, 99, 7523
2026/09/16 10:49:56.740, 161.38, 100, 7523
2026/09/16 10:49:57.740, 163.41, 99, 7523
2026/09/16 10:49:58.740, 159.68, 99, 7523
2026/09/16 10:49:59.740, 158.77, 99, 7523
2026/09/16 10:50:00.741, 158.67, 100, 7523
2026/09/16 10:50:01.741, 160.83, 99, 7523
2026/09/16 10:50:02.741, 163.09, 100, 7523
2026/09/16 10:50:03.741, 159.89, 100, 7523
2026/09/16 10:50:04.741, 159.02, 100, 7523
2026/09/16 10:50:05.742, 158.82, 100, 7523
2026/09/16 10:50:06.742, 160.93, 100, 7523
2026/09/16 10:50:07.742, 162.99, 99, 7523
2026/09/16 10:50:08.742, 160.60, 100, 7523
2026/09/16 10:50:09.742, 158.49, 99, 7523
2026/09/16 10:50:10.742, 158.42, 99, 7523
2026/09/16 10:50:11.743, 110.21, 26, 7523
2026/09/16 10:50:12.743, 90.51, 100, 7523
2026/09/16 10:50:13.743, 160.05, 99, 7523
2026/09/16 10:50:14.743, 160.44, 100, 7523
2026/09/16 10:50:15.743, 159.62, 100, 7523
2026/09/16 10:50:16.743, 161.03, 100, 7523
2026/09/16 10:50:17.744, 159.91, 100, 7523
2026/09/16 10:50:18.744, 159.44, 100, 7523
2026/09/16 10:50:19.744, 160.93, 100, 7523
2026/09/16 10:50:20.744, 160.52, 100, 7523
2026/09/16 10:50:21.744, 159.99, 99, 7523
2026/09/16 10:50:22.745, 160.58, 100, 7523
2026/09/16 10:50:23.745, 160.45, 100, 7523
2026/09/16 10:50:24.745, 159.87, 98, 7523
2026/09/16 10:50:25.745, 160.60, 100, 7523
2026/09/16 10:50:26.745, 160.63, 100, 7523
2026/09/16 10:50:27.745, 160.30, 99, 7523
2026/09/16 10:50:28.746, 160.92, 100, 7523
2026/09/16 10:50:29.746, 159.88, 100, 7523
2026/09/16 10:50:30.746, 159.34, 98, 7523
2026/09/16 10:50:31.746, 160.78, 100, 7523
2026/09/16 10:50:32.746, 160.19, 100, 7523
2026/09/16 10:50:33.747, 160.13, 99, 7523
2026/09/16 10:50:34.747, 160.79, 100, 7523
2026/09/16 10:50:35.747, 159.91, 100, 7523
2026/09/16 10:50:36.747, 159.61, 100, 7523
2026/09/16 10:50:37.747, 160.88, 100, 7523
2026/09/16 10:50:38.748, 160.22, 100, 7523
2026/09/16 10:50:39.748, 160.19, 100, 7523
2026/09/16 10:50:40.748, 161.15, 100, 7523
2026/09/16 10:50:41.748, 159.75, 100, 7523
2026/09/16 10:50:42.748, 159.81, 100, 7523
2026/09/16 10:50:43.748, 160.70, 100, 7523
2026/09/16 10:50:44.749, 160.00, 100, 7523
2026/09/16 10:50:45.749, 160.17, 100, 7523
2026/09/16 10:50:46.749, 160.95, 100, 7523
2026/09/16 10:50:47.749, 159.94, 100, 7523
2026/09/16 10:50:48.749, 160.02, 100, 7523
2026/09/16 10:50:49.750, 160.96, 100, 7523
2026/09/16 10:50:50.750, 159.82, 100, 7523
2026/09/16 10:50:51.750, 160.27, 100, 7523
2026/09/16 10:50:52.750, 160.94, 100, 7523
2026/09/16 10:50:53.750, 160.15, 100, 7523
2026/09/16 10:50:54.751, 160.21, 100, 7523
2026/09/16 10:50:55.751, 160.65, 100, 7523
2026/09/16 10:50:56.751, 159.80, 100, 7523
2026/09/16 10:50:57.751, 160.46, 100, 7523
2026/09/16 10:50:58.751, 160.52, 100, 7523
2026/09/16 10:50:59.752, 159.49, 98, 7523
2026/09/16 10:51:00.752, 160.20, 100, 7523
2026/09/16 10:51:01.752, 160.57, 100, 7523
2026/09/16 10:51:02.752, 159.55, 99, 7523
2026/09/16 10:51:03.752, 160.55, 100, 7523
2026/09/16 10:51:04.752, 160.57, 100, 7523
2026/09/16 10:51:05.753, 159.39, 98, 7523
2026/09/16 10:51:06.753, 160.21, 100, 7523
2026/09/16 10:51:07.753, 160.61, 100, 7523
2026/09/16 10:51:08.753, 159.55, 99, 7523
2026/09/16 10:51:09.753, 161.04, 100, 7523
2026/09/16 10:51:10.754, 160.86, 100, 7523
2026/09/16 10:51:11.754, 159.39, 98, 7523
2026/09/16 10:51:12.754, 160.38, 100, 7523
2026/09/16 10:51:13.754, 160.87, 100, 7523
2026/09/16 10:51:14.754, 159.81, 98, 7523
2026/09/16 10:51:15.755, 160.85, 100, 7523
2026/09/16 10:51:16.755, 160.62, 100, 7523
2026/09/16 10:51:17.755, 159.80, 98, 7523
2026/09/16 10:51:18.755, 160.74, 100, 7523
2026/09/16 10:51:19.755, 160.34, 100, 7523
2026/09/16 10:51:20.755, 160.04, 99, 7523
2026/09/16 10:51:21.756, 161.18, 100, 7523
2026/09/16 10:51:22.756, 160.91, 100, 7523
2026/09/16 10:51:23.756, 159.61, 98, 7523
2026/09/16 10:51:24.756, 160.58, 100, 7523
2026/09/16 10:51:25.756, 160.72, 100, 7523
2026/09/16 10:51:26.756, 159.75, 98, 7523
2026/09/16 10:51:27.757, 161.21, 100, 7523
2026/09/16 10:51:28.757, 160.83, 100, 7523
2026/09/16 10:51:29.757, 159.90, 98, 7523
2026/09/16 10:51:30.757, 160.59, 100, 7523
2026/09/16 10:51:31.757, 160.57, 100, 7523
2026/09/16 10:51:32.758, 160.57, 99, 7523
2026/09/16 10:51:33.758, 161.36, 100, 7523
2026/09/16 10:51:34.758, 160.43, 100, 7523
2026/09/16 10:51:35.758, 160.02, 98, 7523
2026/09/16 10:51:36.758, 160.86, 100, 7523
2026/09/16 10:51:37.759, 160.24, 100, 7523
2026/09/16 10:51:38.759, 160.06, 99, 7523
2026/09/16 10:51:39.759, 161.11, 100, 7523
2026/09/16 10:51:40.759, 160.37, 100, 7523
2026/09/16 10:51:41.759, 160.00, 98, 7523
2026/09/16 10:51:42.760, 160.87, 100, 7523
2026/09/16 10:51:43.760, 160.28, 100, 7523
2026/09/16 10:51:44.760, 160.46, 99, 7523
2026/09/16 10:51:45.760, 161.18, 100, 7523
2026/09/16 10:51:46.760, 160.70, 100, 7523
2026/09/16 10:51:47.760, 160.33, 100, 7523
2026/09/16 10:51:48.761, 161.32, 100, 7523
2026/09/16 10:51:49.761, 160.14, 100, 7523
2026/09/16 10:51:50.761, 160.29, 100, 7523
2026/09/16 10:51:51.761, 161.41, 100, 7523
2026/09/16 10:51:52.761, 160.48, 100, 7523
2026/09/16 10:51:53.762, 160.23, 100, 7523
2026/09/16 10:51:54.762, 161.69, 100, 7523
2026/09/16 10:51:55.762, 160.49, 100, 7523
2026/09/16 10:51:56.762, 160.63, 100, 7523
2026/09/16 10:51:57.762, 161.54, 100, 7523
2026/09/16 10:51:58.762, 160.26, 100, 7523
2026/09/16 10:51:59.763, 160.43, 100, 7523
2026/09/16 10:52:00.763, 161.58, 100, 7523
2026/09/16 10:52:01.763, 160.04, 100, 7523
2026/09/16 10:52:02.763, 160.94, 100, 7523
2026/09/16 10:52:03.763, 160.91, 100, 7523
2026/09/16 10:52:04.764, 160.16, 100, 7523
2026/09/16 10:52:05.764, 160.29, 100, 7523
2026/09/16 10:52:06.764, 161.03, 100, 7523
2026/09/16 10:52:07.764, 160.33, 99, 7523
2026/09/16 10:52:08.764, 161.04, 100, 7523
2026/09/16 10:52:09.764, 161.29, 100, 7523
2026/09/16 10:52:10.765, 159.72, 98, 7523
2026/09/16 10:52:11.765, 160.54, 100, 7523
2026/09/16 10:52:12.765, 160.85, 100, 7523
2026/09/16 10:52:13.765, 160.03, 99, 7523
2026/09/16 10:52:14.765, 160.76, 100, 7523
2026/09/16 10:52:15.765, 160.93, 100, 7523
2026/09/16 10:52:16.766, 159.44, 98, 7523
2026/09/16 10:52:17.766, 160.47, 100, 7523
2026/09/16 10:52:18.766, 160.81, 100, 7523
2026/09/16 10:52:19.766, 160.34, 99, 7523
2026/09/16 10:52:20.766, 161.58, 100, 7523
2026/09/16 10:52:21.767, 161.16, 100, 7523
2026/09/16 10:52:22.767, 159.86, 98, 7523
2026/09/16 10:52:23.767, 160.63, 100, 7523
2026/09/16 10:52:24.767, 161.06, 100, 7523
2026/09/16 10:52:25.767, 160.20, 99, 7523
2026/09/16 10:52:26.767, 160.92, 100, 7523
2026/09/16 10:52:27.768, 160.56, 100, 7523
2026/09/16 10:52:28.768, 159.87, 98, 7523
2026/09/16 10:52:29.768, 160.77, 100, 7523
2026/09/16 10:52:30.768, 160.58, 100, 7523
2026/09/16 10:52:31.768, 160.15, 99, 7523
2026/09/16 10:52:32.769, 161.07, 100, 7523
2026/09/16 10:52:33.769, 161.04, 100, 7523
2026/09/16 10:52:34.769, 160.11, 98, 7523
2026/09/16 10:52:35.769, 160.73, 100, 7523
2026/09/16 10:52:36.769, 160.37, 100, 7523
2026/09/16 10:52:37.769, 160.18, 99, 7523
2026/09/16 10:52:38.770, 161.14, 100, 7523
2026/09/16 10:52:39.770, 160.49, 100, 7523
2026/09/16 10:52:40.770, 160.25, 98, 7523
2026/09/16 10:52:41.770, 160.93, 100, 7523
2026/09/16 10:52:42.770, 160.37, 100, 7523
2026/09/16 10:52:43.771, 160.00, 99, 7523
2026/09/16 10:52:44.771, 161.05, 100, 7523
2026/09/16 10:52:45.771, 160.38, 100, 7523
2026/09/16 10:52:46.771, 160.00, 100, 7523
2026/09/16 10:52:47.771, 163.33, 100, 7523
2026/09/16 10:52:48.771, 161.67, 100, 7523
2026/09/16 10:52:49.772, 159.89, 100, 7523
2026/09/16 10:52:50.772, 159.50, 99, 7523
2026/09/16 10:52:51.772, 160.74, 100, 7523
2026/09/16 10:52:52.772, 163.26, 99, 7523
2026/09/16 10:52:53.772, 161.72, 100, 7523
2026/09/16 10:52:54.773, 159.64, 99, 7523
2026/09/16 10:52:55.773, 159.45, 100, 7523
2026/09/16 10:52:56.773, 160.44, 100, 7523
2026/09/16 10:52:57.773, 163.45, 100, 7523
2026/09/16 10:52:58.773, 162.41, 100, 7523
2026/09/16 10:52:59.773, 159.70, 100, 7523
2026/09/16 10:53:00.774, 159.68, 100, 7523
2026/09/16 10:53:01.774, 160.00, 100, 7523
2026/09/16 10:53:02.774, 163.47, 99, 7523
2026/09/16 10:53:03.774, 162.85, 100, 7523
2026/09/16 10:53:04.774, 159.91, 100, 7523
2026/09/16 10:53:05.774, 159.73, 99, 7523
2026/09/16 10:53:06.775, 159.72, 100, 7523
2026/09/16 10:53:07.775, 162.85, 100, 7523
2026/09/16 10:53:08.775, 163.15, 99, 7523
2026/09/16 10:53:09.775, 159.80, 99, 7523
2026/09/16 10:53:10.775, 159.94, 100, 7523
2026/09/16 10:53:11.776, 159.73, 100, 7523
2026/09/16 10:53:12.776, 163.14, 99, 7523
2026/09/16 10:53:13.776, 163.52, 100, 7523
2026/09/16 10:53:14.776, 160.04, 100, 7523
2026/09/16 10:53:15.776, 159.86, 100, 7523
2026/09/16 10:53:16.776, 159.73, 99, 7523
2026/09/16 10:53:17.777, 162.38, 100, 7523
2026/09/16 10:53:18.777, 163.39, 100, 7523
2026/09/16 10:53:19.777, 160.73, 100, 7523
2026/09/16 10:53:20.777, 159.70, 99, 7523
2026/09/16 10:53:21.777, 159.72, 100, 7523
2026/09/16 10:53:22.777, 161.74, 99, 7523
2026/09/16 10:53:23.777, 163.38, 100, 7523
2026/09/16 10:53:24.778, 160.64, 100, 7523
2026/09/16 10:53:25.778, 159.97, 100, 7523
2026/09/16 10:53:26.778, 159.98, 100, 7523
2026/09/16 10:53:27.778, 161.33, 100, 7523
2026/09/16 10:53:28.778, 163.34, 100, 7523
2026/09/16 10:53:29.779, 161.53, 100, 7523
2026/09/16 10:53:30.779, 159.87, 100, 7523
2026/09/16 10:53:31.779, 159.67, 99, 7523
2026/09/16 10:53:32.779, 160.89, 99, 7523
2026/09/16 10:53:33.779, 163.71, 100, 7523
2026/09/16 10:53:34.779, 161.51, 99, 7523
2026/09/16 10:53:35.780, 158.89, 99, 7523
2026/09/16 10:53:36.780, 159.27, 100, 7523
2026/09/16 10:53:37.780, 160.46, 100, 7523
2026/09/16 10:53:38.780, 163.17, 100, 7523
2026/09/16 10:53:39.780, 162.29, 100, 7523
2026/09/16 10:53:40.780, 158.88, 100, 7523
2026/09/16 10:53:41.781, 159.46, 100, 7523
2026/09/16 10:53:42.781, 159.65, 98, 7523
2026/09/16 10:53:43.781, 163.37, 100, 7523
2026/09/16 10:53:44.781, 162.70, 100, 7523
2026/09/16 10:53:45.781, 159.93, 99, 7523
2026/09/16 10:53:46.781, 160.14, 99, 7523
2026/09/16 10:53:47.782, 160.20, 100, 7523
2026/09/16 10:53:48.782, 163.04, 100, 7523
2026/09/16 10:53:49.782, 163.33, 99, 7523
2026/09/16 10:53:50.782, 160.31, 100, 7523
2026/09/16 10:53:51.782, 159.90, 100, 7523
2026/09/16 10:53:52.782, 159.74, 100, 7523
2026/09/16 10:53:53.791, 162.53, 99, 7523
2026/09/16 10:53:54.791, 163.43, 100, 7523
2026/09/16 10:53:55.792, 160.11, 100, 7523
2026/09/16 10:53:56.792, 159.52, 100, 7523
2026/09/16 10:53:57.792, 159.59, 99, 7523
2026/09/16 10:53:58.801, 161.95, 100, 7523
2026/09/16 10:53:59.801, 163.15, 99, 7523
2026/09/16 10:54:00.801, 160.42, 99, 7523
2026/09/16 10:54:01.801, 159.57, 100, 7523
2026/09/16 10:54:02.801, 159.58, 100, 7523
2026/09/16 10:54:03.801, 161.34, 99, 7523
2026/09/16 10:54:04.802, 163.38, 100, 7523
2026/09/16 10:54:05.802, 160.96, 100, 7523
2026/09/16 10:54:06.802, 159.64, 100, 7523
2026/09/16 10:54:07.802, 159.52, 100, 7523
2026/09/16 10:54:08.811, 161.23, 100, 7523
2026/09/16 10:54:09.811, 163.30, 99, 7523
2026/09/16 10:54:10.811, 161.42, 100, 7523
2026/09/16 10:54:11.811, 159.82, 99, 7523
2026/09/16 10:54:12.812, 159.50, 99, 7523
2026/09/16 10:54:13.812, 160.47, 99, 7523
2026/09/16 10:54:14.812, 163.39, 100, 7523
2026/09/16 10:54:15.812, 161.86, 99, 7523
2026/09/16 10:54:16.812, 159.69, 100, 7523
2026/09/16 10:54:17.812, 159.94, 100, 7523
2026/09/16 10:54:18.813, 160.41, 100, 7523
2026/09/16 10:54:19.813, 163.24, 99, 7523
2026/09/16 10:54:20.813, 162.55, 100, 7523
2026/09/16 10:54:21.813, 160.01, 100, 7523
2026/09/16 10:54:22.813, 159.84, 100, 7523
2026/09/16 10:54:23.814, 159.88, 98, 7523
2026/09/16 10:54:24.814, 162.79, 100, 7523
2026/09/16 10:54:25.814, 162.74, 100, 7523
2026/09/16 10:54:26.814, 159.31, 99, 7523
2026/09/16 10:54:27.814, 159.48, 99, 7523
2026/09/16 10:54:28.815, 159.55, 100, 7523
2026/09/16 10:54:29.815, 162.51, 100, 7523
2026/09/16 10:54:30.815, 163.14, 99, 7523
2026/09/16 10:54:31.815, 159.98, 100, 7523
2026/09/16 10:54:32.815, 159.77, 100, 7523
2026/09/16 10:54:33.816, 159.57, 100, 7523
2026/09/16 10:54:34.816, 162.17, 100, 7523
2026/09/16 10:54:35.816, 163.46, 100, 7523
2026/09/16 10:54:36.816, 160.61, 100, 7523
2026/09/16 10:54:37.816, 159.85, 100, 7523
2026/09/16 10:54:38.825, 159.52, 99, 7523
2026/09/16 10:54:39.825, 80.11, 0, 7523
2026/09/16 10:54:40.825, 130.75, 100, 7523
2026/09/16 10:54:41.826, 159.67, 99, 7523
2026/09/16 10:54:42.826, 160.61, 100, 7523
2026/09/16 10:54:43.826, 160.80, 100, 7523
2026/09/16 10:54:44.826, 159.84, 98, 7523
2026/09/16 10:54:45.826, 160.71, 100, 7523
2026/09/16 10:54:46.826, 160.41, 100, 7523
2026/09/16 10:54:47.827, 160.26, 99, 7523
2026/09/16 10:54:48.827, 160.95, 100, 7523
2026/09/16 10:54:49.827, 160.40, 100, 7523
2026/09/16 10:54:50.827, 160.04, 98, 7523
2026/09/16 10:54:51.827, 160.53, 100, 7523
2026/09/16 10:54:52.828, 160.54, 100, 7523
2026/09/16 10:54:53.836, 160.01, 99, 7523
2026/09/16 10:54:54.837, 160.95, 100, 7523
2026/09/16 10:54:55.837, 160.07, 100, 7523
2026/09/16 10:54:56.837, 159.71, 100, 7523
2026/09/16 10:54:57.837, 161.07, 100, 7523
2026/09/16 10:54:58.846, 160.15, 100, 7523
2026/09/16 10:54:59.846, 160.50, 100, 7523
2026/09/16 10:55:00.846, 161.01, 100, 7523
2026/09/16 10:55:01.846, 160.28, 100, 7523
2026/09/16 10:55:02.847, 160.20, 100, 7523
2026/09/16 10:55:03.855, 161.52, 100, 7523
2026/09/16 10:55:04.855, 160.11, 100, 7523
2026/09/16 10:55:05.856, 160.39, 100, 7523
2026/09/16 10:55:06.856, 160.65, 100, 7523
2026/09/16 10:55:07.856, 160.08, 100, 7523
2026/09/16 10:55:08.865, 160.01, 100, 7523
2026/09/16 10:55:09.865, 160.77, 100, 7523
2026/09/16 10:55:10.865, 160.26, 100, 7523
2026/09/16 10:55:11.865, 160.42, 100, 7523
2026/09/16 10:55:12.865, 160.72, 100, 7523
2026/09/16 10:55:13.866, 159.85, 99, 7523
2026/09/16 10:55:14.866, 160.08, 100, 7523
2026/09/16 10:55:15.866, 161.07, 100, 7523
2026/09/16 10:55:16.866, 159.46, 99, 7523
2026/09/16 10:55:17.866, 161.03, 100, 7523
2026/09/16 10:55:18.867, 160.85, 100, 7523
2026/09/16 10:55:19.867, 159.40, 98, 7523
2026/09/16 10:55:20.867, 160.36, 100, 7523
2026/09/16 10:55:21.867, 160.83, 100, 7523
2026/09/16 10:55:22.867, 159.79, 99, 7523
2026/09/16 10:55:23.868, 160.67, 100, 7523
2026/09/16 10:55:24.868, 160.59, 100, 7523
2026/09/16 10:55:25.868, 159.24, 98, 7523
2026/09/16 10:55:26.868, 160.43, 100, 7523
2026/09/16 10:55:27.868, 160.36, 100, 7523
2026/09/16 10:55:28.869, 159.95, 99, 7523
2026/09/16 10:55:29.869, 160.85, 100, 7523
2026/09/16 10:55:30.869, 160.90, 100, 7523
2026/09/16 10:55:31.869, 159.56, 98, 7523
2026/09/16 10:55:32.869, 160.40, 100, 7523
2026/09/16 10:55:33.878, 160.86, 100, 7523
2026/09/16 10:55:34.878, 159.75, 98, 7523
2026/09/16 10:55:35.878, 161.05, 100, 7523
2026/09/16 10:55:36.879, 160.45, 100, 7523
2026/09/16 10:55:37.879, 159.62, 98, 7523
2026/09/16 10:55:38.879, 160.20, 100, 7523
2026/09/16 10:55:39.879, 160.22, 100, 7523
2026/09/16 10:55:40.879, 160.07, 99, 7523
2026/09/16 10:55:41.880, 160.68, 100, 7523
2026/09/16 10:55:42.880, 160.40, 100, 7523
2026/09/16 10:55:43.880, 159.55, 98, 7523
2026/09/16 10:55:44.880, 161.25, 100, 7523
2026/09/16 10:55:45.881, 160.19, 100, 7523
2026/09/16 10:55:46.881, 160.02, 98, 7523
2026/09/16 10:55:47.881, 161.31, 100, 7523
2026/09/16 10:55:48.881, 160.38, 100, 7523
2026/09/16 10:55:49.881, 160.07, 98, 7523
2026/09/16 10:55:50.881, 161.04, 100, 7523
2026/09/16 10:55:51.882, 160.49, 100, 7523
2026/09/16 10:55:52.882, 160.23, 99, 7523
2026/09/16 10:55:53.891, 160.99, 100, 7523
2026/09/16 10:55:54.891, 160.33, 100, 7523
2026/09/16 10:55:55.891, 160.27, 98, 7523
2026/09/16 10:55:56.891, 160.85, 100, 7523
2026/09/16 10:55:57.891, 160.64, 100, 7523
2026/09/16 10:55:58.892, 160.31, 99, 7523
2026/09/16 10:55:59.892, 161.31, 100, 7523
2026/09/16 10:56:00.892, 160.01, 100, 7523
2026/09/16 10:56:01.892, 159.99, 100, 7523
2026/09/16 10:56:02.892, 161.03, 100, 7523
2026/09/16 10:56:03.893, 160.35, 100, 7523
2026/09/16 10:56:04.893, 160.28, 100, 7523
2026/09/16 10:56:05.893, 161.45, 100, 7523
2026/09/16 10:56:06.893, 160.19, 100, 7523
2026/09/16 10:56:07.893, 159.85, 100, 7523
2026/09/16 10:56:08.894, 161.12, 100, 7523
2026/09/16 10:56:09.894, 159.97, 100, 7523
2026/09/16 10:56:10.894, 160.48, 100, 7523
2026/09/16 10:56:11.894, 160.95, 100, 7523
2026/09/16 10:56:12.894, 160.22, 100, 7523
2026/09/16 10:56:13.895, 160.48, 100, 7523
2026/09/16 10:56:14.895, 160.91, 100, 7523
2026/09/16 10:56:15.895, 160.08, 100, 7523
2026/09/16 10:56:16.895, 160.46, 100, 7523
2026/09/16 10:56:17.895, 160.95, 100, 7523
2026/09/16 10:56:18.895, 160.02, 99, 7523
2026/09/16 10:56:19.896, 160.64, 100, 7523
2026/09/16 10:56:20.896, 161.37, 100, 7523
2026/09/16 10:56:21.896, 159.91, 99, 7523
2026/09/16 10:56:22.896, 160.59, 100, 7523
2026/09/16 10:56:23.896, 160.80, 100, 7523
2026/09/16 10:56:24.897, 159.35, 98, 7523
2026/09/16 10:56:25.897, 160.39, 100, 7523
2026/09/16 10:56:26.897, 160.64, 100, 7523
2026/09/16 10:56:27.897, 159.60, 99, 7523
2026/09/16 10:56:28.897, 160.48, 100, 7523
2026/09/16 10:56:29.898, 160.99, 100, 7523
2026/09/16 10:56:30.898, 159.29, 98, 7523
2026/09/16 10:56:31.898, 160.41, 100, 7523
2026/09/16 10:56:32.898, 160.60, 100, 7523
2026/09/16 10:56:33.898, 160.03, 99, 7523
2026/09/16 10:56:34.899, 160.85, 100, 7523
2026/09/16 10:56:35.899, 160.52, 100, 7523
2026/09/16 10:56:36.899, 159.52, 98, 7523
2026/09/16 10:56:37.899, 160.37, 100, 7523
2026/09/16 10:56:38.899, 160.42, 100, 7523
2026/09/16 10:56:39.899, 160.01, 99, 7523
2026/09/16 10:56:40.900, 160.83, 100, 7523
2026/09/16 10:56:41.900, 160.37, 100, 7523
2026/09/16 10:56:42.900, 159.56, 98, 7523
2026/09/16 10:56:43.900, 160.53, 100, 7523
2026/09/16 10:56:44.900, 160.34, 100, 7523
2026/09/16 10:56:45.901, 159.87, 99, 7523
2026/09/16 10:56:46.901, 160.78, 100, 7523
2026/09/16 10:56:47.901, 160.16, 100, 7523
2026/09/16 10:56:48.901, 159.53, 98, 7523
2026/09/16 10:56:49.901, 160.36, 100, 7523
2026/09/16 10:56:50.902, 160.71, 100, 7523
2026/09/16 10:56:51.902, 159.96, 99, 7523
2026/09/16 10:56:52.902, 161.16, 100, 7523
2026/09/16 10:56:53.902, 160.38, 100, 7523
2026/09/16 10:56:54.902, 160.02, 98, 7523
2026/09/16 10:56:55.902, 160.64, 100, 7523
2026/09/16 10:56:56.903, 160.71, 100, 7523
2026/09/16 10:56:57.903, 160.45, 99, 7523
2026/09/16 10:56:58.903, 160.99, 100, 7523
2026/09/16 10:56:59.903, 160.50, 100, 7523
2026/09/16 10:57:00.903, 160.01, 98, 7523
2026/09/16 10:57:01.904, 160.86, 100, 7523
2026/09/16 10:57:02.904, 160.35, 100, 7523
2026/09/16 10:57:03.904, 160.01, 99, 7523
2026/09/16 10:57:04.904, 160.90, 100, 7523
2026/09/16 10:57:05.904, 160.63, 100, 7523
2026/09/16 10:57:06.905, 160.20, 100, 7523
2026/09/16 10:57:07.905, 161.23, 100, 7523
2026/09/16 10:57:08.905, 160.38, 100, 7523
2026/09/16 10:57:09.905, 160.40, 100, 7523
2026/09/16 10:57:10.905, 161.31, 100, 7523
2026/09/16 10:57:11.905, 159.83, 100, 7523
2026/09/16 10:57:12.906, 160.37, 100, 7523
2026/09/16 10:57:13.906, 161.48, 100, 7523
2026/09/16 10:57:14.906, 159.41, 100, 7523
2026/09/16 10:57:15.906, 163.38, 99, 7523
2026/09/16 10:57:16.907, 161.67, 100, 7523
2026/09/16 10:57:17.907, 159.86, 99, 7523
2026/09/16 10:57:18.907, 160.00, 100, 7523
2026/09/16 10:57:19.907, 160.75, 100, 7523
2026/09/16 10:57:20.907, 163.46, 100, 7523
2026/09/16 10:57:21.907, 162.10, 100, 7523
2026/09/16 10:57:22.908, 159.41, 100, 7523
2026/09/16 10:57:23.908, 158.67, 100, 7523
2026/09/16 10:57:24.908, 159.65, 100, 7523
2026/09/16 10:57:25.908, 163.30, 99, 7523
2026/09/16 10:57:26.908, 162.81, 100, 7523
2026/09/16 10:57:27.909, 160.15, 100, 7523
2026/09/16 10:57:28.909, 160.23, 99, 7523
2026/09/16 10:57:29.909, 160.24, 100, 7523
2026/09/16 10:57:30.909, 162.95, 100, 7523
2026/09/16 10:57:31.909, 163.18, 99, 7523
2026/09/16 10:57:32.909, 158.88, 100, 7523
2026/09/16 10:57:33.910, 159.83, 100, 7523
2026/09/16 10:57:34.910, 160.25, 100, 7523
2026/09/16 10:57:35.910, 162.35, 99, 7523
2026/09/16 10:57:36.910, 163.31, 100, 7523
2026/09/16 10:57:37.910, 160.29, 100, 7523
2026/09/16 10:57:38.911, 158.82, 100, 7523
2026/09/16 10:57:39.911, 159.33, 99, 7523
2026/09/16 10:57:40.911, 161.83, 100, 7523
2026/09/16 10:57:41.911, 163.27, 99, 7523
2026/09/16 10:57:42.911, 160.50, 99, 7523
2026/09/16 10:57:43.912, 159.95, 99, 7523
2026/09/16 10:57:44.912, 160.23, 100, 7523
2026/09/16 10:57:45.912, 161.57, 99, 7523
2026/09/16 10:57:46.912, 163.52, 100, 7523
2026/09/16 10:57:47.912, 161.47, 100, 7523
2026/09/16 10:57:48.913, 160.14, 100, 7523
2026/09/16 10:57:49.913, 160.16, 100, 7523
2026/09/16 10:57:50.913, 161.89, 100, 7523
2026/09/16 10:57:51.913, 163.37, 99, 7523
2026/09/16 10:57:52.914, 160.50, 100, 7523
2026/09/16 10:57:53.914, 158.83, 100, 7523
2026/09/16 10:57:54.914, 159.12, 99, 7523
2026/09/16 10:57:55.914, 161.18, 99, 7523
2026/09/16 10:57:56.914, 163.46, 100, 7523
2026/09/16 10:57:57.915, 161.21, 99, 7523
2026/09/16 10:57:58.915, 158.84, 100, 7523
2026/09/16 10:57:59.915, 159.24, 100, 7523
2026/09/16 10:58:00.915, 160.28, 100, 7523
2026/09/16 10:58:01.915, 163.45, 99, 7523
2026/09/16 10:58:02.915, 162.27, 100, 7523
2026/09/16 10:58:03.916, 159.98, 100, 7523
2026/09/16 10:58:04.916, 160.32, 100, 7523
2026/09/16 10:58:05.916, 160.57, 98, 7523
2026/09/16 10:58:06.916, 163.40, 100, 7523
2026/09/16 10:58:07.916, 162.47, 100, 7523
2026/09/16 10:58:08.917, 159.85, 99, 7523
2026/09/16 10:58:09.917, 159.75, 100, 7523
2026/09/16 10:58:10.917, 159.53, 98, 7523
2026/09/16 10:58:11.917, 162.89, 100, 7523
2026/09/16 10:58:12.918, 163.24, 99, 7523
2026/09/16 10:58:13.918, 159.56, 99, 7523
2026/09/16 10:58:14.918, 159.85, 100, 7523
2026/09/16 10:58:15.918, 159.67, 100, 7523
2026/09/16 10:58:16.918, 162.77, 99, 7523
2026/09/16 10:58:17.918, 163.69, 100, 7523
2026/09/16 10:58:18.919, 160.28, 100, 7523
2026/09/16 10:58:19.919, 158.78, 100, 7523
2026/09/16 10:58:20.919, 158.68, 99, 7523
2026/09/16 10:58:21.919, 161.90, 100, 7523
2026/09/16 10:58:22.919, 163.46, 99, 7523
2026/09/16 10:58:23.920, 160.06, 99, 7523
2026/09/16 10:58:24.920, 158.75, 99, 7523
2026/09/16 10:58:25.920, 158.77, 100, 7523
2026/09/16 10:58:26.920, 161.14, 99, 7523
2026/09/16 10:58:27.920, 163.55, 100, 7523
2026/09/16 10:58:28.921, 161.08, 100, 7523
2026/09/16 10:58:29.921, 159.61, 100, 7523
2026/09/16 10:58:30.921, 159.73, 100, 7523
2026/09/16 10:58:31.921, 161.05, 100, 7523
2026/09/16 10:58:32.921, 163.40, 99, 7523
2026/09/16 10:58:33.921, 161.43, 100, 7523
2026/09/16 10:58:34.922, 160.03, 99, 7523
2026/09/16 10:58:35.922, 159.87, 99, 7523
2026/09/16 10:58:36.922, 160.62, 99, 7523
2026/09/16 10:58:37.922, 163.38, 100, 7523
2026/09/16 10:58:38.922, 161.52, 99, 7523
2026/09/16 10:58:39.923, 159.38, 100, 7523
2026/09/16 10:58:40.923, 159.64, 100, 7523
2026/09/16 10:58:41.923, 159.99, 100, 7523
2026/09/16 10:58:42.923, 163.36, 99, 7523
2026/09/16 10:58:43.923, 162.54, 100, 7523
2026/09/16 10:58:44.924, 160.06, 100, 7523
2026/09/16 10:58:45.924, 159.87, 100, 7523
2026/09/16 10:58:46.924, 159.80, 98, 7523
2026/09/16 10:58:47.924, 163.30, 100, 7523
2026/09/16 10:58:48.924, 162.78, 100, 7523
2026/09/16 10:58:49.925, 158.57, 99, 7523
2026/09/16 10:58:50.925, 158.54, 100, 7523
2026/09/16 10:58:51.925, 158.52, 100, 7523
2026/09/16 10:58:52.925, 162.18, 99, 7523
2026/09/16 10:58:53.925, 163.22, 100, 7523
2026/09/16 10:58:54.925, 159.88, 100, 7523
2026/09/16 10:58:55.926, 159.41, 100, 7523
2026/09/16 10:58:56.926, 159.43, 100, 7523
2026/09/16 10:58:57.926, 161.83, 100, 7523
2026/09/16 10:58:58.926, 163.21, 100, 7523
2026/09/16 10:58:59.926, 159.98, 100, 7523
2026/09/16 10:59:00.927, 159.36, 99, 7523
2026/09/16 10:59:01.927, 159.43, 100, 7523
2026/09/16 10:59:02.927, 161.48, 99, 7523
2026/09/16 10:59:03.927, 163.21, 100, 7523
2026/09/16 10:59:04.927, 160.69, 100, 7523
2026/09/16 10:59:05.928, 159.35, 100, 7523
2026/09/16 10:59:06.928, 159.27, 100, 7523
2026/09/16 10:59:07.928, 97.89, 4, 7523
2026/09/16 10:59:08.928, 99.21, 100, 7523
2026/09/16 10:59:09.928, 160.09, 100, 7523
2026/09/16 10:59:10.929, 157.84, 89, 7523
2026/09/16 10:59:11.929, 158.91, 100, 7523
2026/09/16 10:59:12.929, 160.60, 100, 7523
2026/09/16 10:59:13.929, 159.23, 99, 7523
2026/09/16 10:59:14.929, 160.64, 100, 7523
2026/09/16 10:59:15.930, 160.37, 100, 7523
2026/09/16 10:59:16.930, 158.94, 98, 7523
2026/09/16 10:59:17.930, 159.79, 100, 7523
2026/09/16 10:59:18.930, 160.29, 100, 7523
2026/09/16 10:59:19.930, 159.54, 99, 7523
2026/09/16 10:59:20.930, 160.76, 100, 7523
2026/09/16 10:59:21.931, 160.38, 100, 7523
2026/09/16 10:59:22.931, 159.41, 98, 7523
2026/09/16 10:59:23.931, 160.18, 100, 7523
2026/09/16 10:59:24.931, 160.57, 100, 7523
2026/09/16 10:59:25.931, 159.69, 99, 7523
2026/09/16 10:59:26.931, 160.68, 100, 7523
2026/09/16 10:59:27.932, 160.17, 100, 7523
2026/09/16 10:59:28.932, 159.53, 98, 7523
2026/09/16 10:59:29.932, 160.27, 100, 7523
2026/09/16 10:59:30.932, 160.34, 100, 7523
2026/09/16 10:59:31.932, 159.62, 99, 7523
2026/09/16 10:59:32.933, 160.98, 100, 7523
2026/09/16 10:59:33.933, 160.31, 100, 7523
2026/09/16 10:59:34.933, 159.65, 98, 7523
2026/09/16 10:59:35.933, 160.36, 100, 7523
2026/09/16 10:59:36.933, 160.25, 100, 7523
2026/09/16 10:59:37.934, 159.98, 99, 7523
2026/09/16 10:59:38.934, 160.74, 100, 7523
2026/09/16 10:59:39.934, 160.23, 100, 7523
2026/09/16 10:59:40.934, 159.85, 98, 7523
2026/09/16 10:59:41.934, 160.80, 100, 7523
2026/09/16 10:59:42.934, 160.04, 100, 7523
2026/09/16 10:59:43.935, 160.27, 99, 7523
2026/09/16 10:59:44.935, 161.00, 100, 7523
2026/09/16 10:59:45.935, 160.10, 100, 7523
2026/09/16 10:59:46.935, 159.59, 99, 7523
2026/09/16 10:59:47.935, 160.54, 100, 7523
2026/09/16 10:59:48.936, 159.65, 100, 7523
2026/09/16 10:59:49.936, 159.91, 100, 7523
2026/09/16 10:59:50.936, 161.02, 100, 7523
2026/09/16 10:59:51.936, 159.64, 100, 7523
2026/09/16 10:59:52.936, 159.66, 100, 7523
2026/09/16 10:59:53.937, 161.14, 100, 7523
2026/09/16 10:59:54.937, 159.88, 100, 7523
2026/09/16 10:59:55.937, 160.27, 100, 7523
2026/09/16 10:59:56.937, 160.88, 100, 7523
2026/09/16 10:59:57.937, 159.90, 100, 7523
2026/09/16 10:59:58.937, 160.48, 100, 7523
2026/09/16 10:59:59.938, 161.50, 100, 7523
2026/09/16 11:00:00.938, 159.84, 100, 7523
2026/09/16 11:00:01.938, 160.19, 100, 7523
2026/09/16 11:00:02.938, 161.01, 100, 7523
2026/09/16 11:00:03.938, 159.67, 100, 7523
2026/09/16 11:00:04.939, 159.56, 100, 7523
2026/09/16 11:00:05.939, 160.83, 100, 7523
2026/09/16 11:00:06.939, 160.12, 100, 7523
2026/09/16 11:00:07.939, 160.21, 100, 7523
2026/09/16 11:00:08.939, 161.02, 100, 7523
2026/09/16 11:00:09.940, 159.70, 98, 7523
2026/09/16 11:00:10.940, 160.52, 100, 7523
2026/09/16 11:00:11.940, 161.13, 100, 7523
2026/09/16 11:00:12.940, 158.98, 99, 7523
2026/09/16 11:00:13.940, 160.31, 100, 7523
2026/09/16 11:00:14.940, 160.78, 100, 7523
2026/09/16 11:00:15.941, 159.61, 98, 7523
2026/09/16 11:00:16.941, 160.24, 100, 7523
2026/09/16 11:00:17.941, 160.24, 100, 7523
2026/09/16 11:00:18.941, 159.89, 99, 7523
2026/09/16 11:00:19.941, 160.99, 100, 7523
2026/09/16 11:00:20.942, 161.10, 100, 7523
2026/09/16 11:00:21.942, 159.50, 98, 7523
2026/09/16 11:00:22.942, 159.98, 100, 7523
2026/09/16 11:00:23.942, 161.12, 100, 7523
2026/09/16 11:00:24.942, 159.67, 99, 7523
2026/09/16 11:00:25.943, 160.89, 100, 7523
2026/09/16 11:00:26.943, 160.84, 100, 7523
2026/09/16 11:00:27.943, 159.29, 98, 7523
2026/09/16 11:00:28.943, 161.10, 100, 7523
2026/09/16 11:00:29.943, 160.32, 100, 7523
2026/09/16 11:00:30.943, 159.64, 99, 7523
2026/09/16 11:00:31.944, 161.09, 100, 7523
2026/09/16 11:00:32.944, 160.80, 100, 7523
2026/09/16 11:00:33.944, 159.17, 98, 7523
2026/09/16 11:00:34.944, 160.08, 100, 7523
2026/09/16 11:00:35.944, 160.26, 100, 7523
2026/09/16 11:00:36.945, 159.52, 99, 7523
2026/09/16 11:00:37.945, 160.55, 100, 7523
2026/09/16 11:00:38.945, 160.61, 100, 7523
2026/09/16 11:00:39.945, 159.26, 98, 7523
2026/09/16 11:00:40.945, 160.37, 100, 7523
2026/09/16 11:00:41.946, 160.31, 100, 7523
2026/09/16 11:00:42.946, 159.85, 99, 7523
2026/09/16 11:00:43.946, 161.08, 100, 7523
2026/09/16 11:00:44.946, 160.76, 100, 7523
2026/09/16 11:00:45.946, 159.74, 98, 7523
2026/09/16 11:00:46.947, 160.41, 100, 7523
2026/09/16 11:00:47.947, 160.52, 100, 7523
2026/09/16 11:00:48.947, 159.89, 99, 7523
2026/09/16 11:00:49.947, 160.72, 100, 7523
2026/09/16 11:00:50.947, 160.52, 100, 7523
2026/09/16 11:00:51.947, 159.88, 98, 7523
2026/09/16 11:00:52.948, 160.35, 100, 7523
2026/09/16 11:00:53.948, 160.43, 100, 7523
2026/09/16 11:00:54.948, 160.05, 99, 7523
2026/09/16 11:00:55.948, 160.80, 100, 7523
2026/09/16 11:00:56.948, 160.16, 100, 7523
2026/09/16 11:00:57.949, 159.51, 98, 7523
2026/09/16 11:00:58.949, 160.83, 100, 7523
2026/09/16 11:00:59.949, 160.12, 100, 7523
2026/09/16 11:01:00.949, 159.72, 99, 7523
2026/09/16 11:01:01.949, 160.77, 100, 7523
2026/09/16 11:01:02.949, 160.53, 100, 7523
2026/09/16 11:01:03.950, 159.97, 98, 7523
2026/09/16 11:01:04.950, 160.83, 100, 7523
2026/09/16 11:01:05.950, 160.08, 100, 7523
2026/09/16 11:01:06.950, 160.08, 99, 7523
2026/09/16 11:01:07.950, 160.64, 100, 7523
2026/09/16 11:01:08.951, 160.34, 100, 7523
2026/09/16 11:01:09.951, 159.72, 98, 7523
2026/09/16 11:01:10.951, 160.60, 100, 7523
2026/09/16 11:01:11.951, 160.10, 100, 7523
2026/09/16 11:01:12.951, 159.96, 100, 7523
2026/09/16 11:01:13.951, 160.86, 100, 7523
2026/09/16 11:01:14.952, 160.02, 100, 7523
2026/09/16 11:01:15.952, 159.90, 100, 7523
2026/09/16 11:01:16.952, 161.10, 100, 7523
2026/09/16 11:01:17.952, 160.22, 100, 7523
2026/09/16 11:01:18.952, 160.04, 100, 7523
2026/09/16 11:01:19.952, 161.25, 100, 7523
2026/09/16 11:01:20.953, 159.90, 100, 7523
2026/09/16 11:01:21.953, 160.05, 100, 7523
2026/09/16 11:01:22.953, 160.94, 100, 7523
2026/09/16 11:01:23.953, 159.72, 100, 7523
2026/09/16 11:01:24.953, 159.02, 100, 7523
2026/09/16 11:01:25.954, 160.88, 100, 7523
2026/09/16 11:01:26.954, 160.24, 100, 7523
2026/09/16 11:01:27.954, 160.07, 100, 7523
2026/09/16 11:01:28.954, 161.34, 100, 7523
2026/09/16 11:01:29.954, 159.13, 100, 7523
2026/09/16 11:01:30.957, 160.11, 100, 7523
2026/09/16 11:01:31.957, 160.79, 100, 7523
2026/09/16 11:01:32.958, 159.78, 100, 7523
2026/09/16 11:01:33.958, 160.19, 100, 7523
2026/09/16 11:01:34.958, 160.41, 100, 7523
2026/09/16 11:01:35.958, 160.07, 100, 7523
2026/09/16 11:01:36.958, 160.21, 100, 7523
2026/09/16 11:01:37.958, 160.78, 100, 7523
2026/09/16 11:01:38.959, 159.74, 100, 7523
2026/09/16 11:01:39.959, 160.24, 100, 7523
2026/09/16 11:01:40.959, 161.31, 100, 7523
2026/09/16 11:01:41.959, 159.78, 100, 7523
2026/09/16 11:01:42.959, 159.94, 100, 7523
2026/09/16 11:01:43.960, 163.14, 100, 7523
2026/09/16 11:01:44.960, 160.89, 100, 7523
2026/09/16 11:01:45.960, 158.99, 100, 7523
2026/09/16 11:01:46.960, 158.91, 100, 7523
2026/09/16 11:01:47.960, 160.34, 100, 7523
2026/09/16 11:01:48.961, 163.07, 99, 7523
2026/09/16 11:01:49.961, 161.31, 100, 7523
2026/09/16 11:01:50.961, 158.76, 99, 7523
2026/09/16 11:01:51.961, 158.86, 100, 7523
2026/09/16 11:01:52.961, 159.44, 100, 7523
2026/09/16 11:01:53.961, 163.19, 100, 7523
2026/09/16 11:01:54.962, 162.20, 100, 7523
2026/09/16 11:01:55.962, 159.77, 100, 7523
2026/09/16 11:01:56.962, 159.80, 100, 7523
2026/09/16 11:01:57.962, 159.24, 100, 7523
2026/09/16 11:01:58.962, 163.08, 99, 7523
2026/09/16 11:01:59.962, 162.34, 100, 7523
2026/09/16 11:02:00.963, 158.39, 100, 7523
2026/09/16 11:02:01.963, 158.33, 99, 7523
2026/09/16 11:02:02.963, 158.42, 100, 7523
2026/09/16 11:02:03.963, 162.44, 100, 7523
2026/09/16 11:02:04.963, 162.91, 99, 7523
2026/09/16 11:02:05.964, 158.59, 100, 7523
2026/09/16 11:02:06.964, 158.43, 100, 7523
2026/09/16 11:02:07.964, 158.58, 100, 7523
2026/09/16 11:02:08.964, 161.88, 100, 7523
2026/09/16 11:02:09.973, 163.08, 100, 7523
2026/09/16 11:02:10.973, 159.79, 100, 7523
2026/09/16 11:02:11.973, 158.74, 99, 7523
2026/09/16 11:02:12.973, 158.73, 100, 7523
2026/09/16 11:02:13.974, 161.13, 99, 7523
2026/09/16 11:02:14.974, 163.23, 100, 7523
2026/09/16 11:02:15.974, 160.42, 99, 7523
2026/09/16 11:02:16.974, 158.62, 100, 7523
2026/09/16 11:02:17.974, 158.79, 100, 7523
2026/09/16 11:02:18.975, 160.43, 100, 7523
2026/09/16 11:02:19.983, 162.97, 100, 7523
2026/09/16 11:02:20.983, 161.45, 100, 7523
2026/09/16 11:02:21.984, 159.93, 100, 7523
2026/09/16 11:02:22.984, 159.49, 99, 7523
2026/09/16 11:02:23.984, 160.18, 99, 7523
2026/09/16 11:02:24.984, 163.23, 100, 7523
2026/09/16 11:02:25.984, 161.43, 99, 7523
2026/09/16 11:02:26.985, 159.07, 100, 7523
2026/09/16 11:02:27.985, 158.91, 100, 7523
2026/09/16 11:02:28.985, 158.96, 100, 7523
2026/09/16 11:02:29.985, 162.93, 100, 7523
2026/09/16 11:02:30.986, 162.30, 100, 7523
2026/09/16 11:02:31.986, 159.34, 100, 7523
2026/09/16 11:02:32.986, 159.40, 100, 7523
2026/09/16 11:02:33.986, 159.53, 98, 7523
2026/09/16 11:02:34.986, 162.92, 100, 7523
2026/09/16 11:02:35.986, 162.68, 100, 7523
2026/09/16 11:02:36.987, 159.68, 99, 7523
2026/09/16 11:02:37.987, 159.31, 100, 7523
2026/09/16 11:02:38.987, 159.40, 100, 7523
2026/09/16 11:02:39.987, 162.64, 100, 7523
2026/09/16 11:02:40.987, 162.97, 99, 7523
2026/09/16 11:02:41.988, 159.82, 100, 7523
2026/09/16 11:02:42.988, 159.48, 100, 7523
2026/09/16 11:02:43.988, 159.44, 100, 7523
2026/09/16 11:02:44.988, 162.24, 100, 7523
2026/09/16 11:02:45.988, 163.18, 100, 7523
2026/09/16 11:02:46.988, 160.49, 100, 7523
2026/09/16 11:02:47.989, 159.26, 99, 7523
2026/09/16 11:02:48.989, 158.97, 99, 7523
2026/09/16 11:02:49.989, 162.09, 100, 7523
2026/09/16 11:02:50.989, 162.87, 99, 7523
2026/09/16 11:02:51.989, 160.57, 99, 7523
2026/09/16 11:02:52.989, 159.46, 100, 7523
2026/09/16 11:02:53.990, 159.26, 100, 7523
2026/09/16 11:02:54.990, 161.42, 100, 7523
2026/09/16 11:02:55.990, 163.90, 100, 7523
2026/09/16 11:02:56.990, 160.99, 100, 7523
2026/09/16 11:02:57.991, 159.33, 100, 7523
2026/09/16 11:02:58.991, 159.42, 99, 7523
2026/09/16 11:02:59.991, 160.65, 100, 7523
2026/09/16 11:03:00.991, 163.22, 99, 7523
2026/09/16 11:03:01.991, 161.58, 100, 7523
2026/09/16 11:03:02.991, 159.59, 99, 7523
2026/09/16 11:03:03.992, 159.51, 100, 7523
2026/09/16 11:03:04.992, 160.29, 100, 7523
2026/09/16 11:03:06.001, 163.16, 100, 7523
2026/09/16 11:03:07.001, 162.07, 100, 7523
2026/09/16 11:03:08.001, 159.63, 100, 7523
2026/09/16 11:03:09.001, 159.41, 100, 7523
2026/09/16 11:03:10.001, 159.77, 100, 7523
2026/09/16 11:03:11.010, 163.10, 99, 7523
2026/09/16 11:03:12.010, 162.60, 100, 7523
2026/09/16 11:03:13.011, 159.43, 100, 7523
2026/09/16 11:03:14.011, 159.20, 99, 7523
2026/09/16 11:03:15.011, 159.39, 100, 7523
2026/09/16 11:03:16.020, 163.53, 100, 7523
2026/09/16 11:03:17.020, 162.97, 99, 7523
2026/09/16 11:03:18.020, 159.94, 100, 7523
2026/09/16 11:03:19.020, 159.75, 100, 7523
2026/09/16 11:03:20.021, 159.67, 100, 7523
2026/09/16 11:03:21.029, 162.79, 99, 7523
2026/09/16 11:03:22.029, 163.38, 100, 7523
2026/09/16 11:03:23.030, 160.24, 100, 7523
2026/09/16 11:03:24.030, 159.39, 100, 7523
2026/09/16 11:03:25.030, 159.57, 99, 7523
2026/09/16 11:03:26.030, 162.11, 100, 7523
2026/09/16 11:03:27.030, 163.22, 99, 7523
2026/09/16 11:03:28.030, 160.46, 99, 7523
2026/09/16 11:03:29.031, 159.42, 100, 7523
2026/09/16 11:03:30.031, 159.44, 100, 7523
2026/09/16 11:03:31.031, 161.30, 99, 7523
2026/09/16 11:03:32.031, 163.52, 100, 7523
2026/09/16 11:03:33.031, 160.98, 100, 7523
2026/09/16 11:03:34.032, 159.41, 100, 7523
2026/09/16 11:03:35.032, 159.40, 100, 7523
2026/09/16 11:03:36.032, 110.33, 18, 7523
2026/09/16 11:03:37.032, 95.70, 99, 7523
2026/09/16 11:03:38.032, 160.71, 100, 7523
2026/09/16 11:03:39.033, 159.65, 100, 7523
2026/09/16 11:03:40.033, 159.46, 99, 7523
2026/09/16 11:03:41.033, 160.78, 100, 7523
2026/09/16 11:03:42.033, 160.27, 100, 7523
2026/09/16 11:03:43.033, 158.99, 98, 7523
2026/09/16 11:03:44.034, 160.96, 100, 7523
2026/09/16 11:03:45.034, 160.07, 100, 7523
2026/09/16 11:03:46.034, 159.83, 100, 7523
2026/09/16 11:03:47.034, 160.88, 100, 7523
2026/09/16 11:03:48.034, 158.85, 100, 7523
2026/09/16 11:03:49.034, 160.40, 99, 7523
2026/09/16 11:03:50.035, 161.24, 100, 7523
2026/09/16 11:03:51.035, 160.41, 100, 7523
2026/09/16 11:03:52.035, 160.11, 100, 7523
2026/09/16 11:03:53.035, 160.90, 100, 7523
2026/09/16 11:03:54.035, 160.09, 100, 7523
2026/09/16 11:03:55.036, 160.12, 100, 7523
2026/09/16 11:03:56.036, 160.86, 100, 7523
2026/09/16 11:03:57.036, 160.28, 100, 7523
2026/09/16 11:03:58.036, 158.83, 100, 7523
2026/09/16 11:03:59.036, 160.79, 100, 7523
2026/09/16 11:04:00.036, 159.97, 100, 7523
2026/09/16 11:04:01.037, 160.36, 100, 7523
2026/09/16 11:04:02.037, 161.40, 100, 7523
2026/09/16 11:04:03.037, 160.47, 100, 7523
2026/09/16 11:04:04.037, 160.20, 100, 7523
2026/09/16 11:04:05.037, 161.06, 100, 7523
2026/09/16 11:04:06.038, 160.13, 100, 7523
2026/09/16 11:04:07.038, 160.24, 100, 7523
2026/09/16 11:04:08.038, 161.40, 100, 7523
2026/09/16 11:04:09.038, 159.79, 100, 7523
2026/09/16 11:04:10.038, 160.43, 100, 7523
2026/09/16 11:04:11.038, 161.00, 100, 7523
2026/09/16 11:04:12.039, 160.18, 100, 7523
2026/09/16 11:04:13.039, 160.60, 100, 7523
2026/09/16 11:04:14.039, 160.81, 100, 7523
2026/09/16 11:04:15.039, 160.23, 100, 7523
2026/09/16 11:04:16.039, 160.49, 100, 7523
2026/09/16 11:04:17.040, 161.29, 100, 7523
2026/09/16 11:04:18.040, 159.91, 99, 7523
2026/09/16 11:04:19.040, 160.62, 100, 7523
2026/09/16 11:04:20.040, 160.68, 100, 7523
2026/09/16 11:04:21.040, 159.53, 98, 7523
2026/09/16 11:04:22.040, 161.12, 100, 7523
2026/09/16 11:04:23.041, 161.38, 100, 7523
2026/09/16 11:04:24.041, 159.70, 99, 7523
2026/09/16 11:04:25.041, 161.29, 100, 7523
2026/09/16 11:04:26.041, 161.14, 100, 7523
2026/09/16 11:04:27.041, 159.61, 98, 7523
2026/09/16 11:04:28.042, 161.10, 100, 7523
2026/09/16 11:04:29.042, 160.63, 100, 7523
2026/09/16 11:04:30.042, 159.84, 99, 7523
2026/09/16 11:04:31.042, 160.83, 100, 7523
2026/09/16 11:04:32.042, 161.15, 100, 7523
2026/09/16 11:04:33.043, 159.79, 98, 7523
2026/09/16 11:04:34.043, 160.38, 100, 7523
2026/09/16 11:04:35.043, 161.29, 100, 7523
2026/09/16 11:04:36.043, 160.09, 99, 7523
2026/09/16 11:04:37.043, 160.99, 100, 7523
2026/09/16 11:04:38.044, 160.99, 100, 7523
2026/09/16 11:04:39.044, 159.88, 98, 7523
2026/09/16 11:04:40.044, 160.52, 100, 7523
2026/09/16 11:04:41.044, 160.67, 100, 7523
2026/09/16 11:04:42.044, 160.17, 99, 7523
2026/09/16 11:04:43.044, 161.07, 100, 7523
2026/09/16 11:04:44.045, 160.82, 100, 7523
2026/09/16 11:04:45.045, 159.75, 98, 7523
2026/09/16 11:04:46.045, 161.11, 100, 7523
2026/09/16 11:04:47.045, 160.38, 100, 7523
2026/09/16 11:04:48.045, 159.91, 98, 7523
2026/09/16 11:04:49.046, 161.16, 100, 7523
2026/09/16 11:04:50.046, 160.74, 100, 7523
2026/09/16 11:04:51.046, 159.76, 98, 7523
2026/09/16 11:04:52.046, 160.53, 100, 7523
2026/09/16 11:04:53.046, 160.33, 100, 7523
2026/09/16 11:04:54.047, 160.10, 98, 7523
2026/09/16 11:04:55.047, 161.01, 100, 7523
2026/09/16 11:04:56.047, 160.40, 100, 7523
2026/09/16 11:04:57.047, 159.96, 98, 7523
2026/09/16 11:04:58.047, 160.80, 100, 7523
2026/09/16 11:04:59.047, 160.33, 100, 7523
2026/09/16 11:05:00.048, 160.10, 99, 7523
2026/09/16 11:05:01.048, 161.02, 100, 7523
2026/09/16 11:05:02.048, 160.25, 100, 7523
2026/09/16 11:05:03.048, 160.29, 98, 7523
2026/09/16 11:05:04.048, 161.10, 100, 7523
2026/09/16 11:05:05.049, 160.19, 100, 7523
2026/09/16 11:05:06.049, 160.29, 100, 7523
2026/09/16 11:05:07.049, 161.09, 100, 7523
2026/09/16 11:05:08.049, 160.31, 100, 7523
2026/09/16 11:05:09.049, 159.82, 100, 7523
2026/09/16 11:05:10.049, 161.18, 100, 7523
2026/09/16 11:05:11.050, 160.55, 100, 7523
2026/09/16 11:05:12.050, 160.58, 100, 7523
2026/09/16 11:05:13.050, 161.67, 100, 7523
2026/09/16 11:05:14.050, 160.30, 100, 7523
2026/09/16 11:05:15.050, 160.28, 100, 7523
2026/09/16 11:05:16.051, 161.65, 100, 7523
2026/09/16 11:05:17.051, 160.41, 100, 7523
2026/09/16 11:05:18.051, 160.63, 100, 7523
2026/09/16 11:05:19.051, 161.10, 100, 7523
2026/09/16 11:05:20.051, 160.17, 100, 7523
2026/09/16 11:05:21.052, 160.23, 100, 7523
2026/09/16 11:05:22.052, 161.50, 100, 7523
2026/09/16 11:05:23.052, 160.34, 100, 7523
2026/09/16 11:05:24.052, 161.13, 100, 7523
2026/09/16 11:05:25.052, 161.22, 100, 7523
2026/09/16 11:05:26.053, 159.74, 98, 7523
2026/09/16 11:05:27.053, 160.26, 100, 7523
2026/09/16 11:05:28.053, 160.96, 100, 7523
2026/09/16 11:05:29.053, 159.93, 99, 7523
2026/09/16 11:05:30.053, 160.62, 100, 7523
2026/09/16 11:05:31.054, 160.81, 100, 7523
2026/09/16 11:05:32.054, 159.66, 98, 7523
2026/09/16 11:05:33.054, 160.50, 100, 7523
2026/09/16 11:05:34.054, 160.85, 100, 7523
2026/09/16 11:05:35.054, 159.83, 98, 7523
2026/09/16 11:05:36.055, 161.20, 100, 7523
2026/09/16 11:05:37.055, 160.01, 100, 7523
2026/09/16 11:05:38.055, 160.27, 98, 7523
2026/09/16 11:05:39.055, 161.55, 100, 7523
2026/09/16 11:05:40.055, 159.95, 100, 7523
2026/09/16 11:05:41.055, 160.74, 99, 7523
2026/09/16 11:05:42.056, 161.39, 100, 7523
2026/09/16 11:05:43.056, 160.22, 100, 7523
2026/09/16 11:05:44.056, 160.88, 98, 7523
2026/09/16 11:05:45.056, 160.93, 100, 7523
2026/09/16 11:05:46.056, 159.84, 100, 7523
2026/09/16 11:05:47.056, 161.50, 99, 7523
2026/09/16 11:05:48.057, 161.19, 100, 7523
2026/09/16 11:05:49.057, 159.45, 100, 7523
2026/09/16 11:05:50.057, 160.19, 98, 7523
2026/09/16 11:05:51.057, 160.68, 100, 7523
2026/09/16 11:05:52.057, 159.63, 100, 7523
2026/09/16 11:05:53.058, 160.54, 99, 7523
2026/09/16 11:05:54.058, 160.83, 100, 7523
2026/09/16 11:05:55.058, 159.59, 98, 7523
2026/09/16 11:05:56.058, 160.72, 100, 7523
2026/09/16 11:05:57.058, 161.12, 100, 7523
2026/09/16 11:05:58.058, 160.15, 99, 7523
2026/09/16 11:05:59.059, 160.83, 100, 7523
2026/09/16 11:06:00.059, 161.05, 100, 7523
2026/09/16 11:06:01.059, 159.62, 98, 7523
2026/09/16 11:06:02.059, 160.69, 100, 7523
2026/09/16 11:06:03.059, 160.51, 100, 7523
2026/09/16 11:06:04.060, 160.13, 99, 7523
2026/09/16 11:06:05.060, 161.04, 100, 7523
2026/09/16 11:06:06.060, 160.34, 100, 7523
2026/09/16 11:06:07.060, 159.61, 98, 7523
2026/09/16 11:06:08.060, 160.34, 100, 7523
2026/09/16 11:06:09.060, 160.74, 100, 7523
2026/09/16 11:06:10.061, 160.26, 99, 7523
2026/09/16 11:06:11.061, 159.61, 100, 7523
2026/09/16 11:06:12.061, 163.27, 99, 7523
2026/09/16 11:06:13.061, 162.09, 100, 7523
2026/09/16 11:06:14.061, 158.39, 100, 7523
2026/09/16 11:06:15.062, 158.24, 100, 7523
2026/09/16 11:06:16.062, 158.52, 98, 7523
2026/09/16 11:06:17.062, 162.67, 100, 7523
2026/09/16 11:06:18.062, 162.65, 100, 7523
2026/09/16 11:06:19.062, 159.15, 99, 7523
2026/09/16 11:06:20.063, 159.50, 100, 7523
2026/09/16 11:06:21.063, 159.78, 100, 7523
2026/09/16 11:06:22.063, 162.37, 99, 7523
2026/09/16 11:06:23.063, 163.24, 100, 7523
2026/09/16 11:06:24.063, 159.36, 100, 7523
2026/09/16 11:06:25.064, 160.09, 100, 7523
2026/09/16 11:06:26.064, 159.85, 100, 7523
2026/09/16 11:06:27.064, 161.95, 100, 7523
2026/09/16 11:06:28.064, 163.16, 100, 7523
2026/09/16 11:06:29.064, 160.32, 100, 7523
2026/09/16 11:06:30.064, 159.58, 99, 7523
2026/09/16 11:06:31.065, 159.61, 100, 7523
2026/09/16 11:06:32.065, 161.40, 99, 7523
2026/09/16 11:06:33.065, 163.14, 100, 7523
2026/09/16 11:06:34.065, 159.95, 100, 7523
2026/09/16 11:06:35.065, 157.95, 100, 7523
2026/09/16 11:06:36.066, 158.21, 100, 7523
2026/09/16 11:06:37.066, 160.26, 100, 7523
2026/09/16 11:06:38.066, 163.01, 99, 7523
2026/09/16 11:06:39.066, 160.88, 100, 7523
2026/09/16 11:06:40.066, 158.47, 99, 7523
2026/09/16 11:06:41.067, 158.20, 99, 7523
2026/09/16 11:06:42.067, 159.51, 99, 7523
2026/09/16 11:06:43.067, 163.15, 100, 7523
2026/09/16 11:06:44.067, 161.23, 99, 7523
2026/09/16 11:06:45.067, 158.30, 100, 7523
2026/09/16 11:06:46.068, 158.31, 100, 7523
2026/09/16 11:06:47.068, 159.32, 100, 7523
2026/09/16 11:06:48.068, 163.23, 99, 7523
2026/09/16 11:06:49.068, 162.25, 100, 7523
2026/09/16 11:06:50.068, 158.38, 100, 7523
2026/09/16 11:06:51.069, 158.97, 99, 7523
2026/09/16 11:06:52.069, 159.46, 100, 7523
2026/09/16 11:06:53.069, 162.65, 100, 7523
2026/09/16 11:06:54.069, 162.97, 99, 7523
2026/09/16 11:06:55.069, 158.55, 100, 7523
2026/09/16 11:06:56.070, 158.20, 100, 7523
2026/09/16 11:06:57.070, 158.45, 100, 7523
2026/09/16 11:06:58.070, 161.84, 100, 7523
2026/09/16 11:06:59.070, 163.37, 100, 7523
2026/09/16 11:07:00.070, 159.25, 100, 7523
2026/09/16 11:07:01.070, 158.67, 99, 7523
2026/09/16 11:07:02.071, 158.65, 99, 7523
2026/09/16 11:07:03.071, 161.15, 99, 7523
2026/09/16 11:07:04.071, 163.25, 99, 7523
2026/09/16 11:07:05.071, 160.30, 99, 7523
2026/09/16 11:07:06.071, 158.67, 100, 7523
2026/09/16 11:07:07.072, 158.43, 100, 7523
2026/09/16 11:07:08.072, 160.89, 100, 7523
2026/09/16 11:07:09.072, 163.12, 100, 7523
2026/09/16 11:07:10.072, 161.12, 100, 7523
2026/09/16 11:07:11.072, 159.32, 100, 7523
2026/09/16 11:07:12.073, 159.47, 99, 7523
2026/09/16 11:07:13.073, 160.71, 99, 7523
2026/09/16 11:07:14.073, 163.12, 100, 7523
2026/09/16 11:07:15.073, 161.76, 99, 7523
2026/09/16 11:07:16.073, 159.93, 100, 7523
2026/09/16 11:07:17.074, 159.81, 100, 7523
2026/09/16 11:07:18.074, 160.34, 100, 7523
2026/09/16 11:07:19.074, 163.18, 100, 7523
2026/09/16 11:07:20.074, 162.01, 100, 7523
2026/09/16 11:07:21.074, 159.47, 100, 7523
2026/09/16 11:07:22.074, 159.82, 100, 7523
2026/09/16 11:07:23.075, 159.38, 98, 7523
2026/09/16 11:07:24.075, 162.66, 100, 7523
2026/09/16 11:07:25.075, 162.68, 100, 7523
2026/09/16 11:07:26.075, 158.32, 99, 7523
2026/09/16 11:07:27.075, 158.14, 100, 7523
2026/09/16 11:07:28.076, 158.37, 100, 7523
2026/09/16 11:07:29.076, 162.05, 99, 7523
2026/09/16 11:07:30.076, 163.27, 100, 7523
2026/09/16 11:07:31.076, 159.17, 100, 7523
2026/09/16 11:07:32.076, 159.27, 100, 7523
2026/09/16 11:07:33.076, 159.97, 100, 7523
2026/09/16 11:07:34.077, 162.31, 100, 7523
2026/09/16 11:07:35.077, 163.10, 100, 7523
2026/09/16 11:07:36.077, 160.14, 100, 7523
2026/09/16 11:07:37.077, 159.44, 99, 7523
2026/09/16 11:07:38.077, 159.82, 100, 7523
2026/09/16 11:07:39.078, 161.29, 99, 7523
2026/09/16 11:07:40.078, 162.97, 100, 7523
2026/09/16 11:07:41.078, 159.76, 100, 7523
2026/09/16 11:07:42.078, 158.32, 100, 7523
2026/09/16 11:07:43.078, 158.37, 100, 7523
2026/09/16 11:07:44.078, 160.46, 100, 7523
2026/09/16 11:07:45.079, 163.38, 99, 7523
2026/09/16 11:07:46.079, 161.44, 100, 7523
2026/09/16 11:07:47.079, 159.64, 100, 7523
2026/09/16 11:07:48.079, 159.20, 99, 7523
2026/09/16 11:07:49.079, 160.38, 99, 7523
2026/09/16 11:07:50.080, 163.29, 100, 7523
2026/09/16 11:07:51.080, 161.47, 99, 7523
2026/09/16 11:07:52.080, 158.41, 100, 7523
2026/09/16 11:07:53.080, 158.82, 100, 7523
2026/09/16 11:07:54.080, 160.19, 100, 7523
2026/09/16 11:07:55.081, 163.33, 99, 7523
2026/09/16 11:07:56.081, 162.27, 100, 7523
2026/09/16 11:07:57.081, 159.08, 100, 7523
2026/09/16 11:07:58.081, 159.48, 99, 7523
2026/09/16 11:07:59.081, 158.96, 98, 7523
2026/09/16 11:08:00.082, 162.60, 100, 7523
2026/09/16 11:08:01.082, 162.95, 99, 7523
2026/09/16 11:08:02.082, 158.95, 99, 7523
2026/09/16 11:08:03.082, 159.74, 100, 7523
2026/09/16 11:08:04.082, 160.01, 100, 7523
2026/09/16 11:08:05.082, 58.52, 0, 7523
2026/09/16 11:08:06.083, 119.84, 100, 7523
2026/09/16 11:08:07.083, 160.04, 100, 7523
2026/09/16 11:08:08.083, 160.36, 100, 7523
2026/09/16 11:08:09.083, 160.65, 100, 7523
2026/09/16 11:08:10.083, 159.83, 100, 7523
2026/09/16 11:08:11.084, 159.80, 100, 7523
2026/09/16 11:08:12.092, 160.64, 100, 7523
2026/09/16 11:08:13.092, 159.61, 99, 7523
2026/09/16 11:08:14.092, 160.52, 100, 7523
2026/09/16 11:08:15.093, 161.13, 100, 7523
2026/09/16 11:08:16.093, 159.07, 98, 7523
2026/09/16 11:08:17.093, 161.31, 100, 7523
2026/09/16 11:08:18.093, 160.93, 100, 7523
2026/09/16 11:08:19.093, 159.80, 99, 7523
2026/09/16 11:08:20.094, 160.59, 100, 7523
2026/09/16 11:08:21.094, 160.83, 100, 7523
2026/09/16 11:08:22.094, 159.38, 98, 7523
2026/09/16 11:08:23.094, 160.28, 100, 7523
2026/09/16 11:08:24.095, 160.79, 100, 7523
2026/09/16 11:08:25.095, 159.83, 99, 7523
2026/09/16 11:08:26.095, 160.88, 100, 7523
2026/09/16 11:08:27.095, 160.21, 100, 7523
2026/09/16 11:08:28.095, 159.53, 98, 7523
2026/09/16 11:08:29.096, 160.41, 100, 7523
2026/09/16 11:08:30.096, 160.12, 100, 7523
2026/09/16 11:08:31.096, 159.63, 99, 7523
2026/09/16 11:08:32.096, 160.70, 100, 7523
2026/09/16 11:08:33.096, 160.44, 100, 7523
2026/09/16 11:08:34.097, 159.76, 98, 7523
2026/09/16 11:08:35.097, 160.70, 100, 7523
2026/09/16 11:08:36.097, 160.57, 100, 7523
2026/09/16 11:08:37.097, 159.88, 99, 7523
2026/09/16 11:08:38.097, 161.00, 100, 7523
2026/09/16 11:08:39.098, 160.54, 100, 7523
2026/09/16 11:08:40.098, 159.73, 98, 7523
2026/09/16 11:08:41.098, 160.51, 100, 7523
2026/09/16 11:08:42.098, 160.15, 100, 7523
2026/09/16 11:08:43.098, 160.24, 99, 7523
2026/09/16 11:08:44.098, 160.74, 100, 7523
2026/09/16 11:08:45.099, 160.25, 100, 7523
2026/09/16 11:08:46.099, 159.61, 98, 7523
2026/09/16 11:08:47.099, 161.26, 100, 7523
2026/09/16 11:08:48.099, 160.54, 100, 7523
2026/09/16 11:08:49.099, 160.31, 99, 7523
2026/09/16 11:08:50.100, 161.16, 100, 7523
2026/09/16 11:08:51.100, 160.42, 100, 7523
2026/09/16 11:08:52.100, 160.12, 98, 7523
2026/09/16 11:08:53.100, 160.63, 100, 7523
2026/09/16 11:08:54.100, 160.57, 100, 7523
2026/09/16 11:08:55.101, 160.02, 99, 7523
2026/09/16 11:08:56.101, 161.05, 100, 7523
2026/09/16 11:08:57.101, 160.20, 100, 7523
2026/09/16 11:08:58.101, 160.12, 100, 7523
2026/09/16 11:08:59.101, 161.30, 100, 7523
2026/09/16 11:09:00.102, 160.48, 100, 7523
2026/09/16 11:09:01.102, 160.57, 100, 7523
2026/09/16 11:09:02.102, 161.45, 100, 7523
2026/09/16 11:09:03.102, 160.61, 100, 7523
2026/09/16 11:09:04.102, 160.17, 100, 7523
2026/09/16 11:09:05.102, 160.96, 100, 7523
2026/09/16 11:09:06.103, 160.27, 100, 7523
2026/09/16 11:09:07.103, 160.28, 100, 7523
2026/09/16 11:09:08.103, 160.88, 100, 7523
2026/09/16 11:09:09.103, 160.16, 100, 7523
2026/09/16 11:09:10.103, 159.86, 100, 7523
2026/09/16 11:09:11.104, 161.17, 100, 7523
2026/09/16 11:09:12.104, 160.10, 100, 7523
2026/09/16 11:09:13.104, 160.63, 100, 7523
2026/09/16 11:09:14.104, 161.27, 100, 7523
2026/09/16 11:09:15.104, 159.66, 99, 7523
2026/09/16 11:09:16.104, 160.48, 100, 7523
2026/09/16 11:09:17.105, 160.63, 100, 7523
2026/09/16 11:09:18.105, 159.70, 99, 7523
2026/09/16 11:09:19.105, 160.54, 100, 7523
2026/09/16 11:09:20.105, 160.63, 100, 7523
2026/09/16 11:09:21.105, 159.71, 98, 7523
2026/09/16 11:09:22.106, 160.43, 100, 7523
2026/09/16 11:09:23.106, 160.79, 100, 7523
2026/09/16 11:09:24.106, 159.91, 99, 7523
2026/09/16 11:09:25.106, 160.68, 100, 7523
2026/09/16 11:09:26.106, 160.68, 100, 7523
2026/09/16 11:09:27.107, 159.55, 98, 7523
2026/09/16 11:09:28.107, 160.46, 100, 7523
2026/09/16 11:09:29.107, 160.41, 100, 7523
2026/09/16 11:09:30.107, 159.74, 99, 7523
2026/09/16 11:09:31.107, 160.79, 100, 7523
2026/09/16 11:09:32.107, 160.99, 100, 7523
2026/09/16 11:09:33.108, 159.23, 98, 7523
2026/09/16 11:09:34.108, 160.22, 100, 7523
2026/09/16 11:09:35.108, 160.70, 100, 7523
2026/09/16 11:09:36.108, 159.77, 98, 7523
2026/09/16 11:09:37.108, 160.80, 100, 7523
2026/09/16 11:09:38.109, 160.88, 100, 7523
2026/09/16 11:09:39.109, 159.58, 98, 7523
2026/09/16 11:09:40.109, 160.52, 100, 7523
2026/09/16 11:09:41.109, 160.31, 100, 7523
2026/09/16 11:09:42.109, 160.01, 99, 7523
2026/09/16 11:09:43.110, 160.79, 100, 7523
2026/09/16 11:09:44.110, 160.61, 100, 7523
2026/09/16 11:09:45.110, 159.39, 98, 7523
2026/09/16 11:09:46.110, 161.22, 100, 7523
2026/09/16 11:09:47.110, 160.73, 100, 7523
2026/09/16 11:09:48.110, 160.00, 99, 7523
2026/09/16 11:09:49.111, 160.91, 100, 7523
2026/09/16 11:09:50.111, 160.18, 100, 7523
2026/09/16 11:09:51.111, 159.62, 98, 7523
2026/09/16 11:09:52.111, 161.23, 100, 7523
2026/09/16 11:09:53.111, 160.27, 100, 7523
2026/09/16 11:09:54.112, 159.95, 98, 7523
2026/09/16 11:09:55.112, 161.17, 100, 7523
2026/09/16 11:09:56.112, 160.16, 100, 7523
2026/09/16 11:09:57.112, 159.74, 98, 7523
2026/09/16 11:09:58.112, 160.78, 100, 7523
2026/09/16 11:09:59.112, 160.02, 100, 7523
2026/09/16 11:10:00.113, 160.42, 98, 7523
2026/09/16 11:10:01.113, 161.19, 100, 7523
2026/09/16 11:10:02.113, 160.36, 100, 7523
2026/09/16 11:10:03.113, 159.81, 99, 7523
2026/09/16 11:10:04.113, 161.18, 100, 7523
2026/09/16 11:10:05.114, 160.21, 100, 7523
2026/09/16 11:10:06.114, 160.44, 100, 7523
2026/09/16 11:10:07.114, 161.48, 100, 7523
2026/09/16 11:10:08.114, 160.12, 100, 7523
2026/09/16 11:10:09.114, 160.06, 100, 7523
2026/09/16 11:10:10.114, 161.21, 100, 7523
2026/09/16 11:10:11.115, 160.49, 100, 7523
2026/09/16 11:10:12.115, 160.27, 100, 7523
2026/09/16 11:10:13.115, 161.05, 100, 7523
2026/09/16 11:10:14.115, 160.11, 100, 7523
2026/09/16 11:10:15.115, 160.33, 100, 7523
2026/09/16 11:10:16.116, 161.71, 100, 7523
2026/09/16 11:10:17.116, 160.64, 100, 7523
2026/09/16 11:10:18.116, 160.59, 100, 7523
2026/09/16 11:10:19.116, 160.88, 100, 7523
2026/09/16 11:10:20.116, 160.40, 100, 7523
2026/09/16 11:10:21.116, 160.94, 100, 7523
2026/09/16 11:10:22.117, 161.64, 100, 7523
2026/09/16 11:10:23.117, 160.10, 100, 7523
2026/09/16 11:10:24.117, 160.76, 100, 7523
2026/09/16 11:10:25.117, 160.91, 100, 7523
2026/09/16 11:10:26.117, 159.80, 98, 7523
2026/09/16 11:10:27.117, 160.19, 100, 7523
2026/09/16 11:10:28.118, 161.29, 100, 7523
2026/09/16 11:10:29.118, 159.84, 99, 7523
2026/09/16 11:10:30.118, 160.82, 100, 7523
2026/09/16 11:10:31.118, 160.99, 100, 7523
2026/09/16 11:10:32.118, 159.79, 98, 7523
2026/09/16 11:10:33.119, 161.22, 100, 7523
2026/09/16 11:10:34.119, 160.81, 100, 7523
2026/09/16 11:10:35.119, 159.94, 99, 7523
2026/09/16 11:10:36.119, 160.69, 100, 7523
2026/09/16 11:10:37.119, 160.56, 100, 7523
2026/09/16 11:10:38.119, 159.74, 98, 7523
2026/09/16 11:10:39.120, 160.43, 100, 7523
2026/09/16 11:10:40.120, 161.24, 100, 7523
2026/09/16 11:10:41.120, 163.25, 99, 7523
2026/09/16 11:10:42.120, 160.62, 99, 7523
2026/09/16 11:10:43.120, 159.46, 99, 7523
2026/09/16 11:10:44.120, 159.64, 100, 7523
2026/09/16 11:10:45.121, 161.63, 99, 7523
2026/09/16 11:10:46.121, 163.36, 100, 7523
2026/09/16 11:10:47.121, 160.08, 100, 7523
2026/09/16 11:10:48.121, 158.45, 100, 7523
2026/09/16 11:10:49.121, 158.36, 100, 7523
2026/09/16 11:10:50.121, 160.40, 100, 7523
2026/09/16 11:10:51.122, 163.30, 99, 7523
2026/09/16 11:10:52.122, 160.97, 100, 7523
2026/09/16 11:10:53.122, 158.54, 99, 7523
2026/09/16 11:10:54.122, 158.28, 100, 7523
2026/09/16 11:10:55.122, 159.70, 100, 7523
2026/09/16 11:10:56.123, 163.19, 100, 7523
2026/09/16 11:10:57.123, 161.85, 100, 7523
2026/09/16 11:10:58.123, 159.47, 100, 7523
2026/09/16 11:10:59.123, 158.71, 100, 7523
2026/09/16 11:11:00.123, 158.69, 100, 7523
2026/09/16 11:11:01.124, 163.11, 99, 7523
2026/09/16 11:11:02.124, 162.53, 100, 7523
2026/09/16 11:11:03.124, 158.96, 100, 7523
2026/09/16 11:11:04.124, 158.59, 99, 7523
2026/09/16 11:11:05.124, 158.73, 100, 7523
2026/09/16 11:11:06.124, 162.37, 100, 7523
2026/09/16 11:11:07.125, 163.15, 99, 7523
2026/09/16 11:11:08.125, 158.91, 100, 7523
2026/09/16 11:11:09.125, 158.79, 100, 7523
2026/09/16 11:11:10.125, 159.60, 100, 7523
2026/09/16 11:11:11.125, 162.11, 100, 7523
2026/09/16 11:11:12.126, 163.07, 100, 7523
2026/09/16 11:11:13.126, 158.95, 100, 7523
2026/09/16 11:11:14.126, 158.31, 99, 7523
2026/09/16 11:11:15.126, 158.38, 100, 7523
2026/09/16 11:11:16.126, 161.00, 99, 7523
2026/09/16 11:11:17.126, 163.35, 100, 7523
2026/09/16 11:11:18.127, 160.10, 100, 7523
2026/09/16 11:11:19.127, 159.18, 100, 7523
2026/09/16 11:11:20.127, 158.83, 100, 7523
2026/09/16 11:11:21.127, 160.40, 100, 7523
2026/09/16 11:11:22.127, 163.24, 99, 7523
2026/09/16 11:11:23.128, 161.01, 100, 7523
2026/09/16 11:11:24.128, 158.51, 100, 7523
2026/09/16 11:11:25.128, 158.46, 99, 7523
2026/09/16 11:11:26.128, 159.60, 99, 7523
2026/09/16 11:11:27.128, 163.37, 100, 7523
2026/09/16 11:11:28.128, 161.71, 99, 7523
2026/09/16 11:11:29.129, 159.45, 100, 7523
2026/09/16 11:11:30.129, 159.39, 100, 7523
2026/09/16 11:11:31.129, 160.07, 100, 7523
2026/09/16 11:11:32.129, 163.16, 99, 7523
2026/09/16 11:11:33.129, 162.05, 100, 7523
2026/09/16 11:11:34.130, 158.35, 100, 7523
2026/09/16 11:11:35.130, 158.40, 99, 7523
2026/09/16 11:11:36.130, 158.39, 100, 7523
2026/09/16 11:11:37.130, 162.95, 100, 7523
2026/09/16 11:11:38.130, 163.04, 99, 7523
2026/09/16 11:11:39.131, 159.46, 100, 7523
2026/09/16 11:11:40.131, 159.21, 100, 7523
2026/09/16 11:11:41.131, 159.10, 100, 7523
2026/09/16 11:11:42.131, 162.15, 99, 7523
2026/09/16 11:11:43.131, 163.28, 100, 7523
2026/09/16 11:11:44.131, 159.71, 100, 7523
2026/09/16 11:11:45.132, 159.22, 100, 7523
2026/09/16 11:11:46.132, 159.31, 99, 7523
2026/09/16 11:11:47.133, 161.93, 100, 7523
2026/09/16 11:11:48.133, 163.42, 99, 7523
2026/09/16 11:11:49.134, 160.42, 99, 7523
2026/09/16 11:11:50.134, 159.71, 100, 7523
2026/09/16 11:11:51.134, 159.64, 100, 7523
2026/09/16 11:11:52.134, 161.35, 99, 7523
2026/09/16 11:11:53.134, 163.38, 100, 7523
2026/09/16 11:11:54.135, 160.59, 100, 7523
2026/09/16 11:11:55.135, 158.54, 100, 7523
2026/09/16 11:11:56.135, 158.46, 100, 7523
2026/09/16 11:11:57.135, 160.22, 100, 7523
2026/09/16 11:11:58.140, 163.26, 99, 7523
2026/09/16 11:11:59.140, 161.51, 100, 7523
2026/09/16 11:12:00.140, 159.36, 99, 7523
2026/09/16 11:12:01.141, 159.44, 100, 7523
2026/09/16 11:12:02.141, 160.45, 100, 7523
2026/09/16 11:12:03.144, 163.26, 100, 7523
2026/09/16 11:12:04.144, 161.85, 100, 7523
2026/09/16 11:12:05.144, 158.62, 100, 7523
2026/09/16 11:12:06.144, 158.46, 100, 7523
2026/09/16 11:12:07.144, 158.88, 98, 7523
2026/09/16 11:12:08.147, 162.99, 100, 7523
2026/09/16 11:12:09.147, 162.47, 100, 7523
2026/09/16 11:12:10.147, 158.54, 99, 7523
2026/09/16 11:12:11.147, 158.44, 99, 7523
2026/09/16 11:12:12.147, 158.60, 100, 7523
2026/09/16 11:12:13.151, 162.54, 100, 7523
2026/09/16 11:12:14.151, 163.51, 99, 7523
2026/09/16 11:12:15.151, 159.02, 100, 7523
2026/09/16 11:12:16.151, 158.65, 100, 7523
2026/09/16 11:12:17.151, 158.49, 100, 7523
2026/09/16 11:12:18.153, 161.78, 100, 7523
2026/09/16 11:12:19.153, 163.24, 100, 7523
2026/09/16 11:12:20.153, 160.23, 100, 7523
2026/09/16 11:12:21.153, 159.48, 99, 7523
2026/09/16 11:12:22.153, 159.28, 100, 7523
2026/09/16 11:12:23.156, 161.29, 99, 7523
2026/09/16 11:12:24.156, 163.18, 100, 7523
2026/09/16 11:12:25.156, 160.99, 100, 7523
2026/09/16 11:12:26.156, 159.85, 100, 7523
2026/09/16 11:12:27.156, 159.83, 100, 7523
2026/09/16 11:12:28.158, 161.33, 100, 7523
2026/09/16 11:12:29.159, 163.32, 100, 7523
2026/09/16 11:12:30.159, 161.29, 100, 7523
2026/09/16 11:12:31.159, 160.12, 100, 7523
2026/09/16 11:12:32.159, 159.97, 99, 7523
2026/09/16 11:12:33.161, 119.53, 25, 7523
2026/09/16 11:12:34.162, 89.31, 98, 7523
2026/09/16 11:12:35.162, 160.05, 100, 7523
2026/09/16 11:12:36.162, 160.67, 100, 7523
2026/09/16 11:12:37.162, 159.97, 99, 7523
2026/09/16 11:12:38.166, 161.11, 100, 7523
2026/09/16 11:12:39.166, 160.86, 100, 7523
2026/09/16 11:12:40.166, 159.61, 98, 7523
2026/09/16 11:12:41.167, 160.53, 100, 7523
2026/09/16 11:12:42.167, 160.20, 100, 7523
2026/09/16 11:12:43.170, 159.75, 99, 7523
2026/09/16 11:12:44.170, 160.80, 100, 7523
2026/09/16 11:12:45.170, 160.16, 100, 7523
2026/09/16 11:12:46.170, 159.78, 98, 7523
2026/09/16 11:12:47.171, 160.51, 100, 7523
2026/09/16 11:12:48.174, 160.19, 100, 7523
2026/09/16 11:12:49.174, 160.17, 99, 7523
2026/09/16 11:12:50.175, 160.82, 100, 7523
2026/09/16 11:12:51.175, 160.70, 100, 7523
2026/09/16 11:12:52.175, 159.96, 98, 7523
2026/09/16 11:12:53.179, 160.64, 100, 7523
2026/09/16 11:12:54.179, 160.50, 100, 7523
2026/09/16 11:12:55.179, 160.01, 99, 7523
2026/09/16 11:12:56.179, 160.99, 100, 7523
2026/09/16 11:12:57.180, 160.14, 100, 7523
2026/09/16 11:12:58.180, 159.57, 98, 7523
2026/09/16 11:12:59.180, 160.83, 100, 7523
2026/09/16 11:13:00.180, 160.36, 100, 7523
2026/09/16 11:13:01.180, 160.21, 99, 7523
2026/09/16 11:13:02.181, 161.00, 100, 7523
2026/09/16 11:13:03.181, 160.38, 100, 7523
2026/09/16 11:13:04.181, 159.67, 98, 7523
2026/09/16 11:13:05.181, 160.92, 100, 7523
2026/09/16 11:13:06.181, 160.28, 100, 7523
2026/09/16 11:13:07.181, 160.49, 99, 7523
2026/09/16 11:13:08.182, 161.38, 100, 7523
2026/09/16 11:13:09.182, 160.06, 100, 7523
2026/09/16 11:13:10.182, 160.25, 100, 7523
2026/09/16 11:13:11.182, 161.31, 100, 7523
2026/09/16 11:13:12.182, 159.90, 100, 7523
2026/09/16 11:13:13.183, 160.16, 100, 7523
2026/09/16 11:13:14.183, 160.88, 100, 7523
2026/09/16 11:13:15.183, 160.45, 100, 7523
2026/09/16 11:13:16.183, 160.45, 100, 7523
2026/09/16 11:13:17.183, 161.77, 100, 7523
2026/09/16 11:13:18.183, 160.08, 100, 7523
2026/09/16 11:13:19.184, 160.68, 100, 7523
2026/09/16 11:13:20.184, 161.66, 100, 7523
2026/09/16 11:13:21.184, 159.91, 100, 7523
2026/09/16 11:13:22.184, 160.13, 100, 7523
2026/09/16 11:13:23.184, 161.54, 100, 7523
2026/09/16 11:13:24.185, 160.35, 100, 7523
2026/09/16 11:13:25.185, 160.68, 100, 7523
2026/09/16 11:13:26.185, 160.82, 100, 7523
2026/09/16 11:13:27.185, 159.97, 100, 7523
2026/09/16 11:13:28.194, 160.03, 100, 7523
2026/09/16 11:13:29.194, 160.75, 100, 7523
2026/09/16 11:13:30.194, 159.98, 99, 7523
2026/09/16 11:13:31.194, 160.54, 100, 7523
2026/09/16 11:13:32.195, 160.84, 100, 7523
2026/09/16 11:13:33.195, 159.50, 98, 7523
2026/09/16 11:13:34.195, 160.20, 100, 7523
2026/09/16 11:13:35.195, 160.67, 100, 7523
2026/09/16 11:13:36.195, 159.69, 99, 7523
2026/09/16 11:13:37.195, 161.00, 100, 7523
2026/09/16 11:13:38.204, 159.41, 100, 7523
2026/09/16 11:13:39.204, 159.40, 98, 7523
2026/09/16 11:13:40.204, 160.01, 100, 7523
2026/09/16 11:13:41.204, 160.63, 100, 7523
2026/09/16 11:13:42.204, 159.65, 99, 7523
2026/09/16 11:13:43.212, 160.39, 100, 7523
2026/09/16 11:13:44.212, 160.45, 100, 7523
2026/09/16 11:13:45.212, 159.37, 98, 7523
2026/09/16 11:13:46.213, 160.19, 100, 7523
2026/09/16 11:13:47.213, 160.57, 100, 7523
2026/09/16 11:13:48.216, 159.90, 99, 7523
2026/09/16 11:13:49.216, 160.94, 100, 7523
2026/09/16 11:13:50.216, 160.27, 100, 7523
2026/09/16 11:13:51.217, 160.01, 98, 7523
2026/09/16 11:13:52.217, 161.12, 100, 7523
2026/09/16 11:13:53.217, 160.01, 100, 7523
2026/09/16 11:13:54.217, 160.35, 99, 7523
2026/09/16 11:13:55.217, 160.82, 100, 7523
2026/09/16 11:13:56.217, 160.20, 100, 7523
2026/09/16 11:13:57.218, 160.28, 98, 7523
2026/09/16 11:13:58.223, 160.84, 100, 7523
2026/09/16 11:13:59.223, 160.18, 100, 7523
2026/09/16 11:14:00.223, 160.98, 99, 7523
2026/09/16 11:14:01.223, 161.11, 100, 7523
2026/09/16 11:14:02.223, 159.25, 100, 7523
2026/09/16 11:14:03.224, 161.10, 98, 7523
2026/09/16 11:14:04.224, 160.79, 100, 7523
2026/09/16 11:14:05.224, 159.67, 100, 7523
2026/09/16 11:14:06.224, 161.14, 99, 7523
2026/09/16 11:14:07.224, 161.06, 100, 7523
2026/09/16 11:14:08.224, 159.46, 100, 7523
2026/09/16 11:14:09.225, 160.26, 100, 7523
2026/09/16 11:14:10.225, 160.93, 100, 7523
2026/09/16 11:14:11.225, 159.71, 99, 7523
2026/09/16 11:14:12.225, 160.62, 100, 7523
2026/09/16 11:14:13.225, 160.50, 100, 7523
2026/09/16 11:14:14.226, 159.44, 98, 7523
2026/09/16 11:14:15.226, 160.49, 100, 7523
2026/09/16 11:14:16.226, 160.95, 100, 7523
2026/09/16 11:14:17.226, 159.72, 99, 7523
2026/09/16 11:14:18.226, 161.11, 100, 7523
2026/09/16 11:14:19.227, 160.40, 100, 7523
2026/09/16 11:14:20.227, 159.51, 98, 7523
2026/09/16 11:14:21.227, 160.40, 100, 7523
2026/09/16 11:14:22.227, 160.40, 100, 7523
2026/09/16 11:14:23.227, 159.99, 99, 7523
2026/09/16 11:14:24.227, 160.49, 100, 7523
2026/09/16 11:14:25.228, 160.16, 100, 7523
2026/09/16 11:14:26.228, 159.58, 98, 7523
2026/09/16 11:14:27.228, 160.53, 100, 7523
2026/09/16 11:14:28.228, 160.24, 100, 7523
2026/09/16 11:14:29.228, 159.86, 99, 7523
2026/09/16 11:14:30.228, 160.90, 100, 7523
2026/09/16 11:14:31.229, 160.63, 100, 7523
2026/09/16 11:14:32.229, 158.34, 98, 7523
2026/09/16 11:14:33.229, 161.15, 100, 7523
2026/09/16 11:14:34.229, 160.81, 100, 7523
2026/09/16 11:14:35.229, 159.86, 99, 7523
2026/09/16 11:14:36.230, 160.87, 100, 7523
2026/09/16 11:14:37.230, 160.27, 100, 7523
2026/09/16 11:14:38.230, 159.62, 98, 7523
2026/09/16 11:14:39.230, 160.68, 100, 7523
2026/09/16 11:14:40.230, 160.26, 100, 7523
2026/09/16 11:14:41.230, 160.09, 99, 7523
2026/09/16 11:14:42.231, 161.02, 100, 7523
2026/09/16 11:14:43.231, 160.68, 100, 7523
2026/09/16 11:14:44.231, 159.95, 98, 7523
2026/09/16 11:14:45.231, 160.55, 100, 7523
2026/09/16 11:14:46.231, 160.09, 100, 7523
2026/09/16 11:14:47.232, 160.24, 99, 7523
2026/09/16 11:14:48.232, 160.86, 100, 7523
2026/09/16 11:14:49.232, 160.04, 100, 7523
2026/09/16 11:14:50.232, 159.81, 98, 7523
2026/09/16 11:14:51.232, 160.56, 100, 7523
2026/09/16 11:14:52.233, 160.20, 100, 7523
2026/09/16 11:14:53.241, 160.03, 99, 7523
2026/09/16 11:14:54.241, 161.00, 100, 7523
2026/09/16 11:14:55.242, 159.82, 100, 7523
2026/09/16 11:14:56.242, 159.62, 99, 7523
2026/09/16 11:14:57.242, 160.76, 100, 7523
2026/09/16 11:14:58.242, 159.87, 100, 7523
2026/09/16 11:14:59.242, 160.19, 100, 7523
2026/09/16 11:15:00.242, 160.77, 100, 7523
2026/09/16 11:15:01.243, 160.14, 100, 7523
2026/09/16 11:15:02.243, 159.86, 100, 7523
2026/09/16 11:15:03.252, 161.21, 100, 7523
2026/09/16 11:15:04.252, 160.09, 100, 7523
2026/09/16 11:15:05.252, 160.20, 100, 7523
2026/09/16 11:15:06.252, 160.97, 100, 7523
2026/09/16 11:15:07.253, 160.24, 100, 7523
2026/09/16 11:15:08.253, 160.83, 100, 7523
2026/09/16 11:15:09.253, 163.25, 99, 7523
2026/09/16 11:15:10.253, 160.18, 100, 7523
2026/09/16 11:15:11.253, 159.93, 100, 7523
2026/09/16 11:15:12.253, 159.99, 100, 7523
2026/09/16 11:15:13.262, 162.53, 99, 7523
2026/09/16 11:15:14.262, 163.05, 100, 7523
2026/09/16 11:15:15.263, 160.48, 100, 7523
2026/09/16 11:15:16.263, 160.00, 100, 7523
2026/09/16 11:15:17.263, 159.81, 99, 7523
2026/09/16 11:15:18.263, 162.67, 100, 7523
2026/09/16 11:15:19.263, 163.26, 99, 7523
2026/09/16 11:15:20.263, 160.57, 99, 7523
2026/09/16 11:15:21.264, 159.77, 100, 7523
2026/09/16 11:15:22.264, 159.55, 100, 7523
2026/09/16 11:15:23.264, 161.54, 99, 7523
2026/09/16 11:15:24.264, 163.19, 100, 7523
2026/09/16 11:15:25.264, 161.09, 100, 7523
2026/09/16 11:15:26.265, 159.68, 100, 7523
2026/09/16 11:15:27.265, 159.55, 100, 7523
2026/09/16 11:15:28.265, 161.33, 100, 7523
2026/09/16 11:15:29.265, 163.25, 99, 7523
2026/09/16 11:15:30.265, 161.65, 100, 7523
2026/09/16 11:15:31.266, 159.84, 99, 7523
2026/09/16 11:15:32.266, 159.71, 99, 7523
2026/09/16 11:15:33.266, 160.89, 99, 7523
2026/09/16 11:15:34.266, 163.46, 100, 7523
2026/09/16 11:15:35.266, 161.96, 99, 7523
2026/09/16 11:15:36.266, 159.49, 100, 7523
2026/09/16 11:15:37.267, 159.52, 100, 7523
2026/09/16 11:15:38.267, 160.09, 100, 7523
2026/09/16 11:15:39.267, 163.20, 99, 7523
2026/09/16 11:15:40.267, 162.24, 100, 7523
2026/09/16 11:15:41.267, 159.45, 100, 7523
2026/09/16 11:15:42.268, 159.44, 99, 7523
2026/09/16 11:15:43.268, 159.41, 98, 7523
2026/09/16 11:15:44.268, 162.70, 100, 7523
2026/09/16 11:15:45.268, 162.63, 100, 7523
2026/09/16 11:15:46.268, 159.11, 99, 7523
2026/09/16 11:15:47.268, 159.49, 100, 7523
2026/09/16 11:15:48.269, 159.43, 100, 7523
2026/09/16 11:15:49.269, 162.27, 99, 7523
2026/09/16 11:15:50.269, 163.07, 100, 7523
2026/09/16 11:15:51.269, 159.47, 100, 7523
2026/09/16 11:15:52.269, 159.52, 100, 7523
2026/09/16 11:15:53.270, 159.59, 99, 7523
2026/09/16 11:15:54.270, 162.00, 100, 7523
2026/09/16 11:15:55.270, 163.28, 99, 7523
2026/09/16 11:15:56.270, 160.40, 100, 7523
2026/09/16 11:15:57.270, 159.48, 99, 7523
2026/09/16 11:15:58.271, 159.50, 100, 7523
2026/09/16 11:15:59.271, 161.65, 99, 7523
2026/09/16 11:16:00.271, 163.32, 100, 7523
2026/09/16 11:16:01.271, 161.02, 100, 7523
2026/09/16 11:16:02.271, 159.39, 100, 7523
2026/09/16 11:16:03.272, 159.38, 100, 7523
2026/09/16 11:16:04.272, 161.12, 100, 7523
2026/09/16 11:16:05.272, 163.21, 99, 7523
2026/09/16 11:16:06.272, 161.23, 100, 7523
2026/09/16 11:16:07.272, 159.69, 100, 7523
2026/09/16 11:16:08.273, 159.46, 99, 7523
2026/09/16 11:16:09.273, 160.66, 99, 7523
2026/09/16 11:16:10.273, 163.28, 100, 7523
2026/09/16 11:16:11.273, 161.82, 99, 7523
2026/09/16 11:16:12.273, 159.66, 100, 7523
2026/09/16 11:16:13.274, 159.72, 100, 7523
2026/09/16 11:16:14.274, 160.18, 100, 7523
2026/09/16 11:16:15.274, 163.26, 99, 7523
2026/09/16 11:16:16.274, 162.28, 100, 7523
2026/09/16 11:16:17.274, 159.78, 100, 7523
2026/09/16 11:16:18.274, 159.73, 100, 7523
2026/09/16 11:16:19.275, 159.76, 98, 7523
2026/09/16 11:16:20.275, 163.59, 100, 7523
2026/09/16 11:16:21.275, 162.87, 100, 7523
2026/09/16 11:16:22.275, 159.87, 99, 7523
2026/09/16 11:16:23.275, 159.68, 100, 7523
2026/09/16 11:16:24.276, 159.64, 100, 7523
2026/09/16 11:16:25.276, 162.53, 99, 7523
2026/09/16 11:16:26.276, 163.21, 99, 7523
2026/09/16 11:16:27.276, 159.91, 100, 7523
2026/09/16 11:16:28.276, 159.79, 100, 7523
2026/09/16 11:16:29.277, 159.64, 100, 7523
2026/09/16 11:16:30.277, 162.33, 100, 7523
2026/09/16 11:16:31.277, 163.33, 100, 7523
2026/09/16 11:16:32.277, 160.03, 100, 7523
2026/09/16 11:16:33.277, 160.11, 99, 7523
2026/09/16 11:16:34.278, 159.71, 99, 7523
2026/09/16 11:16:35.278, 161.64, 99, 7523
2026/09/16 11:16:36.278, 163.25, 99, 7523
2026/09/16 11:16:37.278, 160.59, 99, 7523
2026/09/16 11:16:38.278, 159.65, 100, 7523
2026/09/16 11:16:39.278, 159.50, 100, 7523
2026/09/16 11:16:40.279, 161.51, 100, 7523
2026/09/16 11:16:41.279, 163.28, 100, 7523
2026/09/16 11:16:42.279, 161.18, 100, 7523
2026/09/16 11:16:43.279, 159.72, 100, 7523
2026/09/16 11:16:44.279, 159.71, 99, 7523
2026/09/16 11:16:45.280, 161.23, 99, 7523
2026/09/16 11:16:46.288, 163.47, 99, 7523
2026/09/16 11:16:47.288, 161.65, 99, 7523
2026/09/16 11:16:48.289, 159.66, 99, 7523
2026/09/16 11:16:49.289, 159.61, 100, 7523
2026/09/16 11:16:50.289, 160.33, 100, 7523
2026/09/16 11:16:51.289, 163.20, 100, 7523
2026/09/16 11:16:52.289, 162.24, 100, 7523
2026/09/16 11:16:53.290, 159.77, 100, 7523
2026/09/16 11:16:54.290, 159.83, 100, 7523
2026/09/16 11:16:55.290, 159.99, 98, 7523
2026/09/16 11:16:56.290, 163.23, 99, 7523
2026/09/16 11:16:57.290, 162.38, 100, 7523
2026/09/16 11:16:58.290, 159.37, 100, 7523
2026/09/16 11:16:59.291, 159.58, 99, 7523
2026/09/16 11:17:00.291, 159.64, 100, 7523
2026/09/16 11:17:01.291, 43.69, 74, 7523
2026/09/16 11:17:02.291, 156.57, 100, 7523
2026/09/16 11:17:03.291, 159.45, 100, 7523
2026/09/16 11:17:04.292, 159.82, 99, 7523
2026/09/16 11:17:05.292, 160.66, 100, 7523
2026/09/16 11:17:06.292, 159.99, 100, 7523
2026/09/16 11:17:07.292, 159.78, 98, 7523
2026/09/16 11:17:08.292, 160.59, 100, 7523
2026/09/16 11:17:09.293, 160.22, 100, 7523
2026/09/16 11:17:10.293, 160.22, 99, 7523
2026/09/16 11:17:11.293, 160.80, 100, 7523
2026/09/16 11:17:12.293, 159.91, 100, 7523
2026/09/16 11:17:13.293, 159.85, 100, 7523
2026/09/16 11:17:14.294, 160.75, 100, 7523
2026/09/16 11:17:15.294, 159.95, 100, 7523
2026/09/16 11:17:16.294, 160.23, 100, 7523
2026/09/16 11:17:17.294, 161.14, 100, 7523
2026/09/16 11:17:18.294, 160.07, 100, 7523
2026/09/16 11:17:19.294, 159.62, 100, 7523
2026/09/16 11:17:20.295, 161.08, 100, 7523
2026/09/16 11:17:21.295, 159.95, 100, 7523
2026/09/16 11:17:22.295, 160.47, 100, 7523
2026/09/16 11:17:23.295, 161.23, 100, 7523
2026/09/16 11:17:24.295, 159.83, 100, 7523
2026/09/16 11:17:25.296, 160.03, 100, 7523
2026/09/16 11:17:26.296, 160.99, 100, 7523
2026/09/16 11:17:27.296, 159.60, 100, 7523
2026/09/16 11:17:28.296, 160.54, 100, 7523
2026/09/16 11:17:29.296, 161.09, 100, 7523
2026/09/16 11:17:30.297, 159.79, 100, 7523
2026/09/16 11:17:31.297, 160.21, 100, 7523
2026/09/16 11:17:32.297, 160.81, 100, 7523
2026/09/16 11:17:33.297, 160.10, 99, 7523
2026/09/16 11:17:34.297, 160.44, 100, 7523
2026/09/16 11:17:35.298, 160.57, 100, 7523
2026/09/16 11:17:36.298, 159.40, 98, 7523
2026/09/16 11:17:37.298, 159.92, 100, 7523
2026/09/16 11:17:38.298, 160.36, 100, 7523
2026/09/16 11:17:39.298, 159.53, 99, 7523
2026/09/16 11:17:40.299, 160.42, 100, 7523
2026/09/16 11:17:41.299, 160.95, 100, 7523
2026/09/16 11:17:42.299, 159.34, 98, 7523
2026/09/16 11:17:43.299, 160.15, 100, 7523
2026/09/16 11:17:44.299, 160.22, 100, 7523
2026/09/16 11:17:45.300, 159.84, 99, 7523
2026/09/16 11:17:46.300, 160.43, 100, 7523
2026/09/16 11:17:47.300, 160.25, 100, 7523
2026/09/16 11:17:48.300, 159.56, 98, 7523
2026/09/16 11:17:49.300, 160.25, 100, 7523
2026/09/16 11:17:50.301, 160.32, 100, 7523
2026/09/16 11:17:51.301, 159.45, 99, 7523
2026/09/16 11:17:52.301, 160.48, 100, 7523
2026/09/16 11:17:53.301, 160.64, 100, 7523
2026/09/16 11:17:54.301, 159.46, 98, 7523
2026/09/16 11:17:55.301, 160.29, 100, 7523
2026/09/16 11:17:56.302, 160.32, 100, 7523
2026/09/16 11:17:57.302, 159.91, 99, 7523
2026/09/16 11:17:58.302, 160.92, 100, 7523
2026/09/16 11:17:59.302, 160.59, 100, 7523
2026/09/16 11:18:00.303, 159.55, 98, 7523
2026/09/16 11:18:01.303, 160.42, 100, 7523
2026/09/16 11:18:02.303, 160.21, 100, 7523
2026/09/16 11:18:03.303, 159.90, 99, 7523
2026/09/16 11:18:04.303, 160.65, 100, 7523
2026/09/16 11:18:05.304, 160.55, 100, 7523
2026/09/16 11:18:06.304, 159.99, 98, 7523
2026/09/16 11:18:07.304, 160.55, 100, 7523
2026/09/16 11:18:08.304, 159.85, 100, 7523
2026/09/16 11:18:09.304, 159.93, 99, 7523
2026/09/16 11:18:10.304, 160.72, 100, 7523
2026/09/16 11:18:11.305, 160.43, 100, 7523
2026/09/16 11:18:12.305, 159.69, 98, 7523
2026/09/16 11:18:13.305, 160.52, 100, 7523
2026/09/16 11:18:14.305, 160.43, 100, 7523
2026/09/16 11:18:15.306, 160.07, 98, 7523
2026/09/16 11:18:16.306, 161.02, 100, 7523
2026/09/16 11:18:17.306, 159.88, 100, 7523
2026/09/16 11:18:18.306, 159.61, 98, 7523
2026/09/16 11:18:19.306, 160.93, 100, 7523
2026/09/16 11:18:20.307, 159.86, 100, 7523
2026/09/16 11:18:21.307, 159.86, 100, 7523
2026/09/16 11:18:22.307, 160.86, 100, 7523
2026/09/16 11:18:23.307, 159.85, 100, 7523
2026/09/16 11:18:24.307, 159.67, 100, 7523
2026/09/16 11:18:25.308, 160.78, 100, 7523
2026/09/16 11:18:26.308, 159.79, 100, 7523
2026/09/16 11:18:27.308, 159.76, 100, 7523
2026/09/16 11:18:28.308, 161.07, 100, 7523
2026/09/16 11:18:29.308, 159.45, 100, 7523
2026/09/16 11:18:30.309, 159.58, 100, 7523
2026/09/16 11:18:31.309, 161.08, 100, 7523
2026/09/16 11:18:32.309, 159.78, 100, 7523
2026/09/16 11:18:33.309, 159.82, 100, 7523
2026/09/16 11:18:34.309, 160.79, 100, 7523
2026/09/16 11:18:35.309, 159.90, 100, 7523
2026/09/16 11:18:36.310, 160.06, 100, 7523
2026/09/16 11:18:37.310, 160.91, 100, 7523
2026/09/16 11:18:38.310, 159.65, 100, 7523
2026/09/16 11:18:39.310, 160.39, 100, 7523
2026/09/16 11:18:40.310, 161.00, 100, 7523
2026/09/16 11:18:41.311, 159.74, 100, 7523
2026/09/16 11:18:42.311, 159.94, 100, 7523
2026/09/16 11:18:43.311, 160.71, 100, 7523
2026/09/16 11:18:44.311, 159.73, 100, 7523
2026/09/16 11:18:45.311, 160.24, 100, 7523
2026/09/16 11:18:46.311, 160.88, 100, 7523
2026/09/16 11:18:47.312, 159.49, 98, 7523
2026/09/16 11:18:48.312, 160.19, 100, 7523
2026/09/16 11:18:49.312, 160.72, 100, 7523
2026/09/16 11:18:50.312, 159.65, 99, 7523
2026/09/16 11:18:51.312, 160.79, 100, 7523
2026/09/16 11:18:52.313, 160.34, 100, 7523
2026/09/16 11:18:53.313, 159.14, 98, 7523
2026/09/16 11:18:54.313, 160.32, 100, 7523
2026/09/16 11:18:55.313, 160.70, 100, 7523
2026/09/16 11:18:56.313, 159.55, 99, 7523
2026/09/16 11:18:57.313, 160.69, 100, 7523
2026/09/16 11:18:58.314, 160.71, 100, 7523
2026/09/16 11:18:59.314, 157.80, 98, 7523
2026/09/16 11:19:00.314, 160.01, 100, 7523
2026/09/16 11:19:01.314, 160.35, 100, 7523
2026/09/16 11:19:02.314, 159.67, 99, 7523
2026/09/16 11:19:03.315, 160.56, 100, 7523
2026/09/16 11:19:04.315, 159.88, 100, 7523
2026/09/16 11:19:05.315, 159.21, 98, 7523
2026/09/16 11:19:06.315, 159.95, 100, 7523
2026/09/16 11:19:07.315, 160.45, 100, 7523
2026/09/16 11:19:08.316, 159.81, 99, 7523
2026/09/16 11:19:09.316, 160.52, 100, 7523
2026/09/16 11:19:10.316, 160.40, 100, 7523
2026/09/16 11:19:11.316, 159.28, 98, 7523
2026/09/16 11:19:12.316, 160.08, 100, 7523
2026/09/16 11:19:13.317, 160.68, 100, 7523
2026/09/16 11:19:14.317, 159.63, 98, 7523
2026/09/16 11:19:15.317, 160.60, 100, 7523
2026/09/16 11:19:16.317, 160.33, 100, 7523
2026/09/16 11:19:17.317, 159.58, 98, 7523
2026/09/16 11:19:18.318, 160.32, 100, 7523
2026/09/16 11:19:19.318, 160.24, 100, 7523
2026/09/16 11:19:20.318, 159.76, 99, 7523
2026/09/16 11:19:21.318, 160.98, 100, 7523
2026/09/16 11:19:22.318, 160.42, 100, 7523
2026/09/16 11:19:23.318, 159.34, 98, 7523
2026/09/16 11:19:24.319, 160.47, 100, 7523
2026/09/16 11:19:25.319, 160.15, 100, 7523
2026/09/16 11:19:26.319, 159.60, 99, 7523
2026/09/16 11:19:27.319, 160.87, 100, 7523
2026/09/16 11:19:28.320, 160.21, 100, 7523
2026/09/16 11:19:29.320, 159.33, 98, 7523
2026/09/16 11:19:30.320, 160.36, 100, 7523
2026/09/16 11:19:31.320, 160.19, 100, 7523
2026/09/16 11:19:32.320, 159.93, 99, 7523
2026/09/16 11:19:33.320, 160.96, 100, 7523
2026/09/16 11:19:34.329, 160.48, 100, 7523
2026/09/16 11:19:35.329, 159.72, 98, 7523
2026/09/16 11:19:36.329, 160.54, 99, 7523
2026/09/16 11:19:37.330, 163.18, 99, 7523
2026/09/16 11:19:38.330, 159.93, 99, 7523
2026/09/16 11:19:39.330, 158.51, 100, 7523
2026/09/16 11:19:40.330, 158.40, 100, 7523
2026/09/16 11:19:41.330, 160.30, 100, 7523
2026/09/16 11:19:42.331, 163.23, 100, 7523
2026/09/16 11:19:43.331, 160.67, 100, 7523
2026/09/16 11:19:44.339, 158.76, 100, 7523
2026/09/16 11:19:45.340, 158.77, 99, 7523
2026/09/16 11:19:46.340, 159.99, 99, 7523
2026/09/16 11:19:47.340, 163.04, 100, 7523
2026/09/16 11:19:48.340, 161.68, 99, 7523
2026/09/16 11:19:49.340, 159.87, 100, 7523
2026/09/16 11:19:50.341, 159.74, 100, 7523
2026/09/16 11:19:51.341, 160.20, 100, 7523
2026/09/16 11:19:52.341, 164.18, 100, 7523
2026/09/16 11:19:53.341, 163.15, 100, 7523
2026/09/16 11:19:54.341, 160.02, 100, 7523
2026/09/16 11:19:55.341, 159.82, 100, 7523
2026/09/16 11:19:56.342, 159.73, 98, 7523
2026/09/16 11:19:57.342, 162.82, 100, 7523
2026/09/16 11:19:58.342, 162.51, 100, 7523
2026/09/16 11:19:59.351, 159.45, 99, 7523
2026/09/16 11:20:00.351, 159.09, 99, 7523
2026/09/16 11:20:01.351, 159.31, 100, 7523
2026/09/16 11:20:02.351, 162.55, 100, 7523
2026/09/16 11:20:03.351, 163.05, 99, 7523
2026/09/16 11:20:04.352, 159.94, 100, 7523
2026/09/16 11:20:05.352, 159.53, 100, 7523
2026/09/16 11:20:06.352, 159.50, 100, 7523
2026/09/16 11:20:07.352, 162.32, 100, 7523
2026/09/16 11:20:08.352, 163.03, 100, 7523
2026/09/16 11:20:09.352, 160.77, 100, 7523
2026/09/16 11:20:10.353, 159.95, 100, 7523
2026/09/16 11:20:11.353, 159.63, 99, 7523
2026/09/16 11:20:12.353, 162.29, 100, 7523
2026/09/16 11:20:13.353, 163.23, 99, 7523
2026/09/16 11:20:14.353, 160.71, 99, 7523
2026/09/16 11:20:15.353, 159.61, 100, 7523
2026/09/16 11:20:16.354, 159.74, 100, 7523
2026/09/16 11:20:17.354, 161.56, 99, 7523
2026/09/16 11:20:18.354, 163.26, 100, 7523
2026/09/16 11:20:19.354, 161.36, 100, 7523
2026/09/16 11:20:20.354, 159.84, 100, 7523
2026/09/16 11:20:21.355, 159.87, 100, 7523
2026/09/16 11:20:22.355, 161.17, 100, 7523
2026/09/16 11:20:23.355, 163.30, 99, 7523
2026/09/16 11:20:24.355, 161.93, 100, 7523
2026/09/16 11:20:25.355, 159.71, 99, 7523
2026/09/16 11:20:26.356, 159.74, 100, 7523
2026/09/16 11:20:27.356, 160.25, 99, 7523
2026/09/16 11:20:28.356, 163.20, 100, 7523
2026/09/16 11:20:29.356, 161.90, 99, 7523
2026/09/16 11:20:30.356, 159.61, 100, 7523
2026/09/16 11:20:31.357, 159.63, 100, 7523
2026/09/16 11:20:32.357, 160.18, 100, 7523
2026/09/16 11:20:33.357, 163.57, 99, 7523
2026/09/16 11:20:34.357, 162.86, 100, 7523
2026/09/16 11:20:35.357, 160.20, 100, 7523
2026/09/16 11:20:36.357, 160.06, 99, 7523
2026/09/16 11:20:37.358, 159.69, 98, 7523
2026/09/16 11:20:38.358, 162.81, 100, 7523
2026/09/16 11:20:39.358, 162.74, 100, 7523
2026/09/16 11:20:40.358, 159.71, 99, 7523
2026/09/16 11:20:41.358, 159.81, 100, 7523
2026/09/16 11:20:42.359, 159.71, 100, 7523
2026/09/16 11:20:43.359, 162.62, 99, 7523
2026/09/16 11:20:44.359, 163.31, 100, 7523
2026/09/16 11:20:45.359, 159.89, 100, 7523
2026/09/16 11:20:46.359, 159.64, 100, 7523
2026/09/16 11:20:47.360, 159.71, 100, 7523
2026/09/16 11:20:48.360, 162.24, 100, 7523
2026/09/16 11:20:49.360, 163.09, 100, 7523
2026/09/16 11:20:50.360, 160.32, 100, 7523
2026/09/16 11:20:51.360, 159.68, 99, 7523
2026/09/16 11:20:52.361, 159.52, 100, 7523
2026/09/16 11:20:53.361, 161.49, 99, 7523
2026/09/16 11:20:54.361, 163.31, 100, 7523
2026/09/16 11:20:55.361, 160.74, 100, 7523
2026/09/16 11:20:56.361, 159.61, 100, 7523
2026/09/16 11:20:57.361, 159.51, 100, 7523
2026/09/16 11:20:58.362, 161.16, 100, 7523
2026/09/16 11:20:59.362, 163.14, 100, 7523
2026/09/16 11:21:00.362, 161.55, 100, 7523
2026/09/16 11:21:01.362, 159.75, 100, 7523
2026/09/16 11:21:02.362, 160.23, 99, 7523
2026/09/16 11:21:03.363, 160.92, 99, 7523
2026/09/16 11:21:04.363, 163.20, 100, 7523
2026/09/16 11:21:05.363, 161.74, 99, 7523
2026/09/16 11:21:06.363, 159.96, 99, 7523
2026/09/16 11:21:07.363, 159.69, 100, 7523
2026/09/16 11:21:08.364, 160.21, 100, 7523
2026/09/16 11:21:09.364, 163.04, 100, 7523
2026/09/16 11:21:10.364, 161.93, 100, 7523
2026/09/16 11:21:11.364, 159.75, 100, 7523
2026/09/16 11:21:12.364, 159.67, 100, 7523
2026/09/16 11:21:13.364, 159.86, 98, 7523
2026/09/16 11:21:14.365, 163.05, 100, 7523
2026/09/16 11:21:15.365, 162.48, 100, 7523
2026/09/16 11:21:16.365, 159.65, 100, 7523
2026/09/16 11:21:17.365, 159.44, 99, 7523
2026/09/16 11:21:18.365, 159.32, 100, 7523
2026/09/16 11:21:19.366, 163.65, 100, 7523
2026/09/16 11:21:20.366, 164.08, 99, 7523
2026/09/16 11:21:21.366, 160.04, 100, 7523
2026/09/16 11:21:22.366, 159.60, 100, 7523
2026/09/16 11:21:23.366, 159.99, 100, 7523
2026/09/16 11:21:24.367, 162.27, 99, 7523
2026/09/16 11:21:25.367, 162.97, 100, 7523
2026/09/16 11:21:26.367, 159.96, 100, 7523
2026/09/16 11:21:27.367, 159.49, 100, 7523
2026/09/16 11:21:28.367, 159.42, 99, 7523
2026/09/16 11:21:29.368, 76.00, 0, 7523
2026/09/16 11:21:30.368, 136.18, 100, 7523
2026/09/16 11:21:31.368, 159.59, 100, 7523
2026/09/16 11:21:32.368, 160.54, 100, 7523
2026/09/16 11:21:33.368, 159.71, 100, 7523
2026/09/16 11:21:34.369, 159.35, 100, 7523
2026/09/16 11:21:35.369, 160.48, 100, 7523
2026/09/16 11:21:36.369, 159.47, 100, 7523
2026/09/16 11:21:37.369, 159.82, 100, 7523
2026/09/16 11:21:38.369, 160.68, 100, 7523
2026/09/16 11:21:39.369, 159.48, 100, 7523
2026/09/16 11:21:40.370, 160.10, 100, 7523
2026/09/16 11:21:41.370, 160.36, 100, 7523
2026/09/16 11:21:42.370, 159.65, 100, 7523
2026/09/16 11:21:43.370, 160.42, 100, 7523
2026/09/16 11:21:44.370, 160.88, 100, 7523
2026/09/16 11:21:45.371, 159.51, 98, 7523
2026/09/16 11:21:46.371, 159.93, 100, 7523
2026/09/16 11:21:47.371, 160.33, 100, 7523
2026/09/16 11:21:48.371, 159.31, 98, 7523
2026/09/16 11:21:49.371, 160.23, 100, 7523
2026/09/16 11:21:50.372, 160.29, 100, 7523
2026/09/16 11:21:51.372, 159.09, 98, 7523
2026/09/16 11:21:52.372, 159.86, 100, 7523
2026/09/16 11:21:53.372, 160.27, 100, 7523
2026/09/16 11:21:54.372, 159.49, 98, 7523
2026/09/16 11:21:55.372, 160.37, 100, 7523
2026/09/16 11:21:56.373, 159.69, 100, 7523
2026/09/16 11:21:57.373, 159.73, 98, 7523
2026/09/16 11:21:58.373, 160.73, 100, 7523
2026/09/16 11:21:59.373, 159.57, 100, 7523
2026/09/16 11:22:00.373, 160.08, 99, 7523
2026/09/16 11:22:01.374, 161.02, 100, 7523
2026/09/16 11:22:02.374, 159.58, 100, 7523
2026/09/16 11:22:03.374, 160.24, 98, 7523
2026/09/16 11:22:04.374, 160.54, 100, 7523
2026/09/16 11:22:05.374, 159.93, 100, 7523
2026/09/16 11:22:06.374, 160.39, 99, 7523
2026/09/16 11:22:07.375, 160.89, 100, 7523
2026/09/16 11:22:08.375, 159.95, 100, 7523
2026/09/16 11:22:09.375, 159.79, 98, 7523
2026/09/16 11:22:10.375, 160.52, 100, 7523
2026/09/16 11:22:11.375, 159.67, 100, 7523
2026/09/16 11:22:12.376, 160.70, 100, 7523
2026/09/16 11:22:13.376, 160.98, 100, 7523
2026/09/16 11:22:14.376, 159.12, 98, 7523
2026/09/16 11:22:15.376, 160.00, 100, 7523
2026/09/16 11:22:16.377, 160.38, 100, 7523
2026/09/16 11:22:17.377, 159.43, 99, 7523
2026/09/16 11:22:18.377, 160.38, 100, 7523
2026/09/16 11:22:19.377, 160.83, 100, 7523
2026/09/16 11:22:20.377, 159.25, 98, 7523
2026/09/16 11:22:21.377, 161.13, 100, 7523
2026/09/16 11:22:22.378, 160.87, 100, 7523
2026/09/16 11:22:23.378, 159.65, 98, 7523
2026/09/16 11:22:24.378, 160.81, 100, 7523
2026/09/16 11:22:25.378, 160.30, 100, 7523
2026/09/16 11:22:26.378, 159.18, 98, 7523
2026/09/16 11:22:27.379, 160.14, 100, 7523
2026/09/16 11:22:28.379, 160.34, 100, 7523
2026/09/16 11:22:29.379, 159.62, 99, 7523
2026/09/16 11:22:30.379, 160.57, 100, 7523
2026/09/16 11:22:31.379, 160.29, 100, 7523
2026/09/16 11:22:32.380, 159.32, 98, 7523
2026/09/16 11:22:33.380, 160.48, 100, 7523
2026/09/16 11:22:34.380, 160.79, 100, 7523
2026/09/16 11:22:35.380, 159.83, 98, 7523
2026/09/16 11:22:36.381, 160.67, 100, 7523
2026/09/16 11:22:37.381, 160.41, 100, 7523
2026/09/16 11:22:38.381, 159.75, 98, 7523
2026/09/16 11:22:39.381, 160.40, 100, 7523
2026/09/16 11:22:40.381, 160.17, 100, 7523
2026/09/16 11:22:41.382, 159.71, 98, 7523
2026/09/16 11:22:42.382, 161.02, 100, 7523
2026/09/16 11:22:43.382, 160.27, 100, 7523
2026/09/16 11:22:44.382, 159.62, 98, 7523
2026/09/16 11:22:45.382, 161.19, 100, 7523
2026/09/16 11:22:46.382, 160.41, 100, 7523
2026/09/16 11:22:47.383, 159.85, 99, 7523
2026/09/16 11:22:48.383, 161.08, 100, 7523
2026/09/16 11:22:49.383, 160.77, 100, 7523
2026/09/16 11:22:50.383, 160.00, 98, 7523
2026/09/16 11:22:51.383, 161.35, 100, 7523
2026/09/16 11:22:52.384, 160.64, 100, 7523
2026/09/16 11:22:53.384, 160.29, 98, 7523
2026/09/16 11:22:54.384, 161.17, 100, 7523
2026/09/16 11:22:55.384, 160.58, 100, 7523
2026/09/16 11:22:56.384, 159.97, 98, 7523
2026/09/16 11:22:57.385, 160.63, 100, 7523
2026/09/16 11:22:58.385, 160.29, 100, 7523
2026/09/16 11:22:59.385, 160.28, 98, 7523
2026/09/16 11:23:00.385, 161.07, 100, 7523
2026/09/16 11:23:01.385, 160.20, 100, 7523
2026/09/16 11:23:02.386, 160.09, 98, 7523
2026/09/16 11:23:03.386, 160.78, 100, 7523
2026/09/16 11:23:04.386, 160.51, 100, 7523
2026/09/16 11:23:05.386, 160.25, 99, 7523
2026/09/16 11:23:06.386, 160.99, 100, 7523
2026/09/16 11:23:07.387, 160.12, 100, 7523
2026/09/16 11:23:08.387, 159.75, 98, 7523
2026/09/16 11:23:09.387, 160.52, 100, 7523
2026/09/16 11:23:10.387, 160.17, 100, 7523
2026/09/16 11:23:11.387, 160.08, 99, 7523
2026/09/16 11:23:12.388, 161.08, 100, 7523
2026/09/16 11:23:13.388, 160.30, 100, 7523
2026/09/16 11:23:14.388, 160.18, 100, 7523
2026/09/16 11:23:15.396, 161.06, 100, 7523
2026/09/16 11:23:16.397, 160.58, 100, 7523
2026/09/16 11:23:17.397, 160.12, 100, 7523
2026/09/16 11:23:18.397, 160.99, 100, 7523
2026/09/16 11:23:19.397, 160.41, 100, 7523
2026/09/16 11:23:20.397, 160.24, 100, 7523
2026/09/16 11:23:21.398, 160.83, 100, 7523
2026/09/16 11:23:22.398, 160.23, 100, 7523
2026/09/16 11:23:23.398, 160.26, 100, 7523
2026/09/16 11:23:24.398, 161.30, 100, 7523
2026/09/16 11:23:25.398, 159.80, 100, 7523
2026/09/16 11:23:26.399, 159.90, 100, 7523
2026/09/16 11:23:27.399, 161.25, 100, 7523
2026/09/16 11:23:28.399, 160.08, 100, 7523
2026/09/16 11:23:29.399, 160.06, 100, 7523
2026/09/16 11:23:30.399, 160.99, 100, 7523
2026/09/16 11:23:31.399, 160.10, 100, 7523
2026/09/16 11:23:32.400, 160.15, 100, 7523
2026/09/16 11:23:33.400, 160.39, 100, 7523
2026/09/16 11:23:34.400, 159.94, 100, 7523
2026/09/16 11:23:35.400, 160.30, 100, 7523
2026/09/16 11:23:36.400, 161.31, 100, 7523
2026/09/16 11:23:37.401, 159.58, 99, 7523
2026/09/16 11:23:38.401, 160.46, 100, 7523
2026/09/16 11:23:39.401, 161.07, 100, 7523
2026/09/16 11:23:40.401, 159.36, 98, 7523
2026/09/16 11:23:41.401, 161.02, 100, 7523
2026/09/16 11:23:42.402, 160.94, 100, 7523
2026/09/16 11:23:43.402, 159.19, 98, 7523
2026/09/16 11:23:44.402, 161.35, 100, 7523
2026/09/16 11:23:45.402, 161.14, 100, 7523
2026/09/16 11:23:46.402, 159.64, 99, 7523
2026/09/16 11:23:47.403, 160.38, 100, 7523
2026/09/16 11:23:48.403, 160.88, 100, 7523
2026/09/16 11:23:49.403, 159.29, 98, 7523
2026/09/16 11:23:50.403, 160.24, 100, 7523
2026/09/16 11:23:51.403, 160.89, 100, 7523
2026/09/16 11:23:52.404, 159.61, 98, 7523
2026/09/16 11:23:53.404, 160.32, 100, 7523
2026/09/16 11:23:54.404, 160.85, 100, 7523
2026/09/16 11:23:55.404, 159.18, 98, 7523
2026/09/16 11:23:56.404, 160.12, 100, 7523
2026/09/16 11:23:57.404, 160.49, 100, 7523
2026/09/16 11:23:58.405, 159.66, 99, 7523
2026/09/16 11:23:59.405, 160.59, 100, 7523
2026/09/16 11:24:00.405, 160.42, 100, 7523
2026/09/16 11:24:01.405, 159.62, 98, 7523
2026/09/16 11:24:02.405, 160.29, 100, 7523
2026/09/16 11:24:03.406, 160.57, 100, 7523
2026/09/16 11:24:04.406, 161.04, 99, 7523
2026/09/16 11:24:05.406, 163.42, 100, 7523
2026/09/16 11:24:06.406, 159.05, 100, 7523
2026/09/16 11:24:07.406, 158.83, 100, 7523
2026/09/16 11:24:08.406, 158.70, 99, 7523
2026/09/16 11:24:09.407, 161.53, 100, 7523
2026/09/16 11:24:10.407, 163.38, 99, 7523
2026/09/16 11:24:11.407, 159.71, 99, 7523
2026/09/16 11:24:12.407, 158.74, 99, 7523
2026/09/16 11:24:13.407, 158.69, 100, 7523
2026/09/16 11:24:14.408, 160.93, 99, 7523
2026/09/16 11:24:15.408, 163.32, 100, 7523
2026/09/16 11:24:16.408, 160.59, 100, 7523
2026/09/16 11:24:17.408, 159.20, 100, 7523
2026/09/16 11:24:18.408, 159.13, 100, 7523
2026/09/16 11:24:19.408, 160.66, 100, 7523
2026/09/16 11:24:20.409, 163.12, 99, 7523
2026/09/16 11:24:21.409, 161.28, 100, 7523
2026/09/16 11:24:22.409, 158.79, 99, 7523
2026/09/16 11:24:23.409, 158.81, 100, 7523
2026/09/16 11:24:24.409, 159.80, 100, 7523
2026/09/16 11:24:25.410, 163.22, 100, 7523
2026/09/16 11:24:26.410, 161.92, 100, 7523
2026/09/16 11:24:27.410, 159.54, 100, 7523
2026/09/16 11:24:28.410, 158.87, 100, 7523
2026/09/16 11:24:29.410, 159.78, 100, 7523
2026/09/16 11:24:30.411, 163.10, 99, 7523
2026/09/16 11:24:31.411, 162.43, 100, 7523
2026/09/16 11:24:32.411, 158.61, 100, 7523
2026/09/16 11:24:33.411, 158.75, 99, 7523
2026/09/16 11:24:34.412, 158.77, 100, 7523
2026/09/16 11:24:35.412, 162.86, 100, 7523
2026/09/16 11:24:36.412, 163.08, 99, 7523
2026/09/16 11:24:37.412, 158.71, 100, 7523
2026/09/16 11:24:38.412, 158.43, 100, 7523
2026/09/16 11:24:39.413, 158.48, 100, 7523
2026/09/16 11:24:40.413, 162.29, 100, 7523
2026/09/16 11:24:41.413, 163.29, 100, 7523
2026/09/16 11:24:42.413, 159.10, 100, 7523
2026/09/16 11:24:43.413, 158.76, 100, 7523
2026/09/16 11:24:44.414, 158.87, 99, 7523
2026/09/16 11:24:45.414, 161.16, 100, 7523
2026/09/16 11:24:46.414, 163.39, 99, 7523
2026/09/16 11:24:47.414, 161.06, 99, 7523
2026/09/16 11:24:48.414, 160.23, 100, 7523
2026/09/16 11:24:49.414, 160.32, 100, 7523
2026/09/16 11:24:50.415, 161.77, 100, 7523
2026/09/16 11:24:51.415, 163.47, 100, 7523
2026/09/16 11:24:52.415, 161.59, 100, 7523
2026/09/16 11:24:53.415, 159.66, 100, 7523
2026/09/16 11:24:54.415, 159.01, 100, 7523
2026/09/16 11:24:55.416, 160.43, 100, 7523
2026/09/16 11:24:56.416, 163.42, 99, 7523
2026/09/16 11:24:57.416, 161.68, 100, 7523
2026/09/16 11:24:58.416, 159.21, 99, 7523
2026/09/16 11:24:59.416, 159.30, 100, 7523
2026/09/16 11:25:00.416, 159.92, 100, 7523
2026/09/16 11:25:01.417, 163.51, 100, 7523
2026/09/16 11:25:02.417, 162.47, 100, 7523
2026/09/16 11:25:03.417, 160.26, 100, 7523
2026/09/16 11:25:04.417, 160.07, 100, 7523
2026/09/16 11:25:05.417, 160.60, 100, 7523
2026/09/16 11:25:06.418, 163.57, 99, 7523
2026/09/16 11:25:07.418, 162.65, 100, 7523
2026/09/16 11:25:08.418, 160.20, 100, 7523
2026/09/16 11:25:09.418, 160.23, 99, 7523
2026/09/16 11:25:10.418, 160.49, 100, 7523
2026/09/16 11:25:11.419, 163.23, 100, 7523
2026/09/16 11:25:12.419, 163.23, 99, 7523
2026/09/16 11:25:13.419, 159.93, 99, 7523
2026/09/16 11:25:14.419, 159.98, 100, 7523
2026/09/16 11:25:15.419, 159.01, 100, 7523
2026/09/16 11:25:16.420, 162.54, 99, 7523
2026/09/16 11:25:17.420, 163.61, 100, 7523
2026/09/16 11:25:18.420, 160.45, 100, 7523
2026/09/16 11:25:19.420, 159.73, 100, 7523
2026/09/16 11:25:20.420, 159.92, 99, 7523
2026/09/16 11:25:21.420, 162.35, 100, 7523
2026/09/16 11:25:22.421, 163.29, 99, 7523
2026/09/16 11:25:23.421, 160.63, 99, 7523
2026/09/16 11:25:24.421, 159.65, 99, 7523
2026/09/16 11:25:25.421, 159.79, 100, 7523
2026/09/16 11:25:26.421, 161.62, 99, 7523
2026/09/16 11:25:27.422, 163.35, 100, 7523
2026/09/16 11:25:28.422, 161.23, 100, 7523
2026/09/16 11:25:29.422, 159.81, 100, 7523
2026/09/16 11:25:30.422, 159.75, 100, 7523
2026/09/16 11:25:31.422, 161.65, 100, 7523
2026/09/16 11:25:32.423, 164.65, 99, 7523
2026/09/16 11:25:33.423, 162.31, 100, 7523
2026/09/16 11:25:34.423, 159.78, 100, 7523
2026/09/16 11:25:35.423, 159.86, 99, 7523
2026/09/16 11:25:36.423, 160.97, 99, 7523
2026/09/16 11:25:37.423, 163.26, 100, 7523
2026/09/16 11:25:38.424, 161.97, 99, 7523
2026/09/16 11:25:39.424, 159.86, 100, 7523
2026/09/16 11:25:40.424, 159.77, 100, 7523
2026/09/16 11:25:41.424, 160.43, 100, 7523
2026/09/16 11:25:42.424, 163.24, 100, 7523
2026/09/16 11:25:43.425, 162.20, 100, 7523
2026/09/16 11:25:44.425, 159.80, 100, 7523
2026/09/16 11:25:45.425, 159.65, 100, 7523
2026/09/16 11:25:46.425, 159.64, 98, 7523
2026/09/16 11:25:47.425, 164.53, 100, 7523
2026/09/16 11:25:48.426, 163.80, 100, 7523
2026/09/16 11:25:49.426, 160.03, 100, 7523
2026/09/16 11:25:50.426, 159.74, 99, 7523
2026/09/16 11:25:51.426, 159.91, 100, 7523
2026/09/16 11:25:52.426, 164.01, 100, 7523
2026/09/16 11:25:53.426, 164.12, 99, 7523
2026/09/16 11:25:54.427, 160.20, 100, 7523
2026/09/16 11:25:55.427, 159.96, 100, 7523
2026/09/16 11:25:56.427, 159.62, 100, 7523
2026/09/16 11:25:57.427, 49.99, 4, 7523
2026/09/16 11:25:58.427, 156.52, 100, 7523
2026/09/16 11:25:59.428, 160.80, 100, 7523
2026/09/16 11:26:00.428, 159.64, 100, 7523
2026/09/16 11:26:01.428, 160.12, 100, 7523
2026/09/16 11:26:02.428, 161.06, 100, 7523
2026/09/16 11:26:03.429, 159.78, 100, 7523
2026/09/16 11:26:04.429, 160.13, 100, 7523
2026/09/16 11:26:05.429, 160.69, 100, 7523
2026/09/16 11:26:06.429, 159.70, 100, 7523
2026/09/16 11:26:07.429, 160.23, 100, 7523
2026/09/16 11:26:08.429, 160.60, 100, 7523
2026/09/16 11:26:09.430, 159.73, 98, 7523
2026/09/16 11:26:10.430, 160.06, 100, 7523
2026/09/16 11:26:11.430, 160.47, 100, 7523
2026/09/16 11:26:12.430, 159.53, 98, 7523
2026/09/16 11:26:13.430, 159.97, 100, 7523
2026/09/16 11:26:14.431, 160.68, 100, 7523
2026/09/16 11:26:15.431, 159.58, 99, 7523
2026/09/16 11:26:16.431, 160.51, 100, 7523
2026/09/16 11:26:17.431, 160.54, 100, 7523
2026/09/16 11:26:18.431, 159.14, 98, 7523
2026/09/16 11:26:19.432, 160.10, 100, 7523
2026/09/16 11:26:20.432, 160.56, 100, 7523
2026/09/16 11:26:21.432, 159.40, 99, 7523
2026/09/16 11:26:22.432, 160.80, 100, 7523
2026/09/16 11:26:23.432, 160.23, 100, 7523
2026/09/16 11:26:24.432, 159.28, 98, 7523
2026/09/16 11:26:25.433, 161.03, 100, 7523
2026/09/16 11:26:26.433, 160.78, 100, 7523
2026/09/16 11:26:27.433, 159.54, 99, 7523
2026/09/16 11:26:28.433, 160.52, 100, 7523
2026/09/16 11:26:29.433, 160.63, 100, 7523
2026/09/16 11:26:30.434, 159.37, 98, 7523
2026/09/16 11:26:31.434, 160.48, 100, 7523
2026/09/16 11:26:32.434, 160.74, 100, 7523
2026/09/16 11:26:33.434, 159.65, 98, 7523
2026/09/16 11:26:34.434, 160.90, 100, 7523
2026/09/16 11:26:35.434, 160.67, 100, 7523
2026/09/16 11:26:36.435, 159.44, 98, 7523
2026/09/16 11:26:37.435, 160.80, 100, 7523
2026/09/16 11:26:38.435, 160.45, 100, 7523
2026/09/16 11:26:39.435, 159.46, 99, 7523
2026/09/16 11:26:40.435, 160.81, 100, 7523
2026/09/16 11:26:41.436, 160.72, 100, 7523
2026/09/16 11:26:42.436, 159.48, 98, 7523
2026/09/16 11:26:43.436, 160.23, 100, 7523
2026/09/16 11:26:44.436, 160.43, 100, 7523
2026/09/16 11:26:45.436, 159.72, 99, 7523
2026/09/16 11:26:46.436, 161.09, 100, 7523
2026/09/16 11:26:47.437, 160.46, 100, 7523
2026/09/16 11:26:48.437, 159.40, 98, 7523
2026/09/16 11:26:49.437, 160.28, 100, 7523
2026/09/16 11:26:50.437, 160.02, 100, 7523
2026/09/16 11:26:51.437, 159.75, 99, 7523
2026/09/16 11:26:52.438, 160.85, 100, 7523
2026/09/16 11:26:53.438, 160.38, 100, 7523
2026/09/16 11:26:54.438, 159.37, 98, 7523
2026/09/16 11:26:55.438, 160.89, 100, 7523
2026/09/16 11:26:56.438, 159.80, 100, 7523
2026/09/16 11:26:57.439, 159.46, 98, 7523
2026/09/16 11:26:58.439, 160.41, 100, 7523
2026/09/16 11:26:59.439, 160.22, 100, 7523
2026/09/16 11:27:00.439, 159.58, 98, 7523
2026/09/16 11:27:01.439, 160.86, 100, 7523
2026/09/16 11:27:02.439, 160.30, 100, 7523
2026/09/16 11:27:03.440, 160.30, 99, 7523
2026/09/16 11:27:04.440, 161.29, 100, 7523
2026/09/16 11:27:05.440, 160.16, 100, 7523
2026/09/16 11:27:06.440, 159.90, 98, 7523
2026/09/16 11:27:07.440, 160.84, 100, 7523
2026/09/16 11:27:08.441, 160.24, 100, 7523
2026/09/16 11:27:09.441, 160.07, 100, 7523
2026/09/16 11:27:10.441, 161.12, 100, 7523
2026/09/16 11:27:11.441, 160.24, 100, 7523
2026/09/16 11:27:12.441, 159.91, 100, 7523
2026/09/16 11:27:13.442, 161.45, 100, 7523
2026/09/16 11:27:14.442, 160.01, 100, 7523
2026/09/16 11:27:15.442, 160.22, 100, 7523
2026/09/16 11:27:16.442, 161.02, 100, 7523
2026/09/16 11:27:17.443, 160.38, 100, 7523
2026/09/16 11:27:18.443, 160.26, 100, 7523
2026/09/16 11:27:19.443, 160.85, 100, 7523
2026/09/16 11:27:20.443, 159.95, 100, 7523
2026/09/16 11:27:21.443, 160.00, 100, 7523
2026/09/16 11:27:22.443, 160.77, 100, 7523
2026/09/16 11:27:23.444, 159.72, 100, 7523
2026/09/16 11:27:24.444, 160.06, 100, 7523
2026/09/16 11:27:25.444, 160.74, 100, 7523
2026/09/16 11:27:26.444, 160.13, 100, 7523
2026/09/16 11:27:27.444, 159.67, 100, 7523
2026/09/16 11:27:28.445, 160.94, 100, 7523
2026/09/16 11:27:29.445, 160.12, 100, 7523
2026/09/16 11:27:30.445, 160.64, 100, 7523
2026/09/16 11:27:31.445, 161.14, 100, 7523
2026/09/16 11:27:32.445, 159.19, 100, 7523
2026/09/16 11:27:33.446, 160.61, 100, 7523
2026/09/16 11:27:34.446, 160.73, 100, 7523
2026/09/16 11:27:35.446, 160.01, 99, 7523
2026/09/16 11:27:36.446, 160.33, 100, 7523
2026/09/16 11:27:37.446, 160.99, 100, 7523
2026/09/16 11:27:38.447, 159.73, 99, 7523
2026/09/16 11:27:39.447, 160.37, 100, 7523
2026/09/16 11:27:40.447, 160.40, 100, 7523
2026/09/16 11:27:41.447, 159.28, 98, 7523
2026/09/16 11:27:42.447, 160.16, 100, 7523
2026/09/16 11:27:43.448, 160.45, 100, 7523
2026/09/16 11:27:44.448, 159.88, 99, 7523
2026/09/16 11:27:45.448, 160.54, 100, 7523
2026/09/16 11:27:46.448, 160.51, 100, 7523
2026/09/16 11:27:47.448, 159.41, 98, 7523
2026/09/16 11:27:48.449, 160.22, 100, 7523
2026/09/16 11:27:49.449, 160.87, 100, 7523
2026/09/16 11:27:50.449, 159.63, 99, 7523
2026/09/16 11:27:51.449, 160.76, 100, 7523
2026/09/16 11:27:52.449, 160.84, 100, 7523
2026/09/16 11:27:53.449, 159.63, 98, 7523
2026/09/16 11:27:54.450, 160.73, 100, 7523
2026/09/16 11:27:55.450, 160.99, 100, 7523
2026/09/16 11:27:56.450, 159.62, 99, 7523
2026/09/16 11:27:57.450, 160.72, 100, 7523
2026/09/16 11:27:58.450, 160.18, 100, 7523
2026/09/16 11:27:59.451, 159.54, 98, 7523
2026/09/16 11:28:00.451, 160.50, 100, 7523
2026/09/16 11:28:01.451, 160.88, 100, 7523
2026/09/16 11:28:02.451, 159.85, 99, 7523
2026/09/16 11:28:03.452, 160.89, 100, 7523
2026/09/16 11:28:04.452, 160.23, 100, 7523
2026/09/16 11:28:05.452, 159.68, 98, 7523
2026/09/16 11:28:06.452, 160.57, 100, 7523
2026/09/16 11:28:07.452, 160.70, 100, 7523
2026/09/16 11:28:08.453, 160.09, 99, 7523
2026/09/16 11:28:09.453, 160.83, 100, 7523
2026/09/16 11:28:10.453, 160.41, 100, 7523
2026/09/16 11:28:11.453, 159.77, 98, 7523
2026/09/16 11:28:12.453, 160.52, 100, 7523
2026/09/16 11:28:13.453, 160.41, 100, 7523
2026/09/16 11:28:14.454, 159.90, 99, 7523
2026/09/16 11:28:15.454, 160.94, 100, 7523
2026/09/16 11:28:16.454, 160.46, 100, 7523
2026/09/16 11:28:17.454, 159.66, 98, 7523
2026/09/16 11:28:18.454, 160.74, 100, 7523
2026/09/16 11:28:19.455, 160.26, 100, 7523
2026/09/16 11:28:20.455, 159.93, 99, 7523
2026/09/16 11:28:21.455, 161.06, 100, 7523
2026/09/16 11:28:22.455, 160.07, 100, 7523
2026/09/16 11:28:23.455, 159.98, 99, 7523
2026/09/16 11:28:24.455, 160.89, 100, 7523
2026/09/16 11:28:25.456, 159.99, 100, 7523
2026/09/16 11:28:26.456, 160.09, 100, 7523
2026/09/16 11:28:27.456, 160.97, 100, 7523
2026/09/16 11:28:28.456, 160.25, 100, 7523
2026/09/16 11:28:29.456, 160.28, 100, 7523
2026/09/16 11:28:30.457, 161.40, 100, 7523
2026/09/16 11:28:31.457, 160.11, 100, 7523
2026/09/16 11:28:32.457, 161.14, 100, 7523
2026/09/16 11:28:33.457, 163.30, 99, 7523
2026/09/16 11:28:34.457, 160.34, 100, 7523
2026/09/16 11:28:35.458, 160.12, 100, 7523
2026/09/16 11:28:36.458, 160.26, 100, 7523
2026/09/16 11:28:37.458, 162.70, 99, 7523
2026/09/16 11:28:38.458, 163.38, 100, 7523
2026/09/16 11:28:39.458, 160.23, 100, 7523
2026/09/16 11:28:40.458, 159.98, 100, 7523
2026/09/16 11:28:41.459, 159.95, 99, 7523
2026/09/16 11:28:42.459, 162.13, 100, 7523
2026/09/16 11:28:43.459, 163.62, 99, 7523
2026/09/16 11:28:44.459, 161.01, 99, 7523
2026/09/16 11:28:45.459, 159.87, 99, 7523
2026/09/16 11:28:46.460, 160.11, 100, 7523
2026/09/16 11:28:47.460, 161.80, 99, 7523
2026/09/16 11:28:48.460, 163.58, 100, 7523
2026/09/16 11:28:49.460, 161.57, 100, 7523
2026/09/16 11:28:50.460, 160.18, 100, 7523
2026/09/16 11:28:51.460, 160.05, 100, 7523
2026/09/16 11:28:52.461, 161.68, 100, 7523
2026/09/16 11:28:53.461, 163.49, 99, 7523
2026/09/16 11:28:54.461, 161.84, 100, 7523
2026/09/16 11:28:55.461, 160.01, 100, 7523
2026/09/16 11:28:56.461, 159.92, 99, 7523
2026/09/16 11:28:57.461, 160.93, 99, 7523
2026/09/16 11:28:58.462, 163.76, 100, 7523
2026/09/16 11:28:59.462, 161.85, 99, 7523
2026/09/16 11:29:00.462, 160.24, 100, 7523
2026/09/16 11:29:01.462, 159.88, 100, 7523
2026/09/16 11:29:02.462, 160.78, 100, 7523
2026/09/16 11:29:03.462, 163.76, 100, 7523
2026/09/16 11:29:04.463, 162.70, 100, 7523
2026/09/16 11:29:05.463, 159.80, 100, 7523
2026/09/16 11:29:06.463, 159.78, 100, 7523
2026/09/16 11:29:07.463, 160.20, 98, 7523
2026/09/16 11:29:08.463, 163.38, 100, 7523
2026/09/16 11:29:09.464, 162.79, 100, 7523
2026/09/16 11:29:10.464, 160.01, 99, 7523
2026/09/16 11:29:11.464, 159.78, 99, 7523
2026/09/16 11:29:12.464, 160.10, 100, 7523
2026/09/16 11:29:13.464, 163.13, 100, 7523
2026/09/16 11:29:14.465, 163.50, 99, 7523
2026/09/16 11:29:15.465, 159.77, 100, 7523
2026/09/16 11:29:16.465, 159.94, 100, 7523
2026/09/16 11:29:17.465, 159.82, 100, 7523
2026/09/16 11:29:18.465, 162.44, 100, 7523
2026/09/16 11:29:19.465, 163.56, 100, 7523
2026/09/16 11:29:20.466, 160.79, 100, 7523
2026/09/16 11:29:21.466, 160.26, 100, 7523
2026/09/16 11:29:22.466, 160.20, 99, 7523
2026/09/16 11:29:23.466, 162.20, 100, 7523
2026/09/16 11:29:24.466, 163.53, 99, 7523
2026/09/16 11:29:25.467, 160.70, 98, 7523
2026/09/16 11:29:26.467, 159.84, 100, 7523
2026/09/16 11:29:27.467, 159.80, 100, 7523
2026/09/16 11:29:28.467, 161.64, 99, 7523
2026/09/16 11:29:29.467, 163.53, 100, 7523
2026/09/16 11:29:30.468, 160.43, 100, 7523
2026/09/16 11:29:31.468, 158.96, 100, 7523
2026/09/16 11:29:32.468, 158.84, 100, 7523
2026/09/16 11:29:33.468, 160.60, 100, 7523
2026/09/16 11:29:34.468, 163.42, 99, 7523
2026/09/16 11:29:35.469, 161.33, 100, 7523
2026/09/16 11:29:36.469, 158.84, 99, 7523
2026/09/16 11:29:37.469, 160.28, 100, 7523
2026/09/16 11:29:38.469, 160.76, 99, 7523
2026/09/16 11:29:39.469, 163.58, 100, 7523
2026/09/16 11:29:40.470, 161.68, 99, 7523
2026/09/16 11:29:41.478, 159.33, 100, 7523
2026/09/16 11:29:42.479, 159.56, 100, 7523
2026/09/16 11:29:43.479, 160.59, 100, 7523
2026/09/16 11:29:44.479, 163.36, 99, 7523
2026/09/16 11:29:45.479, 162.97, 100, 7523
2026/09/16 11:29:46.479, 159.76, 100, 7523
2026/09/16 11:29:47.480, 159.84, 99, 7523
2026/09/16 11:29:48.480, 159.76, 98, 7523
2026/09/16 11:29:49.480, 163.85, 100, 7523
2026/09/16 11:29:50.480, 163.33, 100, 7523
2026/09/16 11:29:51.480, 160.07, 99, 7523
2026/09/16 11:29:52.481, 159.74, 100, 7523
2026/09/16 11:29:53.481, 159.90, 100, 7523
2026/09/16 11:29:54.481, 163.12, 99, 7523
2026/09/16 11:29:55.481, 163.33, 100, 7523
2026/09/16 11:29:56.481, 160.01, 100, 7523
2026/09/16 11:29:57.482, 160.03, 100, 7523
2026/09/16 11:29:58.482, 160.10, 100, 7523
2026/09/16 11:29:59.482, 163.01, 100, 7523
2026/09/16 11:30:00.482, 163.73, 100, 7523
2026/09/16 11:30:01.482, 160.71, 100, 7523
2026/09/16 11:30:02.483, 160.04, 99, 7523
2026/09/16 11:30:03.483, 160.33, 100, 7523
2026/09/16 11:30:04.483, 162.68, 99, 7523
2026/09/16 11:30:05.483, 163.66, 100, 7523
2026/09/16 11:30:06.483, 160.95, 100, 7523
2026/09/16 11:30:07.483, 160.00, 100, 7523
2026/09/16 11:30:08.484, 159.99, 100, 7523
2026/09/16 11:30:09.484, 162.01, 100, 7523
2026/09/16 11:30:10.484, 163.69, 100, 7523
2026/09/16 11:30:11.484, 161.42, 100, 7523
2026/09/16 11:30:12.484, 159.94, 100, 7523
2026/09/16 11:30:13.485, 160.11, 99, 7523
2026/09/16 11:30:14.485, 161.70, 99, 7523
2026/09/16 11:30:15.485, 163.69, 99, 7523
2026/09/16 11:30:16.485, 161.72, 100, 7523
2026/09/16 11:30:17.485, 159.99, 100, 7523
2026/09/16 11:30:18.486, 160.01, 99, 7523
2026/09/16 11:30:19.486, 161.15, 99, 7523
2026/09/16 11:30:20.486, 164.00, 100, 7523
2026/09/16 11:30:21.486, 162.43, 99, 7523
2026/09/16 11:30:22.486, 159.98, 100, 7523
2026/09/16 11:30:23.487, 160.01, 100, 7523
2026/09/16 11:30:24.487, 136.69, 29, 7523
2026/09/16 11:30:25.487, 28.22, 0, 7523
2026/09/16 11:30:26.487, 25.42, 0, 7523
2026/09/16 11:30:27.487, 21.20, 0, 41
